date,slot_id,load_actual_kw,interval_end,interval_start,load_raw_time_label,load_source_row,load_source_column,pv_actual_kw,pv_raw_time_label,pv_source_row,pv_source_column,actual_price_yuan_per_kwh,price_raw_time_label,price_source_row,price_source_column,fixed_price_yuan_per_kwh,load_actual_kwh,pv_actual_kwh,net_load_actual_kw,net_load_actual_kwh,available_time,issue_time,forecast_history_end,dispatch_time,decision_input_cutoff,price_yuan_per_kwh,load_forecast_kwh,pv_forecast_kwh,grid_plan_kwh,selected_index,selected_candidate,risk_delta_kwh,charge_actual_kwh,discharge_actual_kwh,emergency_kwh,surplus_kwh,unused_grid_kwh,pv_curtailment_kwh,energy_start_actual_kwh,energy_end_actual_kwh,forecast_emergency_kwh,forecast_charge_kwh,forecast_discharge_kwh,forecast_energy_start_kwh,forecast_energy_end_kwh,forecast_surplus_kwh,planned_cost_yuan,emergency_cost_yuan,total_cost_yuan
2025-01-15,1,3620.6386,2025-01-15T00:10:00,2025-01-15T00:00:00,00:10:00,16,B,0.0,00:10:00,16,B,0.4662,00:10:00,16,B,0.4248,603.4397666666667,0.0,3620.6386,603.4397666666667,2025-01-15T00:10:00,2025-01-15 00:00:00,2025-01-15 00:00:00,2025-01-15T00:10:00,2025-01-15T00:10:00,0.4248,630.0752870030816,0.0,874.2875346792719,1,profile_incumbent,26.338168883891864,270.8477680126051,0.0,0.0,0.0,0.0,0.0,6000.0,6243.762991211344,0.0,244.21224767619026,0.0,6000.0,6219.791022908571,0.0,371.3973447317547,0.0,371.3973447317547
2025-01-15,2,3708.3377,2025-01-15T00:20:00,2025-01-15T00:10:00,00:20:00,16,C,0.0,00:20:00,16,C,0.4762,00:20:00,16,C,0.4245,618.0562833333333,0.0,3708.3377,618.0562833333333,2025-01-15T00:20:00,2025-01-15 00:00:00,2025-01-15 00:00:00,2025-01-15T00:20:00,2025-01-15T00:20:00,0.4245,647.1065007593129,0.040865291902777656,894.2088730861744,1,profile_incumbent,26.338168883891864,276.1525897528411,0.0,0.0,0.0,0.0,0.0,6243.762991211344,6492.3003219889015,0.0,247.14323761876437,0.0,6219.791022908571,6442.219936765459,0.0,379.591666625081,0.0,379.591666625081
2025-01-15,3,3838.32,2025-01-15T00:30:00,2025-01-15T00:20:00,00:30:00,16,D,0.0,00:30:00,16,D,0.4606,00:30:00,16,D,0.4269,639.72,0.0,3838.32,639.72,2025-01-15T00:30:00,2025-01-15 00:00:00,2025-01-15 00:00:00,2025-01-15T00:30:00,2025-01-15T00:30:00,0.4269,622.8566449032713,0.41045542219734843,846.141507559391,1,profile_incumbent,26.338168883891864,206.421507559391,0.0,0.0,0.0,0.0,0.0,6492.3003219889015,6678.079678792354,0.0,223.6953180783171,0.0,6442.219936765459,6643.545723035944,0.0,361.21780957710405,0.0,361.21780957710405
2025-01-15,4,3697.5425,2025-01-15T00:40:00,2025-01-15T00:30:00,00:40:00,16,E,0.0,00:40:00,16,E,0.4507,00:40:00,16,E,0.4272,616.2570833333333,0.0,3697.5425,616.2570833333333,2025-01-15T00:40:00,2025-01-15 00:00:00,2025-01-15 00:00:00,2025-01-15T00:40:00,2025-01-15T00:40:00,0.4272,569.7139183371559,0.984059359146559,789.4941871138178,1,profile_incumbent,26.338168883891864,173.23710378048452,0.0,0.0,0.0,0.0,0.0,6678.079678792354,6833.993072194789,0.0,220.76432813580857,0.0,6643.545723035944,6842.233618358172,0.0,337.271916735023,0.0,337.271916735023
2025-01-15,5,3616.2551,2025-01-15T00:50:00,2025-01-15T00:40:00,00:50:00,16,F,0.0,00:50:00,16,F,0.4401,00:50:00,16,F,0.4271,602.7091833333333,0.0,3616.2551,602.7091833333333,2025-01-15T00:50:00,2025-01-15 00:00:00,2025-01-15 00:00:00,2025-01-15T00:50:00,2025-01-15T00:50:00,0.4271,570.8342660767677,1.7290185455478815,790.8465723145949,1,profile_incumbent,26.338168883891864,188.13738898126167,0.0,0.0,0.0,0.0,0.0,6833.993072194789,7003.316722277925,0.0,221.74132478337515,0.0,6842.233618358172,7041.80081066321,0.0,337.7705710355635,0.0,337.7705710355635
2025-01-15,6,3730.26,2025-01-15T01:00:00,2025-01-15T00:50:00,01:00:00,16,G,0.0,01:00:00,16,G,0.4398,01:00:00,16,G,0.4285,621.71,0.0,3730.26,621.71,2025-01-15T01:00:00,2025-01-15 00:00:00,2025-01-15 00:00:00,2025-01-15T01:00:00,2025-01-15T01:00:00,0.4285,618.2787886482676,2.604893897504132,772.4240943967261,1,profile_incumbent,26.338168883891864,150.71409439672607,0.0,0.0,0.0,0.0,0.0,7003.316722277925,7138.959407234978,0.0,156.75019964596265,0.0,7041.80081066321,7182.875990344576,0.0,330.9837244489971,0.0,330.9837244489971
2025-01-15,7,3846.9076,2025-01-15T01:10:00,2025-01-15T01:00:00,01:10:00,16,H,0.0,01:10:00,16,H,0.4682,01:10:00,16,H,0.4311,641.1512666666666,0.0,3846.9076,641.1512666666666,2025-01-15T01:10:00,2025-01-15 00:00:00,2025-01-15 00:00:00,2025-01-15T01:10:00,2025-01-15T01:10:00,0.4311,622.4263619024687,3.564662058493034,751.3379983833637,1,profile_incumbent,40.43412651353932,110.18673171669707,0.0,0.0,0.0,0.0,0.0,7138.959407234978,7238.127465780006,0.0,132.47629853938804,0.0,7182.875990344576,7302.104659030026,0.0,323.9018111030681,0.0,323.9018111030681
2025-01-15,8,3898.524,2025-01-15T01:20:00,2025-01-15T01:10:00,01:20:00,16,I,0.0,01:20:00,16,I,0.4659,01:20:00,16,I,0.4302,649.754,0.0,3898.524,649.754,2025-01-15T01:20:00,2025-01-15 00:00:00,2025-01-15 00:00:00,2025-01-15T01:20:00,2025-01-15T01:20:00,0.4302,601.1626183292444,4.556129421635546,756.0891664328595,1,profile_incumbent,40.43412651353932,106.33516643285952,0.0,0.0,0.0,0.0,0.0,7238.127465780006,7333.82911556958,0.0,159.48267752525066,0.0,7302.104659030026,7445.639068802751,0.0,325.2695593994162,0.0,325.2695593994162
2025-01-15,9,3875.21,2025-01-15T01:30:00,2025-01-15T01:20:00,01:30:00,16,J,0.0,01:30:00,16,J,0.4332,01:30:00,16,J,0.4279,645.8683333333333,0.0,3875.21,645.8683333333333,2025-01-15T01:30:00,2025-01-15 00:00:00,2025-01-15 00:00:00,2025-01-15T01:30:00,2025-01-15T01:30:00,0.4279,604.0383747809832,5.523534239114844,782.9945040629386,1,profile_incumbent,40.43412651353932,137.1261707296053,0.0,0.0,0.0,0.0,0.0,7333.82911556958,7457.242669226224,0.0,184.47966352107028,0.0,7445.639068802751,7611.670765971715,0.0,335.04334828853143,0.0,335.04334828853143
2025-01-15,10,3815.078,2025-01-15T01:40:00,2025-01-15T01:30:00,01:40:00,16,K,0.0,01:40:00,16,K,0.4363,01:40:00,16,K,0.4312,635.8463333333333,0.0,3815.078,635.8463333333333,2025-01-15T01:40:00,2025-01-15 00:00:00,2025-01-15 00:00:00,2025-01-15T01:40:00,2025-01-15T01:40:00,0.4312,652.9862389252431,6.409303034574347,785.7040352077391,1,profile_incumbent,40.43412651353932,149.85770187440585,0.0,0.0,0.0,0.0,0.0,7457.242669226224,7592.11460091319,0.0,139.12709931707036,0.0,7611.670765971715,7736.8851553570785,0.0,338.79557998157713,0.0,338.79557998157713
2025-01-15,11,3850.0953,2025-01-15T01:50:00,2025-01-15T01:40:00,01:50:00,16,L,0.0,01:50:00,16,L,0.4842,01:50:00,16,L,0.4333,641.68255,0.0,3850.0953,641.68255,2025-01-15T01:50:00,2025-01-15 00:00:00,2025-01-15 00:00:00,2025-01-15T01:50:00,2025-01-15T01:50:00,0.4333,651.6859621541051,7.155924059093872,776.0087051795948,1,profile_incumbent,40.43412651353932,134.32615517959482,0.0,0.0,0.0,0.0,0.0,7592.11460091319,7713.008140574825,0.0,131.47866708458355,0.0,7736.8851553570785,7855.215955733203,0.0,336.2445719543185,0.0,336.2445719543185
2025-01-15,12,3956.44,2025-01-15T02:00:00,2025-01-15T01:50:00,02:00:00,16,M,0.0,02:00:00,16,M,0.5165,02:00:00,16,M,0.4311,659.4066666666666,0.0,3956.44,659.4066666666666,2025-01-15T02:00:00,2025-01-15 00:00:00,2025-01-15 00:00:00,2025-01-15T02:00:00,2025-01-15T02:00:00,0.4311,624.4484190023111,7.7078977500974695,791.363691207574,1,profile_incumbent,40.43412651353932,131.95702454090736,0.0,0.0,0.0,0.0,0.0,7713.008140574825,7831.769462661642,0.0,174.62316995536037,0.0,7855.215955733203,8012.376808693028,0.0,341.15688727958513,0.0,341.15688727958513
2025-01-15,13,3969.5136,2025-01-15T02:10:00,2025-01-15T02:00:00,02:10:00,16,N,0.0,02:10:00,16,N,0.465,02:10:00,16,N,0.4293,661.5856,0.0,3969.5136,661.5856,2025-01-15T02:10:00,2025-01-15 00:00:00,2025-01-15 00:00:00,2025-01-15T02:10:00,2025-01-15T02:10:00,0.4293,681.4600964834445,8.013722119053563,872.7054579002056,1,profile_incumbent,30.97751069366557,211.1198579002056,0.0,0.0,0.0,0.0,0.0,7831.769462661642,8021.777334771828,0.0,199.25908353581463,0.0,8012.376808693028,8191.709983875261,0.0,374.6524530765583,0.0,374.6524530765583
2025-01-15,14,3881.7966,2025-01-15T02:20:00,2025-01-15T02:10:00,02:20:00,16,O,0.0,02:20:00,16,O,0.442,02:20:00,16,O,0.4324,646.9661,0.0,3881.7966,646.9661,2025-01-15T02:20:00,2025-01-15 00:00:00,2025-01-15 00:00:00,2025-01-15T02:20:00,2025-01-15T02:20:00,0.4324,684.3332571459677,8.027869748597816,846.7277943660603,1,profile_incumbent,30.97751069366557,199.76169436606028,0.0,0.0,0.0,0.0,0.0,8021.777334771828,8201.562859701282,0.0,170.42240696869044,0.0,8191.709983875261,8345.090150147082,0.0,366.1250982838845,0.0,366.1250982838845
2025-01-15,15,3821.77,2025-01-15T02:30:00,2025-01-15T02:20:00,02:30:00,16,P,0.0,02:30:00,16,P,0.4677,02:30:00,16,P,0.4367,636.9616666666667,0.0,3821.77,636.9616666666667,2025-01-15T02:30:00,2025-01-15 00:00:00,2025-01-15 00:00:00,2025-01-15T02:30:00,2025-01-15T02:30:00,0.4367,632.4299327794276,7.712712649222018,753.128771255588,1,profile_incumbent,30.97751069366557,116.16710458892135,0.0,0.0,0.0,0.0,0.0,8201.562859701282,8306.11325383131,0.0,128.4115511253824,0.0,8345.090150147082,8460.660546159927,0.0,328.8913344073153,0.0,328.8913344073153
2025-01-15,16,3913.8305,2025-01-15T02:40:00,2025-01-15T02:30:00,02:40:00,16,Q,0.0,02:40:00,16,Q,0.4595,02:40:00,16,Q,0.4348,652.3050833333333,0.0,3913.8305,652.3050833333333,2025-01-15T02:40:00,2025-01-15 00:00:00,2025-01-15 00:00:00,2025-01-15T02:40:00,2025-01-15T02:40:00,0.4348,667.0804190979807,7.040351621911905,807.0145549043033,1,profile_incumbent,30.97751069366557,154.70947157096998,0.0,0.0,0.0,0.0,0.0,8306.11325383131,8445.351778245184,0.0,146.9744874282345,0.0,8460.660546159927,8592.937584845338,0.0,350.8899284723911,0.0,350.8899284723911
2025-01-15,17,3904.4889,2025-01-15T02:50:00,2025-01-15T02:40:00,02:50:00,16,R,0.0,02:50:00,16,R,0.4706,02:50:00,16,R,0.4335,650.74815,0.0,3904.4889,650.74815,2025-01-15T02:50:00,2025-01-15 00:00:00,2025-01-15 00:00:00,2025-01-15T02:50:00,2025-01-15T02:50:00,0.4335,696.1711908705863,5.994307993319011,849.8523267232704,1,profile_incumbent,30.97751069366557,199.10417672327037,0.0,0.0,0.0,0.0,0.0,8445.351778245184,8624.545537296128,0.0,159.67544384600308,0.0,8592.937584845338,8736.64548430674,0.0,368.41098363453773,0.0,368.41098363453773
2025-01-15,18,3843.04,2025-01-15T03:00:00,2025-01-15T02:50:00,03:00:00,16,S,0.0,03:00:00,16,S,0.4948,03:00:00,16,S,0.4357,640.5066666666667,0.0,3843.04,640.5066666666667,2025-01-15T03:00:00,2025-01-15 00:00:00,2025-01-15 00:00:00,2025-01-15T03:00:00,2025-01-15T03:00:00,0.4357,677.5761181193602,4.571037616717261,811.1865981032262,1,profile_incumbent,30.97751069366557,170.6799314365595,0.0,0.0,0.0,0.0,0.0,8624.545537296128,8778.15747558903,0.0,138.18151760058322,0.0,8736.64548430674,8861.008850147266,0.0,353.43400079357565,0.0,353.43400079357565
2025-01-15,19,4037.7965,2025-01-15T03:10:00,2025-01-15T03:00:00,03:10:00,16,T,0.0,03:10:00,16,T,0.4707,03:10:00,16,T,0.4374,672.9660833333334,0.0,4037.7965,672.9660833333334,2025-01-15T03:10:00,2025-01-15 00:00:00,2025-01-15 00:00:00,2025-01-15T03:10:00,2025-01-15T03:10:00,0.4374,669.4333048764702,2.7812298331761354,790.8043289424128,1,profile_incumbent,33.557190000000105,117.83824560907942,0.0,0.0,0.0,0.0,0.0,8778.15747558903,8884.211896637202,0.0,124.1522538991187,0.0,8861.008850147266,8972.745878656473,0.0,345.89781347941135,0.0,345.89781347941135
2025-01-15,20,4247.0307,2025-01-15T03:20:00,2025-01-15T03:10:00,03:20:00,16,U,0.0,03:20:00,16,U,0.4893,03:20:00,16,U,0.4371,707.8384500000001,0.0,4247.0307,707.8384500000001,2025-01-15T03:20:00,2025-01-15 00:00:00,2025-01-15 00:00:00,2025-01-15T03:20:00,2025-01-15T03:20:00,0.4371,687.6619323954565,0.6508576171888999,814.0943186198796,1,profile_incumbent,33.557190000000105,106.2558686198795,0.0,0.0,0.0,0.0,0.0,8884.211896637202,8979.842178395093,0.0,127.08324384161199,0.0,8972.745878656473,9087.120798113923,0.0,355.84062666874934,0.0,355.84062666874934
2025-01-15,21,4248.04,2025-01-15T03:30:00,2025-01-15T03:20:00,03:30:00,16,V,0.0,03:30:00,16,V,0.5374,03:30:00,16,V,0.4356,708.0066666666667,0.0,4248.04,708.0066666666667,2025-01-15T03:30:00,2025-01-15 00:00:00,2025-01-15 00:00:00,2025-01-15T03:30:00,2025-01-15T03:30:00,0.4356,713.1305048997435,0.0,854.8686984541331,1,profile_incumbent,33.557190000000105,146.86203178746644,0.0,0.0,0.0,0.0,0.0,8979.842178395093,9112.018007003813,0.0,141.73819355438957,0.0,9087.120798113923,9214.685172312873,0.0,372.38080504662037,0.0,372.38080504662037
2025-01-15,22,4069.9033,2025-01-15T03:40:00,2025-01-15T03:30:00,03:40:00,16,W,0.0,03:40:00,16,W,0.5061,03:40:00,16,W,0.4353,678.3172166666667,0.0,4069.9033,678.3172166666667,2025-01-15T03:40:00,2025-01-15 00:00:00,2025-01-15 00:00:00,2025-01-15T03:40:00,2025-01-15T03:40:00,0.4353,716.9774424428987,0.0,861.646625939888,1,profile_incumbent,33.557190000000105,183.32940927322136,0.0,0.0,0.0,0.0,0.0,9112.018007003813,9277.014475349712,0.0,144.66918349698938,0.0,9214.685172312873,9344.887437460164,0.0,375.0747762716333,0.0,375.0747762716333
2025-01-15,23,4083.9377,2025-01-15T03:50:00,2025-01-15T03:40:00,03:50:00,16,X,0.0,03:50:00,16,X,0.4709,03:50:00,16,X,0.436,680.6562833333334,0.0,4083.9377,680.6562833333334,2025-01-15T03:50:00,2025-01-15 00:00:00,2025-01-15 00:00:00,2025-01-15T03:50:00,2025-01-15T03:50:00,0.436,723.194959889401,0.0,861.0251668537308,1,profile_incumbent,33.557190000000105,180.3688835203974,0.0,0.0,0.0,0.0,0.0,9277.014475349712,9439.346470518069,0.0,137.8302069643297,0.0,9344.887437460164,9468.93462372806,0.0,375.4069727482266,0.0,375.4069727482266
2025-01-15,24,4262.08,2025-01-15T04:00:00,2025-01-15T03:50:00,04:00:00,16,Y,0.0,04:00:00,16,Y,0.4698,04:00:00,16,Y,0.4378,710.3466666666667,0.0,4262.08,710.3466666666667,2025-01-15T04:00:00,2025-01-15 00:00:00,2025-01-15 00:00:00,2025-01-15T04:00:00,2025-01-15T04:00:00,0.4378,738.5302121648973,0.0,858.7744794739426,1,profile_incumbent,33.557190000000105,148.42781280727593,0.0,0.0,0.0,0.0,0.0,9439.346470518069,9572.931502044617,0.0,120.24426730904531,0.0,9468.93462372806,9577.1544643062,0.0,375.9714671136921,0.0,375.9714671136921
2025-01-15,25,4230.8738,2025-01-15T04:10:00,2025-01-15T04:00:00,04:10:00,16,Z,0.0,04:10:00,16,Z,0.4661,04:10:00,16,Z,0.4401,705.1456333333334,0.0,4230.8738,705.1456333333334,2025-01-15T04:10:00,2025-01-15 00:00:00,2025-01-15 00:00:00,2025-01-15T04:10:00,2025-01-15T04:10:00,0.4401,740.4159956553312,0.0,837.273226738111,1,profile_incumbent,32.64107666666662,132.1275934047776,0.0,0.0,0.0,0.0,0.0,9572.931502044617,9691.846336108918,0.0,96.85723108277978,0.0,9577.1544643062,9664.325972280703,0.0,368.48394708744263,0.0,368.48394708744263
2025-01-15,26,4159.0828,2025-01-15T04:20:00,2025-01-15T04:10:00,04:20:00,16,AA,0.0,04:20:00,16,AA,0.4634,04:20:00,16,AA,0.4389,693.1804666666667,0.0,4159.0828,693.1804666666667,2025-01-15T04:20:00,2025-01-15 00:00:00,2025-01-15 00:00:00,2025-01-15T04:20:00,2025-01-15T04:20:00,0.4389,713.8402557408727,0.0,822.4214465938755,1,profile_incumbent,32.64107666666662,129.24097992720885,0.0,0.0,0.0,0.0,0.0,9691.846336108918,9808.163218043406,0.0,108.5811908530028,0.0,9664.325972280703,9762.049044048406,0.0,360.960772910052,0.0,360.960772910052
2025-01-15,27,4154.0,2025-01-15T04:30:00,2025-01-15T04:20:00,04:30:00,16,AB,0.0,04:30:00,16,AB,0.473,04:30:00,16,AB,0.4364,692.3333333333334,0.0,4154.0,692.3333333333334,2025-01-15T04:30:00,2025-01-15 00:00:00,2025-01-15 00:00:00,2025-01-15T04:30:00,2025-01-15T04:30:00,0.4364,690.5069283622396,0.0,805.1517741149887,1,profile_incumbent,32.64107666666662,112.81844078165534,0.0,0.0,0.0,0.0,0.0,9808.163218043406,9909.699814746897,0.0,114.64484575274912,0.0,9762.049044048406,9865.22940522588,0.0,351.3682342237811,0.0,351.3682342237811
2025-01-15,28,4149.3712,2025-01-15T04:40:00,2025-01-15T04:30:00,04:40:00,16,AC,0.0,04:40:00,16,AC,0.4946,04:40:00,16,AC,0.4393,691.5618666666666,0.0,4149.3712,691.5618666666666,2025-01-15T04:40:00,2025-01-15 00:00:00,2025-01-15 00:00:00,2025-01-15T04:40:00,2025-01-15T04:40:00,0.4393,717.675825852214,0.0,822.3490301151011,1,profile_incumbent,32.64107666666662,130.7871634484345,0.0,0.0,0.0,0.0,0.0,9909.699814746897,10027.408261850487,0.0,104.67320426288711,0.0,9865.22940522588,9959.43528906248,0.0,361.25792892956395,0.0,361.25792892956395
2025-01-15,29,4190.2662,2025-01-15T04:50:00,2025-01-15T04:40:00,04:50:00,16,AD,0.0,04:50:00,16,AD,0.4972,04:50:00,16,AD,0.4422,698.3777,0.0,4190.2662,698.3777,2025-01-15T04:50:00,2025-01-15 00:00:00,2025-01-15 00:00:00,2025-01-15T04:50:00,2025-01-15T04:50:00,0.4422,730.1232385563275,0.0,806.4635400412213,1,profile_incumbent,32.64107666666662,108.08584004122133,0.0,0.0,0.0,0.0,0.0,10027.408261850487,10124.685517887587,0.0,76.34030148489387,0.0,9959.43528906248,10028.141560398884,0.0,356.6181774062281,0.0,356.6181774062281
2025-01-15,30,4264.68,2025-01-15T05:00:00,2025-01-15T04:50:00,05:00:00,16,AE,0.0,05:00:00,16,AE,0.4907,05:00:00,16,AE,0.4395,710.7800000000001,0.0,4264.68,710.7800000000001,2025-01-15T05:00:00,2025-01-15 00:00:00,2025-01-15 00:00:00,2025-01-15T05:00:00,2025-01-15T05:00:00,0.4395,707.9881051432527,0.0,810.7073161110809,1,profile_incumbent,32.64107666666662,99.92731611108081,0.0,0.0,0.0,0.0,0.0,10124.685517887587,10214.62010238756,0.0,102.71921096782819,0.0,10028.141560398884,10120.588850269929,0.0,356.30586543082006,0.0,356.30586543082006
2025-01-15,31,4312.3813,2025-01-15T05:10:00,2025-01-15T05:00:00,05:10:00,16,AF,0.0,05:10:00,16,AF,0.5166,05:10:00,16,AF,0.4333,718.7302166666667,0.0,4312.3813,718.7302166666667,2025-01-15T05:10:00,2025-01-15 00:00:00,2025-01-15 00:00:00,2025-01-15T05:10:00,2025-01-15T05:10:00,0.4333,695.3202050591428,0.0,786.432058913992,1,profile_incumbent,41.59903000000004,67.70184224732532,0.0,0.0,0.0,0.0,0.0,10214.62010238756,10275.551760410153,0.0,91.11185385484919,0.0,10120.588850269929,10202.589518739293,0.0,340.76101112743277,0.0,340.76101112743277
2025-01-15,32,4413.9209,2025-01-15T05:20:00,2025-01-15T05:10:00,05:20:00,16,AG,0.0021,05:20:00,16,AG,0.5489,05:20:00,16,AG,0.4439,735.6534833333334,0.00035,4413.9188,735.6531333333334,2025-01-15T05:20:00,2025-01-15 00:00:00,2025-01-15 00:00:00,2025-01-15T05:20:00,2025-01-15T05:20:00,0.4439,695.7829240667202,0.0,764.4722358771194,1,profile_incumbent,41.59903000000004,28.819102543786016,0.0,0.0,0.0,0.0,0.0,10275.551760410153,10301.488952699561,0.0,68.6893118103992,0.0,10202.589518739293,10264.409899368651,0.0,339.3492255058533,0.0,339.3492255058533
2025-01-15,33,4348.62,2025-01-15T05:30:00,2025-01-15T05:20:00,05:30:00,16,AH,0.0,05:30:00,16,AH,0.5112,05:30:00,16,AH,0.4301,724.77,0.0,4348.62,724.77,2025-01-15T05:30:00,2025-01-15 00:00:00,2025-01-15 00:00:00,2025-01-15T05:30:00,2025-01-15T05:30:00,0.4301,698.9458835278274,0.0,832.5531919132729,1,profile_incumbent,41.59903000000004,107.78319191327296,0.0,0.0,0.0,0.0,0.0,10301.488952699561,10398.493825421507,0.0,133.60730838544555,0.0,10264.409899368651,10384.656476915552,0.0,358.08112784189865,0.0,358.08112784189865
2025-01-15,34,3943.2555,2025-01-15T05:40:00,2025-01-15T05:30:00,05:40:00,16,AI,0.0,05:40:00,16,AI,0.4052,05:40:00,16,AI,0.3713,657.20925,0.0,3943.2555,657.20925,2025-01-15T05:40:00,2025-01-15 00:00:00,2025-01-15 00:00:00,2025-01-15T05:40:00,2025-01-15T05:40:00,0.3713,711.7679290967397,0.0,1493.934244311389,1,profile_incumbent,41.59903000000004,446.1179717538814,0.0,0.0,390.60702255750755,390.60702255750755,0.0,10398.493825421507,10800.0,0.0,461.4928034271644,0.0,10384.656476915552,10800.0,320.6735117874848,554.6977849128187,0.0,554.6977849128187
2025-01-15,35,4474.4327,2025-01-15T05:50:00,2025-01-15T05:40:00,05:50:00,16,AJ,0.0289,05:50:00,16,AJ,0.6452,05:50:00,16,AJ,0.5708,745.7387833333333,0.004816666666666666,4474.4038,745.7339666666667,2025-01-15T05:50:00,2025-01-15 00:00:00,2025-01-15 00:00:00,2025-01-15T05:50:00,2025-01-15T05:50:00,0.5708,815.9502052808413,0.0,839.0677350611779,1,profile_incumbent,41.59903000000004,0.0,0.0,0.0,93.33376839451125,93.33376839451125,0.0,10800.0,10800.0,0.0,0.0,0.0,10800.0,10800.0,23.117529780336667,478.93986317292035,0.0,478.93986317292035
2025-01-15,36,5548.3,2025-01-15T06:00:00,2025-01-15T05:50:00,06:00:00,16,AK,0.0,06:00:00,16,AK,1.0768,06:00:00,16,AK,0.9099,924.7166666666667,0.0,5548.3,924.7166666666667,2025-01-15T06:00:00,2025-01-15 00:00:00,2025-01-15 00:00:00,2025-01-15T06:00:00,2025-01-15T06:00:00,0.9099,940.1078441156117,0.14429966645707276,635.8695280612329,1,profile_incumbent,41.59903000000004,0.0,288.84713860543377,0.0,0.0,0.0,0.0,10800.0,10479.058734882852,0.0,0.0,304.09401638792167,10800.0,10462.117759568975,0.0,578.5776835829158,0.0,578.5776835829158
2025-01-15,37,5455.8935,2025-01-15T06:10:00,2025-01-15T06:00:00,06:10:00,16,AL,0.0,06:10:00,16,AL,1.1017,06:10:00,16,AL,0.9368,909.3155833333334,0.0,5455.8935,909.3155833333334,2025-01-15T06:10:00,2025-01-15 00:00:00,2025-01-15 00:00:00,2025-01-15T06:10:00,2025-01-15T06:10:00,0.9368,920.8207773779607,9.759863964962982,147.1908457371074,1,profile_incumbent,74.19346032414695,0.0,762.1247375962259,0.0,0.0,0.0,0.0,10479.058734882852,9632.253470887046,0.0,0.0,763.8700676758903,10462.117759568975,9613.373239929097,0.0,137.8883842865222,0.0,137.8883842865222
2025-01-15,38,5313.3578,2025-01-15T06:20:00,2025-01-15T06:10:00,06:20:00,16,AM,0.402,06:20:00,16,AM,1.0206,06:20:00,16,AM,0.8758,885.5596333333333,0.067,5312.9558,885.4926333333333,2025-01-15T06:20:00,2025-01-15 00:00:00,2025-01-15 00:00:00,2025-01-15T06:20:00,2025-01-15T06:20:00,0.8758,905.6541280452036,21.45891322651788,886.1572223775065,1,profile_incumbent,74.19346032414695,0.6645890441732263,0.0,0.0,0.0,0.0,0.0,9632.253470887046,9632.851601026801,0.0,1.962007558820801,0.0,9613.373239929097,9615.139046732036,0.0,776.0964953582202,0.0,776.0964953582202
2025-01-15,39,5579.36,2025-01-15T06:30:00,2025-01-15T06:20:00,06:30:00,16,AN,0.0,06:30:00,16,AN,1.0344,06:30:00,16,AN,0.8759,929.8933333333333,0.0,5579.36,929.8933333333333,2025-01-15T06:30:00,2025-01-15 00:00:00,2025-01-15 00:00:00,2025-01-15T06:30:00,2025-01-15T06:30:00,0.8759,937.5261437216043,35.357638108173525,922.6922407996623,1,profile_incumbent,74.19346032414695,0.0,7.201092533671044,0.0,0.0,0.0,0.0,9632.851601026801,9624.8503871005,0.0,20.523735186231534,0.0,9615.139046732036,9633.610408399645,0.0,808.1861337164243,0.0,808.1861337164243
2025-01-15,40,5541.4861,2025-01-15T06:40:00,2025-01-15T06:30:00,06:40:00,16,AO,0.0,06:40:00,16,AO,1.0339,06:40:00,16,AO,0.8601,923.5810166666666,0.0,5541.4861,923.5810166666666,2025-01-15T06:40:00,2025-01-15 00:00:00,2025-01-15 00:00:00,2025-01-15T06:40:00,2025-01-15T06:40:00,0.8601,916.6445596399079,51.551789143651206,876.7671443723917,1,profile_incumbent,74.19346032414695,0.0,46.813872294274915,0.0,0.0,0.0,0.0,9624.8503871005,9572.834973440195,0.0,11.674373876135064,0.0,9633.610408399645,9644.117344888167,0.0,754.1074208746941,0.0,754.1074208746941
2025-01-15,41,5343.0804,2025-01-15T06:50:00,2025-01-15T06:40:00,06:50:00,16,AP,8.9263,06:50:00,16,AP,0.9985,06:50:00,16,AP,0.8442,890.5133999999999,1.4877166666666666,5334.1541,889.0256833333333,2025-01-15T06:50:00,2025-01-15 00:00:00,2025-01-15 00:00:00,2025-01-15T06:50:00,2025-01-15T06:50:00,0.8442,905.4616391980263,70.11413731560229,869.8907934425768,1,profile_incumbent,74.19346032414695,0.0,19.13488989075654,0.0,0.0,0.0,0.0,9572.834973440195,9551.573984672686,0.0,34.54329156015274,0.0,9644.117344888167,9675.206307292305,0.0,734.3618078242232,0.0,734.3618078242232
2025-01-15,42,5255.31,2025-01-15T07:00:00,2025-01-15T06:50:00,07:00:00,16,AQ,89.85,07:00:00,16,AQ,0.9725,07:00:00,16,AQ,0.8334,875.8850000000001,14.975,5165.46,860.9100000000001,2025-01-15T07:00:00,2025-01-15 00:00:00,2025-01-15 00:00:00,2025-01-15T07:00:00,2025-01-15T07:00:00,0.8334,917.1506814696099,91.092194566693,914.7743983418869,1,profile_incumbent,74.19346032414695,53.86439834188684,0.0,0.0,0.0,0.0,0.0,9551.573984672686,9600.051943180384,0.0,88.71591143897001,0.0,9675.206307292305,9755.050627587378,0.0,762.3729835781286,0.0,762.3729835781286
2025-01-15,43,5374.4514,2025-01-15T07:10:00,2025-01-15T07:00:00,07:10:00,16,AR,300.2529,07:10:00,16,AR,1.009,07:10:00,16,AR,0.8092,895.7419,50.04215,5074.1984999999995,845.69975,2025-01-15T07:10:00,2025-01-15 00:00:00,2025-01-15 00:00:00,2025-01-15T07:10:00,2025-01-15T07:10:00,0.8092,901.2790309607441,114.50623800464439,878.6427056883715,1,profile_incumbent,69.77889730222984,32.94295568837151,0.0,0.0,0.0,0.0,0.0,9600.051943180384,9629.700603299918,0.0,91.86991273227181,0.0,9755.050627587378,9837.733549046423,0.0,710.9976774430303,0.0,710.9976774430303
2025-01-15,44,5501.492,2025-01-15T07:20:00,2025-01-15T07:10:00,07:20:00,16,AS,566.5748,07:20:00,16,AS,1.0412,07:20:00,16,AS,0.7972,916.9153333333334,94.42913333333333,4934.9172,822.4862,2025-01-15T07:20:00,2025-01-15 00:00:00,2025-01-15 00:00:00,2025-01-15T07:20:00,2025-01-15T07:20:00,0.7972,915.7047870052542,140.34767736265312,965.1484338318085,1,profile_incumbent,69.77889730222984,142.6622338318084,0.0,0.0,0.0,0.0,0.0,9629.700603299918,9758.096613748545,0.0,189.79132418920733,0.0,9837.733549046423,10008.54574081671,0.0,769.4163314507177,0.0,769.4163314507177
2025-01-15,45,5339.18,2025-01-15T07:30:00,2025-01-15T07:20:00,07:30:00,16,AT,839.325,07:30:00,16,AT,0.9848,07:30:00,16,AT,0.7644,889.8633333333333,139.88750000000002,4499.8550000000005,749.9758333333333,2025-01-15T07:30:00,2025-01-15 00:00:00,2025-01-15 00:00:00,2025-01-15T07:30:00,2025-01-15T07:30:00,0.7644,938.4007662234106,168.57780036804996,1084.7862211772526,1,profile_incumbent,69.77889730222984,334.81038784391933,0.0,0.0,0.0,0.0,0.0,9758.096613748545,10059.425962808073,0.0,314.963255321892,0.0,10008.54574081671,10292.012670606413,0.0,829.2105874678919,0.0,829.2105874678919
2025-01-15,46,4945.959,2025-01-15T07:40:00,2025-01-15T07:30:00,07:40:00,16,AU,1119.9527,07:40:00,16,AU,0.8673,07:40:00,16,AU,0.6899,824.3265,186.65878333333333,3826.0063,637.6677166666667,2025-01-15T07:40:00,2025-01-15 00:00:00,2025-01-15 00:00:00,2025-01-15T07:40:00,2025-01-15T07:40:00,0.6899,906.379980239976,199.12692512517503,1470.564877811086,1,profile_incumbent,69.77889730222984,822.8600413243637,0.0,0.0,10.037119820055636,10.037119820055636,0.0,10059.425962808073,10800.0,0.0,564.4303659928745,0.0,10292.012670606413,10800.0,198.88145670341044,1014.5427092018682,0.0,1014.5427092018682
2025-01-15,47,5800.8471,2025-01-15T07:50:00,2025-01-15T07:40:00,07:50:00,16,AV,1384.5009,07:50:00,16,AV,1.0848,07:50:00,16,AV,0.86,966.80785,230.75015,4416.3462,736.0577000000001,2025-01-15T07:50:00,2025-01-15 00:00:00,2025-01-15 00:00:00,2025-01-15T07:50:00,2025-01-15T07:50:00,0.86,1011.246349035918,231.8939825211499,726.6728634856171,1,profile_incumbent,69.77889730222984,0.0,9.384836514382982,0.0,0.0,0.0,0.0,10800.0,10789.572403872908,0.0,0.0,52.679503029150965,10800.0,10741.467218856498,0.0,624.9386625976307,0.0,624.9386625976307
2025-01-15,48,7364.76,2025-01-15T08:00:00,2025-01-15T07:50:00,08:00:00,16,AW,1647.675,08:00:00,16,AW,1.4868,08:00:00,16,AW,1.1617,1227.46,274.6125,5717.085,952.8475000000001,2025-01-15T08:00:00,2025-01-15 00:00:00,2025-01-15 00:00:00,2025-01-15T08:00:00,2025-01-15T08:00:00,1.1617,1203.6769838259827,266.7465451131131,116.19188737604499,1,profile_incumbent,69.77889730222984,0.0,833.3333333333334,3.3222792906216227,0.0,0.0,0.0,10789.572403872908,9863.646477946982,0.0,0.0,820.7385513368247,10741.467218856498,9829.535495148915,0.0,134.98011556475146,19.297459259575696,154.27757482432716
2025-01-15,49,7507.7254,2025-01-15T08:10:00,2025-01-15T08:00:00,08:10:00,16,AX,1962.7542,08:10:00,16,AX,1.4973,08:10:00,16,AX,1.1683,1251.2875666666666,327.1257,5544.9712,924.1618666666666,2025-01-15T08:10:00,2025-01-15 00:00:00,2025-01-15 00:00:00,2025-01-15T08:10:00,2025-01-15T08:10:00,1.1683,1225.7629381966722,303.52131205844177,116.37214979711199,1,profile_incumbent,-2.9777253970600577,0.0,807.7897168695547,0.0,0.0,0.0,0.0,9863.646477946982,8966.102348091921,0.0,0.0,805.8694763411183,9829.535495148915,8934.124965881007,0.0,135.95758260796592,0.0,135.95758260796592
2025-01-15,50,7186.718,2025-01-15T08:20:00,2025-01-15T08:10:00,08:20:00,16,AY,2349.0724,08:20:00,16,AY,1.3797,08:20:00,16,AY,1.0956,1197.7863333333332,391.51206666666667,4837.6456,806.2742666666666,2025-01-15T08:20:00,2025-01-15 00:00:00,2025-01-15 00:00:00,2025-01-15T08:20:00,2025-01-15T08:20:00,1.0956,1201.8367651433273,342.02505251773823,18.009441148425726,1,profile_incumbent,-2.9777253970600577,0.0,788.2648255182409,0.0,0.0,0.0,0.0,8966.102348091921,8090.252541960543,8.468938143829973,0.0,833.3333333333334,8934.124965881007,8008.1990399550805,0.0,19.731143722215222,0.0,19.731143722215222
2025-01-15,51,7164.43,2025-01-15T08:30:00,2025-01-15T08:20:00,08:30:00,16,AZ,2688.5625,08:30:00,16,AZ,1.3558,08:30:00,16,AZ,1.0849,1194.0716666666667,448.09375,4475.8675,745.9779166666667,2025-01-15T08:30:00,2025-01-15 00:00:00,2025-01-15 00:00:00,2025-01-15T08:30:00,2025-01-15T08:30:00,1.0849,1208.227651136736,382.0360027107398,67.69832819793325,1,profile_incumbent,-2.9777253970600577,0.0,678.2795884687334,0.0,0.0,0.0,0.0,8090.252541960543,7336.608554773061,0.0,0.0,758.493320228063,8008.1990399550805,7165.428684146122,0.0,73.44591626193778,0.0,73.44591626193778
2025-01-15,52,7232.1356,2025-01-15T08:40:00,2025-01-15T08:30:00,08:40:00,16,BA,2824.4128,08:40:00,16,BA,1.3772,08:40:00,16,BA,1.061,1205.3559333333333,470.7354666666667,4407.7228,734.6204666666665,2025-01-15T08:40:00,2025-01-15 00:00:00,2025-01-15 00:00:00,2025-01-15T08:40:00,2025-01-15T08:40:00,1.061,1193.7566828388378,423.30570455721613,0.4643871790811365,1,profile_incumbent,-2.9777253970600577,0.0,734.1560794875854,0.0,0.0,0.0,0.0,7336.608554773061,6520.879577564632,0.0,0.0,769.9865911025406,7165.428684146122,6309.888027365521,0.0,0.4927147970050858,0.0,0.4927147970050858
2025-01-15,53,7266.4146,2025-01-15T08:50:00,2025-01-15T08:40:00,08:50:00,16,BB,2950.5265,08:50:00,16,BB,1.3498,08:50:00,16,BB,1.043,1211.0691,491.75441666666666,4315.8881,719.3146833333333,2025-01-15T08:50:00,2025-01-15 00:00:00,2025-01-15 00:00:00,2025-01-15T08:50:00,2025-01-15T08:50:00,1.043,1183.5938194411133,465.56126670828513,0.892185692348269,1,profile_incumbent,-2.9777253970600577,0.0,718.4224976409851,0.0,0.0,0.0,0.0,6520.879577564632,5722.632357963537,0.0,0.0,717.1403670404799,6309.888027365521,5513.0653973205435,0.0,0.9305496771192445,0.0,0.9305496771192445
2025-01-15,54,7234.54,2025-01-15T09:00:00,2025-01-15T08:50:00,09:00:00,16,BC,3168.825,09:00:00,16,BC,1.2838,09:00:00,16,BC,1.036,1205.7566666666667,528.1374999999999,4065.715,677.6191666666667,2025-01-15T09:00:00,2025-01-15 00:00:00,2025-01-15 00:00:00,2025-01-15T09:00:00,2025-01-15T09:00:00,1.036,1193.7201293729481,508.50802188702795,0.9962023084814899,1,profile_incumbent,-2.9777253970600577,0.0,676.6229643581852,0.0,0.0,0.0,0.0,5722.632357963537,4970.829064232221,0.0,0.0,684.2159051774387,5513.0653973205435,4752.825502678945,0.0,1.0320655915868235,0.0,1.0320655915868235
2025-01-15,55,7181.1675,2025-01-15T09:10:00,2025-01-15T09:00:00,09:10:00,16,BD,3411.2829,09:10:00,16,BD,1.268,09:10:00,16,BD,1.0147,1196.86125,568.54715,3769.8845999999994,628.3140999999999,2025-01-15T09:10:00,2025-01-15 00:00:00,2025-01-15 00:00:00,2025-01-15T09:10:00,2025-01-15T09:10:00,1.0147,1206.1997781390228,551.832547925783,67.49265219032281,1,profile_incumbent,23.63150711407463,0.0,560.8214478096771,0.0,0.0,0.0,0.0,4970.829064232221,4347.694122221468,0.0,0.0,586.8745780229169,4752.825502678945,4100.742638209037,0.0,68.48479417752056,0.0,68.48479417752056
2025-01-15,56,7218.3981,2025-01-15T09:20:00,2025-01-15T09:10:00,09:20:00,16,BE,3657.6327,09:20:00,16,BE,1.256,09:20:00,16,BE,0.9922,1203.06635,609.60545,3560.7654,593.4609,2025-01-15T09:20:00,2025-01-15 00:00:00,2025-01-15 00:00:00,2025-01-15T09:20:00,2025-01-15T09:20:00,0.9922,1189.0922270572025,595.20601382087,32.882717479308646,1,profile_incumbent,23.63150711407463,0.0,560.5781825206914,0.0,0.0,0.0,0.0,4347.694122221468,3724.8294749762554,0.0,0.0,561.0034957570239,4100.742638209037,3477.4054207012327,0.0,32.62623228297004,0.0,32.62623228297004
2025-01-15,57,7287.37,2025-01-15T09:30:00,2025-01-15T09:20:00,09:30:00,16,BF,3975.675,09:30:00,16,BF,1.2071,09:30:00,16,BF,0.97,1214.5616666666667,662.6125000000001,3311.6949999999997,551.9491666666667,2025-01-15T09:30:00,2025-01-15 00:00:00,2025-01-15 00:00:00,2025-01-15T09:30:00,2025-01-15T09:30:00,0.97,1155.065446491825,638.2878066260995,123.95587153358248,1,profile_incumbent,23.63150711407463,0.0,427.9932951330842,0.0,0.0,0.0,0.0,3724.8294749762554,3249.2813692728287,0.0,0.0,392.82176833214305,3477.4054207012327,3040.936789221074,0.0,120.237195387575,0.0,120.237195387575
2025-01-15,58,7234.717,2025-01-15T09:40:00,2025-01-15T09:30:00,09:40:00,16,BG,4411.6442,09:40:00,16,BG,1.1547,09:40:00,16,BG,0.9422,1205.7861666666665,735.2740333333333,2823.0728,470.5121333333333,2025-01-15T09:40:00,2025-01-15 00:00:00,2025-01-15 00:00:00,2025-01-15T09:40:00,2025-01-15T09:40:00,0.9422,1151.0241748367678,680.7293901677427,452.4061720994126,1,profile_incumbent,23.63150711407463,0.0,18.105961233920652,0.0,0.0,0.0,0.0,3249.2813692728287,3229.1636345684724,0.0,0.0,17.888612569612405,3040.936789221074,3021.0605530326156,0.0,426.25709535206653,0.0,426.25709535206653
2025-01-15,59,7261.9851,2025-01-15T09:50:00,2025-01-15T09:40:00,09:50:00,16,BH,4649.4157,09:50:00,16,BH,1.253,09:50:00,16,BH,0.9569,1210.33085,774.9026166666666,2612.5694000000003,435.4282333333334,2025-01-15T09:50:00,2025-01-15 00:00:00,2025-01-15 00:00:00,2025-01-15T09:50:00,2025-01-15T09:50:00,0.9569,1169.37930920909,722.178342468542,423.02303401257234,1,profile_incumbent,23.63150711407463,0.0,12.405199320761085,0.0,0.0,0.0,0.0,3229.1636345684724,3215.3800797676267,0.0,0.0,24.17793272797553,3021.0605530326156,2994.196183334865,0.0,404.79074124663043,0.0,404.79074124663043
2025-01-15,60,7302.12,2025-01-15T10:00:00,2025-01-15T09:50:00,10:00:00,16,BI,4747.0125,10:00:00,16,BI,1.4248,10:00:00,16,BI,0.9977,1217.02,791.1687499999999,2555.1075,425.85125000000005,2025-01-15T10:00:00,2025-01-15 00:00:00,2025-01-15 00:00:00,2025-01-15T10:00:00,2025-01-15T10:00:00,0.9977,1181.2082434582514,762.2825154876646,14.247507724740636,1,profile_incumbent,23.63150711407463,0.0,411.6037422752594,0.0,0.0,0.0,0.0,3215.3800797676267,2758.042588350672,0.0,0.0,404.6782202458462,2994.196183334865,2544.5537163950357,0.0,14.214738456973732,0.0,14.214738456973732
2025-01-15,61,7095.8184,2025-01-15T10:10:00,2025-01-15T10:00:00,10:10:00,16,BJ,5057.9036,10:10:00,16,BJ,1.4184,10:10:00,16,BJ,0.9919,1182.6364,842.9839333333333,2037.9148000000005,339.6524666666668,2025-01-15T10:10:00,2025-01-15 00:00:00,2025-01-15 00:00:00,2025-01-15T10:10:00,2025-01-15T10:10:00,0.9919,1166.09584151646,800.6942583749003,33.899183465920636,1,profile_incumbent,79.97172487681532,0.0,305.7532832007462,0.0,0.0,0.0,0.0,2758.042588350672,2418.3167181276203,0.0,0.0,331.50239967563914,2544.5537163950357,2176.217716755437,0.0,33.62460007984668,0.0,33.62460007984668
2025-01-15,62,7028.4994,2025-01-15T10:20:00,2025-01-15T10:10:00,10:20:00,16,BK,5271.0106,10:20:00,16,BK,1.3311,10:20:00,16,BK,0.9588,1171.4165666666665,878.5017666666666,1757.4888,292.9147999999999,2025-01-15T10:20:00,2025-01-15 00:00:00,2025-01-15 00:00:00,2025-01-15T10:20:00,2025-01-15T10:20:00,0.9588,1164.1453256767886,837.0746439442466,307.8234915751956,1,profile_incumbent,79.97172487681532,14.90869157519569,0.0,0.0,0.0,0.0,0.0,2418.3167181276203,2431.7345405452966,0.0,0.0,19.247190157346267,2176.217716755437,2154.831949913941,0.0,295.1411637222975,0.0,295.1411637222975
2025-01-15,63,7108.68,2025-01-15T10:30:00,2025-01-15T10:20:00,10:30:00,16,BL,5265.1875,10:30:00,16,BL,1.3125,10:30:00,16,BL,0.9549,1184.78,877.53125,1843.4925000000003,307.24875,2025-01-15T10:30:00,2025-01-15 00:00:00,2025-01-15 00:00:00,2025-01-15T10:30:00,2025-01-15T10:30:00,0.9549,1179.4471462356842,871.0976375228015,231.393684427369,1,profile_incumbent,79.97172487681532,0.0,75.85506557263102,0.0,0.0,0.0,0.0,2431.7345405452966,2347.451134353484,0.0,0.0,76.9558242855137,2154.831949913941,2069.3254784855926,0.0,220.95782925969465,0.0,220.95782925969465
2025-01-15,64,6964.7042,2025-01-15T10:40:00,2025-01-15T10:30:00,10:40:00,16,BM,5256.157,10:40:00,16,BM,1.3722,10:40:00,16,BM,0.9839,1160.7840333333334,876.0261666666667,1708.5472,284.7578666666667,2025-01-15T10:40:00,2025-01-15 00:00:00,2025-01-15 00:00:00,2025-01-15T10:40:00,2025-01-15T10:40:00,0.9839,1176.3434933392068,902.4541477384607,56.41556282612614,1,profile_incumbent,79.97172487681532,0.0,228.34230384054058,0.0,0.0,0.0,0.0,2347.451134353484,2093.7374634195503,0.0,0.0,217.47378277461996,2069.3254784855926,1827.6879420693483,0.0,55.50727226462551,0.0,55.50727226462551
2025-01-15,65,6860.0289,2025-01-15T10:50:00,2025-01-15T10:40:00,10:50:00,16,BN,5355.9242,10:50:00,16,BN,1.1399,10:50:00,16,BN,0.799,1143.33815,892.6540333333334,1504.1046999999999,250.68411666666668,2025-01-15T10:50:00,2025-01-15 00:00:00,2025-01-15 00:00:00,2025-01-15T10:50:00,2025-01-15T10:50:00,0.799,1164.81251962576,930.855900171555,272.1654547718065,1,profile_incumbent,79.97172487681532,21.481338105139912,0.0,0.0,0.0,0.0,0.0,2093.7374634195503,2113.070667714176,0.0,38.2088353176016,0.0,1827.6879420693483,1862.0758938551899,0.0,217.4601983626734,0.0,217.4601983626734
2025-01-15,66,6942.53,2025-01-15T11:00:00,2025-01-15T10:50:00,11:00:00,16,BO,5499.7875,11:00:00,16,BO,0.7538,11:00:00,16,BO,0.5025,1157.0883333333334,916.63125,1442.7424999999994,240.45708333333334,2025-01-15T11:00:00,2025-01-15 00:00:00,2025-01-15 00:00:00,2025-01-15T11:00:00,2025-01-15T11:00:00,0.5025,1160.9739095377158,956.0390770927173,1054.5029906151408,1,profile_incumbent,79.97172487681532,814.0459072818073,0.0,0.0,0.0,0.0,0.0,2113.070667714176,2845.711984267803,0.0,833.3333333333334,0.0,1862.0758938551899,2612.07589385519,16.234824836809025,529.8877527841082,0.0,529.8877527841082
2025-01-15,67,7071.0172,2025-01-15T11:10:00,2025-01-15T11:00:00,11:10:00,16,BP,5548.0642,11:10:00,16,BP,0.7411,11:10:00,16,BP,0.4662,1178.5028666666667,924.6773666666667,1522.9530000000004,253.82550000000003,2025-01-15T11:10:00,2025-01-15 00:00:00,2025-01-15 00:00:00,2025-01-15T11:10:00,2025-01-15T11:10:00,0.4662,1168.5818070067241,977.7676697079828,1017.7354213823096,1,profile_incumbent,28.573204594644963,763.9099213823097,0.0,0.0,0.0,0.0,0.0,2845.711984267803,3533.2309135118817,0.0,826.9212840835683,0.0,2612.07589385519,3356.3050495304014,0.0,474.46825344843273,0.0,474.46825344843273
2025-01-15,68,7079.3719,2025-01-15T11:20:00,2025-01-15T11:10:00,11:20:00,16,BQ,5642.3862,11:20:00,16,BQ,0.786,11:20:00,16,BQ,0.5007,1179.8953166666668,940.3977,1436.9857000000002,239.49761666666677,2025-01-15T11:20:00,2025-01-15 00:00:00,2025-01-15 00:00:00,2025-01-15T11:20:00,2025-01-15T11:20:00,0.5007,1166.2138527158552,995.8364933835555,1068.6736829451781,1,profile_incumbent,28.573204594644963,829.1760662785114,0.0,0.0,0.0,0.0,0.0,3533.2309135118817,4279.489373162542,0.0,833.3333333333334,0.0,3356.3050495304014,4106.305049530401,64.96299027954535,535.0849130506507,0.0,535.0849130506507
2025-01-15,69,7027.49,2025-01-15T11:30:00,2025-01-15T11:20:00,11:30:00,16,BR,5860.0125,11:30:00,16,BR,0.7278,11:30:00,16,BR,0.4827,1171.2483333333332,976.6687499999999,1167.4775,194.5795833333333,2025-01-15T11:30:00,2025-01-15 00:00:00,2025-01-15 00:00:00,2025-01-15T11:30:00,2025-01-15T11:30:00,0.4827,1148.1541385084524,1010.0738211638441,1117.876618821901,1,profile_incumbent,28.573204594644963,833.3333333333334,0.0,0.0,89.96370215523427,89.96370215523427,0.0,4279.489373162542,5029.489373162542,0.0,833.3333333333334,0.0,4106.305049530401,4856.305049530401,146.4629681439593,539.5990439053317,0.0,539.5990439053317
2025-01-15,70,7077.8548,2025-01-15T11:40:00,2025-01-15T11:30:00,11:40:00,16,BS,6093.5776,11:40:00,16,BS,0.7208,11:40:00,16,BS,0.4785,1179.6424666666667,1015.5962666666666,984.2772000000004,164.0462000000001,2025-01-15T11:40:00,2025-01-15 00:00:00,2025-01-15 00:00:00,2025-01-15T11:40:00,2025-01-15T11:40:00,0.4785,1131.6375406408415,1020.343596451252,1083.014196529888,1,profile_incumbent,28.573204594644963,833.3333333333334,0.0,0.0,85.63466319655447,85.63466319655447,0.0,5029.489373162542,5779.489373162542,0.0,833.3333333333334,0.0,4856.305049530401,5606.305049530401,138.38691900696506,518.2222930395515,0.0,518.2222930395515
2025-01-15,71,6911.9381,2025-01-15T11:50:00,2025-01-15T11:40:00,11:50:00,16,BT,6062.0374,11:50:00,16,BT,0.6963,11:50:00,16,BT,0.4662,1151.9896833333335,1010.3395666666667,849.9007000000001,141.6501166666668,2025-01-15T11:50:00,2025-01-15 00:00:00,2025-01-15 00:00:00,2025-01-15T11:50:00,2025-01-15T11:50:00,0.4662,1136.1851444059905,1026.547191896921,1018.6217699259595,1,profile_incumbent,28.573204594644963,833.3333333333334,0.0,0.0,43.63831992595931,43.63831992595931,0.0,5779.489373162542,6529.489373162542,0.0,833.3333333333334,0.0,5606.305049530401,6356.305049530401,75.65048408355676,474.8814691394823,0.0,474.8814691394823
2025-01-15,72,6664.16,2025-01-15T12:00:00,2025-01-15T11:50:00,12:00:00,16,BU,5887.35,12:00:00,16,BU,0.6456,12:00:00,16,BU,0.4432,1110.6933333333334,981.225,776.8099999999995,129.46833333333336,2025-01-15T12:00:00,2025-01-15 00:00:00,2025-01-15 00:00:00,2025-01-15T12:00:00,2025-01-15T12:00:00,0.4432,1141.3669705827072,1028.6246882599428,1040.5582393428688,1,profile_incumbent,28.573204594644963,833.3333333333334,0.0,0.0,77.75657267620215,77.75657267620215,0.0,6529.489373162542,7279.489373162542,0.0,833.3333333333334,0.0,6356.305049530401,7106.305049530401,94.48262368677103,461.17541167675944,0.0,461.17541167675944
2025-01-15,73,6788.4291,2025-01-15T12:10:00,2025-01-15T12:00:00,12:10:00,16,BV,5964.1595,12:10:00,16,BV,0.654,12:10:00,16,BV,0.4411,1131.4048500000001,994.0265833333333,824.2696000000005,137.37826666666683,2025-01-15T12:10:00,2025-01-15 00:00:00,2025-01-15 00:00:00,2025-01-15T12:10:00,2025-01-15T12:10:00,0.4411,1107.4681969005949,1026.555654121454,1034.5219999602014,1,profile_incumbent,58.3126350093688,833.3333333333334,0.0,0.0,63.81039996020115,63.81039996020115,0.0,7279.489373162542,8029.489373162542,0.0,833.3333333333334,0.0,7106.305049530401,7856.305049530401,120.27612384772681,456.3276541824448,0.0,456.3276541824448
2025-01-15,74,6743.0632,2025-01-15T12:20:00,2025-01-15T12:10:00,12:20:00,16,BW,6013.7706,12:20:00,16,BW,0.6986,12:20:00,16,BW,0.4551,1123.8438666666666,1002.2950999999999,729.2925999999998,121.54876666666667,2025-01-15T12:20:00,2025-01-15 00:00:00,2025-01-15 00:00:00,2025-01-15T12:20:00,2025-01-15T12:20:00,0.4551,1076.874660339662,1020.3594147755497,1047.1007873258734,1,profile_incumbent,58.3126350093688,833.3333333333334,0.0,0.0,92.21868732587347,92.21868732587347,0.0,8029.489373162542,8779.489373162542,0.0,833.3333333333334,0.0,7856.305049530401,8606.305049530401,157.2522084284277,476.535568312005,0.0,476.535568312005
2025-01-15,75,6398.4,2025-01-15T12:30:00,2025-01-15T12:20:00,12:30:00,16,BX,5939.4375,12:30:00,16,BX,0.7109,12:30:00,16,BX,0.4463,1066.3999999999999,989.90625,458.96249999999964,76.49374999999986,2025-01-15T12:30:00,2025-01-15 00:00:00,2025-01-15 00:00:00,2025-01-15T12:30:00,2025-01-15T12:30:00,0.4463,1070.0313883688293,1010.0948062420024,1061.8873299150173,1,profile_incumbent,58.3126350093688,833.3333333333334,0.0,0.0,152.06024658168405,152.06024658168405,0.0,8779.489373162542,9529.489373162542,0.0,833.3333333333334,0.0,8606.305049530401,9356.305049530401,168.6174144548571,473.9203153410722,0.0,473.9203153410722
2025-01-15,76,6222.1543,2025-01-15T12:40:00,2025-01-15T12:30:00,12:40:00,16,BY,5934.6445,12:40:00,16,BY,0.6714,12:40:00,16,BY,0.4113,1037.0257166666668,989.1074166666667,287.5097999999998,47.918300000000045,2025-01-15T12:40:00,2025-01-15 00:00:00,2025-01-15 00:00:00,2025-01-15T12:40:00,2025-01-15T12:40:00,0.4113,1071.0612424454987,995.8594180341759,1118.3382560342657,1,profile_incumbent,58.3126350093688,833.3333333333334,0.0,0.0,237.08662270093225,237.08662270093225,0.0,9529.489373162542,10279.489373162542,0.0,833.3333333333334,0.0,9356.305049530401,10106.305049530401,209.80309828960924,459.97252470689347,0.0,459.97252470689347
2025-01-15,77,6392.3254,2025-01-15T12:50:00,2025-01-15T12:40:00,12:50:00,16,BZ,5933.0925,12:50:00,16,BZ,0.8133,12:50:00,16,BZ,0.5682,1065.3875666666665,988.84875,459.2329,76.53881666666655,2025-01-15T12:50:00,2025-01-15 00:00:00,2025-01-15 00:00:00,2025-01-15T12:50:00,2025-01-15T12:50:00,0.5682,1089.22857729065,977.7883359459989,900.2951331039754,1,profile_incumbent,58.3126350093688,578.3451409305093,0.0,0.0,245.41117550679962,245.41117550679962,0.0,10279.489373162542,10800.0,0.0,770.7721671884428,0.0,10106.305049530401,10800.0,18.08272457088151,511.54769462967886,0.0,511.54769462967886
2025-01-15,78,6774.03,2025-01-15T13:00:00,2025-01-15T12:50:00,13:00:00,16,CA,5799.45,13:00:00,16,CA,1.0815,13:00:00,16,CA,0.8279,1129.0049999999999,966.5749999999999,974.5799999999999,162.42999999999995,2025-01-15T13:00:00,2025-01-15 00:00:00,2025-01-15 00:00:00,2025-01-15T13:00:00,2025-01-15T13:00:00,0.8279,1113.1577454431826,956.0524035720857,283.6320325524175,1,profile_incumbent,58.3126350093688,0.0,0.0,0.0,121.20203255241745,121.20203255241745,0.0,10800.0,10800.0,0.0,0.0,0.0,10800.0,10800.0,126.52669068132059,234.81895975014646,0.0,234.81895975014646
2025-01-15,79,7016.6377,2025-01-15T13:10:00,2025-01-15T13:00:00,13:10:00,16,CB,5462.7274,13:10:00,16,CB,1.1661,13:10:00,16,CB,0.8636,1169.4396166666668,910.4545666666667,1553.9103000000005,258.9850500000001,2025-01-15T13:10:00,2025-01-15 00:00:00,2025-01-15 00:00:00,2025-01-15T13:10:00,2025-01-15T13:10:00,0.8636,1116.182589414529,930.85602842574,132.71774804899556,1,profile_incumbent,4.748725599606686,0.0,126.26730195100458,0.0,0.0,0.0,0.0,10800.0,10659.702997832217,0.0,0.0,52.60881293979355,10800.0,10741.545763400229,0.0,114.61504721511257,0.0,114.61504721511257
2025-01-15,80,6859.4982,2025-01-15T13:20:00,2025-01-15T13:10:00,13:20:00,16,CC,5105.1697,13:20:00,16,CC,1.1408,13:20:00,16,CC,0.8416,1143.2497,850.8616166666667,1754.3284999999996,292.3880833333334,2025-01-15T13:20:00,2025-01-15 00:00:00,2025-01-15 00:00:00,2025-01-15T13:20:00,2025-01-15T13:20:00,0.8416,1118.7748803041402,902.4345652562962,287.2504340915348,1,profile_incumbent,4.748725599606686,0.0,5.137649241798499,0.0,0.0,0.0,0.0,10659.702997832217,10653.994498674663,0.0,64.94915177752368,0.0,10741.545763400229,10800.0,5.960967266167202,241.7499653314357,0.0,241.7499653314357
2025-01-15,81,6533.01,2025-01-15T13:30:00,2025-01-15T13:20:00,13:30:00,16,CD,4861.65,13:30:00,16,CD,1.1037,13:30:00,16,CD,0.8618,1088.835,810.275,1671.3600000000006,278.56000000000006,2025-01-15T13:30:00,2025-01-15 00:00:00,2025-01-15 00:00:00,2025-01-15T13:30:00,2025-01-15T13:30:00,0.8618,1124.19493916836,871.051315382536,279.85861431178074,1,profile_incumbent,4.748725599606686,1.2986143117807387,0.0,0.0,0.0,0.0,0.0,10653.994498674663,10655.163251555266,0.0,0.0,0.0,10800.0,10800.0,26.714990525956864,241.18215381389265,0.0,241.18215381389265
2025-01-15,82,6550.9908,2025-01-15T13:40:00,2025-01-15T13:30:00,13:40:00,16,CE,4728.9788,13:40:00,16,CE,1.0945,13:40:00,16,CE,0.8623,1091.8318,788.1631333333333,1822.0119999999997,303.6686666666666,2025-01-15T13:40:00,2025-01-15 00:00:00,2025-01-15 00:00:00,2025-01-15T13:40:00,2025-01-15T13:40:00,0.8623,1112.3707918707582,836.9941864539284,327.8412400204383,1,profile_incumbent,4.748725599606686,24.172573353771668,0.0,0.0,0.0,0.0,0.0,10655.163251555266,10676.91856757366,0.0,0.0,0.0,10800.0,10800.0,52.464634603608374,282.69750126962396,0.0,282.69750126962396
2025-01-15,83,6703.1405,2025-01-15T13:50:00,2025-01-15T13:40:00,13:50:00,16,CF,4598.4689,13:50:00,16,CF,1.2144,13:50:00,16,CF,0.9026,1117.1900833333334,766.4114833333333,2104.6716000000006,350.7786000000001,2025-01-15T13:50:00,2025-01-15 00:00:00,2025-01-15 00:00:00,2025-01-15T13:50:00,2025-01-15T13:50:00,0.9026,1087.225266005139,800.5720619376345,320.87988875162415,1,profile_incumbent,4.748725599606686,0.0,29.898711248376003,0.0,0.0,0.0,0.0,10676.91856757366,10643.697777297688,0.0,0.0,0.0,10800.0,10800.0,34.22668468411962,289.62618758721595,0.0,289.62618758721595
2025-01-15,84,6733.45,2025-01-15T14:00:00,2025-01-15T13:50:00,14:00:00,16,CG,4427.775,14:00:00,16,CG,1.3906,14:00:00,16,CG,0.9754,1122.2416666666666,737.9625,2305.675,384.2791666666666,2025-01-15T14:00:00,2025-01-15 00:00:00,2025-01-15 00:00:00,2025-01-15T14:00:00,2025-01-15T14:00:00,0.9754,1062.0992606649818,762.110933729735,0.04965264089113453,1,profile_incumbent,4.748725599606686,0.0,384.2295140257754,0.0,0.0,0.0,0.0,10643.697777297688,10216.776095046826,0.0,0.0,299.93867429435556,10800.0,10466.734806339606,0.0,0.04843118592521262,0.0,0.04843118592521262
2025-01-15,85,6607.3214,2025-01-15T14:10:00,2025-01-15T14:00:00,14:10:00,16,CH,4264.4732,14:10:00,16,CH,1.4268,14:10:00,16,CH,1.0002,1101.2202333333332,710.7455333333334,2342.8481999999995,390.47469999999987,2025-01-15T14:10:00,2025-01-15 00:00:00,2025-01-15 00:00:00,2025-01-15T14:10:00,2025-01-15T14:10:00,1.0002,1051.4181565423996,721.9498545401847,0.002942317325721356,1,profile_incumbent,-7.414868175172284,0.0,390.47175768267414,0.0,0.0,0.0,0.0,10216.776095046826,9782.918586510521,0.0,0.0,329.4653596848892,10466.734806339606,10100.662184467506,0.0,0.0029429057891865,0.0,0.0029429057891865
2025-01-15,86,6597.493,2025-01-15T14:20:00,2025-01-15T14:10:00,14:20:00,16,CI,4146.5338,14:20:00,16,CI,1.3906,14:20:00,16,CI,0.9978,1099.5821666666668,691.0889666666667,2450.9592000000002,408.4932000000001,2025-01-15T14:20:00,2025-01-15 00:00:00,2025-01-15 00:00:00,2025-01-15T14:20:00,2025-01-15T14:20:00,0.9978,1061.0833359707008,680.4367690528416,0.00010757282869446727,1,profile_incumbent,-7.414868175172284,0.0,408.4930924271714,0.0,0.0,0.0,0.0,9782.918586510521,9329.037372702553,0.0,0.0,380.6464593450305,10100.662184467506,9677.72167408414,0.0,0.00010733616847133945,0.0,0.00010733616847133945
2025-01-15,87,6675.57,2025-01-15T14:30:00,2025-01-15T14:20:00,14:30:00,16,CJ,4033.65,14:30:00,16,CJ,1.3991,14:30:00,16,CJ,1.0271,1112.595,672.275,2641.9199999999996,440.32000000000005,2025-01-15T14:30:00,2025-01-15 00:00:00,2025-01-15 00:00:00,2025-01-15T14:30:00,2025-01-15T14:30:00,1.0271,1084.088806074754,637.9242842795734,0.0008476498116901473,1,profile_incumbent,-7.414868175172284,0.0,440.31915235018835,0.0,0.0,0.0,0.0,9329.037372702553,8839.793870091233,0.0,0.0,446.163674145369,9677.72167408414,9181.984258367063,0.0,0.0008706211215869502,0.0,0.0008706211215869502
2025-01-15,88,6573.958,2025-01-15T14:40:00,2025-01-15T14:30:00,14:40:00,16,CK,3839.9958,14:40:00,16,CK,1.4599,14:40:00,16,CK,1.0906,1095.6596666666667,639.9993000000001,2733.9621999999995,455.6603666666666,2025-01-15T14:40:00,2025-01-15 00:00:00,2025-01-15 00:00:00,2025-01-15T14:40:00,2025-01-15T14:40:00,1.0906,1102.7240906872178,594.7654399915109,0.0,1,profile_incumbent,-7.414868175172284,0.0,455.6603666666666,0.0,0.0,0.0,0.0,8839.793870091233,8333.504573794937,0.0,0.0,507.95865069570687,9181.984258367063,8617.585757594055,0.0,0.0,0.0,0.0
2025-01-15,89,6553.8661,2025-01-15T14:50:00,2025-01-15T14:40:00,14:50:00,16,CL,3597.938,14:50:00,16,CL,1.2411,14:50:00,16,CL,0.9376,1092.3110166666668,599.6563333333334,2955.9281,492.6546833333334,2025-01-15T14:50:00,2025-01-15 00:00:00,2025-01-15 00:00:00,2025-01-15T14:50:00,2025-01-15T14:50:00,0.9376,1100.362365502463,551.3095396171503,0.7878440482632402,1,profile_incumbent,-7.414868175172284,0.0,491.8668392850702,0.0,0.0,0.0,0.0,8333.504573794937,7786.985863478192,0.0,0.0,548.2649818370495,8617.585757594055,8008.402444441778,0.0,0.738682579651614,0.0,0.738682579651614
2025-01-15,90,6555.76,2025-01-15T15:00:00,2025-01-15T14:50:00,15:00:00,16,CM,3388.125,15:00:00,16,CM,0.8768,15:00:00,16,CM,0.6694,1092.6266666666668,564.6875,3167.635,527.9391666666668,2025-01-15T15:00:00,2025-01-15 00:00:00,2025-01-15 00:00:00,2025-01-15T15:00:00,2025-01-15T15:00:00,0.6694,1081.9816029698993,507.8981005581966,1399.9096120986771,1,profile_incumbent,-7.414868175172284,833.3333333333334,0.0,0.0,38.637112098676994,38.637112098676994,0.0,7786.985863478192,8536.985863478192,0.0,825.8261096869744,0.0,8008.402444441778,8751.645943160056,0.0,937.0994943388545,0.0,937.0994943388545
2025-01-15,91,6270.5816,2025-01-15T15:10:00,2025-01-15T15:00:00,15:10:00,16,CN,3251.2122,15:10:00,16,CN,0.8577,15:10:00,16,CN,0.66,1045.0969333333335,541.8687,3019.3694000000005,503.2282333333335,2025-01-15T15:10:00,2025-01-15 00:00:00,2025-01-15 00:00:00,2025-01-15T15:10:00,2025-01-15T15:10:00,0.66,1067.6729356469034,464.86098051726407,1318.1523278378272,1,profile_incumbent,-21.13445251124054,814.9240945044937,0.0,0.0,0.0,0.0,0.0,8536.985863478192,9270.417548532236,0.0,715.3403727081879,0.0,8751.645943160056,9395.452278597426,0.0,869.980536372966,0.0,869.980536372966
2025-01-15,92,6192.2126,2025-01-15T15:20:00,2025-01-15T15:10:00,15:20:00,16,CO,3006.0981,15:20:00,16,CO,0.9116,15:20:00,16,CO,0.7217,1032.0354333333332,501.01635000000005,3186.1144999999997,531.0190833333331,2025-01-15T15:20:00,2025-01-15 00:00:00,2025-01-15 00:00:00,2025-01-15T15:20:00,2025-01-15T15:20:00,0.7217,1053.4613188461562,422.51273319933676,1037.3801778165616,1,profile_incumbent,-21.13445251124054,506.3610944832285,0.0,0.0,0.0,0.0,0.0,9270.417548532236,9726.142533567141,0.0,406.4315921697421,0.0,9395.452278597426,9761.240711550194,0.0,748.6772743302125,0.0,748.6772743302125
2025-01-15,93,6399.46,2025-01-15T15:30:00,2025-01-15T15:20:00,15:30:00,16,CP,2640.3,15:30:00,16,CP,0.8955,15:30:00,16,CP,0.7308,1066.5766666666666,440.05,3759.16,626.5266666666666,2025-01-15T15:30:00,2025-01-15 00:00:00,2025-01-15 00:00:00,2025-01-15T15:30:00,2025-01-15T15:30:00,0.7308,1036.9489803844383,381.14924269796296,1050.6793774258297,1,profile_incumbent,-21.13445251124054,424.152710759163,0.0,0.0,0.0,0.0,0.0,9726.142533567141,10107.879973250389,0.0,394.8796397393544,0.0,9761.240711550194,10116.632387315613,0.0,767.8364890227963,0.0,767.8364890227963
2025-01-15,94,6455.4466,2025-01-15T15:40:00,2025-01-15T15:30:00,15:40:00,16,CQ,2321.3083,15:40:00,16,CQ,0.9446,15:40:00,16,CQ,0.7534,1075.9077666666667,386.8847166666667,4134.1383000000005,689.02305,2025-01-15T15:40:00,2025-01-15 00:00:00,2025-01-15 00:00:00,2025-01-15T15:40:00,2025-01-15T15:40:00,0.7534,1028.5752029050832,341.0446810776697,808.8505035890583,1,profile_incumbent,-21.13445251124054,119.82745358905822,0.0,0.0,0.0,0.0,0.0,10107.879973250389,10215.72468148054,0.0,121.31998176164484,0.0,10116.632387315613,10225.820370901092,0.0,609.3879694039965,0.0,609.3879694039965
2025-01-15,95,6346.7819,2025-01-15T15:50:00,2025-01-15T15:40:00,15:50:00,16,CR,2040.6339,15:50:00,16,CR,1.0039,15:50:00,16,CR,0.7823,1057.7969833333334,340.10565,4306.148,717.6913333333334,2025-01-15T15:50:00,2025-01-15 00:00:00,2025-01-15 00:00:00,2025-01-15T15:50:00,2025-01-15T15:50:00,0.7823,1055.6825699697463,302.44882819815086,776.7016205201204,1,profile_incumbent,-21.13445251124054,59.01028718678708,0.0,0.0,0.0,0.0,0.0,10215.72468148054,10268.833939948649,0.0,23.46787874852498,0.0,10225.820370901092,10246.941461774764,0.0,607.6136777328902,0.0,607.6136777328902
2025-01-15,96,6238.61,2025-01-15T16:00:00,2025-01-15T15:50:00,16:00:00,16,CS,1769.4375,16:00:00,16,CS,1.0122,16:00:00,16,CS,0.8055,1039.7683333333332,294.90625,4469.1725,744.8620833333332,2025-01-15T16:00:00,2025-01-15 00:00:00,2025-01-15 00:00:00,2025-01-15T16:00:00,2025-01-15T16:00:00,0.8055,1078.385958044932,265.5847867863021,865.4455318803454,1,profile_incumbent,-21.13445251124054,120.58344854701204,0.0,0.0,0.0,0.0,0.0,10268.833939948649,10377.35904364096,0.0,52.64436062171535,0.0,10246.941461774764,10294.321386334308,0.0,697.1163759296181,0.0,697.1163759296181
2025-01-15,97,6294.822,2025-01-15T16:10:00,2025-01-15T16:00:00,16:10:00,16,CT,1502.4191,16:10:00,16,CT,0.979,16:10:00,16,CT,0.8271,1049.137,250.40318333333335,4792.4029,798.7338166666666,2025-01-15T16:10:00,2025-01-15 00:00:00,2025-01-15 00:00:00,2025-01-15T16:10:00,2025-01-15T16:10:00,0.8271,1027.2857452727953,230.64711925108764,826.0607995885036,1,profile_incumbent,52.56808394911152,27.326982921837043,0.0,0.0,0.0,0.0,0.0,10377.35904364096,10401.953328270612,0.0,29.42217356679589,0.0,10294.321386334308,10320.801342544424,0.0,683.2348873396513,0.0,683.2348873396513
2025-01-15,98,6412.6386,2025-01-15T16:20:00,2025-01-15T16:10:00,16:20:00,16,CU,1224.6297,16:20:00,16,CU,1.0096,16:20:00,16,CU,0.8519,1068.7731,204.10495,5188.008900000001,864.6681500000001,2025-01-15T16:20:00,2025-01-15 00:00:00,2025-01-15 00:00:00,2025-01-15T16:20:00,2025-01-15T16:20:00,0.8519,996.0306516779962,197.80042586286768,816.0746965913145,1,profile_incumbent,52.56808394911152,0.0,48.593453408685605,0.0,0.0,0.0,0.0,10401.953328270612,10347.960602260962,0.0,17.84447077618597,0.0,10320.801342544424,10336.86136624299,0.0,695.2140340261408,0.0,695.2140340261408
2025-01-15,99,6460.62,2025-01-15T16:30:00,2025-01-15T16:20:00,16:30:00,16,CV,932.7,16:30:00,16,CV,1.0831,16:30:00,16,CV,0.8791,1076.77,155.45000000000002,5527.92,921.3199999999999,2025-01-15T16:30:00,2025-01-15 00:00:00,2025-01-15 00:00:00,2025-01-15T16:30:00,2025-01-15T16:30:00,0.8791,1020.5275529295575,167.1783767980549,905.3366797955231,1,profile_incumbent,52.56808394911152,0.0,15.983320204476968,0.0,0.0,0.0,0.0,10347.960602260962,10330.201357589322,0.0,51.98750366402055,0.0,10336.86136624299,10383.650119540609,0.0,795.8814752082443,0.0,795.8814752082443
2025-01-15,100,6397.4004,2025-01-15T16:40:00,2025-01-15T16:30:00,16:40:00,16,CW,635.4236,16:40:00,16,CW,1.087,16:40:00,16,CW,0.9024,1066.2334,105.90393333333333,5761.9768,960.3294666666668,2025-01-15T16:40:00,2025-01-15 00:00:00,2025-01-15 00:00:00,2025-01-15T16:40:00,2025-01-15T16:40:00,0.9024,1042.4698277944212,138.8832033001724,994.3995766030854,1,profile_incumbent,52.56808394911152,34.0701099364187,0.0,0.0,0.0,0.0,0.0,10330.201357589322,10360.8644565321,0.0,90.8129521088365,0.0,10383.650119540609,10465.381776438562,0.0,897.3461779266243,0.0,897.3461779266243
2025-01-15,101,6378.4975,2025-01-15T16:50:00,2025-01-15T16:40:00,16:50:00,16,CX,335.8794,16:50:00,16,CX,1.1343,16:50:00,16,CX,0.9163,1063.0829166666667,55.979899999999994,6042.618100000001,1007.1030166666667,2025-01-15T16:50:00,2025-01-15 00:00:00,2025-01-15 00:00:00,2025-01-15T16:50:00,2025-01-15T16:50:00,0.9163,1026.8831006118953,112.98564594961772,972.4929559181535,1,profile_incumbent,52.56808394911152,0.0,34.610060748513206,0.0,0.0,0.0,0.0,10360.8644565321,10322.408833478195,0.0,58.59550125587589,0.0,10465.381776438562,10518.11772756885,0.0,891.095295507804,0.0,891.095295507804
2025-01-15,102,6415.1,2025-01-15T17:00:00,2025-01-15T16:50:00,17:00:00,16,CY,98.1375,17:00:00,16,CY,1.2008,17:00:00,16,CY,0.9264,1069.1833333333334,16.35625,6316.962500000001,1052.8270833333333,2025-01-15T17:00:00,2025-01-15 00:00:00,2025-01-15 00:00:00,2025-01-15T17:00:00,2025-01-15T17:00:00,0.9264,1014.726540891453,89.52535088616284,996.0776507867026,1,profile_incumbent,52.56808394911152,0.0,56.749432546630715,0.0,0.0,0.0,0.0,10322.408833478195,10259.353908426383,0.0,70.87646078141245,0.0,10518.11772756885,10581.906542272121,0.0,922.7663356888013,0.0,922.7663356888013
2025-01-15,103,6362.923,2025-01-15T17:10:00,2025-01-15T17:00:00,17:10:00,16,CZ,8.9968,17:10:00,16,CZ,1.1426,17:10:00,16,CZ,0.9462,1060.4871666666666,1.4994666666666667,6353.9262,1058.9877,2025-01-15T17:10:00,2025-01-15 00:00:00,2025-01-15 00:00:00,2025-01-15T17:10:00,2025-01-15T17:10:00,0.9462,1068.6995143248907,68.51169790753917,1035.2104153933042,1,profile_incumbent,38.99053262819092,0.0,23.77728460669573,0.0,0.0,0.0,0.0,10259.353908426383,10232.934703307832,0.0,35.02259897595263,0.0,10581.906542272121,10613.426881350479,0.0,979.5160950451444,0.0,979.5160950451444
2025-01-15,104,6236.3891,2025-01-15T17:20:00,2025-01-15T17:10:00,17:20:00,16,DA,0.0,17:20:00,16,DA,1.1094,17:20:00,16,DA,0.9742,1039.3981833333335,0.0,6236.3891,1039.3981833333335,2025-01-15T17:20:00,2025-01-15 00:00:00,2025-01-15 00:00:00,2025-01-15T17:20:00,2025-01-15T17:20:00,0.9742,1069.9794934319086,49.92503778706815,1073.2883525848943,1,profile_incumbent,38.99053262819092,33.89016925156079,0.0,0.0,0.0,0.0,0.0,10232.934703307832,10263.435855634236,0.0,53.23389694005368,0.0,10613.426881350479,10661.337388596527,0.0,1045.5975130882039,0.0,1045.5975130882039
2025-01-15,105,6276.16,2025-01-15T17:30:00,2025-01-15T17:20:00,17:30:00,16,DB,0.0,17:30:00,16,DB,1.1512,17:30:00,16,DB,0.9862,1046.0266666666666,0.0,6276.16,1046.0266666666666,2025-01-15T17:30:00,2025-01-15 00:00:00,2025-01-15 00:00:00,2025-01-15T17:30:00,2025-01-15T17:30:00,0.9862,1025.481722661595,33.71831001946134,1038.5540014716757,1,profile_incumbent,38.99053262819092,0.0,7.4726651949908955,0.0,0.0,0.0,0.0,10263.435855634236,10255.13289430647,0.0,46.790588829542,0.0,10661.337388596527,10703.448918543114,0.0,1024.2219562513667,0.0,1024.2219562513667
2025-01-15,106,6551.191,2025-01-15T17:40:00,2025-01-15T17:30:00,17:40:00,16,DC,0.385,17:40:00,16,DC,1.1793,17:40:00,16,DC,0.976,1091.8651666666667,0.06416666666666666,6550.806,1091.801,2025-01-15T17:40:00,2025-01-15 00:00:00,2025-01-15 00:00:00,2025-01-15T17:40:00,2025-01-15T17:40:00,0.976,1037.0515512533234,19.819006614979532,1069.341891620568,1,profile_incumbent,38.99053262819092,0.0,22.459108379431882,0.0,0.0,0.0,0.0,10255.13289430647,10230.178329440434,0.0,52.109346982224224,0.0,10703.448918543114,10750.347330827115,0.0,1043.6776862216743,0.0,1043.6776862216743
2025-01-15,107,5794.0877,2025-01-15T17:50:00,2025-01-15T17:40:00,17:50:00,16,DD,0.0,17:50:00,16,DD,1.2459,17:50:00,16,DD,1.0742,965.6812833333333,0.0,5794.0877,965.6812833333333,2025-01-15T17:50:00,2025-01-15 00:00:00,2025-01-15 00:00:00,2025-01-15T17:50:00,2025-01-15T17:50:00,1.0742,912.833606417399,8.131442606606468,898.1864326509086,1,profile_incumbent,38.99053262819092,0.0,67.49485068242473,0.0,0.0,0.0,0.0,10230.178329440434,10155.184050904407,0.0,0.0,6.515731159883899,10750.347330827115,10743.107629538355,0.0,964.8318659536061,0.0,964.8318659536061
2025-01-15,108,4408.74,2025-01-15T18:00:00,2025-01-15T17:50:00,18:00:00,16,DE,0.0,18:00:00,16,DE,1.3184,18:00:00,16,DE,1.2313,734.79,0.0,4408.74,734.79,2025-01-15T18:00:00,2025-01-15 00:00:00,2025-01-15 00:00:00,2025-01-15T18:00:00,2025-01-15T18:00:00,1.2313,706.1056200860662,0.0,660.4470923570126,1,profile_incumbent,38.99053262819092,0.0,74.34290764298737,0.0,0.0,0.0,0.0,10155.184050904407,10072.580820189976,0.0,0.0,45.65852772905362,10743.107629538355,10692.37593206163,0.0,813.2085048191897,0.0,813.2085048191897
2025-01-15,109,4169.1645,2025-01-15T18:10:00,2025-01-15T18:00:00,18:10:00,16,DF,0.0276,18:10:00,16,DF,1.294,18:10:00,16,DF,1.2561,694.8607499999999,0.0046,4169.1368999999995,694.85615,2025-01-15T18:10:00,2025-01-15 00:00:00,2025-01-15 00:00:00,2025-01-15T18:10:00,2025-01-15T18:10:00,1.2561,688.2775440145064,0.0,665.3680622032307,1,profile_incumbent,247.94002500000002,0.0,29.488087796769264,0.0,0.0,0.0,0.0,10072.580820189976,10039.816278193566,0.0,0.0,22.90948181127567,10692.37593206163,10666.920952271324,0.0,835.7688229334781,0.0,835.7688229334781
2025-01-15,110,4334.9524,2025-01-15T18:20:00,2025-01-15T18:10:00,18:20:00,16,DG,0.0,18:20:00,16,DG,1.271,18:20:00,16,DG,1.2447,722.4920666666667,0.0,4334.9524,722.4920666666667,2025-01-15T18:20:00,2025-01-15 00:00:00,2025-01-15 00:00:00,2025-01-15T18:20:00,2025-01-15T18:20:00,1.2447,727.6815557960377,0.0,674.6790730858263,1,profile_incumbent,247.94002500000002,0.0,47.812993580840384,0.0,0.0,0.0,0.0,10039.816278193566,9986.690729770411,0.0,0.0,53.00248271021144,10666.920952271324,10608.029304815534,0.0,839.7730422699279,0.0,839.7730422699279
2025-01-15,111,4303.58,2025-01-15T18:30:00,2025-01-15T18:20:00,18:30:00,16,DH,0.0,18:30:00,16,DH,1.2725,18:30:00,16,DH,1.2545,717.2633333333333,0.0,4303.58,717.2633333333333,2025-01-15T18:30:00,2025-01-15 00:00:00,2025-01-15 00:00:00,2025-01-15T18:30:00,2025-01-15T18:30:00,1.2545,728.9911154303701,0.0,708.0163480742948,1,profile_incumbent,247.94002500000002,0.0,9.246985259038524,0.0,0.0,0.0,0.0,9986.690729770411,9976.416301704812,0.0,0.0,20.97476735607529,10608.029304815534,10584.724007753228,0.0,888.2065086592028,0.0,888.2065086592028
2025-01-15,112,4245.8886,2025-01-15T18:40:00,2025-01-15T18:30:00,18:40:00,16,DI,0.002,18:40:00,16,DI,1.2505,18:40:00,16,DI,1.2522,707.6481,0.0003333333333333333,4245.8866,707.6477666666667,2025-01-15T18:40:00,2025-01-15 00:00:00,2025-01-15 00:00:00,2025-01-15T18:40:00,2025-01-15T18:40:00,1.2522,727.4762388666555,0.0,701.0597183473957,1,profile_incumbent,247.94002500000002,0.0,6.588048319271024,0.0,0.0,0.0,0.0,9976.416301704812,9969.096248016733,0.0,0.0,26.416520519259848,10584.724007753228,10555.372318287384,0.0,877.8669793146089,0.0,877.8669793146089
2025-01-15,113,4268.7645,2025-01-15T18:50:00,2025-01-15T18:40:00,18:50:00,16,DJ,0.0,18:50:00,16,DJ,1.3698,18:50:00,16,DJ,1.2881,711.4607500000001,0.0,4268.7645,711.4607500000001,2025-01-15T18:50:00,2025-01-15 00:00:00,2025-01-15 00:00:00,2025-01-15T18:50:00,2025-01-15T18:50:00,1.2881,719.1638006037691,0.0,626.1100131277955,1,profile_incumbent,247.94002500000002,0.0,85.3507368722046,0.0,0.0,0.0,0.0,9969.096248016733,9874.262095936505,0.0,0.0,93.05378747597365,10555.372318287384,10451.979221091857,0.0,806.4923079099134,0.0,806.4923079099134
2025-01-15,114,4381.34,2025-01-15T19:00:00,2025-01-15T18:50:00,19:00:00,16,DK,0.0,19:00:00,16,DK,1.5628,19:00:00,16,DK,1.3466,730.2233333333334,0.0,4381.34,730.2233333333334,2025-01-15T19:00:00,2025-01-15 00:00:00,2025-01-15 00:00:00,2025-01-15T19:00:00,2025-01-15T19:00:00,1.3466,709.1803523732923,0.0,0.4298272063008792,1,profile_incumbent,247.94002500000002,0.0,729.7935061270325,0.0,0.0,0.0,0.0,9874.262095936505,9063.380422462025,0.0,0.0,708.7505251669915,10451.979221091857,9664.478637572978,0.0,0.5788053160047639,0.0,0.5788053160047639
2025-01-15,115,4495.3332,2025-01-15T19:10:00,2025-01-15T19:00:00,19:10:00,16,DL,0.0,19:10:00,16,DL,1.5688,19:10:00,16,DL,1.3523,749.2222,0.0,4495.3332,749.2222,2025-01-15T19:10:00,2025-01-15 00:00:00,2025-01-15 00:00:00,2025-01-15T19:10:00,2025-01-15T19:10:00,1.3523,715.160685671081,0.0,0.17039870521979394,1,profile_incumbent,246.36864416666666,0.0,749.0518012947803,0.0,0.0,0.0,0.0,9063.380422462025,8231.100643245603,0.0,0.0,714.9902869658612,9664.478637572978,8870.044985388688,0.0,0.23043016906872735,0.0,0.23043016906872735
2025-01-15,116,4438.9802,2025-01-15T19:20:00,2025-01-15T19:10:00,19:20:00,16,DM,0.0,19:20:00,16,DM,1.4971,19:20:00,16,DM,1.3445,739.8300333333333,0.0,4438.9802,739.8300333333333,2025-01-15T19:20:00,2025-01-15 00:00:00,2025-01-15 00:00:00,2025-01-15T19:20:00,2025-01-15T19:20:00,1.3445,723.3796234646336,0.0,0.5805236269639786,1,profile_incumbent,246.36864416666666,0.0,739.2495097063693,0.0,0.0,0.0,0.0,8231.100643245603,7409.7122991274155,0.0,0.0,722.7990998376696,8870.044985388688,8066.934874457944,0.0,0.7805140164530693,0.0,0.7805140164530693
2025-01-15,117,4333.83,2025-01-15T19:30:00,2025-01-15T19:20:00,19:30:00,16,DN,0.0,19:30:00,16,DN,1.4834,19:30:00,16,DN,1.3483,722.305,0.0,4333.83,722.305,2025-01-15T19:30:00,2025-01-15 00:00:00,2025-01-15 00:00:00,2025-01-15T19:30:00,2025-01-15T19:30:00,1.3483,721.8343255291167,0.0,0.3078348657640761,1,profile_incumbent,246.36864416666666,0.0,721.9971651342358,0.0,0.0,0.0,0.0,7409.7122991274155,6607.4932267560425,0.0,0.0,721.5264906633525,8066.934874457944,7265.238773720886,0.0,0.4150537495097038,0.0,0.4150537495097038
2025-01-15,118,4458.7756,2025-01-15T19:40:00,2025-01-15T19:30:00,19:40:00,16,DO,0.0,19:40:00,16,DO,1.5532,19:40:00,16,DO,1.349,743.1292666666667,0.0,4458.7756,743.1292666666667,2025-01-15T19:40:00,2025-01-15 00:00:00,2025-01-15 00:00:00,2025-01-15T19:40:00,2025-01-15T19:40:00,1.349,715.0419400487681,0.0,4.076456330405127,1,profile_incumbent,246.36864416666666,0.0,739.0528103362616,0.0,0.0,0.0,0.0,6607.4932267560425,5786.32343749353,0.0,0.0,710.965483718363,7265.238773720886,6475.277125144927,0.0,5.499139589716516,0.0,5.499139589716516
2025-01-15,119,4489.4042,2025-01-15T19:50:00,2025-01-15T19:40:00,19:50:00,16,DP,0.0,19:50:00,16,DP,1.5755,19:50:00,16,DP,1.3473,748.2340333333333,0.0,4489.4042,748.2340333333333,2025-01-15T19:50:00,2025-01-15 00:00:00,2025-01-15 00:00:00,2025-01-15T19:50:00,2025-01-15T19:50:00,1.3473,732.1224255439039,0.0,0.37959506607984694,1,profile_incumbent,246.36864416666666,0.0,747.8544382672534,0.0,0.0,0.0,0.0,5786.32343749353,4955.374061641026,0.0,0.0,731.742830477824,6475.277125144927,5662.229535725122,0.0,0.5114284325293778,0.0,0.5114284325293778
2025-01-15,120,4421.17,2025-01-15T20:00:00,2025-01-15T19:50:00,20:00:00,16,DQ,0.0,20:00:00,16,DQ,1.5441,20:00:00,16,DQ,1.3482,736.8616666666667,0.0,4421.17,736.8616666666667,2025-01-15T20:00:00,2025-01-15 00:00:00,2025-01-15 00:00:00,2025-01-15T20:00:00,2025-01-15T20:00:00,1.3482,755.258914348276,0.0,0.31501088579566305,1,profile_incumbent,246.36864416666666,0.0,736.546655780871,0.0,0.0,0.0,0.0,4955.374061641026,4136.988888551169,0.0,0.0,754.9439034624803,5662.229535725122,4823.402976322366,0.0,0.42469767622971294,0.0,0.42469767622971294
2025-01-15,121,4587.0461,2025-01-15T20:10:00,2025-01-15T20:00:00,20:10:00,16,DR,0.0,20:10:00,16,DR,1.5629,20:10:00,16,DR,1.3513,764.5076833333333,0.0,4587.0461,764.5076833333333,2025-01-15T20:10:00,2025-01-15 00:00:00,2025-01-15 00:00:00,2025-01-15T20:10:00,2025-01-15T20:10:00,1.3513,735.9957505418193,0.0,0.16544065859854074,1,profile_incumbent,229.2620303861493,0.0,764.3422426747347,0.0,0.0,0.0,0.0,4136.988888551169,3287.719730023686,0.0,0.0,735.8303098832208,4823.402976322366,4005.8137431187874,0.0,0.22355996196420808,0.0,0.22355996196420808
2025-01-15,122,4778.3999,2025-01-15T20:20:00,2025-01-15T20:10:00,20:20:00,16,DS,0.0,20:20:00,16,DS,1.5318,20:20:00,16,DS,1.34,796.3999833333334,0.0,4778.3999,796.3999833333334,2025-01-15T20:20:00,2025-01-15 00:00:00,2025-01-15 00:00:00,2025-01-15T20:20:00,2025-01-15T20:20:00,1.34,714.0187732775554,0.0,404.3358024110291,1,profile_incumbent,229.2620303861493,0.0,392.0641809223043,0.0,0.0,0.0,0.0,3287.719730023686,2852.092862332237,0.0,0.0,309.6829708665263,4005.8137431187874,3661.7215532670916,0.0,541.809975230779,0.0,541.809975230779
2025-01-15,123,4756.8,2025-01-15T20:30:00,2025-01-15T20:20:00,20:30:00,16,DT,0.0,20:30:00,16,DT,1.5014,20:30:00,16,DT,1.3489,792.8000000000001,0.0,4756.8,792.8000000000001,2025-01-15T20:30:00,2025-01-15 00:00:00,2025-01-15 00:00:00,2025-01-15T20:30:00,2025-01-15T20:30:00,1.3489,723.8043966261467,0.0,0.26477874557463155,1,profile_incumbent,229.2620303861493,0.0,792.5352212544254,0.0,0.0,0.0,0.0,2852.092862332237,1971.498172049542,0.0,0.0,723.5396178805721,3661.7215532670916,2857.7886445109007,0.0,0.3571600499056205,0.0,0.3571600499056205
2025-01-15,124,4516.0372,2025-01-15T20:40:00,2025-01-15T20:30:00,20:40:00,16,DU,0.0,20:40:00,16,DU,1.5854,20:40:00,16,DU,1.3952,752.6728666666667,0.0,4516.0372,752.6728666666667,2025-01-15T20:40:00,2025-01-15 00:00:00,2025-01-15 00:00:00,2025-01-15T20:40:00,2025-01-15T20:40:00,1.3952,759.0608830917148,0.22851324778350338,0.00064738252636411,1,profile_incumbent,229.2620303861493,0.0,694.3483548445879,58.32386443955238,0.0,0.0,0.0,1971.498172049542,1200.0,0.0,0.0,758.831722461405,2857.7886445109007,2014.6422862204508,0.0,0.0009032281007832063,406.8672783303174,406.8681815584182
2025-01-15,125,4507.0391,2025-01-15T20:50:00,2025-01-15T20:40:00,20:50:00,16,DV,0.0,20:50:00,16,DV,1.3652,20:50:00,16,DV,1.2226,751.1731833333333,0.0,4507.0391,751.1731833333333,2025-01-15T20:50:00,2025-01-15 00:00:00,2025-01-15 00:00:00,2025-01-15T20:50:00,2025-01-15T20:50:00,1.2226,764.9362227412902,2.4034623241745074,741.9213905912311,1,profile_incumbent,229.2620303861493,0.0,0.0,9.251792742102225,0.0,0.0,0.0,1200.0,1200.0,0.0,0.0,20.611369825884594,2014.6422862204508,1991.7407641916902,0.0,907.073092136839,56.556209032470896,963.6293011693099
2025-01-15,126,4645.34,2025-01-15T21:00:00,2025-01-15T20:50:00,21:00:00,16,DW,0.0,21:00:00,16,DW,0.9551,21:00:00,16,DW,0.9332,774.2233333333334,0.0,4645.34,774.2233333333334,2025-01-15T21:00:00,2025-01-15 00:00:00,2025-01-15 00:00:00,2025-01-15T21:00:00,2025-01-15T21:00:00,0.9332,747.6451752775152,4.224113395272749,691.1008905791252,1,profile_incumbent,229.2620303861493,0.0,0.0,83.12244275420812,0.0,0.0,0.0,1200.0,1200.0,0.0,0.0,52.32017130311726,1991.7407641916902,1933.60724052156,0.0,644.9353510884397,387.8493178911351,1032.7846689795747
2025-01-15,127,4455.2805,2025-01-15T21:10:00,2025-01-15T21:00:00,21:10:00,16,DX,0.0,21:10:00,16,DX,0.9186,21:10:00,16,DX,0.9068,742.54675,0.0,4455.2805,742.54675,2025-01-15T21:10:00,2025-01-15 00:00:00,2025-01-15 00:00:00,2025-01-15T21:10:00,2025-01-15T21:10:00,0.9068,758.3877991464743,5.6631028499424865,759.1069393130656,1,profile_incumbent,243.2344369125664,16.56018931306562,0.0,0.0,0.0,0.0,0.0,1200.0,1214.904170381759,0.0,6.382243016533721,0.0,1933.60724052156,1939.3512592364405,0.0,688.358172569088,0.0,688.358172569088
2025-01-15,128,4457.0947,2025-01-15T21:20:00,2025-01-15T21:10:00,21:20:00,16,DY,0.0,21:20:00,16,DY,0.9597,21:20:00,16,DY,0.9371,742.8491166666666,0.0,4457.0947,742.8491166666666,2025-01-15T21:20:00,2025-01-15 00:00:00,2025-01-15 00:00:00,2025-01-15T21:20:00,2025-01-15T21:20:00,0.9371,741.4044584055985,6.708510078754256,736.0134751764053,1,profile_incumbent,243.2344369125664,0.0,6.83564149026131,0.0,0.0,0.0,0.0,1214.904170381759,1207.3090131703575,0.0,1.3175268495610908,0.0,1939.3512592364405,1940.5370334010454,0.0,689.7182275878095,0.0,689.7182275878095
2025-01-15,129,4672.49,2025-01-15T21:30:00,2025-01-15T21:20:00,21:30:00,16,DZ,0.0,21:30:00,16,DZ,0.9394,21:30:00,16,DZ,0.9371,778.7483333333333,0.0,4672.49,778.7483333333333,2025-01-15T21:30:00,2025-01-15 00:00:00,2025-01-15 00:00:00,2025-01-15T21:30:00,2025-01-15T21:30:00,0.9371,720.4041217812311,7.362823642692892,720.4636952182907,1,profile_incumbent,243.2344369125664,0.0,6.578111853321753,51.70652626172089,0.0,0.0,0.0,1207.3090131703575,1200.0,0.0,7.4223970797525,0.0,1940.5370334010454,1947.2171907728227,0.0,675.1465287890602,242.27092879929324,917.4174575883535
2025-01-15,130,4513.9403,2025-01-15T21:40:00,2025-01-15T21:30:00,21:40:00,16,EA,0.0,21:40:00,16,EA,0.9848,21:40:00,16,EA,0.9871,752.3233833333334,0.0,4513.9403,752.3233833333334,2025-01-15T21:40:00,2025-01-15 00:00:00,2025-01-15 00:00:00,2025-01-15T21:40:00,2025-01-15T21:40:00,0.9871,762.4917248930917,7.641655640836644,750.9399623230983,1,profile_incumbent,243.2344369125664,0.0,0.0,1.3834210102351108,0.0,0.0,0.0,1200.0,1200.0,0.0,0.0,3.9101069291567683,1947.2171907728227,1942.8726275182041,0.0,741.2528368091303,6.82787439601539,748.0807112051457
2025-01-15,131,3985.8003,2025-01-15T21:50:00,2025-01-15T21:40:00,21:50:00,16,EB,0.0,21:50:00,16,EB,0.7978,21:50:00,16,EB,0.7764,664.3000499999999,0.0,3985.8003,664.3000499999999,2025-01-15T21:50:00,2025-01-15 00:00:00,2025-01-15 00:00:00,2025-01-15T21:50:00,2025-01-15T21:50:00,0.7764,691.9860862503368,7.5722378058337565,688.5408871617286,1,profile_incumbent,243.2344369125664,24.240837161728678,0.0,0.0,0.0,0.0,0.0,1200.0,1221.8167534455558,0.0,4.12703871722556,0.0,1942.8726275182041,1946.5869623637072,0.0,534.583144792366,0.0,534.583144792366
2025-01-15,132,3483.22,2025-01-15T22:00:00,2025-01-15T21:50:00,22:00:00,16,EC,0.0,22:00:00,16,EC,0.4823,22:00:00,16,EC,0.4209,580.5366666666666,0.0,3483.22,580.5366666666666,2025-01-15T22:00:00,2025-01-15 00:00:00,2025-01-15 00:00:00,2025-01-15T22:00:00,2025-01-15T22:00:00,0.4209,536.798839423913,7.191736437831671,1225.6097621912436,1,profile_incumbent,243.2344369125664,645.073095524577,0.0,0.0,0.0,0.0,0.0,1221.8167534455558,1802.3825394176752,0.0,696.0026592051622,0.0,1946.5869623637072,2572.989355648353,0.0,515.8591489062944,0.0,515.8591489062944
2025-01-15,133,3442.6273,2025-01-15T22:10:00,2025-01-15T22:00:00,22:10:00,16,ED,0.0,22:10:00,16,ED,0.4725,22:10:00,16,ED,0.3859,573.7712166666666,0.0,3442.6273,573.7712166666666,2025-01-15T22:10:00,2025-01-15 00:00:00,2025-01-15 00:00:00,2025-01-15T22:10:00,2025-01-15T22:10:00,0.3859,515.1386806616556,6.545426144019374,1300.9645580615595,1,profile_incumbent,34.99284482090237,727.1933413948929,0.0,0.0,0.0,0.0,0.0,1802.3825394176752,2456.856546673079,0.0,792.3713035439232,0.0,2572.989355648353,3286.123528837884,0.0,502.0422229559558,0.0,502.0422229559558
2025-01-15,134,3537.9536,2025-01-15T22:20:00,2025-01-15T22:10:00,22:20:00,16,EE,0.0,22:20:00,16,EE,0.4845,22:20:00,16,EE,0.4368,589.6589333333333,0.0,3537.9536,589.6589333333333,2025-01-15T22:20:00,2025-01-15 00:00:00,2025-01-15 00:00:00,2025-01-15T22:20:00,2025-01-15T22:20:00,0.4368,547.8643109995616,5.684764435322238,1214.0316762503835,1,profile_incumbent,34.99284482090237,624.3727429170502,0.0,0.0,0.0,0.0,0.0,2456.856546673079,3018.7920152984243,0.0,671.8521296861442,0.0,3286.123528837884,3890.7904455554135,0.0,530.2890361861676,0.0,530.2890361861676
2025-01-15,135,3489.4,2025-01-15T22:30:00,2025-01-15T22:20:00,22:30:00,16,EF,0.0,22:30:00,16,EF,0.4109,22:30:00,16,EF,0.4198,581.5666666666667,0.0,3489.4,581.5666666666667,2025-01-15T22:30:00,2025-01-15 00:00:00,2025-01-15 00:00:00,2025-01-15T22:30:00,2025-01-15T22:30:00,0.4198,554.1675372456635,4.665410511116581,1349.1181985767541,1,profile_incumbent,34.99284482090237,767.5515319100874,0.0,0.0,0.0,0.0,0.0,3018.7920152984243,3709.588394017503,0.0,799.6160718422071,0.0,3890.7904455554135,4610.4449102134,0.0,566.3598197625214,0.0,566.3598197625214
2025-01-15,136,3307.4853,2025-01-15T22:40:00,2025-01-15T22:30:00,22:40:00,16,EG,0.0,22:40:00,16,EG,0.4328,22:40:00,16,EG,0.4186,551.2475499999999,0.0,3307.4853,551.2475499999999,2025-01-15T22:40:00,2025-01-15 00:00:00,2025-01-15 00:00:00,2025-01-15T22:40:00,2025-01-15T22:40:00,0.4186,540.771084731843,3.545232018586345,1348.4021896308034,1,profile_incumbent,34.99284482090237,797.1546396308034,0.0,0.0,0.0,0.0,0.0,3709.588394017503,4427.027569685226,0.0,811.1763369175468,0.0,4610.4449102134,5340.503613439192,0.0,564.4411565794543,0.0,564.4411565794543
2025-01-15,137,3199.0136,2025-01-15T22:50:00,2025-01-15T22:40:00,22:50:00,16,EH,0.0,22:50:00,16,EH,0.4484,22:50:00,16,EH,0.4241,533.1689333333334,0.0,3199.0136,533.1689333333334,2025-01-15T22:50:00,2025-01-15 00:00:00,2025-01-15 00:00:00,2025-01-15T22:50:00,2025-01-15T22:50:00,0.4241,558.6931516386679,2.382343201807426,1335.7421028037086,1,profile_incumbent,34.99284482090237,802.5731694703752,0.0,0.0,0.0,0.0,0.0,4427.027569685226,5149.343422208563,0.0,779.431294366848,0.0,5340.503613439192,6041.991778369355,0.0,566.4882257990528,0.0,566.4882257990528
2025-01-15,138,3255.64,2025-01-15T23:00:00,2025-01-15T22:50:00,23:00:00,16,EI,0.0,23:00:00,16,EI,0.4204,23:00:00,16,EI,0.4237,542.6066666666667,0.0,3255.64,542.6066666666667,2025-01-15T23:00:00,2025-01-15 00:00:00,2025-01-15 00:00:00,2025-01-15T23:00:00,2025-01-15T23:00:00,0.4237,590.0910793489618,1.2332166677223186,1367.7089447283956,1,profile_incumbent,34.99284482090237,825.102278061729,0.0,0.0,0.0,0.0,0.0,5149.343422208563,5891.93547246412,0.0,778.8510820471561,0.0,6041.991778369355,6742.957752211796,0.0,579.4982798814212,0.0,579.4982798814212
2025-01-15,139,3394.4568,2025-01-15T23:10:00,2025-01-15T23:00:00,23:10:00,16,EJ,0.0,23:10:00,16,EJ,0.4251,23:10:00,16,EJ,0.4248,565.7428,0.0,3394.4568,565.7428,2025-01-15T23:10:00,2025-01-15 00:00:00,2025-01-15 00:00:00,2025-01-15T23:10:00,2025-01-15T23:10:00,0.4248,571.315855275419,0.1509090174598896,1346.6617597850982,1,profile_incumbent,27.394463333333288,780.9189597850982,0.0,0.0,0.0,0.0,0.0,5891.93547246412,6594.762536270709,0.0,775.4968135271391,0.0,6742.957752211796,7440.904884386221,0.0,572.0619155567098,0.0,572.0619155567098
2025-01-15,140,3486.92,2025-01-15T23:20:00,2025-01-15T23:10:00,23:20:00,16,EK,0.0,23:20:00,16,EK,0.4355,23:20:00,16,EK,0.424,581.1533333333333,0.0,3486.92,581.1533333333333,2025-01-15T23:20:00,2025-01-15 00:00:00,2025-01-15 00:00:00,2025-01-15T23:20:00,2025-01-15T23:20:00,0.424,568.2096726221265,0.0,1309.057896368542,1,profile_incumbent,27.394463333333288,727.9045630352088,0.0,0.0,0.0,0.0,0.0,6594.762536270709,7249.876643002396,0.0,740.8482237464156,0.0,7440.904884386221,8107.668285757995,0.0,555.0405480602618,0.0,555.0405480602618
2025-01-15,141,3537.29,2025-01-15T23:30:00,2025-01-15T23:20:00,23:30:00,16,EL,0.0,23:30:00,16,EL,0.4473,23:30:00,16,EL,0.422,589.5483333333333,0.0,3537.29,589.5483333333333,2025-01-15T23:30:00,2025-01-15 00:00:00,2025-01-15 00:00:00,2025-01-15T23:30:00,2025-01-15T23:30:00,0.422,595.6769417338651,0.0,1379.21011356545,1,profile_incumbent,27.394463333333288,789.6617802321167,0.0,0.0,0.0,0.0,0.0,7249.876643002396,7960.572245211301,0.0,783.5331718315849,0.0,8107.668285757995,8812.848140406422,0.0,582.0266679246199,0.0,582.0266679246199
2025-01-15,142,3622.9227,2025-01-15T23:40:00,2025-01-15T23:30:00,23:40:00,16,EM,0.0,23:40:00,16,EM,0.4819,23:40:00,16,EM,0.424,603.82045,0.0,3622.9227,603.82045,2025-01-15T23:40:00,2025-01-15 00:00:00,2025-01-15 00:00:00,2025-01-15T23:40:00,2025-01-15T23:40:00,0.424,602.2294731079045,0.0,1380.5793930789946,1,profile_incumbent,27.394463333333288,776.7589430789945,0.0,0.0,0.0,0.0,0.0,7960.572245211301,8659.655293982396,0.0,778.3499199710901,0.0,8812.848140406422,9513.363068380404,0.0,585.3656626654937,0.0,585.3656626654937
2025-01-15,143,3558.641,2025-01-15T23:50:00,2025-01-15T23:40:00,23:50:00,16,EN,0.0,23:50:00,16,EN,0.468,23:50:00,16,EN,0.4271,593.1068333333334,0.0,3558.641,593.1068333333334,2025-01-15T23:50:00,2025-01-15 00:00:00,2025-01-15 00:00:00,2025-01-15T23:50:00,2025-01-15T23:50:00,0.4271,606.0061223927613,0.0,1343.382360326719,1,profile_incumbent,27.394463333333288,750.2755269933856,0.0,0.0,0.0,0.0,0.0,8659.655293982396,9334.903268276443,0.0,737.3762379339577,0.0,9513.363068380404,10177.001682520966,0.0,573.7586060955416,0.0,573.7586060955416
2025-01-15,144,3429.6,2025-01-16T00:00:00,2025-01-15T23:50:00,0:00+1,16,EO,0.0,0:00+1,16,EO,0.4134,0:00+1,16,EO,0.4276,571.6,0.0,3429.6,571.6,2025-01-16T00:00:00,2025-01-15 00:00:00,2025-01-15 00:00:00,2025-01-16T00:00:00,2025-01-16T00:00:00,0.4276,608.8534468104859,0.0,1146.128829118923,1,profile_incumbent,27.394463333333288,574.528829118923,0.0,0.0,0.0,0.0,0.0,9334.903268276443,9851.979214483474,0.0,537.2753823084371,0.0,10177.001682520966,10660.54952659856,0.0,490.0846873312515,0.0,490.0846873312515
2025-01-16,1,3526.9471,2025-01-16T00:10:00,2025-01-16T00:00:00,00:10:00,17,B,0.0,00:10:00,17,B,0.4046,00:10:00,17,B,0.4248,587.8245166666667,0.0,3526.9471,587.8245166666667,2025-01-16T00:10:00,2025-01-16 00:00:00,2025-01-16 00:00:00,2025-01-16T00:10:00,2025-01-16T00:10:00,0.4248,593.1706283163162,0.09546471436529669,646.9526782762576,1,profile_incumbent,28.097577816597774,59.12816160959096,0.0,0.0,0.0,0.0,0.0,9851.979214483474,9905.194559932106,0.0,53.87751467430678,0.0,9851.979214483474,9900.46897769035,0.0,274.82549773175424,0.0,274.82549773175424
2025-01-16,2,3626.8272,2025-01-16T00:20:00,2025-01-16T00:10:00,00:20:00,17,C,0.0,00:20:00,17,C,0.4281,00:20:00,17,C,0.4245,604.4712000000001,0.0,3626.8272,604.4712000000001,2025-01-16T00:20:00,2025-01-16 00:00:00,2025-01-16 00:00:00,2025-01-16T00:20:00,2025-01-16T00:20:00,0.4245,599.5532501217142,0.4021320509663089,711.8167021666009,1,profile_incumbent,28.097577816597774,107.3455021666008,0.0,0.0,0.0,0.0,0.0,9905.194559932106,10001.805511882047,0.0,112.66558409585298,0.0,9900.46897769035,10001.868003376618,0.0,302.16619006972206,0.0,302.16619006972206
2025-01-16,3,3626.59,2025-01-16T00:30:00,2025-01-16T00:20:00,00:30:00,17,D,0.0,00:30:00,17,D,0.4594,00:30:00,17,D,0.4269,604.4316666666667,0.0,3626.59,604.4316666666667,2025-01-16T00:30:00,2025-01-16 00:00:00,2025-01-16 00:00:00,2025-01-16T00:30:00,2025-01-16T00:30:00,0.4269,625.8587231208181,0.9032363247697803,622.5158959903207,1,profile_incumbent,28.097577816597774,18.08422932365397,0.0,0.0,0.0,0.0,0.0,10001.805511882047,10018.081318273335,0.0,0.0,2.4395908057276756,10001.868003376618,9999.15734692581,0.0,265.7520359982679,0.0,265.7520359982679
2025-01-16,4,3641.0299,2025-01-16T00:40:00,2025-01-16T00:30:00,00:40:00,17,E,0.0,00:40:00,17,E,0.4868,00:40:00,17,E,0.4272,606.8383166666666,0.0,3641.0299,606.8383166666666,2025-01-16T00:40:00,2025-01-16 00:00:00,2025-01-16 00:00:00,2025-01-16T00:40:00,2025-01-16T00:40:00,0.4272,629.3391097868725,1.5732343107435889,676.3493349868206,1,profile_incumbent,28.097577816597774,69.511018320154,0.0,0.0,0.0,0.0,0.0,10018.081318273335,10080.641234761473,0.0,48.58345951069168,0.0,9999.15734692581,10042.88246048543,0.0,288.9364359063698,0.0,288.9364359063698
2025-01-16,5,3647.4731,2025-01-16T00:50:00,2025-01-16T00:40:00,00:50:00,17,F,0.0,00:50:00,17,F,0.4934,00:50:00,17,F,0.4271,607.9121833333334,0.0,3647.4731,607.9121833333334,2025-01-16T00:50:00,2025-01-16 00:00:00,2025-01-16 00:00:00,2025-01-16T00:50:00,2025-01-16T00:50:00,0.4271,635.8637055328716,2.378530655399233,682.4891460736203,1,profile_incumbent,28.097577816597774,74.57696274028694,0.0,0.0,0.0,0.0,0.0,10080.641234761473,10147.76050122773,0.0,49.00397119614797,0.0,10042.88246048543,10086.986034561964,0.0,291.4911142880432,0.0,291.4911142880432
2025-01-16,6,3754.71,2025-01-16T01:00:00,2025-01-16T00:50:00,01:00:00,17,G,0.0,01:00:00,17,G,0.4957,01:00:00,17,G,0.4285,625.785,0.0,3754.71,625.785,2025-01-16T01:00:00,2025-01-16 00:00:00,2025-01-16 00:00:00,2025-01-16T01:00:00,2025-01-16T01:00:00,0.4285,652.4359793258052,3.278453042187305,639.9897485105585,1,profile_incumbent,28.097577816597774,14.204748510558488,0.0,0.0,0.0,0.0,0.0,10147.76050122773,10160.544774887234,0.0,0.0,9.16777777305947,10086.986034561964,10076.79961481412,0.0,274.2356072367743,0.0,274.2356072367743
2025-01-16,7,4055.3702,2025-01-16T01:10:00,2025-01-16T01:00:00,01:10:00,17,H,0.0,01:10:00,17,H,0.5184,01:10:00,17,H,0.4311,675.8950333333333,0.0,4055.3702,675.8950333333333,2025-01-16T01:10:00,2025-01-16 00:00:00,2025-01-16 00:00:00,2025-01-16T01:10:00,2025-01-16T01:10:00,0.4311,657.3827828000447,4.226456805745638,642.2623972571349,1,profile_incumbent,42.102955961814075,0.0,33.63263607619842,0.0,0.0,0.0,0.0,10160.544774887234,10123.175179247013,0.0,0.0,10.89392873716406,10076.79961481412,10064.695249550603,0.0,276.8793194575509,0.0,276.8793194575509
2025-01-16,8,3946.9391,2025-01-16T01:20:00,2025-01-16T01:10:00,01:20:00,17,I,0.0,01:20:00,17,I,0.4844,01:20:00,17,I,0.4302,657.8231833333333,0.0,3946.9391,657.8231833333333,2025-01-16T01:20:00,2025-01-16 00:00:00,2025-01-16 00:00:00,2025-01-16T01:20:00,2025-01-16T01:20:00,0.4302,660.0214598665805,5.171533810168277,647.7406024883811,1,profile_incumbent,42.102955961814075,0.0,10.08258084495219,0.0,0.0,0.0,0.0,10123.175179247013,10111.972311641512,0.0,0.0,7.109323568031073,10064.695249550603,10056.79600114168,0.0,278.65800719050156,0.0,278.65800719050156
2025-01-16,9,3651.74,2025-01-16T01:30:00,2025-01-16T01:20:00,01:30:00,17,J,0.0,01:30:00,17,J,0.4383,01:30:00,17,J,0.4279,608.6233333333333,0.0,3651.74,608.6233333333333,2025-01-16T01:30:00,2025-01-16 00:00:00,2025-01-16 00:00:00,2025-01-16T01:30:00,2025-01-16T01:30:00,0.4279,656.5632911164772,6.059795993197568,657.8641656081861,1,profile_incumbent,42.102955961814075,49.24083227485278,0.0,0.0,0.0,0.0,0.0,10111.972311641512,10156.28906068888,0.0,7.36067048490645,0.0,10056.79600114168,10063.420604578096,0.0,281.50007646374286,0.0,281.50007646374286
2025-01-16,10,3951.4431,2025-01-16T01:40:00,2025-01-16T01:30:00,01:40:00,17,K,0.0,01:40:00,17,K,0.497,01:40:00,17,K,0.4312,658.57385,0.0,3951.4431,658.57385,2025-01-16T01:40:00,2025-01-16 00:00:00,2025-01-16 00:00:00,2025-01-16T01:40:00,2025-01-16T01:40:00,0.4312,637.2945167054743,6.836200114318665,698.0459309562351,1,profile_incumbent,42.102955961814075,39.47208095623512,0.0,0.0,0.0,0.0,0.0,10156.28906068888,10191.81393354949,0.0,67.5876143650795,0.0,10063.420604578096,10124.249457506667,0.0,300.9974054283286,0.0,300.9974054283286
2025-01-16,11,3923.0595,2025-01-16T01:50:00,2025-01-16T01:40:00,01:50:00,17,L,0.0,01:50:00,17,L,0.4852,01:50:00,17,L,0.4333,653.84325,0.0,3923.0595,653.84325,2025-01-16T01:50:00,2025-01-16 00:00:00,2025-01-16 00:00:00,2025-01-16T01:50:00,2025-01-16T01:50:00,0.4333,650.3183578796736,7.446377003203281,690.107089449212,1,profile_incumbent,42.102955961814075,36.263839449212014,0.0,0.0,0.0,0.0,0.0,10191.81393354949,10224.451389053782,0.0,47.23510857274164,0.0,10124.249457506667,10166.761055222134,0.0,299.02340185834356,0.0,299.02340185834356
2025-01-16,12,3568.29,2025-01-16T02:00:00,2025-01-16T01:50:00,02:00:00,17,M,0.0,02:00:00,17,M,0.4122,02:00:00,17,M,0.4311,594.715,0.0,3568.29,594.715,2025-01-16T02:00:00,2025-01-16 00:00:00,2025-01-16 00:00:00,2025-01-16T02:00:00,2025-01-16T02:00:00,0.4311,678.5903123921297,7.838526047817681,664.6560828945385,1,profile_incumbent,42.102955961814075,69.94108289453845,0.0,0.0,0.0,0.0,0.0,10224.451389053782,10287.398363658867,0.0,0.0,6.095703449773509,10166.761055222134,10159.988051389053,0.0,286.5332373358355,0.0,286.5332373358355
2025-01-16,13,3842.8051,2025-01-16T02:10:00,2025-01-16T02:00:00,02:10:00,17,N,0.0,02:10:00,17,N,0.4621,02:10:00,17,N,0.4293,640.4675166666667,0.0,3842.8051,640.4675166666667,2025-01-16T02:10:00,2025-01-16 00:00:00,2025-01-16 00:00:00,2025-01-16T02:10:00,2025-01-16T02:10:00,0.4293,658.5912577465967,7.965333838646196,688.9824007157117,1,profile_incumbent,26.701340508299463,48.51488404904501,0.0,0.0,0.0,0.0,0.0,10287.398363658867,10331.061759303007,0.0,38.35647680776117,0.0,10159.988051389053,10194.508880516038,0.0,295.780144627255,0.0,295.780144627255
2025-01-16,14,4103.7695,2025-01-16T02:20:00,2025-01-16T02:10:00,02:20:00,17,O,0.0,02:20:00,17,O,0.4888,02:20:00,17,O,0.4324,683.9615833333334,0.0,4103.7695,683.9615833333334,2025-01-16T02:20:00,2025-01-16 00:00:00,2025-01-16 00:00:00,2025-01-16T02:20:00,2025-01-16T02:20:00,0.4324,655.9545118525161,7.785874833712731,673.489251577351,1,profile_incumbent,26.701340508299463,0.0,10.472331755982395,0.0,0.0,0.0,0.0,10331.061759303007,10319.425835129694,0.0,25.320614558547504,0.0,10194.508880516038,10217.29743361873,0.0,291.21675238204654,0.0,291.21675238204654
2025-01-16,15,4044.77,2025-01-16T02:30:00,2025-01-16T02:20:00,02:30:00,17,P,0.0,02:30:00,17,P,0.4499,02:30:00,17,P,0.4367,674.1283333333333,0.0,4044.77,674.1283333333333,2025-01-16T02:30:00,2025-01-16 00:00:00,2025-01-16 00:00:00,2025-01-16T02:30:00,2025-01-16T02:30:00,0.4367,671.860700767768,7.267451651512172,637.6999790814001,1,profile_incumbent,26.701340508299463,0.0,36.42835425193323,0.0,0.0,0.0,0.0,10319.425835129694,10278.94988596088,0.0,0.0,26.893270034855732,10217.29743361873,10187.416022468891,0.0,278.4835808648474,0.0,278.4835808648474
2025-01-16,16,4034.9116,2025-01-16T02:40:00,2025-01-16T02:30:00,02:40:00,17,Q,0.0,02:40:00,17,Q,0.4569,02:40:00,17,Q,0.4348,672.4852666666667,0.0,4034.9116,672.4852666666667,2025-01-16T02:40:00,2025-01-16 00:00:00,2025-01-16 00:00:00,2025-01-16T02:40:00,2025-01-16T02:40:00,0.4348,645.662400844688,6.387333144545589,654.5034018076839,1,profile_incumbent,26.701340508299463,0.0,17.981864858982817,0.0,0.0,0.0,0.0,10278.94988596088,10258.970036117566,0.0,15.2283341075414,0.0,10187.416022468891,10201.121523165679,0.0,284.578079105981,0.0,284.578079105981
2025-01-16,17,4134.1421,2025-01-16T02:50:00,2025-01-16T02:40:00,02:50:00,17,R,0.0,02:50:00,17,R,0.4824,02:50:00,17,R,0.4335,689.0236833333333,0.0,4134.1421,689.0236833333333,2025-01-16T02:50:00,2025-01-16 00:00:00,2025-01-16 00:00:00,2025-01-16T02:50:00,2025-01-16T02:50:00,0.4335,654.8146145779427,5.13434974950025,670.375250846944,1,profile_incumbent,26.701340508299463,0.0,18.64843248638931,0.0,0.0,0.0,0.0,10258.970036117566,10238.249555577133,0.0,20.694986018501595,0.0,10201.121523165679,10219.74701058233,0.0,290.6076712421502,0.0,290.6076712421502
2025-01-16,18,4153.67,2025-01-16T03:00:00,2025-01-16T02:50:00,03:00:00,17,S,0.0,03:00:00,17,S,0.4838,03:00:00,17,S,0.4357,692.2783333333333,0.0,4153.67,692.2783333333333,2025-01-16T03:00:00,2025-01-16 00:00:00,2025-01-16 00:00:00,2025-01-16T03:00:00,2025-01-16T03:00:00,0.4357,697.3032554560173,3.5103077315624516,663.8135707585604,1,profile_incumbent,26.701340508299463,0.0,28.464762574772863,0.0,0.0,0.0,0.0,10238.249555577133,10206.622041605164,0.0,0.0,29.979376965894403,10219.74701058233,10186.436591731337,0.0,289.22357277950476,0.0,289.22357277950476
2025-01-16,19,3925.5742,2025-01-16T03:10:00,2025-01-16T03:00:00,03:10:00,17,T,0.0,03:10:00,17,T,0.4596,03:10:00,17,T,0.4374,654.2623666666667,0.0,3925.5742,654.2623666666667,2025-01-16T03:10:00,2025-01-16 00:00:00,2025-01-16 00:00:00,2025-01-16T03:10:00,2025-01-16T03:10:00,0.4374,690.2839156759255,1.531186806263673,686.9936021414536,1,profile_incumbent,32.530186692822326,32.7312354747869,0.0,0.0,0.0,0.0,0.0,10206.622041605164,10236.080153532472,0.0,0.0,1.75912672820823,10186.436591731337,10184.482006477772,0.0,300.4910015766718,0.0,300.4910015766718
2025-01-16,20,3983.9433,2025-01-16T03:20:00,2025-01-16T03:10:00,03:20:00,17,U,0.0,03:20:00,17,U,0.481,03:20:00,17,U,0.4371,663.99055,0.0,3983.9433,663.99055,2025-01-16T03:20:00,2025-01-16 00:00:00,2025-01-16 00:00:00,2025-01-16T03:20:00,2025-01-16T03:20:00,0.4371,684.6272860805348,0.0,689.1978841199422,1,profile_incumbent,32.530186692822326,25.207334119942175,0.0,0.0,0.0,0.0,0.0,10236.080153532472,10258.76675424042,0.0,4.5705980394074,0.0,10184.482006477772,10188.595544713238,0.0,301.2483951488267,0.0,301.2483951488267
2025-01-16,21,4260.75,2025-01-16T03:30:00,2025-01-16T03:20:00,03:30:00,17,V,0.0,03:30:00,17,V,0.524,03:30:00,17,V,0.4356,710.125,0.0,4260.75,710.125,2025-01-16T03:30:00,2025-01-16 00:00:00,2025-01-16 00:00:00,2025-01-16T03:30:00,2025-01-16T03:30:00,0.4356,692.3301486491422,0.0,689.1461686730794,1,profile_incumbent,32.530186692822326,0.0,20.978831326920613,0.0,0.0,0.0,0.0,10258.76675424042,10235.456941654953,0.0,0.0,3.183979976062801,10188.595544713238,10185.05778918428,0.0,300.19207107399336,0.0,300.19207107399336
2025-01-16,22,4154.8507,2025-01-16T03:40:00,2025-01-16T03:30:00,03:40:00,17,W,0.0,03:40:00,17,W,0.4956,03:40:00,17,W,0.4353,692.4751166666666,0.0,4154.8507,692.4751166666666,2025-01-16T03:40:00,2025-01-16 00:00:00,2025-01-16 00:00:00,2025-01-16T03:40:00,2025-01-16T03:40:00,0.4353,672.7918188508331,0.0,714.8314049491622,1,profile_incumbent,32.530186692822326,22.356288282495598,0.0,0.0,0.0,0.0,0.0,10235.456941654953,10255.577601109198,0.0,42.039586098329096,0.0,10185.05778918428,10222.893416672776,0.0,311.16611057437035,0.0,311.16611057437035
2025-01-16,23,4030.1941,2025-01-16T03:50:00,2025-01-16T03:40:00,03:50:00,17,X,0.0,03:50:00,17,X,0.4743,03:50:00,17,X,0.436,671.6990166666667,0.0,4030.1941,671.6990166666667,2025-01-16T03:50:00,2025-01-16 00:00:00,2025-01-16 00:00:00,2025-01-16T03:50:00,2025-01-16T03:50:00,0.436,667.0523349032337,0.0,712.2559648756478,1,profile_incumbent,32.530186692822326,40.55694820898111,0.0,0.0,0.0,0.0,0.0,10255.577601109198,10292.078854497282,0.0,45.20362997241409,0.0,10222.893416672776,10263.576683647949,0.0,310.54360068578245,0.0,310.54360068578245
2025-01-16,24,4043.49,2025-01-16T04:00:00,2025-01-16T03:50:00,04:00:00,17,Y,0.0,04:00:00,17,Y,0.4814,04:00:00,17,Y,0.4378,673.915,0.0,4043.49,673.915,2025-01-16T04:00:00,2025-01-16 00:00:00,2025-01-16 00:00:00,2025-01-16T04:00:00,2025-01-16T04:00:00,0.4378,686.4687423193483,0.0,724.1031619535086,1,profile_incumbent,32.530186692822326,50.1881619535086,0.0,0.0,0.0,0.0,0.0,10292.078854497282,10337.248200255439,0.0,37.63441963416028,0.0,10263.576683647949,10297.447661318693,0.0,317.01236430324604,0.0,317.01236430324604
2025-01-16,25,3997.7702,2025-01-16T04:10:00,2025-01-16T04:00:00,04:10:00,17,Z,0.0,04:10:00,17,Z,0.4628,04:10:00,17,Z,0.4401,666.2950333333333,0.0,3997.7702,666.2950333333333,2025-01-16T04:10:00,2025-01-16 00:00:00,2025-01-16 00:00:00,2025-01-16T04:10:00,2025-01-16T04:10:00,0.4401,697.2619169871111,0.0,716.7462121572712,1,profile_incumbent,30.159456666666625,50.45117882393788,0.0,0.0,0.0,0.0,0.0,10337.248200255439,10382.654261196983,0.0,19.484295170160067,0.0,10297.447661318693,10314.983526971837,0.0,315.440007970415,0.0,315.440007970415
2025-01-16,26,4093.5673,2025-01-16T04:20:00,2025-01-16T04:10:00,04:20:00,17,AA,0.0,04:20:00,17,AA,0.4668,04:20:00,17,AA,0.4389,682.2612166666667,0.0,4093.5673,682.2612166666667,2025-01-16T04:20:00,2025-01-16 00:00:00,2025-01-16 00:00:00,2025-01-16T04:20:00,2025-01-16T04:20:00,0.4389,689.37701039815,0.0,693.3995144870158,1,profile_incumbent,30.159456666666625,11.13829782034918,0.0,0.0,0.0,0.0,0.0,10382.654261196983,10392.678729235298,0.0,4.022504088865844,0.0,10314.983526971837,10318.603780651816,0.0,304.33304690835126,0.0,304.33304690835126
2025-01-16,27,4269.59,2025-01-16T04:30:00,2025-01-16T04:20:00,04:30:00,17,AB,0.0,04:30:00,17,AB,0.4983,04:30:00,17,AB,0.4364,711.5983333333334,0.0,4269.59,711.5983333333334,2025-01-16T04:30:00,2025-01-16 00:00:00,2025-01-16 00:00:00,2025-01-16T04:30:00,2025-01-16T04:30:00,0.4364,674.3357166310873,0.0,681.4957546422684,1,profile_incumbent,30.159456666666625,0.0,30.10257869106499,0.0,0.0,0.0,0.0,10392.678729235298,10359.23141957856,0.0,7.160038011181086,0.0,10318.603780651816,10325.047814861879,0.0,297.4047473258859,0.0,297.4047473258859
2025-01-16,28,4241.1487,2025-01-16T04:40:00,2025-01-16T04:30:00,04:40:00,17,AC,0.0,04:40:00,17,AC,0.5054,04:40:00,17,AC,0.4393,706.8581166666667,0.0,4241.1487,706.8581166666667,2025-01-16T04:40:00,2025-01-16 00:00:00,2025-01-16 00:00:00,2025-01-16T04:40:00,2025-01-16T04:40:00,0.4393,674.3977138346062,0.0,673.3850423737533,1,profile_incumbent,30.159456666666625,0.0,33.47307429291334,0.0,0.0,0.0,0.0,10359.23141957856,10322.039114808656,0.0,0.0,1.0126714608528573,10325.047814861879,10323.92262434982,0.0,295.81804911478986,0.0,295.81804911478986
2025-01-16,29,4276.5942,2025-01-16T04:50:00,2025-01-16T04:40:00,04:50:00,17,AD,0.0,04:50:00,17,AD,0.4896,04:50:00,17,AD,0.4422,712.7656999999999,0.0,4276.5942,712.7656999999999,2025-01-16T04:50:00,2025-01-16 00:00:00,2025-01-16 00:00:00,2025-01-16T04:50:00,2025-01-16T04:50:00,0.4422,693.7447756068306,0.0,662.9752194780536,1,profile_incumbent,30.159456666666625,0.0,49.79048052194628,0.0,0.0,0.0,0.0,10322.039114808656,10266.71635867316,0.0,0.0,30.769556128776912,10323.92262434982,10289.73422865118,0.0,293.1676420531953,0.0,293.1676420531953
2025-01-16,30,4371.29,2025-01-16T05:00:00,2025-01-16T04:50:00,05:00:00,17,AE,0.0,05:00:00,17,AE,0.476,05:00:00,17,AE,0.4395,728.5483333333333,0.0,4371.29,728.5483333333333,2025-01-16T05:00:00,2025-01-16 00:00:00,2025-01-16 00:00:00,2025-01-16T05:00:00,2025-01-16T05:00:00,0.4395,716.2749767823267,0.0,662.5831623144004,1,profile_incumbent,30.159456666666625,0.0,65.96517101893289,0.0,0.0,0.0,0.0,10266.71635867316,10193.42172420768,0.0,0.0,53.69181446792629,10289.73422865118,10230.07665702015,0.0,291.205299837179,0.0,291.205299837179
2025-01-16,31,4250.1119,2025-01-16T05:10:00,2025-01-16T05:00:00,05:10:00,17,AF,0.0,05:10:00,17,AF,0.4908,05:10:00,17,AF,0.4333,708.3519833333334,0.0,4250.1119,708.3519833333334,2025-01-16T05:10:00,2025-01-16 00:00:00,2025-01-16 00:00:00,2025-01-16T05:10:00,2025-01-16T05:10:00,0.4333,721.9694656569445,0.0,730.4930830916694,1,profile_incumbent,39.27485370664532,22.141099758336054,0.0,0.0,0.0,0.0,0.0,10193.42172420768,10213.34871399018,0.0,8.523617434724883,0.0,10230.07665702015,10237.747912711402,0.0,316.5226529036204,0.0,316.5226529036204
2025-01-16,32,4200.101,2025-01-16T05:20:00,2025-01-16T05:10:00,05:20:00,17,AG,0.0037,05:20:00,17,AG,0.5264,05:20:00,17,AG,0.4439,700.0168333333332,0.0006166666666666667,4200.097299999999,700.0162166666665,2025-01-16T05:20:00,2025-01-16 00:00:00,2025-01-16 00:00:00,2025-01-16T05:20:00,2025-01-16T05:20:00,0.4439,734.5758580434702,0.0,737.9773262610274,1,profile_incumbent,39.27485370664532,37.96110959436089,0.0,0.0,0.0,0.0,0.0,10213.34871399018,10247.513712625105,0.0,3.4014682175571807,0.0,10237.747912711402,10240.809234107204,0.0,327.5881351272701,0.0,327.5881351272701
2025-01-16,33,4267.29,2025-01-16T05:30:00,2025-01-16T05:20:00,05:30:00,17,AH,0.0,05:30:00,17,AH,0.5272,05:30:00,17,AH,0.4301,711.215,0.0,4267.29,711.215,2025-01-16T05:30:00,2025-01-16 00:00:00,2025-01-16 00:00:00,2025-01-16T05:30:00,2025-01-16T05:30:00,0.4301,721.621715162971,0.0,716.9030263126172,1,profile_incumbent,39.27485370664532,5.688026312617126,0.0,0.0,0.0,0.0,0.0,10247.513712625105,10252.63293630646,0.0,0.0,4.7186888503538285,10240.809234107204,10235.5662464957,0.0,308.3399916170566,0.0,308.3399916170566
2025-01-16,34,4287.4853,2025-01-16T05:40:00,2025-01-16T05:30:00,05:40:00,17,AI,0.0,05:40:00,17,AI,0.4829,05:40:00,17,AI,0.3713,714.5808833333334,0.0,4287.4853,714.5808833333334,2025-01-16T05:40:00,2025-01-16 00:00:00,2025-01-16 00:00:00,2025-01-16T05:40:00,2025-01-16T05:40:00,0.3713,651.0147299018221,0.0,1339.8365945297721,1,profile_incumbent,39.27485370664532,608.1856263261559,0.0,0.0,17.070084870282813,17.070084870282813,0.0,10252.63293630646,10800.0,0.0,627.1486150047773,0.0,10235.5662464957,10800.0,61.67324962317275,497.4813275489044,0.0,497.4813275489044
2025-01-16,35,4761.2514,2025-01-16T05:50:00,2025-01-16T05:40:00,05:50:00,17,AJ,0.051,05:50:00,17,AJ,0.6983,05:50:00,17,AJ,0.5708,793.5419,0.008499999999999999,4761.2004,793.5334,2025-01-16T05:50:00,2025-01-16 00:00:00,2025-01-16 00:00:00,2025-01-16T05:50:00,2025-01-16T05:50:00,0.5708,745.9967885237987,0.0,775.6806837967471,1,profile_incumbent,39.27485370664532,0.0,17.852716203252953,0.0,0.0,0.0,0.0,10800.0,10780.163648663052,0.0,0.0,0.0,10800.0,10800.0,29.683895272948348,442.7585343111832,0.0,442.7585343111832
2025-01-16,36,5477.15,2025-01-16T06:00:00,2025-01-16T05:50:00,06:00:00,17,AK,0.0,06:00:00,17,AK,1.0467,06:00:00,17,AK,0.9099,912.8583333333332,0.0,5477.15,912.8583333333332,2025-01-16T06:00:00,2025-01-16 00:00:00,2025-01-16 00:00:00,2025-01-16T06:00:00,2025-01-16T06:00:00,0.9099,941.3402389539721,0.5071279905611078,851.0671168563749,1,profile_incumbent,39.27485370664532,0.0,61.79121647695831,0.0,0.0,0.0,0.0,10780.163648663052,10711.506741466432,0.0,0.0,89.76599410703602,10800.0,10700.260006547738,0.0,774.3859696276156,0.0,774.3859696276156
2025-01-16,37,5639.7902,2025-01-16T06:10:00,2025-01-16T06:00:00,06:10:00,17,AL,0.0,06:10:00,17,AL,1.0767,06:10:00,17,AL,0.9368,939.9650333333334,0.0,5639.7902,939.9650333333334,2025-01-16T06:10:00,2025-01-16 00:00:00,2025-01-16 00:00:00,2025-01-16T06:10:00,2025-01-16T06:10:00,0.9368,936.2174020598386,10.497369178346853,244.08083829557108,1,profile_incumbent,68.53011758195194,0.0,695.8841950377623,0.0,0.0,0.0,0.0,10711.506741466432,9938.302080313362,0.0,0.0,681.6391945859207,10700.260006547738,9942.883123674494,0.0,228.65492931529099,0.0,228.65492931529099
2025-01-16,38,5625.4495,2025-01-16T06:20:00,2025-01-16T06:10:00,06:20:00,17,AM,0.7109,06:20:00,17,AM,1.0678,06:20:00,17,AM,0.8758,937.5749166666666,0.11848333333333333,5624.7386,937.4564333333333,2025-01-16T06:20:00,2025-01-16 00:00:00,2025-01-16 00:00:00,2025-01-16T06:20:00,2025-01-16T06:20:00,0.8758,891.4683802702401,22.579624613762764,845.967488544368,1,profile_incumbent,68.53011758195194,0.0,91.48894478896523,0.0,0.0,0.0,0.0,9938.302080313362,9836.647697214512,0.0,0.0,22.921267112109263,9942.883123674494,9917.415049105482,0.0,740.8983264671575,0.0,740.8983264671575
2025-01-16,39,5606.62,2025-01-16T06:30:00,2025-01-16T06:20:00,06:30:00,17,AN,0.0,06:30:00,17,AN,1.1245,06:30:00,17,AN,0.8759,934.4366666666666,0.0,5606.62,934.4366666666666,2025-01-16T06:30:00,2025-01-16 00:00:00,2025-01-16 00:00:00,2025-01-16T06:30:00,2025-01-16T06:30:00,0.8759,902.8528012037102,36.86378955678526,888.607024818975,1,profile_incumbent,68.53011758195194,0.0,45.82964184769162,0.0,0.0,0.0,0.0,9836.647697214512,9785.7258729393,0.0,22.61801317205004,0.0,9917.415049105482,9937.771260960328,0.0,778.3308930389402,0.0,778.3308930389402
2025-01-16,40,5395.3118,2025-01-16T06:40:00,2025-01-16T06:30:00,06:40:00,17,AO,0.0,06:40:00,17,AO,1.0687,06:40:00,17,AO,0.8601,899.2186333333334,0.0,5395.3118,899.2186333333334,2025-01-16T06:40:00,2025-01-16 00:00:00,2025-01-16 00:00:00,2025-01-16T06:40:00,2025-01-16T06:40:00,0.8601,901.1964057087702,53.43910048004922,857.2581717666093,1,profile_incumbent,68.53011758195194,0.0,41.96046156672412,0.0,0.0,0.0,0.0,9785.7258729393,9739.103137865162,0.0,9.500866537888328,0.0,9937.771260960328,9946.322040844427,0.0,737.3277535364606,0.0,737.3277535364606
2025-01-16,41,5366.0404,2025-01-16T06:50:00,2025-01-16T06:40:00,06:50:00,17,AP,13.5176,06:50:00,17,AP,1.0352,06:50:00,17,AP,0.8442,894.3400666666666,2.2529333333333335,5352.5228,892.0871333333333,2025-01-16T06:50:00,2025-01-16 00:00:00,2025-01-16 00:00:00,2025-01-16T06:50:00,2025-01-16T06:50:00,0.8442,894.4845244941324,72.37170377545873,867.9860909166744,1,profile_incumbent,68.53011758195194,0.0,24.10104241665897,0.0,0.0,0.0,0.0,9739.103137865162,9712.324201846652,0.0,45.87327019800068,0.0,9946.322040844427,9987.607984022627,0.0,732.7538579518565,0.0,732.7538579518565
2025-01-16,42,5558.06,2025-01-16T07:00:00,2025-01-16T06:50:00,07:00:00,17,AQ,97.65,07:00:00,17,AQ,1.0471,07:00:00,17,AQ,0.8334,926.3433333333334,16.275000000000002,5460.410000000001,910.0683333333334,2025-01-16T07:00:00,2025-01-16 00:00:00,2025-01-16 00:00:00,2025-01-16T07:00:00,2025-01-16T07:00:00,0.8334,898.0692934203718,93.70248752998,871.0889750095746,1,profile_incumbent,68.53011758195194,0.0,38.97935832375879,0.0,0.0,0.0,0.0,9712.324201846652,9669.013803709142,0.0,66.72216911918281,0.0,9987.607984022627,10047.65793622989,0.0,725.9655517729794,0.0,725.9655517729794
2025-01-16,43,5626.846,2025-01-16T07:10:00,2025-01-16T07:00:00,07:10:00,17,AR,286.5651,07:10:00,17,AR,0.9905,07:10:00,17,AR,0.8092,937.8076666666666,47.76085,5340.2809,890.0468166666666,2025-01-16T07:10:00,2025-01-16 00:00:00,2025-01-16 00:00:00,2025-01-16T07:10:00,2025-01-16T07:10:00,0.8092,912.2013367664931,117.44521825001807,895.4852724110677,1,profile_incumbent,68.46364498138297,5.438455744401153,0.0,0.0,0.0,0.0,0.0,9669.013803709142,9673.908413879102,0.0,100.72915389459274,0.0,10047.65793622989,10138.314174735024,0.0,724.6266824350361,0.0,724.6266824350361
2025-01-16,44,5609.389,2025-01-16T07:20:00,2025-01-16T07:10:00,07:20:00,17,AS,533.3749,07:20:00,17,AS,0.9744,07:20:00,17,AS,0.7972,934.8981666666667,88.89581666666668,5076.0141,846.0023500000001,2025-01-16T07:20:00,2025-01-16 00:00:00,2025-01-16 00:00:00,2025-01-16T07:20:00,2025-01-16T07:20:00,0.7972,931.7423889380066,143.5850201889004,879.6203590546551,1,profile_incumbent,68.46364498138297,33.618009054654976,0.0,0.0,0.0,0.0,0.0,9673.908413879102,9704.164622028291,0.0,91.46299030554883,0.0,10138.314174735024,10220.630866010019,0.0,701.233350238371,0.0,701.233350238371
2025-01-16,45,5434.46,2025-01-16T07:30:00,2025-01-16T07:20:00,07:30:00,17,AT,790.95,07:30:00,17,AT,0.975,07:30:00,17,AT,0.7644,905.7433333333333,131.82500000000002,4643.51,773.9183333333333,2025-01-16T07:30:00,2025-01-16 00:00:00,2025-01-16 00:00:00,2025-01-16T07:30:00,2025-01-16T07:30:00,0.7644,932.6326072022555,172.07723002473443,901.2172234130866,1,profile_incumbent,68.46364498138297,127.29889007975316,0.0,0.0,0.0,0.0,0.0,9704.164622028291,9818.733623100068,0.0,140.66184623556546,0.0,10220.630866010019,10347.226527622028,0.0,688.8904455769633,0.0,688.8904455769633
2025-01-16,46,5129.7378,2025-01-16T07:40:00,2025-01-16T07:30:00,07:40:00,17,AU,1040.8785,07:40:00,17,AU,0.8951,07:40:00,17,AU,0.6899,854.9562999999999,173.47975,4088.8593,681.47655,2025-01-16T07:40:00,2025-01-16 00:00:00,2025-01-16 00:00:00,2025-01-16T07:40:00,2025-01-16T07:40:00,0.6899,915.6555486866326,202.84665412286924,1395.3621571511028,1,profile_incumbent,68.46364498138297,713.8856071511028,0.0,0.0,0.0,0.0,0.0,9818.733623100068,10461.23066953606,0.0,503.08163597552465,0.0,10347.226527622028,10800.0,179.47162661181477,962.6603522185458,0.0,962.6603522185458
2025-01-16,47,5871.1972,2025-01-16T07:50:00,2025-01-16T07:40:00,07:50:00,17,AV,1294.6345,07:50:00,17,AV,1.0795,07:50:00,17,AV,0.86,978.5328666666666,215.77241666666666,4576.5626999999995,762.7604499999999,2025-01-16T07:50:00,2025-01-16 00:00:00,2025-01-16 00:00:00,2025-01-16T07:50:00,2025-01-16T07:50:00,0.86,1039.3835754580768,235.78724958576805,759.8823969675378,1,profile_incumbent,68.46364498138297,0.0,2.8780530324620486,0.0,0.0,0.0,0.0,10461.23066953606,10458.032832833325,0.0,0.0,43.71392890477091,10800.0,10751.428967883588,0.0,653.4988613920825,0.0,653.4988613920825
2025-01-16,48,7238.34,2025-01-16T08:00:00,2025-01-16T07:50:00,08:00:00,17,AW,1562.9625,08:00:00,17,AW,1.4315,08:00:00,17,AW,1.1617,1206.39,260.49375000000003,5675.3775000000005,945.89625,2025-01-16T08:00:00,2025-01-16 00:00:00,2025-01-16 00:00:00,2025-01-16T08:00:00,2025-01-16T08:00:00,1.1617,1217.7748530542763,270.7622438398349,127.95705069513258,1,profile_incumbent,68.46364498138297,0.0,817.9391993048675,0.0,0.0,0.0,0.0,10458.032832833325,9549.211500272362,0.0,0.0,819.0555585193088,10751.428967883588,9841.367236195467,0.0,148.6477057925355,0.0,148.6477057925355
2025-01-16,49,7524.4005,2025-01-16T08:10:00,2025-01-16T08:00:00,08:10:00,17,AX,1833.0772,08:10:00,17,AX,1.4738,08:10:00,17,AX,1.1683,1254.06675,305.51286666666664,5691.3233,948.5538833333333,2025-01-16T08:10:00,2025-01-16 00:00:00,2025-01-16 00:00:00,2025-01-16T08:10:00,2025-01-16T08:10:00,1.1683,1195.718604625111,307.60470073793897,70.86872400008694,1,profile_incumbent,0.2774601764752883,0.0,833.3333333333334,44.35182599991299,0.0,0.0,0.0,9549.211500272362,8623.285574346437,0.0,0.0,817.2451798870852,9841.367236195467,8933.317036320928,0.0,82.79593024930156,259.0811915784917,341.8771218277933
2025-01-16,50,7386.168,2025-01-16T08:20:00,2025-01-16T08:10:00,08:20:00,17,AY,2035.9169,08:20:00,17,AY,1.4143,08:20:00,17,AY,1.0956,1231.028,339.3194833333333,5350.2510999999995,891.7085166666667,2025-01-16T08:20:00,2025-01-16 00:00:00,2025-01-16 00:00:00,2025-01-16T08:20:00,2025-01-16T08:20:00,1.0956,1168.801793638271,346.1185341781894,9.98820951378661,1,profile_incumbent,0.2774601764752883,0.0,833.3333333333334,48.38697381954671,0.0,0.0,0.0,8623.285574346437,7697.359648420511,0.0,0.0,812.695049946295,8933.317036320928,8030.3225363806005,0.0,10.943082343304608,265.06384258347686,276.00692492678144
2025-01-16,51,7301.65,2025-01-16T08:30:00,2025-01-16T08:20:00,08:30:00,17,AZ,2224.2,08:30:00,17,AZ,1.3976,08:30:00,17,AZ,1.0849,1216.9416666666666,370.7,5077.45,846.2416666666666,2025-01-16T08:30:00,2025-01-16 00:00:00,2025-01-16 00:00:00,2025-01-16T08:30:00,2025-01-16T08:30:00,1.0849,1219.7443991219593,386.079963168199,34.94688714719381,1,profile_incumbent,0.2774601764752883,0.0,811.2947795194727,0.0,0.0,0.0,0.0,7697.359648420511,6795.921004509985,0.0,0.0,798.7175488065665,8030.3225363806005,7142.858593262194,0.0,37.913877865990564,0.0,37.913877865990564
2025-01-16,52,7118.5668,2025-01-16T08:40:00,2025-01-16T08:30:00,08:40:00,17,BA,2535.6213,08:40:00,17,BA,1.3583,08:40:00,17,BA,1.061,1186.4278,422.60355,4582.9455,763.8242499999999,2025-01-16T08:40:00,2025-01-16 00:00:00,2025-01-16 00:00:00,2025-01-16T08:40:00,2025-01-16T08:40:00,1.061,1232.481952827489,427.2393952160525,0.0,1,profile_incumbent,0.2774601764752883,0.0,763.8242499999999,0.0,0.0,0.0,0.0,6795.921004509985,5947.2273933988745,0.0,0.0,805.2425576114365,7142.858593262194,6248.144640360598,0.0,0.0,0.0,0.0
2025-01-16,53,7286.0201,2025-01-16T08:50:00,2025-01-16T08:40:00,08:50:00,17,BB,2905.6165,08:50:00,17,BB,1.3515,08:50:00,17,BB,1.043,1214.3366833333332,484.2694166666667,4380.4036,730.0672666666665,2025-01-16T08:50:00,2025-01-16 00:00:00,2025-01-16 00:00:00,2025-01-16T08:50:00,2025-01-16T08:50:00,1.043,1210.6780812769332,469.3237180210553,34.89918275865996,1,profile_incumbent,0.2774601764752883,0.0,695.1680839080066,0.0,0.0,0.0,0.0,5947.2273933988745,5174.818411278868,0.0,0.0,706.455180497218,6248.144640360598,5463.194439808133,0.0,36.39984761728234,0.0,36.39984761728234
2025-01-16,54,7523.84,2025-01-16T09:00:00,2025-01-16T08:50:00,09:00:00,17,BC,3237.5625,09:00:00,17,BC,1.3615,09:00:00,17,BC,1.036,1253.9733333333334,539.59375,4286.2775,714.3795833333334,2025-01-16T09:00:00,2025-01-16 00:00:00,2025-01-16 00:00:00,2025-01-16T09:00:00,2025-01-16T09:00:00,1.036,1195.1124723354312,512.0389727840115,0.0,1,profile_incumbent,0.2774601764752883,0.0,714.3795833333334,0.0,0.0,0.0,0.0,5174.818411278868,4381.063318686275,0.0,0.0,683.0734995514197,5463.194439808133,4704.223884751,0.0,0.0,0.0,0.0
2025-01-16,55,7113.245,2025-01-16T09:10:00,2025-01-16T09:00:00,09:10:00,17,BD,3481.2347,09:10:00,17,BD,1.3117,09:10:00,17,BD,1.0147,1185.5408333333332,580.2057833333333,3632.0103,605.3350499999999,2025-01-16T09:10:00,2025-01-16 00:00:00,2025-01-16 00:00:00,2025-01-16T09:10:00,2025-01-16T09:10:00,1.0147,1211.3917901232091,555.0733761693169,11.246813311990941,1,profile_incumbent,24.0903755175762,0.0,594.0882366880089,0.0,0.0,0.0,0.0,4381.063318686275,3720.965277921821,0.0,0.0,645.0716006419012,4704.223884751,3987.477661815554,0.0,11.412141467677207,0.0,11.412141467677207
2025-01-16,56,7072.6026,2025-01-16T09:20:00,2025-01-16T09:10:00,09:20:00,17,BE,3689.6765,09:20:00,17,BE,1.2902,09:20:00,17,BE,0.9922,1178.7671,614.9460833333334,3382.9261,563.8210166666667,2025-01-16T09:20:00,2025-01-16 00:00:00,2025-01-16 00:00:00,2025-01-16T09:20:00,2025-01-16T09:20:00,0.9922,1208.7341829910274,598.1006521352471,54.19410200402949,1,profile_incumbent,24.0903755175762,0.0,509.6269146626372,0.0,0.0,0.0,0.0,3720.965277921821,3154.713150518891,0.0,0.0,556.4394288517509,3987.477661815554,3369.211629758053,0.0,53.771388008398056,0.0,53.771388008398056
2025-01-16,57,7462.64,2025-01-16T09:30:00,2025-01-16T09:20:00,09:30:00,17,BF,3888.4125,09:30:00,17,BF,1.3031,09:30:00,17,BF,0.97,1243.7733333333333,648.06875,3574.2275000000004,595.7045833333333,2025-01-16T09:30:00,2025-01-16 00:00:00,2025-01-16 00:00:00,2025-01-16T09:30:00,2025-01-16T09:30:00,0.97,1185.1956069152022,640.7836296025922,195.32296831401771,1,profile_incumbent,24.0903755175762,0.0,400.38161501931563,0.0,0.0,0.0,0.0,3154.713150518891,2709.844689386318,0.0,0.0,349.08900899859236,3369.211629758053,2981.3349530929504,0.0,189.4632792645972,0.0,189.4632792645972
2025-01-16,58,7317.9348,2025-01-16T09:40:00,2025-01-16T09:30:00,09:40:00,17,BG,4055.177,09:40:00,17,BG,1.2752,09:40:00,17,BG,0.9422,1219.6558,675.8628333333334,3262.7578,543.7929666666666,2025-01-16T09:40:00,2025-01-16 00:00:00,2025-01-16 00:00:00,2025-01-16T09:40:00,2025-01-16T09:40:00,0.9422,1188.7236573035505,682.7780573444512,475.3410511774265,1,profile_incumbent,24.0903755175762,0.0,68.45191548924004,0.0,0.0,0.0,0.0,2709.844689386318,2633.7870055093845,0.0,0.0,30.604548781672747,2981.3349530929504,2947.329898891092,0.0,447.86633841937123,0.0,447.86633841937123
2025-01-16,59,7145.0309,2025-01-16T09:50:00,2025-01-16T09:40:00,09:50:00,17,BH,4192.002,09:50:00,17,BH,1.2996,09:50:00,17,BH,0.9569,1190.8384833333332,698.667,2953.0288999999993,492.1714833333332,2025-01-16T09:50:00,2025-01-16 00:00:00,2025-01-16 00:00:00,2025-01-16T09:50:00,2025-01-16T09:50:00,0.9569,1195.9514174953754,723.7365836301328,433.7162524415127,1,profile_incumbent,24.0903755175762,0.0,58.45523089182052,0.0,0.0,0.0,0.0,2633.7870055093845,2568.836748962917,0.0,0.0,38.498581423729775,2947.329898891092,2904.55369730917,0.0,415.02308196128354,0.0,415.02308196128354
2025-01-16,60,7146.98,2025-01-16T10:00:00,2025-01-16T09:50:00,10:00:00,17,BI,4375.6875,10:00:00,17,BI,1.3727,10:00:00,17,BI,0.9977,1191.1633333333332,729.28125,2771.2924999999996,461.8820833333332,2025-01-16T10:00:00,2025-01-16 00:00:00,2025-01-16 00:00:00,2025-01-16T10:00:00,2025-01-16T10:00:00,0.9977,1189.1368346933061,763.3128451104154,43.78353985179882,1,profile_incumbent,24.0903755175762,0.0,418.0985434815343,0.0,0.0,0.0,0.0,2568.836748962917,2104.2828117612125,0.0,0.0,382.04044973109194,2904.55369730917,2480.064308719068,0.0,43.68283771013969,0.0,43.68283771013969
2025-01-16,61,6981.6112,2025-01-16T10:10:00,2025-01-16T10:00:00,10:10:00,17,BJ,4678.5792,10:10:00,17,BJ,1.378,10:10:00,17,BJ,0.9919,1163.6018666666666,779.7632,2303.032,383.83866666666665,2025-01-16T10:10:00,2025-01-16 00:00:00,2025-01-16 00:00:00,2025-01-16T10:10:00,2025-01-16T10:10:00,0.9919,1177.3349689041522,801.1656072435431,54.76195084869631,1,profile_incumbent,69.3336512990258,0.0,329.07671581797035,0.0,0.0,0.0,0.0,2104.2828117612125,1738.6420164079123,0.0,0.0,321.40741081191277,2480.064308719068,2122.944963372498,0.0,54.31837904682187,0.0,54.31837904682187
2025-01-16,62,6864.0469,2025-01-16T10:20:00,2025-01-16T10:10:00,10:20:00,17,BK,4894.4766,10:20:00,17,BK,1.3124,10:20:00,17,BK,0.9588,1144.0078166666667,815.7461,1969.5703000000003,328.26171666666676,2025-01-16T10:20:00,2025-01-16 00:00:00,2025-01-16 00:00:00,2025-01-16T10:20:00,2025-01-16T10:20:00,0.9588,1178.7842593823243,836.9628972708987,306.54437896924355,1,profile_incumbent,69.3336512990258,0.0,21.717337697423318,0.0,0.0,0.0,0.0,1738.6420164079123,1714.511641188553,0.0,0.0,35.27698314218196,2122.944963372498,2083.74831543674,0.0,293.9147505557107,0.0,293.9147505557107
2025-01-16,63,6943.16,2025-01-16T10:30:00,2025-01-16T10:20:00,10:30:00,17,BL,5013.1875,10:30:00,17,BL,1.2919,10:30:00,17,BL,0.9549,1157.1933333333334,835.53125,1929.9724999999999,321.6620833333334,2025-01-16T10:30:00,2025-01-16 00:00:00,2025-01-16 00:00:00,2025-01-16T10:30:00,2025-01-16T10:30:00,0.9549,1186.3903661495474,870.3860703833461,239.53508836420966,1,profile_incumbent,69.3336512990258,0.0,82.12699496912364,0.0,0.0,0.0,0.0,1714.511641188553,1623.2594245561934,0.0,0.0,76.46920740199153,2083.74831543674,1998.7825294345273,0.0,228.7320558789838,0.0,228.7320558789838
2025-01-16,64,7103.3035,2025-01-16T10:40:00,2025-01-16T10:30:00,10:40:00,17,BM,5228.8902,10:40:00,17,BM,1.393,10:40:00,17,BM,0.9839,1183.8839166666667,871.4816999999999,1874.4133000000002,312.40221666666673,2025-01-16T10:40:00,2025-01-16 00:00:00,2025-01-16 00:00:00,2025-01-16T10:40:00,2025-01-16T10:40:00,0.9839,1176.7175922389858,901.1337502835192,77.47433904842094,1,profile_incumbent,69.3336512990258,0.0,234.92787761824582,0.0,0.0,0.0,0.0,1623.2594245561934,1362.2284494248092,0.0,0.0,198.10950290704568,1998.7825294345273,1778.66085953781,0.0,76.22700218974137,0.0,76.22700218974137
2025-01-16,65,7043.1418,2025-01-16T10:50:00,2025-01-16T10:40:00,10:50:00,17,BN,5489.9441,10:50:00,17,BN,1.2064,10:50:00,17,BN,0.799,1173.8569666666667,914.9906833333333,1553.1977000000006,258.8662833333334,2025-01-16T10:50:00,2025-01-16 00:00:00,2025-01-16 00:00:00,2025-01-16T10:50:00,2025-01-16T10:50:00,0.799,1169.3632856848888,928.9255868404764,280.5519931756331,1,profile_incumbent,69.3336512990258,21.68570984229973,0.0,0.0,0.0,0.0,0.0,1362.2284494248092,1381.745588282879,0.0,40.11429433122066,0.0,1778.66085953781,1814.7637244359087,0.0,224.16104254733082,0.0,224.16104254733082
2025-01-16,66,6870.1,2025-01-16T11:00:00,2025-01-16T10:50:00,11:00:00,17,BO,5732.025,11:00:00,17,BO,0.799,11:00:00,17,BO,0.5025,1145.0166666666667,955.3375,1138.0750000000007,189.67916666666667,2025-01-16T11:00:00,2025-01-16 00:00:00,2025-01-16 00:00:00,2025-01-16T11:00:00,2025-01-16T11:00:00,0.5025,1171.0480380939762,953.5057759303377,1072.3569745113552,1,profile_incumbent,69.3336512990258,833.3333333333334,0.0,0.0,49.34447451135509,49.34447451135509,0.0,1381.745588282879,2131.745588282879,0.0,833.3333333333334,0.0,1814.7637244359087,2564.7637244359084,21.48137901438338,538.859379691956,0.0,538.859379691956
2025-01-16,67,6956.1981,2025-01-16T11:10:00,2025-01-16T11:00:00,11:10:00,17,BP,5927.3177,11:10:00,17,BP,0.6778,11:10:00,17,BP,0.4662,1159.36635,987.8862833333333,1028.8804,171.48006666666674,2025-01-16T11:10:00,2025-01-16 00:00:00,2025-01-16 00:00:00,2025-01-16T11:10:00,2025-01-16T11:10:00,0.4662,1169.9502187768949,974.646289824117,1058.8283028271244,1,profile_incumbent,32.91109829294458,833.3333333333334,0.0,0.0,54.014902827124274,54.014902827124274,0.0,2131.745588282879,2881.745588282879,0.0,833.3333333333334,0.0,2564.7637244359084,3314.7637244359084,30.191040541013194,493.6257547780054,0.0,493.6257547780054
2025-01-16,68,6943.447,2025-01-16T11:20:00,2025-01-16T11:10:00,11:20:00,17,BQ,5992.0494,11:20:00,17,BQ,0.7191,11:20:00,17,BQ,0.5007,1157.2411666666667,998.6749,951.3976000000002,158.5662666666667,2025-01-16T11:20:00,2025-01-16 00:00:00,2025-01-16 00:00:00,2025-01-16T11:20:00,2025-01-16T11:20:00,0.5007,1175.0112068661526,992.1497705719157,1064.3593731147396,1,profile_incumbent,32.91109829294458,833.3333333333334,0.0,0.0,72.45977311473928,72.45977311473928,0.0,2881.745588282879,3631.745588282879,0.0,833.3333333333334,0.0,3314.7637244359084,4064.7637244359084,48.164603487169074,532.9247381185502,0.0,532.9247381185502
2025-01-16,69,6809.04,2025-01-16T11:30:00,2025-01-16T11:20:00,11:30:00,17,BR,5937.0375,11:30:00,17,BR,0.7425,11:30:00,17,BR,0.4827,1134.84,989.50625,872.0024999999996,145.3337499999999,2025-01-16T11:30:00,2025-01-16 00:00:00,2025-01-16 00:00:00,2025-01-16T11:30:00,2025-01-16T11:30:00,0.4827,1182.1726360501839,1005.8520436773233,1145.5174545668806,1,profile_incumbent,32.91109829294458,833.3333333333334,0.0,0.0,166.8503712335472,166.8503712335472,0.0,3631.745588282879,4381.745588282879,0.0,833.3333333333334,0.0,4064.7637244359084,4814.763724435908,135.86352886068664,552.9412753194333,0.0,552.9412753194333
2025-01-16,70,6894.0002,2025-01-16T11:40:00,2025-01-16T11:30:00,11:40:00,17,BS,5880.4216,11:40:00,17,BS,0.7088,11:40:00,17,BS,0.4785,1149.0000333333335,980.0702666666666,1013.5786000000007,168.92976666666686,2025-01-16T11:40:00,2025-01-16 00:00:00,2025-01-16 00:00:00,2025-01-16T11:40:00,2025-01-16T11:40:00,0.4785,1173.9015903608804,1015.624214881175,1102.1511264987334,1,profile_incumbent,32.91109829294458,833.3333333333334,0.0,0.0,99.88802649873321,99.88802649873321,0.0,4381.745588282879,5131.745588282879,0.0,833.3333333333334,0.0,4814.763724435908,5564.763724435908,110.54041768569448,527.379314029644,0.0,527.379314029644
2025-01-16,71,6916.2069,2025-01-16T11:50:00,2025-01-16T11:40:00,11:50:00,17,BT,5928.2889,11:50:00,17,BT,0.7091,11:50:00,17,BT,0.4662,1152.70115,988.04815,987.9180000000006,164.65300000000013,2025-01-16T11:50:00,2025-01-16 00:00:00,2025-01-16 00:00:00,2025-01-16T11:50:00,2025-01-16T11:50:00,0.4662,1152.3376907027186,1021.3743189923116,1079.551836375835,1,profile_incumbent,32.91109829294458,833.3333333333334,0.0,0.0,81.56550304250129,81.56550304250129,0.0,5131.745588282879,5881.745588282879,0.0,833.3333333333334,0.0,5564.763724435908,6314.763724435908,115.25513133209427,503.28706611841426,0.0,503.28706611841426
2025-01-16,72,6709.1,2025-01-16T12:00:00,2025-01-16T11:50:00,12:00:00,17,BU,6074.475,12:00:00,17,BU,0.7264,12:00:00,17,BU,0.4432,1118.1833333333334,1012.4125,634.625,105.77083333333337,2025-01-16T12:00:00,2025-01-16 00:00:00,2025-01-16 00:00:00,2025-01-16T12:00:00,2025-01-16T12:00:00,0.4432,1119.2129754465825,1023.0484963175024,1007.0267515392857,1,profile_incumbent,32.91109829294458,833.3333333333334,0.0,0.0,67.92258487261881,67.92258487261881,0.0,5881.745588282879,6631.745588282879,0.0,833.3333333333334,0.0,6314.763724435908,7064.763724435908,77.52893907687223,446.3142562822114,0.0,446.3142562822114
2025-01-16,73,6431.9024,2025-01-16T12:10:00,2025-01-16T12:00:00,12:10:00,17,BV,6199.3148,12:10:00,17,BV,0.6612,12:10:00,17,BV,0.4411,1071.9837333333332,1033.2191333333333,232.58759999999984,38.76459999999997,2025-01-16T12:10:00,2025-01-16 00:00:00,2025-01-16 00:00:00,2025-01-16T12:10:00,2025-01-16T12:10:00,0.4411,1080.3104688838237,1020.6316792477379,1026.8563067790349,1,profile_incumbent,56.249396026482934,833.3333333333334,0.0,0.0,154.75837344570152,154.75837344570152,0.0,6631.745588282879,7381.745588282879,0.0,833.3333333333334,0.0,7064.763724435908,7814.763724435908,133.84418380961586,452.9463169202323,0.0,452.9463169202323
2025-01-16,74,6416.3607,2025-01-16T12:20:00,2025-01-16T12:10:00,12:20:00,17,BW,6170.3493,12:20:00,17,BW,0.6346,12:20:00,17,BW,0.4551,1069.39345,1028.39155,246.01140000000032,41.00189999999998,2025-01-16T12:20:00,2025-01-16 00:00:00,2025-01-16 00:00:00,2025-01-16T12:20:00,2025-01-16T12:20:00,0.4551,1076.6253218937268,1014.1477788417867,1058.3944925917976,1,profile_incumbent,56.249396026482934,833.3333333333334,0.0,0.0,184.05925925846452,184.05925925846452,0.0,7381.745588282879,8131.745588282879,0.0,833.3333333333334,0.0,7814.763724435908,8564.763724435908,162.58361620652443,481.6753335785271,0.0,481.6753335785271
2025-01-16,75,6528.16,2025-01-16T12:30:00,2025-01-16T12:20:00,12:30:00,17,BX,6059.025,12:30:00,17,BX,0.6482,12:30:00,17,BX,0.4463,1088.0266666666666,1009.8375,469.1350000000002,78.18916666666667,2025-01-16T12:30:00,2025-01-16 00:00:00,2025-01-16 00:00:00,2025-01-16T12:30:00,2025-01-16T12:30:00,0.4463,1087.3491413761121,1003.659368693722,1084.614685799109,1,profile_incumbent,56.249396026482934,833.3333333333334,0.0,0.0,173.09218579910896,173.09218579910896,0.0,8131.745588282879,8881.74558828288,0.0,833.3333333333334,0.0,8564.763724435908,9314.763724435908,167.59157978338555,484.06353427214236,0.0,484.06353427214236
2025-01-16,76,6364.1463,2025-01-16T12:40:00,2025-01-16T12:30:00,12:40:00,17,BY,6043.523,12:40:00,17,BY,0.6139,12:40:00,17,BY,0.4113,1060.6910500000001,1007.2538333333333,320.6233000000002,53.437216666666814,2025-01-16T12:40:00,2025-01-16 00:00:00,2025-01-16 00:00:00,2025-01-16T12:40:00,2025-01-16T12:40:00,0.4113,1059.2461428713448,989.2668708598021,1098.3413215331832,1,profile_incumbent,56.249396026482934,833.3333333333334,0.0,0.0,211.57077153318312,211.57077153318312,0.0,8881.74558828288,9631.74558828288,0.0,833.3333333333334,0.0,9314.763724435908,10064.763724435908,195.02871618830693,451.74778554659827,0.0,451.74778554659827
2025-01-16,77,6436.5655,2025-01-16T12:50:00,2025-01-16T12:40:00,12:50:00,17,BZ,5923.0571,12:50:00,17,BZ,0.7701,12:50:00,17,BZ,0.5682,1072.7609166666666,987.1761833333334,513.5083999999997,85.58473333333325,2025-01-16T12:50:00,2025-01-16 00:00:00,2025-01-16 00:00:00,2025-01-16T12:50:00,2025-01-16T12:50:00,0.5682,1085.3117736780687,971.1072560317538,895.9011667144252,1,profile_incumbent,56.249396026482934,810.3164333810919,0.0,0.0,0.0,0.0,0.0,9631.74558828288,10361.030378325862,0.0,781.6966490681102,0.0,10064.763724435908,10768.290708597207,0.0,509.05104292713645,0.0,509.05104292713645
2025-01-16,78,6722.36,2025-01-16T13:00:00,2025-01-16T12:50:00,13:00:00,17,CA,5803.875,13:00:00,17,CA,1.0273,13:00:00,17,CA,0.8279,1120.3933333333332,967.3125,918.4849999999997,153.0808333333332,2025-01-16T13:00:00,2025-01-16 00:00:00,2025-01-16 00:00:00,2025-01-16T13:00:00,2025-01-16T13:00:00,0.8279,1142.8052698884483,949.3522773594863,233.19642998846737,1,profile_incumbent,56.249396026482934,80.11559665513414,0.0,0.0,0.0,0.0,0.0,10361.030378325862,10433.134415315482,0.0,35.232546003102875,0.0,10768.290708597207,10800.0,4.510891456402582,193.06332438745213,0.0,193.06332438745213
2025-01-16,79,6678.647,2025-01-16T13:10:00,2025-01-16T13:00:00,13:10:00,17,CB,5997.6629,13:10:00,17,CB,1.0302,13:10:00,17,CB,0.8636,1113.1078333333332,999.6104833333334,680.9840999999997,113.49734999999987,2025-01-16T13:10:00,2025-01-16 00:00:00,2025-01-16 00:00:00,2025-01-16T13:10:00,2025-01-16T13:10:00,0.8636,1112.082293701353,924.2062642311904,217.4595461106872,1,profile_incumbent,19.095499114794457,103.96219611068727,0.0,0.0,0.0,0.0,0.0,10433.134415315482,10526.7003918151,0.0,0.0,0.0,10800.0,10800.0,29.58351664052475,187.79806402118948,0.0,187.79806402118948
2025-01-16,80,6734.8208,2025-01-16T13:20:00,2025-01-16T13:10:00,13:20:00,17,CC,6045.3434,13:20:00,17,CC,0.9968,13:20:00,17,CC,0.8416,1122.4701333333335,1007.5572333333333,689.4774000000007,114.91290000000015,2025-01-16T13:20:00,2025-01-16 00:00:00,2025-01-16 00:00:00,2025-01-16T13:20:00,2025-01-16T13:20:00,0.8416,1092.5171782771831,895.9035088023984,238.38323313019404,1,profile_incumbent,19.095499114794457,123.47033313019392,0.0,0.0,0.0,0.0,0.0,10526.7003918151,10637.823691632275,0.0,0.0,0.0,10800.0,10800.0,41.76956365540923,200.62332900237132,0.0,200.62332900237132
2025-01-16,81,6951.12,2025-01-16T13:30:00,2025-01-16T13:20:00,13:30:00,17,CD,5828.4375,13:30:00,17,CD,1.0405,13:30:00,17,CD,0.8618,1158.52,971.40625,1122.6825,187.11374999999998,2025-01-16T13:30:00,2025-01-16 00:00:00,2025-01-16 00:00:00,2025-01-16T13:30:00,2025-01-16T13:30:00,0.8618,1111.3855999169452,864.7052840247017,258.1702261307243,1,profile_incumbent,19.095499114794457,71.05647613072438,0.0,0.0,0.0,0.0,0.0,10637.823691632275,10701.774520149927,0.0,0.0,0.0,10800.0,10800.0,11.489910238480661,222.4911008794582,0.0,222.4911008794582
2025-01-16,82,6922.9589,2025-01-16T13:40:00,2025-01-16T13:30:00,13:40:00,17,CE,5678.6892,13:40:00,17,CE,1.0702,13:40:00,17,CE,0.8623,1153.8264833333333,946.4481999999999,1244.2696999999998,207.37828333333334,2025-01-16T13:40:00,2025-01-16 00:00:00,2025-01-16 00:00:00,2025-01-16T13:40:00,2025-01-16T13:40:00,0.8623,1097.658497272005,830.8965372648447,306.7518512846196,1,profile_incumbent,19.095499114794457,99.3735679512863,0.0,0.0,0.0,0.0,0.0,10701.774520149927,10791.210731306084,0.0,0.0,0.0,10800.0,10800.0,39.989891277459265,264.51212136272744,0.0,264.51212136272744
2025-01-16,83,6854.2634,2025-01-16T13:50:00,2025-01-16T13:40:00,13:50:00,17,CF,5575.8129,13:50:00,17,CF,1.1798,13:50:00,17,CF,0.9026,1142.3772333333334,929.30215,1278.4505,213.0750833333334,2025-01-16T13:50:00,2025-01-16 00:00:00,2025-01-16 00:00:00,2025-01-16T13:50:00,2025-01-16T13:50:00,0.9026,1097.8675519214232,794.7823082416531,264.461019272181,1,profile_incumbent,19.095499114794457,9.76585410435089,0.0,0.0,41.62008183449663,41.62008183449663,0.0,10791.210731306084,10800.0,0.0,0.0,38.624224407589054,10800.0,10757.08419510268,0.0,238.70251599507054,0.0,238.70251599507054
2025-01-16,84,6768.3,2025-01-16T14:00:00,2025-01-16T13:50:00,14:00:00,17,CG,5359.9875,14:00:00,17,CG,1.3243,14:00:00,17,CG,0.9754,1128.05,893.3312500000001,1408.3125,234.7187499999999,2025-01-16T14:00:00,2025-01-16 00:00:00,2025-01-16 00:00:00,2025-01-16T14:00:00,2025-01-16T14:00:00,0.9754,1112.8724315503416,756.6839238689732,34.128521653387146,1,profile_incumbent,19.095499114794457,0.0,200.59022834661278,0.0,0.0,0.0,0.0,10800.0,10577.121968503763,0.0,0.0,322.05998602798127,10757.08419510268,10399.2397661827,0.0,33.28896002071382,0.0,33.28896002071382
2025-01-16,85,6505.066,2025-01-16T14:10:00,2025-01-16T14:00:00,14:10:00,17,CH,4929.0766,14:10:00,17,CH,1.3405,14:10:00,17,CH,1.0002,1084.1776666666667,821.5127666666667,1575.9893999999995,262.6649,2025-01-16T14:10:00,2025-01-16 00:00:00,2025-01-16 00:00:00,2025-01-16T14:10:00,2025-01-16T14:10:00,1.0002,1091.4306069958295,716.935025617809,3.0367546825435685,1,profile_incumbent,-6.067075148329856,0.0,259.6281453174564,0.0,0.0,0.0,0.0,10577.121968503763,10288.646251484368,0.0,0.0,371.458826695477,10399.2397661827,9986.507736521058,0.0,3.0373620334800773,0.0,3.0373620334800773
2025-01-16,86,6498.3409,2025-01-16T14:20:00,2025-01-16T14:10:00,14:20:00,17,CI,4580.5646,14:20:00,17,CI,1.3345,14:20:00,17,CI,0.9978,1083.0568166666667,763.4274333333333,1917.7763000000004,319.6293833333334,2025-01-16T14:20:00,2025-01-16 00:00:00,2025-01-16 00:00:00,2025-01-16T14:20:00,2025-01-16T14:20:00,0.9978,1077.2456048962213,675.8774871541176,4.17068759205207,1,profile_incumbent,-6.067075148329856,0.0,315.4586957412813,0.0,0.0,0.0,0.0,10288.646251484368,9938.136589549611,0.0,0.0,397.19743015005156,9986.507736521058,9545.177258576556,0.0,4.1615120793495555,0.0,4.1615120793495555
2025-01-16,87,6615.85,2025-01-16T14:30:00,2025-01-16T14:20:00,14:30:00,17,CJ,4403.1375,14:30:00,17,CJ,1.3946,14:30:00,17,CJ,1.0271,1102.6416666666667,733.8562499999999,2212.7125000000005,368.7854166666667,2025-01-16T14:30:00,2025-01-16 00:00:00,2025-01-16 00:00:00,2025-01-16T14:30:00,2025-01-16T14:30:00,1.0271,1080.7301342891146,633.857281238864,0.0,1,profile_incumbent,-6.067075148329856,0.0,368.7854166666667,0.0,0.0,0.0,0.0,9938.136589549611,9528.375015475536,0.0,0.0,446.8728530502507,9545.177258576556,9048.6518662985,0.0,0.0,0.0,0.0
2025-01-16,88,6304.5338,2025-01-16T14:40:00,2025-01-16T14:30:00,14:40:00,17,CK,4205.5551,14:40:00,17,CK,1.4536,14:40:00,17,CK,1.0906,1050.7556333333334,700.92585,2098.9787000000006,349.82978333333347,2025-01-16T14:40:00,2025-01-16 00:00:00,2025-01-16 00:00:00,2025-01-16T14:40:00,2025-01-16T14:40:00,1.0906,1069.143665817013,591.2203551776086,0.0,1,profile_incumbent,-6.067075148329856,0.0,349.82978333333347,0.0,0.0,0.0,0.0,9528.375015475536,9139.675256216276,0.0,0.0,477.92331063940446,9048.6518662985,8517.625965588051,0.0,0.0,0.0,0.0
2025-01-16,89,6170.0549,2025-01-16T14:50:00,2025-01-16T14:40:00,14:50:00,17,CL,3917.4699,14:50:00,17,CL,1.1972,14:50:00,17,CL,0.9376,1028.3424833333333,652.91165,2252.585,375.43083333333334,2025-01-16T14:50:00,2025-01-16 00:00:00,2025-01-16 00:00:00,2025-01-16T14:50:00,2025-01-16T14:50:00,0.9376,1067.1031926249946,548.3085734770277,37.42784932759386,1,profile_incumbent,-6.067075148329856,0.0,338.00298400573945,0.0,0.0,0.0,0.0,9139.675256216276,8764.116385098789,0.0,0.0,481.36676982037295,8517.625965588051,7982.77399912097,0.0,35.092351529552005,0.0,35.092351529552005
2025-01-16,90,6408.91,2025-01-16T15:00:00,2025-01-16T14:50:00,15:00:00,17,CM,3588.0375,15:00:00,17,CM,0.8132,15:00:00,17,CM,0.6694,1068.1516666666666,598.00625,2820.8725,470.1454166666666,2025-01-16T15:00:00,2025-01-16 00:00:00,2025-01-16 00:00:00,2025-01-16T15:00:00,2025-01-16T15:00:00,0.6694,1080.0779869010094,505.45578481960837,1258.5282131460021,1,profile_incumbent,-6.067075148329856,788.3827964793354,0.0,0.0,0.0,0.0,0.0,8764.116385098789,9473.66090193019,0.0,683.9060110646012,0.0,7982.77399912097,8598.28940907911,0.0,842.4587858799339,0.0,842.4587858799339
2025-01-16,91,6570.192,2025-01-16T15:10:00,2025-01-16T15:00:00,15:10:00,17,CN,3303.4055,15:10:00,17,CN,0.8312,15:10:00,17,CN,0.66,1095.032,550.5675833333333,3266.7865,544.4644166666666,2025-01-16T15:10:00,2025-01-16 00:00:00,2025-01-16 00:00:00,2025-01-16T15:10:00,2025-01-16T15:10:00,0.66,1083.1965205329473,462.98406803454304,1268.843474964059,1,profile_incumbent,-22.402829097254195,724.3790582973922,0.0,0.0,0.0,0.0,0.0,9473.66090193019,10125.602054397843,0.0,648.6310224656547,0.0,8598.28940907911,9182.0573292982,0.0,837.436693476279,0.0,837.436693476279
2025-01-16,92,6453.4866,2025-01-16T15:20:00,2025-01-16T15:10:00,15:20:00,17,CO,2960.6953,15:20:00,17,CO,0.9129,15:20:00,17,CO,0.7217,1075.5811,493.44921666666664,3492.7913000000003,582.1318833333335,2025-01-16T15:20:00,2025-01-16 00:00:00,2025-01-16 00:00:00,2025-01-16T15:20:00,2025-01-16T15:20:00,0.7217,1067.5462981463534,421.2002084664005,1180.532939597416,1,profile_incumbent,-22.402829097254195,598.4010562640826,0.0,0.0,0.0,0.0,0.0,10125.602054397843,10664.163005035518,0.0,534.1868499174632,0.0,9182.0573292982,9662.825494223918,0.0,851.9906225074552,0.0,851.9906225074552
2025-01-16,93,6227.96,2025-01-16T15:30:00,2025-01-16T15:20:00,15:30:00,17,CP,2557.5,15:30:00,17,CP,0.8848,15:30:00,17,CP,0.7308,1037.9933333333333,426.25,3670.46,611.7433333333333,2025-01-16T15:30:00,2025-01-16 00:00:00,2025-01-16 00:00:00,2025-01-16T15:30:00,2025-01-16T15:30:00,0.7308,1047.4603673211898,380.3924520808451,1196.5904415127804,1,profile_incumbent,-22.402829097254195,150.92999440498008,0.0,0.0,433.917113774467,433.917113774467,0.0,10664.163005035518,10800.0,0.0,529.5225262724357,0.0,9662.825494223918,10139.39576786911,0.0,874.4682946575399,0.0,874.4682946575399
2025-01-16,94,6235.5021,2025-01-16T15:40:00,2025-01-16T15:30:00,15:40:00,17,CQ,2216.5868,15:40:00,17,CQ,0.9145,15:40:00,17,CQ,0.7534,1039.25035,369.4311333333333,4018.9152999999997,669.8192166666668,2025-01-16T15:40:00,2025-01-16 00:00:00,2025-01-16 00:00:00,2025-01-16T15:40:00,2025-01-16T15:40:00,0.7534,1047.8929187153094,340.8275798688626,981.5637152015479,1,profile_incumbent,-22.402829097254195,0.0,0.0,0.0,311.74449853488113,311.74449853488113,0.0,10800.0,10800.0,0.0,274.4983763551011,0.0,10139.39576786911,10386.4443065887,0.0,739.5101030328461,0.0,739.5101030328461
2025-01-16,95,6320.5967,2025-01-16T15:50:00,2025-01-16T15:40:00,15:50:00,17,CR,1963.7327,15:50:00,17,CR,0.984,15:50:00,17,CR,0.7823,1053.4327833333334,327.28878333333336,4356.864,726.144,2025-01-16T15:50:00,2025-01-16 00:00:00,2025-01-16 00:00:00,2025-01-16T15:50:00,2025-01-16T15:50:00,0.7823,1060.6528229929106,302.7483396993139,833.9695637871298,1,profile_incumbent,-22.402829097254195,0.0,0.0,0.0,107.8255637871298,107.8255637871298,0.0,10800.0,10800.0,0.0,76.06508049353306,0.0,10386.4443065887,10454.902879032881,0.0,652.4143897506716,0.0,652.4143897506716
2025-01-16,96,6392.63,2025-01-16T16:00:00,2025-01-16T15:50:00,16:00:00,17,CS,1730.55,16:00:00,17,CS,1.0287,16:00:00,17,CS,0.8055,1065.4383333333333,288.425,4662.08,777.0133333333333,2025-01-16T16:00:00,2025-01-16 00:00:00,2025-01-16 00:00:00,2025-01-16T16:00:00,2025-01-16T16:00:00,0.8055,1066.6209166185592,266.37126681609533,861.1027946593867,1,profile_incumbent,-22.402829097254195,0.0,0.0,0.0,84.08946132605342,84.08946132605342,0.0,10800.0,10800.0,0.0,60.85314485692288,0.0,10454.902879032881,10509.670709404112,0.0,693.618301098136,0.0,693.618301098136
2025-01-16,97,6487.9626,2025-01-16T16:10:00,2025-01-16T16:00:00,16:10:00,17,CT,1424.784,16:10:00,17,CT,1.015,16:10:00,17,CT,0.8271,1081.3271,237.46400000000003,5063.178599999999,843.8630999999999,2025-01-16T16:10:00,2025-01-16 00:00:00,2025-01-16 00:00:00,2025-01-16T16:10:00,2025-01-16T16:10:00,0.8271,1054.1707762227552,231.8849177812121,855.5485879081245,1,profile_incumbent,56.576115590454215,0.0,0.0,0.0,11.685487908124514,11.685487908124514,0.0,10800.0,10800.0,0.0,33.262729466581504,0.0,10509.670709404112,10539.607165924035,0.0,707.6242370588097,0.0,707.6242370588097
2025-01-16,98,6397.0092,2025-01-16T16:20:00,2025-01-16T16:10:00,16:20:00,17,CU,1127.8394,16:20:00,17,CU,1.0131,16:20:00,17,CU,0.8519,1066.1682,187.97323333333335,5269.169800000001,878.1949666666667,2025-01-16T16:20:00,2025-01-16 00:00:00,2025-01-16 00:00:00,2025-01-16T16:20:00,2025-01-16T16:20:00,0.8519,1049.7182464145233,199.44853593596903,879.9685077277514,1,profile_incumbent,56.576115590454215,0.0,0.0,0.0,1.773541061084643,1.773541061084643,0.0,10800.0,10800.0,0.0,29.69879724919724,0.0,10539.607165924035,10566.336083448312,0.0,749.6451717332715,0.0,749.6451717332715
2025-01-16,99,6217.93,2025-01-16T16:30:00,2025-01-16T16:20:00,16:30:00,17,CV,874.1625,16:30:00,17,CV,1.0557,16:30:00,17,CV,0.8791,1036.3216666666667,145.69375,5343.7675,890.6279166666667,2025-01-16T16:30:00,2025-01-16 00:00:00,2025-01-16 00:00:00,2025-01-16T16:30:00,2025-01-16T16:30:00,0.8791,1051.3120434473453,169.19115950163243,943.3073057771154,1,profile_incumbent,56.576115590454215,0.0,0.0,0.0,52.67938911044871,52.67938911044871,0.0,10800.0,10800.0,0.0,61.18642183140241,0.0,10566.336083448312,10621.403863096573,0.0,829.2614525086622,0.0,829.2614525086622
2025-01-16,100,6293.3681,2025-01-16T16:40:00,2025-01-16T16:30:00,16:40:00,17,CW,615.5928,16:40:00,17,CW,1.1065,16:40:00,17,CW,0.9024,1048.8946833333332,102.5988,5677.775299999999,946.2958833333332,2025-01-16T16:40:00,2025-01-16 00:00:00,2025-01-16 00:00:00,2025-01-16T16:40:00,2025-01-16T16:40:00,0.9024,1034.0764341739368,141.2111763837931,963.5400255904067,1,profile_incumbent,56.576115590454215,0.0,0.0,0.0,17.244142257073463,17.244142257073463,0.0,10800.0,10800.0,0.0,70.674767800263,0.0,10621.403863096573,10685.01115411681,0.0,869.498519092783,0.0,869.498519092783
2025-01-16,101,6457.5278,2025-01-16T16:50:00,2025-01-16T16:40:00,16:50:00,17,CX,340.775,16:50:00,17,CX,1.1105,16:50:00,17,CX,0.9163,1076.2546333333332,56.79583333333333,6116.7528,1019.4587999999999,2025-01-16T16:50:00,2025-01-16 00:00:00,2025-01-16 00:00:00,2025-01-16T16:50:00,2025-01-16T16:50:00,0.9163,1030.9285200236527,115.57632269799527,986.667586214057,1,profile_incumbent,56.576115590454215,0.0,32.791213785943,0.0,0.0,0.0,0.0,10800.0,10763.565318015619,0.0,71.31538888839964,0.0,10685.01115411681,10749.19500411637,0.0,904.0835092479405,0.0,904.0835092479405
2025-01-16,102,6391.15,2025-01-16T17:00:00,2025-01-16T16:50:00,17:00:00,17,CY,110.775,17:00:00,17,CY,1.082,17:00:00,17,CY,0.9264,1065.1916666666666,18.462500000000002,6280.375,1046.7291666666665,2025-01-16T17:00:00,2025-01-16 00:00:00,2025-01-16 00:00:00,2025-01-16T17:00:00,2025-01-16T17:00:00,0.9264,1041.2569402094048,92.32411511384852,1020.3574486056813,1,profile_incumbent,56.576115590454215,0.0,26.37171806098536,0.0,0.0,0.0,0.0,10763.565318015619,10734.263409058969,0.0,56.449995426256564,0.0,10749.19500411637,10800.0,14.974628083868438,945.2591403883031,0.0,945.2591403883031
2025-01-16,103,5977.6923,2025-01-16T17:10:00,2025-01-16T17:00:00,17:10:00,17,CZ,13.4591,17:10:00,17,CZ,1.086,17:10:00,17,CZ,0.9462,996.2820499999999,2.243183333333333,5964.2332,994.0388666666665,2025-01-16T17:10:00,2025-01-16 00:00:00,2025-01-16 00:00:00,2025-01-16T17:10:00,2025-01-16T17:10:00,0.9462,1031.6899750185048,71.46270043401421,1007.9987140366713,1,profile_incumbent,41.445506525448586,13.959847370004809,0.0,0.0,0.0,0.0,0.0,10734.263409058969,10746.827271691973,0.0,0.0,0.0,10800.0,10800.0,47.77143945218086,953.7683832214984,0.0,953.7683832214984
2025-01-16,104,5960.9148,2025-01-16T17:20:00,2025-01-16T17:10:00,17:20:00,17,DA,0.0,17:20:00,17,DA,1.0975,17:20:00,17,DA,0.9742,993.4857999999999,0.0,5960.9148,993.4857999999999,2025-01-16T17:20:00,2025-01-16 00:00:00,2025-01-16 00:00:00,2025-01-16T17:20:00,2025-01-16T17:20:00,0.9742,1029.894905411276,52.97209949176292,998.4398846002392,1,profile_incumbent,41.445506525448586,4.954084600239298,0.0,0.0,0.0,0.0,0.0,10746.827271691973,10751.285947832188,0.0,0.0,0.0,10800.0,10800.0,21.517078680725945,972.680135577553,0.0,972.680135577553
2025-01-16,105,6397.64,2025-01-16T17:30:00,2025-01-16T17:20:00,17:30:00,17,DB,0.0,17:30:00,17,DB,1.1043,17:30:00,17,DB,0.9862,1066.2733333333333,0.0,6397.64,1066.2733333333333,2025-01-16T17:30:00,2025-01-16 00:00:00,2025-01-16 00:00:00,2025-01-16T17:30:00,2025-01-16T17:30:00,0.9862,1045.379817280714,36.80581656827718,1063.7298699422624,1,profile_incumbent,41.445506525448586,0.0,2.5434633910708726,0.0,0.0,0.0,0.0,10751.285947832188,10748.459877397665,0.0,0.0,0.0,10800.0,10800.0,55.15586922982561,1049.0503977370593,0.0,1049.0503977370593
2025-01-16,106,6477.2279,2025-01-16T17:40:00,2025-01-16T17:30:00,17:40:00,17,DC,0.6718,17:40:00,17,DC,1.1304,17:40:00,17,DC,0.976,1079.5379833333334,0.11196666666666666,6476.5561,1079.4260166666668,2025-01-16T17:40:00,2025-01-16 00:00:00,2025-01-16 00:00:00,2025-01-16T17:40:00,2025-01-16T17:40:00,0.976,1036.749149622419,22.892780192612438,1065.8178099712677,1,profile_incumbent,41.445506525448586,0.0,13.608206695399076,0.0,0.0,0.0,0.0,10748.459877397665,10733.339647736111,0.0,0.0,0.0,10800.0,10800.0,51.961440541461116,1040.2381825319574,0.0,1040.2381825319574
2025-01-16,107,5581.577,2025-01-16T17:50:00,2025-01-16T17:40:00,17:50:00,17,DD,0.0,17:50:00,17,DD,1.1984,17:50:00,17,DD,1.0742,930.2628333333333,0.0,5581.577,930.2628333333333,2025-01-16T17:50:00,2025-01-16 00:00:00,2025-01-16 00:00:00,2025-01-16T17:50:00,2025-01-16T17:50:00,1.0742,903.4148941881746,11.139576477455458,887.2976694150448,1,profile_incumbent,41.445506525448586,0.0,42.96516391828857,0.0,0.0,0.0,0.0,10733.339647736111,10685.600576715791,0.0,0.0,4.977648295674385,10800.0,10794.469279671473,0.0,953.1351564856411,0.0,953.1351564856411
2025-01-16,108,4364.52,2025-01-16T18:00:00,2025-01-16T17:50:00,18:00:00,17,DE,0.0,18:00:00,17,DE,1.2781,18:00:00,17,DE,1.2313,727.4200000000001,0.0,4364.52,727.4200000000001,2025-01-16T18:00:00,2025-01-16 00:00:00,2025-01-16 00:00:00,2025-01-16T18:00:00,2025-01-16T18:00:00,1.2313,726.4634527222697,1.4329321358023088,598.3131851288376,1,profile_incumbent,41.445506525448586,0.0,129.10681487116244,0.0,0.0,0.0,0.0,10685.600576715791,10542.148560192278,0.0,0.0,126.71733545762982,10794.469279671473,10653.672240274107,0.0,736.7030248491378,0.0,736.7030248491378
2025-01-16,109,4187.8237,2025-01-16T18:10:00,2025-01-16T18:00:00,18:10:00,17,DF,0.0482,18:10:00,17,DF,1.3092,18:10:00,17,DF,1.2561,697.9706166666666,0.008033333333333333,4187.7755,697.9625833333333,2025-01-16T18:10:00,2025-01-16 00:00:00,2025-01-16 00:00:00,2025-01-16T18:10:00,2025-01-16T18:10:00,1.2561,706.6174962953748,0.0,686.1530729770424,1,profile_incumbent,245.17861999999994,0.0,11.809510356290957,0.0,0.0,0.0,0.0,10542.148560192278,10529.026882018621,0.0,0.0,20.46442331833248,10653.672240274107,10630.933992142627,0.0,861.8768749664629,0.0,861.8768749664629
2025-01-16,110,4415.9697,2025-01-16T18:20:00,2025-01-16T18:10:00,18:20:00,17,DG,0.0,18:20:00,17,DG,1.3184,18:20:00,17,DG,1.2447,735.9949499999999,0.0,4415.9697,735.9949499999999,2025-01-16T18:20:00,2025-01-16 00:00:00,2025-01-16 00:00:00,2025-01-16T18:20:00,2025-01-16T18:20:00,1.2447,742.7946286412841,0.0,731.7020503929889,1,profile_incumbent,245.17861999999994,0.0,4.292899607011009,0.0,0.0,0.0,0.0,10529.026882018621,10524.256993566387,0.0,0.0,11.09257824829524,10630.933992142627,10618.608905200077,0.0,910.7495421241532,0.0,910.7495421241532
2025-01-16,111,4504.07,2025-01-16T18:30:00,2025-01-16T18:20:00,18:30:00,17,DH,0.0,18:30:00,17,DH,1.2967,18:30:00,17,DH,1.2545,750.6783333333333,0.0,4504.07,750.6783333333333,2025-01-16T18:30:00,2025-01-16 00:00:00,2025-01-16 00:00:00,2025-01-16T18:30:00,2025-01-16T18:30:00,1.2545,748.3829021815532,0.0,721.6500092711462,1,profile_incumbent,245.17861999999994,0.0,29.02832406218704,0.0,0.0,0.0,0.0,10524.256993566387,10492.003300163957,0.0,0.0,26.732892910406918,10618.608905200077,10588.905690855181,0.0,905.3099366306529,0.0,905.3099366306529
2025-01-16,112,4492.3332,2025-01-16T18:40:00,2025-01-16T18:30:00,18:40:00,17,DI,0.0035,18:40:00,17,DI,1.2314,18:40:00,17,DI,1.2522,748.7222,0.0005833333333333334,4492.3297,748.7216166666667,2025-01-16T18:40:00,2025-01-16 00:00:00,2025-01-16 00:00:00,2025-01-16T18:40:00,2025-01-16T18:40:00,1.2522,733.9499229963607,0.0,703.4832528650668,1,profile_incumbent,245.17861999999994,0.0,45.23836380159992,0.0,0.0,0.0,0.0,10492.003300163957,10441.738451495512,0.0,0.0,30.46667013129388,10588.905690855181,10555.053835153743,0.0,880.9017292376366,0.0,880.9017292376366
2025-01-16,113,4356.9789,2025-01-16T18:50:00,2025-01-16T18:40:00,18:50:00,17,DJ,0.0,18:50:00,17,DJ,1.3149,18:50:00,17,DJ,1.2881,726.16315,0.0,4356.9789,726.16315,2025-01-16T18:50:00,2025-01-16 00:00:00,2025-01-16 00:00:00,2025-01-16T18:50:00,2025-01-16T18:50:00,1.2881,729.0080330162773,0.0,666.7500339089681,1,profile_incumbent,245.17861999999994,0.0,59.41311609103184,0.0,0.0,0.0,0.0,10441.738451495512,10375.723878061031,0.0,0.0,62.25799910730916,10555.053835153743,10485.878280590066,0.0,858.8407186781419,0.0,858.8407186781419
2025-01-16,114,4251.51,2025-01-16T19:00:00,2025-01-16T18:50:00,19:00:00,17,DK,0.0,19:00:00,17,DK,1.5038,19:00:00,17,DK,1.3466,708.585,0.0,4251.51,708.585,2025-01-16T19:00:00,2025-01-16 00:00:00,2025-01-16 00:00:00,2025-01-16T19:00:00,2025-01-16T19:00:00,1.3466,733.42730665968,0.0,2.025405700667667,1,profile_incumbent,245.17861999999994,0.0,706.5595942993324,0.0,0.0,0.0,0.0,10375.723878061031,9590.657662172884,0.0,0.0,731.4019009590123,10485.878280590066,9673.20950174672,0.0,2.7274113165190808,0.0,2.7274113165190808
2025-01-16,115,4404.2374,2025-01-16T19:10:00,2025-01-16T19:00:00,19:10:00,17,DL,0.0,19:10:00,17,DL,1.5534,19:10:00,17,DL,1.3523,734.0395666666667,0.0,4404.2374,734.0395666666667,2025-01-16T19:10:00,2025-01-16 00:00:00,2025-01-16 00:00:00,2025-01-16T19:10:00,2025-01-16T19:10:00,1.3523,724.8972934208307,0.0,0.010046743063614158,1,profile_incumbent,243.43716666666654,0.0,734.0295199236031,0.0,0.0,0.0,0.0,9590.657662172884,8775.069306702213,0.0,0.0,724.887246677767,9673.20950174672,8867.779227660312,0.0,0.013586210644925425,0.0,0.013586210644925425
2025-01-16,116,4552.2016,2025-01-16T19:20:00,2025-01-16T19:10:00,19:20:00,17,DM,0.0,19:20:00,17,DM,1.5597,19:20:00,17,DM,1.3445,758.7002666666667,0.0,4552.2016,758.7002666666667,2025-01-16T19:20:00,2025-01-16 00:00:00,2025-01-16 00:00:00,2025-01-16T19:20:00,2025-01-16T19:20:00,1.3445,724.6080843985574,0.0,0.46768975871895435,1,profile_incumbent,243.43716666666654,0.0,758.2325769079478,0.0,0.0,0.0,0.0,8775.069306702213,7932.588665693382,0.0,0.0,724.1403946398384,8867.779227660312,8063.178789171603,0.0,0.6288088805976342,0.0,0.6288088805976342
2025-01-16,117,4515.35,2025-01-16T19:30:00,2025-01-16T19:20:00,19:30:00,17,DN,0.0,19:30:00,17,DN,1.5631,19:30:00,17,DN,1.3483,752.5583333333334,0.0,4515.35,752.5583333333334,2025-01-16T19:30:00,2025-01-16 00:00:00,2025-01-16 00:00:00,2025-01-16T19:30:00,2025-01-16T19:30:00,1.3483,736.6914773828968,0.0,2.002694711552578,1,profile_incumbent,243.43716666666654,0.0,750.5556386217809,0.0,0.0,0.0,0.0,7932.588665693382,7098.6379561136255,0.0,0.0,734.6887826713443,8063.178789171603,7246.8579195367765,0.0,2.700233279586341,0.0,2.700233279586341
2025-01-16,118,4368.5589,2025-01-16T19:40:00,2025-01-16T19:30:00,19:40:00,17,DO,0.0,19:40:00,17,DO,1.4998,19:40:00,17,DO,1.349,728.09315,0.0,4368.5589,728.09315,2025-01-16T19:40:00,2025-01-16 00:00:00,2025-01-16 00:00:00,2025-01-16T19:40:00,2025-01-16T19:40:00,1.349,741.4532116096518,0.0,1.724590134264468,1,profile_incumbent,243.43716666666654,0.0,726.3685598657356,0.0,0.0,0.0,0.0,7098.6379561136255,6291.56177848503,0.0,0.0,739.7286214753874,7246.8579195367765,6424.9372290085685,0.0,2.3264720911227674,0.0,2.3264720911227674
2025-01-16,119,4362.5221,2025-01-16T19:50:00,2025-01-16T19:40:00,19:50:00,17,DP,0.0,19:50:00,17,DP,1.4621,19:50:00,17,DP,1.3473,727.0870166666667,0.0,4362.5221,727.0870166666667,2025-01-16T19:50:00,2025-01-16 00:00:00,2025-01-16 00:00:00,2025-01-16T19:50:00,2025-01-16T19:50:00,1.3473,737.0790536841433,0.0,1.9326415527055474,1,profile_incumbent,243.43716666666654,0.0,725.1543751139611,0.0,0.0,0.0,0.0,6291.56177848503,5485.834695025073,0.0,0.0,735.1464121314377,6424.9372290085685,5608.10788219586,0.0,2.6038479639601837,0.0,2.6038479639601837
2025-01-16,120,4511.7,2025-01-16T20:00:00,2025-01-16T19:50:00,20:00:00,17,DQ,0.0,20:00:00,17,DQ,1.4923,20:00:00,17,DQ,1.3482,751.9499999999999,0.0,4511.7,751.9499999999999,2025-01-16T20:00:00,2025-01-16 00:00:00,2025-01-16 00:00:00,2025-01-16T20:00:00,2025-01-16T20:00:00,1.3482,726.1566698945871,0.0,1.0095916392676831,1,profile_incumbent,243.43716666666654,0.0,750.9404083607322,0.0,0.0,0.0,0.0,5485.834695025073,4651.456463513148,0.0,0.0,725.1470782553195,5608.10788219586,4802.388906356616,0.0,1.3611314480606904,0.0,1.3611314480606904
2025-01-16,121,4579.8728,2025-01-16T20:10:00,2025-01-16T20:00:00,20:10:00,17,DR,0.0,20:10:00,17,DR,1.5343,20:10:00,17,DR,1.3513,763.3121333333333,0.0,4579.8728,763.3121333333333,2025-01-16T20:10:00,2025-01-16 00:00:00,2025-01-16 00:00:00,2025-01-16T20:10:00,2025-01-16T20:10:00,1.3513,714.9906595363382,0.0,0.732902548695141,1,profile_incumbent,225.1558453861492,0.0,762.5792307846382,0.0,0.0,0.0,0.0,4651.456463513148,3804.1462070857724,0.0,0.0,714.257756987643,4802.388906356616,4008.769176370346,0.0,0.990371214051744,0.0,0.990371214051744
2025-01-16,122,4450.8266,2025-01-16T20:20:00,2025-01-16T20:10:00,20:20:00,17,DS,0.0,20:20:00,17,DS,1.5079,20:20:00,17,DS,1.34,741.8044333333333,0.0,4450.8266,741.8044333333333,2025-01-16T20:20:00,2025-01-16 00:00:00,2025-01-16 00:00:00,2025-01-16T20:20:00,2025-01-16T20:20:00,1.34,724.4951182882561,0.0,489.11538987062886,1,profile_incumbent,225.1558453861492,0.0,252.6890434627045,0.0,0.0,0.0,0.0,3804.1462070857724,3523.380603238323,0.0,0.0,235.37972841762723,4008.769176370346,3747.236144795205,0.0,655.4146224266427,0.0,655.4146224266427
2025-01-16,123,4294.25,2025-01-16T20:30:00,2025-01-16T20:20:00,20:30:00,17,DT,0.0,20:30:00,17,DT,1.4948,20:30:00,17,DT,1.3489,715.7083333333334,0.0,4294.25,715.7083333333334,2025-01-16T20:30:00,2025-01-16 00:00:00,2025-01-16 00:00:00,2025-01-16T20:30:00,2025-01-16T20:30:00,1.3489,738.8781561565376,0.0,0.012142374502268528,1,profile_incumbent,225.1558453861492,0.0,715.6961909588312,0.0,0.0,0.0,0.0,3523.380603238323,2728.1626132840665,0.0,0.0,738.8660137820353,3747.236144795205,2926.27390725961,0.0,0.016378848966110016,0.0,0.016378848966110016
2025-01-16,124,4402.6087,2025-01-16T20:40:00,2025-01-16T20:30:00,20:40:00,17,DU,0.0,20:40:00,17,DU,1.6041,20:40:00,17,DU,1.3952,733.7681166666666,0.0,4402.6087,733.7681166666666,2025-01-16T20:40:00,2025-01-16 00:00:00,2025-01-16 00:00:00,2025-01-16T20:40:00,2025-01-16T20:40:00,1.3952,724.3964076972445,0.0,0.0,1,profile_incumbent,225.1558453861492,0.0,733.7681166666666,0.0,0.0,0.0,0.0,2728.1626132840665,1912.8647058766592,0.0,0.0,724.3964076972445,2926.27390725961,2121.3890098182274,0.0,0.0,0.0,0.0
2025-01-16,125,4555.1868,2025-01-16T20:50:00,2025-01-16T20:40:00,20:50:00,17,DV,0.0,20:50:00,17,DV,1.415,20:50:00,17,DV,1.2226,759.1978,0.0,4555.1868,759.1978,2025-01-16T20:50:00,2025-01-16 00:00:00,2025-01-16 00:00:00,2025-01-16T20:50:00,2025-01-16T20:50:00,1.2226,733.8046159323673,0.9154868907715003,623.377438493101,1,profile_incumbent,225.1558453861492,0.0,135.82036150689908,0.0,0.0,0.0,0.0,1912.8647058766592,1761.9531930912158,0.0,0.0,109.51169054849481,2121.3890098182274,1999.7093536532332,0.0,762.1412563016652,0.0,762.1412563016652
2025-01-16,126,4561.67,2025-01-16T21:00:00,2025-01-16T20:50:00,21:00:00,17,DW,0.0,21:00:00,17,DW,1.0085,21:00:00,17,DW,0.9332,760.2783333333333,0.0,4561.67,760.2783333333333,2025-01-16T21:00:00,2025-01-16 00:00:00,2025-01-16 00:00:00,2025-01-16T21:00:00,2025-01-16T21:00:00,0.9332,770.3530169789443,2.6356431866146512,751.6134712746863,1,profile_incumbent,225.1558453861492,0.0,8.664862058647032,0.0,0.0,0.0,0.0,1761.9531930912158,1752.325568581608,0.0,0.0,16.103902517643405,1999.7093536532332,1981.8161286336294,0.0,701.4056913935373,0.0,701.4056913935373
2025-01-16,127,4436.9432,2025-01-16T21:10:00,2025-01-16T21:00:00,21:10:00,17,DX,0.0,21:10:00,17,DX,0.914,21:10:00,17,DX,0.9068,739.4905333333332,0.0,4436.9432,739.4905333333332,2025-01-16T21:10:00,2025-01-16 00:00:00,2025-01-16 00:00:00,2025-01-16T21:10:00,2025-01-16T21:10:00,0.9068,777.8723337252499,4.013201310371891,775.3547422335898,1,profile_incumbent,229.72917610240083,35.864208900256585,0.0,0.0,0.0,0.0,0.0,1752.325568581608,1784.603356591839,0.0,1.4956098187118414,0.0,1981.8161286336294,1983.1621774704702,0.0,703.0916802574193,0.0,703.0916802574193
2025-01-16,128,4367.0796,2025-01-16T21:20:00,2025-01-16T21:10:00,21:20:00,17,DY,0.0,21:20:00,17,DY,0.9214,21:20:00,17,DY,0.9371,727.8466,0.0,4367.0796,727.8466,2025-01-16T21:20:00,2025-01-16 00:00:00,2025-01-16 00:00:00,2025-01-16T21:20:00,2025-01-16T21:20:00,0.9371,750.5947618975874,5.036393566114963,744.6941871435608,1,profile_incumbent,229.72917610240083,16.847587143560872,0.0,0.0,0.0,0.0,0.0,1784.603356591839,1799.7661850210438,0.0,0.0,0.8641811879116403,1983.1621774704702,1982.2019761505683,0.0,697.8529227722308,0.0,697.8529227722308
2025-01-16,129,4494.88,2025-01-16T21:30:00,2025-01-16T21:20:00,21:30:00,17,DZ,0.0,21:30:00,17,DZ,0.9343,21:30:00,17,DZ,0.9371,749.1466666666666,0.0,4494.88,749.1466666666666,2025-01-16T21:30:00,2025-01-16 00:00:00,2025-01-16 00:00:00,2025-01-16T21:30:00,2025-01-16T21:30:00,0.9371,736.8480603858195,5.707101050131783,735.9842124561145,1,profile_incumbent,229.72917610240083,0.0,13.162454210552141,0.0,0.0,0.0,0.0,1799.7661850210438,1785.1412358982082,0.0,4.843253120426766,0.0,1982.2019761505683,1986.5609039589524,0.0,689.6908054926249,0.0,689.6908054926249
2025-01-16,130,4678.6031,2025-01-16T21:40:00,2025-01-16T21:30:00,21:40:00,17,EA,0.0,21:40:00,17,EA,1.0291,21:40:00,17,EA,0.9871,779.7671833333334,0.0,4678.6031,779.7671833333334,2025-01-16T21:40:00,2025-01-16 00:00:00,2025-01-16 00:00:00,2025-01-16T21:40:00,2025-01-16T21:40:00,0.9871,773.4981441320715,6.039590362387651,742.276055943511,1,profile_incumbent,229.72917610240083,0.0,37.491127389822395,0.0,0.0,0.0,0.0,1785.1412358982082,1743.4844276872943,0.0,0.0,25.182497826172835,1986.5609039589524,1958.5803508187603,0.0,732.7006948218396,0.0,732.7006948218396
2025-01-16,131,4045.3251,2025-01-16T21:50:00,2025-01-16T21:40:00,21:50:00,17,EB,0.0,21:50:00,17,EB,0.7823,21:50:00,17,EB,0.7764,674.22085,0.0,4045.3251,674.22085,2025-01-16T21:50:00,2025-01-16 00:00:00,2025-01-16 00:00:00,2025-01-16T21:50:00,2025-01-16T21:50:00,0.7764,699.5191585371906,6.059045196615639,811.2420202071773,1,profile_incumbent,229.72917610240083,137.0211702071773,0.0,0.0,0.0,0.0,0.0,1743.4844276872943,1866.8034808737539,0.0,117.78190686660241,0.0,1958.5803508187603,2064.5840669987024,0.0,629.8483044888525,0.0,629.8483044888525
2025-01-16,132,3128.35,2025-01-16T22:00:00,2025-01-16T21:50:00,22:00:00,17,EC,0.0,22:00:00,17,EC,0.3683,22:00:00,17,EC,0.4209,521.3916666666667,0.0,3128.35,521.3916666666667,2025-01-16T22:00:00,2025-01-16 00:00:00,2025-01-16 00:00:00,2025-01-16T22:00:00,2025-01-16T22:00:00,0.4209,549.4394736514382,5.799929209182676,1330.485129405275,1,profile_incumbent,229.72917610240083,809.0934627386084,0.0,0.0,0.0,0.0,0.0,1866.8034808737539,2594.9875973385015,0.0,786.8455849630195,0.0,2064.5840669987024,2772.74509346542,0.0,560.0011909666803,0.0,560.0011909666803
2025-01-16,133,3386.6017,2025-01-16T22:10:00,2025-01-16T22:00:00,22:10:00,17,ED,0.0,22:10:00,17,ED,0.4164,22:10:00,17,ED,0.3859,564.4336166666667,0.0,3386.6017,564.4336166666667,2025-01-16T22:10:00,2025-01-16 00:00:00,2025-01-16 00:00:00,2025-01-16T22:10:00,2025-01-16T22:10:00,0.3859,528.8062655789402,5.3042192074708865,1361.8563879219207,1,profile_incumbent,37.68761967196862,797.422771255254,0.0,0.0,0.0,0.0,0.0,2594.9875973385015,3312.66809146823,0.0,833.3333333333334,0.0,2772.74509346542,3522.74509346542,5.0210082171180375,525.5403800990692,0.0,525.5403800990692
2025-01-16,134,3684.861,2025-01-16T22:20:00,2025-01-16T22:10:00,22:20:00,17,EE,0.0,22:20:00,17,EE,0.4966,22:20:00,17,EE,0.4368,614.1435,0.0,3684.861,614.1435,2025-01-16T22:20:00,2025-01-16 00:00:00,2025-01-16 00:00:00,2025-01-16T22:20:00,2025-01-16T22:20:00,0.4368,550.0193335251652,4.619549583656135,1224.1715529675594,1,profile_incumbent,37.68761967196862,610.0280529675593,0.0,0.0,0.0,0.0,0.0,3312.66809146823,3861.6933391390335,0.0,678.7717690260504,0.0,3522.74509346542,4133.639685588865,0.0,534.7181343362299,0.0,534.7181343362299
2025-01-16,135,3490.62,2025-01-16T22:30:00,2025-01-16T22:20:00,22:30:00,17,EF,0.0,22:30:00,17,EF,0.4229,22:30:00,17,EF,0.4198,581.77,0.0,3490.62,581.77,2025-01-16T22:30:00,2025-01-16 00:00:00,2025-01-16 00:00:00,2025-01-16T22:30:00,2025-01-16T22:30:00,0.4198,555.8645487327071,3.797310019958185,1321.6223540770693,1,profile_incumbent,37.68761967196862,739.8523540770693,0.0,0.0,0.0,0.0,0.0,3861.6933391390335,4527.560457808396,0.0,769.5551153643203,0.0,4133.639685588865,4826.239289416753,0.0,554.8170642415537,0.0,554.8170642415537
2025-01-16,136,3405.726,2025-01-16T22:40:00,2025-01-16T22:30:00,22:40:00,17,EG,0.0,22:40:00,17,EG,0.4373,22:40:00,17,EG,0.4186,567.621,0.0,3405.726,567.621,2025-01-16T22:40:00,2025-01-16 00:00:00,2025-01-16 00:00:00,2025-01-16T22:40:00,2025-01-16T22:40:00,0.4186,581.9956887811401,2.890738791232682,1357.8796231635888,1,profile_incumbent,37.68761967196862,790.2586231635888,0.0,0.0,0.0,0.0,0.0,4527.560457808396,5238.793218655625,0.0,778.7746731736814,0.0,4826.239289416753,5527.136495273066,0.0,568.4084102562783,0.0,568.4084102562783
2025-01-16,137,3490.181,2025-01-16T22:50:00,2025-01-16T22:40:00,22:50:00,17,EH,0.0,22:50:00,17,EH,0.4331,22:50:00,17,EH,0.4241,581.6968333333333,0.0,3490.181,581.6968333333333,2025-01-16T22:50:00,2025-01-16 00:00:00,2025-01-16 00:00:00,2025-01-16T22:50:00,2025-01-16T22:50:00,0.4241,610.2051169041778,1.953053489128439,1364.567172975368,1,profile_incumbent,37.68761967196862,782.8703396420348,0.0,0.0,0.0,0.0,0.0,5238.793218655625,5943.3765243334565,0.0,756.3151095603188,0.0,5527.136495273066,6207.820093877353,0.0,578.7129380588535,0.0,578.7129380588535
2025-01-16,138,3552.85,2025-01-16T23:00:00,2025-01-16T22:50:00,23:00:00,17,EI,0.0,23:00:00,17,EI,0.3873,23:00:00,17,EI,0.4237,592.1416666666667,0.0,3552.85,592.1416666666667,2025-01-16T23:00:00,2025-01-16 00:00:00,2025-01-16 00:00:00,2025-01-16T23:00:00,2025-01-16T23:00:00,0.4237,611.0263105962092,1.0356597020724818,1362.863246582698,1,profile_incumbent,37.68761967196862,770.7215799160313,0.0,0.0,0.0,0.0,0.0,5943.3765243334565,6637.025946257884,0.0,752.8725956885612,0.0,6207.820093877353,6885.4054299970585,0.0,577.4451575770892,0.0,577.4451575770892
2025-01-16,139,3439.5028,2025-01-16T23:10:00,2025-01-16T23:00:00,23:10:00,17,EJ,0.0,23:10:00,17,EJ,0.4108,23:10:00,17,EJ,0.4248,573.2504666666667,0.0,3439.5028,573.2504666666667,2025-01-16T23:10:00,2025-01-16 00:00:00,2025-01-16 00:00:00,2025-01-16T23:10:00,2025-01-16T23:10:00,0.4248,576.7817414362755,0.18647613440727845,1320.707267189897,1,profile_incumbent,25.180223011300978,747.4568005232303,0.0,0.0,0.0,0.0,0.0,6637.025946257884,7309.737066728791,0.0,744.1120018880288,0.0,6885.4054299970585,7555.106231696284,0.0,561.0364471022683,0.0,561.0364471022683
2025-01-16,140,3528.2241,2025-01-16T23:20:00,2025-01-16T23:10:00,23:20:00,17,EK,0.0,23:20:00,17,EK,0.4457,23:20:00,17,EK,0.424,588.03735,0.0,3528.2241,588.03735,2025-01-16T23:20:00,2025-01-16 00:00:00,2025-01-16 00:00:00,2025-01-16T23:20:00,2025-01-16T23:20:00,0.424,570.4471184580334,0.0,1286.0686005828206,1,profile_incumbent,25.180223011300978,698.0312505828207,0.0,0.0,0.0,0.0,0.0,7309.737066728791,7937.96519225333,0.0,715.6214821247872,0.0,7555.106231696284,8199.165565608593,0.0,545.293086647116,0.0,545.293086647116
2025-01-16,141,3825.32,2025-01-16T23:30:00,2025-01-16T23:20:00,23:30:00,17,EL,0.0,23:30:00,17,EL,0.4608,23:30:00,17,EL,0.422,637.5533333333334,0.0,3825.32,637.5533333333334,2025-01-16T23:30:00,2025-01-16 00:00:00,2025-01-16 00:00:00,2025-01-16T23:30:00,2025-01-16T23:30:00,0.422,604.3487774661355,0.0,1344.2360755117008,1,profile_incumbent,25.180223011300978,706.6827421783674,0.0,0.0,0.0,0.0,0.0,7937.96519225333,8573.979660213861,0.0,739.8872980455653,0.0,8199.165565608593,8865.064133849603,0.0,567.2676238659377,0.0,567.2676238659377
2025-01-16,142,3873.6924,2025-01-16T23:40:00,2025-01-16T23:30:00,23:40:00,17,EM,0.0,23:40:00,17,EM,0.4736,23:40:00,17,EM,0.424,645.6154,0.0,3873.6924,645.6154,2025-01-16T23:40:00,2025-01-16 00:00:00,2025-01-16 00:00:00,2025-01-16T23:40:00,2025-01-16T23:40:00,0.424,620.7228377338785,0.0,1374.4809828190844,1,profile_incumbent,25.180223011300978,728.8655828190844,0.0,0.0,0.0,0.0,0.0,8573.979660213861,9229.958684751036,0.0,753.7581450852059,0.0,8865.064133849603,9543.446464426288,0.0,582.7799367152918,0.0,582.7799367152918
2025-01-16,143,3406.561,2025-01-16T23:50:00,2025-01-16T23:40:00,23:50:00,17,EN,0.0,23:50:00,17,EN,0.4179,23:50:00,17,EN,0.4271,567.7601666666667,0.0,3406.561,567.7601666666667,2025-01-16T23:50:00,2025-01-16 00:00:00,2025-01-16 00:00:00,2025-01-16T23:50:00,2025-01-16T23:50:00,0.4271,559.1949021212922,0.0,1279.629404766077,1,profile_incumbent,25.180223011300978,711.8692380994103,0.0,0.0,0.0,0.0,0.0,9229.958684751036,9870.640999040506,0.0,720.4345026447847,0.0,9543.446464426288,10191.837516806594,0.0,546.5297187755914,0.0,546.5297187755914
2025-01-16,144,2666.03,2025-01-17T00:00:00,2025-01-16T23:50:00,0:00+1,17,EO,0.0,0:00+1,17,EO,0.3275,0:00+1,17,EO,0.4276,444.33833333333337,0.0,2666.03,444.33833333333337,2025-01-17T00:00:00,2025-01-16 00:00:00,2025-01-16 00:00:00,2025-01-17T00:00:00,2025-01-17T00:00:00,0.4276,465.2313045012207,0.0,995.2668272464135,1,profile_incumbent,25.180223011300978,550.9284939130802,0.0,0.0,0.0,0.0,0.0,9870.640999040506,10366.476643562279,0.0,530.0355227451928,0.0,10191.837516806594,10668.869487277268,0.0,425.57609533056643,0.0,425.57609533056643
2025-01-17,1,2257.2766,2025-01-17T00:10:00,2025-01-17T00:00:00,00:10:00,18,B,0.0,00:10:00,18,B,0.3211,00:10:00,18,B,0.4248,376.2127666666667,0.0,2257.2766,376.2127666666667,2025-01-17T00:10:00,2025-01-17 00:00:00,2025-01-17 00:00:00,2025-01-17T00:10:00,2025-01-17T00:10:00,0.4248,411.1261890078015,0.0,431.3227088941904,1,profile_incumbent,24.745594208812776,55.109942227523675,0.0,0.0,0.0,0.0,0.0,10366.476643562279,10416.07559156705,0.0,20.1965198863889,0.0,10366.476643562279,10384.653511460028,0.0,183.2258867382521,0.0,183.2258867382521
2025-01-17,2,2397.7026,2025-01-17T00:20:00,2025-01-17T00:10:00,00:20:00,18,C,0.0,00:20:00,18,C,0.3668,00:20:00,18,C,0.4245,399.6171,0.0,2397.7026,399.6171,2025-01-17T00:20:00,2025-01-17 00:00:00,2025-01-17 00:00:00,2025-01-17T00:20:00,2025-01-17T00:20:00,0.4245,421.9475924739509,0.0,437.3817068771209,1,profile_incumbent,24.745594208812776,37.76460687712091,0.0,0.0,0.0,0.0,0.0,10416.07559156705,10450.06373775646,0.0,15.434114403169986,0.0,10384.653511460028,10398.544214422882,0.0,185.66853456933782,0.0,185.66853456933782
2025-01-17,3,2813.97,2025-01-17T00:30:00,2025-01-17T00:20:00,00:30:00,18,D,0.0,00:30:00,18,D,0.3963,00:30:00,18,D,0.4269,468.99499999999995,0.0,2813.97,468.99499999999995,2025-01-17T00:30:00,2025-01-17 00:00:00,2025-01-17 00:00:00,2025-01-17T00:30:00,2025-01-17T00:30:00,0.4269,423.53721302281605,0.0368471505076744,412.4583208676817,1,profile_incumbent,24.745594208812776,0.0,56.53667913231823,0.0,0.0,0.0,0.0,10450.06373775646,10387.245205387217,0.0,0.0,11.04204500462663,10398.544214422882,10386.275275528853,0.0,176.07845717841332,0.0,176.07845717841332
2025-01-17,4,2957.0975,2025-01-17T00:40:00,2025-01-17T00:30:00,00:40:00,18,E,0.0,00:40:00,18,E,0.3667,00:40:00,18,E,0.4272,492.8495833333333,0.0,2957.0975,492.8495833333333,2025-01-17T00:40:00,2025-01-17 00:00:00,2025-01-17 00:00:00,2025-01-17T00:40:00,2025-01-17T00:40:00,0.4272,428.9512454186729,0.4465663491530347,429.5898046514383,1,profile_incumbent,24.745594208812776,0.0,63.259778681895,0.0,0.0,0.0,0.0,10387.245205387217,10316.956562407333,0.0,1.0851255819184757,0.0,10386.275275528853,10387.251888552579,0.0,183.52076454709447,0.0,183.52076454709447
2025-01-17,5,2744.2964,2025-01-17T00:50:00,2025-01-17T00:40:00,00:50:00,18,F,0.0,00:50:00,18,F,0.3266,00:50:00,18,F,0.4271,457.38273333333336,0.0,2744.2964,457.38273333333336,2025-01-17T00:50:00,2025-01-17 00:00:00,2025-01-17 00:00:00,2025-01-17T00:50:00,2025-01-17T00:50:00,0.4271,424.06716825204256,1.0165852480643947,424.32590284778286,1,profile_incumbent,24.745594208812776,0.0,33.056830485550506,0.0,0.0,0.0,0.0,10316.956562407333,10280.226750756721,0.0,1.2753198438047093,0.0,10387.251888552579,10388.399676412004,0.0,181.22959310628804,0.0,181.22959310628804
2025-01-17,6,2523.27,2025-01-17T01:00:00,2025-01-17T00:50:00,01:00:00,18,G,0.0,01:00:00,18,G,0.3115,01:00:00,18,G,0.4285,420.545,0.0,2523.27,420.545,2025-01-17T01:00:00,2025-01-17 00:00:00,2025-01-17 00:00:00,2025-01-17T01:00:00,2025-01-17T01:00:00,0.4285,423.84522568966224,1.7118995117204905,401.3947205962094,1,profile_incumbent,24.745594208812776,0.0,19.15027940379059,0.0,0.0,0.0,0.0,10280.226750756721,10258.948662530287,0.0,0.0,20.738605581732315,10388.399676412004,10365.35678132119,0.0,171.99763777547574,0.0,171.99763777547574
2025-01-17,7,2709.2039,2025-01-17T01:10:00,2025-01-17T01:00:00,01:10:00,18,H,0.0,01:10:00,18,H,0.3188,01:10:00,18,H,0.4311,451.5339833333333,0.0,2709.2039,451.5339833333333,2025-01-17T01:10:00,2025-01-17 00:00:00,2025-01-17 00:00:00,2025-01-17T01:10:00,2025-01-17T01:10:00,0.4311,456.3891015657552,2.4909477449390294,480.745300805836,1,profile_incumbent,40.883041150474284,29.211317472502685,0.0,0.0,0.0,0.0,0.0,10258.948662530287,10285.23884825554,0.0,26.847146985019833,0.0,10365.35678132119,10389.519213607708,0.0,207.2492991773959,0.0,207.2492991773959
2025-01-17,8,2779.2945,2025-01-17T01:20:00,2025-01-17T01:10:00,01:20:00,18,I,0.0,01:20:00,18,I,0.3375,01:20:00,18,I,0.4302,463.21575,0.0,2779.2945,463.21575,2025-01-17T01:20:00,2025-01-17 00:00:00,2025-01-17 00:00:00,2025-01-17T01:20:00,2025-01-17T01:20:00,0.4302,460.3928809338545,3.3069184166060723,463.36274426382977,1,profile_incumbent,40.883041150474284,0.1469942638297539,0.0,0.0,0.0,0.0,0.0,10285.23884825554,10285.371143092987,0.0,6.276781746581378,0.0,10389.519213607708,10395.16831717963,0.0,199.33865258229957,0.0,199.33865258229957
2025-01-17,9,2672.76,2025-01-17T01:30:00,2025-01-17T01:20:00,01:30:00,18,J,0.0,01:30:00,18,J,0.3586,01:30:00,18,J,0.4279,445.46000000000004,0.0,2672.76,445.46000000000004,2025-01-17T01:30:00,2025-01-17 00:00:00,2025-01-17 00:00:00,2025-01-17T01:30:00,2025-01-17T01:30:00,0.4279,442.7062713806713,4.109246624346471,411.7968964404846,1,profile_incumbent,40.883041150474284,0.0,33.663103559515434,0.0,0.0,0.0,0.0,10285.371143092987,10247.967694693525,0.0,0.0,26.800128315840198,10395.16831717963,10365.390396828696,0.0,176.20789198688337,0.0,176.20789198688337
2025-01-17,10,2825.4676,2025-01-17T01:40:00,2025-01-17T01:30:00,01:40:00,18,K,0.0,01:40:00,18,K,0.3751,01:40:00,18,K,0.4312,470.9112666666667,0.0,2825.4676,470.9112666666667,2025-01-17T01:40:00,2025-01-17 00:00:00,2025-01-17 00:00:00,2025-01-17T01:40:00,2025-01-17T01:40:00,0.4312,469.7598822460662,4.845268867872496,504.8374107396245,1,profile_incumbent,40.883041150474284,33.92614407295781,0.0,0.0,0.0,0.0,0.0,10247.967694693525,10278.501224359186,0.0,39.92279736143081,0.0,10365.390396828696,10401.320914453983,0.0,217.6858915109261,0.0,217.6858915109261
2025-01-17,11,2883.0635,2025-01-17T01:50:00,2025-01-17T01:40:00,01:50:00,18,L,0.0,01:50:00,18,L,0.3767,01:50:00,18,L,0.4333,480.5105833333334,0.0,2883.0635,480.5105833333334,2025-01-17T01:50:00,2025-01-17 00:00:00,2025-01-17 00:00:00,2025-01-17T01:50:00,2025-01-17T01:50:00,0.4333,485.48234723270895,5.462000453167601,495.5629773544867,1,profile_incumbent,40.883041150474284,15.052394021153304,0.0,0.0,0.0,0.0,0.0,10278.501224359186,10292.048378978225,0.0,15.542630574945349,0.0,10401.320914453983,10415.309281971435,0.0,214.72743808769908,0.0,214.72743808769908
2025-01-17,12,2806.24,2025-01-17T02:00:00,2025-01-17T01:50:00,02:00:00,18,M,0.0,02:00:00,18,M,0.368,02:00:00,18,M,0.4311,467.70666666666665,0.0,2806.24,467.70666666666665,2025-01-17T02:00:00,2025-01-17 00:00:00,2025-01-17 00:00:00,2025-01-17T02:00:00,2025-01-17T02:00:00,0.4311,466.12455168753644,5.907997264883765,419.9594550529837,1,profile_incumbent,40.883041150474284,0.0,47.747211613682964,0.0,0.0,0.0,0.0,10292.048378978225,10238.995921629688,0.0,0.0,40.25709936966899,10415.309281971435,10370.579171560692,0.0,181.04452107334126,0.0,181.04452107334126
2025-01-17,13,2919.4573,2025-01-17T02:10:00,2025-01-17T02:00:00,02:10:00,18,N,0.0,02:10:00,18,N,0.3635,02:10:00,18,N,0.4293,486.57621666666665,0.0,2919.4573,486.57621666666665,2025-01-17T02:10:00,2025-01-17 00:00:00,2025-01-17 00:00:00,2025-01-17T02:10:00,2025-01-17T02:10:00,0.4293,449.6024201341136,6.135261475952985,433.1645307846295,1,profile_incumbent,33.21798896484933,0.0,53.41168588203715,0.0,0.0,0.0,0.0,10238.995921629688,10179.64960398298,0.0,0.0,10.302627873531094,10370.579171560692,10359.131807256768,0.0,185.95753306584146,0.0,185.95753306584146
2025-01-17,14,2940.4807,2025-01-17T02:20:00,2025-01-17T02:10:00,02:20:00,18,O,0.0,02:20:00,18,O,0.3564,02:20:00,18,O,0.4324,490.0801166666667,0.0,2940.4807,490.0801166666667,2025-01-17T02:20:00,2025-01-17 00:00:00,2025-01-17 00:00:00,2025-01-17T02:20:00,2025-01-17T02:20:00,0.4324,462.95954938912996,6.101149354312813,499.43637245698574,1,profile_incumbent,33.21798896484933,9.35625579031904,0.0,0.0,0.0,0.0,0.0,10179.64960398298,10188.070234194267,0.0,42.577972422168614,0.0,10359.131807256768,10397.45198243672,0.0,215.95628745040062,0.0,215.95628745040062
2025-01-17,15,2871.07,2025-01-17T02:30:00,2025-01-17T02:20:00,02:30:00,18,P,0.0,02:30:00,18,P,0.3578,02:30:00,18,P,0.4367,478.5116666666667,0.0,2871.07,478.5116666666667,2025-01-17T02:30:00,2025-01-17 00:00:00,2025-01-17 00:00:00,2025-01-17T02:30:00,2025-01-17T02:30:00,0.4367,490.10247783364883,5.770238706180499,487.03618228196007,1,profile_incumbent,33.21798896484933,8.524515615293353,0.0,0.0,0.0,0.0,0.0,10188.070234194267,10195.742298248031,0.0,2.7039431544917534,0.0,10397.45198243672,10399.885531275762,0.0,212.68870080253194,0.0,212.68870080253194
2025-01-17,16,3003.3446,2025-01-17T02:40:00,2025-01-17T02:30:00,02:40:00,18,Q,0.0,02:40:00,18,Q,0.3845,02:40:00,18,Q,0.4348,500.55743333333334,0.0,3003.3446,500.55743333333334,2025-01-17T02:40:00,2025-01-17 00:00:00,2025-01-17 00:00:00,2025-01-17T02:40:00,2025-01-17T02:40:00,0.4348,490.2325435664782,5.116113678786176,517.3676296974116,1,profile_incumbent,33.21798896484933,16.81019636407831,0.0,0.0,0.0,0.0,0.0,10195.742298248031,10210.871474975702,0.0,32.251199809719594,0.0,10399.885531275762,10428.91161110451,0.0,224.9514453924346,0.0,224.9514453924346
2025-01-17,17,3043.6663,2025-01-17T02:50:00,2025-01-17T02:40:00,02:50:00,18,R,0.0,02:50:00,18,R,0.3862,02:50:00,18,R,0.4335,507.27771666666666,0.0,3043.6663,507.27771666666666,2025-01-17T02:50:00,2025-01-17 00:00:00,2025-01-17 00:00:00,2025-01-17T02:50:00,2025-01-17T02:50:00,0.4335,482.1511151385465,4.123025633854873,518.5831460916511,1,profile_incumbent,33.21798896484933,11.305429424984425,0.0,0.0,0.0,0.0,0.0,10210.871474975702,10221.046361458188,0.0,40.555056586959495,0.0,10428.91161110451,10465.411162032773,0.0,224.80579383073075,0.0,224.80579383073075
2025-01-17,18,2964.56,2025-01-17T03:00:00,2025-01-17T02:50:00,03:00:00,18,S,0.0,03:00:00,18,S,0.3786,03:00:00,18,S,0.4357,494.0933333333333,0.0,2964.56,494.0933333333333,2025-01-17T03:00:00,2025-01-17 00:00:00,2025-01-17 00:00:00,2025-01-17T03:00:00,2025-01-17T03:00:00,0.4357,489.89368257173294,2.787390582961483,479.52380588484084,1,profile_incumbent,33.21798896484933,0.0,14.569527448492465,0.0,0.0,0.0,0.0,10221.046361458188,10204.85799762653,0.0,0.0,7.5824861039305915,10465.411162032773,10456.98617747285,0.0,208.92852222402513,0.0,208.92852222402513
2025-01-17,19,3055.4828,2025-01-17T03:10:00,2025-01-17T03:00:00,03:10:00,18,T,0.0,03:10:00,18,T,0.4201,03:10:00,18,T,0.4374,509.24713333333335,0.0,3055.4828,509.24713333333335,2025-01-17T03:10:00,2025-01-17 00:00:00,2025-01-17 00:00:00,2025-01-17T03:10:00,2025-01-17T03:10:00,0.4374,516.2062235657055,1.1190862195407112,479.70471930416244,1,profile_incumbent,31.341817673341687,0.0,29.542414029170914,0.0,0.0,0.0,0.0,10204.85799762653,10172.033093149674,0.0,0.0,35.38241804200237,10456.98617747285,10417.672379648404,0.0,209.82284422364066,0.0,209.82284422364066
2025-01-17,20,3206.3367,2025-01-17T03:20:00,2025-01-17T03:10:00,03:20:00,18,U,0.0,03:20:00,18,U,0.4138,03:20:00,18,U,0.4371,534.38945,0.0,3206.3367,534.38945,2025-01-17T03:20:00,2025-01-17 00:00:00,2025-01-17 00:00:00,2025-01-17T03:20:00,2025-01-17T03:20:00,0.4371,520.8447233407242,0.0,497.89128271134894,1,profile_incumbent,31.341817673341687,0.0,36.498167288651075,0.0,0.0,0.0,0.0,10172.033093149674,10131.479573940062,0.0,0.0,22.953440629375223,10417.672379648404,10392.168556726876,0.0,217.6282796731306,0.0,217.6282796731306
2025-01-17,21,3259.96,2025-01-17T03:30:00,2025-01-17T03:20:00,03:30:00,18,V,0.0,03:30:00,18,V,0.371,03:30:00,18,V,0.4356,543.3266666666667,0.0,3259.96,543.3266666666667,2025-01-17T03:30:00,2025-01-17 00:00:00,2025-01-17 00:00:00,2025-01-17T03:30:00,2025-01-17T03:30:00,0.4356,492.94138183719537,0.0,515.3768682819641,1,profile_incumbent,31.341817673341687,0.0,27.949798384702603,0.0,0.0,0.0,0.0,10131.479573940062,10100.424242401503,0.0,22.435486444768742,0.0,10392.168556726876,10412.360494527167,0.0,224.49816382362357,0.0,224.49816382362357
2025-01-17,22,3184.1367,2025-01-17T03:40:00,2025-01-17T03:30:00,03:40:00,18,W,0.0,03:40:00,18,W,0.4017,03:40:00,18,W,0.4353,530.68945,0.0,3184.1367,530.68945,2025-01-17T03:40:00,2025-01-17 00:00:00,2025-01-17 00:00:00,2025-01-17T03:40:00,2025-01-17T03:40:00,0.4353,465.3263906157229,0.0,492.41616552264117,1,profile_incumbent,31.341817673341687,0.0,38.2732844773588,0.0,0.0,0.0,0.0,10100.424242401503,10057.898370759993,0.0,27.08977490691825,0.0,10412.360494527167,10436.741291943394,0.0,214.34875685200572,0.0,214.34875685200572
2025-01-17,23,3206.2324,2025-01-17T03:50:00,2025-01-17T03:40:00,03:50:00,18,X,0.0,03:50:00,18,X,0.4249,03:50:00,18,X,0.436,534.3720666666667,0.0,3206.2324,534.3720666666667,2025-01-17T03:50:00,2025-01-17 00:00:00,2025-01-17 00:00:00,2025-01-17T03:50:00,2025-01-17T03:50:00,0.436,482.5957961467439,0.0,492.8868974961596,1,profile_incumbent,31.341817673341687,0.0,41.485169170507106,0.0,0.0,0.0,0.0,10057.898370759993,10011.803738348319,0.0,10.29110134941567,0.0,10436.741291943394,10446.003283157868,0.0,214.89868730832558,0.0,214.89868730832558
2025-01-17,24,3377.85,2025-01-17T04:00:00,2025-01-17T03:50:00,04:00:00,18,Y,0.0,04:00:00,18,Y,0.4118,04:00:00,18,Y,0.4378,562.975,0.0,3377.85,562.975,2025-01-17T04:00:00,2025-01-17 00:00:00,2025-01-17 00:00:00,2025-01-17T04:00:00,2025-01-17T04:00:00,0.4378,524.1684973663985,0.0,516.8365567151175,1,profile_incumbent,31.341817673341687,0.0,46.138443284882555,0.0,0.0,0.0,0.0,10011.803738348319,9960.538801365115,0.0,0.0,7.331940651281002,10446.003283157868,10437.856682434223,0.0,226.27104452987845,0.0,226.27104452987845
2025-01-17,25,3500.9363,2025-01-17T04:10:00,2025-01-17T04:00:00,04:10:00,18,Z,0.0,04:10:00,18,Z,0.4174,04:10:00,18,Z,0.4401,583.4893833333333,0.0,3500.9363,583.4893833333333,2025-01-17T04:10:00,2025-01-17 00:00:00,2025-01-17 00:00:00,2025-01-17T04:10:00,2025-01-17T04:10:00,0.4401,522.9170069021097,0.0,477.27085995960687,1,profile_incumbent,31.029973899745396,0.0,106.21852337372644,0.0,0.0,0.0,0.0,9960.538801365115,9842.518219838752,0.0,0.0,45.64614694250287,10437.856682434223,10387.138741386998,0.0,210.04690546822297,0.0,210.04690546822297
2025-01-17,26,3358.0932,2025-01-17T04:20:00,2025-01-17T04:10:00,04:20:00,18,AA,0.0,04:20:00,18,AA,0.426,04:20:00,18,AA,0.4389,559.6822,0.0,3358.0932,559.6822,2025-01-17T04:20:00,2025-01-17 00:00:00,2025-01-17 00:00:00,2025-01-17T04:20:00,2025-01-17T04:20:00,0.4389,496.62095573761843,0.0,490.66337860851723,1,profile_incumbent,31.029973899745396,0.0,69.01882139148273,0.0,0.0,0.0,0.0,9842.518219838752,9765.830640514881,0.0,0.0,5.957577129101196,10387.138741386998,10380.519211243552,0.0,215.35215687127823,0.0,215.35215687127823
2025-01-17,27,3165.81,2025-01-17T04:30:00,2025-01-17T04:20:00,04:30:00,18,AB,0.0,04:30:00,18,AB,0.4246,04:30:00,18,AB,0.4364,527.635,0.0,3165.81,527.635,2025-01-17T04:30:00,2025-01-17 00:00:00,2025-01-17 00:00:00,2025-01-17T04:30:00,2025-01-17T04:30:00,0.4364,493.6047690550312,0.0,530.7737956173816,1,profile_incumbent,31.029973899745396,3.138795617381561,0.0,0.0,0.0,0.0,0.0,9765.830640514881,9768.655556570526,0.0,37.169026562350325,0.0,10380.519211243552,10413.971335149668,0.0,231.62968440742532,0.0,231.62968440742532
2025-01-17,28,3362.409,2025-01-17T04:40:00,2025-01-17T04:30:00,04:40:00,18,AC,0.0,04:40:00,18,AC,0.4256,04:40:00,18,AC,0.4393,560.4015,0.0,3362.409,560.4015,2025-01-17T04:40:00,2025-01-17 00:00:00,2025-01-17 00:00:00,2025-01-17T04:40:00,2025-01-17T04:40:00,0.4393,542.879702880287,0.0,558.7238765784252,1,profile_incumbent,31.029973899745396,0.0,1.6776234215748218,0.0,0.0,0.0,0.0,9768.655556570526,9766.791530546554,0.0,15.844173698138206,0.0,10413.971335149668,10428.231091477994,0.0,245.44739898090222,0.0,245.44739898090222
2025-01-17,29,3546.8679,2025-01-17T04:50:00,2025-01-17T04:40:00,04:50:00,18,AD,0.0,04:50:00,18,AD,0.4554,04:50:00,18,AD,0.4422,591.1446500000001,0.0,3546.8679,591.1446500000001,2025-01-17T04:50:00,2025-01-17 00:00:00,2025-01-17 00:00:00,2025-01-17T04:50:00,2025-01-17T04:50:00,0.4422,565.9763342262028,0.0,555.8306337009269,1,profile_incumbent,31.029973899745396,0.0,35.31401629907316,0.0,0.0,0.0,0.0,9766.791530546554,9727.553734658695,0.0,0.0,10.145700525275856,10428.231091477994,10416.958090894354,0.0,245.78830622254986,0.0,245.78830622254986
2025-01-17,30,3505.4,2025-01-17T05:00:00,2025-01-17T04:50:00,05:00:00,18,AE,0.0,05:00:00,18,AE,0.4702,05:00:00,18,AE,0.4395,584.2333333333333,0.0,3505.4,584.2333333333333,2025-01-17T05:00:00,2025-01-17 00:00:00,2025-01-17 00:00:00,2025-01-17T05:00:00,2025-01-17T05:00:00,0.4395,550.0427444554057,0.0,556.1759118206319,1,profile_incumbent,31.029973899745396,0.0,28.057421512701467,0.0,0.0,0.0,0.0,9727.553734658695,9696.378821866805,0.0,6.1331673652262,0.0,10416.958090894354,10422.477941523057,0.0,244.4393132451677,0.0,244.4393132451677
2025-01-17,31,3400.4142,2025-01-17T05:10:00,2025-01-17T05:00:00,05:10:00,18,AF,0.0,05:10:00,18,AF,0.4,05:10:00,18,AF,0.4333,566.7357000000001,0.0,3400.4142,566.7357000000001,2025-01-17T05:10:00,2025-01-17 00:00:00,2025-01-17 00:00:00,2025-01-17T05:10:00,2025-01-17T05:10:00,0.4333,554.8149449544229,0.0,537.736643210803,1,profile_incumbent,40.57878407995723,0.0,28.999056789197084,0.0,0.0,0.0,0.0,9696.378821866805,9664.157647656586,0.0,0.0,17.07830174361993,10422.477941523057,10403.502050696812,0.0,233.00128750324095,0.0,233.00128750324095
2025-01-17,32,3294.9629,2025-01-17T05:20:00,2025-01-17T05:10:00,05:20:00,18,AG,0.0043,05:20:00,18,AG,0.3588,05:20:00,18,AG,0.4439,549.1604833333333,0.0007166666666666667,3294.9586,549.1597666666667,2025-01-17T05:20:00,2025-01-17 00:00:00,2025-01-17 00:00:00,2025-01-17T05:20:00,2025-01-17T05:20:00,0.4439,561.0496895091326,0.0,516.1974119212882,1,profile_incumbent,40.57878407995723,0.0,32.962354745378434,0.0,0.0,0.0,0.0,9664.157647656586,9627.53280905061,0.0,0.0,44.852277587844355,10403.502050696812,10353.666186710318,0.0,229.14003115185986,0.0,229.14003115185986
2025-01-17,33,3298.28,2025-01-17T05:30:00,2025-01-17T05:20:00,05:30:00,18,AH,0.0,05:30:00,18,AH,0.3712,05:30:00,18,AH,0.4301,549.7133333333334,0.0,3298.28,549.7133333333334,2025-01-17T05:30:00,2025-01-17 00:00:00,2025-01-17 00:00:00,2025-01-17T05:30:00,2025-01-17T05:30:00,0.4301,551.413755644583,0.0,548.6169419047195,1,profile_incumbent,40.57878407995723,0.0,1.096391428613856,0.0,0.0,0.0,0.0,9627.53280905061,9626.314596352151,0.0,0.0,2.7968137398635236,10353.666186710318,10350.558615888247,0.0,235.96014671321984,0.0,235.96014671321984
2025-01-17,34,3476.6582,2025-01-17T05:40:00,2025-01-17T05:30:00,05:40:00,18,AI,0.0,05:40:00,18,AI,0.3863,05:40:00,18,AI,0.3713,579.4430333333333,0.0,3476.6582,579.4430333333333,2025-01-17T05:40:00,2025-01-17 00:00:00,2025-01-17 00:00:00,2025-01-17T05:40:00,2025-01-17T05:40:00,0.3713,536.5143263453377,0.0,983.438241468755,1,profile_incumbent,40.57878407995723,403.99520813542165,0.0,0.0,0.0,0.0,0.0,9626.314596352151,9989.910283674031,0.0,446.92391512341726,0.0,10350.558615888247,10752.790139499322,0.0,365.15061905734876,0.0,365.15061905734876
2025-01-17,35,3446.1618,2025-01-17T05:50:00,2025-01-17T05:40:00,05:50:00,18,AJ,0.0605,05:50:00,18,AJ,0.5793,05:50:00,18,AJ,0.5708,574.3602999999999,0.010083333333333333,3446.1013,574.3502166666666,2025-01-17T05:50:00,2025-01-17 00:00:00,2025-01-17 00:00:00,2025-01-17T05:50:00,2025-01-17T05:50:00,0.5708,546.2752525911427,0.0,566.3231569355228,1,profile_incumbent,40.57878407995723,0.0,8.027059731143822,0.0,0.0,0.0,0.0,9989.910283674031,9980.991328417205,0.0,20.047904344380072,0.0,10752.790139499322,10770.833253409264,0.0,323.25725797879636,0.0,323.25725797879636
2025-01-17,36,3239.14,2025-01-17T06:00:00,2025-01-17T05:50:00,06:00:00,18,AK,0.0,06:00:00,18,AK,0.8381,06:00:00,18,AK,0.9099,539.8566666666667,0.0,3239.14,539.8566666666667,2025-01-17T06:00:00,2025-01-17 00:00:00,2025-01-17 00:00:00,2025-01-17T06:00:00,2025-01-17T06:00:00,0.9099,575.2375099292136,2.1526454496179794,0.0,1,profile_incumbent,40.57878407995723,0.0,539.8566666666667,0.0,0.0,0.0,0.0,9980.991328417205,9381.150587676464,0.0,0.0,573.0848644795956,10770.833253409264,10134.07229287638,0.0,0.0,0.0,0.0
2025-01-17,37,3266.7995,2025-01-17T06:10:00,2025-01-17T06:00:00,06:10:00,18,AL,0.0,06:10:00,18,AL,0.8408,06:10:00,18,AL,0.9368,544.4665833333333,0.0,3266.7995,544.4665833333333,2025-01-17T06:10:00,2025-01-17 00:00:00,2025-01-17 00:00:00,2025-01-17T06:10:00,2025-01-17T06:10:00,0.9368,587.1824010403124,11.802279832305516,0.0,1,profile_incumbent,70.41011600393234,0.0,544.4665833333333,0.0,0.0,0.0,0.0,9381.150587676464,8776.187717306093,0.0,0.0,575.3801212080068,10134.07229287638,9494.761047089707,0.0,0.0,0.0,0.0
2025-01-17,38,3345.4919,2025-01-17T06:20:00,2025-01-17T06:10:00,06:20:00,18,AM,0.8433,06:20:00,18,AM,0.796,06:20:00,18,AM,0.8758,557.5819833333334,0.14055,3344.6486,557.4414333333334,2025-01-17T06:20:00,2025-01-17 00:00:00,2025-01-17 00:00:00,2025-01-17T06:20:00,2025-01-17T06:20:00,0.8758,582.7081952269074,23.49031303859626,0.00010959793455129064,1,profile_incumbent,70.41011600393234,0.0,557.4413237353988,0.0,0.0,0.0,0.0,8776.187717306093,8156.808468711206,0.0,0.0,559.2177725903766,9494.761047089707,8873.407966433733,0.0,9.598587108002035e-05,0.0,9.598587108002035e-05
2025-01-17,39,3328.08,2025-01-17T06:30:00,2025-01-17T06:20:00,06:30:00,18,AN,0.0,06:30:00,18,AN,0.8067,06:30:00,18,AN,0.8759,554.68,0.0,3328.08,554.68,2025-01-17T06:30:00,2025-01-17 00:00:00,2025-01-17 00:00:00,2025-01-17T06:30:00,2025-01-17T06:30:00,0.8759,572.1493177516386,37.331887540236046,0.00010888924460780474,1,profile_incumbent,70.41011600393234,0.0,554.6798911107553,0.0,0.0,0.0,0.0,8156.808468711206,7540.497478588144,0.0,0.0,534.8173213221579,8873.407966433733,8279.166498298002,0.0,9.537608935197617e-05,0.0,9.537608935197617e-05
2025-01-17,40,3305.1722,2025-01-17T06:40:00,2025-01-17T06:30:00,06:40:00,18,AO,0.0,06:40:00,18,AO,0.7849,06:40:00,18,AO,0.8601,550.8620333333333,0.0,3305.1722,550.8620333333333,2025-01-17T06:40:00,2025-01-17 00:00:00,2025-01-17 00:00:00,2025-01-17T06:40:00,2025-01-17T06:40:00,0.8601,567.1437775989883,53.42256167970366,0.0002539922483061099,1,profile_incumbent,70.41011600393234,0.0,550.861779341085,0.0,0.0,0.0,0.0,7540.497478588144,6928.428834875827,0.0,0.0,513.7209619270363,8279.166498298002,7708.3654294901835,0.0,0.00021845873276808513,0.0,0.00021845873276808513
2025-01-17,41,3534.5287,2025-01-17T06:50:00,2025-01-17T06:40:00,06:50:00,18,AP,16.242,06:50:00,18,AP,0.8383,06:50:00,18,AP,0.8442,589.0881166666667,2.7070000000000003,3518.2866999999997,586.3811166666667,2025-01-17T06:50:00,2025-01-17 00:00:00,2025-01-17 00:00:00,2025-01-17T06:50:00,2025-01-17T06:50:00,0.8442,583.3904386654458,71.83579200538759,38.485369059482274,1,profile_incumbent,70.41011600393234,0.0,547.8957476071844,0.0,0.0,0.0,0.0,6928.428834875827,6319.655781978956,0.0,0.0,473.0692776005759,7708.3654294901835,7182.732898822876,0.0,32.48934856001493,0.0,32.48934856001493
2025-01-17,42,3866.6,2025-01-17T07:00:00,2025-01-17T06:50:00,07:00:00,18,AQ,121.3875,07:00:00,18,AQ,0.9197,07:00:00,18,AQ,0.8334,644.4333333333333,20.23125,3745.2125,624.2020833333332,2025-01-17T07:00:00,2025-01-17 00:00:00,2025-01-17 00:00:00,2025-01-17T07:00:00,2025-01-17T07:00:00,0.8334,619.7961218829435,92.62066012238002,65.89178730231261,1,profile_incumbent,70.41011600393234,0.0,558.3102960310207,0.0,0.0,0.0,0.0,6319.655781978956,5699.311008611156,0.0,0.0,461.28367445825086,7182.732898822876,6670.195482758153,0.0,54.91421553774733,0.0,54.91421553774733
2025-01-17,43,3880.0349,2025-01-17T07:10:00,2025-01-17T07:00:00,07:10:00,18,AR,357.4257,07:10:00,18,AR,0.8591,07:10:00,18,AR,0.8092,646.6724833333334,59.57095,3522.6092,587.1015333333334,2025-01-17T07:10:00,2025-01-17 00:00:00,2025-01-17 00:00:00,2025-01-17T07:10:00,2025-01-17T07:10:00,0.8092,657.4149829789234,115.79988755742363,127.30246521679942,1,profile_incumbent,68.42042204135701,0.0,459.79906811653393,0.0,0.0,0.0,0.0,5699.311008611156,5188.42315514834,0.0,0.0,414.3126302047003,6670.195482758153,6209.848115864042,0.0,103.01315485343409,0.0,103.01315485343409
2025-01-17,44,3840.8903,2025-01-17T07:20:00,2025-01-17T07:10:00,07:20:00,18,AS,639.2862,07:20:00,18,AS,0.8112,07:20:00,18,AS,0.7972,640.1483833333333,106.5477,3201.6041,533.6006833333333,2025-01-17T07:20:00,2025-01-17 00:00:00,2025-01-17 00:00:00,2025-01-17T07:20:00,2025-01-17T07:20:00,0.7972,677.505572687349,141.36817821442602,192.80080410281963,1,profile_incumbent,68.42042204135701,0.0,340.7998792305137,0.0,0.0,0.0,0.0,5188.42315514834,4809.756622669991,0.0,0.0,343.3365903701033,6209.848115864042,5828.3630154528155,0.0,153.70080103076782,0.0,153.70080103076782
2025-01-17,45,3887.66,2025-01-17T07:30:00,2025-01-17T07:20:00,07:30:00,18,AT,911.4,07:30:00,18,AT,0.8043,07:30:00,18,AT,0.7644,647.9433333333333,151.9,2976.2599999999998,496.0433333333333,2025-01-17T07:30:00,2025-01-17 00:00:00,2025-01-17 00:00:00,2025-01-17T07:30:00,2025-01-17T07:30:00,0.7644,670.4547003084588,169.29092336087183,309.74601979103215,1,profile_incumbent,68.42042204135701,0.0,186.29731354230114,0.0,0.0,0.0,0.0,4809.756622669991,4602.759607622989,0.0,0.0,191.41775715655479,5828.3630154528155,5615.6766186121995,0.0,236.76985752826496,0.0,236.76985752826496
2025-01-17,46,3906.1241,2025-01-17T07:40:00,2025-01-17T07:30:00,07:40:00,18,AU,1184.4262,07:40:00,18,AU,0.7442,07:40:00,18,AU,0.6899,651.0206833333333,197.40436666666668,2721.6979,453.61631666666665,2025-01-17T07:40:00,2025-01-17 00:00:00,2025-01-17 00:00:00,2025-01-17T07:40:00,2025-01-17T07:40:00,0.6899,644.7330208385291,199.50329880726167,488.5458745099286,1,profile_incumbent,68.42042204135701,34.92955784326193,0.0,0.0,0.0,0.0,0.0,4602.759607622989,4634.196209681925,0.0,43.31615247866114,0.0,5615.6766186121995,5654.661155842995,0.0,337.0477988243997,0.0,337.0477988243997
2025-01-17,47,3980.1238,2025-01-17T07:50:00,2025-01-17T07:40:00,07:50:00,18,AV,1482.2885,07:50:00,18,AV,0.8678,07:50:00,18,AV,0.86,663.3539666666667,247.04808333333335,2497.8352999999997,416.3058833333333,2025-01-17T07:50:00,2025-01-17 00:00:00,2025-01-17 00:00:00,2025-01-17T07:50:00,2025-01-17T07:50:00,0.86,643.3557637232901,231.9097781046456,0.02035356487728058,1,profile_incumbent,68.42042204135701,0.0,416.28552976845606,0.0,0.0,0.0,0.0,4634.196209681925,4171.656732161418,0.0,0.0,411.42563205376723,5654.661155842995,5197.521564672143,0.0,0.017504065794461298,0.0,0.017504065794461298
2025-01-17,48,4055.41,2025-01-17T08:00:00,2025-01-17T07:50:00,08:00:00,18,AW,1809.0,08:00:00,18,AW,1.088,08:00:00,18,AW,1.1617,675.9016666666666,301.5,2246.41,374.40166666666664,2025-01-17T08:00:00,2025-01-17 00:00:00,2025-01-17 00:00:00,2025-01-17T08:00:00,2025-01-17T08:00:00,1.1617,666.33957373539,266.38407928249933,0.0,1,profile_incumbent,68.42042204135701,0.0,374.40166666666664,0.0,0.0,0.0,0.0,4171.656732161418,3755.6548803095666,0.0,0.0,399.95549445289066,5197.521564672143,4753.126570835598,0.0,0.0,0.0,0.0
2025-01-17,49,3964.3905,2025-01-17T08:10:00,2025-01-17T08:00:00,08:10:00,18,AX,2136.2036,08:10:00,18,AX,1.0564,08:10:00,18,AX,1.1683,660.73175,356.0339333333333,1828.1869000000002,304.6978166666667,2025-01-17T08:10:00,2025-01-17 00:00:00,2025-01-17 00:00:00,2025-01-17T08:10:00,2025-01-17T08:10:00,1.1683,675.9392216159347,302.7695559822056,0.0,1,profile_incumbent,3.0143024330385404,0.0,304.6978166666667,0.0,0.0,0.0,0.0,3755.6548803095666,3417.101750679937,0.0,0.0,373.1696656337291,4753.126570835598,4338.493609020343,0.0,0.0,0.0,0.0
2025-01-17,50,3844.002,2025-01-17T08:20:00,2025-01-17T08:10:00,08:20:00,18,AY,2400.7044,08:20:00,18,AY,1.0024,08:20:00,18,AY,1.0956,640.667,400.11740000000003,1443.2975999999999,240.5496,2025-01-17T08:20:00,2025-01-17 00:00:00,2025-01-17 00:00:00,2025-01-17T08:20:00,2025-01-17T08:20:00,1.0956,688.090953069401,340.88003691848223,0.0,1,profile_incumbent,3.0143024330385404,0.0,240.5496,0.0,0.0,0.0,0.0,3417.101750679937,3149.8244173466037,0.0,0.0,347.2109161509188,4338.493609020343,3952.7037021859887,0.0,0.0,0.0,0.0
2025-01-17,51,3775.26,2025-01-17T08:30:00,2025-01-17T08:20:00,08:30:00,18,AZ,2632.9875,08:30:00,18,AZ,1.0118,08:30:00,18,AZ,1.0849,629.21,438.83125,1142.2725,190.37875000000003,2025-01-17T08:30:00,2025-01-17 00:00:00,2025-01-17 00:00:00,2025-01-17T08:30:00,2025-01-17T08:30:00,1.0849,700.4149956489131,380.50111053541934,0.0,1,profile_incumbent,3.0143024330385404,0.0,190.37875000000003,0.0,0.0,0.0,0.0,3149.8244173466037,2938.2924729021593,0.0,0.0,319.91388511349373,3952.7037021859887,3597.2438298376624,0.0,0.0,0.0,0.0
2025-01-17,52,3778.0304,2025-01-17T08:40:00,2025-01-17T08:30:00,08:40:00,18,BA,2924.77,08:40:00,18,BA,0.9508,08:40:00,18,BA,1.061,629.6717333333333,487.46166666666664,853.2604000000001,142.2100666666667,2025-01-17T08:40:00,2025-01-17 00:00:00,2025-01-17 00:00:00,2025-01-17T08:40:00,2025-01-17T08:40:00,1.061,695.7416433679624,421.39184463152594,0.0,1,profile_incumbent,3.0143024330385404,0.0,142.2100666666667,0.0,0.0,0.0,0.0,2938.2924729021593,2780.281287716974,0.0,0.0,274.34979873643647,3597.2438298376624,3292.4107201305105,0.0,0.0,0.0,0.0
2025-01-17,53,4138.5692,2025-01-17T08:50:00,2025-01-17T08:40:00,08:50:00,18,BB,3208.0593,08:50:00,18,BB,0.966,08:50:00,18,BB,1.043,689.7615333333333,534.67655,930.5099,155.0849833333333,2025-01-17T08:50:00,2025-01-17 00:00:00,2025-01-17 00:00:00,2025-01-17T08:50:00,2025-01-17T08:50:00,1.043,723.530326413631,463.28692372653114,0.0,1,profile_incumbent,3.0143024330385404,0.0,155.0849833333333,0.0,0.0,0.0,0.0,2780.281287716974,2607.964639568826,0.0,0.0,260.24340268709983,3292.4107201305105,3003.2513838115106,0.0,0.0,0.0,0.0
2025-01-17,54,4628.29,2025-01-17T09:00:00,2025-01-17T08:50:00,09:00:00,18,BC,3463.2,09:00:00,18,BC,1.04,09:00:00,18,BC,1.036,771.3816666666667,577.1999999999999,1165.0900000000001,194.18166666666673,2025-01-17T09:00:00,2025-01-17 00:00:00,2025-01-17 00:00:00,2025-01-17T09:00:00,2025-01-17T09:00:00,1.036,772.4004045455306,505.89918014801816,0.0,1,profile_incumbent,3.0143024330385404,0.0,194.18166666666673,0.0,0.0,0.0,0.0,2607.964639568826,2392.2072321614187,0.0,0.0,266.50122439751243,3003.2513838115106,2707.138912258719,0.0,0.0,0.0,0.0
2025-01-17,55,4658.1401,2025-01-17T09:10:00,2025-01-17T09:00:00,09:10:00,18,BD,3750.14,09:10:00,18,BD,0.9937,09:10:00,18,BD,1.0147,776.3566833333333,625.0233333333333,908.0000999999997,151.33335,2025-01-17T09:10:00,2025-01-17 00:00:00,2025-01-17 00:00:00,2025-01-17T09:10:00,2025-01-17T09:10:00,1.0147,778.6608897495554,548.9224883416076,0.0,1,profile_incumbent,30.92847223925379,0.0,151.33335,0.0,0.0,0.0,0.0,2392.2072321614187,2224.059065494752,0.0,0.0,229.73840140794778,2707.138912258719,2451.8740218054436,0.0,0.0,0.0,0.0
2025-01-17,56,4517.6887,2025-01-17T09:20:00,2025-01-17T09:10:00,09:20:00,18,BE,4087.0638,09:20:00,18,BE,0.943,09:20:00,18,BE,0.9922,752.9481166666666,681.1773,430.6248999999998,71.77081666666663,2025-01-17T09:20:00,2025-01-17 00:00:00,2025-01-17 00:00:00,2025-01-17T09:20:00,2025-01-17T09:20:00,0.9922,778.6608758762089,592.0349858630834,0.0,1,profile_incumbent,30.92847223925379,0.0,71.77081666666663,0.0,0.0,0.0,0.0,2224.059065494752,2144.3137136429,0.0,0.0,186.6258900131255,2451.8740218054436,2244.5119217908596,0.0,0.0,0.0,0.0
2025-01-17,57,4468.55,2025-01-17T09:30:00,2025-01-17T09:20:00,09:30:00,18,BF,4420.875,09:30:00,18,BF,0.9382,09:30:00,18,BF,0.97,744.7583333333333,736.8125,47.67500000000018,7.945833333333326,2025-01-17T09:30:00,2025-01-17 00:00:00,2025-01-17 00:00:00,2025-01-17T09:30:00,2025-01-17T09:30:00,0.97,786.1993710699799,634.9025789964671,0.0,1,profile_incumbent,30.92847223925379,0.0,7.945833333333326,0.0,0.0,0.0,0.0,2144.3137136429,2135.485009939196,0.0,0.0,151.29679207351273,2244.5119217908596,2076.404375042512,0.0,0.0,0.0,0.0
2025-01-17,58,4507.3177,2025-01-17T09:40:00,2025-01-17T09:30:00,09:40:00,18,BG,4652.1781,09:40:00,18,BG,0.93,09:40:00,18,BG,0.9422,751.2196166666666,775.3630166666667,-144.86040000000048,-24.143400000000042,2025-01-17T09:40:00,2025-01-17 00:00:00,2025-01-17 00:00:00,2025-01-17T09:40:00,2025-01-17T09:40:00,0.9422,777.4306565047699,677.1826860522516,0.0,1,profile_incumbent,30.92847223925379,24.143400000000042,0.0,0.0,0.0,0.0,0.0,2135.485009939196,2157.214069939196,0.0,0.0,100.2479704525183,2076.404375042512,1965.0177412063806,0.0,0.0,0.0,0.0
2025-01-17,59,4584.073,2025-01-17T09:50:00,2025-01-17T09:40:00,09:50:00,18,BH,4745.5342,09:50:00,18,BH,1.0261,09:50:00,18,BH,0.9569,764.0121666666668,790.9223666666667,-161.46119999999974,-26.910199999999918,2025-01-17T09:50:00,2025-01-17 00:00:00,2025-01-17 00:00:00,2025-01-17T09:50:00,2025-01-17T09:50:00,0.9569,770.5017031891156,718.5281672183962,0.0,1,profile_incumbent,30.92847223925379,26.910199999999918,0.0,0.0,0.0,0.0,0.0,2157.214069939196,2181.4332499391962,0.0,0.0,51.973535970719354,1965.0177412063806,1907.2693679055812,0.0,0.0,0.0,0.0
2025-01-17,60,4583.29,2025-01-17T10:00:00,2025-01-17T09:50:00,10:00:00,18,BI,4903.35,10:00:00,18,BI,1.1554,10:00:00,18,BI,0.9977,763.8816666666667,817.225,-320.0600000000004,-53.34333333333336,2025-01-17T10:00:00,2025-01-17 00:00:00,2025-01-17 00:00:00,2025-01-17T10:00:00,2025-01-17T10:00:00,0.9977,769.7761895511262,758.5913864355313,0.0,1,profile_incumbent,30.92847223925379,53.34333333333336,0.0,0.0,0.0,0.0,0.0,2181.4332499391962,2229.4422499391962,0.0,0.0,11.184803115594946,1907.2693679055812,1894.8418088882536,0.0,0.0,0.0,0.0
2025-01-17,61,4431.6343,2025-01-17T10:10:00,2025-01-17T10:00:00,10:10:00,18,BJ,5375.4533,10:10:00,18,BJ,1.113,10:10:00,18,BJ,0.9919,738.6057166666666,895.9088833333334,-943.8190000000004,-157.3031666666668,2025-01-17T10:10:00,2025-01-17 00:00:00,2025-01-17 00:00:00,2025-01-17T10:10:00,2025-01-17T10:10:00,0.9919,761.7913114085535,797.0283482066832,0.0,1,profile_incumbent,56.11715411129086,157.3031666666668,0.0,0.0,0.0,0.0,0.0,2229.4422499391962,2371.0150999391963,0.0,35.23703679812968,0.0,1894.8418088882536,1926.5551420065703,0.0,0.0,0.0,0.0
2025-01-17,62,4431.9218,2025-01-17T10:20:00,2025-01-17T10:10:00,10:20:00,18,BK,5733.0774,10:20:00,18,BK,1.0349,10:20:00,18,BK,0.9588,738.6536333333333,955.5129000000001,-1301.1556,-216.8592666666667,2025-01-17T10:20:00,2025-01-17 00:00:00,2025-01-17 00:00:00,2025-01-17T10:20:00,2025-01-17T10:20:00,0.9588,759.9474618696435,833.5028505766079,0.0,1,profile_incumbent,56.11715411129086,216.8592666666667,0.0,0.0,0.0,0.0,0.0,2371.0150999391963,2566.1884399391965,0.0,73.55538870696444,0.0,1926.5551420065703,1992.7549918428383,0.0,0.0,0.0,0.0
2025-01-17,63,4533.55,2025-01-17T10:30:00,2025-01-17T10:20:00,10:30:00,18,BL,5751.1125,10:30:00,18,BL,1.0502,10:30:00,18,BL,0.9549,755.5916666666667,958.5187500000001,-1217.5625,-202.92708333333337,2025-01-17T10:30:00,2025-01-17 00:00:00,2025-01-17 00:00:00,2025-01-17T10:30:00,2025-01-17T10:30:00,0.9549,759.9436916086505,867.6905947580308,0.0,1,profile_incumbent,56.11715411129086,202.92708333333337,0.0,0.0,0.0,0.0,0.0,2566.1884399391965,2748.8228149391966,0.0,107.74690314938027,0.0,1992.7549918428383,2089.7272046772805,0.0,0.0,0.0,0.0
2025-01-17,64,4404.8644,2025-01-17T10:40:00,2025-01-17T10:30:00,10:40:00,18,BM,5610.3473,10:40:00,18,BM,1.1127,10:40:00,18,BM,0.9839,734.1440666666667,935.0578833333334,-1205.4829,-200.91381666666666,2025-01-17T10:40:00,2025-01-17 00:00:00,2025-01-17 00:00:00,2025-01-17T10:40:00,2025-01-17T10:40:00,0.9839,742.7204715596224,899.2831920580229,0.0,1,profile_incumbent,56.11715411129086,200.91381666666666,0.0,0.0,0.0,0.0,0.0,2748.8228149391966,2929.6452499391967,0.0,156.5627204984005,0.0,2089.7272046772805,2230.6336531258407,0.0,0.0,0.0,0.0
2025-01-17,65,4360.1508,2025-01-17T10:50:00,2025-01-17T10:40:00,10:50:00,18,BN,5598.9945,10:50:00,18,BN,0.8786,10:50:00,18,BN,0.799,726.6918000000001,933.16575,-1238.8436999999994,-206.47394999999995,2025-01-17T10:50:00,2025-01-17 00:00:00,2025-01-17 00:00:00,2025-01-17T10:50:00,2025-01-17T10:50:00,0.799,728.135854404748,927.992009868585,0.0,1,profile_incumbent,56.11715411129086,206.47394999999995,0.0,0.0,0.0,0.0,0.0,2929.6452499391967,3115.4718049391968,0.0,199.856155463837,0.0,2230.6336531258407,2410.504193043294,0.0,0.0,0.0,0.0
2025-01-17,66,4375.69,2025-01-17T11:00:00,2025-01-17T10:50:00,11:00:00,18,BO,5727.075,11:00:00,18,BO,0.4878,11:00:00,18,BO,0.5025,729.2816666666666,954.5124999999999,-1351.3850000000002,-225.2308333333333,2025-01-17T11:00:00,2025-01-17 00:00:00,2025-01-17 00:00:00,2025-01-17T11:00:00,2025-01-17T11:00:00,0.5025,727.6927975248391,953.5518005168599,0.0818549470353927,1,profile_incumbent,56.11715411129086,225.31268828036866,0.0,0.0,0.0,0.0,0.0,3115.4718049391968,3318.2532243915284,0.0,225.94085793905617,0.0,2410.504193043294,2613.8509651884447,0.0,0.041132110885284824,0.0,0.041132110885284824
2025-01-17,67,4117.7592,2025-01-17T11:10:00,2025-01-17T11:00:00,11:10:00,18,BP,5771.565,11:10:00,18,BP,0.4442,11:10:00,18,BP,0.4662,686.2932000000001,961.9274999999999,-1653.8057999999992,-275.6342999999998,2025-01-17T11:10:00,2025-01-17 00:00:00,2025-01-17 00:00:00,2025-01-17T11:10:00,2025-01-17T11:10:00,0.4662,732.4570088353829,975.7240596927998,610.9280129798329,1,profile_incumbent,31.82357796993036,833.3333333333334,0.0,0.0,53.2289796464994,53.2289796464994,0.0,3318.2532243915284,4068.2532243915284,0.0,833.3333333333334,0.0,2613.8509651884447,3363.8509651884447,20.861730503916306,284.8146396511981,0.0,284.8146396511981
2025-01-17,68,4008.6204,2025-01-17T11:20:00,2025-01-17T11:10:00,11:20:00,18,BQ,5775.9045,11:20:00,18,BQ,0.4919,11:20:00,18,BQ,0.5007,668.1034,962.6507499999999,-1767.2840999999999,-294.54734999999994,2025-01-17T11:20:00,2025-01-17 00:00:00,2025-01-17 00:00:00,2025-01-17T11:20:00,2025-01-17T11:20:00,0.5007,726.1171953290713,994.3000649413414,435.85233466464257,1,profile_incumbent,31.82357796993036,730.3996846646426,0.0,0.0,0.0,0.0,0.0,4068.2532243915284,4725.612940589706,0.0,704.0352042769126,0.0,3363.8509651884447,3997.4826490376663,0.0,218.23126396658654,0.0,218.23126396658654
2025-01-17,69,4172.39,2025-01-17T11:30:00,2025-01-17T11:20:00,11:30:00,18,BR,5738.9625,11:30:00,18,BR,0.4731,11:30:00,18,BR,0.4827,695.3983333333334,956.49375,-1566.5724999999993,-261.09541666666655,2025-01-17T11:30:00,2025-01-17 00:00:00,2025-01-17 00:00:00,2025-01-17T11:30:00,2025-01-17T11:30:00,0.4827,712.3023183924611,1009.1035492640017,510.2791675653193,1,profile_incumbent,31.82357796993036,771.374584231986,0.0,0.0,0.0,0.0,0.0,4725.612940589706,5419.850066398494,0.0,807.0803984368599,0.0,3997.4826490376663,4723.85500763084,0.0,246.31175418377964,0.0,246.31175418377964
2025-01-17,70,4298.6845,2025-01-17T11:40:00,2025-01-17T11:30:00,11:40:00,18,BS,5624.4215,11:40:00,18,BS,0.4882,11:40:00,18,BS,0.4785,716.4474166666668,937.4035833333334,-1325.737,-220.9561666666666,2025-01-17T11:40:00,2025-01-17 00:00:00,2025-01-17 00:00:00,2025-01-17T11:40:00,2025-01-17T11:40:00,0.4785,709.4656300808626,1019.9929701500206,520.5969370049938,1,profile_incumbent,31.82357796993036,741.5531036716603,0.0,0.0,0.0,0.0,0.0,5419.850066398494,6087.2478597029885,0.0,831.1242770741517,0.0,4723.85500763084,5471.866856997577,0.0,249.10563435688954,0.0,249.10563435688954
2025-01-17,71,4313.0226,2025-01-17T11:50:00,2025-01-17T11:40:00,11:50:00,18,BT,5693.3182,11:50:00,18,BT,0.4965,11:50:00,18,BT,0.4662,718.8371000000001,948.8863666666666,-1380.2955999999995,-230.04926666666654,2025-01-17T11:50:00,2025-01-17 00:00:00,2025-01-17 00:00:00,2025-01-17T11:50:00,2025-01-17T11:50:00,0.4662,709.2954437729085,1026.8633402666017,583.9705965897533,1,profile_incumbent,31.82357796993036,814.0198632564199,0.0,0.0,0.0,0.0,0.0,6087.2478597029885,6819.865736633767,0.0,833.3333333333334,0.0,5471.866856997577,6221.866856997577,68.20515975011313,272.247092130143,0.0,272.247092130143
2025-01-17,72,4277.26,2025-01-17T12:00:00,2025-01-17T11:50:00,12:00:00,18,BU,5830.2,12:00:00,18,BU,0.4837,12:00:00,18,BU,0.4432,712.8766666666667,971.6999999999999,-1552.9399999999996,-258.82333333333327,2025-01-17T12:00:00,2025-01-17 00:00:00,2025-01-17 00:00:00,2025-01-17T12:00:00,2025-01-17T12:00:00,0.4432,702.6714128057439,1029.6475924877961,591.9675217661508,1,profile_incumbent,31.82357796993036,833.3333333333334,0.0,0.0,17.45752176615065,17.45752176615065,0.0,6819.865736633767,7569.865736633767,0.0,833.3333333333334,0.0,6221.866856997577,6971.866856997577,85.61036811486974,262.360005646758,0.0,262.360005646758
2025-01-17,73,4256.3285,2025-01-17T12:10:00,2025-01-17T12:00:00,12:10:00,18,BV,5676.1411,12:10:00,18,BV,0.4806,12:10:00,18,BV,0.4411,709.3880833333333,946.0235166666666,-1419.8126000000002,-236.63543333333337,2025-01-17T12:10:00,2025-01-17 00:00:00,2025-01-17 00:00:00,2025-01-17T12:10:00,2025-01-17T12:10:00,0.4411,691.4673417576817,1028.3174588294855,608.0345794686904,1,profile_incumbent,47.228033124164355,833.3333333333334,0.0,0.0,11.336679468690477,11.336679468690477,0.0,7569.865736633767,8319.865736633767,0.0,833.3333333333334,0.0,6971.866856997577,7721.866856997577,111.55136320716099,268.20405300363933,0.0,268.20405300363933
2025-01-17,74,4057.7372,2025-01-17T12:20:00,2025-01-17T12:10:00,12:20:00,18,BW,5680.8298,12:20:00,18,BW,0.4412,12:20:00,18,BW,0.4551,676.2895333333333,946.8049666666667,-1623.0926000000004,-270.51543333333336,2025-01-17T12:20:00,2025-01-17 00:00:00,2025-01-17 00:00:00,2025-01-17T12:20:00,2025-01-17T12:20:00,0.4551,695.4914567549075,1022.8838500738752,627.4167902003378,1,profile_incumbent,47.228033124164355,833.3333333333334,0.0,0.0,64.59889020033768,64.59889020033768,0.0,8319.865736633767,9069.865736633767,0.0,833.3333333333334,0.0,7721.866856997577,8471.866856997578,121.47585018597215,285.53738122017376,0.0,285.53738122017376
2025-01-17,75,3834.8,2025-01-17T12:30:00,2025-01-17T12:20:00,12:30:00,18,BX,5913.225,12:30:00,18,BX,0.3684,12:30:00,18,BX,0.4463,639.1333333333333,985.5375,-2078.425,-346.4041666666667,2025-01-17T12:30:00,2025-01-17 00:00:00,2025-01-17 00:00:00,2025-01-17T12:30:00,2025-01-17T12:30:00,0.4463,703.4147145874017,1013.3967302955441,693.8451927704953,1,profile_incumbent,47.228033124164355,833.3333333333334,0.0,0.0,206.9160261038288,206.9160261038288,0.0,9069.865736633767,9819.865736633767,0.0,833.3333333333334,0.0,8471.866856997578,9221.866856997578,170.4938751453043,309.66310953347204,0.0,309.66310953347204
2025-01-17,76,3957.5544,2025-01-17T12:40:00,2025-01-17T12:30:00,12:40:00,18,BY,5964.0608,12:40:00,18,BY,0.3582,12:40:00,18,BY,0.4113,659.5924,994.0101333333333,-2006.5064000000002,-334.41773333333333,2025-01-17T12:40:00,2025-01-17 00:00:00,2025-01-17 00:00:00,2025-01-17T12:40:00,2025-01-17T12:40:00,0.4113,687.772765910294,999.9444880235353,730.6029787228082,1,profile_incumbent,47.228033124164355,833.3333333333334,0.0,0.0,231.68737872280815,231.68737872280815,0.0,9819.865736633767,10569.865736633767,0.0,833.3333333333334,0.0,9221.866856997578,9971.866856997578,209.4413675027164,300.497005148691,0.0,300.497005148691
2025-01-17,77,4040.7685,2025-01-17T12:50:00,2025-01-17T12:40:00,12:50:00,18,BZ,5862.5525,12:50:00,18,BZ,0.5841,12:50:00,18,BZ,0.5682,673.4614166666667,977.0920833333333,-1821.7839999999997,-303.6306666666667,2025-01-17T12:50:00,2025-01-17 00:00:00,2025-01-17 00:00:00,2025-01-17T12:50:00,2025-01-17T12:50:00,0.5682,695.4921571760377,982.6528132697748,44.68302583872593,1,profile_incumbent,47.228033124164355,255.7047370735927,0.0,0.0,92.60895543179993,44.68302583872593,47.925929593073995,10569.865736633767,10800.0,0.0,331.843681932463,0.0,9971.866856997578,10270.526170736795,0.0,25.388895281564075,0.0,25.388895281564075
2025-01-17,78,3998.18,2025-01-17T13:00:00,2025-01-17T12:50:00,13:00:00,18,CA,5753.5125,13:00:00,18,CA,0.8624,13:00:00,18,CA,0.8279,666.3633333333333,958.9187499999999,-1755.3325,-292.5554166666666,2025-01-17T13:00:00,2025-01-17 00:00:00,2025-01-17 00:00:00,2025-01-17T13:00:00,2025-01-17T13:00:00,0.8279,717.8135593317214,961.683097003225,0.0,1,profile_incumbent,47.228033124164355,0.0,0.0,0.0,292.5554166666666,0.0,292.5554166666666,10800.0,10800.0,0.0,243.86953767150362,0.0,10270.526170736795,10490.008754641149,0.0,0.0,0.0,0.0
2025-01-17,79,4089.1481,2025-01-17T13:10:00,2025-01-17T13:00:00,13:10:00,18,CB,5706.7365,13:10:00,18,CB,0.815,13:10:00,18,CB,0.8636,681.5246833333333,951.12275,-1617.5884,-269.5980666666667,2025-01-17T13:10:00,2025-01-17 00:00:00,2025-01-17 00:00:00,2025-01-17T13:10:00,2025-01-17T13:10:00,0.8636,695.6130287568905,937.230376734063,0.0,1,profile_incumbent,16.548967508440334,0.0,0.0,0.0,269.5980666666667,0.0,269.5980666666667,10800.0,10800.0,0.0,241.61734797717259,0.0,10490.008754641149,10707.464367820605,0.0,0.0,0.0,0.0
2025-01-17,80,4008.2518,2025-01-17T13:20:00,2025-01-17T13:10:00,13:20:00,18,CC,5509.4652,13:20:00,18,CC,0.7695,13:20:00,18,CC,0.8416,668.0419666666667,918.2442,-1501.2133999999996,-250.2022333333333,2025-01-17T13:20:00,2025-01-17 00:00:00,2025-01-17 00:00:00,2025-01-17T13:20:00,2025-01-17T13:20:00,0.8416,665.8412562222728,909.5208585795733,0.0,1,profile_incumbent,16.548967508440334,0.0,0.0,0.0,250.2022333333333,0.0,250.2022333333333,10800.0,10800.0,0.0,102.81736908821686,0.0,10707.464367820605,10800.0,140.86223326908362,0.0,0.0,0.0
2025-01-17,81,3802.69,2025-01-17T13:30:00,2025-01-17T13:20:00,13:30:00,18,CD,5232.7125,13:30:00,18,CD,0.8273,13:30:00,18,CD,0.8618,633.7816666666666,872.11875,-1430.0224999999996,-238.33708333333334,2025-01-17T13:30:00,2025-01-17 00:00:00,2025-01-17 00:00:00,2025-01-17T13:30:00,2025-01-17T13:30:00,0.8618,663.8082463334741,878.8090524064099,0.0,1,profile_incumbent,16.548967508440334,0.0,0.0,0.0,238.33708333333334,0.0,238.33708333333334,10800.0,10800.0,0.0,0.0,0.0,10800.0,10800.0,215.0008060729358,0.0,0.0,0.0
2025-01-17,82,3854.3518,2025-01-17T13:40:00,2025-01-17T13:30:00,13:40:00,18,CE,5163.2379,13:40:00,18,CE,0.7911,13:40:00,18,CE,0.8623,642.3919666666667,860.53965,-1308.8861000000002,-218.14768333333336,2025-01-17T13:40:00,2025-01-17 00:00:00,2025-01-17 00:00:00,2025-01-17T13:40:00,2025-01-17T13:40:00,0.8623,684.8406848658756,845.3745622834604,0.0,1,profile_incumbent,16.548967508440334,0.0,0.0,0.0,218.14768333333336,0.0,218.14768333333336,10800.0,10800.0,0.0,0.0,0.0,10800.0,10800.0,160.5338774175848,0.0,0.0,0.0
2025-01-17,83,3901.5064,2025-01-17T13:50:00,2025-01-17T13:40:00,13:50:00,18,CF,5046.2502,13:50:00,18,CF,0.8832,13:50:00,18,CF,0.9026,650.2510666666667,841.0417000000001,-1144.7438000000002,-190.7906333333334,2025-01-17T13:50:00,2025-01-17 00:00:00,2025-01-17 00:00:00,2025-01-17T13:50:00,2025-01-17T13:50:00,0.9026,673.678182746495,809.5185794464705,0.0,1,profile_incumbent,16.548967508440334,0.0,0.0,0.0,190.7906333333334,0.0,190.7906333333334,10800.0,10800.0,0.0,0.0,0.0,10800.0,10800.0,135.84039669997549,0.0,0.0,0.0
2025-01-17,84,3846.32,2025-01-17T14:00:00,2025-01-17T13:50:00,14:00:00,18,CG,4785.6,14:00:00,18,CG,1.0771,14:00:00,18,CG,0.9754,641.0533333333334,797.6,-939.2800000000002,-156.54666666666662,2025-01-17T14:00:00,2025-01-17 00:00:00,2025-01-17 00:00:00,2025-01-17T14:00:00,2025-01-17T14:00:00,0.9754,640.651543943314,771.5601291916818,0.0,1,profile_incumbent,16.548967508440334,0.0,0.0,0.0,156.54666666666662,0.0,156.54666666666662,10800.0,10800.0,0.0,0.0,0.0,10800.0,10800.0,130.90858524836779,0.0,0.0,0.0
2025-01-17,85,3850.387,2025-01-17T14:10:00,2025-01-17T14:00:00,14:10:00,18,CH,4547.8004,14:10:00,18,CH,1.0917,14:10:00,18,CH,1.0002,641.7311666666667,757.9667333333333,-697.4133999999999,-116.23556666666661,2025-01-17T14:10:00,2025-01-17 00:00:00,2025-01-17 00:00:00,2025-01-17T14:10:00,2025-01-17T14:10:00,1.0002,651.4788733431081,731.8321265152847,0.0,1,profile_incumbent,-11.922361935566006,0.0,0.0,0.0,116.23556666666661,0.0,116.23556666666661,10800.0,10800.0,0.0,0.0,0.0,10800.0,10800.0,80.35325317217655,0.0,0.0,0.0
2025-01-17,86,3803.9563,2025-01-17T14:20:00,2025-01-17T14:10:00,14:20:00,18,CI,4360.1477,14:20:00,18,CI,1.0555,14:20:00,18,CI,0.9978,633.9927166666666,726.6912833333334,-556.1914000000006,-92.6985666666668,2025-01-17T14:20:00,2025-01-17 00:00:00,2025-01-17 00:00:00,2025-01-17T14:20:00,2025-01-17T14:20:00,0.9978,681.6150691141313,690.6772978462578,0.0,1,profile_incumbent,-11.922361935566006,0.0,0.0,0.0,92.6985666666668,0.0,92.6985666666668,10800.0,10800.0,0.0,0.0,0.0,10800.0,10800.0,9.062228732126528,0.0,0.0,0.0
2025-01-17,87,3800.91,2025-01-17T14:30:00,2025-01-17T14:20:00,14:30:00,18,CJ,4253.4,14:30:00,18,CJ,1.1055,14:30:00,18,CJ,1.0271,633.485,708.9,-452.4899999999998,-75.41499999999996,2025-01-17T14:30:00,2025-01-17 00:00:00,2025-01-17 00:00:00,2025-01-17T14:30:00,2025-01-17T14:30:00,1.0271,682.5409951634275,648.4440278442274,0.0,1,profile_incumbent,-11.922361935566006,0.0,0.0,0.0,75.41499999999996,0.0,75.41499999999996,10800.0,10800.0,0.0,0.0,34.096967319200076,10800.0,10762.114480756445,0.0,0.0,0.0,0.0
2025-01-17,88,4034.9904,2025-01-17T14:40:00,2025-01-17T14:30:00,14:40:00,18,CK,4220.8613,14:40:00,18,CK,1.1999,14:40:00,18,CK,1.0906,672.4984000000001,703.4768833333333,-185.87089999999944,-30.9784833333332,2025-01-17T14:40:00,2025-01-17 00:00:00,2025-01-17 00:00:00,2025-01-17T14:40:00,2025-01-17T14:40:00,1.0906,634.2617675311625,605.4821909284378,0.0,1,profile_incumbent,-11.922361935566006,0.0,0.0,0.0,30.9784833333332,0.0,30.9784833333332,10800.0,10800.0,0.0,0.0,28.77957660272466,10762.114480756445,10730.137173420084,0.0,0.0,0.0,0.0
2025-01-17,89,4029.8138,2025-01-17T14:50:00,2025-01-17T14:40:00,14:50:00,18,CL,3958.9186,14:50:00,18,CL,0.9963,14:50:00,18,CL,0.9376,671.6356333333333,659.8197666666666,70.89519999999993,11.815866666666693,2025-01-17T14:50:00,2025-01-17 00:00:00,2025-01-17 00:00:00,2025-01-17T14:50:00,2025-01-17T14:50:00,0.9376,627.5611333675917,562.1390269611034,0.0,1,profile_incumbent,-11.922361935566006,0.0,11.815866666666693,0.0,0.0,0.0,0.0,10800.0,10786.87125925926,0.0,0.0,65.4221064064883,10730.137173420084,10657.445944079542,0.0,0.0,0.0,0.0
2025-01-17,90,3839.84,2025-01-17T15:00:00,2025-01-17T14:50:00,15:00:00,18,CM,3522.9375,15:00:00,18,CM,0.6364,15:00:00,18,CM,0.6694,639.9733333333334,587.15625,316.90250000000015,52.81708333333336,2025-01-17T15:00:00,2025-01-17 00:00:00,2025-01-17 00:00:00,2025-01-17T15:00:00,2025-01-17T15:00:00,0.6694,655.2281310379134,518.7551193360863,145.0912071244297,1,profile_incumbent,-11.922361935566006,14.587489711933205,0.0,0.0,77.68663407916317,77.68663407916317,0.0,10786.87125925926,10800.0,0.0,8.61819542260264,0.0,10657.445944079542,10665.202319959884,0.0,97.12405404909325,0.0,97.12405404909325
2025-01-17,91,3966.2912,2025-01-17T15:10:00,2025-01-17T15:00:00,15:10:00,18,CN,3258.1197,15:10:00,18,CN,0.6254,15:10:00,18,CN,0.66,661.0485333333334,543.01995,708.1714999999999,118.02858333333336,2025-01-17T15:10:00,2025-01-17 00:00:00,2025-01-17 00:00:00,2025-01-17T15:10:00,2025-01-17T15:10:00,0.66,627.8444091361422,475.66053164505206,124.15414119699436,1,profile_incumbent,-23.593418668556243,0.0,0.0,0.0,6.125557863661015,6.125557863661015,0.0,10800.0,10800.0,0.0,0.0,28.029736294095756,10665.202319959884,10634.058168522,0.0,81.94173319001628,0.0,81.94173319001628
2025-01-17,92,3920.7962,2025-01-17T15:20:00,2025-01-17T15:10:00,15:20:00,18,CO,2949.2974,15:20:00,18,CO,0.7055,15:20:00,18,CO,0.7217,653.4660333333334,491.54956666666664,971.4988000000003,161.91646666666674,2025-01-17T15:20:00,2025-01-17 00:00:00,2025-01-17 00:00:00,2025-01-17T15:20:00,2025-01-17T15:20:00,0.7217,624.7535169861694,433.17115614582593,135.37234579931246,1,profile_incumbent,-23.593418668556243,0.0,26.54412086735431,0.0,0.0,0.0,0.0,10800.0,10770.506532369607,0.0,0.0,56.210015041031056,10634.058168522,10571.602596254188,0.0,97.6982219633638,0.0,97.6982219633638
2025-01-17,93,3618.47,2025-01-17T15:30:00,2025-01-17T15:20:00,15:30:00,18,CP,2576.3625,15:30:00,18,CP,0.6923,15:30:00,18,CP,0.7308,603.0783333333333,429.39375,1042.1074999999996,173.68458333333325,2025-01-17T15:30:00,2025-01-17 00:00:00,2025-01-17 00:00:00,2025-01-17T15:30:00,2025-01-17T15:30:00,0.7308,650.7973671072757,391.5853234936094,237.00606735820318,1,profile_incumbent,-23.593418668556243,32.77051958932538,0.0,0.0,30.55096443554458,30.55096443554458,0.0,10770.506532369607,10800.0,0.0,0.0,22.205976255463156,10571.602596254188,10546.929289303673,0.0,173.20403402537488,0.0,173.20403402537488
2025-01-17,94,3507.9532,2025-01-17T15:40:00,2025-01-17T15:30:00,15:40:00,18,CQ,2358.094,15:40:00,18,CQ,0.6642,15:40:00,18,CQ,0.7534,584.6588666666667,393.0156666666667,1149.8591999999999,191.64319999999998,2025-01-17T15:40:00,2025-01-17 00:00:00,2025-01-17 00:00:00,2025-01-17T15:40:00,2025-01-17T15:40:00,0.7534,630.5524036459452,351.18071868030864,261.4226910262848,1,profile_incumbent,-23.593418668556243,0.0,0.0,0.0,69.77949102628486,69.77949102628486,0.0,10800.0,10800.0,0.0,0.0,17.948993939351794,10546.929289303673,10526.985962704393,0.0,196.95585541920295,0.0,196.95585541920295
2025-01-17,95,3538.7746,2025-01-17T15:50:00,2025-01-17T15:40:00,15:50:00,18,CR,2118.8657,15:50:00,18,CR,0.6684,15:50:00,18,CR,0.7823,589.7957666666667,353.1442833333333,1419.9089000000004,236.65148333333343,2025-01-17T15:50:00,2025-01-17 00:00:00,2025-01-17 00:00:00,2025-01-17T15:50:00,2025-01-17T15:50:00,0.7823,635.1079604702367,312.21164293790196,302.0695860260645,1,profile_incumbent,-23.593418668556243,0.0,0.0,0.0,65.41810269273105,65.41810269273105,0.0,10800.0,10800.0,0.0,0.0,20.82673150627022,10526.985962704393,10503.845149919649,0.0,236.30903714819024,0.0,236.30903714819024
2025-01-17,96,3554.66,2025-01-17T16:00:00,2025-01-17T15:50:00,16:00:00,18,CS,1801.8,16:00:00,18,CS,0.695,16:00:00,18,CS,0.8055,592.4433333333333,300.3,1752.86,292.14333333333326,2025-01-17T16:00:00,2025-01-17 00:00:00,2025-01-17 00:00:00,2025-01-17T16:00:00,2025-01-17T16:00:00,0.8055,666.1356096012644,274.9066555867289,357.38877786989883,1,profile_incumbent,-23.593418668556243,0.0,0.0,0.0,65.24544453656551,65.24544453656551,0.0,10800.0,10800.0,0.0,0.0,33.840176144636644,10503.845149919649,10466.244954203386,0.0,287.8766605742035,0.0,287.8766605742035
2025-01-17,97,3482.7829,2025-01-17T16:10:00,2025-01-17T16:00:00,16:10:00,18,CT,1524.1341,16:10:00,18,CT,0.71,16:10:00,18,CT,0.8271,580.4638166666667,254.02235,1958.6488000000002,326.44146666666677,2025-01-17T16:10:00,2025-01-17 00:00:00,2025-01-17 00:00:00,2025-01-17T16:10:00,2025-01-17T16:10:00,0.8271,645.4307964565521,239.46662354640458,417.1132122356768,1,profile_incumbent,56.246009678033694,0.0,0.0,0.0,90.67174556901011,90.67174556901011,0.0,10800.0,10800.0,0.0,11.149039325529316,0.0,10466.244954203386,10476.279089596363,0.0,344.99433784012825,0.0,344.99433784012825
2025-01-17,98,3473.159,2025-01-17T16:20:00,2025-01-17T16:10:00,16:20:00,18,CU,1220.5855,16:20:00,18,CU,0.7639,16:20:00,18,CU,0.8519,578.8598333333333,203.43091666666666,2252.5735000000004,375.4289166666666,2025-01-17T16:20:00,2025-01-17 00:00:00,2025-01-17 00:00:00,2025-01-17T16:20:00,2025-01-17T16:20:00,0.8519,604.2281580304922,206.06319958090717,420.1257493569928,1,profile_incumbent,56.246009678033694,0.0,0.0,0.0,44.69683269032612,44.69683269032612,0.0,10800.0,10800.0,0.0,21.96079090740784,0.0,10476.279089596363,10496.04380141303,0.0,357.90512587722213,0.0,357.90512587722213
2025-01-17,99,3592.48,2025-01-17T16:30:00,2025-01-17T16:20:00,16:30:00,18,CV,899.775,16:30:00,18,CV,0.8486,16:30:00,18,CV,0.8791,598.7466666666667,149.9625,2692.705,448.7841666666667,2025-01-17T16:30:00,2025-01-17 00:00:00,2025-01-17 00:00:00,2025-01-17T16:30:00,2025-01-17T16:30:00,0.8791,592.5186664061179,174.83774343135292,472.6967594269903,1,profile_incumbent,56.246009678033694,0.0,0.0,0.0,23.912592760323605,23.912592760323605,0.0,10800.0,10800.0,0.0,55.01583645222536,0.0,10496.04380141303,10545.558054220033,0.0,415.54772121226716,0.0,415.54772121226716
2025-01-17,100,3678.3868,2025-01-17T16:40:00,2025-01-17T16:30:00,16:40:00,18,CW,648.2962,16:40:00,18,CW,0.8845,16:40:00,18,CW,0.9024,613.0644666666667,108.04936666666667,3030.0906000000004,505.0151,2025-01-17T16:40:00,2025-01-17 00:00:00,2025-01-17 00:00:00,2025-01-17T16:40:00,2025-01-17T16:40:00,0.9024,620.2401469880423,145.9006929150589,531.5629438799064,1,profile_incumbent,56.246009678033694,0.0,0.0,0.0,26.54784387990628,26.54784387990628,0.0,10800.0,10800.0,0.0,57.223489806923,0.0,10545.558054220033,10597.059195046264,0.0,479.6824005572275,0.0,479.6824005572275
2025-01-17,101,3247.2339,2025-01-17T16:50:00,2025-01-17T16:40:00,16:50:00,18,CX,383.4095,16:50:00,18,CX,0.8286,16:50:00,18,CX,0.9163,541.20565,63.90158333333333,2863.8244000000004,477.30406666666664,2025-01-17T16:50:00,2025-01-17 00:00:00,2025-01-17 00:00:00,2025-01-17T16:50:00,2025-01-17T16:50:00,0.9163,582.905520399793,119.33138495486538,558.0737846070581,1,profile_incumbent,56.246009678033694,0.0,0.0,0.0,80.76971794039139,80.76971794039139,0.0,10800.0,10800.0,0.0,94.49964916213048,0.0,10597.059195046264,10682.108879292182,0.0,511.3630088354473,0.0,511.3630088354473
2025-01-17,102,2645.08,2025-01-17T17:00:00,2025-01-17T16:50:00,17:00:00,18,CY,129.45,17:00:00,18,CY,0.7591,17:00:00,18,CY,0.9264,440.84666666666664,21.575,2515.63,419.27166666666665,2025-01-17T17:00:00,2025-01-17 00:00:00,2025-01-17 00:00:00,2025-01-17T17:00:00,2025-01-17T17:00:00,0.9264,498.9412086772337,95.178319465434,467.9631039778532,1,profile_incumbent,56.246009678033694,0.0,0.0,0.0,48.691437311186576,48.691437311186576,0.0,10800.0,10800.0,0.0,64.20021476605348,0.0,10682.108879292182,10739.88907258163,0.0,433.5210195250832,0.0,433.5210195250832
2025-01-17,103,2729.8818,2025-01-17T17:10:00,2025-01-17T17:00:00,17:10:00,18,CZ,16.4354,17:10:00,18,CZ,0.8003,17:10:00,18,CZ,0.9462,454.9803,2.7392333333333334,2713.4464000000003,452.24106666666665,2025-01-17T17:10:00,2025-01-17 00:00:00,2025-01-17 00:00:00,2025-01-17T17:10:00,2025-01-17T17:10:00,0.9462,492.22723612115703,73.45985217866053,442.33416139194554,1,profile_incumbent,41.248448597016505,0.0,9.906905274721112,0.0,0.0,0.0,0.0,10800.0,10788.992327472532,0.0,23.566777449448978,0.0,10739.88907258163,10761.099172286134,0.0,418.5365835090589,0.0,418.5365835090589
2025-01-17,104,2810.8925,2025-01-17T17:20:00,2025-01-17T17:10:00,17:20:00,18,DA,0.0,17:20:00,18,DA,0.8198,17:20:00,18,DA,0.9742,468.4820833333333,0.0,2810.8925,468.4820833333333,2025-01-17T17:20:00,2025-01-17 00:00:00,2025-01-17 00:00:00,2025-01-17T17:20:00,2025-01-17T17:20:00,0.9742,505.6576277356205,54.16529594989508,483.2147699260772,1,profile_incumbent,41.248448597016505,12.23074725274273,0.0,0.0,2.5019393400011722,2.5019393400011722,0.0,10788.992327472532,10800.0,0.0,31.722438140351755,0.0,10761.099172286134,10789.649366612452,0.0,470.74782886198443,0.0,470.74782886198443
2025-01-17,105,2658.11,2025-01-17T17:30:00,2025-01-17T17:20:00,17:30:00,18,DB,0.0,17:30:00,18,DB,0.7691,17:30:00,18,DB,0.9862,443.0183333333334,0.0,2658.11,443.0183333333334,2025-01-17T17:30:00,2025-01-17 00:00:00,2025-01-17 00:00:00,2025-01-17T17:30:00,2025-01-17T17:30:00,0.9862,500.0144238017374,37.25640395602779,511.38055831526907,1,profile_incumbent,41.248448597016505,0.0,0.0,0.0,68.3622249819357,68.3622249819357,0.0,10800.0,10800.0,0.0,11.500703763942713,0.0,10789.649366612452,10800.0,37.12183470561675,504.32350661051834,0.0,504.32350661051834
2025-01-17,106,2721.324,2025-01-17T17:40:00,2025-01-17T17:30:00,17:40:00,18,DC,0.8358,17:40:00,18,DC,0.7502,17:40:00,18,DC,0.976,453.55400000000003,0.1393,2720.4882000000002,453.41470000000004,2025-01-17T17:40:00,2025-01-17 00:00:00,2025-01-17 00:00:00,2025-01-17T17:40:00,2025-01-17T17:40:00,0.976,495.72925412697975,22.66920257402052,528.5472345766847,1,profile_incumbent,41.248448597016505,0.0,0.0,0.0,75.13253457668469,75.13253457668469,0.0,10800.0,10800.0,0.0,0.0,0.0,10800.0,10800.0,55.48718302372549,515.8621009468442,0.0,515.8621009468442
2025-01-17,107,2754.0504,2025-01-17T17:50:00,2025-01-17T17:40:00,17:50:00,18,DD,0.0,17:50:00,18,DD,0.8659,17:50:00,18,DD,1.0742,459.0084,0.0,2754.0504,459.0084,2025-01-17T17:50:00,2025-01-17 00:00:00,2025-01-17 00:00:00,2025-01-17T17:50:00,2025-01-17T17:50:00,1.0742,492.34168706332787,10.316136703290221,471.55303795797914,1,profile_incumbent,41.248448597016505,0.0,0.0,0.0,12.544637957979148,12.544637957979148,0.0,10800.0,10800.0,0.0,0.0,10.472512402058499,10800.0,10788.363875108824,0.0,506.5422733744612,0.0,506.5422733744612
2025-01-17,108,2694.29,2025-01-17T18:00:00,2025-01-17T17:50:00,18:00:00,18,DE,0.0,18:00:00,18,DE,1.0594,18:00:00,18,DE,1.2313,449.04833333333335,0.0,2694.29,449.04833333333335,2025-01-17T18:00:00,2025-01-17 00:00:00,2025-01-17 00:00:00,2025-01-17T18:00:00,2025-01-17T18:00:00,1.2313,476.70518184785345,0.08848594613602291,134.44484623685045,1,profile_incumbent,41.248448597016505,0.0,314.6034870964829,0.0,0.0,0.0,0.0,10800.0,10450.440569892797,0.0,0.0,342.17184966486695,10788.363875108824,10408.17293103675,0.0,165.54193917143397,0.0,165.54193917143397
2025-01-17,109,2751.3478,2025-01-17T18:10:00,2025-01-17T18:00:00,18:10:00,18,DF,0.06,18:10:00,18,DF,1.1546,18:10:00,18,DF,1.2561,458.5579666666667,0.01,2751.2878,458.5479666666667,2025-01-17T18:10:00,2025-01-17 00:00:00,2025-01-17 00:00:00,2025-01-17T18:10:00,2025-01-17T18:10:00,1.2561,442.00375448733166,0.0,0.02842434528411865,1,profile_incumbent,240.84145999999993,0.0,458.5195423213826,0.0,0.0,0.0,0.0,10450.440569892797,9940.974411757927,0.0,0.0,441.97533014204754,10408.17293103675,9917.089230878919,0.0,0.035703820111381436,0.0,0.035703820111381436
2025-01-17,110,2757.3229,2025-01-17T18:20:00,2025-01-17T18:10:00,18:20:00,18,DG,0.0,18:20:00,18,DG,1.1322,18:20:00,18,DG,1.2447,459.5538166666667,0.0,2757.3229,459.5538166666667,2025-01-17T18:20:00,2025-01-17 00:00:00,2025-01-17 00:00:00,2025-01-17T18:20:00,2025-01-17T18:20:00,1.2447,431.40506108978894,0.0,0.0365644391535308,1,profile_incumbent,240.84145999999993,0.0,459.51725222751315,0.0,0.0,0.0,0.0,9940.974411757927,9430.39968706069,0.0,0.0,431.3684966506354,9917.089230878919,9437.790901267103,0.0,0.045511757414399785,0.0,0.045511757414399785
2025-01-17,111,2662.15,2025-01-17T18:30:00,2025-01-17T18:20:00,18:30:00,18,DH,0.0,18:30:00,18,DH,1.0699,18:30:00,18,DH,1.2545,443.69166666666666,0.0,2662.15,443.69166666666666,2025-01-17T18:30:00,2025-01-17 00:00:00,2025-01-17 00:00:00,2025-01-17T18:30:00,2025-01-17T18:30:00,1.2545,447.34928502751416,0.0,0.028976595555827756,1,profile_incumbent,240.84145999999993,0.0,443.66269007111083,0.0,0.0,0.0,0.0,9430.39968706069,8937.441142537233,0.0,0.0,447.3203084319583,9437.790901267103,8940.768336342704,0.0,0.036351139124785915,0.0,0.036351139124785915
2025-01-17,112,2620.3758,2025-01-17T18:40:00,2025-01-17T18:30:00,18:40:00,18,DI,0.0043,18:40:00,18,DI,1.085,18:40:00,18,DI,1.2522,436.72929999999997,0.0007166666666666667,2620.3714999999997,436.7285833333333,2025-01-17T18:40:00,2025-01-17 00:00:00,2025-01-17 00:00:00,2025-01-17T18:40:00,2025-01-17T18:40:00,1.2522,450.93859081436415,0.0,21.93710392149851,1,profile_incumbent,240.84145999999993,0.0,414.7914794118348,0.0,0.0,0.0,0.0,8937.441142537233,8476.561720968528,0.0,0.0,429.0014868928656,8940.768336342704,8464.100017572853,0.0,27.469641530500436,0.0,27.469641530500436
2025-01-17,113,2731.7806,2025-01-17T18:50:00,2025-01-17T18:40:00,18:50:00,18,DJ,0.0,18:50:00,18,DJ,1.2211,18:50:00,18,DJ,1.2881,455.29676666666666,0.0,2731.7806,455.29676666666666,2025-01-17T18:50:00,2025-01-17 00:00:00,2025-01-17 00:00:00,2025-01-17T18:50:00,2025-01-17T18:50:00,1.2881,450.7212214483691,0.0,0.014517442336789638,1,profile_incumbent,240.84145999999993,0.0,455.28224922432986,0.0,0.0,0.0,0.0,8476.561720968528,7970.692555163717,0.0,0.0,450.7067040060323,8464.100017572853,7963.314790899484,0.0,0.018699917474018734,0.0,0.018699917474018734
2025-01-17,114,2886.87,2025-01-17T19:00:00,2025-01-17T18:50:00,19:00:00,18,DK,0.0,19:00:00,18,DK,1.3764,19:00:00,18,DK,1.3466,481.145,0.0,2886.87,481.145,2025-01-17T19:00:00,2025-01-17 00:00:00,2025-01-17 00:00:00,2025-01-17T19:00:00,2025-01-17T19:00:00,1.3466,458.7678297130921,0.0,0.0,1,profile_incumbent,240.84145999999993,0.0,481.145,0.0,0.0,0.0,0.0,7970.692555163717,7436.086999608161,0.0,0.0,458.7678297130921,7963.314790899484,7453.572757884937,0.0,0.0,0.0,0.0
2025-01-17,115,2884.7199,2025-01-17T19:10:00,2025-01-17T19:00:00,19:10:00,18,DL,0.0,19:10:00,18,DL,1.3886,19:10:00,18,DL,1.3523,480.78665,0.0,2884.7199,480.78665,2025-01-17T19:10:00,2025-01-17 00:00:00,2025-01-17 00:00:00,2025-01-17T19:10:00,2025-01-17T19:10:00,1.3523,474.9982219463776,0.0,0.0,1,profile_incumbent,237.60816666666662,0.0,480.78665,0.0,0.0,0.0,0.0,7436.086999608161,6901.879610719272,0.0,0.0,474.9982219463776,7453.572757884937,6925.796955722296,0.0,0.0,0.0,0.0
2025-01-17,116,2918.3542,2025-01-17T19:20:00,2025-01-17T19:10:00,19:20:00,18,DM,0.0,19:20:00,18,DM,1.3556,19:20:00,18,DM,1.3445,486.3923666666667,0.0,2918.3542,486.3923666666667,2025-01-17T19:20:00,2025-01-17 00:00:00,2025-01-17 00:00:00,2025-01-17T19:20:00,2025-01-17T19:20:00,1.3445,486.78138239587486,0.0,0.0,1,profile_incumbent,237.60816666666662,0.0,486.3923666666667,0.0,0.0,0.0,0.0,6901.879610719272,6361.443647756309,0.0,0.0,486.78138239587486,6925.796955722296,6384.928753060212,0.0,0.0,0.0,0.0
2025-01-17,117,2981.92,2025-01-17T19:30:00,2025-01-17T19:20:00,19:30:00,18,DN,0.0,19:30:00,18,DN,1.3479,19:30:00,18,DN,1.3483,496.9866666666667,0.0,2981.92,496.9866666666667,2025-01-17T19:30:00,2025-01-17 00:00:00,2025-01-17 00:00:00,2025-01-17T19:30:00,2025-01-17T19:30:00,1.3483,486.48284649126595,0.0,0.0,1,profile_incumbent,237.60816666666662,0.0,496.9866666666667,0.0,0.0,0.0,0.0,6361.443647756309,5809.236240348901,0.0,0.0,486.48284649126595,6384.928753060212,5844.392256958806,0.0,0.0,0.0,0.0
2025-01-17,118,2880.725,2025-01-17T19:40:00,2025-01-17T19:30:00,19:40:00,18,DO,0.0,19:40:00,18,DO,1.3451,19:40:00,18,DO,1.349,480.12083333333334,0.0,2880.725,480.12083333333334,2025-01-17T19:40:00,2025-01-17 00:00:00,2025-01-17 00:00:00,2025-01-17T19:40:00,2025-01-17T19:40:00,1.349,474.98823942028264,0.0,0.0,1,profile_incumbent,237.60816666666662,0.0,480.12083333333334,0.0,0.0,0.0,0.0,5809.236240348901,5275.768647756309,0.0,0.0,474.98823942028264,5844.392256958806,5316.627546491825,0.0,0.0,0.0,0.0
2025-01-17,119,2847.1691,2025-01-17T19:50:00,2025-01-17T19:40:00,19:50:00,18,DP,0.0,19:50:00,18,DP,1.3424,19:50:00,18,DP,1.3473,474.52818333333335,0.0,2847.1691,474.52818333333335,2025-01-17T19:50:00,2025-01-17 00:00:00,2025-01-17 00:00:00,2025-01-17T19:50:00,2025-01-17T19:50:00,1.3473,455.67153196850705,0.0,0.0,1,profile_incumbent,237.60816666666662,0.0,474.52818333333335,0.0,0.0,0.0,0.0,5275.768647756309,4748.515110719272,0.0,0.0,455.67153196850705,5316.627546491825,4810.325844304595,0.0,0.0,0.0,0.0
2025-01-17,120,2871.07,2025-01-17T20:00:00,2025-01-17T19:50:00,20:00:00,18,DQ,0.0,20:00:00,18,DQ,1.3414,20:00:00,18,DQ,1.3482,478.5116666666667,0.0,2871.07,478.5116666666667,2025-01-17T20:00:00,2025-01-17 00:00:00,2025-01-17 00:00:00,2025-01-17T20:00:00,2025-01-17T20:00:00,1.3482,445.0085848992307,0.0,0.0,1,profile_incumbent,237.60816666666662,0.0,478.5116666666667,0.0,0.0,0.0,0.0,4748.515110719272,4216.835481089643,0.0,0.0,445.0085848992307,4810.325844304595,4315.8718610832275,0.0,0.0,0.0,0.0
2025-01-17,121,2711.234,2025-01-17T20:10:00,2025-01-17T20:00:00,20:10:00,18,DR,0.0,20:10:00,18,DR,1.3378,20:10:00,18,DR,1.3513,451.8723333333333,0.0,2711.234,451.8723333333333,2025-01-17T20:10:00,2025-01-17 00:00:00,2025-01-17 00:00:00,2025-01-17T20:10:00,2025-01-17T20:10:00,1.3513,457.857548796757,0.0,0.0,1,profile_incumbent,217.74484701456714,0.0,451.8723333333333,0.0,0.0,0.0,0.0,4216.835481089643,3714.755110719272,0.0,0.0,457.857548796757,4315.8718610832275,3807.141251309053,0.0,0.0,0.0,0.0
2025-01-17,122,2604.0074,2025-01-17T20:20:00,2025-01-17T20:10:00,20:20:00,18,DS,0.0,20:20:00,18,DS,1.3007,20:20:00,18,DS,1.34,434.00123333333335,0.0,2604.0074,434.00123333333335,2025-01-17T20:20:00,2025-01-17 00:00:00,2025-01-17 00:00:00,2025-01-17T20:20:00,2025-01-17T20:20:00,1.34,454.88093887999145,0.0,0.0,1,profile_incumbent,217.74484701456714,0.0,434.00123333333335,0.0,0.0,0.0,0.0,3714.755110719272,3232.5315181266797,0.0,0.0,454.88093887999145,3807.141251309053,3301.7179858868403,0.0,0.0,0.0,0.0
2025-01-17,123,2704.32,2025-01-17T20:30:00,2025-01-17T20:20:00,20:30:00,18,DT,0.0,20:30:00,18,DT,1.3113,20:30:00,18,DT,1.3489,450.72,0.0,2704.32,450.72,2025-01-17T20:30:00,2025-01-17 00:00:00,2025-01-17 00:00:00,2025-01-17T20:30:00,2025-01-17T20:30:00,1.3489,441.01567329982566,0.0,0.0,1,profile_incumbent,217.74484701456714,0.0,450.72,0.0,0.0,0.0,0.0,3232.5315181266797,2731.7315181266795,0.0,0.0,441.01567329982566,3301.7179858868403,2811.700571109256,0.0,0.0,0.0,0.0
2025-01-17,124,2907.7781,2025-01-17T20:40:00,2025-01-17T20:30:00,20:40:00,18,DU,0.0,20:40:00,18,DU,1.4338,20:40:00,18,DU,1.3952,484.62968333333333,0.0,2907.7781,484.62968333333333,2025-01-17T20:40:00,2025-01-17 00:00:00,2025-01-17 00:00:00,2025-01-17T20:40:00,2025-01-17T20:40:00,1.3952,458.7130201170042,0.0,0.0,1,profile_incumbent,217.74484701456714,0.0,484.62968333333333,0.0,0.0,0.0,0.0,2731.7315181266795,2193.254092200754,0.0,0.0,458.7130201170042,2811.700571109256,2302.019437645918,0.0,0.0,0.0,0.0
2025-01-17,125,2911.0682,2025-01-17T20:50:00,2025-01-17T20:40:00,20:50:00,18,DV,0.0,20:50:00,18,DV,1.2192,20:50:00,18,DV,1.2226,485.17803333333336,0.0,2911.0682,485.17803333333336,2025-01-17T20:50:00,2025-01-17 00:00:00,2025-01-17 00:00:00,2025-01-17T20:50:00,2025-01-17T20:50:00,1.2226,470.30551406506413,1.12359679550141,101.4001894302519,1,profile_incumbent,217.74484701456714,0.0,383.7778439030815,0.0,0.0,0.0,0.0,2193.254092200754,1766.8342656417744,0.0,0.0,367.7817278393108,2302.019437645918,1893.373073380017,0.0,123.97187159742596,0.0,123.97187159742596
2025-01-17,126,2810.83,2025-01-17T21:00:00,2025-01-17T20:50:00,21:00:00,18,DW,0.0,21:00:00,18,DW,0.7884,21:00:00,18,DW,0.9332,468.47166666666664,0.0,2810.83,468.47166666666664,2025-01-17T21:00:00,2025-01-17 00:00:00,2025-01-17 00:00:00,2025-01-17T21:00:00,2025-01-17T21:00:00,0.9332,455.44147817533786,3.190925292428185,445.1109760590031,1,profile_incumbent,217.74484701456714,0.0,23.360690607663514,0.0,0.0,0.0,0.0,1766.8342656417744,1740.8779427443706,0.0,0.0,7.139576823906566,1893.373073380017,1885.4402102423433,0.0,415.37756285826174,0.0,415.37756285826174
2025-01-17,127,2942.9338,2025-01-17T21:10:00,2025-01-17T21:00:00,21:10:00,18,DX,0.0,21:10:00,18,DX,0.7369,21:10:00,18,DX,0.9068,490.4889666666666,0.0,2942.9338,490.4889666666666,2025-01-17T21:10:00,2025-01-17 00:00:00,2025-01-17 00:00:00,2025-01-17T21:10:00,2025-01-17T21:10:00,0.9068,437.189841309155,4.892876835515533,443.2726748372925,1,profile_incumbent,205.26893676067408,0.0,47.216291829374086,0.0,0.0,0.0,0.0,1740.8779427443706,1688.4153962672883,0.0,10.975710363653093,0.0,1885.4402102423433,1895.318349569631,0.0,401.9596615424569,0.0,401.9596615424569
2025-01-17,128,2848.0255,2025-01-17T21:20:00,2025-01-17T21:10:00,21:20:00,18,DY,0.0,21:20:00,18,DY,0.7736,21:20:00,18,DY,0.9371,474.6709166666667,0.0,2848.0255,474.6709166666667,2025-01-17T21:20:00,2025-01-17 00:00:00,2025-01-17 00:00:00,2025-01-17T21:20:00,2025-01-17T21:20:00,0.9371,457.60538304700435,6.210883971650265,454.8929382960034,1,profile_incumbent,205.26893676067408,0.0,19.777978370663277,0.0,0.0,0.0,0.0,1688.4153962672883,1666.439864744329,0.0,3.4984392206493453,0.0,1895.318349569631,1898.4669448682155,0.0,426.2801724771848,0.0,426.2801724771848
2025-01-17,129,2718.12,2025-01-17T21:30:00,2025-01-17T21:20:00,21:30:00,18,DZ,0.0,21:30:00,18,DZ,0.767,21:30:00,18,DZ,0.9371,453.02,0.0,2718.12,453.02,2025-01-17T21:30:00,2025-01-17 00:00:00,2025-01-17 00:00:00,2025-01-17T21:30:00,2025-01-17T21:30:00,0.9371,500.12681952264495,7.140856324794821,506.8656086699344,1,profile_incumbent,205.26893676067408,53.84560866993439,0.0,0.0,0.0,0.0,0.0,1666.439864744329,1714.90091254727,0.0,13.879645472084235,0.0,1898.4669448682155,1910.9586257930912,0.0,474.98376188459554,0.0,474.98376188459554
2025-01-17,130,3153.4958,2025-01-17T21:40:00,2025-01-17T21:30:00,21:40:00,18,EA,0.0,21:40:00,18,EA,0.8496,21:40:00,18,EA,0.9871,525.5826333333333,0.0,3153.4958,525.5826333333333,2025-01-17T21:40:00,2025-01-17 00:00:00,2025-01-17 00:00:00,2025-01-17T21:40:00,2025-01-17T21:40:00,0.9871,501.4107678406238,7.692010935007476,449.24589770973216,1,profile_incumbent,205.26893676067408,0.0,76.33673562360116,0.0,0.0,0.0,0.0,1714.90091254727,1630.0823174099355,0.0,0.0,44.472859195884155,1910.9586257930912,1861.5443377976644,0.0,443.4506256292766,0.0,443.4506256292766
2025-01-17,131,3037.0518,2025-01-17T21:50:00,2025-01-17T21:40:00,21:50:00,18,EB,0.0,21:50:00,18,EB,0.6784,21:50:00,18,EB,0.7764,506.17530000000005,0.0,3037.0518,506.17530000000005,2025-01-17T21:50:00,2025-01-17 00:00:00,2025-01-17 00:00:00,2025-01-17T21:50:00,2025-01-17T21:50:00,0.7764,463.1528831510803,7.885479374434948,453.3251209956294,1,profile_incumbent,205.26893676067408,0.0,52.85017900437066,0.0,0.0,0.0,0.0,1630.0823174099355,1571.3598962939682,0.0,0.0,1.9422827810159333,1861.5443377976644,1859.3862458187577,0.0,351.9616239410066,0.0,351.9616239410066
2025-01-17,132,2403.93,2025-01-17T22:00:00,2025-01-17T21:50:00,22:00:00,18,EC,0.0,22:00:00,18,EC,0.3372,22:00:00,18,EC,0.4209,400.655,0.0,2403.93,400.655,2025-01-17T22:00:00,2025-01-17 00:00:00,2025-01-17 00:00:00,2025-01-17T22:00:00,2025-01-17T22:00:00,0.4209,412.8060305527045,7.752726860483794,1154.2290793915117,1,profile_incumbent,205.26893676067408,753.5740793915118,0.0,0.0,0.0,0.0,0.0,1571.3598962939682,2249.5765677463287,0.0,749.1757756992911,0.0,1859.3862458187577,2533.6444439481197,0.0,485.8150195158873,0.0,485.8150195158873
2025-01-17,133,2422.6272,2025-01-17T22:10:00,2025-01-17T22:00:00,22:10:00,18,ED,0.0,22:10:00,18,ED,0.2934,22:10:00,18,ED,0.3859,403.77119999999996,0.0,2422.6272,403.77119999999996,2025-01-17T22:10:00,2025-01-17 00:00:00,2025-01-17 00:00:00,2025-01-17T22:10:00,2025-01-17T22:10:00,0.3859,381.6662935877798,7.333821573572904,1204.4266428334954,1,profile_incumbent,39.94977977464782,800.6554428334955,0.0,0.0,0.0,0.0,0.0,2249.5765677463287,2970.166466296475,0.0,830.0941708192886,0.0,2533.6444439481197,3280.7291976854794,0.0,464.7882414694459,0.0,464.7882414694459
2025-01-17,134,2467.5583,2025-01-17T22:20:00,2025-01-17T22:10:00,22:20:00,18,EE,0.0,22:20:00,18,EE,0.3608,22:20:00,18,EE,0.4368,411.2597166666667,0.0,2467.5583,411.2597166666667,2025-01-17T22:20:00,2025-01-17 00:00:00,2025-01-17 00:00:00,2025-01-17T22:20:00,2025-01-17T22:20:00,0.4368,380.3449774079355,6.67559463183545,1091.0226395618838,1,profile_incumbent,39.94977977464782,679.7629228952171,0.0,0.0,0.0,0.0,0.0,2970.166466296475,3581.9530969021703,0.0,717.3532567857836,0.0,3280.7291976854794,3926.347128792685,0.0,476.5586889606309,0.0,476.5586889606309
2025-01-17,135,2276.12,2025-01-17T22:30:00,2025-01-17T22:20:00,22:30:00,18,EF,0.0,22:30:00,18,EF,0.3634,22:30:00,18,EF,0.4198,379.3533333333333,0.0,2276.12,379.3533333333333,2025-01-17T22:30:00,2025-01-17 00:00:00,2025-01-17 00:00:00,2025-01-17T22:30:00,2025-01-17T22:30:00,0.4198,395.19708748005365,5.82973264210014,1184.840343268874,1,profile_incumbent,39.94977977464782,805.4870099355408,0.0,0.0,0.0,0.0,0.0,3581.9530969021703,4306.891405844157,0.0,795.4729884309206,0.0,3926.347128792685,4642.272818380514,0.0,497.3959761042733,0.0,497.3959761042733
2025-01-17,136,2310.2826,2025-01-17T22:40:00,2025-01-17T22:30:00,22:40:00,18,EG,0.0,22:40:00,18,EG,0.3263,22:40:00,18,EG,0.4186,385.0471,0.0,2310.2826,385.0471,2025-01-17T22:40:00,2025-01-17 00:00:00,2025-01-17 00:00:00,2025-01-17T22:40:00,2025-01-17T22:40:00,0.4186,399.6168767318745,4.85084541360682,1194.7199156695756,1,profile_incumbent,39.94977977464782,809.6728156695756,0.0,0.0,0.0,0.0,0.0,4306.891405844157,5035.596939946775,0.0,799.9538843513078,0.0,4642.272818380514,5362.2313142966905,0.0,500.1097566992844,0.0,500.1097566992844
2025-01-17,137,2603.1117,2025-01-17T22:50:00,2025-01-17T22:40:00,22:50:00,18,EH,0.0,22:50:00,18,EH,0.3509,22:50:00,18,EH,0.4241,433.85195,0.0,2603.1117,433.85195,2025-01-17T22:50:00,2025-01-17 00:00:00,2025-01-17 00:00:00,2025-01-17T22:50:00,2025-01-17T22:50:00,0.4241,391.90082247803446,3.794551280768011,1164.824915175449,1,profile_incumbent,39.94977977464782,730.972965175449,0.0,0.0,0.0,0.0,0.0,5035.596939946775,5693.472608604679,0.0,776.7186439781825,0.0,5362.2313142966905,6061.278093877055,0.0,494.0022465259079,0.0,494.0022465259079
2025-01-17,138,2815.25,2025-01-17T23:00:00,2025-01-17T22:50:00,23:00:00,18,EI,0.0,23:00:00,18,EI,0.4129,23:00:00,18,EI,0.4237,469.2083333333333,0.0,2815.25,469.2083333333333,2025-01-17T23:00:00,2025-01-17 00:00:00,2025-01-17 00:00:00,2025-01-17T23:00:00,2025-01-17T23:00:00,0.4237,394.7940214685524,2.7156215407321227,1174.8134436314729,1,profile_incumbent,39.94977977464782,705.6051102981396,0.0,0.0,0.0,0.0,0.0,5693.472608604679,6328.517207873005,0.0,782.7350437036527,0.0,6061.278093877055,6765.739633210342,0.0,497.76845606665506,0.0,497.76845606665506
2025-01-17,139,2601.7353,2025-01-17T23:10:00,2025-01-17T23:00:00,23:10:00,18,EJ,0.0,23:10:00,18,EJ,0.3905,23:10:00,18,EJ,0.4248,433.62255,0.0,2601.7353,433.62255,2025-01-17T23:10:00,2025-01-17 00:00:00,2025-01-17 00:00:00,2025-01-17T23:10:00,2025-01-17T23:10:00,0.4248,427.9008142411818,1.6662237918116167,1179.3241965668503,1,profile_incumbent,25.069716479563912,745.7016465668503,0.0,0.0,0.0,0.0,0.0,6328.517207873005,6999.64868978317,0.0,753.0896061174802,0.0,6765.739633210342,7443.520278716074,0.0,500.97691870159804,0.0,500.97691870159804
2025-01-17,140,2582.8903,2025-01-17T23:20:00,2025-01-17T23:10:00,23:20:00,18,EK,0.0,23:20:00,18,EK,0.3418,23:20:00,18,EK,0.424,430.48171666666667,0.0,2582.8903,430.48171666666667,2025-01-17T23:20:00,2025-01-17 00:00:00,2025-01-17 00:00:00,2025-01-17T23:20:00,2025-01-17T23:20:00,0.424,429.6548279428605,0.6943014950003453,1187.8897458827353,1,profile_incumbent,25.069716479563912,757.4080292160686,0.0,0.0,0.0,0.0,0.0,6999.64868978317,7681.315916077632,0.0,758.9292194348752,0.0,7443.520278716074,8126.556576207462,0.0,503.6652522542797,0.0,503.6652522542797
2025-01-17,141,2789.46,2025-01-17T23:30:00,2025-01-17T23:20:00,23:30:00,18,EL,0.0,23:30:00,18,EL,0.3343,23:30:00,18,EL,0.422,464.91,0.0,2789.46,464.91,2025-01-17T23:30:00,2025-01-17 00:00:00,2025-01-17 00:00:00,2025-01-17T23:30:00,2025-01-17T23:30:00,0.422,396.48057520546564,0.0,1170.8651368543779,1,profile_incumbent,25.069716479563912,705.9551368543778,0.0,0.0,0.0,0.0,0.0,7681.315916077632,8316.675539246573,0.0,774.3845616489123,0.0,8126.556576207462,8823.502681691483,0.0,494.10508775254743,0.0,494.10508775254743
2025-01-17,142,2657.6167,2025-01-17T23:40:00,2025-01-17T23:30:00,23:40:00,18,EM,0.0,23:40:00,18,EM,0.3711,23:40:00,18,EM,0.424,442.9361166666667,0.0,2657.6167,442.9361166666667,2025-01-17T23:40:00,2025-01-17 00:00:00,2025-01-17 00:00:00,2025-01-17T23:40:00,2025-01-17T23:40:00,0.424,386.4549186415692,0.0,1162.8831123952355,1,profile_incumbent,25.069716479563912,719.9469957285687,0.0,0.0,0.0,0.0,0.0,8316.675539246573,8964.627835402285,0.0,776.4281937536663,0.0,8823.502681691483,9522.288056069783,0.0,493.0624396555798,0.0,493.0624396555798
2025-01-17,143,2559.9359,2025-01-17T23:50:00,2025-01-17T23:40:00,23:50:00,18,EN,0.0,23:50:00,18,EN,0.353,23:50:00,18,EN,0.4271,426.6559833333333,0.0,2559.9359,426.6559833333333,2025-01-17T23:50:00,2025-01-17 00:00:00,2025-01-17 00:00:00,2025-01-17T23:50:00,2025-01-17T23:50:00,0.4271,390.7973077183335,0.0,1137.159655366587,1,profile_incumbent,25.069716479563912,710.5036720332537,0.0,0.0,0.0,0.0,0.0,8964.627835402285,9604.081140232214,0.0,746.3623476482535,0.0,9522.288056069783,10194.014168953212,0.0,485.68088880706927,0.0,485.68088880706927
2025-01-17,144,2653.7,2025-01-18T00:00:00,2025-01-17T23:50:00,0:00+1,18,EO,0.0,0:00+1,18,EO,0.3106,0:00+1,18,EO,0.4276,442.2833333333333,0.0,2653.7,442.2833333333333,2025-01-18T00:00:00,2025-01-17 00:00:00,2025-01-17 00:00:00,2025-01-18T00:00:00,2025-01-18T00:00:00,0.4276,393.61063861921957,0.0,985.772427110813,1,profile_incumbent,25.069716479563912,543.4890937774798,0.0,0.0,0.0,0.0,0.0,9604.081140232214,10093.221324631946,0.0,592.1617884915935,0.0,10194.014168953212,10726.959778595647,0.0,421.51628983258365,0.0,421.51628983258365
2025-01-18,1,2697.4268,2025-01-18T00:10:00,2025-01-18T00:00:00,00:10:00,19,B,0.0,00:10:00,19,B,0.3638,00:10:00,19,B,0.4248,449.57113333333336,0.0,2697.4268,449.57113333333336,2025-01-18T00:10:00,2025-01-18 00:00:00,2025-01-18 00:00:00,2025-01-18T00:10:00,2025-01-18T00:10:00,0.4248,429.060521622986,0.0,443.1961007222598,1,profile_incumbent,28.347829203038003,0.0,6.37503261107355,0.0,0.0,0.0,0.0,10093.221324631946,10086.137955064087,0.0,14.135579099273798,0.0,10093.221324631946,10105.943345821293,0.0,188.26970358681598,0.0,188.26970358681598
2025-01-18,2,2688.0064,2025-01-18T00:20:00,2025-01-18T00:10:00,00:20:00,19,C,0.0,00:20:00,19,C,0.3773,00:20:00,19,C,0.4245,448.0010666666667,0.0,2688.0064,448.0010666666667,2025-01-18T00:20:00,2025-01-18 00:00:00,2025-01-18 00:00:00,2025-01-18T00:20:00,2025-01-18T00:20:00,0.4245,451.25893886933585,0.0,502.5125559205236,1,profile_incumbent,28.347829203038003,54.511489253856894,0.0,0.0,0.0,0.0,0.0,10086.137955064087,10135.198295392558,0.0,51.253617051187746,0.0,10105.943345821293,10152.071601167363,0.0,213.31657998826225,0.0,213.31657998826225
2025-01-18,3,2668.94,2025-01-18T00:30:00,2025-01-18T00:20:00,00:30:00,19,D,0.0,00:30:00,19,D,0.3359,00:30:00,19,D,0.4269,444.8233333333333,0.0,2668.94,444.8233333333333,2025-01-18T00:30:00,2025-01-18 00:00:00,2025-01-18 00:00:00,2025-01-18T00:30:00,2025-01-18T00:30:00,0.4269,473.51553570878883,0.0008019625705797395,458.14981044599114,1,profile_incumbent,28.347829203038003,13.326477112657813,0.0,0.0,0.0,0.0,0.0,10135.198295392558,10147.19212479395,0.0,0.0,15.364923300227133,10152.071601167363,10134.999464167111,0.0,195.5841540793936,0.0,195.5841540793936
2025-01-18,4,2697.2903,2025-01-18T00:40:00,2025-01-18T00:30:00,00:40:00,19,E,0.0,00:40:00,19,E,0.3662,00:40:00,19,E,0.4272,449.54838333333333,0.0,2697.2903,449.54838333333333,2025-01-18T00:40:00,2025-01-18 00:00:00,2025-01-18 00:00:00,2025-01-18T00:40:00,2025-01-18T00:40:00,0.4272,454.73783035470194,0.38674311896202584,468.2889331621704,1,profile_incumbent,28.347829203038003,18.74054982883706,0.0,0.0,0.0,0.0,0.0,10147.19212479395,10164.058619639904,0.0,13.937845926430498,0.0,10134.999464167111,10147.543525500898,0.0,200.0530322468792,0.0,200.0530322468792
2025-01-18,5,2936.5134,2025-01-18T00:50:00,2025-01-18T00:40:00,00:50:00,19,F,0.0,00:50:00,19,F,0.4239,00:50:00,19,F,0.4271,489.41889999999995,0.0,2936.5134,489.41889999999995,2025-01-18T00:50:00,2025-01-18 00:00:00,2025-01-18 00:00:00,2025-01-18T00:50:00,2025-01-18T00:50:00,0.4271,438.84444447826803,0.9285477537213158,441.01858373338376,1,profile_incumbent,28.347829203038003,0.0,48.40031626661619,0.0,0.0,0.0,0.0,10164.058619639904,10110.280490454774,0.0,3.1026870088370515,0.0,10147.543525500898,10150.335943808852,0.0,188.3590371125282,0.0,188.3590371125282
2025-01-18,6,3123.35,2025-01-18T01:00:00,2025-01-18T00:50:00,01:00:00,19,G,0.0,01:00:00,19,G,0.438,01:00:00,19,G,0.4285,520.5583333333333,0.0,3123.35,520.5583333333333,2025-01-18T01:00:00,2025-01-18 00:00:00,2025-01-18 00:00:00,2025-01-18T01:00:00,2025-01-18T01:00:00,0.4285,452.318096169977,1.5921210349577455,423.4458547885995,1,profile_incumbent,28.347829203038003,0.0,97.11247854473379,0.0,0.0,0.0,0.0,10110.280490454774,10002.37773651618,0.0,0.0,27.28012034641978,10150.335943808852,10120.024698979496,0.0,181.44654877691488,0.0,181.44654877691488
2025-01-18,7,2806.6371,2025-01-18T01:10:00,2025-01-18T01:00:00,01:10:00,19,H,0.0,01:10:00,19,H,0.3852,01:10:00,19,H,0.4311,467.77285,0.0,2806.6371,467.77285,2025-01-18T01:10:00,2025-01-18 00:00:00,2025-01-18 00:00:00,2025-01-18T01:10:00,2025-01-18T01:10:00,0.4311,478.3553093269429,2.3368170564361423,491.1451719470038,1,profile_incumbent,40.07742524922956,23.372321947003798,0.0,0.0,0.0,0.0,0.0,10002.37773651618,10023.412826268484,0.0,15.12667967649702,0.0,10120.024698979496,10133.638710688343,0.0,211.73268362635332,0.0,211.73268362635332
2025-01-18,8,2570.2508,2025-01-18T01:20:00,2025-01-18T01:10:00,01:20:00,19,I,0.0,01:20:00,19,I,0.3562,01:20:00,19,I,0.4302,428.3751333333333,0.0,2570.2508,428.3751333333333,2025-01-18T01:20:00,2025-01-18 00:00:00,2025-01-18 00:00:00,2025-01-18T01:20:00,2025-01-18T01:20:00,0.4302,485.41698439261495,3.1167308030525707,484.264904416541,1,profile_incumbent,40.07742524922956,55.889771083207734,0.0,0.0,0.0,0.0,0.0,10023.412826268484,10073.713620243372,0.0,1.964650826978641,0.0,10133.638710688343,10135.406896432623,0.0,208.33076187999595,0.0,208.33076187999595
2025-01-18,9,2638.56,2025-01-18T01:30:00,2025-01-18T01:20:00,01:30:00,19,J,0.0,01:30:00,19,J,0.3641,01:30:00,19,J,0.4279,439.76,0.0,2638.56,439.76,2025-01-18T01:30:00,2025-01-18 00:00:00,2025-01-18 00:00:00,2025-01-18T01:30:00,2025-01-18T01:30:00,0.4279,476.863032105207,3.88218098930218,444.1077922121189,1,profile_incumbent,40.07742524922956,4.347792212118918,0.0,0.0,0.0,0.0,0.0,10073.713620243372,10077.626633234278,0.0,0.0,28.87305890378593,10135.406896432623,10103.32571987286,0.0,190.0337242875657,0.0,190.0337242875657
2025-01-18,10,2725.0725,2025-01-18T01:40:00,2025-01-18T01:30:00,01:40:00,19,K,0.0,01:40:00,19,K,0.3445,01:40:00,19,K,0.4312,454.17875000000004,0.0,2725.0725,454.17875000000004,2025-01-18T01:40:00,2025-01-18 00:00:00,2025-01-18 00:00:00,2025-01-18T01:40:00,2025-01-18T01:40:00,0.4312,484.49967788000987,4.58135216789369,498.92745612413665,1,profile_incumbent,40.07742524922956,44.74870612413662,0.0,0.0,0.0,0.0,0.0,10077.626633234278,10117.900468746002,0.0,19.009130412020454,0.0,10103.32571987286,10120.433937243679,0.0,215.13751908072774,0.0,215.13751908072774
2025-01-18,11,2972.4356,2025-01-18T01:50:00,2025-01-18T01:40:00,01:50:00,19,L,0.0,01:50:00,19,L,0.3446,01:50:00,19,L,0.4333,495.4059333333333,0.0,2972.4356,495.4059333333333,2025-01-18T01:50:00,2025-01-18 00:00:00,2025-01-18 00:00:00,2025-01-18T01:50:00,2025-01-18T01:50:00,0.4333,501.2384337303457,5.162060930535843,526.6145522572989,1,profile_incumbent,40.07742524922956,31.208618923965616,0.0,0.0,0.0,0.0,0.0,10117.900468746002,10145.988225777572,0.0,30.538179457489036,0.0,10120.433937243679,10147.91829875542,0.0,228.1820854930876,0.0,228.1820854930876
2025-01-18,12,3172.96,2025-01-18T02:00:00,2025-01-18T01:50:00,02:00:00,19,M,0.0,02:00:00,19,M,0.3686,02:00:00,19,M,0.4311,528.8266666666667,0.0,3172.96,528.8266666666667,2025-01-18T02:00:00,2025-01-18 00:00:00,2025-01-18 00:00:00,2025-01-18T02:00:00,2025-01-18T02:00:00,0.4311,508.2303134124595,5.573608105310943,465.65993019422723,1,profile_incumbent,40.07742524922956,0.0,63.16673647243948,0.0,0.0,0.0,0.0,10145.988225777572,10075.802963030417,0.0,0.0,36.99677511292134,10147.91829875542,10106.810770852173,0.0,200.74599590673134,0.0,200.74599590673134
2025-01-18,13,2920.2445,2025-01-18T02:10:00,2025-01-18T02:00:00,02:10:00,19,N,0.0,02:10:00,19,N,0.3666,02:10:00,19,N,0.4293,486.70741666666663,0.0,2920.2445,486.70741666666663,2025-01-18T02:10:00,2025-01-18 00:00:00,2025-01-18 00:00:00,2025-01-18T02:10:00,2025-01-18T02:10:00,0.4293,496.0083408941717,5.768676651186164,489.4151310819483,1,profile_incumbent,33.221716631849546,2.7077144152816572,0.0,0.0,0.0,0.0,0.0,10075.802963030417,10078.23990600417,0.0,0.0,0.8245331610372091,10106.810770852173,10105.894622895465,0.0,210.1059157734804,0.0,210.1059157734804
2025-01-18,14,2836.9868,2025-01-18T02:20:00,2025-01-18T02:10:00,02:20:00,19,O,0.0,02:20:00,19,O,0.3583,02:20:00,19,O,0.4324,472.83113333333336,0.0,2836.9868,472.83113333333336,2025-01-18T02:20:00,2025-01-18 00:00:00,2025-01-18 00:00:00,2025-01-18T02:20:00,2025-01-18T02:20:00,0.4324,497.1538837156312,5.705233503635557,519.4541688609082,1,profile_incumbent,33.221716631849546,46.62303552757487,0.0,0.0,0.0,0.0,0.0,10078.23990600417,10120.200637978987,0.0,28.005518648912584,0.0,10105.894622895465,10131.099589679487,0.0,224.61198261545672,0.0,224.61198261545672
2025-01-18,15,3036.29,2025-01-18T02:30:00,2025-01-18T02:20:00,02:30:00,19,P,0.0,02:30:00,19,P,0.3683,02:30:00,19,P,0.4367,506.04833333333335,0.0,3036.29,506.04833333333335,2025-01-18T02:30:00,2025-01-18 00:00:00,2025-01-18 00:00:00,2025-01-18T02:30:00,2025-01-18T02:30:00,0.4367,510.41459081698326,5.348392966114778,517.0938867279569,1,profile_incumbent,33.221716631849546,11.045553394623596,0.0,0.0,0.0,0.0,0.0,10120.200637978987,10130.141636034148,0.0,12.027688877088508,0.0,10131.099589679487,10141.924509668866,0.0,225.81490033409878,0.0,225.81490033409878
2025-01-18,16,3031.6962,2025-01-18T02:40:00,2025-01-18T02:30:00,02:40:00,19,Q,0.0,02:40:00,19,Q,0.3935,02:40:00,19,Q,0.4348,505.2827,0.0,3031.6962,505.2827,2025-01-18T02:40:00,2025-01-18 00:00:00,2025-01-18 00:00:00,2025-01-18T02:40:00,2025-01-18T02:40:00,0.4348,505.71789181231696,4.67219938626901,532.124951243519,1,profile_incumbent,33.221716631849546,26.84225124351906,0.0,0.0,0.0,0.0,0.0,10130.141636034148,10154.299662153315,0.0,31.079258817471043,0.0,10141.924509668866,10169.89584260459,0.0,231.36792880068208,0.0,231.36792880068208
2025-01-18,17,3014.6763,2025-01-18T02:50:00,2025-01-18T02:40:00,02:50:00,19,R,0.0,02:50:00,19,R,0.382,02:50:00,19,R,0.4335,502.44605,0.0,3014.6763,502.44605,2025-01-18T02:50:00,2025-01-18 00:00:00,2025-01-18 00:00:00,2025-01-18T02:50:00,2025-01-18T02:50:00,0.4335,512.9687074735768,3.6612878049530426,544.7518826455876,1,profile_incumbent,33.221716631849546,42.30583264558754,0.0,0.0,0.0,0.0,0.0,10154.299662153315,10192.374911534343,0.0,35.44446297696379,0.0,10169.89584260459,10201.795859283857,0.0,236.14994112686222,0.0,236.14994112686222
2025-01-18,18,3087.97,2025-01-18T03:00:00,2025-01-18T02:50:00,03:00:00,19,S,0.0,03:00:00,19,S,0.3644,03:00:00,19,S,0.4357,514.6616666666666,0.0,3087.97,514.6616666666666,2025-01-18T03:00:00,2025-01-18 00:00:00,2025-01-18 00:00:00,2025-01-18T03:00:00,2025-01-18T03:00:00,0.4357,527.6059720713171,2.3123830076700633,511.6741305517098,1,profile_incumbent,33.221716631849546,0.0,2.9875361149568107,0.0,0.0,0.0,0.0,10192.374911534343,10189.05542696217,0.0,0.0,13.619458511937182,10201.795859283857,10186.663127603926,0.0,222.93641868137996,0.0,222.93641868137996
2025-01-18,19,3105.9112,2025-01-18T03:10:00,2025-01-18T03:00:00,03:10:00,19,T,0.0,03:10:00,19,T,0.4178,03:10:00,19,T,0.4374,517.6518666666667,0.0,3105.9112,517.6518666666667,2025-01-18T03:10:00,2025-01-18 00:00:00,2025-01-18 00:00:00,2025-01-18T03:10:00,2025-01-18T03:10:00,0.4374,517.5063235022926,0.635599914964861,476.6050188070141,1,profile_incumbent,33.98531666666679,0.0,41.04684785965259,0.0,0.0,0.0,0.0,10189.05542696217,10143.447818229222,0.0,0.0,40.26570478031363,10186.663127603926,10141.9234556258,0.0,208.467035226188,0.0,208.467035226188
2025-01-18,20,3002.1911,2025-01-18T03:20:00,2025-01-18T03:10:00,03:20:00,19,U,0.0,03:20:00,19,U,0.4296,03:20:00,19,U,0.4371,500.36518333333333,0.0,3002.1911,500.36518333333333,2025-01-18T03:20:00,2025-01-18 00:00:00,2025-01-18 00:00:00,2025-01-18T03:20:00,2025-01-18T03:20:00,0.4371,535.948174758249,0.0,519.6558051351734,1,profile_incumbent,33.98531666666679,19.290621801840075,0.0,0.0,0.0,0.0,0.0,10143.447818229222,10160.80937785088,0.0,0.0,16.292369623075615,10141.9234556258,10123.820822711272,0.0,227.1415524245843,0.0,227.1415524245843
2025-01-18,21,2874.27,2025-01-18T03:30:00,2025-01-18T03:20:00,03:30:00,19,V,0.0,03:30:00,19,V,0.3924,03:30:00,19,V,0.4356,479.045,0.0,2874.27,479.045,2025-01-18T03:30:00,2025-01-18 00:00:00,2025-01-18 00:00:00,2025-01-18T03:30:00,2025-01-18T03:30:00,0.4356,563.9106553060657,0.0,572.8067639020036,1,profile_incumbent,33.98531666666679,93.76176390200357,0.0,0.0,0.0,0.0,0.0,10160.80937785088,10245.194965362682,0.0,8.896108595937903,0.0,10123.820822711272,10131.827320447615,0.0,249.51462635571275,0.0,249.51462635571275
2025-01-18,22,2926.0835,2025-01-18T03:40:00,2025-01-18T03:30:00,03:40:00,19,W,0.0,03:40:00,19,W,0.4093,03:40:00,19,W,0.4353,487.68058333333335,0.0,2926.0835,487.68058333333335,2025-01-18T03:40:00,2025-01-18 00:00:00,2025-01-18 00:00:00,2025-01-18T03:40:00,2025-01-18T03:40:00,0.4353,526.7988137463759,0.0,548.5761366272557,1,profile_incumbent,33.98531666666679,60.89555329392232,0.0,0.0,0.0,0.0,0.0,10245.194965362682,10300.000963327211,0.0,21.77732288087975,0.0,10131.827320447615,10151.426911040408,0.0,238.7951922738444,0.0,238.7951922738444
2025-01-18,23,3210.8263,2025-01-18T03:50:00,2025-01-18T03:40:00,03:50:00,19,X,0.0,03:50:00,19,X,0.4144,03:50:00,19,X,0.436,535.1377166666667,0.0,3210.8263,535.1377166666667,2025-01-18T03:50:00,2025-01-18 00:00:00,2025-01-18 00:00:00,2025-01-18T03:50:00,2025-01-18T03:50:00,0.436,500.87629171091976,0.0,502.1334479263031,1,profile_incumbent,33.98531666666679,0.0,33.004268740363614,0.0,0.0,0.0,0.0,10300.000963327211,10263.329553615697,0.0,1.257156215383361,0.0,10151.426911040408,10152.558351634252,0.0,218.93018329586815,0.0,218.93018329586815
2025-01-18,24,3454.8,2025-01-18T04:00:00,2025-01-18T03:50:00,04:00:00,19,Y,0.0,04:00:00,19,Y,0.3947,04:00:00,19,Y,0.4378,575.8000000000001,0.0,3454.8,575.8000000000001,2025-01-18T04:00:00,2025-01-18 00:00:00,2025-01-18 00:00:00,2025-01-18T04:00:00,2025-01-18T04:00:00,0.4378,518.3672425676046,0.0,501.1412555800726,1,profile_incumbent,33.98531666666679,0.0,74.65874441992747,0.0,0.0,0.0,0.0,10263.329553615697,10180.37539314911,0.0,0.0,17.225986987532053,10152.558351634252,10133.41836609255,0.0,219.39964169295578,0.0,219.39964169295578
2025-01-18,25,3287.3786,2025-01-18T04:10:00,2025-01-18T04:00:00,04:10:00,19,Z,0.0,04:10:00,19,Z,0.4109,04:10:00,19,Z,0.4401,547.8964333333333,0.0,3287.3786,547.8964333333333,2025-01-18T04:10:00,2025-01-18 00:00:00,2025-01-18 00:00:00,2025-01-18T04:10:00,2025-01-18T04:10:00,0.4401,535.3772242836012,0.0,502.5661318174961,1,profile_incumbent,34.030230944968764,0.0,45.33030151583722,0.0,0.0,0.0,0.0,10180.37539314911,10130.008391464846,0.0,0.0,32.811092466105094,10133.41836609255,10096.961596685767,0.0,221.17935461288005,0.0,221.17935461288005
2025-01-18,26,3088.41,2025-01-18T04:20:00,2025-01-18T04:10:00,04:20:00,19,AA,0.0,04:20:00,19,AA,0.4347,04:20:00,19,AA,0.4389,514.735,0.0,3088.41,514.735,2025-01-18T04:20:00,2025-01-18 00:00:00,2025-01-18 00:00:00,2025-01-18T04:20:00,2025-01-18T04:20:00,0.4389,535.3900426439832,0.0,511.76234890733195,1,profile_incumbent,34.030230944968764,0.0,2.972651092668059,0.0,0.0,0.0,0.0,10130.008391464846,10126.705445806325,0.0,0.0,23.627693736651224,10096.961596685767,10070.708603645044,0.0,224.612494935428,0.0,224.612494935428
2025-01-18,27,3145.25,2025-01-18T04:30:00,2025-01-18T04:20:00,04:30:00,19,AB,0.0,04:30:00,19,AB,0.4408,04:30:00,19,AB,0.4364,524.2083333333334,0.0,3145.25,524.2083333333334,2025-01-18T04:30:00,2025-01-18 00:00:00,2025-01-18 00:00:00,2025-01-18T04:30:00,2025-01-18T04:30:00,0.4364,525.4547272599619,0.0,543.4004089837972,1,profile_incumbent,34.030230944968764,19.192075650463835,0.0,0.0,0.0,0.0,0.0,10126.705445806325,10143.978313891743,0.0,17.945681723835264,0.0,10070.708603645044,10086.859717196496,0.0,237.1399384805291,0.0,237.1399384805291
2025-01-18,28,3382.8892,2025-01-18T04:40:00,2025-01-18T04:30:00,04:40:00,19,AC,0.0,04:40:00,19,AC,0.4324,04:40:00,19,AC,0.4393,563.8148666666667,0.0,3382.8892,563.8148666666667,2025-01-18T04:40:00,2025-01-18 00:00:00,2025-01-18 00:00:00,2025-01-18T04:40:00,2025-01-18T04:40:00,0.4393,524.8010477448926,0.0,539.1284500779061,1,profile_incumbent,34.030230944968764,0.0,24.686416588760608,0.0,0.0,0.0,0.0,10143.978313891743,10116.548962126453,0.0,14.327402333013538,0.0,10086.859717196496,10099.754379296208,0.0,236.83912811922417,0.0,236.83912811922417
2025-01-18,29,3430.7967,2025-01-18T04:50:00,2025-01-18T04:40:00,04:50:00,19,AD,0.0,04:50:00,19,AD,0.423,04:50:00,19,AD,0.4422,571.79945,0.0,3430.7967,571.79945,2025-01-18T04:50:00,2025-01-18 00:00:00,2025-01-18 00:00:00,2025-01-18T04:50:00,2025-01-18T04:50:00,0.4422,537.3851230069918,0.0,540.9178074196427,1,profile_incumbent,34.030230944968764,0.0,30.881642580357266,0.0,0.0,0.0,0.0,10116.548962126453,10082.236025926057,0.0,3.5326844126509513,0.0,10099.754379296208,10102.933795267594,0.0,239.193854440966,0.0,239.193854440966
2025-01-18,30,3322.07,2025-01-18T05:00:00,2025-01-18T04:50:00,05:00:00,19,AE,0.0,05:00:00,19,AE,0.4304,05:00:00,19,AE,0.4395,553.6783333333334,0.0,3322.07,553.6783333333334,2025-01-18T05:00:00,2025-01-18 00:00:00,2025-01-18 00:00:00,2025-01-18T05:00:00,2025-01-18T05:00:00,0.4395,546.0292013950018,0.0,559.4581931624427,1,profile_incumbent,34.030230944968764,5.779859829109341,0.0,0.0,0.0,0.0,0.0,10082.236025926057,10087.437899772256,0.0,13.428991767440948,0.0,10102.933795267594,10115.01988785829,0.0,245.8818758948936,0.0,245.8818758948936
2025-01-18,31,3401.4177,2025-01-18T05:10:00,2025-01-18T05:00:00,05:10:00,19,AF,0.0,05:10:00,19,AF,0.458,05:10:00,19,AF,0.4333,566.90295,0.0,3401.4177,566.90295,2025-01-18T05:10:00,2025-01-18 00:00:00,2025-01-18 00:00:00,2025-01-18T05:10:00,2025-01-18T05:10:00,0.4333,533.9928061944831,0.0,515.4170863897747,1,profile_incumbent,39.87020926661319,0.0,51.48586361022535,0.0,0.0,0.0,0.0,10087.437899772256,10030.231384649784,0.0,0.0,18.575719804708456,10115.01988785829,10094.380199186393,0.0,223.3302235326894,0.0,223.3302235326894
2025-01-18,32,3381.0633,2025-01-18T05:20:00,2025-01-18T05:10:00,05:20:00,19,AG,0.0061,05:20:00,19,AG,0.4455,05:20:00,19,AG,0.4439,563.51055,0.0010166666666666668,3381.0571999999997,563.5095333333333,2025-01-18T05:20:00,2025-01-18 00:00:00,2025-01-18 00:00:00,2025-01-18T05:20:00,2025-01-18T05:20:00,0.4439,551.4568070897819,0.0,504.17750110701485,1,profile_incumbent,39.87020926661319,0.0,59.33203222631846,0.0,0.0,0.0,0.0,10030.231384649784,9964.30690439832,0.0,0.0,47.279305982767085,10094.380199186393,10041.847636983319,0.0,223.8043927414039,0.0,223.8043927414039
2025-01-18,33,3234.26,2025-01-18T05:30:00,2025-01-18T05:20:00,05:30:00,19,AH,0.0,05:30:00,19,AH,0.3819,05:30:00,19,AH,0.4301,539.0433333333334,0.0,3234.26,539.0433333333334,2025-01-18T05:30:00,2025-01-18 00:00:00,2025-01-18 00:00:00,2025-01-18T05:30:00,2025-01-18T05:30:00,0.4301,588.2845615398672,0.0,586.9111299618323,1,profile_incumbent,39.87020926661319,47.86779662849892,0.0,0.0,0.0,0.0,0.0,9964.30690439832,10007.387921363968,0.0,0.0,1.3734315780349107,10041.847636983319,10040.321601896614,0.0,252.43047699658408,0.0,252.43047699658408
2025-01-18,34,3257.2882,2025-01-18T05:40:00,2025-01-18T05:30:00,05:40:00,19,AI,0.0,05:40:00,19,AI,0.3522,05:40:00,19,AI,0.3713,542.8813666666666,0.0,3257.2882,542.8813666666666,2025-01-18T05:40:00,2025-01-18 00:00:00,2025-01-18 00:00:00,2025-01-18T05:40:00,2025-01-18T05:40:00,0.3713,579.3706244977276,0.0,1325.7494847697558,1,profile_incumbent,39.87020926661319,782.8681181030892,0.0,0.0,0.0,0.0,0.0,10007.387921363968,10711.96922765675,0.0,746.3788602720282,0.0,10040.321601896614,10712.06257614144,0.0,492.25078369501034,0.0,492.25078369501034
2025-01-18,35,3344.964,2025-01-18T05:50:00,2025-01-18T05:40:00,05:50:00,19,AJ,0.085,05:50:00,19,AJ,0.5486,05:50:00,19,AJ,0.5708,557.494,0.014166666666666668,3344.879,557.4798333333333,2025-01-18T05:50:00,2025-01-18 00:00:00,2025-01-18 00:00:00,2025-01-18T05:50:00,2025-01-18T05:50:00,0.5708,548.5248218900939,0.0,567.9438175671123,1,profile_incumbent,39.87020926661319,10.463984233779001,0.0,0.0,0.0,0.0,0.0,10711.96922765675,10721.38681346715,0.0,19.418995677018415,0.0,10712.06257614144,10729.539672250756,0.0,324.1823310673077,0.0,324.1823310673077
2025-01-18,36,3375.47,2025-01-18T06:00:00,2025-01-18T05:50:00,06:00:00,19,AK,0.0,06:00:00,19,AK,0.8263,06:00:00,19,AK,0.9099,562.5783333333333,0.0,3375.47,562.5783333333333,2025-01-18T06:00:00,2025-01-18 00:00:00,2025-01-18 00:00:00,2025-01-18T06:00:00,2025-01-18T06:00:00,0.9099,539.1286351041024,2.2948690640861655,0.0,1,profile_incumbent,39.87020926661319,0.0,562.5783333333333,0.0,0.0,0.0,0.0,10721.38681346715,10096.299776430113,0.0,0.0,536.8337660400163,10729.539672250756,10133.05770998407,0.0,0.0,0.0,0.0
2025-01-18,37,3329.3057,2025-01-18T06:10:00,2025-01-18T06:00:00,06:10:00,19,AL,0.0,06:10:00,19,AL,0.8281,06:10:00,19,AL,0.9368,554.8842833333333,0.0,3329.3057,554.8842833333333,2025-01-18T06:10:00,2025-01-18 00:00:00,2025-01-18 00:00:00,2025-01-18T06:10:00,2025-01-18T06:10:00,0.9368,569.1567047813494,12.02811491295679,0.0,1,profile_incumbent,72.15332956102313,0.0,554.8842833333333,0.0,0.0,0.0,0.0,10096.299776430113,9479.76168383752,0.0,0.0,557.1285898683926,10133.05770998407,9514.025943463634,0.0,0.0,0.0,0.0
2025-01-18,38,3243.9581,2025-01-18T06:20:00,2025-01-18T06:10:00,06:20:00,19,AM,1.1844,06:20:00,19,AM,0.7857,06:20:00,19,AM,0.8758,540.6596833333333,0.1974,3242.7736999999997,540.4622833333333,2025-01-18T06:20:00,2025-01-18 00:00:00,2025-01-18 00:00:00,2025-01-18T06:20:00,2025-01-18T06:20:00,0.8758,572.9386933766212,23.80604756908961,0.0,1,profile_incumbent,72.15332956102313,0.0,540.4622833333333,0.0,0.0,0.0,0.0,9479.76168383752,8879.248035689372,0.0,0.0,549.1326458075316,9514.025943463634,8903.878559233042,0.0,0.0,0.0,0.0
2025-01-18,39,3199.86,2025-01-18T06:30:00,2025-01-18T06:20:00,06:30:00,19,AN,0.0,06:30:00,19,AN,0.8158,06:30:00,19,AN,0.8759,533.3100000000001,0.0,3199.86,533.3100000000001,2025-01-18T06:30:00,2025-01-18 00:00:00,2025-01-18 00:00:00,2025-01-18T06:30:00,2025-01-18T06:30:00,0.8759,553.988286543178,37.74419807114392,0.0,1,profile_incumbent,72.15332956102313,0.0,533.3100000000001,0.0,0.0,0.0,0.0,8879.248035689372,8286.681369022705,0.0,0.0,516.244088472034,8903.878559233042,8330.274016486337,0.0,0.0,0.0,0.0
2025-01-18,40,3290.2147,2025-01-18T06:40:00,2025-01-18T06:30:00,06:40:00,19,AO,0.0,06:40:00,19,AO,0.8084,06:40:00,19,AO,0.8601,548.3691166666666,0.0,3290.2147,548.3691166666666,2025-01-18T06:40:00,2025-01-18 00:00:00,2025-01-18 00:00:00,2025-01-18T06:40:00,2025-01-18T06:40:00,0.8601,578.663797171729,53.938546933539065,0.0,1,profile_incumbent,72.15332956102313,0.0,548.3691166666666,0.0,0.0,0.0,0.0,8286.681369022705,7677.382350504186,0.0,0.0,524.7252502381899,8330.274016486337,7747.245960666126,0.0,0.0,0.0,0.0
2025-01-18,41,3537.082,2025-01-18T06:50:00,2025-01-18T06:40:00,06:50:00,19,AP,21.5554,06:50:00,19,AP,0.8083,06:50:00,19,AP,0.8442,589.5136666666666,3.5925666666666665,3515.5265999999997,585.9210999999999,2025-01-18T06:50:00,2025-01-18 00:00:00,2025-01-18 00:00:00,2025-01-18T06:50:00,2025-01-18T06:50:00,0.8442,606.6806532940932,72.46299781784813,4.630763405311068,1,profile_incumbent,72.15332956102313,0.0,581.2903365946888,0.0,0.0,0.0,0.0,7677.382350504186,7031.50419873231,0.0,0.0,529.586892070934,7747.245960666126,7158.81608058731,0.0,3.9092904667636037,0.0,3.9092904667636037
2025-01-18,42,3863.76,2025-01-18T07:00:00,2025-01-18T06:50:00,07:00:00,19,AQ,136.575,07:00:00,19,AQ,0.8337,07:00:00,19,AQ,0.8334,643.96,22.7625,3727.1850000000004,621.1975,2025-01-18T07:00:00,2025-01-18 00:00:00,2025-01-18 00:00:00,2025-01-18T07:00:00,2025-01-18T07:00:00,0.8334,620.2823915441921,93.36709418685393,19.362236300234148,1,profile_incumbent,72.15332956102313,0.0,601.8352636997658,0.0,0.0,0.0,0.0,7031.50419873231,6362.798350177015,0.0,0.0,507.55306105710406,7158.81608058731,6594.868234968306,0.0,16.13648773261514,0.0,16.13648773261514
2025-01-18,43,4095.5313,2025-01-18T07:10:00,2025-01-18T07:00:00,07:10:00,19,AR,369.9788,07:10:00,19,AR,0.8455,07:10:00,19,AR,0.8092,682.58855,61.66313333333333,3725.5525000000002,620.9254166666667,2025-01-18T07:10:00,2025-01-18 00:00:00,2025-01-18 00:00:00,2025-01-18T07:10:00,2025-01-18T07:10:00,0.8092,640.8059791141907,116.67402260867645,89.22033974214459,1,profile_incumbent,64.09991360218933,0.0,531.7050769245221,0.0,0.0,0.0,0.0,6362.798350177015,5772.01493137199,0.0,0.0,434.91161676336964,6594.868234968306,6111.633105231229,0.0,72.1970989193434,0.0,72.1970989193434
2025-01-18,44,4005.3522,2025-01-18T07:20:00,2025-01-18T07:10:00,07:20:00,19,AS,664.8218,07:20:00,19,AS,0.8494,07:20:00,19,AS,0.7972,667.5586999999999,110.80363333333334,3340.5303999999996,556.7550666666666,2025-01-18T07:20:00,2025-01-18 00:00:00,2025-01-18 00:00:00,2025-01-18T07:20:00,2025-01-18T07:20:00,0.7972,646.920232686147,142.3789424879812,123.22029897442721,1,profile_incumbent,64.09991360218933,0.0,433.53476769223937,0.0,0.0,0.0,0.0,5772.01493137199,5290.309633936169,0.0,0.0,381.3209912237386,6111.633105231229,5687.9431149826305,0.0,98.23122234241337,0.0,98.23122234241337
2025-01-18,45,3743.88,2025-01-18T07:30:00,2025-01-18T07:20:00,07:30:00,19,AT,983.175,07:30:00,19,AT,0.8175,07:30:00,19,AT,0.7644,623.98,163.86249999999998,2760.705,460.11750000000006,2025-01-18T07:30:00,2025-01-18 00:00:00,2025-01-18 00:00:00,2025-01-18T07:30:00,2025-01-18T07:30:00,0.7644,644.1152334717337,170.44767739351008,169.92265962344672,1,profile_incumbent,64.09991360218933,0.0,290.1948403765533,0.0,0.0,0.0,0.0,5290.309633936169,4967.870922406665,0.0,0.0,303.74489645477695,5687.9431149826305,5350.448785588434,0.0,129.88888101616266,0.0,129.88888101616266
2025-01-18,46,3715.1688,2025-01-18T07:40:00,2025-01-18T07:30:00,07:40:00,19,AU,1314.8837,07:40:00,19,AU,0.743,07:40:00,19,AU,0.6899,619.1948,219.14728333333335,2400.2851,400.04751666666664,2025-01-18T07:40:00,2025-01-18 00:00:00,2025-01-18 00:00:00,2025-01-18T07:40:00,2025-01-18T07:40:00,0.6899,660.4951203537016,200.8157978973473,272.80272491682695,1,profile_incumbent,64.09991360218933,0.0,127.24479174983969,0.0,0.0,0.0,0.0,4967.870922406665,4826.487820462399,0.0,0.0,186.87659753952738,5350.448785588434,5142.808121655626,0.0,188.2065999201189,0.0,188.2065999201189
2025-01-18,47,3782.42,2025-01-18T07:50:00,2025-01-18T07:40:00,07:50:00,19,AV,1600.6881,07:50:00,19,AV,0.8671,07:50:00,19,AV,0.86,630.4033333333333,266.78135000000003,2181.7318999999998,363.6219833333333,2025-01-18T07:50:00,2025-01-18 00:00:00,2025-01-18 00:00:00,2025-01-18T07:50:00,2025-01-18T07:50:00,0.86,664.3347188750886,233.3881200242122,1.3343650809325946,1,profile_incumbent,64.09991360218933,0.0,362.2876182524007,0.0,0.0,0.0,0.0,4826.487820462399,4423.946022404176,0.0,0.0,429.61223376994377,5142.808121655626,4665.461195244577,0.0,1.1475539696020314,0.0,1.1475539696020314
2025-01-18,48,3786.4,2025-01-18T08:00:00,2025-01-18T07:50:00,08:00:00,19,AW,1867.125,08:00:00,19,AW,1.0946,08:00:00,19,AW,1.1617,631.0666666666667,311.1875,1919.275,319.8791666666667,2025-01-18T08:00:00,2025-01-18 00:00:00,2025-01-18 00:00:00,2025-01-18T08:00:00,2025-01-18T08:00:00,1.1617,651.1457261508019,268.03863712135427,0.0,1,profile_incumbent,64.09991360218933,0.0,319.8791666666667,0.0,0.0,0.0,0.0,4423.946022404176,4068.5247261078794,0.0,0.0,383.10708902944765,4665.461195244577,4239.786651878524,0.0,0.0,0.0,0.0
2025-01-18,49,3731.1341,2025-01-18T08:10:00,2025-01-18T08:00:00,08:10:00,19,AX,2196.4433,08:10:00,19,AX,1.0715,08:10:00,19,AX,1.1683,621.8556833333333,366.0738833333333,1534.6908000000003,255.78180000000003,2025-01-18T08:10:00,2025-01-18 00:00:00,2025-01-18 00:00:00,2025-01-18T08:10:00,2025-01-18T08:10:00,1.1683,649.7418163162346,304.6108963025916,0.0,1,profile_incumbent,1.9202405284361816,0.0,255.78180000000003,0.0,0.0,0.0,0.0,4068.5247261078794,3784.322726107879,0.0,0.0,345.130920013643,4239.786651878524,3856.307851863365,0.0,0.0,0.0,0.0
2025-01-18,50,3792.8185,2025-01-18T08:20:00,2025-01-18T08:10:00,08:20:00,19,AY,2505.0876,08:20:00,19,AY,0.9915,08:20:00,19,AY,1.0956,632.1364166666666,417.5146,1287.7309,214.62181666666663,2025-01-18T08:20:00,2025-01-18 00:00:00,2025-01-18 00:00:00,2025-01-18T08:20:00,2025-01-18T08:20:00,1.0956,652.0294623633099,342.9188237016749,0.0,1,profile_incumbent,1.9202405284361816,0.0,214.62181666666663,0.0,0.0,0.0,0.0,3784.322726107879,3545.854040922694,0.0,0.0,309.110638661635,3856.307851863365,3512.8515866837706,0.0,0.0,0.0,0.0
2025-01-18,51,3902.46,2025-01-18T08:30:00,2025-01-18T08:20:00,08:30:00,19,AZ,2790.9375,08:30:00,19,AZ,0.9787,08:30:00,19,AZ,1.0849,650.41,465.15625,1111.5225,185.25374999999997,2025-01-18T08:30:00,2025-01-18 00:00:00,2025-01-18 00:00:00,2025-01-18T08:30:00,2025-01-18T08:30:00,1.0849,647.8011487993792,382.747995703521,0.0,1,profile_incumbent,1.9202405284361816,0.0,185.25374999999997,0.0,0.0,0.0,0.0,3545.854040922694,3340.016540922694,0.0,0.0,265.05315309585825,3512.8515866837706,3218.348083243928,0.0,0.0,0.0,0.0
2025-01-18,52,3856.3275,2025-01-18T08:40:00,2025-01-18T08:30:00,08:40:00,19,BA,3117.9927,08:40:00,19,BA,0.9691,08:40:00,19,BA,1.061,642.7212499999999,519.66545,738.3348000000001,123.05579999999998,2025-01-18T08:40:00,2025-01-18 00:00:00,2025-01-18 00:00:00,2025-01-18T08:40:00,2025-01-18T08:40:00,1.061,641.6126621037554,423.8573462230748,0.0,1,profile_incumbent,1.9202405284361816,0.0,123.05579999999998,0.0,0.0,0.0,0.0,3340.016540922694,3203.287874256027,0.0,0.0,217.7553158806806,3218.348083243928,2976.397732265394,0.0,0.0,0.0,0.0
2025-01-18,53,4035.7036,2025-01-18T08:50:00,2025-01-18T08:40:00,08:50:00,19,BB,3329.484,08:50:00,19,BB,0.9869,08:50:00,19,BB,1.043,672.6172666666666,554.914,706.2195999999999,117.70326666666665,2025-01-18T08:50:00,2025-01-18 00:00:00,2025-01-18 00:00:00,2025-01-18T08:50:00,2025-01-18T08:50:00,1.043,664.9702718823206,465.981293087876,0.0,1,profile_incumbent,1.9202405284361816,0.0,117.70326666666665,0.0,0.0,0.0,0.0,3203.287874256027,3072.5064668486198,0.0,0.0,198.98897879444462,2976.397732265394,2755.2988669382335,0.0,0.0,0.0,0.0
2025-01-18,54,4429.41,2025-01-18T09:00:00,2025-01-18T08:50:00,09:00:00,19,BC,3453.7875,09:00:00,19,BC,1.0048,09:00:00,19,BC,1.036,738.235,575.63125,975.6225,162.60375,2025-01-18T09:00:00,2025-01-18 00:00:00,2025-01-18 00:00:00,2025-01-18T09:00:00,2025-01-18T09:00:00,1.036,715.5848253384173,508.83225976836474,0.0,1,profile_incumbent,1.9202405284361816,0.0,162.60375,0.0,0.0,0.0,0.0,3072.5064668486198,2891.8356335152866,0.0,0.0,206.75256557005258,2755.2988669382335,2525.5737940826193,0.0,0.0,0.0,0.0
2025-01-18,55,4588.0665,2025-01-18T09:10:00,2025-01-18T09:00:00,09:10:00,19,BD,3702.2834,09:10:00,19,BD,0.9573,09:10:00,19,BD,1.0147,764.67775,617.0472333333333,885.7831000000001,147.6305166666666,2025-01-18T09:10:00,2025-01-18 00:00:00,2025-01-18 00:00:00,2025-01-18T09:10:00,2025-01-18T09:10:00,1.0147,753.9775681279319,552.1035622031267,0.0,1,profile_incumbent,29.38687877192794,0.0,147.6305166666666,0.0,0.0,0.0,0.0,2891.8356335152866,2727.8017261078794,0.0,0.0,201.87400592480526,2525.5737940826193,2301.269343055058,0.0,0.0,0.0,0.0
2025-01-18,56,4484.011,2025-01-18T09:20:00,2025-01-18T09:10:00,09:20:00,19,BE,4049.2149,09:20:00,19,BE,0.9282,09:20:00,19,BE,0.9922,747.3351666666667,674.86915,434.7961000000005,72.46601666666675,2025-01-18T09:20:00,2025-01-18 00:00:00,2025-01-18 00:00:00,2025-01-18T09:20:00,2025-01-18T09:20:00,0.9922,755.6090867874069,595.472624393727,0.0,1,profile_incumbent,29.38687877192794,0.0,72.46601666666675,0.0,0.0,0.0,0.0,2727.8017261078794,2647.283929811583,0.0,0.0,160.13646239367995,2301.269343055058,2123.3399403954136,0.0,0.0,0.0,0.0
2025-01-18,57,4361.52,2025-01-18T09:30:00,2025-01-18T09:20:00,09:30:00,19,BF,4353.3,09:30:00,19,BF,0.932,09:30:00,19,BF,0.97,726.9200000000001,725.5500000000001,8.220000000000255,1.3700000000000045,2025-01-18T09:30:00,2025-01-18 00:00:00,2025-01-18 00:00:00,2025-01-18T09:30:00,2025-01-18T09:30:00,0.97,743.3063345618827,638.6044808978427,0.0,1,profile_incumbent,29.38687877192794,0.0,1.3700000000000045,0.0,0.0,0.0,0.0,2647.283929811583,2645.761707589361,0.0,0.0,104.70185366404007,2123.3399403954136,2007.004547435369,0.0,0.0,0.0,0.0
2025-01-18,58,4463.3637,2025-01-18T09:40:00,2025-01-18T09:30:00,09:40:00,19,BG,4476.2507,09:40:00,19,BG,0.9197,09:40:00,19,BG,0.9422,743.89395,746.0417833333332,-12.886999999999716,-2.1478333333332102,2025-01-18T09:40:00,2025-01-18 00:00:00,2025-01-18 00:00:00,2025-01-18T09:40:00,2025-01-18T09:40:00,0.9422,760.796712587498,681.1555194242294,0.0,1,profile_incumbent,29.38687877192794,2.1478333333332102,0.0,0.0,0.0,0.0,0.0,2645.761707589361,2647.694757589361,0.0,0.0,79.64119316326855,2007.004547435369,1918.514332809515,0.0,0.0,0.0,0.0
2025-01-18,59,4407.3683,2025-01-18T09:50:00,2025-01-18T09:40:00,09:50:00,19,BH,4505.9655,09:50:00,19,BH,1.0058,09:50:00,19,BH,0.9569,734.5613833333333,750.9942500000001,-98.59720000000016,-16.43286666666677,2025-01-18T09:50:00,2025-01-18 00:00:00,2025-01-18 00:00:00,2025-01-18T09:50:00,2025-01-18T09:50:00,0.9569,764.8097786612374,722.7774125128491,0.0,1,profile_incumbent,29.38687877192794,16.43286666666677,0.0,0.0,0.0,0.0,0.0,2647.694757589361,2662.484337589361,0.0,0.0,42.03236614838829,1918.514332809515,1871.8117037557504,0.0,0.0,0.0,0.0
2025-01-18,60,4183.4,2025-01-18T10:00:00,2025-01-18T09:50:00,10:00:00,19,BI,4584.45,10:00:00,19,BI,1.1357,10:00:00,19,BI,0.9977,697.2333333333332,764.0749999999999,-401.0500000000002,-66.8416666666667,2025-01-18T10:00:00,2025-01-18 00:00:00,2025-01-18 00:00:00,2025-01-18T10:00:00,2025-01-18T10:00:00,0.9977,738.7331955276023,763.1211838410906,0.0,1,profile_incumbent,29.38687877192794,66.8416666666667,0.0,0.0,0.0,0.0,0.0,2662.484337589361,2722.641837589361,0.0,24.387988313488222,0.0,1871.8117037557504,1893.7608932378898,0.0,0.0,0.0,0.0
2025-01-18,61,4192.9036,2025-01-18T10:10:00,2025-01-18T10:00:00,10:10:00,19,BJ,4790.2836,10:10:00,19,BJ,1.117,10:10:00,19,BJ,0.9919,698.8172666666666,798.3806,-597.3800000000001,-99.56333333333339,2025-01-18T10:10:00,2025-01-18 00:00:00,2025-01-18 00:00:00,2025-01-18T10:10:00,2025-01-18T10:10:00,0.9919,712.7884553177181,801.8413520927597,0.0,1,profile_incumbent,52.420807557324764,99.56333333333339,0.0,0.0,0.0,0.0,0.0,2722.641837589361,2812.248837589361,0.0,89.05289677504163,0.0,1893.7608932378898,1973.9085003354273,0.0,0.0,0.0,0.0
2025-01-18,62,4362.1313,2025-01-18T10:20:00,2025-01-18T10:10:00,10:20:00,19,BK,4969.188,10:20:00,19,BK,1.0521,10:20:00,19,BK,0.9588,727.0218833333333,828.198,-607.0567000000001,-101.17611666666664,2025-01-18T10:20:00,2025-01-18 00:00:00,2025-01-18 00:00:00,2025-01-18T10:20:00,2025-01-18T10:20:00,0.9588,707.7717191809459,838.600093606959,0.0,1,profile_incumbent,52.420807557324764,101.17611666666664,0.0,0.0,0.0,0.0,0.0,2812.248837589361,2903.307342589361,0.0,130.82837442601317,0.0,1973.9085003354273,2091.654037318839,0.0,0.0,0.0,0.0
2025-01-18,63,4462.07,2025-01-18T10:30:00,2025-01-18T10:20:00,10:30:00,19,BL,5107.425,10:30:00,19,BL,1.0664,10:30:00,19,BL,0.9549,743.6783333333333,851.2375000000001,-645.3550000000005,-107.55916666666678,2025-01-18T10:30:00,2025-01-18 00:00:00,2025-01-18 00:00:00,2025-01-18T10:30:00,2025-01-18T10:30:00,0.9549,713.5461586181833,873.0713642214203,0.0,1,profile_incumbent,52.420807557324764,107.55916666666678,0.0,0.0,0.0,0.0,0.0,2903.307342589361,3000.1105925893607,0.0,159.52520560323694,0.0,2091.654037318839,2235.2267223617523,0.0,0.0,0.0,0.0
2025-01-18,64,4317.9965,2025-01-18T10:40:00,2025-01-18T10:30:00,10:40:00,19,BM,5301.4509,10:40:00,19,BM,1.1397,10:40:00,19,BM,0.9839,719.6660833333334,883.57515,-983.4543999999996,-163.9090666666666,2025-01-18T10:40:00,2025-01-18 00:00:00,2025-01-18 00:00:00,2025-01-18T10:40:00,2025-01-18T10:40:00,0.9839,705.3596346107607,904.9449208563506,0.0,1,profile_incumbent,52.420807557324764,163.9090666666666,0.0,0.0,0.0,0.0,0.0,3000.1105925893607,3147.628752589361,0.0,199.58528624558983,0.0,2235.2267223617523,2414.853479982783,0.0,0.0,0.0,0.0
2025-01-18,65,4095.8238,2025-01-18T10:50:00,2025-01-18T10:40:00,10:50:00,19,BN,5311.3566,10:50:00,19,BN,0.9046,10:50:00,19,BN,0.799,682.6373,885.2261,-1215.5328,-202.5888,2025-01-18T10:50:00,2025-01-18 00:00:00,2025-01-18 00:00:00,2025-01-18T10:50:00,2025-01-18T10:50:00,0.799,710.5364014888256,933.9301844523442,0.0,1,profile_incumbent,52.420807557324764,202.5888,0.0,0.0,0.0,0.0,0.0,3147.628752589361,3329.958672589361,0.0,223.39378296351856,0.0,2414.853479982783,2615.9078846499497,0.0,0.0,0.0,0.0
2025-01-18,66,4067.61,2025-01-18T11:00:00,2025-01-18T10:50:00,11:00:00,19,BO,5214.6375,11:00:00,19,BO,0.4894,11:00:00,19,BO,0.5025,677.9350000000001,869.1062499999999,-1147.0274999999997,-191.17124999999987,2025-01-18T11:00:00,2025-01-18 00:00:00,2025-01-18 00:00:00,2025-01-18T11:00:00,2025-01-18T11:00:00,0.5025,732.8634853122041,959.7598878657636,21.499858188364318,1,profile_incumbent,52.420807557324764,212.6711081883642,0.0,0.0,0.0,0.0,0.0,3329.958672589361,3521.3626699588885,0.0,248.3962607419238,0.0,2615.9078846499497,2839.464519317681,0.0,10.80367873965307,0.0,10.80367873965307
2025-01-18,67,4342.0199,2025-01-18T11:10:00,2025-01-18T11:00:00,11:10:00,19,BP,5365.5471,11:10:00,19,BP,0.4209,11:10:00,19,BP,0.4662,723.6699833333333,894.25785,-1023.5271999999995,-170.58786666666663,2025-01-18T11:10:00,2025-01-18 00:00:00,2025-01-18 00:00:00,2025-01-18T11:10:00,2025-01-18T11:10:00,0.4662,741.3766004943959,982.1934552084526,302.8394643548298,1,profile_incumbent,33.48238765083852,473.42733102149634,0.0,0.0,0.0,0.0,0.0,3521.3626699588885,3947.4472678782354,0.0,543.6563190688864,0.0,2839.464519317681,3328.755206479679,0.0,141.18375828222165,0.0,141.18375828222165
2025-01-18,68,4328.1193,2025-01-18T11:20:00,2025-01-18T11:10:00,11:20:00,19,BQ,5613.7894,11:20:00,19,BQ,0.4987,11:20:00,19,BQ,0.5007,721.3532166666668,935.6315666666666,-1285.6700999999994,-214.27834999999982,2025-01-18T11:20:00,2025-01-18 00:00:00,2025-01-18 00:00:00,2025-01-18T11:20:00,2025-01-18T11:20:00,0.5007,715.8201628317859,1001.020062852216,1.6240259658700393,1,profile_incumbent,33.48238765083852,215.90237596586985,0.0,0.0,0.0,0.0,0.0,3947.4472678782354,4141.759406247518,0.0,286.8239259863002,0.0,3328.755206479679,3586.8967398673494,0.0,0.8131498011111288,0.0,0.8131498011111288
2025-01-18,69,4091.85,2025-01-18T11:30:00,2025-01-18T11:20:00,11:30:00,19,BR,5749.8375,11:30:00,19,BR,0.5122,11:30:00,19,BR,0.4827,681.975,958.30625,-1657.9874999999997,-276.33124999999995,2025-01-18T11:30:00,2025-01-18 00:00:00,2025-01-18 00:00:00,2025-01-18T11:30:00,2025-01-18T11:30:00,0.4827,690.3454147154393,1016.0613368445535,488.34146534603644,1,profile_incumbent,33.48238765083852,764.6727153460364,0.0,0.0,0.0,0.0,0.0,4141.759406247518,4829.964850058951,0.0,814.0573874751506,0.0,3586.8967398673494,4319.548388594985,0.0,235.7224253225318,0.0,235.7224253225318
2025-01-18,70,4266.3949,2025-01-18T11:40:00,2025-01-18T11:30:00,11:40:00,19,BS,5702.0096,11:40:00,19,BS,0.4586,11:40:00,19,BS,0.4785,711.0658166666667,950.3349333333334,-1435.6147,-239.26911666666672,2025-01-18T11:40:00,2025-01-18 00:00:00,2025-01-18 00:00:00,2025-01-18T11:40:00,2025-01-18T11:40:00,0.4785,717.9938284391643,1027.1736467300552,530.4050182168772,1,profile_incumbent,33.48238765083852,769.674134883544,0.0,0.0,0.0,0.0,0.0,4829.964850058951,5522.671571454141,0.0,833.3333333333334,0.0,4319.548388594985,5069.548388594985,6.251503174434674,253.79880121677576,0.0,253.79880121677576
2025-01-18,71,4444.3716,2025-01-18T11:50:00,2025-01-18T11:40:00,11:50:00,19,BT,5657.2241,11:50:00,19,BT,0.4502,11:50:00,19,BT,0.4662,740.7286,942.8706833333334,-1212.8525,-202.1420833333334,2025-01-18T11:50:00,2025-01-18 00:00:00,2025-01-18 00:00:00,2025-01-18T11:50:00,2025-01-18T11:50:00,0.4662,725.9487255855239,1034.249961658939,606.0334753996327,1,profile_incumbent,33.48238765083852,808.1755587329661,0.0,0.0,0.0,0.0,0.0,5522.671571454141,6250.02957431381,0.0,833.3333333333334,0.0,5069.548388594985,5819.548388594985,81.00137813971423,282.53280623130877,0.0,282.53280623130877
2025-01-18,72,4369.51,2025-01-18T12:00:00,2025-01-18T11:50:00,12:00:00,19,BU,5697.675,12:00:00,19,BU,0.4974,12:00:00,19,BU,0.4432,728.2516666666667,949.6125000000001,-1328.165,-221.3608333333334,2025-01-18T12:00:00,2025-01-18 00:00:00,2025-01-18 00:00:00,2025-01-18T12:00:00,2025-01-18T12:00:00,0.4432,697.607456056328,1037.221241097264,554.5466288688965,1,profile_incumbent,33.48238765083852,775.9074622022298,0.0,0.0,0.0,0.0,0.0,6250.02957431381,6948.346290295817,0.0,833.3333333333334,0.0,5819.548388594985,6569.548388594985,60.82708057649916,245.77506591469492,0.0,245.77506591469492
2025-01-18,73,4207.009,2025-01-18T12:10:00,2025-01-18T12:00:00,12:10:00,19,BV,5762.5996,12:10:00,19,BV,0.5054,12:10:00,19,BV,0.4411,701.1681666666667,960.4332666666666,-1555.5905999999995,-259.26509999999985,2025-01-18T12:10:00,2025-01-18 00:00:00,2025-01-18 00:00:00,2025-01-18T12:10:00,2025-01-18T12:10:00,0.4411,688.9829742011965,1036.0573393300574,595.0408253793868,1,profile_incumbent,46.82572187360725,833.3333333333334,0.0,0.0,20.97259204605325,20.97259204605325,0.0,6948.346290295817,7698.346290295817,0.0,833.3333333333334,0.0,6569.548388594985,7319.548388594985,108.7818571749142,262.4725080748475,0.0,262.4725080748475
2025-01-18,74,4119.4191,2025-01-18T12:20:00,2025-01-18T12:10:00,12:20:00,19,BW,5888.657,12:20:00,19,BW,0.4733,12:20:00,19,BW,0.4551,686.56985,981.4428333333334,-1769.2379,-294.8729833333334,2025-01-18T12:20:00,2025-01-18 00:00:00,2025-01-18 00:00:00,2025-01-18T12:20:00,2025-01-18T12:20:00,0.4551,694.0990290340452,1030.767410159292,572.0240276796591,1,profile_incumbent,46.82572187360725,833.3333333333334,0.0,0.0,33.56367767965912,33.56367767965912,0.0,7698.346290295817,8448.346290295816,0.0,833.3333333333334,0.0,7319.548388594985,8069.548388594985,75.3590754715724,260.32813499701285,0.0,260.32813499701285
2025-01-18,75,4106.21,2025-01-18T12:30:00,2025-01-18T12:20:00,12:30:00,19,BX,6022.425,12:30:00,19,BX,0.4165,12:30:00,19,BX,0.4463,684.3683333333333,1003.7375000000001,-1916.2150000000001,-319.36916666666673,2025-01-18T12:30:00,2025-01-18 00:00:00,2025-01-18 00:00:00,2025-01-18T12:30:00,2025-01-18T12:30:00,0.4463,702.3152258962591,1021.3998056281777,675.3664216887181,1,profile_incumbent,46.82572187360725,833.3333333333334,0.0,0.0,161.40225502205146,161.40225502205146,0.0,8448.346290295816,9198.346290295816,0.0,833.3333333333334,0.0,8069.548388594985,8819.548388594985,161.1176680873033,301.4160339996749,0.0,301.4160339996749
2025-01-18,76,4063.7852,2025-01-18T12:40:00,2025-01-18T12:30:00,12:40:00,19,BY,6037.0331,12:40:00,19,BY,0.3753,12:40:00,19,BY,0.4113,677.2975333333333,1006.1721833333332,-1973.2478999999998,-328.87465,2025-01-18T12:40:00,2025-01-18 00:00:00,2025-01-18 00:00:00,2025-01-18T12:40:00,2025-01-18T12:40:00,0.4113,709.6455687448802,1008.041470132683,758.8030463980123,1,profile_incumbent,46.82572187360725,833.3333333333334,0.0,0.0,254.344363064679,254.344363064679,0.0,9198.346290295816,9948.346290295816,0.0,833.3333333333334,0.0,8819.548388594985,9569.548388594985,223.86561445248174,312.09569298350243,0.0,312.09569298350243
2025-01-18,77,4098.9616,2025-01-18T12:50:00,2025-01-18T12:40:00,12:50:00,19,BZ,5978.7676,12:50:00,19,BZ,0.512,12:50:00,19,BZ,0.5682,683.1602666666666,996.4612666666667,-1879.8060000000005,-313.30100000000004,2025-01-18T12:50:00,2025-01-18 00:00:00,2025-01-18 00:00:00,2025-01-18T12:50:00,2025-01-18T12:50:00,0.5682,693.1894840247807,990.8168387901326,48.407586606836055,1,profile_incumbent,46.82572187360725,361.7085866068361,0.0,0.0,0.0,0.0,0.0,9948.346290295816,10273.884018241968,0.0,346.034941372188,0.0,9569.548388594985,9880.979835829954,0.0,27.50519071000425,0.0,27.50519071000425
2025-01-18,78,4179.1,2025-01-18T13:00:00,2025-01-18T12:50:00,13:00:00,19,CA,5979.1875,13:00:00,19,CA,0.7339,13:00:00,19,CA,0.8279,696.5166666666668,996.53125,-1800.0874999999996,-300.01458333333323,2025-01-18T13:00:00,2025-01-18 00:00:00,2025-01-18 00:00:00,2025-01-18T13:00:00,2025-01-18T13:00:00,0.8279,663.390157028324,969.8862563028922,0.0,1,profile_incumbent,46.82572187360725,300.01458333333323,0.0,0.0,0.0,0.0,0.0,10273.884018241968,10543.897143241968,0.0,306.4960992745682,0.0,9880.979835829954,10156.826325177066,0.0,0.0,0.0,0.0
2025-01-18,79,4128.1126,2025-01-18T13:10:00,2025-01-18T13:00:00,13:10:00,19,CB,6090.7508,13:10:00,19,CB,0.7669,13:10:00,19,CB,0.8636,688.0187666666667,1015.1251333333333,-1962.6381999999994,-327.10636666666664,2025-01-18T13:10:00,2025-01-18 00:00:00,2025-01-18 00:00:00,2025-01-18T13:10:00,2025-01-18T13:10:00,0.8636,656.0439235371131,945.4439396647543,0.0,1,profile_incumbent,2.734569090643788,284.55872973114714,0.0,0.0,42.547636935519506,0.0,42.547636935519506,10543.897143241968,10800.0,0.0,289.40001612764127,0.0,10156.826325177066,10417.286339691944,0.0,0.0,0.0,0.0
2025-01-18,80,3974.4431,2025-01-18T13:20:00,2025-01-18T13:10:00,13:20:00,19,CC,5910.845,13:20:00,19,CC,0.7454,13:20:00,19,CC,0.8416,662.4071833333334,985.1408333333334,-1936.4019000000003,-322.73365,2025-01-18T13:20:00,2025-01-18 00:00:00,2025-01-18 00:00:00,2025-01-18T13:20:00,2025-01-18T13:20:00,0.8416,656.5280264944195,917.7155147950565,0.0,1,profile_incumbent,2.734569090643788,0.0,0.0,0.0,322.73365,0.0,322.73365,10800.0,10800.0,0.0,261.187488300637,0.0,10417.286339691944,10652.355079162517,0.0,0.0,0.0,0.0
2025-01-18,81,3871.56,2025-01-18T13:30:00,2025-01-18T13:20:00,13:30:00,19,CD,5472.15,13:30:00,19,CD,0.7689,13:30:00,19,CD,0.8618,645.26,912.025,-1600.5899999999997,-266.765,2025-01-18T13:30:00,2025-01-18 00:00:00,2025-01-18 00:00:00,2025-01-18T13:30:00,2025-01-18T13:30:00,0.8618,659.4190383814808,886.9551634434081,0.0,1,profile_incumbent,2.734569090643788,0.0,0.0,0.0,266.765,0.0,266.765,10800.0,10800.0,0.0,164.04991204164818,0.0,10652.355079162517,10800.0,63.48621302027905,0.0,0.0,0.0
2025-01-18,82,3968.2726,2025-01-18T13:40:00,2025-01-18T13:30:00,13:40:00,19,CE,5227.8118,13:40:00,19,CE,0.8135,13:40:00,19,CE,0.8623,661.3787666666666,871.3019666666668,-1259.5392000000006,-209.92320000000018,2025-01-18T13:40:00,2025-01-18 00:00:00,2025-01-18 00:00:00,2025-01-18T13:40:00,2025-01-18T13:40:00,0.8623,673.985796220812,853.44242238668,0.0,1,profile_incumbent,2.734569090643788,0.0,0.0,0.0,209.92320000000018,0.0,209.92320000000018,10800.0,10800.0,0.0,0.0,0.0,10800.0,10800.0,179.4566261658681,0.0,0.0,0.0
2025-01-18,83,4110.0625,2025-01-18T13:50:00,2025-01-18T13:40:00,13:50:00,19,CF,5116.4718,13:50:00,19,CF,0.9167,13:50:00,19,CF,0.9026,685.0104166666666,852.7453,-1006.4093000000003,-167.7348833333334,2025-01-18T13:50:00,2025-01-18 00:00:00,2025-01-18 00:00:00,2025-01-18T13:50:00,2025-01-18T13:50:00,0.9026,680.1931973289658,817.4786819497659,0.0,1,profile_incumbent,2.734569090643788,0.0,0.0,0.0,167.7348833333334,0.0,167.7348833333334,10800.0,10800.0,0.0,0.0,0.0,10800.0,10800.0,137.28548462080016,0.0,0.0,0.0
2025-01-18,84,4119.36,2025-01-18T14:00:00,2025-01-18T13:50:00,14:00:00,19,CG,4979.925,14:00:00,19,CG,1.0398,14:00:00,19,CG,0.9754,686.56,829.9875000000001,-860.5650000000005,-143.42750000000012,2025-01-18T14:00:00,2025-01-18 00:00:00,2025-01-18 00:00:00,2025-01-18T14:00:00,2025-01-18T14:00:00,0.9754,669.1436052481682,779.3834351436827,0.0,1,profile_incumbent,2.734569090643788,0.0,0.0,0.0,143.42750000000012,0.0,143.42750000000012,10800.0,10800.0,0.0,0.0,0.0,10800.0,10800.0,110.2398298955145,0.0,0.0,0.0
2025-01-18,85,3935.7888,2025-01-18T14:10:00,2025-01-18T14:00:00,14:10:00,19,CH,4751.4747,14:10:00,19,CH,1.0838,14:10:00,19,CH,1.0002,655.9648,791.9124499999999,-815.6859,-135.94764999999995,2025-01-18T14:10:00,2025-01-18 00:00:00,2025-01-18 00:00:00,2025-01-18T14:10:00,2025-01-18T14:10:00,1.0002,649.6995031672496,739.4903321624274,0.0,1,profile_incumbent,-18.607485044008456,0.0,0.0,0.0,135.94764999999995,0.0,135.94764999999995,10800.0,10800.0,0.0,0.0,0.0,10800.0,10800.0,89.79082899517778,0.0,0.0,0.0
2025-01-18,86,3749.2117,2025-01-18T14:20:00,2025-01-18T14:10:00,14:20:00,19,CI,4570.1224,14:20:00,19,CI,1.083,14:20:00,19,CI,0.9978,624.8686166666666,761.6870666666667,-820.9107000000004,-136.8184500000001,2025-01-18T14:20:00,2025-01-18 00:00:00,2025-01-18 00:00:00,2025-01-18T14:20:00,2025-01-18T14:20:00,0.9978,627.3093955333197,698.1430975606359,0.0,1,profile_incumbent,-18.607485044008456,0.0,0.0,0.0,136.8184500000001,0.0,136.8184500000001,10800.0,10800.0,0.0,0.0,0.0,10800.0,10800.0,70.83370202731612,0.0,0.0,0.0
2025-01-18,87,3714.63,2025-01-18T14:30:00,2025-01-18T14:20:00,14:30:00,19,CJ,4419.7875,14:30:00,19,CJ,1.1217,14:30:00,19,CJ,1.0271,619.105,736.63125,-705.1575000000003,-117.52625,2025-01-18T14:30:00,2025-01-18 00:00:00,2025-01-18 00:00:00,2025-01-18T14:30:00,2025-01-18T14:30:00,1.0271,614.9185743998864,655.69136910877,0.0,1,profile_incumbent,-18.607485044008456,0.0,0.0,0.0,117.52625,0.0,117.52625,10800.0,10800.0,0.0,0.0,0.0,10800.0,10800.0,40.772794708883566,0.0,0.0,0.0
2025-01-18,88,3823.0164,2025-01-18T14:40:00,2025-01-18T14:30:00,14:40:00,19,CK,4150.5572,14:40:00,19,CK,1.2027,14:40:00,19,CK,1.0906,637.1694,691.7595333333334,-327.5408000000002,-54.59013333333337,2025-01-18T14:40:00,2025-01-18 00:00:00,2025-01-18 00:00:00,2025-01-18T14:40:00,2025-01-18T14:40:00,1.0906,625.4966684336963,612.4865180676077,0.0,1,profile_incumbent,-18.607485044008456,0.0,0.0,0.0,54.59013333333337,0.0,54.59013333333337,10800.0,10800.0,0.0,0.0,13.010150366088624,10800.0,10785.544277371013,0.0,0.0,0.0,0.0
2025-01-18,89,3811.7147,2025-01-18T14:50:00,2025-01-18T14:40:00,14:50:00,19,CL,3893.2267,14:50:00,19,CL,0.9637,14:50:00,19,CL,0.9376,635.2857833333334,648.8711166666667,-81.51200000000017,-13.585333333333324,2025-01-18T14:50:00,2025-01-18 00:00:00,2025-01-18 00:00:00,2025-01-18T14:50:00,2025-01-18T14:50:00,0.9376,638.4066090116424,568.8775104307093,0.0,1,profile_incumbent,-18.607485044008456,0.0,0.0,0.0,13.585333333333324,0.0,13.585333333333324,10800.0,10800.0,0.0,0.0,69.52909858093312,10785.544277371013,10708.289723392198,0.0,0.0,0.0,0.0
2025-01-18,90,3700.49,2025-01-18T15:00:00,2025-01-18T14:50:00,15:00:00,19,CM,3661.5375,15:00:00,19,CM,0.5685,15:00:00,19,CM,0.6694,616.7483333333333,610.25625,38.95249999999987,6.492083333333312,2025-01-18T15:00:00,2025-01-18 00:00:00,2025-01-18 00:00:00,2025-01-18T15:00:00,2025-01-18T15:00:00,0.6694,636.3404776177692,525.2068675592918,106.91036294115692,1,profile_incumbent,-18.607485044008456,0.0,0.0,0.0,100.41827960782359,100.41827960782359,0.0,10800.0,10800.0,0.0,0.0,4.223247117320511,10708.289723392198,10703.597226595175,0.0,71.56579695281044,0.0,71.56579695281044
2025-01-18,91,3736.9643,2025-01-18T15:10:00,2025-01-18T15:00:00,15:10:00,19,CN,3327.1947,15:10:00,19,CN,0.5752,15:10:00,19,CN,0.66,622.8273833333334,554.53245,409.7696000000001,68.29493333333335,2025-01-18T15:10:00,2025-01-18 00:00:00,2025-01-18 00:00:00,2025-01-18T15:10:00,2025-01-18T15:10:00,0.66,623.3281070034521,481.8067826007847,105.22533289695966,1,profile_incumbent,-25.744853724753597,0.0,0.0,0.0,36.93039956362634,36.93039956362634,0.0,10800.0,10800.0,0.0,0.0,36.295991505707775,10703.597226595175,10663.268347144389,0.0,69.44871971199338,0.0,69.44871971199338
2025-01-18,92,3717.7466,2025-01-18T15:20:00,2025-01-18T15:10:00,15:20:00,19,CO,2950.1522,15:20:00,19,CO,0.6675,15:20:00,19,CO,0.7217,619.6244333333333,491.6920333333333,767.5944,127.93239999999997,2025-01-18T15:20:00,2025-01-18 00:00:00,2025-01-18 00:00:00,2025-01-18T15:20:00,2025-01-18T15:20:00,0.7217,638.4196928247636,438.9954461774041,139.95342803153136,1,profile_incumbent,-25.744853724753597,0.0,0.0,0.0,12.021028031531387,12.021028031531387,0.0,10800.0,10800.0,0.0,0.0,59.47081861582819,10663.268347144389,10597.189659793468,0.0,101.00438901035618,0.0,101.00438901035618
2025-01-18,93,3700.91,2025-01-18T15:30:00,2025-01-18T15:20:00,15:30:00,19,CP,2603.475,15:30:00,19,CP,0.6679,15:30:00,19,CP,0.7308,616.8183333333333,433.91249999999997,1097.435,182.9058333333333,2025-01-18T15:30:00,2025-01-18 00:00:00,2025-01-18 00:00:00,2025-01-18T15:30:00,2025-01-18T15:30:00,0.7308,660.3197569950254,397.07363110562744,241.92658556198742,1,profile_incumbent,-25.744853724753597,0.0,0.0,0.0,59.020752228654146,59.020752228654146,0.0,10800.0,10800.0,0.0,0.0,21.31954032741055,10597.189659793468,10573.501281651901,0.0,176.7999487287004,0.0,176.7999487287004
2025-01-18,94,3947.0661,2025-01-18T15:40:00,2025-01-18T15:30:00,15:40:00,19,CQ,2310.1092,15:40:00,19,CQ,0.7097,15:40:00,19,CQ,0.7534,657.84435,385.0182,1636.9569000000001,272.82615,2025-01-18T15:40:00,2025-01-18 00:00:00,2025-01-18 00:00:00,2025-01-18T15:40:00,2025-01-18T15:40:00,0.7534,629.2117251809665,356.3215814261922,251.2625510039204,1,profile_incumbent,-25.744853724753597,0.0,21.563598996079577,0.0,0.0,0.0,0.0,10800.0,10776.040445559911,0.0,0.0,21.627592750853864,10573.501281651901,10549.47062303984,0.0,189.30120592635362,0.0,189.30120592635362
2025-01-18,95,4035.1397,2025-01-18T15:50:00,2025-01-18T15:40:00,15:50:00,19,CR,2037.0793,15:50:00,19,CR,0.7163,15:50:00,19,CR,0.7823,672.5232833333333,339.51321666666666,1998.0604,333.01006666666666,2025-01-18T15:50:00,2025-01-18 00:00:00,2025-01-18 00:00:00,2025-01-18T15:50:00,2025-01-18T15:50:00,0.7823,603.8309372732415,316.99624586401785,263.83443082585836,1,profile_incumbent,-25.744853724753597,0.0,69.17563584080824,0.0,0.0,0.0,0.0,10776.040445559911,10699.178627959012,0.0,0.0,23.000260583365275,10549.47062303984,10523.914777947213,0.0,206.397675235069,0.0,206.397675235069
2025-01-18,96,3828.61,2025-01-18T16:00:00,2025-01-18T15:50:00,16:00:00,19,CS,1747.3875,16:00:00,19,CS,0.6981,16:00:00,19,CS,0.8055,638.1016666666667,291.23125,2081.2225,346.8704166666667,2025-01-18T16:00:00,2025-01-18 00:00:00,2025-01-18 00:00:00,2025-01-18T16:00:00,2025-01-18T16:00:00,0.8055,599.4347053100062,279.3288900859958,295.50480759114004,1,profile_incumbent,-25.744853724753597,0.0,51.36560907552666,0.0,0.0,0.0,0.0,10699.178627959012,10642.105728986206,0.0,0.0,24.601007632870278,10523.914777947213,10496.580325021801,0.0,238.0291225146633,0.0,238.0291225146633
2025-01-18,97,3627.2869,2025-01-18T16:10:00,2025-01-18T16:00:00,16:10:00,19,CT,1424.8096,16:10:00,19,CT,0.7592,16:10:00,19,CT,0.8271,604.5478166666667,237.46826666666666,2202.4773,367.07955000000004,2025-01-18T16:10:00,2025-01-18 00:00:00,2025-01-18 00:00:00,2025-01-18T16:10:00,2025-01-18T16:10:00,0.8271,576.9123690531441,243.5231158791068,329.96003308696123,1,profile_incumbent,53.33696284237868,0.0,37.11951691303875,0.0,0.0,0.0,0.0,10642.105728986206,10600.861821305052,0.0,0.0,3.4292200870760325,10496.580325021801,10492.770080480606,0.0,272.9099433662256,0.0,272.9099433662256
2025-01-18,98,3628.1392,2025-01-18T16:20:00,2025-01-18T16:10:00,16:20:00,19,CU,1098.0991,16:20:00,19,CU,0.8089,16:20:00,19,CU,0.8519,604.6898666666667,183.01651666666666,2530.0401,421.67335,2025-01-18T16:20:00,2025-01-18 00:00:00,2025-01-18 00:00:00,2025-01-18T16:20:00,2025-01-18T16:20:00,0.8519,573.0316997475533,209.75330873667977,379.9907821948724,1,profile_incumbent,53.33696284237868,0.0,41.68256780512763,0.0,0.0,0.0,0.0,10600.861821305052,10554.547857077132,0.0,16.712391183998875,0.0,10492.770080480606,10507.811232546206,0.0,323.7141473518118,0.0,323.7141473518118
2025-01-18,99,3732.45,2025-01-18T16:30:00,2025-01-18T16:20:00,16:30:00,19,CV,810.225,16:30:00,19,CV,0.8053,16:30:00,19,CV,0.8791,622.0749999999999,135.0375,2922.225,487.0374999999999,2025-01-18T16:30:00,2025-01-18 00:00:00,2025-01-18 00:00:00,2025-01-18T16:30:00,2025-01-18T16:30:00,0.8791,595.5331081588275,178.16352842770056,475.5027197794391,1,profile_incumbent,53.33696284237868,0.0,11.534780220560833,0.0,0.0,0.0,0.0,10554.547857077132,10541.731434609843,0.0,58.13314004831216,0.0,10507.811232546206,10560.131058589686,0.0,418.0144409581049,0.0,418.0144409581049
2025-01-18,100,3632.8595,2025-01-18T16:40:00,2025-01-18T16:30:00,16:40:00,19,CW,582.7895,16:40:00,19,CW,0.7951,16:40:00,19,CW,0.9024,605.4765833333333,97.13158333333332,3050.07,508.345,2025-01-18T16:40:00,2025-01-18 00:00:00,2025-01-18 00:00:00,2025-01-18T16:40:00,2025-01-18T16:40:00,0.9024,601.2383032648654,148.86685004783638,517.5834130722071,1,profile_incumbent,53.33696284237868,9.238413072207095,0.0,0.0,0.0,0.0,0.0,10541.731434609843,10550.046006374829,0.0,65.21195985517807,0.0,10560.131058589686,10618.821822459347,0.0,467.0672719563597,0.0,467.0672719563597
2025-01-18,101,3258.6684,2025-01-18T16:50:00,2025-01-18T16:40:00,16:50:00,19,CX,344.8261,16:50:00,19,CX,0.7809,16:50:00,19,CX,0.9163,543.1114,57.471016666666664,2913.8423000000003,485.6403833333333,2025-01-18T16:50:00,2025-01-18 00:00:00,2025-01-18 00:00:00,2025-01-18T16:50:00,2025-01-18T16:50:00,0.9163,542.4647578996911,121.94515592844046,513.8253647856629,1,profile_incumbent,53.33696284237868,28.184981452329566,0.0,0.0,0.0,0.0,0.0,10550.046006374829,10575.412489681925,0.0,93.30576281441233,0.0,10618.821822459347,10702.797008992318,0.0,470.818181753103,0.0,470.818181753103
2025-01-18,102,2863.18,2025-01-18T17:00:00,2025-01-18T16:50:00,17:00:00,19,CY,120.6,17:00:00,19,CY,0.7664,17:00:00,19,CY,0.9264,477.19666666666666,20.099999999999998,2742.58,457.09666666666664,2025-01-18T17:00:00,2025-01-18 00:00:00,2025-01-18 00:00:00,2025-01-18T17:00:00,2025-01-18T17:00:00,0.9264,460.47051042118005,97.44937172845252,425.44906326068167,1,profile_incumbent,53.33696284237868,0.0,31.647603405984967,0.0,0.0,0.0,0.0,10575.412489681925,10540.248485897497,0.0,62.427924567954165,0.0,10702.797008992318,10758.982141103477,0.0,394.1360122046955,0.0,394.1360122046955
2025-01-18,103,2805.5617,2025-01-18T17:10:00,2025-01-18T17:00:00,17:10:00,19,CZ,16.5774,17:10:00,19,CZ,0.7673,17:10:00,19,CZ,0.9462,467.5936166666667,2.7629,2788.9843,464.8307166666667,2025-01-18T17:10:00,2025-01-18 00:00:00,2025-01-18 00:00:00,2025-01-18T17:10:00,2025-01-18T17:10:00,0.9462,452.0233131603121,75.40013316934755,388.3257751460387,1,profile_incumbent,38.810581690564945,0.0,76.504941520628,0.0,0.0,0.0,0.0,10540.248485897497,10455.24299531902,0.0,11.702595155074164,0.0,10758.982141103477,10769.514476743045,0.0,367.43384844318183,0.0,367.43384844318183
2025-01-18,104,2832.3248,2025-01-18T17:20:00,2025-01-18T17:10:00,17:20:00,19,DA,0.0,17:20:00,19,DA,0.7941,17:20:00,19,DA,0.9742,472.0541333333333,0.0,2832.3248,472.0541333333333,2025-01-18T17:20:00,2025-01-18 00:00:00,2025-01-18 00:00:00,2025-01-18T17:20:00,2025-01-18T17:20:00,0.9742,479.02112035925035,55.788863306889105,437.8984663434965,1,profile_incumbent,38.810581690564945,0.0,34.15566698983679,0.0,0.0,0.0,0.0,10455.24299531902,10417.292254219201,0.0,14.66620929113526,0.0,10769.514476743045,10782.714065105067,0.0,426.6006859118343,0.0,426.6006859118343
2025-01-18,105,2797.65,2025-01-18T17:30:00,2025-01-18T17:20:00,17:30:00,19,DB,0.0,17:30:00,19,DB,0.8008,17:30:00,19,DB,0.9862,466.27500000000003,0.0,2797.65,466.27500000000003,2025-01-18T17:30:00,2025-01-18 00:00:00,2025-01-18 00:00:00,2025-01-18T17:30:00,2025-01-18T17:30:00,0.9862,496.2494394262776,38.57923407150131,506.98854938045537,1,profile_incumbent,38.810581690564945,40.71354938045533,0.0,0.0,0.0,0.0,0.0,10417.292254219201,10453.93444866161,0.0,19.206594327703595,0.0,10782.714065105067,10800.0,30.111749697975444,499.9921073990051,0.0,499.9921073990051
2025-01-18,106,2789.7078,2025-01-18T17:40:00,2025-01-18T17:30:00,17:40:00,19,DC,0.8695,17:40:00,19,DC,0.7601,17:40:00,19,DC,0.976,464.9513,0.14491666666666667,2788.8383000000003,464.8063833333333,2025-01-18T17:40:00,2025-01-18 00:00:00,2025-01-18 00:00:00,2025-01-18T17:40:00,2025-01-18T17:40:00,0.976,491.1283176107657,23.708980150456295,521.7718539035185,1,profile_incumbent,38.810581690564945,56.96547057018512,0.0,0.0,0.0,0.0,0.0,10453.93444866161,10505.203372174778,0.0,0.0,0.0,10800.0,10800.0,54.35251644320914,509.24932940983405,0.0,509.24932940983405
2025-01-18,107,2782.4624,2025-01-18T17:50:00,2025-01-18T17:40:00,17:50:00,19,DD,0.0,17:50:00,19,DD,0.9181,17:50:00,19,DD,1.0742,463.7437333333333,0.0,2782.4624,463.7437333333333,2025-01-18T17:50:00,2025-01-18 00:00:00,2025-01-18 00:00:00,2025-01-18T17:50:00,2025-01-18T17:50:00,1.0742,471.7323464521518,11.092028219484428,452.10682748773235,1,profile_incumbent,38.810581690564945,0.0,11.63690584560095,0.0,0.0,0.0,0.0,10505.203372174778,10492.273476790777,0.0,0.0,8.533490744935023,10800.0,10790.518343616739,0.0,485.6531540873221,0.0,485.6531540873221
2025-01-18,108,2825.01,2025-01-18T18:00:00,2025-01-18T17:50:00,18:00:00,19,DE,0.0,18:00:00,19,DE,1.1722,18:00:00,19,DE,1.2313,470.83500000000004,0.0,2825.01,470.83500000000004,2025-01-18T18:00:00,2025-01-18 00:00:00,2025-01-18 00:00:00,2025-01-18T18:00:00,2025-01-18T18:00:00,1.2313,461.7231910803355,0.6209001381910356,188.04426110812489,1,profile_incumbent,38.810581690564945,0.0,282.79073889187515,0.0,0.0,0.0,0.0,10492.273476790777,10178.061544688693,0.0,0.0,273.0580298340195,10790.518343616739,10487.12053269005,0.0,231.53889870243418,0.0,231.53889870243418
2025-01-18,109,2977.5377,2025-01-18T18:10:00,2025-01-18T18:00:00,18:10:00,19,DF,0.0624,18:10:00,19,DF,1.1548,18:10:00,19,DF,1.2561,496.25628333333333,0.0104,2977.4753,496.2458833333333,2025-01-18T18:10:00,2025-01-18 00:00:00,2025-01-18 00:00:00,2025-01-18T18:10:00,2025-01-18T18:10:00,1.2561,477.8569400570999,0.0,107.56916149099193,1,profile_incumbent,236.50429999999992,0.0,388.6767218423414,0.0,0.0,0.0,0.0,10178.061544688693,9746.198520419424,0.0,0.0,370.287778566108,10487.12053269005,10075.689667616598,0.0,135.11762374883497,0.0,135.11762374883497
2025-01-18,110,2936.1531,2025-01-18T18:20:00,2025-01-18T18:10:00,18:20:00,19,DG,0.0,18:20:00,19,DG,1.0963,18:20:00,19,DG,1.2447,489.35885,0.0,2936.1531,489.35885,2025-01-18T18:20:00,2025-01-18 00:00:00,2025-01-18 00:00:00,2025-01-18T18:20:00,2025-01-18T18:20:00,1.2447,469.7634693750158,0.0,63.47197649054005,1,profile_incumbent,236.50429999999992,0.0,425.88687350946,0.0,0.0,0.0,0.0,9746.198520419424,9272.99088318669,0.0,0.0,406.29149288447576,10075.689667616598,9624.254675522736,0.0,79.0035691377752,0.0,79.0035691377752
2025-01-18,111,2711.66,2025-01-18T18:30:00,2025-01-18T18:20:00,18:30:00,19,DH,0.0,18:30:00,19,DH,1.1092,18:30:00,19,DH,1.2545,451.9433333333333,0.0,2711.66,451.9433333333333,2025-01-18T18:30:00,2025-01-18 00:00:00,2025-01-18 00:00:00,2025-01-18T18:30:00,2025-01-18T18:30:00,1.2545,447.5840557955154,0.0,0.9756161049972332,1,profile_incumbent,236.50429999999992,0.0,450.9677172283361,0.0,0.0,0.0,0.0,9272.99088318669,8771.915641821874,0.0,0.0,446.60843969051814,9624.254675522736,9128.023075866604,0.0,1.223910403719029,0.0,1.223910403719029
2025-01-18,112,2637.4234,2025-01-18T18:40:00,2025-01-18T18:30:00,18:40:00,19,DI,0.0045,18:40:00,19,DI,1.0916,18:40:00,19,DI,1.2522,439.5705666666667,0.0007499999999999999,2637.4189,439.5698166666667,2025-01-18T18:40:00,2025-01-18 00:00:00,2025-01-18 00:00:00,2025-01-18T18:40:00,2025-01-18T18:40:00,1.2522,468.9510591664148,0.0,24.010588946164386,1,profile_incumbent,236.50429999999992,0.0,415.55922772050235,0.0,0.0,0.0,0.0,8771.915641821874,8310.183166576871,0.0,0.0,444.9404702202504,9128.023075866604,8633.64477562188,0.0,30.066059478387043,0.0,30.066059478387043
2025-01-18,113,2705.1387,2025-01-18T18:50:00,2025-01-18T18:40:00,18:50:00,19,DJ,0.0,18:50:00,19,DJ,1.1601,18:50:00,19,DJ,1.2881,450.85645,0.0,2705.1387,450.85645,2025-01-18T18:50:00,2025-01-18 00:00:00,2025-01-18 00:00:00,2025-01-18T18:50:00,2025-01-18T18:50:00,1.2881,475.1835883605579,0.0,1.0258322872638055,1,profile_incumbent,236.50429999999992,0.0,449.83061771273617,0.0,0.0,0.0,0.0,8310.183166576871,7810.371369118276,0.0,0.0,474.1577560732941,8633.64477562188,8106.802824429331,0.0,1.3213745692245078,0.0,1.3213745692245078
2025-01-18,114,2717.31,2025-01-18T19:00:00,2025-01-18T18:50:00,19:00:00,19,DK,0.0,19:00:00,19,DK,1.2825,19:00:00,19,DK,1.3466,452.885,0.0,2717.31,452.885,2025-01-18T19:00:00,2025-01-18 00:00:00,2025-01-18 00:00:00,2025-01-18T19:00:00,2025-01-18T19:00:00,1.3466,454.2387117864523,0.0,0.4748658355451567,1,profile_incumbent,236.50429999999992,0.0,452.41013416445486,0.0,0.0,0.0,0.0,7810.371369118276,7307.693442268881,0.0,0.0,453.7638459509072,8106.802824429331,7602.620773372768,0.0,0.639454334145108,0.0,0.639454334145108
2025-01-18,115,2540.1147,2025-01-18T19:10:00,2025-01-18T19:00:00,19:10:00,19,DL,0.0,19:10:00,19,DL,1.2959,19:10:00,19,DL,1.3523,423.35245000000003,0.0,2540.1147,423.35245000000003,2025-01-18T19:10:00,2025-01-18 00:00:00,2025-01-18 00:00:00,2025-01-18T19:10:00,2025-01-18T19:10:00,1.3523,454.36981053590375,0.0,0.4850296512241355,1,profile_incumbent,231.7791666666667,0.0,422.8674203487759,0.0,0.0,0.0,0.0,7307.693442268881,6837.840752992463,0.0,0.0,453.8847808846796,7602.620773372768,7098.304350167568,0.0,0.6559055973503984,0.0,0.6559055973503984
2025-01-18,116,2657.3542,2025-01-18T19:20:00,2025-01-18T19:10:00,19:20:00,19,DM,0.0,19:20:00,19,DM,1.3333,19:20:00,19,DM,1.3445,442.8923666666667,0.0,2657.3542,442.8923666666667,2025-01-18T19:20:00,2025-01-18 00:00:00,2025-01-18 00:00:00,2025-01-18T19:20:00,2025-01-18T19:20:00,1.3445,460.11479158066436,0.0,0.48467509510494244,1,profile_incumbent,231.7791666666667,0.0,442.40769157156177,0.0,0.0,0.0,0.0,6837.840752992463,6346.276651246284,0.0,0.0,459.6301164855594,7098.304350167568,6587.604220739169,0.0,0.6516456653685951,0.0,0.6516456653685951
2025-01-18,117,2928.52,2025-01-18T19:30:00,2025-01-18T19:20:00,19:30:00,19,DN,0.0,19:30:00,19,DN,1.3945,19:30:00,19,DN,1.3483,488.08666666666664,0.0,2928.52,488.08666666666664,2025-01-18T19:30:00,2025-01-18 00:00:00,2025-01-18 00:00:00,2025-01-18T19:30:00,2025-01-18T19:30:00,1.3483,470.3438560417037,0.0,0.46987355367427175,1,profile_incumbent,231.7791666666667,0.0,487.61679311299235,0.0,0.0,0.0,0.0,6346.276651246284,5804.48021445407,0.0,0.0,469.8739824880294,6587.604220739169,6065.522017974692,0.0,0.6335305124190206,0.0,0.6335305124190206
2025-01-18,118,2737.9381,2025-01-18T19:40:00,2025-01-18T19:30:00,19:40:00,19,DO,0.0,19:40:00,19,DO,1.3417,19:40:00,19,DO,1.349,456.32301666666666,0.0,2737.9381,456.32301666666666,2025-01-18T19:40:00,2025-01-18 00:00:00,2025-01-18 00:00:00,2025-01-18T19:40:00,2025-01-18T19:40:00,1.349,498.0880912267897,0.0,0.46781790819802554,1,profile_incumbent,231.7791666666667,0.0,455.85519875846865,0.0,0.0,0.0,0.0,5804.48021445407,5297.974438055771,0.0,0.0,497.62027331859167,6065.522017974692,5512.6106031762565,0.0,0.6310863581591365,0.0,0.6310863581591365
2025-01-18,119,2657.1598,2025-01-18T19:50:00,2025-01-18T19:40:00,19:50:00,19,DP,0.0,19:50:00,19,DP,1.3174,19:50:00,19,DP,1.3473,442.85996666666665,0.0,2657.1598,442.85996666666665,2025-01-18T19:50:00,2025-01-18 00:00:00,2025-01-18 00:00:00,2025-01-18T19:50:00,2025-01-18T19:50:00,1.3473,491.76332435561966,0.0,0.4728101900689101,1,profile_incumbent,231.7791666666667,0.0,442.38715647659774,0.0,0.0,0.0,0.0,5297.974438055771,4806.4331530817735,0.0,0.0,491.29051416555075,5512.6106031762565,4966.732254103423,0.0,0.6370171690798426,0.0,0.6370171690798426
2025-01-18,120,2850.1,2025-01-18T20:00:00,2025-01-18T19:50:00,20:00:00,19,DQ,0.0,20:00:00,19,DQ,1.3611,20:00:00,19,DQ,1.3482,475.01666666666665,0.0,2850.1,475.01666666666665,2025-01-18T20:00:00,2025-01-18 00:00:00,2025-01-18 00:00:00,2025-01-18T20:00:00,2025-01-18T20:00:00,1.3482,454.9783820677901,0.0,0.4701672173137353,1,profile_incumbent,231.7791666666667,0.0,474.5464994493529,0.0,0.0,0.0,0.0,4806.4331530817735,4279.159264804714,0.0,0.0,454.50821485047635,4966.732254103423,4461.723126491783,0.0,0.6338794423823779,0.0,0.6338794423823779
2025-01-18,121,2884.5378,2025-01-18T20:10:00,2025-01-18T20:00:00,20:10:00,19,DR,0.0,20:10:00,19,DR,1.3602,20:10:00,19,DR,1.3513,480.7563,0.0,2884.5378,480.7563,2025-01-18T20:10:00,2025-01-18 00:00:00,2025-01-18 00:00:00,2025-01-18T20:10:00,2025-01-18T20:10:00,1.3513,446.6062634546777,0.0,0.4880733960995445,1,profile_incumbent,210.33384864298512,0.0,480.2682266039005,0.0,0.0,0.0,0.0,4279.159264804714,3745.5279019114914,0.0,0.0,446.11819005857814,4461.723126491783,3966.036248648918,0.0,0.6595335801493144,0.0,0.6595335801493144
2025-01-18,122,2795.4336,2025-01-18T20:20:00,2025-01-18T20:10:00,20:20:00,19,DS,0.0,20:20:00,19,DS,1.3005,20:20:00,19,DS,1.34,465.9056,0.0,2795.4336,465.9056,2025-01-18T20:20:00,2025-01-18 00:00:00,2025-01-18 00:00:00,2025-01-18T20:20:00,2025-01-18T20:20:00,1.34,460.1184658336641,0.0,0.505858664210135,1,profile_incumbent,210.33384864298512,0.0,465.3997413357899,0.0,0.0,0.0,0.0,3745.5279019114914,3228.4170782050583,0.0,0.0,459.612607169454,3966.036248648918,3455.3555740161914,0.0,0.677850610041581,0.0,0.677850610041581
2025-01-18,123,2735.02,2025-01-18T20:30:00,2025-01-18T20:20:00,20:30:00,19,DT,0.0,20:30:00,19,DT,1.2797,20:30:00,19,DT,1.3489,455.83666666666664,0.0,2735.02,455.83666666666664,2025-01-18T20:30:00,2025-01-18 00:00:00,2025-01-18 00:00:00,2025-01-18T20:30:00,2025-01-18T20:30:00,1.3489,478.58688754962117,0.0,0.46811157183748897,1,profile_incumbent,210.33384864298512,0.0,455.36855509482916,0.0,0.0,0.0,0.0,3228.4170782050583,2722.4520169885814,0.0,0.0,478.1187759777837,3455.3555740161914,2924.1124895964317,0.0,0.6314356992515888,0.0,0.6314356992515888
2025-01-18,124,2822.4223,2025-01-18T20:40:00,2025-01-18T20:30:00,20:40:00,19,DU,0.0,20:40:00,19,DU,1.3671,20:40:00,19,DU,1.3952,470.4037166666667,0.0,2822.4223,470.4037166666667,2025-01-18T20:40:00,2025-01-18 00:00:00,2025-01-18 00:00:00,2025-01-18T20:40:00,2025-01-18T20:40:00,1.3952,492.394572820524,0.0,0.30252503307074735,1,profile_incumbent,210.33384864298512,0.0,470.10119163359593,0.0,0.0,0.0,0.0,2722.4520169885814,2200.117359617919,0.0,0.0,492.0920477874532,2924.1124895964317,2377.3435476103728,0.0,0.4220829261403067,0.0,0.4220829261403067
2025-01-18,125,3064.2315,2025-01-18T20:50:00,2025-01-18T20:40:00,20:50:00,19,DV,0.0,20:50:00,19,DV,1.1996,20:50:00,19,DV,1.2226,510.70525,0.0,3064.2315,510.70525,2025-01-18T20:50:00,2025-01-18 00:00:00,2025-01-18 00:00:00,2025-01-18T20:50:00,2025-01-18T20:50:00,1.2226,494.65882245456146,0.6635335758838681,91.7194974673006,1,profile_incumbent,210.33384864298512,0.0,418.9857525326994,0.0,0.0,0.0,0.0,2200.117359617919,1734.5776345815866,0.0,0.0,402.275791411377,2377.3435476103728,1930.3704460421761,0.0,112.1362576035217,0.0,112.1362576035217
2025-01-18,126,3221.92,2025-01-18T21:00:00,2025-01-18T20:50:00,21:00:00,19,DW,0.0,21:00:00,19,DW,0.8529,21:00:00,19,DW,0.9332,536.9866666666667,0.0,3221.92,536.9866666666667,2025-01-18T21:00:00,2025-01-18 00:00:00,2025-01-18 00:00:00,2025-01-18T21:00:00,2025-01-18T21:00:00,0.9332,489.2104657354206,2.8016163463045265,482.08329153432436,1,profile_incumbent,210.33384864298512,0.0,54.90337513234232,0.0,0.0,0.0,0.0,1734.5776345815866,1673.5738844345397,0.0,0.0,4.325557854791725,1930.3704460421761,1925.564270647963,0.0,449.8801276598315,0.0,449.8801276598315
2025-01-18,127,3014.3339,2025-01-18T21:10:00,2025-01-18T21:00:00,21:10:00,19,DX,0.0,21:10:00,19,DX,0.7852,21:10:00,19,DX,0.9068,502.38898333333333,0.0,3014.3339,502.38898333333333,2025-01-18T21:10:00,2025-01-18 00:00:00,2025-01-18 00:00:00,2025-01-18T21:10:00,2025-01-18T21:10:00,0.9068,485.81038396368666,4.578532078533628,491.064419272407,1,profile_incumbent,180.80869741894733,0.0,11.32456406092632,0.0,0.0,0.0,0.0,1673.5738844345397,1660.991035477955,0.0,9.83256738725396,0.0,1925.564270647963,1934.4135812964917,0.0,445.2972153962187,0.0,445.2972153962187
2025-01-18,128,2840.7645,2025-01-18T21:20:00,2025-01-18T21:10:00,21:20:00,19,DY,0.0,21:20:00,19,DY,0.8048,21:20:00,19,DY,0.9371,473.46075,0.0,2840.7645,473.46075,2025-01-18T21:20:00,2025-01-18 00:00:00,2025-01-18 00:00:00,2025-01-18T21:20:00,2025-01-18T21:20:00,0.9371,478.557742562715,5.973981178115915,465.99578173947646,1,profile_incumbent,180.80869741894733,0.0,7.4649682605235625,0.0,0.0,0.0,0.0,1660.991035477955,1652.6966262995954,0.0,0.0,6.58797964512263,1934.4135812964917,1927.093603913022,0.0,436.6846470680634,0.0,436.6846470680634
2025-01-18,129,2879.14,2025-01-18T21:30:00,2025-01-18T21:20:00,21:30:00,19,DZ,0.0,21:30:00,19,DZ,0.8054,21:30:00,19,DZ,0.9371,479.8566666666666,0.0,2879.14,479.8566666666666,2025-01-18T21:30:00,2025-01-18 00:00:00,2025-01-18 00:00:00,2025-01-18T21:30:00,2025-01-18T21:30:00,0.9371,481.0542327151429,6.982214581247176,481.24972304283295,1,profile_incumbent,180.80869741894733,1.393056376166328,0.0,0.0,0.0,0.0,0.0,1652.6966262995954,1653.9503770381452,0.0,7.177704908937187,0.0,1927.093603913022,1933.5535383310655,0.0,450.9791154634388,0.0,450.9791154634388
2025-01-18,130,2914.7585,2025-01-18T21:40:00,2025-01-18T21:30:00,21:40:00,19,EA,0.0,21:40:00,19,EA,0.8441,21:40:00,19,EA,0.9871,485.7930833333333,0.0,2914.7585,485.7930833333333,2025-01-18T21:40:00,2025-01-18 00:00:00,2025-01-18 00:00:00,2025-01-18T21:40:00,2025-01-18T21:40:00,0.9871,505.2212779882175,7.610884087408414,451.95978028853267,1,profile_incumbent,180.80869741894733,0.0,33.83330304480063,0.0,0.0,0.0,0.0,1653.9503770381452,1616.3578180994778,0.0,0.0,45.6506136122764,1933.5535383310655,1882.8306343174252,0.0,446.1294991228106,0.0,446.1294991228106
2025-01-18,131,2751.8838,2025-01-18T21:50:00,2025-01-18T21:40:00,21:50:00,19,EB,0.0,21:50:00,19,EB,0.6366,21:50:00,19,EB,0.7764,458.64730000000003,0.0,2751.8838,458.64730000000003,2025-01-18T21:50:00,2025-01-18 00:00:00,2025-01-18 00:00:00,2025-01-18T21:50:00,2025-01-18T21:50:00,0.7764,467.6304486657374,7.879667432921409,459.1365113196753,1,profile_incumbent,180.80869741894733,0.48921131967529163,0.0,0.0,0.0,0.0,0.0,1616.3578180994778,1616.7981082871854,0.0,0.0,0.6142699131406744,1882.8306343174252,1882.1481121917134,0.0,356.4735873885959,0.0,356.4735873885959
2025-01-18,132,2523.36,2025-01-18T22:00:00,2025-01-18T21:50:00,22:00:00,19,EC,0.0,22:00:00,19,EC,0.3081,22:00:00,19,EC,0.4209,420.56,0.0,2523.36,420.56,2025-01-18T22:00:00,2025-01-18 00:00:00,2025-01-18 00:00:00,2025-01-18T22:00:00,2025-01-18T22:00:00,0.4209,385.59374498443634,7.818703105624688,1155.2886745042595,1,profile_incumbent,180.80869741894733,734.7286745042595,0.0,0.0,0.0,0.0,0.0,1616.7981082871854,2278.053915341019,0.0,777.5136326254478,0.0,1882.1481121917134,2581.9103815546164,0.0,486.2610030988428,0.0,486.2610030988428
2025-01-18,133,2557.4772,2025-01-18T22:10:00,2025-01-18T22:00:00,22:10:00,19,ED,0.0,22:10:00,19,ED,0.3038,22:10:00,19,ED,0.3859,426.2462,0.0,2557.4772,426.2462,2025-01-18T22:10:00,2025-01-18 00:00:00,2025-01-18 00:00:00,2025-01-18T22:10:00,2025-01-18T22:10:00,0.3859,371.2423452091664,7.466872928565984,1159.8438208777209,1,profile_incumbent,40.62830000000008,733.5976208777208,0.0,0.0,0.0,0.0,0.0,2278.053915341019,2938.291774130968,0.0,796.0683485971206,0.0,2581.9103815546164,3298.371895292025,0.0,447.5837304767125,0.0,447.5837304767125
2025-01-18,134,2690.1213,2025-01-18T22:20:00,2025-01-18T22:10:00,22:20:00,19,EE,0.0,22:20:00,19,EE,0.3666,22:20:00,19,EE,0.4368,448.35355,0.0,2690.1213,448.35355,2025-01-18T22:20:00,2025-01-18 00:00:00,2025-01-18 00:00:00,2025-01-18T22:20:00,2025-01-18T22:20:00,0.4368,415.49592471512693,6.869972728429341,1126.7327034553914,1,profile_incumbent,40.62830000000008,678.3791534553914,0.0,0.0,0.0,0.0,0.0,2938.291774130968,3548.83301224082,0.0,718.1067514686938,0.0,3298.371895292025,3944.667971613849,0.0,492.15684486931497,0.0,492.15684486931497
2025-01-18,135,2718.22,2025-01-18T22:30:00,2025-01-18T22:20:00,22:30:00,19,EF,0.0,22:30:00,19,EF,0.3499,22:30:00,19,EF,0.4198,453.03666666666663,0.0,2718.22,453.03666666666663,2025-01-18T22:30:00,2025-01-18 00:00:00,2025-01-18 00:00:00,2025-01-18T22:30:00,2025-01-18T22:30:00,0.4198,451.61322737797997,6.078812915849507,1245.0921065185894,1,profile_incumbent,40.62830000000008,792.0554398519228,0.0,0.0,0.0,0.0,0.0,3548.83301224082,4261.68290810755,0.0,799.557692056459,0.0,3944.667971613849,4664.269894464663,0.0,522.6896663165038,0.0,522.6896663165038
2025-01-18,136,2577.3304,2025-01-18T22:40:00,2025-01-18T22:30:00,22:40:00,19,EG,0.0,22:40:00,19,EG,0.3572,22:40:00,19,EG,0.4186,429.5550666666666,0.0,2577.3304,429.5550666666666,2025-01-18T22:40:00,2025-01-18 00:00:00,2025-01-18 00:00:00,2025-01-18T22:40:00,2025-01-18T22:40:00,0.4186,423.0495203975557,5.14729151721544,1226.3579268943563,1,profile_incumbent,40.62830000000008,796.8028602276897,0.0,0.0,0.0,0.0,0.0,4261.68290810755,4978.805482312471,0.0,808.4556980140162,0.0,4664.269894464663,5391.880022677277,0.0,513.3534281979776,0.0,513.3534281979776
2025-01-18,137,2406.3386,2025-01-18T22:50:00,2025-01-18T22:40:00,22:50:00,19,EH,0.0,22:50:00,19,EH,0.3344,22:50:00,19,EH,0.4241,401.05643333333336,0.0,2406.3386,401.05643333333336,2025-01-18T22:50:00,2025-01-18 00:00:00,2025-01-18 00:00:00,2025-01-18T22:50:00,2025-01-18T22:50:00,0.4241,413.1953402231257,4.130482102827526,1189.2671324107537,1,profile_incumbent,40.62830000000008,788.2106990774203,0.0,0.0,0.0,0.0,0.0,4978.805482312471,5688.1951114821495,0.0,780.2022742904555,0.0,5391.880022677277,6094.062069538687,0.0,504.3681908554006,0.0,504.3681908554006
2025-01-18,138,2380.98,2025-01-18T23:00:00,2025-01-18T22:50:00,23:00:00,19,EI,0.0,23:00:00,19,EI,0.2989,23:00:00,19,EI,0.4237,396.83,0.0,2380.98,396.83,2025-01-18T23:00:00,2025-01-18 00:00:00,2025-01-18 00:00:00,2025-01-18T23:00:00,2025-01-18T23:00:00,0.4237,431.6071984716428,3.0827781604344153,1193.0334010784757,1,profile_incumbent,40.62830000000008,796.2034010784757,0.0,0.0,0.0,0.0,0.0,5688.1951114821495,6404.778172452778,0.0,764.5089807672673,0.0,6094.062069538687,6782.120152229228,0.0,505.48825203695014,0.0,505.48825203695014
2025-01-18,139,2567.8976,2025-01-18T23:10:00,2025-01-18T23:00:00,23:10:00,19,EJ,0.0,23:10:00,19,EJ,0.3341,23:10:00,19,EJ,0.4248,427.9829333333333,0.0,2567.8976,427.9829333333333,2025-01-18T23:10:00,2025-01-18 00:00:00,2025-01-18 00:00:00,2025-01-18T23:10:00,2025-01-18T23:10:00,0.4248,410.3214643466704,2.0561337867659337,1171.617698581607,1,profile_incumbent,29.3033333333334,743.6347652482739,0.0,0.0,0.0,0.0,0.0,6404.778172452778,7074.049461176224,0.0,763.3523680217027,0.0,6782.120152229228,7469.13728344876,0.0,497.7031983574667,0.0,497.7031983574667
2025-01-18,140,2662.13,2025-01-18T23:20:00,2025-01-18T23:10:00,23:20:00,19,EK,0.0,23:20:00,19,EK,0.3348,23:20:00,19,EK,0.424,443.68833333333333,0.0,2662.13,443.68833333333333,2025-01-18T23:20:00,2025-01-18 00:00:00,2025-01-18 00:00:00,2025-01-18T23:20:00,2025-01-18T23:20:00,0.424,404.391413529037,1.098438146959898,1173.256287404755,1,profile_incumbent,29.3033333333334,729.5679540714218,0.0,0.0,0.0,0.0,0.0,7074.049461176224,7730.660619840504,0.0,769.9633120226781,0.0,7469.13728344876,8162.10426426917,0.0,497.46066585961614,0.0,497.46066585961614
2025-01-18,141,2554.62,2025-01-18T23:30:00,2025-01-18T23:20:00,23:30:00,19,EL,0.0,23:30:00,19,EL,0.2881,23:30:00,19,EL,0.422,425.77,0.0,2554.62,425.77,2025-01-18T23:30:00,2025-01-18 00:00:00,2025-01-18 00:00:00,2025-01-18T23:30:00,2025-01-18T23:30:00,0.422,425.38458985943186,0.25205803039735614,1217.7692929623863,1,profile_incumbent,29.3033333333334,791.9992929623863,0.0,0.0,0.0,0.0,0.0,7730.660619840504,8443.459983506653,0.0,792.6367611333519,0.0,8162.10426426917,8875.477349289187,0.0,513.898641630127,0.0,513.898641630127
2025-01-18,142,2505.8609,2025-01-18T23:40:00,2025-01-18T23:30:00,23:40:00,19,EM,0.0,23:40:00,19,EM,0.3008,23:40:00,19,EM,0.424,417.64348333333334,0.0,2505.8609,417.64348333333334,2025-01-18T23:40:00,2025-01-18 00:00:00,2025-01-18 00:00:00,2025-01-18T23:40:00,2025-01-18T23:40:00,0.424,435.433899479274,0.0,1214.9582419407345,1,profile_incumbent,29.3033333333334,797.3147586074012,0.0,0.0,0.0,0.0,0.0,8443.459983506653,9161.043266253313,0.0,779.5243424614605,0.0,8875.477349289187,9577.049257504501,0.0,515.1422945828714,0.0,515.1422945828714
2025-01-18,143,3056.3953,2025-01-18T23:50:00,2025-01-18T23:40:00,23:50:00,19,EN,0.0,23:50:00,19,EN,0.3956,23:50:00,19,EN,0.4271,509.3992166666667,0.0,3056.3953,509.3992166666667,2025-01-18T23:50:00,2025-01-18 00:00:00,2025-01-18 00:00:00,2025-01-18T23:50:00,2025-01-18T23:50:00,0.4271,496.2436881847102,0.0,1245.4303430719335,1,profile_incumbent,29.3033333333334,736.0311264052668,0.0,0.0,0.0,0.0,0.0,9161.043266253313,9823.471280018053,0.0,749.1866548872233,0.0,9577.049257504501,10251.317246903001,0.0,531.9232995260228,0.0,531.9232995260228
2025-01-18,144,3823.91,2025-01-19T00:00:00,2025-01-18T23:50:00,0:00+1,19,EO,0.0,0:00+1,19,EO,0.4906,0:00+1,19,EO,0.4276,637.3183333333333,0.0,3823.91,637.3183333333333,2025-01-19T00:00:00,2025-01-18 00:00:00,2025-01-18 00:00:00,2025-01-19T00:00:00,2025-01-19T00:00:00,0.4276,594.0946173666715,0.0,1196.1342411976766,1,profile_incumbent,29.3033333333334,558.8159078643433,0.0,0.0,0.0,0.0,0.0,9823.471280018053,10326.405597095962,0.0,602.0396238310051,0.0,10251.317246903001,10793.152908350907,0.0,511.4670015361265,0.0,511.4670015361265
