date,issue_hour,issue_time,slot_id,interval_start,interval_end,grid_original_kwh,grid_kwh,reserve_original_kwh,reserve_threshold_kwh,load_forecast_kwh,pv_forecast_kwh,pv_raw_forecast_kwh,price_forecast_yuan_per_kwh,selected_index
2025-03-20,0,2025-03-20 00:00:00,1,2025-03-20 00:00:00,2025-03-20 00:10:00,1411.6742642415586,1411.6742642415586,3109.6410464675682,3109.6410464675682,599.953889516172,0.0,0.0,0.4248,7
2025-03-20,0,2025-03-20 00:00:00,2,2025-03-20 00:10:00,2025-03-20 00:20:00,1400.3691874643844,1400.3691874643844,3859.6410464675682,3859.6410464675682,593.4156177461416,0.0,0.0,0.4245,7
2025-03-20,0,2025-03-20 00:00:00,3,2025-03-20 00:20:00,2025-03-20 00:30:00,1327.886451362505,1327.886451362505,4609.641046467568,4609.641046467568,580.4393460126182,0.0,0.0,0.4269,7
2025-03-20,0,2025-03-20 00:00:00,4,2025-03-20 00:30:00,2025-03-20 00:40:00,1400.5895090800875,1400.5895090800875,5359.641046467568,5359.641046467568,589.9157636485189,0.0,0.0,0.4272,7
2025-03-20,0,2025-03-20 00:00:00,5,2025-03-20 00:40:00,2025-03-20 00:50:00,1378.4865588375649,1378.4865588375649,6109.641046467568,6109.641046467568,585.7067371611821,0.0,0.0,0.4271,7
2025-03-20,0,2025-03-20 00:00:00,6,2025-03-20 00:50:00,2025-03-20 01:00:00,1317.2141644904432,1317.2141644904432,6859.641046467568,6859.641046467568,563.8726304229446,0.0,0.0,0.4285,7
2025-03-20,0,2025-03-20 00:00:00,7,2025-03-20 01:00:00,2025-03-20 01:10:00,619.9961476516984,619.9961476516984,6847.28365583174,6847.28365583174,557.0724677171621,0.0,0.0,0.4311,7
2025-03-20,0,2025-03-20 00:00:00,8,2025-03-20 01:10:00,2025-03-20 01:20:00,1175.2208976385207,1175.2208976385207,7609.641046467568,7609.641046467568,550.5681314738787,0.0,0.0,0.4302,7
2025-03-20,0,2025-03-20 00:00:00,9,2025-03-20 01:20:00,2025-03-20 01:30:00,1331.7631140347414,1331.7631140347414,8359.641046467568,8359.641046467568,543.8389841690238,0.0,0.0,0.4279,7
2025-03-20,0,2025-03-20 00:00:00,10,2025-03-20 01:30:00,2025-03-20 01:40:00,621.6564691407561,621.6564691407561,8353.581310024827,8353.581310024827,557.3656575097407,0.0,0.0,0.4312,7
2025-03-20,0,2025-03-20 00:00:00,11,2025-03-20 01:40:00,2025-03-20 01:50:00,650.6726172484433,650.6726172484433,8307.993093260968,8307.993093260968,588.2676114808643,0.0,0.0,0.4333,7
2025-03-20,0,2025-03-20 00:00:00,12,2025-03-20 01:50:00,2025-03-20 02:00:00,894.8818184580883,894.8818184580883,8550.0,8550.0,605.7743003520009,0.0,0.0,0.4311,7
2025-03-20,0,2025-03-20 00:00:00,13,2025-03-20 02:00:00,2025-03-20 02:10:00,1283.9471842258185,1283.9471842258185,9300.0,9300.0,579.812873446548,0.0,0.0,0.4293,7
2025-03-20,0,2025-03-20 00:00:00,14,2025-03-20 02:10:00,2025-03-20 02:20:00,622.6505581478086,622.6505581478086,9288.12898755322,9288.12898755322,567.2884952341019,0.0,0.0,0.4324,7
2025-03-20,0,2025-03-20 00:00:00,15,2025-03-20 02:20:00,2025-03-20 02:30:00,633.1656103597713,633.1656103597713,9295.291995204476,9295.291995204476,582.4368955126206,0.0,0.0,0.4367,7
2025-03-20,0,2025-03-20 00:00:00,16,2025-03-20 02:30:00,2025-03-20 02:40:00,636.4807818671176,636.4807818671176,9299.955172217862,9299.955172217862,588.9575058896943,0.0,0.0,0.4348,7
2025-03-20,0,2025-03-20 00:00:00,17,2025-03-20 02:40:00,2025-03-20 02:50:00,647.0285805598421,647.0285805598421,9235.942649077699,9235.942649077699,605.0273060057,0.0,0.0,0.4335,7
2025-03-20,0,2025-03-20 00:00:00,18,2025-03-20 02:50:00,2025-03-20 03:00:00,686.1170687270501,686.1170687270501,9244.92686708851,9244.92686708851,617.8962883585447,0.0,0.0,0.4357,7
2025-03-20,0,2025-03-20 00:00:00,19,2025-03-20 03:00:00,2025-03-20 03:10:00,629.47142324708,629.47142324708,9285.538859871842,9285.538859871842,590.9784768140113,0.0,0.0,0.4374,7
2025-03-20,0,2025-03-20 00:00:00,20,2025-03-20 03:10:00,2025-03-20 03:20:00,628.7245270080689,628.7245270080689,9271.868552769198,9271.868552769198,571.3753669727259,0.0,0.0,0.4371,7
2025-03-20,0,2025-03-20 00:00:00,21,2025-03-20 03:20:00,2025-03-20 03:30:00,649.0473160621567,649.0473160621567,9297.520472114062,9297.520472114062,582.1965844906113,0.0,0.0,0.4356,7
2025-03-20,0,2025-03-20 00:00:00,22,2025-03-20 03:30:00,2025-03-20 03:40:00,654.8084340279505,654.8084340279505,9300.168054898708,9300.168054898708,598.5719226682493,0.0,0.0,0.4353,7
2025-03-20,0,2025-03-20 00:00:00,23,2025-03-20 03:40:00,2025-03-20 03:50:00,632.1581348628171,632.1581348628171,9174.902177546071,9174.902177546071,587.7170802904814,0.0,0.0,0.436,7
2025-03-20,0,2025-03-20 00:00:00,24,2025-03-20 03:50:00,2025-03-20 04:00:00,610.2171079525779,610.2171079525779,9214.82983590172,9214.82983590172,569.081414200039,0.0,0.0,0.4378,7
2025-03-20,0,2025-03-20 00:00:00,25,2025-03-20 04:00:00,2025-03-20 04:10:00,646.261746783335,646.261746783335,9171.638720685907,9171.638720685907,590.3901091987302,0.0,0.0,0.4401,7
2025-03-20,0,2025-03-20 00:00:00,26,2025-03-20 04:10:00,2025-03-20 04:20:00,628.7841691991595,628.7841691991595,9227.979605038352,9227.979605038352,600.5223649414061,0.0,0.0,0.4389,7
2025-03-20,0,2025-03-20 00:00:00,27,2025-03-20 04:20:00,2025-03-20 04:30:00,623.5902332821713,623.5902332821713,9297.461351393276,9297.461351393276,589.1130267412383,0.0,0.0,0.4364,7
2025-03-20,0,2025-03-20 00:00:00,28,2025-03-20 04:30:00,2025-03-20 04:40:00,616.7831462450135,616.7831462450135,9289.307460848024,9289.307460848024,597.6227134516096,0.0,0.0,0.4393,7
2025-03-20,0,2025-03-20 00:00:00,29,2025-03-20 04:40:00,2025-03-20 04:50:00,621.164393674229,621.164393674229,9310.091654929412,9310.091654929412,611.107323222797,0.0,0.0,0.4422,7
2025-03-20,0,2025-03-20 00:00:00,30,2025-03-20 04:50:00,2025-03-20 05:00:00,634.8768886066016,634.8768886066016,9317.30012705702,9317.30012705702,611.6607905722681,0.0,0.0,0.4395,7
2025-03-20,0,2025-03-20 00:00:00,31,2025-03-20 05:00:00,2025-03-20 05:10:00,611.8405901636139,611.8405901636139,9381.747351785561,9381.747351785561,599.1561161990837,0.0,0.0,0.4333,7
2025-03-20,0,2025-03-20 00:00:00,32,2025-03-20 05:10:00,2025-03-20 05:20:00,600.7390875334717,600.7390875334717,9331.271192354156,9331.271192354156,595.6880744112012,0.0,0.0,0.4439,7
2025-03-20,0,2025-03-20 00:00:00,33,2025-03-20 05:20:00,2025-03-20 05:30:00,1095.672490866768,1095.672490866768,10050.0,10050.0,596.1520324756543,0.0,0.0,0.4301,7
2025-03-20,0,2025-03-20 00:00:00,34,2025-03-20 05:30:00,2025-03-20 05:40:00,1407.1973552215206,1407.1973552215206,10800.0,10800.0,592.2762809978091,0.0,0.0,0.3713,7
2025-03-20,0,2025-03-20 00:00:00,35,2025-03-20 05:40:00,2025-03-20 05:50:00,692.6186671089184,692.6186671089184,10474.338698964646,10474.338698964646,685.2995551461622,0.0,0.0,0.5708,7
2025-03-20,0,2025-03-20 00:00:00,36,2025-03-20 05:50:00,2025-03-20 06:00:00,29.868498081783425,29.868498081783425,9305.488964623077,9305.488964623077,814.9485983550097,0.0,0.0,0.9099,7
2025-03-20,0,2025-03-20 00:00:00,37,2025-03-20 06:00:00,2025-03-20 06:10:00,17.77298404661063,17.77298404661063,8400.873041555526,8400.873041555526,808.0845398807209,24.22860138888889,24.22860138888889,0.9368,7
2025-03-20,0,2025-03-20 00:00:00,38,2025-03-20 06:10:00,2025-03-20 06:20:00,0.028155792950277755,0.028155792950277755,7622.873538501264,7622.873538501264,790.3286619102174,72.68580416666667,72.68580416666667,0.8758,7
2025-03-20,0,2025-03-20 00:00:00,39,2025-03-20 06:20:00,2025-03-20 06:30:00,0.0200173685921869,0.0200173685921869,6864.7100851528185,6864.7100851528185,810.0582363572546,121.14300694444444,121.14300694444444,0.8759,7
2025-03-20,0,2025-03-20 00:00:00,40,2025-03-20 06:30:00,2025-03-20 06:40:00,0.0,0.0,6169.249168216996,6169.249168216996,791.9734799292931,169.60020972222222,169.60020972222222,0.8601,7
2025-03-20,0,2025-03-20 00:00:00,41,2025-03-20 06:40:00,2025-03-20 06:50:00,0.0,0.0,5504.584237386853,5504.584237386853,779.4284161387284,218.05741249999997,218.05741249999997,0.8442,7
2025-03-20,0,2025-03-20 00:00:00,42,2025-03-20 06:50:00,2025-03-20 07:00:00,0.008914134730898212,0.008914134730898212,4932.694472318424,4932.694472318424,785.8759216710522,266.51461527777775,266.51461527777775,0.8334,7
2025-03-20,0,2025-03-20 00:00:00,43,2025-03-20 07:00:00,2025-03-20 07:10:00,67.81504868446201,67.81504868446201,4503.882775882196,4503.882775882196,781.8467836703625,319.28887777777777,319.28887777777777,0.8092,7
2025-03-20,0,2025-03-20 00:00:00,44,2025-03-20 07:10:00,2025-03-20 07:20:00,335.08882051317585,335.08882051317585,4374.3030596436565,4374.3030596436565,806.9522345008436,376.3802,376.3802,0.7972,7
2025-03-20,0,2025-03-20 00:00:00,45,2025-03-20 07:20:00,2025-03-20 07:30:00,382.2223424154279,382.2223424154279,4381.276650945786,4381.276650945786,821.8544153293124,433.4715222222222,433.4715222222222,0.7644,7
2025-03-20,0,2025-03-20 00:00:00,46,2025-03-20 07:30:00,2025-03-20 07:40:00,296.4948159451557,296.4948159451557,4419.136499507846,4419.136499507846,769.2327595360191,490.5628444444444,490.5628444444444,0.6899,7
2025-03-20,0,2025-03-20 00:00:00,47,2025-03-20 07:40:00,2025-03-20 07:50:00,0.0,0.0,4063.3961584415833,4063.3961584415833,889.9482754292046,547.6541666666666,547.6541666666666,0.86,7
2025-03-20,0,2025-03-20 00:00:00,48,2025-03-20 07:50:00,2025-03-20 08:00:00,0.0,0.0,3553.0471222291785,3553.0471222291785,1103.3278164755502,604.7454888888889,604.7454888888889,1.1617,7
2025-03-20,0,2025-03-20 00:00:00,49,2025-03-20 08:00:00,2025-03-20 08:10:00,0.0,0.0,3018.7273763896383,3018.7273763896383,1074.1666133610602,657.5027138888889,657.5027138888889,1.1683,7
2025-03-20,0,2025-03-20 00:00:00,50,2025-03-20 08:10:00,2025-03-20 08:20:00,0.0,0.0,2654.556657883048,2654.556657883048,1026.1359268453969,705.9258416666667,705.9258416666667,1.0956,7
2025-03-20,0,2025-03-20 00:00:00,51,2025-03-20 08:20:00,2025-03-20 08:30:00,0.0,0.0,2224.382745584983,2224.382745584983,1063.6578851506144,754.3489694444444,754.3489694444444,1.0849,7
2025-03-20,0,2025-03-20 00:00:00,52,2025-03-20 08:30:00,2025-03-20 08:40:00,0.0,0.0,1987.0944876987214,1987.0944876987214,1067.3728631325378,802.7720972222223,802.7720972222223,1.061,7
2025-03-20,0,2025-03-20 00:00:00,53,2025-03-20 08:40:00,2025-03-20 08:50:00,0.0,0.0,1836.7176427602967,1836.7176427602967,1073.1547508666379,851.195225,851.195225,1.043,7
2025-03-20,0,2025-03-20 00:00:00,54,2025-03-20 08:50:00,2025-03-20 09:00:00,0.0,0.0,1530.1776117431755,1530.1776117431755,1091.035568252453,899.6183527777779,899.6183527777779,1.036,7
2025-03-20,0,2025-03-20 00:00:00,55,2025-03-20 09:00:00,2025-03-20 09:10:00,0.0,0.0,1277.7588187869978,1277.7588187869978,1082.071490035864,948.7369375000002,948.7369375000002,1.0147,7
2025-03-20,0,2025-03-20 00:00:00,56,2025-03-20 09:10:00,2025-03-20 09:20:00,0.0,0.0,1200.0,1200.0,1079.4962542139626,998.5509791666667,998.5509791666667,0.9922,7
2025-03-20,0,2025-03-20 00:00:00,57,2025-03-20 09:20:00,2025-03-20 09:30:00,0.0,0.0,1200.0,1200.0,1087.6620232924852,1048.3650208333333,1048.3650208333333,0.97,7
2025-03-20,0,2025-03-20 00:00:00,58,2025-03-20 09:30:00,2025-03-20 09:40:00,0.0,0.0,1200.0,1200.0,1078.299152356892,1098.1790625,1098.1790625,0.9422,7
2025-03-20,0,2025-03-20 00:00:00,59,2025-03-20 09:40:00,2025-03-20 09:50:00,0.0,0.0,1209.8442729272776,1209.8442729272776,1081.3044243291793,1147.9931041666666,1147.9931041666666,0.9569,7
2025-03-20,0,2025-03-20 00:00:00,60,2025-03-20 09:50:00,2025-03-20 10:00:00,0.0,0.0,1271.951263520248,1271.951263520248,1095.6988532165467,1197.8071458333334,1197.8071458333334,0.9977,7
2025-03-20,0,2025-03-20 00:00:00,61,2025-03-20 10:00:00,2025-03-20 10:10:00,0.0,0.0,1344.7150986027605,1344.7150986027605,1087.820254885192,1235.4045194444445,1235.4045194444445,0.9919,7
2025-03-20,0,2025-03-20 00:00:00,62,2025-03-20 10:10:00,2025-03-20 10:20:00,0.0,0.0,1451.0325711466787,1451.0325711466787,1075.9191410391854,1260.7852249999999,1260.7852249999999,0.9588,7
2025-03-20,0,2025-03-20 00:00:00,63,2025-03-20 10:20:00,2025-03-20 10:30:00,0.0,0.0,1588.8778206772633,1588.8778206772633,1066.268983276223,1286.1659305555556,1286.1659305555556,0.9549,7
2025-03-20,0,2025-03-20 00:00:00,64,2025-03-20 10:30:00,2025-03-20 10:40:00,0.0,0.0,1764.230518597168,1764.230518597168,1049.9747461769787,1311.5466361111112,1311.5466361111112,0.9839,7
2025-03-20,0,2025-03-20 00:00:00,65,2025-03-20 10:40:00,2025-03-20 10:50:00,0.0,0.0,1955.8731077511602,1955.8731077511602,1057.2555725835477,1336.9273416666667,1336.9273416666667,0.799,7
2025-03-20,0,2025-03-20 00:00:00,66,2025-03-20 10:50:00,2025-03-20 11:00:00,304.29964785439506,304.29964785439506,2705.87310775116,2705.87310775116,1081.7048589777048,1362.3080472222223,1362.3080472222223,0.5025,7
2025-03-20,0,2025-03-20 00:00:00,67,2025-03-20 11:00:00,2025-03-20 11:10:00,535.7736308702209,535.7736308702209,3455.87310775116,3455.87310775116,1080.5913972481883,1369.4004750000001,1369.4004750000001,0.4662,7
2025-03-20,0,2025-03-20 00:00:00,68,2025-03-20 11:10:00,2025-03-20 11:20:00,320.53575073824567,320.53575073824567,4205.87310775116,4205.87310775116,1053.6247482345966,1358.204625,1358.204625,0.5007,7
2025-03-20,0,2025-03-20 00:00:00,69,2025-03-20 11:20:00,2025-03-20 11:30:00,471.6218793656136,471.6218793656136,4955.87310775116,4955.87310775116,1034.4431646058285,1347.008775,1347.008775,0.4827,7
2025-03-20,0,2025-03-20 00:00:00,70,2025-03-20 11:30:00,2025-03-20 11:40:00,533.727434696049,533.727434696049,5705.87310775116,5705.87310775116,1054.3599060788574,1335.812925,1335.812925,0.4785,7
2025-03-20,0,2025-03-20 00:00:00,71,2025-03-20 11:40:00,2025-03-20 11:50:00,595.9604787178831,595.9604787178831,6455.87310775116,6455.87310775116,1047.7774438638846,1324.617075,1324.617075,0.4662,7
2025-03-20,0,2025-03-20 00:00:00,72,2025-03-20 11:50:00,2025-03-20 12:00:00,575.88215535817,575.88215535817,7205.87310775116,7205.87310775116,1006.7831300474571,1313.421225,1313.421225,0.4432,7
2025-03-20,0,2025-03-20 00:00:00,73,2025-03-20 12:00:00,2025-03-20 12:10:00,559.5954518500574,559.5954518500574,7955.87310775116,7955.87310775116,990.4076364196217,1286.9307097222222,1286.9307097222222,0.4411,7
2025-03-20,0,2025-03-20 00:00:00,74,2025-03-20 12:10:00,2025-03-20 12:20:00,600.135903684908,600.135903684908,8705.87310775116,8705.87310775116,996.6372812513645,1245.1455291666668,1245.1455291666668,0.4551,7
2025-03-20,0,2025-03-20 00:00:00,75,2025-03-20 12:20:00,2025-03-20 12:30:00,689.7786732895256,689.7786732895256,9455.87310775116,9455.87310775116,1003.539601637798,1203.3603486111112,1203.3603486111112,0.4463,7
2025-03-20,0,2025-03-20 00:00:00,76,2025-03-20 12:30:00,2025-03-20 12:40:00,747.0641686974421,747.0641686974421,10205.87310775116,10205.87310775116,996.6709858620831,1161.5751680555557,1161.5751680555557,0.4113,7
2025-03-20,0,2025-03-20 00:00:00,77,2025-03-20 12:40:00,2025-03-20 12:50:00,0.0,0.0,10800.0,10800.0,1005.1475691695919,1119.7899875,1119.7899875,0.5682,7
2025-03-20,0,2025-03-20 00:00:00,78,2025-03-20 12:50:00,2025-03-20 13:00:00,18.91966948352152,18.91966948352152,10227.325704530469,10227.325704530469,1036.8281240761144,1078.0048069444445,1078.0048069444445,0.8279,7
2025-03-20,0,2025-03-20 00:00:00,79,2025-03-20 13:00:00,2025-03-20 13:10:00,103.62789078377519,103.62789078377519,9971.832474581059,9971.832474581059,1065.9480323955067,1050.7866444444446,1050.7866444444446,0.8636,7
2025-03-20,0,2025-03-20 00:00:00,80,2025-03-20 13:10:00,2025-03-20 13:20:00,136.13351791618786,136.13351791618786,10503.669899640905,10503.669899640905,1063.153711389808,1038.1355,1038.1355,0.8416,7
2025-03-20,0,2025-03-20 00:00:00,81,2025-03-20 13:20:00,2025-03-20 13:30:00,112.47552106011297,112.47552106011297,10441.73531374118,10441.73531374118,1047.4753623594008,1025.4843555555556,1025.4843555555556,0.8618,7
2025-03-20,0,2025-03-20 00:00:00,82,2025-03-20 13:30:00,2025-03-20 13:40:00,174.62340167820764,174.62340167820764,10599.50773033714,10599.50773033714,1060.883750120316,1012.8332111111112,1012.8332111111112,0.8623,7
2025-03-20,0,2025-03-20 00:00:00,83,2025-03-20 13:40:00,2025-03-20 13:50:00,11.177597694891501,11.177597694891501,9987.48396701132,9987.48396701132,1045.606152511255,1000.1820666666667,1000.1820666666667,0.9026,7
2025-03-20,0,2025-03-20 00:00:00,84,2025-03-20 13:50:00,2025-03-20 14:00:00,0.0,0.0,9733.600445788736,9733.600445788736,1014.0174231679301,987.5309222222222,987.5309222222222,0.9754,7
2025-03-20,0,2025-03-20 00:00:00,85,2025-03-20 14:00:00,2025-03-20 14:10:00,0.0,0.0,9646.165411727987,9646.165411727987,1036.743301345186,953.60705,953.60705,1.0002,7
2025-03-20,0,2025-03-20 00:00:00,86,2025-03-20 14:10:00,2025-03-20 14:20:00,0.0,0.0,9429.772414837675,9429.772414837675,1039.5791927416178,898.41045,898.41045,0.9978,7
2025-03-20,0,2025-03-20 00:00:00,87,2025-03-20 14:20:00,2025-03-20 14:30:00,0.0,0.0,9067.133131467233,9067.133131467233,1016.865502964137,843.2138500000001,843.2138500000001,1.0271,7
2025-03-20,0,2025-03-20 00:00:00,88,2025-03-20 14:30:00,2025-03-20 14:40:00,0.0,0.0,8542.785853560417,8542.785853560417,1039.2483045720944,788.01725,788.01725,1.0906,7
2025-03-20,0,2025-03-20 00:00:00,89,2025-03-20 14:40:00,2025-03-20 14:50:00,0.0,0.0,8245.415586414263,8245.415586414263,1061.463506360353,732.82065,732.82065,0.9376,7
2025-03-20,0,2025-03-20 00:00:00,90,2025-03-20 14:50:00,2025-03-20 15:00:00,1265.2929274189141,1265.2929274189141,10050.0,10050.0,1055.4308752196514,677.62405,677.62405,0.6694,7
2025-03-20,0,2025-03-20 00:00:00,91,2025-03-20 15:00:00,2025-03-20 15:10:00,1280.6901057481987,1280.6901057481987,10800.0,10800.0,1039.1888291860998,628.5429333333333,628.5429333333333,0.66,7
2025-03-20,0,2025-03-20 00:00:00,92,2025-03-20 15:10:00,2025-03-20 15:20:00,765.9827556343898,765.9827556343898,10682.863250631806,10682.863250631806,1025.932789402387,585.5773,585.5773,0.7217,7
2025-03-20,0,2025-03-20 00:00:00,93,2025-03-20 15:20:00,2025-03-20 15:30:00,595.526720795185,595.526720795185,10741.788700497089,10741.788700497089,1026.6474956332588,542.6116666666667,542.6116666666667,0.7308,7
2025-03-20,0,2025-03-20 00:00:00,94,2025-03-20 15:30:00,2025-03-20 15:40:00,638.5563761199103,638.5563761199103,10694.508290387574,10694.508290387574,1039.737859721638,499.64603333333326,499.64603333333326,0.7534,7
2025-03-20,0,2025-03-20 00:00:00,95,2025-03-20 15:40:00,2025-03-20 15:50:00,612.1836392909795,612.1836392909795,10479.000843199947,10479.000843199947,1018.5864707219037,456.6804,456.6804,0.7823,7
2025-03-20,0,2025-03-20 00:00:00,96,2025-03-20 15:50:00,2025-03-20 16:00:00,688.9254582918073,688.9254582918073,10752.041678067711,10752.041678067711,982.1685031432592,413.71476666666666,413.71476666666666,0.8055,7
2025-03-20,0,2025-03-20 00:00:00,97,2025-03-20 16:00:00,2025-03-20 16:10:00,740.4468138329119,740.4468138329119,10684.32210521037,10684.32210521037,997.1322952305377,376.9006430555556,376.9006430555556,0.8271,7
2025-03-20,0,2025-03-20 00:00:00,98,2025-03-20 16:10:00,2025-03-20 16:20:00,726.8221189928558,726.8221189928558,10494.384722323875,10494.384722323875,1015.6908742698067,346.23802916666665,346.23802916666665,0.8519,7
2025-03-20,0,2025-03-20 00:00:00,99,2025-03-20 16:20:00,2025-03-20 16:30:00,755.8464492718492,755.8464492718492,10331.613103872805,10331.613103872805,1011.6343906531529,315.57541527777784,315.57541527777784,0.8791,7
2025-03-20,0,2025-03-20 00:00:00,100,2025-03-20 16:30:00,2025-03-20 16:40:00,757.9357108163973,757.9357108163973,10220.220232539772,10220.220232539772,1006.6450627307177,284.9128013888889,284.9128013888889,0.9024,7
2025-03-20,0,2025-03-20 00:00:00,101,2025-03-20 16:40:00,2025-03-20 16:50:00,787.5070396824838,787.5070396824838,10443.438870306476,10443.438870306476,1009.9118438147989,254.25018750000004,254.25018750000004,0.9163,7
2025-03-20,0,2025-03-20 00:00:00,102,2025-03-20 16:50:00,2025-03-20 17:00:00,838.4778268347587,838.4778268347587,10369.830067253064,10369.830067253064,1028.2995876293267,223.5875736111111,223.5875736111111,0.9264,7
2025-03-20,0,2025-03-20 00:00:00,103,2025-03-20 17:00:00,2025-03-20 17:10:00,878.0243332028862,878.0243332028862,10123.051496058653,10123.051496058653,1054.5518305044452,190.9015777777778,190.9015777777778,0.9462,7
2025-03-20,0,2025-03-20 00:00:00,104,2025-03-20 17:10:00,2025-03-20 17:20:00,891.834926086721,891.834926086721,10078.859012362609,10078.859012362609,1025.0996585695195,156.19219999999999,156.19219999999999,0.9742,7
2025-03-20,0,2025-03-20 00:00:00,105,2025-03-20 17:20:00,2025-03-20 17:30:00,923.7345205064921,923.7345205064921,10178.312083254925,10178.312083254925,989.9770699803444,121.48282222222224,121.48282222222224,0.9862,7
2025-03-20,0,2025-03-20 00:00:00,106,2025-03-20 17:30:00,2025-03-20 17:40:00,1011.7961088972462,1011.7961088972462,10348.142730036956,10348.142730036956,1040.5749875279337,86.77344444444445,86.77344444444445,0.976,7
2025-03-20,0,2025-03-20 00:00:00,107,2025-03-20 17:40:00,2025-03-20 17:50:00,913.3641939203109,913.3641939203109,9949.502893159068,9949.502893159068,938.9211835534213,52.06406666666667,52.06406666666667,1.0742,7
2025-03-20,0,2025-03-20 00:00:00,108,2025-03-20 17:50:00,2025-03-20 18:00:00,669.802000550876,669.802000550876,9909.28377889848,9909.28377889848,727.1457563042566,17.35468888888889,17.35468888888889,1.2313,7
2025-03-20,0,2025-03-20 00:00:00,109,2025-03-20 18:00:00,2025-03-20 18:10:00,690.5670849027963,690.5670849027963,10156.856395751667,10156.856395751667,701.8792937774591,0.0,0.0,1.2561,7
2025-03-20,0,2025-03-20 00:00:00,110,2025-03-20 18:10:00,2025-03-20 18:20:00,743.3495926880885,743.3495926880885,10454.609064770211,10454.609064770211,729.2942393688489,0.0,0.0,1.2447,7
2025-03-20,0,2025-03-20 00:00:00,111,2025-03-20 18:20:00,2025-03-20 18:30:00,702.9050769967051,702.9050769967051,10023.420787628454,10023.420787628454,721.5022981294178,0.0,0.0,1.2545,7
2025-03-20,0,2025-03-20 00:00:00,112,2025-03-20 18:30:00,2025-03-20 18:40:00,742.2362109515462,742.2362109515462,10365.276554178181,10365.276554178181,728.9145336937953,0.0,0.0,1.2522,7
2025-03-20,0,2025-03-20 00:00:00,113,2025-03-20 18:40:00,2025-03-20 18:50:00,720.3593385503286,720.3593385503286,10229.828106400793,10229.828106400793,727.0505180597081,0.0,0.0,1.2881,7
2025-03-20,0,2025-03-20 00:00:00,114,2025-03-20 18:50:00,2025-03-20 19:00:00,23.419197396956662,23.419197396956662,9205.151471514093,9205.151471514093,719.1927923782297,0.0,0.0,1.3466,7
2025-03-20,0,2025-03-20 00:00:00,115,2025-03-20 19:00:00,2025-03-20 19:10:00,30.050235362729847,30.050235362729847,8440.855256527004,8440.855256527004,737.7335269153341,0.0,0.0,1.3523,7
2025-03-20,0,2025-03-20 00:00:00,116,2025-03-20 19:10:00,2025-03-20 19:20:00,6.755051308034895,6.755051308034895,7607.062624021364,7607.062624021364,741.58026886971,0.0,0.0,1.3445,7
2025-03-20,0,2025-03-20 00:00:00,117,2025-03-20 19:20:00,2025-03-20 19:30:00,1.453545346998897,1.453545346998897,6799.186584290321,6799.186584290321,737.759758959681,0.0,0.0,1.3483,7
2025-03-20,0,2025-03-20 00:00:00,118,2025-03-20 19:30:00,2025-03-20 19:40:00,2.428963872861839,2.428963872861839,5956.770192668889,5956.770192668889,770.4005375784776,0.0,0.0,1.349,7
2025-03-20,0,2025-03-20 00:00:00,119,2025-03-20 19:40:00,2025-03-20 19:50:00,1.714974630184984,1.714974630184984,5156.848563174778,5156.848563174778,768.5193003056326,0.0,0.0,1.3473,7
2025-03-20,0,2025-03-20 00:00:00,120,2025-03-20 19:50:00,2025-03-20 20:00:00,1.720190743860464,1.720190743860464,4321.515144503731,4321.515144503731,735.3988567745278,0.0,0.0,1.3482,7
2025-03-20,0,2025-03-20 00:00:00,121,2025-03-20 20:00:00,2025-03-20 20:10:00,1.5043629089049564,1.5043629089049564,3484.4449427301,3484.4449427301,743.6281093779335,0.0,0.0,1.3513,7
2025-03-20,0,2025-03-20 00:00:00,122,2025-03-20 20:10:00,2025-03-20 20:20:00,3.13414387161897,3.13414387161897,2685.1535379217225,2685.1535379217225,732.1426956964058,0.0,0.0,1.34,7
2025-03-20,0,2025-03-20 00:00:00,123,2025-03-20 20:20:00,2025-03-20 20:30:00,1.7062588087986124,1.7062588087986124,1966.0370729704277,1966.0370729704277,701.8885938722632,0.0,0.0,1.3489,7
2025-03-20,0,2025-03-20 00:00:00,124,2025-03-20 20:30:00,2025-03-20 20:40:00,0.0,0.0,1200.0,1200.0,722.089073308746,0.0,0.0,1.3952,7
2025-03-20,0,2025-03-20 00:00:00,125,2025-03-20 20:40:00,2025-03-20 20:50:00,733.5823431328558,733.5823431328558,1200.0,1200.0,750.188279241814,0.0,0.0,1.2226,7
2025-03-20,0,2025-03-20 00:00:00,126,2025-03-20 20:50:00,2025-03-20 21:00:00,727.8739203264489,727.8739203264489,1201.7380000638482,1201.7380000638482,745.7602092803735,0.0,0.0,0.9332,7
2025-03-20,0,2025-03-20 00:00:00,127,2025-03-20 21:00:00,2025-03-20 21:10:00,716.6396583361599,716.6396583361599,1229.2080742362193,1229.2080742362193,713.0984879029229,0.0,0.0,0.9068,7
2025-03-20,0,2025-03-20 00:00:00,128,2025-03-20 21:10:00,2025-03-20 21:20:00,704.3018709845444,704.3018709845444,1211.8456233864165,1211.8456233864165,708.0021399837443,0.0,0.0,0.9371,7
2025-03-20,0,2025-03-20 00:00:00,129,2025-03-20 21:20:00,2025-03-20 21:30:00,731.8042940376729,731.8042940376729,1210.545601132487,1210.545601132487,734.4190213861469,0.0,0.0,0.9371,7
2025-03-20,0,2025-03-20 00:00:00,130,2025-03-20 21:30:00,2025-03-20 21:40:00,702.3345449234117,702.3345449234117,1200.0,1200.0,733.3651323534065,0.0,0.0,0.9871,7
2025-03-20,0,2025-03-20 00:00:00,131,2025-03-20 21:40:00,2025-03-20 21:50:00,640.6552758957788,640.6552758957788,1200.0,1200.0,656.2618139056309,0.0,0.0,0.7764,7
2025-03-20,0,2025-03-20 00:00:00,132,2025-03-20 21:50:00,2025-03-20 22:00:00,593.3317080502355,593.3317080502355,1200.0,1200.0,562.3002979310363,0.0,0.0,0.4209,7
2025-03-20,0,2025-03-20 00:00:00,133,2025-03-20 22:00:00,2025-03-20 22:10:00,837.5662171300216,837.5662171300216,1209.0649450274627,1209.0649450274627,564.5884429584306,0.0,0.0,0.3859,7
2025-03-20,0,2025-03-20 00:00:00,134,2025-03-20 22:10:00,2025-03-20 22:20:00,560.0374343818424,560.0374343818424,1200.0,1200.0,578.2916625060527,0.0,0.0,0.4368,7
2025-03-20,0,2025-03-20 00:00:00,135,2025-03-20 22:20:00,2025-03-20 22:30:00,568.0207594097252,568.0207594097252,1201.3125153729375,1201.3125153729375,564.2995774098935,0.0,0.0,0.4198,7
2025-03-20,0,2025-03-20 00:00:00,136,2025-03-20 22:30:00,2025-03-20 22:40:00,570.2227115923203,570.2227115923203,1200.0788281703735,1200.0788281703735,563.975723545709,0.0,0.0,0.4186,7
2025-03-20,0,2025-03-20 00:00:00,137,2025-03-20 22:40:00,2025-03-20 22:50:00,559.6585014711825,559.6585014711825,1200.0033142232428,1200.0033142232428,557.1386435192198,0.0,0.0,0.4241,7
2025-03-20,0,2025-03-20 00:00:00,138,2025-03-20 22:50:00,2025-03-20 23:00:00,549.4377019124124,549.4377019124124,1200.0157656340748,1200.0157656340748,552.4416765686943,0.0,0.0,0.4237,7
2025-03-20,0,2025-03-20 00:00:00,139,2025-03-20 23:00:00,2025-03-20 23:10:00,579.393835072339,579.393835072339,1200.0244406940726,1200.0244406940726,581.0922788633163,0.0,0.0,0.4248,7
2025-03-20,0,2025-03-20 00:00:00,140,2025-03-20 23:10:00,2025-03-20 23:20:00,583.9628231729064,583.9628231729064,1200.1501520067648,1200.1501520067648,586.8685626000226,0.0,0.0,0.424,7
2025-03-20,0,2025-03-20 00:00:00,141,2025-03-20 23:20:00,2025-03-20 23:30:00,578.0477545924635,578.0477545924635,1200.210778846882,1200.210778846882,570.2318275438008,0.0,0.0,0.422,7
2025-03-20,0,2025-03-20 00:00:00,142,2025-03-20 23:30:00,2025-03-20 23:40:00,578.6076714107332,578.6076714107332,1200.4229281988469,1200.4229281988469,576.328117448737,0.0,0.0,0.424,7
2025-03-20,0,2025-03-20 00:00:00,143,2025-03-20 23:40:00,2025-03-20 23:50:00,507.7009979011835,507.7009979011835,1202.1380612119042,1202.1380612119042,519.176111542547,0.0,0.0,0.4271,7
2025-03-20,0,2025-03-20 00:00:00,144,2025-03-20 23:50:00,2025-03-21 00:00:00,422.7013439020691,422.7013439020691,1200.0,1200.0,422.1384874225724,0.0,0.0,0.4276,7
2025-03-20,6,2025-03-20 06:00:00,37,2025-03-20 06:00:00,2025-03-20 06:10:00,17.77298404661063,17.761116451173088,8400.873041555526,8596.476091110477,808.0845398807209,23.99289027777778,23.99289027777778,0.9368,7
2025-03-20,6,2025-03-20 06:00:00,38,2025-03-20 06:10:00,2025-03-20 06:20:00,0.028155792950277755,0.027790979704355675,7622.873538501264,7661.819994115331,790.3286619102174,71.97867083333334,71.97867083333334,0.8758,7
2025-03-20,6,2025-03-20 06:00:00,39,2025-03-20 06:20:00,2025-03-20 06:30:00,0.0200173685921869,0.019628955558237418,6864.7100851528185,6886.832104183109,810.0582363572546,119.96445138888889,119.96445138888889,0.8759,7
2025-03-20,6,2025-03-20 06:00:00,40,2025-03-20 06:30:00,2025-03-20 06:40:00,0.0,0.05381770208489145,6169.249168216996,6060.63450952025,791.9734799292931,167.95023194444445,167.95023194444445,0.8601,7
2025-03-20,6,2025-03-20 06:00:00,41,2025-03-20 06:40:00,2025-03-20 06:50:00,0.0,0.0,5504.584237386853,5513.730450231178,779.4284161387284,215.93601249999998,215.93601249999998,0.8442,7
2025-03-20,6,2025-03-20 06:00:00,42,2025-03-20 06:50:00,2025-03-20 07:00:00,0.008914134730898212,0.03412206382462696,4932.694472318424,5069.75284229848,785.8759216710522,263.92179305555555,263.92179305555555,0.8334,7
2025-03-20,6,2025-03-20 06:00:00,43,2025-03-20 07:00:00,2025-03-20 07:10:00,67.81504868446201,67.89779340945405,4503.882775882196,4371.3312456025105,781.8467836703625,313.4290111111111,313.4290111111111,0.8092,7
2025-03-20,6,2025-03-20 06:00:00,44,2025-03-20 07:10:00,2025-03-20 07:20:00,335.08882051317585,335.24084712870484,4374.3030596436565,3789.7475003811433,806.9522345008436,364.4576666666667,364.4576666666667,0.7972,7
2025-03-20,6,2025-03-20 06:00:00,45,2025-03-20 07:20:00,2025-03-20 07:30:00,382.2223424154279,382.2172342970885,4381.276650945786,4289.571562600507,821.8544153293124,415.4863222222222,415.4863222222222,0.7644,7
2025-03-20,6,2025-03-20 06:00:00,46,2025-03-20 07:30:00,2025-03-20 07:40:00,296.4948159451557,296.5935336611509,4419.136499507846,4404.112382632717,769.2327595360191,466.5149777777777,466.5149777777777,0.6899,7
2025-03-20,6,2025-03-20 06:00:00,47,2025-03-20 07:40:00,2025-03-20 07:50:00,0.0,0.00966249419767234,4063.3961584415833,3755.520204101762,889.9482754292046,517.5436333333333,517.5436333333333,0.86,7
2025-03-20,6,2025-03-20 06:00:00,48,2025-03-20 07:50:00,2025-03-20 08:00:00,0.0,0.0,3553.0471222291785,3174.0236107310175,1103.3278164755502,568.5722888888889,568.5722888888889,1.1617,7
2025-03-20,6,2025-03-20 06:00:00,49,2025-03-20 08:00:00,2025-03-20 08:10:00,0.0,0.0,3018.7273763896383,2858.0336113595113,1074.1666133610602,620.469951388889,620.469951388889,1.1683,7
2025-03-20,6,2025-03-20 06:00:00,50,2025-03-20 08:10:00,2025-03-20 08:20:00,0.0,0.0,2654.556657883048,2411.298769584776,1026.1359268453969,673.2366208333333,673.2366208333333,1.0956,7
2025-03-20,6,2025-03-20 06:00:00,51,2025-03-20 08:20:00,2025-03-20 08:30:00,0.0,0.0,2224.382745584983,1982.3175229354429,1063.6578851506144,726.0032902777779,726.0032902777779,1.0849,7
2025-03-20,6,2025-03-20 06:00:00,52,2025-03-20 08:30:00,2025-03-20 08:40:00,0.0,0.0,1987.0944876987214,1912.8422711009525,1067.3728631325378,778.7699597222223,778.7699597222223,1.061,7
2025-03-20,6,2025-03-20 06:00:00,53,2025-03-20 08:40:00,2025-03-20 08:50:00,0.0,0.0,1836.7176427602967,1639.6047597398006,1073.1547508666379,831.5366291666668,831.5366291666668,1.043,7
2025-03-20,6,2025-03-20 06:00:00,54,2025-03-20 08:50:00,2025-03-20 09:00:00,0.0,0.0,1530.1776117431755,1439.4177990199346,1091.035568252453,884.3032986111111,884.3032986111111,1.036,7
2025-03-20,6,2025-03-20 06:00:00,55,2025-03-20 09:00:00,2025-03-20 09:10:00,0.0,0.0,1277.7588187869978,1244.1343211034311,1082.071490035864,928.938088888889,928.938088888889,1.0147,7
2025-03-20,6,2025-03-20 06:00:00,56,2025-03-20 09:10:00,2025-03-20 09:20:00,0.0,0.0,1200.0,1217.6831301548648,1079.4962542139626,965.4410000000001,965.4410000000001,0.9922,7
2025-03-20,6,2025-03-20 06:00:00,57,2025-03-20 09:20:00,2025-03-20 09:30:00,0.0,0.0,1200.0,1200.0,1087.6620232924852,1001.9439111111111,1001.9439111111111,0.97,7
2025-03-20,6,2025-03-20 06:00:00,58,2025-03-20 09:30:00,2025-03-20 09:40:00,0.0,0.0,1200.0,1200.0,1078.299152356892,1038.4468222222222,1038.4468222222222,0.9422,7
2025-03-20,6,2025-03-20 06:00:00,59,2025-03-20 09:40:00,2025-03-20 09:50:00,0.0,0.0,1209.8442729272776,1200.0,1081.3044243291793,1074.9497333333331,1074.9497333333331,0.9569,7
2025-03-20,6,2025-03-20 06:00:00,60,2025-03-20 09:50:00,2025-03-20 10:00:00,0.0,0.0,1271.951263520248,1200.0,1095.6988532165467,1111.4526444444443,1111.4526444444443,0.9977,7
2025-03-20,6,2025-03-20 06:00:00,61,2025-03-20 10:00:00,2025-03-20 10:10:00,0.0,0.0,1344.7150986027605,1200.0,1087.820254885192,1143.7150875,1143.7150875,0.9919,7
2025-03-20,6,2025-03-20 06:00:00,62,2025-03-20 10:10:00,2025-03-20 10:20:00,0.0,0.0,1451.0325711466787,1222.0897306899078,1075.9191410391854,1171.7370625,1171.7370625,0.9588,7
2025-03-20,6,2025-03-20 06:00:00,63,2025-03-20 10:20:00,2025-03-20 10:30:00,0.0,0.0,1588.8778206772633,1279.018836882986,1066.268983276223,1199.7590375,1199.7590375,0.9549,7
2025-03-20,6,2025-03-20 06:00:00,64,2025-03-20 10:30:00,2025-03-20 10:40:00,0.0,0.0,1764.230518597168,1373.9636219323754,1049.9747461769787,1227.7810124999999,1227.7810124999999,0.9839,7
2025-03-20,6,2025-03-20 06:00:00,65,2025-03-20 10:40:00,2025-03-20 10:50:00,0.0,0.0,1955.8731077511602,1488.509896732357,1057.2555725835477,1255.8029875,1255.8029875,0.799,7
2025-03-20,6,2025-03-20 06:00:00,66,2025-03-20 10:50:00,2025-03-20 11:00:00,304.29964785439506,33.55127652795266,2705.87310775116,1606.2715912775975,1081.7048589777048,1283.8249625,1283.8249625,0.5025,7
2025-03-20,6,2025-03-20 06:00:00,67,2025-03-20 11:00:00,2025-03-20 11:10:00,535.7736308702209,534.4837274946776,3455.87310775116,2268.125892636735,1080.5913972481883,1306.7545236111112,1306.7545236111112,0.4662,7
2025-03-20,6,2025-03-20 06:00:00,68,2025-03-20 11:10:00,2025-03-20 11:20:00,320.53575073824567,34.250445701572886,4205.87310775116,2488.107342824906,1053.6247482345966,1324.5916708333334,1324.5916708333334,0.5007,7
2025-03-20,6,2025-03-20 06:00:00,69,2025-03-20 11:20:00,2025-03-20 11:30:00,471.6218793656136,444.13602471881006,4955.87310775116,3072.8864255533617,1034.4431646058285,1342.4288180555557,1342.4288180555557,0.4827,7
2025-03-20,6,2025-03-20 06:00:00,70,2025-03-20 11:30:00,2025-03-20 11:40:00,533.727434696049,522.9852219994269,5705.87310775116,3804.6677899081424,1054.3599060788574,1360.2659652777777,1360.2659652777777,0.4785,7
2025-03-20,6,2025-03-20 06:00:00,71,2025-03-20 11:40:00,2025-03-20 11:50:00,595.9604787178831,522.6350547580153,6455.87310775116,4554.667789908142,1047.7774438638846,1378.1031125000002,1378.1031125000002,0.4662,7
2025-03-20,6,2025-03-20 06:00:00,72,2025-03-20 11:50:00,2025-03-20 12:00:00,575.88215535817,407.22869506536364,7205.87310775116,5304.667789908142,1006.7831300474571,1395.9402597222222,1395.9402597222222,0.4432,7
2025-03-20,6,2025-03-20 06:00:00,73,2025-03-20 12:00:00,2025-03-20 12:10:00,559.5954518500574,430.7182210941498,7955.87310775116,6054.667789908142,990.4076364196217,1407.939613888889,1407.939613888889,0.4411,7
2025-03-20,6,2025-03-20 06:00:00,74,2025-03-20 12:10:00,2025-03-20 12:20:00,600.135903684908,434.77080540895,8705.87310775116,6804.667789908142,996.6372812513645,1414.1011749999998,1414.1011749999998,0.4551,7
2025-03-20,6,2025-03-20 06:00:00,75,2025-03-20 12:20:00,2025-03-20 12:30:00,689.7786732895256,450.0549791720914,9455.87310775116,7554.667789908142,1003.539601637798,1420.262736111111,1420.262736111111,0.4463,7
2025-03-20,6,2025-03-20 06:00:00,76,2025-03-20 12:30:00,2025-03-20 12:40:00,747.0641686974421,443.44209467216103,10205.87310775116,8304.667789908142,996.6709858620831,1426.424297222222,1426.424297222222,0.4113,7
2025-03-20,6,2025-03-20 06:00:00,77,2025-03-20 12:40:00,2025-03-20 12:50:00,0.0,0.0,10800.0,8660.45613058555,1005.1475691695919,1432.5858583333331,1432.5858583333331,0.5682,7
2025-03-20,6,2025-03-20 06:00:00,78,2025-03-20 12:50:00,2025-03-20 13:00:00,18.91966948352152,0.0,10227.325704530469,8993.277376847087,1036.8281240761144,1438.7474194444446,1438.7474194444446,0.8279,7
2025-03-20,6,2025-03-20 06:00:00,79,2025-03-20 13:00:00,2025-03-20 13:10:00,103.62789078377519,0.0,9971.832474581059,9280.235646998775,1065.9480323955067,1428.5171597222222,1428.5171597222222,0.8636,7
2025-03-20,6,2025-03-20 06:00:00,80,2025-03-20 13:10:00,2025-03-20 13:20:00,136.13351791618786,0.0,10503.669899640905,9545.748933555597,1063.153711389808,1401.8950791666666,1401.8950791666666,0.8416,7
2025-03-20,6,2025-03-20 06:00:00,81,2025-03-20 13:20:00,2025-03-20 13:30:00,112.47552106011297,0.0,10441.73531374118,9801.412861739782,1047.4753623594008,1375.272998611111,1375.272998611111,0.8618,7
2025-03-20,6,2025-03-20 06:00:00,82,2025-03-20 13:30:00,2025-03-20 13:40:00,174.62340167820764,0.0,10599.50773033714,10021.049368439144,1060.883750120316,1348.6509180555556,1348.6509180555556,0.8623,7
2025-03-20,6,2025-03-20 06:00:00,83,2025-03-20 13:40:00,2025-03-20 13:50:00,11.177597694891501,0.0,9987.48396701132,10230.47584048666,1045.606152511255,1322.0288375,1322.0288375,0.9026,7
2025-03-20,6,2025-03-20 06:00:00,84,2025-03-20 13:50:00,2025-03-20 14:00:00,0.0,0.0,9733.600445788736,10444.37229644317,1014.0174231679301,1295.4067569444444,1295.4067569444444,0.9754,7
2025-03-20,6,2025-03-20 06:00:00,85,2025-03-20 14:00:00,2025-03-20 14:10:00,0.0,0.0,9646.165411727987,10606.669012736895,1036.743301345186,1253.7029041666667,1253.7029041666667,1.0002,7
2025-03-20,6,2025-03-20 06:00:00,86,2025-03-20 14:10:00,2025-03-20 14:20:00,0.0,0.0,9429.772414837675,10710.455403029284,1039.5791927416178,1196.9172791666667,1196.9172791666667,0.9978,7
2025-03-20,6,2025-03-20 06:00:00,87,2025-03-20 14:20:00,2025-03-20 14:30:00,0.0,0.0,9067.133131467233,10752.768959949968,1016.865502964137,1140.1316541666667,1140.1316541666667,1.0271,7
2025-03-20,6,2025-03-20 06:00:00,88,2025-03-20 14:30:00,2025-03-20 14:40:00,0.0,0.0,8542.785853560417,9913.177881251835,1039.2483045720944,1083.3460291666668,1083.3460291666668,1.0906,7
2025-03-20,6,2025-03-20 06:00:00,89,2025-03-20 14:40:00,2025-03-20 14:50:00,0.0,0.0,8245.415586414263,8580.471347280092,1061.463506360353,1026.5604041666666,1026.5604041666666,0.9376,7
2025-03-20,6,2025-03-20 06:00:00,90,2025-03-20 14:50:00,2025-03-20 15:00:00,1265.2929274189141,444.59931471066363,10050.0,9697.368673223747,1055.4308752196514,969.7747791666667,969.7747791666667,0.6694,7
2025-03-20,6,2025-03-20 06:00:00,91,2025-03-20 15:00:00,2025-03-20 15:10:00,1280.6901057481987,300.2610137325937,10800.0,10631.357238727298,1039.1888291860998,911.1556888888889,911.1556888888889,0.66,7
2025-03-20,6,2025-03-20 06:00:00,92,2025-03-20 15:10:00,2025-03-20 15:20:00,765.9827556343898,227.1389335891867,10682.863250631806,10586.813279408894,1025.932789402387,850.7031333333334,850.7031333333334,0.7217,7
2025-03-20,6,2025-03-20 06:00:00,93,2025-03-20 15:20:00,2025-03-20 15:30:00,595.526720795185,350.8497008035273,10741.788700497089,10732.933995145371,1026.6474956332588,790.2505777777778,790.2505777777778,0.7308,7
2025-03-20,6,2025-03-20 06:00:00,94,2025-03-20 15:30:00,2025-03-20 15:40:00,638.5563761199103,343.5676255622218,10694.508290387574,10442.722071066162,1039.737859721638,729.7980222222222,729.7980222222222,0.7534,7
2025-03-20,6,2025-03-20 06:00:00,95,2025-03-20 15:40:00,2025-03-20 15:50:00,612.1836392909795,355.71177445872723,10479.000843199947,10395.328679662907,1018.5864707219037,669.3454666666667,669.3454666666667,0.7823,7
2025-03-20,6,2025-03-20 06:00:00,96,2025-03-20 15:50:00,2025-03-20 16:00:00,688.9254582918073,416.4845786353088,10752.041678067711,10291.21606962994,982.1685031432592,608.8929111111112,608.8929111111112,0.8055,7
2025-03-20,6,2025-03-20 06:00:00,97,2025-03-20 16:00:00,2025-03-20 16:10:00,740.4468138329119,534.6259009253687,10684.32210521037,10563.85672363562,997.1322952305377,551.9723569444444,551.9723569444444,0.8271,7
2025-03-20,6,2025-03-20 06:00:00,98,2025-03-20 16:10:00,2025-03-20 16:20:00,726.8221189928558,595.7218334190738,10494.384722323875,10406.992947798393,1015.6908742698067,498.58380416666665,498.58380416666665,0.8519,7
2025-03-20,6,2025-03-20 06:00:00,99,2025-03-20 16:20:00,2025-03-20 16:30:00,755.8464492718492,532.3112064965194,10331.613103872805,10324.32561812491,1011.6343906531529,445.1952513888889,445.1952513888889,0.8791,7
2025-03-20,6,2025-03-20 06:00:00,100,2025-03-20 16:30:00,2025-03-20 16:40:00,757.9357108163973,633.0754889961995,10220.220232539772,10301.344352093456,1006.6450627307177,391.80669861111113,391.80669861111113,0.9024,7
2025-03-20,6,2025-03-20 06:00:00,101,2025-03-20 16:40:00,2025-03-20 16:50:00,787.5070396824838,758.8646837700658,10443.438870306476,10351.149147138844,1009.9118438147989,338.4181458333333,338.4181458333333,0.9163,7
2025-03-20,6,2025-03-20 06:00:00,102,2025-03-20 16:50:00,2025-03-20 17:00:00,838.4778268347587,833.7895563072218,10369.830067253064,10499.614951492915,1028.2995876293267,285.02959305555555,285.02959305555555,0.9264,7
2025-03-20,6,2025-03-20 06:00:00,103,2025-03-20 17:00:00,2025-03-20 17:10:00,878.0243332028862,846.3434765075178,10123.051496058653,10303.796426933977,1054.5518305044452,236.8073736111111,236.8073736111111,0.9462,7
2025-03-20,6,2025-03-20 06:00:00,104,2025-03-20 17:10:00,2025-03-20 17:20:00,891.834926086721,881.0260114598962,10078.859012362609,10056.063608289025,1025.0996585695195,193.75148750000002,193.75148750000002,0.9742,7
2025-03-20,6,2025-03-20 06:00:00,105,2025-03-20 17:20:00,2025-03-20 17:30:00,923.7345205064921,908.8083095241973,10178.312083254925,10325.657230204562,989.9770699803444,150.6956013888889,150.6956013888889,0.9862,7
2025-03-20,6,2025-03-20 06:00:00,106,2025-03-20 17:30:00,2025-03-20 17:40:00,1011.7961088972462,1005.1118758638269,10348.142730036956,10215.776439474113,1040.5749875279337,107.63971527777778,107.63971527777778,0.976,7
2025-03-20,6,2025-03-20 06:00:00,107,2025-03-20 17:40:00,2025-03-20 17:50:00,913.3641939203109,910.6793619867332,9949.502893159068,9655.62021261635,938.9211835534213,64.58382916666667,64.58382916666667,1.0742,7
2025-03-20,6,2025-03-20 06:00:00,108,2025-03-20 17:50:00,2025-03-20 18:00:00,669.802000550876,669.7900559013915,9909.28377889848,9077.19485126937,727.1457563042566,21.527943055555557,21.527943055555557,1.2313,7
2025-03-20,6,2025-03-20 06:00:00,109,2025-03-20 18:00:00,2025-03-20 18:10:00,690.5670849027963,690.4169096076139,10156.856395751667,9038.291135077521,701.8792937774591,0.0,0.0,1.2561,7
2025-03-20,6,2025-03-20 06:00:00,110,2025-03-20 18:10:00,2025-03-20 18:20:00,743.3495926880885,740.5323756726882,10454.609064770211,10200.172576376079,729.2942393688489,0.0,0.0,1.2447,7
2025-03-20,6,2025-03-20 06:00:00,111,2025-03-20 18:20:00,2025-03-20 18:30:00,702.9050769967051,702.8421668125726,10023.420787628454,9352.944245073142,721.5022981294178,0.0,0.0,1.2545,7
2025-03-20,6,2025-03-20 06:00:00,112,2025-03-20 18:30:00,2025-03-20 18:40:00,742.2362109515462,742.2762864886384,10365.276554178181,10090.377246722506,728.9145336937953,0.0,0.0,1.2522,7
2025-03-20,6,2025-03-20 06:00:00,113,2025-03-20 18:40:00,2025-03-20 18:50:00,720.3593385503286,720.214439609529,10229.828106400793,10042.286670418966,727.0505180597081,0.0,0.0,1.2881,7
2025-03-20,6,2025-03-20 06:00:00,114,2025-03-20 18:50:00,2025-03-20 19:00:00,23.419197396956662,23.18472743387478,9205.151471514093,9050.13427494622,719.1927923782297,0.0,0.0,1.3466,7
2025-03-20,6,2025-03-20 06:00:00,115,2025-03-20 19:00:00,2025-03-20 19:10:00,30.050235362729847,29.789392333654924,8440.855256527004,8445.062753677954,737.7335269153341,0.0,0.0,1.3523,7
2025-03-20,6,2025-03-20 06:00:00,116,2025-03-20 19:10:00,2025-03-20 19:20:00,6.755051308034895,6.5959471085879695,7607.062624021364,7672.152269503576,741.58026886971,0.0,0.0,1.3445,7
2025-03-20,6,2025-03-20 06:00:00,117,2025-03-20 19:20:00,2025-03-20 19:30:00,1.453545346998897,1.3559368375253613,6799.186584290321,7042.798484407651,737.759758959681,0.0,0.0,1.3483,7
2025-03-20,6,2025-03-20 06:00:00,118,2025-03-20 19:30:00,2025-03-20 19:40:00,2.428963872861839,2.224615062611812,5956.770192668889,6208.5646569343335,770.4005375784776,0.0,0.0,1.349,7
2025-03-20,6,2025-03-20 06:00:00,119,2025-03-20 19:40:00,2025-03-20 19:50:00,1.714974630184984,1.4737755975722835,5156.848563174778,5382.719245407899,768.5193003056326,0.0,0.0,1.3473,7
2025-03-20,6,2025-03-20 06:00:00,120,2025-03-20 19:50:00,2025-03-20 20:00:00,1.720190743860464,1.6897853667850904,4321.515144503731,4531.446822634616,735.3988567745278,0.0,0.0,1.3482,7
2025-03-20,6,2025-03-20 06:00:00,121,2025-03-20 20:00:00,2025-03-20 20:10:00,1.5043629089049564,1.3855494932961836,3484.4449427301,3693.0616076859224,743.6281093779335,0.0,0.0,1.3513,7
2025-03-20,6,2025-03-20 06:00:00,122,2025-03-20 20:10:00,2025-03-20 20:20:00,3.13414387161897,0.0,2685.1535379217225,2870.0385964038387,732.1426956964058,0.0,0.0,1.34,7
2025-03-20,6,2025-03-20 06:00:00,123,2025-03-20 20:20:00,2025-03-20 20:30:00,1.7062588087986124,0.0,1966.0370729704277,2075.404378574155,701.8885938722632,0.0,0.0,1.3489,7
2025-03-20,6,2025-03-20 06:00:00,124,2025-03-20 20:30:00,2025-03-20 20:40:00,0.0,0.0,1200.0,1200.0,722.089073308746,0.0,0.0,1.3952,7
2025-03-20,6,2025-03-20 06:00:00,125,2025-03-20 20:40:00,2025-03-20 20:50:00,733.5823431328558,720.1932374490967,1200.0,1200.0,750.188279241814,0.0,0.0,1.2226,7
2025-03-20,6,2025-03-20 06:00:00,126,2025-03-20 20:50:00,2025-03-20 21:00:00,727.8739203264489,727.8561913556272,1201.7380000638482,1200.2675212620386,745.7602092803735,0.0,0.0,0.9332,7
2025-03-20,6,2025-03-20 06:00:00,127,2025-03-20 21:00:00,2025-03-20 21:10:00,716.6396583361599,716.7253780818127,1229.2080742362193,1200.0,713.0984879029229,0.0,0.0,0.9068,7
2025-03-20,6,2025-03-20 06:00:00,128,2025-03-20 21:10:00,2025-03-20 21:20:00,704.3018709845444,704.278076181346,1211.8456233864165,1200.621436433107,708.0021399837443,0.0,0.0,0.9371,7
2025-03-20,6,2025-03-20 06:00:00,129,2025-03-20 21:20:00,2025-03-20 21:30:00,731.8042940376729,731.7533158391542,1210.545601132487,1200.4791410897396,734.4190213861469,0.0,0.0,0.9371,7
2025-03-20,6,2025-03-20 06:00:00,130,2025-03-20 21:30:00,2025-03-20 21:40:00,702.3345449234117,702.2968610826011,1200.0,1200.0,733.3651323534065,0.0,0.0,0.9871,7
2025-03-20,6,2025-03-20 06:00:00,131,2025-03-20 21:40:00,2025-03-20 21:50:00,640.6552758957788,640.4354914518952,1200.0,1200.0,656.2618139056309,0.0,0.0,0.7764,7
2025-03-20,6,2025-03-20 06:00:00,132,2025-03-20 21:50:00,2025-03-20 22:00:00,593.3317080502355,593.3375867805985,1200.0,1201.0548272508984,562.3002979310363,0.0,0.0,0.4209,7
2025-03-20,6,2025-03-20 06:00:00,133,2025-03-20 22:00:00,2025-03-20 22:10:00,837.5662171300216,839.007648725676,1209.0649450274627,1424.1240943301755,564.5884429584306,0.0,0.0,0.3859,7
2025-03-20,6,2025-03-20 06:00:00,134,2025-03-20 22:10:00,2025-03-20 22:20:00,560.0374343818424,560.0453435705076,1200.0,1271.615759185235,578.2916625060527,0.0,0.0,0.4368,7
2025-03-20,6,2025-03-20 06:00:00,135,2025-03-20 22:20:00,2025-03-20 22:30:00,568.0207594097252,567.5460725226244,1201.3125153729375,1365.6998024910458,564.2995774098935,0.0,0.0,0.4198,7
2025-03-20,6,2025-03-20 06:00:00,136,2025-03-20 22:30:00,2025-03-20 22:40:00,570.2227115923203,570.2100279171995,1200.0788281703735,1285.4184620536084,563.975723545709,0.0,0.0,0.4186,7
2025-03-20,6,2025-03-20 06:00:00,137,2025-03-20 22:40:00,2025-03-20 22:50:00,559.6585014711825,559.5171013517208,1200.0033142232428,1353.1900039788857,557.1386435192198,0.0,0.0,0.4241,7
2025-03-20,6,2025-03-20 06:00:00,138,2025-03-20 22:50:00,2025-03-20 23:00:00,549.4377019124124,549.3082733290018,1200.0157656340748,1323.0289927948995,552.4416765686943,0.0,0.0,0.4237,7
2025-03-20,6,2025-03-20 06:00:00,139,2025-03-20 23:00:00,2025-03-20 23:10:00,579.393835072339,579.4146273359161,1200.0244406940726,1320.913554999768,581.0922788633163,0.0,0.0,0.4248,7
2025-03-20,6,2025-03-20 06:00:00,140,2025-03-20 23:10:00,2025-03-20 23:20:00,583.9628231729064,583.927816638638,1200.1501520067648,1264.0174289316128,586.8685626000226,0.0,0.0,0.424,7
2025-03-20,6,2025-03-20 06:00:00,141,2025-03-20 23:20:00,2025-03-20 23:30:00,578.0477545924635,578.0076529925465,1200.210778846882,1291.468935580002,570.2318275438008,0.0,0.0,0.422,7
2025-03-20,6,2025-03-20 06:00:00,142,2025-03-20 23:30:00,2025-03-20 23:40:00,578.6076714107332,578.620786008617,1200.4229281988469,1269.5904755689428,576.328117448737,0.0,0.0,0.424,7
2025-03-20,6,2025-03-20 06:00:00,143,2025-03-20 23:40:00,2025-03-20 23:50:00,507.7009979011835,507.7005753453271,1202.1380612119042,1230.6713526653805,519.176111542547,0.0,0.0,0.4271,7
2025-03-20,6,2025-03-20 06:00:00,144,2025-03-20 23:50:00,2025-03-21 00:00:00,422.7013439020691,422.34473281783283,1200.0,1200.0,422.1384874225724,0.0,0.0,0.4276,7
2025-03-20,12,2025-03-20 12:00:00,73,2025-03-20 12:00:00,2025-03-20 12:10:00,559.5954518500574,465.4605007702427,7955.87310775116,5698.611731639238,990.4076364196217,1393.646190277778,1393.646190277778,0.4411,7
2025-03-20,12,2025-03-20 12:00:00,74,2025-03-20 12:10:00,2025-03-20 12:20:00,600.135903684908,497.7794173451171,8705.87310775116,6448.611731639238,996.6372812513645,1371.2209041666665,1371.2209041666665,0.4551,7
2025-03-20,12,2025-03-20 12:00:00,75,2025-03-20 12:20:00,2025-03-20 12:30:00,689.7786732895256,537.3149897147765,9455.87310775116,7198.611731639238,1003.539601637798,1348.7956180555555,1348.7956180555555,0.4463,7
2025-03-20,12,2025-03-20 12:00:00,76,2025-03-20 12:30:00,2025-03-20 12:40:00,747.0641686974421,529.2417549484883,10205.87310775116,7948.611731639238,996.6709858620831,1326.3703319444446,1326.3703319444446,0.4113,7
2025-03-20,12,2025-03-20 12:00:00,77,2025-03-20 12:40:00,2025-03-20 12:50:00,0.0,0.0,10800.0,8202.083642592614,1005.1475691695919,1303.9450458333333,1303.9450458333333,0.5682,7
2025-03-20,12,2025-03-20 12:00:00,78,2025-03-20 12:50:00,2025-03-20 13:00:00,18.91966948352152,5.38416225993044,10227.325704530469,8406.860296630119,1036.8281240761144,1281.5197597222223,1281.5197597222223,0.8279,7
2025-03-20,12,2025-03-20 12:00:00,79,2025-03-20 13:00:00,2025-03-20 13:10:00,103.62789078377519,21.463441506418924,9971.832474581059,8552.919251568452,1065.9480323955067,1260.117325,1260.117325,0.8636,7
2025-03-20,12,2025-03-20 12:00:00,80,2025-03-20 13:10:00,2025-03-20 13:20:00,136.13351791618786,49.17870431269077,10503.669899640905,8683.151470411914,1063.153711389808,1239.7377416666666,1239.7377416666666,0.8416,7
2025-03-20,12,2025-03-20 12:00:00,81,2025-03-20 13:20:00,2025-03-20 13:30:00,112.47552106011297,23.73105391784197,10441.73531374118,8809.152578382744,1047.4753623594008,1219.3581583333334,1219.3581583333334,0.8618,7
2025-03-20,12,2025-03-20 12:00:00,82,2025-03-20 13:30:00,2025-03-20 13:40:00,174.62340167820764,23.101161581336036,10599.50773033714,8904.744512368748,1060.883750120316,1198.978575,1198.978575,0.8623,7
2025-03-20,12,2025-03-20 12:00:00,83,2025-03-20 13:40:00,2025-03-20 13:50:00,11.177597694891501,2.587298758429203,9987.48396701132,8995.744659202908,1045.606152511255,1178.5989916666667,1178.5989916666667,0.9026,7
2025-03-20,12,2025-03-20 12:00:00,84,2025-03-20 13:50:00,2025-03-20 14:00:00,0.0,0.0,9733.600445788736,9096.83303744606,1014.0174231679301,1158.2194083333334,1158.2194083333334,0.9754,7
2025-03-20,12,2025-03-20 12:00:00,85,2025-03-20 14:00:00,2025-03-20 14:10:00,0.0,0.0,9646.165411727987,9147.839101937749,1036.743301345186,1124.6538291666666,1124.6538291666666,1.0002,7
2025-03-20,12,2025-03-20 12:00:00,86,2025-03-20 14:10:00,2025-03-20 14:20:00,0.0,0.0,9429.772414837675,9126.022105111952,1039.5791927416178,1077.9022541666666,1077.9022541666666,0.9978,7
2025-03-20,12,2025-03-20 12:00:00,87,2025-03-20 14:20:00,2025-03-20 14:30:00,0.0,0.0,9067.133131467233,9050.852526571156,1016.865502964137,1031.1506791666668,1031.1506791666668,1.0271,7
2025-03-20,12,2025-03-20 12:00:00,88,2025-03-20 14:30:00,2025-03-20 14:40:00,0.0,0.0,8542.785853560417,8890.06911352741,1039.2483045720944,984.3991041666667,984.3991041666667,1.0906,7
2025-03-20,12,2025-03-20 12:00:00,89,2025-03-20 14:40:00,2025-03-20 14:50:00,0.0,0.0,8245.415586414263,8605.759879305417,1061.463506360353,937.6475291666666,937.6475291666666,0.9376,7
2025-03-20,12,2025-03-20 12:00:00,90,2025-03-20 14:50:00,2025-03-20 15:00:00,1265.2929274189141,903.0382182180668,10050.0,9617.44825790739,1055.4308752196514,890.8959541666667,890.8959541666667,0.6694,7
2025-03-20,12,2025-03-20 12:00:00,91,2025-03-20 15:00:00,2025-03-20 15:10:00,1280.6901057481987,951.710835112897,10800.0,10367.44825790739,1039.1888291860998,840.4621805555556,840.4621805555556,0.66,7
2025-03-20,12,2025-03-20 12:00:00,92,2025-03-20 15:10:00,2025-03-20 15:20:00,765.9827556343898,519.1991214394681,10682.863250631806,10800.0,1025.932789402387,786.3462083333334,786.3462083333334,0.7217,7
2025-03-20,12,2025-03-20 12:00:00,93,2025-03-20 15:20:00,2025-03-20 15:30:00,595.526720795185,403.1008599213026,10741.788700497089,10696.28933272748,1026.6474956332588,732.2302361111111,732.2302361111111,0.7308,7
2025-03-20,12,2025-03-20 12:00:00,94,2025-03-20 15:30:00,2025-03-20 15:40:00,638.5563761199103,490.6103389422775,10694.508290387574,10759.11150149124,1039.737859721638,678.1142638888888,678.1142638888888,0.7534,7
2025-03-20,12,2025-03-20 12:00:00,95,2025-03-20 15:40:00,2025-03-20 15:50:00,612.1836392909795,493.73493798790446,10479.000843199947,10739.189189494975,1018.5864707219037,623.9982916666667,623.9982916666667,0.7823,7
2025-03-20,12,2025-03-20 12:00:00,96,2025-03-20 15:50:00,2025-03-20 16:00:00,688.9254582918073,550.9944743371962,10752.041678067711,10653.50810381998,982.1685031432592,569.8823194444444,569.8823194444444,0.8055,7
2025-03-20,12,2025-03-20 12:00:00,97,2025-03-20 16:00:00,2025-03-20 16:10:00,740.4468138329119,588.3265652856538,10684.32210521037,10727.227086238821,997.1322952305377,516.9726888888889,516.9726888888889,0.8271,7
2025-03-20,12,2025-03-20 12:00:00,98,2025-03-20 16:10:00,2025-03-20 16:20:00,726.8221189928558,609.4771058264402,10494.384722323875,10699.110848150982,1015.6908742698067,465.26939999999996,465.26939999999996,0.8519,7
2025-03-20,12,2025-03-20 12:00:00,99,2025-03-20 16:20:00,2025-03-20 16:30:00,755.8464492718492,645.7274073767451,10331.613103872805,10641.012191152124,1011.6343906531529,413.56611111111107,413.56611111111107,0.8791,7
2025-03-20,12,2025-03-20 12:00:00,100,2025-03-20 16:30:00,2025-03-20 16:40:00,757.9357108163973,699.758576331442,10220.220232539772,10697.65207424923,1006.6450627307177,361.8628222222222,361.8628222222222,0.9024,7
2025-03-20,12,2025-03-20 12:00:00,101,2025-03-20 16:40:00,2025-03-20 16:50:00,787.5070396824838,769.4681716164476,10443.438870306476,10628.481234277247,1009.9118438147989,310.15953333333334,310.15953333333334,0.9163,7
2025-03-20,12,2025-03-20 12:00:00,102,2025-03-20 16:50:00,2025-03-20 17:00:00,838.4778268347587,823.3275548361025,10369.830067253064,10701.485712540942,1028.2995876293267,258.45624444444445,258.45624444444445,0.9264,7
2025-03-20,12,2025-03-20 12:00:00,103,2025-03-20 17:00:00,2025-03-20 17:10:00,878.0243332028862,877.9995998882807,10123.051496058653,10488.021918864519,1054.5518305044452,213.22088333333332,213.22088333333332,0.9462,7
2025-03-20,12,2025-03-20 12:00:00,104,2025-03-20 17:10:00,2025-03-20 17:20:00,891.834926086721,891.6704825747001,10078.859012362609,10487.581661844606,1025.0996585695195,174.45344999999998,174.45344999999998,0.9742,7
2025-03-20,12,2025-03-20 12:00:00,105,2025-03-20 17:20:00,2025-03-20 17:30:00,923.7345205064921,923.6974471254166,10178.312083254925,10630.30556748279,989.9770699803444,135.68601666666666,135.68601666666666,0.9862,7
2025-03-20,12,2025-03-20 12:00:00,106,2025-03-20 17:30:00,2025-03-20 17:40:00,1011.7961088972462,1011.797919029331,10348.142730036956,10635.238833280617,1040.5749875279337,96.91858333333333,96.91858333333333,0.976,7
2025-03-20,12,2025-03-20 12:00:00,107,2025-03-20 17:40:00,2025-03-20 17:50:00,913.3641939203109,912.6974688979035,9949.502893159068,10531.634038184076,938.9211835534213,58.151149999999994,58.151149999999994,1.0742,7
2025-03-20,12,2025-03-20 12:00:00,108,2025-03-20 17:50:00,2025-03-20 18:00:00,669.802000550876,669.5521069823,9909.28377889848,10319.696632956138,727.1457563042566,19.38371666666666,19.38371666666666,1.2313,7
2025-03-20,12,2025-03-20 12:00:00,109,2025-03-20 18:00:00,2025-03-20 18:10:00,690.5670849027963,690.5553553891278,10156.856395751667,10330.051741124855,701.8792937774591,0.0,0.0,1.2561,7
2025-03-20,12,2025-03-20 12:00:00,110,2025-03-20 18:10:00,2025-03-20 18:20:00,743.3495926880885,742.5349856297452,10454.609064770211,10525.9050381716,729.2942393688489,0.0,0.0,1.2447,7
2025-03-20,12,2025-03-20 12:00:00,111,2025-03-20 18:20:00,2025-03-20 18:30:00,702.9050769967051,702.899591410627,10023.420787628454,10391.746420667248,721.5022981294178,0.0,0.0,1.2545,7
2025-03-20,12,2025-03-20 12:00:00,112,2025-03-20 18:30:00,2025-03-20 18:40:00,742.2362109515462,742.2174374365694,10365.276554178181,10529.54318434027,728.9145336937953,0.0,0.0,1.2522,7
2025-03-20,12,2025-03-20 12:00:00,113,2025-03-20 18:40:00,2025-03-20 18:50:00,720.3593385503286,720.354187370197,10229.828106400793,10501.28112609564,727.0505180597081,0.0,0.0,1.2881,7
2025-03-20,12,2025-03-20 12:00:00,114,2025-03-20 18:50:00,2025-03-20 19:00:00,23.419197396956662,23.359857011002962,9205.151471514093,9629.73037573508,719.1927923782297,0.0,0.0,1.3466,7
2025-03-20,12,2025-03-20 12:00:00,115,2025-03-20 19:00:00,2025-03-20 19:10:00,30.050235362729847,30.037033471009554,8440.855256527004,8843.026064755555,737.7335269153341,0.0,0.0,1.3523,7
2025-03-20,12,2025-03-20 12:00:00,116,2025-03-20 19:10:00,2025-03-20 19:20:00,6.755051308034895,6.737367193154638,7607.062624021364,8018.274364225389,741.58026886971,0.0,0.0,1.3445,7
2025-03-20,12,2025-03-20 12:00:00,117,2025-03-20 19:20:00,2025-03-20 19:30:00,1.453545346998897,1.4158233799964195,6799.186584290321,7206.224578295424,737.759758959681,0.0,0.0,1.3483,7
2025-03-20,12,2025-03-20 12:00:00,118,2025-03-20 19:30:00,2025-03-20 19:40:00,2.428963872861839,1.7950245211621727,5956.770192668889,6339.80327553447,770.4005375784776,0.0,0.0,1.349,7
2025-03-20,12,2025-03-20 12:00:00,119,2025-03-20 19:40:00,2025-03-20 19:50:00,1.714974630184984,0.01319467971613994,5156.848563174778,5442.343656421583,768.5193003056326,0.0,0.0,1.3473,7
2025-03-20,12,2025-03-20 12:00:00,120,2025-03-20 19:50:00,2025-03-20 20:00:00,1.720190743860464,0.012463608416094663,4321.515144503731,4581.622635879063,735.3988567745278,0.0,0.0,1.3482,7
2025-03-20,12,2025-03-20 12:00:00,121,2025-03-20 20:00:00,2025-03-20 20:10:00,1.5043629089049564,0.009945473938160273,3484.4449427301,3713.052600247044,743.6281093779335,0.0,0.0,1.3513,7
2025-03-20,12,2025-03-20 12:00:00,122,2025-03-20 20:10:00,2025-03-20 20:20:00,3.13414387161897,0.03232324595064921,2685.1535379217225,2864.91018142443,732.1426956964058,0.0,0.0,1.34,7
2025-03-20,12,2025-03-20 12:00:00,123,2025-03-20 20:20:00,2025-03-20 20:30:00,1.7062588087986124,0.011894997404948109,1966.0370729704277,2051.707559014005,701.8885938722632,0.0,0.0,1.3489,7
2025-03-20,12,2025-03-20 12:00:00,124,2025-03-20 20:30:00,2025-03-20 20:40:00,0.0,0.0,1200.0,1200.0,722.089073308746,0.0,0.0,1.3952,7
2025-03-20,12,2025-03-20 12:00:00,125,2025-03-20 20:40:00,2025-03-20 20:50:00,733.5823431328558,648.3664112050413,1200.0,1200.0,750.188279241814,0.0,0.0,1.2226,7
2025-03-20,12,2025-03-20 12:00:00,126,2025-03-20 20:50:00,2025-03-20 21:00:00,727.8739203264489,727.8816208762287,1201.7380000638482,1200.3438632578257,745.7602092803735,0.0,0.0,0.9332,7
2025-03-20,12,2025-03-20 12:00:00,127,2025-03-20 21:00:00,2025-03-20 21:10:00,716.6396583361599,716.5981890730213,1229.2080742362193,1200.1480013630248,713.0984879029229,0.0,0.0,0.9068,7
2025-03-20,12,2025-03-20 12:00:00,128,2025-03-20 21:10:00,2025-03-20 21:20:00,704.3018709845444,704.2984743857055,1211.8456233864165,1200.1976696640706,708.0021399837443,0.0,0.0,0.9371,7
2025-03-20,12,2025-03-20 12:00:00,129,2025-03-20 21:20:00,2025-03-20 21:30:00,731.8042940376729,731.8065975133763,1210.545601132487,1200.244226671658,734.4190213861469,0.0,0.0,0.9371,7
2025-03-20,12,2025-03-20 12:00:00,130,2025-03-20 21:30:00,2025-03-20 21:40:00,702.3345449234117,702.3408189762469,1200.0,1200.0,733.3651323534065,0.0,0.0,0.9871,7
2025-03-20,12,2025-03-20 12:00:00,131,2025-03-20 21:40:00,2025-03-20 21:50:00,640.6552758957788,640.6543193052225,1200.0,1200.0,656.2618139056309,0.0,0.0,0.7764,7
2025-03-20,12,2025-03-20 12:00:00,132,2025-03-20 21:50:00,2025-03-20 22:00:00,593.3317080502355,593.3323157228828,1200.0,1200.1674825218333,562.3002979310363,0.0,0.0,0.4209,7
2025-03-20,12,2025-03-20 12:00:00,133,2025-03-20 22:00:00,2025-03-20 22:10:00,837.5662171300216,837.5686278487582,1209.0649450274627,1424.1240943301755,564.5884429584306,0.0,0.0,0.3859,7
2025-03-20,12,2025-03-20 12:00:00,134,2025-03-20 22:10:00,2025-03-20 22:20:00,560.0374343818424,560.0306533952747,1200.0,1355.099382355976,578.2916625060527,0.0,0.0,0.4368,7
2025-03-20,12,2025-03-20 12:00:00,135,2025-03-20 22:20:00,2025-03-20 22:30:00,568.0207594097252,568.0222932230467,1201.3125153729375,1377.2146764251643,564.2995774098935,0.0,0.0,0.4198,7
2025-03-20,12,2025-03-20 12:00:00,136,2025-03-20 22:30:00,2025-03-20 22:40:00,570.2227115923203,570.1208219339456,1200.0788281703735,1354.7447731769983,563.975723545709,0.0,0.0,0.4186,7
2025-03-20,12,2025-03-20 12:00:00,137,2025-03-20 22:40:00,2025-03-20 22:50:00,559.6585014711825,559.6563155163144,1200.0033142232428,1353.4170103751937,557.1386435192198,0.0,0.0,0.4241,7
2025-03-20,12,2025-03-20 12:00:00,138,2025-03-20 22:50:00,2025-03-20 23:00:00,549.4377019124124,548.5562242666831,1200.0157656340748,1351.2143187168322,552.4416765686943,0.0,0.0,0.4237,7
2025-03-20,12,2025-03-20 12:00:00,139,2025-03-20 23:00:00,2025-03-20 23:10:00,579.393835072339,579.3942142745931,1200.0244406940726,1321.7107064516174,581.0922788633163,0.0,0.0,0.4248,7
2025-03-20,12,2025-03-20 12:00:00,140,2025-03-20 23:10:00,2025-03-20 23:20:00,583.9628231729064,583.9681623454014,1200.1501520067648,1289.9814191345813,586.8685626000226,0.0,0.0,0.424,7
2025-03-20,12,2025-03-20 12:00:00,141,2025-03-20 23:20:00,2025-03-20 23:30:00,578.0477545924635,578.0436563136072,1200.210778846882,1291.4782098009398,570.2318275438008,0.0,0.0,0.422,7
2025-03-20,12,2025-03-20 12:00:00,142,2025-03-20 23:30:00,2025-03-20 23:40:00,578.6076714107332,578.597178996791,1200.4229281988469,1267.2725727230973,576.328117448737,0.0,0.0,0.424,7
2025-03-20,12,2025-03-20 12:00:00,143,2025-03-20 23:40:00,2025-03-20 23:50:00,507.7009979011835,507.70338751221556,1202.1380612119042,1212.0136440890476,519.176111542547,0.0,0.0,0.4271,7
2025-03-20,12,2025-03-20 12:00:00,144,2025-03-20 23:50:00,2025-03-21 00:00:00,422.7013439020691,422.6980802798373,1200.0,1200.0,422.1384874225724,0.0,0.0,0.4276,7
2025-03-20,18,2025-03-20 18:00:00,109,2025-03-20 18:00:00,2025-03-20 18:10:00,690.5670849027963,690.4893524833717,10156.856395751667,10693.523469417785,701.8792937774591,0.0,0.0,1.2561,7
2025-03-20,18,2025-03-20 18:00:00,110,2025-03-20 18:10:00,2025-03-20 18:20:00,743.3495926880885,742.1672210447357,10454.609064770211,10671.22621341948,729.2942393688489,0.0,0.0,1.2447,7
2025-03-20,18,2025-03-20 18:00:00,111,2025-03-20 18:20:00,2025-03-20 18:30:00,702.9050769967051,702.8153121005785,10023.420787628454,10611.738147209559,721.5022981294178,0.0,0.0,1.2545,7
2025-03-20,18,2025-03-20 18:00:00,112,2025-03-20 18:30:00,2025-03-20 18:40:00,742.2362109515462,742.2582229593777,10365.276554178181,10644.496434766283,728.9145336937953,0.0,0.0,1.2522,7
2025-03-20,18,2025-03-20 18:00:00,113,2025-03-20 18:40:00,2025-03-20 18:50:00,720.3593385503286,702.8839748096897,10229.828106400793,10593.436770451532,727.0505180597081,0.0,0.0,1.2881,7
2025-03-20,18,2025-03-20 18:00:00,114,2025-03-20 18:50:00,2025-03-20 19:00:00,23.419197396956662,9.952030074212692,9205.151471514093,9790.873205399907,719.1927923782297,0.0,0.0,1.3466,7
2025-03-20,18,2025-03-20 18:00:00,115,2025-03-20 19:00:00,2025-03-20 19:10:00,30.050235362729847,21.9209683130389,8440.855256527004,8963.997483324558,737.7335269153341,0.0,0.0,1.3523,7
2025-03-20,18,2025-03-20 18:00:00,116,2025-03-20 19:10:00,2025-03-20 19:20:00,6.755051308034895,0.060587984869914936,7607.062624021364,8097.352043117532,741.58026886971,0.0,0.0,1.3445,7
2025-03-20,18,2025-03-20 18:00:00,117,2025-03-20 19:20:00,2025-03-20 19:30:00,1.453545346998897,0.0,6799.186584290321,7231.716738125994,737.759758959681,0.0,0.0,1.3483,7
2025-03-20,18,2025-03-20 18:00:00,118,2025-03-20 19:30:00,2025-03-20 19:40:00,2.428963872861839,0.06752571418941881,5956.770192668889,6340.067675494408,770.4005375784776,0.0,0.0,1.349,7
2025-03-20,18,2025-03-20 18:00:00,119,2025-03-20 19:40:00,2025-03-20 19:50:00,1.714974630184984,0.0,5156.848563174778,5442.203679971689,768.5193003056326,0.0,0.0,1.3473,7
2025-03-20,18,2025-03-20 18:00:00,120,2025-03-20 19:50:00,2025-03-20 20:00:00,1.720190743860464,0.0,4321.515144503731,4581.140494775864,735.3988567745278,0.0,0.0,1.3482,7
2025-03-20,18,2025-03-20 18:00:00,121,2025-03-20 20:00:00,2025-03-20 20:10:00,1.5043629089049564,0.0,3484.4449427301,3714.8100823328596,743.6281093779335,0.0,0.0,1.3513,7
2025-03-20,18,2025-03-20 18:00:00,122,2025-03-20 20:10:00,2025-03-20 20:20:00,3.13414387161897,0.0,2685.1535379217225,2863.5259698699974,732.1426956964058,0.0,0.0,1.34,7
2025-03-20,18,2025-03-20 18:00:00,123,2025-03-20 20:20:00,2025-03-20 20:30:00,1.7062588087986124,0.0,1966.0370729704277,2044.506548343376,701.8885938722632,0.0,0.0,1.3489,7
2025-03-20,18,2025-03-20 18:00:00,124,2025-03-20 20:30:00,2025-03-20 20:40:00,0.0,0.0,1200.0,1200.0,722.089073308746,0.0,0.0,1.3952,7
2025-03-20,18,2025-03-20 18:00:00,125,2025-03-20 20:40:00,2025-03-20 20:50:00,733.5823431328558,707.1098860569882,1200.0,1200.0,750.188279241814,0.0,0.0,1.2226,7
2025-03-20,18,2025-03-20 18:00:00,126,2025-03-20 20:50:00,2025-03-20 21:00:00,727.8739203264489,726.4882211878247,1201.7380000638482,1200.0361715774252,745.7602092803735,0.0,0.0,0.9332,7
2025-03-20,18,2025-03-20 18:00:00,127,2025-03-20 21:00:00,2025-03-20 21:10:00,716.6396583361599,716.639658281802,1229.2080742362193,1200.0711166651213,713.0984879029229,0.0,0.0,0.9068,7
2025-03-20,18,2025-03-20 18:00:00,128,2025-03-20 21:10:00,2025-03-20 21:20:00,704.3018709845444,704.2988779857213,1211.8456233864165,1200.034104241784,708.0021399837443,0.0,0.0,0.9371,7
2025-03-20,18,2025-03-20 18:00:00,129,2025-03-20 21:20:00,2025-03-20 21:30:00,731.8042940376729,731.8036267660003,1210.545601132487,1200.1173542328734,734.4190213861469,0.0,0.0,0.9371,7
2025-03-20,18,2025-03-20 18:00:00,130,2025-03-20 21:30:00,2025-03-20 21:40:00,702.3345449234117,702.243272561593,1200.0,1200.0,733.3651323534065,0.0,0.0,0.9871,7
2025-03-20,18,2025-03-20 18:00:00,131,2025-03-20 21:40:00,2025-03-20 21:50:00,640.6552758957788,640.644168886091,1200.0,1200.0,656.2618139056309,0.0,0.0,0.7764,7
2025-03-20,18,2025-03-20 18:00:00,132,2025-03-20 21:50:00,2025-03-20 22:00:00,593.3317080502355,593.3635355716062,1200.0,1200.0198366260288,562.3002979310363,0.0,0.0,0.4209,7
2025-03-20,18,2025-03-20 18:00:00,133,2025-03-20 22:00:00,2025-03-20 22:10:00,837.5662171300216,837.5510381770864,1209.0649450274627,1424.1240943301755,564.5884429584306,0.0,0.0,0.3859,7
2025-03-20,18,2025-03-20 18:00:00,134,2025-03-20 22:10:00,2025-03-20 22:20:00,560.0374343818424,559.9859193796055,1200.0,1377.2179713504302,578.2916625060527,0.0,0.0,0.4368,7
2025-03-20,18,2025-03-20 18:00:00,135,2025-03-20 22:20:00,2025-03-20 22:30:00,568.0207594097252,567.9922888912523,1201.3125153729375,1377.2269445142565,564.2995774098935,0.0,0.0,0.4198,7
2025-03-20,18,2025-03-20 18:00:00,136,2025-03-20 22:30:00,2025-03-20 22:40:00,570.2227115923203,570.2383411664113,1200.0788281703735,1376.5485155836825,563.975723545709,0.0,0.0,0.4186,7
2025-03-20,18,2025-03-20 18:00:00,137,2025-03-20 22:40:00,2025-03-20 22:50:00,559.6585014711825,559.6762846182589,1200.0033142232428,1353.4170103751937,557.1386435192198,0.0,0.0,0.4241,7
2025-03-20,18,2025-03-20 18:00:00,138,2025-03-20 22:50:00,2025-03-20 23:00:00,549.4377019124124,549.4236874018931,1200.0157656340748,1351.137044263774,552.4416765686943,0.0,0.0,0.4237,7
2025-03-20,18,2025-03-20 18:00:00,139,2025-03-20 23:00:00,2025-03-20 23:10:00,579.393835072339,579.4963104262446,1200.0244406940726,1321.9458799992917,581.0922788633163,0.0,0.0,0.4248,7
2025-03-20,18,2025-03-20 18:00:00,140,2025-03-20 23:10:00,2025-03-20 23:20:00,583.9628231729064,584.0239677031842,1200.1501520067648,1290.9919362183741,586.8685626000226,0.0,0.0,0.424,7
2025-03-20,18,2025-03-20 18:00:00,141,2025-03-20 23:20:00,2025-03-20 23:30:00,578.0477545924635,578.0585903176415,1200.210778846882,1291.455807878788,570.2318275438008,0.0,0.0,0.422,7
2025-03-20,18,2025-03-20 18:00:00,142,2025-03-20 23:30:00,2025-03-20 23:40:00,578.6076714107332,578.6130572759489,1200.4229281988469,1266.7433478012626,576.328117448737,0.0,0.0,0.424,7
2025-03-20,18,2025-03-20 18:00:00,143,2025-03-20 23:40:00,2025-03-20 23:50:00,507.7009979011835,507.724673304661,1202.1380612119042,1221.9754969603007,519.176111542547,0.0,0.0,0.4271,7
2025-03-20,18,2025-03-20 18:00:00,144,2025-03-20 23:50:00,2025-03-21 00:00:00,422.7013439020691,422.67984073294815,1200.0,1200.0,422.1384874225724,0.0,0.0,0.4276,7
2025-06-21,0,2025-06-21 00:00:00,1,2025-06-21 00:00:00,2025-06-21 00:10:00,609.162511613203,609.162511613203,3661.844965646876,3661.844965646876,548.1673706492941,0.0,0.0,0.4248,7
2025-06-21,0,2025-06-21 00:00:00,2,2025-06-21 00:10:00,2025-06-21 00:20:00,541.0144249725676,541.0144249725676,3577.9259929453297,3577.9259929453297,533.7440957531344,0.0,0.0,0.4245,7
2025-06-21,0,2025-06-21 00:00:00,3,2025-06-21 00:20:00,2025-06-21 00:30:00,558.9293765868448,558.9293765868448,3661.9319966021876,3661.9319966021876,516.1181115193499,0.0,0.0,0.4269,7
2025-06-21,0,2025-06-21 00:00:00,4,2025-06-21 00:30:00,2025-06-21 00:40:00,557.3557966365289,557.3557966365289,3662.1897673300195,3662.1897673300195,522.993737845903,0.0,0.0,0.4272,7
2025-06-21,0,2025-06-21 00:00:00,5,2025-06-21 00:40:00,2025-06-21 00:50:00,553.7773290756661,553.7773290756661,3662.0458791305173,3662.0458791305173,526.4533150778775,0.0,0.0,0.4271,7
2025-06-21,0,2025-06-21 00:00:00,6,2025-06-21 00:50:00,2025-06-21 01:00:00,550.1652058409595,550.1652058409595,3617.1760660777713,3617.1760660777713,520.2259065962041,0.0,0.0,0.4285,7
2025-06-21,0,2025-06-21 00:00:00,7,2025-06-21 01:00:00,2025-06-21 01:10:00,545.1462699695098,545.1462699695098,3589.5358484586814,3589.5358484586814,521.9905119006283,0.0,0.0,0.4311,7
2025-06-21,0,2025-06-21 00:00:00,8,2025-06-21 01:10:00,2025-06-21 01:20:00,541.1337291849715,541.1337291849715,3662.3817565371432,3662.3817565371432,504.57480129054414,0.0,0.0,0.4302,7
2025-06-21,0,2025-06-21 00:00:00,9,2025-06-21 01:20:00,2025-06-21 01:30:00,527.360041366434,527.360041366434,3662.1979753054334,3662.1979753054334,484.0911596370474,0.0,0.0,0.4279,7
2025-06-21,0,2025-06-21 00:00:00,10,2025-06-21 01:30:00,2025-06-21 01:40:00,531.925498053559,531.925498053559,3662.5613904691945,3662.5613904691945,501.37234667709487,0.0,0.0,0.4312,7
2025-06-21,0,2025-06-21 00:00:00,11,2025-06-21 01:40:00,2025-06-21 01:50:00,496.18638207086656,496.18638207086656,3658.329268684092,3658.329268684092,482.0647613128047,0.0,0.0,0.4333,7
2025-06-21,0,2025-06-21 00:00:00,12,2025-06-21 01:50:00,2025-06-21 02:00:00,473.59006165741255,473.59006165741255,3661.675392131691,3661.675392131691,447.4134431464742,0.0,0.0,0.4311,7
2025-06-21,0,2025-06-21 00:00:00,13,2025-06-21 02:00:00,2025-06-21 02:10:00,527.5477759521679,527.5477759521679,3659.1864513700793,3659.1864513700793,490.66620868642593,0.0,0.0,0.4293,7
2025-06-21,0,2025-06-21 00:00:00,14,2025-06-21 02:10:00,2025-06-21 02:20:00,527.2770346697434,527.2770346697434,3659.3743696539764,3659.3743696539764,499.73580764667804,0.0,0.0,0.4324,7
2025-06-21,0,2025-06-21 00:00:00,15,2025-06-21 02:20:00,2025-06-21 02:30:00,489.4606731263007,489.4606731263007,3661.708770481176,3661.708770481176,461.0562630053967,0.0,0.0,0.4367,7
2025-06-21,0,2025-06-21 00:00:00,16,2025-06-21 02:30:00,2025-06-21 02:40:00,499.19936497111104,499.19936497111104,3661.8742217230906,3661.8742217230906,471.8847201695005,0.0,0.0,0.4348,7
2025-06-21,0,2025-06-21 00:00:00,17,2025-06-21 02:40:00,2025-06-21 02:50:00,498.73955596593134,498.73955596593134,3663.109136149086,3663.109136149086,471.78985938914843,0.0,0.0,0.4335,7
2025-06-21,0,2025-06-21 00:00:00,18,2025-06-21 02:50:00,2025-06-21 03:00:00,469.9318997321163,469.9318997321163,3661.8967173933925,3661.8967173933925,448.7526345589911,0.0,0.0,0.4357,7
2025-06-21,0,2025-06-21 00:00:00,19,2025-06-21 03:00:00,2025-06-21 03:10:00,458.1720347157559,458.1720347157559,3525.352011935242,3525.352011935242,457.8576564547201,0.0,0.0,0.4374,7
2025-06-21,0,2025-06-21 00:00:00,20,2025-06-21 03:10:00,2025-06-21 03:20:00,480.46864829859084,480.46864829859084,3632.512154154517,3632.512154154517,466.63219101842407,0.0,0.0,0.4371,7
2025-06-21,0,2025-06-21 00:00:00,21,2025-06-21 03:20:00,2025-06-21 03:30:00,474.7766601441279,474.7766601441279,3671.3144212876227,3671.3144212876227,465.5276949910321,0.0,0.0,0.4356,7
2025-06-21,0,2025-06-21 00:00:00,22,2025-06-21 03:30:00,2025-06-21 03:40:00,486.22500561215793,486.22500561215793,3692.98674298206,3692.98674298206,479.6589541034965,0.0,0.0,0.4353,7
2025-06-21,0,2025-06-21 00:00:00,23,2025-06-21 03:40:00,2025-06-21 03:50:00,490.2393521571635,490.2393521571635,3692.3010015594136,3692.3010015594136,489.9974247346458,0.0,0.0,0.436,7
2025-06-21,0,2025-06-21 00:00:00,24,2025-06-21 03:50:00,2025-06-21 04:00:00,467.8074511373435,467.8074511373435,3630.803234944346,3630.803234944346,474.8829713917944,0.0,0.0,0.4378,7
2025-06-21,0,2025-06-21 00:00:00,25,2025-06-21 04:00:00,2025-06-21 04:10:00,424.22602074152513,424.22602074152513,3597.3099859626336,3597.3099859626336,436.7978612978053,11.36631441056911,0.09674305555555555,0.4401,7
2025-06-21,0,2025-06-21 00:00:00,26,2025-06-21 04:10:00,2025-06-21 04:20:00,407.0095042515086,407.0095042515086,3518.203301278071,3518.203301278071,435.51018446185344,11.559800521680222,0.29022916666666665,0.4389,7
2025-06-21,0,2025-06-21 00:00:00,27,2025-06-21 04:20:00,2025-06-21 04:30:00,459.5590988445767,459.5590988445767,3599.058514322612,3599.058514322612,461.87675223240313,11.753286632791333,0.4837152777777778,0.4364,7
2025-06-21,0,2025-06-21 00:00:00,28,2025-06-21 04:30:00,2025-06-21 04:40:00,438.3716783850043,438.3716783850043,3457.94375912826,3457.94375912826,450.20887895152697,11.946772743902445,0.6772013888888888,0.4393,7
2025-06-21,0,2025-06-21 00:00:00,29,2025-06-21 04:40:00,2025-06-21 04:50:00,432.3235547029724,432.3235547029724,3646.5746838541045,3646.5746838541045,438.72297016254504,12.140258855013556,0.8706875,0.4422,7
2025-06-21,0,2025-06-21 00:00:00,30,2025-06-21 04:50:00,2025-06-21 05:00:00,411.60120396369666,411.60120396369666,3645.381420579946,3645.381420579946,436.73393874292555,12.333744966124666,1.064173611111111,0.4395,7
2025-06-21,0,2025-06-21 00:00:00,31,2025-06-21 05:00:00,2025-06-21 05:10:00,384.3509049049737,384.3509049049737,3643.7784071826677,3643.7784071826677,417.55995842453325,24.27043663279133,13.000865277777777,0.4333,7
2025-06-21,0,2025-06-21 00:00:00,32,2025-06-21 05:10:00,2025-06-21 05:20:00,79.65532588626004,79.65532588626004,3186.9550644162473,3186.9550644162473,430.40486956818233,47.95033385501355,36.68076249999999,0.4439,7
2025-06-21,0,2025-06-21 00:00:00,33,2025-06-21 05:20:00,2025-06-21 05:30:00,378.92509064004423,378.92509064004423,3161.7274947268443,3161.7274947268443,469.1468676088172,71.63023107723578,60.360659722222216,0.4301,7
2025-06-21,0,2025-06-21 00:00:00,34,2025-06-21 05:30:00,2025-06-21 05:40:00,417.71711844805293,417.71711844805293,3467.506046776921,3467.506046776921,472.7683408674783,95.310128299458,84.04055694444445,0.3713,7
2025-06-21,0,2025-06-21 00:00:00,35,2025-06-21 05:40:00,2025-06-21 05:50:00,0.0,0.0,2821.937806411749,2821.937806411749,459.8187537524208,118.99002552168022,107.72045416666667,0.5708,7
2025-06-21,0,2025-06-21 00:00:00,36,2025-06-21 05:50:00,2025-06-21 06:00:00,0.0,0.0,2334.67520422739,2334.67520422739,458.40405159822404,142.66992274390245,131.40035138888888,0.9099,7
2025-06-21,0,2025-06-21 00:00:00,37,2025-06-21 06:00:00,2025-06-21 06:10:00,0.0,0.0,1941.6228546768152,1941.6228546768152,473.6819230320887,177.74923663279137,166.4796652777778,0.9368,7
2025-06-21,0,2025-06-21 00:00:00,38,2025-06-21 06:10:00,2025-06-21 06:20:00,0.0,0.0,1731.737545474617,1731.737545474617,465.99767543152853,224.22796718834692,212.95839583333336,0.8758,7
2025-06-21,0,2025-06-21 00:00:00,39,2025-06-21 06:20:00,2025-06-21 06:30:00,0.0,0.0,1524.579756541951,1524.579756541951,438.0086477651955,270.70669774390245,259.4371263888889,0.8759,7
2025-06-21,0,2025-06-21 00:00:00,40,2025-06-21 06:30:00,2025-06-21 06:40:00,0.0,0.0,1390.119247792549,1390.119247792549,437.1702629933772,317.185428299458,305.91585694444444,0.8601,7
2025-06-21,0,2025-06-21 00:00:00,41,2025-06-21 06:40:00,2025-06-21 06:50:00,0.0,0.0,1264.1489539339236,1264.1489539339236,475.2815807188668,363.66415885501357,352.3945875,0.8442,7
2025-06-21,0,2025-06-21 00:00:00,42,2025-06-21 06:50:00,2025-06-21 07:00:00,0.0,0.0,1200.0,1200.0,525.551744306038,410.1428894105691,398.87331805555556,0.8334,7
2025-06-21,0,2025-06-21 00:00:00,43,2025-06-21 07:00:00,2025-06-21 07:10:00,0.0,0.0,1200.0,1200.0,544.6115108898315,452.8366352439025,441.5670638888889,0.8092,7
2025-06-21,0,2025-06-21 00:00:00,44,2025-06-21 07:10:00,2025-06-21 07:20:00,0.0,0.0,1200.0,1200.0,539.1937409732561,491.74539635501355,480.475825,0.7972,7
2025-06-21,0,2025-06-21 00:00:00,45,2025-06-21 07:20:00,2025-06-21 07:30:00,0.0,0.0,1200.0,1200.0,530.2303106512974,530.6541574661247,519.3845861111112,0.7644,7
2025-06-21,0,2025-06-21 00:00:00,46,2025-06-21 07:30:00,2025-06-21 07:40:00,0.0,0.0,1202.9825452769471,1202.9825452769471,532.92252438573,569.5629185772358,558.2933472222222,0.6899,7
2025-06-21,0,2025-06-21 00:00:00,47,2025-06-21 07:40:00,2025-06-21 07:50:00,0.0,0.0,1200.007418492309,1200.007418492309,534.9079013423324,608.471679688347,597.2021083333334,0.86,7
2025-06-21,0,2025-06-21 00:00:00,48,2025-06-21 07:50:00,2025-06-21 08:00:00,0.0,0.0,1200.0,1200.0,534.5248909262978,647.380440799458,636.1108694444445,1.1617,7
2025-06-21,0,2025-06-21 00:00:00,49,2025-06-21 08:00:00,2025-06-21 08:10:00,0.0,0.0,1200.0,1200.0,540.8160407378639,674.966528299458,663.6969569444444,1.1683,7
2025-06-21,0,2025-06-21 00:00:00,50,2025-06-21 08:10:00,2025-06-21 08:20:00,0.0,0.0,1200.0,1200.0,536.3563744549227,691.229942188347,679.9603708333334,1.0956,7
2025-06-21,0,2025-06-21 00:00:00,51,2025-06-21 08:20:00,2025-06-21 08:30:00,0.0,0.0,1200.0,1200.0,522.9241025932259,707.4933560772358,696.2237847222223,1.0849,7
2025-06-21,0,2025-06-21 00:00:00,52,2025-06-21 08:30:00,2025-06-21 08:40:00,0.0,0.0,1200.0,1200.0,526.4198278446803,723.7567699661247,712.4871986111111,1.061,7
2025-06-21,0,2025-06-21 00:00:00,53,2025-06-21 08:40:00,2025-06-21 08:50:00,0.0,0.0,1200.0,1200.0,563.7164608606718,740.0201838550136,728.7506125,1.043,7
2025-06-21,0,2025-06-21 00:00:00,54,2025-06-21 08:50:00,2025-06-21 09:00:00,0.0,0.0,1200.0,1200.0,615.8530376270033,756.2835977439024,745.0140263888889,1.036,7
2025-06-21,0,2025-06-21 00:00:00,55,2025-06-21 09:00:00,2025-06-21 09:10:00,0.0,0.0,1200.0,1200.0,642.1433448631116,795.3073394105689,784.0377680555554,1.0147,7
2025-06-21,0,2025-06-21 00:00:00,56,2025-06-21 09:10:00,2025-06-21 09:20:00,0.0,0.0,1200.0,1200.0,647.766598033343,857.0914088550136,845.8218375,0.9922,7
2025-06-21,0,2025-06-21 00:00:00,57,2025-06-21 09:20:00,2025-06-21 09:30:00,0.0,0.0,1200.0,1200.0,640.6828145385562,918.8754782994581,907.6059069444445,0.97,7
2025-06-21,0,2025-06-21 00:00:00,58,2025-06-21 09:30:00,2025-06-21 09:40:00,0.0,0.0,1200.0,1200.0,624.34857897674,980.6595477439024,969.3899763888888,0.9422,7
2025-06-21,0,2025-06-21 00:00:00,59,2025-06-21 09:40:00,2025-06-21 09:50:00,0.0,0.0,1200.0,1200.0,619.6784781257456,1042.443617188347,1031.1740458333334,0.9569,7
2025-06-21,0,2025-06-21 00:00:00,60,2025-06-21 09:50:00,2025-06-21 10:00:00,0.0,0.0,1200.0,1200.0,635.3468395048714,1104.2276866327913,1092.9581152777778,0.9977,7
2025-06-21,0,2025-06-21 00:00:00,61,2025-06-21 10:00:00,2025-06-21 10:10:00,0.0,0.0,1200.0,1200.0,656.4105472516372,1145.1954019105692,1133.9258305555556,0.9919,7
2025-06-21,0,2025-06-21 00:00:00,62,2025-06-21 10:10:00,2025-06-21 10:20:00,0.0,0.0,1200.0,1200.0,643.158202116776,1165.34676302168,1154.0771916666665,0.9588,7
2025-06-21,0,2025-06-21 00:00:00,63,2025-06-21 10:20:00,2025-06-21 10:30:00,0.0,0.0,1200.0,1200.0,615.4947707510047,1185.4981241327914,1174.2285527777778,0.9549,7
2025-06-21,0,2025-06-21 00:00:00,64,2025-06-21 10:30:00,2025-06-21 10:40:00,0.0,0.0,1200.0,1200.0,631.2476311865798,1205.6494852439025,1194.379913888889,0.9839,7
2025-06-21,0,2025-06-21 00:00:00,65,2025-06-21 10:40:00,2025-06-21 10:50:00,0.0,0.0,1200.0,1200.0,639.872875643053,1225.8008463550136,1214.531275,0.799,7
2025-06-21,0,2025-06-21 00:00:00,66,2025-06-21 10:50:00,2025-06-21 11:00:00,0.0,0.0,1200.0,1200.0,618.490672786106,1245.9522074661245,1234.682636111111,0.5025,7
2025-06-21,0,2025-06-21 00:00:00,67,2025-06-21 11:00:00,2025-06-21 11:10:00,0.0,0.0,1200.0,1200.0,598.2076752301878,1265.648951910569,1254.3793805555554,0.4662,7
2025-06-21,0,2025-06-21 00:00:00,68,2025-06-21 11:10:00,2025-06-21 11:20:00,0.0,0.0,1200.0,1200.0,602.8429947249109,1284.891079688347,1273.6215083333334,0.5007,7
2025-06-21,0,2025-06-21 00:00:00,69,2025-06-21 11:20:00,2025-06-21 11:30:00,0.0,0.0,1200.0,1200.0,623.7148032360827,1304.1332074661248,1292.8636361111112,0.4827,7
2025-06-21,0,2025-06-21 00:00:00,70,2025-06-21 11:30:00,2025-06-21 11:40:00,0.0,0.0,1200.0,1200.0,630.9513161944603,1323.3753352439023,1312.1057638888888,0.4785,7
2025-06-21,0,2025-06-21 00:00:00,71,2025-06-21 11:40:00,2025-06-21 11:50:00,0.0,0.0,1374.0002351422245,1374.0002351422245,630.0280845804974,1342.6174630216801,1331.3478916666666,0.4662,7
2025-06-21,0,2025-06-21 00:00:00,72,2025-06-21 11:50:00,2025-06-21 12:00:00,0.0,0.0,2008.5096759624648,2008.5096759624648,631.7047010105969,1361.8595907994581,1350.5900194444446,0.4432,7
2025-06-21,0,2025-06-21 00:00:00,73,2025-06-21 12:00:00,2025-06-21 12:10:00,0.0,0.0,2637.901039309371,2637.901039309371,638.6810039248611,1370.6230741327913,1359.3535027777777,0.4411,7
2025-06-21,0,2025-06-21 00:00:00,74,2025-06-21 12:10:00,2025-06-21 12:20:00,0.0,0.0,3266.4242355997444,3266.4242355997444,637.930472876564,1368.9079130216803,1357.6383416666667,0.4551,7
2025-06-21,0,2025-06-21 00:00:00,75,2025-06-21 12:20:00,2025-06-21 12:30:00,0.0,0.0,3896.2033227306083,3896.2033227306083,634.8198774982409,1367.192751910569,1355.9231805555555,0.4463,7
2025-06-21,0,2025-06-21 00:00:00,76,2025-06-21 12:30:00,2025-06-21 12:40:00,0.0,0.0,4513.619224550059,4513.619224550059,646.841588955367,1365.477590799458,1354.2080194444445,0.4113,7
2025-06-21,0,2025-06-21 00:00:00,77,2025-06-21 12:40:00,2025-06-21 12:50:00,0.0,0.0,5124.760016886806,5124.760016886806,652.0987717139263,1363.7624296883469,1352.4928583333333,0.5682,7
2025-06-21,0,2025-06-21 00:00:00,78,2025-06-21 12:50:00,2025-06-21 13:00:00,0.0,0.0,5739.165508494735,5739.165508494735,646.7561669681677,1362.0472685772356,1350.777697222222,0.8279,7
2025-06-21,0,2025-06-21 00:00:00,79,2025-06-21 13:00:00,2025-06-21 13:10:00,0.0,0.0,6317.436997062095,6317.436997062095,648.6673555172184,1332.322026910569,1321.0524555555555,0.8636,7
2025-06-21,0,2025-06-21 00:00:00,80,2025-06-21 13:10:00,2025-06-21 13:20:00,0.0,0.0,6842.131233198124,6842.131233198124,650.4623137742518,1274.5867046883468,1263.3171333333332,0.8416,7
2025-06-21,0,2025-06-21 00:00:00,81,2025-06-21 13:20:00,2025-06-21 13:30:00,0.0,0.0,7312.92033371263,7312.92033371263,652.6215866870563,1216.8513824661247,1205.5818111111112,0.8618,7
2025-06-21,0,2025-06-21 00:00:00,82,2025-06-21 13:30:00,2025-06-21 13:40:00,0.0,0.0,7721.750978824658,7721.750978824658,663.7289926898094,1159.1160602439024,1147.8464888888889,0.8623,7
2025-06-21,0,2025-06-21 00:00:00,83,2025-06-21 13:40:00,2025-06-21 13:50:00,0.0,0.0,8074.911320123988,8074.911320123988,667.849563592807,1101.3807380216801,1090.1111666666666,0.9026,7
2025-06-21,0,2025-06-21 00:00:00,84,2025-06-21 13:50:00,2025-06-21 14:00:00,0.0,0.0,8379.621711612692,8379.621711612692,663.9475189379469,1043.645415799458,1032.3758444444445,0.9754,7
2025-06-21,0,2025-06-21 00:00:00,85,2025-06-21 14:00:00,2025-06-21 14:10:00,0.0,0.0,8669.689594820857,8669.689594820857,665.7585831716751,1017.6183060772358,1006.3487347222223,1.0002,7
2025-06-21,0,2025-06-21 00:00:00,86,2025-06-21 14:10:00,2025-06-21 14:20:00,0.0,0.0,8968.121198595802,8968.121198595802,662.1466630974744,1023.2994088550134,1012.0298374999999,0.9978,7
2025-06-21,0,2025-06-21 00:00:00,87,2025-06-21 14:20:00,2025-06-21 14:30:00,0.0,0.0,9279.37623750086,9279.37623750086,653.5795046195743,1028.9805116327914,1017.7109402777778,1.0271,7
2025-06-21,0,2025-06-21 00:00:00,88,2025-06-21 14:30:00,2025-06-21 14:40:00,0.0,0.0,9593.122793323362,9593.122793323362,656.4922552668526,1034.6616144105692,1023.3920430555557,1.0906,7
2025-06-21,0,2025-06-21 00:00:00,89,2025-06-21 14:40:00,2025-06-21 14:50:00,0.0,0.0,9892.64910225002,9892.64910225002,677.9736323733492,1040.3427171883468,1029.0731458333332,0.9376,7
2025-06-21,0,2025-06-21 00:00:00,90,2025-06-21 14:50:00,2025-06-21 15:00:00,0.0,0.0,10177.573392534117,10177.573392534117,699.8792003095275,1046.0238199661248,1034.7542486111113,0.6694,7
2025-06-21,0,2025-06-21 00:00:00,91,2025-06-21 15:00:00,2025-06-21 15:10:00,0.0,0.0,10422.9314658903,10422.9314658903,692.0320945430801,1011.5633269105691,1000.2937555555555,0.66,7
2025-06-21,0,2025-06-21 00:00:00,92,2025-06-21 15:10:00,2025-06-21 15:20:00,0.0,0.0,10623.300053319277,10623.300053319277,667.4183233510865,936.9612380216802,925.6916666666666,0.7217,7
2025-06-21,0,2025-06-21 00:00:00,93,2025-06-21 15:20:00,2025-06-21 15:30:00,0.0,0.0,10794.103053053608,10794.103053053608,661.4376834448244,862.3591491327913,851.0895777777778,0.7308,7
2025-06-21,0,2025-06-21 00:00:00,94,2025-06-21 15:30:00,2025-06-21 15:40:00,0.0,0.0,10511.946228501793,10511.946228501793,698.5229501209379,787.7570602439025,776.487488888889,0.7534,7
2025-06-21,0,2025-06-21 00:00:00,95,2025-06-21 15:40:00,2025-06-21 15:50:00,0.0,0.0,10101.676981017705,10101.676981017705,717.1628489860539,713.1549713550136,701.8854,0.7823,7
2025-06-21,0,2025-06-21 00:00:00,96,2025-06-21 15:50:00,2025-06-21 16:00:00,0.0,0.0,10112.025624004573,10112.025624004573,712.0055643113861,638.5528824661247,627.2833111111112,0.8055,7
2025-06-21,0,2025-06-21 00:00:00,97,2025-06-21 16:00:00,2025-06-21 16:10:00,267.87881232331813,267.87881232331813,10670.17927036328,10670.17927036328,728.1035394236874,586.8496102439025,575.5800388888889,0.8271,7
2025-06-21,0,2025-06-21 00:00:00,98,2025-06-21 16:10:00,2025-06-21 16:20:00,117.02796126981453,117.02796126981453,10188.072060202814,10188.072060202814,706.3905647664639,558.0451546883469,546.7755833333333,0.8519,7
2025-06-21,0,2025-06-21 00:00:00,99,2025-06-21 16:20:00,2025-06-21 16:30:00,160.84695852864135,160.84695852864135,10002.539976183703,10002.539976183703,682.5409659818948,529.2406991327913,517.9711277777777,0.8791,7
2025-06-21,0,2025-06-21 00:00:00,100,2025-06-21 16:30:00,2025-06-21 16:40:00,359.3750828127804,359.3750828127804,10705.054512395835,10705.054512395835,745.6835095892781,500.43624357723576,489.1666722222222,0.9024,7
2025-06-21,0,2025-06-21 00:00:00,101,2025-06-21 16:40:00,2025-06-21 16:50:00,236.78699638794924,236.78699638794924,9902.161791491748,9902.161791491748,722.912083757607,471.6317880216802,460.36221666666665,0.9163,7
2025-06-21,0,2025-06-21 00:00:00,102,2025-06-21 16:50:00,2025-06-21 17:00:00,264.5692165281691,264.5692165281691,10420.554603599661,10420.554603599661,616.6936384720387,442.8273324661247,431.5577611111111,0.9264,7
2025-06-21,0,2025-06-21 00:00:00,103,2025-06-21 17:00:00,2025-06-21 17:10:00,278.6278782190769,278.6278782190769,10427.171630354076,10427.171630354076,607.3621471140248,407.485703299458,396.21613194444444,0.9462,7
2025-06-21,0,2025-06-21 00:00:00,104,2025-06-21 17:10:00,2025-06-21 17:20:00,349.827168466086,349.827168466086,10715.762472940612,10715.762472940612,621.7616503252844,365.60690052168025,354.3373291666667,0.9742,7
2025-06-21,0,2025-06-21 00:00:00,105,2025-06-21 17:20:00,2025-06-21 17:30:00,347.3634741443498,347.3634741443498,9990.489042459058,9990.489042459058,609.7800053163553,323.7280977439024,312.45852638888886,0.9862,7
2025-06-21,0,2025-06-21 00:00:00,106,2025-06-21 17:30:00,2025-06-21 17:40:00,422.3697900069582,422.3697900069582,10563.083142436011,10563.083142436011,602.6908711593439,281.84929496612466,270.5797236111111,0.976,7
2025-06-21,0,2025-06-21 00:00:00,107,2025-06-21 17:40:00,2025-06-21 17:50:00,393.6867557038637,393.6867557038637,9911.481483870657,9911.481483870657,601.3615955391865,239.97049218834692,228.70092083333336,1.0742,7
2025-06-21,0,2025-06-21 00:00:00,108,2025-06-21 17:50:00,2025-06-21 18:00:00,248.10354226868373,248.10354226868373,9642.154675085865,9642.154675085865,606.3221451666017,198.0916894105691,186.82211805555553,1.2313,7
2025-06-21,0,2025-06-21 00:00:00,109,2025-06-21 18:00:00,2025-06-21 18:10:00,525.6773201766434,525.6773201766434,10379.353395360884,10379.353395360884,620.2416875621733,163.43115607723578,152.16158472222222,1.2561,7
2025-06-21,0,2025-06-21 00:00:00,110,2025-06-21 18:10:00,2025-06-21 18:20:00,569.1792365191072,569.1792365191072,10309.458761529846,10309.458761529846,622.6575543872254,135.98889218834688,124.71932083333333,1.2447,7
2025-06-21,0,2025-06-21 00:00:00,111,2025-06-21 18:20:00,2025-06-21 18:30:00,493.236593387579,493.236593387579,9625.219045147041,9625.219045147041,616.438378750639,108.546628299458,97.27705694444445,1.2545,7
2025-06-21,0,2025-06-21 00:00:00,112,2025-06-21 18:30:00,2025-06-21 18:40:00,526.5290963835645,526.5290963835645,9497.025061952032,9497.025061952032,623.2467936057639,81.10436441056912,69.83479305555556,1.2522,7
2025-06-21,0,2025-06-21 00:00:00,113,2025-06-21 18:40:00,2025-06-21 18:50:00,506.064352700354,506.064352700354,9428.410732602733,9428.410732602733,624.5080857895767,53.66210052168024,42.392529166666684,1.2881,7
2025-06-21,0,2025-06-21 00:00:00,114,2025-06-21 18:50:00,2025-06-21 19:00:00,0.0,0.0,8290.439160288719,8290.439160288719,623.2542538153498,26.219836632791342,14.950265277777786,1.3466,7
2025-06-21,0,2025-06-21 00:00:00,115,2025-06-21 19:00:00,2025-06-21 19:10:00,0.0,0.0,7920.020964909795,7920.020964909795,641.4871158631313,12.39627691056911,1.1267055555555554,1.3523,7
2025-06-21,0,2025-06-21 00:00:00,116,2025-06-21 19:10:00,2025-06-21 19:20:00,0.0,0.0,7173.785404090136,7173.785404090136,650.3274333317947,12.191421355013555,0.92185,1.3445,7
2025-06-21,0,2025-06-21 00:00:00,117,2025-06-21 19:20:00,2025-06-21 19:30:00,0.0,0.0,6494.326559895257,6494.326559895257,634.8447538118457,11.986565799457999,0.7169944444444444,1.3483,7
2025-06-21,0,2025-06-21 00:00:00,118,2025-06-21 19:30:00,2025-06-21 19:40:00,0.0,0.0,5817.000280490342,5817.000280490342,609.2152319103272,11.781710243902443,0.5121388888888888,1.349,7
2025-06-21,0,2025-06-21 00:00:00,119,2025-06-21 19:40:00,2025-06-21 19:50:00,0.0,0.0,5172.661345481995,5172.661345481995,595.6007495324454,11.576854688346888,0.3072833333333333,1.3473,7
2025-06-21,0,2025-06-21 00:00:00,120,2025-06-21 19:50:00,2025-06-21 20:00:00,0.0,0.0,4459.43988994016,4459.43988994016,609.7125529987345,11.371999132791332,0.10242777777777774,1.3482,7
2025-06-21,0,2025-06-21 00:00:00,121,2025-06-21 20:00:00,2025-06-21 20:10:00,0.0,0.0,3642.6644512462763,3642.6644512462763,646.2259476075925,0.0,0.0,1.3513,7
2025-06-21,0,2025-06-21 00:00:00,122,2025-06-21 20:10:00,2025-06-21 20:20:00,0.0,0.0,2811.235150713289,2811.235150713289,651.5921873237537,0.0,0.0,1.34,7
2025-06-21,0,2025-06-21 00:00:00,123,2025-06-21 20:20:00,2025-06-21 20:30:00,0.0,0.0,1999.7933431926187,1999.7933431926187,635.8020059963436,0.0,0.0,1.3489,7
2025-06-21,0,2025-06-21 00:00:00,124,2025-06-21 20:30:00,2025-06-21 20:40:00,0.0,0.0,1200.0,1200.0,658.7912482896742,0.0,0.0,1.3952,7
2025-06-21,0,2025-06-21 00:00:00,125,2025-06-21 20:40:00,2025-06-21 20:50:00,198.2200461479866,198.2200461479866,1200.0,1200.0,679.6934547164777,0.0,0.0,1.2226,7
2025-06-21,0,2025-06-21 00:00:00,126,2025-06-21 20:50:00,2025-06-21 21:00:00,685.0285414153383,685.0285414153383,1219.4450600191003,1219.4450600191003,664.3902372296194,0.0,0.0,0.9332,7
2025-06-21,0,2025-06-21 00:00:00,127,2025-06-21 21:00:00,2025-06-21 21:10:00,634.5482307294669,634.5482307294669,1226.6706824031114,1226.6706824031114,619.4449321919864,0.0,0.0,0.9068,7
2025-06-21,0,2025-06-21 00:00:00,128,2025-06-21 21:10:00,2025-06-21 21:20:00,608.1490747548979,608.1490747548979,1242.2640635007833,1242.2640635007833,582.2088820049432,0.0,0.0,0.9371,7
2025-06-21,0,2025-06-21 00:00:00,129,2025-06-21 21:20:00,2025-06-21 21:30:00,580.6939752006537,580.6939752006537,1227.60133555737,1227.60133555737,578.5953863184261,0.0,0.0,0.9371,7
2025-06-21,0,2025-06-21 00:00:00,130,2025-06-21 21:30:00,2025-06-21 21:40:00,586.7964563795308,586.7964563795308,1200.0,1200.0,601.7175683075108,0.0,0.0,0.9871,7
2025-06-21,0,2025-06-21 00:00:00,131,2025-06-21 21:40:00,2025-06-21 21:50:00,603.9706905124797,603.9706905124797,1200.0,1200.0,591.998840727297,0.0,0.0,0.7764,7
2025-06-21,0,2025-06-21 00:00:00,132,2025-06-21 21:50:00,2025-06-21 22:00:00,677.3130892522996,677.3130892522996,1201.0604184195488,1201.0604184195488,554.5147463283381,0.0,0.0,0.4209,7
2025-06-21,0,2025-06-21 00:00:00,133,2025-06-21 22:00:00,2025-06-21 22:10:00,1311.486022112177,1311.486022112177,1200.0,1200.0,548.6887148467114,0.0,0.0,0.3859,7
2025-06-21,0,2025-06-21 00:00:00,134,2025-06-21 22:10:00,2025-06-21 22:20:00,553.6691387512967,553.6691387512967,1200.0,1200.0,543.3506929094851,0.0,0.0,0.4368,7
2025-06-21,0,2025-06-21 00:00:00,135,2025-06-21 22:20:00,2025-06-21 22:30:00,572.8371687071744,572.8371687071744,1206.0886987790825,1206.0886987790825,540.4310662249106,0.0,0.0,0.4198,7
2025-06-21,0,2025-06-21 00:00:00,136,2025-06-21 22:30:00,2025-06-21 22:40:00,607.2141971053169,607.2141971053169,1200.0,1200.0,576.6444980074301,0.0,0.0,0.4186,7
2025-06-21,0,2025-06-21 00:00:00,137,2025-06-21 22:40:00,2025-06-21 22:50:00,640.2370822753245,640.2370822753245,1200.0,1200.0,602.8511919027334,0.0,0.0,0.4241,7
2025-06-21,0,2025-06-21 00:00:00,138,2025-06-21 22:50:00,2025-06-21 23:00:00,614.089415033261,614.089415033261,1200.0,1200.0,580.0341795808991,0.0,0.0,0.4237,7
2025-06-21,0,2025-06-21 00:00:00,139,2025-06-21 23:00:00,2025-06-21 23:10:00,545.9478677026332,545.9478677026332,1200.280069626516,1200.280069626516,519.3239296796842,0.0,0.0,0.4248,7
2025-06-21,0,2025-06-21 00:00:00,140,2025-06-21 23:10:00,2025-06-21 23:20:00,527.7663886503079,527.7663886503079,1201.1665364326307,1201.1665364326307,499.64079001720904,0.0,0.0,0.424,7
2025-06-21,0,2025-06-21 00:00:00,141,2025-06-21 23:20:00,2025-06-21 23:30:00,556.2582004373021,556.2582004373021,1204.6582535883076,1204.6582535883076,526.2722967206099,0.0,0.0,0.422,7
2025-06-21,0,2025-06-21 00:00:00,142,2025-06-21 23:30:00,2025-06-21 23:40:00,568.3439781718934,568.3439781718934,1204.2567118058998,1204.2567118058998,539.5465017132791,0.0,0.0,0.424,7
2025-06-21,0,2025-06-21 00:00:00,143,2025-06-21 23:40:00,2025-06-21 23:50:00,609.4479008344357,609.4479008344357,1201.6426957199249,1201.6426957199249,577.785588503953,0.0,0.0,0.4271,7
2025-06-21,0,2025-06-21 00:00:00,144,2025-06-21 23:50:00,2025-06-22 00:00:00,663.9512588421104,663.9512588421104,1200.0,1200.0,634.880711669421,0.0,0.0,0.4276,7
2025-06-21,6,2025-06-21 06:00:00,37,2025-06-21 06:00:00,2025-06-21 06:10:00,0.0,0.0,1941.6228546768152,1941.6228546768152,473.6819230320887,177.07473001563898,168.92799027777778,0.9368,12
2025-06-21,6,2025-06-21 06:00:00,38,2025-06-21 06:10:00,2025-06-21 06:20:00,0.0,0.0,1731.737545474617,1731.737545474617,465.99767543152853,228.45011057119453,220.30337083333333,0.8758,12
2025-06-21,6,2025-06-21 06:00:00,39,2025-06-21 06:20:00,2025-06-21 06:30:00,0.0,0.0,1524.579756541951,1524.579756541951,438.0086477651955,279.8254911267501,271.6787513888889,0.8759,12
2025-06-21,6,2025-06-21 06:00:00,40,2025-06-21 06:30:00,2025-06-21 06:40:00,0.0,0.0,1390.119247792549,1390.119247792549,437.1702629933772,331.2008716823056,323.0541319444444,0.8601,12
2025-06-21,6,2025-06-21 06:00:00,41,2025-06-21 06:40:00,2025-06-21 06:50:00,0.0,0.0,1264.1489539339236,1264.1489539339236,475.2815807188668,382.5762522378611,374.42951249999993,0.8442,12
2025-06-21,6,2025-06-21 06:00:00,42,2025-06-21 06:50:00,2025-06-21 07:00:00,0.0,0.0,1200.0,1200.0,525.551744306038,433.95163279341676,425.80489305555557,0.8334,12
2025-06-21,6,2025-06-21 06:00:00,43,2025-06-21 07:00:00,2025-06-21 07:10:00,0.0,0.0,1200.0,1200.0,544.6115108898315,477.14164946008344,468.99490972222225,0.8092,12
2025-06-21,6,2025-06-21 06:00:00,44,2025-06-21 07:10:00,2025-06-21 07:20:00,0.0,0.0,1200.0,1200.0,539.1937409732561,512.1463022378612,503.99956249999997,0.7972,12
2025-06-21,6,2025-06-21 06:00:00,45,2025-06-21 07:20:00,2025-06-21 07:30:00,0.0,0.0,1200.0,1200.0,530.2303106512974,547.1509550156389,539.0042152777778,0.7644,12
2025-06-21,6,2025-06-21 06:00:00,46,2025-06-21 07:30:00,2025-06-21 07:40:00,0.0,0.0,1202.9825452769471,1202.9825452769471,532.92252438573,582.1556077934167,574.0088680555556,0.6899,12
2025-06-21,6,2025-06-21 06:00:00,47,2025-06-21 07:40:00,2025-06-21 07:50:00,0.0,0.0,1200.007418492309,1200.007418492309,534.9079013423324,617.1602605711945,609.0135208333334,0.86,12
2025-06-21,6,2025-06-21 06:00:00,48,2025-06-21 07:50:00,2025-06-21 08:00:00,0.0,0.0,1200.0,1200.0,534.5248909262978,652.1649133489723,644.0181736111111,1.1617,12
2025-06-21,6,2025-06-21 06:00:00,49,2025-06-21 08:00:00,2025-06-21 08:10:00,0.0,0.0,1200.0,1200.0,540.8160407378639,680.3934730711945,672.2467333333334,1.1683,12
2025-06-21,6,2025-06-21 06:00:00,50,2025-06-21 08:10:00,2025-06-21 08:20:00,0.0,0.0,1200.0,1200.0,536.3563744549227,701.8459397378612,693.6992,1.0956,12
2025-06-21,6,2025-06-21 06:00:00,51,2025-06-21 08:20:00,2025-06-21 08:30:00,0.0,0.0,1200.0,1200.0,522.9241025932259,723.2984064045278,715.1516666666666,1.0849,12
2025-06-21,6,2025-06-21 06:00:00,52,2025-06-21 08:30:00,2025-06-21 08:40:00,0.0,0.0,1200.0,1200.0,526.4198278446803,744.7508730711944,736.6041333333333,1.061,12
2025-06-21,6,2025-06-21 06:00:00,53,2025-06-21 08:40:00,2025-06-21 08:50:00,0.0,0.0,1200.0,1200.0,563.7164608606718,766.203339737861,758.0565999999999,1.043,12
2025-06-21,6,2025-06-21 06:00:00,54,2025-06-21 08:50:00,2025-06-21 09:00:00,0.0,0.0,1200.0,1200.0,615.8530376270033,787.6558064045278,779.5090666666666,1.036,12
2025-06-21,6,2025-06-21 06:00:00,55,2025-06-21 09:00:00,2025-06-21 09:10:00,0.0,0.0,1200.0,1200.0,642.1433448631116,823.182792515639,815.0360527777779,1.0147,12
2025-06-21,6,2025-06-21 06:00:00,56,2025-06-21 09:10:00,2025-06-21 09:20:00,0.0,0.0,1200.0,1200.0,647.766598033343,872.7842980711944,864.6375583333332,0.9922,12
2025-06-21,6,2025-06-21 06:00:00,57,2025-06-21 09:20:00,2025-06-21 09:30:00,0.0,0.0,1200.0,1200.0,640.6828145385562,922.38580362675,914.2390638888888,0.97,12
2025-06-21,6,2025-06-21 06:00:00,58,2025-06-21 09:30:00,2025-06-21 09:40:00,0.0,0.0,1200.0,1200.0,624.34857897674,971.9873091823056,963.8405694444444,0.9422,12
2025-06-21,6,2025-06-21 06:00:00,59,2025-06-21 09:40:00,2025-06-21 09:50:00,0.0,0.0,1200.0,1200.0,619.6784781257456,1021.5888147378611,1013.4420749999999,0.9569,12
2025-06-21,6,2025-06-21 06:00:00,60,2025-06-21 09:50:00,2025-06-21 10:00:00,0.0,0.0,1200.0,1200.0,635.3468395048714,1071.1903202934168,1063.0435805555555,0.9977,12
2025-06-21,6,2025-06-21 06:00:00,61,2025-06-21 10:00:00,2025-06-21 10:10:00,0.0,0.0,1200.0,1200.0,656.4105472516372,1104.092767515639,1095.9460277777778,0.9919,12
2025-06-21,6,2025-06-21 06:00:00,62,2025-06-21 10:10:00,2025-06-21 10:20:00,0.0,0.0,1200.0,1200.0,643.158202116776,1120.296156404528,1112.1494166666666,0.9588,12
2025-06-21,6,2025-06-21 06:00:00,63,2025-06-21 10:20:00,2025-06-21 10:30:00,0.0,0.0,1200.0,1200.0,615.4947707510047,1136.4995452934168,1128.3528055555555,0.9549,12
2025-06-21,6,2025-06-21 06:00:00,64,2025-06-21 10:30:00,2025-06-21 10:40:00,0.0,0.0,1200.0,1200.0,631.2476311865798,1152.7029341823056,1144.5561944444444,0.9839,12
2025-06-21,6,2025-06-21 06:00:00,65,2025-06-21 10:40:00,2025-06-21 10:50:00,0.0,0.0,1200.0,1200.0,639.872875643053,1168.9063230711945,1160.7595833333332,0.799,12
2025-06-21,6,2025-06-21 06:00:00,66,2025-06-21 10:50:00,2025-06-21 11:00:00,0.0,0.0,1200.0,1200.0,618.490672786106,1185.1097119600836,1176.9629722222223,0.5025,12
2025-06-21,6,2025-06-21 06:00:00,67,2025-06-21 11:00:00,2025-06-21 11:10:00,0.0,0.0,1200.0,1200.0,598.2076752301878,1197.2358994600836,1189.0891597222223,0.4662,12
2025-06-21,6,2025-06-21 06:00:00,68,2025-06-21 11:10:00,2025-06-21 11:20:00,0.0,0.0,1200.0,1200.0,602.8429947249109,1205.2848855711945,1197.1381458333333,0.5007,12
2025-06-21,6,2025-06-21 06:00:00,69,2025-06-21 11:20:00,2025-06-21 11:30:00,0.0,0.0,1200.0,1200.0,623.7148032360827,1213.3338716823057,1205.1871319444444,0.4827,12
2025-06-21,6,2025-06-21 06:00:00,70,2025-06-21 11:30:00,2025-06-21 11:40:00,0.0,0.0,1200.0,1200.0,630.9513161944603,1221.3828577934169,1213.2361180555556,0.4785,12
2025-06-21,6,2025-06-21 06:00:00,71,2025-06-21 11:40:00,2025-06-21 11:50:00,0.0,0.0,1374.0002351422245,1374.0002351422245,630.0280845804974,1229.4318439045278,1221.2851041666665,0.4662,12
2025-06-21,6,2025-06-21 06:00:00,72,2025-06-21 11:50:00,2025-06-21 12:00:00,0.0,0.0,2008.5096759624648,2008.5096759624648,631.7047010105969,1237.4808300156392,1229.334090277778,0.4432,12
2025-06-21,6,2025-06-21 06:00:00,73,2025-06-21 12:00:00,2025-06-21 12:10:00,0.0,0.0,2637.901039309371,2637.901039309371,638.6810039248611,1250.527493904528,1242.3807541666667,0.4411,12
2025-06-21,6,2025-06-21 06:00:00,74,2025-06-21 12:10:00,2025-06-21 12:20:00,0.0,0.0,3266.4242355997444,3266.4242355997444,637.930472876564,1268.5718355711947,1260.4250958333334,0.4551,12
2025-06-21,6,2025-06-21 06:00:00,75,2025-06-21 12:20:00,2025-06-21 12:30:00,0.0,0.0,3896.2033227306083,3896.2033227306083,634.8198774982409,1286.6161772378612,1278.4694375,0.4463,12
2025-06-21,6,2025-06-21 06:00:00,76,2025-06-21 12:30:00,2025-06-21 12:40:00,0.0,0.0,4513.619224550059,4513.619224550059,646.841588955367,1304.6605189045279,1296.5137791666666,0.4113,12
2025-06-21,6,2025-06-21 06:00:00,77,2025-06-21 12:40:00,2025-06-21 12:50:00,0.0,0.0,5124.760016886806,5124.760016886806,652.0987717139263,1322.7048605711946,1314.5581208333333,0.5682,12
2025-06-21,6,2025-06-21 06:00:00,78,2025-06-21 12:50:00,2025-06-21 13:00:00,0.0,0.0,5739.165508494735,5739.165508494735,646.7561669681677,1340.7492022378613,1332.6024625,0.8279,12
2025-06-21,6,2025-06-21 06:00:00,79,2025-06-21 13:00:00,2025-06-21 13:10:00,0.0,0.0,6317.436997062095,6317.436997062095,648.6673555172184,1318.1630494600836,1310.0163097222223,0.8636,12
2025-06-21,6,2025-06-21 06:00:00,80,2025-06-21 13:10:00,2025-06-21 13:20:00,0.0,0.0,6842.131233198124,6842.131233198124,650.4623137742518,1254.9464022378613,1246.7996625,0.8416,12
2025-06-21,6,2025-06-21 06:00:00,81,2025-06-21 13:20:00,2025-06-21 13:30:00,0.0,0.0,7312.92033371263,7312.92033371263,652.6215866870563,1191.729755015639,1183.5830152777778,0.8618,12
2025-06-21,6,2025-06-21 06:00:00,82,2025-06-21 13:30:00,2025-06-21 13:40:00,0.0,0.0,7721.750978824658,7721.750978824658,663.7289926898094,1128.5131077934168,1120.3663680555555,0.8623,12
2025-06-21,6,2025-06-21 06:00:00,83,2025-06-21 13:40:00,2025-06-21 13:50:00,0.0,0.0,8074.911320123988,8074.911320123988,667.849563592807,1065.2964605711945,1057.1497208333333,0.9026,12
2025-06-21,6,2025-06-21 06:00:00,84,2025-06-21 13:50:00,2025-06-21 14:00:00,0.0,0.0,8379.621711612692,8379.621711612692,663.9475189379469,1002.0798133489723,993.9330736111111,0.9754,12
2025-06-21,6,2025-06-21 06:00:00,85,2025-06-21 14:00:00,2025-06-21 14:10:00,0.0,0.0,8669.689594820857,8669.689594820857,665.7585831716751,965.3392772378612,957.1925375000001,1.0002,12
2025-06-21,6,2025-06-21 06:00:00,86,2025-06-21 14:10:00,2025-06-21 14:20:00,0.0,0.0,8968.121198595802,8968.121198595802,662.1466630974744,955.0748522378613,946.9281125000001,0.9978,12
2025-06-21,6,2025-06-21 06:00:00,87,2025-06-21 14:20:00,2025-06-21 14:30:00,0.0,0.0,9279.37623750086,9279.37623750086,653.5795046195743,944.8104272378612,936.6636875,1.0271,12
2025-06-21,6,2025-06-21 06:00:00,88,2025-06-21 14:30:00,2025-06-21 14:40:00,0.0,0.0,9593.122793323362,9593.122793323362,656.4922552668526,934.5460022378612,926.3992625000001,1.0906,12
2025-06-21,6,2025-06-21 06:00:00,89,2025-06-21 14:40:00,2025-06-21 14:50:00,0.0,0.0,9892.64910225002,9892.64910225002,677.9736323733492,924.281577237861,916.1348374999999,0.9376,12
2025-06-21,6,2025-06-21 06:00:00,90,2025-06-21 14:50:00,2025-06-21 15:00:00,0.0,0.0,10177.573392534117,10177.573392534117,699.8792003095275,914.0171522378611,905.8704124999999,0.6694,12
2025-06-21,6,2025-06-21 06:00:00,91,2025-06-21 15:00:00,2025-06-21 15:10:00,0.0,0.0,10422.9314658903,10422.9314658903,692.0320945430801,889.46801612675,881.3212763888888,0.66,12
2025-06-21,6,2025-06-21 06:00:00,92,2025-06-21 15:10:00,2025-06-21 15:20:00,0.0,0.0,10623.300053319277,10623.300053319277,667.4183233510865,850.6341689045278,842.4874291666666,0.7217,12
2025-06-21,6,2025-06-21 06:00:00,93,2025-06-21 15:20:00,2025-06-21 15:30:00,0.0,0.0,10794.103053053608,10794.103053053608,661.4376834448244,811.8003216823055,803.6535819444443,0.7308,12
2025-06-21,6,2025-06-21 06:00:00,94,2025-06-21 15:30:00,2025-06-21 15:40:00,0.0,0.0,10511.946228501793,10511.946228501793,698.5229501209379,772.9664744600833,764.8197347222222,0.7534,12
2025-06-21,6,2025-06-21 06:00:00,95,2025-06-21 15:40:00,2025-06-21 15:50:00,0.0,0.0,10101.676981017705,10101.676981017705,717.1628489860539,734.1326272378611,725.9858875,0.7823,12
2025-06-21,6,2025-06-21 06:00:00,96,2025-06-21 15:50:00,2025-06-21 16:00:00,0.0,0.0,10112.025624004573,10112.025624004573,712.0055643113861,695.298780015639,687.1520402777778,0.8055,12
2025-06-21,6,2025-06-21 06:00:00,97,2025-06-21 16:00:00,2025-06-21 16:10:00,267.87881232331813,267.87881232331813,10670.17927036328,10670.17927036328,728.1035394236874,656.4072577934166,648.2605180555555,0.8271,12
2025-06-21,6,2025-06-21 06:00:00,98,2025-06-21 16:10:00,2025-06-21 16:20:00,117.02796126981453,117.02796126981453,10188.072060202814,10188.072060202814,706.3905647664639,617.4580605711944,609.3113208333333,0.8519,12
2025-06-21,6,2025-06-21 06:00:00,99,2025-06-21 16:20:00,2025-06-21 16:30:00,160.84695852864135,160.84695852864135,10002.539976183703,10002.539976183703,682.5409659818948,578.5088633489722,570.3621236111111,0.8791,12
2025-06-21,6,2025-06-21 06:00:00,100,2025-06-21 16:30:00,2025-06-21 16:40:00,359.3750828127804,359.3750828127804,10705.054512395835,10705.054512395835,745.6835095892781,539.55966612675,531.4129263888889,0.9024,12
2025-06-21,6,2025-06-21 06:00:00,101,2025-06-21 16:40:00,2025-06-21 16:50:00,236.78699638794924,236.78699638794924,9902.161791491748,9902.161791491748,722.912083757607,500.6104689045278,492.4637291666666,0.9163,12
2025-06-21,6,2025-06-21 06:00:00,102,2025-06-21 16:50:00,2025-06-21 17:00:00,264.5692165281691,264.5692165281691,10420.554603599661,10420.554603599661,616.6936384720387,461.6612716823056,453.5145319444444,0.9264,12
2025-06-21,6,2025-06-21 06:00:00,103,2025-06-21 17:00:00,2025-06-21 17:10:00,278.6278782190769,278.6278782190769,10427.171630354076,10427.171630354076,607.3621471140248,418.60055918230563,410.45381944444443,0.9462,12
2025-06-21,6,2025-06-21 06:00:00,104,2025-06-21 17:10:00,2025-06-21 17:20:00,349.827168466086,349.827168466086,10715.762472940612,10715.762472940612,621.7616503252844,371.42833140452785,363.28159166666666,0.9742,12
2025-06-21,6,2025-06-21 06:00:00,105,2025-06-21 17:20:00,2025-06-21 17:30:00,347.3634741443498,347.3634741443498,9990.489042459058,9990.489042459058,609.7800053163553,324.2561036267501,316.1093638888889,0.9862,12
2025-06-21,6,2025-06-21 06:00:00,106,2025-06-21 17:30:00,2025-06-21 17:40:00,422.3697900069582,422.3697900069582,10563.083142436011,10563.083142436011,602.6908711593439,277.0838758489723,268.9371361111111,0.976,12
2025-06-21,6,2025-06-21 06:00:00,107,2025-06-21 17:40:00,2025-06-21 17:50:00,393.6867557038637,393.6867557038637,9911.481483870657,9911.481483870657,601.3615955391865,229.91164807119452,221.76490833333332,1.0742,12
2025-06-21,6,2025-06-21 06:00:00,108,2025-06-21 17:50:00,2025-06-21 18:00:00,248.10354226868373,248.10354226868373,9642.154675085865,9642.154675085865,606.3221451666017,182.73942029341677,174.59268055555557,1.2313,12
2025-06-21,6,2025-06-21 06:00:00,109,2025-06-21 18:00:00,2025-06-21 18:10:00,525.6773201766434,525.6773201766434,10379.353395360884,10379.353395360884,620.2416875621733,146.66772723786121,138.52098750000002,1.2561,12
2025-06-21,6,2025-06-21 06:00:00,110,2025-06-21 18:10:00,2025-06-21 18:20:00,569.1792365191072,569.1792365191072,10309.458761529846,10309.458761529846,622.6575543872254,121.69656890452784,113.54982916666665,1.2447,12
2025-06-21,6,2025-06-21 06:00:00,111,2025-06-21 18:20:00,2025-06-21 18:30:00,493.236593387579,493.236593387579,9625.219045147041,9625.219045147041,616.438378750639,96.72541057119452,88.57867083333333,1.2545,12
2025-06-21,6,2025-06-21 06:00:00,112,2025-06-21 18:30:00,2025-06-21 18:40:00,526.5290963835645,526.5290963835645,9497.025061952032,9497.025061952032,623.2467936057639,71.7542522378612,63.607512500000006,1.2522,12
2025-06-21,6,2025-06-21 06:00:00,113,2025-06-21 18:40:00,2025-06-21 18:50:00,506.064352700354,506.064352700354,9428.410732602733,9428.410732602733,624.5080857895767,46.78309390452786,38.63635416666667,1.2881,12
2025-06-21,6,2025-06-21 06:00:00,114,2025-06-21 18:50:00,2025-06-21 19:00:00,0.0,0.0,8290.439160288719,8290.439160288719,623.2542538153498,21.81193557119452,13.665195833333334,1.3466,12
2025-06-21,6,2025-06-21 06:00:00,115,2025-06-21 19:00:00,2025-06-21 19:10:00,0.0,0.0,7920.020964909795,7920.020964909795,641.4871158631313,9.228055015638965,1.0813152777777777,1.3523,12
2025-06-21,6,2025-06-21 06:00:00,116,2025-06-21 19:10:00,2025-06-21 19:20:00,0.0,0.0,7173.785404090136,7173.785404090136,650.3274333317947,9.031452237861188,0.8847125,1.3445,12
2025-06-21,6,2025-06-21 06:00:00,117,2025-06-21 19:20:00,2025-06-21 19:30:00,0.0,0.0,6494.326559895257,6494.326559895257,634.8447538118457,8.83484946008341,0.6881097222222223,1.3483,12
2025-06-21,6,2025-06-21 06:00:00,118,2025-06-21 19:30:00,2025-06-21 19:40:00,0.0,0.0,5817.000280490342,5817.000280490342,609.2152319103272,8.638246682305631,0.4915069444444444,1.349,12
2025-06-21,6,2025-06-21 06:00:00,119,2025-06-21 19:40:00,2025-06-21 19:50:00,0.0,0.0,5172.661345481995,5172.661345481995,595.6007495324454,8.441643904527854,0.29490416666666663,1.3473,12
2025-06-21,6,2025-06-21 06:00:00,120,2025-06-21 19:50:00,2025-06-21 20:00:00,0.0,0.0,4459.43988994016,4459.43988994016,609.7125529987345,8.245041126750076,0.09830138888888888,1.3482,12
2025-06-21,6,2025-06-21 06:00:00,121,2025-06-21 20:00:00,2025-06-21 20:10:00,0.0,0.0,3642.6644512462763,3642.6644512462763,646.2259476075925,0.0,0.0,1.3513,12
2025-06-21,6,2025-06-21 06:00:00,122,2025-06-21 20:10:00,2025-06-21 20:20:00,0.0,0.0,2811.235150713289,2811.235150713289,651.5921873237537,0.0,0.0,1.34,12
2025-06-21,6,2025-06-21 06:00:00,123,2025-06-21 20:20:00,2025-06-21 20:30:00,0.0,0.0,1999.7933431926187,1999.7933431926187,635.8020059963436,0.0,0.0,1.3489,12
2025-06-21,6,2025-06-21 06:00:00,124,2025-06-21 20:30:00,2025-06-21 20:40:00,0.0,0.0,1200.0,1200.0,658.7912482896742,0.0,0.0,1.3952,12
2025-06-21,6,2025-06-21 06:00:00,125,2025-06-21 20:40:00,2025-06-21 20:50:00,198.2200461479866,198.2200461479866,1200.0,1200.0,679.6934547164777,0.0,0.0,1.2226,12
2025-06-21,6,2025-06-21 06:00:00,126,2025-06-21 20:50:00,2025-06-21 21:00:00,685.0285414153383,685.0285414153383,1219.4450600191003,1219.4450600191003,664.3902372296194,0.0,0.0,0.9332,12
2025-06-21,6,2025-06-21 06:00:00,127,2025-06-21 21:00:00,2025-06-21 21:10:00,634.5482307294669,634.5482307294669,1226.6706824031114,1226.6706824031114,619.4449321919864,0.0,0.0,0.9068,12
2025-06-21,6,2025-06-21 06:00:00,128,2025-06-21 21:10:00,2025-06-21 21:20:00,608.1490747548979,608.1490747548979,1242.2640635007833,1242.2640635007833,582.2088820049432,0.0,0.0,0.9371,12
2025-06-21,6,2025-06-21 06:00:00,129,2025-06-21 21:20:00,2025-06-21 21:30:00,580.6939752006537,580.6939752006537,1227.60133555737,1227.60133555737,578.5953863184261,0.0,0.0,0.9371,12
2025-06-21,6,2025-06-21 06:00:00,130,2025-06-21 21:30:00,2025-06-21 21:40:00,586.7964563795308,586.7964563795308,1200.0,1200.0,601.7175683075108,0.0,0.0,0.9871,12
2025-06-21,6,2025-06-21 06:00:00,131,2025-06-21 21:40:00,2025-06-21 21:50:00,603.9706905124797,603.9706905124797,1200.0,1200.0,591.998840727297,0.0,0.0,0.7764,12
2025-06-21,6,2025-06-21 06:00:00,132,2025-06-21 21:50:00,2025-06-21 22:00:00,677.3130892522996,677.3130892522996,1201.0604184195488,1201.0604184195488,554.5147463283381,0.0,0.0,0.4209,12
2025-06-21,6,2025-06-21 06:00:00,133,2025-06-21 22:00:00,2025-06-21 22:10:00,1311.486022112177,1311.486022112177,1200.0,1200.0,548.6887148467114,0.0,0.0,0.3859,12
2025-06-21,6,2025-06-21 06:00:00,134,2025-06-21 22:10:00,2025-06-21 22:20:00,553.6691387512967,553.6691387512967,1200.0,1200.0,543.3506929094851,0.0,0.0,0.4368,12
2025-06-21,6,2025-06-21 06:00:00,135,2025-06-21 22:20:00,2025-06-21 22:30:00,572.8371687071744,572.8371687071744,1206.0886987790825,1206.0886987790825,540.4310662249106,0.0,0.0,0.4198,12
2025-06-21,6,2025-06-21 06:00:00,136,2025-06-21 22:30:00,2025-06-21 22:40:00,607.2141971053169,607.2141971053169,1200.0,1200.0,576.6444980074301,0.0,0.0,0.4186,12
2025-06-21,6,2025-06-21 06:00:00,137,2025-06-21 22:40:00,2025-06-21 22:50:00,640.2370822753245,640.2370822753245,1200.0,1200.0,602.8511919027334,0.0,0.0,0.4241,12
2025-06-21,6,2025-06-21 06:00:00,138,2025-06-21 22:50:00,2025-06-21 23:00:00,614.089415033261,614.089415033261,1200.0,1200.0,580.0341795808991,0.0,0.0,0.4237,12
2025-06-21,6,2025-06-21 06:00:00,139,2025-06-21 23:00:00,2025-06-21 23:10:00,545.9478677026332,545.9478677026332,1200.280069626516,1200.280069626516,519.3239296796842,0.0,0.0,0.4248,12
2025-06-21,6,2025-06-21 06:00:00,140,2025-06-21 23:10:00,2025-06-21 23:20:00,527.7663886503079,527.7663886503079,1201.1665364326307,1201.1665364326307,499.64079001720904,0.0,0.0,0.424,12
2025-06-21,6,2025-06-21 06:00:00,141,2025-06-21 23:20:00,2025-06-21 23:30:00,556.2582004373021,556.2582004373021,1204.6582535883076,1204.6582535883076,526.2722967206099,0.0,0.0,0.422,12
2025-06-21,6,2025-06-21 06:00:00,142,2025-06-21 23:30:00,2025-06-21 23:40:00,568.3439781718934,568.3439781718934,1204.2567118058998,1204.2567118058998,539.5465017132791,0.0,0.0,0.424,12
2025-06-21,6,2025-06-21 06:00:00,143,2025-06-21 23:40:00,2025-06-21 23:50:00,609.4479008344357,609.4479008344357,1201.6426957199249,1201.6426957199249,577.785588503953,0.0,0.0,0.4271,12
2025-06-21,6,2025-06-21 06:00:00,144,2025-06-21 23:50:00,2025-06-22 00:00:00,663.9512588421104,663.9512588421104,1200.0,1200.0,634.880711669421,0.0,0.0,0.4276,12
2025-06-21,12,2025-06-21 12:00:00,73,2025-06-21 12:00:00,2025-06-21 12:10:00,0.0,0.0,2637.901039309371,2637.901039309371,638.6810039248611,1229.3653451084012,1239.9145222222223,0.4411,12
2025-06-21,12,2025-06-21 12:00:00,74,2025-06-21 12:10:00,2025-06-21 12:20:00,0.0,0.0,3266.4242355997444,3266.4242355997444,637.930472876564,1242.4772228861789,1253.0264,0.4551,12
2025-06-21,12,2025-06-21 12:00:00,75,2025-06-21 12:20:00,2025-06-21 12:30:00,0.0,0.0,3896.2033227306083,3896.2033227306083,634.8198774982409,1255.5891006639567,1266.1382777777778,0.4463,12
2025-06-21,12,2025-06-21 12:00:00,76,2025-06-21 12:30:00,2025-06-21 12:40:00,0.0,0.0,4513.619224550059,4513.619224550059,646.841588955367,1268.7009784417346,1279.2501555555557,0.4113,12
2025-06-21,12,2025-06-21 12:00:00,77,2025-06-21 12:40:00,2025-06-21 12:50:00,0.0,0.0,5124.760016886806,5124.760016886806,652.0987717139263,1281.8128562195125,1292.3620333333336,0.5682,12
2025-06-21,12,2025-06-21 12:00:00,78,2025-06-21 12:50:00,2025-06-21 13:00:00,0.0,0.0,5739.165508494735,5739.165508494735,646.7561669681677,1294.92473399729,1305.4739111111112,0.8279,12
2025-06-21,12,2025-06-21 12:00:00,79,2025-06-21 13:00:00,2025-06-21 13:10:00,0.0,0.0,6317.436997062095,6317.436997062095,648.6673555172184,1270.6592895528456,1281.2084666666667,0.8636,12
2025-06-21,12,2025-06-21 12:00:00,80,2025-06-21 13:10:00,2025-06-21 13:20:00,0.0,0.0,6842.131233198124,6842.131233198124,650.4623137742518,1209.016522886179,1219.5657,0.8416,12
2025-06-21,12,2025-06-21 12:00:00,81,2025-06-21 13:20:00,2025-06-21 13:30:00,0.0,0.0,7312.92033371263,7312.92033371263,652.6215866870563,1147.3737562195122,1157.9229333333333,0.8618,12
2025-06-21,12,2025-06-21 12:00:00,82,2025-06-21 13:30:00,2025-06-21 13:40:00,0.0,0.0,7721.750978824658,7721.750978824658,663.7289926898094,1085.7309895528456,1096.2801666666667,0.8623,12
2025-06-21,12,2025-06-21 12:00:00,83,2025-06-21 13:40:00,2025-06-21 13:50:00,0.0,0.0,8074.911320123988,8074.911320123988,667.849563592807,1024.0882228861788,1034.6373999999998,0.9026,12
2025-06-21,12,2025-06-21 12:00:00,84,2025-06-21 13:50:00,2025-06-21 14:00:00,0.0,0.0,8379.621711612692,8379.621711612692,663.9475189379469,962.4454562195123,972.9946333333334,0.9754,12
2025-06-21,12,2025-06-21 12:00:00,85,2025-06-21 14:00:00,2025-06-21 14:10:00,0.0,0.0,8669.689594820857,8669.689594820857,665.7585831716751,926.6877853861789,937.2369625,1.0002,12
2025-06-21,12,2025-06-21 12:00:00,86,2025-06-21 14:10:00,2025-06-21 14:20:00,0.0,0.0,8968.121198595802,8968.121198595802,662.1466630974744,916.8152103861788,927.3643874999999,0.9978,12
2025-06-21,12,2025-06-21 12:00:00,87,2025-06-21 14:20:00,2025-06-21 14:30:00,0.0,0.0,9279.37623750086,9279.37623750086,653.5795046195743,906.9426353861788,917.4918124999999,1.0271,12
2025-06-21,12,2025-06-21 12:00:00,88,2025-06-21 14:30:00,2025-06-21 14:40:00,0.0,0.0,9593.122793323362,9593.122793323362,656.4922552668526,897.070060386179,907.6192375,1.0906,12
2025-06-21,12,2025-06-21 12:00:00,89,2025-06-21 14:40:00,2025-06-21 14:50:00,0.0,0.0,9892.64910225002,9892.64910225002,677.9736323733492,887.197485386179,897.7466625000001,0.9376,12
2025-06-21,12,2025-06-21 12:00:00,90,2025-06-21 14:50:00,2025-06-21 15:00:00,0.0,0.0,10177.573392534117,10177.573392534117,699.8792003095275,877.3249103861789,887.8740875,0.6694,12
2025-06-21,12,2025-06-21 12:00:00,91,2025-06-21 15:00:00,2025-06-21 15:10:00,0.0,0.0,10422.9314658903,10422.9314658903,692.0320945430801,851.5124562195123,862.0616333333334,0.66,12
2025-06-21,12,2025-06-21 12:00:00,92,2025-06-21 15:10:00,2025-06-21 15:20:00,0.0,0.0,10623.300053319277,10623.300053319277,667.4183233510865,809.7601228861788,820.3092999999999,0.7217,12
2025-06-21,12,2025-06-21 12:00:00,93,2025-06-21 15:20:00,2025-06-21 15:30:00,0.0,0.0,10794.103053053608,10794.103053053608,661.4376834448244,768.0077895528456,778.5569666666667,0.7308,12
2025-06-21,12,2025-06-21 12:00:00,94,2025-06-21 15:30:00,2025-06-21 15:40:00,0.0,0.0,10511.946228501793,10511.946228501793,698.5229501209379,726.2554562195122,736.8046333333333,0.7534,12
2025-06-21,12,2025-06-21 12:00:00,95,2025-06-21 15:40:00,2025-06-21 15:50:00,0.0,0.0,10101.676981017705,10101.676981017705,717.1628489860539,684.5031228861789,695.0523,0.7823,12
2025-06-21,12,2025-06-21 12:00:00,96,2025-06-21 15:50:00,2025-06-21 16:00:00,0.0,0.0,10112.025624004573,10112.025624004573,712.0055643113861,642.7507895528456,653.2999666666667,0.8055,12
2025-06-21,12,2025-06-21 12:00:00,97,2025-06-21 16:00:00,2025-06-21 16:10:00,267.87881232331813,267.87881232331813,10670.17927036328,10670.17927036328,728.1035394236874,604.3729270528456,614.9221041666667,0.8271,12
2025-06-21,12,2025-06-21 12:00:00,98,2025-06-21 16:10:00,2025-06-21 16:20:00,117.02796126981453,117.02796126981453,10188.072060202814,10188.072060202814,706.3905647664639,569.3695353861789,579.9187125,0.8519,12
2025-06-21,12,2025-06-21 12:00:00,99,2025-06-21 16:20:00,2025-06-21 16:30:00,160.84695852864135,160.84695852864135,10002.539976183703,10002.539976183703,682.5409659818948,534.3661437195123,544.9153208333333,0.8791,12
2025-06-21,12,2025-06-21 12:00:00,100,2025-06-21 16:30:00,2025-06-21 16:40:00,359.3750828127804,359.3750828127804,10705.054512395835,10705.054512395835,745.6835095892781,499.3627520528456,509.91192916666677,0.9024,12
2025-06-21,12,2025-06-21 12:00:00,101,2025-06-21 16:40:00,2025-06-21 16:50:00,236.78699638794924,236.78699638794924,9902.161791491748,9902.161791491748,722.912083757607,464.3593603861789,474.9085375,0.9163,12
2025-06-21,12,2025-06-21 12:00:00,102,2025-06-21 16:50:00,2025-06-21 17:00:00,264.5692165281691,264.5692165281691,10420.554603599661,10420.554603599661,616.6936384720387,429.3559687195122,439.90514583333334,0.9264,12
2025-06-21,12,2025-06-21 12:00:00,103,2025-06-21 17:00:00,2025-06-21 17:10:00,278.6278782190769,278.6278782190769,10427.171630354076,10427.171630354076,607.3621471140248,390.1617520528456,400.71092916666674,0.9462,12
2025-06-21,12,2025-06-21 12:00:00,104,2025-06-21 17:10:00,2025-06-21 17:20:00,349.827168466086,349.827168466086,10715.762472940612,10715.762472940612,621.7616503252844,346.7767103861788,357.32588749999996,0.9742,12
2025-06-21,12,2025-06-21 12:00:00,105,2025-06-21 17:20:00,2025-06-21 17:30:00,347.3634741443498,347.3634741443498,9990.489042459058,9990.489042459058,609.7800053163553,303.3916687195122,313.94084583333336,0.9862,12
2025-06-21,12,2025-06-21 12:00:00,106,2025-06-21 17:30:00,2025-06-21 17:40:00,422.3697900069582,422.3697900069582,10563.083142436011,10563.083142436011,602.6908711593439,260.00662705284554,270.5558041666667,0.976,12
2025-06-21,12,2025-06-21 12:00:00,107,2025-06-21 17:40:00,2025-06-21 17:50:00,393.6867557038637,393.6867557038637,9911.481483870657,9911.481483870657,601.3615955391865,216.62158538617888,227.17076250000002,1.0742,12
2025-06-21,12,2025-06-21 12:00:00,108,2025-06-21 17:50:00,2025-06-21 18:00:00,248.10354226868373,248.10354226868373,9642.154675085865,9642.154675085865,606.3221451666017,173.2365437195122,183.78572083333336,1.2313,12
2025-06-21,12,2025-06-21 12:00:00,109,2025-06-21 18:00:00,2025-06-21 18:10:00,525.6773201766434,525.6773201766434,10379.353395360884,10379.353395360884,620.2416875621733,138.13638955284551,148.68556666666666,1.2561,12
2025-06-21,12,2025-06-21 12:00:00,110,2025-06-21 18:10:00,2025-06-21 18:20:00,569.1792365191072,569.1792365191072,10309.458761529846,10309.458761529846,622.6575543872254,111.32112288617887,121.8703,1.2447,12
2025-06-21,12,2025-06-21 12:00:00,111,2025-06-21 18:20:00,2025-06-21 18:30:00,493.236593387579,493.236593387579,9625.219045147041,9625.219045147041,616.438378750639,84.50585621951222,95.05503333333336,1.2545,12
2025-06-21,12,2025-06-21 12:00:00,112,2025-06-21 18:30:00,2025-06-21 18:40:00,526.5290963835645,526.5290963835645,9497.025061952032,9497.025061952032,623.2467936057639,57.69058955284555,68.23976666666668,1.2522,12
2025-06-21,12,2025-06-21 12:00:00,113,2025-06-21 18:40:00,2025-06-21 18:50:00,506.064352700354,506.064352700354,9428.410732602733,9428.410732602733,624.5080857895767,30.875322886178875,41.42450000000001,1.2881,12
2025-06-21,12,2025-06-21 12:00:00,114,2025-06-21 18:50:00,2025-06-21 19:00:00,0.0,0.0,8290.439160288719,8290.439160288719,623.2542538153498,4.060056219512203,14.609233333333338,1.3466,12
2025-06-21,12,2025-06-21 12:00:00,115,2025-06-21 19:00:00,2025-06-21 19:10:00,0.0,0.0,7920.020964909795,7920.020964909795,641.4871158631313,0.0,1.1014666666666668,1.3523,12
2025-06-21,12,2025-06-21 12:00:00,116,2025-06-21 19:10:00,2025-06-21 19:20:00,0.0,0.0,7173.785404090136,7173.785404090136,650.3274333317947,0.0,0.9011999999999999,1.3445,12
2025-06-21,12,2025-06-21 12:00:00,117,2025-06-21 19:20:00,2025-06-21 19:30:00,0.0,0.0,6494.326559895257,6494.326559895257,634.8447538118457,0.0,0.7009333333333334,1.3483,12
2025-06-21,12,2025-06-21 12:00:00,118,2025-06-21 19:30:00,2025-06-21 19:40:00,0.0,0.0,5817.000280490342,5817.000280490342,609.2152319103272,0.0,0.5006666666666667,1.349,12
2025-06-21,12,2025-06-21 12:00:00,119,2025-06-21 19:40:00,2025-06-21 19:50:00,0.0,0.0,5172.661345481995,5172.661345481995,595.6007495324454,0.0,0.3004,1.3473,12
2025-06-21,12,2025-06-21 12:00:00,120,2025-06-21 19:50:00,2025-06-21 20:00:00,0.0,0.0,4459.43988994016,4459.43988994016,609.7125529987345,0.0,0.10013333333333331,1.3482,12
2025-06-21,12,2025-06-21 12:00:00,121,2025-06-21 20:00:00,2025-06-21 20:10:00,0.0,0.0,3642.6644512462763,3642.6644512462763,646.2259476075925,0.0,0.0,1.3513,12
2025-06-21,12,2025-06-21 12:00:00,122,2025-06-21 20:10:00,2025-06-21 20:20:00,0.0,0.0,2811.235150713289,2811.235150713289,651.5921873237537,0.0,0.0,1.34,12
2025-06-21,12,2025-06-21 12:00:00,123,2025-06-21 20:20:00,2025-06-21 20:30:00,0.0,0.0,1999.7933431926187,1999.7933431926187,635.8020059963436,0.0,0.0,1.3489,12
2025-06-21,12,2025-06-21 12:00:00,124,2025-06-21 20:30:00,2025-06-21 20:40:00,0.0,0.0,1200.0,1200.0,658.7912482896742,0.0,0.0,1.3952,12
2025-06-21,12,2025-06-21 12:00:00,125,2025-06-21 20:40:00,2025-06-21 20:50:00,198.2200461479866,198.2200461479866,1200.0,1200.0,679.6934547164777,0.0,0.0,1.2226,12
2025-06-21,12,2025-06-21 12:00:00,126,2025-06-21 20:50:00,2025-06-21 21:00:00,685.0285414153383,685.0285414153383,1219.4450600191003,1219.4450600191003,664.3902372296194,0.0,0.0,0.9332,12
2025-06-21,12,2025-06-21 12:00:00,127,2025-06-21 21:00:00,2025-06-21 21:10:00,634.5482307294669,634.5482307294669,1226.6706824031114,1226.6706824031114,619.4449321919864,0.0,0.0,0.9068,12
2025-06-21,12,2025-06-21 12:00:00,128,2025-06-21 21:10:00,2025-06-21 21:20:00,608.1490747548979,608.1490747548979,1242.2640635007833,1242.2640635007833,582.2088820049432,0.0,0.0,0.9371,12
2025-06-21,12,2025-06-21 12:00:00,129,2025-06-21 21:20:00,2025-06-21 21:30:00,580.6939752006537,580.6939752006537,1227.60133555737,1227.60133555737,578.5953863184261,0.0,0.0,0.9371,12
2025-06-21,12,2025-06-21 12:00:00,130,2025-06-21 21:30:00,2025-06-21 21:40:00,586.7964563795308,586.7964563795308,1200.0,1200.0,601.7175683075108,0.0,0.0,0.9871,12
2025-06-21,12,2025-06-21 12:00:00,131,2025-06-21 21:40:00,2025-06-21 21:50:00,603.9706905124797,603.9706905124797,1200.0,1200.0,591.998840727297,0.0,0.0,0.7764,12
2025-06-21,12,2025-06-21 12:00:00,132,2025-06-21 21:50:00,2025-06-21 22:00:00,677.3130892522996,677.3130892522996,1201.0604184195488,1201.0604184195488,554.5147463283381,0.0,0.0,0.4209,12
2025-06-21,12,2025-06-21 12:00:00,133,2025-06-21 22:00:00,2025-06-21 22:10:00,1311.486022112177,1311.486022112177,1200.0,1200.0,548.6887148467114,0.0,0.0,0.3859,12
2025-06-21,12,2025-06-21 12:00:00,134,2025-06-21 22:10:00,2025-06-21 22:20:00,553.6691387512967,553.6691387512967,1200.0,1200.0,543.3506929094851,0.0,0.0,0.4368,12
2025-06-21,12,2025-06-21 12:00:00,135,2025-06-21 22:20:00,2025-06-21 22:30:00,572.8371687071744,572.8371687071744,1206.0886987790825,1206.0886987790825,540.4310662249106,0.0,0.0,0.4198,12
2025-06-21,12,2025-06-21 12:00:00,136,2025-06-21 22:30:00,2025-06-21 22:40:00,607.2141971053169,607.2141971053169,1200.0,1200.0,576.6444980074301,0.0,0.0,0.4186,12
2025-06-21,12,2025-06-21 12:00:00,137,2025-06-21 22:40:00,2025-06-21 22:50:00,640.2370822753245,640.2370822753245,1200.0,1200.0,602.8511919027334,0.0,0.0,0.4241,12
2025-06-21,12,2025-06-21 12:00:00,138,2025-06-21 22:50:00,2025-06-21 23:00:00,614.089415033261,614.089415033261,1200.0,1200.0,580.0341795808991,0.0,0.0,0.4237,12
2025-06-21,12,2025-06-21 12:00:00,139,2025-06-21 23:00:00,2025-06-21 23:10:00,545.9478677026332,545.9478677026332,1200.280069626516,1200.280069626516,519.3239296796842,0.0,0.0,0.4248,12
2025-06-21,12,2025-06-21 12:00:00,140,2025-06-21 23:10:00,2025-06-21 23:20:00,527.7663886503079,527.7663886503079,1201.1665364326307,1201.1665364326307,499.64079001720904,0.0,0.0,0.424,12
2025-06-21,12,2025-06-21 12:00:00,141,2025-06-21 23:20:00,2025-06-21 23:30:00,556.2582004373021,556.2582004373021,1204.6582535883076,1204.6582535883076,526.2722967206099,0.0,0.0,0.422,12
2025-06-21,12,2025-06-21 12:00:00,142,2025-06-21 23:30:00,2025-06-21 23:40:00,568.3439781718934,568.3439781718934,1204.2567118058998,1204.2567118058998,539.5465017132791,0.0,0.0,0.424,12
2025-06-21,12,2025-06-21 12:00:00,143,2025-06-21 23:40:00,2025-06-21 23:50:00,609.4479008344357,609.4479008344357,1201.6426957199249,1201.6426957199249,577.785588503953,0.0,0.0,0.4271,12
2025-06-21,12,2025-06-21 12:00:00,144,2025-06-21 23:50:00,2025-06-22 00:00:00,663.9512588421104,663.9512588421104,1200.0,1200.0,634.880711669421,0.0,0.0,0.4276,12
2025-06-21,18,2025-06-21 18:00:00,109,2025-06-21 18:00:00,2025-06-21 18:10:00,525.6773201766434,525.6773201766434,10379.353395360884,10379.353395360884,620.2416875621733,128.061975975976,148.69100833333334,1.2561,12
2025-06-21,18,2025-06-21 18:00:00,110,2025-06-21 18:10:00,2025-06-21 18:20:00,569.1792365191072,569.1792365191072,10309.458761529846,10309.458761529846,622.6575543872254,101.25759264264263,121.886625,1.2447,12
2025-06-21,18,2025-06-21 18:00:00,111,2025-06-21 18:20:00,2025-06-21 18:30:00,493.236593387579,493.236593387579,9625.219045147041,9625.219045147041,616.438378750639,74.4532093093093,95.08224166666666,1.2545,12
2025-06-21,18,2025-06-21 18:00:00,112,2025-06-21 18:30:00,2025-06-21 18:40:00,526.5290963835645,526.5290963835645,9497.025061952032,9497.025061952032,623.2467936057639,47.64882597597597,68.27785833333333,1.2522,12
2025-06-21,18,2025-06-21 18:00:00,113,2025-06-21 18:40:00,2025-06-21 18:50:00,506.064352700354,506.064352700354,9428.410732602733,9428.410732602733,624.5080857895767,20.844442642642633,41.47347499999999,1.2881,12
2025-06-21,18,2025-06-21 18:00:00,114,2025-06-21 18:50:00,2025-06-21 19:00:00,0.0,0.0,8290.439160288719,8290.439160288719,623.2542538153498,0.0,14.669091666666665,1.3466,12
2025-06-21,18,2025-06-21 18:00:00,115,2025-06-21 19:00:00,2025-06-21 19:10:00,0.0,0.0,7920.020964909795,7920.020964909795,641.4871158631313,0.0,1.161325,1.3523,12
2025-06-21,18,2025-06-21 18:00:00,116,2025-06-21 19:10:00,2025-06-21 19:20:00,0.0,0.0,7173.785404090136,7173.785404090136,650.3274333317947,0.0,0.9501750000000001,1.3445,12
2025-06-21,18,2025-06-21 18:00:00,117,2025-06-21 19:20:00,2025-06-21 19:30:00,0.0,0.0,6494.326559895257,6494.326559895257,634.8447538118457,0.0,0.7390249999999999,1.3483,12
2025-06-21,18,2025-06-21 18:00:00,118,2025-06-21 19:30:00,2025-06-21 19:40:00,0.0,0.0,5817.000280490342,5817.000280490342,609.2152319103272,0.0,0.527875,1.349,12
2025-06-21,18,2025-06-21 18:00:00,119,2025-06-21 19:40:00,2025-06-21 19:50:00,0.0,0.0,5172.661345481995,5172.661345481995,595.6007495324454,0.0,0.31672500000000003,1.3473,12
2025-06-21,18,2025-06-21 18:00:00,120,2025-06-21 19:50:00,2025-06-21 20:00:00,0.0,0.0,4459.43988994016,4459.43988994016,609.7125529987345,0.0,0.10557500000000002,1.3482,12
2025-06-21,18,2025-06-21 18:00:00,121,2025-06-21 20:00:00,2025-06-21 20:10:00,0.0,0.0,3642.6644512462763,3642.6644512462763,646.2259476075925,0.0,0.0,1.3513,12
2025-06-21,18,2025-06-21 18:00:00,122,2025-06-21 20:10:00,2025-06-21 20:20:00,0.0,0.0,2811.235150713289,2811.235150713289,651.5921873237537,0.0,0.0,1.34,12
2025-06-21,18,2025-06-21 18:00:00,123,2025-06-21 20:20:00,2025-06-21 20:30:00,0.0,0.0,1999.7933431926187,1999.7933431926187,635.8020059963436,0.0,0.0,1.3489,12
2025-06-21,18,2025-06-21 18:00:00,124,2025-06-21 20:30:00,2025-06-21 20:40:00,0.0,0.0,1200.0,1200.0,658.7912482896742,0.0,0.0,1.3952,12
2025-06-21,18,2025-06-21 18:00:00,125,2025-06-21 20:40:00,2025-06-21 20:50:00,198.2200461479866,198.2200461479866,1200.0,1200.0,679.6934547164777,0.0,0.0,1.2226,12
2025-06-21,18,2025-06-21 18:00:00,126,2025-06-21 20:50:00,2025-06-21 21:00:00,685.0285414153383,685.0285414153383,1219.4450600191003,1219.4450600191003,664.3902372296194,0.0,0.0,0.9332,12
2025-06-21,18,2025-06-21 18:00:00,127,2025-06-21 21:00:00,2025-06-21 21:10:00,634.5482307294669,634.5482307294669,1226.6706824031114,1226.6706824031114,619.4449321919864,0.0,0.0,0.9068,12
2025-06-21,18,2025-06-21 18:00:00,128,2025-06-21 21:10:00,2025-06-21 21:20:00,608.1490747548979,608.1490747548979,1242.2640635007833,1242.2640635007833,582.2088820049432,0.0,0.0,0.9371,12
2025-06-21,18,2025-06-21 18:00:00,129,2025-06-21 21:20:00,2025-06-21 21:30:00,580.6939752006537,580.6939752006537,1227.60133555737,1227.60133555737,578.5953863184261,0.0,0.0,0.9371,12
2025-06-21,18,2025-06-21 18:00:00,130,2025-06-21 21:30:00,2025-06-21 21:40:00,586.7964563795308,586.7964563795308,1200.0,1200.0,601.7175683075108,0.0,0.0,0.9871,12
2025-06-21,18,2025-06-21 18:00:00,131,2025-06-21 21:40:00,2025-06-21 21:50:00,603.9706905124797,603.9706905124797,1200.0,1200.0,591.998840727297,0.0,0.0,0.7764,12
2025-06-21,18,2025-06-21 18:00:00,132,2025-06-21 21:50:00,2025-06-21 22:00:00,677.3130892522996,677.3130892522996,1201.0604184195488,1201.0604184195488,554.5147463283381,0.0,0.0,0.4209,12
2025-06-21,18,2025-06-21 18:00:00,133,2025-06-21 22:00:00,2025-06-21 22:10:00,1311.486022112177,1311.486022112177,1200.0,1200.0,548.6887148467114,0.0,0.0,0.3859,12
2025-06-21,18,2025-06-21 18:00:00,134,2025-06-21 22:10:00,2025-06-21 22:20:00,553.6691387512967,553.6691387512967,1200.0,1200.0,543.3506929094851,0.0,0.0,0.4368,12
2025-06-21,18,2025-06-21 18:00:00,135,2025-06-21 22:20:00,2025-06-21 22:30:00,572.8371687071744,572.8371687071744,1206.0886987790825,1206.0886987790825,540.4310662249106,0.0,0.0,0.4198,12
2025-06-21,18,2025-06-21 18:00:00,136,2025-06-21 22:30:00,2025-06-21 22:40:00,607.2141971053169,607.2141971053169,1200.0,1200.0,576.6444980074301,0.0,0.0,0.4186,12
2025-06-21,18,2025-06-21 18:00:00,137,2025-06-21 22:40:00,2025-06-21 22:50:00,640.2370822753245,640.2370822753245,1200.0,1200.0,602.8511919027334,0.0,0.0,0.4241,12
2025-06-21,18,2025-06-21 18:00:00,138,2025-06-21 22:50:00,2025-06-21 23:00:00,614.089415033261,614.089415033261,1200.0,1200.0,580.0341795808991,0.0,0.0,0.4237,12
2025-06-21,18,2025-06-21 18:00:00,139,2025-06-21 23:00:00,2025-06-21 23:10:00,545.9478677026332,545.9478677026332,1200.280069626516,1200.280069626516,519.3239296796842,0.0,0.0,0.4248,12
2025-06-21,18,2025-06-21 18:00:00,140,2025-06-21 23:10:00,2025-06-21 23:20:00,527.7663886503079,527.7663886503079,1201.1665364326307,1201.1665364326307,499.64079001720904,0.0,0.0,0.424,12
2025-06-21,18,2025-06-21 18:00:00,141,2025-06-21 23:20:00,2025-06-21 23:30:00,556.2582004373021,556.2582004373021,1204.6582535883076,1204.6582535883076,526.2722967206099,0.0,0.0,0.422,12
2025-06-21,18,2025-06-21 18:00:00,142,2025-06-21 23:30:00,2025-06-21 23:40:00,568.3439781718934,568.3439781718934,1204.2567118058998,1204.2567118058998,539.5465017132791,0.0,0.0,0.424,12
2025-06-21,18,2025-06-21 18:00:00,143,2025-06-21 23:40:00,2025-06-21 23:50:00,609.4479008344357,609.4479008344357,1201.6426957199249,1201.6426957199249,577.785588503953,0.0,0.0,0.4271,12
2025-06-21,18,2025-06-21 18:00:00,144,2025-06-21 23:50:00,2025-06-22 00:00:00,663.9512588421104,663.9512588421104,1200.0,1200.0,634.880711669421,0.0,0.0,0.4276,12
2025-09-23,0,2025-09-23 00:00:00,1,2025-09-23 00:00:00,2025-09-23 00:10:00,1472.7986692773188,1472.7986692773188,3987.3728390832343,3987.3728390832343,631.4073338183621,0.0,0.0,0.4248,7
2025-09-23,0,2025-09-23 00:00:00,2,2025-09-23 00:10:00,2025-09-23 00:20:00,1440.1678496919037,1440.1678496919037,4737.372839083235,4737.372839083235,634.3156006390212,0.0,0.0,0.4245,7
2025-09-23,0,2025-09-23 00:00:00,3,2025-09-23 00:20:00,2025-09-23 00:30:00,1417.96211043315,1417.96211043315,5487.372839083235,5487.372839083235,592.810113665206,0.0,0.0,0.4269,7
2025-09-23,0,2025-09-23 00:00:00,4,2025-09-23 00:30:00,2025-09-23 00:40:00,1297.6318328968805,1297.6318328968805,6237.372839083235,6237.372839083235,578.897118429304,0.0,0.0,0.4272,7
2025-09-23,0,2025-09-23 00:00:00,5,2025-09-23 00:40:00,2025-09-23 00:50:00,1193.3150262091515,1193.3150262091515,6987.372839083235,6987.372839083235,571.2842110457367,0.0,0.0,0.4271,7
2025-09-23,0,2025-09-23 00:00:00,6,2025-09-23 00:50:00,2025-09-23 01:00:00,1145.4984390820712,1145.4984390820712,7737.372839083235,7737.372839083235,561.6943163816796,0.0,0.0,0.4285,7
2025-09-23,0,2025-09-23 00:00:00,7,2025-09-23 01:00:00,2025-09-23 01:10:00,888.3106593755963,888.3106593755963,7674.624036486649,7674.624036486649,568.2791411237623,0.0,0.0,0.4311,7
2025-09-23,0,2025-09-23 00:00:00,8,2025-09-23 01:10:00,2025-09-23 01:20:00,1406.8756225172085,1406.8756225172085,7800.0,7800.0,567.0066462084405,0.0,0.0,0.4302,7
2025-09-23,0,2025-09-23 00:00:00,9,2025-09-23 01:20:00,2025-09-23 01:30:00,1257.4515516436402,1257.4515516436402,8550.0,8550.0,558.4936776451751,0.0,0.0,0.4279,7
2025-09-23,0,2025-09-23 00:00:00,10,2025-09-23 01:30:00,2025-09-23 01:40:00,796.5425624847708,796.5425624847708,8550.20372982532,8550.20372982532,569.951803356556,0.0,0.0,0.4312,7
2025-09-23,0,2025-09-23 00:00:00,11,2025-09-23 01:40:00,2025-09-23 01:50:00,636.0376312885993,636.0376312885993,8510.803960944762,8510.803960944762,592.2237249415078,0.0,0.0,0.4333,7
2025-09-23,0,2025-09-23 00:00:00,12,2025-09-23 01:50:00,2025-09-23 02:00:00,1140.316346388421,1140.316346388421,8537.069592654216,8537.069592654216,599.2589197933457,0.0,0.0,0.4311,7
2025-09-23,0,2025-09-23 00:00:00,13,2025-09-23 02:00:00,2025-09-23 02:10:00,1235.110786675496,1235.110786675496,9300.0,9300.0,573.8667704134418,0.0,0.0,0.4293,7
2025-09-23,0,2025-09-23 00:00:00,14,2025-09-23 02:10:00,2025-09-23 02:20:00,585.4881120812167,585.4881120812167,9303.101446275283,9303.101446275283,562.0552561869009,0.0,0.0,0.4324,7
2025-09-23,0,2025-09-23 00:00:00,15,2025-09-23 02:20:00,2025-09-23 02:30:00,592.4272164608257,592.4272164608257,9255.963921330751,9255.963921330751,582.9429710820172,0.0,0.0,0.4367,7
2025-09-23,0,2025-09-23 00:00:00,16,2025-09-23 02:30:00,2025-09-23 02:40:00,629.2761162051505,629.2761162051505,9293.538756474425,9293.538756474425,609.8284638065127,0.0,0.0,0.4348,7
2025-09-23,0,2025-09-23 00:00:00,17,2025-09-23 02:40:00,2025-09-23 02:50:00,639.0077047433064,639.0077047433064,9302.780019875758,9302.780019875758,606.2665614212085,0.0,0.0,0.4335,7
2025-09-23,0,2025-09-23 00:00:00,18,2025-09-23 02:50:00,2025-09-23 03:00:00,585.7879533561838,585.7879533561838,9181.80890559687,9181.80890559687,589.680346292795,0.0,0.0,0.4357,7
2025-09-23,0,2025-09-23 00:00:00,19,2025-09-23 03:00:00,2025-09-23 03:10:00,640.6151814407119,640.6151814407119,9299.955717167155,9299.955717167155,607.2056895750735,0.0,0.0,0.4374,7
2025-09-23,0,2025-09-23 00:00:00,20,2025-09-23 03:10:00,2025-09-23 03:20:00,629.8784302669576,629.8784302669576,9295.153559295519,9295.153559295519,604.9293115349354,0.0,0.0,0.4371,7
2025-09-23,0,2025-09-23 00:00:00,21,2025-09-23 03:20:00,2025-09-23 03:30:00,582.02146153215,582.02146153215,9301.256571259728,9301.256571259728,581.2338985439543,0.0,0.0,0.4356,7
2025-09-23,0,2025-09-23 00:00:00,22,2025-09-23 03:30:00,2025-09-23 03:40:00,600.7509966309167,600.7509966309167,9267.399777972209,9267.399777972209,590.8804903758991,0.0,0.0,0.4353,7
2025-09-23,0,2025-09-23 00:00:00,23,2025-09-23 03:40:00,2025-09-23 03:50:00,607.9376368829433,607.9376368829433,9223.689424468112,9223.689424468112,603.4077351539221,0.0,0.0,0.436,7
2025-09-23,0,2025-09-23 00:00:00,24,2025-09-23 03:50:00,2025-09-23 04:00:00,636.7279683753594,636.7279683753594,9262.489502616976,9262.489502616976,610.5912649563505,0.0,0.0,0.4378,7
2025-09-23,0,2025-09-23 00:00:00,25,2025-09-23 04:00:00,2025-09-23 04:10:00,634.9212717242863,634.9212717242863,9227.350781063142,9227.350781063142,633.2708698276911,0.0,0.0,0.4401,7
2025-09-23,0,2025-09-23 00:00:00,26,2025-09-23 04:10:00,2025-09-23 04:20:00,635.0776541684553,635.0776541684553,9237.426142710152,9237.426142710152,633.4424761424444,0.0,0.0,0.4389,7
2025-09-23,0,2025-09-23 00:00:00,27,2025-09-23 04:20:00,2025-09-23 04:30:00,586.6807398840033,586.6807398840033,9282.733691999561,9282.733691999561,614.9140385418804,0.0,0.0,0.4364,7
2025-09-23,0,2025-09-23 00:00:00,28,2025-09-23 04:30:00,2025-09-23 04:40:00,584.3970188611022,584.3970188611022,9227.234591556335,9227.234591556335,619.6207364858583,0.0,0.0,0.4393,7
2025-09-23,0,2025-09-23 00:00:00,29,2025-09-23 04:40:00,2025-09-23 04:50:00,603.8020011947698,603.8020011947698,9149.06721502582,9149.06721502582,615.9097152095816,0.0,0.0,0.4422,7
2025-09-23,0,2025-09-23 00:00:00,30,2025-09-23 04:50:00,2025-09-23 05:00:00,607.6150061072162,607.6150061072162,9203.440738776615,9203.440738776615,597.3968285757005,0.0,0.0,0.4395,7
2025-09-23,0,2025-09-23 00:00:00,31,2025-09-23 05:00:00,2025-09-23 05:10:00,599.5977546797178,599.5977546797178,9158.606422303457,9158.606422303457,595.8052080353784,0.0,0.0,0.4333,7
2025-09-23,0,2025-09-23 00:00:00,32,2025-09-23 05:10:00,2025-09-23 05:20:00,562.5237969785549,562.5237969785549,9138.775976923978,9138.775976923978,616.8309739047264,0.0,0.0,0.4439,7
2025-09-23,0,2025-09-23 00:00:00,33,2025-09-23 05:20:00,2025-09-23 05:30:00,1245.4154517016464,1245.4154517016464,10050.0,10050.0,629.8827080917612,0.0,0.0,0.4301,7
2025-09-23,0,2025-09-23 00:00:00,34,2025-09-23 05:30:00,2025-09-23 05:40:00,1466.4495024957578,1466.4495024957578,10800.0,10800.0,610.1151098636097,0.0,0.0,0.3713,7
2025-09-23,0,2025-09-23 00:00:00,35,2025-09-23 05:40:00,2025-09-23 05:50:00,665.0967767220731,665.0967767220731,10405.170900714833,10405.170900714833,665.7267990627726,0.0,0.0,0.5708,7
2025-09-23,0,2025-09-23 00:00:00,36,2025-09-23 05:50:00,2025-09-23 06:00:00,17.438207841270753,17.438207841270753,9265.03792877666,9265.03792877666,776.594183080564,0.0,0.0,0.9099,7
2025-09-23,0,2025-09-23 00:00:00,37,2025-09-23 06:00:00,2025-09-23 06:10:00,0.0,0.0,8318.979916541859,8318.979916541859,805.3167650925668,26.547373754295535,21.629754166666668,0.9368,7
2025-09-23,0,2025-09-23 00:00:00,38,2025-09-23 06:10:00,2025-09-23 06:20:00,0.07992705738539713,0.07992705738539713,7637.356799818977,7637.356799818977,791.4042597452913,69.80688208762886,64.8892625,0.8758,7
2025-09-23,0,2025-09-23 00:00:00,39,2025-09-23 06:20:00,2025-09-23 06:30:00,0.06869371766309391,0.06869371766309391,6910.575682784414,6910.575682784414,783.9178891837659,113.0663904209622,108.14877083333333,0.8759,7
2025-09-23,0,2025-09-23 00:00:00,40,2025-09-23 06:30:00,2025-09-23 06:40:00,0.18141177693093796,0.18141177693093796,6136.092084202279,6136.092084202279,790.2015864359578,156.32589875429557,151.4082791666667,0.8601,7
2025-09-23,0,2025-09-23 00:00:00,41,2025-09-23 06:40:00,2025-09-23 06:50:00,28.80372356308222,28.80372356308222,5581.697395989957,5581.697395989957,796.9619429332358,199.5854070876289,194.66778750000003,0.8442,7
2025-09-23,0,2025-09-23 00:00:00,42,2025-09-23 06:50:00,2025-09-23 07:00:00,308.0357626301819,308.0357626301819,5299.077589486929,5299.077589486929,795.4876620088683,242.84491542096222,237.92729583333335,0.8334,7
2025-09-23,0,2025-09-23 00:00:00,43,2025-09-23 07:00:00,2025-09-23 07:10:00,427.96405873417484,427.96405873417484,5237.999697520953,5237.999697520953,791.8577896782537,295.4914751431844,290.57385555555555,0.8092,7
2025-09-23,0,2025-09-23 00:00:00,44,2025-09-23 07:10:00,2025-09-23 07:20:00,456.66386686037083,456.66386686037083,5348.141974292605,5348.141974292605,811.4704380433491,357.5250862542955,352.60746666666665,0.7972,7
2025-09-23,0,2025-09-23 00:00:00,45,2025-09-23 07:20:00,2025-09-23 07:30:00,422.9888422666415,422.9888422666415,5567.533309569968,5567.533309569968,828.0549898940342,419.55869736540666,414.6410777777778,0.7644,7
2025-09-23,0,2025-09-23 00:00:00,46,2025-09-23 07:30:00,2025-09-23 07:40:00,350.74834002398404,350.74834002398404,5562.527025199433,5562.527025199433,807.4664247632818,481.5923084765177,476.67468888888885,0.6899,7
2025-09-23,0,2025-09-23 00:00:00,47,2025-09-23 07:40:00,2025-09-23 07:50:00,0.0,0.0,4772.701741869905,4772.701741869905,899.3558925579615,543.6259195876288,538.7082999999999,0.86,7
2025-09-23,0,2025-09-23 00:00:00,48,2025-09-23 07:50:00,2025-09-23 08:00:00,0.0,0.0,4263.081571750588,4263.081571750588,1065.8490302486114,605.65953069874,600.7419111111111,1.1617,7
2025-09-23,0,2025-09-23 00:00:00,49,2025-09-23 08:00:00,2025-09-23 08:10:00,0.0,0.0,3722.4674315894445,3722.4674315894445,1104.310588646817,662.8164223654067,657.8988027777777,1.1683,7
2025-09-23,0,2025-09-23 00:00:00,50,2025-09-23 08:10:00,2025-09-23 08:20:00,0.0,0.0,3156.874625789277,3156.874625789277,1085.9971310957294,715.096594587629,710.1789750000002,1.0956,7
2025-09-23,0,2025-09-23 00:00:00,51,2025-09-23 08:20:00,2025-09-23 08:30:00,0.0,0.0,2637.49622795674,2637.49622795674,1074.9131017841767,767.3767668098511,762.4591472222222,1.0849,7
2025-09-23,0,2025-09-23 00:00:00,52,2025-09-23 08:30:00,2025-09-23 08:40:00,0.0,0.0,2105.2311314218605,2105.2311314218605,1061.9220118038522,819.6569390320734,814.7393194444445,1.061,7
2025-09-23,0,2025-09-23 00:00:00,53,2025-09-23 08:40:00,2025-09-23 08:50:00,0.0,0.0,1847.5400510973122,1847.5400510973122,1057.9722426545213,871.9371112542955,867.0194916666666,1.043,7
2025-09-23,0,2025-09-23 00:00:00,54,2025-09-23 08:50:00,2025-09-23 09:00:00,0.0,0.0,1536.089403353214,1536.089403353214,1067.5767305717854,924.2172834765179,919.299663888889,1.036,7
2025-09-23,0,2025-09-23 00:00:00,55,2025-09-23 09:00:00,2025-09-23 09:10:00,0.0,0.0,1378.8177954357109,1378.8177954357109,1081.1318554426239,964.5585709765178,959.6409513888889,1.0147,7
2025-09-23,0,2025-09-23 00:00:00,56,2025-09-23 09:10:00,2025-09-23 09:20:00,0.0,0.0,1241.1514571149864,1241.1514571149864,1082.263237341353,992.9609737542955,988.0433541666666,0.9922,7
2025-09-23,0,2025-09-23 00:00:00,57,2025-09-23 09:20:00,2025-09-23 09:30:00,0.0,0.0,1200.0,1200.0,1062.755683403318,1021.3633765320734,1016.4457569444445,0.97,7
2025-09-23,0,2025-09-23 00:00:00,58,2025-09-23 09:30:00,2025-09-23 09:40:00,0.0,0.0,1221.065538225034,1221.065538225034,1033.4198279220348,1049.7657793098513,1044.8481597222224,0.9422,7
2025-09-23,0,2025-09-23 00:00:00,59,2025-09-23 09:40:00,2025-09-23 09:50:00,0.0,0.0,1200.0,1200.0,1039.5661777975236,1078.168182087629,1073.2505625000001,0.9569,7
2025-09-23,0,2025-09-23 00:00:00,60,2025-09-23 09:50:00,2025-09-23 10:00:00,0.0,0.0,1200.0,1200.0,1072.757877823106,1106.5705848654068,1101.6529652777779,0.9977,7
2025-09-23,0,2025-09-23 00:00:00,61,2025-09-23 10:00:00,2025-09-23 10:10:00,0.0,0.0,1252.7161549358643,1252.7161549358643,1079.29874356649,1125.5575890320733,1120.6399694444444,0.9919,7
2025-09-23,0,2025-09-23 00:00:00,62,2025-09-23 10:10:00,2025-09-23 10:20:00,0.0,0.0,1259.0318315003587,1259.0318315003587,1072.8305563175031,1135.129194587629,1130.211575,0.9588,7
2025-09-23,0,2025-09-23 00:00:00,63,2025-09-23 10:20:00,2025-09-23 10:30:00,0.0,0.0,1267.3199803196248,1267.3199803196248,1068.8817334335538,1144.7008001431843,1139.7831805555554,0.9549,7
2025-09-23,0,2025-09-23 00:00:00,64,2025-09-23 10:30:00,2025-09-23 10:40:00,0.0,0.0,1200.0,1200.0,1067.0850020310972,1154.2724056987402,1149.3547861111113,0.9839,7
2025-09-23,0,2025-09-23 00:00:00,65,2025-09-23 10:40:00,2025-09-23 10:50:00,0.0,0.0,1200.0,1200.0,1066.0345188920953,1163.8440112542955,1158.9263916666666,0.799,7
2025-09-23,0,2025-09-23 00:00:00,66,2025-09-23 10:50:00,2025-09-23 11:00:00,72.11398281827873,72.11398281827873,1950.0,1950.0,1064.5852810131796,1173.4156168098511,1168.4979972222222,0.5025,7
2025-09-23,0,2025-09-23 00:00:00,67,2025-09-23 11:00:00,2025-09-23 11:10:00,748.213794877157,748.213794877157,2700.0,2700.0,1063.3101552292048,1201.8399765320735,1196.9223569444446,0.4662,7
2025-09-23,0,2025-09-23 00:00:00,68,2025-09-23 11:10:00,2025-09-23 11:20:00,46.8363424940556,46.8363424940556,3450.0,3450.0,1067.7428300278418,1249.1170904209623,1244.1994708333334,0.5007,7
2025-09-23,0,2025-09-23 00:00:00,69,2025-09-23 11:20:00,2025-09-23 11:30:00,588.8586386459237,588.8586386459237,4200.0,4200.0,1072.920802523681,1296.3942043098511,1291.4765847222222,0.4827,7
2025-09-23,0,2025-09-23 00:00:00,70,2025-09-23 11:30:00,2025-09-23 11:40:00,484.5480935288841,484.5480935288841,4950.0,4950.0,1063.978782175505,1343.67131819874,1338.753698611111,0.4785,7
2025-09-23,0,2025-09-23 00:00:00,71,2025-09-23 11:40:00,2025-09-23 11:50:00,475.05791435134506,475.05791435134506,5700.0,5700.0,1034.0907148034794,1390.948432087629,1386.0308125000001,0.4662,7
2025-09-23,0,2025-09-23 00:00:00,72,2025-09-23 11:50:00,2025-09-23 12:00:00,447.18700573439605,447.18700573439605,6450.0,6450.0,994.9493523782187,1438.225545976518,1433.3079263888892,0.4432,7
2025-09-23,0,2025-09-23 00:00:00,73,2025-09-23 12:00:00,2025-09-23 12:10:00,420.73865534829685,420.73865534829685,7200.0,7200.0,973.4450956953243,1448.8934154209621,1443.9757958333332,0.4411,7
2025-09-23,0,2025-09-23 00:00:00,74,2025-09-23 12:10:00,2025-09-23 12:20:00,387.94571339931196,387.94571339931196,7950.0,7950.0,989.7531253588335,1422.9520404209625,1418.0344208333336,0.4551,7
2025-09-23,0,2025-09-23 00:00:00,75,2025-09-23 12:20:00,2025-09-23 12:30:00,509.62808872887797,509.62808872887797,8700.0,8700.0,1017.0149379506249,1397.0106654209621,1392.0930458333332,0.4463,7
2025-09-23,0,2025-09-23 00:00:00,76,2025-09-23 12:30:00,2025-09-23 12:40:00,579.085112995439,579.085112995439,9450.0,9450.0,1007.0693577596718,1371.0692904209625,1366.1516708333336,0.4113,7
2025-09-23,0,2025-09-23 00:00:00,77,2025-09-23 12:40:00,2025-09-23 12:50:00,0.0,0.0,9990.211329735132,9990.211329735132,1004.8888787920068,1345.1279154209622,1340.2102958333332,0.5682,7
2025-09-23,0,2025-09-23 00:00:00,78,2025-09-23 12:50:00,2025-09-23 13:00:00,0.0,0.0,10199.907423006407,10199.907423006407,1025.6475324059656,1319.1865404209623,1314.2689208333334,0.8279,7
2025-09-23,0,2025-09-23 00:00:00,79,2025-09-23 13:00:00,2025-09-23 13:10:00,0.0,0.0,10290.840640727696,10290.840640727696,1034.8810357856582,1292.2175973654066,1287.2999777777777,0.8636,7
2025-09-23,0,2025-09-23 00:00:00,80,2025-09-23 13:10:00,2025-09-23 13:20:00,0.0,0.0,10393.275751886737,10393.275751886737,1015.6739028452727,1264.2210862542954,1259.3034666666665,0.8416,7
2025-09-23,0,2025-09-23 00:00:00,81,2025-09-23 13:20:00,2025-09-23 13:30:00,0.0,0.0,10618.242177966984,10618.242177966984,996.7760101460168,1236.2245751431844,1231.3069555555555,0.8618,7
2025-09-23,0,2025-09-23 00:00:00,82,2025-09-23 13:30:00,2025-09-23 13:40:00,0.0,0.0,10703.240813506825,10703.240813506825,1022.2763636526377,1208.2280640320732,1203.3104444444443,0.8623,7
2025-09-23,0,2025-09-23 00:00:00,83,2025-09-23 13:40:00,2025-09-23 13:50:00,0.0,0.0,10347.322246571393,10347.322246571393,1037.301537825792,1180.2315529209623,1175.3139333333334,0.9026,7
2025-09-23,0,2025-09-23 00:00:00,84,2025-09-23 13:50:00,2025-09-23 14:00:00,0.0,0.0,10145.410954595556,10145.410954595556,1017.2723106749569,1152.235041809851,1147.3174222222221,0.9754,7
2025-09-23,0,2025-09-23 00:00:00,85,2025-09-23 14:00:00,2025-09-23 14:10:00,0.0,0.0,9972.220000534917,9972.220000534917,993.1372490091484,1104.05700569874,1099.1393861111112,1.0002,7
2025-09-23,0,2025-09-23 00:00:00,86,2025-09-23 14:10:00,2025-09-23 14:20:00,0.0,0.0,9358.614995235268,9358.614995235268,994.4942635345647,1035.6974445876288,1030.7798249999998,0.9978,7
2025-09-23,0,2025-09-23 00:00:00,87,2025-09-23 14:20:00,2025-09-23 14:30:00,0.0,0.0,8697.20554153257,8697.20554153257,1015.0887555276588,967.3378834765177,962.4202638888888,1.0271,7
2025-09-23,0,2025-09-23 00:00:00,88,2025-09-23 14:30:00,2025-09-23 14:40:00,0.0,0.0,8212.194367237083,8212.194367237083,1022.3245332838405,898.9783223654067,894.0607027777778,1.0906,7
2025-09-23,0,2025-09-23 00:00:00,89,2025-09-23 14:40:00,2025-09-23 14:50:00,0.0,0.0,8283.562423008842,8283.562423008842,1017.7683383742902,830.6187612542957,825.7011416666668,0.9376,7
2025-09-23,0,2025-09-23 00:00:00,90,2025-09-23 14:50:00,2025-09-23 15:00:00,886.1677637725327,886.1677637725327,9462.67717367119,9462.67717367119,1009.8320924181827,762.2592001431846,757.3415805555557,0.6694,7
2025-09-23,0,2025-09-23 00:00:00,91,2025-09-23 15:00:00,2025-09-23 15:10:00,853.9405419345644,853.9405419345644,10800.0,10800.0,1008.7148134173377,712.3167543098511,707.3991347222222,0.66,7
2025-09-23,0,2025-09-23 00:00:00,92,2025-09-23 15:10:00,2025-09-23 15:20:00,532.4945855182461,532.4945855182461,10669.895674814714,10669.895674814714,1037.7322429291107,680.7914237542956,675.8738041666667,0.7217,7
2025-09-23,0,2025-09-23 00:00:00,93,2025-09-23 15:20:00,2025-09-23 15:30:00,557.7877553921647,557.7877553921647,10493.525576313368,10493.525576313368,1070.0825012923303,649.26609319874,644.3484736111111,0.7308,7
2025-09-23,0,2025-09-23 00:00:00,94,2025-09-23 15:30:00,2025-09-23 15:40:00,602.3275154926622,602.3275154926622,10800.0,10800.0,1049.0096572517396,617.7407626431844,612.8231430555555,0.7534,7
2025-09-23,0,2025-09-23 00:00:00,95,2025-09-23 15:40:00,2025-09-23 15:50:00,537.2317276351472,537.2317276351472,10482.479884355902,10482.479884355902,1011.0398149218586,586.215432087629,581.2978125000001,0.7823,7
2025-09-23,0,2025-09-23 00:00:00,96,2025-09-23 15:50:00,2025-09-23 16:00:00,477.74104828217014,477.74104828217014,10378.60674419008,10378.60674419008,1003.4024204846183,554.6901015320733,549.7724819444444,0.8055,7
2025-09-23,0,2025-09-23 00:00:00,97,2025-09-23 16:00:00,2025-09-23 16:10:00,597.8220268358368,597.8220268358368,10177.726771388268,10177.726771388268,1039.8420757268032,512.3181390320733,507.4005194444444,0.8271,7
2025-09-23,0,2025-09-23 00:00:00,98,2025-09-23 16:10:00,2025-09-23 16:20:00,720.1711297813083,720.1711297813083,10198.565756554719,10198.565756554719,1056.0041458279234,459.0995445876289,454.18192500000004,0.8519,7
2025-09-23,0,2025-09-23 00:00:00,99,2025-09-23 16:20:00,2025-09-23 16:30:00,702.4837964240742,702.4837964240742,9980.660005284964,9980.660005284964,1036.9418312724097,405.8809501431844,400.96333055555556,0.8791,7
2025-09-23,0,2025-09-23 00:00:00,100,2025-09-23 16:30:00,2025-09-23 16:40:00,747.8303886976545,747.8303886976545,10103.01139674642,10103.01139674642,1028.2567281629326,352.66235569873993,347.7447361111111,0.9024,7
2025-09-23,0,2025-09-23 00:00:00,101,2025-09-23 16:40:00,2025-09-23 16:50:00,813.5137209091995,813.5137209091995,10103.302433006442,10103.302433006442,1041.544547970405,299.4437612542955,294.52614166666666,0.9163,7
2025-09-23,0,2025-09-23 00:00:00,102,2025-09-23 16:50:00,2025-09-23 17:00:00,883.7188734275455,883.7188734275455,10057.435665349329,10057.435665349329,1055.2677761687714,246.2251668098511,241.3075472222222,0.9264,7
2025-09-23,0,2025-09-23 00:00:00,103,2025-09-23 17:00:00,2025-09-23 17:10:00,939.4381252682257,939.4381252682257,10223.620194925097,10223.620194925097,1040.026108942102,201.72434875429553,196.80672916666666,0.9462,7
2025-09-23,0,2025-09-23 00:00:00,104,2025-09-23 17:10:00,2025-09-23 17:20:00,938.6141684234772,938.6141684234772,10147.253436334368,10147.253436334368,1029.4158304379152,165.94130708762887,161.0236875,0.9742,7
2025-09-23,0,2025-09-23 00:00:00,105,2025-09-23 17:20:00,2025-09-23 17:30:00,980.6170321726325,980.6170321726325,10098.851378384363,10098.851378384363,1049.0351428786687,130.15826542096218,125.24064583333332,0.9862,7
2025-09-23,0,2025-09-23 00:00:00,106,2025-09-23 17:30:00,2025-09-23 17:40:00,1085.8895267697058,1085.8895267697058,10363.343198031158,10363.343198031158,1071.9255755110482,94.37522375429553,89.45760416666667,0.976,7
2025-09-23,0,2025-09-23 00:00:00,107,2025-09-23 17:40:00,2025-09-23 17:50:00,971.9719131294306,971.9719131294306,10059.348784585136,10059.348784585136,966.4931227992026,58.592182087628856,53.674562499999986,1.0742,7
2025-09-23,0,2025-09-23 00:00:00,108,2025-09-23 17:50:00,2025-09-23 18:00:00,767.1002340683515,767.1002340683515,9599.104608022246,9599.104608022246,792.5679744191319,22.809140420962194,17.891520833333328,1.2313,7
2025-09-23,0,2025-09-23 00:00:00,109,2025-09-23 18:00:00,2025-09-23 18:10:00,776.5170874398901,776.5170874398901,9868.63938175953,9868.63938175953,755.3486078393819,0.0,0.0,1.2561,7
2025-09-23,0,2025-09-23 00:00:00,110,2025-09-23 18:10:00,2025-09-23 18:20:00,807.8234705748072,807.8234705748072,9550.708234346293,9550.708234346293,776.0860433557668,0.0,0.0,1.2447,7
2025-09-23,0,2025-09-23 00:00:00,111,2025-09-23 18:20:00,2025-09-23 18:30:00,783.5826195083802,783.5826195083802,9395.387035083533,9395.387035083533,790.3947278361926,0.0,0.0,1.2545,7
2025-09-23,0,2025-09-23 00:00:00,112,2025-09-23 18:30:00,2025-09-23 18:40:00,817.5507563819978,817.5507563819978,9053.705433265124,9053.705433265124,808.3088761500844,0.0,0.0,1.2522,7
2025-09-23,0,2025-09-23 00:00:00,113,2025-09-23 18:40:00,2025-09-23 18:50:00,845.1717956830997,845.1717956830997,9902.60466063953,9902.60466063953,790.1025731753238,0.0,0.0,1.2881,7
2025-09-23,0,2025-09-23 00:00:00,114,2025-09-23 18:50:00,2025-09-23 19:00:00,644.7556268983424,644.7556268983424,8419.302607680918,8419.302607680918,762.6037694475907,0.0,0.0,1.3466,7
2025-09-23,0,2025-09-23 00:00:00,115,2025-09-23 19:00:00,2025-09-23 19:10:00,163.76360723337942,163.76360723337942,8074.2723245606985,8074.2723245606985,794.818730303227,0.0,0.0,1.3523,7
2025-09-23,0,2025-09-23 00:00:00,116,2025-09-23 19:10:00,2025-09-23 19:20:00,342.04803596618086,342.04803596618086,7548.052099262911,7548.052099262911,808.9882425535212,0.0,0.0,1.3445,7
2025-09-23,0,2025-09-23 00:00:00,117,2025-09-23 19:20:00,2025-09-23 19:30:00,45.75056771503333,45.75056771503333,6755.802408215369,6755.802408215369,788.8263278366487,0.0,0.0,1.3483,7
2025-09-23,0,2025-09-23 00:00:00,118,2025-09-23 19:30:00,2025-09-23 19:40:00,43.33705920584485,43.33705920584485,6069.876151169367,6069.876151169367,795.2353934406457,0.0,0.0,1.349,7
2025-09-23,0,2025-09-23 00:00:00,119,2025-09-23 19:40:00,2025-09-23 19:50:00,91.40160752902322,91.40160752902322,5212.858931197069,5212.858931197069,802.949733567782,0.0,0.0,1.3473,7
2025-09-23,0,2025-09-23 00:00:00,120,2025-09-23 19:50:00,2025-09-23 20:00:00,75.54237637868245,75.54237637868245,4300.2014341403565,4300.2014341403565,792.5423980124566,0.0,0.0,1.3482,7
2025-09-23,0,2025-09-23 00:00:00,121,2025-09-23 20:00:00,2025-09-23 20:10:00,43.20986471275224,43.20986471275224,3376.261880505731,3376.261880505731,775.1638807183456,0.0,0.0,1.3513,7
2025-09-23,0,2025-09-23 00:00:00,122,2025-09-23 20:10:00,2025-09-23 20:20:00,35.45465479944455,35.45465479944455,2657.898209647529,2657.898209647529,769.7730601168577,0.0,0.0,1.34,7
2025-09-23,0,2025-09-23 00:00:00,123,2025-09-23 20:20:00,2025-09-23 20:30:00,66.58136581423003,66.58136581423003,2052.043063630542,2052.043063630542,782.7505340407048,0.0,0.0,1.3489,7
2025-09-23,0,2025-09-23 00:00:00,124,2025-09-23 20:30:00,2025-09-23 20:40:00,51.55705128224021,51.55705128224021,1200.0,1200.0,800.5194708264501,0.0,0.0,1.3952,7
2025-09-23,0,2025-09-23 00:00:00,125,2025-09-23 20:40:00,2025-09-23 20:50:00,747.6845318455021,747.6845318455021,1200.0,1200.0,789.2813379609235,0.0,0.0,1.2226,7
2025-09-23,0,2025-09-23 00:00:00,126,2025-09-23 20:50:00,2025-09-23 21:00:00,810.8150995867047,810.8150995867047,1217.2403763868133,1217.2403763868133,772.6281358306803,0.0,0.0,0.9332,7
2025-09-23,0,2025-09-23 00:00:00,127,2025-09-23 21:00:00,2025-09-23 21:10:00,844.9956973868094,844.9956973868094,1223.7084814086024,1223.7084814086024,800.4097767221174,0.0,0.0,0.9068,7
2025-09-23,0,2025-09-23 00:00:00,128,2025-09-23 21:10:00,2025-09-23 21:20:00,835.6751807704695,835.6751807704695,1248.4135491330878,1248.4135491330878,784.7583638533242,0.0,0.0,0.9371,7
2025-09-23,0,2025-09-23 00:00:00,129,2025-09-23 21:20:00,2025-09-23 21:30:00,805.3675512451128,805.3675512451128,1206.1862676539708,1206.1862676539708,748.5022233595141,0.0,0.0,0.9371,7
2025-09-23,0,2025-09-23 00:00:00,130,2025-09-23 21:30:00,2025-09-23 21:40:00,797.6888882931709,797.6888882931709,1200.0,1200.0,792.1033005950926,0.0,0.0,0.9871,7
2025-09-23,0,2025-09-23 00:00:00,131,2025-09-23 21:40:00,2025-09-23 21:50:00,767.1112868761295,767.1112868761295,1200.0,1200.0,753.2294208460175,0.0,0.0,0.7764,7
2025-09-23,0,2025-09-23 00:00:00,132,2025-09-23 21:50:00,2025-09-23 22:00:00,748.3706467079953,748.3706467079953,1202.2353182875731,1202.2353182875731,627.7534940333716,0.0,0.0,0.4209,7
2025-09-23,0,2025-09-23 00:00:00,133,2025-09-23 22:00:00,2025-09-23 22:10:00,1294.0355938182913,1294.0355938182913,1217.1115273822782,1217.1115273822782,585.328578315095,0.0,0.0,0.3859,7
2025-09-23,0,2025-09-23 00:00:00,134,2025-09-23 22:10:00,2025-09-23 22:20:00,596.6953364762169,596.6953364762169,1200.0,1200.0,590.4863796773569,0.0,0.0,0.4368,7
2025-09-23,0,2025-09-23 00:00:00,135,2025-09-23 22:20:00,2025-09-23 22:30:00,651.1794872927445,651.1794872927445,1203.729242026057,1203.729242026057,594.5347974281922,0.0,0.0,0.4198,7
2025-09-23,0,2025-09-23 00:00:00,136,2025-09-23 22:30:00,2025-09-23 22:40:00,637.2359980426088,637.2359980426088,1206.8804018648864,1206.8804018648864,594.1884372841696,0.0,0.0,0.4186,7
2025-09-23,0,2025-09-23 00:00:00,137,2025-09-23 22:40:00,2025-09-23 22:50:00,637.705925858547,637.705925858547,1206.7207737965086,1206.7207737965086,604.2902266421167,0.0,0.0,0.4241,7
2025-09-23,0,2025-09-23 00:00:00,138,2025-09-23 22:50:00,2025-09-23 23:00:00,648.7038260184679,648.7038260184679,1203.1851078081925,1203.1851078081925,612.8235179869583,0.0,0.0,0.4237,7
2025-09-23,0,2025-09-23 00:00:00,139,2025-09-23 23:00:00,2025-09-23 23:10:00,628.4186616171949,628.4186616171949,1202.7205814968872,1202.7205814968872,595.8575807797296,0.0,0.0,0.4248,7
2025-09-23,0,2025-09-23 00:00:00,140,2025-09-23 23:10:00,2025-09-23 23:20:00,634.6621641771704,634.6621641771704,1202.749169176773,1202.749169176773,602.0945551280415,0.0,0.0,0.424,7
2025-09-23,0,2025-09-23 00:00:00,141,2025-09-23 23:20:00,2025-09-23 23:30:00,665.8960531411344,665.8960531411344,1205.4232028930649,1205.4232028930649,619.214043251434,0.0,0.0,0.422,7
2025-09-23,0,2025-09-23 00:00:00,142,2025-09-23 23:30:00,2025-09-23 23:40:00,622.7415633135577,622.7415633135577,1209.6080885878912,1209.6080885878912,589.9575325093008,0.0,0.0,0.424,7
2025-09-23,0,2025-09-23 00:00:00,143,2025-09-23 23:40:00,2025-09-23 23:50:00,623.4556080575742,623.4556080575742,1200.8106378780856,1200.8106378780856,590.4128636970394,0.0,0.0,0.4271,7
2025-09-23,0,2025-09-23 00:00:00,144,2025-09-23 23:50:00,2025-09-24 00:00:00,653.2414393135657,653.2414393135657,1200.0,1200.0,617.4774962189933,0.0,0.0,0.4276,7
2025-09-23,6,2025-09-23 06:00:00,37,2025-09-23 06:00:00,2025-09-23 06:10:00,0.0,0.0,8318.979916541859,8318.979916541859,805.3167650925668,28.54036288367097,20.961383333333334,0.9368,12
2025-09-23,6,2025-09-23 06:00:00,38,2025-09-23 06:10:00,2025-09-23 06:20:00,0.07992705738539713,0.07992705738539713,7637.356799818977,7637.356799818977,791.4042597452913,70.46312955033764,62.88415,0.8758,12
2025-09-23,6,2025-09-23 06:00:00,39,2025-09-23 06:20:00,2025-09-23 06:30:00,0.06869371766309391,0.06869371766309391,6910.575682784414,6910.575682784414,783.9178891837659,112.3858962170043,104.80691666666667,0.8759,12
2025-09-23,6,2025-09-23 06:00:00,40,2025-09-23 06:30:00,2025-09-23 06:40:00,0.18141177693093796,0.18141177693093796,6136.092084202279,6136.092084202279,790.2015864359578,154.30866288367096,146.72968333333333,0.8601,12
2025-09-23,6,2025-09-23 06:00:00,41,2025-09-23 06:40:00,2025-09-23 06:50:00,28.80372356308222,28.80372356308222,5581.697395989957,5581.697395989957,796.9619429332358,196.23142955033765,188.65245000000002,0.8442,12
2025-09-23,6,2025-09-23 06:00:00,42,2025-09-23 06:50:00,2025-09-23 07:00:00,308.0357626301819,308.0357626301819,5299.077589486929,5299.077589486929,795.4876620088683,238.15419621700428,230.57521666666665,0.8334,12
2025-09-23,6,2025-09-23 06:00:00,43,2025-09-23 07:00:00,2025-09-23 07:10:00,427.96405873417484,427.96405873417484,5237.999697520953,5237.999697520953,791.8577896782537,290.5438851058932,282.96490555555556,0.8092,12
2025-09-23,6,2025-09-23 06:00:00,44,2025-09-23 07:10:00,2025-09-23 07:20:00,456.66386686037083,456.66386686037083,5348.141974292605,5348.141974292605,811.4704380433491,353.4004962170043,345.82151666666664,0.7972,12
2025-09-23,6,2025-09-23 06:00:00,45,2025-09-23 07:20:00,2025-09-23 07:30:00,422.9888422666415,422.9888422666415,5567.533309569968,5567.533309569968,828.0549898940342,416.2571073281154,408.6781277777778,0.7644,12
2025-09-23,6,2025-09-23 06:00:00,46,2025-09-23 07:30:00,2025-09-23 07:40:00,350.74834002398404,350.74834002398404,5562.527025199433,5562.527025199433,807.4664247632818,479.1137184392265,471.53473888888885,0.6899,12
2025-09-23,6,2025-09-23 06:00:00,47,2025-09-23 07:40:00,2025-09-23 07:50:00,0.0,0.0,4772.701741869905,4772.701741869905,899.3558925579615,541.9703295503376,534.39135,0.86,12
2025-09-23,6,2025-09-23 06:00:00,48,2025-09-23 07:50:00,2025-09-23 08:00:00,0.0,0.0,4263.081571750588,4263.081571750588,1065.8490302486114,604.8269406614488,597.2479611111112,1.1617,12
2025-09-23,6,2025-09-23 06:00:00,49,2025-09-23 08:00:00,2025-09-23 08:10:00,0.0,0.0,3722.4674315894445,3722.4674315894445,1104.310588646817,664.8320601058932,657.2530805555556,1.1683,12
2025-09-23,6,2025-09-23 06:00:00,50,2025-09-23 08:10:00,2025-09-23 08:20:00,0.0,0.0,3156.874625789277,3156.874625789277,1085.9971310957294,721.985687883671,714.4067083333333,1.0956,12
2025-09-23,6,2025-09-23 06:00:00,51,2025-09-23 08:20:00,2025-09-23 08:30:00,0.0,0.0,2637.49622795674,2637.49622795674,1074.9131017841767,779.1393156614488,771.5603361111112,1.0849,12
2025-09-23,6,2025-09-23 06:00:00,52,2025-09-23 08:30:00,2025-09-23 08:40:00,0.0,0.0,2105.2311314218605,2105.2311314218605,1061.9220118038522,836.2929434392265,828.7139638888889,1.061,12
2025-09-23,6,2025-09-23 06:00:00,53,2025-09-23 08:40:00,2025-09-23 08:50:00,0.0,0.0,1847.5400510973122,1847.5400510973122,1057.9722426545213,893.4465712170044,885.8675916666667,1.043,12
2025-09-23,6,2025-09-23 06:00:00,54,2025-09-23 08:50:00,2025-09-23 09:00:00,0.0,0.0,1536.089403353214,1536.089403353214,1067.5767305717854,950.6001989947821,943.0212194444445,1.036,12
2025-09-23,6,2025-09-23 06:00:00,55,2025-09-23 09:00:00,2025-09-23 09:10:00,0.0,0.0,1378.8177954357109,1378.8177954357109,1081.1318554426239,988.6159948281154,981.0370152777778,1.0147,12
2025-09-23,6,2025-09-23 06:00:00,56,2025-09-23 09:10:00,2025-09-23 09:20:00,0.0,0.0,1241.1514571149864,1241.1514571149864,1082.263237341353,1007.4939587170044,999.9149791666667,0.9922,12
2025-09-23,6,2025-09-23 06:00:00,57,2025-09-23 09:20:00,2025-09-23 09:30:00,0.0,0.0,1200.0,1200.0,1062.755683403318,1026.3719226058934,1018.7929430555556,0.97,12
2025-09-23,6,2025-09-23 06:00:00,58,2025-09-23 09:30:00,2025-09-23 09:40:00,0.0,0.0,1221.065538225034,1221.065538225034,1033.4198279220348,1045.249886494782,1037.6709069444444,0.9422,12
2025-09-23,6,2025-09-23 06:00:00,59,2025-09-23 09:40:00,2025-09-23 09:50:00,0.0,0.0,1200.0,1200.0,1039.5661777975236,1064.127850383671,1056.5488708333335,0.9569,12
2025-09-23,6,2025-09-23 06:00:00,60,2025-09-23 09:50:00,2025-09-23 10:00:00,0.0,0.0,1200.0,1200.0,1072.757877823106,1083.00581427256,1075.4268347222223,0.9977,12
2025-09-23,6,2025-09-23 06:00:00,61,2025-09-23 10:00:00,2025-09-23 10:10:00,0.0,0.0,1252.7161549358643,1252.7161549358643,1079.29874356649,1106.6121614947822,1099.0331819444446,0.9919,12
2025-09-23,6,2025-09-23 06:00:00,62,2025-09-23 10:10:00,2025-09-23 10:20:00,0.0,0.0,1259.0318315003587,1259.0318315003587,1072.8305563175031,1134.9468920503377,1127.3679125,0.9588,12
2025-09-23,6,2025-09-23 06:00:00,63,2025-09-23 10:20:00,2025-09-23 10:30:00,0.0,0.0,1267.3199803196248,1267.3199803196248,1068.8817334335538,1163.281622605893,1155.7026430555554,0.9549,12
2025-09-23,6,2025-09-23 06:00:00,64,2025-09-23 10:30:00,2025-09-23 10:40:00,0.0,0.0,1200.0,1200.0,1067.0850020310972,1191.6163531614488,1184.0373736111112,0.9839,12
2025-09-23,6,2025-09-23 06:00:00,65,2025-09-23 10:40:00,2025-09-23 10:50:00,0.0,0.0,1200.0,1200.0,1066.0345188920953,1219.9510837170044,1212.3721041666668,0.799,12
2025-09-23,6,2025-09-23 06:00:00,66,2025-09-23 10:50:00,2025-09-23 11:00:00,72.11398281827873,72.11398281827873,1950.0,1950.0,1064.5852810131796,1248.28581427256,1240.7068347222223,0.5025,12
2025-09-23,6,2025-09-23 06:00:00,67,2025-09-23 11:00:00,2025-09-23 11:10:00,748.213794877157,748.213794877157,2700.0,2700.0,1063.3101552292048,1280.1544073281154,1272.5754277777778,0.4662,12
2025-09-23,6,2025-09-23 06:00:00,68,2025-09-23 11:10:00,2025-09-23 11:20:00,46.8363424940556,46.8363424940556,3450.0,3450.0,1067.7428300278418,1315.5568628836709,1307.9778833333332,0.5007,12
2025-09-23,6,2025-09-23 06:00:00,69,2025-09-23 11:20:00,2025-09-23 11:30:00,588.8586386459237,588.8586386459237,4200.0,4200.0,1072.920802523681,1350.9593184392265,1343.380338888889,0.4827,12
2025-09-23,6,2025-09-23 06:00:00,70,2025-09-23 11:30:00,2025-09-23 11:40:00,484.5480935288841,484.5480935288841,4950.0,4950.0,1063.978782175505,1386.361773994782,1378.7827944444443,0.4785,12
2025-09-23,6,2025-09-23 06:00:00,71,2025-09-23 11:40:00,2025-09-23 11:50:00,475.05791435134506,475.05791435134506,5700.0,5700.0,1034.0907148034794,1421.7642295503374,1414.1852499999998,0.4662,12
2025-09-23,6,2025-09-23 06:00:00,72,2025-09-23 11:50:00,2025-09-23 12:00:00,447.18700573439605,447.18700573439605,6450.0,6450.0,994.9493523782187,1457.1666851058933,1449.5877055555557,0.4432,12
2025-09-23,6,2025-09-23 06:00:00,73,2025-09-23 12:00:00,2025-09-23 12:10:00,420.73865534829685,420.73865534829685,7200.0,7200.0,973.4450956953243,1462.907010105893,1455.3280305555554,0.4411,12
2025-09-23,6,2025-09-23 06:00:00,74,2025-09-23 12:10:00,2025-09-23 12:20:00,387.94571339931196,387.94571339931196,7950.0,7950.0,989.7531253588335,1438.9852045503376,1431.406225,0.4551,12
2025-09-23,6,2025-09-23 06:00:00,75,2025-09-23 12:20:00,2025-09-23 12:30:00,509.62808872887797,509.62808872887797,8700.0,8700.0,1017.0149379506249,1415.063398994782,1407.4844194444443,0.4463,12
2025-09-23,6,2025-09-23 06:00:00,76,2025-09-23 12:30:00,2025-09-23 12:40:00,579.085112995439,579.085112995439,9450.0,9450.0,1007.0693577596718,1391.1415934392262,1383.5626138888886,0.4113,12
2025-09-23,6,2025-09-23 06:00:00,77,2025-09-23 12:40:00,2025-09-23 12:50:00,0.0,0.0,9990.211329735132,9990.211329735132,1004.8888787920068,1367.219787883671,1359.6408083333333,0.5682,12
2025-09-23,6,2025-09-23 06:00:00,78,2025-09-23 12:50:00,2025-09-23 13:00:00,0.0,0.0,10199.907423006407,10199.907423006407,1025.6475324059656,1343.2979823281155,1335.7190027777779,0.8279,12
2025-09-23,6,2025-09-23 06:00:00,79,2025-09-23 13:00:00,2025-09-23 13:10:00,0.0,0.0,10290.840640727696,10290.840640727696,1034.8810357856582,1317.4749670503377,1309.8959875,0.8636,12
2025-09-23,6,2025-09-23 06:00:00,80,2025-09-23 13:10:00,2025-09-23 13:20:00,0.0,0.0,10393.275751886737,10393.275751886737,1015.6739028452727,1289.7507420503375,1282.1717624999999,0.8416,12
2025-09-23,6,2025-09-23 06:00:00,81,2025-09-23 13:20:00,2025-09-23 13:30:00,0.0,0.0,10618.242177966984,10618.242177966984,996.7760101460168,1262.0265170503376,1254.4475375,0.8618,12
2025-09-23,6,2025-09-23 06:00:00,82,2025-09-23 13:30:00,2025-09-23 13:40:00,0.0,0.0,10703.240813506825,10703.240813506825,1022.2763636526377,1234.3022920503377,1226.7233125,0.8623,12
2025-09-23,6,2025-09-23 06:00:00,83,2025-09-23 13:40:00,2025-09-23 13:50:00,0.0,0.0,10347.322246571393,10347.322246571393,1037.301537825792,1206.5780670503377,1198.9990875,0.9026,12
2025-09-23,6,2025-09-23 06:00:00,84,2025-09-23 13:50:00,2025-09-23 14:00:00,0.0,0.0,10145.410954595556,10145.410954595556,1017.2723106749569,1178.8538420503376,1171.2748625,0.9754,12
2025-09-23,6,2025-09-23 06:00:00,85,2025-09-23 14:00:00,2025-09-23 14:10:00,0.0,0.0,9972.220000534917,9972.220000534917,993.1372490091484,1132.293498994782,1124.7145194444445,1.0002,12
2025-09-23,6,2025-09-23 06:00:00,86,2025-09-23 14:10:00,2025-09-23 14:20:00,0.0,0.0,9358.614995235268,9358.614995235268,994.4942635345647,1066.897037883671,1059.3180583333333,0.9978,12
2025-09-23,6,2025-09-23 06:00:00,87,2025-09-23 14:20:00,2025-09-23 14:30:00,0.0,0.0,8697.20554153257,8697.20554153257,1015.0887555276588,1001.5005767725598,993.9215972222222,1.0271,12
2025-09-23,6,2025-09-23 06:00:00,88,2025-09-23 14:30:00,2025-09-23 14:40:00,0.0,0.0,8212.194367237083,8212.194367237083,1022.3245332838405,936.1041156614486,928.525136111111,1.0906,12
2025-09-23,6,2025-09-23 06:00:00,89,2025-09-23 14:40:00,2025-09-23 14:50:00,0.0,0.0,8283.562423008842,8283.562423008842,1017.7683383742902,870.7076545503377,863.128675,0.9376,12
2025-09-23,6,2025-09-23 06:00:00,90,2025-09-23 14:50:00,2025-09-23 15:00:00,886.1677637725327,886.1677637725327,9462.67717367119,9462.67717367119,1009.8320924181827,805.3111934392266,797.732213888889,0.6694,12
2025-09-23,6,2025-09-23 06:00:00,91,2025-09-23 15:00:00,2025-09-23 15:10:00,853.9405419345644,853.9405419345644,10800.0,10800.0,1008.7148134173377,754.9466364947822,747.3676569444445,0.66,12
2025-09-23,6,2025-09-23 06:00:00,92,2025-09-23 15:10:00,2025-09-23 15:20:00,532.4945855182461,532.4945855182461,10669.895674814714,10669.895674814714,1037.7322429291107,719.6139837170043,712.0350041666667,0.7217,12
2025-09-23,6,2025-09-23 06:00:00,93,2025-09-23 15:20:00,2025-09-23 15:30:00,557.7877553921647,557.7877553921647,10493.525576313368,10493.525576313368,1070.0825012923303,684.2813309392266,676.7023513888889,0.7308,12
2025-09-23,6,2025-09-23 06:00:00,94,2025-09-23 15:30:00,2025-09-23 15:40:00,602.3275154926622,602.3275154926622,10800.0,10800.0,1049.0096572517396,648.9486781614488,641.3696986111112,0.7534,12
2025-09-23,6,2025-09-23 06:00:00,95,2025-09-23 15:40:00,2025-09-23 15:50:00,537.2317276351472,537.2317276351472,10482.479884355902,10482.479884355902,1011.0398149218586,613.616025383671,606.0370458333333,0.7823,12
2025-09-23,6,2025-09-23 06:00:00,96,2025-09-23 15:50:00,2025-09-23 16:00:00,477.74104828217014,477.74104828217014,10378.60674419008,10378.60674419008,1003.4024204846183,578.2833726058932,570.7043930555556,0.8055,12
2025-09-23,6,2025-09-23 06:00:00,97,2025-09-23 16:00:00,2025-09-23 16:10:00,597.8220268358368,597.8220268358368,10177.726771388268,10177.726771388268,1039.8420757268032,533.9485101058932,526.3695305555556,0.8271,12
2025-09-23,6,2025-09-23 06:00:00,98,2025-09-23 16:10:00,2025-09-23 16:20:00,720.1711297813083,720.1711297813083,10198.565756554719,10198.565756554719,1056.0041458279234,480.61143788367093,473.0324583333333,0.8519,12
2025-09-23,6,2025-09-23 06:00:00,99,2025-09-23 16:20:00,2025-09-23 16:30:00,702.4837964240742,702.4837964240742,9980.660005284964,9980.660005284964,1036.9418312724097,427.2743656614487,419.6953861111111,0.8791,12
2025-09-23,6,2025-09-23 06:00:00,100,2025-09-23 16:30:00,2025-09-23 16:40:00,747.8303886976545,747.8303886976545,10103.01139674642,10103.01139674642,1028.2567281629326,373.93729343922655,366.3583138888889,0.9024,12
2025-09-23,6,2025-09-23 06:00:00,101,2025-09-23 16:40:00,2025-09-23 16:50:00,813.5137209091995,813.5137209091995,10103.302433006442,10103.302433006442,1041.544547970405,320.6002212170043,313.02124166666664,0.9163,12
2025-09-23,6,2025-09-23 06:00:00,102,2025-09-23 16:50:00,2025-09-23 17:00:00,883.7188734275455,883.7188734275455,10057.435665349329,10057.435665349329,1055.2677761687714,267.2631489947821,259.6841694444445,0.9264,12
2025-09-23,6,2025-09-23 06:00:00,103,2025-09-23 17:00:00,2025-09-23 17:10:00,939.4381252682257,939.4381252682257,10223.620194925097,10223.620194925097,1040.026108942102,221.17664343922652,213.5976638888889,0.9462,12
2025-09-23,6,2025-09-23 06:00:00,104,2025-09-23 17:10:00,2025-09-23 17:20:00,938.6141684234772,938.6141684234772,10147.253436334368,10147.253436334368,1029.4158304379152,182.34070455033762,174.76172499999998,0.9742,12
2025-09-23,6,2025-09-23 06:00:00,105,2025-09-23 17:20:00,2025-09-23 17:30:00,980.6170321726325,980.6170321726325,10098.851378384363,10098.851378384363,1049.0351428786687,143.50476566144877,135.92578611111114,0.9862,12
2025-09-23,6,2025-09-23 06:00:00,106,2025-09-23 17:30:00,2025-09-23 17:40:00,1085.8895267697058,1085.8895267697058,10363.343198031158,10363.343198031158,1071.9255755110482,104.66882677255985,97.08984722222222,0.976,12
2025-09-23,6,2025-09-23 06:00:00,107,2025-09-23 17:40:00,2025-09-23 17:50:00,971.9719131294306,971.9719131294306,10059.348784585136,10059.348784585136,966.4931227992026,65.83288788367099,58.25390833333335,1.0742,12
2025-09-23,6,2025-09-23 06:00:00,108,2025-09-23 17:50:00,2025-09-23 18:00:00,767.1002340683515,767.1002340683515,9599.104608022246,9599.104608022246,792.5679744191319,26.996948994782084,19.41796944444445,1.2313,12
2025-09-23,6,2025-09-23 06:00:00,109,2025-09-23 18:00:00,2025-09-23 18:10:00,776.5170874398901,776.5170874398901,9868.63938175953,9868.63938175953,755.3486078393819,0.0,0.0,1.2561,12
2025-09-23,6,2025-09-23 06:00:00,110,2025-09-23 18:10:00,2025-09-23 18:20:00,807.8234705748072,807.8234705748072,9550.708234346293,9550.708234346293,776.0860433557668,0.0,0.0,1.2447,12
2025-09-23,6,2025-09-23 06:00:00,111,2025-09-23 18:20:00,2025-09-23 18:30:00,783.5826195083802,783.5826195083802,9395.387035083533,9395.387035083533,790.3947278361926,0.0,0.0,1.2545,12
2025-09-23,6,2025-09-23 06:00:00,112,2025-09-23 18:30:00,2025-09-23 18:40:00,817.5507563819978,817.5507563819978,9053.705433265124,9053.705433265124,808.3088761500844,0.0,0.0,1.2522,12
2025-09-23,6,2025-09-23 06:00:00,113,2025-09-23 18:40:00,2025-09-23 18:50:00,845.1717956830997,845.1717956830997,9902.60466063953,9902.60466063953,790.1025731753238,0.0,0.0,1.2881,12
2025-09-23,6,2025-09-23 06:00:00,114,2025-09-23 18:50:00,2025-09-23 19:00:00,644.7556268983424,644.7556268983424,8419.302607680918,8419.302607680918,762.6037694475907,0.0,0.0,1.3466,12
2025-09-23,6,2025-09-23 06:00:00,115,2025-09-23 19:00:00,2025-09-23 19:10:00,163.76360723337942,163.76360723337942,8074.2723245606985,8074.2723245606985,794.818730303227,0.0,0.0,1.3523,12
2025-09-23,6,2025-09-23 06:00:00,116,2025-09-23 19:10:00,2025-09-23 19:20:00,342.04803596618086,342.04803596618086,7548.052099262911,7548.052099262911,808.9882425535212,0.0,0.0,1.3445,12
2025-09-23,6,2025-09-23 06:00:00,117,2025-09-23 19:20:00,2025-09-23 19:30:00,45.75056771503333,45.75056771503333,6755.802408215369,6755.802408215369,788.8263278366487,0.0,0.0,1.3483,12
2025-09-23,6,2025-09-23 06:00:00,118,2025-09-23 19:30:00,2025-09-23 19:40:00,43.33705920584485,43.33705920584485,6069.876151169367,6069.876151169367,795.2353934406457,0.0,0.0,1.349,12
2025-09-23,6,2025-09-23 06:00:00,119,2025-09-23 19:40:00,2025-09-23 19:50:00,91.40160752902322,91.40160752902322,5212.858931197069,5212.858931197069,802.949733567782,0.0,0.0,1.3473,12
2025-09-23,6,2025-09-23 06:00:00,120,2025-09-23 19:50:00,2025-09-23 20:00:00,75.54237637868245,75.54237637868245,4300.2014341403565,4300.2014341403565,792.5423980124566,0.0,0.0,1.3482,12
2025-09-23,6,2025-09-23 06:00:00,121,2025-09-23 20:00:00,2025-09-23 20:10:00,43.20986471275224,43.20986471275224,3376.261880505731,3376.261880505731,775.1638807183456,0.0,0.0,1.3513,12
2025-09-23,6,2025-09-23 06:00:00,122,2025-09-23 20:10:00,2025-09-23 20:20:00,35.45465479944455,35.45465479944455,2657.898209647529,2657.898209647529,769.7730601168577,0.0,0.0,1.34,12
2025-09-23,6,2025-09-23 06:00:00,123,2025-09-23 20:20:00,2025-09-23 20:30:00,66.58136581423003,66.58136581423003,2052.043063630542,2052.043063630542,782.7505340407048,0.0,0.0,1.3489,12
2025-09-23,6,2025-09-23 06:00:00,124,2025-09-23 20:30:00,2025-09-23 20:40:00,51.55705128224021,51.55705128224021,1200.0,1200.0,800.5194708264501,0.0,0.0,1.3952,12
2025-09-23,6,2025-09-23 06:00:00,125,2025-09-23 20:40:00,2025-09-23 20:50:00,747.6845318455021,747.6845318455021,1200.0,1200.0,789.2813379609235,0.0,0.0,1.2226,12
2025-09-23,6,2025-09-23 06:00:00,126,2025-09-23 20:50:00,2025-09-23 21:00:00,810.8150995867047,810.8150995867047,1217.2403763868133,1217.2403763868133,772.6281358306803,0.0,0.0,0.9332,12
2025-09-23,6,2025-09-23 06:00:00,127,2025-09-23 21:00:00,2025-09-23 21:10:00,844.9956973868094,844.9956973868094,1223.7084814086024,1223.7084814086024,800.4097767221174,0.0,0.0,0.9068,12
2025-09-23,6,2025-09-23 06:00:00,128,2025-09-23 21:10:00,2025-09-23 21:20:00,835.6751807704695,835.6751807704695,1248.4135491330878,1248.4135491330878,784.7583638533242,0.0,0.0,0.9371,12
2025-09-23,6,2025-09-23 06:00:00,129,2025-09-23 21:20:00,2025-09-23 21:30:00,805.3675512451128,805.3675512451128,1206.1862676539708,1206.1862676539708,748.5022233595141,0.0,0.0,0.9371,12
2025-09-23,6,2025-09-23 06:00:00,130,2025-09-23 21:30:00,2025-09-23 21:40:00,797.6888882931709,797.6888882931709,1200.0,1200.0,792.1033005950926,0.0,0.0,0.9871,12
2025-09-23,6,2025-09-23 06:00:00,131,2025-09-23 21:40:00,2025-09-23 21:50:00,767.1112868761295,767.1112868761295,1200.0,1200.0,753.2294208460175,0.0,0.0,0.7764,12
2025-09-23,6,2025-09-23 06:00:00,132,2025-09-23 21:50:00,2025-09-23 22:00:00,748.3706467079953,748.3706467079953,1202.2353182875731,1202.2353182875731,627.7534940333716,0.0,0.0,0.4209,12
2025-09-23,6,2025-09-23 06:00:00,133,2025-09-23 22:00:00,2025-09-23 22:10:00,1294.0355938182913,1294.0355938182913,1217.1115273822782,1217.1115273822782,585.328578315095,0.0,0.0,0.3859,12
2025-09-23,6,2025-09-23 06:00:00,134,2025-09-23 22:10:00,2025-09-23 22:20:00,596.6953364762169,596.6953364762169,1200.0,1200.0,590.4863796773569,0.0,0.0,0.4368,12
2025-09-23,6,2025-09-23 06:00:00,135,2025-09-23 22:20:00,2025-09-23 22:30:00,651.1794872927445,651.1794872927445,1203.729242026057,1203.729242026057,594.5347974281922,0.0,0.0,0.4198,12
2025-09-23,6,2025-09-23 06:00:00,136,2025-09-23 22:30:00,2025-09-23 22:40:00,637.2359980426088,637.2359980426088,1206.8804018648864,1206.8804018648864,594.1884372841696,0.0,0.0,0.4186,12
2025-09-23,6,2025-09-23 06:00:00,137,2025-09-23 22:40:00,2025-09-23 22:50:00,637.705925858547,637.705925858547,1206.7207737965086,1206.7207737965086,604.2902266421167,0.0,0.0,0.4241,12
2025-09-23,6,2025-09-23 06:00:00,138,2025-09-23 22:50:00,2025-09-23 23:00:00,648.7038260184679,648.7038260184679,1203.1851078081925,1203.1851078081925,612.8235179869583,0.0,0.0,0.4237,12
2025-09-23,6,2025-09-23 06:00:00,139,2025-09-23 23:00:00,2025-09-23 23:10:00,628.4186616171949,628.4186616171949,1202.7205814968872,1202.7205814968872,595.8575807797296,0.0,0.0,0.4248,12
2025-09-23,6,2025-09-23 06:00:00,140,2025-09-23 23:10:00,2025-09-23 23:20:00,634.6621641771704,634.6621641771704,1202.749169176773,1202.749169176773,602.0945551280415,0.0,0.0,0.424,12
2025-09-23,6,2025-09-23 06:00:00,141,2025-09-23 23:20:00,2025-09-23 23:30:00,665.8960531411344,665.8960531411344,1205.4232028930649,1205.4232028930649,619.214043251434,0.0,0.0,0.422,12
2025-09-23,6,2025-09-23 06:00:00,142,2025-09-23 23:30:00,2025-09-23 23:40:00,622.7415633135577,622.7415633135577,1209.6080885878912,1209.6080885878912,589.9575325093008,0.0,0.0,0.424,12
2025-09-23,6,2025-09-23 06:00:00,143,2025-09-23 23:40:00,2025-09-23 23:50:00,623.4556080575742,623.4556080575742,1200.8106378780856,1200.8106378780856,590.4128636970394,0.0,0.0,0.4271,12
2025-09-23,6,2025-09-23 06:00:00,144,2025-09-23 23:50:00,2025-09-24 00:00:00,653.2414393135657,653.2414393135657,1200.0,1200.0,617.4774962189933,0.0,0.0,0.4276,12
2025-09-23,12,2025-09-23 12:00:00,73,2025-09-23 12:00:00,2025-09-23 12:10:00,420.73865534829685,102.39631521164695,7200.0,7969.157106302105,973.4450956953243,1442.3531143613977,1458.8628500000002,0.4411,7
2025-09-23,12,2025-09-23 12:00:00,74,2025-09-23 12:10:00,2025-09-23 12:20:00,387.94571339931196,86.79374153659965,7950.0,8369.426929342926,989.7531253588335,1425.5009476947307,1442.0106833333332,0.4551,7
2025-09-23,12,2025-09-23 12:00:00,75,2025-09-23 12:20:00,2025-09-23 12:30:00,509.62808872887797,96.60107356091638,8700.0,8369.426929342928,1017.0149379506249,1408.648781028064,1425.1585166666664,0.4463,7
2025-09-23,12,2025-09-23 12:00:00,76,2025-09-23 12:30:00,2025-09-23 12:40:00,579.085112995439,135.60750774852815,9450.0,8723.778243222994,1007.0693577596718,1391.7966143613976,1408.30635,0.4113,7
2025-09-23,12,2025-09-23 12:00:00,77,2025-09-23 12:40:00,2025-09-23 12:50:00,0.0,0.0,9990.211329735132,9032.554850800554,1004.8888787920068,1374.9444476947308,1391.4541833333333,0.5682,7
2025-09-23,12,2025-09-23 12:00:00,78,2025-09-23 12:50:00,2025-09-23 13:00:00,0.0,0.0,10199.907423006407,9339.851907498956,1025.6475324059656,1358.092281028064,1374.6020166666665,0.8279,7
2025-09-23,12,2025-09-23 12:00:00,79,2025-09-23 13:00:00,2025-09-23 13:10:00,0.0,0.0,10290.840640727696,9599.627876508943,1034.8810357856582,1335.5700393613974,1352.079775,0.8636,7
2025-09-23,12,2025-09-23 12:00:00,80,2025-09-23 13:10:00,2025-09-23 13:20:00,0.0,0.0,10393.275751886737,9851.317180165277,1015.6739028452727,1307.377722694731,1323.8874583333334,0.8416,7
2025-09-23,12,2025-09-23 12:00:00,81,2025-09-23 13:20:00,2025-09-23 13:30:00,0.0,0.0,10618.242177966984,10094.64150225094,996.7760101460168,1279.1854060280643,1295.6951416666668,0.8618,7
2025-09-23,12,2025-09-23 12:00:00,82,2025-09-23 13:30:00,2025-09-23 13:40:00,0.0,0.0,10703.240813506825,10289.642421180646,1022.2763636526377,1250.9930893613973,1267.5028249999998,0.8623,7
2025-09-23,12,2025-09-23 12:00:00,83,2025-09-23 13:40:00,2025-09-23 13:50:00,0.0,0.0,10347.322246571393,10445.747598354512,1037.301537825792,1222.8007726947308,1239.3105083333332,0.9026,7
2025-09-23,12,2025-09-23 12:00:00,84,2025-09-23 13:50:00,2025-09-23 14:00:00,0.0,0.0,10145.410954595556,10594.505994964129,1017.2723106749569,1194.6084560280642,1211.1181916666667,0.9754,7
2025-09-23,12,2025-09-23 12:00:00,85,2025-09-23 14:00:00,2025-09-23 14:10:00,0.0,0.0,9972.220000534917,10727.749528250943,993.1372490091484,1147.3050810280643,1163.8148166666667,1.0002,7
2025-09-23,12,2025-09-23 12:00:00,86,2025-09-23 14:10:00,2025-09-23 14:20:00,0.0,0.0,9358.614995235268,10705.925638996605,994.4942635345647,1080.890647694731,1097.4003833333334,0.9978,7
2025-09-23,12,2025-09-23 12:00:00,87,2025-09-23 14:20:00,2025-09-23 14:30:00,0.0,0.0,8697.20554153257,10523.063683866932,1015.0887555276588,1014.4762143613975,1030.98595,1.0271,7
2025-09-23,12,2025-09-23 12:00:00,88,2025-09-23 14:30:00,2025-09-23 14:40:00,0.0,0.0,8212.194367237083,10185.723412200028,1022.3245332838405,948.0617810280643,964.5715166666668,1.0906,7
2025-09-23,12,2025-09-23 12:00:00,89,2025-09-23 14:40:00,2025-09-23 14:50:00,0.0,0.0,8283.562423008842,9872.705854385864,1017.7683383742902,881.6473476947309,898.1570833333334,0.9376,7
2025-09-23,12,2025-09-23 12:00:00,90,2025-09-23 14:50:00,2025-09-23 15:00:00,886.1677637725327,369.3222914659311,9462.67717367119,10476.191351348363,1009.8320924181827,815.2329143613975,831.74265,0.6694,7
2025-09-23,12,2025-09-23 12:00:00,91,2025-09-23 15:00:00,2025-09-23 15:10:00,853.9405419345644,497.49002783378916,10800.0,10800.0,1008.7148134173377,765.2801101947308,781.7898458333333,0.66,7
2025-09-23,12,2025-09-23 12:00:00,92,2025-09-23 15:10:00,2025-09-23 15:20:00,532.4945855182461,462.46396848551825,10669.895674814714,10735.298852078713,1037.7322429291107,731.7889351947309,748.2986708333334,0.7217,7
2025-09-23,12,2025-09-23 12:00:00,93,2025-09-23 15:20:00,2025-09-23 15:30:00,557.7877553921647,496.54661626722094,10493.525576313368,10717.714384395756,1070.0825012923303,698.2977601947308,714.8074958333333,0.7308,7
2025-09-23,12,2025-09-23 12:00:00,94,2025-09-23 15:30:00,2025-09-23 15:40:00,602.3275154926622,567.1497769943616,10800.0,10712.057128193886,1049.0096572517396,664.8065851947308,681.3163208333333,0.7534,7
2025-09-23,12,2025-09-23 12:00:00,95,2025-09-23 15:40:00,2025-09-23 15:50:00,537.2317276351472,467.47273383081347,10482.479884355902,10695.680120903031,1011.0398149218586,631.3154101947308,647.8251458333333,0.7823,7
2025-09-23,12,2025-09-23 12:00:00,96,2025-09-23 15:50:00,2025-09-23 16:00:00,477.74104828217014,436.27731297534933,10378.60674419008,10626.376061701847,1003.4024204846183,597.8242351947308,614.3339708333333,0.8055,7
2025-09-23,12,2025-09-23 12:00:00,97,2025-09-23 16:00:00,2025-09-23 16:10:00,597.8220268358368,545.8294873804751,10177.726771388268,10690.226775293211,1039.8420757268032,551.3036518613975,567.8133875,0.8271,7
2025-09-23,12,2025-09-23 12:00:00,98,2025-09-23 16:10:00,2025-09-23 16:20:00,720.1711297813083,631.004038869508,10198.565756554719,10642.742500464246,1056.0041458279234,491.7536601947308,508.26339583333333,0.8519,7
2025-09-23,12,2025-09-23 12:00:00,99,2025-09-23 16:20:00,2025-09-23 16:30:00,702.4837964240742,659.8406202613852,9980.660005284964,10602.805878053163,1036.9418312724097,432.2036685280641,448.71340416666663,0.8791,7
2025-09-23,12,2025-09-23 12:00:00,100,2025-09-23 16:30:00,2025-09-23 16:40:00,747.8303886976545,743.5697194369786,10103.01139674642,10693.377187251066,1028.2567281629326,372.6536768613975,389.16341250000005,0.9024,7
2025-09-23,12,2025-09-23 12:00:00,101,2025-09-23 16:40:00,2025-09-23 16:50:00,813.5137209091995,812.1982605019369,10103.302433006442,10632.79548507159,1041.544547970405,313.1036851947308,329.61342083333335,0.9163,7
2025-09-23,12,2025-09-23 12:00:00,102,2025-09-23 16:50:00,2025-09-23 17:00:00,883.7188734275455,879.5301920006399,10057.435665349329,10694.554372633222,1055.2677761687714,253.55369352806417,270.0634291666667,0.9264,7
2025-09-23,12,2025-09-23 12:00:00,103,2025-09-23 17:00:00,2025-09-23 17:10:00,939.4381252682257,938.0090647306906,10223.620194925097,10750.955433790683,1040.026108942102,203.75466158361968,220.26439722222221,0.9462,7
2025-09-23,12,2025-09-23 12:00:00,104,2025-09-23 17:10:00,2025-09-23 17:20:00,938.6141684234772,934.5190419876334,10147.253436334368,10610.195603066739,1029.4158304379152,163.70658936139748,180.216325,0.9742,7
2025-09-23,12,2025-09-23 12:00:00,105,2025-09-23 17:20:00,2025-09-23 17:30:00,980.6170321726325,980.637242658494,10098.851378384363,10500.057533400744,1049.0351428786687,123.65851713917526,140.16825277777778,0.9862,7
2025-09-23,12,2025-09-23 12:00:00,106,2025-09-23 17:30:00,2025-09-23 17:40:00,1085.8895267697058,1085.849652396315,10363.343198031158,10739.832220906299,1071.9255755110482,83.61044491695304,100.12018055555556,0.976,7
2025-09-23,12,2025-09-23 12:00:00,107,2025-09-23 17:40:00,2025-09-23 17:50:00,971.9719131294306,971.9519384966663,10059.348784585136,10675.062291717575,966.4931227992026,43.562372694730826,60.07210833333335,1.0742,7
2025-09-23,12,2025-09-23 12:00:00,108,2025-09-23 17:50:00,2025-09-23 18:00:00,767.1002340683515,767.1327803183812,9599.104608022246,10534.136643411008,792.5679744191319,3.514300472508591,20.024036111111116,1.2313,7
2025-09-23,12,2025-09-23 12:00:00,109,2025-09-23 18:00:00,2025-09-23 18:10:00,776.5170874398901,776.5116169466188,9868.63938175953,10577.992431923058,755.3486078393819,0.0,0.0,1.2561,7
2025-09-23,12,2025-09-23 12:00:00,110,2025-09-23 18:10:00,2025-09-23 18:20:00,807.8234705748072,807.8042133030981,9550.708234346293,10503.108392922191,776.0860433557668,0.0,0.0,1.2447,7
2025-09-23,12,2025-09-23 12:00:00,111,2025-09-23 18:20:00,2025-09-23 18:30:00,783.5826195083802,783.5849461106579,9395.387035083533,10370.269555313263,790.3947278361926,0.0,0.0,1.2545,7
2025-09-23,12,2025-09-23 12:00:00,112,2025-09-23 18:30:00,2025-09-23 18:40:00,817.5507563819978,817.5606683545478,9053.705433265124,10390.709486638285,808.3088761500844,0.0,0.0,1.2522,7
2025-09-23,12,2025-09-23 12:00:00,113,2025-09-23 18:40:00,2025-09-23 18:50:00,845.1717956830997,845.0860726168424,9902.60466063953,10348.656761237462,790.1025731753238,0.0,0.0,1.2881,7
2025-09-23,12,2025-09-23 12:00:00,114,2025-09-23 18:50:00,2025-09-23 19:00:00,644.7556268983424,644.7629458626369,8419.302607680918,10117.29058588326,762.6037694475907,0.0,0.0,1.3466,7
2025-09-23,12,2025-09-23 12:00:00,115,2025-09-23 19:00:00,2025-09-23 19:10:00,163.76360723337942,163.7797255051964,8074.2723245606985,9326.759000040034,794.818730303227,0.0,0.0,1.3523,7
2025-09-23,12,2025-09-23 12:00:00,116,2025-09-23 19:10:00,2025-09-23 19:20:00,342.04803596618086,342.0669598122526,7548.052099262911,8733.868330832054,808.9882425535212,0.0,0.0,1.3445,7
2025-09-23,12,2025-09-23 12:00:00,117,2025-09-23 19:20:00,2025-09-23 19:30:00,45.75056771503333,45.741211343749114,6755.802408215369,7852.175408910195,788.8263278366487,0.0,0.0,1.3483,7
2025-09-23,12,2025-09-23 12:00:00,118,2025-09-23 19:30:00,2025-09-23 19:40:00,43.33705920584485,43.335722062635476,6069.876151169367,6946.027645785097,795.2353934406457,0.0,0.0,1.349,7
2025-09-23,12,2025-09-23 12:00:00,119,2025-09-23 19:40:00,2025-09-23 19:50:00,91.40160752902322,91.38319331320066,5212.858931197069,6079.97020566659,802.949733567782,0.0,0.0,1.3473,7
2025-09-23,12,2025-09-23 12:00:00,120,2025-09-23 19:50:00,2025-09-23 20:00:00,75.54237637868245,75.53778158741198,4300.2014341403565,5213.977149854222,792.5423980124566,0.0,0.0,1.3482,7
2025-09-23,12,2025-09-23 12:00:00,121,2025-09-23 20:00:00,2025-09-23 20:10:00,43.20986471275224,43.20550290302797,3376.261880505731,4316.745601435294,775.1638807183456,0.0,0.0,1.3513,7
2025-09-23,12,2025-09-23 12:00:00,122,2025-09-23 20:10:00,2025-09-23 20:20:00,35.45465479944455,35.437116911773686,2657.898209647529,3398.231132660539,769.7730601168577,0.0,0.0,1.34,7
2025-09-23,12,2025-09-23 12:00:00,123,2025-09-23 20:20:00,2025-09-23 20:30:00,66.58136581423003,66.5868537176389,2052.043063630542,2470.6865173613883,782.7505340407048,0.0,0.0,1.3489,7
2025-09-23,12,2025-09-23 12:00:00,124,2025-09-23 20:30:00,2025-09-23 20:40:00,51.55705128224021,51.55328103636235,1200.0,1549.4542119634523,800.5194708264501,0.0,0.0,1.3952,7
2025-09-23,12,2025-09-23 12:00:00,125,2025-09-23 20:40:00,2025-09-23 20:50:00,747.6845318455021,747.6135896002098,1200.0,1379.063936101194,789.2813379609235,0.0,0.0,1.2226,7
2025-09-23,12,2025-09-23 12:00:00,126,2025-09-23 20:50:00,2025-09-23 21:00:00,810.8150995867047,810.812391269054,1217.2403763868133,1418.573503034182,772.6281358306803,0.0,0.0,0.9332,7
2025-09-23,12,2025-09-23 12:00:00,127,2025-09-23 21:00:00,2025-09-23 21:10:00,844.9956973868094,844.9956801122104,1223.7084814086024,1378.6309383688229,800.4097767221174,0.0,0.0,0.9068,7
2025-09-23,12,2025-09-23 12:00:00,128,2025-09-23 21:10:00,2025-09-23 21:20:00,835.6751807704695,835.6751806626434,1248.4135491330878,1340.2926845151826,784.7583638533242,0.0,0.0,0.9371,7
2025-09-23,12,2025-09-23 12:00:00,129,2025-09-23 21:20:00,2025-09-23 21:30:00,805.3675512451128,805.3629360274798,1206.1862676539708,1331.0182057939242,748.5022233595141,0.0,0.0,0.9371,7
2025-09-23,12,2025-09-23 12:00:00,130,2025-09-23 21:30:00,2025-09-23 21:40:00,797.6888882931709,797.6847358011161,1200.0,1230.4898754574717,792.1033005950926,0.0,0.0,0.9871,7
2025-09-23,12,2025-09-23 12:00:00,131,2025-09-23 21:40:00,2025-09-23 21:50:00,767.1112868761295,767.0670252321768,1200.0,1200.0,753.2294208460175,0.0,0.0,0.7764,7
2025-09-23,12,2025-09-23 12:00:00,132,2025-09-23 21:50:00,2025-09-23 22:00:00,748.3706467079953,747.3205466741698,1202.2353182875731,1200.0128625086186,627.7534940333716,0.0,0.0,0.4209,7
2025-09-23,12,2025-09-23 12:00:00,133,2025-09-23 22:00:00,2025-09-23 22:10:00,1294.0355938182913,1294.0567178642393,1217.1115273822782,1260.853742091845,585.328578315095,0.0,0.0,0.3859,7
2025-09-23,12,2025-09-23 12:00:00,134,2025-09-23 22:10:00,2025-09-23 22:20:00,596.6953364762169,596.6689566925271,1200.0,1223.356424738773,590.4863796773569,0.0,0.0,0.4368,7
2025-09-23,12,2025-09-23 12:00:00,135,2025-09-23 22:20:00,2025-09-23 22:30:00,651.1794872927445,650.838958550762,1203.729242026057,1226.8327924432108,594.5347974281922,0.0,0.0,0.4198,7
2025-09-23,12,2025-09-23 12:00:00,136,2025-09-23 22:30:00,2025-09-23 22:40:00,637.2359980426088,637.6649342009716,1206.8804018648864,1227.2705763496526,594.1884372841696,0.0,0.0,0.4186,7
2025-09-23,12,2025-09-23 12:00:00,137,2025-09-23 22:40:00,2025-09-23 22:50:00,637.705925858547,637.7034441842101,1206.7207737965086,1222.1877898623898,604.2902266421167,0.0,0.0,0.4241,7
2025-09-23,12,2025-09-23 12:00:00,138,2025-09-23 22:50:00,2025-09-23 23:00:00,648.7038260184679,648.7175379665542,1203.1851078081925,1212.856392663538,612.8235179869583,0.0,0.0,0.4237,7
2025-09-23,12,2025-09-23 12:00:00,139,2025-09-23 23:00:00,2025-09-23 23:10:00,628.4186616171949,628.4126717526286,1202.7205814968872,1215.273561939822,595.8575807797296,0.0,0.0,0.4248,7
2025-09-23,12,2025-09-23 12:00:00,140,2025-09-23 23:10:00,2025-09-23 23:20:00,634.6621641771704,634.6626344764599,1202.749169176773,1210.7816203576958,602.0945551280415,0.0,0.0,0.424,7
2025-09-23,12,2025-09-23 12:00:00,141,2025-09-23 23:20:00,2025-09-23 23:30:00,665.8960531411344,666.3006130744054,1205.4232028930649,1211.0094291209432,619.214043251434,0.0,0.0,0.422,7
2025-09-23,12,2025-09-23 12:00:00,142,2025-09-23 23:30:00,2025-09-23 23:40:00,622.7415633135577,622.7497364725737,1209.6080885878912,1200.1423679797515,589.9575325093008,0.0,0.0,0.424,7
2025-09-23,12,2025-09-23 12:00:00,143,2025-09-23 23:40:00,2025-09-23 23:50:00,623.4556080575742,623.4615685109288,1200.8106378780856,1200.0125831351552,590.4128636970394,0.0,0.0,0.4271,7
2025-09-23,12,2025-09-23 12:00:00,144,2025-09-23 23:50:00,2025-09-24 00:00:00,653.2414393135657,653.2184286554137,1200.0,1200.0,617.4774962189933,0.0,0.0,0.4276,7
2025-09-23,18,2025-09-23 18:00:00,109,2025-09-23 18:00:00,2025-09-23 18:10:00,776.5170874398901,723.3267606030183,9868.63938175953,1200.0,755.3486078393819,0.0,0.0,1.2561,10
2025-09-23,18,2025-09-23 18:00:00,110,2025-09-23 18:10:00,2025-09-23 18:20:00,807.8234705748072,741.9000725260453,9550.708234346293,1200.0,776.0860433557668,0.0,0.0,1.2447,10
2025-09-23,18,2025-09-23 18:00:00,111,2025-09-23 18:20:00,2025-09-23 18:30:00,783.5826195083802,783.5849754652314,9395.387035083533,1200.0,790.3947278361926,0.0,0.0,1.2545,10
2025-09-23,18,2025-09-23 18:00:00,112,2025-09-23 18:30:00,2025-09-23 18:40:00,817.5507563819978,810.0772565833909,9053.705433265124,1200.0,808.3088761500844,0.0,0.0,1.2522,10
2025-09-23,18,2025-09-23 18:00:00,113,2025-09-23 18:40:00,2025-09-23 18:50:00,845.1717956830997,809.0606271312678,9902.60466063953,1200.0,790.1025731753238,0.0,0.0,1.2881,10
2025-09-23,18,2025-09-23 18:00:00,114,2025-09-23 18:50:00,2025-09-23 19:00:00,644.7556268983424,644.6403620484289,8419.302607680918,1200.0,762.6037694475907,0.0,0.0,1.3466,10
2025-09-23,18,2025-09-23 18:00:00,115,2025-09-23 19:00:00,2025-09-23 19:10:00,163.76360723337942,163.76190991386494,8074.2723245606985,1200.0,794.818730303227,0.0,0.0,1.3523,10
2025-09-23,18,2025-09-23 18:00:00,116,2025-09-23 19:10:00,2025-09-23 19:20:00,342.04803596618086,341.9864011561583,7548.052099262911,1200.0,808.9882425535212,0.0,0.0,1.3445,10
2025-09-23,18,2025-09-23 18:00:00,117,2025-09-23 19:20:00,2025-09-23 19:30:00,45.75056771503333,45.71635610594046,6755.802408215369,1200.0,788.8263278366487,0.0,0.0,1.3483,10
2025-09-23,18,2025-09-23 18:00:00,118,2025-09-23 19:30:00,2025-09-23 19:40:00,43.33705920584485,43.3351330613,6069.876151169367,1200.0,795.2353934406457,0.0,0.0,1.349,10
2025-09-23,18,2025-09-23 18:00:00,119,2025-09-23 19:40:00,2025-09-23 19:50:00,91.40160752902322,91.31747284463657,5212.858931197069,1200.0,802.949733567782,0.0,0.0,1.3473,10
2025-09-23,18,2025-09-23 18:00:00,120,2025-09-23 19:50:00,2025-09-23 20:00:00,75.54237637868245,75.48899054892371,4300.2014341403565,1200.0,792.5423980124566,0.0,0.0,1.3482,10
2025-09-23,18,2025-09-23 18:00:00,121,2025-09-23 20:00:00,2025-09-23 20:10:00,43.20986471275224,43.178087453272646,3376.261880505731,1200.0,775.1638807183456,0.0,0.0,1.3513,10
2025-09-23,18,2025-09-23 18:00:00,122,2025-09-23 20:10:00,2025-09-23 20:20:00,35.45465479944455,35.44946160503191,2657.898209647529,1200.0,769.7730601168577,0.0,0.0,1.34,10
2025-09-23,18,2025-09-23 18:00:00,123,2025-09-23 20:20:00,2025-09-23 20:30:00,66.58136581423003,66.56955713871783,2052.043063630542,1200.0,782.7505340407048,0.0,0.0,1.3489,10
2025-09-23,18,2025-09-23 18:00:00,124,2025-09-23 20:30:00,2025-09-23 20:40:00,51.55705128224021,51.54578905098188,1200.0,1200.0,800.5194708264501,0.0,0.0,1.3952,10
2025-09-23,18,2025-09-23 18:00:00,125,2025-09-23 20:40:00,2025-09-23 20:50:00,747.6845318455021,747.6725258380212,1200.0,1200.0,789.2813379609235,0.0,0.0,1.2226,10
2025-09-23,18,2025-09-23 18:00:00,126,2025-09-23 20:50:00,2025-09-23 21:00:00,810.8150995867047,810.8137388886485,1217.2403763868133,1200.1306910970347,772.6281358306803,0.0,0.0,0.9332,10
2025-09-23,18,2025-09-23 18:00:00,127,2025-09-23 21:00:00,2025-09-23 21:10:00,844.9956973868094,844.9852618722566,1223.7084814086024,1200.1251548609669,800.4097767221174,0.0,0.0,0.9068,10
2025-09-23,18,2025-09-23 18:00:00,128,2025-09-23 21:10:00,2025-09-23 21:20:00,835.6751807704695,835.6582799257773,1248.4135491330878,1200.1145185015293,784.7583638533242,0.0,0.0,0.9371,10
2025-09-23,18,2025-09-23 18:00:00,129,2025-09-23 21:20:00,2025-09-23 21:30:00,805.3675512451128,805.3497515791202,1206.1862676539708,1200.1194685444964,748.5022233595141,0.0,0.0,0.9371,10
2025-09-23,18,2025-09-23 18:00:00,130,2025-09-23 21:30:00,2025-09-23 21:40:00,797.6888882931709,797.691585369075,1200.0,1200.0,792.1033005950926,0.0,0.0,0.9871,10
2025-09-23,18,2025-09-23 18:00:00,131,2025-09-23 21:40:00,2025-09-23 21:50:00,767.1112868761295,767.0790725993197,1200.0,1200.0,753.2294208460175,0.0,0.0,0.7764,10
2025-09-23,18,2025-09-23 18:00:00,132,2025-09-23 21:50:00,2025-09-23 22:00:00,748.3706467079953,759.8412541759933,1202.2353182875731,1200.0,627.7534940333716,0.0,0.0,0.4209,10
2025-09-23,18,2025-09-23 18:00:00,133,2025-09-23 22:00:00,2025-09-23 22:10:00,1294.0355938182913,1294.0366224033864,1217.1115273822782,1200.0,585.328578315095,0.0,0.0,0.3859,10
2025-09-23,18,2025-09-23 18:00:00,134,2025-09-23 22:10:00,2025-09-23 22:20:00,596.6953364762169,596.698664989095,1200.0,1200.0,590.4863796773569,0.0,0.0,0.4368,10
2025-09-23,18,2025-09-23 18:00:00,135,2025-09-23 22:20:00,2025-09-23 22:30:00,651.1794872927445,652.0509561539683,1203.729242026057,1200.0,594.5347974281922,0.0,0.0,0.4198,10
2025-09-23,18,2025-09-23 18:00:00,136,2025-09-23 22:30:00,2025-09-23 22:40:00,637.2359980426088,637.2383357422585,1206.8804018648864,1200.0,594.1884372841696,0.0,0.0,0.4186,10
2025-09-23,18,2025-09-23 18:00:00,137,2025-09-23 22:40:00,2025-09-23 22:50:00,637.705925858547,637.746045613154,1206.7207737965086,1200.0,604.2902266421167,0.0,0.0,0.4241,10
2025-09-23,18,2025-09-23 18:00:00,138,2025-09-23 22:50:00,2025-09-23 23:00:00,648.7038260184679,648.7021437312869,1203.1851078081925,1200.0020036771627,612.8235179869583,0.0,0.0,0.4237,10
2025-09-23,18,2025-09-23 18:00:00,139,2025-09-23 23:00:00,2025-09-23 23:10:00,628.4186616171949,628.4090859511854,1202.7205814968872,1200.002037807001,595.8575807797296,0.0,0.0,0.4248,10
2025-09-23,18,2025-09-23 18:00:00,140,2025-09-23 23:10:00,2025-09-23 23:20:00,634.6621641771704,634.6700385546538,1202.749169176773,1200.0018351514664,602.0945551280415,0.0,0.0,0.424,10
2025-09-23,18,2025-09-23 18:00:00,141,2025-09-23 23:20:00,2025-09-23 23:30:00,665.8960531411344,664.7983944036405,1205.4232028930649,1200.0012268933833,619.214043251434,0.0,0.0,0.422,10
2025-09-23,18,2025-09-23 18:00:00,142,2025-09-23 23:30:00,2025-09-23 23:40:00,622.7415633135577,622.7034445348697,1209.6080885878912,1200.005758734801,589.9575325093008,0.0,0.0,0.424,10
2025-09-23,18,2025-09-23 18:00:00,143,2025-09-23 23:40:00,2025-09-23 23:50:00,623.4556080575742,623.4511373834786,1200.8106378780856,1200.0018395905404,590.4128636970394,0.0,0.0,0.4271,10
2025-09-23,18,2025-09-23 18:00:00,144,2025-09-23 23:50:00,2025-09-24 00:00:00,653.2414393135657,653.2495611947847,1200.0,1200.0,617.4774962189933,0.0,0.0,0.4276,10
2025-12-21,0,2025-12-21 00:00:00,1,2025-12-21 00:00:00,2025-12-21 00:10:00,1424.499863049593,1424.499863049593,3140.21528539578,3140.21528539578,616.2793970973721,0.0,0.0,0.4248,7
2025-12-21,0,2025-12-21 00:00:00,2,2025-12-21 00:10:00,2025-12-21 00:20:00,1337.2943280904071,1337.2943280904071,3890.21528539578,3890.21528539578,590.2234332883246,0.0,0.0,0.4245,7
2025-12-21,0,2025-12-21 00:00:00,3,2025-12-21 00:20:00,2025-12-21 00:30:00,1396.9566683147905,1396.9566683147905,4640.21528539578,4640.21528539578,596.5927402013191,0.0,0.0,0.4269,7
2025-12-21,0,2025-12-21 00:00:00,4,2025-12-21 00:30:00,2025-12-21 00:40:00,1410.348961777713,1410.348961777713,5390.21528539578,5390.21528539578,633.2857617928803,0.0,0.0,0.4272,7
2025-12-21,0,2025-12-21 00:00:00,5,2025-12-21 00:40:00,2025-12-21 00:50:00,1457.2490653455964,1457.2490653455964,6140.21528539578,6140.21528539578,647.4755365574257,0.0,0.0,0.4271,7
2025-12-21,0,2025-12-21 00:00:00,6,2025-12-21 00:50:00,2025-12-21 01:00:00,1411.2767111992885,1411.2767111992885,6890.21528539578,6890.21528539578,633.1286393593334,0.0,0.0,0.4285,7
2025-12-21,0,2025-12-21 00:00:00,7,2025-12-21 01:00:00,2025-12-21 01:10:00,1000.6543045137138,1000.6543045137138,6882.44600680262,6882.44600680262,630.4151194814187,0.0,0.0,0.4311,7
2025-12-21,0,2025-12-21 00:00:00,8,2025-12-21 01:10:00,2025-12-21 01:20:00,1179.9836567968512,1179.9836567968512,7640.21528539578,7640.21528539578,629.5866393611959,0.0,0.0,0.4302,7
2025-12-21,0,2025-12-21 00:00:00,9,2025-12-21 01:20:00,2025-12-21 01:30:00,1437.9005903069235,1437.9005903069235,8390.21528539578,8390.21528539578,626.6557530394315,0.0,0.0,0.4279,7
2025-12-21,0,2025-12-21 00:00:00,10,2025-12-21 01:30:00,2025-12-21 01:40:00,807.6946855619082,807.6946855619082,8312.226615123087,8312.226615123087,632.4301929373703,0.0,0.0,0.4312,7
2025-12-21,0,2025-12-21 00:00:00,11,2025-12-21 01:40:00,2025-12-21 01:50:00,680.7858005592919,680.7858005592919,8349.882441218915,8349.882441218915,641.4956589589251,0.0,0.0,0.4333,7
2025-12-21,0,2025-12-21 00:00:00,12,2025-12-21 01:50:00,2025-12-21 02:00:00,1194.0712383856448,1194.0712383856448,8550.0,8550.0,647.5443654161735,0.0,0.0,0.4311,7
2025-12-21,0,2025-12-21 00:00:00,13,2025-12-21 02:00:00,2025-12-21 02:10:00,1307.7062223765547,1307.7062223765547,9300.0,9300.0,650.8279101240591,0.0,0.0,0.4293,7
2025-12-21,0,2025-12-21 00:00:00,14,2025-12-21 02:10:00,2025-12-21 02:20:00,836.6774282611009,836.6774282611009,9286.59700967311,9286.59700967311,663.5301247939377,0.0,0.0,0.4324,7
2025-12-21,0,2025-12-21 00:00:00,15,2025-12-21 02:20:00,2025-12-21 02:30:00,708.9577578246488,708.9577578246488,9273.30514047831,9273.30514047831,681.9662843163254,0.0,0.0,0.4367,7
2025-12-21,0,2025-12-21 00:00:00,16,2025-12-21 02:30:00,2025-12-21 02:40:00,729.5122846063988,729.5122846063988,9301.572866542134,9301.572866542134,688.6198901158447,0.0,0.0,0.4348,7
2025-12-21,0,2025-12-21 00:00:00,17,2025-12-21 02:40:00,2025-12-21 02:50:00,740.5584956472192,740.5584956472192,9294.246088951575,9294.246088951575,685.7633789646883,0.0,0.0,0.4335,7
2025-12-21,0,2025-12-21 00:00:00,18,2025-12-21 02:50:00,2025-12-21 03:00:00,700.5576545082802,700.5576545082802,9218.69295327527,9218.69295327527,677.5967008526554,0.0,0.0,0.4357,7
2025-12-21,0,2025-12-21 00:00:00,19,2025-12-21 03:00:00,2025-12-21 03:10:00,693.1406189764438,693.1406189764438,9240.772998069886,9240.772998069886,669.6836293312866,0.0,0.0,0.4374,7
2025-12-21,0,2025-12-21 00:00:00,20,2025-12-21 03:10:00,2025-12-21 03:20:00,726.4214163710099,726.4214163710099,9250.268043939119,9250.268043939119,683.8796884741139,0.0,0.0,0.4371,7
2025-12-21,0,2025-12-21 00:00:00,21,2025-12-21 03:20:00,2025-12-21 03:30:00,717.5289375648175,717.5289375648175,9238.404556747497,9238.404556747497,699.0624595458352,0.0,0.0,0.4356,7
2025-12-21,0,2025-12-21 00:00:00,22,2025-12-21 03:30:00,2025-12-21 03:40:00,689.2493582354565,689.2493582354565,9193.73993132966,9193.73993132966,673.6568390525738,0.0,0.0,0.4353,7
2025-12-21,0,2025-12-21 00:00:00,23,2025-12-21 03:40:00,2025-12-21 03:50:00,677.7501019862698,677.7501019862698,9199.272430933504,9199.272430933504,669.1610108864958,0.0,0.0,0.436,7
2025-12-21,0,2025-12-21 00:00:00,24,2025-12-21 03:50:00,2025-12-21 04:00:00,676.3658788148706,676.3658788148706,9334.593554487472,9334.593554487472,694.608048556891,0.0,0.0,0.4378,7
2025-12-21,0,2025-12-21 00:00:00,25,2025-12-21 04:00:00,2025-12-21 04:10:00,727.8686217040527,727.8686217040527,9316.794415834527,9316.794415834527,699.4926433678131,0.0,0.0,0.4401,7
2025-12-21,0,2025-12-21 00:00:00,26,2025-12-21 04:10:00,2025-12-21 04:20:00,742.3750026713984,742.3750026713984,9341.043863613066,9341.043863613066,708.751156180192,0.0,0.0,0.4389,7
2025-12-21,0,2025-12-21 00:00:00,27,2025-12-21 04:20:00,2025-12-21 04:30:00,737.9085388797571,737.9085388797571,9416.494377898516,9416.494377898516,735.0143113130092,0.0,0.0,0.4364,7
2025-12-21,0,2025-12-21 00:00:00,28,2025-12-21 04:30:00,2025-12-21 04:40:00,782.7840689505595,782.7840689505595,9295.895467038874,9295.895467038874,756.2867482031897,0.0,0.0,0.4393,7
2025-12-21,0,2025-12-21 00:00:00,29,2025-12-21 04:40:00,2025-12-21 04:50:00,753.6120929484669,753.6120929484669,9159.299540907672,9159.299540907672,742.5036370096578,0.0,0.0,0.4422,7
2025-12-21,0,2025-12-21 00:00:00,30,2025-12-21 04:50:00,2025-12-21 05:00:00,740.3953600305919,740.3953600305919,9225.953341151806,9225.953341151806,714.4652952942575,0.0,0.0,0.4395,7
2025-12-21,0,2025-12-21 00:00:00,31,2025-12-21 05:00:00,2025-12-21 05:10:00,743.0187055227333,743.0187055227333,9306.628850247569,9306.628850247569,722.4629463097564,0.0,0.0,0.4333,7
2025-12-21,0,2025-12-21 00:00:00,32,2025-12-21 05:10:00,2025-12-21 05:20:00,755.5884788403965,755.5884788403965,9234.087821157005,9234.087821157005,726.8503445035492,0.0,0.0,0.4439,7
2025-12-21,0,2025-12-21 00:00:00,33,2025-12-21 05:20:00,2025-12-21 05:30:00,1348.6124370448656,1348.6124370448656,10050.0,10050.0,715.4380940188167,0.0,0.0,0.4301,7
2025-12-21,0,2025-12-21 00:00:00,34,2025-12-21 05:30:00,2025-12-21 05:40:00,1543.6651092530428,1543.6651092530428,10800.0,10800.0,726.1617984818521,0.0,0.0,0.3713,7
2025-12-21,0,2025-12-21 00:00:00,35,2025-12-21 05:40:00,2025-12-21 05:50:00,841.4556087231875,841.4556087231875,10543.671990275852,10543.671990275852,792.4426276851627,0.0,0.0,0.5708,7
2025-12-21,0,2025-12-21 00:00:00,36,2025-12-21 05:50:00,2025-12-21 06:00:00,782.0281310550142,782.0281310550142,9530.395003266649,9530.395003266649,879.1283262318776,0.0,0.0,0.9099,7
2025-12-21,0,2025-12-21 00:00:00,37,2025-12-21 06:00:00,2025-12-21 06:10:00,160.03845620440873,160.03845620440873,9105.75853881066,9105.75853881066,908.6528954557709,0.0,0.0,0.9368,7
2025-12-21,0,2025-12-21 00:00:00,38,2025-12-21 06:10:00,2025-12-21 06:20:00,946.2558027454345,946.2558027454345,9683.515149828154,9683.515149828154,900.9893771310469,0.0,0.0,0.8758,7
2025-12-21,0,2025-12-21 00:00:00,39,2025-12-21 06:20:00,2025-12-21 06:30:00,932.6099966820125,932.6099966820125,9498.503885955599,9498.503885955599,892.9239681959596,0.0,0.0,0.8759,7
2025-12-21,0,2025-12-21 00:00:00,40,2025-12-21 06:30:00,2025-12-21 06:40:00,930.9903120135345,930.9903120135345,9376.92555128974,9376.92555128974,905.105293339259,0.0,0.0,0.8601,7
2025-12-21,0,2025-12-21 00:00:00,41,2025-12-21 06:40:00,2025-12-21 06:50:00,946.5332477143044,946.5332477143044,9197.473244471683,9197.473244471683,926.6054381013327,0.0,0.0,0.8442,7
2025-12-21,0,2025-12-21 00:00:00,42,2025-12-21 06:50:00,2025-12-21 07:00:00,967.4640312303108,967.4640312303108,9773.189689274774,9773.189689274774,932.942732649948,0.0,0.0,0.8334,7
2025-12-21,0,2025-12-21 00:00:00,43,2025-12-21 07:00:00,2025-12-21 07:10:00,925.1902284918159,925.1902284918159,10008.76620598391,10008.76620598391,909.2688151410429,26.69197119374121,21.861005555555554,0.8092,7
2025-12-21,0,2025-12-21 00:00:00,44,2025-12-21 07:10:00,2025-12-21 07:20:00,873.3586744847885,873.3586744847885,9848.944795091289,9848.944795091289,899.7354357322146,70.41398230485233,65.58301666666667,0.7972,7
2025-12-21,0,2025-12-21 00:00:00,45,2025-12-21 07:20:00,2025-12-21 07:30:00,854.8420125336943,854.8420125336943,9751.259917066252,9751.259917066252,905.5987468282137,114.13599341596343,109.30502777777777,0.7644,7
2025-12-21,0,2025-12-21 00:00:00,46,2025-12-21 07:30:00,2025-12-21 07:40:00,1391.6840659289924,1391.6840659289924,10800.0,10800.0,902.7005750179503,157.85800452707454,153.02703888888888,0.6899,7
2025-12-21,0,2025-12-21 00:00:00,47,2025-12-21 07:40:00,2025-12-21 07:50:00,840.909955296293,840.909955296293,10711.481967405889,10711.481967405889,988.9165242063947,201.58001563818567,196.74905,0.86,7
2025-12-21,0,2025-12-21 00:00:00,48,2025-12-21 07:50:00,2025-12-21 08:00:00,149.7379258792442,149.7379258792442,8667.637237258992,8667.637237258992,1130.7359649938414,245.30202674929677,240.4710611111111,1.1617,7
2025-12-21,0,2025-12-21 00:00:00,49,2025-12-21 08:00:00,2025-12-21 08:10:00,134.7895053961151,134.7895053961151,7757.752432806193,7757.752432806193,1179.5544433568634,290.04584758263013,285.21488194444447,1.1683,7
2025-12-21,0,2025-12-21 00:00:00,50,2025-12-21 08:10:00,2025-12-21 08:20:00,127.94800607354259,127.94800607354259,7127.108072524492,7127.108072524492,1174.9682678499496,335.81147813818563,330.9805125,1.0956,7
2025-12-21,0,2025-12-21 00:00:00,51,2025-12-21 08:20:00,2025-12-21 08:30:00,70.36089001363653,70.36089001363653,6278.685239958598,6278.685239958598,1170.3871675329112,381.57710869374125,376.7461430555556,1.0849,7
2025-12-21,0,2025-12-21 00:00:00,52,2025-12-21 08:30:00,2025-12-21 08:40:00,53.29508505176686,53.29508505176686,5491.994385119241,5491.994385119241,1178.5748682264984,427.34273924929687,422.5117736111112,1.061,7
2025-12-21,0,2025-12-21 00:00:00,53,2025-12-21 08:40:00,2025-12-21 08:50:00,0.0,0.0,4676.873417134428,4676.873417134428,1189.9291655120248,473.1083698048523,468.27740416666666,1.043,7
2025-12-21,0,2025-12-21 00:00:00,54,2025-12-21 08:50:00,2025-12-21 09:00:00,0.0,0.0,3875.543867832922,3875.543867832922,1192.523964459205,518.8740003604079,514.0430347222223,1.036,7
2025-12-21,0,2025-12-21 00:00:00,55,2025-12-21 09:00:00,2025-12-21 09:10:00,0.0,0.0,3082.302930246312,3082.302930246312,1184.6464253470372,560.2926434159634,555.4616777777778,1.0147,7
2025-12-21,0,2025-12-21 00:00:00,56,2025-12-21 09:10:00,2025-12-21 09:20:00,89.50044870577406,89.50044870577406,2454.4794666405924,2454.4794666405924,1192.015991263363,597.3642989715189,592.5333333333333,0.9922,7
2025-12-21,0,2025-12-21 00:00:00,57,2025-12-21 09:20:00,2025-12-21 09:30:00,571.7745961503347,571.7745961503347,2614.2855380550996,2614.2855380550996,1204.197783010264,634.4359545270745,629.6049888888889,0.97,7
2025-12-21,0,2025-12-21 00:00:00,58,2025-12-21 09:30:00,2025-12-21 09:40:00,582.1079137649381,582.1079137649381,2741.4714122244845,2741.4714122244845,1184.6880121342203,671.50761008263,666.6766444444444,0.9422,7
2025-12-21,0,2025-12-21 00:00:00,59,2025-12-21 09:40:00,2025-12-21 09:50:00,469.8609684384284,469.8609684384284,2568.5645714885145,2568.5645714885145,1163.5157114312397,708.5792656381855,703.7482999999999,0.9569,7
2025-12-21,0,2025-12-21 00:00:00,60,2025-12-21 09:50:00,2025-12-21 10:00:00,0.0,0.0,1931.1273859443054,1931.1273859443054,1162.452055992799,745.6509211937412,740.8199555555556,0.9977,7
2025-12-21,0,2025-12-21 00:00:00,61,2025-12-21 10:00:00,2025-12-21 10:10:00,0.0069216519816467995,0.0069216519816467995,1382.0888678409208,1382.0888678409208,1175.3260588255193,771.3002573048523,766.4692916666667,0.9919,7
2025-12-21,0,2025-12-21 00:00:00,62,2025-12-21 10:10:00,2025-12-21 10:20:00,404.63800752990835,404.63800752990835,1478.8482848925507,1478.8482848925507,1185.6150086161479,785.527273971519,780.6963083333334,0.9588,7
2025-12-21,0,2025-12-21 00:00:00,63,2025-12-21 10:20:00,2025-12-21 10:30:00,430.7072126599774,430.7072126599774,1239.8895484238321,1239.8895484238321,1173.6482595447392,799.7542906381857,794.9233250000001,0.9549,7
2025-12-21,0,2025-12-21 00:00:00,64,2025-12-21 10:30:00,2025-12-21 10:40:00,12.00320963907866,12.00320963907866,1200.0,1200.0,1138.854356318649,813.9813073048522,809.1503416666666,0.9839,7
2025-12-21,0,2025-12-21 00:00:00,65,2025-12-21 10:40:00,2025-12-21 10:50:00,367.4535320940453,367.4535320940453,1200.0,1200.0,1155.0337124442049,828.2083239715189,823.3773583333333,0.799,7
2025-12-21,0,2025-12-21 00:00:00,66,2025-12-21 10:50:00,2025-12-21 11:00:00,1194.0136711872303,1194.0136711872303,1950.0,1950.0,1192.2107157002679,842.4353406381856,837.604375,0.5025,7
2025-12-21,0,2025-12-21 00:00:00,67,2025-12-21 11:00:00,2025-12-21 11:10:00,1175.7759354044715,1175.7759354044715,2700.0,2700.0,1146.0126031036025,856.9844836937413,852.1535180555557,0.4662,7
2025-12-21,0,2025-12-21 00:00:00,68,2025-12-21 11:10:00,2025-12-21 11:20:00,1084.8478246836944,1084.8478246836944,3450.0,3450.0,1100.490472150075,871.8557531381856,867.0247875,0.5007,7
2025-12-21,0,2025-12-21 00:00:00,69,2025-12-21 11:20:00,2025-12-21 11:30:00,1112.642545588248,1112.642545588248,4200.0,4200.0,1108.5093855243417,886.72702258263,881.8960569444444,0.4827,7
2025-12-21,0,2025-12-21 00:00:00,70,2025-12-21 11:30:00,2025-12-21 11:40:00,1072.9837016945514,1072.9837016945514,4950.0,4950.0,1137.12745034968,901.5982920270744,896.7673263888888,0.4785,7
2025-12-21,0,2025-12-21 00:00:00,71,2025-12-21 11:40:00,2025-12-21 11:50:00,1078.7523578579123,1078.7523578579123,5700.0,5700.0,1131.226830118026,916.469561471519,911.6385958333334,0.4662,7
2025-12-21,0,2025-12-21 00:00:00,72,2025-12-21 11:50:00,2025-12-21 12:00:00,1050.2099473222254,1050.2099473222254,6450.0,6450.0,1087.9936328066394,931.3408309159634,926.5098652777777,0.4432,7
2025-12-21,0,2025-12-21 00:00:00,73,2025-12-21 12:00:00,2025-12-21 12:10:00,1022.9983933439127,1022.9983933439127,7200.0,7200.0,1056.2902790553565,940.5218586937411,935.6908930555555,0.4411,7
2025-12-21,0,2025-12-21 00:00:00,74,2025-12-21 12:10:00,2025-12-21 12:20:00,1003.7998899673579,1003.7998899673579,7950.0,7950.0,1061.4225869236764,944.0126448048522,939.1816791666666,0.4551,7
2025-12-21,0,2025-12-21 00:00:00,75,2025-12-21 12:20:00,2025-12-21 12:30:00,1015.6695084895445,1015.6695084895445,8700.0,8700.0,1068.2461487840362,947.5034309159635,942.6724652777779,0.4463,7
2025-12-21,0,2025-12-21 00:00:00,76,2025-12-21 12:30:00,2025-12-21 12:40:00,996.0955626447438,996.0955626447438,9450.0,9450.0,1027.5774128117973,950.9942170270745,946.1632513888889,0.4113,7
2025-12-21,0,2025-12-21 00:00:00,77,2025-12-21 12:40:00,2025-12-21 12:50:00,195.61869639119143,195.61869639119143,10202.336454462751,10202.336454462751,1043.2987757088874,954.4850031381856,949.6540375,0.5682,7
2025-12-21,0,2025-12-21 00:00:00,78,2025-12-21 12:50:00,2025-12-21 13:00:00,231.26874092455844,231.26874092455844,10095.075568979739,10095.075568979739,1109.8672013053833,957.9757892492967,953.1448236111111,0.8279,7
2025-12-21,0,2025-12-21 00:00:00,79,2025-12-21 13:00:00,2025-12-21 13:10:00,225.50072324599893,225.50072324599893,9829.228161003197,9829.228161003197,1113.6455483975542,948.3931003604079,943.5621347222223,0.8636,7
2025-12-21,0,2025-12-21 00:00:00,80,2025-12-21 13:10:00,2025-12-21 13:20:00,273.04368791279524,273.04368791279524,10203.460601736306,10203.460601736306,1099.2461130531358,925.736936471519,920.9059708333334,0.8416,7
2025-12-21,0,2025-12-21 00:00:00,81,2025-12-21 13:20:00,2025-12-21 13:30:00,288.96158422999576,288.96158422999576,10274.177904041091,10274.177904041091,1095.307000964523,903.0807725826301,898.2498069444445,0.8618,7
2025-12-21,0,2025-12-21 00:00:00,82,2025-12-21 13:30:00,2025-12-21 13:40:00,289.13345192754105,289.13345192754105,10281.61872529373,10281.61872529373,1080.808789514196,880.4246086937412,875.5936430555556,0.8623,7
2025-12-21,0,2025-12-21 00:00:00,83,2025-12-21 13:40:00,2025-12-21 13:50:00,290.65438759468657,290.65438759468657,10254.440149431692,10254.440149431692,1064.507008898196,857.7684448048522,852.9374791666665,0.9026,7
2025-12-21,0,2025-12-21 00:00:00,84,2025-12-21 13:50:00,2025-12-21 14:00:00,229.4394537832713,229.4394537832713,9548.422409756771,9548.422409756771,1057.333953656472,835.1122809159633,830.2813152777777,0.9754,7
2025-12-21,0,2025-12-21 00:00:00,85,2025-12-21 14:00:00,2025-12-21 14:10:00,0.0,0.0,8397.8983134772,8397.8983134772,1064.054828503539,801.9796336937411,797.1486680555555,1.0002,7
2025-12-21,0,2025-12-21 00:00:00,86,2025-12-21 14:10:00,2025-12-21 14:20:00,0.0,0.0,8131.6577512595895,8131.6577512595895,1086.968172590273,758.3705031381855,753.5395374999999,0.9978,7
2025-12-21,0,2025-12-21 00:00:00,87,2025-12-21 14:20:00,2025-12-21 14:30:00,0.0,0.0,7729.470153504689,7729.470153504689,1096.43722634587,714.76137258263,709.9304069444444,1.0271,7
2025-12-21,0,2025-12-21 00:00:00,88,2025-12-21 14:30:00,2025-12-21 14:40:00,0.0,0.0,7007.253468128205,7007.253468128205,1059.2718030333338,671.1522420270744,666.3212763888888,1.0906,7
2025-12-21,0,2025-12-21 00:00:00,89,2025-12-21 14:40:00,2025-12-21 14:50:00,0.0,0.0,7070.909161366843,7070.909161366843,1049.554121700158,627.543111471519,622.7121458333334,0.9376,7
2025-12-21,0,2025-12-21 00:00:00,90,2025-12-21 14:50:00,2025-12-21 15:00:00,1411.8685304667438,1411.8685304667438,8352.583465282178,8352.583465282178,1076.4578330292347,583.9339809159634,579.1030152777778,0.6694,7
2025-12-21,0,2025-12-21 00:00:00,91,2025-12-21 15:00:00,2025-12-21 15:10:00,1436.9251887708347,1436.9251887708347,9102.583465282178,9102.583465282178,1074.2519245033177,535.8414003604079,531.0104347222223,0.66,7
2025-12-21,0,2025-12-21 00:00:00,92,2025-12-21 15:10:00,2025-12-21 15:20:00,1421.7132112707332,1421.7132112707332,9852.583465282178,9852.583465282178,1046.663132084464,483.2653698048523,478.43440416666664,0.7217,7
2025-12-21,0,2025-12-21 00:00:00,93,2025-12-21 15:20:00,2025-12-21 15:30:00,1360.753428323709,1360.753428323709,10602.583465282178,10602.583465282178,1033.7606743497388,430.6893392492968,425.8583736111111,0.7308,7
2025-12-21,0,2025-12-21 00:00:00,94,2025-12-21 15:30:00,2025-12-21 15:40:00,775.3936577919947,775.3936577919947,10248.79786594736,10248.79786594736,1065.9851809901206,378.11330869374126,373.2823430555556,0.7534,7
2025-12-21,0,2025-12-21 00:00:00,95,2025-12-21 15:40:00,2025-12-21 15:50:00,847.663919484082,847.663919484082,10390.20040167641,10390.20040167641,1067.3267718706088,325.5372781381857,320.7063125,0.7823,7
2025-12-21,0,2025-12-21 00:00:00,96,2025-12-21 15:50:00,2025-12-21 16:00:00,802.5344568784791,802.5344568784791,10055.026393773613,10055.026393773613,1024.3561431720552,272.9612475826301,268.13028194444445,0.8055,7
2025-12-21,0,2025-12-21 00:00:00,97,2025-12-21 16:00:00,2025-12-21 16:10:00,853.355528845019,853.355528845019,10629.886405778974,10629.886405778974,998.7866189926806,226.51971008263007,221.6887444444444,0.8271,7
2025-12-21,0,2025-12-21 00:00:00,98,2025-12-21 16:10:00,2025-12-21 16:20:00,906.2414737771729,906.2414737771729,10628.456952966695,10628.456952966695,995.7224151095816,186.21266563818565,181.3817,0.8519,7
2025-12-21,0,2025-12-21 00:00:00,99,2025-12-21 16:20:00,2025-12-21 16:30:00,947.716041092118,947.716041092118,10404.25878572578,10404.25878572578,1013.8427563638874,145.9056211937412,141.07465555555555,0.8791,7
2025-12-21,0,2025-12-21 00:00:00,100,2025-12-21 16:30:00,2025-12-21 16:40:00,904.4107077292653,904.4107077292653,9868.279921851055,9868.279921851055,1045.30352581104,105.59857674929675,100.7676111111111,0.9024,7
2025-12-21,0,2025-12-21 00:00:00,101,2025-12-21 16:40:00,2025-12-21 16:50:00,1049.0727898656035,1049.0727898656035,10454.518028165978,10454.518028165978,1025.9151453877364,65.29153230485231,60.46056666666666,0.9163,7
2025-12-21,0,2025-12-21 00:00:00,102,2025-12-21 16:50:00,2025-12-21 17:00:00,1051.2619298353227,1051.2619298353227,10551.989429641786,10551.989429641786,981.6489070397907,24.984487860407874,20.153522222222218,0.9264,7
2025-12-21,0,2025-12-21 00:00:00,103,2025-12-21 17:00:00,2025-12-21 17:10:00,1129.4716355196083,1129.4716355196083,10711.316326705346,10711.316326705346,1001.9352421431593,0.0,0.0,0.9462,7
2025-12-21,0,2025-12-21 00:00:00,104,2025-12-21 17:10:00,2025-12-21 17:20:00,1072.092335233963,1072.092335233963,10365.012869794049,10365.012869794049,1016.8557290902332,0.0,0.0,0.9742,7
2025-12-21,0,2025-12-21 00:00:00,105,2025-12-21 17:20:00,2025-12-21 17:30:00,1053.2829984709374,1053.2829984709374,10256.130630210773,10256.130630210773,1010.7468835821171,0.0,0.0,0.9862,7
2025-12-21,0,2025-12-21 00:00:00,106,2025-12-21 17:30:00,2025-12-21 17:40:00,1142.9753291074971,1142.9753291074971,10492.976736272172,10492.976736272172,1017.4894220272225,0.0,0.0,0.976,7
2025-12-21,0,2025-12-21 00:00:00,107,2025-12-21 17:40:00,2025-12-21 17:50:00,944.3274081120359,944.3274081120359,10012.796985695126,10012.796985695126,899.324721164282,0.0,0.0,1.0742,7
2025-12-21,0,2025-12-21 00:00:00,108,2025-12-21 17:50:00,2025-12-21 18:00:00,690.9469124084691,690.9469124084691,9722.557291613923,9722.557291613923,727.9401835593786,0.0,0.0,1.2313,7
2025-12-21,0,2025-12-21 00:00:00,109,2025-12-21 18:00:00,2025-12-21 18:10:00,683.0334504991725,683.0334504991725,9821.797041996808,9821.797041996808,730.7546719740922,0.0,0.0,1.2561,7
2025-12-21,0,2025-12-21 00:00:00,110,2025-12-21 18:10:00,2025-12-21 18:20:00,793.485665511688,793.485665511688,10391.607795950218,10391.607795950218,752.3166839839009,0.0,0.0,1.2447,7
2025-12-21,0,2025-12-21 00:00:00,111,2025-12-21 18:20:00,2025-12-21 18:30:00,694.6649517468649,694.6649517468649,9522.070679617304,9522.070679617304,716.4278862488143,0.0,0.0,1.2545,7
2025-12-21,0,2025-12-21 00:00:00,112,2025-12-21 18:30:00,2025-12-21 18:40:00,683.2974291650552,683.2974291650552,9680.982035302603,9680.982035302603,704.222053435437,0.0,0.0,1.2522,7
2025-12-21,0,2025-12-21 00:00:00,113,2025-12-21 18:40:00,2025-12-21 18:50:00,676.9419232725108,676.9419232725108,9483.73273508589,9483.73273508589,715.3086913219316,0.0,0.0,1.2881,7
2025-12-21,0,2025-12-21 00:00:00,114,2025-12-21 18:50:00,2025-12-21 19:00:00,430.0080806419225,430.0080806419225,9027.62759834261,9027.62759834261,730.8190025049934,0.0,0.0,1.3466,7
2025-12-21,0,2025-12-21 00:00:00,115,2025-12-21 19:00:00,2025-12-21 19:10:00,0.5117047770474153,0.5117047770474153,8309.926854900945,8309.926854900945,739.8125345515886,0.0,0.0,1.3523,7
2025-12-21,0,2025-12-21 00:00:00,116,2025-12-21 19:10:00,2025-12-21 19:20:00,48.183065844427766,48.183065844427766,7727.5983427206165,7727.5983427206165,746.976401077864,0.0,0.0,1.3445,7
2025-12-21,0,2025-12-21 00:00:00,117,2025-12-21 19:20:00,2025-12-21 19:30:00,0.9239477408010577,0.9239477408010577,6837.902340405982,6837.902340405982,745.8045429548841,0.0,0.0,1.3483,7
2025-12-21,0,2025-12-21 00:00:00,118,2025-12-21 19:30:00,2025-12-21 19:40:00,0.20767587345587013,0.20767587345587013,6011.827989633968,6011.827989633968,726.2933664987712,0.0,0.0,1.349,7
2025-12-21,0,2025-12-21 00:00:00,119,2025-12-21 19:40:00,2025-12-21 19:50:00,1.5990461169953432,1.5990461169953432,5207.573312747705,5207.573312747705,723.0748244177994,0.0,0.0,1.3473,7
2025-12-21,0,2025-12-21 00:00:00,120,2025-12-21 19:50:00,2025-12-21 20:00:00,0.41595111661382206,0.41595111661382206,4329.809854864193,4329.809854864193,745.5924399664601,0.0,0.0,1.3482,7
2025-12-21,0,2025-12-21 00:00:00,121,2025-12-21 20:00:00,2025-12-21 20:10:00,0.438859466871047,0.438859466871047,3421.4056491290557,3421.4056491290557,765.0478378509772,0.0,0.0,1.3513,7
2025-12-21,0,2025-12-21 00:00:00,122,2025-12-21 20:10:00,2025-12-21 20:20:00,44.847131942120015,44.847131942120015,2675.668159176602,2675.668159176602,748.0482424446537,0.0,0.0,1.34,7
2025-12-21,0,2025-12-21 00:00:00,123,2025-12-21 20:20:00,2025-12-21 20:30:00,0.539138743580152,0.539138743580152,1987.3220681928892,1987.3220681928892,713.2723845141114,0.0,0.0,1.3489,7
2025-12-21,0,2025-12-21 00:00:00,124,2025-12-21 20:30:00,2025-12-21 20:40:00,0.0,0.0,1200.0,1200.0,713.6809589512576,0.0,0.0,1.3952,7
2025-12-21,0,2025-12-21 00:00:00,125,2025-12-21 20:40:00,2025-12-21 20:50:00,699.9555163083878,699.9555163083878,1200.0,1200.0,728.8124776520657,0.0,0.0,1.2226,7
2025-12-21,0,2025-12-21 00:00:00,126,2025-12-21 20:50:00,2025-12-21 21:00:00,748.291498643484,748.291498643484,1200.2829239131695,1200.2829239131695,735.7660811128901,0.0,0.0,0.9332,7
2025-12-21,0,2025-12-21 00:00:00,127,2025-12-21 21:00:00,2025-12-21 21:10:00,752.3901572805818,752.3901572805818,1295.2860716468801,1295.2860716468801,731.7876682002219,0.0,0.0,0.9068,7
2025-12-21,0,2025-12-21 00:00:00,128,2025-12-21 21:10:00,2025-12-21 21:20:00,750.0780272787275,750.0780272787275,1239.3118353132138,1239.3118353132138,728.6094267039766,0.0,0.0,0.9371,7
2025-12-21,0,2025-12-21 00:00:00,129,2025-12-21 21:20:00,2025-12-21 21:30:00,746.1146866787757,746.1146866787757,1207.6157999902484,1207.6157999902484,738.8041753819107,0.0,0.0,0.9371,7
2025-12-21,0,2025-12-21 00:00:00,130,2025-12-21 21:30:00,2025-12-21 21:40:00,745.1565796389373,745.1565796389373,1200.0,1200.0,753.4407920645351,0.0,0.0,0.9871,7
2025-12-21,0,2025-12-21 00:00:00,131,2025-12-21 21:40:00,2025-12-21 21:50:00,692.5800297233525,692.5800297233525,1200.0,1200.0,693.7341636581708,0.0,0.0,0.7764,7
2025-12-21,0,2025-12-21 00:00:00,132,2025-12-21 21:50:00,2025-12-21 22:00:00,649.6924822076539,649.6924822076539,1200.0,1200.0,594.5814537190272,0.0,0.0,0.4209,7
2025-12-21,0,2025-12-21 00:00:00,133,2025-12-21 22:00:00,2025-12-21 22:10:00,1049.8886722722837,1049.8886722722837,1203.4242924321916,1203.4242924321916,577.9005120078128,0.0,0.0,0.3859,7
2025-12-21,0,2025-12-21 00:00:00,134,2025-12-21 22:10:00,2025-12-21 22:20:00,583.378222882026,583.378222882026,1200.0,1200.0,591.4139704294245,0.0,0.0,0.4368,7
2025-12-21,0,2025-12-21 00:00:00,135,2025-12-21 22:20:00,2025-12-21 22:30:00,598.7791193456407,598.7791193456407,1201.5781454838052,1201.5781454838052,587.7038422156498,0.0,0.0,0.4198,7
2025-12-21,0,2025-12-21 00:00:00,136,2025-12-21 22:30:00,2025-12-21 22:40:00,588.9252494799077,588.9252494799077,1209.122645329013,1209.122645329013,573.58817932402,0.0,0.0,0.4186,7
2025-12-21,0,2025-12-21 00:00:00,137,2025-12-21 22:40:00,2025-12-21 22:50:00,584.2953816327124,584.2953816327124,1203.179205043548,1203.179205043548,572.3825468863686,0.0,0.0,0.4241,7
2025-12-21,0,2025-12-21 00:00:00,138,2025-12-21 22:50:00,2025-12-21 23:00:00,598.1117207713473,598.1117207713473,1205.4420640707917,1205.4420640707917,587.0811712606018,0.0,0.0,0.4237,7
2025-12-21,0,2025-12-21 00:00:00,139,2025-12-21 23:00:00,2025-12-21 23:10:00,608.9528503116277,608.9528503116277,1202.3896472983772,1202.3896472983772,600.0254766775632,0.0,0.0,0.4248,7
2025-12-21,0,2025-12-21 00:00:00,140,2025-12-21 23:10:00,2025-12-21 23:20:00,619.8317845200246,619.8317845200246,1202.3793141610952,1202.3793141610952,606.3067706551496,0.0,0.0,0.424,7
2025-12-21,0,2025-12-21 00:00:00,141,2025-12-21 23:20:00,2025-12-21 23:30:00,608.3761343605156,608.3761343605156,1202.571178765657,1202.571178765657,599.2220955659535,0.0,0.0,0.422,7
2025-12-21,0,2025-12-21 00:00:00,142,2025-12-21 23:30:00,2025-12-21 23:40:00,587.3577624403956,587.3577624403956,1203.1736904193667,1203.1736904193667,580.7525938188251,0.0,0.0,0.424,7
2025-12-21,0,2025-12-21 00:00:00,143,2025-12-21 23:40:00,2025-12-21 23:50:00,611.5429440761698,611.5429440761698,1202.3342431900558,1202.3342431900558,604.435740954466,0.0,0.0,0.4271,7
2025-12-21,0,2025-12-21 00:00:00,144,2025-12-21 23:50:00,2025-12-22 00:00:00,651.6267738584414,651.6267738584414,1200.0,1200.0,642.1781433018607,0.0,0.0,0.4276,7
2025-12-21,6,2025-12-21 06:00:00,37,2025-12-21 06:00:00,2025-12-21 06:10:00,160.03845620440873,158.32333513775816,9105.75853881066,1200.0,908.6528954557709,0.0,0.0,0.9368,10
2025-12-21,6,2025-12-21 06:00:00,38,2025-12-21 06:10:00,2025-12-21 06:20:00,946.2558027454345,939.17457115153,9683.515149828154,1200.0,900.9893771310469,0.0,0.0,0.8758,10
2025-12-21,6,2025-12-21 06:00:00,39,2025-12-21 06:20:00,2025-12-21 06:30:00,932.6099966820125,929.6558391033751,9498.503885955599,1200.0,892.9239681959596,0.0,0.0,0.8759,10
2025-12-21,6,2025-12-21 06:00:00,40,2025-12-21 06:30:00,2025-12-21 06:40:00,930.9903120135345,927.4011559538392,9376.92555128974,1200.0,905.105293339259,0.0,0.0,0.8601,10
2025-12-21,6,2025-12-21 06:00:00,41,2025-12-21 06:40:00,2025-12-21 06:50:00,946.5332477143044,934.8236737670873,9197.473244471683,1200.0,926.6054381013327,0.0,0.0,0.8442,10
2025-12-21,6,2025-12-21 06:00:00,42,2025-12-21 06:50:00,2025-12-21 07:00:00,967.4640312303108,967.060865958576,9773.189689274774,1200.0,932.942732649948,0.0,0.0,0.8334,10
2025-12-21,6,2025-12-21 06:00:00,43,2025-12-21 07:00:00,2025-12-21 07:10:00,925.1902284918159,919.9818663076153,10008.76620598391,1200.0,909.2688151410429,33.21707579992968,21.779115277777777,0.8092,10
2025-12-21,6,2025-12-21 06:00:00,44,2025-12-21 07:10:00,2025-12-21 07:20:00,873.3586744847885,871.4997045338821,9848.944795091289,1200.0,899.7354357322146,76.77530635548523,65.33734583333333,0.7972,10
2025-12-21,6,2025-12-21 06:00:00,45,2025-12-21 07:20:00,2025-12-21 07:30:00,854.8420125336943,854.6575235692046,9751.259917066252,1200.0,905.5987468282137,120.33353691104077,108.89557638888887,0.7644,10
2025-12-21,6,2025-12-21 06:00:00,46,2025-12-21 07:30:00,2025-12-21 07:40:00,1391.6840659289924,1301.3965292501166,10800.0,1200.0,902.7005750179503,163.89176746659635,152.45380694444444,0.6899,10
2025-12-21,6,2025-12-21 06:00:00,47,2025-12-21 07:40:00,2025-12-21 07:50:00,840.909955296293,803.8477102880153,10711.481967405889,1200.0,988.9165242063947,207.4499980221519,196.0120375,0.86,10
2025-12-21,6,2025-12-21 06:00:00,48,2025-12-21 07:50:00,2025-12-21 08:00:00,149.7379258792442,114.38162709568638,8667.637237258992,1200.0,1130.7359649938414,251.00822857770743,239.57026805555552,1.1617,10
2025-12-21,6,2025-12-21 06:00:00,49,2025-12-21 08:00:00,2025-12-21 08:10:00,134.7895053961151,108.89602272502367,7757.752432806193,1200.0,1179.5544433568634,298.0801146888186,286.64215416666667,1.1683,10
2025-12-21,6,2025-12-21 06:00:00,50,2025-12-21 08:10:00,2025-12-21 08:20:00,127.94800607354259,85.23835105794176,7127.108072524492,1200.0,1174.9682678499496,348.6656563554853,337.22769583333337,1.0956,10
2025-12-21,6,2025-12-21 06:00:00,51,2025-12-21 08:20:00,2025-12-21 08:30:00,70.36089001363653,56.36834955799313,6278.685239958598,1200.0,1170.3871675329112,399.2511980221519,387.8132375,1.0849,10
2025-12-21,6,2025-12-21 06:00:00,52,2025-12-21 08:30:00,2025-12-21 08:40:00,53.29508505176686,14.246248426715415,5491.994385119241,1200.0,1178.5748682264984,449.83673968881857,438.39877916666666,1.061,10
2025-12-21,6,2025-12-21 06:00:00,53,2025-12-21 08:40:00,2025-12-21 08:50:00,0.0,0.0,4676.873417134428,1200.0,1189.9291655120248,500.42228135548527,488.98432083333336,1.043,10
2025-12-21,6,2025-12-21 06:00:00,54,2025-12-21 08:50:00,2025-12-21 09:00:00,0.0,0.0,3875.543867832922,1200.0,1192.523964459205,551.0078230221519,539.5698625,1.036,10
2025-12-21,6,2025-12-21 06:00:00,55,2025-12-21 09:00:00,2025-12-21 09:10:00,0.0,0.0,3082.302930246312,1200.0,1184.6464253470372,598.4102785777075,586.9723180555555,1.0147,10
2025-12-21,6,2025-12-21 06:00:00,56,2025-12-21 09:10:00,2025-12-21 09:20:00,89.50044870577406,58.64577090099005,2454.4794666405924,1200.0,1192.015991263363,642.629648022152,631.1916875000001,0.9922,10
2025-12-21,6,2025-12-21 06:00:00,57,2025-12-21 09:20:00,2025-12-21 09:30:00,571.7745961503347,496.49378189339495,2614.2855380550996,1200.0,1204.197783010264,686.8490174665963,675.4110569444443,0.97,10
2025-12-21,6,2025-12-21 06:00:00,58,2025-12-21 09:30:00,2025-12-21 09:40:00,582.1079137649381,525.2990636199025,2741.4714122244845,1200.0,1184.6880121342203,731.0683869110406,719.6304263888887,0.9422,10
2025-12-21,6,2025-12-21 06:00:00,59,2025-12-21 09:40:00,2025-12-21 09:50:00,469.8609684384284,390.7417919510955,2568.5645714885145,1200.0,1163.5157114312397,775.2877563554852,763.8497958333332,0.9569,10
2025-12-21,6,2025-12-21 06:00:00,60,2025-12-21 09:50:00,2025-12-21 10:00:00,0.0,0.0,1931.1273859443054,1200.0,1162.452055992799,819.5071257999297,808.0691652777778,0.9977,10
2025-12-21,6,2025-12-21 06:00:00,61,2025-12-21 10:00:00,2025-12-21 10:10:00,0.0069216519816467995,1.234552121247766e-07,1382.0888678409208,1200.0,1175.3260588255193,844.3018549665962,832.8638944444443,0.9919,10
2025-12-21,6,2025-12-21 06:00:00,62,2025-12-21 10:10:00,2025-12-21 10:20:00,404.63800752990835,355.59964012982596,1478.8482848925507,1200.0001042322863,1185.6150086161479,849.6719438554851,838.2339833333332,0.9588,10
2025-12-21,6,2025-12-21 06:00:00,63,2025-12-21 10:20:00,2025-12-21 10:30:00,430.7072126599774,398.4951666206033,1239.8895484238321,1200.0003494492835,1173.6482595447392,855.0420327443742,843.6040722222223,0.9549,10
2025-12-21,6,2025-12-21 06:00:00,64,2025-12-21 10:30:00,2025-12-21 10:40:00,12.00320963907866,11.285503026968176,1200.0,1200.0,1138.854356318649,860.412121633263,848.9741611111111,0.9839,10
2025-12-21,6,2025-12-21 06:00:00,65,2025-12-21 10:40:00,2025-12-21 10:50:00,367.4535320940453,312.5712300428556,1200.0,1200.0,1155.0337124442049,865.782210522152,854.3442500000001,0.799,10
2025-12-21,6,2025-12-21 06:00:00,66,2025-12-21 10:50:00,2025-12-21 11:00:00,1194.0136711872303,1192.1950889750706,1950.0,1200.0,1192.2107157002679,871.1522994110409,859.714338888889,0.5025,10
2025-12-21,6,2025-12-21 06:00:00,67,2025-12-21 11:00:00,2025-12-21 11:10:00,1175.7759354044715,1158.7703226719752,2700.0,1200.0,1146.0126031036025,891.0960355221519,879.6580749999999,0.4662,10
2025-12-21,6,2025-12-21 06:00:00,68,2025-12-21 11:10:00,2025-12-21 11:20:00,1084.8478246836944,1071.5540295757412,3450.0,1200.0,1100.490472150075,925.6134188554854,914.1754583333335,0.5007,10
2025-12-21,6,2025-12-21 06:00:00,69,2025-12-21 11:20:00,2025-12-21 11:30:00,1112.642545588248,1047.9696499662823,4200.0,1200.0,1108.5093855243417,960.1308021888185,948.6928416666666,0.4827,10
2025-12-21,6,2025-12-21 06:00:00,70,2025-12-21 11:30:00,2025-12-21 11:40:00,1072.9837016945514,1020.484555687826,4950.0,1200.0,1137.12745034968,994.6481855221521,983.2102250000002,0.4785,10
2025-12-21,6,2025-12-21 06:00:00,71,2025-12-21 11:40:00,2025-12-21 11:50:00,1078.7523578579123,986.1985788155188,5700.0,1200.0,1131.226830118026,1029.1655688554852,1017.7276083333333,0.4662,10
2025-12-21,6,2025-12-21 06:00:00,72,2025-12-21 11:50:00,2025-12-21 12:00:00,1050.2099473222254,947.663396797437,6450.0,1200.0,1087.9936328066394,1063.6829521888185,1052.2449916666667,0.4432,10
2025-12-21,6,2025-12-21 06:00:00,73,2025-12-21 12:00:00,2025-12-21 12:10:00,1022.9983933439127,920.2772996210634,7200.0,1200.0,1056.2902790553565,1070.9580480221518,1059.5200875,0.4411,10
2025-12-21,6,2025-12-21 06:00:00,74,2025-12-21 12:10:00,2025-12-21 12:20:00,1003.7998899673579,921.1684400571462,7950.0,1200.0,1061.4225869236764,1050.9908563554852,1039.5528958333334,0.4551,10
2025-12-21,6,2025-12-21 06:00:00,75,2025-12-21 12:20:00,2025-12-21 12:30:00,1015.6695084895445,968.7394300239533,8700.0,1200.0,1068.2461487840362,1031.0236646888186,1019.5857041666667,0.4463,10
2025-12-21,6,2025-12-21 06:00:00,76,2025-12-21 12:30:00,2025-12-21 12:40:00,996.0955626447438,952.8455697203296,9450.0,1200.0,1027.5774128117973,1011.056473022152,999.6185125000001,0.4113,10
2025-12-21,6,2025-12-21 06:00:00,77,2025-12-21 12:40:00,2025-12-21 12:50:00,195.61869639119143,195.57200314590966,10202.336454462751,1200.0,1043.2987757088874,991.0892813554851,979.6513208333332,0.5682,10
2025-12-21,6,2025-12-21 06:00:00,78,2025-12-21 12:50:00,2025-12-21 13:00:00,231.26874092455844,231.2748088386096,10095.075568979739,1200.0,1109.8672013053833,971.1220896888185,959.6841291666666,0.8279,10
2025-12-21,6,2025-12-21 06:00:00,79,2025-12-21 13:00:00,2025-12-21 13:10:00,225.50072324599893,225.49245287197382,9829.228161003197,1200.0,1113.6455483975542,951.9401410777075,940.5021805555556,0.8636,10
2025-12-21,6,2025-12-21 06:00:00,80,2025-12-21 13:10:00,2025-12-21 13:20:00,273.04368791279524,273.04025392710986,10203.460601736306,1200.0,1099.2461130531358,933.5434355221519,922.105475,0.8416,10
2025-12-21,6,2025-12-21 06:00:00,81,2025-12-21 13:20:00,2025-12-21 13:30:00,288.96158422999576,288.7022982420752,10274.177904041091,1200.0,1095.307000964523,915.1467299665964,903.7087694444444,0.8618,10
2025-12-21,6,2025-12-21 06:00:00,82,2025-12-21 13:30:00,2025-12-21 13:40:00,289.13345192754105,289.0607105878301,10281.61872529373,1200.0,1080.808789514196,896.7500244110408,885.3120638888889,0.8623,10
2025-12-21,6,2025-12-21 06:00:00,83,2025-12-21 13:40:00,2025-12-21 13:50:00,290.65438759468657,290.6447185629564,10254.440149431692,1200.0,1064.507008898196,878.3533188554852,866.9153583333333,0.9026,10
2025-12-21,6,2025-12-21 06:00:00,84,2025-12-21 13:50:00,2025-12-21 14:00:00,229.4394537832713,229.43961746687756,9548.422409756771,1200.0,1057.333953656472,859.9566132999297,848.5186527777778,0.9754,10
2025-12-21,6,2025-12-21 06:00:00,85,2025-12-21 14:00:00,2025-12-21 14:10:00,0.0,0.0,8397.8983134772,1200.0,1064.054828503539,822.2441202443741,810.8061597222222,1.0002,10
2025-12-21,6,2025-12-21 06:00:00,86,2025-12-21 14:10:00,2025-12-21 14:20:00,0.0,0.0,8131.6577512595895,1200.0,1086.968172590273,765.2158396888185,753.7778791666666,0.9978,10
2025-12-21,6,2025-12-21 06:00:00,87,2025-12-21 14:20:00,2025-12-21 14:30:00,0.0,0.0,7729.470153504689,1200.0,1096.43722634587,708.187559133263,696.7495986111111,1.0271,10
2025-12-21,6,2025-12-21 06:00:00,88,2025-12-21 14:30:00,2025-12-21 14:40:00,0.0,0.0,7007.253468128205,1200.0,1059.2718030333338,651.1592785777075,639.7213180555556,1.0906,10
2025-12-21,6,2025-12-21 06:00:00,89,2025-12-21 14:40:00,2025-12-21 14:50:00,0.0,0.0,7070.909161366843,1200.0,1049.554121700158,594.130998022152,582.6930375000001,0.9376,10
2025-12-21,6,2025-12-21 06:00:00,90,2025-12-21 14:50:00,2025-12-21 15:00:00,1411.8685304667438,1411.8685449620946,8352.583465282178,1200.0,1076.4578330292347,537.1027174665963,525.6647569444444,0.6694,10
2025-12-21,6,2025-12-21 06:00:00,91,2025-12-21 15:00:00,2025-12-21 15:10:00,1436.9251887708347,1436.9248383431445,9102.583465282178,1200.0,1074.2519245033177,486.2813480221519,474.8433875,0.66,10
2025-12-21,6,2025-12-21 06:00:00,92,2025-12-21 15:10:00,2025-12-21 15:20:00,1421.7132112707332,1421.7132167786676,9852.583465282178,1200.0,1046.663132084464,441.66688968881857,430.22892916666666,0.7217,10
2025-12-21,6,2025-12-21 06:00:00,93,2025-12-21 15:20:00,2025-12-21 15:30:00,1360.753428323709,1360.753258071531,10602.583465282178,1200.0,1033.7606743497388,397.0524313554852,385.6144708333333,0.7308,10
2025-12-21,6,2025-12-21 06:00:00,94,2025-12-21 15:30:00,2025-12-21 15:40:00,775.3936577919947,775.3937329787201,10248.79786594736,1200.0,1065.9851809901206,352.4379730221519,341.00001249999997,0.7534,10
2025-12-21,6,2025-12-21 06:00:00,95,2025-12-21 15:40:00,2025-12-21 15:50:00,847.663919484082,847.6634163558856,10390.20040167641,1200.0,1067.3267718706088,307.8235146888186,296.3855541666667,0.7823,10
2025-12-21,6,2025-12-21 06:00:00,96,2025-12-21 15:50:00,2025-12-21 16:00:00,802.5344568784791,802.5344357438045,10055.026393773613,1200.0,1024.3561431720552,263.20905635548525,251.77109583333336,0.8055,10
2025-12-21,6,2025-12-21 06:00:00,97,2025-12-21 16:00:00,2025-12-21 16:10:00,853.355528845019,853.354947655105,10629.886405778974,1200.0,998.7866189926806,221.7798382999297,210.3418777777778,0.8271,10
2025-12-21,6,2025-12-21 06:00:00,98,2025-12-21 16:10:00,2025-12-21 16:20:00,906.2414737771729,906.2420819500225,10628.456952966695,1200.0,995.7224151095816,183.5358605221519,172.09789999999998,0.8519,10
2025-12-21,6,2025-12-21 06:00:00,99,2025-12-21 16:20:00,2025-12-21 16:30:00,947.716041092118,947.7157294461049,10404.25878572578,1200.0,1013.8427563638874,145.29188274437413,133.85392222222222,0.8791,10
2025-12-21,6,2025-12-21 06:00:00,100,2025-12-21 16:30:00,2025-12-21 16:40:00,904.4107077292653,904.4109186539596,9868.279921851055,1200.0,1045.30352581104,107.04790496659635,95.60994444444445,0.9024,10
2025-12-21,6,2025-12-21 06:00:00,101,2025-12-21 16:40:00,2025-12-21 16:50:00,1049.0727898656035,1049.072365109595,10454.518028165978,1200.0,1025.9151453877364,68.80392718881856,57.36596666666666,0.9163,10
2025-12-21,6,2025-12-21 06:00:00,102,2025-12-21 16:50:00,2025-12-21 17:00:00,1051.2619298353227,1051.2626886877902,10551.989429641786,1200.0,981.6489070397907,30.55994941104079,19.121988888888886,0.9264,10
2025-12-21,6,2025-12-21 06:00:00,103,2025-12-21 17:00:00,2025-12-21 17:10:00,1129.4716355196083,1129.314185320411,10711.316326705346,1200.0,1001.9352421431593,0.0,0.0,0.9462,10
2025-12-21,6,2025-12-21 06:00:00,104,2025-12-21 17:10:00,2025-12-21 17:20:00,1072.092335233963,1072.0921496253898,10365.012869794049,1200.0,1016.8557290902332,0.0,0.0,0.9742,10
2025-12-21,6,2025-12-21 06:00:00,105,2025-12-21 17:20:00,2025-12-21 17:30:00,1053.2829984709374,1053.2827096227156,10256.130630210773,1200.0,1010.7468835821171,0.0,0.0,0.9862,10
2025-12-21,6,2025-12-21 06:00:00,106,2025-12-21 17:30:00,2025-12-21 17:40:00,1142.9753291074971,1142.9735553063617,10492.976736272172,1200.0,1017.4894220272225,0.0,0.0,0.976,10
2025-12-21,6,2025-12-21 06:00:00,107,2025-12-21 17:40:00,2025-12-21 17:50:00,944.3274081120359,944.3274407024448,10012.796985695126,1200.0,899.324721164282,0.0,0.0,1.0742,10
2025-12-21,6,2025-12-21 06:00:00,108,2025-12-21 17:50:00,2025-12-21 18:00:00,690.9469124084691,690.9465546532235,9722.557291613923,1200.0,727.9401835593786,0.0,0.0,1.2313,10
2025-12-21,6,2025-12-21 06:00:00,109,2025-12-21 18:00:00,2025-12-21 18:10:00,683.0334504991725,683.0331314031597,9821.797041996808,1200.0,730.7546719740922,0.0,0.0,1.2561,10
2025-12-21,6,2025-12-21 06:00:00,110,2025-12-21 18:10:00,2025-12-21 18:20:00,793.485665511688,793.4856398603234,10391.607795950218,1200.0,752.3166839839009,0.0,0.0,1.2447,10
2025-12-21,6,2025-12-21 06:00:00,111,2025-12-21 18:20:00,2025-12-21 18:30:00,694.6649517468649,694.6653011186278,9522.070679617304,1200.0,716.4278862488143,0.0,0.0,1.2545,10
2025-12-21,6,2025-12-21 06:00:00,112,2025-12-21 18:30:00,2025-12-21 18:40:00,683.2974291650552,683.2967422848423,9680.982035302603,1200.0,704.222053435437,0.0,0.0,1.2522,10
2025-12-21,6,2025-12-21 06:00:00,113,2025-12-21 18:40:00,2025-12-21 18:50:00,676.9419232725108,676.942065959892,9483.73273508589,1200.0,715.3086913219316,0.0,0.0,1.2881,10
2025-12-21,6,2025-12-21 06:00:00,114,2025-12-21 18:50:00,2025-12-21 19:00:00,430.0080806419225,430.0082498819293,9027.62759834261,1200.0,730.8190025049934,0.0,0.0,1.3466,10
2025-12-21,6,2025-12-21 06:00:00,115,2025-12-21 19:00:00,2025-12-21 19:10:00,0.5117047770474153,0.5114073626470078,8309.926854900945,1200.0,739.8125345515886,0.0,0.0,1.3523,10
2025-12-21,6,2025-12-21 06:00:00,116,2025-12-21 19:10:00,2025-12-21 19:20:00,48.183065844427766,48.18295509444476,7727.5983427206165,1200.0,746.976401077864,0.0,0.0,1.3445,10
2025-12-21,6,2025-12-21 06:00:00,117,2025-12-21 19:20:00,2025-12-21 19:30:00,0.9239477408010577,0.9231249767532637,6837.902340405982,1200.0,745.8045429548841,0.0,0.0,1.3483,10
2025-12-21,6,2025-12-21 06:00:00,118,2025-12-21 19:30:00,2025-12-21 19:40:00,0.20767587345587013,0.20762153177690376,6011.827989633968,1200.0,726.2933664987712,0.0,0.0,1.349,10
2025-12-21,6,2025-12-21 06:00:00,119,2025-12-21 19:40:00,2025-12-21 19:50:00,1.5990461169953432,1.5991499672457248,5207.573312747705,1200.0,723.0748244177994,0.0,0.0,1.3473,10
2025-12-21,6,2025-12-21 06:00:00,120,2025-12-21 19:50:00,2025-12-21 20:00:00,0.41595111661382206,0.4159810282509412,4329.809854864193,1200.0,745.5924399664601,0.0,0.0,1.3482,10
2025-12-21,6,2025-12-21 06:00:00,121,2025-12-21 20:00:00,2025-12-21 20:10:00,0.438859466871047,0.4388212873549054,3421.4056491290557,1200.0,765.0478378509772,0.0,0.0,1.3513,10
2025-12-21,6,2025-12-21 06:00:00,122,2025-12-21 20:10:00,2025-12-21 20:20:00,44.847131942120015,44.84673650409911,2675.668159176602,1200.011485226987,748.0482424446537,0.0,0.0,1.34,10
2025-12-21,6,2025-12-21 06:00:00,123,2025-12-21 20:20:00,2025-12-21 20:30:00,0.539138743580152,0.5391715466029029,1987.3220681928892,1200.0114816059913,713.2723845141114,0.0,0.0,1.3489,10
2025-12-21,6,2025-12-21 06:00:00,124,2025-12-21 20:30:00,2025-12-21 20:40:00,0.0,0.0,1200.0,1200.0,713.6809589512576,0.0,0.0,1.3952,10
2025-12-21,6,2025-12-21 06:00:00,125,2025-12-21 20:40:00,2025-12-21 20:50:00,699.9555163083878,699.9551681880035,1200.0,1200.0,728.8124776520657,0.0,0.0,1.2226,10
2025-12-21,6,2025-12-21 06:00:00,126,2025-12-21 20:50:00,2025-12-21 21:00:00,748.291498643484,748.2909068987559,1200.2829239131695,1200.0,735.7660811128901,0.0,0.0,0.9332,10
2025-12-21,6,2025-12-21 06:00:00,127,2025-12-21 21:00:00,2025-12-21 21:10:00,752.3901572805818,752.3903418394685,1295.2860716468801,1200.0036491871124,731.7876682002219,0.0,0.0,0.9068,10
2025-12-21,6,2025-12-21 06:00:00,128,2025-12-21 21:10:00,2025-12-21 21:20:00,750.0780272787275,750.0783142687185,1239.3118353132138,1200.0,728.6094267039766,0.0,0.0,0.9371,10
2025-12-21,6,2025-12-21 06:00:00,129,2025-12-21 21:20:00,2025-12-21 21:30:00,746.1146866787757,746.1146367769635,1207.6157999902484,1200.0117422724404,738.8041753819107,0.0,0.0,0.9371,10
2025-12-21,6,2025-12-21 06:00:00,130,2025-12-21 21:30:00,2025-12-21 21:40:00,745.1565796389373,745.1566731846902,1200.0,1200.0,753.4407920645351,0.0,0.0,0.9871,10
2025-12-21,6,2025-12-21 06:00:00,131,2025-12-21 21:40:00,2025-12-21 21:50:00,692.5800297233525,692.5801047944736,1200.0,1200.0,693.7341636581708,0.0,0.0,0.7764,10
2025-12-21,6,2025-12-21 06:00:00,132,2025-12-21 21:50:00,2025-12-21 22:00:00,649.6924822076539,649.6924820903981,1200.0,1200.0,594.5814537190272,0.0,0.0,0.4209,10
2025-12-21,6,2025-12-21 06:00:00,133,2025-12-21 22:00:00,2025-12-21 22:10:00,1049.8886722722837,1049.8895271183505,1203.4242924321916,1200.0,577.9005120078128,0.0,0.0,0.3859,10
2025-12-21,6,2025-12-21 06:00:00,134,2025-12-21 22:10:00,2025-12-21 22:20:00,583.378222882026,583.3783642842556,1200.0,1200.0,591.4139704294245,0.0,0.0,0.4368,10
2025-12-21,6,2025-12-21 06:00:00,135,2025-12-21 22:20:00,2025-12-21 22:30:00,598.7791193456407,598.7794723285064,1201.5781454838052,1200.0,587.7038422156498,0.0,0.0,0.4198,10
2025-12-21,6,2025-12-21 06:00:00,136,2025-12-21 22:30:00,2025-12-21 22:40:00,588.9252494799077,588.9252663802571,1209.122645329013,1200.0,573.58817932402,0.0,0.0,0.4186,10
2025-12-21,6,2025-12-21 06:00:00,137,2025-12-21 22:40:00,2025-12-21 22:50:00,584.2953816327124,584.2921937689898,1203.179205043548,1200.0,572.3825468863686,0.0,0.0,0.4241,10
2025-12-21,6,2025-12-21 06:00:00,138,2025-12-21 22:50:00,2025-12-21 23:00:00,598.1117207713473,598.1114721979734,1205.4420640707917,1200.0001192237673,587.0811712606018,0.0,0.0,0.4237,10
2025-12-21,6,2025-12-21 06:00:00,139,2025-12-21 23:00:00,2025-12-21 23:10:00,608.9528503116277,608.9510073391572,1202.3896472983772,1200.0000738187566,600.0254766775632,0.0,0.0,0.4248,10
2025-12-21,6,2025-12-21 06:00:00,140,2025-12-21 23:10:00,2025-12-21 23:20:00,619.8317845200246,619.8316943817363,1202.3793141610952,1200.000076072433,606.3067706551496,0.0,0.0,0.424,10
2025-12-21,6,2025-12-21 06:00:00,141,2025-12-21 23:20:00,2025-12-21 23:30:00,608.3761343605156,608.3762163450505,1202.571178765657,1200.0000735955214,599.2220955659535,0.0,0.0,0.422,10
2025-12-21,6,2025-12-21 06:00:00,142,2025-12-21 23:30:00,2025-12-21 23:40:00,587.3577624403956,587.3574735643859,1203.1736904193667,1200.0000754547916,580.7525938188251,0.0,0.0,0.424,10
2025-12-21,6,2025-12-21 06:00:00,143,2025-12-21 23:40:00,2025-12-21 23:50:00,611.5429440761698,611.5425190168257,1202.3342431900558,1200.0000755943208,604.435740954466,0.0,0.0,0.4271,10
2025-12-21,6,2025-12-21 06:00:00,144,2025-12-21 23:50:00,2025-12-22 00:00:00,651.6267738584414,651.626846523437,1200.0,1200.0,642.1781433018607,0.0,0.0,0.4276,10
2025-12-21,12,2025-12-21 12:00:00,73,2025-12-21 12:00:00,2025-12-21 12:10:00,1022.9983933439127,835.9136441800273,7200.0,1200.0,1056.2902790553565,1043.120620604782,1054.3421541666667,0.4411,10
2025-12-21,12,2025-12-21 12:00:00,74,2025-12-21 12:10:00,2025-12-21 12:20:00,1003.7998899673579,871.0621428327311,7950.0,1200.0,1061.4225869236764,1012.7975622714486,1024.0190958333333,0.4551,10
2025-12-21,12,2025-12-21 12:00:00,75,2025-12-21 12:20:00,2025-12-21 12:30:00,1015.6695084895445,916.3250180462908,8700.0,1200.0,1068.2461487840362,982.4745039381153,993.6960375,0.4463,10
2025-12-21,12,2025-12-21 12:00:00,76,2025-12-21 12:30:00,2025-12-21 12:40:00,996.0955626447438,927.389257311943,9450.0,1200.0,1027.5774128117973,952.1514456047819,963.3729791666666,0.4113,10
2025-12-21,12,2025-12-21 12:00:00,77,2025-12-21 12:40:00,2025-12-21 12:50:00,195.61869639119143,186.6446004590181,10202.336454462751,1200.0,1043.2987757088874,921.8283872714487,933.0499208333334,0.5682,10
2025-12-21,12,2025-12-21 12:00:00,78,2025-12-21 12:50:00,2025-12-21 13:00:00,231.26874092455844,204.08357560960607,10095.075568979739,1200.0,1109.8672013053833,891.5053289381153,902.7268625,0.8279,10
2025-12-21,12,2025-12-21 12:00:00,79,2025-12-21 13:00:00,2025-12-21 13:10:00,225.50072324599893,223.70199594137296,9829.228161003197,1200.0,1113.6455483975542,867.988619215893,879.2101527777777,0.8636,10
2025-12-21,12,2025-12-21 12:00:00,80,2025-12-21 13:10:00,2025-12-21 13:20:00,273.04368791279524,255.25126866981086,10203.460601736306,1200.0,1099.2461130531358,851.278258104782,862.4997916666667,0.8416,10
2025-12-21,12,2025-12-21 12:00:00,81,2025-12-21 13:20:00,2025-12-21 13:30:00,288.96158422999576,283.899687463018,10274.177904041091,1200.0,1095.307000964523,834.5678969936708,845.7894305555556,0.8618,10
2025-12-21,12,2025-12-21 12:00:00,82,2025-12-21 13:30:00,2025-12-21 13:40:00,289.13345192754105,275.8966784585235,10281.61872529373,1200.0,1080.808789514196,817.8575358825597,829.0790694444444,0.8623,10
2025-12-21,12,2025-12-21 12:00:00,83,2025-12-21 13:40:00,2025-12-21 13:50:00,290.65438759468657,277.91983011467875,10254.440149431692,1200.0,1064.507008898196,801.1471747714487,812.3687083333334,0.9026,10
2025-12-21,12,2025-12-21 12:00:00,84,2025-12-21 13:50:00,2025-12-21 14:00:00,229.4394537832713,225.86262121046866,9548.422409756771,1200.0,1057.333953656472,784.4368136603375,795.6583472222222,0.9754,10
2025-12-21,12,2025-12-21 12:00:00,85,2025-12-21 14:00:00,2025-12-21 14:10:00,0.0,0.0,8397.8983134772,1200.0,1064.054828503539,750.0288622714486,761.2503958333333,1.0002,10
2025-12-21,12,2025-12-21 12:00:00,86,2025-12-21 14:10:00,2025-12-21 14:20:00,0.0,0.0,8131.6577512595895,1200.0,1086.968172590273,697.923320604782,709.1448541666667,0.9978,10
2025-12-21,12,2025-12-21 12:00:00,87,2025-12-21 14:20:00,2025-12-21 14:30:00,0.0,0.0,7729.470153504689,1200.0,1096.43722634587,645.8177789381152,657.0393124999999,1.0271,10
2025-12-21,12,2025-12-21 12:00:00,88,2025-12-21 14:30:00,2025-12-21 14:40:00,0.0,0.0,7007.253468128205,1200.0,1059.2718030333338,593.7122372714487,604.9337708333334,1.0906,10
2025-12-21,12,2025-12-21 12:00:00,89,2025-12-21 14:40:00,2025-12-21 14:50:00,0.0,0.0,7070.909161366843,1200.0,1049.554121700158,541.606695604782,552.8282291666667,0.9376,10
2025-12-21,12,2025-12-21 12:00:00,90,2025-12-21 14:50:00,2025-12-21 15:00:00,1411.8685304667438,1396.8225521330307,8352.583465282178,1200.0,1076.4578330292347,489.5011539381153,500.72268749999995,0.6694,10
2025-12-21,12,2025-12-21 12:00:00,91,2025-12-21 15:00:00,2025-12-21 15:10:00,1436.9251887708347,1426.8693012162598,9102.583465282178,1200.0,1074.2519245033177,442.6426803270042,453.86421388888886,0.66,10
2025-12-21,12,2025-12-21 12:00:00,92,2025-12-21 15:10:00,2025-12-21 15:20:00,1421.7132112707332,1412.345410172474,9852.583465282178,1200.0,1046.663132084464,401.0312747714487,412.25280833333335,0.7217,10
2025-12-21,12,2025-12-21 12:00:00,93,2025-12-21 15:20:00,2025-12-21 15:30:00,1360.753428323709,1349.5405870190893,10602.583465282178,1200.0,1033.7606743497388,359.41986921589313,370.6414027777778,0.7308,10
2025-12-21,12,2025-12-21 12:00:00,94,2025-12-21 15:30:00,2025-12-21 15:40:00,775.3936577919947,744.5610110732906,10248.79786594736,1200.0,1065.9851809901206,317.80846366033757,329.0299972222222,0.7534,10
2025-12-21,12,2025-12-21 12:00:00,95,2025-12-21 15:40:00,2025-12-21 15:50:00,847.663919484082,847.6594712750733,10390.20040167641,1200.0,1067.3267718706088,276.19705810478206,287.4185916666667,0.7823,10
2025-12-21,12,2025-12-21 12:00:00,96,2025-12-21 15:50:00,2025-12-21 16:00:00,802.5344568784791,800.4660270990265,10055.026393773613,1200.0,1024.3561431720552,234.58565254922647,245.80718611111112,0.8055,10
2025-12-21,12,2025-12-21 12:00:00,97,2025-12-21 16:00:00,2025-12-21 16:10:00,853.355528845019,853.346853700891,10629.886405778974,1200.0,998.7866189926806,195.02982616033756,206.25135972222222,0.8271,10
2025-12-21,12,2025-12-21 12:00:00,98,2025-12-21 16:10:00,2025-12-21 16:20:00,906.2414737771729,902.3232120004446,10628.456952966695,1200.0,995.7224151095816,157.52957893811535,168.7511125,0.8519,10
2025-12-21,12,2025-12-21 12:00:00,99,2025-12-21 16:20:00,2025-12-21 16:30:00,947.716041092118,947.7096496315881,10404.25878572578,1200.0,1013.8427563638874,120.0293317158931,131.25086527777776,0.8791,10
2025-12-21,12,2025-12-21 12:00:00,100,2025-12-21 16:30:00,2025-12-21 16:40:00,904.4107077292653,904.4108417965443,9868.279921851055,1200.0,1045.30352581104,82.52908449367088,93.75061805555555,0.9024,10
2025-12-21,12,2025-12-21 12:00:00,101,2025-12-21 16:40:00,2025-12-21 16:50:00,1049.0727898656035,1048.9460914342774,10454.518028165978,1200.0,1025.9151453877364,45.02883727144866,56.25037083333333,0.9163,10
2025-12-21,12,2025-12-21 12:00:00,102,2025-12-21 16:50:00,2025-12-21 17:00:00,1051.2619298353227,1051.25843212234,10551.989429641786,1200.0,981.6489070397907,7.528590049226439,18.750123611111107,0.9264,10
2025-12-21,12,2025-12-21 12:00:00,103,2025-12-21 17:00:00,2025-12-21 17:10:00,1129.4716355196083,1127.3900011106484,10711.316326705346,1200.0,1001.9352421431593,0.0,0.0,0.9462,10
2025-12-21,12,2025-12-21 12:00:00,104,2025-12-21 17:10:00,2025-12-21 17:20:00,1072.092335233963,1072.0919485238899,10365.012869794049,1200.0,1016.8557290902332,0.0,0.0,0.9742,10
2025-12-21,12,2025-12-21 12:00:00,105,2025-12-21 17:20:00,2025-12-21 17:30:00,1053.2829984709374,1053.2828109119005,10256.130630210773,1200.0,1010.7468835821171,0.0,0.0,0.9862,10
2025-12-21,12,2025-12-21 12:00:00,106,2025-12-21 17:30:00,2025-12-21 17:40:00,1142.9753291074971,1140.64789408422,10492.976736272172,1200.0,1017.4894220272225,0.0,0.0,0.976,10
2025-12-21,12,2025-12-21 12:00:00,107,2025-12-21 17:40:00,2025-12-21 17:50:00,944.3274081120359,944.3206129709447,10012.796985695126,1200.0,899.324721164282,0.0,0.0,1.0742,10
2025-12-21,12,2025-12-21 12:00:00,108,2025-12-21 17:50:00,2025-12-21 18:00:00,690.9469124084691,690.9468400394882,9722.557291613923,1200.0,727.9401835593786,0.0,0.0,1.2313,10
2025-12-21,12,2025-12-21 12:00:00,109,2025-12-21 18:00:00,2025-12-21 18:10:00,683.0334504991725,683.0330208167534,9821.797041996808,1200.0,730.7546719740922,0.0,0.0,1.2561,10
2025-12-21,12,2025-12-21 12:00:00,110,2025-12-21 18:10:00,2025-12-21 18:20:00,793.485665511688,793.4852458053768,10391.607795950218,1200.0,752.3166839839009,0.0,0.0,1.2447,10
2025-12-21,12,2025-12-21 12:00:00,111,2025-12-21 18:20:00,2025-12-21 18:30:00,694.6649517468649,694.6638628892977,9522.070679617304,1200.0,716.4278862488143,0.0,0.0,1.2545,10
2025-12-21,12,2025-12-21 12:00:00,112,2025-12-21 18:30:00,2025-12-21 18:40:00,683.2974291650552,683.297263446722,9680.982035302603,1200.0,704.222053435437,0.0,0.0,1.2522,10
2025-12-21,12,2025-12-21 12:00:00,113,2025-12-21 18:40:00,2025-12-21 18:50:00,676.9419232725108,676.9417861594372,9483.73273508589,1200.0,715.3086913219316,0.0,0.0,1.2881,10
2025-12-21,12,2025-12-21 12:00:00,114,2025-12-21 18:50:00,2025-12-21 19:00:00,430.0080806419225,430.0079588166816,9027.62759834261,1200.0,730.8190025049934,0.0,0.0,1.3466,10
2025-12-21,12,2025-12-21 12:00:00,115,2025-12-21 19:00:00,2025-12-21 19:10:00,0.5117047770474153,0.5116781989719107,8309.926854900945,1200.0,739.8125345515886,0.0,0.0,1.3523,10
2025-12-21,12,2025-12-21 12:00:00,116,2025-12-21 19:10:00,2025-12-21 19:20:00,48.183065844427766,48.18288493439964,7727.5983427206165,1200.0,746.976401077864,0.0,0.0,1.3445,10
2025-12-21,12,2025-12-21 12:00:00,117,2025-12-21 19:20:00,2025-12-21 19:30:00,0.9239477408010577,0.9239319949822329,6837.902340405982,1200.0,745.8045429548841,0.0,0.0,1.3483,10
2025-12-21,12,2025-12-21 12:00:00,118,2025-12-21 19:30:00,2025-12-21 19:40:00,0.20767587345587013,0.20729594268768647,6011.827989633968,1200.0,726.2933664987712,0.0,0.0,1.349,10
2025-12-21,12,2025-12-21 12:00:00,119,2025-12-21 19:40:00,2025-12-21 19:50:00,1.5990461169953432,1.5988799797652091,5207.573312747705,1200.0,723.0748244177994,0.0,0.0,1.3473,10
2025-12-21,12,2025-12-21 12:00:00,120,2025-12-21 19:50:00,2025-12-21 20:00:00,0.41595111661382206,0.4160120814732455,4329.809854864193,1200.0,745.5924399664601,0.0,0.0,1.3482,10
2025-12-21,12,2025-12-21 12:00:00,121,2025-12-21 20:00:00,2025-12-21 20:10:00,0.438859466871047,0.43860935755203695,3421.4056491290557,1200.0,765.0478378509772,0.0,0.0,1.3513,10
2025-12-21,12,2025-12-21 12:00:00,122,2025-12-21 20:10:00,2025-12-21 20:20:00,44.847131942120015,44.84704779658576,2675.668159176602,1200.0,748.0482424446537,0.0,0.0,1.34,10
2025-12-21,12,2025-12-21 12:00:00,123,2025-12-21 20:20:00,2025-12-21 20:30:00,0.539138743580152,0.5392434748847761,1987.3220681928892,1200.0,713.2723845141114,0.0,0.0,1.3489,10
2025-12-21,12,2025-12-21 12:00:00,124,2025-12-21 20:30:00,2025-12-21 20:40:00,0.0,0.0,1200.0,1200.0,713.6809589512576,0.0,0.0,1.3952,10
2025-12-21,12,2025-12-21 12:00:00,125,2025-12-21 20:40:00,2025-12-21 20:50:00,699.9555163083878,699.9553810032577,1200.0,1200.0,728.8124776520657,0.0,0.0,1.2226,10
2025-12-21,12,2025-12-21 12:00:00,126,2025-12-21 20:50:00,2025-12-21 21:00:00,748.291498643484,748.2916529968221,1200.2829239131695,1200.0,735.7660811128901,0.0,0.0,0.9332,10
2025-12-21,12,2025-12-21 12:00:00,127,2025-12-21 21:00:00,2025-12-21 21:10:00,752.3901572805818,752.3898739802769,1295.2860716468801,1200.0027034417565,731.7876682002219,0.0,0.0,0.9068,10
2025-12-21,12,2025-12-21 12:00:00,128,2025-12-21 21:10:00,2025-12-21 21:20:00,750.0780272787275,750.077617204464,1239.3118353132138,1200.0375314196565,728.6094267039766,0.0,0.0,0.9371,10
2025-12-21,12,2025-12-21 12:00:00,129,2025-12-21 21:20:00,2025-12-21 21:30:00,746.1146866787757,746.1145428754099,1207.6157999902484,1200.0737903084287,738.8041753819107,0.0,0.0,0.9371,10
2025-12-21,12,2025-12-21 12:00:00,130,2025-12-21 21:30:00,2025-12-21 21:40:00,745.1565796389373,745.1566372212151,1200.0,1200.0,753.4407920645351,0.0,0.0,0.9871,10
2025-12-21,12,2025-12-21 12:00:00,131,2025-12-21 21:40:00,2025-12-21 21:50:00,692.5800297233525,692.5798624561119,1200.0,1200.0,693.7341636581708,0.0,0.0,0.7764,10
2025-12-21,12,2025-12-21 12:00:00,132,2025-12-21 21:50:00,2025-12-21 22:00:00,649.6924822076539,649.6922615243758,1200.0,1200.0,594.5814537190272,0.0,0.0,0.4209,10
2025-12-21,12,2025-12-21 12:00:00,133,2025-12-21 22:00:00,2025-12-21 22:10:00,1049.8886722722837,1040.582354646523,1203.4242924321916,1200.0,577.9005120078128,0.0,0.0,0.3859,10
2025-12-21,12,2025-12-21 12:00:00,134,2025-12-21 22:10:00,2025-12-21 22:20:00,583.378222882026,583.3791943992011,1200.0,1200.0,591.4139704294245,0.0,0.0,0.4368,10
2025-12-21,12,2025-12-21 12:00:00,135,2025-12-21 22:20:00,2025-12-21 22:30:00,598.7791193456407,598.7424500042048,1201.5781454838052,1200.0,587.7038422156498,0.0,0.0,0.4198,10
2025-12-21,12,2025-12-21 12:00:00,136,2025-12-21 22:30:00,2025-12-21 22:40:00,588.9252494799077,588.9255509724663,1209.122645329013,1200.0,573.58817932402,0.0,0.0,0.4186,10
2025-12-21,12,2025-12-21 12:00:00,137,2025-12-21 22:40:00,2025-12-21 22:50:00,584.2953816327124,584.2948276316102,1203.179205043548,1200.0,572.3825468863686,0.0,0.0,0.4241,10
2025-12-21,12,2025-12-21 12:00:00,138,2025-12-21 22:50:00,2025-12-21 23:00:00,598.1117207713473,598.1117423923059,1205.4420640707917,1200.0008130871265,587.0811712606018,0.0,0.0,0.4237,10
2025-12-21,12,2025-12-21 12:00:00,139,2025-12-21 23:00:00,2025-12-21 23:10:00,608.9528503116277,608.953845573562,1202.3896472983772,1200.0004688012368,600.0254766775632,0.0,0.0,0.4248,10
2025-12-21,12,2025-12-21 12:00:00,140,2025-12-21 23:10:00,2025-12-21 23:20:00,619.8317845200246,619.8317064941049,1202.3793141610952,1200.0004716137332,606.3067706551496,0.0,0.0,0.424,10
2025-12-21,12,2025-12-21 12:00:00,141,2025-12-21 23:20:00,2025-12-21 23:30:00,608.3761343605156,608.376086648234,1202.571178765657,1200.0004698954522,599.2220955659535,0.0,0.0,0.422,10
2025-12-21,12,2025-12-21 12:00:00,142,2025-12-21 23:30:00,2025-12-21 23:40:00,587.3577624403956,587.3577671546284,1203.1736904193667,1200.0005607966357,580.7525938188251,0.0,0.0,0.424,10
2025-12-21,12,2025-12-21 12:00:00,143,2025-12-21 23:40:00,2025-12-21 23:50:00,611.5429440761698,611.5439831420541,1202.3342431900558,1200.0004681350601,604.435740954466,0.0,0.0,0.4271,10
2025-12-21,12,2025-12-21 12:00:00,144,2025-12-21 23:50:00,2025-12-22 00:00:00,651.6267738584414,651.6151370497103,1200.0,1200.0,642.1781433018607,0.0,0.0,0.4276,10
2025-12-21,18,2025-12-21 18:00:00,109,2025-12-21 18:00:00,2025-12-21 18:10:00,683.0334504991725,640.3569963235802,9821.797041996808,1200.0,730.7546719740922,0.0,0.0,1.2561,10
2025-12-21,18,2025-12-21 18:00:00,110,2025-12-21 18:10:00,2025-12-21 18:20:00,793.485665511688,716.7040110644218,10391.607795950218,1200.0,752.3166839839009,0.0,0.0,1.2447,10
2025-12-21,18,2025-12-21 18:00:00,111,2025-12-21 18:20:00,2025-12-21 18:30:00,694.6649517468649,659.5562341553134,9522.070679617304,1200.0,716.4278862488143,0.0,0.0,1.2545,10
2025-12-21,18,2025-12-21 18:00:00,112,2025-12-21 18:30:00,2025-12-21 18:40:00,683.2974291650552,656.2756727431145,9680.982035302603,1200.0,704.222053435437,0.0,0.0,1.2522,10
2025-12-21,18,2025-12-21 18:00:00,113,2025-12-21 18:40:00,2025-12-21 18:50:00,676.9419232725108,649.4349950165607,9483.73273508589,1200.0,715.3086913219316,0.0,0.0,1.2881,10
2025-12-21,18,2025-12-21 18:00:00,114,2025-12-21 18:50:00,2025-12-21 19:00:00,430.0080806419225,392.8581693564452,9027.62759834261,1200.0,730.8190025049934,0.0,0.0,1.3466,10
2025-12-21,18,2025-12-21 18:00:00,115,2025-12-21 19:00:00,2025-12-21 19:10:00,0.5117047770474153,0.2907015781997505,8309.926854900945,1200.0,739.8125345515886,0.0,0.0,1.3523,10
2025-12-21,18,2025-12-21 18:00:00,116,2025-12-21 19:10:00,2025-12-21 19:20:00,48.183065844427766,26.358350233660172,7727.5983427206165,1200.0,746.976401077864,0.0,0.0,1.3445,10
2025-12-21,18,2025-12-21 18:00:00,117,2025-12-21 19:20:00,2025-12-21 19:30:00,0.9239477408010577,0.6504772004789686,6837.902340405982,1200.0,745.8045429548841,0.0,0.0,1.3483,10
2025-12-21,18,2025-12-21 18:00:00,118,2025-12-21 19:30:00,2025-12-21 19:40:00,0.20767587345587013,0.06466750138489338,6011.827989633968,1200.0,726.2933664987712,0.0,0.0,1.349,10
2025-12-21,18,2025-12-21 18:00:00,119,2025-12-21 19:40:00,2025-12-21 19:50:00,1.5990461169953432,1.2505544847656163,5207.573312747705,1200.0,723.0748244177994,0.0,0.0,1.3473,10
2025-12-21,18,2025-12-21 18:00:00,120,2025-12-21 19:50:00,2025-12-21 20:00:00,0.41595111661382206,0.3144806770630351,4329.809854864193,1200.0,745.5924399664601,0.0,0.0,1.3482,10
2025-12-21,18,2025-12-21 18:00:00,121,2025-12-21 20:00:00,2025-12-21 20:10:00,0.438859466871047,0.3796894607180845,3421.4056491290557,1200.0,765.0478378509772,0.0,0.0,1.3513,10
2025-12-21,18,2025-12-21 18:00:00,122,2025-12-21 20:10:00,2025-12-21 20:20:00,44.847131942120015,31.478758499907645,2675.668159176602,1200.0,748.0482424446537,0.0,0.0,1.34,10
2025-12-21,18,2025-12-21 18:00:00,123,2025-12-21 20:20:00,2025-12-21 20:30:00,0.539138743580152,0.34567105891270317,1987.3220681928892,1200.0,713.2723845141114,0.0,0.0,1.3489,10
2025-12-21,18,2025-12-21 18:00:00,124,2025-12-21 20:30:00,2025-12-21 20:40:00,0.0,0.0,1200.0,1200.0,713.6809589512576,0.0,0.0,1.3952,10
2025-12-21,18,2025-12-21 18:00:00,125,2025-12-21 20:40:00,2025-12-21 20:50:00,699.9555163083878,699.953306532252,1200.0,1200.0,728.8124776520657,0.0,0.0,1.2226,10
2025-12-21,18,2025-12-21 18:00:00,126,2025-12-21 20:50:00,2025-12-21 21:00:00,748.291498643484,748.291452616097,1200.2829239131695,1200.0000223628572,735.7660811128901,0.0,0.0,0.9332,10
2025-12-21,18,2025-12-21 18:00:00,127,2025-12-21 21:00:00,2025-12-21 21:10:00,752.3901572805818,752.3901055839143,1295.2860716468801,1200.0000208994813,731.7876682002219,0.0,0.0,0.9068,10
2025-12-21,18,2025-12-21 18:00:00,128,2025-12-21 21:10:00,2025-12-21 21:20:00,750.0780272787275,750.0780272255224,1239.3118353132138,1200.0000211344557,728.6094267039766,0.0,0.0,0.9371,10
2025-12-21,18,2025-12-21 18:00:00,129,2025-12-21 21:20:00,2025-12-21 21:30:00,746.1146866787757,746.11468995127,1207.6157999902484,1200.000223283583,738.8041753819107,0.0,0.0,0.9371,10
2025-12-21,18,2025-12-21 18:00:00,130,2025-12-21 21:30:00,2025-12-21 21:40:00,745.1565796389373,745.1565814201527,1200.0,1200.0,753.4407920645351,0.0,0.0,0.9871,10
2025-12-21,18,2025-12-21 18:00:00,131,2025-12-21 21:40:00,2025-12-21 21:50:00,692.5800297233525,692.5800200810155,1200.0,1200.0,693.7341636581708,0.0,0.0,0.7764,10
2025-12-21,18,2025-12-21 18:00:00,132,2025-12-21 21:50:00,2025-12-21 22:00:00,649.6924822076539,649.6924821815875,1200.0,1200.0,594.5814537190272,0.0,0.0,0.4209,10
2025-12-21,18,2025-12-21 18:00:00,133,2025-12-21 22:00:00,2025-12-21 22:10:00,1049.8886722722837,1049.7717903875196,1203.4242924321916,1200.0,577.9005120078128,0.0,0.0,0.3859,10
2025-12-21,18,2025-12-21 18:00:00,134,2025-12-21 22:10:00,2025-12-21 22:20:00,583.378222882026,583.3782236154561,1200.0,1200.0,591.4139704294245,0.0,0.0,0.4368,10
2025-12-21,18,2025-12-21 18:00:00,135,2025-12-21 22:20:00,2025-12-21 22:30:00,598.7791193456407,598.7791152596639,1201.5781454838052,1200.0,587.7038422156498,0.0,0.0,0.4198,10
2025-12-21,18,2025-12-21 18:00:00,136,2025-12-21 22:30:00,2025-12-21 22:40:00,588.9252494799077,588.9252720459131,1209.122645329013,1200.0,573.58817932402,0.0,0.0,0.4186,10
2025-12-21,18,2025-12-21 18:00:00,137,2025-12-21 22:40:00,2025-12-21 22:50:00,584.2953816327124,584.2953868186551,1203.179205043548,1200.0,572.3825468863686,0.0,0.0,0.4241,10
2025-12-21,18,2025-12-21 18:00:00,138,2025-12-21 22:50:00,2025-12-21 23:00:00,598.1117207713473,598.1119257453947,1205.4420640707917,1200.0000015049136,587.0811712606018,0.0,0.0,0.4237,10
2025-12-21,18,2025-12-21 18:00:00,139,2025-12-21 23:00:00,2025-12-21 23:10:00,608.9528503116277,608.9527505975492,1202.3896472983772,1200.0000012051303,600.0254766775632,0.0,0.0,0.4248,10
2025-12-21,18,2025-12-21 18:00:00,140,2025-12-21 23:10:00,2025-12-21 23:20:00,619.8317845200246,619.8318517763489,1202.3793141610952,1200.0000011675183,606.3067706551496,0.0,0.0,0.424,10
2025-12-21,18,2025-12-21 18:00:00,141,2025-12-21 23:20:00,2025-12-21 23:30:00,608.3761343605156,608.3761448033484,1202.571178765657,1200.0000011675902,599.2220955659535,0.0,0.0,0.422,10
2025-12-21,18,2025-12-21 18:00:00,142,2025-12-21 23:30:00,2025-12-21 23:40:00,587.3577624403956,587.3577608117839,1203.1736904193667,1200.0000011204727,580.7525938188251,0.0,0.0,0.424,10
2025-12-21,18,2025-12-21 18:00:00,143,2025-12-21 23:40:00,2025-12-21 23:50:00,611.5429440761698,611.5429571900036,1202.3342431900558,1200.0000015487842,604.435740954466,0.0,0.0,0.4271,10
2025-12-21,18,2025-12-21 18:00:00,144,2025-12-21 23:50:00,2025-12-22 00:00:00,651.6267738584414,651.6266658904826,1200.0,1200.0,642.1781433018607,0.0,0.0,0.4276,10
