date,slot_id,issue_time,forecast_history_end,load_forecast_kwh,pv_forecast_kwh,risk_delta_kwh,plan_load_kwh,plan_pv_kwh,selected_index,selected_tau,selected_terminal,selected_terminal_energy_kwh,grid_plan_kwh,charge_plan_kwh,discharge_plan_kwh,energy_start_plan_kwh,energy_end_plan_kwh,pv_curtailment_plan_kwh,charge_mode_plan
2025-01-15,1,2025-01-15 00:00:00,2025-01-15 00:00:00,634.1137833333333,0.0,24.16499999999997,658.2787833333333,0.0,0,0.8,1200.0,1200.0,1491.6121166666667,833.3333333333333,0.0,6000.0,6750.0,0.0,1.0
2025-01-15,2,2025-01-15 00:00:00,2025-01-15 00:00:00,652.5348833333334,0.0,24.16499999999997,676.6998833333333,0.0,0,0.8,1200.0,1200.0,1510.0332166666667,833.3333333333333,0.0,6750.0,7500.0,0.0,1.0
2025-01-15,3,2025-01-15 00:00:00,2025-01-15 00:00:00,626.1716666666667,0.0,24.16499999999997,650.3366666666667,0.0,0,0.8,1200.0,1200.0,1483.67,833.3333333333333,0.0,7500.0,8250.0,0.0,1.0
2025-01-15,4,2025-01-15 00:00:00,2025-01-15 00:00:00,566.1060166666667,0.0,24.16499999999997,590.2710166666667,0.0,0,0.8,1200.0,1200.0,1423.60435,833.3333333333333,0.0,8250.0,9000.0,0.0,1.0
2025-01-15,5,2025-01-15 00:00:00,2025-01-15 00:00:00,567.17295,0.0,24.16499999999997,591.33795,0.0,0,0.8,1200.0,1200.0,1424.6712833333331,833.3333333333331,0.0,9000.0,9750.0,0.0,0.9999999999999999
2025-01-15,6,2025-01-15 00:00:00,2025-01-15 00:00:00,619.8166666666667,0.0,24.16499999999997,643.9816666666667,0.0,0,0.8,1200.0,1200.0,643.9816666666667,0.0,0.0,9750.0,9750.0,0.0,0.0
2025-01-15,7,2025-01-15 00:00:00,2025-01-15 00:00:00,621.4441333333333,0.0,35.968520000000034,657.4126533333333,0.0,0,0.8,1200.0,1200.0,657.4126533333333,0.0,0.0,9750.0,9750.0,0.0,7.771561172376096e-16
2025-01-15,8,2025-01-15 00:00:00,2025-01-15 00:00:00,597.452,0.0,35.968520000000034,633.42052,0.0,0,0.8,1200.0,1200.0,633.42052,0.0,0.0,9750.0,9750.0,0.0,0.0
2025-01-15,9,2025-01-15 00:00:00,2025-01-15 00:00:00,602.7116666666667,0.0,35.968520000000034,638.6801866666667,0.0,0,0.8,1200.0,1200.0,972.01352,333.3333333333333,0.0,9750.0,10050.0,0.0,0.9999999999999992
2025-01-15,10,2025-01-15 00:00:00,2025-01-15 00:00:00,655.6580666666667,0.0,35.968520000000034,691.6265866666668,0.0,0,0.8,1200.0,1200.0,691.6265866666668,0.0,0.0,10050.0,10050.0,0.0,0.0
2025-01-15,11,2025-01-15 00:00:00,2025-01-15 00:00:00,651.8044166666667,0.0,35.968520000000034,687.7729366666667,0.0,0,0.8,1200.0,1200.0,687.7729366666667,0.0,0.0,10050.0,10050.0,0.0,0.0
2025-01-15,12,2025-01-15 00:00:00,2025-01-15 00:00:00,620.58,0.0,35.968520000000034,656.54852,0.0,0,0.8,1200.0,1200.0,656.54852,0.0,0.0,10050.0,10050.0,0.0,0.0
2025-01-15,13,2025-01-15 00:00:00,2025-01-15 00:00:00,684.2158333333333,0.0,26.854319999999994,711.0701533333333,0.0,0,0.8,1200.0,1200.0,711.0701533333333,0.0,0.0,10050.0,10050.0,0.0,0.0
2025-01-15,14,2025-01-15 00:00:00,2025-01-15 00:00:00,687.6279,0.0,26.854319999999994,714.48222,0.0,0,0.8,1200.0,1200.0,714.48222,0.0,0.0,10050.0,10050.0,0.0,0.0
2025-01-15,15,2025-01-15 00:00:00,2025-01-15 00:00:00,629.6633333333333,0.0,26.854319999999994,656.5176533333333,0.0,0,0.8,1200.0,1200.0,656.5176533333333,0.0,0.0,10050.0,10050.0,0.0,0.0
2025-01-15,16,2025-01-15 00:00:00,2025-01-15 00:00:00,667.8491,0.0,26.854319999999994,694.70342,0.0,0,0.8,1200.0,1200.0,694.70342,0.0,0.0,10050.0,10050.0,0.0,0.0
2025-01-15,17,2025-01-15 00:00:00,2025-01-15 00:00:00,699.57645,0.0,26.854319999999994,726.43077,0.0,0,0.8,1200.0,1200.0,726.43077,0.0,0.0,10050.0,10050.0,0.0,0.0
2025-01-15,18,2025-01-15 00:00:00,2025-01-15 00:00:00,678.0283333333333,0.0,26.854319999999994,704.8826533333333,0.0,0,0.8,1200.0,1200.0,704.8826533333333,0.0,0.0,10050.0,10050.0,0.0,0.0
2025-01-15,19,2025-01-15 00:00:00,2025-01-15 00:00:00,667.9764666666666,0.0,33.557190000000105,701.5336566666667,0.0,0,0.8,1200.0,1200.0,701.5336566666667,0.0,0.0,10050.0,10050.0,0.0,0.0
2025-01-15,20,2025-01-15 00:00:00,2025-01-15 00:00:00,686.3080333333334,0.0,33.557190000000105,719.8652233333335,0.0,0,0.8,1200.0,1200.0,719.8652233333335,0.0,0.0,10050.0,10050.0,0.0,0.0
2025-01-15,21,2025-01-15 00:00:00,2025-01-15 00:00:00,712.835,0.0,33.557190000000105,746.3921900000001,0.0,0,0.8,1200.0,1200.0,746.3921900000001,0.0,0.0,10050.0,10050.0,0.0,0.0
2025-01-15,22,2025-01-15 00:00:00,2025-01-15 00:00:00,717.4963166666666,0.0,33.557190000000105,751.0535066666667,0.0,0,0.8,1200.0,1200.0,751.0535066666667,0.0,0.0,10050.0,10050.0,0.0,0.0
2025-01-15,23,2025-01-15 00:00:00,2025-01-15 00:00:00,724.3644666666668,0.0,33.557190000000105,757.9216566666669,0.0,0,0.8,1200.0,1200.0,757.9216566666669,0.0,0.0,10050.0,10050.0,0.0,0.0
2025-01-15,24,2025-01-15 00:00:00,2025-01-15 00:00:00,740.1066666666667,0.0,33.557190000000105,773.6638566666668,0.0,0,0.8,1200.0,1200.0,773.6638566666668,0.0,0.0,10050.0,10050.0,0.0,0.0
2025-01-15,25,2025-01-15 00:00:00,2025-01-15 00:00:00,741.6282500000001,0.0,32.64107666666662,774.2693266666668,0.0,0,0.8,1200.0,1200.0,774.2693266666668,0.0,0.0,10050.0,10050.0,0.0,0.0
2025-01-15,26,2025-01-15 00:00:00,2025-01-15 00:00:00,713.5997333333333,0.0,32.64107666666662,746.24081,0.0,0,0.8,1200.0,1200.0,746.24081,0.0,0.0,10050.0,10050.0,0.0,0.0
2025-01-15,27,2025-01-15 00:00:00,2025-01-15 00:00:00,688.8083333333334,0.0,32.64107666666662,721.4494100000001,0.0,0,0.8,1200.0,1200.0,721.4494100000001,0.0,0.0,10050.0,10050.0,0.0,0.0
2025-01-15,28,2025-01-15 00:00:00,2025-01-15 00:00:00,715.7632666666667,0.0,32.64107666666662,748.4043433333334,0.0,0,0.8,1200.0,1200.0,748.4043433333334,0.0,0.0,10050.0,10050.0,0.0,0.0
2025-01-15,29,2025-01-15 00:00:00,2025-01-15 00:00:00,726.0193833333333,0.0,32.64107666666662,758.66046,0.0,0,0.8,1200.0,1200.0,758.66046,0.0,0.0,10050.0,10050.0,0.0,0.0
2025-01-15,30,2025-01-15 00:00:00,2025-01-15 00:00:00,700.7333333333332,0.0,32.64107666666662,733.3744099999999,0.0,0,0.8,1200.0,1200.0,733.3744099999999,0.0,0.0,10050.0,10050.0,0.0,0.0
2025-01-15,31,2025-01-15 00:00:00,2025-01-15 00:00:00,688.2134833333333,0.0,41.59914333333338,729.8126266666667,0.0,0,0.8,1200.0,1200.0,729.8126266666667,0.0,0.0,10050.0,10050.0,0.0,0.0
2025-01-15,32,2025-01-15 00:00:00,2025-01-15 00:00:00,688.1272666666667,0.0,41.59914333333338,729.7264100000001,0.0,0,0.8,1200.0,1200.0,729.7264100000001,0.0,0.0,10050.0,10050.0,0.0,0.0
2025-01-15,33,2025-01-15 00:00:00,2025-01-15 00:00:00,690.0316666666666,0.0,41.59914333333338,731.63081,0.0,0,0.8,1200.0,1200.0,731.63081,0.0,0.0,10050.0,10050.0,0.0,0.0
2025-01-15,34,2025-01-15 00:00:00,2025-01-15 00:00:00,705.6226833333334,0.0,41.59914333333338,747.2218266666667,0.0,0,0.8,1200.0,1200.0,1580.55516,833.3333333333333,0.0,10050.0,10800.0,0.0,1.0
2025-01-15,35,2025-01-15 00:00:00,2025-01-15 00:00:00,815.7728833333334,0.0,41.59914333333338,857.3720266666668,0.0,0,0.8,1200.0,1200.0,857.3720266666668,0.0,-0.0,10800.0,10800.0,0.0,0.0
2025-01-15,36,2025-01-15 00:00:00,2025-01-15 00:00:00,943.6016666666666,0.0,41.59914333333338,985.2008099999999,0.0,0,0.8,1200.0,1200.0,985.2008099999999,0.0,0.0,10800.0,10800.0,0.0,0.0
2025-01-15,37,2025-01-15 00:00:00,2025-01-15 00:00:00,920.9554833333333,0.00205,22.37788000000008,943.3333633333334,0.00205,0,0.8,1200.0,1200.0,268.33131333333336,0.0,675.0,10800.0,10050.0,0.0,0.0
2025-01-15,38,2025-01-15 00:00:00,2025-01-15 00:00:00,905.84575,0.0,22.37788000000008,928.2236300000001,0.0,0,0.8,1200.0,1200.0,928.2236300000001,0.0,0.0,10050.0,10050.0,0.0,0.0
2025-01-15,39,2025-01-15 00:00:00,2025-01-15 00:00:00,939.4583333333334,0.0,22.37788000000008,961.8362133333335,0.0,0,0.8,1200.0,1200.0,961.8362133333335,0.0,0.0,10050.0,10050.0,0.0,0.0
2025-01-15,40,2025-01-15 00:00:00,2025-01-15 00:00:00,911.0178666666667,0.028483333333333333,22.37788000000008,933.3957466666668,0.028483333333333333,0,0.8,1200.0,1200.0,933.3672633333334,0.0,0.0,10050.0,10050.0,0.0,0.0
2025-01-15,41,2025-01-15 00:00:00,2025-01-15 00:00:00,898.1154166666666,0.4016166666666667,22.37788000000008,920.4932966666668,0.4016166666666667,0,0.8,1200.0,1200.0,920.0916800000001,0.0,0.0,10050.0,10050.0,0.0,0.0
2025-01-15,42,2025-01-15 00:00:00,2025-01-15 00:00:00,915.0500000000001,12.7875,22.37788000000008,937.4278800000002,12.7875,0,0.8,1200.0,1200.0,924.6403800000002,0.0,0.0,10050.0,10050.0,0.0,0.0
2025-01-15,43,2025-01-15 00:00:00,2025-01-15 00:00:00,897.4513166666667,51.26291666666666,37.167880000000025,934.6191966666668,51.26291666666666,0,0.8,1200.0,1200.0,883.3562800000001,0.0,0.0,10050.0,10050.0,0.0,0.0
2025-01-15,44,2025-01-15 00:00:00,2025-01-15 00:00:00,911.3311333333332,95.35843333333334,37.167880000000025,948.4990133333333,95.35843333333334,0,0.8,1200.0,1200.0,853.14058,0.0,0.0,10050.0,10050.0,0.0,0.0
2025-01-15,45,2025-01-15 00:00:00,2025-01-15 00:00:00,936.4366666666666,136.25,37.167880000000025,973.6045466666667,136.25,0,0.8,1200.0,1200.0,837.3545466666667,0.0,0.0,10050.0,10050.0,0.0,0.0
2025-01-15,46,2025-01-15 00:00:00,2025-01-15 00:00:00,903.03415,183.5329833333333,37.167880000000025,940.2020299999999,183.5329833333333,0,0.8,1200.0,1200.0,1590.00238,833.3333333333333,0.0,10050.0,10800.0,0.0,1.0
2025-01-15,47,2025-01-15 00:00:00,2025-01-15 00:00:00,1009.9657333333333,238.76118333333332,37.167880000000025,1047.1336133333334,238.76118333333332,0,0.8,1200.0,1200.0,808.3724300000001,0.0,0.0,10800.0,10800.0,0.0,0.0
2025-01-15,48,2025-01-15 00:00:00,2025-01-15 00:00:00,1208.5516666666667,299.06874999999997,37.167880000000025,1245.7195466666667,299.06874999999997,0,0.8,1200.0,1200.0,113.31746333333354,0.0,833.3333333333333,10800.0,9874.074074074075,0.0,0.0
2025-01-15,49,2025-01-15 00:00:00,2025-01-15 00:00:00,1233.3754833333335,356.8407833333333,37.700946666666596,1271.07643,356.8407833333333,0,0.8,1200.0,1200.0,80.9023133333335,0.0,833.3333333333333,9874.074074074075,8948.14814814815,0.0,0.0
2025-01-15,50,2025-01-15 00:00:00,2025-01-15 00:00:00,1209.5204666666666,395.36296666666664,37.700946666666596,1247.2214133333332,395.36296666666664,0,0.8,1200.0,1200.0,18.525113333333366,0.0,833.3333333333333,8948.14814814815,8022.2222222222235,0.0,0.0
2025-01-15,51,2025-01-15 00:00:00,2025-01-15 00:00:00,1215.3866666666665,421.9875,37.700946666666596,1253.0876133333331,421.9875,0,0.8,1200.0,1200.0,0.0,0.0,831.1001133333332,8022.2222222222235,7098.777651851853,0.0,0.0
2025-01-15,52,2025-01-15 00:00:00,2025-01-15 00:00:00,1200.41325,463.08979999999997,37.700946666666596,1238.1141966666667,463.08979999999997,0,0.8,1200.0,1200.0,0.0,0.0,775.0243966666667,7098.777651851853,6237.639433333335,0.0,0.0
2025-01-15,53,2025-01-15 00:00:00,2025-01-15 00:00:00,1188.2149333333334,515.3344833333333,37.700946666666596,1225.91588,515.3344833333333,0,0.8,1200.0,1200.0,0.0,0.0,710.5813966666667,6237.639433333335,5448.10454814815,0.0,0.0
2025-01-15,54,2025-01-15 00:00:00,2025-01-15 00:00:00,1197.4750000000001,555.5124999999999,37.700946666666596,1235.1759466666667,555.5124999999999,0,0.8,1200.0,1200.0,0.0,0.0,679.6634466666668,5448.10454814815,4692.922940740742,0.0,0.0
2025-01-15,55,2025-01-15 00:00:00,2025-01-15 00:00:00,1214.1881166666667,567.4740333333333,51.072000000000166,1265.2601166666668,567.4740333333333,0,0.8,1200.0,1200.0,0.0,0.0,697.7860833333335,4692.922940740742,3917.6050703703713,0.0,0.0
2025-01-15,56,2025-01-15 00:00:00,2025-01-15 00:00:00,1196.6387666666667,608.3691333333334,51.072000000000166,1247.7107666666668,608.3691333333334,0,0.8,1200.0,1200.0,0.0,0.0,639.3416333333334,3917.6050703703713,3207.2254777777785,0.0,0.0
2025-01-15,57,2025-01-15 00:00:00,2025-01-15 00:00:00,1156.6816666666666,672.71875,51.072000000000166,1207.7536666666667,672.71875,0,0.8,1200.0,1200.0,0.0,0.0,535.0349166666667,3207.2254777777785,2612.7422370370377,0.0,0.0
2025-01-15,58,2025-01-15 00:00:00,2025-01-15 00:00:00,1150.6689,699.59695,51.072000000000166,1201.7409,699.59695,0,0.8,1200.0,1200.0,502.14395,0.0,0.0,2612.7422370370377,2612.7422370370377,0.0,0.0
2025-01-15,59,2025-01-15 00:00:00,2025-01-15 00:00:00,1171.6042333333332,728.7238000000001,51.072000000000166,1222.6762333333334,728.7238000000001,0,0.8,1200.0,1200.0,493.95243333333326,0.0,0.0,2612.7422370370377,2612.7422370370377,0.0,0.0
2025-01-15,60,2025-01-15 00:00:00,2025-01-15 00:00:00,1185.7616666666665,782.2687500000001,51.072000000000166,1236.8336666666667,782.2687500000001,0,0.8,1200.0,1200.0,0.0,0.0,454.5649166666666,2612.7422370370377,2107.670107407408,0.0,0.0
2025-01-15,61,2025-01-15 00:00:00,2025-01-15 00:00:00,1168.0045833333334,840.1320833333333,76.11304999999989,1244.1176333333333,840.1320833333333,0,0.8,1200.0,1200.0,0.0,0.0,403.98555,2107.670107407408,1658.7972740740747,0.0,0.0
2025-01-15,62,2025-01-15 00:00:00,2025-01-15 00:00:00,1165.8362833333333,887.8587666666667,76.11304999999989,1241.9493333333332,887.8587666666667,0,0.8,1200.0,1200.0,259.47110333333256,0.0,94.61946333333394,1658.7972740740747,1553.664537037037,0.0,0.0
2025-01-15,63,2025-01-15 00:00:00,2025-01-15 00:00:00,1184.9416666666666,919.9,76.11304999999989,1261.0547166666665,919.9,0,0.8,1200.0,1200.0,341.15471666666656,0.0,0.0,1553.664537037037,1553.664537037037,0.0,0.0
2025-01-15,64,2025-01-15 00:00:00,2025-01-15 00:00:00,1183.3013833333332,941.1163499999999,76.11304999999989,1259.4144333333331,941.1163499999999,0,0.8,1200.0,1200.0,0.0,0.0,318.29808333333324,1553.664537037037,1200.0,0.0,0.0
2025-01-15,65,2025-01-15 00:00:00,2025-01-15 00:00:00,1168.4708333333333,968.7511,76.11304999999989,1244.5838833333332,968.7511,0,0.8,1200.0,1200.0,275.8327833333333,0.0,0.0,1200.0,1200.0,0.0,0.0
2025-01-15,66,2025-01-15 00:00:00,2025-01-15 00:00:00,1161.7083333333333,995.9625,76.11304999999989,1237.8213833333332,995.9625,0,0.8,1200.0,1200.0,1075.1922166666664,833.3333333333333,0.0,1200.0,1950.0,0.0,1.0
2025-01-15,67,2025-01-15 00:00:00,2025-01-15 00:00:00,1174.02045,997.3388166666667,48.059446666666695,1222.0798966666666,997.3388166666667,0,0.8,1200.0,1200.0,1058.0744133333333,833.3333333333333,0.0,1950.0,2700.0,0.0,1.0
2025-01-15,68,2025-01-15 00:00:00,2025-01-15 00:00:00,1174.2303166666668,981.7414833333333,48.059446666666695,1222.2897633333334,981.7414833333333,0,0.8,1200.0,1200.0,1073.8816133333335,833.3333333333333,0.0,2700.0,3450.0,0.0,1.0
2025-01-15,69,2025-01-15 00:00:00,2025-01-15 00:00:00,1152.8916666666667,970.06875,48.059446666666695,1200.9511133333333,970.06875,0,0.8,1200.0,1200.0,1064.2156966666666,833.3333333333333,0.0,3450.0,4200.0,0.0,1.0
2025-01-15,70,2025-01-15 00:00:00,2025-01-15 00:00:00,1134.0515166666667,981.3202500000001,48.059446666666695,1182.1109633333333,981.3202500000001,0,0.8,1200.0,1200.0,1034.1240466666663,833.3333333333333,0.0,4200.0,4950.0,0.0,1.0
2025-01-15,71,2025-01-15 00:00:00,2025-01-15 00:00:00,1144.2158333333334,1013.2634666666667,48.059446666666695,1192.27528,1013.2634666666667,0,0.8,1200.0,1200.0,1012.3451466666667,833.3333333333333,0.0,4950.0,5700.0,0.0,1.0
2025-01-15,72,2025-01-15 00:00:00,2025-01-15 00:00:00,1156.0166666666667,1036.5874999999999,48.059446666666695,1204.0761133333333,1036.5874999999999,0,0.8,1200.0,1200.0,1000.8219466666667,833.3333333333333,0.0,5700.0,6450.0,0.0,1.0
2025-01-15,73,2025-01-15 00:00:00,2025-01-15 00:00:00,1116.1826333333333,1020.2415666666667,97.56288999999984,1213.7455233333333,1020.2415666666667,0,0.8,1200.0,1200.0,1026.83729,833.3333333333333,0.0,6450.0,7200.0,0.0,1.0
2025-01-15,74,2025-01-15 00:00:00,2025-01-15 00:00:00,1081.7274833333333,1010.64845,97.56288999999984,1179.2903733333333,1010.64845,0,0.8,1200.0,1200.0,1001.9752566666665,833.3333333333333,0.0,7200.0,7950.0,0.0,1.0
2025-01-15,75,2025-01-15 00:00:00,2025-01-15 00:00:00,1077.8500000000001,1016.7687500000001,97.56288999999984,1175.41289,1016.7687500000001,0,0.8,1200.0,1200.0,991.9774733333333,833.3333333333333,0.0,7950.0,8700.0,0.0,1.0
2025-01-15,76,2025-01-15 00:00:00,2025-01-15 00:00:00,1079.31225,1003.4630166666667,97.56288999999984,1176.8751399999999,1003.4630166666667,0,0.8,1200.0,1200.0,1006.7454566666664,833.3333333333333,0.0,8700.0,9450.0,0.0,1.0
2025-01-15,77,2025-01-15 00:00:00,2025-01-15 00:00:00,1097.6717333333333,986.9233666666668,97.56288999999984,1195.2346233333333,986.9233666666668,0,0.8,1200.0,1200.0,1041.6445899999999,833.3333333333333,0.0,9450.0,10200.0,0.0,1.0
2025-01-15,78,2025-01-15 00:00:00,2025-01-15 00:00:00,1122.9016666666666,984.38125,97.56288999999984,1220.4645566666666,984.38125,0,0.8,1200.0,1200.0,236.08330666666654,0.0,0.0,10200.0,10200.0,0.0,0.0
2025-01-15,79,2025-01-15 00:00:00,2025-01-15 00:00:00,1126.4687333333334,991.4334333333333,80.59495333333338,1207.0636866666669,991.4334333333333,0,0.8,1200.0,1200.0,215.6302533333336,0.0,0.0,10200.0,10200.0,0.0,0.0
2025-01-15,80,2025-01-15 00:00:00,2025-01-15 00:00:00,1130.1795166666668,968.8066666666667,80.59495333333338,1210.7744700000003,968.8066666666667,0,0.8,1200.0,1200.0,241.96780333333356,0.0,0.0,10200.0,10200.0,0.0,0.0
2025-01-15,81,2025-01-15 00:00:00,2025-01-15 00:00:00,1136.8483333333334,913.8249999999999,80.59495333333338,1217.4432866666668,913.8249999999999,0,0.8,1200.0,1200.0,303.6182866666669,0.0,0.0,10200.0,10200.0,0.0,0.0
2025-01-15,82,2025-01-15 00:00:00,2025-01-15 00:00:00,1123.7989833333334,861.83205,80.59495333333338,1204.3939366666668,861.83205,0,0.8,1200.0,1200.0,342.56188666666685,0.0,0.0,10200.0,10200.0,0.0,0.0
2025-01-15,83,2025-01-15 00:00:00,2025-01-15 00:00:00,1094.3851,819.5171166666668,80.59495333333338,1174.9800533333334,819.5171166666668,0,0.8,1200.0,1200.0,355.4629366666667,0.0,0.0,10200.0,10200.0,0.0,0.0
2025-01-15,84,2025-01-15 00:00:00,2025-01-15 00:00:00,1065.6666666666667,785.46875,80.59495333333338,1146.2616200000002,785.46875,0,0.8,1200.0,1200.0,0.0,0.0,360.7928700000002,10200.0,9799.119033333332,0.0,0.0
2025-01-15,85,2025-01-15 00:00:00,2025-01-15 00:00:00,1056.8727666666666,756.7791000000001,57.754016666666686,1114.6267833333334,756.7791000000001,0,0.8,1200.0,1200.0,0.0,0.0,357.8476833333333,9799.119033333332,9401.510496296296,0.0,0.0
2025-01-15,86,2025-01-15 00:00:00,2025-01-15 00:00:00,1068.3543833333333,726.4573166666668,57.754016666666686,1126.1084,726.4573166666668,0,0.8,1200.0,1200.0,0.0,0.0,399.6510833333333,9401.510496296296,8957.453737037036,0.0,0.0
2025-01-15,87,2025-01-15 00:00:00,2025-01-15 00:00:00,1091.98,689.6687499999999,57.754016666666686,1149.7340166666668,689.6687499999999,0,0.8,1200.0,1200.0,0.0,0.0,460.06526666666684,8957.453737037036,8446.270107407407,0.0,0.0
2025-01-15,88,2025-01-15 00:00:00,2025-01-15 00:00:00,1114.0574333333334,645.9061166666667,57.754016666666686,1171.8114500000001,645.9061166666667,0,0.8,1200.0,1200.0,0.0,0.0,525.9053333333335,8446.270107407407,7861.930848148148,0.0,0.0
2025-01-15,89,2025-01-15 00:00:00,2025-01-15 00:00:00,1114.4632166666668,599.1498333333333,57.754016666666686,1172.2172333333335,599.1498333333333,0,0.8,1200.0,1200.0,0.0,0.0,573.0674000000002,7861.930848148148,7225.189292592591,0.0,0.0
2025-01-15,90,2025-01-15 00:00:00,2025-01-15 00:00:00,1095.6416666666667,551.4375,57.754016666666686,1153.3956833333334,551.4375,0,0.8,1200.0,1200.0,1435.2915166666667,833.3333333333333,0.0,7225.189292592591,7975.189292592591,0.0,1.0
2025-01-15,91,2025-01-15 00:00:00,2025-01-15 00:00:00,1078.7497833333334,503.9868666666667,37.06064000000009,1115.8104233333336,503.9868666666667,0,0.8,1200.0,1200.0,1445.1568900000002,833.3333333333333,0.0,7975.189292592591,8725.189292592591,0.0,1.0
2025-01-15,92,2025-01-15 00:00:00,2025-01-15 00:00:00,1063.41825,466.1007,37.06064000000009,1100.47889,466.1007,0,0.8,1200.0,1200.0,1467.7115233333334,833.3333333333333,0.0,8725.189292592591,9475.189292592591,0.0,1.0
2025-01-15,93,2025-01-15 00:00:00,2025-01-15 00:00:00,1047.3333333333333,431.96250000000003,37.06064000000009,1084.3939733333334,431.96250000000003,0,0.8,1200.0,1200.0,1485.7648066666666,833.3333333333333,0.0,9475.189292592591,10225.189292592591,0.0,1.0
2025-01-15,94,2025-01-15 00:00:00,2025-01-15 00:00:00,1038.7557166666668,385.10836666666665,37.06064000000009,1075.816356666667,385.10836666666665,0,0.8,1200.0,1200.0,1329.3865537860102,638.6785637860097,0.0,10225.189292592591,10800.0,0.0,0.9999999999999977
2025-01-15,95,2025-01-15 00:00:00,2025-01-15 00:00:00,1069.7995666666668,334.8437833333333,37.06064000000009,1106.860206666667,334.8437833333333,0,0.8,1200.0,1200.0,772.0164233333337,0.0,0.0,10800.0,10800.0,0.0,0.0
2025-01-15,96,2025-01-15 00:00:00,2025-01-15 00:00:00,1095.815,289.45,37.06064000000009,1132.8756400000002,289.45,0,0.8,1200.0,1200.0,843.4256400000002,0.0,0.0,10800.0,10800.0,0.0,0.0
2025-01-15,97,2025-01-15 00:00:00,2025-01-15 00:00:00,1037.4018666666666,247.36225000000002,17.66856000000007,1055.0704266666667,247.36225000000002,0,0.8,1200.0,1200.0,807.7081766666666,0.0,0.0,10800.0,10800.0,0.0,0.0
2025-01-15,98,2025-01-15 00:00:00,2025-01-15 00:00:00,1001.92515,198.87696666666668,17.66856000000007,1019.5937100000001,198.87696666666668,0,0.8,1200.0,1200.0,820.7167433333334,0.0,0.0,10800.0,10800.0,0.0,-0.0
2025-01-15,99,2025-01-15 00:00:00,2025-01-15 00:00:00,1031.0233333333333,146.53125,17.66856000000007,1048.6918933333334,146.53125,0,0.8,1200.0,1200.0,902.1606433333334,0.0,0.0,10800.0,10800.0,0.0,0.0
2025-01-15,100,2025-01-15 00:00:00,2025-01-15 00:00:00,1058.2079666666666,101.73058333333334,17.66856000000007,1075.8765266666667,101.73058333333334,0,0.8,1200.0,1200.0,974.1459433333333,0.0,0.0,10800.0,10800.0,0.0,0.0
2025-01-15,101,2025-01-15 00:00:00,2025-01-15 00:00:00,1041.3350833333334,55.531083333333335,17.66856000000007,1059.0036433333335,55.531083333333335,0,0.8,1200.0,1200.0,1003.4725600000002,0.0,0.0,10800.0,10800.0,0.0,0.0
2025-01-15,102,2025-01-15 00:00:00,2025-01-15 00:00:00,1026.2716666666668,15.19375,17.66856000000007,1043.9402266666668,15.19375,0,0.8,1200.0,1200.0,1028.746476666667,0.0,0.0,10800.0,10800.0,0.0,0.0
2025-01-15,103,2025-01-15 00:00:00,2025-01-15 00:00:00,1086.1207,0.9846499999999999,23.83666666666668,1109.9573666666665,0.9846499999999999,0,0.8,1200.0,1200.0,1108.9727166666664,0.0,0.0,10800.0,10800.0,0.0,0.0
2025-01-15,104,2025-01-15 00:00:00,2025-01-15 00:00:00,1088.5671666666667,0.0,23.83666666666668,1112.4038333333333,0.0,0,0.8,1200.0,1200.0,1112.4038333333333,0.0,0.0,10800.0,10800.0,0.0,0.0
2025-01-15,105,2025-01-15 00:00:00,2025-01-15 00:00:00,1039.1533333333334,0.0,23.83666666666668,1062.99,0.0,0,0.8,1200.0,1200.0,1062.99,0.0,0.0,10800.0,10800.0,0.0,0.0
2025-01-15,106,2025-01-15 00:00:00,2025-01-15 00:00:00,1050.8732666666667,0.030299999999999997,23.83666666666668,1074.7099333333333,0.030299999999999997,0,0.8,1200.0,1200.0,1074.6796333333334,0.0,0.0,10800.0,10800.0,0.0,0.0
2025-01-15,107,2025-01-15 00:00:00,2025-01-15 00:00:00,921.0365499999999,0.0,23.83666666666668,944.8732166666666,0.0,0,0.8,1200.0,1200.0,944.8732166666666,0.0,-0.0,10800.0,10800.0,0.0,0.0
2025-01-15,108,2025-01-15 00:00:00,2025-01-15 00:00:00,704.9683333333334,0.0,23.83666666666668,728.8050000000001,0.0,0,0.8,1200.0,1200.0,728.8050000000001,0.0,0.0,10800.0,10800.0,0.0,0.0
2025-01-15,109,2025-01-15 00:00:00,2025-01-15 00:00:00,688.5141,0.0021666666666666666,24.13916000000004,712.65326,0.0021666666666666666,0,0.8,1200.0,1200.0,712.6510933333334,0.0,-0.0,10800.0,10800.0,0.0,0.0
2025-01-15,110,2025-01-15 00:00:00,2025-01-15 00:00:00,730.1875666666666,0.0,24.13916000000004,754.3267266666667,0.0,0,0.8,1200.0,1200.0,754.3267266666667,0.0,0.0,10800.0,10800.0,0.0,0.0
2025-01-15,111,2025-01-15 00:00:00,2025-01-15 00:00:00,730.1350000000001,0.0,24.13916000000004,754.2741600000002,0.0,0,0.8,1200.0,1200.0,754.2741600000002,0.0,0.0,10800.0,10800.0,0.0,0.0
2025-01-15,112,2025-01-15 00:00:00,2025-01-15 00:00:00,728.8338,0.0,24.13916000000004,752.9729600000001,0.0,0,0.8,1200.0,1200.0,752.9729600000001,0.0,0.0,10800.0,10800.0,0.0,0.0
2025-01-15,113,2025-01-15 00:00:00,2025-01-15 00:00:00,720.3681499999999,0.0,24.13916000000004,744.50731,0.0,0,0.8,1200.0,1200.0,504.4392833333344,0.0,240.06802666666553,10800.0,10533.25774814815,0.0,0.0
2025-01-15,114,2025-01-15 00:00:00,2025-01-15 00:00:00,709.36,0.0,24.13916000000004,733.4991600000001,0.0,0,0.8,1200.0,1200.0,0.0,0.0,733.4991600000001,10533.25774814815,9718.258681481482,0.0,0.0
2025-01-15,115,2025-01-15 00:00:00,2025-01-15 00:00:00,715.7542666666667,0.0,40.97633666666661,756.7306033333333,0.0,0,0.8,1200.0,1200.0,0.0,0.0,756.7306033333333,9718.258681481482,8877.4469,0.0,0.0
2025-01-15,116,2025-01-15 00:00:00,2025-01-15 00:00:00,725.89945,0.0,40.97633666666661,766.8757866666666,0.0,0,0.8,1200.0,1200.0,0.0,0.0,766.8757866666666,8877.4469,8025.362692592594,0.0,0.0
2025-01-15,117,2025-01-15 00:00:00,2025-01-15 00:00:00,725.3383333333333,0.0,40.97633666666661,766.3146699999999,0.0,0,0.8,1200.0,1200.0,0.0,0.0,766.3146699999999,8025.362692592594,7173.901948148149,0.0,0.0
2025-01-15,118,2025-01-15 00:00:00,2025-01-15 00:00:00,716.5708,0.0,40.97633666666661,757.5471366666666,0.0,0,0.8,1200.0,1200.0,0.0,0.0,757.5471366666666,7173.901948148149,6332.1829074074085,0.0,0.0
2025-01-15,119,2025-01-15 00:00:00,2025-01-15 00:00:00,735.6900666666667,0.0,40.97633666666661,776.6664033333333,0.0,0,0.8,1200.0,1200.0,0.0,0.0,776.6664033333333,6332.1829074074085,5469.220237037038,0.0,0.0
2025-01-15,120,2025-01-15 00:00:00,2025-01-15 00:00:00,763.0566666666667,0.0,40.97633666666661,804.0330033333333,0.0,0,0.8,1200.0,1200.0,0.0,0.0,804.0330033333333,5469.220237037038,4575.850233333334,0.0,0.0
2025-01-15,121,2025-01-15 00:00:00,2025-01-15 00:00:00,741.1062833333334,0.0,22.60600666666669,763.71229,0.0,0,0.8,1200.0,1200.0,0.0,0.0,763.71229,4575.850233333334,3727.281022222222,0.0,0.0
2025-01-15,122,2025-01-15 00:00:00,2025-01-15 00:00:00,715.34615,0.0,22.60600666666669,737.9521566666666,0.0,0,0.8,1200.0,1200.0,0.0,0.0,737.9521566666666,3727.281022222222,2907.334181481481,0.0,0.0
2025-01-15,123,2025-01-15 00:00:00,2025-01-15 00:00:00,725.73,0.0,22.60600666666669,748.3360066666667,0.0,0,0.8,1200.0,1200.0,0.0,0.0,748.3360066666667,2907.334181481481,2075.8497296296296,0.0,0.0
2025-01-15,124,2025-01-15 00:00:00,2025-01-15 00:00:00,765.65875,0.0,22.60600666666669,788.2647566666667,0.0,0,0.8,1200.0,1200.0,0.0,0.0,788.2647566666667,2075.8497296296296,1200.0,0.0,0.0
2025-01-15,125,2025-01-15 00:00:00,2025-01-15 00:00:00,773.9436999999999,0.0,22.60600666666669,796.5497066666666,0.0,0,0.8,1200.0,1200.0,796.5497066666666,0.0,0.0,1200.0,1200.0,0.0,0.0
2025-01-15,126,2025-01-15 00:00:00,2025-01-15 00:00:00,756.2033333333334,0.0,22.60600666666669,778.80934,0.0,0,0.8,1200.0,1200.0,778.80934,0.0,0.0,1200.0,1200.0,0.0,0.0
2025-01-15,127,2025-01-15 00:00:00,2025-01-15 00:00:00,767.8431833333334,0.0,31.00764000000004,798.8508233333334,0.0,0,0.8,1200.0,1200.0,798.8508233333334,0.0,0.0,1200.0,1200.0,0.0,0.0
2025-01-15,128,2025-01-15 00:00:00,2025-01-15 00:00:00,748.1819833333334,0.0,31.00764000000004,779.1896233333334,0.0,0,0.8,1200.0,1200.0,779.1896233333334,0.0,0.0,1200.0,1200.0,0.0,0.0
2025-01-15,129,2025-01-15 00:00:00,2025-01-15 00:00:00,724.3933333333333,0.0,31.00764000000004,755.4009733333334,0.0,0,0.8,1200.0,1200.0,755.4009733333334,0.0,0.0,1200.0,1200.0,0.0,0.0
2025-01-15,130,2025-01-15 00:00:00,2025-01-15 00:00:00,771.7817333333334,0.0,31.00764000000004,802.7893733333334,0.0,0,0.8,1200.0,1200.0,802.7893733333334,0.0,-0.0,1200.0,1200.0,0.0,0.0
2025-01-15,131,2025-01-15 00:00:00,2025-01-15 00:00:00,699.6481666666667,0.0,31.00764000000004,730.6558066666668,0.0,0,0.8,1200.0,1200.0,730.6558066666668,0.0,-0.0,1200.0,1200.0,0.0,0.0
2025-01-15,132,2025-01-15 00:00:00,2025-01-15 00:00:00,533.8833333333333,0.0,31.00764000000004,564.8909733333334,0.0,0,0.8,1200.0,1200.0,564.8909733333334,0.0,0.0,1200.0,1200.0,0.0,0.0
2025-01-15,133,2025-01-15 00:00:00,2025-01-15 00:00:00,506.91411666666664,0.0,31.75348666666665,538.6676033333333,0.0,0,0.8,1200.0,1200.0,538.6676033333333,0.0,0.0,1200.0,1200.0,0.0,0.0
2025-01-15,134,2025-01-15 00:00:00,2025-01-15 00:00:00,542.7825166666667,0.0,31.75348666666665,574.5360033333333,0.0,0,0.8,1200.0,1200.0,574.5360033333333,0.0,-0.0,1200.0,1200.0,0.0,0.0
2025-01-15,135,2025-01-15 00:00:00,2025-01-15 00:00:00,553.7533333333333,0.0,31.75348666666665,585.50682,0.0,0,0.8,1200.0,1200.0,585.50682,0.0,0.0,1200.0,1200.0,0.0,0.0
2025-01-15,136,2025-01-15 00:00:00,2025-01-15 00:00:00,537.2946833333333,0.0,31.75348666666665,569.0481699999999,0.0,0,0.8,1200.0,1200.0,569.0481699999999,0.0,0.0,1200.0,1200.0,0.0,0.0
2025-01-15,137,2025-01-15 00:00:00,2025-01-15 00:00:00,553.9089166666666,0.0,31.75348666666665,585.6624033333333,0.0,0,0.8,1200.0,1200.0,585.6624033333333,0.0,0.0,1200.0,1200.0,0.0,0.0
2025-01-15,138,2025-01-15 00:00:00,2025-01-15 00:00:00,588.045,0.0,31.75348666666665,619.7984866666666,0.0,0,0.8,1200.0,1200.0,619.7984866666666,0.0,0.0,1200.0,1200.0,0.0,0.0
2025-01-15,139,2025-01-15 00:00:00,2025-01-15 00:00:00,568.9827666666666,0.0,27.394463333333288,596.3772299999999,0.0,0,0.8,1200.0,1200.0,596.3772299999999,0.0,0.0,1200.0,1200.0,0.0,0.0
2025-01-15,140,2025-01-15 00:00:00,2025-01-15 00:00:00,565.6843,0.0,27.394463333333288,593.0787633333333,0.0,0,0.8,1200.0,1200.0,593.0787633333333,0.0,0.0,1200.0,1200.0,0.0,0.0
2025-01-15,141,2025-01-15 00:00:00,2025-01-15 00:00:00,594.7416666666667,0.0,27.394463333333288,622.13613,0.0,0,0.8,1200.0,1200.0,622.13613,0.0,0.0,1200.0,1200.0,0.0,0.0
2025-01-15,142,2025-01-15 00:00:00,2025-01-15 00:00:00,602.7068666666667,0.0,27.394463333333288,630.10133,0.0,0,0.8,1200.0,1200.0,630.10133,0.0,0.0,1200.0,1200.0,0.0,0.0
2025-01-15,143,2025-01-15 00:00:00,2025-01-15 00:00:00,607.5747,0.0,27.394463333333288,634.9691633333333,0.0,0,0.8,1200.0,1200.0,634.9691633333333,0.0,0.0,1200.0,1200.0,0.0,0.0
2025-01-15,144,2025-01-15 00:00:00,2025-01-15 00:00:00,610.64,0.0,27.394463333333288,638.0344633333333,0.0,0,0.8,1200.0,1200.0,638.0344633333333,0.0,0.0,1200.0,1200.0,0.0,0.0
2025-01-16,1,2025-01-16 00:00:00,2025-01-16 00:00:00,593.6329,0.0,26.615846666666688,620.2487466666666,0.0,0,0.8,1200.0,1200.0,1453.58208,833.3333333333333,0.0,1833.603191666668,2583.603191666668,0.0,1.0
2025-01-16,2,2025-01-16 00:00:00,2025-01-16 00:00:00,599.5246833333333,0.0,26.615846666666688,626.14053,0.0,0,0.8,1200.0,1200.0,1459.4738633333332,833.3333333333333,0.0,2583.603191666668,3333.603191666668,0.0,1.0
2025-01-16,3,2025-01-16 00:00:00,2025-01-16 00:00:00,627.2983333333333,0.0,26.615846666666688,653.91418,0.0,0,0.8,1200.0,1200.0,1487.2475133333332,833.3333333333333,0.0,3333.603191666668,4083.603191666668,0.0,1.0
2025-01-16,4,2025-01-16 00:00:00,2025-01-16 00:00:00,633.51145,0.0,26.615846666666688,660.1272966666667,0.0,0,0.8,1200.0,1200.0,1493.46063,833.3333333333334,0.0,4083.603191666668,4833.603191666668,0.0,1.0000000000000002
2025-01-16,5,2025-01-16 00:00:00,2025-01-16 00:00:00,642.20275,0.0,26.615846666666688,668.8185966666667,0.0,0,0.8,1200.0,1200.0,1502.15193,833.3333333333333,0.0,4833.603191666668,5583.603191666668,0.0,1.0
2025-01-16,6,2025-01-16 00:00:00,2025-01-16 00:00:00,659.1383333333333,0.0,26.615846666666688,685.75418,0.0,0,0.8,1200.0,1200.0,1519.0875133333334,833.3333333333333,0.0,5583.603191666668,6333.603191666668,0.0,1.0
2025-01-16,7,2025-01-16 00:00:00,2025-01-16 00:00:00,662.83455,0.0,36.92854000000003,699.76309,0.0,0,0.8,1200.0,1200.0,699.76309,0.0,0.0,6333.603191666668,6333.603191666668,0.0,0.0
2025-01-16,8,2025-01-16 00:00:00,2025-01-16 00:00:00,664.9293333333334,0.0,36.92854000000003,701.8578733333334,0.0,0,0.8,1200.0,1200.0,1535.1912066666666,833.3333333333333,0.0,6333.603191666668,7083.603191666668,0.0,1.0
2025-01-16,9,2025-01-16 00:00:00,2025-01-16 00:00:00,661.2866666666666,0.0,36.92854000000003,698.2152066666666,0.0,0,0.8,1200.0,1200.0,1531.5485399999998,833.3333333333333,0.0,7083.603191666668,7833.603191666668,0.0,1.0
2025-01-16,10,2025-01-16 00:00:00,2025-01-16 00:00:00,640.2898166666666,0.0,36.92854000000003,677.2183566666666,0.0,0,0.8,1200.0,1200.0,677.2183566666666,0.0,0.0,7833.603191666668,7833.603191666668,0.0,0.0
2025-01-16,11,2025-01-16 00:00:00,2025-01-16 00:00:00,654.3395833333333,0.0,36.92854000000003,691.2681233333333,0.0,0,0.8,1200.0,1200.0,691.2681233333333,0.0,0.0,7833.603191666668,7833.603191666668,0.0,0.0
2025-01-16,12,2025-01-16 00:00:00,2025-01-16 00:00:00,684.5016666666667,0.0,36.92854000000003,721.4302066666667,0.0,0,0.8,1200.0,1200.0,1517.426660370369,795.9964537037023,0.0,7833.603191666668,8550.0,0.0,1.0
2025-01-16,13,2025-01-16 00:00:00,2025-01-16 00:00:00,661.4266666666666,0.0,20.47755999999998,681.9042266666665,0.0,0,0.8,1200.0,1200.0,1515.2375599999998,833.3333333333333,0.0,8550.0,9300.0,0.0,1.0
2025-01-16,14,2025-01-16 00:00:00,2025-01-16 00:00:00,659.6080333333333,0.0,20.47755999999998,680.0855933333332,0.0,0,0.8,1200.0,1200.0,680.0855933333332,0.0,0.0,9300.0,9300.0,0.0,0.0
2025-01-16,15,2025-01-16 00:00:00,2025-01-16 00:00:00,678.3316666666666,0.0,20.47755999999998,698.8092266666665,0.0,0,0.8,1200.0,1200.0,698.8092266666665,0.0,0.0,9300.0,9300.0,0.0,0.0
2025-01-16,16,2025-01-16 00:00:00,2025-01-16 00:00:00,646.8873166666666,0.0,20.47755999999998,667.3648766666665,0.0,0,0.8,1200.0,1200.0,667.3648766666665,0.0,0.0,9300.0,9300.0,0.0,0.0
2025-01-16,17,2025-01-16 00:00:00,2025-01-16 00:00:00,657.0931333333333,0.0,20.47755999999998,677.5706933333332,0.0,0,0.8,1200.0,1200.0,677.5706933333332,0.0,0.0,9300.0,9300.0,0.0,0.0
2025-01-16,18,2025-01-16 00:00:00,2025-01-16 00:00:00,705.88,0.0,20.47755999999998,726.3575599999999,0.0,0,0.8,1200.0,1200.0,726.3575599999999,0.0,0.0,9300.0,9300.0,0.0,0.0
2025-01-16,19,2025-01-16 00:00:00,2025-01-16 00:00:00,694.448,0.0,31.69930000000003,726.1473,0.0,0,0.8,1200.0,1200.0,726.1473,0.0,0.0,9300.0,9300.0,0.0,0.0
2025-01-16,20,2025-01-16 00:00:00,2025-01-16 00:00:00,684.30345,0.0,31.69930000000003,716.00275,0.0,0,0.8,1200.0,1200.0,716.00275,0.0,0.0,9300.0,9300.0,0.0,0.0
2025-01-16,21,2025-01-16 00:00:00,2025-01-16 00:00:00,692.5983333333334,0.0,31.69930000000003,724.2976333333334,0.0,0,0.8,1200.0,1200.0,724.2976333333334,0.0,0.0,9300.0,9300.0,0.0,0.0
2025-01-16,22,2025-01-16 00:00:00,2025-01-16 00:00:00,672.86195,0.0,31.69930000000003,704.56125,0.0,0,0.8,1200.0,1200.0,704.56125,0.0,0.0,9300.0,9300.0,0.0,0.0
2025-01-16,23,2025-01-16 00:00:00,2025-01-16 00:00:00,665.6706166666667,0.0,31.69930000000003,697.3699166666667,0.0,0,0.8,1200.0,1200.0,697.3699166666667,0.0,0.0,9300.0,9300.0,0.0,0.0
2025-01-16,24,2025-01-16 00:00:00,2025-01-16 00:00:00,684.3433333333334,0.0,31.69930000000003,716.0426333333334,0.0,0,0.8,1200.0,1200.0,716.0426333333334,0.0,0.0,9300.0,9300.0,0.0,0.0
2025-01-16,25,2025-01-16 00:00:00,2025-01-16 00:00:00,696.5685333333332,0.0,30.159456666666625,726.7279899999999,0.0,0,0.8,1200.0,1200.0,726.7279899999999,0.0,0.0,9300.0,9300.0,0.0,0.0
2025-01-16,26,2025-01-16 00:00:00,2025-01-16 00:00:00,688.2587833333333,0.0,30.159456666666625,718.41824,0.0,0,0.8,1200.0,1200.0,718.41824,0.0,0.0,9300.0,9300.0,0.0,0.0
2025-01-16,27,2025-01-16 00:00:00,2025-01-16 00:00:00,670.7583333333333,0.0,30.159456666666625,700.91779,0.0,0,0.8,1200.0,1200.0,700.91779,0.0,0.0,9300.0,9300.0,0.0,0.0
2025-01-16,28,2025-01-16 00:00:00,2025-01-16 00:00:00,670.3511333333333,0.0,30.159456666666625,700.51059,0.0,0,0.8,1200.0,1200.0,700.51059,0.0,0.0,9300.0,9300.0,0.0,0.0
2025-01-16,29,2025-01-16 00:00:00,2025-01-16 00:00:00,691.0580333333334,0.0,30.159456666666625,721.21749,0.0,0,0.8,1200.0,1200.0,721.21749,0.0,0.0,9300.0,9300.0,0.0,0.0
2025-01-16,30,2025-01-16 00:00:00,2025-01-16 00:00:00,714.8266666666667,0.0,30.159456666666625,744.9861233333334,0.0,0,0.8,1200.0,1200.0,744.9861233333334,0.0,0.0,9300.0,9300.0,0.0,0.0
2025-01-16,31,2025-01-16 00:00:00,2025-01-16 00:00:00,719.9364166666666,0.0,40.69217333333341,760.6285899999999,0.0,0,0.8,1200.0,1200.0,760.6285899999999,0.0,0.0,9300.0,9300.0,0.0,0.0
2025-01-16,32,2025-01-16 00:00:00,2025-01-16 00:00:00,732.0131,0.00035,40.69217333333341,772.7052733333334,0.00035,0,0.8,1200.0,1200.0,772.7049233333333,0.0,0.0,9300.0,9300.0,0.0,0.0
2025-01-16,33,2025-01-16 00:00:00,2025-01-16 00:00:00,717.7866666666667,0.0,40.69217333333341,758.4788400000001,0.0,0,0.8,1200.0,1200.0,1591.8121733333332,833.3333333333333,0.0,9300.0,10050.0,0.0,1.0
2025-01-16,34,2025-01-16 00:00:00,2025-01-16 00:00:00,643.6599666666667,0.0,40.69217333333341,684.3521400000001,0.0,0,0.8,1200.0,1200.0,1517.6854733333334,833.3333333333333,0.0,10050.0,10800.0,0.0,1.0
2025-01-16,35,2025-01-16 00:00:00,2025-01-16 00:00:00,742.2176666666666,0.004816666666666666,40.69217333333341,782.9098399999999,0.004816666666666666,0,0.8,1200.0,1200.0,782.9050233333332,0.0,-0.0,10800.0,10800.0,0.0,0.0
2025-01-16,36,2025-01-16 00:00:00,2025-01-16 00:00:00,945.8383333333333,0.0,40.69217333333341,986.5305066666666,0.0,0,0.8,1200.0,1200.0,986.5305066666666,0.0,0.0,10800.0,10800.0,0.0,0.0
2025-01-16,37,2025-01-16 00:00:00,2025-01-16 00:00:00,940.9293666666667,0.0,20.412030000000062,961.3413966666668,0.0,0,0.8,1200.0,1200.0,286.3413966666668,0.0,675.0,10800.0,10050.0,0.0,0.0
2025-01-16,38,2025-01-16 00:00:00,2025-01-16 00:00:00,891.9264166666667,0.067,20.412030000000062,912.3384466666668,0.067,0,0.8,1200.0,1200.0,912.2714466666667,0.0,0.0,10050.0,10050.0,0.0,0.0
2025-01-16,39,2025-01-16 00:00:00,2025-01-16 00:00:00,900.0183333333333,0.0,20.412030000000062,920.4303633333334,0.0,0,0.8,1200.0,1200.0,920.4303633333334,0.0,0.0,10050.0,10050.0,0.0,0.0
2025-01-16,40,2025-01-16 00:00:00,2025-01-16 00:00:00,898.1990666666667,0.0,20.412030000000062,918.6110966666668,0.0,0,0.8,1200.0,1200.0,918.6110966666668,0.0,0.0,10050.0,10050.0,0.0,0.0
2025-01-16,41,2025-01-16 00:00:00,2025-01-16 00:00:00,893.2302833333333,1.4877166666666666,20.412030000000062,913.6423133333334,1.4877166666666666,0,0.8,1200.0,1200.0,912.1545966666667,0.0,0.0,10050.0,10050.0,0.0,0.0
2025-01-16,42,2025-01-16 00:00:00,2025-01-16 00:00:00,898.18,14.975,20.412030000000062,918.59203,14.975,0,0.8,1200.0,1200.0,903.61703,0.0,0.0,10050.0,10050.0,0.0,0.0
2025-01-16,43,2025-01-16 00:00:00,2025-01-16 00:00:00,911.7967166666667,50.04215,36.9123366666667,948.7090533333334,50.04215,0,0.8,1200.0,1200.0,898.6669033333334,0.0,0.0,10050.0,10050.0,0.0,0.0
2025-01-16,44,2025-01-16 00:00:00,2025-01-16 00:00:00,931.4382666666667,94.42913333333333,36.9123366666667,968.3506033333333,94.42913333333333,0,0.8,1200.0,1200.0,873.92147,0.0,0.0,10050.0,10050.0,0.0,0.0
2025-01-16,45,2025-01-16 00:00:00,2025-01-16 00:00:00,934.59,139.88750000000002,36.9123366666667,971.5023366666667,139.88750000000002,0,0.8,1200.0,1200.0,831.6148366666666,0.0,0.0,10050.0,10050.0,0.0,0.0
2025-01-16,46,2025-01-16 00:00:00,2025-01-16 00:00:00,921.2082166666668,186.65878333333333,36.9123366666667,958.1205533333334,186.65878333333333,0,0.8,1200.0,1200.0,1604.7951033333334,833.3333333333333,0.0,10050.0,10800.0,0.0,1.0
2025-01-16,47,2025-01-16 00:00:00,2025-01-16 00:00:00,1047.3628166666667,230.75015,36.9123366666667,1084.2751533333335,230.75015,0,0.8,1200.0,1200.0,853.5250033333335,0.0,0.0,10800.0,10800.0,0.0,0.0
2025-01-16,48,2025-01-16 00:00:00,2025-01-16 00:00:00,1224.165,274.6125,36.9123366666667,1261.0773366666667,274.6125,0,0.8,1200.0,1200.0,153.1315033333335,0.0,833.3333333333333,10800.0,9874.074074074075,0.0,0.0
2025-01-16,49,2025-01-16 00:00:00,2025-01-16 00:00:00,1196.5498166666666,327.1257,39.86786666666658,1236.4176833333331,327.1257,0,0.8,1200.0,1200.0,75.9586499999998,0.0,833.3333333333333,9874.074074074075,8948.14814814815,0.0,0.0
2025-01-16,50,2025-01-16 00:00:00,2025-01-16 00:00:00,1170.8678166666666,391.51206666666667,39.86786666666658,1210.735683333333,391.51206666666667,0,0.8,1200.0,1200.0,0.0,0.0,819.2236166666664,8948.14814814815,8037.899685185187,0.0,0.0
2025-01-16,51,2025-01-16 00:00:00,2025-01-16 00:00:00,1228.675,448.09375,39.86786666666658,1268.5428666666664,448.09375,0,0.8,1200.0,1200.0,0.0,0.0,820.4491166666664,8037.899685185187,7126.289555555558,0.0,0.0
2025-01-16,52,2025-01-16 00:00:00,2025-01-16 00:00:00,1241.7852500000001,470.7354666666667,39.86786666666658,1281.6531166666666,470.7354666666667,0,0.8,1200.0,1200.0,0.0,0.0,810.9176499999999,7126.289555555558,6225.269944444447,0.0,0.0
2025-01-16,53,2025-01-16 00:00:00,2025-01-16 00:00:00,1216.3218833333333,491.75441666666666,39.86786666666658,1256.1897499999998,491.75441666666666,0,0.8,1200.0,1200.0,0.0,0.0,764.4353333333331,6225.269944444447,5375.897351851854,0.0,0.0
2025-01-16,54,2025-01-16 00:00:00,2025-01-16 00:00:00,1199.0183333333332,528.1374999999999,39.86786666666658,1238.8861999999997,528.1374999999999,0,0.8,1200.0,1200.0,0.0,0.0,710.7486999999998,5375.897351851854,4586.176574074077,0.0,0.0
2025-01-16,55,2025-01-16 00:00:00,2025-01-16 00:00:00,1218.1784333333333,568.54715,50.111750000000235,1268.2901833333335,568.54715,0,0.8,1200.0,1200.0,0.0,0.0,699.7430333333335,4586.176574074077,3808.6843148148173,0.0,0.0
2025-01-16,56,2025-01-16 00:00:00,2025-01-16 00:00:00,1214.4677166666668,609.60545,50.111750000000235,1264.579466666667,609.60545,0,0.8,1200.0,1200.0,0.0,0.0,654.974016666667,3808.6843148148173,3080.9354074074095,0.0,0.0
2025-01-16,57,2025-01-16 00:00:00,2025-01-16 00:00:00,1186.6233333333332,662.6125000000001,50.111750000000235,1236.7350833333335,662.6125000000001,0,0.8,1200.0,1200.0,124.32921666666488,0.0,449.79336666666853,3080.9354074074095,2581.165,0.0,0.0
2025-01-16,58,2025-01-16 00:00:00,2025-01-16 00:00:00,1191.4271333333334,735.2740333333333,50.111750000000235,1241.5388833333336,735.2740333333333,0,0.8,1200.0,1200.0,506.26485000000037,0.0,0.0,2581.165,2581.165,0.0,0.0
2025-01-16,59,2025-01-16 00:00:00,2025-01-16 00:00:00,1199.18135,774.9026166666666,50.111750000000235,1249.2931000000003,774.9026166666666,0,0.8,1200.0,1200.0,474.3904833333337,0.0,0.0,2581.165,2581.165,0.0,0.0
2025-01-16,60,2025-01-16 00:00:00,2025-01-16 00:00:00,1190.8516666666667,791.1687499999999,50.111750000000235,1240.963416666667,791.1687499999999,0,0.8,1200.0,1200.0,0.0,0.0,449.794666666667,2581.165,2081.3931481481477,0.0,0.0
2025-01-16,61,2025-01-16 00:00:00,2025-01-16 00:00:00,1180.83955,842.9839333333333,74.39999999999996,1255.2395499999998,842.9839333333333,0,0.8,1200.0,1200.0,0.0,0.0,412.25561666666647,2081.3931481481477,1623.3313518518517,0.0,0.0
2025-01-16,62,2025-01-16 00:00:00,2025-01-16 00:00:00,1183.6560166666666,878.5017666666666,74.39999999999996,1258.0560166666664,878.5017666666666,0,0.8,1200.0,1200.0,379.5542499999998,0.0,0.0,1623.3313518518517,1623.3313518518517,0.0,0.0
2025-01-16,63,2025-01-16 00:00:00,2025-01-16 00:00:00,1191.125,877.53125,74.39999999999996,1265.5249999999999,877.53125,0,0.8,1200.0,1200.0,387.99374999999986,0.0,0.0,1623.3313518518517,1623.3313518518517,0.0,0.0
2025-01-16,64,2025-01-16 00:00:00,2025-01-16 00:00:00,1182.6243833333333,876.0261666666667,74.39999999999996,1257.0243833333332,876.0261666666667,0,0.8,1200.0,1200.0,0.0,0.0,380.9982166666665,1623.3313518518517,1200.0,0.0,0.0
2025-01-16,65,2025-01-16 00:00:00,2025-01-16 00:00:00,1176.1524333333334,892.6540333333334,74.39999999999996,1250.5524333333333,892.6540333333334,0,0.8,1200.0,1200.0,357.8983999999999,0.0,0.0,1200.0,1200.0,0.0,0.0
2025-01-16,66,2025-01-16 00:00:00,2025-01-16 00:00:00,1176.9616666666668,916.63125,74.39999999999996,1251.3616666666667,916.63125,0,0.8,1200.0,1200.0,1168.0637499999998,833.3333333333333,0.0,1200.0,1950.0,0.0,1.0
2025-01-16,67,2025-01-16 00:00:00,2025-01-16 00:00:00,1173.9096,924.6773666666667,48.0089366666667,1221.9185366666666,924.6773666666667,0,0.8,1200.0,1200.0,1130.5745033333333,833.3333333333333,0.0,1950.0,2700.0,0.0,1.0
2025-01-16,68,2025-01-16 00:00:00,2025-01-16 00:00:00,1179.7797333333333,940.3977,48.0089366666667,1227.78867,940.3977,0,0.8,1200.0,1200.0,1120.7243033333332,833.3333333333333,0.0,2700.0,3450.0,0.0,1.0
2025-01-16,69,2025-01-16 00:00:00,2025-01-16 00:00:00,1189.015,976.6687499999999,48.0089366666667,1237.0239366666667,976.6687499999999,0,0.8,1200.0,1200.0,1093.6885200000002,833.3333333333333,0.0,3450.0,4200.0,0.0,1.0
2025-01-16,70,2025-01-16 00:00:00,2025-01-16 00:00:00,1179.15095,1015.5962666666666,48.0089366666667,1227.1598866666666,1015.5962666666666,0,0.8,1200.0,1200.0,1044.8969533333334,833.3333333333333,0.0,4200.0,4950.0,0.0,1.0
2025-01-16,71,2025-01-16 00:00:00,2025-01-16 00:00:00,1157.6973833333334,1010.3395666666667,48.0089366666667,1205.70632,1010.3395666666667,0,0.8,1200.0,1200.0,1028.7000866666667,833.3333333333333,0.0,4950.0,5700.0,0.0,1.0
2025-01-16,72,2025-01-16 00:00:00,2025-01-16 00:00:00,1124.4683333333335,981.225,48.0089366666667,1172.47727,981.225,0,0.8,1200.0,1200.0,1024.5856033333334,833.3333333333333,0.0,5700.0,6450.0,0.0,1.0
2025-01-16,73,2025-01-16 00:00:00,2025-01-16 00:00:00,1078.7658166666668,994.0265833333333,90.49810999999973,1169.2639266666665,994.0265833333333,0,0.8,1200.0,1200.0,1008.5706766666665,833.3333333333333,0.0,6450.0,7200.0,0.0,1.0
2025-01-16,74,2025-01-16 00:00:00,2025-01-16 00:00:00,1075.6932333333332,1002.2950999999999,90.49810999999973,1166.191343333333,1002.2950999999999,0,0.8,1200.0,1200.0,997.2295766666663,833.3333333333333,0.0,7200.0,7950.0,0.0,1.0
2025-01-16,75,2025-01-16 00:00:00,2025-01-16 00:00:00,1093.74,989.90625,90.49810999999973,1184.2381099999998,989.90625,0,0.8,1200.0,1200.0,1027.665193333333,833.3333333333333,0.0,7950.0,8700.0,0.0,1.0
2025-01-16,76,2025-01-16 00:00:00,2025-01-16 00:00:00,1065.1094,989.1074166666667,90.49810999999973,1155.6075099999998,989.1074166666667,0,0.8,1200.0,1200.0,999.8334266666664,833.3333333333333,0.0,8700.0,9450.0,0.0,1.0
2025-01-16,77,2025-01-16 00:00:00,2025-01-16 00:00:00,1092.3361333333335,988.84875,90.49810999999973,1182.8342433333332,988.84875,0,0.8,1200.0,1200.0,1027.3188266666666,833.3333333333333,0.0,9450.0,10200.0,0.0,1.0
2025-01-16,78,2025-01-16 00:00:00,2025-01-16 00:00:00,1151.8033333333333,966.5749999999999,90.49810999999973,1242.301443333333,966.5749999999999,0,0.8,1200.0,1200.0,275.7264433333331,0.0,0.0,10200.0,10200.0,0.0,0.0
2025-01-16,79,2025-01-16 00:00:00,2025-01-16 00:00:00,1113.5318,910.4545666666667,84.67573333333328,1198.2075333333332,910.4545666666667,0,0.8,1200.0,1200.0,287.75296666666657,0.0,0.0,10200.0,10200.0,0.0,0.0
2025-01-16,80,2025-01-16 00:00:00,2025-01-16 00:00:00,1094.2901833333333,850.8616166666667,84.67573333333328,1178.9659166666665,850.8616166666667,0,0.8,1200.0,1200.0,328.10429999999985,0.0,0.0,10200.0,10200.0,0.0,0.0
2025-01-16,81,2025-01-16 00:00:00,2025-01-16 00:00:00,1121.305,810.275,84.67573333333328,1205.9807333333333,810.275,0,0.8,1200.0,1200.0,395.70573333333334,0.0,0.0,10200.0,10200.0,0.0,0.0
2025-01-16,82,2025-01-16 00:00:00,2025-01-16 00:00:00,1105.8807333333332,788.1631333333333,84.67573333333328,1190.5564666666664,788.1631333333333,0,0.8,1200.0,1200.0,402.3933333333331,0.0,0.0,10200.0,10200.0,0.0,0.0
2025-01-16,83,2025-01-16 00:00:00,2025-01-16 00:00:00,1104.10255,766.4114833333333,84.67573333333328,1188.7782833333333,766.4114833333333,0,0.8,1200.0,1200.0,422.3668,0.0,0.0,10200.0,10200.0,0.0,0.0
2025-01-16,84,2025-01-16 00:00:00,2025-01-16 00:00:00,1121.0316666666665,737.9625,84.67573333333328,1205.7073999999998,737.9625,0,0.8,1200.0,1200.0,0.0,0.0,467.7448999999998,10200.0,9680.283444444445,0.0,0.0
2025-01-16,85,2025-01-16 00:00:00,2025-01-16 00:00:00,1099.1528166666667,710.7455333333334,60.417583333333425,1159.5704,710.7455333333334,0,0.8,1200.0,1200.0,0.0,0.0,448.8248666666667,9680.283444444445,9181.589148148149,0.0,0.0
2025-01-16,86,2025-01-16 00:00:00,2025-01-16 00:00:00,1083.6322833333334,691.0889666666667,60.417583333333425,1144.0498666666667,691.0889666666667,0,0.8,1200.0,1200.0,0.0,0.0,452.96090000000004,9181.589148148149,8678.29925925926,0.0,0.0
2025-01-16,87,2025-01-16 00:00:00,2025-01-16 00:00:00,1086.7216666666666,672.275,60.417583333333425,1147.13925,672.275,0,0.8,1200.0,1200.0,0.0,0.0,474.86424999999997,8678.29925925926,8150.672314814816,0.0,0.0
2025-01-16,88,2025-01-16 00:00:00,2025-01-16 00:00:00,1075.593,639.9993000000001,60.417583333333425,1136.0105833333334,639.9993000000001,0,0.8,1200.0,1200.0,0.0,0.0,496.0112833333334,8150.672314814816,7599.5486666666675,0.0,0.0
2025-01-16,89,2025-01-16 00:00:00,2025-01-16 00:00:00,1073.9688166666667,599.6563333333334,60.417583333333425,1134.3864,599.6563333333334,0,0.8,1200.0,1200.0,40.13626666666602,0.0,494.5938000000007,7599.5486666666675,7050.0,0.0,0.0
2025-01-16,90,2025-01-16 00:00:00,2025-01-16 00:00:00,1088.9966666666667,564.6875,60.417583333333425,1149.41425,564.6875,0,0.8,1200.0,1200.0,1418.0600833333333,833.3333333333333,0.0,7050.0,7800.0,0.0,1.0
2025-01-16,91,2025-01-16 00:00:00,2025-01-16 00:00:00,1097.4280666666666,541.8687,35.88388999999989,1133.3119566666664,541.8687,0,0.8,1200.0,1200.0,1424.7765899999997,833.3333333333333,0.0,7800.0,8550.0,0.0,1.0
2025-01-16,92,2025-01-16 00:00:00,2025-01-16 00:00:00,1081.2755,501.01635000000005,35.88388999999989,1117.1593899999998,501.01635000000005,0,0.8,1200.0,1200.0,1449.476373333333,833.3333333333333,0.0,8550.0,9300.0,0.0,1.0
2025-01-16,93,2025-01-16 00:00:00,2025-01-16 00:00:00,1055.5216666666668,440.05,35.88388999999989,1091.4055566666666,440.05,0,0.8,1200.0,1200.0,1484.68889,833.3333333333333,0.0,9300.0,10050.0,0.0,1.0
2025-01-16,94,2025-01-16 00:00:00,2025-01-16 00:00:00,1055.4207166666667,386.8847166666667,35.88388999999989,1091.3046066666666,386.8847166666667,0,0.8,1200.0,1200.0,1537.7532233333332,833.3333333333333,0.0,10050.0,10800.0,0.0,1.0
2025-01-16,95,2025-01-16 00:00:00,2025-01-16 00:00:00,1071.9044000000001,340.10565,35.88388999999989,1107.78829,340.10565,0,0.8,1200.0,1200.0,767.68264,0.0,0.0,10800.0,10800.0,0.0,0.0
2025-01-16,96,2025-01-16 00:00:00,2025-01-16 00:00:00,1080.67,294.90625,35.88388999999989,1116.55389,294.90625,0,0.8,1200.0,1200.0,821.6476399999999,0.0,0.0,10800.0,10800.0,0.0,0.0
2025-01-16,97,2025-01-16 00:00:00,2025-01-16 00:00:00,1065.9254666666668,250.40318333333335,20.58541666666659,1086.5108833333334,250.40318333333335,0,0.8,1200.0,1200.0,836.1077,0.0,0.0,10800.0,10800.0,0.0,0.0
2025-01-16,98,2025-01-16 00:00:00,2025-01-16 00:00:00,1059.2460166666667,204.10495,20.58541666666659,1079.8314333333333,204.10495,0,0.8,1200.0,1200.0,875.7264833333332,-0.0,0.0,10800.0,10800.0,0.0,0.0
2025-01-16,99,2025-01-16 00:00:00,2025-01-16 00:00:00,1060.52,155.45000000000002,20.58541666666659,1081.1054166666665,155.45000000000002,0,0.8,1200.0,1200.0,925.6554166666665,0.0,0.0,10800.0,10800.0,0.0,0.0
2025-01-16,100,2025-01-16 00:00:00,2025-01-16 00:00:00,1042.2201,105.90393333333333,20.58541666666659,1062.8055166666666,105.90393333333333,0,0.8,1200.0,1200.0,956.9015833333333,0.0,0.0,10800.0,10800.0,0.0,0.0
2025-01-16,101,2025-01-16 00:00:00,2025-01-16 00:00:00,1039.1637166666667,55.979899999999994,20.58541666666659,1059.7491333333332,55.979899999999994,0,0.8,1200.0,1200.0,1003.7692333333332,0.0,0.0,10800.0,10800.0,0.0,0.0
2025-01-16,102,2025-01-16 00:00:00,2025-01-16 00:00:00,1050.48,16.35625,20.58541666666659,1071.0654166666666,16.35625,0,0.8,1200.0,1200.0,1054.7091666666665,0.0,0.0,10800.0,10800.0,0.0,0.0
2025-01-16,103,2025-01-16 00:00:00,2025-01-16 00:00:00,1040.6582166666667,1.4994666666666667,24.77017000000008,1065.4283866666667,1.4994666666666667,0,0.8,1200.0,1200.0,1063.92892,0.0,0.0,10800.0,10800.0,0.0,0.0
2025-01-16,104,2025-01-16 00:00:00,2025-01-16 00:00:00,1040.8204666666668,0.0,24.77017000000008,1065.5906366666668,0.0,0,0.8,1200.0,1200.0,1065.5906366666668,-0.0,0.0,10800.0,10800.0,0.0,0.0
2025-01-16,105,2025-01-16 00:00:00,2025-01-16 00:00:00,1057.8983333333333,0.0,24.77017000000008,1082.6685033333333,0.0,0,0.8,1200.0,1200.0,1082.6685033333333,0.0,0.0,10800.0,10800.0,0.0,0.0
2025-01-16,106,2025-01-16 00:00:00,2025-01-16 00:00:00,1043.88335,0.06416666666666666,24.77017000000008,1068.65352,0.06416666666666666,0,0.8,1200.0,1200.0,1068.5893533333333,0.0,0.0,10800.0,10800.0,0.0,0.0
2025-01-16,107,2025-01-16 00:00:00,2025-01-16 00:00:00,905.0344333333334,0.0,24.77017000000008,929.8046033333335,0.0,0,0.8,1200.0,1200.0,929.8046033333335,0.0,0.0,10800.0,10800.0,0.0,0.0
2025-01-16,108,2025-01-16 00:00:00,2025-01-16 00:00:00,726.7866666666667,0.0,24.77017000000008,751.5568366666669,0.0,0,0.8,1200.0,1200.0,751.5568366666669,0.0,0.0,10800.0,10800.0,0.0,0.0
2025-01-16,109,2025-01-16 00:00:00,2025-01-16 00:00:00,708.2613500000001,0.0046,23.652360000000048,731.9137100000002,0.0046,0,0.8,1200.0,1200.0,731.9091100000002,0.0,-0.0,10800.0,10800.0,0.0,0.0
2025-01-16,110,2025-01-16 00:00:00,2025-01-16 00:00:00,746.7409666666667,0.0,23.652360000000048,770.3933266666668,0.0,0,0.8,1200.0,1200.0,770.3933266666668,0.0,0.0,10800.0,10800.0,0.0,0.0
2025-01-16,111,2025-01-16 00:00:00,2025-01-16 00:00:00,753.7033333333334,0.0,23.652360000000048,777.3556933333334,0.0,0,0.8,1200.0,1200.0,777.3556933333334,0.0,0.0,10800.0,10800.0,0.0,0.0
2025-01-16,112,2025-01-16 00:00:00,2025-01-16 00:00:00,738.3958666666667,0.0003333333333333333,23.652360000000048,762.0482266666668,0.0003333333333333333,0,0.8,1200.0,1200.0,762.0478933333335,0.0,0.0,10800.0,10800.0,0.0,0.0
2025-01-16,113,2025-01-16 00:00:00,2025-01-16 00:00:00,732.5549166666666,0.0,23.652360000000048,756.2072766666666,0.0,0,0.8,1200.0,1200.0,490.14214999999916,0.0,266.0651266666675,10800.0,10504.37208148148,0.0,0.0
2025-01-16,114,2025-01-16 00:00:00,2025-01-16 00:00:00,735.8883333333333,0.0,23.652360000000048,759.5406933333334,0.0,0,0.8,1200.0,1200.0,0.0,0.0,759.5406933333334,10504.37208148148,9660.437977777778,0.0,0.0
2025-01-16,115,2025-01-16 00:00:00,2025-01-16 00:00:00,724.5254333333334,0.0,37.41266666666659,761.9381,0.0,0,0.8,1200.0,1200.0,0.0,0.0,761.9381,9660.437977777778,8813.840088888888,0.0,0.0
2025-01-16,116,2025-01-16 00:00:00,2025-01-16 00:00:00,725.2221333333333,0.0,37.41266666666659,762.6347999999999,0.0,0,0.8,1200.0,1200.0,0.0,0.0,762.6347999999999,8813.840088888888,7966.468088888889,0.0,0.0
2025-01-16,117,2025-01-16 00:00:00,2025-01-16 00:00:00,740.7199999999999,0.0,37.41266666666659,778.1326666666665,0.0,0,0.8,1200.0,1200.0,0.0,0.0,778.1326666666665,7966.468088888889,7101.876237037037,0.0,0.0
2025-01-16,118,2025-01-16 00:00:00,2025-01-16 00:00:00,744.2487333333333,0.0,37.41266666666659,781.6614,0.0,0,0.8,1200.0,1200.0,0.0,0.0,781.6614,7101.876237037037,6233.36357037037,0.0,0.0
2025-01-16,119,2025-01-16 00:00:00,2025-01-16 00:00:00,738.9341666666666,0.0,37.41266666666659,776.3468333333332,0.0,0,0.8,1200.0,1200.0,0.0,0.0,776.3468333333332,6233.36357037037,5370.755977777778,0.0,0.0
2025-01-16,120,2025-01-16 00:00:00,2025-01-16 00:00:00,727.7816666666666,0.0,37.41266666666659,765.1943333333332,0.0,0,0.8,1200.0,1200.0,0.0,0.0,765.1943333333332,5370.755977777778,4520.540051851852,0.0,0.0
2025-01-16,121,2025-01-16 00:00:00,2025-01-16 00:00:00,712.6180333333333,0.0,23.319269999999914,735.9373033333333,0.0,0,0.8,1200.0,1200.0,0.0,0.0,735.9373033333333,4520.540051851852,3702.8319370370373,0.0,0.0
2025-01-16,122,2025-01-16 00:00:00,2025-01-16 00:00:00,720.4747333333333,0.0,23.319269999999914,743.7940033333333,0.0,0,0.8,1200.0,1200.0,0.0,0.0,743.7940033333333,3702.8319370370373,2876.3941555555557,0.0,0.0
2025-01-16,123,2025-01-16 00:00:00,2025-01-16 00:00:00,737.265,0.0,23.319269999999914,760.58427,0.0,0,0.8,1200.0,1200.0,0.0,0.0,760.58427,2876.3941555555557,2031.3005222222223,0.0,0.0
2025-01-16,124,2025-01-16 00:00:00,2025-01-16 00:00:00,724.8512000000001,0.0,23.319269999999914,748.17047,0.0,0,0.8,1200.0,1200.0,0.0,0.0,748.17047,2031.3005222222223,1200.0,0.0,0.0
2025-01-16,125,2025-01-16 00:00:00,2025-01-16 00:00:00,735.8116833333333,0.0,23.319269999999914,759.1309533333333,0.0,0,0.8,1200.0,1200.0,759.1309533333333,0.0,0.0,1200.0,1200.0,0.0,0.0
2025-01-16,126,2025-01-16 00:00:00,2025-01-16 00:00:00,775.1783333333333,0.0,23.319269999999914,798.4976033333332,0.0,0,0.8,1200.0,1200.0,798.4976033333332,-0.0,0.0,1200.0,1200.0,0.0,-0.0
2025-01-16,127,2025-01-16 00:00:00,2025-01-16 00:00:00,786.8982500000001,0.0,32.86350666666668,819.7617566666668,0.0,0,0.8,1200.0,1200.0,819.7617566666668,0.0,0.0,1200.0,1200.0,0.0,0.0
2025-01-16,128,2025-01-16 00:00:00,2025-01-16 00:00:00,756.1267166666667,0.0,32.86350666666668,788.9902233333333,0.0,0,0.8,1200.0,1200.0,788.9902233333333,0.0,0.0,1200.0,1200.0,0.0,0.0
2025-01-16,129,2025-01-16 00:00:00,2025-01-16 00:00:00,737.2800000000001,0.0,32.86350666666668,770.1435066666668,0.0,0,0.8,1200.0,1200.0,770.1435066666668,0.0,0.0,1200.0,1200.0,0.0,0.0
2025-01-16,130,2025-01-16 00:00:00,2025-01-16 00:00:00,781.5158833333334,0.0,32.86350666666668,814.3793900000001,0.0,0,0.8,1200.0,1200.0,814.3793900000001,0.0,-0.0,1200.0,1200.0,0.0,0.0
2025-01-16,131,2025-01-16 00:00:00,2025-01-16 00:00:00,706.2948333333334,0.0,32.86350666666668,739.1583400000001,0.0,0,0.8,1200.0,1200.0,739.1583400000001,0.0,-0.0,1200.0,1200.0,0.0,0.0
2025-01-16,132,2025-01-16 00:00:00,2025-01-16 00:00:00,544.4316666666667,0.0,32.86350666666668,577.2951733333334,0.0,0,0.8,1200.0,1200.0,577.2951733333334,0.0,0.0,1200.0,1200.0,0.0,0.0
2025-01-16,133,2025-01-16 00:00:00,2025-01-16 00:00:00,521.8748166666667,0.0,36.28700000000001,558.1618166666667,0.0,0,0.8,1200.0,1200.0,558.1618166666667,0.0,0.0,1200.0,1200.0,0.0,0.0
2025-01-16,134,2025-01-16 00:00:00,2025-01-16 00:00:00,544.5650666666667,0.0,36.28700000000001,580.8520666666667,0.0,0,0.8,1200.0,1200.0,580.8520666666667,0.0,-0.0,1200.0,1200.0,0.0,0.0
2025-01-16,135,2025-01-16 00:00:00,2025-01-16 00:00:00,552.1366666666667,0.0,36.28700000000001,588.4236666666667,0.0,0,0.8,1200.0,1200.0,588.4236666666667,0.0,0.0,1200.0,1200.0,0.0,0.0
2025-01-16,136,2025-01-16 00:00:00,2025-01-16 00:00:00,584.8221333333333,0.0,36.28700000000001,621.1091333333334,0.0,0,0.8,1200.0,1200.0,621.1091333333334,0.0,0.0,1200.0,1200.0,0.0,0.0
2025-01-16,137,2025-01-16 00:00:00,2025-01-16 00:00:00,618.6851166666667,0.0,36.28700000000001,654.9721166666667,0.0,0,0.8,1200.0,1200.0,654.9721166666667,0.0,0.0,1200.0,1200.0,0.0,0.0
2025-01-16,138,2025-01-16 00:00:00,2025-01-16 00:00:00,618.87,0.0,36.28700000000001,655.157,0.0,0,0.8,1200.0,1200.0,655.157,0.0,0.0,1200.0,1200.0,0.0,0.0
2025-01-16,139,2025-01-16 00:00:00,2025-01-16 00:00:00,577.9995666666667,0.0,25.12215333333334,603.1217200000001,0.0,0,0.8,1200.0,1200.0,603.1217200000001,0.0,0.0,1200.0,1200.0,0.0,0.0
2025-01-16,140,2025-01-16 00:00:00,2025-01-16 00:00:00,569.48735,0.0,25.12215333333334,594.6095033333334,0.0,0,0.8,1200.0,1200.0,594.6095033333334,0.0,0.0,1200.0,1200.0,0.0,0.0
2025-01-16,141,2025-01-16 00:00:00,2025-01-16 00:00:00,607.2316666666667,0.0,25.12215333333334,632.35382,0.0,0,0.8,1200.0,1200.0,632.35382,0.0,0.0,1200.0,1200.0,0.0,0.0
2025-01-16,142,2025-01-16 00:00:00,2025-01-16 00:00:00,624.5394833333334,0.0,25.12215333333334,649.6616366666667,0.0,0,0.8,1200.0,1200.0,649.6616366666667,0.0,0.0,1200.0,1200.0,0.0,0.0
2025-01-16,143,2025-01-16 00:00:00,2025-01-16 00:00:00,555.9524166666666,0.0,25.12215333333334,581.07457,0.0,0,0.8,1200.0,1200.0,581.07457,0.0,0.0,1200.0,1200.0,0.0,0.0
2025-01-16,144,2025-01-16 00:00:00,2025-01-16 00:00:00,451.63000000000005,0.0,25.12215333333334,476.7521533333334,0.0,0,0.8,1200.0,1200.0,476.75215333333335,0.0,0.0,1200.0,1200.0,0.0,0.0
2025-01-17,1,2025-01-17 00:00:00,2025-01-17 00:00:00,431.89034999999996,0.0,22.671666666666635,454.5620166666666,0.0,0,0.8,1200.0,1200.0,1287.8953499999998,833.3333333333333,0.0,2045.4643952962956,2795.4643952962956,0.0,1.0
2025-01-17,2,2025-01-17 00:00:00,2025-01-17 00:00:00,442.57721666666663,0.0,22.671666666666635,465.24888333333325,0.0,0,0.8,1200.0,1200.0,1298.5822166666665,833.3333333333333,0.0,2795.4643952962956,3545.4643952962956,0.0,1.0
2025-01-17,3,2025-01-17 00:00:00,2025-01-17 00:00:00,444.43,0.0,22.671666666666635,467.10166666666663,0.0,0,0.8,1200.0,1200.0,1300.435,833.3333333333333,0.0,3545.4643952962956,4295.464395296296,0.0,1.0
2025-01-17,4,2025-01-17 00:00:00,2025-01-17 00:00:00,450.3699,0.0,22.671666666666635,473.0415666666666,0.0,0,0.8,1200.0,1200.0,1306.3748999999998,833.3333333333333,0.0,4295.464395296296,5045.464395296296,0.0,1.0
2025-01-17,5,2025-01-17 00:00:00,2025-01-17 00:00:00,444.6617166666667,0.0,22.671666666666635,467.3333833333333,0.0,0,0.8,1200.0,1200.0,1300.6667166666666,833.3333333333333,0.0,5045.464395296296,5795.464395296296,0.0,1.0
2025-01-17,6,2025-01-17 00:00:00,2025-01-17 00:00:00,442.50500000000005,0.0,22.671666666666635,465.1766666666667,0.0,0,0.8,1200.0,1200.0,1298.51,833.3333333333333,0.0,5795.464395296296,6545.464395296296,0.0,1.0
2025-01-17,7,2025-01-17 00:00:00,2025-01-17 00:00:00,474.38751666666667,0.0,36.16336000000006,510.55087666666674,0.0,0,0.8,1200.0,1200.0,510.55087666666674,0.0,0.0,6545.464395296296,6545.464395296296,0.0,-0.0
2025-01-17,8,2025-01-17 00:00:00,2025-01-17 00:00:00,480.7295166666667,0.0,36.16336000000006,516.8928766666668,0.0,0,0.8,1200.0,1200.0,1350.22621,833.3333333333333,0.0,6545.464395296296,7295.464395296296,0.0,1.0
2025-01-17,9,2025-01-17 00:00:00,2025-01-17 00:00:00,465.50500000000005,0.0,36.16336000000006,501.6683600000001,0.0,0,0.8,1200.0,1200.0,1335.0016933333334,833.3333333333333,0.0,7295.464395296296,8045.464395296296,0.0,1.0
2025-01-17,10,2025-01-17 00:00:00,2025-01-17 00:00:00,491.04434999999995,0.0,36.16336000000006,527.20771,0.0,0,0.8,1200.0,1200.0,527.20771,0.0,0.0,8045.464395296296,8045.464395296296,0.0,-0.0
2025-01-17,11,2025-01-17 00:00:00,2025-01-17 00:00:00,509.29108333333335,0.0,36.16336000000006,545.4544433333334,0.0,0,0.8,1200.0,1200.0,545.4544433333334,0.0,0.0,8045.464395296296,8045.464395296296,0.0,-0.0
2025-01-17,12,2025-01-17 00:00:00,2025-01-17 00:00:00,493.09666666666664,0.0,36.16336000000006,529.2600266666667,0.0,0,0.8,1200.0,1200.0,1089.8551430041155,560.5951163374488,0.0,8045.464395296296,8550.0,0.0,0.999999999999999
2025-01-17,13,2025-01-17 00:00:00,2025-01-17 00:00:00,469.2202666666667,0.0,24.60243000000005,493.82269666666673,0.0,0,0.8,1200.0,1200.0,1327.15603,833.3333333333333,0.0,8550.0,9300.0,0.0,1.0
2025-01-17,14,2025-01-17 00:00:00,2025-01-17 00:00:00,479.66675000000004,0.0,24.60243000000005,504.26918000000006,0.0,0,0.8,1200.0,1200.0,504.26918000000006,0.0,0.0,9300.0,9300.0,0.0,-0.0
2025-01-17,15,2025-01-17 00:00:00,2025-01-17 00:00:00,511.3616666666667,0.0,24.60243000000005,535.9640966666667,0.0,0,0.8,1200.0,1200.0,535.9640966666667,0.0,0.0,9300.0,9300.0,0.0,0.0
2025-01-17,16,2025-01-17 00:00:00,2025-01-17 00:00:00,511.33078333333333,0.0,24.60243000000005,535.9332133333334,0.0,0,0.8,1200.0,1200.0,535.9332133333334,0.0,0.0,9300.0,9300.0,0.0,0.0
2025-01-17,17,2025-01-17 00:00:00,2025-01-17 00:00:00,500.00673333333333,0.0,24.60243000000005,524.6091633333334,0.0,0,0.8,1200.0,1200.0,524.6091633333334,0.0,0.0,9300.0,9300.0,0.0,-0.0
2025-01-17,18,2025-01-17 00:00:00,2025-01-17 00:00:00,508.1033333333333,0.0,24.60243000000005,532.7057633333334,0.0,0,0.8,1200.0,1200.0,532.7057633333334,0.0,0.0,9300.0,9300.0,0.0,0.0
2025-01-17,19,2025-01-17 00:00:00,2025-01-17 00:00:00,541.6630166666666,0.0,30.734206666666683,572.3972233333333,0.0,0,0.8,1200.0,1200.0,572.3972233333333,0.0,0.0,9300.0,9300.0,0.0,0.0
2025-01-17,20,2025-01-17 00:00:00,2025-01-17 00:00:00,545.4906833333333,0.0,30.734206666666683,576.22489,0.0,0,0.8,1200.0,1200.0,576.22489,0.0,0.0,9300.0,9300.0,0.0,0.0
2025-01-17,21,2025-01-17 00:00:00,2025-01-17 00:00:00,508.355,0.0,30.734206666666683,539.0892066666667,0.0,0,0.8,1200.0,1200.0,539.0892066666667,0.0,0.0,9300.0,9300.0,0.0,0.0
2025-01-17,22,2025-01-17 00:00:00,2025-01-17 00:00:00,478.14840000000004,0.0,30.734206666666683,508.88260666666673,0.0,0,0.8,1200.0,1200.0,508.88260666666673,0.0,0.0,9300.0,9300.0,0.0,0.0
2025-01-17,23,2025-01-17 00:00:00,2025-01-17 00:00:00,499.49885,0.0,30.734206666666683,530.2330566666667,0.0,0,0.8,1200.0,1200.0,530.2330566666667,0.0,0.0,9300.0,9300.0,0.0,0.0
2025-01-17,24,2025-01-17 00:00:00,2025-01-17 00:00:00,546.195,0.0,30.734206666666683,576.9292066666667,0.0,0,0.8,1200.0,1200.0,576.9292066666667,0.0,0.0,9300.0,9300.0,0.0,0.0
2025-01-17,25,2025-01-17 00:00:00,2025-01-17 00:00:00,544.99455,0.0,31.328603333333295,576.3231533333333,0.0,0,0.8,1200.0,1200.0,576.3231533333333,0.0,0.0,9300.0,9300.0,0.0,0.0
2025-01-17,26,2025-01-17 00:00:00,2025-01-17 00:00:00,512.7320333333333,0.0,31.328603333333295,544.0606366666666,0.0,0,0.8,1200.0,1200.0,544.0606366666666,0.0,0.0,9300.0,9300.0,0.0,0.0
2025-01-17,27,2025-01-17 00:00:00,2025-01-17 00:00:00,505.65166666666664,0.0,31.328603333333295,536.9802699999999,0.0,0,0.8,1200.0,1200.0,536.9802699999999,0.0,0.0,9300.0,9300.0,0.0,0.0
2025-01-17,28,2025-01-17 00:00:00,2025-01-17 00:00:00,561.8098166666667,0.0,31.328603333333295,593.13842,0.0,0,0.8,1200.0,1200.0,593.13842,0.0,0.0,9300.0,9300.0,0.0,0.0
2025-01-17,29,2025-01-17 00:00:00,2025-01-17 00:00:00,586.9613499999999,0.0,31.328603333333295,618.2899533333332,0.0,0,0.8,1200.0,1200.0,618.2899533333332,0.0,0.0,9300.0,9300.0,0.0,0.0
2025-01-17,30,2025-01-17 00:00:00,2025-01-17 00:00:00,566.5133333333333,0.0,31.328603333333295,597.8419366666666,0.0,0,0.8,1200.0,1200.0,597.8419366666666,0.0,0.0,9300.0,9300.0,0.0,0.0
2025-01-17,31,2025-01-17 00:00:00,2025-01-17 00:00:00,573.4412666666666,0.0,43.511799999999994,616.9530666666666,0.0,0,0.8,1200.0,1200.0,616.9530666666666,0.0,0.0,9300.0,9300.0,0.0,-0.0
2025-01-17,32,2025-01-17 00:00:00,2025-01-17 00:00:00,580.8068666666667,0.0006166666666666667,43.511799999999994,624.3186666666667,0.0006166666666666667,0,0.8,1200.0,1200.0,624.31805,0.0,0.0,9300.0,9300.0,0.0,0.0
2025-01-17,33,2025-01-17 00:00:00,2025-01-17 00:00:00,568.0233333333333,0.0,43.511799999999994,611.5351333333333,0.0,0,0.8,1200.0,1200.0,1444.8684666666666,833.3333333333333,0.0,9300.0,10050.0,0.0,1.0
2025-01-17,34,2025-01-17 00:00:00,2025-01-17 00:00:00,550.0466666666667,0.0,43.511799999999994,593.5584666666667,0.0,0,0.8,1200.0,1200.0,1426.8917999999999,833.3333333333333,0.0,10050.0,10800.0,0.0,1.0
2025-01-17,35,2025-01-17 00:00:00,2025-01-17 00:00:00,552.3874833333333,0.008499999999999999,43.511799999999994,595.8992833333333,0.008499999999999999,0,0.8,1200.0,1200.0,595.8907833333333,-0.0,0.0,10800.0,10800.0,0.0,0.0
2025-01-17,36,2025-01-17 00:00:00,2025-01-17 00:00:00,572.4733333333334,0.0,43.511799999999994,615.9851333333334,0.0,0,0.8,1200.0,1200.0,0.0,0.0,615.9851333333334,10800.0,10115.572074074074,0.0,0.0
2025-01-17,37,2025-01-17 00:00:00,2025-01-17 00:00:00,582.7121166666667,0.0,23.50900000000002,606.2211166666667,0.0,0,0.8,1200.0,1200.0,0.0,0.0,606.2211166666667,10115.572074074074,9441.993055555557,0.0,0.0
2025-01-17,38,2025-01-17 00:00:00,2025-01-17 00:00:00,577.2782333333333,0.11848333333333333,23.50900000000002,600.7872333333333,0.11848333333333333,0,0.8,1200.0,1200.0,0.0,0.0,600.66875,9441.993055555557,8774.583333333334,0.0,0.0
2025-01-17,39,2025-01-17 00:00:00,2025-01-17 00:00:00,564.99,0.0,23.50900000000002,588.499,0.0,0,0.8,1200.0,1200.0,0.0,0.0,588.499,8774.583333333334,8120.695555555556,0.0,0.0
2025-01-17,40,2025-01-17 00:00:00,2025-01-17 00:00:00,562.3919999999999,0.0,23.50900000000002,585.901,0.0,0,0.8,1200.0,1200.0,0.0,0.0,585.901,8120.695555555556,7469.694444444445,0.0,0.0
2025-01-17,41,2025-01-17 00:00:00,2025-01-17 00:00:00,580.9321833333333,2.2529333333333335,23.50900000000002,604.4411833333334,2.2529333333333335,0,0.8,1200.0,1200.0,0.0,0.0,602.18825,7469.694444444445,6800.596388888889,0.0,0.0
2025-01-17,42,2025-01-17 00:00:00,2025-01-17 00:00:00,618.6850000000001,16.275000000000002,23.50900000000002,642.1940000000001,16.275000000000002,0,0.8,1200.0,1200.0,0.0,0.0,625.9190000000001,6800.596388888889,6105.130833333334,0.0,0.0
2025-01-17,43,2025-01-17 00:00:00,2025-01-17 00:00:00,659.9798166666667,47.76085,34.609249999999996,694.5890666666667,47.76085,0,0.8,1200.0,1200.0,56.48329999999737,0.0,590.3449166666693,6105.130833333334,5449.192037037034,0.0,0.0
2025-01-17,44,2025-01-17 00:00:00,2025-01-17 00:00:00,682.7775166666667,88.89581666666668,34.609249999999996,717.3867666666666,88.89581666666668,0,0.8,1200.0,1200.0,628.49095,0.0,0.0,5449.192037037034,5449.192037037034,0.0,0.0
2025-01-17,45,2025-01-17 00:00:00,2025-01-17 00:00:00,677.335,131.82500000000002,34.609249999999996,711.94425,131.82500000000002,0,0.8,1200.0,1200.0,580.11925,0.0,0.0,5449.192037037034,5449.192037037034,0.0,0.0
2025-01-17,46,2025-01-17 00:00:00,2025-01-17 00:00:00,652.8473833333334,173.47975,34.609249999999996,687.4566333333333,173.47975,0,0.8,1200.0,1200.0,513.9768833333334,0.0,0.0,5449.192037037034,5449.192037037034,0.0,0.0
2025-01-17,47,2025-01-17 00:00:00,2025-01-17 00:00:00,638.0857833333333,215.77241666666666,34.609249999999996,672.6950333333333,215.77241666666666,0,0.8,1200.0,1200.0,0.0,0.0,456.9226166666666,5449.192037037034,4941.500240740738,0.0,0.0
2025-01-17,48,2025-01-17 00:00:00,2025-01-17 00:00:00,640.3466666666667,260.49375000000003,34.609249999999996,674.9559166666667,260.49375000000003,0,0.8,1200.0,1200.0,0.0,0.0,414.46216666666663,4941.500240740738,4480.98672222222,0.0,0.0
2025-01-17,49,2025-01-17 00:00:00,2025-01-17 00:00:00,646.0638166666666,305.51286666666664,46.672819999999824,692.7366366666664,305.51286666666664,0,0.8,1200.0,1200.0,0.0,0.0,387.2237699999998,4480.98672222222,4050.738088888887,0.0,0.0
2025-01-17,50,2025-01-17 00:00:00,2025-01-17 00:00:00,662.0704666666667,339.3194833333333,46.672819999999824,708.7432866666664,339.3194833333333,0,0.8,1200.0,1200.0,0.0,0.0,369.4238033333331,4050.738088888887,3640.2671962962945,0.0,0.0
2025-01-17,51,2025-01-17 00:00:00,2025-01-17 00:00:00,677.3783333333333,370.7,46.672819999999824,724.0511533333331,370.7,0,0.8,1200.0,1200.0,0.0,0.0,353.3511533333331,3640.2671962962945,3247.6548037037023,0.0,0.0
2025-01-17,52,2025-01-17 00:00:00,2025-01-17 00:00:00,675.0169,422.60355,46.672819999999824,721.6897199999997,422.60355,0,0.8,1200.0,1200.0,0.0,0.0,299.08616999999975,3247.6548037037023,2915.336837037036,0.0,0.0
2025-01-17,53,2025-01-17 00:00:00,2025-01-17 00:00:00,703.6926833333333,484.2694166666667,46.672819999999824,750.3655033333331,484.2694166666667,0,0.8,1200.0,1200.0,0.0,0.0,266.0960866666664,2915.336837037036,2619.6745185185177,0.0,0.0
2025-01-17,54,2025-01-17 00:00:00,2025-01-17 00:00:00,755.2583333333333,539.59375,46.672819999999824,801.9311533333331,539.59375,0,0.8,1200.0,1200.0,0.0,0.0,262.3374033333331,2619.6745185185177,2328.1885148148144,0.0,0.0
2025-01-17,55,2025-01-17 00:00:00,2025-01-17 00:00:00,769.4231,580.2057833333333,55.9724999999999,825.3955999999998,580.2057833333333,0,0.8,1200.0,1200.0,0.0,0.0,245.1898166666665,2328.1885148148144,2055.755385185185,0.0,0.0
2025-01-17,56,2025-01-17 00:00:00,2025-01-17 00:00:00,770.0717333333333,614.9460833333334,55.9724999999999,826.0442333333332,614.9460833333334,0,0.8,1200.0,1200.0,0.0,0.0,211.0981499999998,2055.755385185185,1821.2018851851851,0.0,0.0
2025-01-17,57,2025-01-17 00:00:00,2025-01-17 00:00:00,771.91,648.06875,55.9724999999999,827.8824999999998,648.06875,0,0.8,1200.0,1200.0,0.0,0.0,179.8137499999998,1821.2018851851851,1621.4088296296297,0.0,0.0
2025-01-17,58,2025-01-17 00:00:00,2025-01-17 00:00:00,764.4136666666667,675.8628333333334,55.9724999999999,820.3861666666666,675.8628333333334,0,0.8,1200.0,1200.0,0.0,0.0,144.5233333333332,1621.4088296296297,1460.8273481481483,0.0,0.0
2025-01-17,59,2025-01-17 00:00:00,2025-01-17 00:00:00,759.5386666666667,698.667,55.9724999999999,815.5111666666666,698.667,0,0.8,1200.0,1200.0,0.0,0.0,116.84416666666652,1460.8273481481483,1331.0004962962967,0.0,0.0
2025-01-17,60,2025-01-17 00:00:00,2025-01-17 00:00:00,758.7533333333334,729.28125,55.9724999999999,814.7258333333333,729.28125,0,0.8,1200.0,1200.0,0.0,0.0,85.4445833333333,1331.0004962962967,1236.0620703703707,0.0,0.0
2025-01-17,61,2025-01-17 00:00:00,2025-01-17 00:00:00,752.6044166666667,779.7632,59.61464666666689,812.2190633333336,779.7632,0,0.8,1200.0,1200.0,0.0,0.0,32.45586333333358,1236.0620703703707,1200.0,0.0,0.0
2025-01-17,62,2025-01-17 00:00:00,2025-01-17 00:00:00,752.6700833333333,815.7461,59.61464666666689,812.2847300000002,815.7461,0,0.8,1200.0,1200.0,0.0,3.4613699999997607,0.0,1200.0,1203.1152329999998,0.0,1.0
2025-01-17,63,2025-01-17 00:00:00,2025-01-17 00:00:00,751.4616666666667,835.53125,59.61464666666689,811.0763133333336,835.53125,0,0.8,1200.0,1200.0,0.0,24.454936666666413,0.0,1203.1152329999998,1225.1246759999995,0.0,1.0
2025-01-17,64,2025-01-17 00:00:00,2025-01-17 00:00:00,729.2148833333334,871.4816999999999,59.61464666666689,788.8295300000003,871.4816999999999,0,0.8,1200.0,1200.0,0.0,82.65216999999961,0.0,1225.1246759999995,1299.5116289999992,0.0,1.0
2025-01-17,65,2025-01-17 00:00:00,2025-01-17 00:00:00,713.8183333333333,914.9906833333333,59.61464666666689,773.4329800000002,914.9906833333333,0,0.8,1200.0,1200.0,0.0,141.55770333333317,0.0,1299.5116289999992,1426.913561999999,0.0,1.0
2025-01-17,66,2025-01-17 00:00:00,2025-01-17 00:00:00,716.5466666666666,955.3375,59.61464666666689,776.1613133333335,955.3375,0,0.8,1200.0,1200.0,47.44074823045406,226.61693489712053,0.0,1426.913561999999,1630.8688034074075,0.0,0.9999999999999837
2025-01-17,67,2025-01-17 00:00:00,2025-01-17 00:00:00,720.7586833333334,987.8862833333333,46.10964999999999,766.8683333333333,987.8862833333333,0,0.8,1200.0,1200.0,612.3153833333333,833.3333333333333,0.0,1630.8688034074075,2380.8688034074075,0.0,1.0
2025-01-17,68,2025-01-17 00:00:00,2025-01-17 00:00:00,714.0214500000001,998.6749,46.10964999999999,760.1311000000001,998.6749,0,0.8,1200.0,1200.0,594.7895333333333,833.3333333333333,0.0,2380.8688034074075,3130.8688034074075,0.0,1.0
2025-01-17,69,2025-01-17 00:00:00,2025-01-17 00:00:00,700.8716666666666,989.50625,46.10964999999999,746.9813166666665,989.50625,0,0.8,1200.0,1200.0,590.8083999999998,833.3333333333333,0.0,3130.8688034074075,3880.8688034074075,0.0,1.0
2025-01-17,70,2025-01-17 00:00:00,2025-01-17 00:00:00,696.4780666666667,980.0702666666666,46.10964999999999,742.5877166666667,980.0702666666666,0,0.8,1200.0,1200.0,595.8507833333333,833.3333333333333,0.0,3880.8688034074075,4630.8688034074075,0.0,1.0
2025-01-17,71,2025-01-17 00:00:00,2025-01-17 00:00:00,696.2294833333334,988.04815,46.10964999999999,742.3391333333334,988.04815,0,0.8,1200.0,1200.0,587.6243166666667,833.3333333333333,0.0,4630.8688034074075,5380.8688034074075,0.0,1.0
2025-01-17,72,2025-01-17 00:00:00,2025-01-17 00:00:00,692.5916666666667,1012.4125,46.10964999999999,738.7013166666667,1012.4125,0,0.8,1200.0,1200.0,559.6221499999999,833.3333333333333,0.0,5380.8688034074075,6130.8688034074075,0.0,1.0
2025-01-17,73,2025-01-17 00:00:00,2025-01-17 00:00:00,684.9471833333333,1033.2191333333333,79.23017000000019,764.1773533333335,1033.2191333333333,0,0.8,1200.0,1200.0,564.2915533333335,833.3333333333333,0.0,6130.8688034074075,6880.8688034074075,0.0,1.0
2025-01-17,74,2025-01-17 00:00:00,2025-01-17 00:00:00,690.1725,1028.39155,79.23017000000019,769.4026700000002,1028.39155,0,0.8,1200.0,1200.0,574.3444533333334,833.3333333333333,0.0,6880.8688034074075,7630.8688034074075,0.0,1.0
2025-01-17,75,2025-01-17 00:00:00,2025-01-17 00:00:00,697.6533333333333,1009.8375,79.23017000000019,776.8835033333335,1009.8375,0,0.8,1200.0,1200.0,600.3793366666667,833.3333333333333,0.0,7630.8688034074075,8380.868803407408,0.0,1.0
2025-01-17,76,2025-01-17 00:00:00,2025-01-17 00:00:00,683.0025999999999,1007.2538333333333,79.23017000000019,762.2327700000001,1007.2538333333333,0,0.8,1200.0,1200.0,588.31227,833.3333333333333,0.0,8380.868803407408,9130.868803407408,0.0,1.0
2025-01-17,77,2025-01-17 00:00:00,2025-01-17 00:00:00,690.9398166666666,987.1761833333334,79.23017000000019,770.1699866666668,987.1761833333334,0,0.8,1200.0,1200.0,0.0,217.0061966666666,0.0,9130.868803407408,9326.174380407407,0.0,1.0
2025-01-17,78,2025-01-17 00:00:00,2025-01-17 00:00:00,711.86,967.3125,79.23017000000019,791.0901700000002,967.3125,0,0.8,1200.0,1200.0,0.0,176.22232999999983,0.0,9326.174380407407,9484.774477407407,0.0,1.0
2025-01-17,79,2025-01-17 00:00:00,2025-01-17 00:00:00,687.6421666666666,999.6104833333334,84.19403333333328,771.8362,999.6104833333334,0,0.8,1200.0,1200.0,0.0,227.77428333333341,0.0,9484.774477407407,9689.771332407407,0.0,1.0
2025-01-17,80,2025-01-17 00:00:00,2025-01-17 00:00:00,653.0483333333333,1007.5572333333333,84.19403333333328,737.2423666666666,1007.5572333333333,0,0.8,1200.0,1200.0,0.0,270.3148666666667,0.0,9689.771332407407,9933.054712407407,0.0,1.0
2025-01-17,81,2025-01-17 00:00:00,2025-01-17 00:00:00,647.355,971.40625,84.19403333333328,731.5490333333333,971.40625,0,0.8,1200.0,1200.0,0.0,239.85721666666666,0.0,9933.054712407407,10148.926207407407,0.0,1.0
2025-01-17,82,2025-01-17 00:00:00,2025-01-17 00:00:00,672.2253166666667,946.4481999999999,84.19403333333328,756.41935,946.4481999999999,0,0.8,1200.0,1200.0,0.0,190.02884999999992,0.0,10148.926207407407,10319.952172407407,0.0,1.0
2025-01-17,83,2025-01-17 00:00:00,2025-01-17 00:00:00,661.0276666666667,929.30215,84.19403333333328,745.2217,929.30215,0,0.8,1200.0,1200.0,0.0,184.08044999999993,0.0,10319.952172407407,10485.624577407407,0.0,1.0
2025-01-17,84,2025-01-17 00:00:00,2025-01-17 00:00:00,625.155,893.3312500000001,84.19403333333328,709.3490333333333,893.3312500000001,0,0.8,1200.0,1200.0,0.0,183.98221666666677,0.0,10485.624577407407,10651.208572407408,0.0,1.0
2025-01-17,85,2025-01-17 00:00:00,2025-01-17 00:00:00,642.4182166666667,821.5127666666667,57.68845000000008,700.1066666666668,821.5127666666667,0,0.8,1200.0,1200.0,0.0,121.40609999999992,0.0,10651.208572407408,10760.474062407407,0.0,1.0
2025-01-17,86,2025-01-17 00:00:00,2025-01-17 00:00:00,677.2823333333333,763.4274333333333,57.68845000000008,734.9707833333334,763.4274333333333,0,0.8,1200.0,1200.0,0.0,28.456649999999854,0.0,10760.474062407407,10786.085047407407,0.0,1.0
2025-01-17,87,2025-01-17 00:00:00,2025-01-17 00:00:00,676.6316666666667,733.8562499999999,57.68845000000008,734.3201166666668,733.8562499999999,0,0.8,1200.0,1200.0,0.0,0.0,0.4638666666668314,10786.085047407407,10785.56964,0.0,0.0
2025-01-17,88,2025-01-17 00:00:00,2025-01-17 00:00:00,627.2036666666667,700.92585,57.68845000000008,684.8921166666668,700.92585,0,0.8,1200.0,1200.0,0.0,16.033733333333203,0.0,10785.56964,10800.0,0.0,1.0
2025-01-17,89,2025-01-17 00:00:00,2025-01-17 00:00:00,622.1830166666667,652.91165,57.68845000000008,679.8714666666668,652.91165,0,0.8,1200.0,1200.0,0.0,0.0,26.959816666666825,10800.0,10770.044648148149,0.0,0.0
2025-01-17,90,2025-01-17 00:00:00,2025-01-17 00:00:00,649.9350000000001,598.00625,57.68845000000008,707.6234500000002,598.00625,0,0.8,1200.0,1200.0,109.61720000000014,0.0,0.0,10770.044648148149,10770.044648148149,0.0,0.0
2025-01-17,91,2025-01-17 00:00:00,2025-01-17 00:00:00,616.15545,550.5675833333333,35.39630999999986,651.5517599999998,550.5675833333333,0,0.8,1200.0,1200.0,134.2679009465014,33.28372427983494,0.0,10770.044648148149,10800.0,0.0,1.0
2025-01-17,92,2025-01-17 00:00:00,2025-01-17 00:00:00,614.9143166666667,493.44921666666664,35.39630999999986,650.3106266666665,493.44921666666664,0,0.8,1200.0,1200.0,156.86140999999986,0.0,0.0,10800.0,10800.0,0.0,0.0
2025-01-17,93,2025-01-17 00:00:00,2025-01-17 00:00:00,648.8133333333334,426.25,35.39630999999986,684.2096433333332,426.25,0,0.8,1200.0,1200.0,257.95964333333325,0.0,0.0,10800.0,10800.0,0.0,0.0
2025-01-17,94,2025-01-17 00:00:00,2025-01-17 00:00:00,625.8107333333334,369.4311333333333,35.39630999999986,661.2070433333332,369.4311333333333,0,0.8,1200.0,1200.0,291.7759099999999,0.0,0.0,10800.0,10800.0,0.0,0.0
2025-01-17,95,2025-01-17 00:00:00,2025-01-17 00:00:00,629.7744666666666,327.28878333333336,35.39630999999986,665.1707766666665,327.28878333333336,0,0.8,1200.0,1200.0,337.8819933333331,0.0,0.0,10800.0,10800.0,0.0,0.0
2025-01-17,96,2025-01-17 00:00:00,2025-01-17 00:00:00,664.1816666666667,288.425,35.39630999999986,699.5779766666666,288.425,0,0.8,1200.0,1200.0,411.1529766666666,0.0,0.0,10800.0,10800.0,0.0,0.0
2025-01-17,97,2025-01-17 00:00:00,2025-01-17 00:00:00,639.1021833333333,237.46400000000003,23.05830666666667,662.16049,237.46400000000003,0,0.8,1200.0,1200.0,424.6964899999999,0.0,-0.0,10800.0,10800.0,0.0,0.0
2025-01-17,98,2025-01-17 00:00:00,2025-01-17 00:00:00,593.8299833333333,187.97323333333335,23.05830666666667,616.88829,187.97323333333335,0,0.8,1200.0,1200.0,428.9150566666666,0.0,-0.0,10800.0,10800.0,0.0,0.0
2025-01-17,99,2025-01-17 00:00:00,2025-01-17 00:00:00,583.7516666666667,145.69375,23.05830666666667,606.8099733333333,145.69375,0,0.8,1200.0,1200.0,461.1162233333333,0.0,-0.0,10800.0,10800.0,0.0,0.0
2025-01-17,100,2025-01-17 00:00:00,2025-01-17 00:00:00,614.2868500000001,102.5988,23.05830666666667,637.3451566666668,102.5988,0,0.8,1200.0,1200.0,534.7463566666668,0.0,-0.0,10800.0,10800.0,0.0,0.0
2025-01-17,101,2025-01-17 00:00:00,2025-01-17 00:00:00,568.9919333333333,56.79583333333333,23.05830666666667,592.05024,56.79583333333333,0,0.8,1200.0,1200.0,535.2544066666667,0.0,-0.0,10800.0,10800.0,0.0,0.0
2025-01-17,102,2025-01-17 00:00:00,2025-01-17 00:00:00,474.43333333333334,18.462500000000002,23.05830666666667,497.49164,18.462500000000002,0,0.8,1200.0,1200.0,479.02914000000004,0.0,0.0,10800.0,10800.0,0.0,0.0
2025-01-17,103,2025-01-17 00:00:00,2025-01-17 00:00:00,474.0867333333333,2.243183333333333,25.18168000000005,499.26841333333334,2.243183333333333,0,0.8,1200.0,1200.0,497.02523,0.0,-0.0,10800.0,10800.0,0.0,0.0
2025-01-17,104,2025-01-17 00:00:00,2025-01-17 00:00:00,489.87398333333334,0.0,25.18168000000005,515.0556633333334,0.0,0,0.8,1200.0,1200.0,515.0556633333334,0.0,0.0,10800.0,10800.0,0.0,0.0
2025-01-17,105,2025-01-17 00:00:00,2025-01-17 00:00:00,476.03,0.0,25.18168000000005,501.21168,0.0,0,0.8,1200.0,1200.0,501.21168,0.0,-0.0,10800.0,10800.0,0.0,0.0
2025-01-17,106,2025-01-17 00:00:00,2025-01-17 00:00:00,469.9139333333333,0.11196666666666666,25.18168000000005,495.09561333333335,0.11196666666666666,0,0.8,1200.0,1200.0,494.9836466666667,0.0,0.0,10800.0,10800.0,0.0,0.0
2025-01-17,107,2025-01-17 00:00:00,2025-01-17 00:00:00,481.69668333333334,0.0,25.18168000000005,506.87836333333337,0.0,0,0.8,1200.0,1200.0,506.87836333333337,0.0,-0.0,10800.0,10800.0,0.0,0.0
2025-01-17,108,2025-01-17 00:00:00,2025-01-17 00:00:00,485.05333333333334,0.0,25.18168000000005,510.23501333333337,0.0,0,0.8,1200.0,1200.0,0.0,0.0,510.23501333333337,10800.0,10233.072207407407,0.0,0.0
2025-01-17,109,2025-01-17 00:00:00,2025-01-17 00:00:00,448.6376666666667,0.008033333333333333,21.79030666666668,470.4279733333334,0.008033333333333333,0,0.8,1200.0,1200.0,0.0,0.0,470.41994000000005,10233.072207407407,9710.383385185185,0.0,0.0
2025-01-17,110,2025-01-17 00:00:00,2025-01-17 00:00:00,432.74063333333334,0.0,21.79030666666668,454.53094,0.0,0,0.8,1200.0,1200.0,0.0,0.0,454.53094,9710.383385185185,9205.349007407407,0.0,0.0
2025-01-17,111,2025-01-17 00:00:00,2025-01-17 00:00:00,449.5783333333333,0.0,21.79030666666668,471.36864,0.0,0,0.8,1200.0,1200.0,0.0,0.0,471.36864,9205.349007407407,8681.606074074074,0.0,0.0
2025-01-17,112,2025-01-17 00:00:00,2025-01-17 00:00:00,454.03856666666667,0.0005833333333333334,21.79030666666668,475.8288733333334,0.0005833333333333334,0,0.8,1200.0,1200.0,0.0,0.0,475.82829000000004,8681.606074074074,8152.907974074074,0.0,0.0
2025-01-17,113,2025-01-17 00:00:00,2025-01-17 00:00:00,456.2948166666667,0.0,21.79030666666668,478.0851233333334,0.0,0,0.8,1200.0,1200.0,0.0,0.0,478.0851233333334,8152.907974074074,7621.702281481482,0.0,0.0
2025-01-17,114,2025-01-17 00:00:00,2025-01-17 00:00:00,467.47499999999997,0.0,21.79030666666668,489.2653066666667,0.0,0,0.8,1200.0,1200.0,0.0,0.0,489.2653066666667,7621.702281481482,7078.074162962963,0.0,0.0
2025-01-17,115,2025-01-17 00:00:00,2025-01-17 00:00:00,483.53746666666666,0.0,35.44025333333334,518.97772,0.0,0,0.8,1200.0,1200.0,0.0,0.0,518.97772,7078.074162962963,6501.432251851852,0.0,0.0
2025-01-17,116,2025-01-17 00:00:00,2025-01-17 00:00:00,494.6097,0.0,35.44025333333334,530.0499533333333,0.0,0,0.8,1200.0,1200.0,0.0,0.0,530.0499533333333,6501.432251851852,5912.4878592592595,0.0,0.0
2025-01-17,117,2025-01-17 00:00:00,2025-01-17 00:00:00,495.09,0.0,35.44025333333334,530.5302533333333,0.0,0,0.8,1200.0,1200.0,0.0,0.0,530.5302533333333,5912.4878592592595,5323.0098,0.0,0.0
2025-01-17,118,2025-01-17 00:00:00,2025-01-17 00:00:00,484.6943166666667,0.0,35.44025333333334,520.13457,0.0,0,0.8,1200.0,1200.0,0.0,0.0,520.13457,5323.0098,4745.0824999999995,0.0,0.0
2025-01-17,119,2025-01-17 00:00:00,2025-01-17 00:00:00,462.93756666666667,0.0,35.44025333333334,498.37782,0.0,0,0.8,1200.0,1200.0,0.0,0.0,498.37782,4745.0824999999995,4191.329366666666,0.0,0.0
2025-01-17,120,2025-01-17 00:00:00,2025-01-17 00:00:00,448.3833333333334,0.0,35.44025333333334,483.8235866666667,0.0,0,0.8,1200.0,1200.0,0.0,0.0,483.8235866666667,4191.329366666666,3653.747603703703,0.0,0.0
2025-01-17,121,2025-01-17 00:00:00,2025-01-17 00:00:00,462.08560000000006,0.0,23.389173333333314,485.47477333333336,0.0,0,0.8,1200.0,1200.0,0.0,0.0,485.47477333333336,3653.747603703703,3114.3311888888884,0.0,0.0
2025-01-17,122,2025-01-17 00:00:00,2025-01-17 00:00:00,461.1358666666667,0.0,23.389173333333314,484.52504,0.0,0,0.8,1200.0,1200.0,0.0,0.0,484.52504,3114.3311888888884,2575.970033333333,0.0,0.0
2025-01-17,123,2025-01-17 00:00:00,2025-01-17 00:00:00,448.23499999999996,0.0,23.389173333333314,471.62417333333326,0.0,0,0.8,1200.0,1200.0,0.0,0.0,471.62417333333326,2575.970033333333,2051.943174074074,0.0,0.0
2025-01-17,124,2025-01-17 00:00:00,2025-01-17 00:00:00,466.7966833333333,0.0,23.389173333333314,490.1858566666666,0.0,0,0.8,1200.0,1200.0,0.0,0.0,490.1858566666666,2051.943174074074,1507.2922222222219,0.0,0.0
2025-01-17,125,2025-01-17 00:00:00,2025-01-17 00:00:00,477.62733333333335,0.0,23.389173333333314,501.01650666666666,0.0,0,0.8,1200.0,1200.0,224.45350666666695,0.0,276.5629999999997,1507.2922222222219,1200.0,0.0,0.0
2025-01-17,126,2025-01-17 00:00:00,2025-01-17 00:00:00,460.78,0.0,23.389173333333314,484.1691733333333,0.0,0,0.8,1200.0,1200.0,484.1691733333333,0.0,0.0,1200.0,1200.0,0.0,0.0
2025-01-17,127,2025-01-17 00:00:00,2025-01-17 00:00:00,442.33865,0.0,29.645880000000044,471.98453,0.0,0,0.8,1200.0,1200.0,471.98453,0.0,0.0,1200.0,1200.0,0.0,0.0
2025-01-17,128,2025-01-17 00:00:00,2025-01-17 00:00:00,467.10474999999997,0.0,29.645880000000044,496.75063,0.0,0,0.8,1200.0,1200.0,496.75063,0.0,0.0,1200.0,1200.0,0.0,0.0
2025-01-17,129,2025-01-17 00:00:00,2025-01-17 00:00:00,513.695,0.0,29.645880000000044,543.3408800000001,0.0,0,0.8,1200.0,1200.0,543.3408800000001,0.0,0.0,1200.0,1200.0,0.0,0.0
2025-01-17,130,2025-01-17 00:00:00,2025-01-17 00:00:00,512.2294333333333,0.0,29.645880000000044,541.8753133333333,0.0,0,0.8,1200.0,1200.0,541.8753133333333,0.0,-0.0,1200.0,1200.0,0.0,0.0
2025-01-17,131,2025-01-17 00:00:00,2025-01-17 00:00:00,479.7482,0.0,29.645880000000044,509.39408000000003,0.0,0,0.8,1200.0,1200.0,509.39408000000003,0.0,-0.0,1200.0,1200.0,0.0,0.0
2025-01-17,132,2025-01-17 00:00:00,2025-01-17 00:00:00,438.36999999999995,0.0,29.645880000000044,468.01588,0.0,0,0.8,1200.0,1200.0,468.01588,0.0,0.0,1200.0,1200.0,0.0,0.0
2025-01-17,133,2025-01-17 00:00:00,2025-01-17 00:00:00,398.58504999999997,0.0,38.76755666666668,437.35260666666665,0.0,0,0.8,1200.0,1200.0,437.35260666666665,-0.0,0.0,1200.0,1200.0,0.0,0.0
2025-01-17,134,2025-01-17 00:00:00,2025-01-17 00:00:00,392.15276666666665,0.0,38.76755666666668,430.92032333333333,0.0,0,0.8,1200.0,1200.0,430.92032333333333,0.0,-0.0,1200.0,1200.0,0.0,0.0
2025-01-17,135,2025-01-17 00:00:00,2025-01-17 00:00:00,412.705,0.0,38.76755666666668,451.47255666666666,0.0,0,0.8,1200.0,1200.0,451.47255666666666,0.0,0.0,1200.0,1200.0,0.0,0.0
2025-01-17,136,2025-01-17 00:00:00,2025-01-17 00:00:00,419.4448,0.0,38.76755666666668,458.21235666666666,0.0,0,0.8,1200.0,1200.0,458.21235666666666,0.0,0.0,1200.0,1200.0,0.0,0.0
2025-01-17,137,2025-01-17 00:00:00,2025-01-17 00:00:00,409.38703333333336,0.0,38.76755666666668,448.15459000000004,0.0,0,0.8,1200.0,1200.0,448.15459000000004,0.0,0.0,1200.0,1200.0,0.0,0.0
2025-01-17,138,2025-01-17 00:00:00,2025-01-17 00:00:00,411.81,0.0,38.76755666666668,450.5775566666667,0.0,0,0.8,1200.0,1200.0,450.5775566666667,0.0,0.0,1200.0,1200.0,0.0,0.0
2025-01-17,139,2025-01-17 00:00:00,2025-01-17 00:00:00,451.76696666666663,0.0,24.903426666666682,476.6703933333333,0.0,0,0.8,1200.0,1200.0,476.6703933333333,0.0,0.0,1200.0,1200.0,0.0,0.0
2025-01-17,140,2025-01-17 00:00:00,2025-01-17 00:00:00,452.4115,0.0,24.903426666666682,477.3149266666667,0.0,0,0.8,1200.0,1200.0,477.3149266666667,0.0,0.0,1200.0,1200.0,0.0,0.0
2025-01-17,141,2025-01-17 00:00:00,2025-01-17 00:00:00,409.55,0.0,24.903426666666682,434.4534266666667,0.0,0,0.8,1200.0,1200.0,434.4534266666667,0.0,0.0,1200.0,1200.0,0.0,0.0
2025-01-17,142,2025-01-17 00:00:00,2025-01-17 00:00:00,397.4082166666667,0.0,24.903426666666682,422.3116433333334,0.0,0,0.8,1200.0,1200.0,422.3116433333334,0.0,0.0,1200.0,1200.0,0.0,0.0
2025-01-17,143,2025-01-17 00:00:00,2025-01-17 00:00:00,410.5744666666667,0.0,24.903426666666682,435.4778933333334,0.0,0,0.8,1200.0,1200.0,435.4778933333334,0.0,0.0,1200.0,1200.0,0.0,0.0
2025-01-17,144,2025-01-17 00:00:00,2025-01-17 00:00:00,426.705,0.0,24.903426666666682,451.6084266666667,0.0,0,0.8,1200.0,1200.0,451.6084266666668,0.0,0.0,1200.0,1200.0,0.0,0.0
2025-01-18,1,2025-01-18 00:00:00,2025-01-18 00:00:00,435.76261666666664,0.0,24.56499999999994,460.3276166666666,0.0,0,0.8,1200.0,1200.0,1293.66095,833.3333333333333,0.0,2113.9087151481485,2863.9087151481485,0.0,1.0
2025-01-18,2,2025-01-18 00:00:00,2025-01-18 00:00:00,458.70891666666665,0.0,24.56499999999994,483.2739166666666,0.0,0,0.8,1200.0,1200.0,1316.6072499999998,833.3333333333333,0.0,2863.9087151481485,3613.9087151481485,0.0,1.0
2025-01-18,3,2025-01-18 00:00:00,2025-01-18 00:00:00,478.845,0.0,24.56499999999994,503.40999999999997,0.0,0,0.8,1200.0,1200.0,1336.7433333333333,833.3333333333333,0.0,3613.9087151481485,4363.908715148149,0.0,1.0
2025-01-18,4,2025-01-18 00:00:00,2025-01-18 00:00:00,456.74060000000003,0.0,24.56499999999994,481.30559999999997,0.0,0,0.8,1200.0,1200.0,1314.6389333333332,833.3333333333333,0.0,4363.908715148149,5113.908715148149,0.0,1.0
2025-01-18,5,2025-01-18 00:00:00,2025-01-18 00:00:00,441.4707166666667,0.0,24.56499999999994,466.03571666666664,0.0,0,0.8,1200.0,1200.0,1299.3690499999998,833.3333333333333,0.0,5113.908715148149,5863.908715148149,0.0,1.0
2025-01-18,6,2025-01-18 00:00:00,2025-01-18 00:00:00,458.5083333333334,0.0,24.56499999999994,483.0733333333333,0.0,0,0.8,1200.0,1200.0,1316.4066666666665,833.3333333333333,0.0,5863.908715148149,6613.908715148149,0.0,1.0
2025-01-18,7,2025-01-18 00:00:00,2025-01-18 00:00:00,485.10339999999997,0.0,35.879999999999995,520.9834,0.0,0,0.8,1200.0,1200.0,520.9834,0.0,0.0,6613.908715148149,6613.908715148149,0.0,-0.0
2025-01-18,8,2025-01-18 00:00:00,2025-01-18 00:00:00,492.04356666666666,0.0,35.879999999999995,527.9235666666666,0.0,0,0.8,1200.0,1200.0,1361.2568999999999,833.3333333333333,0.0,6613.908715148149,7363.908715148149,0.0,1.0
2025-01-18,9,2025-01-18 00:00:00,2025-01-18 00:00:00,483.6466666666667,0.0,35.879999999999995,519.5266666666666,0.0,0,0.8,1200.0,1200.0,1352.86,833.3333333333333,0.0,7363.908715148149,8113.908715148149,0.0,1.0
2025-01-18,10,2025-01-18 00:00:00,2025-01-18 00:00:00,490.3176,0.0,35.879999999999995,526.1976,0.0,0,0.8,1200.0,1200.0,526.1976,0.0,0.0,8113.908715148149,8113.908715148149,0.0,-0.0
2025-01-18,11,2025-01-18 00:00:00,2025-01-18 00:00:00,507.94398333333334,0.0,35.879999999999995,543.8239833333333,0.0,0,0.8,1200.0,1200.0,543.8239833333333,0.0,0.0,8113.908715148149,8113.908715148149,0.0,-0.0
2025-01-18,12,2025-01-18 00:00:00,2025-01-18 00:00:00,516.2383333333333,0.0,35.879999999999995,552.1183333333333,0.0,0,0.8,1200.0,1200.0,1036.6642053909454,484.5458720576122,0.0,8113.908715148149,8550.0,0.0,0.9999999999999968
2025-01-18,13,2025-01-18 00:00:00,2025-01-18 00:00:00,501.4458666666667,0.0,22.52079999999995,523.9666666666667,0.0,0,0.8,1200.0,1200.0,1357.3,833.3333333333333,0.0,8550.0,9300.0,0.0,1.0
2025-01-18,14,2025-01-18 00:00:00,2025-01-18 00:00:00,502.2613166666667,0.0,22.52079999999995,524.7821166666666,0.0,0,0.8,1200.0,1200.0,524.7821166666666,0.0,0.0,9300.0,9300.0,0.0,-0.0
2025-01-18,15,2025-01-18 00:00:00,2025-01-18 00:00:00,517.2916666666666,0.0,22.52079999999995,539.8124666666665,0.0,0,0.8,1200.0,1200.0,539.8124666666665,0.0,0.0,9300.0,9300.0,0.0,0.0
2025-01-18,16,2025-01-18 00:00:00,2025-01-18 00:00:00,510.4945666666667,0.0,22.52079999999995,533.0153666666666,0.0,0,0.8,1200.0,1200.0,533.0153666666666,0.0,0.0,9300.0,9300.0,0.0,0.0
2025-01-18,17,2025-01-18 00:00:00,2025-01-18 00:00:00,517.7448166666667,0.0,22.52079999999995,540.2656166666666,0.0,0,0.8,1200.0,1200.0,540.2656166666666,0.0,0.0,9300.0,9300.0,0.0,0.0
2025-01-18,18,2025-01-18 00:00:00,2025-01-18 00:00:00,534.32,0.0,22.52079999999995,556.8408,0.0,0,0.8,1200.0,1200.0,556.8408,0.0,0.0,9300.0,9300.0,0.0,0.0
2025-01-18,19,2025-01-18 00:00:00,2025-01-18 00:00:00,521.9542,0.0,32.91500000000008,554.8692000000001,0.0,0,0.8,1200.0,1200.0,554.8692000000001,0.0,0.0,9300.0,9300.0,0.0,0.0
2025-01-18,20,2025-01-18 00:00:00,2025-01-18 00:00:00,540.2833666666667,0.0,32.91500000000008,573.1983666666667,0.0,0,0.8,1200.0,1200.0,573.1983666666667,0.0,0.0,9300.0,9300.0,0.0,0.0
2025-01-18,21,2025-01-18 00:00:00,2025-01-18 00:00:00,570.0533333333334,0.0,32.91500000000008,602.9683333333335,0.0,0,0.8,1200.0,1200.0,602.9683333333335,0.0,0.0,9300.0,9300.0,0.0,0.0
2025-01-18,22,2025-01-18 00:00:00,2025-01-18 00:00:00,529.7007833333333,0.0,32.91500000000008,562.6157833333334,0.0,0,0.8,1200.0,1200.0,562.6157833333334,0.0,0.0,9300.0,9300.0,0.0,0.0
2025-01-18,23,2025-01-18 00:00:00,2025-01-18 00:00:00,500.6021333333333,0.0,32.91500000000008,533.5171333333334,0.0,0,0.8,1200.0,1200.0,533.5171333333334,0.0,0.0,9300.0,9300.0,0.0,0.0
2025-01-18,24,2025-01-18 00:00:00,2025-01-18 00:00:00,517.6033333333334,0.0,32.91500000000008,550.5183333333334,0.0,0,0.8,1200.0,1200.0,550.5183333333334,0.0,0.0,9300.0,9300.0,0.0,0.0
2025-01-18,25,2025-01-18 00:00:00,2025-01-18 00:00:00,534.5654499999999,0.0,33.95354999999995,568.5189999999999,0.0,0,0.8,1200.0,1200.0,568.5189999999999,0.0,0.0,9300.0,9300.0,0.0,0.0
2025-01-18,26,2025-01-18 00:00:00,2025-01-18 00:00:00,535.60875,0.0,33.95354999999995,569.5622999999999,0.0,0,0.8,1200.0,1200.0,569.5622999999999,0.0,0.0,9300.0,9300.0,0.0,0.0
2025-01-18,27,2025-01-18 00:00:00,2025-01-18 00:00:00,526.2316666666667,0.0,33.95354999999995,560.1852166666666,0.0,0,0.8,1200.0,1200.0,560.1852166666666,0.0,0.0,9300.0,9300.0,0.0,0.0
2025-01-18,28,2025-01-18 00:00:00,2025-01-18 00:00:00,523.0082166666667,0.0,33.95354999999995,556.9617666666667,0.0,0,0.8,1200.0,1200.0,556.9617666666667,0.0,0.0,9300.0,9300.0,0.0,0.0
2025-01-18,29,2025-01-18 00:00:00,2025-01-18 00:00:00,534.4376,0.0,33.95354999999995,568.3911499999999,0.0,0,0.8,1200.0,1200.0,568.3911499999999,0.0,0.0,9300.0,9300.0,0.0,0.0
2025-01-18,30,2025-01-18 00:00:00,2025-01-18 00:00:00,543.8766666666667,0.0,33.95354999999995,577.8302166666666,0.0,0,0.8,1200.0,1200.0,577.8302166666666,0.0,0.0,9300.0,9300.0,0.0,0.0
2025-01-18,31,2025-01-18 00:00:00,2025-01-18 00:00:00,531.2656833333333,0.0,38.87823333333339,570.1439166666667,0.0,0,0.8,1200.0,1200.0,570.1439166666667,0.0,0.0,9300.0,9300.0,0.0,-0.0
2025-01-18,32,2025-01-18 00:00:00,2025-01-18 00:00:00,551.0474,0.0007166666666666667,38.87823333333339,589.9256333333334,0.0007166666666666667,0,0.8,1200.0,1200.0,589.9249166666667,0.0,0.0,9300.0,9300.0,0.0,0.0
2025-01-18,33,2025-01-18 00:00:00,2025-01-18 00:00:00,590.9633333333334,0.0,38.87823333333339,629.8415666666667,0.0,0,0.8,1200.0,1200.0,1463.1749,833.3333333333333,0.0,9300.0,10050.0,0.0,1.0
2025-01-18,34,2025-01-18 00:00:00,2025-01-18 00:00:00,578.8492833333333,0.0,38.87823333333339,617.7275166666667,0.0,0,0.8,1200.0,1200.0,1451.0608499999998,833.3333333333333,0.0,10050.0,10800.0,0.0,1.0
2025-01-18,35,2025-01-18 00:00:00,2025-01-18 00:00:00,544.82515,0.010083333333333333,38.87823333333339,583.7033833333334,0.010083333333333333,0,0.8,1200.0,1200.0,583.6933,0.0,-0.0,10800.0,10800.0,0.0,0.0
2025-01-18,36,2025-01-18 00:00:00,2025-01-18 00:00:00,536.1866666666666,0.0,38.87823333333339,575.0649,0.0,0,0.8,1200.0,1200.0,0.0,0.0,575.0649,10800.0,10161.039,0.0,0.0
2025-01-18,37,2025-01-18 00:00:00,2025-01-18 00:00:00,568.4109500000001,0.0,21.792083333333178,590.2030333333332,0.0,0,0.8,1200.0,1200.0,0.0,0.0,590.2030333333332,10161.039,9505.257851851853,0.0,0.0
2025-01-18,38,2025-01-18 00:00:00,2025-01-18 00:00:00,571.3024833333333,0.14055,21.792083333333178,593.0945666666664,0.14055,0,0.8,1200.0,1200.0,0.0,0.0,592.9540166666665,9505.257851851853,8846.420055555556,0.0,0.0
2025-01-18,39,2025-01-18 00:00:00,2025-01-18 00:00:00,550.245,0.0,21.792083333333178,572.0370833333332,0.0,0,0.8,1200.0,1200.0,0.0,0.0,572.0370833333332,8846.420055555556,8210.823296296297,0.0,0.0
2025-01-18,40,2025-01-18 00:00:00,2025-01-18 00:00:00,577.1569833333333,0.0,21.792083333333178,598.9490666666665,0.0,0,0.8,1200.0,1200.0,0.0,0.0,598.9490666666665,8210.823296296297,7545.324333333335,0.0,0.0
2025-01-18,41,2025-01-18 00:00:00,2025-01-18 00:00:00,605.1416833333334,2.7070000000000003,21.792083333333178,626.9337666666665,2.7070000000000003,0,0.8,1200.0,1200.0,0.0,0.0,624.2267666666665,7545.324333333335,6851.7390370370385,0.0,0.0
2025-01-18,42,2025-01-18 00:00:00,2025-01-18 00:00:00,616.255,20.23125,21.792083333333178,638.0470833333331,20.23125,0,0.8,1200.0,1200.0,0.0,0.0,617.8158333333331,6851.7390370370385,6165.277000000002,0.0,0.0
2025-01-18,43,2025-01-18 00:00:00,2025-01-18 00:00:00,638.289,59.57095,32.55458333333354,670.8435833333335,59.57095,0,0.8,1200.0,1200.0,0.0,0.0,611.2726333333335,6165.277000000002,5486.085185185187,0.0,0.0
2025-01-18,44,2025-01-18 00:00:00,2025-01-18 00:00:00,645.0697333333334,106.5477,32.55458333333354,677.6243166666669,106.5477,0,0.8,1200.0,1200.0,0.0,0.0,571.076616666667,5486.085185185187,4851.555611111113,0.0,0.0
2025-01-18,45,2025-01-18 00:00:00,2025-01-18 00:00:00,641.1916666666667,151.9,32.55458333333354,673.7462500000003,151.9,0,0.8,1200.0,1200.0,0.0,0.0,521.8462500000003,4851.555611111113,4271.726444444445,0.0,0.0
2025-01-18,46,2025-01-18 00:00:00,2025-01-18 00:00:00,658.6949000000001,197.40436666666668,32.55458333333354,691.2494833333336,197.40436666666668,0,0.8,1200.0,1200.0,403.18936666666815,0.0,90.6557499999988,4271.726444444445,4170.997833333336,0.0,0.0
2025-01-18,47,2025-01-18 00:00:00,2025-01-18 00:00:00,661.8809333333334,247.04808333333335,32.55458333333354,694.4355166666669,247.04808333333335,0,0.8,1200.0,1200.0,0.0,0.0,447.38743333333355,4170.997833333336,3673.900685185187,0.0,0.0
2025-01-18,48,2025-01-18 00:00:00,2025-01-18 00:00:00,646.385,301.5,32.55458333333354,678.9395833333335,301.5,0,0.8,1200.0,1200.0,0.0,0.0,377.43958333333353,3673.900685185187,3254.5233703703716,0.0,0.0
2025-01-18,49,2025-01-18 00:00:00,2025-01-18 00:00:00,645.5786333333333,356.0339333333333,43.498750000000086,689.0773833333334,356.0339333333333,0,0.8,1200.0,1200.0,0.0,0.0,333.04345000000006,3254.5233703703716,2884.4750925925937,0.0,0.0
2025-01-18,50,2025-01-18 00:00:00,2025-01-18 00:00:00,649.1582333333333,400.11740000000003,43.498750000000086,692.6569833333334,400.11740000000003,0,0.8,1200.0,1200.0,0.0,0.0,292.5395833333334,2884.4750925925937,2559.431111111112,0.0,0.0
2025-01-18,51,2025-01-18 00:00:00,2025-01-18 00:00:00,645.0783333333333,438.83125,43.498750000000086,688.5770833333333,438.83125,0,0.8,1200.0,1200.0,0.0,0.0,249.74583333333334,2559.431111111112,2281.9357407407415,0.0,0.0
2025-01-18,52,2025-01-18 00:00:00,2025-01-18 00:00:00,638.1354166666666,487.46166666666664,43.498750000000086,681.6341666666667,487.46166666666664,0,0.8,1200.0,1200.0,0.0,0.0,194.17250000000007,2281.9357407407415,2066.1885185185192,0.0,0.0
2025-01-18,53,2025-01-18 00:00:00,2025-01-18 00:00:00,659.95555,534.67655,43.498750000000086,703.4543000000001,534.67655,0,0.8,1200.0,1200.0,0.0,0.0,168.77775000000008,2066.1885185185192,1878.657685185186,0.0,0.0
2025-01-18,54,2025-01-18 00:00:00,2025-01-18 00:00:00,710.3933333333333,577.1999999999999,43.498750000000086,753.8920833333334,577.1999999999999,0,0.8,1200.0,1200.0,0.0,0.0,176.69208333333347,1878.657685185186,1682.333148148149,0.0,0.0
2025-01-18,55,2025-01-18 00:00:00,2025-01-18 00:00:00,752.2063499999999,625.0233333333333,53.37281666666672,805.5791666666667,625.0233333333333,0,0.8,1200.0,1200.0,0.0,0.0,180.55583333333334,1682.333148148149,1481.7155555555562,0.0,0.0
2025-01-18,56,2025-01-18 00:00:00,2025-01-18 00:00:00,755.4530333333333,681.1773,53.37281666666672,808.8258500000001,681.1773,0,0.8,1200.0,1200.0,0.0,0.0,127.64855000000011,1481.7155555555562,1339.8838333333338,0.0,0.0
2025-01-18,57,2025-01-18 00:00:00,2025-01-18 00:00:00,742.485,736.8125,53.37281666666672,795.8578166666667,736.8125,0,0.8,1200.0,1200.0,0.0,0.0,59.045316666666736,1339.8838333333338,1274.2779259259262,0.0,0.0
2025-01-18,58,2025-01-18 00:00:00,2025-01-18 00:00:00,761.3455666666667,775.3630166666667,53.37281666666672,814.7183833333335,775.3630166666667,0,0.8,1200.0,1200.0,0.0,0.0,39.35536666666678,1274.2779259259262,1230.5497407407408,0.0,0.0
2025-01-18,59,2025-01-18 00:00:00,2025-01-18 00:00:00,765.0443166666668,790.9223666666667,53.37281666666672,818.4171333333335,790.9223666666667,0,0.8,1200.0,1200.0,0.0,0.0,27.494766666666806,1230.5497407407408,1200.0,0.0,0.0
2025-01-18,60,2025-01-18 00:00:00,2025-01-18 00:00:00,736.5383333333333,817.225,53.37281666666672,789.91115,817.225,0,0.8,1200.0,1200.0,0.0,27.313850000000002,0.0,1200.0,1224.582465,0.0,1.0
2025-01-18,61,2025-01-18 00:00:00,2025-01-18 00:00:00,709.7666333333333,895.9088833333334,55.67666666666662,765.4432999999999,895.9088833333334,0,0.8,1200.0,1200.0,0.0,130.46558333333348,0.0,1224.582465,1342.00149,0.0,1.0
2025-01-18,62,2025-01-18 00:00:00,2025-01-18 00:00:00,704.4237333333334,955.5129000000001,55.67666666666662,760.1004,955.5129000000001,0,0.8,1200.0,1200.0,0.0,195.41250000000002,0.0,1342.00149,1517.8727400000002,0.0,1.0
2025-01-18,63,2025-01-18 00:00:00,2025-01-18 00:00:00,709.9033333333333,958.5187500000001,55.67666666666662,765.5799999999999,958.5187500000001,0,0.8,1200.0,1200.0,0.0,192.93875000000014,0.0,1517.8727400000002,1691.5176150000004,0.0,1.0
2025-01-18,64,2025-01-18 00:00:00,2025-01-18 00:00:00,702.4639999999999,935.0578833333334,55.67666666666662,758.1406666666666,935.0578833333334,0,0.8,1200.0,1200.0,0.0,176.91721666666683,0.0,1691.5176150000004,1850.7431100000006,0.0,1.0
2025-01-18,65,2025-01-18 00:00:00,2025-01-18 00:00:00,708.8483333333334,933.16575,55.67666666666662,764.525,933.16575,0,0.8,1200.0,1200.0,0.0,168.64075000000003,0.0,1850.7431100000006,2002.5197850000006,0.0,1.0
2025-01-18,66,2025-01-18 00:00:00,2025-01-18 00:00:00,733.4583333333334,954.5124999999999,55.67666666666662,789.135,954.5124999999999,0,0.8,1200.0,1200.0,4.972100000000381,170.34960000000032,0.0,2002.5197850000006,2155.834425000001,0.0,0.9999999999999761
2025-01-18,67,2025-01-18 00:00:00,2025-01-18 00:00:00,745.7533666666667,961.9274999999999,49.509166666666715,795.2625333333334,961.9274999999999,0,0.8,1200.0,1200.0,666.6683666666668,833.3333333333333,0.0,2155.834425000001,2905.834425000001,0.0,1.0
2025-01-18,68,2025-01-18 00:00:00,2025-01-18 00:00:00,719.1192,962.6507499999999,49.509166666666715,768.6283666666667,962.6507499999999,0,0.8,1200.0,1200.0,639.31095,833.3333333333333,0.0,2905.834425000001,3655.834425000001,0.0,1.0
2025-01-18,69,2025-01-18 00:00:00,2025-01-18 00:00:00,689.7633333333333,956.49375,49.509166666666715,739.2725,956.49375,0,0.8,1200.0,1200.0,616.1120833333333,833.3333333333333,0.0,3655.834425000001,4405.834425000001,0.0,1.0
2025-01-18,70,2025-01-18 00:00:00,2025-01-18 00:00:00,719.13355,937.4035833333334,49.509166666666715,768.6427166666667,937.4035833333334,0,0.8,1200.0,1200.0,664.5724666666666,833.3333333333333,0.0,4405.834425000001,5155.834425000001,0.0,1.0
2025-01-18,71,2025-01-18 00:00:00,2025-01-18 00:00:00,728.0537666666668,948.8863666666666,49.509166666666715,777.5629333333335,948.8863666666666,0,0.8,1200.0,1200.0,662.0099000000001,833.3333333333333,0.0,5155.834425000001,5905.834425000001,0.0,1.0
2025-01-18,72,2025-01-18 00:00:00,2025-01-18 00:00:00,697.6533333333333,971.6999999999999,49.509166666666715,747.1625,971.6999999999999,0,0.8,1200.0,1200.0,608.7958333333333,833.3333333333333,0.0,5905.834425000001,6655.834425000001,0.0,1.0
2025-01-18,73,2025-01-18 00:00:00,2025-01-18 00:00:00,688.7547666666666,946.0235166666666,76.78043333333358,765.5352000000001,946.0235166666666,0,0.8,1200.0,1200.0,652.8450166666668,833.3333333333333,0.0,6655.834425000001,7405.834425000001,0.0,1.0
2025-01-18,74,2025-01-18 00:00:00,2025-01-18 00:00:00,696.7887666666667,946.8049666666667,76.78043333333358,773.5692000000003,946.8049666666667,0,0.8,1200.0,1200.0,660.0975666666668,833.3333333333333,0.0,7405.834425000001,8155.834425000001,0.0,1.0
2025-01-18,75,2025-01-18 00:00:00,2025-01-18 00:00:00,708.4833333333332,985.5375,76.78043333333358,785.2637666666668,985.5375,0,0.8,1200.0,1200.0,633.0596,833.3333333333333,0.0,8155.834425000001,8905.834425000001,0.0,1.0
2025-01-18,76,2025-01-18 00:00:00,2025-01-18 00:00:00,715.6275166666666,994.0101333333333,76.78043333333358,792.4079500000001,994.0101333333333,0,0.8,1200.0,1200.0,631.7311500000001,833.3333333333333,0.0,8905.834425000001,9655.834425000001,0.0,1.0
2025-01-18,77,2025-01-18 00:00:00,2025-01-18 00:00:00,697.0672500000001,977.0920833333333,76.78043333333358,773.8476833333336,977.0920833333333,0,0.8,1200.0,1200.0,0.0,203.2443999999997,0.0,9655.834425000001,9838.754385,0.0,1.0
2025-01-18,78,2025-01-18 00:00:00,2025-01-18 00:00:00,665.16,958.9187499999999,76.78043333333358,741.9404333333335,958.9187499999999,0,0.8,1200.0,1200.0,0.0,216.9783166666664,0.0,9838.754385,10034.03487,0.0,1.0
2025-01-18,79,2025-01-18 00:00:00,2025-01-18 00:00:00,656.5186166666666,951.12275,84.68028333333325,741.1988999999999,951.12275,0,0.8,1200.0,1200.0,0.0,209.92385000000013,0.0,10034.03487,10222.966335,0.0,1.0
2025-01-18,80,2025-01-18 00:00:00,2025-01-18 00:00:00,658.2507666666667,918.2442,84.68028333333325,742.9310499999999,918.2442,0,0.8,1200.0,1200.0,0.0,175.31315000000006,0.0,10222.966335,10380.748169999999,0.0,1.0
2025-01-18,81,2025-01-18 00:00:00,2025-01-18 00:00:00,663.9116666666666,872.11875,84.68028333333325,748.5919499999999,872.11875,0,0.8,1200.0,1200.0,0.0,123.5268000000001,0.0,10380.748169999999,10491.922289999999,0.0,1.0
2025-01-18,82,2025-01-18 00:00:00,2025-01-18 00:00:00,679.7205333333333,860.53965,84.68028333333325,764.4008166666665,860.53965,0,0.8,1200.0,1200.0,0.0,96.13883333333354,0.0,10491.922289999999,10578.44724,0.0,1.0
2025-01-18,83,2025-01-18 00:00:00,2025-01-18 00:00:00,686.3905,841.0417000000001,84.68028333333325,771.0707833333332,841.0417000000001,0,0.8,1200.0,1200.0,0.0,69.97091666666688,0.0,10578.44724,10641.421065,0.0,1.0
2025-01-18,84,2025-01-18 00:00:00,2025-01-18 00:00:00,675.165,797.6,84.68028333333325,759.8452833333332,797.6,0,0.8,1200.0,1200.0,0.0,37.75471666666681,0.0,10641.421065,10675.40031,0.0,1.0
2025-01-18,85,2025-01-18 00:00:00,2025-01-18 00:00:00,654.0992833333333,757.9667333333333,57.655666666666775,711.7549500000001,757.9667333333333,0,0.8,1200.0,1200.0,0.0,46.21178333333319,0.0,10675.40031,10716.990915,0.0,1.0
2025-01-18,86,2025-01-18 00:00:00,2025-01-18 00:00:00,630.31115,726.6912833333334,57.655666666666775,687.9668166666668,726.6912833333334,0,0.8,1200.0,1200.0,0.0,38.72446666666667,0.0,10716.990915,10751.842935,0.0,1.0
2025-01-18,87,2025-01-18 00:00:00,2025-01-18 00:00:00,617.04,708.9,57.655666666666775,674.6956666666667,708.9,0,0.8,1200.0,1200.0,0.0,34.20433333333324,0.0,10751.842935,10782.626835000001,0.0,1.0
2025-01-18,88,2025-01-18 00:00:00,2025-01-18 00:00:00,626.5177,703.4768833333333,57.655666666666775,684.1733666666668,703.4768833333333,0,0.8,1200.0,1200.0,0.0,19.303516666666496,0.0,10782.626835000001,10800.0,0.0,1.0
2025-01-18,89,2025-01-18 00:00:00,2025-01-18 00:00:00,641.0206,659.8197666666666,57.655666666666775,698.6762666666667,659.8197666666666,0,0.8,1200.0,1200.0,0.0,0.0,38.856500000000096,10800.0,10756.826111111111,0.0,0.0
2025-01-18,90,2025-01-18 00:00:00,2025-01-18 00:00:00,640.9816666666667,587.15625,57.655666666666775,698.6373333333335,587.15625,0,0.8,1200.0,1200.0,111.48108333333346,0.0,0.0,10756.826111111111,10756.826111111111,0.0,-0.0
2025-01-18,91,2025-01-18 00:00:00,2025-01-18 00:00:00,625.63315,543.01995,35.47874999999976,661.1118999999998,543.01995,0,0.8,1200.0,1200.0,166.06293765432036,47.9709876543206,0.0,10756.826111111111,10800.0,0.0,1.0
2025-01-18,92,2025-01-18 00:00:00,2025-01-18 00:00:00,642.9069000000001,491.54956666666664,35.47874999999976,678.3856499999998,491.54956666666664,0,0.8,1200.0,1200.0,186.8360833333332,0.0,0.0,10800.0,10800.0,0.0,0.0
2025-01-18,93,2025-01-18 00:00:00,2025-01-18 00:00:00,670.3016666666666,429.39375,35.47874999999976,705.7804166666664,429.39375,0,0.8,1200.0,1200.0,276.3866666666664,0.0,0.0,10800.0,10800.0,0.0,0.0
2025-01-18,94,2025-01-18 00:00:00,2025-01-18 00:00:00,637.4974333333333,393.0156666666667,35.47874999999976,672.9761833333331,393.0156666666667,0,0.8,1200.0,1200.0,279.9605166666664,0.0,0.0,10800.0,10800.0,0.0,0.0
2025-01-18,95,2025-01-18 00:00:00,2025-01-18 00:00:00,609.5029666666667,353.1442833333333,35.47874999999976,644.9817166666664,353.1442833333333,0,0.8,1200.0,1200.0,291.83743333333314,0.0,0.0,10800.0,10800.0,0.0,0.0
2025-01-18,96,2025-01-18 00:00:00,2025-01-18 00:00:00,604.6883333333334,300.3,35.47874999999976,640.1670833333332,300.3,0,0.8,1200.0,1200.0,339.86708333333314,0.0,0.0,10800.0,10800.0,0.0,0.0
2025-01-18,97,2025-01-18 00:00:00,2025-01-18 00:00:00,580.8684666666667,254.02235,21.29901666666664,602.1674833333333,254.02235,0,0.8,1200.0,1200.0,348.1451333333333,0.0,-0.0,10800.0,10800.0,0.0,0.0
2025-01-18,98,2025-01-18 00:00:00,2025-01-18 00:00:00,576.8574666666667,203.43091666666666,21.29901666666664,598.1564833333333,203.43091666666666,0,0.8,1200.0,1200.0,394.7255666666666,0.0,-0.0,10800.0,10800.0,0.0,0.0
2025-01-18,99,2025-01-18 00:00:00,2025-01-18 00:00:00,600.4633333333334,149.9625,21.29901666666664,621.76235,149.9625,0,0.8,1200.0,1200.0,471.79985,0.0,0.0,10800.0,10800.0,0.0,0.0
2025-01-18,100,2025-01-18 00:00:00,2025-01-18 00:00:00,605.9628166666666,108.04936666666667,21.29901666666664,627.2618333333332,108.04936666666667,0,0.8,1200.0,1200.0,519.2124666666666,0.0,-0.0,10800.0,10800.0,0.0,0.0
2025-01-18,101,2025-01-18 00:00:00,2025-01-18 00:00:00,546.0154833333333,63.90158333333333,21.29901666666664,567.3145,63.90158333333333,0,0.8,1200.0,1200.0,503.4129166666666,0.0,-0.0,10800.0,10800.0,0.0,0.0
2025-01-18,102,2025-01-18 00:00:00,2025-01-18 00:00:00,462.33500000000004,21.575,21.29901666666664,483.6340166666667,21.575,0,0.8,1200.0,1200.0,462.0590166666667,0.0,-0.0,10800.0,10800.0,0.0,0.0
2025-01-18,103,2025-01-18 00:00:00,2025-01-18 00:00:00,452.2771333333333,2.7392333333333334,24.503616666666744,476.78075000000007,2.7392333333333334,0,0.8,1200.0,1200.0,474.0415166666667,0.0,0.0,10800.0,10800.0,0.0,0.0
2025-01-18,104,2025-01-18 00:00:00,2025-01-18 00:00:00,481.16529999999995,0.0,24.503616666666744,505.6689166666667,0.0,0,0.8,1200.0,1200.0,505.6689166666667,0.0,-0.0,10800.0,10800.0,0.0,0.0
2025-01-18,105,2025-01-18 00:00:00,2025-01-18 00:00:00,501.7416666666666,0.0,24.503616666666744,526.2452833333334,0.0,0,0.8,1200.0,1200.0,526.2452833333334,0.0,0.0,10800.0,10800.0,0.0,0.0
2025-01-18,106,2025-01-18 00:00:00,2025-01-18 00:00:00,495.5366166666667,0.1393,24.503616666666744,520.0402333333334,0.1393,0,0.8,1200.0,1200.0,519.9009333333333,0.0,0.0,10800.0,10800.0,0.0,0.0
2025-01-18,107,2025-01-18 00:00:00,2025-01-18 00:00:00,473.96945,0.0,24.503616666666744,498.47306666666674,0.0,0,0.8,1200.0,1200.0,498.47306666666674,0.0,-0.0,10800.0,10800.0,0.0,0.0
2025-01-18,108,2025-01-18 00:00:00,2025-01-18 00:00:00,463.66166666666663,0.0,24.503616666666744,488.1652833333334,0.0,0,0.8,1200.0,1200.0,0.0,0.0,488.1652833333334,10800.0,10257.59412962963,0.0,0.0
2025-01-18,109,2025-01-18 00:00:00,2025-01-18 00:00:00,480.8428666666667,0.01,21.381550000000004,502.2244166666667,0.01,0,0.8,1200.0,1200.0,0.0,0.0,502.2144166666667,10257.59412962963,9699.578111111112,0.0,0.0
2025-01-18,110,2025-01-18 00:00:00,2025-01-18 00:00:00,471.95161666666667,0.0,21.381550000000004,493.33316666666667,0.0,0,0.8,1200.0,1200.0,0.0,0.0,493.33316666666667,9699.578111111112,9151.430148148149,0.0,0.0
2025-01-18,111,2025-01-18 00:00:00,2025-01-18 00:00:00,448.64166666666665,0.0,21.381550000000004,470.02321666666666,0.0,0,0.8,1200.0,1200.0,0.0,0.0,470.02321666666666,9151.430148148149,8629.182129629631,0.0,0.0
2025-01-18,112,2025-01-18 00:00:00,2025-01-18 00:00:00,472.58801666666665,0.0007166666666666667,21.381550000000004,493.96956666666665,0.0007166666666666667,0,0.8,1200.0,1200.0,0.0,0.0,493.96885,8629.182129629631,8080.327851851854,0.0,0.0
2025-01-18,113,2025-01-18 00:00:00,2025-01-18 00:00:00,478.33200000000005,0.0,21.381550000000004,499.71355000000005,0.0,0,0.8,1200.0,1200.0,0.0,0.0,499.71355000000005,8080.327851851854,7525.090574074075,0.0,0.0
2025-01-18,114,2025-01-18 00:00:00,2025-01-18 00:00:00,453.78666666666663,0.0,21.381550000000004,475.16821666666664,0.0,0,0.8,1200.0,1200.0,0.0,0.0,475.16821666666664,7525.090574074075,6997.125888888891,0.0,0.0
2025-01-18,115,2025-01-18 00:00:00,2025-01-18 00:00:00,454.01168333333334,0.0,33.4781333333334,487.48981666666674,0.0,0,0.8,1200.0,1200.0,0.0,0.0,487.48981666666674,6997.125888888891,6455.470537037038,0.0,0.0
2025-01-18,116,2025-01-18 00:00:00,2025-01-18 00:00:00,460.0325,0.0,33.4781333333334,493.51063333333343,0.0,0,0.8,1200.0,1200.0,0.0,0.0,493.51063333333343,6455.470537037038,5907.1253888888905,0.0,0.0
2025-01-18,117,2025-01-18 00:00:00,2025-01-18 00:00:00,470.67,0.0,33.4781333333334,504.1481333333334,0.0,0,0.8,1200.0,1200.0,0.0,0.0,504.1481333333334,5907.1253888888905,5346.960796296298,0.0,0.0
2025-01-18,118,2025-01-18 00:00:00,2025-01-18 00:00:00,502.2483333333333,0.0,33.4781333333334,535.7264666666667,0.0,0,0.8,1200.0,1200.0,0.0,0.0,535.7264666666667,5346.960796296298,4751.709166666668,0.0,0.0
2025-01-18,119,2025-01-18 00:00:00,2025-01-18 00:00:00,495.7262166666667,0.0,33.4781333333334,529.2043500000001,0.0,0,0.8,1200.0,1200.0,0.0,0.0,529.2043500000001,4751.709166666668,4163.704333333335,0.0,0.0
2025-01-18,120,2025-01-18 00:00:00,2025-01-18 00:00:00,455.1716666666667,0.0,33.4781333333334,488.6498000000001,0.0,0,0.8,1200.0,1200.0,0.0,0.0,488.6498000000001,4163.704333333335,3620.7601111111126,0.0,0.0
2025-01-18,121,2025-01-18 00:00:00,2025-01-18 00:00:00,447.7202833333333,0.0,23.264516666666623,470.98479999999995,0.0,0,0.8,1200.0,1200.0,0.0,0.0,470.98479999999995,3620.7601111111126,3097.443666666668,0.0,0.0
2025-01-18,122,2025-01-18 00:00:00,2025-01-18 00:00:00,463.75645000000003,0.0,23.264516666666623,487.02096666666665,0.0,0,0.8,1200.0,1200.0,0.0,0.0,487.02096666666665,3097.443666666668,2556.3092592592607,0.0,0.0
2025-01-18,123,2025-01-18 00:00:00,2025-01-18 00:00:00,483.09,0.0,23.264516666666623,506.3545166666666,0.0,0,0.8,1200.0,1200.0,0.0,0.0,506.3545166666666,2556.3092592592607,1993.6931296296311,0.0,0.0
2025-01-18,124,2025-01-18 00:00:00,2025-01-18 00:00:00,496.2437333333333,0.0,23.264516666666623,519.5082499999999,0.0,0,0.8,1200.0,1200.0,0.0,0.0,519.5082499999999,1993.6931296296311,1416.4617407407422,0.0,0.0
2025-01-18,125,2025-01-18 00:00:00,2025-01-18 00:00:00,498.80275,0.0,23.264516666666623,522.0672666666667,0.0,0,0.8,1200.0,1200.0,327.25169999999866,0.0,194.81556666666802,1416.4617407407422,1200.0,0.0,0.0
2025-01-18,126,2025-01-18 00:00:00,2025-01-18 00:00:00,493.97166666666664,0.0,23.264516666666623,517.2361833333332,0.0,0,0.8,1200.0,1200.0,517.2361833333332,0.0,0.0,1200.0,1200.0,0.0,0.0
2025-01-18,127,2025-01-18 00:00:00,2025-01-18 00:00:00,488.9876166666666,0.0,28.965000000000032,517.9526166666667,0.0,0,0.8,1200.0,1200.0,517.9526166666667,0.0,0.0,1200.0,1200.0,0.0,0.0
2025-01-18,128,2025-01-18 00:00:00,2025-01-18 00:00:00,482.12966666666665,0.0,28.965000000000032,511.0946666666667,0.0,0,0.8,1200.0,1200.0,511.0946666666667,0.0,0.0,1200.0,1200.0,0.0,0.0
2025-01-18,129,2025-01-18 00:00:00,2025-01-18 00:00:00,486.3416666666667,0.0,28.965000000000032,515.3066666666667,0.0,0,0.8,1200.0,1200.0,515.3066666666667,0.0,0.0,1200.0,1200.0,0.0,0.0
2025-01-18,130,2025-01-18 00:00:00,2025-01-18 00:00:00,508.4937,0.0,28.965000000000032,537.4587,0.0,0,0.8,1200.0,1200.0,537.4587,0.0,-0.0,1200.0,1200.0,0.0,0.0
2025-01-18,131,2025-01-18 00:00:00,2025-01-18 00:00:00,468.55968333333334,0.0,28.965000000000032,497.52468333333337,0.0,0,0.8,1200.0,1200.0,497.52468333333337,-0.0,0.0,1200.0,1200.0,0.0,-0.0
2025-01-18,132,2025-01-18 00:00:00,2025-01-18 00:00:00,385.1816666666667,0.0,28.965000000000032,414.1466666666667,0.0,0,0.8,1200.0,1200.0,414.1466666666667,0.0,0.0,1200.0,1200.0,0.0,0.0
2025-01-18,133,2025-01-18 00:00:00,2025-01-18 00:00:00,369.3645166666667,0.0,38.71500000000003,408.07951666666673,0.0,0,0.8,1200.0,1200.0,408.07951666666673,0.0,0.0,1200.0,1200.0,0.0,0.0
2025-01-18,134,2025-01-18 00:00:00,2025-01-18 00:00:00,417.61781666666667,0.0,38.71500000000003,456.3328166666667,0.0,0,0.8,1200.0,1200.0,456.3328166666667,0.0,-0.0,1200.0,1200.0,0.0,0.0
2025-01-18,135,2025-01-18 00:00:00,2025-01-18 00:00:00,459.385,0.0,38.71500000000003,498.1,0.0,0,0.8,1200.0,1200.0,498.1,0.0,0.0,1200.0,1200.0,0.0,0.0
2025-01-18,136,2025-01-18 00:00:00,2025-01-18 00:00:00,427.79895000000005,0.0,38.71500000000003,466.5139500000001,0.0,0,0.8,1200.0,1200.0,466.5139500000001,0.0,0.0,1200.0,1200.0,0.0,0.0
2025-01-18,137,2025-01-18 00:00:00,2025-01-18 00:00:00,414.0708333333334,0.0,38.71500000000003,452.7858333333334,0.0,0,0.8,1200.0,1200.0,452.7858333333334,0.0,0.0,1200.0,1200.0,0.0,0.0
2025-01-18,138,2025-01-18 00:00:00,2025-01-18 00:00:00,432.20666666666665,0.0,38.71500000000003,470.9216666666667,0.0,0,0.8,1200.0,1200.0,470.9216666666667,0.0,0.0,1200.0,1200.0,0.0,0.0
2025-01-18,139,2025-01-18 00:00:00,2025-01-18 00:00:00,411.1607333333333,0.0,25.778333333333308,436.93906666666663,0.0,0,0.8,1200.0,1200.0,436.93906666666663,0.0,0.0,1200.0,1200.0,0.0,0.0
2025-01-18,140,2025-01-18 00:00:00,2025-01-18 00:00:00,404.94953333333336,0.0,25.778333333333308,430.72786666666667,0.0,0,0.8,1200.0,1200.0,430.72786666666667,0.0,0.0,1200.0,1200.0,0.0,0.0
2025-01-18,141,2025-01-18 00:00:00,2025-01-18 00:00:00,425.9533333333333,0.0,25.778333333333308,451.7316666666666,0.0,0,0.8,1200.0,1200.0,451.7316666666666,0.0,0.0,1200.0,1200.0,0.0,0.0
2025-01-18,142,2025-01-18 00:00:00,2025-01-18 00:00:00,438.4365833333333,0.0,25.778333333333308,464.2149166666666,0.0,0,0.8,1200.0,1200.0,464.2149166666666,0.0,0.0,1200.0,1200.0,0.0,0.0
2025-01-18,143,2025-01-18 00:00:00,2025-01-18 00:00:00,506.28425,0.0,25.778333333333308,532.0625833333334,0.0,0,0.8,1200.0,1200.0,532.0625833333334,0.0,0.0,1200.0,1200.0,0.0,0.0
2025-01-18,144,2025-01-18 00:00:00,2025-01-18 00:00:00,612.8033333333334,0.0,25.778333333333308,638.5816666666667,0.0,0,0.8,1200.0,1200.0,638.5816666666668,0.0,0.0,1200.0,1200.0,0.0,0.0
