date,issue_hour,issue_time,slot_id,interval_start,interval_end,load_forecast_kwh,pv_forecast_kwh,pv_raw_forecast_kwh,grid_original_kwh,accepted,grid_kwh,charge_kwh,discharge_kwh,surplus_kwh,energy_start_kwh,energy_end_kwh,charge_mode,emergency_plan_kwh
2025-04-01,0,2025-04-01 00:00:00,1,2025-04-01 00:00:00,2025-04-01 00:10:00,574.3048104405688,0.0,0.0,1407.638143773902,True,1407.638143773902,833.3333333333333,0.0,0.0,7465.440572772747,8215.440572772746,1.0,0.0
2025-04-01,0,2025-04-01 00:00:00,2,2025-04-01 00:10:00,2025-04-01 00:20:00,581.4333112159197,0.0,0.0,1414.766644549253,True,1414.766644549253,833.3333333333333,0.0,0.0,8215.440572772746,8965.440572772746,1.0,0.0
2025-04-01,0,2025-04-01 00:00:00,3,2025-04-01 00:20:00,2025-04-01 00:30:00,574.7303790761721,0.0,0.0,1408.0637124095053,True,1408.0637124095053,833.3333333333333,0.0,0.0,8965.440572772746,9715.440572772746,1.0,0.0
2025-04-01,0,2025-04-01 00:00:00,4,2025-04-01 00:30:00,2025-04-01 00:40:00,549.7198772375808,0.0,0.0,549.7198772375808,True,549.7198772375808,0.0,0.0,0.0,9715.440572772746,9715.440572772746,0.0,0.0
2025-04-01,0,2025-04-01 00:00:00,5,2025-04-01 00:40:00,2025-04-01 00:50:00,565.8579778800099,0.0,0.0,937.5906747991808,True,937.5906747991808,371.73269691917085,0.0,0.0,9715.440572772746,10050.0,1.0000000000000004,0.0
2025-04-01,0,2025-04-01 00:00:00,6,2025-04-01 00:50:00,2025-04-01 01:00:00,596.3265912406326,0.0,0.0,596.3265912406326,True,596.3265912406326,0.0,0.0,0.0,10050.0,10050.0,0.0,0.0
2025-04-01,0,2025-04-01 00:00:00,7,2025-04-01 01:00:00,2025-04-01 01:10:00,557.1224620126588,0.0,0.0,557.1224620126588,True,557.1224620126588,0.0,0.0,0.0,10050.0,10050.0,0.0,0.0
2025-04-01,0,2025-04-01 00:00:00,8,2025-04-01 01:10:00,2025-04-01 01:20:00,539.5841605636402,0.0,0.0,539.5841605636402,True,539.5841605636402,0.0,0.0,0.0,10050.0,10050.0,0.0,0.0
2025-04-01,0,2025-04-01 00:00:00,9,2025-04-01 01:20:00,2025-04-01 01:30:00,575.3330072120203,0.0,0.0,575.3330072120203,True,575.3330072120203,0.0,0.0,0.0,10050.0,10050.0,0.0,0.0
2025-04-01,0,2025-04-01 00:00:00,10,2025-04-01 01:30:00,2025-04-01 01:40:00,601.167672575394,0.0,0.0,601.167672575394,True,601.167672575394,0.0,0.0,0.0,10050.0,10050.0,0.0,0.0
2025-04-01,0,2025-04-01 00:00:00,11,2025-04-01 01:40:00,2025-04-01 01:50:00,595.1042418373247,0.0,0.0,595.1042418373247,True,595.1042418373247,0.0,0.0,0.0,10050.0,10050.0,0.0,0.0
2025-04-01,0,2025-04-01 00:00:00,12,2025-04-01 01:50:00,2025-04-01 02:00:00,587.7081334136625,0.0,0.0,587.7081334136625,True,587.7081334136625,0.0,0.0,0.0,10050.0,10050.0,0.0,0.0
2025-04-01,0,2025-04-01 00:00:00,13,2025-04-01 02:00:00,2025-04-01 02:10:00,618.0842369351789,0.0,0.0,618.0842369351789,True,618.0842369351789,0.0,0.0,0.0,10050.0,10050.0,0.0,0.0
2025-04-01,0,2025-04-01 00:00:00,14,2025-04-01 02:10:00,2025-04-01 02:20:00,601.0554882034774,0.0,0.0,601.0554882034774,True,601.0554882034774,0.0,0.0,0.0,10050.0,10050.0,0.0,0.0
2025-04-01,0,2025-04-01 00:00:00,15,2025-04-01 02:20:00,2025-04-01 02:30:00,555.0383586682158,0.0,0.0,555.0383586682158,True,555.0383586682158,0.0,0.0,0.0,10050.0,10050.0,0.0,0.0
2025-04-01,0,2025-04-01 00:00:00,16,2025-04-01 02:30:00,2025-04-01 02:40:00,584.2624811782022,0.0,0.0,584.2624811782022,True,584.2624811782022,0.0,0.0,0.0,10050.0,10050.0,0.0,0.0
2025-04-01,0,2025-04-01 00:00:00,17,2025-04-01 02:40:00,2025-04-01 02:50:00,601.0832133910052,0.0,0.0,601.0832133910052,True,601.0832133910052,0.0,0.0,0.0,10050.0,10050.0,0.0,0.0
2025-04-01,0,2025-04-01 00:00:00,18,2025-04-01 02:50:00,2025-04-01 03:00:00,589.788104036952,0.0,0.0,589.788104036952,True,589.788104036952,0.0,0.0,0.0,10050.0,10050.0,0.0,0.0
2025-04-01,0,2025-04-01 00:00:00,19,2025-04-01 03:00:00,2025-04-01 03:10:00,617.4828059856153,0.0,0.0,617.4828059856153,True,617.4828059856153,0.0,0.0,0.0,10050.0,10050.0,0.0,0.0
2025-04-01,0,2025-04-01 00:00:00,20,2025-04-01 03:10:00,2025-04-01 03:20:00,602.8105671099188,0.0,0.0,602.8105671099188,True,602.8105671099188,0.0,0.0,0.0,10050.0,10050.0,0.0,0.0
2025-04-01,0,2025-04-01 00:00:00,21,2025-04-01 03:20:00,2025-04-01 03:30:00,558.0877917499158,0.0,0.0,558.0877917499158,True,558.0877917499158,0.0,0.0,0.0,10050.0,10050.0,0.0,0.0
2025-04-01,0,2025-04-01 00:00:00,22,2025-04-01 03:30:00,2025-04-01 03:40:00,584.22708455464,0.0,0.0,584.22708455464,True,584.22708455464,0.0,0.0,0.0,10050.0,10050.0,0.0,0.0
2025-04-01,0,2025-04-01 00:00:00,23,2025-04-01 03:40:00,2025-04-01 03:50:00,611.8475660899029,0.0,0.0,611.8475660899029,True,611.8475660899029,0.0,0.0,0.0,10050.0,10050.0,0.0,0.0
2025-04-01,0,2025-04-01 00:00:00,24,2025-04-01 03:50:00,2025-04-01 04:00:00,614.2645670005257,0.0,0.0,614.2645670005257,True,614.2645670005257,0.0,0.0,0.0,10050.0,10050.0,0.0,0.0
2025-04-01,0,2025-04-01 00:00:00,25,2025-04-01 04:00:00,2025-04-01 04:10:00,628.4655184629127,0.0,0.0,628.4655184629127,True,628.4655184629127,0.0,0.0,0.0,10050.0,10050.0,0.0,0.0
2025-04-01,0,2025-04-01 00:00:00,26,2025-04-01 04:10:00,2025-04-01 04:20:00,603.4970876446231,0.0,0.0,603.4970876446231,True,603.4970876446231,0.0,0.0,0.0,10050.0,10050.0,0.0,0.0
2025-04-01,0,2025-04-01 00:00:00,27,2025-04-01 04:20:00,2025-04-01 04:30:00,562.3165835874919,0.0,0.0,562.3165835874919,True,562.3165835874919,0.0,0.0,0.0,10050.0,10050.0,0.0,0.0
2025-04-01,0,2025-04-01 00:00:00,28,2025-04-01 04:30:00,2025-04-01 04:40:00,585.1953847239816,0.0,0.0,585.1953847239816,True,585.1953847239816,0.0,0.0,0.0,10050.0,10050.0,0.0,0.0
2025-04-01,0,2025-04-01 00:00:00,29,2025-04-01 04:40:00,2025-04-01 04:50:00,598.2694819979478,0.0,0.0,598.2694819979478,True,598.2694819979478,0.0,0.0,0.0,10050.0,10050.0,0.0,0.0
2025-04-01,0,2025-04-01 00:00:00,30,2025-04-01 04:50:00,2025-04-01 05:00:00,579.1577351961371,0.0,0.0,579.1577351961371,True,579.1577351961371,0.0,0.0,0.0,10050.0,10050.0,0.0,0.0
2025-04-01,0,2025-04-01 00:00:00,31,2025-04-01 05:00:00,2025-04-01 05:10:00,583.1395240505929,2.882477777777778,2.882477777777778,580.257046272815,True,580.257046272815,0.0,0.0,0.0,10050.0,10050.0,0.0,0.0
2025-04-01,0,2025-04-01 00:00:00,32,2025-04-01 05:10:00,2025-04-01 05:20:00,610.6622071824675,8.647433333333334,8.647433333333334,602.0147738491341,True,602.0147738491341,0.0,0.0,0.0,10050.0,10050.0,0.0,0.0
2025-04-01,0,2025-04-01 00:00:00,33,2025-04-01 05:20:00,2025-04-01 05:30:00,621.2943230483437,14.41238888888889,14.41238888888889,606.8819341594548,True,606.8819341594548,0.0,0.0,0.0,10050.0,10050.0,-0.0,0.0
2025-04-01,0,2025-04-01 00:00:00,34,2025-04-01 05:30:00,2025-04-01 05:40:00,591.9452830043164,20.177344444444444,20.177344444444444,1405.1012718932052,True,1405.1012718932052,833.3333333333333,0.0,0.0,10050.0,10800.0,1.0,0.0
2025-04-01,0,2025-04-01 00:00:00,35,2025-04-01 05:40:00,2025-04-01 05:50:00,663.8261704606713,25.9423,25.9423,637.8838704606712,True,637.8838704606712,0.0,-0.0,0.0,10800.0,10800.0,0.0,0.0
2025-04-01,0,2025-04-01 00:00:00,36,2025-04-01 05:50:00,2025-04-01 06:00:00,797.8905962153028,31.70725555555556,31.70725555555556,0.0,True,0.0,0.0,766.1833406597473,0.0,10800.0,9948.685177044725,0.0,0.0
2025-04-01,0,2025-04-01 00:00:00,37,2025-04-01 06:00:00,2025-04-01 06:10:00,808.4052784412773,59.920363888888886,59.920363888888886,0.0,True,0.0,0.0,748.4849145523884,0.0,9948.685177044725,9117.035271986515,0.0,0.0
2025-04-01,0,2025-04-01 00:00:00,38,2025-04-01 06:10:00,2025-04-01 06:20:00,803.19389985885,110.58162499999999,110.58162499999999,0.0,True,0.0,0.0,692.61227485885,0.0,9117.035271986515,8347.466077698904,0.0,0.0
2025-04-01,0,2025-04-01 00:00:00,39,2025-04-01 06:20:00,2025-04-01 06:30:00,825.3701587192178,161.24288611111112,161.24288611111112,0.0,True,0.0,0.0,664.1272726081066,0.0,8347.466077698904,7609.546885912119,0.0,0.0
2025-04-01,0,2025-04-01 00:00:00,40,2025-04-01 06:30:00,2025-04-01 06:40:00,808.2800880486105,211.90414722222224,211.90414722222224,0.0,True,0.0,0.0,596.3759408263883,0.0,7609.546885912119,6946.906951660577,0.0,0.0
2025-04-01,0,2025-04-01 00:00:00,41,2025-04-01 06:40:00,2025-04-01 06:50:00,804.7938835280962,262.5654083333333,262.5654083333333,0.0,True,0.0,0.0,542.228475194763,0.0,6946.906951660577,6344.4308681108405,0.0,0.0
2025-04-01,0,2025-04-01 00:00:00,42,2025-04-01 06:50:00,2025-04-01 07:00:00,818.5941817769863,313.22666944444444,313.22666944444444,108.22297232796342,True,108.22297232796342,0.0,397.1445400045784,0.0,6344.4308681108405,5903.159156994642,0.0,0.0
2025-04-01,0,2025-04-01 00:00:00,43,2025-04-01 07:00:00,2025-04-01 07:10:00,799.3991229268627,365.7486347222222,365.7486347222222,433.65048820464045,True,433.65048820464045,0.0,0.0,0.0,5903.159156994642,5903.159156994642,0.0,0.0
2025-04-01,0,2025-04-01 00:00:00,44,2025-04-01 07:10:00,2025-04-01 07:20:00,799.5835541595819,420.1313041666667,420.1313041666667,379.4522499929152,True,379.4522499929152,0.0,0.0,0.0,5903.159156994642,5903.159156994642,0.0,0.0
2025-04-01,0,2025-04-01 00:00:00,45,2025-04-01 07:20:00,2025-04-01 07:30:00,808.4953045897968,474.5139736111111,474.5139736111111,333.98133097868566,True,333.98133097868566,0.0,0.0,0.0,5903.159156994642,5903.159156994642,0.0,0.0
2025-04-01,0,2025-04-01 00:00:00,46,2025-04-01 07:30:00,2025-04-01 07:40:00,781.8739779725007,528.8966430555556,528.8966430555556,252.9773349169451,True,252.9773349169451,0.0,0.0,0.0,5903.159156994642,5903.159156994642,0.0,0.0
2025-04-01,0,2025-04-01 00:00:00,47,2025-04-01 07:40:00,2025-04-01 07:50:00,887.1356271527125,583.2793125,583.2793125,0.0,True,0.0,0.0,303.8563146527125,0.0,5903.159156994642,5565.541029602739,0.0,0.0
2025-04-01,0,2025-04-01 00:00:00,48,2025-04-01 07:50:00,2025-04-01 08:00:00,1068.0755981170569,637.6619819444445,637.6619819444445,0.0,True,0.0,0.0,430.41361617261236,0.0,5565.541029602739,5087.303678299837,0.0,0.0
2025-04-01,0,2025-04-01 00:00:00,49,2025-04-01 08:00:00,2025-04-01 08:10:00,1085.4985902761289,684.6378972222223,684.6378972222223,0.0,True,0.0,0.0,400.86069305390663,0.0,5087.303678299837,4641.902908239941,0.0,0.0
2025-04-01,0,2025-04-01 00:00:00,50,2025-04-01 08:10:00,2025-04-01 08:20:00,1071.024042883757,724.2070583333334,724.2070583333334,0.0,True,0.0,0.0,346.8169845504235,0.0,4641.902908239941,4256.550703183915,0.0,0.0
2025-04-01,0,2025-04-01 00:00:00,51,2025-04-01 08:20:00,2025-04-01 08:30:00,1085.5008333232086,763.7762194444445,763.7762194444445,0.0,True,0.0,0.0,321.7246138787641,0.0,4256.550703183915,3899.0789099852886,0.0,0.0
2025-04-01,0,2025-04-01 00:00:00,52,2025-04-01 08:30:00,2025-04-01 08:40:00,1060.5647107177642,803.3453805555555,803.3453805555555,0.0,True,0.0,0.0,257.21933016220873,0.0,3899.0789099852886,3613.279654249501,0.0,0.0
2025-04-01,0,2025-04-01 00:00:00,53,2025-04-01 08:40:00,2025-04-01 08:50:00,1071.9858117878637,842.9145416666667,842.9145416666667,0.0,True,0.0,0.0,229.07127012119702,0.0,3613.279654249501,3358.7560207815045,0.0,0.0
2025-04-01,0,2025-04-01 00:00:00,54,2025-04-01 08:50:00,2025-04-01 09:00:00,1117.164522442139,882.4837027777779,882.4837027777779,0.0,True,0.0,0.0,234.68081966436114,0.0,3358.7560207815045,3097.9995544877697,0.0,0.0
2025-04-01,0,2025-04-01 00:00:00,55,2025-04-01 09:00:00,2025-04-01 09:10:00,1106.7495574621037,903.5856736111112,903.5856736111112,0.0,True,0.0,0.0,203.16388385099242,0.0,3097.9995544877697,2872.2619057644447,0.0,0.0
2025-04-01,0,2025-04-01 00:00:00,56,2025-04-01 09:10:00,2025-04-01 09:20:00,1068.875225832534,906.2204541666666,906.2204541666666,0.0,True,0.0,0.0,162.65477166586732,0.0,2872.2619057644447,2691.5343816912587,0.0,0.0
2025-04-01,0,2025-04-01 00:00:00,57,2025-04-01 09:20:00,2025-04-01 09:30:00,1052.3083932983322,908.8552347222221,908.8552347222221,0.0,True,0.0,0.0,143.45315857611013,0.0,2691.5343816912587,2532.1419832733586,0.0,0.0
2025-04-01,0,2025-04-01 00:00:00,58,2025-04-01 09:30:00,2025-04-01 09:40:00,1077.9065524292664,911.4900152777778,911.4900152777778,0.0,True,0.0,0.0,166.41653715148857,0.0,2532.1419832733586,2347.2347197717045,0.0,0.0
2025-04-01,0,2025-04-01 00:00:00,59,2025-04-01 09:40:00,2025-04-01 09:50:00,1096.777530952011,914.1247958333333,914.1247958333333,0.0,True,0.0,0.0,182.65273511867758,0.0,2347.2347197717045,2144.287236306507,0.0,0.0
2025-04-01,0,2025-04-01 00:00:00,60,2025-04-01 09:50:00,2025-04-01 10:00:00,1084.1725295351391,916.7595763888888,916.7595763888888,0.0,True,0.0,0.0,167.4129531462503,0.0,2144.287236306507,1958.2728439217844,0.0,0.0
2025-04-01,0,2025-04-01 00:00:00,61,2025-04-01 10:00:00,2025-04-01 10:10:00,1064.4340893792087,920.3838569444446,920.3838569444446,0.0,True,0.0,0.0,144.0502324347641,0.0,1958.2728439217844,1798.21703010538,0.0,0.0
2025-04-01,0,2025-04-01 00:00:00,62,2025-04-01 10:10:00,2025-04-01 10:20:00,1088.6713133531596,924.9976375,924.9976375,0.0,True,0.0,0.0,163.67367585315958,0.0,1798.21703010538,1616.357390268536,0.0,0.0
2025-04-01,0,2025-04-01 00:00:00,63,2025-04-01 10:20:00,2025-04-01 10:30:00,1129.6992990060019,929.6114180555556,929.6114180555556,0.0,True,0.0,0.0,200.08788095044622,0.0,1616.357390268536,1394.0375225458179,0.0,0.0
2025-04-01,0,2025-04-01 00:00:00,64,2025-04-01 10:30:00,2025-04-01 10:40:00,1108.8589689023472,934.2251986111111,934.2251986111111,0.0,True,0.0,0.0,174.63377029123615,0.0,1394.0375225458179,1200.0,0.0,0.0
2025-04-01,0,2025-04-01 00:00:00,65,2025-04-01 10:40:00,2025-04-01 10:50:00,1077.335734994633,938.8389791666665,938.8389791666665,138.49675582796647,True,138.49675582796647,0.0,0.0,0.0,1200.0,1200.0,0.0,0.0
2025-04-01,0,2025-04-01 00:00:00,66,2025-04-01 10:50:00,2025-04-01 11:00:00,1065.592151988638,943.4527597222223,943.4527597222223,955.4727255997491,True,955.4727255997491,833.3333333333333,0.0,0.0,1200.0,1950.0,1.0,0.0
2025-04-01,0,2025-04-01 00:00:00,67,2025-04-01 11:00:00,2025-04-01 11:10:00,1054.0907551780265,945.1855222222222,945.1855222222222,942.2385662891376,True,942.2385662891376,833.3333333333333,0.0,0.0,1950.0,2700.0,1.0,0.0
2025-04-01,0,2025-04-01 00:00:00,68,2025-04-01 11:10:00,2025-04-01 11:20:00,1040.5778406881386,944.0372666666666,944.0372666666666,929.8739073548053,True,929.8739073548053,833.3333333333333,0.0,0.0,2700.0,3450.0,1.0,0.0
2025-04-01,0,2025-04-01 00:00:00,69,2025-04-01 11:20:00,2025-04-01 11:30:00,1046.6464652259024,942.889011111111,942.889011111111,937.0907874481246,True,937.0907874481246,833.3333333333333,0.0,0.0,3450.0,4200.0,1.0,0.0
2025-04-01,0,2025-04-01 00:00:00,70,2025-04-01 11:30:00,2025-04-01 11:40:00,1082.7693061827315,941.7407555555556,941.7407555555556,974.3618839605092,True,974.3618839605092,833.3333333333333,0.0,0.0,4200.0,4950.0,1.0,0.0
2025-04-01,0,2025-04-01 00:00:00,71,2025-04-01 11:40:00,2025-04-01 11:50:00,1046.1974398569967,940.5925000000001,940.5925000000001,938.9382731903298,True,938.9382731903298,833.3333333333333,0.0,0.0,4950.0,5700.0,1.0,0.0
2025-04-01,0,2025-04-01 00:00:00,72,2025-04-01 11:50:00,2025-04-01 12:00:00,964.5667260113628,939.4442444444444,939.4442444444444,858.4558149002517,True,858.4558149002517,833.3333333333333,0.0,0.0,5700.0,6450.0,1.0,0.0
2025-04-01,0,2025-04-01 00:00:00,73,2025-04-01 12:00:00,2025-04-01 12:10:00,972.9634124971827,940.2194208333334,940.2194208333334,866.0773249971826,True,866.0773249971826,833.3333333333333,0.0,0.0,6450.0,7200.0,1.0,0.0
2025-04-01,0,2025-04-01 00:00:00,74,2025-04-01 12:10:00,2025-04-01 12:20:00,1003.5824455660346,942.9180291666667,942.9180291666667,893.9977497327012,True,893.9977497327012,833.3333333333333,0.0,0.0,7200.0,7950.0,1.0,0.0
2025-04-01,0,2025-04-01 00:00:00,75,2025-04-01 12:20:00,2025-04-01 12:30:00,1002.1293391480675,945.6166374999999,945.6166374999999,889.8460349814009,True,889.8460349814009,833.3333333333333,0.0,0.0,7950.0,8700.0,1.0,0.0
2025-04-01,0,2025-04-01 00:00:00,76,2025-04-01 12:30:00,2025-04-01 12:40:00,986.3476327781184,948.3152458333334,948.3152458333334,871.3657202781183,True,871.3657202781183,833.3333333333333,0.0,0.0,8700.0,9450.0,1.0,0.0
2025-04-01,0,2025-04-01 00:00:00,77,2025-04-01 12:40:00,2025-04-01 12:50:00,995.9346637277258,951.0138541666666,951.0138541666666,878.2541428943924,True,878.2541428943924,833.3333333333333,0.0,0.0,9450.0,10200.0,1.0,0.0
2025-04-01,0,2025-04-01 00:00:00,78,2025-04-01 12:50:00,2025-04-01 13:00:00,1023.4758860205878,953.7124625,953.7124625,0.0,True,0.0,0.0,69.76342352058782,0.0,10200.0,10122.485084977125,0.0,0.0
2025-04-01,0,2025-04-01 00:00:00,79,2025-04-01 13:00:00,2025-04-01 13:10:00,1026.8376972502447,969.0538861111112,969.0538861111112,0.0,True,0.0,0.0,57.78381113913349,0.0,10122.485084977125,10058.280850378087,0.0,0.0
2025-04-01,0,2025-04-01 00:00:00,80,2025-04-01 13:10:00,2025-04-01 13:20:00,1030.6860077839306,997.038125,997.038125,0.0,True,0.0,0.0,33.64788278393053,0.0,10058.280850378087,10020.894313951498,0.0,0.0
2025-04-01,0,2025-04-01 00:00:00,81,2025-04-01 13:20:00,2025-04-01 13:30:00,1035.429338406888,1025.022363888889,1025.022363888889,0.0,True,0.0,0.0,10.40697451799906,0.0,10020.894313951498,10009.331008931498,0.0,0.0
2025-04-01,0,2025-04-01 00:00:00,82,2025-04-01 13:30:00,2025-04-01 13:40:00,1016.7370781290042,1053.0066027777777,1053.0066027777777,0.0,True,0.0,36.26952464877354,0.0,0.0,10009.331008931498,10041.973581115395,1.0,0.0
2025-04-01,0,2025-04-01 00:00:00,83,2025-04-01 13:40:00,2025-04-01 13:50:00,1014.764697450054,1080.9908416666667,1080.9908416666667,0.0,True,0.0,66.22614421661274,0.0,0.0,10041.973581115395,10101.577110910346,1.0,0.0
2025-04-01,0,2025-04-01 00:00:00,84,2025-04-01 13:50:00,2025-04-01 14:00:00,1025.581383701461,1108.9750805555557,1108.9750805555557,0.0,True,0.0,83.39369685409474,0.0,0.0,10101.577110910346,10176.631438079032,1.0,0.0
2025-04-01,0,2025-04-01 00:00:00,85,2025-04-01 14:00:00,2025-04-01 14:10:00,1007.98177043203,1110.447963888889,1110.447963888889,0.0,True,0.0,102.46619345685906,0.0,0.0,10176.631438079032,10268.851012190205,1.0,0.0
2025-04-01,0,2025-04-01 00:00:00,86,2025-04-01 14:10:00,2025-04-01 14:20:00,1011.1408069201716,1085.4094916666666,1085.4094916666666,0.0,True,0.0,74.26868474649496,0.0,0.0,10268.851012190205,10335.692828462052,1.0,0.0
2025-04-01,0,2025-04-01 00:00:00,87,2025-04-01 14:20:00,2025-04-01 14:30:00,1035.2014854455174,1060.3710194444445,1060.3710194444445,0.0,True,0.0,25.169533998927136,0.0,0.0,10335.692828462052,10358.345409061087,1.0,0.0
2025-04-01,0,2025-04-01 00:00:00,88,2025-04-01 14:30:00,2025-04-01 14:40:00,1027.5504189210167,1035.3325472222223,1035.3325472222223,0.0,True,0.0,7.782128301205603,0.0,0.0,10358.345409061087,10365.349324532172,1.0,0.0
2025-04-01,0,2025-04-01 00:00:00,89,2025-04-01 14:40:00,2025-04-01 14:50:00,1012.8139098459234,1010.2940750000001,1010.2940750000001,0.0,True,0.0,0.0,2.519834845923242,0.0,10365.349324532172,10362.549508036702,0.0,0.0
2025-04-01,0,2025-04-01 00:00:00,90,2025-04-01 14:50:00,2025-04-01 15:00:00,1015.0340208470865,985.2556027777778,985.2556027777778,29.778418069308714,True,29.778418069308714,0.0,0.0,0.0,10362.549508036702,10362.549508036702,-0.0,0.0
2025-04-01,0,2025-04-01 00:00:00,91,2025-04-01 15:00:00,2025-04-01 15:10:00,1029.5222634367701,944.693225,944.693225,570.8851406182125,True,570.8851406182125,486.05610218144244,0.0,0.0,10362.549508036702,10800.0,1.0,0.0
2025-04-01,0,2025-04-01 00:00:00,92,2025-04-01 15:10:00,2025-04-01 15:20:00,1021.7150339402481,888.6069416666666,888.6069416666666,133.10809227358152,True,133.10809227358152,0.0,0.0,0.0,10800.0,10800.0,0.0,0.0
2025-04-01,0,2025-04-01 00:00:00,93,2025-04-01 15:20:00,2025-04-01 15:30:00,1001.9655191888176,832.5206583333334,832.5206583333334,169.4448608554842,True,169.4448608554842,0.0,0.0,0.0,10800.0,10800.0,0.0,0.0
2025-04-01,0,2025-04-01 00:00:00,94,2025-04-01 15:30:00,2025-04-01 15:40:00,1014.0511362375996,776.4343749999999,776.4343749999999,237.6167612375997,True,237.6167612375997,0.0,0.0,0.0,10800.0,10800.0,0.0,0.0
2025-04-01,0,2025-04-01 00:00:00,95,2025-04-01 15:40:00,2025-04-01 15:50:00,1028.3439886162232,720.3480916666666,720.3480916666666,307.9958969495566,True,307.9958969495566,0.0,0.0,0.0,10800.0,10800.0,0.0,0.0
2025-04-01,0,2025-04-01 00:00:00,96,2025-04-01 15:50:00,2025-04-01 16:00:00,1031.1105580772526,664.2618083333333,664.2618083333333,366.84874974391926,True,366.84874974391926,0.0,0.0,0.0,10800.0,10800.0,0.0,0.0
2025-04-01,0,2025-04-01 00:00:00,97,2025-04-01 16:00:00,2025-04-01 16:10:00,1034.684436671693,607.6961305555556,607.6961305555556,426.98830611613744,True,426.98830611613744,0.0,-0.0,0.0,10800.0,10800.0,0.0,0.0
2025-04-01,0,2025-04-01 00:00:00,98,2025-04-01 16:10:00,2025-04-01 16:20:00,1018.6575524251082,550.6510583333334,550.6510583333334,468.0064940917748,True,468.0064940917748,0.0,-0.0,0.0,10800.0,10800.0,0.0,0.0
2025-04-01,0,2025-04-01 00:00:00,99,2025-04-01 16:20:00,2025-04-01 16:30:00,1005.5893985418525,493.6059861111111,493.6059861111111,511.98341243074134,True,511.98341243074134,0.0,-0.0,0.0,10800.0,10800.0,0.0,0.0
2025-04-01,0,2025-04-01 00:00:00,100,2025-04-01 16:30:00,2025-04-01 16:40:00,1039.389744290976,436.56091388888893,436.56091388888893,602.8288304020871,True,602.8288304020871,0.0,-0.0,0.0,10800.0,10800.0,0.0,0.0
2025-04-01,0,2025-04-01 00:00:00,101,2025-04-01 16:40:00,2025-04-01 16:50:00,1047.23878088805,379.51584166666663,379.51584166666663,667.7229392213835,True,667.7229392213835,0.0,-0.0,0.0,10800.0,10800.0,0.0,0.0
2025-04-01,0,2025-04-01 00:00:00,102,2025-04-01 16:50:00,2025-04-01 17:00:00,1017.8452882376769,322.47076944444444,322.47076944444444,695.3745187932325,True,695.3745187932325,0.0,-0.0,0.0,10800.0,10800.0,0.0,0.0
2025-04-01,0,2025-04-01 00:00:00,103,2025-04-01 17:00:00,2025-04-01 17:10:00,1010.0220351420496,271.6768555555555,271.6768555555555,738.3451795864942,True,738.3451795864942,-0.0,0.0,0.0,10800.0,10800.0,0.0,0.0
2025-04-01,0,2025-04-01 00:00:00,104,2025-04-01 17:10:00,2025-04-01 17:20:00,1000.46668756077,227.1341,227.1341,773.33258756077,True,773.33258756077,0.0,0.0,0.0,10800.0,10800.0,0.0,0.0
2025-04-01,0,2025-04-01 00:00:00,105,2025-04-01 17:20:00,2025-04-01 17:30:00,1002.9984049129127,182.59134444444445,182.59134444444445,820.4070604684683,True,820.4070604684683,0.0,0.0,0.0,10800.0,10800.0,0.0,0.0
2025-04-01,0,2025-04-01 00:00:00,106,2025-04-01 17:30:00,2025-04-01 17:40:00,1035.72451912314,138.04858888888887,138.04858888888887,897.6759302342512,True,897.6759302342512,0.0,0.0,0.0,10800.0,10800.0,0.0,0.0
2025-04-01,0,2025-04-01 00:00:00,107,2025-04-01 17:40:00,2025-04-01 17:50:00,912.7517966169983,93.50583333333333,93.50583333333333,819.2459632836649,True,819.2459632836649,0.0,0.0,0.0,10800.0,10800.0,0.0,0.0
2025-04-01,0,2025-04-01 00:00:00,108,2025-04-01 17:50:00,2025-04-01 18:00:00,702.7598739657119,48.96307777777778,48.96307777777778,653.7967961879341,True,653.7967961879341,0.0,-0.0,0.0,10800.0,10800.0,0.0,0.0
2025-04-01,0,2025-04-01 00:00:00,109,2025-04-01 18:00:00,2025-04-01 18:10:00,678.8793925634764,24.467391666666668,24.467391666666668,654.4120008968097,True,654.4120008968097,0.0,-0.0,0.0,10800.0,10800.0,0.0,0.0
2025-04-01,0,2025-04-01 00:00:00,110,2025-04-01 18:10:00,2025-04-01 18:20:00,713.2228005621308,20.018775,20.018775,693.2040255621308,True,693.2040255621308,0.0,0.0,0.0,10800.0,10800.0,0.0,0.0
2025-04-01,0,2025-04-01 00:00:00,111,2025-04-01 18:20:00,2025-04-01 18:30:00,711.8679268577455,15.570158333333334,15.570158333333334,696.2977685244122,True,696.2977685244122,0.0,0.0,0.0,10800.0,10800.0,0.0,0.0
2025-04-01,0,2025-04-01 00:00:00,112,2025-04-01 18:30:00,2025-04-01 18:40:00,711.6003612656426,11.121541666666667,11.121541666666667,700.478819598976,True,700.478819598976,0.0,0.0,0.0,10800.0,10800.0,0.0,0.0
2025-04-01,0,2025-04-01 00:00:00,113,2025-04-01 18:40:00,2025-04-01 18:50:00,721.1127805573317,6.672924999999999,6.672924999999999,70.71605906625041,True,70.71605906625041,0.0,643.7237964910813,0.0,10800.0,10084.751337232132,0.0,0.0
2025-04-01,0,2025-04-01 00:00:00,114,2025-04-01 18:50:00,2025-04-01 19:00:00,727.2767238936955,2.224308333333333,2.224308333333333,0.0,True,0.0,0.0,725.0524155603622,0.0,10084.751337232132,9279.137542165063,0.0,0.0
2025-04-01,0,2025-04-01 00:00:00,115,2025-04-01 19:00:00,2025-04-01 19:10:00,717.7055313483611,0.0,0.0,0.0,True,0.0,0.0,717.7055313483611,0.0,9279.137542165063,8481.686951777994,0.0,0.0
2025-04-01,0,2025-04-01 00:00:00,116,2025-04-01 19:10:00,2025-04-01 19:20:00,733.0443862288562,0.0,0.0,0.0,True,0.0,0.0,733.0443862288562,0.0,8481.686951777994,7667.193189301487,0.0,0.0
2025-04-01,0,2025-04-01 00:00:00,117,2025-04-01 19:20:00,2025-04-01 19:30:00,757.2945703905195,0.0,0.0,0.0,True,0.0,0.0,757.2945703905195,0.0,7667.193189301487,6825.754777756465,0.0,0.0
2025-04-01,0,2025-04-01 00:00:00,118,2025-04-01 19:30:00,2025-04-01 19:40:00,732.9669158791057,0.0,0.0,0.0,True,0.0,0.0,732.9669158791057,0.0,6825.754777756465,6011.347093446348,0.0,0.0
2025-04-01,0,2025-04-01 00:00:00,119,2025-04-01 19:40:00,2025-04-01 19:50:00,714.1208670109687,0.0,0.0,0.0,True,0.0,0.0,714.1208670109687,0.0,6011.347093446348,5217.87946343416,0.0,0.0
2025-04-01,0,2025-04-01 00:00:00,120,2025-04-01 19:50:00,2025-04-01 20:00:00,722.4804662427221,0.0,0.0,0.0,True,0.0,0.0,722.4804662427221,0.0,5217.87946343416,4415.123389831136,0.0,0.0
2025-04-01,0,2025-04-01 00:00:00,121,2025-04-01 20:00:00,2025-04-01 20:10:00,727.6706481527483,0.0,0.0,0.0,True,0.0,0.0,727.6706481527483,0.0,4415.123389831136,3606.600447439193,0.0,0.0
2025-04-01,0,2025-04-01 00:00:00,122,2025-04-01 20:10:00,2025-04-01 20:20:00,733.8376116485535,0.0,0.0,0.0,True,0.0,0.0,733.8376116485535,0.0,3606.600447439193,2791.225323385245,0.0,0.0
2025-04-01,0,2025-04-01 00:00:00,123,2025-04-01 20:20:00,2025-04-01 20:30:00,730.5074189542917,0.0,0.0,0.0,True,0.0,0.0,730.5074189542917,0.0,2791.225323385245,1979.5504134360317,0.0,0.0
2025-04-01,0,2025-04-01 00:00:00,124,2025-04-01 20:30:00,2025-04-01 20:40:00,701.5953720924285,0.0,0.0,0.0,True,0.0,0.0,701.5953720924285,0.0,1979.5504134360317,1200.0,0.0,0.0
2025-04-01,0,2025-04-01 00:00:00,125,2025-04-01 20:40:00,2025-04-01 20:50:00,701.2601759827111,0.0,0.0,701.2601759827111,True,701.2601759827111,0.0,-0.0,0.0,1200.0,1200.0,0.0,0.0
2025-04-01,0,2025-04-01 00:00:00,126,2025-04-01 20:50:00,2025-04-01 21:00:00,733.3230472699762,0.0,0.0,733.3230472699762,True,733.3230472699762,0.0,0.0,0.0,1200.0,1200.0,0.0,0.0
2025-04-01,0,2025-04-01 00:00:00,127,2025-04-01 21:00:00,2025-04-01 21:10:00,746.4592132231691,0.0,0.0,746.4592132231691,True,746.4592132231691,0.0,0.0,0.0,1200.0,1200.0,0.0,0.0
2025-04-01,0,2025-04-01 00:00:00,128,2025-04-01 21:10:00,2025-04-01 21:20:00,741.4470165134402,0.0,0.0,741.4470165134402,True,741.4470165134402,0.0,0.0,0.0,1200.0,1200.0,0.0,0.0
2025-04-01,0,2025-04-01 00:00:00,129,2025-04-01 21:20:00,2025-04-01 21:30:00,733.7922656097287,0.0,0.0,733.7922656097287,True,733.7922656097287,0.0,0.0,0.0,1200.0,1200.0,0.0,0.0
2025-04-01,0,2025-04-01 00:00:00,130,2025-04-01 21:30:00,2025-04-01 21:40:00,723.4233989555388,0.0,0.0,723.4233989555388,True,723.4233989555388,0.0,-0.0,0.0,1200.0,1200.0,0.0,0.0
2025-04-01,0,2025-04-01 00:00:00,131,2025-04-01 21:40:00,2025-04-01 21:50:00,649.4379690577791,0.0,0.0,649.4379690577791,True,649.4379690577791,0.0,-0.0,0.0,1200.0,1200.0,0.0,0.0
2025-04-01,0,2025-04-01 00:00:00,132,2025-04-01 21:50:00,2025-04-01 22:00:00,556.0357557480169,0.0,0.0,1389.36908908135,True,1389.36908908135,833.3333333333333,0.0,0.0,1200.0,1950.0,1.0,0.0
2025-04-01,0,2025-04-01 00:00:00,133,2025-04-01 22:00:00,2025-04-01 22:10:00,555.5833590381313,0.0,0.0,1388.9166923714647,True,1388.9166923714647,833.3333333333333,0.0,0.0,1950.0,2700.0,1.0,0.0
2025-04-01,0,2025-04-01 00:00:00,134,2025-04-01 22:10:00,2025-04-01 22:20:00,557.3583314894694,0.0,0.0,557.3583314894694,True,557.3583314894694,0.0,0.0,0.0,2700.0,2700.0,-0.0,0.0
2025-04-01,0,2025-04-01 00:00:00,135,2025-04-01 22:20:00,2025-04-01 22:30:00,544.2476931581328,0.0,0.0,1377.5810264914662,True,1377.5810264914662,833.3333333333333,0.0,0.0,2700.0,3450.0,1.0,0.0
2025-04-01,0,2025-04-01 00:00:00,136,2025-04-01 22:30:00,2025-04-01 22:40:00,583.3546706215906,0.0,0.0,1416.6880039549237,True,1416.6880039549237,833.3333333333333,0.0,0.0,3450.0,4200.0,1.0,0.0
2025-04-01,0,2025-04-01 00:00:00,137,2025-04-01 22:40:00,2025-04-01 22:50:00,581.8270532012699,0.0,0.0,876.7610229487667,True,876.7610229487667,294.9339697474968,0.0,0.0,4200.0,4465.440572772747,1.0,0.0
2025-04-01,0,2025-04-01 00:00:00,138,2025-04-01 22:50:00,2025-04-01 23:00:00,541.8417459713932,0.0,0.0,1375.1750793047263,True,1375.1750793047263,833.3333333333333,0.0,0.0,4465.440572772747,5215.440572772747,1.0,0.0
2025-04-01,0,2025-04-01 00:00:00,139,2025-04-01 23:00:00,2025-04-01 23:10:00,562.9017661534159,0.0,0.0,562.9017661534159,True,562.9017661534159,0.0,0.0,0.0,5215.440572772747,5215.440572772747,0.0,0.0
2025-04-01,0,2025-04-01 00:00:00,140,2025-04-01 23:10:00,2025-04-01 23:20:00,590.49417250965,0.0,0.0,1423.827505842983,True,1423.827505842983,833.3333333333333,0.0,0.0,5215.440572772747,5965.440572772747,1.0,0.0
2025-04-01,0,2025-04-01 00:00:00,141,2025-04-01 23:20:00,2025-04-01 23:30:00,581.8911130539298,0.0,0.0,1415.224446387263,True,1415.224446387263,833.3333333333333,0.0,0.0,5965.440572772747,6715.440572772747,1.0,0.0
2025-04-01,0,2025-04-01 00:00:00,142,2025-04-01 23:30:00,2025-04-01 23:40:00,553.2306163518733,0.0,0.0,1386.5639496852066,True,1386.5639496852066,833.3333333333333,0.0,0.0,6715.440572772747,7465.440572772747,1.0,0.0
2025-04-01,0,2025-04-01 00:00:00,143,2025-04-01 23:40:00,2025-04-01 23:50:00,546.6807593909597,0.0,0.0,546.6807593909597,True,546.6807593909597,0.0,0.0,0.0,7465.440572772747,7465.440572772747,0.0,0.0
2025-04-01,0,2025-04-01 00:00:00,144,2025-04-01 23:50:00,2025-04-02 00:00:00,558.4364388419642,0.0,0.0,558.4364388419642,True,558.4364388419642,0.0,0.0,0.0,7465.440572772747,7465.440572772747,-0.0,0.0
2025-04-01,6,2025-04-01 06:00:00,37,2025-04-01 06:00:00,2025-04-01 06:10:00,808.4052784412773,59.99271666666667,59.99271666666667,0.0,False,0.0,0.0,748.4125617746107,0.0,9240.329029946968,8408.759516864067,0.0,0.0
2025-04-01,6,2025-04-01 06:00:00,38,2025-04-01 06:10:00,2025-04-01 06:20:00,803.19389985885,110.79868333333333,110.79868333333333,0.0,False,0.0,0.0,692.3952165255167,0.0,8408.759516864067,7639.431498502382,0.0,0.0
2025-04-01,6,2025-04-01 06:00:00,39,2025-04-01 06:20:00,2025-04-01 06:30:00,825.3701587192178,161.60465000000002,161.60465000000002,0.0,False,0.0,0.0,663.7655087192178,0.0,7639.431498502382,6901.91426659214,0.0,0.0
2025-04-01,6,2025-04-01 06:00:00,40,2025-04-01 06:30:00,2025-04-01 06:40:00,808.2800880486105,212.4106166666667,212.4106166666667,0.0,False,0.0,0.0,595.8694713819439,0.0,6901.91426659214,6239.837076167758,0.0,0.0
2025-04-01,6,2025-04-01 06:00:00,41,2025-04-01 06:40:00,2025-04-01 06:50:00,804.7938835280962,263.21658333333335,263.21658333333335,0.0,False,0.0,0.0,541.5773001947629,0.0,6239.837076167758,5638.0845203958,0.0,0.0
2025-04-01,6,2025-04-01 06:00:00,42,2025-04-01 06:50:00,2025-04-01 07:00:00,818.5941817769863,314.02255,314.02255,108.22297232796342,False,108.22297232796342,0.0,396.3486594490228,0.0,5638.0845203958,5197.697121007996,0.0,0.0
2025-04-01,6,2025-04-01 06:00:00,43,2025-04-01 07:00:00,2025-04-01 07:10:00,799.3991229268627,368.4504569444445,368.4504569444445,433.65048820464045,False,433.65048820464045,0.0,0.0,2.7018222222222903,5197.697121007996,5197.697121007996,0.0,0.0
2025-04-01,6,2025-04-01 06:00:00,44,2025-04-01 07:10:00,2025-04-01 07:20:00,799.5835541595819,426.5003041666667,426.5003041666667,379.4522499929152,False,379.4522499929152,0.0,0.0,6.368999999999971,5197.697121007996,5197.697121007996,0.0,0.0
2025-04-01,6,2025-04-01 06:00:00,45,2025-04-01 07:20:00,2025-04-01 07:30:00,808.4953045897968,484.55015138888893,484.55015138888893,333.98133097868566,False,333.98133097868566,0.0,0.0,10.036177777777823,5197.697121007996,5197.697121007996,0.0,0.0
2025-04-01,6,2025-04-01 06:00:00,46,2025-04-01 07:30:00,2025-04-01 07:40:00,781.8739779725007,542.5999986111111,542.5999986111111,252.9773349169451,False,252.9773349169451,0.0,0.0,13.703355555555504,5197.697121007996,5197.697121007996,0.0,0.0
2025-04-01,6,2025-04-01 06:00:00,47,2025-04-01 07:40:00,2025-04-01 07:50:00,887.1356271527125,600.6498458333334,600.6498458333334,0.0,False,0.0,0.0,286.48578131937904,0.0,5197.697121007996,4879.379586208686,0.0,0.0
2025-04-01,6,2025-04-01 06:00:00,48,2025-04-01 07:50:00,2025-04-01 08:00:00,1068.0755981170569,658.6996930555556,658.6996930555556,0.0,False,0.0,0.0,409.37590506150127,0.0,4879.379586208686,4424.517469473685,0.0,0.0
2025-04-01,6,2025-04-01 06:00:00,49,2025-04-01 08:00:00,2025-04-01 08:10:00,1085.4985902761289,710.9435041666667,710.9435041666667,0.0,False,0.0,0.0,374.5550861094622,0.0,4424.517469473685,4008.345151574282,0.0,0.0
2025-04-01,6,2025-04-01 06:00:00,50,2025-04-01 08:10:00,2025-04-01 08:20:00,1071.024042883757,757.3812791666668,757.3812791666668,0.0,False,0.0,0.0,313.64276371709013,0.0,4008.345151574282,3659.8531918886265,0.0,0.0
2025-04-01,6,2025-04-01 06:00:00,51,2025-04-01 08:20:00,2025-04-01 08:30:00,1085.5008333232086,803.8190541666667,803.8190541666667,0.0,False,0.0,0.0,281.6817791565419,0.0,3659.8531918886265,3346.8734372702465,0.0,0.0
2025-04-01,6,2025-04-01 06:00:00,52,2025-04-01 08:30:00,2025-04-01 08:40:00,1060.5647107177642,850.2568291666666,850.2568291666666,0.0,False,0.0,0.0,210.30788155109758,0.0,3346.8734372702465,3113.1980133245825,0.0,0.0
2025-04-01,6,2025-04-01 06:00:00,53,2025-04-01 08:40:00,2025-04-01 08:50:00,1071.9858117878637,896.6946041666666,896.6946041666666,0.0,False,0.0,0.0,175.29120762119703,0.0,3113.1980133245825,2918.430004856586,0.0,0.0
2025-04-01,6,2025-04-01 06:00:00,54,2025-04-01 08:50:00,2025-04-01 09:00:00,1117.164522442139,943.1323791666667,943.1323791666667,0.0,False,0.0,0.0,174.03214327547232,0.0,2918.430004856586,2725.060956772728,0.0,0.0
2025-04-01,6,2025-04-01 06:00:00,55,2025-04-01 09:00:00,2025-04-01 09:10:00,1106.7495574621037,972.4204097222223,972.4204097222223,0.0,False,0.0,0.0,134.32914773988136,0.0,2725.060956772728,2575.8063481728595,0.0,0.0
2025-04-01,6,2025-04-01 06:00:00,56,2025-04-01 09:10:00,2025-04-01 09:20:00,1068.875225832534,984.5586958333333,984.5586958333333,0.0,False,0.0,0.0,662.4450439330476,578.128513933847,2575.8063481728595,1839.7562993583624,0.0,0.0
2025-04-01,6,2025-04-01 06:00:00,57,2025-04-01 09:20:00,2025-04-01 09:30:00,1052.3083932983322,996.6969819444445,996.6969819444445,0.0,False,0.0,0.0,55.611411353887775,0.0,1839.7562993583624,1777.9658422984871,0.0,0.0
2025-04-01,6,2025-04-01 06:00:00,58,2025-04-01 09:30:00,2025-04-01 09:40:00,1077.9065524292664,1008.8352680555557,1008.8352680555557,0.0,False,0.0,0.0,69.07128437371068,0.0,1777.9658422984871,1701.2199707721418,0.0,0.0
2025-04-01,6,2025-04-01 06:00:00,59,2025-04-01 09:40:00,2025-04-01 09:50:00,1096.777530952011,1020.9735541666668,1020.9735541666668,0.0,False,0.0,0.0,75.80397678534416,0.0,1701.2199707721418,1616.9933298995372,0.0,0.0
2025-04-01,6,2025-04-01 06:00:00,60,2025-04-01 09:50:00,2025-04-01 10:00:00,1084.1725295351391,1033.1118402777777,1033.1118402777777,0.0,False,0.0,0.0,51.060689257361446,0.0,1616.9933298995372,1560.2592307246912,0.0,0.0
2025-04-01,6,2025-04-01 06:00:00,61,2025-04-01 10:00:00,2025-04-01 10:10:00,1064.4340893792087,1049.9279222222222,1049.9279222222222,0.0,False,0.0,0.0,14.506167156986521,0.0,1560.2592307246912,1544.1412672169283,0.0,0.0
2025-04-01,6,2025-04-01 06:00:00,62,2025-04-01 10:10:00,2025-04-01 10:20:00,1088.6713133531596,1071.4218,1071.4218,0.0,False,0.0,0.0,17.2495133531595,0.0,1544.1412672169283,1524.9751412689734,0.0,0.0
2025-04-01,6,2025-04-01 06:00:00,63,2025-04-01 10:20:00,2025-04-01 10:30:00,1129.6992990060019,1092.9156777777778,1092.9156777777778,0.0,False,0.0,0.0,36.78362122822409,0.0,1524.9751412689734,1484.104451015391,0.0,0.0
2025-04-01,6,2025-04-01 06:00:00,64,2025-04-01 10:30:00,2025-04-01 10:40:00,1108.8589689023472,1114.4095555555557,1114.4095555555557,0.0,False,0.0,0.0,0.0,5.550586653208484,1484.104451015391,1484.104451015391,0.0,0.0
2025-04-01,6,2025-04-01 06:00:00,65,2025-04-01 10:40:00,2025-04-01 10:50:00,1077.335734994633,1135.9034333333332,1135.9034333333332,138.49675582796647,False,138.49675582796647,197.06445416666656,0.0,1.1368683772161603e-13,1484.104451015391,1661.462459765391,1.0,0.0
2025-04-01,6,2025-04-01 06:00:00,66,2025-04-01 10:50:00,2025-04-01 11:00:00,1065.592151988638,1157.397311111111,1157.397311111111,955.4727255997491,False,955.4727255997491,833.3333333333333,0.0,213.94455138888884,1661.462459765391,2411.462459765391,1.0,0.0
2025-04-01,6,2025-04-01 06:00:00,67,2025-04-01 11:00:00,2025-04-01 11:10:00,1054.0907551780265,1160.934123611111,1160.934123611111,942.2385662891376,False,942.2385662891376,833.3333333333333,0.0,215.74860138888903,2411.462459765391,3161.462459765391,1.0,0.0
2025-04-01,6,2025-04-01 06:00:00,68,2025-04-01 11:10:00,2025-04-01 11:20:00,1040.5778406881386,1146.5138708333334,1146.5138708333334,929.8739073548053,False,929.8739073548053,833.3333333333333,0.0,202.4766041666669,3161.462459765391,3911.462459765391,1.0,0.0
2025-04-01,6,2025-04-01 06:00:00,69,2025-04-01 11:20:00,2025-04-01 11:30:00,1046.6464652259024,1132.0936180555555,1132.0936180555555,937.0907874481246,False,937.0907874481246,833.3333333333333,0.0,189.20460694444444,3911.462459765391,4661.462459765391,1.0,0.0
2025-04-01,6,2025-04-01 06:00:00,70,2025-04-01 11:30:00,2025-04-01 11:40:00,1082.7693061827315,1117.6733652777777,1117.6733652777777,974.3618839605092,False,974.3618839605092,833.3333333333333,0.0,175.9326097222222,4661.462459765391,5411.462459765391,1.0,0.0
2025-04-01,6,2025-04-01 06:00:00,71,2025-04-01 11:40:00,2025-04-01 11:50:00,1046.1974398569967,1103.2531124999998,1103.2531124999998,938.9382731903298,False,938.9382731903298,833.3333333333333,0.0,162.66061249999973,5411.462459765391,6161.462459765391,1.0,0.0
2025-04-01,6,2025-04-01 06:00:00,72,2025-04-01 11:50:00,2025-04-01 12:00:00,964.5667260113628,1088.8328597222223,1088.8328597222223,858.4558149002517,False,858.4558149002517,833.3333333333333,0.0,149.38861527777794,6161.462459765391,6911.462459765391,1.0,0.0
2025-04-01,6,2025-04-01 06:00:00,73,2025-04-01 12:00:00,2025-04-01 12:10:00,972.9634124971827,1081.3833055555554,1081.3833055555554,866.0773249971826,False,866.0773249971826,833.3333333333333,0.0,141.16388472222195,6911.462459765391,7661.462459765391,1.0,0.0
2025-04-01,6,2025-04-01 06:00:00,74,2025-04-01 12:10:00,2025-04-01 12:20:00,1003.5824455660346,1080.90445,1080.90445,893.9977497327012,False,893.9977497327012,833.3333333333333,0.0,137.98642083333334,7661.462459765391,8411.462459765391,1.0,0.0
2025-04-01,6,2025-04-01 06:00:00,75,2025-04-01 12:20:00,2025-04-01 12:30:00,1002.1293391480675,1080.4255944444444,1080.4255944444444,889.8460349814009,False,889.8460349814009,833.3333333333333,0.0,134.8089569444445,8411.462459765391,9161.462459765391,1.0,0.0
2025-04-01,6,2025-04-01 06:00:00,76,2025-04-01 12:30:00,2025-04-01 12:40:00,986.3476327781184,1079.9467388888888,1079.9467388888888,871.3657202781183,False,871.3657202781183,833.3333333333333,0.0,131.63149305555544,9161.462459765391,9911.462459765391,1.0,0.0
2025-04-01,6,2025-04-01 06:00:00,77,2025-04-01 12:40:00,2025-04-01 12:50:00,995.9346637277258,1079.4678833333335,1079.4678833333335,878.2541428943924,False,878.2541428943924,833.3333333333333,0.0,128.45402916666683,9911.462459765391,10661.462459765391,1.0,0.0
2025-04-01,6,2025-04-01 06:00:00,78,2025-04-01 12:50:00,2025-04-01 13:00:00,1023.4758860205878,1078.9890277777777,1078.9890277777777,0.0,False,0.0,55.51314175718983,0.0,0.0,10661.462459765391,10711.424287346861,1.0,0.0
2025-04-01,6,2025-04-01 06:00:00,79,2025-04-01 13:00:00,2025-04-01 13:10:00,1026.8376972502447,1072.9704583333332,1072.9704583333332,0.0,False,0.0,46.13276108308855,0.0,0.0,10711.424287346861,10752.943772321642,1.0,0.0
2025-04-01,6,2025-04-01 06:00:00,80,2025-04-01 13:10:00,2025-04-01 13:20:00,1030.6860077839306,1061.4121750000002,1061.4121750000002,0.0,False,0.0,30.726167216069594,0.0,3.552713678800501e-15,10752.943772321642,10780.597322816104,0.9999999999999999,0.0
2025-04-01,6,2025-04-01 06:00:00,81,2025-04-01 13:20:00,2025-04-01 13:30:00,1035.429338406888,1049.8538916666666,1049.8538916666666,0.0,False,0.0,0.0,0.0,14.424553259778577,10780.597322816104,10780.597322816104,0.0,0.0
2025-04-01,6,2025-04-01 06:00:00,82,2025-04-01 13:30:00,2025-04-01 13:40:00,1016.7370781290042,1038.2956083333331,1038.2956083333331,0.0,False,0.0,21.558530204328914,0.0,3.552713678800501e-15,10780.597322816104,10800.0,0.9999999999999999,0.0
2025-04-01,6,2025-04-01 06:00:00,83,2025-04-01 13:40:00,2025-04-01 13:50:00,1014.764697450054,1026.737325,1026.737325,0.0,False,0.0,0.0,0.0,11.972627549946083,10800.0,10800.0,0.0,0.0
2025-04-01,6,2025-04-01 06:00:00,84,2025-04-01 13:50:00,2025-04-01 14:00:00,1025.581383701461,1015.1790416666666,1015.1790416666666,0.0,False,0.0,0.0,10.402342034794287,0.0,10800.0,10788.441842183562,0.0,0.0
2025-04-01,6,2025-04-01 06:00:00,85,2025-04-01 14:00:00,2025-04-01 14:10:00,1007.98177043203,997.3855472222222,997.3855472222222,0.0,False,0.0,0.0,10.596223209807818,0.0,10788.441842183562,10776.668260839331,0.0,0.0
2025-04-01,6,2025-04-01 06:00:00,86,2025-04-01 14:10:00,2025-04-01 14:20:00,1011.1408069201716,973.3568416666667,973.3568416666667,0.0,False,0.0,0.0,37.7839652535049,0.0,10776.668260839331,10734.686077224325,0.0,0.0
2025-04-01,6,2025-04-01 06:00:00,87,2025-04-01 14:20:00,2025-04-01 14:30:00,1035.2014854455174,949.3281361111112,949.3281361111112,0.0,False,0.0,0.0,85.87334933440616,0.0,10734.686077224325,10639.271244630541,0.0,0.0
2025-04-01,6,2025-04-01 06:00:00,88,2025-04-01 14:30:00,2025-04-01 14:40:00,1027.5504189210167,925.2994305555554,925.2994305555554,0.0,False,0.0,0.0,102.25098836546124,0.0,10639.271244630541,10525.659035335584,0.0,0.0
2025-04-01,6,2025-04-01 06:00:00,89,2025-04-01 14:40:00,2025-04-01 14:50:00,1012.8139098459234,901.270725,901.270725,0.0,False,0.0,0.0,111.5431848459234,0.0,10525.659035335584,10401.722163284558,0.0,0.0
2025-04-01,6,2025-04-01 06:00:00,90,2025-04-01 14:50:00,2025-04-01 15:00:00,1015.0340208470865,877.2420194444445,877.2420194444445,29.778418069308714,False,29.778418069308714,0.0,0.0,0.0,10401.722163284558,10401.722163284558,0.0,108.01358333333326
2025-04-01,6,2025-04-01 06:00:00,91,2025-04-01 15:00:00,2025-04-01 15:10:00,1029.5222634367701,842.5355222222221,842.5355222222221,570.8851406182125,False,570.8851406182125,383.89839940366437,0.0,1.1368683772161603e-13,10401.722163284558,10747.230722747856,1.0,0.0
2025-04-01,6,2025-04-01 06:00:00,92,2025-04-01 15:10:00,2025-04-01 15:20:00,1021.7150339402481,797.1512333333334,797.1512333333334,133.10809227358152,False,133.10809227358152,0.0,0.0,0.0,10747.230722747856,10747.230722747856,0.0,91.45570833333318
2025-04-01,6,2025-04-01 06:00:00,93,2025-04-01 15:20:00,2025-04-01 15:30:00,1001.9655191888176,751.7669444444446,751.7669444444446,169.4448608554842,False,169.4448608554842,0.0,0.0,0.0,10747.230722747856,10747.230722747856,0.0,80.7537138888888
2025-04-01,6,2025-04-01 06:00:00,94,2025-04-01 15:30:00,2025-04-01 15:40:00,1014.0511362375996,706.3826555555555,706.3826555555555,237.6167612375997,False,237.6167612375997,0.0,0.0,0.0,10747.230722747856,10747.230722747856,0.0,70.05171944444442
2025-04-01,6,2025-04-01 06:00:00,95,2025-04-01 15:40:00,2025-04-01 15:50:00,1028.3439886162232,660.9983666666667,660.9983666666667,307.9958969495566,False,307.9958969495566,0.0,0.0,0.0,10747.230722747856,10747.230722747856,0.0,59.34972499999992
2025-04-01,6,2025-04-01 06:00:00,96,2025-04-01 15:50:00,2025-04-01 16:00:00,1031.1105580772526,615.6140777777778,615.6140777777778,366.84874974391926,False,366.84874974391926,0.0,0.0,0.0,10747.230722747856,10747.230722747856,0.0,48.64773055555554
2025-04-01,6,2025-04-01 06:00:00,97,2025-04-01 16:00:00,2025-04-01 16:10:00,1034.684436671693,568.8288722222222,568.8288722222222,426.98830611613744,False,426.98830611613744,0.0,0.0,0.0,10747.230722747856,10747.230722747856,0.0,38.867258333333325
2025-04-01,6,2025-04-01 06:00:00,98,2025-04-01 16:10:00,2025-04-01 16:20:00,1018.6575524251082,520.64275,520.64275,468.0064940917748,False,468.0064940917748,0.0,0.0,0.0,10747.230722747856,10747.230722747856,0.0,30.00830833333339
2025-04-01,6,2025-04-01 06:00:00,99,2025-04-01 16:20:00,2025-04-01 16:30:00,1005.5893985418525,472.4566277777778,472.4566277777778,511.98341243074134,False,511.98341243074134,0.0,0.0,0.0,10747.230722747856,10747.230722747856,0.0,21.149358333333282
2025-04-01,6,2025-04-01 06:00:00,100,2025-04-01 16:30:00,2025-04-01 16:40:00,1039.389744290976,424.27050555555553,424.27050555555553,602.8288304020871,False,602.8288304020871,0.0,0.3749256675157085,0.0,10747.230722747856,10746.814138672838,0.0,11.915482665817809
2025-04-01,6,2025-04-01 06:00:00,101,2025-04-01 16:40:00,2025-04-01 16:50:00,1047.23878088805,376.08438333333334,376.08438333333334,667.7229392213835,False,667.7229392213835,0.0,3.4314583333332394,0.0,10746.814138672838,10743.001407191357,0.0,0.0
2025-04-01,6,2025-04-01 06:00:00,102,2025-04-01 16:50:00,2025-04-01 17:00:00,1017.8452882376769,327.89826111111114,327.89826111111114,695.3745187932325,False,695.3745187932325,5.4274916666668105,0.0,0.0,10743.001407191357,10747.886149691358,1.0,0.0
2025-04-01,6,2025-04-01 06:00:00,103,2025-04-01 17:00:00,2025-04-01 17:10:00,1010.0220351420496,281.1008652777778,281.1008652777778,738.3451795864942,False,738.3451795864942,9.424009722222308,0.0,0.0,10747.886149691358,10756.367758441358,1.0,0.0
2025-04-01,6,2025-04-01 06:00:00,104,2025-04-01 17:10:00,2025-04-01 17:20:00,1000.46668756077,235.69219583333333,235.69219583333333,773.33258756077,False,773.33258756077,8.558095833333368,0.0,0.0,10756.367758441358,10764.070044691358,1.0,0.0
2025-04-01,6,2025-04-01 06:00:00,105,2025-04-01 17:20:00,2025-04-01 17:30:00,1002.9984049129127,190.28352638888887,190.28352638888887,820.4070604684683,False,820.4070604684683,7.692181944444428,0.0,0.0,10764.070044691358,10770.993008441357,1.0,0.0
2025-04-01,6,2025-04-01 06:00:00,106,2025-04-01 17:30:00,2025-04-01 17:40:00,1035.72451912314,144.87485694444445,144.87485694444445,897.6759302342512,False,897.6759302342512,6.826268055555601,0.0,8.881784197001252e-16,10770.993008441357,10777.136649691358,1.0,0.0
2025-04-01,6,2025-04-01 06:00:00,107,2025-04-01 17:40:00,2025-04-01 17:50:00,912.7517966169983,99.46618749999999,99.46618749999999,819.2459632836649,False,819.2459632836649,5.960354166666548,0.0,0.0,10777.136649691358,10782.500968441358,1.0,0.0
2025-04-01,6,2025-04-01 06:00:00,108,2025-04-01 17:50:00,2025-04-01 18:00:00,702.7598739657119,54.057518055555555,54.057518055555555,653.7967961879341,False,653.7967961879341,5.09444027777772,0.0,1.7763568394002505e-15,10782.500968441358,10787.085964691358,0.9999999999999997,0.0
2025-04-01,6,2025-04-01 06:00:00,109,2025-04-01 18:00:00,2025-04-01 18:10:00,678.8793925634764,28.740418055555555,28.740418055555555,654.4120008968097,False,654.4120008968097,4.273026388888866,0.0,0.0,10787.085964691358,10790.931688441358,1.0,0.0
2025-04-01,6,2025-04-01 06:00:00,110,2025-04-01 18:10:00,2025-04-01 18:20:00,713.2228005621308,23.5148875,23.5148875,693.2040255621308,False,693.2040255621308,3.4961124999999793,0.0,1.7763568394002505e-15,10790.931688441358,10794.078189691358,0.9999999999999993,0.0
2025-04-01,6,2025-04-01 06:00:00,111,2025-04-01 18:20:00,2025-04-01 18:30:00,711.8679268577455,18.289356944444446,18.289356944444446,696.2977685244122,False,696.2977685244122,2.7191986111110964,0.0,0.0,10794.078189691358,10796.525468441358,1.0,0.0
2025-04-01,6,2025-04-01 06:00:00,112,2025-04-01 18:30:00,2025-04-01 18:40:00,711.6003612656426,13.06382638888889,13.06382638888889,700.478819598976,False,700.478819598976,1.9422847222222117,0.0,0.0,10796.525468441358,10798.273524691358,1.0,0.0
2025-04-01,6,2025-04-01 06:00:00,113,2025-04-01 18:40:00,2025-04-01 18:50:00,721.1127805573317,7.838295833333334,7.838295833333334,70.71605906625041,False,70.71605906625041,0.0,642.558425657748,0.0,10798.273524691358,10084.319718404971,0.0,0.0
2025-04-01,6,2025-04-01 06:00:00,114,2025-04-01 18:50:00,2025-04-01 19:00:00,727.2767238936955,2.6127652777777786,2.6127652777777786,0.0,False,0.0,0.0,724.6639586159177,0.0,10084.319718404971,9279.137542165063,0.0,0.0
2025-04-01,6,2025-04-01 06:00:00,115,2025-04-01 19:00:00,2025-04-01 19:10:00,717.7055313483611,0.0,0.0,0.0,False,0.0,0.0,717.7055313483601,0.0,9279.137542165063,8481.686951777996,0.0,0.0
2025-04-01,6,2025-04-01 06:00:00,116,2025-04-01 19:10:00,2025-04-01 19:20:00,733.0443862288562,0.0,0.0,0.0,False,0.0,0.0,733.0443862288563,0.0,8481.686951777996,7667.193189301489,0.0,0.0
2025-04-01,6,2025-04-01 06:00:00,117,2025-04-01 19:20:00,2025-04-01 19:30:00,757.2945703905195,0.0,0.0,0.0,False,0.0,0.0,757.2945703905195,0.0,7667.193189301489,6825.754777756466,0.0,0.0
2025-04-01,6,2025-04-01 06:00:00,118,2025-04-01 19:30:00,2025-04-01 19:40:00,732.9669158791057,0.0,0.0,0.0,False,0.0,0.0,732.9669158791057,0.0,6825.754777756466,6011.3470934463485,0.0,0.0
2025-04-01,6,2025-04-01 06:00:00,119,2025-04-01 19:40:00,2025-04-01 19:50:00,714.1208670109687,0.0,0.0,0.0,False,0.0,0.0,714.1208670109686,0.0,6011.3470934463485,5217.879463434161,0.0,0.0
2025-04-01,6,2025-04-01 06:00:00,120,2025-04-01 19:50:00,2025-04-01 20:00:00,722.4804662427221,0.0,0.0,0.0,False,0.0,0.0,722.4804662427221,0.0,5217.879463434161,4415.123389831137,0.0,0.0
2025-04-01,6,2025-04-01 06:00:00,121,2025-04-01 20:00:00,2025-04-01 20:10:00,727.6706481527483,0.0,0.0,0.0,False,0.0,0.0,727.6706481527489,0.0,4415.123389831137,3606.6004474391934,0.0,0.0
2025-04-01,6,2025-04-01 06:00:00,122,2025-04-01 20:10:00,2025-04-01 20:20:00,733.8376116485535,0.0,0.0,0.0,False,0.0,0.0,733.8376116485538,0.0,3606.6004474391934,2791.225323385245,0.0,0.0
2025-04-01,6,2025-04-01 06:00:00,123,2025-04-01 20:20:00,2025-04-01 20:30:00,730.5074189542917,0.0,0.0,0.0,False,0.0,0.0,730.5074189542917,0.0,2791.225323385245,1979.550413436032,0.0,0.0
2025-04-01,6,2025-04-01 06:00:00,124,2025-04-01 20:30:00,2025-04-01 20:40:00,701.5953720924285,0.0,0.0,0.0,False,0.0,0.0,701.5953720924288,0.0,1979.550413436032,1200.0,0.0,0.0
2025-04-01,6,2025-04-01 06:00:00,125,2025-04-01 20:40:00,2025-04-01 20:50:00,701.2601759827111,0.0,0.0,701.2601759827111,False,701.2601759827111,0.0,0.0,0.0,1200.0,1200.0,0.0,0.0
2025-04-01,6,2025-04-01 06:00:00,126,2025-04-01 20:50:00,2025-04-01 21:00:00,733.3230472699762,0.0,0.0,733.3230472699762,False,733.3230472699762,0.0,0.0,0.0,1200.0,1200.0,0.0,0.0
2025-04-01,6,2025-04-01 06:00:00,127,2025-04-01 21:00:00,2025-04-01 21:10:00,746.4592132231691,0.0,0.0,746.4592132231691,False,746.4592132231691,0.0,0.0,0.0,1200.0,1200.0,0.0,0.0
2025-04-01,6,2025-04-01 06:00:00,128,2025-04-01 21:10:00,2025-04-01 21:20:00,741.4470165134402,0.0,0.0,741.4470165134402,False,741.4470165134402,0.0,0.0,0.0,1200.0,1200.0,0.0,0.0
2025-04-01,6,2025-04-01 06:00:00,129,2025-04-01 21:20:00,2025-04-01 21:30:00,733.7922656097287,0.0,0.0,733.7922656097287,False,733.7922656097287,0.0,0.0,0.0,1200.0,1200.0,0.0,0.0
2025-04-01,6,2025-04-01 06:00:00,130,2025-04-01 21:30:00,2025-04-01 21:40:00,723.4233989555388,0.0,0.0,723.4233989555388,False,723.4233989555388,0.0,0.0,0.0,1200.0,1200.0,0.0,0.0
2025-04-01,6,2025-04-01 06:00:00,131,2025-04-01 21:40:00,2025-04-01 21:50:00,649.4379690577791,0.0,0.0,649.4379690577791,False,649.4379690577791,0.0,0.0,0.0,1200.0,1200.0,0.0,0.0
2025-04-01,6,2025-04-01 06:00:00,132,2025-04-01 21:50:00,2025-04-01 22:00:00,556.0357557480169,0.0,0.0,1389.36908908135,False,1389.36908908135,833.3333333333333,0.0,-1.1368683772161603e-13,1200.0,1950.0,1.0,0.0
2025-04-01,6,2025-04-01 06:00:00,133,2025-04-01 22:00:00,2025-04-01 22:10:00,555.5833590381313,0.0,0.0,1388.9166923714647,False,1388.9166923714647,833.3333333333333,0.0,1.1368683772161603e-13,1950.0,2700.0,1.0,0.0
2025-04-01,6,2025-04-01 06:00:00,134,2025-04-01 22:10:00,2025-04-01 22:20:00,557.3583314894694,0.0,0.0,557.3583314894694,False,557.3583314894694,0.0,0.0,0.0,2700.0,2700.0,0.0,0.0
2025-04-01,6,2025-04-01 06:00:00,135,2025-04-01 22:20:00,2025-04-01 22:30:00,544.2476931581328,0.0,0.0,1377.5810264914662,False,1377.5810264914662,833.3333333333333,0.0,1.1368683772161603e-13,2700.0,3450.0,1.0,0.0
2025-04-01,6,2025-04-01 06:00:00,136,2025-04-01 22:30:00,2025-04-01 22:40:00,583.3546706215906,0.0,0.0,1416.6880039549237,False,1416.6880039549237,833.3333333333333,0.0,-1.1368683772161603e-13,3450.0,4200.0,1.0,0.0
2025-04-01,6,2025-04-01 06:00:00,137,2025-04-01 22:40:00,2025-04-01 22:50:00,581.8270532012699,0.0,0.0,876.7610229487667,False,876.7610229487667,294.9339697474968,0.0,0.0,4200.0,4465.440572772747,1.0,0.0
2025-04-01,6,2025-04-01 06:00:00,138,2025-04-01 22:50:00,2025-04-01 23:00:00,541.8417459713932,0.0,0.0,1375.1750793047263,False,1375.1750793047263,833.3333333333333,0.0,-1.1368683772161603e-13,4465.440572772747,5215.440572772747,1.0,0.0
2025-04-01,6,2025-04-01 06:00:00,139,2025-04-01 23:00:00,2025-04-01 23:10:00,562.9017661534159,0.0,0.0,562.9017661534159,False,562.9017661534159,-0.0,0.0,0.0,5215.440572772747,5215.440572772747,0.0,0.0
2025-04-01,6,2025-04-01 06:00:00,140,2025-04-01 23:10:00,2025-04-01 23:20:00,590.49417250965,0.0,0.0,1423.827505842983,False,1423.827505842983,833.3333333333333,0.0,-1.1368683772161603e-13,5215.440572772747,5965.440572772747,1.0,0.0
2025-04-01,6,2025-04-01 06:00:00,141,2025-04-01 23:20:00,2025-04-01 23:30:00,581.8911130539298,0.0,0.0,1415.224446387263,False,1415.224446387263,833.3333333333333,0.0,0.0,5965.440572772747,6715.440572772747,1.0,0.0
2025-04-01,6,2025-04-01 06:00:00,142,2025-04-01 23:30:00,2025-04-01 23:40:00,553.2306163518733,0.0,0.0,1386.5639496852066,False,1386.5639496852066,833.3333333333333,0.0,0.0,6715.440572772747,7465.440572772747,1.0,0.0
2025-04-01,6,2025-04-01 06:00:00,143,2025-04-01 23:40:00,2025-04-01 23:50:00,546.6807593909597,0.0,0.0,546.6807593909597,False,546.6807593909597,0.0,0.0,0.0,7465.440572772747,7465.440572772747,0.0,0.0
2025-04-01,6,2025-04-01 06:00:00,144,2025-04-01 23:50:00,2025-04-02 00:00:00,558.4364388419642,0.0,0.0,558.4364388419642,False,558.4364388419642,-0.0,0.0,0.0,7465.440572772747,7465.440572772747,0.0,0.0
2025-04-01,12,2025-04-01 12:00:00,73,2025-04-01 12:00:00,2025-04-01 12:10:00,972.9634124971827,1086.2179458333333,1086.2179458333333,866.0773249971826,False,866.0773249971826,0.0,0.0,979.3318583333331,8924.371362758928,8924.371362758928,0.0,0.0
2025-04-01,12,2025-04-01 12:00:00,74,2025-04-01 12:10:00,2025-04-01 12:20:00,1003.5824455660346,1095.4083708333335,1095.4083708333335,893.9977497327012,False,893.9977497327012,-0.0,0.0,985.8236750000001,8924.371362758928,8924.371362758928,0.0,0.0
2025-04-01,12,2025-04-01 12:00:00,75,2025-04-01 12:20:00,2025-04-01 12:30:00,1002.1293391480675,1104.5987958333333,1104.5987958333333,889.8460349814009,False,889.8460349814009,0.0,0.0,992.3154916666666,8924.371362758928,8924.371362758928,0.0,0.0
2025-04-01,12,2025-04-01 12:00:00,76,2025-04-01 12:30:00,2025-04-01 12:40:00,986.3476327781184,1113.7892208333333,1113.7892208333333,871.3657202781183,False,871.3657202781183,833.3333333333333,0.0,165.47397499999988,8924.371362758928,9674.371362758928,1.0,0.0
2025-04-01,12,2025-04-01 12:00:00,77,2025-04-01 12:40:00,2025-04-01 12:50:00,995.9346637277258,1122.9796458333333,1122.9796458333333,878.2541428943924,False,878.2541428943924,632.1171703199838,0.0,373.18195468001613,9674.371362758928,10243.276816046913,1.0,0.0
2025-04-01,12,2025-04-01 12:00:00,78,2025-04-01 12:50:00,2025-04-01 13:00:00,1023.4758860205878,1132.1700708333335,1132.1700708333335,0.0,False,0.0,0.0,0.0,108.69418481274568,10243.276816046913,10243.276816046913,-0.0,0.0
2025-04-01,12,2025-04-01 12:00:00,79,2025-04-01 13:00:00,2025-04-01 13:10:00,1026.8376972502447,1135.7781625,1135.7781625,0.0,False,0.0,0.0,0.0,108.94046524975533,10243.276816046913,10243.276816046913,0.0,0.0
2025-04-01,12,2025-04-01 12:00:00,80,2025-04-01 13:10:00,2025-04-01 13:20:00,1030.6860077839306,1133.8039208333332,1133.8039208333332,0.0,False,0.0,103.11791304940266,0.0,0.0,10243.276816046913,10336.082937791376,1.0,0.0
2025-04-01,12,2025-04-01 12:00:00,81,2025-04-01 13:20:00,2025-04-01 13:30:00,1035.429338406888,1131.8296791666667,1131.8296791666667,0.0,False,0.0,0.0,0.0,96.4003407597786,10336.082937791376,10336.082937791376,0.0,0.0
2025-04-01,12,2025-04-01 12:00:00,82,2025-04-01 13:30:00,2025-04-01 13:40:00,1016.7370781290042,1129.8554375,1129.8554375,0.0,False,0.0,0.0,0.0,113.1183593709959,10336.082937791376,10336.082937791376,0.0,0.0
2025-04-01,12,2025-04-01 12:00:00,83,2025-04-01 13:40:00,2025-04-01 13:50:00,1014.764697450054,1127.8811958333333,1127.8811958333333,0.0,False,0.0,113.11649838327935,0.0,0.0,10336.082937791376,10437.887786336327,1.0,0.0
2025-04-01,12,2025-04-01 12:00:00,84,2025-04-01 13:50:00,2025-04-01 14:00:00,1025.581383701461,1125.9069541666668,1125.9069541666668,0.0,False,0.0,0.0,0.0,100.32557046520583,10437.887786336327,10437.887786336327,0.0,0.0
2025-04-01,12,2025-04-01 12:00:00,85,2025-04-01 14:00:00,2025-04-01 14:10:00,1007.98177043203,1107.9633458333335,1107.9633458333335,0.0,False,0.0,99.98157540130353,0.0,0.0,10437.887786336327,10527.8712041975,1.0,0.0
2025-04-01,12,2025-04-01 12:00:00,86,2025-04-01 14:10:00,2025-04-01 14:20:00,1011.1408069201716,1074.0503708333333,1074.0503708333333,0.0,False,0.0,0.0,0.0,62.90956391316172,10527.8712041975,10527.8712041975,0.0,0.0
2025-04-01,12,2025-04-01 12:00:00,87,2025-04-01 14:20:00,2025-04-01 14:30:00,1035.2014854455174,1040.1373958333334,1040.1373958333334,0.0,False,0.0,0.0,0.0,4.935910387815966,10527.8712041975,10527.8712041975,-0.0,0.0
2025-04-01,12,2025-04-01 12:00:00,88,2025-04-01 14:30:00,2025-04-01 14:40:00,1027.5504189210167,1006.2244208333335,1006.2244208333335,0.0,False,0.0,0.0,21.32599808768316,0.0,10527.8712041975,10504.17565076674,0.0,0.0
2025-04-01,12,2025-04-01 12:00:00,89,2025-04-01 14:40:00,2025-04-01 14:50:00,1012.8139098459234,972.3114458333333,972.3114458333333,0.0,False,0.0,0.0,40.50246401259005,0.0,10504.17565076674,10459.172912974973,0.0,0.0
2025-04-01,12,2025-04-01 12:00:00,90,2025-04-01 14:50:00,2025-04-01 15:00:00,1015.0340208470865,938.3984708333334,938.3984708333334,29.778418069308714,False,29.778418069308714,0.0,46.857131944444404,0.0,10459.172912974973,10407.109433036701,0.0,0.0
2025-04-01,12,2025-04-01 12:00:00,91,2025-04-01 15:00:00,2025-04-01 15:10:00,1029.5222634367701,895.182197222222,895.182197222222,570.8851406182125,False,570.8851406182125,436.54507440366444,0.0,0.0,10407.109433036701,10800.0,1.0,0.0
2025-04-01,12,2025-04-01 12:00:00,92,2025-04-01 15:10:00,2025-04-01 15:20:00,1021.7150339402481,842.6626249999999,842.6626249999999,133.10809227358152,False,133.10809227358152,0.0,0.0,0.0,10800.0,10800.0,0.0,45.94431666666662
2025-04-01,12,2025-04-01 12:00:00,93,2025-04-01 15:20:00,2025-04-01 15:30:00,1001.9655191888176,790.1430527777778,790.1430527777778,169.4448608554842,False,169.4448608554842,0.0,0.0,0.0,10800.0,10800.0,0.0,42.37760555555553
2025-04-01,12,2025-04-01 12:00:00,94,2025-04-01 15:30:00,2025-04-01 15:40:00,1014.0511362375996,737.6234805555555,737.6234805555555,237.6167612375997,False,237.6167612375997,0.0,0.0,0.0,10800.0,10800.0,0.0,38.81089444444444
2025-04-01,12,2025-04-01 12:00:00,95,2025-04-01 15:40:00,2025-04-01 15:50:00,1028.3439886162232,685.1039083333334,685.1039083333334,307.9958969495566,False,307.9958969495566,0.0,0.0,0.0,10800.0,10800.0,0.0,35.24418333333324
2025-04-01,12,2025-04-01 12:00:00,96,2025-04-01 15:50:00,2025-04-01 16:00:00,1031.1105580772526,632.584336111111,632.584336111111,366.84874974391926,False,366.84874974391926,0.0,0.0,0.0,10800.0,10800.0,0.0,31.677472222222264
2025-04-01,12,2025-04-01 12:00:00,97,2025-04-01 16:00:00,2025-04-01 16:10:00,1034.684436671693,581.2003458333334,581.2003458333334,426.98830611613744,False,426.98830611613744,0.0,21.323648722225027,0.0,10800.0,10776.307056975305,0.0,5.17213599999717
2025-04-01,12,2025-04-01 12:00:00,98,2025-04-01 16:10:00,2025-04-01 16:20:00,1018.6575524251082,530.9519375,530.9519375,468.0064940917748,False,468.0064940917748,0.0,19.69912083333338,0.0,10776.307056975305,10754.419144938269,0.0,0.0
2025-04-01,12,2025-04-01 12:00:00,99,2025-04-01 16:20:00,2025-04-01 16:30:00,1005.5893985418525,480.7035291666666,480.7035291666666,511.98341243074134,False,511.98341243074134,0.0,12.90245694444451,0.0,10754.419144938269,10740.083081666664,0.0,0.0
2025-04-01,12,2025-04-01 12:00:00,100,2025-04-01 16:30:00,2025-04-01 16:40:00,1039.389744290976,430.4551208333333,430.4551208333333,602.8288304020871,False,602.8288304020871,0.0,6.1057930555557505,0.0,10740.083081666664,10733.29886716049,0.0,0.0
2025-04-01,12,2025-04-01 12:00:00,101,2025-04-01 16:40:00,2025-04-01 16:50:00,1047.23878088805,380.20671250000004,380.20671250000004,667.7229392213835,False,667.7229392213835,0.6908708333335198,0.0,0.0,10733.29886716049,10733.920650910492,1.0,0.0
2025-04-01,12,2025-04-01 12:00:00,102,2025-04-01 16:50:00,2025-04-01 17:00:00,1017.8452882376769,329.95830416666666,329.95830416666666,695.3745187932325,False,695.3745187932325,7.487534722222334,0.0,1.7763568394002505e-15,10733.920650910492,10740.659432160492,0.9999999999999998,0.0
2025-04-01,12,2025-04-01 12:00:00,103,2025-04-01 17:00:00,2025-04-01 17:10:00,1010.0220351420496,282.11179305555555,282.11179305555555,738.3451795864942,False,738.3451795864942,10.43493750000016,0.0,0.0,10740.659432160492,10750.050875910492,1.0,0.0
2025-04-01,12,2025-04-01 12:00:00,104,2025-04-01 17:10:00,2025-04-01 17:20:00,1000.46668756077,236.66717916666667,236.66717916666667,773.33258756077,False,773.33258756077,9.533079166666651,0.0,1.7763568394002505e-15,10750.050875910492,10758.630647160493,0.9999999999999999,0.0
2025-04-01,12,2025-04-01 12:00:00,105,2025-04-01 17:20:00,2025-04-01 17:30:00,1002.9984049129127,191.22256527777776,191.22256527777776,820.4070604684683,False,820.4070604684683,8.631220833333373,0.0,0.0,10758.630647160493,10766.398745910494,1.0,0.0
2025-04-01,12,2025-04-01 12:00:00,106,2025-04-01 17:30:00,2025-04-01 17:40:00,1035.72451912314,145.77795138888888,145.77795138888888,897.6759302342512,False,897.6759302342512,7.7293624999999775,0.0,1.7763568394002505e-15,10766.398745910494,10773.355172160494,0.9999999999999998,0.0
2025-04-01,12,2025-04-01 12:00:00,107,2025-04-01 17:40:00,2025-04-01 17:50:00,912.7517966169983,100.33333749999998,100.33333749999998,819.2459632836649,False,819.2459632836649,6.827504166666586,0.0,0.0,10773.355172160494,10779.499925910495,1.0,0.0
2025-04-01,12,2025-04-01 12:00:00,108,2025-04-01 17:50:00,2025-04-01 18:00:00,702.7598739657119,54.8887236111111,54.8887236111111,653.7967961879341,False,653.7967961879341,5.925645833333306,0.0,0.0,10779.499925910495,10784.833007160494,1.0,0.0
2025-04-01,12,2025-04-01 12:00:00,109,2025-04-01 18:00:00,2025-04-01 18:10:00,678.8793925634764,29.485881944444447,29.485881944444447,654.4120008968097,False,654.4120008968097,5.018490277777801,0.0,0.0,10784.833007160494,10789.349648410494,1.0,0.0
2025-04-01,12,2025-04-01 12:00:00,110,2025-04-01 18:10:00,2025-04-01 18:20:00,713.2228005621308,24.1248125,24.1248125,693.2040255621308,False,693.2040255621308,4.106037499999957,0.0,0.0,10789.349648410494,10793.045082160494,1.0,0.0
2025-04-01,12,2025-04-01 12:00:00,111,2025-04-01 18:20:00,2025-04-01 18:30:00,711.8679268577455,18.763743055555555,18.763743055555555,696.2977685244122,False,696.2977685244122,3.1935847222222247,0.0,1.7763568394002505e-15,10793.045082160494,10795.919308410494,0.9999999999999994,0.0
2025-04-01,12,2025-04-01 12:00:00,112,2025-04-01 18:30:00,2025-04-01 18:40:00,711.6003612656426,13.402673611111112,13.402673611111112,700.478819598976,False,700.478819598976,2.281131944444496,0.0,0.0,10795.919308410494,10797.972327160494,1.0,0.0
2025-04-01,12,2025-04-01 12:00:00,113,2025-04-01 18:40:00,2025-04-01 18:50:00,721.1127805573317,8.041604166666666,8.041604166666666,70.71605906625041,False,70.71605906625041,0.0,642.3551173244147,0.0,10797.972327160494,10084.244419022256,0.0,0.0
2025-04-01,12,2025-04-01 12:00:00,114,2025-04-01 18:50:00,2025-04-01 19:00:00,727.2767238936955,2.6805347222222218,2.6805347222222218,0.0,False,0.0,0.0,724.5961891714733,0.0,10084.244419022256,9279.137542165063,0.0,0.0
2025-04-01,12,2025-04-01 12:00:00,115,2025-04-01 19:00:00,2025-04-01 19:10:00,717.7055313483611,0.0,0.0,0.0,False,0.0,0.0,717.7055313483601,0.0,9279.137542165063,8481.686951777996,0.0,0.0
2025-04-01,12,2025-04-01 12:00:00,116,2025-04-01 19:10:00,2025-04-01 19:20:00,733.0443862288562,0.0,0.0,0.0,False,0.0,0.0,733.0443862288563,0.0,8481.686951777996,7667.193189301489,0.0,0.0
2025-04-01,12,2025-04-01 12:00:00,117,2025-04-01 19:20:00,2025-04-01 19:30:00,757.2945703905195,0.0,0.0,0.0,False,0.0,0.0,757.2945703905195,0.0,7667.193189301489,6825.754777756466,0.0,0.0
2025-04-01,12,2025-04-01 12:00:00,118,2025-04-01 19:30:00,2025-04-01 19:40:00,732.9669158791057,0.0,0.0,0.0,False,0.0,0.0,732.9669158791057,0.0,6825.754777756466,6011.3470934463485,0.0,0.0
2025-04-01,12,2025-04-01 12:00:00,119,2025-04-01 19:40:00,2025-04-01 19:50:00,714.1208670109687,0.0,0.0,0.0,False,0.0,0.0,714.1208670109694,0.0,6011.3470934463485,5217.87946343416,0.0,0.0
2025-04-01,12,2025-04-01 12:00:00,120,2025-04-01 19:50:00,2025-04-01 20:00:00,722.4804662427221,0.0,0.0,0.0,False,0.0,0.0,722.4804662427221,0.0,5217.87946343416,4415.123389831137,0.0,0.0
2025-04-01,12,2025-04-01 12:00:00,121,2025-04-01 20:00:00,2025-04-01 20:10:00,727.6706481527483,0.0,0.0,0.0,False,0.0,0.0,727.6706481527489,0.0,4415.123389831137,3606.6004474391934,0.0,0.0
2025-04-01,12,2025-04-01 12:00:00,122,2025-04-01 20:10:00,2025-04-01 20:20:00,733.8376116485535,0.0,0.0,0.0,False,0.0,0.0,733.8376116485533,0.0,3606.6004474391934,2791.2253233852452,0.0,0.0
2025-04-01,12,2025-04-01 12:00:00,123,2025-04-01 20:20:00,2025-04-01 20:30:00,730.5074189542917,0.0,0.0,0.0,False,0.0,0.0,730.5074189542917,0.0,2791.2253233852452,1979.550413436032,0.0,0.0
2025-04-01,12,2025-04-01 12:00:00,124,2025-04-01 20:30:00,2025-04-01 20:40:00,701.5953720924285,0.0,0.0,0.0,False,0.0,0.0,701.5953720924288,0.0,1979.550413436032,1200.0,0.0,0.0
2025-04-01,12,2025-04-01 12:00:00,125,2025-04-01 20:40:00,2025-04-01 20:50:00,701.2601759827111,0.0,0.0,701.2601759827111,False,701.2601759827111,0.0,0.0,0.0,1200.0,1200.0,0.0,0.0
2025-04-01,12,2025-04-01 12:00:00,126,2025-04-01 20:50:00,2025-04-01 21:00:00,733.3230472699762,0.0,0.0,733.3230472699762,False,733.3230472699762,0.0,0.0,0.0,1200.0,1200.0,0.0,0.0
2025-04-01,12,2025-04-01 12:00:00,127,2025-04-01 21:00:00,2025-04-01 21:10:00,746.4592132231691,0.0,0.0,746.4592132231691,False,746.4592132231691,0.0,0.0,0.0,1200.0,1200.0,0.0,0.0
2025-04-01,12,2025-04-01 12:00:00,128,2025-04-01 21:10:00,2025-04-01 21:20:00,741.4470165134402,0.0,0.0,741.4470165134402,False,741.4470165134402,0.0,0.0,0.0,1200.0,1200.0,0.0,0.0
2025-04-01,12,2025-04-01 12:00:00,129,2025-04-01 21:20:00,2025-04-01 21:30:00,733.7922656097287,0.0,0.0,733.7922656097287,False,733.7922656097287,0.0,0.0,0.0,1200.0,1200.0,0.0,0.0
2025-04-01,12,2025-04-01 12:00:00,130,2025-04-01 21:30:00,2025-04-01 21:40:00,723.4233989555388,0.0,0.0,723.4233989555388,False,723.4233989555388,0.0,0.0,0.0,1200.0,1200.0,0.0,0.0
2025-04-01,12,2025-04-01 12:00:00,131,2025-04-01 21:40:00,2025-04-01 21:50:00,649.4379690577791,0.0,0.0,649.4379690577791,False,649.4379690577791,0.0,0.0,0.0,1200.0,1200.0,0.0,0.0
2025-04-01,12,2025-04-01 12:00:00,132,2025-04-01 21:50:00,2025-04-01 22:00:00,556.0357557480169,0.0,0.0,1389.36908908135,False,1389.36908908135,833.3333333333333,0.0,-1.1368683772161603e-13,1200.0,1950.0,1.0,0.0
2025-04-01,12,2025-04-01 12:00:00,133,2025-04-01 22:00:00,2025-04-01 22:10:00,555.5833590381313,0.0,0.0,1388.9166923714647,False,1388.9166923714647,833.3333333333333,0.0,1.1368683772161603e-13,1950.0,2700.0,1.0,0.0
2025-04-01,12,2025-04-01 12:00:00,134,2025-04-01 22:10:00,2025-04-01 22:20:00,557.3583314894694,0.0,0.0,557.3583314894694,False,557.3583314894694,0.0,0.0,0.0,2700.0,2700.0,0.0,0.0
2025-04-01,12,2025-04-01 12:00:00,135,2025-04-01 22:20:00,2025-04-01 22:30:00,544.2476931581328,0.0,0.0,1377.5810264914662,False,1377.5810264914662,833.3333333333333,0.0,1.1368683772161603e-13,2700.0,3450.0,1.0,0.0
2025-04-01,12,2025-04-01 12:00:00,136,2025-04-01 22:30:00,2025-04-01 22:40:00,583.3546706215906,0.0,0.0,1416.6880039549237,False,1416.6880039549237,833.3333333333333,0.0,-1.1368683772161603e-13,3450.0,4200.0,1.0,0.0
2025-04-01,12,2025-04-01 12:00:00,137,2025-04-01 22:40:00,2025-04-01 22:50:00,581.8270532012699,0.0,0.0,876.7610229487667,False,876.7610229487667,294.9339697474968,0.0,0.0,4200.0,4465.440572772747,1.0,0.0
2025-04-01,12,2025-04-01 12:00:00,138,2025-04-01 22:50:00,2025-04-01 23:00:00,541.8417459713932,0.0,0.0,1375.1750793047263,False,1375.1750793047263,833.3333333333333,0.0,-1.1368683772161603e-13,4465.440572772747,5215.440572772747,1.0,0.0
2025-04-01,12,2025-04-01 12:00:00,139,2025-04-01 23:00:00,2025-04-01 23:10:00,562.9017661534159,0.0,0.0,562.9017661534159,False,562.9017661534159,0.0,0.0,0.0,5215.440572772747,5215.440572772747,0.0,0.0
2025-04-01,12,2025-04-01 12:00:00,140,2025-04-01 23:10:00,2025-04-01 23:20:00,590.49417250965,0.0,0.0,1423.827505842983,False,1423.827505842983,833.3333333333333,0.0,-1.1368683772161603e-13,5215.440572772747,5965.440572772747,1.0,0.0
2025-04-01,12,2025-04-01 12:00:00,141,2025-04-01 23:20:00,2025-04-01 23:30:00,581.8911130539298,0.0,0.0,1415.224446387263,False,1415.224446387263,833.3333333333333,0.0,0.0,5965.440572772747,6715.440572772747,1.0,0.0
2025-04-01,12,2025-04-01 12:00:00,142,2025-04-01 23:30:00,2025-04-01 23:40:00,553.2306163518733,0.0,0.0,1386.5639496852066,False,1386.5639496852066,833.3333333333333,0.0,0.0,6715.440572772747,7465.440572772747,1.0,0.0
2025-04-01,12,2025-04-01 12:00:00,143,2025-04-01 23:40:00,2025-04-01 23:50:00,546.6807593909597,0.0,0.0,546.6807593909597,False,546.6807593909597,0.0,0.0,0.0,7465.440572772747,7465.440572772747,0.0,0.0
2025-04-01,12,2025-04-01 12:00:00,144,2025-04-01 23:50:00,2025-04-02 00:00:00,558.4364388419642,0.0,0.0,558.4364388419642,False,558.4364388419642,0.0,0.0,0.0,7465.440572772747,7465.440572772747,0.0,0.0
2025-04-01,18,2025-04-01 18:00:00,109,2025-04-01 18:00:00,2025-04-01 18:10:00,678.8793925634764,29.485881944444447,29.485881944444447,654.4120008968097,False,654.4120008968097,5.018490277777801,0.0,0.0,9865.845370416988,9870.362011666988,1.0,0.0
2025-04-01,18,2025-04-01 18:00:00,110,2025-04-01 18:10:00,2025-04-01 18:20:00,713.2228005621308,24.1248125,24.1248125,693.2040255621308,False,693.2040255621308,4.106037499999957,0.0,0.0,9870.362011666988,9874.057445416987,1.0,0.0
2025-04-01,18,2025-04-01 18:00:00,111,2025-04-01 18:20:00,2025-04-01 18:30:00,711.8679268577455,18.763743055555555,18.763743055555555,696.2977685244122,False,696.2977685244122,3.1935847222222264,0.0,0.0,9874.057445416987,9876.931671666987,1.0,0.0
2025-04-01,18,2025-04-01 18:00:00,112,2025-04-01 18:30:00,2025-04-01 18:40:00,711.6003612656426,13.402673611111112,13.402673611111112,700.478819598976,False,700.478819598976,2.281131944444496,0.0,0.0,9876.931671666987,9878.984690416988,1.0,0.0
2025-04-01,18,2025-04-01 18:00:00,113,2025-04-01 18:40:00,2025-04-01 18:50:00,721.1127805573317,8.041604166666666,8.041604166666666,70.71605906625041,False,70.71605906625041,0.0,0.0,0.0,9878.984690416988,9878.984690416988,0.0,642.3551173244147
2025-04-01,18,2025-04-01 18:00:00,114,2025-04-01 18:50:00,2025-04-01 19:00:00,727.2767238936955,2.6805347222222218,2.6805347222222218,0.0,False,0.0,0.0,724.5961891714733,0.0,9878.984690416988,9073.877813559795,0.0,0.0
2025-04-01,18,2025-04-01 18:00:00,115,2025-04-01 19:00:00,2025-04-01 19:10:00,717.7055313483611,0.0,0.0,0.0,False,0.0,0.0,717.7055313483611,0.0,9073.877813559795,8276.427223172726,0.0,0.0
2025-04-01,18,2025-04-01 18:00:00,116,2025-04-01 19:10:00,2025-04-01 19:20:00,733.0443862288562,0.0,0.0,0.0,False,0.0,0.0,733.0443862288555,0.0,8276.427223172726,7461.93346069622,0.0,0.0
2025-04-01,18,2025-04-01 18:00:00,117,2025-04-01 19:20:00,2025-04-01 19:30:00,757.2945703905195,0.0,0.0,0.0,False,0.0,0.0,757.2945703905195,0.0,7461.93346069622,6620.495049151199,0.0,0.0
2025-04-01,18,2025-04-01 18:00:00,118,2025-04-01 19:30:00,2025-04-01 19:40:00,732.9669158791057,0.0,0.0,0.0,False,0.0,0.0,732.9669158791057,0.0,6620.495049151199,5806.087364841082,0.0,0.0
2025-04-01,18,2025-04-01 18:00:00,119,2025-04-01 19:40:00,2025-04-01 19:50:00,714.1208670109687,0.0,0.0,0.0,False,0.0,0.0,714.1208670109694,0.0,5806.087364841082,5012.619734828893,0.0,0.0
2025-04-01,18,2025-04-01 18:00:00,120,2025-04-01 19:50:00,2025-04-01 20:00:00,722.4804662427221,0.0,0.0,0.0,False,0.0,0.0,722.4804662427221,0.0,5012.619734828893,4209.863661225868,0.0,0.0
2025-04-01,18,2025-04-01 18:00:00,121,2025-04-01 20:00:00,2025-04-01 20:10:00,727.6706481527483,0.0,0.0,0.0,False,0.0,0.0,727.6706481527483,0.0,4209.863661225868,3401.3407188339256,0.0,0.0
2025-04-01,18,2025-04-01 18:00:00,122,2025-04-01 20:10:00,2025-04-01 20:20:00,733.8376116485535,0.0,0.0,0.0,False,0.0,0.0,549.1038559038127,0.0,3401.3407188339256,2791.225323385245,0.0,184.73375574474102
2025-04-01,18,2025-04-01 18:00:00,123,2025-04-01 20:20:00,2025-04-01 20:30:00,730.5074189542917,0.0,0.0,0.0,False,0.0,0.0,730.5074189542917,0.0,2791.225323385245,1979.5504134360317,0.0,0.0
2025-04-01,18,2025-04-01 18:00:00,124,2025-04-01 20:30:00,2025-04-01 20:40:00,701.5953720924285,0.0,0.0,0.0,False,0.0,0.0,701.5953720924285,0.0,1979.5504134360317,1200.0,0.0,0.0
2025-04-01,18,2025-04-01 18:00:00,125,2025-04-01 20:40:00,2025-04-01 20:50:00,701.2601759827111,0.0,0.0,701.2601759827111,False,701.2601759827111,0.0,0.0,0.0,1200.0,1200.0,0.0,0.0
2025-04-01,18,2025-04-01 18:00:00,126,2025-04-01 20:50:00,2025-04-01 21:00:00,733.3230472699762,0.0,0.0,733.3230472699762,False,733.3230472699762,0.0,0.0,0.0,1200.0,1200.0,0.0,0.0
2025-04-01,18,2025-04-01 18:00:00,127,2025-04-01 21:00:00,2025-04-01 21:10:00,746.4592132231691,0.0,0.0,746.4592132231691,False,746.4592132231691,0.0,0.0,0.0,1200.0,1200.0,0.0,0.0
2025-04-01,18,2025-04-01 18:00:00,128,2025-04-01 21:10:00,2025-04-01 21:20:00,741.4470165134402,0.0,0.0,741.4470165134402,False,741.4470165134402,0.0,0.0,0.0,1200.0,1200.0,0.0,0.0
2025-04-01,18,2025-04-01 18:00:00,129,2025-04-01 21:20:00,2025-04-01 21:30:00,733.7922656097287,0.0,0.0,733.7922656097287,False,733.7922656097287,0.0,0.0,0.0,1200.0,1200.0,0.0,0.0
2025-04-01,18,2025-04-01 18:00:00,130,2025-04-01 21:30:00,2025-04-01 21:40:00,723.4233989555388,0.0,0.0,723.4233989555388,False,723.4233989555388,0.0,0.0,0.0,1200.0,1200.0,0.0,0.0
2025-04-01,18,2025-04-01 18:00:00,131,2025-04-01 21:40:00,2025-04-01 21:50:00,649.4379690577791,0.0,0.0,649.4379690577791,False,649.4379690577791,-0.0,0.0,0.0,1200.0,1200.0,0.0,0.0
2025-04-01,18,2025-04-01 18:00:00,132,2025-04-01 21:50:00,2025-04-01 22:00:00,556.0357557480169,0.0,0.0,1389.36908908135,False,1389.36908908135,833.3333333333333,0.0,-1.1368683772161603e-13,1200.0,1950.0,1.0,0.0
2025-04-01,18,2025-04-01 18:00:00,133,2025-04-01 22:00:00,2025-04-01 22:10:00,555.5833590381313,0.0,0.0,1388.9166923714647,False,1388.9166923714647,833.3333333333333,0.0,1.1368683772161603e-13,1950.0,2700.0,1.0,0.0
2025-04-01,18,2025-04-01 18:00:00,134,2025-04-01 22:10:00,2025-04-01 22:20:00,557.3583314894694,0.0,0.0,557.3583314894694,False,557.3583314894694,-0.0,0.0,0.0,2700.0,2700.0,0.0,0.0
2025-04-01,18,2025-04-01 18:00:00,135,2025-04-01 22:20:00,2025-04-01 22:30:00,544.2476931581328,0.0,0.0,1377.5810264914662,False,1377.5810264914662,833.3333333333333,0.0,1.1368683772161603e-13,2700.0,3450.0,1.0,0.0
2025-04-01,18,2025-04-01 18:00:00,136,2025-04-01 22:30:00,2025-04-01 22:40:00,583.3546706215906,0.0,0.0,1416.6880039549237,False,1416.6880039549237,833.3333333333333,0.0,-1.1368683772161603e-13,3450.0,4200.0,1.0,0.0
2025-04-01,18,2025-04-01 18:00:00,137,2025-04-01 22:40:00,2025-04-01 22:50:00,581.8270532012699,0.0,0.0,876.7610229487667,False,876.7610229487667,294.9339697474968,0.0,0.0,4200.0,4465.440572772747,1.0,0.0
2025-04-01,18,2025-04-01 18:00:00,138,2025-04-01 22:50:00,2025-04-01 23:00:00,541.8417459713932,0.0,0.0,1375.1750793047263,False,1375.1750793047263,833.3333333333333,0.0,-1.1368683772161603e-13,4465.440572772747,5215.440572772747,1.0,0.0
2025-04-01,18,2025-04-01 18:00:00,139,2025-04-01 23:00:00,2025-04-01 23:10:00,562.9017661534159,0.0,0.0,562.9017661534159,False,562.9017661534159,-0.0,0.0,0.0,5215.440572772747,5215.440572772747,0.0,0.0
2025-04-01,18,2025-04-01 18:00:00,140,2025-04-01 23:10:00,2025-04-01 23:20:00,590.49417250965,0.0,0.0,1423.827505842983,False,1423.827505842983,833.3333333333333,0.0,-1.1368683772161603e-13,5215.440572772747,5965.440572772747,1.0,0.0
2025-04-01,18,2025-04-01 18:00:00,141,2025-04-01 23:20:00,2025-04-01 23:30:00,581.8911130539298,0.0,0.0,1415.224446387263,False,1415.224446387263,833.3333333333333,0.0,0.0,5965.440572772747,6715.440572772747,1.0,0.0
2025-04-01,18,2025-04-01 18:00:00,142,2025-04-01 23:30:00,2025-04-01 23:40:00,553.2306163518733,0.0,0.0,1386.5639496852066,False,1386.5639496852066,833.3333333333333,0.0,0.0,6715.440572772747,7465.440572772747,1.0,0.0
2025-04-01,18,2025-04-01 18:00:00,143,2025-04-01 23:40:00,2025-04-01 23:50:00,546.6807593909597,0.0,0.0,546.6807593909597,False,546.6807593909597,-0.0,0.0,0.0,7465.440572772747,7465.440572772747,0.0,0.0
2025-04-01,18,2025-04-01 18:00:00,144,2025-04-01 23:50:00,2025-04-02 00:00:00,558.4364388419642,0.0,0.0,558.4364388419642,False,558.4364388419642,-0.0,0.0,0.0,7465.440572772747,7465.440572772747,0.0,0.0
2025-04-02,0,2025-04-02 00:00:00,1,2025-04-02 00:00:00,2025-04-02 00:10:00,548.960074707776,0.0,0.0,1382.2934080411092,True,1382.2934080411092,833.3333333333333,0.0,0.0,7481.31987714873,8231.31987714873,1.0,0.0
2025-04-02,0,2025-04-02 00:00:00,2,2025-04-02 00:10:00,2025-04-02 00:20:00,551.3477003781745,0.0,0.0,1384.6810337115078,True,1384.6810337115078,833.3333333333333,0.0,0.0,8231.31987714873,8981.31987714873,1.0,0.0
2025-04-02,0,2025-04-02 00:00:00,3,2025-04-02 00:20:00,2025-04-02 00:30:00,567.9040570103101,0.0,0.0,1401.2373903436433,True,1401.2373903436433,833.3333333333333,0.0,0.0,8981.31987714873,9731.31987714873,1.0,0.0
2025-04-02,0,2025-04-02 00:00:00,4,2025-04-02 00:30:00,2025-04-02 00:40:00,567.651872405513,0.0,0.0,567.651872405513,True,567.651872405513,0.0,0.0,0.0,9731.31987714873,9731.31987714873,0.0,0.0
2025-04-02,0,2025-04-02 00:00:00,5,2025-04-02 00:40:00,2025-04-02 00:50:00,559.8760168673964,0.0,0.0,913.965042257697,True,913.965042257697,354.0890253903005,0.0,0.0,9731.31987714873,10050.0,0.9999999999999998,0.0
2025-04-02,0,2025-04-02 00:00:00,6,2025-04-02 00:50:00,2025-04-02 01:00:00,560.9310372114178,0.0,0.0,560.9310372114178,True,560.9310372114178,0.0,0.0,0.0,10050.0,10050.0,0.0,0.0
2025-04-02,0,2025-04-02 00:00:00,7,2025-04-02 01:00:00,2025-04-02 01:10:00,575.0821476511915,0.0,0.0,575.0821476511915,True,575.0821476511915,0.0,0.0,0.0,10050.0,10050.0,0.0,0.0
2025-04-02,0,2025-04-02 00:00:00,8,2025-04-02 01:10:00,2025-04-02 01:20:00,574.2763652361039,0.0,0.0,574.2763652361039,True,574.2763652361039,0.0,0.0,0.0,10050.0,10050.0,0.0,0.0
2025-04-02,0,2025-04-02 00:00:00,9,2025-04-02 01:20:00,2025-04-02 01:30:00,569.9938384254998,0.0,0.0,569.9938384254998,True,569.9938384254998,0.0,0.0,0.0,10050.0,10050.0,0.0,0.0
2025-04-02,0,2025-04-02 00:00:00,10,2025-04-02 01:30:00,2025-04-02 01:40:00,597.9606044344621,0.0,0.0,597.9606044344621,True,597.9606044344621,0.0,0.0,0.0,10050.0,10050.0,0.0,0.0
2025-04-02,0,2025-04-02 00:00:00,11,2025-04-02 01:40:00,2025-04-02 01:50:00,603.703130333352,0.0,0.0,603.703130333352,True,603.703130333352,0.0,0.0,0.0,10050.0,10050.0,0.0,0.0
2025-04-02,0,2025-04-02 00:00:00,12,2025-04-02 01:50:00,2025-04-02 02:00:00,580.5138738126501,0.0,0.0,580.5138738126501,True,580.5138738126501,0.0,0.0,0.0,10050.0,10050.0,-0.0,0.0
2025-04-02,0,2025-04-02 00:00:00,13,2025-04-02 02:00:00,2025-04-02 02:10:00,578.2329456223055,0.0,0.0,578.2329456223055,True,578.2329456223055,0.0,0.0,0.0,10050.0,10050.0,-0.0,0.0
2025-04-02,0,2025-04-02 00:00:00,14,2025-04-02 02:10:00,2025-04-02 02:20:00,589.4862931932435,0.0,0.0,589.4862931932435,True,589.4862931932435,0.0,0.0,0.0,10050.0,10050.0,0.0,0.0
2025-04-02,0,2025-04-02 00:00:00,15,2025-04-02 02:20:00,2025-04-02 02:30:00,590.682014243322,0.0,0.0,590.682014243322,True,590.682014243322,0.0,0.0,0.0,10050.0,10050.0,0.0,0.0
2025-04-02,0,2025-04-02 00:00:00,16,2025-04-02 02:30:00,2025-04-02 02:40:00,569.8107072797584,0.0,0.0,569.8107072797584,True,569.8107072797584,0.0,0.0,0.0,10050.0,10050.0,0.0,0.0
2025-04-02,0,2025-04-02 00:00:00,17,2025-04-02 02:40:00,2025-04-02 02:50:00,564.1154166686548,0.0,0.0,564.1154166686548,True,564.1154166686548,0.0,0.0,0.0,10050.0,10050.0,0.0,0.0
2025-04-02,0,2025-04-02 00:00:00,18,2025-04-02 02:50:00,2025-04-02 03:00:00,586.2908872797886,0.0,0.0,586.2908872797886,True,586.2908872797886,0.0,0.0,0.0,10050.0,10050.0,0.0,0.0
2025-04-02,0,2025-04-02 00:00:00,19,2025-04-02 03:00:00,2025-04-02 03:10:00,610.0863586815622,0.0,0.0,610.0863586815622,True,610.0863586815622,0.0,0.0,0.0,10050.0,10050.0,0.0,0.0
2025-04-02,0,2025-04-02 00:00:00,20,2025-04-02 03:10:00,2025-04-02 03:20:00,603.1941704938583,0.0,0.0,603.1941704938583,True,603.1941704938583,0.0,0.0,0.0,10050.0,10050.0,0.0,0.0
2025-04-02,0,2025-04-02 00:00:00,21,2025-04-02 03:20:00,2025-04-02 03:30:00,582.9155623600946,0.0,0.0,582.9155623600946,True,582.9155623600946,0.0,0.0,0.0,10050.0,10050.0,0.0,0.0
2025-04-02,0,2025-04-02 00:00:00,22,2025-04-02 03:30:00,2025-04-02 03:40:00,595.4064222803706,0.0,0.0,595.4064222803706,True,595.4064222803706,0.0,0.0,0.0,10050.0,10050.0,0.0,0.0
2025-04-02,0,2025-04-02 00:00:00,23,2025-04-02 03:40:00,2025-04-02 03:50:00,601.594734178266,0.0,0.0,601.594734178266,True,601.594734178266,0.0,0.0,0.0,10050.0,10050.0,0.0,0.0
2025-04-02,0,2025-04-02 00:00:00,24,2025-04-02 03:50:00,2025-04-02 04:00:00,591.1725537053521,0.0,0.0,591.1725537053521,True,591.1725537053521,0.0,0.0,0.0,10050.0,10050.0,0.0,0.0
2025-04-02,0,2025-04-02 00:00:00,25,2025-04-02 04:00:00,2025-04-02 04:10:00,595.9572305232717,0.0,0.0,595.9572305232717,True,595.9572305232717,0.0,0.0,0.0,10050.0,10050.0,0.0,0.0
2025-04-02,0,2025-04-02 00:00:00,26,2025-04-02 04:10:00,2025-04-02 04:20:00,613.4146176707402,0.0,0.0,613.4146176707402,True,613.4146176707402,0.0,0.0,0.0,10050.0,10050.0,0.0,0.0
2025-04-02,0,2025-04-02 00:00:00,27,2025-04-02 04:20:00,2025-04-02 04:30:00,624.1488058533826,0.0,0.0,624.1488058533826,True,624.1488058533826,0.0,0.0,0.0,10050.0,10050.0,0.0,0.0
2025-04-02,0,2025-04-02 00:00:00,28,2025-04-02 04:30:00,2025-04-02 04:40:00,611.0863214556459,0.0,0.0,611.0863214556459,True,611.0863214556459,0.0,0.0,0.0,10050.0,10050.0,0.0,0.0
2025-04-02,0,2025-04-02 00:00:00,29,2025-04-02 04:40:00,2025-04-02 04:50:00,596.456068304779,0.0,0.0,596.456068304779,True,596.456068304779,0.0,0.0,0.0,10050.0,10050.0,0.0,0.0
2025-04-02,0,2025-04-02 00:00:00,30,2025-04-02 04:50:00,2025-04-02 05:00:00,592.8886523386528,0.0,0.0,592.8886523386528,True,592.8886523386528,0.0,0.0,0.0,10050.0,10050.0,0.0,0.0
2025-04-02,0,2025-04-02 00:00:00,31,2025-04-02 05:00:00,2025-04-02 05:10:00,595.0323898750627,2.7021388888888893,2.7021388888888893,592.3302509861738,True,592.3302509861738,0.0,0.0,0.0,10050.0,10050.0,0.0,0.0
2025-04-02,0,2025-04-02 00:00:00,32,2025-04-02 05:10:00,2025-04-02 05:20:00,603.3068713488213,8.106416666666668,8.106416666666668,595.2004546821547,True,595.2004546821547,0.0,0.0,0.0,10050.0,10050.0,0.0,0.0
2025-04-02,0,2025-04-02 00:00:00,33,2025-04-02 05:20:00,2025-04-02 05:30:00,612.1706971272396,13.510694444444445,13.510694444444445,598.6600026827952,True,598.6600026827952,0.0,0.0,0.0,10050.0,10050.0,-0.0,0.0
2025-04-02,0,2025-04-02 00:00:00,34,2025-04-02 05:30:00,2025-04-02 05:40:00,623.5286013141833,18.91497222222222,18.91497222222222,1437.9469624252943,True,1437.9469624252943,833.3333333333333,0.0,0.0,10050.0,10800.0,1.0,0.0
2025-04-02,0,2025-04-02 00:00:00,35,2025-04-02 05:40:00,2025-04-02 05:50:00,694.7280998623672,24.31925,24.31925,670.4088498623672,True,670.4088498623672,0.0,-0.0,0.0,10800.0,10800.0,0.0,0.0
2025-04-02,0,2025-04-02 00:00:00,36,2025-04-02 05:50:00,2025-04-02 06:00:00,787.5335498574769,29.723527777777775,29.723527777777775,0.0,True,0.0,0.0,757.8100220796991,0.0,10800.0,9957.98886435589,0.0,0.0
2025-04-02,0,2025-04-02 00:00:00,37,2025-04-02 06:00:00,2025-04-02 06:10:00,796.6694336181121,57.00799027777777,57.00799027777777,0.0,True,0.0,0.0,739.6614433403342,0.0,9957.98886435589,9136.142816199963,0.0,0.0
2025-04-02,0,2025-04-02 00:00:00,38,2025-04-02 06:10:00,2025-04-02 06:20:00,783.7980095141925,106.1726375,106.1726375,0.0,True,0.0,0.0,677.6253720141925,0.0,9136.142816199963,8383.225736184193,0.0,0.0
2025-04-02,0,2025-04-02 00:00:00,39,2025-04-02 06:20:00,2025-04-02 06:30:00,784.9731064366582,155.33728472222222,155.33728472222222,0.0,True,0.0,0.0,629.635821714436,0.0,8383.225736184193,7683.630378723708,0.0,0.0
2025-04-02,0,2025-04-02 00:00:00,40,2025-04-02 06:30:00,2025-04-02 06:40:00,777.5192363466239,204.50193194444444,204.50193194444444,0.0,True,0.0,0.0,573.0173044021794,0.0,7683.630378723708,7046.944484943509,0.0,0.0
2025-04-02,0,2025-04-02 00:00:00,41,2025-04-02 06:40:00,2025-04-02 06:50:00,776.5236471233989,253.66657916666665,253.66657916666665,522.8570679567322,True,522.8570679567322,0.0,0.0,0.0,7046.944484943509,7046.944484943509,0.0,0.0
2025-04-02,0,2025-04-02 00:00:00,42,2025-04-02 06:50:00,2025-04-02 07:00:00,773.0092549553611,302.83122638888887,302.83122638888887,470.1780285664723,True,470.1780285664723,0.0,0.0,0.0,7046.944484943509,7046.944484943509,0.0,0.0
2025-04-02,0,2025-04-02 00:00:00,43,2025-04-02 07:00:00,2025-04-02 07:10:00,745.9043329826186,345.9628944444444,345.9628944444444,399.9414385381742,True,399.9414385381742,0.0,0.0,0.0,7046.944484943509,7046.944484943509,0.0,0.0
2025-04-02,0,2025-04-02 00:00:00,44,2025-04-02 07:10:00,2025-04-02 07:20:00,758.2514558730426,383.0615833333333,383.0615833333333,375.18987253970926,True,375.18987253970926,0.0,0.0,0.0,7046.944484943509,7046.944484943509,0.0,0.0
2025-04-02,0,2025-04-02 00:00:00,45,2025-04-02 07:20:00,2025-04-02 07:30:00,791.2083580004723,420.1602722222222,420.1602722222222,371.04808577825014,True,371.04808577825014,0.0,0.0,0.0,7046.944484943509,7046.944484943509,0.0,0.0
2025-04-02,0,2025-04-02 00:00:00,46,2025-04-02 07:30:00,2025-04-02 07:40:00,782.7069606449619,457.2589611111111,457.2589611111111,1158.7813328671841,True,1158.7813328671841,833.3333333333333,0.0,0.0,7046.944484943509,7796.944484943509,1.0,0.0
2025-04-02,0,2025-04-02 00:00:00,47,2025-04-02 07:40:00,2025-04-02 07:50:00,898.7668480480947,494.3576499999999,494.3576499999999,129.16258758095466,True,129.16258758095466,0.0,275.24661046714016,0.0,7796.944484943509,7491.114917757798,0.0,0.0
2025-04-02,0,2025-04-02 00:00:00,48,2025-04-02 07:50:00,2025-04-02 08:00:00,1086.7206973680625,531.4563388888888,531.4563388888888,0.0,True,0.0,0.0,555.2643584791737,0.0,7491.114917757798,6874.154519447605,0.0,0.0
2025-04-02,0,2025-04-02 00:00:00,49,2025-04-02 08:00:00,2025-04-02 08:10:00,1108.3752304697286,570.2313833333333,570.2313833333333,0.0,True,0.0,0.0,538.1438471363954,0.0,6874.154519447605,6276.216911518277,0.0,0.0
2025-04-02,0,2025-04-02 00:00:00,50,2025-04-02 08:10:00,2025-04-02 08:20:00,1084.557405209873,610.6827833333333,610.6827833333333,0.0,True,0.0,0.0,473.87462187653966,0.0,6276.216911518277,5749.689553877677,0.0,0.0
2025-04-02,0,2025-04-02 00:00:00,51,2025-04-02 08:20:00,2025-04-02 08:30:00,1086.6664170705187,651.1341833333332,651.1341833333332,0.0,True,0.0,0.0,435.5322337371855,0.0,5749.689553877677,5265.7648497252485,0.0,0.0
2025-04-02,0,2025-04-02 00:00:00,52,2025-04-02 08:30:00,2025-04-02 08:40:00,1067.9794523007085,691.5855833333334,691.5855833333334,0.0,True,0.0,0.0,376.39386896737517,0.0,5265.7648497252485,4847.549439761498,0.0,0.0
2025-04-02,0,2025-04-02 00:00:00,53,2025-04-02 08:40:00,2025-04-02 08:50:00,1074.7200721283216,732.0369833333334,732.0369833333334,0.0,True,0.0,0.0,342.6830887949882,0.0,4847.549439761498,4466.790452211511,0.0,0.0
2025-04-02,0,2025-04-02 00:00:00,54,2025-04-02 08:50:00,2025-04-02 09:00:00,1099.0645478993479,772.4883833333333,772.4883833333333,0.0,True,0.0,0.0,326.57616456601454,0.0,4466.790452211511,4103.928047138162,0.0,0.0
2025-04-02,0,2025-04-02 00:00:00,55,2025-04-02 09:00:00,2025-04-02 09:10:00,1082.8050047242302,790.6220152777778,790.6220152777778,0.0,True,0.0,0.0,292.18298944645244,0.0,4103.928047138162,3779.2802810865483,0.0,0.0
2025-04-02,0,2025-04-02 00:00:00,56,2025-04-02 09:10:00,2025-04-02 09:20:00,1078.4839024173957,786.4378791666667,786.4378791666667,0.0,True,0.0,0.0,292.04602325072904,0.0,3779.2802810865483,3454.784699696849,0.0,0.0
2025-04-02,0,2025-04-02 00:00:00,57,2025-04-02 09:20:00,2025-04-02 09:30:00,1096.6634503495063,782.2537430555554,782.2537430555554,0.0,True,0.0,0.0,314.4097072939509,0.0,3454.784699696849,3105.440580481348,0.0,0.0
2025-04-02,0,2025-04-02 00:00:00,58,2025-04-02 09:30:00,2025-04-02 09:40:00,1090.4520346550817,778.0696069444444,778.0696069444444,0.0,True,0.0,0.0,312.3824277106372,0.0,3105.440580481348,2758.348994136196,0.0,0.0
2025-04-02,0,2025-04-02 00:00:00,59,2025-04-02 09:40:00,2025-04-02 09:50:00,1066.077667984758,773.8854708333333,773.8854708333333,0.0,True,0.0,0.0,292.1921971514246,0.0,2758.348994136196,2433.69099730128,0.0,0.0
2025-04-02,0,2025-04-02 00:00:00,60,2025-04-02 09:50:00,2025-04-02 10:00:00,1061.9753603770835,769.7013347222222,769.7013347222222,0.0,True,0.0,0.0,292.27402565486125,0.0,2433.69099730128,2108.9420799069894,0.0,0.0
2025-04-02,0,2025-04-02 00:00:00,61,2025-04-02 10:00:00,2025-04-02 10:10:00,1104.128218711501,793.9575666666666,793.9575666666666,0.0,True,0.0,0.0,310.17065204483436,0.0,2108.9420799069894,1764.3080220793956,0.0,0.0
2025-04-02,0,2025-04-02 00:00:00,62,2025-04-02 10:10:00,2025-04-02 10:20:00,1101.4181403609857,846.6541666666666,846.6541666666666,0.0,True,0.0,0.0,254.76397369431913,0.0,1764.3080220793956,1481.2369401968188,0.0,0.0
2025-04-02,0,2025-04-02 00:00:00,63,2025-04-02 10:20:00,2025-04-02 10:30:00,1054.1648195899393,899.3507666666666,899.3507666666666,0.0,True,0.0,0.0,154.8140529232727,0.0,1481.2369401968188,1309.2213258376269,0.0,0.0
2025-04-02,0,2025-04-02 00:00:00,64,2025-04-02 10:30:00,2025-04-02 10:40:00,1050.3465599205308,952.0473666666667,952.0473666666667,0.0,True,0.0,0.0,98.29919325386413,0.0,1309.2213258376269,1200.0,0.0,0.0
2025-04-02,0,2025-04-02 00:00:00,65,2025-04-02 10:40:00,2025-04-02 10:50:00,1047.8040269422768,1004.7439666666666,1004.7439666666666,43.060060275610226,True,43.060060275610226,0.0,-0.0,0.0,1200.0,1200.0,0.0,0.0
2025-04-02,0,2025-04-02 00:00:00,66,2025-04-02 10:50:00,2025-04-02 11:00:00,1035.9940384543208,1057.4405666666664,1057.4405666666664,56.23613147652577,True,56.23613147652577,77.68265968887135,0.0,0.0,1200.0,1269.9143937199842,1.0,0.0
2025-04-02,0,2025-04-02 00:00:00,67,2025-04-02 11:00:00,2025-04-02 11:10:00,1051.1162859219414,1091.973422222222,1091.973422222222,792.4761970330526,True,792.4761970330526,833.3333333333333,0.0,0.0,1269.9143937199842,2019.9143937199842,1.0,0.0
2025-04-02,0,2025-04-02 00:00:00,68,2025-04-02 11:10:00,2025-04-02 11:20:00,1057.072567826407,1108.3425333333332,1108.3425333333332,782.0633678264071,True,782.0633678264071,833.3333333333333,0.0,0.0,2019.9143937199842,2769.914393719984,1.0,0.0
2025-04-02,0,2025-04-02 00:00:00,69,2025-04-02 11:20:00,2025-04-02 11:30:00,1059.207943425497,1124.7116444444443,1124.7116444444443,767.8296323143859,True,767.8296323143859,833.3333333333333,0.0,0.0,2769.914393719984,3519.914393719984,1.0,0.0
2025-04-02,0,2025-04-02 00:00:00,70,2025-04-02 11:30:00,2025-04-02 11:40:00,1091.5395884623952,1141.0807555555555,1141.0807555555555,783.792166240173,True,783.792166240173,833.3333333333333,0.0,0.0,3519.914393719984,4269.914393719984,1.0,0.0
2025-04-02,0,2025-04-02 00:00:00,71,2025-04-02 11:40:00,2025-04-02 11:50:00,1067.4771626196084,1157.4498666666666,1157.4498666666666,743.3606292862751,True,743.3606292862751,833.3333333333333,0.0,0.0,4269.914393719984,5019.914393719984,1.0,0.0
2025-04-02,0,2025-04-02 00:00:00,72,2025-04-02 11:50:00,2025-04-02 12:00:00,998.2240617634769,1173.8189777777777,1173.8189777777777,657.7384173190325,True,657.7384173190325,833.3333333333333,0.0,0.0,5019.914393719984,5769.914393719984,1.0,0.0
2025-04-02,0,2025-04-02 00:00:00,73,2025-04-02 12:00:00,2025-04-02 12:10:00,987.409304131692,1185.3333791666666,1185.3333791666666,635.4092582983586,True,635.4092582983586,833.3333333333333,0.0,0.0,5769.914393719984,6519.914393719984,1.0,0.0
2025-04-02,0,2025-04-02 00:00:00,74,2025-04-02 12:10:00,2025-04-02 12:20:00,995.8692943896166,1191.9930708333334,1191.9930708333334,637.2095568896165,True,637.2095568896165,833.3333333333333,0.0,0.0,6519.914393719984,7269.914393719984,1.0,0.0
2025-04-02,0,2025-04-02 00:00:00,75,2025-04-02 12:20:00,2025-04-02 12:30:00,991.3621466143433,1198.6527625,1198.6527625,626.0427174476764,True,626.0427174476764,833.3333333333333,0.0,0.0,7269.914393719984,8019.914393719984,1.0,0.0
2025-04-02,0,2025-04-02 00:00:00,76,2025-04-02 12:30:00,2025-04-02 12:40:00,987.8466671314648,1205.3124541666666,1205.3124541666666,615.8675462981314,True,615.8675462981314,833.3333333333333,0.0,0.0,8019.914393719984,8769.914393719984,1.0,0.0
2025-04-02,0,2025-04-02 00:00:00,77,2025-04-02 12:40:00,2025-04-02 12:50:00,1006.372100938154,1211.9721458333333,1211.9721458333333,0.0,True,0.0,205.6000448951794,0.0,0.0,8769.914393719984,8954.954434125646,1.0,0.0
2025-04-02,0,2025-04-02 00:00:00,78,2025-04-02 12:50:00,2025-04-02 13:00:00,1033.3367727073403,1218.6318374999998,1218.6318374999998,0.0,True,0.0,185.29506479265956,0.0,0.0,8954.954434125646,9121.719992439039,1.0,0.0
2025-04-02,0,2025-04-02 00:00:00,79,2025-04-02 13:00:00,2025-04-02 13:10:00,1034.9418305971292,1222.747461111111,1222.747461111111,0.0,True,0.0,187.8056305139819,0.0,0.0,9121.719992439039,9290.745059901623,1.0,0.0
2025-04-02,0,2025-04-02 00:00:00,80,2025-04-02 13:10:00,2025-04-02 13:20:00,1038.7928634129,1224.3190166666666,1224.3190166666666,0.0,True,0.0,185.52615325376655,0.0,0.0,9290.745059901623,9457.718597830013,1.0,0.0
2025-04-02,0,2025-04-02 00:00:00,81,2025-04-02 13:20:00,2025-04-02 13:30:00,1052.6174101033432,1225.8905722222223,1225.8905722222223,0.0,True,0.0,173.2731621188791,0.0,0.0,9457.718597830013,9613.664443737005,1.0,0.0
2025-04-02,0,2025-04-02 00:00:00,82,2025-04-02 13:30:00,2025-04-02 13:40:00,1053.1675742945624,1227.4621277777778,1227.4621277777778,0.0,True,0.0,174.2945534832154,0.0,0.0,9613.664443737005,9770.5295418719,1.0,0.0
2025-04-02,0,2025-04-02 00:00:00,83,2025-04-02 13:40:00,2025-04-02 13:50:00,1036.575747128984,1229.0336833333333,1229.0336833333333,0.0,True,0.0,192.45793620434938,0.0,0.0,9770.5295418719,9943.741684455814,1.0,0.0
2025-04-02,0,2025-04-02 00:00:00,84,2025-04-02 13:50:00,2025-04-02 14:00:00,1022.0856494648636,1230.6052388888888,1230.6052388888888,0.0,True,0.0,208.51958942402518,0.0,0.0,9943.741684455814,10131.409314937437,1.0,0.0
2025-04-02,0,2025-04-02 00:00:00,85,2025-04-02 14:00:00,2025-04-02 14:10:00,1032.8687250889188,1215.6620777777778,1215.6620777777778,0.0,True,0.0,182.79335268885893,0.0,0.0,10131.409314937437,10295.92333235741,1.0,0.0
2025-04-02,0,2025-04-02 00:00:00,86,2025-04-02 14:10:00,2025-04-02 14:20:00,1037.5436224065954,1184.2042,1184.2042,0.0,True,0.0,146.66057759340447,0.0,0.0,10295.92333235741,10427.917852191475,1.0,0.0
2025-04-02,0,2025-04-02 00:00:00,87,2025-04-02 14:20:00,2025-04-02 14:30:00,1019.0094868493218,1152.7463222222223,1152.7463222222223,0.0,True,0.0,133.7368353729005,0.0,0.0,10427.917852191475,10548.281004027085,1.0,0.0
2025-04-02,0,2025-04-02 00:00:00,88,2025-04-02 14:30:00,2025-04-02 14:40:00,992.7824237684833,1121.2884444444444,1121.2884444444444,0.0,True,0.0,128.50602067596105,0.0,0.0,10548.281004027085,10663.93642263545,1.0,0.0
2025-04-02,0,2025-04-02 00:00:00,89,2025-04-02 14:40:00,2025-04-02 14:50:00,990.6550575265952,1089.8305666666668,1089.8305666666668,0.0,True,0.0,99.17550914007154,0.0,0.0,10663.93642263545,10753.194380861514,1.0,0.0
2025-04-02,0,2025-04-02 00:00:00,90,2025-04-02 14:50:00,2025-04-02 15:00:00,1008.8104463850905,1058.372688888889,1058.372688888889,0.0,True,0.0,49.562242503798416,0.0,0.0,10753.194380861514,10797.800399114933,1.0,0.0
2025-04-02,0,2025-04-02 00:00:00,91,2025-04-02 15:00:00,2025-04-02 15:10:00,1015.5622490165925,1018.00625,1018.00625,0.0,True,0.0,2.444000983407477,0.0,0.0,10797.800399114933,10800.0,1.0,0.0
2025-04-02,0,2025-04-02 00:00:00,92,2025-04-02 15:10:00,2025-04-02 15:20:00,1023.9379128170827,968.7312500000002,968.7312500000002,55.20666281708259,True,55.20666281708259,0.0,-0.0,0.0,10800.0,10800.0,0.0,0.0
2025-04-02,0,2025-04-02 00:00:00,93,2025-04-02 15:20:00,2025-04-02 15:30:00,1029.2812443120906,919.4562500000001,919.4562500000001,109.82499431209055,True,109.82499431209055,0.0,-0.0,0.0,10800.0,10800.0,0.0,0.0
2025-04-02,0,2025-04-02 00:00:00,94,2025-04-02 15:30:00,2025-04-02 15:40:00,1011.6969143186967,870.18125,870.18125,141.51566431869674,True,141.51566431869674,0.0,-0.0,0.0,10800.0,10800.0,0.0,0.0
2025-04-02,0,2025-04-02 00:00:00,95,2025-04-02 15:40:00,2025-04-02 15:50:00,1005.8300281573821,820.90625,820.90625,184.92377815738212,True,184.92377815738212,0.0,-0.0,0.0,10800.0,10800.0,0.0,0.0
2025-04-02,0,2025-04-02 00:00:00,96,2025-04-02 15:50:00,2025-04-02 16:00:00,1022.0136095415722,771.63125,771.63125,250.3823595415722,True,250.3823595415722,0.0,-0.0,0.0,10800.0,10800.0,0.0,0.0
2025-04-02,0,2025-04-02 00:00:00,97,2025-04-02 16:00:00,2025-04-02 16:10:00,1037.1233267067703,713.660361111111,713.660361111111,323.4629655956593,True,323.4629655956593,0.0,-0.0,0.0,10800.0,10800.0,0.0,0.0
2025-04-02,0,2025-04-02 00:00:00,98,2025-04-02 16:10:00,2025-04-02 16:20:00,1046.9898903800665,646.9935833333333,646.9935833333333,399.99630704673325,True,399.99630704673325,0.0,-0.0,0.0,10800.0,10800.0,0.0,0.0
2025-04-02,0,2025-04-02 00:00:00,99,2025-04-02 16:20:00,2025-04-02 16:30:00,1045.9579932829838,580.3268055555556,580.3268055555556,465.63118772742826,True,465.63118772742826,0.0,-0.0,0.0,10800.0,10800.0,0.0,0.0
2025-04-02,0,2025-04-02 00:00:00,100,2025-04-02 16:30:00,2025-04-02 16:40:00,1027.6629647712446,513.6600277777778,513.6600277777778,514.0029369934667,True,514.0029369934667,0.0,-0.0,0.0,10800.0,10800.0,0.0,0.0
2025-04-02,0,2025-04-02 00:00:00,101,2025-04-02 16:40:00,2025-04-02 16:50:00,1009.2028659151238,446.99325,446.99325,562.2096159151238,True,562.2096159151238,0.0,-0.0,0.0,10800.0,10800.0,0.0,0.0
2025-04-02,0,2025-04-02 00:00:00,102,2025-04-02 16:50:00,2025-04-02 17:00:00,1007.2160133037916,380.32647222222226,380.32647222222226,626.8895410815693,True,626.8895410815693,0.0,-0.0,0.0,10800.0,10800.0,0.0,0.0
2025-04-02,0,2025-04-02 00:00:00,103,2025-04-02 17:00:00,2025-04-02 17:10:00,1020.8769004842626,321.5010333333334,321.5010333333334,699.3758671509293,True,699.3758671509293,0.0,-0.0,0.0,10800.0,10800.0,0.0,0.0
2025-04-02,0,2025-04-02 00:00:00,104,2025-04-02 17:10:00,2025-04-02 17:20:00,1008.5137103885301,270.5169333333333,270.5169333333333,737.9967770551967,True,737.9967770551967,0.0,-0.0,0.0,10800.0,10800.0,0.0,0.0
2025-04-02,0,2025-04-02 00:00:00,105,2025-04-02 17:20:00,2025-04-02 17:30:00,996.0054294234291,219.53283333333334,219.53283333333334,776.4725960900957,True,776.4725960900957,0.0,-0.0,0.0,10800.0,10800.0,0.0,0.0
2025-04-02,0,2025-04-02 00:00:00,106,2025-04-02 17:30:00,2025-04-02 17:40:00,1028.237465624191,168.54873333333333,168.54873333333333,859.6887322908576,True,859.6887322908576,0.0,0.0,0.0,10800.0,10800.0,0.0,0.0
2025-04-02,0,2025-04-02 00:00:00,107,2025-04-02 17:40:00,2025-04-02 17:50:00,927.3042280367828,117.56463333333333,117.56463333333333,809.7395947034495,True,809.7395947034495,0.0,-0.0,0.0,10800.0,10800.0,0.0,0.0
2025-04-02,0,2025-04-02 00:00:00,108,2025-04-02 17:50:00,2025-04-02 18:00:00,730.6395661960772,66.58053333333334,66.58053333333334,664.0590328627438,True,664.0590328627438,0.0,-0.0,0.0,10800.0,10800.0,0.0,0.0
2025-04-02,0,2025-04-02 00:00:00,109,2025-04-02 18:00:00,2025-04-02 18:10:00,672.9747703789732,37.66444305555556,37.66444305555556,635.3103273234176,True,635.3103273234176,0.0,-0.0,0.0,10800.0,10800.0,0.0,0.0
2025-04-02,0,2025-04-02 00:00:00,110,2025-04-02 18:10:00,2025-04-02 18:20:00,693.1574949763568,30.8163625,30.8163625,662.3411324763568,True,662.3411324763568,0.0,0.0,0.0,10800.0,10800.0,0.0,0.0
2025-04-02,0,2025-04-02 00:00:00,111,2025-04-02 18:20:00,2025-04-02 18:30:00,709.7303872461462,23.968281944444445,23.968281944444445,685.7621053017017,True,685.7621053017017,0.0,0.0,0.0,10800.0,10800.0,0.0,0.0
2025-04-02,0,2025-04-02 00:00:00,112,2025-04-02 18:30:00,2025-04-02 18:40:00,708.1672197378845,17.120201388888887,17.120201388888887,691.0470183489956,True,691.0470183489956,0.0,0.0,0.0,10800.0,10800.0,0.0,0.0
2025-04-02,0,2025-04-02 00:00:00,113,2025-04-02 18:40:00,2025-04-02 18:50:00,713.6211536453078,10.272120833333332,10.272120833333332,17.75695995975377,True,17.75695995975377,0.0,685.5920728522207,0.0,10800.0,10038.2310301642,0.0,0.0
2025-04-02,0,2025-04-02 00:00:00,114,2025-04-02 18:50:00,2025-04-02 19:00:00,728.0064395264346,3.4240402777777774,3.4240402777777774,0.0,True,0.0,0.0,724.5823992486569,0.0,10038.2310301642,9233.13947544347,0.0,0.0
2025-04-02,0,2025-04-02 00:00:00,115,2025-04-02 19:00:00,2025-04-02 19:10:00,728.0615117451467,0.0,0.0,0.0,True,0.0,0.0,728.0615117451467,0.0,9233.13947544347,8424.182240171083,0.0,0.0
2025-04-02,0,2025-04-02 00:00:00,116,2025-04-02 19:10:00,2025-04-02 19:20:00,719.856113841197,0.0,0.0,0.0,True,0.0,0.0,719.856113841197,0.0,8424.182240171083,7624.342113680865,0.0,0.0
2025-04-02,0,2025-04-02 00:00:00,117,2025-04-02 19:20:00,2025-04-02 19:30:00,714.6476369803165,0.0,0.0,0.0,True,0.0,0.0,714.6476369803165,0.0,7624.342113680865,6830.2891837027355,0.0,0.0
2025-04-02,0,2025-04-02 00:00:00,118,2025-04-02 19:30:00,2025-04-02 19:40:00,717.8590734268556,0.0,0.0,0.0,True,0.0,0.0,717.8590734268556,0.0,6830.2891837027355,6032.667991006229,0.0,0.0
2025-04-02,0,2025-04-02 00:00:00,119,2025-04-02 19:40:00,2025-04-02 19:50:00,722.1403566792587,0.0,0.0,0.0,True,0.0,0.0,722.1403566792587,0.0,6032.667991006229,5230.289816918164,0.0,0.0
2025-04-02,0,2025-04-02 00:00:00,120,2025-04-02 19:50:00,2025-04-02 20:00:00,729.5619982301265,0.0,0.0,0.0,True,0.0,0.0,729.5619982301265,0.0,5230.289816918164,4419.6653744402465,0.0,0.0
2025-04-02,0,2025-04-02 00:00:00,121,2025-04-02 20:00:00,2025-04-02 20:10:00,745.3005378782399,0.0,0.0,0.0,True,0.0,0.0,745.3005378782399,0.0,4419.6653744402465,3591.553665686646,0.0,0.0
2025-04-02,0,2025-04-02 00:00:00,122,2025-04-02 20:10:00,2025-04-02 20:20:00,738.4973829041902,0.0,0.0,0.0,True,0.0,0.0,738.4973829041902,0.0,3591.553665686646,2771.0010180153236,0.0,0.0
2025-04-02,0,2025-04-02 00:00:00,123,2025-04-02 20:20:00,2025-04-02 20:30:00,712.0571970777551,0.0,0.0,0.0,True,0.0,0.0,712.0571970777551,0.0,2771.0010180153236,1979.8263545955958,0.0,0.0
2025-04-02,0,2025-04-02 00:00:00,124,2025-04-02 20:30:00,2025-04-02 20:40:00,701.8437191360363,0.0,0.0,0.0,True,0.0,0.0,701.8437191360363,0.0,1979.8263545955958,1200.0,0.0,0.0
2025-04-02,0,2025-04-02 00:00:00,125,2025-04-02 20:40:00,2025-04-02 20:50:00,704.1641944903334,0.0,0.0,704.1641944903334,True,704.1641944903334,0.0,-0.0,0.0,1200.0,1200.0,0.0,0.0
2025-04-02,0,2025-04-02 00:00:00,126,2025-04-02 20:50:00,2025-04-02 21:00:00,710.6253268622295,0.0,0.0,710.6253268622295,True,710.6253268622295,0.0,0.0,0.0,1200.0,1200.0,0.0,0.0
2025-04-02,0,2025-04-02 00:00:00,127,2025-04-02 21:00:00,2025-04-02 21:10:00,716.8777478266746,0.0,0.0,716.8777478266746,True,716.8777478266746,0.0,0.0,0.0,1200.0,1200.0,0.0,0.0
2025-04-02,0,2025-04-02 00:00:00,128,2025-04-02 21:10:00,2025-04-02 21:20:00,713.5505060521484,0.0,0.0,713.5505060521484,True,713.5505060521484,0.0,0.0,0.0,1200.0,1200.0,0.0,0.0
2025-04-02,0,2025-04-02 00:00:00,129,2025-04-02 21:20:00,2025-04-02 21:30:00,722.7835064978501,0.0,0.0,722.7835064978501,True,722.7835064978501,0.0,0.0,0.0,1200.0,1200.0,0.0,0.0
2025-04-02,0,2025-04-02 00:00:00,130,2025-04-02 21:30:00,2025-04-02 21:40:00,756.2039122937432,0.0,0.0,756.2039122937432,True,756.2039122937432,0.0,-0.0,0.0,1200.0,1200.0,0.0,0.0
2025-04-02,0,2025-04-02 00:00:00,131,2025-04-02 21:40:00,2025-04-02 21:50:00,663.7762261502501,0.0,0.0,663.7762261502501,True,663.7762261502501,0.0,-0.0,0.0,1200.0,1200.0,0.0,0.0
2025-04-02,0,2025-04-02 00:00:00,132,2025-04-02 21:50:00,2025-04-02 22:00:00,520.915444189722,0.0,0.0,1354.2487775230552,True,1354.2487775230552,833.3333333333333,0.0,0.0,1200.0,1950.0,1.0,0.0
2025-04-02,0,2025-04-02 00:00:00,133,2025-04-02 22:00:00,2025-04-02 22:10:00,561.1563504229498,0.0,0.0,1394.489683756283,True,1394.489683756283,833.3333333333333,0.0,0.0,1950.0,2700.0,1.0,0.0
2025-04-02,0,2025-04-02 00:00:00,134,2025-04-02 22:10:00,2025-04-02 22:20:00,595.609156451136,0.0,0.0,595.609156451136,True,595.609156451136,0.0,0.0,0.0,2700.0,2700.0,0.0,0.0
2025-04-02,0,2025-04-02 00:00:00,135,2025-04-02 22:20:00,2025-04-02 22:30:00,554.4476838040528,0.0,0.0,1387.781017137386,True,1387.781017137386,833.3333333333333,0.0,0.0,2700.0,3450.0,1.0,0.0
2025-04-02,0,2025-04-02 00:00:00,136,2025-04-02 22:30:00,2025-04-02 22:40:00,556.02399767996,0.0,0.0,1389.3573310132933,True,1389.3573310132933,833.3333333333333,0.0,0.0,3450.0,4200.0,1.0,0.0
2025-04-02,0,2025-04-02 00:00:00,137,2025-04-02 22:40:00,2025-04-02 22:50:00,563.0675311266912,0.0,0.0,875.6451724030574,True,875.6451724030574,312.5776412763662,0.0,0.0,4200.0,4481.31987714873,0.9999999999999939,0.0
2025-04-02,0,2025-04-02 00:00:00,138,2025-04-02 22:50:00,2025-04-02 23:00:00,543.4400536745053,0.0,0.0,1376.7733870078387,True,1376.7733870078387,833.3333333333333,0.0,0.0,4481.31987714873,5231.31987714873,1.0,0.0
2025-04-02,0,2025-04-02 00:00:00,139,2025-04-02 23:00:00,2025-04-02 23:10:00,519.6920033741793,0.0,0.0,519.6920033741793,True,519.6920033741793,0.0,0.0,0.0,5231.31987714873,5231.31987714873,5.919718698218012e-15,0.0
2025-04-02,0,2025-04-02 00:00:00,140,2025-04-02 23:10:00,2025-04-02 23:20:00,543.1580766504959,0.0,0.0,1376.4914099838293,True,1376.4914099838293,833.3333333333333,0.0,0.0,5231.31987714873,5981.31987714873,1.0,0.0
2025-04-02,0,2025-04-02 00:00:00,141,2025-04-02 23:20:00,2025-04-02 23:30:00,585.0790615109908,0.0,0.0,1418.412394844324,True,1418.412394844324,833.3333333333333,0.0,0.0,5981.31987714873,6731.31987714873,1.0,0.0
2025-04-02,0,2025-04-02 00:00:00,142,2025-04-02 23:30:00,2025-04-02 23:40:00,567.7098537927648,0.0,0.0,1401.043187126098,True,1401.043187126098,833.3333333333333,0.0,0.0,6731.31987714873,7481.31987714873,1.0,0.0
2025-04-02,0,2025-04-02 00:00:00,143,2025-04-02 23:40:00,2025-04-02 23:50:00,560.3372011503207,0.0,0.0,560.3372011503207,True,560.3372011503207,0.0,0.0,0.0,7481.31987714873,7481.31987714873,0.0,0.0
2025-04-02,0,2025-04-02 00:00:00,144,2025-04-02 23:50:00,2025-04-03 00:00:00,575.8013881578119,0.0,0.0,575.8013881578119,True,575.8013881578119,0.0,0.0,0.0,7481.31987714873,7481.31987714873,0.0,0.0
2025-04-02,6,2025-04-02 06:00:00,37,2025-04-02 06:00:00,2025-04-02 06:10:00,796.6694336181121,56.83288194444444,56.83288194444444,0.0,False,0.0,0.0,739.8365516736676,0.0,9331.783868457169,8509.743255486426,0.0,0.0
2025-04-02,6,2025-04-02 06:00:00,38,2025-04-02 06:10:00,2025-04-02 06:20:00,783.7980095141925,105.6473125,105.6473125,0.0,False,0.0,0.0,678.1506970141925,0.0,8509.743255486426,7756.242481026213,0.0,0.0
2025-04-02,6,2025-04-02 06:00:00,39,2025-04-02 06:20:00,2025-04-02 06:30:00,784.9731064366582,154.46174305555553,154.46174305555553,0.0,False,0.0,0.0,630.5113633811027,0.0,7756.242481026213,7055.674299491654,0.0,0.0
2025-04-02,6,2025-04-02 06:00:00,40,2025-04-02 06:30:00,2025-04-02 06:40:00,777.5192363466239,203.2761736111111,203.2761736111111,0.0,False,0.0,0.0,242.69207048860815,0.0,7055.674299491654,6786.0164433932005,0.0,331.5509922469047
2025-04-02,6,2025-04-02 06:00:00,41,2025-04-02 06:40:00,2025-04-02 06:50:00,776.5236471233989,252.09060416666662,252.09060416666662,522.8570679567322,False,522.8570679567322,0.0,0.0,0.0,6786.0164433932005,6786.0164433932005,0.0,1.575975000000085
2025-04-02,6,2025-04-02 06:00:00,42,2025-04-02 06:50:00,2025-04-02 07:00:00,773.0092549553611,300.9050347222222,300.9050347222222,470.1780285664723,False,470.1780285664723,0.0,0.0,0.0,6786.0164433932005,6786.0164433932005,0.0,1.926191666666682
2025-04-02,6,2025-04-02 06:00:00,43,2025-04-02 07:00:00,2025-04-02 07:10:00,745.9043329826186,342.5882444444444,342.5882444444444,399.9414385381742,False,399.9414385381742,0.0,0.0,0.0,6786.0164433932005,6786.0164433932005,0.0,3.374649999999974
2025-04-02,6,2025-04-02 06:00:00,44,2025-04-02 07:10:00,2025-04-02 07:20:00,758.2514558730426,377.1402333333333,377.1402333333333,375.18987253970926,False,375.18987253970926,0.0,0.0,0.0,6786.0164433932005,6786.0164433932005,0.0,5.921350000000018
2025-04-02,6,2025-04-02 06:00:00,45,2025-04-02 07:20:00,2025-04-02 07:30:00,791.2083580004723,411.6922222222222,411.6922222222222,371.04808577825014,False,371.04808577825014,0.0,0.0,0.0,6786.0164433932005,6786.0164433932005,0.0,8.468050000000005
2025-04-02,6,2025-04-02 06:00:00,46,2025-04-02 07:30:00,2025-04-02 07:40:00,782.7069606449619,446.2442111111111,446.2442111111111,1158.7813328671841,False,1158.7813328671841,822.3185833333333,0.0,0.0,6786.0164433932005,7526.103168393201,1.0,0.0
2025-04-02,6,2025-04-02 06:00:00,47,2025-04-02 07:40:00,2025-04-02 07:50:00,898.7668480480947,480.7962,480.7962,129.16258758095466,False,129.16258758095466,0.0,0.0,0.0,7526.103168393201,7526.103168393201,0.0,288.8080604671401
2025-04-02,6,2025-04-02 06:00:00,48,2025-04-02 07:50:00,2025-04-02 08:00:00,1086.7206973680625,515.3481888888889,515.3481888888889,0.0,False,0.0,0.0,571.3725084791736,0.0,7526.103168393201,6891.244825638563,0.0,0.0
2025-04-02,6,2025-04-02 06:00:00,49,2025-04-02 08:00:00,2025-04-02 08:10:00,1108.3752304697286,555.4801958333334,555.4801958333334,0.0,False,0.0,0.0,552.8950346363953,0.0,6891.244825638563,6276.917009375902,0.0,0.0
2025-04-02,6,2025-04-02 06:00:00,50,2025-04-02 08:10:00,2025-04-02 08:20:00,1084.557405209873,601.1922208333334,601.1922208333334,0.0,False,0.0,0.0,483.36518437653956,0.0,6276.917009375902,5739.844582290858,0.0,0.0
2025-04-02,6,2025-04-02 06:00:00,51,2025-04-02 08:20:00,2025-04-02 08:30:00,1086.6664170705187,646.9042458333333,646.9042458333333,0.0,False,0.0,0.0,439.7621712371854,0.0,5739.844582290858,5251.219947582874,0.0,0.0
2025-04-02,6,2025-04-02 06:00:00,52,2025-04-02 08:30:00,2025-04-02 08:40:00,1067.9794523007085,692.6162708333333,692.6162708333333,0.0,False,0.0,0.0,375.3631814673753,0.0,5251.219947582874,4834.149745952457,0.0,0.0
2025-04-02,6,2025-04-02 06:00:00,53,2025-04-02 08:40:00,2025-04-02 08:50:00,1074.7200721283216,738.3282958333333,738.3282958333333,0.0,False,0.0,0.0,336.3917762949883,0.0,4834.149745952457,4460.381105624692,0.0,0.0
2025-04-02,6,2025-04-02 06:00:00,54,2025-04-02 08:50:00,2025-04-02 09:00:00,1099.0645478993479,784.0403208333333,784.0403208333333,0.0,False,0.0,0.0,315.02422706601453,0.0,4460.381105624692,4110.354186662454,0.0,0.0
2025-04-02,6,2025-04-02 06:00:00,55,2025-04-02 09:00:00,2025-04-02 09:10:00,1082.8050047242302,813.6183027777778,813.6183027777778,0.0,False,0.0,0.0,269.18670194645244,0.0,4110.354186662454,3811.2578511663955,0.0,0.0
2025-04-02,6,2025-04-02 06:00:00,56,2025-04-02 09:10:00,2025-04-02 09:20:00,1078.4839024173957,827.0622416666666,827.0622416666666,0.0,False,0.0,0.0,251.42166075072907,0.0,3811.2578511663955,3531.900450332252,0.0,0.0
2025-04-02,6,2025-04-02 06:00:00,57,2025-04-02 09:20:00,2025-04-02 09:30:00,1096.6634503495063,840.5061805555555,840.5061805555555,0.0,False,0.0,0.0,256.15726979395083,0.0,3531.900450332252,3247.2812616723068,0.0,0.0
2025-04-02,6,2025-04-02 06:00:00,58,2025-04-02 09:30:00,2025-04-02 09:40:00,1090.4520346550817,853.9501194444443,853.9501194444443,0.0,False,0.0,0.0,236.50191521063732,0.0,3247.2812616723068,2984.5013558827095,0.0,0.0
2025-04-02,6,2025-04-02 06:00:00,59,2025-04-02 09:40:00,2025-04-02 09:50:00,1066.077667984758,867.3940583333333,867.3940583333333,0.0,False,0.0,0.0,198.6836096514246,0.0,2984.5013558827095,2763.741789603349,0.0,0.0
2025-04-02,6,2025-04-02 06:00:00,60,2025-04-02 09:50:00,2025-04-02 10:00:00,1061.9753603770835,880.8379972222223,880.8379972222223,0.0,False,0.0,0.0,181.1373631548612,0.0,2763.741789603349,2562.4780527646144,0.0,0.0
2025-04-02,6,2025-04-02 06:00:00,61,2025-04-02 10:00:00,2025-04-02 10:10:00,1104.128218711501,909.5562027777778,909.5562027777778,0.0,False,0.0,0.0,194.57201593372315,0.0,2562.4780527646144,2346.2869239493666,0.0,0.0
2025-04-02,6,2025-04-02 06:00:00,62,2025-04-02 10:10:00,2025-04-02 10:20:00,1101.4181403609857,953.548675,953.548675,0.0,False,0.0,0.0,147.8694653609857,0.0,2346.2869239493666,2181.9875179927158,0.0,0.0
2025-04-02,6,2025-04-02 06:00:00,63,2025-04-02 10:20:00,2025-04-02 10:30:00,1054.1648195899393,997.5411472222222,997.5411472222222,0.0,False,0.0,0.0,56.62367236771706,0.0,2181.9875179927158,2119.07232647303,0.0,0.0
2025-04-02,6,2025-04-02 06:00:00,64,2025-04-02 10:30:00,2025-04-02 10:40:00,1050.3465599205308,1041.5336194444446,1041.5336194444446,0.0,False,0.0,0.0,8.812940476086169,0.0,2119.07232647303,2109.2801703884898,0.0,0.0
2025-04-02,6,2025-04-02 06:00:00,65,2025-04-02 10:40:00,2025-04-02 10:50:00,1047.8040269422768,1085.5260916666668,1085.5260916666668,43.060060275610226,False,43.060060275610226,80.78212500000029,0.0,0.0,2109.2801703884898,2181.98408288849,1.0,0.0
2025-04-02,6,2025-04-02 06:00:00,66,2025-04-02 10:50:00,2025-04-02 11:00:00,1035.9940384543208,1129.518563888889,1129.518563888889,56.23613147652577,False,56.23613147652577,149.7606569110933,0.0,6.821210263296962e-13,2181.98408288849,2316.768674108474,1.0,0.0
2025-04-02,6,2025-04-02 06:00:00,67,2025-04-02 11:00:00,2025-04-02 11:10:00,1051.1162859219414,1156.1102055555557,1156.1102055555557,792.4761970330526,False,792.4761970330526,833.3333333333333,0.0,64.1367833333336,2316.768674108474,3066.768674108474,1.0,0.0
2025-04-02,6,2025-04-02 06:00:00,68,2025-04-02 11:10:00,2025-04-02 11:20:00,1057.072567826407,1165.3010166666666,1165.3010166666666,782.0633678264071,False,782.0633678264071,833.3333333333333,0.0,56.958483333333334,3066.768674108474,3816.7686741084744,1.0,0.0
2025-04-02,6,2025-04-02 06:00:00,69,2025-04-02 11:20:00,2025-04-02 11:30:00,1059.207943425497,1174.4918277777779,1174.4918277777779,767.8296323143859,False,767.8296323143859,833.3333333333333,0.0,49.780183333333525,3816.7686741084744,4566.768674108474,1.0,0.0
2025-04-02,6,2025-04-02 06:00:00,70,2025-04-02 11:30:00,2025-04-02 11:40:00,1091.5395884623952,1183.6826388888887,1183.6826388888887,783.792166240173,False,783.792166240173,833.3333333333333,0.0,42.60188333333326,4566.768674108474,5316.768674108474,1.0,0.0
2025-04-02,6,2025-04-02 06:00:00,71,2025-04-02 11:40:00,2025-04-02 11:50:00,1067.4771626196084,1192.87345,1192.87345,743.3606292862751,False,743.3606292862751,833.3333333333333,0.0,35.423583333333454,5316.768674108474,6066.768674108474,1.0,0.0
2025-04-02,6,2025-04-02 06:00:00,72,2025-04-02 11:50:00,2025-04-02 12:00:00,998.2240617634769,1202.064261111111,1202.064261111111,657.7384173190325,False,657.7384173190325,833.3333333333333,0.0,28.24528333333319,6066.768674108474,6816.768674108474,1.0,0.0
2025-04-02,6,2025-04-02 06:00:00,73,2025-04-02 12:00:00,2025-04-02 12:10:00,987.409304131692,1202.6121805555556,1202.6121805555556,635.4092582983586,False,635.4092582983586,833.3333333333333,0.0,17.27880138888895,6816.768674108474,7566.768674108474,1.0,0.0
2025-04-02,6,2025-04-02 06:00:00,74,2025-04-02 12:10:00,2025-04-02 12:20:00,995.8692943896166,1194.5172083333334,1194.5172083333334,637.2095568896165,False,637.2095568896165,833.3333333333333,0.0,2.5241375000000517,7566.768674108474,8316.768674108474,1.0,0.0
2025-04-02,6,2025-04-02 06:00:00,75,2025-04-02 12:20:00,2025-04-02 12:30:00,991.3621466143433,1186.422236111111,1186.422236111111,626.0427174476764,False,626.0427174476764,821.1028069444442,0.0,0.0,8316.768674108474,9055.761200358475,1.0,0.0
2025-04-02,6,2025-04-02 06:00:00,76,2025-04-02 12:30:00,2025-04-02 12:40:00,987.8466671314648,1178.3272638888889,1178.3272638888889,615.8675462981314,False,615.8675462981314,806.3481430555555,0.0,0.0,9055.761200358475,9781.474529108475,1.0,0.0
2025-04-02,6,2025-04-02 06:00:00,77,2025-04-02 12:40:00,2025-04-02 12:50:00,1006.372100938154,1170.2322916666665,1170.2322916666665,0.0,False,0.0,163.8601907285125,0.0,2.842170943040401e-14,9781.474529108475,9928.948700764136,1.0,0.0
2025-04-02,6,2025-04-02 06:00:00,78,2025-04-02 12:50:00,2025-04-02 13:00:00,1033.3367727073403,1162.1373194444443,1162.1373194444443,0.0,False,0.0,128.800546737104,0.0,0.0,9928.948700764136,10044.86919282753,1.0,0.0
2025-04-02,6,2025-04-02 06:00:00,79,2025-04-02 13:00:00,2025-04-02 13:10:00,1034.9418305971292,1155.4487666666666,1155.4487666666666,0.0,False,0.0,120.50693606953746,0.0,0.0,10044.86919282753,10153.325435290113,1.0,0.0
2025-04-02,6,2025-04-02 06:00:00,80,2025-04-02 13:10:00,2025-04-02 13:20:00,1038.7928634129,1150.1666333333333,1150.1666333333333,0.0,False,0.0,111.37376992043323,0.0,0.0,10153.325435290113,10253.561828218502,1.0,0.0
2025-04-02,6,2025-04-02 06:00:00,81,2025-04-02 13:20:00,2025-04-02 13:30:00,1052.6174101033432,1144.8845000000001,1144.8845000000001,0.0,False,0.0,92.2670898966569,0.0,0.0,10253.561828218502,10336.602209125493,1.0,0.0
2025-04-02,6,2025-04-02 06:00:00,82,2025-04-02 13:30:00,2025-04-02 13:40:00,1053.1675742945624,1139.6023666666667,1139.6023666666667,0.0,False,0.0,86.43479237210431,0.0,0.0,10336.602209125493,10414.393522260387,1.0,0.0
2025-04-02,6,2025-04-02 06:00:00,83,2025-04-02 13:40:00,2025-04-02 13:50:00,1036.575747128984,1134.3202333333331,1134.3202333333331,0.0,False,0.0,97.74448620434919,0.0,0.0,10414.393522260387,10502.363559844302,1.0,0.0
2025-04-02,6,2025-04-02 06:00:00,84,2025-04-02 13:50:00,2025-04-02 14:00:00,1022.0856494648636,1129.0381,1129.0381,0.0,False,0.0,106.95245053513634,0.0,0.0,10502.363559844302,10598.620765325924,1.0,0.0
2025-04-02,6,2025-04-02 06:00:00,85,2025-04-02 14:00:00,2025-04-02 14:10:00,1032.8687250889188,1112.9821875,1112.9821875,0.0,False,0.0,80.11346241108117,0.0,0.0,10598.620765325924,10670.722881495898,1.0,0.0
2025-04-02,6,2025-04-02 06:00:00,86,2025-04-02 14:10:00,2025-04-02 14:20:00,1037.5436224065954,1086.1524958333332,1086.1524958333332,0.0,False,0.0,48.60887342673777,0.0,0.0,10670.722881495898,10714.470867579963,1.0,0.0
2025-04-02,6,2025-04-02 06:00:00,87,2025-04-02 14:20:00,2025-04-02 14:30:00,1019.0094868493218,1059.3228041666666,1059.3228041666666,0.0,False,0.0,40.313317317344854,0.0,0.0,10714.470867579963,10750.752853165572,1.0,0.0
2025-04-02,6,2025-04-02 06:00:00,88,2025-04-02 14:30:00,2025-04-02 14:40:00,992.7824237684833,1032.4931125,1032.4931125,0.0,False,0.0,39.71068873151671,0.0,0.0,10750.752853165572,10786.492473023936,1.0,0.0
2025-04-02,6,2025-04-02 06:00:00,89,2025-04-02 14:40:00,2025-04-02 14:50:00,990.6550575265952,1005.6634208333331,1005.6634208333331,0.0,False,0.0,15.00836330673792,0.0,0.0,10786.492473023936,10800.0,1.0,0.0
2025-04-02,6,2025-04-02 06:00:00,90,2025-04-02 14:50:00,2025-04-02 15:00:00,1008.8104463850905,978.8337291666667,978.8337291666667,0.0,False,0.0,0.0,0.0,0.0,10800.0,10800.0,0.0,29.9767172184238
2025-04-02,6,2025-04-02 06:00:00,91,2025-04-02 15:00:00,2025-04-02 15:10:00,1015.5622490165925,938.9713958333332,938.9713958333332,0.0,False,0.0,0.0,0.0,0.0,10800.0,10800.0,0.0,76.59085318325936
2025-04-02,6,2025-04-02 06:00:00,92,2025-04-02 15:10:00,2025-04-02 15:20:00,1023.9379128170827,886.0764208333334,886.0764208333334,55.20666281708259,False,55.20666281708259,0.0,0.0,0.0,10800.0,10800.0,0.0,82.65482916666679
2025-04-02,6,2025-04-02 06:00:00,93,2025-04-02 15:20:00,2025-04-02 15:30:00,1029.2812443120906,833.1814458333332,833.1814458333332,109.82499431209055,False,109.82499431209055,0.0,0.0,0.0,10800.0,10800.0,0.0,86.27480416666685
2025-04-02,6,2025-04-02 06:00:00,94,2025-04-02 15:30:00,2025-04-02 15:40:00,1011.6969143186967,780.2864708333333,780.2864708333333,141.51566431869674,False,141.51566431869674,0.0,0.0,0.0,10800.0,10800.0,0.0,89.8947791666667
2025-04-02,6,2025-04-02 06:00:00,95,2025-04-02 15:40:00,2025-04-02 15:50:00,1005.8300281573821,727.3914958333331,727.3914958333331,184.92377815738212,False,184.92377815738212,0.0,0.0,0.0,10800.0,10800.0,0.0,93.51475416666688
2025-04-02,6,2025-04-02 06:00:00,96,2025-04-02 15:50:00,2025-04-02 16:00:00,1022.0136095415722,674.4965208333333,674.4965208333333,250.3823595415722,False,250.3823595415722,0.0,0.0,0.0,10800.0,10800.0,0.0,97.13472916666672
2025-04-02,6,2025-04-02 06:00:00,97,2025-04-02 16:00:00,2025-04-02 16:10:00,1037.1233267067703,620.5460374999999,620.5460374999999,323.4629655956593,False,323.4629655956593,0.0,0.0,0.0,10800.0,10800.0,0.0,93.1143236111111
2025-04-02,6,2025-04-02 06:00:00,98,2025-04-02 16:10:00,2025-04-02 16:20:00,1046.9898903800665,565.5400458333334,565.5400458333334,399.99630704673325,False,399.99630704673325,0.0,0.0,0.0,10800.0,10800.0,0.0,81.45353749999992
2025-04-02,6,2025-04-02 06:00:00,99,2025-04-02 16:20:00,2025-04-02 16:30:00,1045.9579932829838,510.53405416666664,510.53405416666664,465.63118772742826,False,465.63118772742826,0.0,0.0,0.0,10800.0,10800.0,0.0,69.79275138888886
2025-04-02,6,2025-04-02 06:00:00,100,2025-04-02 16:30:00,2025-04-02 16:40:00,1027.6629647712446,455.52806250000003,455.52806250000003,514.0029369934667,False,514.0029369934667,0.0,0.0,0.0,10800.0,10800.0,0.0,58.131965277777795
2025-04-02,6,2025-04-02 06:00:00,101,2025-04-02 16:40:00,2025-04-02 16:50:00,1009.2028659151238,400.5220708333333,400.5220708333333,562.2096159151238,False,562.2096159151238,0.0,0.0,0.0,10800.0,10800.0,0.0,46.471179166666616
2025-04-02,6,2025-04-02 06:00:00,102,2025-04-02 16:50:00,2025-04-02 17:00:00,1007.2160133037916,345.5160791666667,345.5160791666667,626.8895410815693,False,626.8895410815693,0.0,0.0,0.0,10800.0,10800.0,0.0,34.81039305555555
2025-04-02,6,2025-04-02 06:00:00,103,2025-04-02 17:00:00,2025-04-02 17:10:00,1020.8769004842626,294.35122916666666,294.35122916666666,699.3758671509293,False,699.3758671509293,0.0,0.0,0.0,10800.0,10800.0,0.0,27.149804166666627
2025-04-02,6,2025-04-02 06:00:00,104,2025-04-02 17:10:00,2025-04-02 17:20:00,1008.5137103885301,247.02752083333334,247.02752083333334,737.9967770551967,False,737.9967770551967,0.0,0.0,0.0,10800.0,10800.0,0.0,23.489412499999958
2025-04-02,6,2025-04-02 06:00:00,105,2025-04-02 17:20:00,2025-04-02 17:30:00,996.0054294234291,199.7038125,199.7038125,776.4725960900957,False,776.4725960900957,0.0,0.0,0.0,10800.0,10800.0,0.0,19.82902083333329
2025-04-02,6,2025-04-02 06:00:00,106,2025-04-02 17:30:00,2025-04-02 17:40:00,1028.237465624191,152.38010416666665,152.38010416666665,859.6887322908576,False,859.6887322908576,0.0,0.0,0.0,10800.0,10800.0,0.0,16.16862916666662
2025-04-02,6,2025-04-02 06:00:00,107,2025-04-02 17:40:00,2025-04-02 17:50:00,927.3042280367828,105.05639583333333,105.05639583333333,809.7395947034495,False,809.7395947034495,0.0,0.0,0.0,10800.0,10800.0,0.0,12.50823749999995
2025-04-02,6,2025-04-02 06:00:00,108,2025-04-02 17:50:00,2025-04-02 18:00:00,730.6395661960772,57.7326875,57.7326875,664.0590328627438,False,664.0590328627438,0.0,0.0,0.0,10800.0,10800.0,0.0,8.847845833333395
2025-04-02,6,2025-04-02 06:00:00,109,2025-04-02 18:00:00,2025-04-02 18:10:00,672.9747703789732,31.231597222222224,31.231597222222224,635.3103273234176,False,635.3103273234176,0.0,0.0,0.0,10800.0,10800.0,0.0,6.432845833333317
2025-04-02,6,2025-04-02 06:00:00,110,2025-04-02 18:10:00,2025-04-02 18:20:00,693.1574949763568,25.553125000000005,25.553125000000005,662.3411324763568,False,662.3411324763568,0.0,0.0,0.0,10800.0,10800.0,0.0,5.263237499999946
2025-04-02,6,2025-04-02 06:00:00,111,2025-04-02 18:20:00,2025-04-02 18:30:00,709.7303872461462,19.87465277777778,19.87465277777778,685.7621053017017,False,685.7621053017017,0.0,0.0,0.0,10800.0,10800.0,0.0,4.0936291666666875
2025-04-02,6,2025-04-02 06:00:00,112,2025-04-02 18:30:00,2025-04-02 18:40:00,708.1672197378845,14.196180555555557,14.196180555555557,691.0470183489956,False,691.0470183489956,0.0,0.0,0.0,10800.0,10800.0,0.0,2.9240208333333157
2025-04-02,6,2025-04-02 06:00:00,113,2025-04-02 18:40:00,2025-04-02 18:50:00,713.6211536453078,8.517708333333335,8.517708333333335,17.75695995975377,False,17.75695995975377,0.0,685.0072686855538,0.0,10800.0,10038.880812571608,0.0,2.339216666666971
2025-04-02,6,2025-04-02 06:00:00,114,2025-04-02 18:50:00,2025-04-02 19:00:00,728.0064395264346,2.8392361111111115,2.8392361111111115,0.0,False,0.0,0.0,725.1672034153236,0.0,10038.880812571608,9233.13947544347,0.0,0.0
2025-04-02,6,2025-04-02 06:00:00,115,2025-04-02 19:00:00,2025-04-02 19:10:00,728.0615117451467,0.0,0.0,0.0,False,0.0,0.0,728.0615117451459,0.0,9233.13947544347,8424.182240171085,0.0,0.0
2025-04-02,6,2025-04-02 06:00:00,116,2025-04-02 19:10:00,2025-04-02 19:20:00,719.856113841197,0.0,0.0,0.0,False,0.0,0.0,719.8561138411975,0.0,8424.182240171085,7624.342113680866,0.0,0.0
2025-04-02,6,2025-04-02 06:00:00,117,2025-04-02 19:20:00,2025-04-02 19:30:00,714.6476369803165,0.0,0.0,0.0,False,0.0,0.0,714.6476369803165,0.0,7624.342113680866,6830.289183702736,0.0,0.0
2025-04-02,6,2025-04-02 06:00:00,118,2025-04-02 19:30:00,2025-04-02 19:40:00,717.8590734268556,0.0,0.0,0.0,False,0.0,0.0,717.8590734268555,0.0,6830.289183702736,6032.66799100623,0.0,0.0
2025-04-02,6,2025-04-02 06:00:00,119,2025-04-02 19:40:00,2025-04-02 19:50:00,722.1403566792587,0.0,0.0,0.0,False,0.0,0.0,722.1403566792593,0.0,6032.66799100623,5230.289816918164,0.0,0.0
2025-04-02,6,2025-04-02 06:00:00,120,2025-04-02 19:50:00,2025-04-02 20:00:00,729.5619982301265,0.0,0.0,0.0,False,0.0,0.0,729.5619982301265,0.0,5230.289816918164,4419.6653744402465,0.0,0.0
2025-04-02,6,2025-04-02 06:00:00,121,2025-04-02 20:00:00,2025-04-02 20:10:00,745.3005378782399,0.0,0.0,0.0,False,0.0,0.0,745.3005378782399,0.0,4419.6653744402465,3591.5536656866466,0.0,0.0
2025-04-02,6,2025-04-02 06:00:00,122,2025-04-02 20:10:00,2025-04-02 20:20:00,738.4973829041902,0.0,0.0,0.0,False,0.0,0.0,738.4973829041903,0.0,3591.5536656866466,2771.001018015324,0.0,0.0
2025-04-02,6,2025-04-02 06:00:00,123,2025-04-02 20:20:00,2025-04-02 20:30:00,712.0571970777551,0.0,0.0,0.0,False,0.0,0.0,712.0571970777551,0.0,2771.001018015324,1979.826354595596,0.0,0.0
2025-04-02,6,2025-04-02 06:00:00,124,2025-04-02 20:30:00,2025-04-02 20:40:00,701.8437191360363,0.0,0.0,0.0,False,0.0,0.0,701.8437191360364,0.0,1979.826354595596,1200.0,0.0,0.0
2025-04-02,6,2025-04-02 06:00:00,125,2025-04-02 20:40:00,2025-04-02 20:50:00,704.1641944903334,0.0,0.0,704.1641944903334,False,704.1641944903334,0.0,0.0,0.0,1200.0,1200.0,0.0,0.0
2025-04-02,6,2025-04-02 06:00:00,126,2025-04-02 20:50:00,2025-04-02 21:00:00,710.6253268622295,0.0,0.0,710.6253268622295,False,710.6253268622295,0.0,0.0,0.0,1200.0,1200.0,0.0,0.0
2025-04-02,6,2025-04-02 06:00:00,127,2025-04-02 21:00:00,2025-04-02 21:10:00,716.8777478266746,0.0,0.0,716.8777478266746,False,716.8777478266746,0.0,0.0,0.0,1200.0,1200.0,0.0,0.0
2025-04-02,6,2025-04-02 06:00:00,128,2025-04-02 21:10:00,2025-04-02 21:20:00,713.5505060521484,0.0,0.0,713.5505060521484,False,713.5505060521484,0.0,0.0,0.0,1200.0,1200.0,0.0,0.0
2025-04-02,6,2025-04-02 06:00:00,129,2025-04-02 21:20:00,2025-04-02 21:30:00,722.7835064978501,0.0,0.0,722.7835064978501,False,722.7835064978501,0.0,0.0,0.0,1200.0,1200.0,0.0,0.0
2025-04-02,6,2025-04-02 06:00:00,130,2025-04-02 21:30:00,2025-04-02 21:40:00,756.2039122937432,0.0,0.0,756.2039122937432,False,756.2039122937432,0.0,0.0,0.0,1200.0,1200.0,0.0,0.0
2025-04-02,6,2025-04-02 06:00:00,131,2025-04-02 21:40:00,2025-04-02 21:50:00,663.7762261502501,0.0,0.0,663.7762261502501,False,663.7762261502501,-0.0,0.0,0.0,1200.0,1200.0,0.0,0.0
2025-04-02,6,2025-04-02 06:00:00,132,2025-04-02 21:50:00,2025-04-02 22:00:00,520.915444189722,0.0,0.0,1354.2487775230552,False,1354.2487775230552,833.3333333333333,0.0,-1.1368683772161603e-13,1200.0,1950.0,1.0,0.0
2025-04-02,6,2025-04-02 06:00:00,133,2025-04-02 22:00:00,2025-04-02 22:10:00,561.1563504229498,0.0,0.0,1394.489683756283,False,1394.489683756283,833.3333333333333,0.0,0.0,1950.0,2700.0,1.0,0.0
2025-04-02,6,2025-04-02 06:00:00,134,2025-04-02 22:10:00,2025-04-02 22:20:00,595.609156451136,0.0,0.0,595.609156451136,False,595.609156451136,-0.0,0.0,0.0,2700.0,2700.0,0.0,0.0
2025-04-02,6,2025-04-02 06:00:00,135,2025-04-02 22:20:00,2025-04-02 22:30:00,554.4476838040528,0.0,0.0,1387.781017137386,False,1387.781017137386,833.3333333333333,0.0,0.0,2700.0,3450.0,1.0,0.0
2025-04-02,6,2025-04-02 06:00:00,136,2025-04-02 22:30:00,2025-04-02 22:40:00,556.02399767996,0.0,0.0,1389.3573310132933,False,1389.3573310132933,833.3333333333333,0.0,1.1368683772161603e-13,3450.0,4200.0,1.0,0.0
2025-04-02,6,2025-04-02 06:00:00,137,2025-04-02 22:40:00,2025-04-02 22:50:00,563.0675311266912,0.0,0.0,875.6451724030574,False,875.6451724030574,312.5776412763662,0.0,0.0,4200.0,4481.31987714873,1.0,0.0
2025-04-02,6,2025-04-02 06:00:00,138,2025-04-02 22:50:00,2025-04-02 23:00:00,543.4400536745053,0.0,0.0,1376.7733870078387,False,1376.7733870078387,833.3333333333333,0.0,1.1368683772161603e-13,4481.31987714873,5231.31987714873,1.0,0.0
2025-04-02,6,2025-04-02 06:00:00,139,2025-04-02 23:00:00,2025-04-02 23:10:00,519.6920033741793,0.0,0.0,519.6920033741793,False,519.6920033741793,-0.0,0.0,0.0,5231.31987714873,5231.31987714873,0.0,0.0
2025-04-02,6,2025-04-02 06:00:00,140,2025-04-02 23:10:00,2025-04-02 23:20:00,543.1580766504959,0.0,0.0,1376.4914099838293,False,1376.4914099838293,833.3333333333333,0.0,1.1368683772161603e-13,5231.31987714873,5981.31987714873,1.0,0.0
2025-04-02,6,2025-04-02 06:00:00,141,2025-04-02 23:20:00,2025-04-02 23:30:00,585.0790615109908,0.0,0.0,1418.412394844324,False,1418.412394844324,833.3333333333333,0.0,-1.1368683772161603e-13,5981.31987714873,6731.31987714873,1.0,0.0
2025-04-02,6,2025-04-02 06:00:00,142,2025-04-02 23:30:00,2025-04-02 23:40:00,567.7098537927648,0.0,0.0,1401.043187126098,False,1401.043187126098,833.3333333333333,0.0,0.0,6731.31987714873,7481.31987714873,1.0,0.0
2025-04-02,6,2025-04-02 06:00:00,143,2025-04-02 23:40:00,2025-04-02 23:50:00,560.3372011503207,0.0,0.0,560.3372011503207,False,560.3372011503207,-0.0,0.0,0.0,7481.31987714873,7481.31987714873,0.0,0.0
2025-04-02,6,2025-04-02 06:00:00,144,2025-04-02 23:50:00,2025-04-03 00:00:00,575.8013881578119,0.0,0.0,575.8013881578119,False,575.8013881578119,-0.0,0.0,0.0,7481.31987714873,7481.31987714873,0.0,0.0
2025-04-02,12,2025-04-02 12:00:00,73,2025-04-02 12:00:00,2025-04-02 12:10:00,987.409304131692,1204.1572444444444,1204.1572444444444,635.4092582983586,False,635.4092582983586,833.3333333333333,0.0,18.823865277777713,7095.080862133739,7845.080862133739,1.0,0.0
2025-04-02,12,2025-04-02 12:00:00,74,2025-04-02 12:10:00,2025-04-02 12:20:00,995.8692943896166,1199.1524,1199.1524,637.2095568896165,False,637.2095568896165,833.3333333333333,0.0,7.159329166666566,7845.080862133739,8595.080862133738,1.0,0.0
2025-04-02,12,2025-04-02 12:00:00,75,2025-04-02 12:20:00,2025-04-02 12:30:00,991.3621466143433,1194.1475555555555,1194.1475555555555,626.0427174476764,False,626.0427174476764,273.3827953729916,0.0,555.4453310158971,8595.080862133738,8841.12537796943,1.0,0.0
2025-04-02,12,2025-04-02 12:00:00,76,2025-04-02 12:30:00,2025-04-02 12:40:00,987.8466671314648,1189.1427111111109,1189.1427111111109,615.8675462981314,False,615.8675462981314,817.1635902777775,0.0,0.0,8841.12537796943,9576.57260921943,1.0,0.0
2025-04-02,12,2025-04-02 12:00:00,77,2025-04-02 12:40:00,2025-04-02 12:50:00,1006.372100938154,1184.1378666666667,1184.1378666666667,0.0,False,0.0,177.76576572851275,0.0,0.0,9576.57260921943,9736.561798375093,1.0,0.0
2025-04-02,12,2025-04-02 12:00:00,78,2025-04-02 12:50:00,2025-04-02 13:00:00,1033.3367727073403,1179.1330222222223,1179.1330222222223,0.0,False,0.0,145.796249514882,0.0,0.0,9736.561798375093,9867.778422938487,1.0,0.0
2025-04-02,12,2025-04-02 12:00:00,79,2025-04-02 13:00:00,2025-04-02 13:10:00,1034.9418305971292,1176.1655333333333,1176.1655333333333,0.0,False,0.0,141.22370273620413,0.0,0.0,9867.778422938487,9994.87975540107,1.0,0.0
2025-04-02,12,2025-04-02 12:00:00,80,2025-04-02 13:10:00,2025-04-02 13:20:00,1038.7928634129,1175.2353999999998,1175.2353999999998,0.0,False,0.0,136.44253658709977,0.0,0.0,9994.87975540107,10117.67803832946,1.0,0.0
2025-04-02,12,2025-04-02 12:00:00,81,2025-04-02 13:20:00,2025-04-02 13:30:00,1052.6174101033432,1174.3052666666665,1174.3052666666665,0.0,False,0.0,121.6878565633233,0.0,0.0,10117.67803832946,10227.197109236451,1.0,0.0
2025-04-02,12,2025-04-02 12:00:00,82,2025-04-02 13:30:00,2025-04-02 13:40:00,1053.1675742945624,1173.3751333333332,1173.3751333333332,0.0,False,0.0,0.0,0.0,120.2075590387708,10227.197109236451,10227.197109236451,0.0,0.0
2025-04-02,12,2025-04-02 12:00:00,83,2025-04-02 13:40:00,2025-04-02 13:50:00,1036.575747128984,1172.445,1172.445,0.0,False,0.0,135.869252871016,0.0,0.0,10227.197109236451,10349.479436820366,1.0,0.0
2025-04-02,12,2025-04-02 12:00:00,84,2025-04-02 13:50:00,2025-04-02 14:00:00,1022.0856494648636,1171.5148666666666,1171.5148666666666,0.0,False,0.0,149.429217201803,0.0,0.0,10349.479436820366,10483.96573230199,1.0,0.0
2025-04-02,12,2025-04-02 12:00:00,85,2025-04-02 14:00:00,2025-04-02 14:10:00,1032.8687250889188,1155.3719402777776,1155.3719402777776,0.0,False,0.0,122.5032151888588,0.0,0.0,10483.96573230199,10594.218625971962,1.0,0.0
2025-04-02,12,2025-04-02 12:00:00,86,2025-04-02 14:10:00,2025-04-02 14:20:00,1037.5436224065954,1124.0162208333334,1124.0162208333334,0.0,False,0.0,86.47259842673793,0.0,0.0,10594.218625971962,10672.043964556025,1.0,0.0
2025-04-02,12,2025-04-02 12:00:00,87,2025-04-02 14:20:00,2025-04-02 14:30:00,1019.0094868493218,1092.6605013888889,1092.6605013888889,0.0,False,0.0,73.65101453956709,0.0,0.0,10672.043964556025,10738.329877641636,1.0,0.0
2025-04-02,12,2025-04-02 12:00:00,88,2025-04-02 14:30:00,2025-04-02 14:40:00,992.7824237684833,1061.3047819444444,1061.3047819444444,0.0,False,0.0,68.52235817596102,0.0,0.0,10738.329877641636,10800.0,1.0,0.0
2025-04-02,12,2025-04-02 12:00:00,89,2025-04-02 14:40:00,2025-04-02 14:50:00,990.6550575265952,1029.9490625,1029.9490625,0.0,False,0.0,0.0,0.0,39.29400497340487,10800.0,10800.0,0.0,0.0
2025-04-02,12,2025-04-02 12:00:00,90,2025-04-02 14:50:00,2025-04-02 15:00:00,1008.8104463850905,998.5933430555556,998.5933430555556,0.0,False,0.0,0.0,0.0,0.0,10800.0,10800.0,0.0,10.217103329535298
2025-04-02,12,2025-04-02 12:00:00,91,2025-04-02 15:00:00,2025-04-02 15:10:00,1015.5622490165925,963.0238361111111,963.0238361111111,0.0,False,0.0,0.0,0.0,0.0,10800.0,10800.0,0.0,52.53841290548144
2025-04-02,12,2025-04-02 12:00:00,92,2025-04-02 15:10:00,2025-04-02 15:20:00,1023.9379128170827,923.2405416666667,923.2405416666667,55.20666281708259,False,55.20666281708259,0.0,0.0,0.0,10800.0,10800.0,0.0,45.49070833333349
2025-04-02,12,2025-04-02 12:00:00,93,2025-04-02 15:20:00,2025-04-02 15:30:00,1029.2812443120906,883.4572472222222,883.4572472222222,109.82499431209055,False,109.82499431209055,0.0,7.301617972222743,0.0,10800.0,10791.887091141974,0.0,28.69738480555509
2025-04-02,12,2025-04-02 12:00:00,94,2025-04-02 15:30:00,2025-04-02 15:40:00,1011.6969143186967,843.6739527777778,843.6739527777778,141.51566431869674,False,141.51566431869674,0.0,26.507297222222178,0.0,10791.887091141974,10762.434538672838,0.0,0.0
2025-04-02,12,2025-04-02 12:00:00,95,2025-04-02 15:40:00,2025-04-02 15:50:00,1005.8300281573821,803.8906583333332,803.8906583333332,184.92377815738212,False,184.92377815738212,0.0,17.01559166666675,0.0,10762.434538672838,10743.528325709874,0.0,0.0
2025-04-02,12,2025-04-02 12:00:00,96,2025-04-02 15:50:00,2025-04-02 16:00:00,1022.0136095415722,764.1073638888888,764.1073638888888,250.3823595415722,False,250.3823595415722,0.0,7.52388611111121,0.0,10743.528325709874,10735.168452253085,0.0,0.0
2025-04-02,12,2025-04-02 12:00:00,97,2025-04-02 16:00:00,2025-04-02 16:10:00,1037.1233267067703,712.2620583333332,712.2620583333332,323.4629655956593,False,323.4629655956593,0.0,1.398302777777758,0.0,10735.168452253085,10733.614782499999,0.0,0.0
2025-04-02,12,2025-04-02 12:00:00,98,2025-04-02 16:10:00,2025-04-02 16:20:00,1046.9898903800665,648.3547416666667,648.3547416666667,399.99630704673325,False,399.99630704673325,1.3611583333333783,0.0,0.0,10733.614782499999,10734.839825,1.0,0.0
2025-04-02,12,2025-04-02 12:00:00,99,2025-04-02 16:20:00,2025-04-02 16:30:00,1045.9579932829838,584.447425,584.447425,465.63118772742826,False,465.63118772742826,4.120619444444401,0.0,0.0,10734.839825,10738.5483825,1.0,0.0
2025-04-02,12,2025-04-02 12:00:00,100,2025-04-02 16:30:00,2025-04-02 16:40:00,1027.6629647712446,520.5401083333333,520.5401083333333,514.0029369934667,False,514.0029369934667,6.880080555555423,0.0,0.0,10738.5483825,10744.740455,1.0,0.0
2025-04-02,12,2025-04-02 12:00:00,101,2025-04-02 16:40:00,2025-04-02 16:50:00,1009.2028659151238,456.63279166666666,456.63279166666666,562.2096159151238,False,562.2096159151238,9.639541666666673,0.0,0.0,10744.740455,10753.4160425,1.0,0.0
2025-04-02,12,2025-04-02 12:00:00,102,2025-04-02 16:50:00,2025-04-02 17:00:00,1007.2160133037916,392.725475,392.725475,626.8895410815693,False,626.8895410815693,12.39900277777781,0.0,0.0,10753.4160425,10764.575144999999,1.0,0.0
2025-04-02,12,2025-04-02 12:00:00,103,2025-04-02 17:00:00,2025-04-02 17:10:00,1020.8769004842626,334.07667083333337,334.07667083333337,699.3758671509293,False,699.3758671509293,12.575637500000084,0.0,0.0,10764.575144999999,10775.89321875,1.0,0.0
2025-04-02,12,2025-04-02 12:00:00,104,2025-04-02 17:10:00,2025-04-02 17:20:00,1008.5137103885301,280.6863791666667,280.6863791666667,737.9967770551967,False,737.9967770551967,10.169445833333384,0.0,0.0,10775.89321875,10785.04572,1.0,0.0
2025-04-02,12,2025-04-02 12:00:00,105,2025-04-02 17:20:00,2025-04-02 17:30:00,996.0054294234291,227.29608750000003,227.29608750000003,776.4725960900957,False,776.4725960900957,7.763254166666684,0.0,0.0,10785.04572,10792.032648749999,1.0,0.0
2025-04-02,12,2025-04-02 12:00:00,106,2025-04-02 17:30:00,2025-04-02 17:40:00,1028.237465624191,173.90579583333337,173.90579583333337,859.6887322908576,False,859.6887322908576,5.357062500000097,0.0,0.0,10792.032648749999,10796.854005,1.0,0.0
2025-04-02,12,2025-04-02 12:00:00,107,2025-04-02 17:40:00,2025-04-02 17:50:00,927.3042280367828,120.51550416666669,120.51550416666669,809.7395947034495,False,809.7395947034495,2.950870833333397,0.0,0.0,10796.854005,10799.50978875,1.0,0.0
2025-04-02,12,2025-04-02 12:00:00,108,2025-04-02 17:50:00,2025-04-02 18:00:00,730.6395661960772,67.12521250000002,67.12521250000002,664.0590328627438,False,664.0590328627438,0.5446791666665831,0.0,0.0,10799.50978875,10800.0,1.0,0.0
2025-04-02,12,2025-04-02 12:00:00,109,2025-04-02 18:00:00,2025-04-02 18:10:00,672.9747703789732,37.06089444444444,37.06089444444444,635.3103273234176,False,635.3103273234176,0.0,0.0,0.0,10800.0,10800.0,0.0,0.6035486111111368
2025-04-02,12,2025-04-02 12:00:00,110,2025-04-02 18:10:00,2025-04-02 18:20:00,693.1574949763568,30.322549999999996,30.322549999999996,662.3411324763568,False,662.3411324763568,0.0,0.0,0.0,10800.0,10800.0,0.0,0.49381249999999
2025-04-02,12,2025-04-02 12:00:00,111,2025-04-02 18:20:00,2025-04-02 18:30:00,709.7303872461462,23.584205555555553,23.584205555555553,685.7621053017017,False,685.7621053017017,0.0,0.0,0.0,10800.0,10800.0,0.0,0.3840763888889569
2025-04-02,12,2025-04-02 12:00:00,112,2025-04-02 18:30:00,2025-04-02 18:40:00,708.1672197378845,16.84586111111111,16.84586111111111,691.0470183489956,False,691.0470183489956,0.0,0.0,0.0,10800.0,10800.0,0.0,0.27434027777769643
2025-04-02,12,2025-04-02 12:00:00,113,2025-04-02 18:40:00,2025-04-02 18:50:00,713.6211536453078,10.107516666666664,10.107516666666664,17.75695995975377,False,17.75695995975377,0.0,685.5372047966649,0.0,10800.0,10038.291994670371,0.0,0.21947222222240725
2025-04-02,12,2025-04-02 12:00:00,114,2025-04-02 18:50:00,2025-04-02 19:00:00,728.0064395264346,3.3691722222222213,3.3691722222222213,0.0,False,0.0,0.0,724.6372673042124,0.0,10038.291994670371,9233.13947544347,0.0,0.0
2025-04-02,12,2025-04-02 12:00:00,115,2025-04-02 19:00:00,2025-04-02 19:10:00,728.0615117451467,0.0,0.0,0.0,False,0.0,0.0,728.0615117451459,0.0,9233.13947544347,8424.182240171085,0.0,0.0
2025-04-02,12,2025-04-02 12:00:00,116,2025-04-02 19:10:00,2025-04-02 19:20:00,719.856113841197,0.0,0.0,0.0,False,0.0,0.0,719.8561138411975,0.0,8424.182240171085,7624.342113680866,0.0,0.0
2025-04-02,12,2025-04-02 12:00:00,117,2025-04-02 19:20:00,2025-04-02 19:30:00,714.6476369803165,0.0,0.0,0.0,False,0.0,0.0,714.6476369803165,0.0,7624.342113680866,6830.2891837027355,0.0,0.0
2025-04-02,12,2025-04-02 12:00:00,118,2025-04-02 19:30:00,2025-04-02 19:40:00,717.8590734268556,0.0,0.0,0.0,False,0.0,0.0,717.8590734268555,0.0,6830.2891837027355,6032.667991006229,0.0,0.0
2025-04-02,12,2025-04-02 12:00:00,119,2025-04-02 19:40:00,2025-04-02 19:50:00,722.1403566792587,0.0,0.0,0.0,False,0.0,0.0,722.1403566792593,0.0,6032.667991006229,5230.2898169181635,0.0,0.0
2025-04-02,12,2025-04-02 12:00:00,120,2025-04-02 19:50:00,2025-04-02 20:00:00,729.5619982301265,0.0,0.0,0.0,False,0.0,0.0,729.5619982301265,0.0,5230.2898169181635,4419.665374440246,0.0,0.0
2025-04-02,12,2025-04-02 12:00:00,121,2025-04-02 20:00:00,2025-04-02 20:10:00,745.3005378782399,0.0,0.0,0.0,False,0.0,0.0,745.3005378782395,0.0,4419.665374440246,3591.553665686646,0.0,0.0
2025-04-02,12,2025-04-02 12:00:00,122,2025-04-02 20:10:00,2025-04-02 20:20:00,738.4973829041902,0.0,0.0,0.0,False,0.0,0.0,738.4973829041903,0.0,3591.553665686646,2771.0010180153236,0.0,0.0
2025-04-02,12,2025-04-02 12:00:00,123,2025-04-02 20:20:00,2025-04-02 20:30:00,712.0571970777551,0.0,0.0,0.0,False,0.0,0.0,712.0571970777551,0.0,2771.0010180153236,1979.826354595596,0.0,0.0
2025-04-02,12,2025-04-02 12:00:00,124,2025-04-02 20:30:00,2025-04-02 20:40:00,701.8437191360363,0.0,0.0,0.0,False,0.0,0.0,701.8437191360364,0.0,1979.826354595596,1200.0,0.0,0.0
2025-04-02,12,2025-04-02 12:00:00,125,2025-04-02 20:40:00,2025-04-02 20:50:00,704.1641944903334,0.0,0.0,704.1641944903334,False,704.1641944903334,0.0,0.0,0.0,1200.0,1200.0,0.0,0.0
2025-04-02,12,2025-04-02 12:00:00,126,2025-04-02 20:50:00,2025-04-02 21:00:00,710.6253268622295,0.0,0.0,710.6253268622295,False,710.6253268622295,0.0,0.0,0.0,1200.0,1200.0,0.0,0.0
2025-04-02,12,2025-04-02 12:00:00,127,2025-04-02 21:00:00,2025-04-02 21:10:00,716.8777478266746,0.0,0.0,716.8777478266746,False,716.8777478266746,0.0,0.0,0.0,1200.0,1200.0,0.0,0.0
2025-04-02,12,2025-04-02 12:00:00,128,2025-04-02 21:10:00,2025-04-02 21:20:00,713.5505060521484,0.0,0.0,713.5505060521484,False,713.5505060521484,0.0,0.0,0.0,1200.0,1200.0,0.0,0.0
2025-04-02,12,2025-04-02 12:00:00,129,2025-04-02 21:20:00,2025-04-02 21:30:00,722.7835064978501,0.0,0.0,722.7835064978501,False,722.7835064978501,0.0,0.0,0.0,1200.0,1200.0,0.0,0.0
2025-04-02,12,2025-04-02 12:00:00,130,2025-04-02 21:30:00,2025-04-02 21:40:00,756.2039122937432,0.0,0.0,756.2039122937432,False,756.2039122937432,0.0,0.0,0.0,1200.0,1200.0,0.0,0.0
2025-04-02,12,2025-04-02 12:00:00,131,2025-04-02 21:40:00,2025-04-02 21:50:00,663.7762261502501,0.0,0.0,663.7762261502501,False,663.7762261502501,0.0,0.0,0.0,1200.0,1200.0,0.0,0.0
2025-04-02,12,2025-04-02 12:00:00,132,2025-04-02 21:50:00,2025-04-02 22:00:00,520.915444189722,0.0,0.0,1354.2487775230552,False,1354.2487775230552,833.3333333333333,0.0,-1.1368683772161603e-13,1200.0,1950.0,1.0,0.0
2025-04-02,12,2025-04-02 12:00:00,133,2025-04-02 22:00:00,2025-04-02 22:10:00,561.1563504229498,0.0,0.0,1394.489683756283,False,1394.489683756283,833.3333333333333,0.0,0.0,1950.0,2700.0,1.0,0.0
2025-04-02,12,2025-04-02 12:00:00,134,2025-04-02 22:10:00,2025-04-02 22:20:00,595.609156451136,0.0,0.0,595.609156451136,False,595.609156451136,0.0,0.0,0.0,2700.0,2700.0,0.0,0.0
2025-04-02,12,2025-04-02 12:00:00,135,2025-04-02 22:20:00,2025-04-02 22:30:00,554.4476838040528,0.0,0.0,1387.781017137386,False,1387.781017137386,833.3333333333333,0.0,0.0,2700.0,3450.0,1.0,0.0
2025-04-02,12,2025-04-02 12:00:00,136,2025-04-02 22:30:00,2025-04-02 22:40:00,556.02399767996,0.0,0.0,1389.3573310132933,False,1389.3573310132933,833.3333333333333,0.0,1.1368683772161603e-13,3450.0,4200.0,1.0,0.0
2025-04-02,12,2025-04-02 12:00:00,137,2025-04-02 22:40:00,2025-04-02 22:50:00,563.0675311266912,0.0,0.0,875.6451724030574,False,875.6451724030574,312.5776412763662,0.0,0.0,4200.0,4481.31987714873,1.0,0.0
2025-04-02,12,2025-04-02 12:00:00,138,2025-04-02 22:50:00,2025-04-02 23:00:00,543.4400536745053,0.0,0.0,1376.7733870078387,False,1376.7733870078387,833.3333333333333,0.0,1.1368683772161603e-13,4481.31987714873,5231.31987714873,1.0,0.0
2025-04-02,12,2025-04-02 12:00:00,139,2025-04-02 23:00:00,2025-04-02 23:10:00,519.6920033741793,0.0,0.0,519.6920033741793,False,519.6920033741793,-0.0,0.0,0.0,5231.31987714873,5231.31987714873,0.0,0.0
2025-04-02,12,2025-04-02 12:00:00,140,2025-04-02 23:10:00,2025-04-02 23:20:00,543.1580766504959,0.0,0.0,1376.4914099838293,False,1376.4914099838293,833.3333333333333,0.0,1.1368683772161603e-13,5231.31987714873,5981.31987714873,1.0,0.0
2025-04-02,12,2025-04-02 12:00:00,141,2025-04-02 23:20:00,2025-04-02 23:30:00,585.0790615109908,0.0,0.0,1418.412394844324,False,1418.412394844324,833.3333333333333,0.0,-1.1368683772161603e-13,5981.31987714873,6731.31987714873,1.0,0.0
2025-04-02,12,2025-04-02 12:00:00,142,2025-04-02 23:30:00,2025-04-02 23:40:00,567.7098537927648,0.0,0.0,1401.043187126098,False,1401.043187126098,833.3333333333333,0.0,0.0,6731.31987714873,7481.31987714873,1.0,0.0
2025-04-02,12,2025-04-02 12:00:00,143,2025-04-02 23:40:00,2025-04-02 23:50:00,560.3372011503207,0.0,0.0,560.3372011503207,False,560.3372011503207,0.0,0.0,0.0,7481.31987714873,7481.31987714873,0.0,0.0
2025-04-02,12,2025-04-02 12:00:00,144,2025-04-02 23:50:00,2025-04-03 00:00:00,575.8013881578119,0.0,0.0,575.8013881578119,False,575.8013881578119,0.0,0.0,0.0,7481.31987714873,7481.31987714873,0.0,0.0
2025-04-02,18,2025-04-02 18:00:00,109,2025-04-02 18:00:00,2025-04-02 18:10:00,672.9747703789732,37.06089444444444,37.06089444444444,635.3103273234176,False,635.3103273234176,0.0,0.0,0.0,9896.388496659343,9896.388496659343,0.0,0.6035486111111368
2025-04-02,18,2025-04-02 18:00:00,110,2025-04-02 18:10:00,2025-04-02 18:20:00,693.1574949763568,30.322549999999996,30.322549999999996,662.3411324763568,False,662.3411324763568,0.0,0.0,0.0,9896.388496659343,9896.388496659343,0.0,0.49381249999999
2025-04-02,18,2025-04-02 18:00:00,111,2025-04-02 18:20:00,2025-04-02 18:30:00,709.7303872461462,23.584205555555553,23.584205555555553,685.7621053017017,False,685.7621053017017,0.0,0.0,0.0,9896.388496659343,9896.388496659343,0.0,0.3840763888889569
2025-04-02,18,2025-04-02 18:00:00,112,2025-04-02 18:30:00,2025-04-02 18:40:00,708.1672197378845,16.84586111111111,16.84586111111111,691.0470183489956,False,691.0470183489956,0.0,0.0,0.0,9896.388496659343,9896.388496659343,0.0,0.27434027777769643
2025-04-02,18,2025-04-02 18:00:00,113,2025-04-02 18:40:00,2025-04-02 18:50:00,713.6211536453078,10.107516666666664,10.107516666666664,17.75695995975377,False,17.75695995975377,0.0,0.0,0.0,9896.388496659343,9896.388496659343,0.0,685.7566770188873
2025-04-02,18,2025-04-02 18:00:00,114,2025-04-02 18:50:00,2025-04-02 19:00:00,728.0064395264346,3.3691722222222213,3.3691722222222213,0.0,False,0.0,0.0,724.6372673042124,0.0,9896.388496659343,9091.235977432441,0.0,0.0
2025-04-02,18,2025-04-02 18:00:00,115,2025-04-02 19:00:00,2025-04-02 19:10:00,728.0615117451467,0.0,0.0,0.0,False,0.0,0.0,728.0615117451467,0.0,9091.235977432441,8282.278742160055,0.0,0.0
2025-04-02,18,2025-04-02 18:00:00,116,2025-04-02 19:10:00,2025-04-02 19:20:00,719.856113841197,0.0,0.0,0.0,False,0.0,0.0,719.8561138411967,0.0,8282.278742160055,7482.4386156698365,0.0,0.0
2025-04-02,18,2025-04-02 18:00:00,117,2025-04-02 19:20:00,2025-04-02 19:30:00,714.6476369803165,0.0,0.0,0.0,False,0.0,0.0,714.6476369803165,0.0,7482.4386156698365,6688.385685691707,0.0,0.0
2025-04-02,18,2025-04-02 18:00:00,118,2025-04-02 19:30:00,2025-04-02 19:40:00,717.8590734268556,0.0,0.0,0.0,False,0.0,0.0,717.8590734268556,0.0,6688.385685691707,5890.764492995201,0.0,0.0
2025-04-02,18,2025-04-02 18:00:00,119,2025-04-02 19:40:00,2025-04-02 19:50:00,722.1403566792587,0.0,0.0,0.0,False,0.0,0.0,722.1403566792584,0.0,5890.764492995201,5088.386318907136,0.0,0.0
2025-04-02,18,2025-04-02 18:00:00,120,2025-04-02 19:50:00,2025-04-02 20:00:00,729.5619982301265,0.0,0.0,0.0,False,0.0,0.0,729.5619982301265,0.0,5088.386318907136,4277.761876429218,0.0,0.0
2025-04-02,18,2025-04-02 18:00:00,121,2025-04-02 20:00:00,2025-04-02 20:10:00,745.3005378782399,0.0,0.0,0.0,False,0.0,0.0,745.3005378782399,0.0,4277.761876429218,3449.6501676756184,0.0,0.0
2025-04-02,18,2025-04-02 18:00:00,122,2025-04-02 20:10:00,2025-04-02 20:20:00,738.4973829041902,0.0,0.0,0.0,False,0.0,0.0,610.7842346942649,0.0,3449.6501676756184,2771.001018015324,0.0,127.71314820992538
2025-04-02,18,2025-04-02 18:00:00,123,2025-04-02 20:20:00,2025-04-02 20:30:00,712.0571970777551,0.0,0.0,0.0,False,0.0,0.0,712.0571970777551,0.0,2771.001018015324,1979.826354595596,0.0,0.0
2025-04-02,18,2025-04-02 18:00:00,124,2025-04-02 20:30:00,2025-04-02 20:40:00,701.8437191360363,0.0,0.0,0.0,False,0.0,0.0,701.8437191360363,0.0,1979.826354595596,1200.0,0.0,0.0
2025-04-02,18,2025-04-02 18:00:00,125,2025-04-02 20:40:00,2025-04-02 20:50:00,704.1641944903334,0.0,0.0,704.1641944903334,False,704.1641944903334,0.0,0.0,0.0,1200.0,1200.0,0.0,0.0
2025-04-02,18,2025-04-02 18:00:00,126,2025-04-02 20:50:00,2025-04-02 21:00:00,710.6253268622295,0.0,0.0,710.6253268622295,False,710.6253268622295,0.0,0.0,0.0,1200.0,1200.0,0.0,0.0
2025-04-02,18,2025-04-02 18:00:00,127,2025-04-02 21:00:00,2025-04-02 21:10:00,716.8777478266746,0.0,0.0,716.8777478266746,False,716.8777478266746,0.0,0.0,0.0,1200.0,1200.0,0.0,0.0
2025-04-02,18,2025-04-02 18:00:00,128,2025-04-02 21:10:00,2025-04-02 21:20:00,713.5505060521484,0.0,0.0,713.5505060521484,False,713.5505060521484,0.0,0.0,0.0,1200.0,1200.0,0.0,0.0
2025-04-02,18,2025-04-02 18:00:00,129,2025-04-02 21:20:00,2025-04-02 21:30:00,722.7835064978501,0.0,0.0,722.7835064978501,False,722.7835064978501,0.0,0.0,0.0,1200.0,1200.0,0.0,0.0
2025-04-02,18,2025-04-02 18:00:00,130,2025-04-02 21:30:00,2025-04-02 21:40:00,756.2039122937432,0.0,0.0,756.2039122937432,False,756.2039122937432,0.0,0.0,0.0,1200.0,1200.0,0.0,0.0
2025-04-02,18,2025-04-02 18:00:00,131,2025-04-02 21:40:00,2025-04-02 21:50:00,663.7762261502501,0.0,0.0,663.7762261502501,False,663.7762261502501,-0.0,0.0,0.0,1200.0,1200.0,0.0,0.0
2025-04-02,18,2025-04-02 18:00:00,132,2025-04-02 21:50:00,2025-04-02 22:00:00,520.915444189722,0.0,0.0,1354.2487775230552,False,1354.2487775230552,833.3333333333333,0.0,-1.1368683772161603e-13,1200.0,1950.0,1.0,0.0
2025-04-02,18,2025-04-02 18:00:00,133,2025-04-02 22:00:00,2025-04-02 22:10:00,561.1563504229498,0.0,0.0,1394.489683756283,False,1394.489683756283,833.3333333333333,0.0,0.0,1950.0,2700.0,1.0,0.0
2025-04-02,18,2025-04-02 18:00:00,134,2025-04-02 22:10:00,2025-04-02 22:20:00,595.609156451136,0.0,0.0,595.609156451136,False,595.609156451136,-0.0,0.0,0.0,2700.0,2700.0,0.0,0.0
2025-04-02,18,2025-04-02 18:00:00,135,2025-04-02 22:20:00,2025-04-02 22:30:00,554.4476838040528,0.0,0.0,1387.781017137386,False,1387.781017137386,833.3333333333333,0.0,0.0,2700.0,3450.0,1.0,0.0
2025-04-02,18,2025-04-02 18:00:00,136,2025-04-02 22:30:00,2025-04-02 22:40:00,556.02399767996,0.0,0.0,1389.3573310132933,False,1389.3573310132933,833.3333333333333,0.0,1.1368683772161603e-13,3450.0,4200.0,1.0,0.0
2025-04-02,18,2025-04-02 18:00:00,137,2025-04-02 22:40:00,2025-04-02 22:50:00,563.0675311266912,0.0,0.0,875.6451724030574,False,875.6451724030574,312.5776412763662,0.0,0.0,4200.0,4481.31987714873,1.0,0.0
2025-04-02,18,2025-04-02 18:00:00,138,2025-04-02 22:50:00,2025-04-02 23:00:00,543.4400536745053,0.0,0.0,1376.7733870078387,False,1376.7733870078387,833.3333333333333,0.0,1.1368683772161603e-13,4481.31987714873,5231.31987714873,1.0,0.0
2025-04-02,18,2025-04-02 18:00:00,139,2025-04-02 23:00:00,2025-04-02 23:10:00,519.6920033741793,0.0,0.0,519.6920033741793,False,519.6920033741793,-0.0,0.0,0.0,5231.31987714873,5231.31987714873,0.0,0.0
2025-04-02,18,2025-04-02 18:00:00,140,2025-04-02 23:10:00,2025-04-02 23:20:00,543.1580766504959,0.0,0.0,1376.4914099838293,False,1376.4914099838293,833.3333333333333,0.0,1.1368683772161603e-13,5231.31987714873,5981.31987714873,1.0,0.0
2025-04-02,18,2025-04-02 18:00:00,141,2025-04-02 23:20:00,2025-04-02 23:30:00,585.0790615109908,0.0,0.0,1418.412394844324,False,1418.412394844324,833.3333333333333,0.0,-1.1368683772161603e-13,5981.31987714873,6731.31987714873,1.0,0.0
2025-04-02,18,2025-04-02 18:00:00,142,2025-04-02 23:30:00,2025-04-02 23:40:00,567.7098537927648,0.0,0.0,1401.043187126098,False,1401.043187126098,833.3333333333333,0.0,0.0,6731.31987714873,7481.31987714873,1.0,0.0
2025-04-02,18,2025-04-02 18:00:00,143,2025-04-02 23:40:00,2025-04-02 23:50:00,560.3372011503207,0.0,0.0,560.3372011503207,False,560.3372011503207,-0.0,0.0,0.0,7481.31987714873,7481.31987714873,0.0,0.0
2025-04-02,18,2025-04-02 18:00:00,144,2025-04-02 23:50:00,2025-04-03 00:00:00,575.8013881578119,0.0,0.0,575.8013881578119,False,575.8013881578119,-0.0,0.0,0.0,7481.31987714873,7481.31987714873,0.0,0.0
