date,slot_id,interval_end,interval_start,load_actual_kwh,pv_actual_kwh,available_time,issue_time,forecast_history_end,dispatch_time,decision_input_cutoff,price_yuan_per_kwh,load_forecast_kwh,pv_forecast_kwh,plan_load_kwh,plan_pv_kwh,risk_delta_kwh,reserve_internal_kwh,risk_history_start,risk_history_end,risk_sample_count,risk_history_days,risk_cold_start,grid_plan_kwh,charge_plan_kwh,discharge_plan_kwh,energy_start_plan_kwh,energy_end_plan_kwh,pv_curtailment_plan_kwh,charge_mode_plan,charge_actual_kwh,discharge_actual_kwh,emergency_kwh,surplus_kwh,unused_grid_kwh,pv_curtailment_kwh,energy_start_actual_kwh,energy_end_actual_kwh,planned_cost_yuan,emergency_cost_yuan,total_cost_yuan
2025-03-20,1,2025-03-20T00:10:00,2025-03-20T00:00:00,549.8448166666667,0.0,2025-03-20T00:10:00,2025-03-20 00:00:00,2025-03-20 00:00:00,2025-03-20T00:10:00,2025-03-20T00:10:00,0.4248,599.953889516172,0.6881231779921642,622.7295563537917,0.6881231779921642,22.775666837619735,9600.0,2025-02-20,2025-03-19,168,28,False,622.0414331757993,0.0,0.0,10800.0,10800.0,0.0,0.0,0.0,0.0,0.0,72.19661650913258,72.19661650913258,0.0,10800.0,10800.0,264.24320081307957,0.0,264.24320081307957
2025-03-20,2,2025-03-20T00:20:00,2025-03-20T00:10:00,570.3135,0.0,2025-03-20T00:20:00,2025-03-20 00:00:00,2025-03-20 00:00:00,2025-03-20T00:20:00,2025-03-20T00:20:00,0.4245,593.4156177461416,0.7635675828808566,616.1912845837613,0.7635675828808566,22.775666837619735,9600.0,2025-02-20,2025-03-19,168,28,False,615.4277170008804,0.0,0.0,10800.0,10800.0,0.0,0.0,0.0,0.0,0.0,45.114217000880444,45.114217000880444,0.0,10800.0,10800.0,261.2490658668737,0.0,261.2490658668737
2025-03-20,3,2025-03-20T00:30:00,2025-03-20T00:20:00,613.8516666666667,0.0,2025-03-20T00:30:00,2025-03-20 00:00:00,2025-03-20 00:00:00,2025-03-20T00:30:00,2025-03-20T00:30:00,0.4269,580.4393460126182,0.23923107243809127,603.2150128502379,0.23923107243809127,22.775666837619735,9600.0,2025-02-20,2025-03-19,168,28,False,602.9757817777999,0.0,-0.0,10800.0,10800.0,0.0,0.0,0.0,0.0,10.875884888866835,0.0,0.0,0.0,10800.0,10800.0,257.41036124094273,23.21457629528626,280.62493753622897
2025-03-20,4,2025-03-20T00:40:00,2025-03-20T00:30:00,579.4561666666667,0.0,2025-03-20T00:40:00,2025-03-20 00:00:00,2025-03-20 00:00:00,2025-03-20T00:40:00,2025-03-20T00:40:00,0.4272,589.9157636485189,0.0,612.6914304861386,0.0,22.775666837619735,9600.0,2025-02-20,2025-03-19,168,28,False,612.6914304861386,0.0,-0.0,10800.0,10800.0,0.0,0.0,0.0,0.0,0.0,33.235263819471925,33.235263819471925,0.0,10800.0,10800.0,261.7417791036784,0.0,261.7417791036784
2025-03-20,5,2025-03-20T00:50:00,2025-03-20T00:40:00,550.4449166666667,0.0,2025-03-20T00:50:00,2025-03-20 00:00:00,2025-03-20 00:00:00,2025-03-20T00:50:00,2025-03-20T00:50:00,0.4271,585.7067371611821,0.0,608.4824039988018,0.0,22.775666837619735,9600.0,2025-02-20,2025-03-19,168,28,False,608.4824039988018,0.0,0.0,10800.0,10800.0,0.0,0.0,0.0,0.0,0.0,58.03748733213513,58.03748733213513,0.0,10800.0,10800.0,259.88283474788824,0.0,259.88283474788824
2025-03-20,6,2025-03-20T01:00:00,2025-03-20T00:50:00,571.1566666666666,0.0,2025-03-20T01:00:00,2025-03-20 00:00:00,2025-03-20 00:00:00,2025-03-20T01:00:00,2025-03-20T01:00:00,0.4285,563.8726304229446,0.0,586.6482972605643,0.0,22.775666837619735,9600.0,2025-02-20,2025-03-19,168,28,False,586.6482972605643,0.0,-0.0,10800.0,10800.0,0.0,0.0,0.0,0.0,0.0,15.49163059389764,15.49163059389764,0.0,10800.0,10800.0,251.3787953761518,0.0,251.3787953761518
2025-03-20,7,2025-03-20T01:10:00,2025-03-20T01:00:00,601.5890499999999,0.0,2025-03-20T01:10:00,2025-03-20 00:00:00,2025-03-20 00:00:00,2025-03-20T01:10:00,2025-03-20T01:10:00,0.4311,557.0724677171621,0.0,582.5279584825183,0.0,25.455490765356185,9600.0,2025-02-20,2025-03-19,168,28,False,582.5279584825183,0.0,0.0,10800.0,10800.0,0.0,0.0,0.0,0.0,19.0610915174816,0.0,0.0,0.0,10800.0,10800.0,251.12780290181365,41.08618276593159,292.21398566774525
2025-03-20,8,2025-03-20T01:20:00,2025-03-20T01:10:00,611.48375,0.0,2025-03-20T01:20:00,2025-03-20 00:00:00,2025-03-20 00:00:00,2025-03-20T01:20:00,2025-03-20T01:20:00,0.4302,550.5681314738787,0.0,576.0236222392349,0.0,25.455490765356185,9600.0,2025-02-20,2025-03-19,168,28,False,576.0236222392349,0.0,0.0,10800.0,10800.0,0.0,0.0,0.0,0.0,35.46012776076509,0.0,0.0,0.0,10800.0,10800.0,247.80536228731887,76.27473481340571,324.0800971007246
2025-03-20,9,2025-03-20T01:30:00,2025-03-20T01:20:00,598.2166666666667,0.0,2025-03-20T01:30:00,2025-03-20 00:00:00,2025-03-20 00:00:00,2025-03-20T01:30:00,2025-03-20T01:30:00,0.4279,543.8389841690238,0.0,569.29447493438,0.0,25.455490765356185,9600.0,2025-02-20,2025-03-19,168,28,False,569.29447493438,0.0,0.0,10800.0,10800.0,0.0,0.0,0.0,0.0,28.922191732286706,0.0,0.0,0.0,10800.0,10800.0,243.6011058244212,61.879029211227405,305.48013503564863
2025-03-20,10,2025-03-20T01:40:00,2025-03-20T01:30:00,583.9359499999999,0.0,2025-03-20T01:40:00,2025-03-20 00:00:00,2025-03-20 00:00:00,2025-03-20T01:40:00,2025-03-20T01:40:00,0.4312,557.3656575097407,0.0,582.8211482750969,0.0,25.455490765356185,9600.0,2025-02-20,2025-03-19,168,28,False,582.8211482750969,0.0,0.0,10800.0,10800.0,0.0,0.0,0.0,0.0,1.1148017249030318,0.0,0.0,0.0,10800.0,10800.0,251.3124791362218,2.4035125188909365,253.71599165511276
2025-03-20,11,2025-03-20T01:50:00,2025-03-20T01:40:00,590.99505,0.0,2025-03-20T01:50:00,2025-03-20 00:00:00,2025-03-20 00:00:00,2025-03-20T01:50:00,2025-03-20T01:50:00,0.4333,588.2676114808643,0.0,613.7231022462205,0.0,25.455490765356185,9600.0,2025-02-20,2025-03-19,168,28,False,613.7231022462205,0.0,0.0,10800.0,10800.0,0.0,0.0,0.0,0.0,0.0,22.7280522462205,22.7280522462205,0.0,10800.0,10800.0,265.92622020328736,0.0,265.92622020328736
2025-03-20,12,2025-03-20T02:00:00,2025-03-20T01:50:00,598.4433333333333,0.0,2025-03-20T02:00:00,2025-03-20 00:00:00,2025-03-20 00:00:00,2025-03-20T02:00:00,2025-03-20T02:00:00,0.4311,605.7743003520009,0.0,631.2297911173571,0.0,25.455490765356185,9600.0,2025-02-20,2025-03-19,168,28,False,631.2297911173571,0.0,0.0,10800.0,10800.0,0.0,0.0,0.0,0.0,0.0,32.78645778402381,32.78645778402381,0.0,10800.0,10800.0,272.12316295069263,0.0,272.12316295069263
2025-03-20,13,2025-03-20T02:10:00,2025-03-20T02:00:00,565.9836166666666,0.0,2025-03-20T02:10:00,2025-03-20 00:00:00,2025-03-20 00:00:00,2025-03-20T02:10:00,2025-03-20T02:10:00,0.4293,579.812873446548,0.0,605.6442365422032,0.0,25.83136309565516,9600.0,2025-02-20,2025-03-19,168,28,False,605.6442365422032,0.0,0.0,10800.0,10800.0,0.0,0.0,0.0,0.0,0.0,39.660619875536554,39.660619875536554,0.0,10800.0,10800.0,260.00307074756785,0.0,260.00307074756785
2025-03-20,14,2025-03-20T02:20:00,2025-03-20T02:10:00,546.1207666666667,0.0,2025-03-20T02:20:00,2025-03-20 00:00:00,2025-03-20 00:00:00,2025-03-20T02:20:00,2025-03-20T02:20:00,0.4324,567.2884952341019,0.0,593.1198583297571,0.0,25.83136309565516,9600.0,2025-02-20,2025-03-19,168,28,False,593.1198583297571,0.0,0.0,10800.0,10800.0,0.0,0.0,0.0,0.0,0.0,46.99909166309044,46.99909166309044,0.0,10800.0,10800.0,256.46502674178697,0.0,256.46502674178697
2025-03-20,15,2025-03-20T02:30:00,2025-03-20T02:20:00,565.7133333333334,0.0,2025-03-20T02:30:00,2025-03-20 00:00:00,2025-03-20 00:00:00,2025-03-20T02:30:00,2025-03-20T02:30:00,0.4367,582.4368955126206,0.0,608.2682586082758,0.0,25.83136309565516,9600.0,2025-02-20,2025-03-19,168,28,False,608.2682586082758,0.0,0.0,10800.0,10800.0,0.0,0.0,0.0,0.0,0.0,42.554925274942434,42.554925274942434,0.0,10800.0,10800.0,265.63074853423404,0.0,265.63074853423404
2025-03-20,16,2025-03-20T02:40:00,2025-03-20T02:30:00,597.9265666666666,0.0,2025-03-20T02:40:00,2025-03-20 00:00:00,2025-03-20 00:00:00,2025-03-20T02:40:00,2025-03-20T02:40:00,0.4348,588.9575058896943,0.0,614.7888689853495,0.0,25.83136309565516,9600.0,2025-02-20,2025-03-19,168,28,False,614.7888689853495,0.0,0.0,10800.0,10800.0,0.0,0.0,0.0,0.0,0.0,16.86230231868285,16.86230231868285,0.0,10800.0,10800.0,267.31020023482995,0.0,267.31020023482995
2025-03-20,17,2025-03-20T02:50:00,2025-03-20T02:40:00,600.9544666666667,0.0,2025-03-20T02:50:00,2025-03-20 00:00:00,2025-03-20 00:00:00,2025-03-20T02:50:00,2025-03-20T02:50:00,0.4335,605.0273060057,0.0,630.8586691013552,0.0,25.83136309565516,9600.0,2025-02-20,2025-03-19,168,28,False,630.8586691013552,0.0,0.0,10800.0,10800.0,0.0,0.0,0.0,0.0,0.0,29.9042024346885,29.9042024346885,0.0,10800.0,10800.0,273.47723305543747,0.0,273.47723305543747
2025-03-20,18,2025-03-20T03:00:00,2025-03-20T02:50:00,587.1316666666667,0.0,2025-03-20T03:00:00,2025-03-20 00:00:00,2025-03-20 00:00:00,2025-03-20T03:00:00,2025-03-20T03:00:00,0.4357,617.8962883585447,0.0,643.7276514541999,0.0,25.83136309565516,9600.0,2025-02-20,2025-03-19,168,28,False,643.7276514541999,0.0,0.0,10800.0,10800.0,0.0,0.0,0.0,0.0,0.0,56.59598478753321,56.59598478753321,0.0,10800.0,10800.0,280.4721377385949,0.0,280.4721377385949
2025-03-20,19,2025-03-20T03:10:00,2025-03-20T03:00:00,605.2103000000001,0.0,2025-03-20T03:10:00,2025-03-20 00:00:00,2025-03-20 00:00:00,2025-03-20T03:10:00,2025-03-20T03:10:00,0.4374,590.9784768140113,0.0,611.2523798004647,0.0,20.27390298645339,9600.0,2025-02-20,2025-03-19,168,28,False,611.2523798004647,0.0,-0.0,10800.0,10800.0,0.0,0.0,0.0,0.0,0.0,6.0420798004646485,6.0420798004646485,0.0,10800.0,10800.0,267.36179092472327,0.0,267.36179092472327
2025-03-20,20,2025-03-20T03:20:00,2025-03-20T03:10:00,621.8923833333333,0.0,2025-03-20T03:20:00,2025-03-20 00:00:00,2025-03-20 00:00:00,2025-03-20T03:20:00,2025-03-20T03:20:00,0.4371,571.3753669727259,0.0,591.6492699591794,0.0,20.27390298645339,9600.0,2025-02-20,2025-03-19,168,28,False,591.6492699591794,0.0,0.0,10800.0,10800.0,0.0,0.0,0.0,0.0,30.24311337415395,0.0,0.0,0.0,10800.0,10800.0,258.6098958991573,66.09632427921345,324.70622017837076
2025-03-20,21,2025-03-20T03:30:00,2025-03-20T03:20:00,620.1683333333334,0.0,2025-03-20T03:30:00,2025-03-20 00:00:00,2025-03-20 00:00:00,2025-03-20T03:30:00,2025-03-20T03:30:00,0.4356,582.1965844906113,0.0,602.4704874770647,0.0,20.27390298645339,9600.0,2025-02-20,2025-03-19,168,28,False,602.4704874770647,0.0,0.0,10800.0,10800.0,0.0,0.0,0.0,0.0,17.697845856268714,0.0,0.0,0.0,10800.0,10800.0,262.4361443450094,38.545908274953256,300.98205261996264
2025-03-20,22,2025-03-20T03:40:00,2025-03-20T03:30:00,616.6230833333333,0.0,2025-03-20T03:40:00,2025-03-20 00:00:00,2025-03-20 00:00:00,2025-03-20T03:40:00,2025-03-20T03:40:00,0.4353,598.5719226682493,0.0,618.8458256547027,0.0,20.27390298645339,9600.0,2025-02-20,2025-03-19,168,28,False,618.8458256547027,0.0,0.0,10800.0,10800.0,0.0,0.0,0.0,0.0,0.0,2.2227423213694237,2.2227423213694237,0.0,10800.0,10800.0,269.3835879074921,0.0,269.3835879074921
2025-03-20,23,2025-03-20T03:50:00,2025-03-20T03:40:00,612.46375,0.0,2025-03-20T03:50:00,2025-03-20 00:00:00,2025-03-20 00:00:00,2025-03-20T03:50:00,2025-03-20T03:50:00,0.436,587.7170802904814,0.0,607.9909832769348,0.0,20.27390298645339,9600.0,2025-02-20,2025-03-19,168,28,False,607.9909832769348,0.0,0.0,10800.0,10800.0,0.0,0.0,0.0,0.0,4.472766723065206,0.0,0.0,0.0,10800.0,10800.0,265.0840687087436,9.75063145628215,274.83470016502577
2025-03-20,24,2025-03-20T04:00:00,2025-03-20T03:50:00,603.93,0.0,2025-03-20T04:00:00,2025-03-20 00:00:00,2025-03-20 00:00:00,2025-03-20T04:00:00,2025-03-20T04:00:00,0.4378,569.081414200039,0.0,589.3553171864925,0.0,20.27390298645339,9600.0,2025-02-20,2025-03-19,168,28,False,589.3553171864925,0.0,0.0,10800.0,10800.0,0.0,0.0,0.0,0.0,14.57468281350748,0.0,0.0,0.0,10800.0,10800.0,258.0197578642464,31.903980678767873,289.9237385430143
2025-03-20,25,2025-03-20T04:10:00,2025-03-20T04:00:00,589.79495,0.00031666666666666665,2025-03-20T04:10:00,2025-03-20 00:00:00,2025-03-20 00:00:00,2025-03-20T04:10:00,2025-03-20T04:10:00,0.4401,590.3901091987302,0.0,617.8141577984841,0.0,27.424048599753906,9600.0,2025-02-20,2025-03-19,168,28,False,617.8141577984841,0.0,-0.0,10800.0,10800.0,0.0,0.0,0.0,0.0,0.0,28.019524465150766,28.019524465150766,0.0,10800.0,10800.0,271.9000108471128,0.0,271.9000108471128
2025-03-20,26,2025-03-20T04:20:00,2025-03-20T04:10:00,581.4640499999999,0.0,2025-03-20T04:20:00,2025-03-20 00:00:00,2025-03-20 00:00:00,2025-03-20T04:20:00,2025-03-20T04:20:00,0.4389,600.5223649414061,0.0,627.9464135411599,0.0,27.424048599753906,9600.0,2025-02-20,2025-03-19,168,28,False,627.9464135411599,0.0,0.0,10800.0,10800.0,0.0,0.0,0.0,0.0,0.0,46.48236354116,46.48236354116,0.0,10800.0,10800.0,275.6056809032151,0.0,275.6056809032151
2025-03-20,27,2025-03-20T04:30:00,2025-03-20T04:20:00,585.585,0.0,2025-03-20T04:30:00,2025-03-20 00:00:00,2025-03-20 00:00:00,2025-03-20T04:30:00,2025-03-20T04:30:00,0.4364,589.1130267412383,0.0,616.5370753409921,0.0,27.424048599753906,9600.0,2025-02-20,2025-03-19,168,28,False,616.5370753409921,0.0,0.0,10800.0,10800.0,0.0,0.0,0.0,0.0,0.0,30.95207534099211,30.95207534099211,0.0,10800.0,10800.0,269.056779678809,0.0,269.056779678809
2025-03-20,28,2025-03-20T04:40:00,2025-03-20T04:30:00,599.72965,0.004516666666666666,2025-03-20T04:40:00,2025-03-20 00:00:00,2025-03-20 00:00:00,2025-03-20T04:40:00,2025-03-20T04:40:00,0.4393,597.6227134516096,0.0,625.0467620513634,0.0,27.424048599753906,9600.0,2025-02-20,2025-03-19,168,28,False,625.0467620513634,0.0,0.0,10800.0,10800.0,0.0,0.0,0.0,0.0,0.0,25.32162871803007,25.32162871803007,0.0,10800.0,10800.0,274.583042569164,0.0,274.583042569164
2025-03-20,29,2025-03-20T04:50:00,2025-03-20T04:40:00,616.7393166666667,0.0,2025-03-20T04:50:00,2025-03-20 00:00:00,2025-03-20 00:00:00,2025-03-20T04:50:00,2025-03-20T04:50:00,0.4422,611.107323222797,0.0,638.5313718225509,0.0,27.424048599753906,9600.0,2025-02-20,2025-03-19,168,28,False,638.5313718225509,0.0,-0.0,10800.0,10800.0,0.0,0.0,0.0,0.0,0.0,21.792055155884213,21.792055155884213,0.0,10800.0,10800.0,282.358572619932,0.0,282.358572619932
2025-03-20,30,2025-03-20T05:00:00,2025-03-20T04:50:00,625.595,0.0,2025-03-20T05:00:00,2025-03-20 00:00:00,2025-03-20 00:00:00,2025-03-20T05:00:00,2025-03-20T05:00:00,0.4395,611.6607905722681,0.0,639.0848391720219,0.0,27.424048599753906,9600.0,2025-02-20,2025-03-19,168,28,False,639.0848391720219,0.0,0.0,10800.0,10800.0,0.0,0.0,0.0,0.0,0.0,13.489839172021902,13.489839172021902,0.0,10800.0,10800.0,280.87778681610365,0.0,280.87778681610365
2025-03-20,31,2025-03-20T05:10:00,2025-03-20T05:00:00,619.49685,0.06293333333333333,2025-03-20T05:10:00,2025-03-20 00:00:00,2025-03-20 00:00:00,2025-03-20T05:10:00,2025-03-20T05:10:00,0.4333,599.1561161990837,0.0,644.6357683785758,0.0,45.4796521794921,9600.0,2025-02-20,2025-03-19,168,28,False,644.6357683785758,0.0,0.0,10800.0,10800.0,0.0,0.0,0.0,0.0,0.0,25.20185171190917,25.20185171190917,0.0,10800.0,10800.0,279.3206784384369,0.0,279.3206784384369
2025-03-20,32,2025-03-20T05:20:00,2025-03-20T05:10:00,617.8444000000001,0.0,2025-03-20T05:20:00,2025-03-20 00:00:00,2025-03-20 00:00:00,2025-03-20T05:20:00,2025-03-20T05:20:00,0.4439,595.6880744112012,9.644241165202487,641.1677265906933,9.644241165202487,45.4796521794921,9600.0,2025-02-20,2025-03-19,168,28,False,631.5234854254908,0.0,-0.0,10800.0,10800.0,0.0,0.0,0.0,0.0,0.0,13.679085425490712,13.679085425490712,0.0,10800.0,10800.0,280.3332751803754,0.0,280.3332751803754
2025-03-20,33,2025-03-20T05:30:00,2025-03-20T05:20:00,607.115,0.0,2025-03-20T05:30:00,2025-03-20 00:00:00,2025-03-20 00:00:00,2025-03-20T05:30:00,2025-03-20T05:30:00,0.4301,596.1520324756543,26.00796567508641,641.6316846551464,26.00796567508641,45.4796521794921,9600.0,2025-02-20,2025-03-19,168,28,False,615.62371898006,0.0,0.0,10800.0,10800.0,0.0,0.0,0.0,0.0,0.0,8.508718980059939,8.508718980059939,0.0,10800.0,10800.0,264.7797615333238,0.0,264.7797615333238
2025-03-20,34,2025-03-20T05:40:00,2025-03-20T05:30:00,576.3066333333334,0.8765666666666667,2025-03-20T05:40:00,2025-03-20 00:00:00,2025-03-20 00:00:00,2025-03-20T05:40:00,2025-03-20T05:40:00,0.3713,592.2762809978091,44.45465481276,637.7559331773011,44.45465481276,45.4796521794921,9600.0,2025-02-20,2025-03-19,168,28,False,593.3012783645411,0.0,0.0,10800.0,10800.0,0.0,0.0,0.0,0.0,0.0,17.8712116978744,17.8712116978744,0.0,10800.0,10800.0,220.29276465675412,0.0,220.29276465675412
2025-03-20,35,2025-03-20T05:50:00,2025-03-20T05:40:00,671.4631166666667,0.0,2025-03-20T05:50:00,2025-03-20 00:00:00,2025-03-20 00:00:00,2025-03-20T05:50:00,2025-03-20T05:50:00,0.5708,685.2995551461622,65.02940614155527,730.7792073256543,65.02940614155527,45.4796521794921,9600.0,2025-02-20,2025-03-19,168,28,False,665.749801184099,-0.0,0.0,10800.0,10800.0,0.0,-0.0,0.0,0.0,5.713315482567623,0.0,0.0,0.0,10800.0,10800.0,380.0099865158837,16.305802387247997,396.3157889031317
2025-03-20,36,2025-03-20T06:00:00,2025-03-20T05:50:00,827.015,0.0,2025-03-20T06:00:00,2025-03-20 00:00:00,2025-03-20 00:00:00,2025-03-20T06:00:00,2025-03-20T06:00:00,0.9099,814.9485983550097,87.76278368085913,860.4282505345018,87.76278368085913,45.4796521794921,9600.0,2025-02-20,2025-03-19,168,28,False,0.0,0.0,772.6654668536427,10800.0,9941.482814607063,0.0,0.0,0.0,0.0,827.015,0.0,0.0,0.0,10800.0,10800.0,0.0,3762.5047425,3762.5047425
2025-03-20,37,2025-03-20T06:10:00,2025-03-20T06:00:00,817.5199666666667,25.57003333333333,2025-03-20T06:10:00,2025-03-20 00:00:00,2025-03-20 00:00:00,2025-03-20T06:10:00,2025-03-20T06:10:00,0.9368,808.0845398807209,112.66976366516711,900.8102938466939,112.66976366516711,92.725753965973,9600.0,2025-02-20,2025-03-19,168,28,False,0.0,0.0,788.1405301815267,9941.482814607063,9065.771114405366,0.0,0.0,0.0,0.0,791.9499333333334,0.0,0.0,0.0,10800.0,10800.0,0.0,3709.493487733334,3709.493487733334
2025-03-20,38,2025-03-20T06:20:00,2025-03-20T06:10:00,776.8039833333333,66.84066666666666,2025-03-20T06:20:00,2025-03-20 00:00:00,2025-03-20 00:00:00,2025-03-20T06:20:00,2025-03-20T06:20:00,0.8758,790.3286619102174,139.7487872116033,883.0544158761904,139.7487872116033,92.725753965973,9600.0,2025-02-20,2025-03-19,168,28,False,0.0,0.0,743.3056286645872,9065.771114405366,8239.875971444713,0.0,0.0,0.0,0.0,709.9633166666667,0.0,0.0,0.0,10800.0,10800.0,0.0,3108.929363683334,3108.929363683334
2025-03-20,39,2025-03-20T06:30:00,2025-03-20T06:20:00,783.9583333333334,112.58749999999999,2025-03-20T06:30:00,2025-03-20 00:00:00,2025-03-20 00:00:00,2025-03-20T06:30:00,2025-03-20T06:30:00,0.8759,810.0582363572546,168.98093698264913,902.7839903232276,168.98093698264913,92.725753965973,9600.0,2025-02-20,2025-03-19,168,28,False,0.0,0.0,733.8030533405785,8239.875971444713,7424.539245510738,0.0,0.0,0.0,0.0,671.3708333333334,0.0,0.0,0.0,10800.0,10800.0,0.0,2940.2685645833335,2940.2685645833335
2025-03-20,40,2025-03-20T06:40:00,2025-03-20T06:30:00,787.8168000000001,158.77193333333335,2025-03-20T06:40:00,2025-03-20 00:00:00,2025-03-20 00:00:00,2025-03-20T06:40:00,2025-03-20T06:40:00,0.8601,791.9734799292931,200.32925401669297,884.6992338952662,200.32925401669297,92.725753965973,9600.0,2025-02-20,2025-03-19,168,28,False,0.0,0.0,684.3699798785732,7424.539245510738,6664.128156756768,0.0,0.0,0.0,0.0,629.0448666666667,0.0,0.0,0.0,10800.0,10800.0,0.0,2705.2074491,2705.2074491
2025-03-20,41,2025-03-20T06:50:00,2025-03-20T06:40:00,803.24555,217.08963333333335,2025-03-20T06:50:00,2025-03-20 00:00:00,2025-03-20 00:00:00,2025-03-20T06:50:00,2025-03-20T06:50:00,0.8442,779.4284161387284,233.73820970081255,872.1541701047014,233.73820970081255,92.725753965973,9600.0,2025-02-20,2025-03-19,168,28,False,0.0,0.0,638.4159604038889,6664.128156756768,5954.777089641336,0.0,0.0,0.0,0.0,586.1559166666666,0.0,0.0,0.0,10800.0,10800.0,0.0,2474.16412425,2474.16412425
2025-03-20,42,2025-03-20T07:00:00,2025-03-20T06:50:00,813.3883333333333,282.20625,2025-03-20T07:00:00,2025-03-20 00:00:00,2025-03-20 00:00:00,2025-03-20T07:00:00,2025-03-20T07:00:00,0.8334,785.8759216710522,269.1333463892925,878.6016756370252,269.1333463892925,92.725753965973,9600.0,2025-02-20,2025-03-19,168,28,False,521.9877226293518,0.0,87.48060661838099,5954.777089641336,5857.5764156209125,0.0,0.0,0.0,0.0,9.194360703981602,0.0,0.0,0.0,10800.0,10800.0,435.02456803930176,38.31290105349133,473.33746909279307
2025-03-20,43,2025-03-20T07:10:00,2025-03-20T07:00:00,781.5626833333334,334.98718333333335,2025-03-20T07:10:00,2025-03-20 00:00:00,2025-03-20 00:00:00,2025-03-20T07:10:00,2025-03-20T07:10:00,0.8092,781.8467836703625,306.42109844390535,792.8530343869545,306.42109844390535,11.006250716592065,9600.0,2025-02-20,2025-03-19,168,28,False,486.43193594304915,0.0,0.0,5857.5764156209125,5857.5764156209125,0.0,0.0,0.0,0.0,0.0,39.856435943049064,39.856435943049064,0.0,10800.0,10800.0,393.6207225651154,0.0,393.6207225651154
2025-03-20,44,2025-03-20T07:20:00,2025-03-20T07:10:00,785.5607666666666,384.31915000000004,2025-03-20T07:20:00,2025-03-20 00:00:00,2025-03-20 00:00:00,2025-03-20T07:20:00,2025-03-20T07:20:00,0.7972,806.9522345008436,345.4888035085916,817.9584852174356,345.4888035085916,11.006250716592065,9600.0,2025-02-20,2025-03-19,168,28,False,472.469681708844,0.0,0.0,5857.5764156209125,5857.5764156209125,0.0,0.0,0.0,0.0,0.0,71.22806504217749,71.22806504217749,0.0,10800.0,10800.0,376.65283025829046,0.0,376.65283025829046
2025-03-20,45,2025-03-20T07:30:00,2025-03-20T07:20:00,804.5333333333333,434.95625,2025-03-20T07:30:00,2025-03-20 00:00:00,2025-03-20 00:00:00,2025-03-20T07:30:00,2025-03-20T07:30:00,0.7644,821.8544153293124,386.2049116569023,832.8606660459044,386.2049116569023,11.006250716592065,9600.0,2025-02-20,2025-03-19,168,28,False,446.6557543890021,0.0,0.0,5857.5764156209125,5857.5764156209125,0.0,0.0,0.0,0.0,0.0,77.07867105566879,77.07867105566879,0.0,10800.0,10800.0,341.42365865495316,0.0,341.42365865495316
2025-03-20,46,2025-03-20T07:40:00,2025-03-20T07:30:00,763.026,482.3358,2025-03-20T07:40:00,2025-03-20 00:00:00,2025-03-20 00:00:00,2025-03-20T07:40:00,2025-03-20T07:40:00,0.6899,769.2327595360191,428.4193976942397,780.2390102526111,428.4193976942397,11.006250716592065,9600.0,2025-02-20,2025-03-19,168,28,False,351.81961255837143,0.0,0.0,5857.5764156209125,5857.5764156209125,0.0,0.0,0.0,0.0,0.0,71.12941255837143,71.12941255837143,0.0,10800.0,10800.0,242.72035070402043,0.0,242.72035070402043
2025-03-20,47,2025-03-20T07:50:00,2025-03-20T07:40:00,864.5061333333333,529.9280666666667,2025-03-20T07:50:00,2025-03-20 00:00:00,2025-03-20 00:00:00,2025-03-20T07:50:00,2025-03-20T07:50:00,0.86,889.9482754292046,471.96437939101486,900.9545261457966,471.96437939101486,11.006250716592065,9600.0,2025-02-20,2025-03-19,168,28,False,0.0,0.0,428.9901467547818,5857.5764156209125,5380.920697004488,0.0,0.0,0.0,0.0,334.5780666666666,0.0,0.0,0.0,10800.0,10800.0,0.0,1438.6856866666662,1438.6856866666662
2025-03-20,48,2025-03-20T08:00:00,2025-03-20T07:50:00,1067.5983333333334,579.4187499999999,2025-03-20T08:00:00,2025-03-20 00:00:00,2025-03-20 00:00:00,2025-03-20T08:00:00,2025-03-20T08:00:00,1.1617,1103.3278164755502,516.6549418026264,1114.3340671921424,516.6549418026264,11.006250716592065,9600.0,2025-02-20,2025-03-19,168,28,False,0.0,0.0,597.679125389516,5380.920697004488,4716.832779905026,0.0,0.0,0.0,0.0,488.1795833333334,0.0,0.0,0.0,10800.0,10800.0,0.0,2835.591109791667,2835.591109791667
2025-03-20,49,2025-03-20T08:10:00,2025-03-20T08:00:00,1109.6747666666668,626.8709166666666,2025-03-20T08:10:00,2025-03-20 00:00:00,2025-03-20 00:00:00,2025-03-20T08:10:00,2025-03-20T08:10:00,1.1683,1074.1666133610602,562.2901651355692,1055.831108939485,562.2901651355692,-18.335504421575273,9308.19795338704,2025-02-20,2025-03-19,168,28,False,0.0,0.0,493.54094380391575,4716.832779905026,4168.45395345623,0.0,0.0,0.0,262.6218419516641,220.182008048336,0.0,0.0,0.0,10800.0,10508.19795338704,0.0,1286.1932000143547,1286.1932000143547
2025-03-20,50,2025-03-20T08:20:00,2025-03-20T08:10:00,1101.1000166666665,662.7286166666667,2025-03-20T08:20:00,2025-03-20 00:00:00,2025-03-20 00:00:00,2025-03-20T08:20:00,2025-03-20T08:20:00,1.0956,1026.1359268453969,608.6543508856197,1007.8004224238216,608.6543508856197,-18.335504421575273,9308.19795338704,2025-02-20,2025-03-19,168,28,False,0.0,0.0,399.1460715382019,4168.45395345623,3724.958318413783,0.0,0.0,0.0,0.0,438.3713999999999,0.0,0.0,0.0,10508.19795338704,10508.19795338704,0.0,2401.3985291999993,2401.3985291999993
2025-03-20,51,2025-03-20T08:30:00,2025-03-20T08:20:00,1114.545,703.3874999999999,2025-03-20T08:30:00,2025-03-20 00:00:00,2025-03-20 00:00:00,2025-03-20T08:30:00,2025-03-20T08:30:00,1.0849,1063.6578851506144,655.5184382448607,1045.3223807290392,655.5184382448607,-18.335504421575273,9471.004145378844,2025-02-20,2025-03-19,168,28,False,0.0,0.0,389.8039424841785,3724.958318413783,3291.842826764696,0.0,0.0,0.0,0.0,411.15750000000014,0.0,0.0,0.0,10508.19795338704,10508.19795338704,0.0,2230.323858750001,2230.323858750001
2025-03-20,52,2025-03-20T08:40:00,2025-03-20T08:30:00,1108.296,775.6238166666667,2025-03-20T08:40:00,2025-03-20 00:00:00,2025-03-20 00:00:00,2025-03-20T08:40:00,2025-03-20T08:40:00,1.061,1067.3728631325378,702.6416000907786,1049.0373587109625,702.6416000907786,-18.335504421575273,9471.004145378844,2025-02-20,2025-03-19,168,28,False,0.0,0.0,346.39575862018387,3291.842826764696,2906.9586505200473,0.0,0.0,0.0,0.0,332.67218333333335,0.0,0.0,0.0,10508.19795338704,10508.19795338704,0.0,1764.8259325833333,1764.8259325833333
2025-03-20,53,2025-03-20T08:50:00,2025-03-20T08:40:00,1117.5889166666666,839.5837833333334,2025-03-20T08:50:00,2025-03-20 00:00:00,2025-03-20 00:00:00,2025-03-20T08:50:00,2025-03-20T08:50:00,1.043,1073.1547508666379,749.7730052741236,1054.8192464450626,749.7730052741236,-18.335504421575273,9471.004145378844,2025-02-20,2025-03-19,168,28,False,0.0,0.0,305.04624117093897,2906.9586505200473,2568.0183825523372,0.0,0.0,0.0,0.0,278.0051333333332,0.0,0.0,0.0,10508.19795338704,10508.19795338704,0.0,1449.7967703333327,1449.7967703333327
2025-03-20,54,2025-03-20T09:00:00,2025-03-20T08:50:00,1126.3016666666667,863.4812499999999,2025-03-20T09:00:00,2025-03-20 00:00:00,2025-03-20 00:00:00,2025-03-20T09:00:00,2025-03-20T09:00:00,1.036,1091.035568252453,796.653731453365,1072.7000638308778,796.653731453365,-18.335504421575273,9471.004145378844,2025-02-20,2025-03-19,168,28,False,0.0,0.0,276.0463323775127,2568.0183825523372,2261.300235466212,0.0,0.0,0.0,0.0,262.8204166666668,0.0,0.0,0.0,10508.19795338704,10508.19795338704,0.0,1361.409758333334,1361.409758333334
2025-03-20,55,2025-03-20T09:10:00,2025-03-20T09:00:00,1082.3667333333333,861.0829666666667,2025-03-20T09:10:00,2025-03-20 00:00:00,2025-03-20 00:00:00,2025-03-20T09:10:00,2025-03-20T09:10:00,1.0147,1082.071490035864,843.0188104214316,1095.2478851360668,843.0188104214316,13.176395100202782,9559.601364182226,2025-02-20,2025-03-19,168,28,False,0.0,0.0,252.2290747146352,2261.300235466212,1981.0457080055062,0.0,0.0,0.0,0.0,221.28376666666657,0.0,0.0,0.0,10508.19795338704,10508.19795338704,0.0,1122.6831901833327,1122.6831901833327
2025-03-20,56,2025-03-20T09:20:00,2025-03-20T09:10:00,1072.7398666666666,922.2215,2025-03-20T09:20:00,2025-03-20 00:00:00,2025-03-20 00:00:00,2025-03-20T09:20:00,2025-03-20T09:20:00,0.9922,1079.4962542139626,888.599385772216,1092.6726493141655,888.599385772216,13.176395100202782,9600.0,2025-02-20,2025-03-19,168,28,False,0.0,0.0,204.07326354194947,1981.0457080055062,1754.29763740334,0.0,0.0,0.0,0.0,150.51836666666657,0.0,0.0,0.0,10508.19795338704,10508.19795338704,0.0,746.7216170333329,746.7216170333329
2025-03-20,57,2025-03-20T09:30:00,2025-03-20T09:20:00,1095.1416666666667,1017.9562500000001,2025-03-20T09:30:00,2025-03-20 00:00:00,2025-03-20 00:00:00,2025-03-20T09:30:00,2025-03-20T09:30:00,0.97,1087.6620232924852,933.1249608943216,1100.838418392688,933.1249608943216,13.176395100202782,9600.0,2025-02-20,2025-03-19,168,28,False,0.0,0.0,167.71345749836644,1754.29763740334,1567.949351294044,0.0,0.0,0.0,0.0,77.18541666666658,0.0,0.0,0.0,10508.19795338704,10508.19795338704,0.0,374.3492708333329,374.3492708333329
2025-03-20,58,2025-03-20T09:40:00,2025-03-20T09:30:00,1066.5605833333334,1030.4658333333334,2025-03-20T09:40:00,2025-03-20 00:00:00,2025-03-20 00:00:00,2025-03-20T09:40:00,2025-03-20T09:40:00,0.9422,1078.299152356892,976.3257136888898,1091.4755474570948,976.3257136888898,13.176395100202782,9600.0,2025-02-20,2025-03-19,168,28,False,0.0,0.0,115.14983376820499,1567.949351294044,1440.005091551594,0.0,0.0,0.0,0.0,36.094749999999976,0.0,0.0,0.0,10508.19795338704,10508.19795338704,0.0,170.0423672499999,170.0423672499999
2025-03-20,59,2025-03-20T09:50:00,2025-03-20T09:40:00,1074.3216833333333,1033.0643333333335,2025-03-20T09:50:00,2025-03-20 00:00:00,2025-03-20 00:00:00,2025-03-20T09:50:00,2025-03-20T09:50:00,0.9569,1081.3044243291793,1017.9348531143504,1094.480819429382,1017.9348531143504,13.176395100202782,9600.0,2025-02-20,2025-03-19,168,28,False,0.0,0.0,76.5459663150317,1440.005091551594,1354.9540178682255,0.0,0.0,0.0,0.0,41.25734999999986,0.0,0.0,0.0,10508.19795338704,10508.19795338704,0.0,197.39579107499932,197.39579107499932
2025-03-20,60,2025-03-20T10:00:00,2025-03-20T09:50:00,1116.2383333333335,1071.03125,2025-03-20T10:00:00,2025-03-20 00:00:00,2025-03-20 00:00:00,2025-03-20T10:00:00,2025-03-20T10:00:00,0.9977,1095.6988532165467,1057.6909916866093,1108.8752483167495,1057.6909916866093,13.176395100202782,9600.0,2025-02-20,2025-03-19,168,28,False,0.0,0.0,51.184256630140226,1354.9540178682255,1298.0826216125142,0.0,0.0,0.0,0.0,45.20708333333346,0.0,0.0,0.0,10508.19795338704,10508.19795338704,0.0,225.51553520833397,225.51553520833397
2025-03-20,61,2025-03-20T10:10:00,2025-03-20T10:00:00,1096.3326,1112.54135,2025-03-20T10:10:00,2025-03-20 00:00:00,2025-03-20 00:00:00,2025-03-20T10:10:00,2025-03-20T10:10:00,0.9919,1087.820254885192,1095.340507426903,1163.0779245943895,1095.340507426903,75.25766970919734,9600.0,2025-02-20,2025-03-19,168,28,False,0.0,0.0,67.73741716748646,1298.0826216125142,1222.8188247597516,0.0,0.0,16.20875000000001,0.0,0.0,0.0,0.0,0.0,10508.19795338704,10522.78582838704,0.0,0.0,0.0
2025-03-20,62,2025-03-20T10:20:00,2025-03-20T10:10:00,1074.2128666666667,1129.0006666666666,2025-03-20T10:20:00,2025-03-20 00:00:00,2025-03-20 00:00:00,2025-03-20T10:20:00,2025-03-20T10:20:00,0.9588,1075.9191410391854,1130.6398684646065,1151.1768107483829,1130.6398684646065,75.25766970919734,9600.0,2025-02-20,2025-03-19,168,28,False,0.0,0.0,20.536942283776398,1222.8188247597516,1200.0,0.0,0.0,54.787799999999834,0.0,0.0,0.0,0.0,0.0,10522.78582838704,10572.09484838704,0.0,0.0,0.0
2025-03-20,63,2025-03-20T10:30:00,2025-03-20T10:20:00,1078.935,1146.5125,2025-03-20T10:30:00,2025-03-20 00:00:00,2025-03-20 00:00:00,2025-03-20T10:30:00,2025-03-20T10:30:00,0.9549,1066.268983276223,1163.3578935769133,1141.5266529854205,1163.3578935769133,75.25766970919734,9600.0,2025-02-20,2025-03-19,168,28,False,0.0,21.831240591492815,0.0,1200.0,1219.6481165323435,0.0,1.0,67.5775000000001,0.0,0.0,0.0,0.0,0.0,10572.09484838704,10632.91459838704,0.0,0.0,0.0
2025-03-20,64,2025-03-20T10:40:00,2025-03-20T10:30:00,1075.7058833333333,1211.41895,2025-03-20T10:40:00,2025-03-20 00:00:00,2025-03-20 00:00:00,2025-03-20T10:40:00,2025-03-20T10:40:00,0.9839,1049.9747461769787,1193.2779223840496,1125.232415886176,1193.2779223840496,75.25766970919734,9600.0,2025-02-20,2025-03-19,168,28,False,0.0,68.04550649787348,0.0,1219.6481165323435,1280.8890723804295,0.0,1.0,135.7130666666667,0.0,0.0,0.0,0.0,0.0,10632.91459838704,10755.05635838704,0.0,0.0,0.0
2025-03-20,65,2025-03-20T10:50:00,2025-03-20T10:40:00,1058.7226666666668,1242.5592333333334,2025-03-20T10:50:00,2025-03-20 00:00:00,2025-03-20 00:00:00,2025-03-20T10:50:00,2025-03-20T10:50:00,0.799,1057.2555725835477,1220.1998697149431,1132.5132422927452,1220.1998697149431,75.25766970919734,9600.0,2025-02-20,2025-03-19,168,28,False,0.0,87.68662742219794,0.0,1280.8890723804295,1359.8070370604078,0.0,1.0,49.93737956995473,0.0,0.0,133.8991870967119,0.0,133.8991870967119,10755.05635838704,10800.0,0.0,0.0,0.0
2025-03-20,66,2025-03-20T11:00:00,2025-03-20T10:50:00,1046.6499999999999,1210.5,2025-03-20T11:00:00,2025-03-20 00:00:00,2025-03-20 00:00:00,2025-03-20T11:00:00,2025-03-20T11:00:00,0.5025,1081.7048589777048,1243.9421398056525,1156.9625286869023,1243.9421398056525,75.25766970919734,9600.0,2025-02-20,2025-03-19,168,28,False,746.3537222145831,833.3333333333333,0.0,1359.8070370604078,2109.8070370604078,0.0,1.0,0.0,0.0,0.0,910.2037222145832,746.3537222145831,163.85000000000014,10800.0,10800.0,375.04274541282797,0.0,375.04274541282797
2025-03-20,67,2025-03-20T11:10:00,2025-03-20T11:00:00,1060.3406,1170.2779833333334,2025-03-20T11:10:00,2025-03-20 00:00:00,2025-03-20 00:00:00,2025-03-20T11:10:00,2025-03-20T11:10:00,0.4662,1080.5913972481883,1264.343377477833,1224.1213823770518,1264.343377477833,143.5299851288634,9600.0,2025-02-20,2025-03-19,168,28,False,793.111338232552,833.3333333333333,0.0,2109.8070370604078,2859.8070370604078,0.0,1.0,0.0,0.0,0.0,903.0487215658854,793.111338232552,109.9373833333334,10800.0,10800.0,369.74850588401574,0.0,369.74850588401574
2025-03-20,68,2025-03-20T11:20:00,2025-03-20T11:10:00,1065.63955,1175.4807,2025-03-20T11:20:00,2025-03-20 00:00:00,2025-03-20 00:00:00,2025-03-20T11:20:00,2025-03-20T11:20:00,0.5007,1053.6247482345966,1281.2640352482579,1197.15473336346,1281.2640352482579,143.5299851288634,9600.0,2025-02-20,2025-03-19,168,28,False,749.2240314485355,833.3333333333333,0.0,2859.8070370604078,3609.8070370604078,0.0,1.0,0.0,0.0,0.0,859.0651814485354,749.2240314485355,109.84114999999997,10800.0,10800.0,375.1364725462817,0.0,375.1364725462817
2025-03-20,69,2025-03-20T11:30:00,2025-03-20T11:20:00,1060.0166666666667,1219.59375,2025-03-20T11:30:00,2025-03-20 00:00:00,2025-03-20 00:00:00,2025-03-20T11:30:00,2025-03-20T11:30:00,0.4827,1034.4431646058285,1294.587737419195,1177.973149734692,1294.587737419195,143.5299851288634,9600.0,2025-02-20,2025-03-19,168,28,False,716.7187456488302,833.3333333333333,0.0,3609.8070370604078,4359.807037060407,0.0,1.0,0.0,0.0,0.0,876.2958289821636,716.7187456488302,159.57708333333335,10800.0,10800.0,345.96013852469036,0.0,345.96013852469036
2025-03-20,70,2025-03-20T11:40:00,2025-03-20T11:30:00,1070.6712666666667,1250.9388833333335,2025-03-20T11:40:00,2025-03-20 00:00:00,2025-03-20 00:00:00,2025-03-20T11:40:00,2025-03-20T11:40:00,0.4785,1054.3599060788574,1304.222424565025,1197.889891207721,1304.222424565025,143.5299851288634,9600.0,2025-02-20,2025-03-19,168,28,False,727.0007999760292,833.3333333333333,0.0,4359.807037060407,5109.807037060407,0.0,1.0,0.0,0.0,0.0,907.2684166426959,727.0007999760292,180.26761666666675,10800.0,10800.0,347.86988278852994,0.0,347.86988278852994
2025-03-20,71,2025-03-20T11:50:00,2025-03-20T11:40:00,1063.2702666666667,1272.5053833333334,2025-03-20T11:50:00,2025-03-20 00:00:00,2025-03-20 00:00:00,2025-03-20T11:50:00,2025-03-20T11:50:00,0.4662,1047.7774438638846,1310.1012644304506,1191.307428992748,1310.1012644304506,143.5299851288634,9600.0,2025-02-20,2025-03-19,168,28,False,714.5394978956308,833.3333333333333,0.0,5109.807037060407,5859.807037060407,0.0,1.0,0.0,0.0,0.0,923.7746145622975,714.5394978956308,209.23511666666673,10800.0,10800.0,333.1183139189431,0.0,333.1183139189431
2025-03-20,72,2025-03-20T12:00:00,2025-03-20T11:50:00,1028.0533333333333,1303.075,2025-03-20T12:00:00,2025-03-20 00:00:00,2025-03-20 00:00:00,2025-03-20T12:00:00,2025-03-20T12:00:00,0.4432,1006.7831300474571,1312.183318053981,1150.3131151763205,1312.183318053981,143.5299851288634,9600.0,2025-02-20,2025-03-19,168,28,False,671.4631304556726,833.3333333333333,0.0,5859.807037060407,6609.807037060407,0.0,1.0,0.0,0.0,0.0,946.4847971223394,671.4631304556726,275.02166666666676,10800.0,10800.0,297.5924594179541,0.0,297.5924594179541
2025-03-20,73,2025-03-20T12:10:00,2025-03-20T12:00:00,993.1352666666667,1347.1565833333334,2025-03-20T12:10:00,2025-03-20 00:00:00,2025-03-20 00:00:00,2025-03-20T12:10:00,2025-03-20T12:10:00,0.4411,990.4076364196217,1310.4539528879027,1086.5430907060077,1310.4539528879027,96.13545428638594,9600.0,2025-02-20,2025-03-19,168,28,False,609.4224711514382,833.3333333333333,0.0,6609.807037060407,7359.807037060407,0.0,1.0,0.0,0.0,0.0,963.443787818105,609.4224711514382,354.02131666666673,10800.0,10800.0,268.8162520248994,0.0,268.8162520248994
2025-03-20,74,2025-03-20T12:20:00,2025-03-20T12:10:00,975.87165,1348.42845,2025-03-20T12:20:00,2025-03-20 00:00:00,2025-03-20 00:00:00,2025-03-20T12:20:00,2025-03-20T12:20:00,0.4551,996.6372812513645,1304.9249977611337,1092.7727355377503,1304.9249977611337,96.13545428638594,9600.0,2025-02-20,2025-03-19,168,28,False,621.1810711099499,833.3333333333333,0.0,7359.807037060407,8109.807037060407,0.0,1.0,0.0,0.0,0.0,993.73787110995,621.1810711099499,372.55680000000007,10800.0,10800.0,282.69950546213823,0.0,282.69950546213823
2025-03-20,75,2025-03-20T12:30:00,2025-03-20T12:20:00,980.61,1284.89375,2025-03-20T12:30:00,2025-03-20 00:00:00,2025-03-20 00:00:00,2025-03-20T12:30:00,2025-03-20T12:30:00,0.4463,1003.539601637798,1295.6346376807128,1099.6750559241839,1295.6346376807128,96.13545428638594,9600.0,2025-02-20,2025-03-19,168,28,False,637.3737515768044,833.3333333333333,0.0,8109.807037060407,8859.807037060407,0.0,1.0,0.0,0.0,0.0,941.6575015768043,637.3737515768044,304.28374999999994,10800.0,10800.0,284.45990532872776,0.0,284.45990532872776
2025-03-20,76,2025-03-20T12:40:00,2025-03-20T12:30:00,1001.0465666666668,1200.876,2025-03-20T12:40:00,2025-03-20 00:00:00,2025-03-20 00:00:00,2025-03-20T12:40:00,2025-03-20T12:40:00,0.4113,996.6709858620831,1282.6470496465745,1092.806440148469,1282.6470496465745,96.13545428638594,9600.0,2025-02-20,2025-03-19,168,28,False,643.4927238352277,833.3333333333333,0.0,8859.807037060407,9609.807037060407,0.0,1.0,0.0,0.0,0.0,843.3221571685609,643.4927238352277,199.8294333333332,10800.0,10800.0,264.6685573134292,0.0,264.6685573134292
2025-03-20,77,2025-03-20T12:50:00,2025-03-20T12:40:00,1028.0591333333334,1201.1573666666666,2025-03-20T12:50:00,2025-03-20 00:00:00,2025-03-20 00:00:00,2025-03-20T12:50:00,2025-03-20T12:50:00,0.5682,1005.1475691695919,1266.051783817704,1101.2830234559779,1266.051783817704,96.13545428638594,9600.0,2025-02-20,2025-03-19,168,28,False,668.564572971607,833.3333333333333,0.0,9609.807037060407,10359.807037060407,0.0,1.0,0.0,0.0,0.0,841.6628063049402,668.564572971607,173.09823333333316,10800.0,10800.0,379.87839036246714,0.0,379.87839036246714
2025-03-20,78,2025-03-20T13:00:00,2025-03-20T12:50:00,1058.5633333333333,1254.3,2025-03-20T13:00:00,2025-03-20 00:00:00,2025-03-20 00:00:00,2025-03-20T13:00:00,2025-03-20T13:00:00,0.8279,1036.8281240761144,1245.9628974708082,1132.9635783625004,1245.9628974708082,96.13545428638594,9600.0,2025-02-20,2025-03-19,168,28,False,0.0,112.99931910830787,0.0,10359.807037060407,10461.506424257885,0.0,1.0,0.0,0.0,0.0,195.73666666666668,0.0,195.73666666666668,10800.0,10800.0,0.0,0.0,0.0
2025-03-20,79,2025-03-20T13:10:00,2025-03-20T13:00:00,1085.1036000000001,1223.1791666666666,2025-03-20T13:10:00,2025-03-20 00:00:00,2025-03-20 00:00:00,2025-03-20T13:10:00,2025-03-20T13:10:00,0.8636,1065.9480323955067,1222.5178521914436,1108.5092380703536,1222.5178521914436,42.56120567484675,9600.0,2025-02-20,2025-03-19,168,28,False,0.0,114.00861412108998,0.0,10461.506424257885,10564.114176966865,0.0,1.0,0.0,0.0,0.0,138.07556666666642,0.0,138.07556666666642,10800.0,10800.0,0.0,0.0,0.0
2025-03-20,80,2025-03-20T13:20:00,2025-03-20T13:10:00,1059.8052500000001,1150.1056333333333,2025-03-20T13:20:00,2025-03-20 00:00:00,2025-03-20 00:00:00,2025-03-20T13:20:00,2025-03-20T13:20:00,0.8416,1063.153711389808,1195.8761875897565,1105.7149170646549,1195.8761875897565,42.56120567484675,9600.0,2025-02-20,2025-03-19,168,28,False,0.0,90.1612705251016,0.0,10564.114176966865,10645.259320439456,0.0,1.0,0.0,0.0,0.0,90.30038333333323,0.0,90.30038333333323,10800.0,10800.0,0.0,0.0,0.0
2025-03-20,81,2025-03-20T13:30:00,2025-03-20T13:20:00,1006.5500000000001,1101.66875,2025-03-20T13:30:00,2025-03-20 00:00:00,2025-03-20 00:00:00,2025-03-20T13:30:00,2025-03-20T13:30:00,0.8618,1047.4753623594008,1166.217987498573,1090.0365680342475,1166.217987498573,42.56120567484675,9600.0,2025-02-20,2025-03-19,168,28,False,0.0,76.18141946432547,0.0,10645.259320439456,10713.822597957349,0.0,1.0,0.0,0.0,0.0,95.11874999999998,0.0,95.11874999999998,10800.0,10800.0,0.0,0.0,0.0
2025-03-20,82,2025-03-20T13:40:00,2025-03-20T13:30:00,1004.8308000000001,1107.0299166666666,2025-03-20T13:40:00,2025-03-20 00:00:00,2025-03-20 00:00:00,2025-03-20T13:40:00,2025-03-20T13:40:00,0.8623,1060.883750120316,1133.7421570534048,1103.444955795163,1133.7421570534048,42.56120567484675,9600.0,2025-02-20,2025-03-19,168,28,False,0.0,30.297201258241785,0.0,10713.822597957349,10741.090079089767,0.0,1.0,0.0,0.0,0.0,102.19911666666655,0.0,102.19911666666655,10800.0,10800.0,0.0,0.0,0.0
2025-03-20,83,2025-03-20T13:50:00,2025-03-20T13:40:00,1029.6302166666667,1134.42295,2025-03-20T13:50:00,2025-03-20 00:00:00,2025-03-20 00:00:00,2025-03-20T13:50:00,2025-03-20T13:50:00,0.9026,1045.606152511255,1098.6645312382777,1088.1673581861019,1098.6645312382777,42.56120567484675,9600.0,2025-02-20,2025-03-19,168,28,False,0.0,10.497173052175867,0.0,10741.090079089767,10750.537534836725,0.0,1.0,0.0,0.0,0.0,104.79273333333322,0.0,104.79273333333322,10800.0,10800.0,0.0,0.0,0.0
2025-03-20,84,2025-03-20T14:00:00,2025-03-20T13:50:00,1046.67,1133.325,2025-03-20T14:00:00,2025-03-20 00:00:00,2025-03-20 00:00:00,2025-03-20T14:00:00,2025-03-20T14:00:00,0.9754,1014.0174231679301,1061.2158373784243,1056.5786288427769,1061.2158373784243,42.56120567484675,9600.0,2025-02-20,2025-03-19,168,28,False,0.0,4.63720853564746,0.0,10750.537534836725,10754.711022518808,0.0,1.0,0.0,0.0,0.0,86.65499999999997,0.0,86.65499999999997,10800.0,10800.0,0.0,0.0,0.0
2025-03-20,85,2025-03-20T14:10:00,2025-03-20T14:00:00,1047.24705,1075.6022833333334,2025-03-20T14:10:00,2025-03-20 00:00:00,2025-03-20 00:00:00,2025-03-20T14:10:00,2025-03-20T14:10:00,1.0002,1036.743301345186,1021.6395356455337,1018.3721428082672,1021.6395356455337,-18.371158536918806,9559.601364182226,2025-02-20,2025-03-19,168,28,False,0.0,3.2673928372664705,0.0,10754.711022518808,10757.651676072348,0.0,1.0,0.0,0.0,0.0,28.355233333333445,0.0,28.355233333333445,10800.0,10800.0,0.0,0.0,0.0
2025-03-20,86,2025-03-20T14:20:00,2025-03-20T14:10:00,1052.4853333333333,1033.9314333333334,2025-03-20T14:20:00,2025-03-20 00:00:00,2025-03-20 00:00:00,2025-03-20T14:20:00,2025-03-20T14:20:00,0.9978,1039.5791927416178,980.189562892904,1021.2080342046991,980.189562892904,-18.371158536918806,9559.601364182226,2025-02-20,2025-03-19,168,28,False,0.0,0.0,41.01847131179511,10757.651676072348,10712.07559683702,0.0,0.0,0.0,18.553899999999885,0.0,0.0,0.0,0.0,10800.0,10779.384555555556,0.0,0.0,0.0
2025-03-20,87,2025-03-20T14:30:00,2025-03-20T14:20:00,1058.7983333333334,1019.28125,2025-03-20T14:30:00,2025-03-20 00:00:00,2025-03-20 00:00:00,2025-03-20T14:30:00,2025-03-20T14:30:00,1.0271,1016.865502964137,937.1280060410921,998.4943444272183,937.1280060410921,-18.371158536918806,9471.004145378844,2025-02-20,2025-03-19,168,28,False,0.0,0.0,61.36633838612613,10712.07559683702,10643.89077640799,0.0,0.0,0.0,39.5170833333334,0.0,0.0,0.0,0.0,10779.384555555556,10735.476685185185,0.0,0.0,0.0
2025-03-20,88,2025-03-20T14:40:00,2025-03-20T14:30:00,1043.2368833333333,972.9436000000001,2025-03-20T14:40:00,2025-03-20 00:00:00,2025-03-20 00:00:00,2025-03-20T14:40:00,2025-03-20T14:40:00,1.0906,1039.2483045720944,892.7227317794712,1020.8771460351757,892.7227317794712,-18.371158536918806,9308.19795338704,2025-02-20,2025-03-19,168,28,False,0.0,0.0,128.1544142557044,10643.89077640799,10501.49698279054,0.0,0.0,0.0,70.29328333333319,0.0,0.0,0.0,0.0,10735.476685185185,10657.373037037038,0.0,0.0,0.0
2025-03-20,89,2025-03-20T14:50:00,2025-03-20T14:40:00,1031.6857666666667,905.3272499999999,2025-03-20T14:50:00,2025-03-20 00:00:00,2025-03-20 00:00:00,2025-03-20T14:50:00,2025-03-20T14:50:00,0.9376,1061.463506360353,847.2449995308459,1043.0923478234342,847.2449995308459,-18.371158536918806,9308.197953387042,2025-02-20,2025-03-19,168,28,False,0.0,0.0,195.84734829258832,10501.49698279054,10283.888818020998,0.0,0.0,0.0,126.35851666666679,0.0,0.0,0.0,0.0,10657.373037037038,10516.974685185185,0.0,0.0,0.0
2025-03-20,90,2025-03-20T15:00:00,2025-03-20T14:50:00,1026.1066666666668,845.4625,2025-03-20T15:00:00,2025-03-20 00:00:00,2025-03-20 00:00:00,2025-03-20T15:00:00,2025-03-20T15:00:00,0.6694,1055.4308752196514,800.9670844458093,1037.0597166827326,800.9670844458093,-18.371158536918806,9456.897736357621,2025-02-20,2025-03-19,168,28,False,236.09263223692335,0.0,0.0,10283.888818020998,10283.888818020998,0.0,-0.0,55.44846557025653,0.0,0.0,0.0,0.0,0.0,10516.974685185185,10566.878304198415,158.0404080193965,0.0,158.0404080193965
2025-03-20,91,2025-03-20T15:10:00,2025-03-20T15:00:00,1006.5609833333333,809.2424166666666,2025-03-20T15:10:00,2025-03-20 00:00:00,2025-03-20 00:00:00,2025-03-20T15:10:00,2025-03-20T15:10:00,0.66,1039.1888291860998,754.1599366572397,1012.4228682513951,754.1599366572397,-26.76596093470476,9456.897736357621,2025-02-20,2025-03-19,168,28,False,831.7198004597134,573.4568688655579,0.0,10283.888818020998,10800.0,0.0,1.000000000000001,259.02410644620534,0.0,0.0,375.37712734684135,375.37712734684135,0.0,10566.878304198415,10800.0,548.9350683034108,0.0,548.9350683034108
2025-03-20,92,2025-03-20T15:20:00,2025-03-20T15:10:00,1009.11315,760.3063833333334,2025-03-20T15:20:00,2025-03-20 00:00:00,2025-03-20 00:00:00,2025-03-20T15:20:00,2025-03-20T15:20:00,0.7217,1025.932789402387,707.0909021448454,999.1668284676823,707.0909021448454,-26.76596093470476,9427.157779763505,2025-02-20,2025-03-19,168,28,False,292.07592632283695,0.0,0.0,10800.0,10800.0,0.0,0.0,0.0,0.0,0.0,43.26915965617047,43.26915965617047,0.0,10800.0,10800.0,210.79119602719143,0.0,210.79119602719143
2025-03-20,93,2025-03-20T15:30:00,2025-03-20T15:20:00,1031.28,691.1374999999999,2025-03-20T15:30:00,2025-03-20 00:00:00,2025-03-20 00:00:00,2025-03-20T15:30:00,2025-03-20T15:30:00,0.7308,1026.6474956332588,660.0215293517458,999.8815346985541,660.0215293517458,-26.76596093470476,9397.417823169388,2025-02-20,2025-03-19,168,28,False,339.8600053468083,0.0,0.0,10800.0,10800.0,0.0,0.0,0.0,0.2824946531916339,0.0,0.0,0.0,0.0,10800.0,10799.68611705201,248.3696919074475,0.0,248.3696919074475
2025-03-20,94,2025-03-20T15:40:00,2025-03-20T15:30:00,1032.5620166666665,629.77975,2025-03-20T15:40:00,2025-03-20 00:00:00,2025-03-20 00:00:00,2025-03-20T15:40:00,2025-03-20T15:40:00,0.7534,1039.737859721638,613.2054841812936,1012.9718987869333,613.2054841812936,-26.76596093470476,9367.677866575274,2025-02-20,2025-03-19,168,28,False,399.7664146056396,0.0,0.0,10800.0,10800.0,0.0,0.0,0.0,3.0158520610268624,0.0,0.0,0.0,0.0,10799.68611705201,10796.335170317536,301.18401676388885,0.0,301.18401676388885
2025-03-20,95,2025-03-20T15:50:00,2025-03-20T15:40:00,1031.0229333333334,578.5704833333333,2025-03-20T15:50:00,2025-03-20 00:00:00,2025-03-20 00:00:00,2025-03-20T15:50:00,2025-03-20T15:50:00,0.7823,1018.5864707219037,566.8865942087047,991.820509787199,566.8865942087047,-26.76596093470476,9337.937909981156,2025-02-20,2025-03-19,168,28,False,424.9339155784943,0.0,0.0,10800.0,10800.0,0.0,0.0,0.0,27.51853442150582,0.0,0.0,0.0,0.0,10796.335170317536,10765.759020960308,332.42580215705607,0.0,332.42580215705607
2025-03-20,96,2025-03-20T16:00:00,2025-03-20T15:50:00,1033.3616666666667,526.0375,2025-03-20T16:00:00,2025-03-20 00:00:00,2025-03-20 00:00:00,2025-03-20T16:00:00,2025-03-20T16:00:00,0.8055,982.1685031432592,521.2970408985124,955.4025422085545,521.2970408985124,-26.76596093470476,9308.19795338704,2025-02-20,2025-03-19,168,28,False,434.1055013100421,0.0,0.0,10800.0,10800.0,0.0,0.0,0.0,73.21866535662457,0.0,0.0,0.0,0.0,10765.759020960308,10684.404948341837,349.6719813052389,0.0,349.6719813052389
2025-03-20,97,2025-03-20T16:10:00,2025-03-20T16:00:00,1025.5623833333334,463.3008333333333,2025-03-20T16:10:00,2025-03-20 00:00:00,2025-03-20 00:00:00,2025-03-20T16:10:00,2025-03-20T16:10:00,0.8271,997.1322952305377,476.6557163588939,1025.2265971072482,476.6557163588939,28.09430187671047,9308.19795338704,2025-02-20,2025-03-19,168,28,False,548.5708807483543,0.0,0.0,10800.0,10800.0,0.0,0.0,0.0,13.690669251645886,0.0,0.0,0.0,0.0,10684.404948341837,10669.193093617785,453.7229754669638,0.0,453.7229754669638
2025-03-20,98,2025-03-20T16:20:00,2025-03-20T16:10:00,1016.9598666666667,417.89265,2025-03-20T16:20:00,2025-03-20 00:00:00,2025-03-20 00:00:00,2025-03-20T16:20:00,2025-03-20T16:20:00,0.8519,1015.6908742698067,433.1667587238666,1043.7851761465172,433.1667587238666,28.09430187671047,9308.197953387042,2025-02-20,2025-03-19,168,28,False,610.6184174226505,0.0,-0.0,10800.0,10800.0,0.0,0.0,11.551200755983814,0.0,0.0,0.0,0.0,0.0,10669.193093617785,10679.589174298171,520.185829802356,0.0,520.185829802356
2025-03-20,99,2025-03-20T16:30:00,2025-03-20T16:20:00,1019.8249999999999,389.06874999999997,2025-03-20T16:30:00,2025-03-20 00:00:00,2025-03-20 00:00:00,2025-03-20T16:30:00,2025-03-20T16:30:00,0.8791,1011.6343906531529,391.0182776729373,1039.7286925298633,391.0182776729373,28.09430187671047,9308.19795338704,2025-02-20,2025-03-19,168,28,False,648.710414856926,0.0,0.0,10800.0,10800.0,0.0,0.0,17.954164856926013,0.0,0.0,0.0,0.0,0.0,10679.589174298171,10695.747922669405,570.2813257007236,0.0,570.2813257007236
2025-03-20,100,2025-03-20T16:40:00,2025-03-20T16:30:00,1034.9158166666666,346.1802666666667,2025-03-20T16:40:00,2025-03-20 00:00:00,2025-03-20 00:00:00,2025-03-20T16:40:00,2025-03-20T16:40:00,0.9024,1006.6450627307177,350.3812789153077,1034.7393646074281,350.3812789153077,28.09430187671047,9308.19795338704,2025-02-20,2025-03-19,168,28,False,684.3580856921204,0.0,-0.0,10800.0,10800.0,0.0,0.0,0.0,4.377464307879563,0.0,0.0,0.0,0.0,10695.747922669405,10690.884073438428,617.5647365285695,0.0,617.5647365285695
2025-03-20,101,2025-03-20T16:50:00,2025-03-20T16:40:00,1031.6998333333333,288.97555,2025-03-20T16:50:00,2025-03-20 00:00:00,2025-03-20 00:00:00,2025-03-20T16:50:00,2025-03-20T16:50:00,0.9163,1009.9118438147989,311.40879372365526,1038.0061456915093,311.40879372365526,28.09430187671047,9308.19795338704,2025-02-20,2025-03-19,168,28,False,726.5973519678541,0.0,-0.0,10800.0,10800.0,0.0,0.0,0.0,16.12693136547921,0.0,0.0,0.0,0.0,10690.884073438428,10672.965260810119,665.7811536081448,0.0,665.7811536081448
2025-03-20,102,2025-03-20T17:00:00,2025-03-20T16:50:00,1017.0316666666666,229.61875,2025-03-20T17:00:00,2025-03-20 00:00:00,2025-03-20 00:00:00,2025-03-20T17:00:00,2025-03-20T17:00:00,0.9264,1028.2995876293267,274.2352168424208,1056.393889506037,274.2352168424208,28.09430187671047,9308.197953387042,2025-02-20,2025-03-19,168,28,False,782.1586726636162,0.0,0.0,10800.0,10800.0,0.0,0.0,0.0,5.254244003050417,0.0,0.0,0.0,0.0,10672.965260810119,10667.127211917841,724.591794355574,0.0,724.591794355574
2025-03-20,103,2025-03-20T17:10:00,2025-03-20T17:00:00,1023.8828166666667,180.65036666666666,2025-03-20T17:10:00,2025-03-20 00:00:00,2025-03-20 00:00:00,2025-03-20T17:10:00,2025-03-20T17:10:00,0.9462,1054.5518305044452,238.97585335887877,1160.4734130009026,238.97585335887877,105.92158249645736,9308.19795338704,2025-02-20,2025-03-19,168,28,False,921.4975596420238,0.0,0.0,10800.0,10800.0,0.0,0.0,78.26510964202384,0.0,0.0,0.0,0.0,0.0,10667.127211917841,10737.565810595663,871.920990933283,0.0,871.920990933283
2025-03-20,104,2025-03-20T17:20:00,2025-03-20T17:10:00,1012.5022333333333,138.64705,2025-03-20T17:20:00,2025-03-20 00:00:00,2025-03-20 00:00:00,2025-03-20T17:20:00,2025-03-20T17:20:00,0.9742,1025.0996585695195,205.7266724524441,1131.021241065977,205.7266724524441,105.92158249645736,9308.19795338704,2025-02-20,2025-03-19,168,28,False,925.2945686135329,0.0,0.0,10800.0,10800.0,0.0,0.0,51.439385280199645,0.0,0.0,0.0,0.0,0.0,10737.565810595663,10783.861257347842,901.4219687433036,0.0,901.4219687433036
2025-03-20,105,2025-03-20T17:30:00,2025-03-20T17:20:00,1004.2800000000001,99.55624999999999,2025-03-20T17:30:00,2025-03-20 00:00:00,2025-03-20 00:00:00,2025-03-20T17:30:00,2025-03-20T17:30:00,0.9862,989.9770699803444,174.5642633673232,1095.8986524768018,174.5642633673232,105.92158249645736,9308.19795338704,2025-02-20,2025-03-19,168,28,False,921.3343891094786,0.0,-0.0,10800.0,10800.0,0.0,0.0,16.610639109478484,0.0,0.0,0.0,0.0,0.0,10783.861257347842,10798.810832546373,908.6199745397678,0.0,908.6199745397678
2025-03-20,106,2025-03-20T17:40:00,2025-03-20T17:30:00,1035.5736,62.482850000000006,2025-03-20T17:40:00,2025-03-20 00:00:00,2025-03-20 00:00:00,2025-03-20T17:40:00,2025-03-20T17:40:00,0.976,1040.5749875279337,145.54598652235808,1146.496570024391,145.54598652235808,105.92158249645736,9308.19795338704,2025-02-20,2025-03-19,168,28,False,1000.9505835020329,0.0,0.0,10800.0,10800.0,0.0,0.0,1.3212971706970065,0.0,0.0,26.53853633133609,26.53853633133609,0.0,10798.810832546373,10800.0,976.9277694979842,0.0,976.9277694979842
2025-03-20,107,2025-03-20T17:50:00,2025-03-20T17:40:00,899.02445,26.021266666666666,2025-03-20T17:50:00,2025-03-20 00:00:00,2025-03-20 00:00:00,2025-03-20T17:50:00,2025-03-20T17:50:00,1.0742,938.9211835534213,118.710310413298,1044.8427660498787,118.710310413298,105.92158249645736,9308.19795338704,2025-02-20,2025-03-19,168,28,False,926.1324556365807,0.0,0.0,10800.0,10800.0,0.0,0.0,0.0,0.0,0.0,53.129272303247376,53.129272303247376,0.0,10800.0,10800.0,994.8514838448151,0.0,994.8514838448151
2025-03-20,108,2025-03-20T18:00:00,2025-03-20T17:50:00,682.3533333333334,0.0,2025-03-20T18:00:00,2025-03-20 00:00:00,2025-03-20 00:00:00,2025-03-20T18:00:00,2025-03-20T18:00:00,1.2313,727.1457563042566,94.07732290719906,833.067338800714,94.07732290719906,105.92158249645736,9308.19795338704,2025-02-20,2025-03-19,168,28,False,738.990015893515,0.0,0.0,10800.0,10800.0,0.0,0.0,0.0,0.0,0.0,56.63668256018161,56.63668256018161,0.0,10800.0,10800.0,909.918406569685,0.0,909.918406569685
2025-03-20,109,2025-03-20T18:10:00,2025-03-20T18:00:00,697.9972833333333,0.0,2025-03-20T18:10:00,2025-03-20 00:00:00,2025-03-20 00:00:00,2025-03-20T18:10:00,2025-03-20T18:10:00,1.2561,701.8792937774591,71.64940370270372,743.4987460928037,71.64940370270372,41.61945231534461,9308.19795338704,2025-02-20,2025-03-19,168,28,False,671.8493423901,0.0,-0.0,10800.0,10800.0,0.0,0.0,0.0,26.147940943233266,0.0,0.0,0.0,0.0,10800.0,10770.946732285296,843.9099589762046,0.0,843.9099589762046
2025-03-20,110,2025-03-20T18:20:00,2025-03-20T18:10:00,740.2377833333334,0.9295666666666667,2025-03-20T18:20:00,2025-03-20 00:00:00,2025-03-20 00:00:00,2025-03-20T18:20:00,2025-03-20T18:20:00,1.2447,729.2942393688489,51.41204315598476,770.9136916841935,51.41204315598476,41.61945231534461,9308.197953387042,2025-02-20,2025-03-19,168,28,False,719.5016485282088,0.0,0.0,10800.0,10800.0,0.0,0.0,0.0,19.80656813845792,0.0,0.0,0.0,0.0,10770.946732285296,10748.939434353677,895.5637019230613,0.0,895.5637019230613
2025-03-20,111,2025-03-20T18:30:00,2025-03-20T18:20:00,709.2416666666667,0.0,2025-03-20T18:30:00,2025-03-20 00:00:00,2025-03-20 00:00:00,2025-03-20T18:30:00,2025-03-20T18:30:00,1.2545,721.5022981294178,33.33479136804575,763.1217504447624,33.33479136804575,41.61945231534461,9308.19795338704,2025-02-20,2025-03-19,168,28,False,729.7869590767166,0.0,0.0,10800.0,10800.0,0.0,0.0,20.54529241004991,0.0,0.0,0.0,0.0,0.0,10748.939434353677,10767.430197522723,915.5177401617409,0.0,915.5177401617409
2025-03-20,112,2025-03-20T18:40:00,2025-03-20T18:30:00,714.4228166666667,0.0,2025-03-20T18:40:00,2025-03-20 00:00:00,2025-03-20 00:00:00,2025-03-20T18:40:00,2025-03-20T18:40:00,1.2522,728.9145336937953,17.372320408010893,770.5339860091399,17.372320408010893,41.61945231534461,9308.19795338704,2025-02-20,2025-03-19,168,28,False,753.161665601129,0.0,0.0,10800.0,10800.0,0.0,0.0,36.18866941919704,0.0,0.0,2.550179515265299,2.550179515265299,0.0,10767.430197522723,10800.0,943.1090376657337,0.0,943.1090376657337
2025-03-20,113,2025-03-20T18:50:00,2025-03-20T18:40:00,745.0410666666667,0.06673333333333333,2025-03-20T18:50:00,2025-03-20 00:00:00,2025-03-20 00:00:00,2025-03-20T18:50:00,2025-03-20T18:50:00,1.2881,727.0505180597081,3.465581817292361,768.6699703750527,3.465581817292361,41.61945231534461,9011.48168226327,2025-02-20,2025-03-19,168,28,False,456.54029223102106,0.0,308.6640963267393,10800.0,10457.03989297029,0.0,0.0,0.0,288.4340411023123,0.0,0.0,0.0,0.0,10800.0,10479.517732108541,588.0695504227782,0.0,588.0695504227782
2025-03-20,114,2025-03-20T19:00:00,2025-03-20T18:50:00,763.2066666666666,0.0,2025-03-20T19:00:00,2025-03-20 00:00:00,2025-03-20 00:00:00,2025-03-20T19:00:00,2025-03-20T19:00:00,1.3466,719.1927923782297,0.0,760.8122446935743,0.0,41.61945231534461,6574.9086189917725,2025-02-20,2025-03-19,168,28,False,0.0,0.0,760.8122446935743,10457.03989297029,9611.692954421875,0.0,0.0,0.0,763.2066666666666,0.0,0.0,0.0,0.0,10479.517732108541,9631.510324701134,0.0,0.0,0.0
2025-03-20,115,2025-03-20T19:10:00,2025-03-20T19:00:00,746.7180333333334,0.0,2025-03-20T19:10:00,2025-03-20 00:00:00,2025-03-20 00:00:00,2025-03-20T19:10:00,2025-03-20T19:10:00,1.3523,737.7335269153341,0.0,754.0050779485579,0.0,16.271551033223727,802.3211925652733,2025-02-20,2025-03-19,168,28,False,0.0,0.0,754.0050779485579,9611.692954421875,8773.909534479033,0.0,0.0,0.0,746.7180333333334,0.0,0.0,0.0,0.0,9631.510324701134,8801.82362099743,0.0,0.0,0.0
2025-03-20,116,2025-03-20T19:20:00,2025-03-20T19:10:00,714.2603,0.0048,2025-03-20T19:20:00,2025-03-20 00:00:00,2025-03-20 00:00:00,2025-03-20T19:20:00,2025-03-20T19:20:00,1.3445,741.58026886971,0.0,757.8518199029338,0.0,16.271551033223727,5755.204700196957,2025-02-20,2025-03-19,168,28,False,0.0,0.0,757.8518199029338,8773.909534479033,7931.851956809107,0.0,0.0,0.0,714.2555,0.0,0.0,0.0,0.0,8801.82362099743,8008.206398775207,0.0,0.0,0.0
2025-03-20,117,2025-03-20T19:30:00,2025-03-20T19:20:00,699.4633333333333,0.0,2025-03-20T19:30:00,2025-03-20 00:00:00,2025-03-20 00:00:00,2025-03-20T19:30:00,2025-03-20T19:30:00,1.3483,737.759758959681,0.0,754.0313099929048,0.0,16.271551033223727,3264.451460152689,2025-02-20,2025-03-19,168,28,False,0.0,0.0,754.0313099929048,7931.851956809107,7094.039390150324,0.0,0.0,0.0,699.4633333333333,0.0,0.0,0.0,0.0,8008.206398775207,7231.024917293726,0.0,0.0,0.0
2025-03-20,118,2025-03-20T19:40:00,2025-03-20T19:30:00,721.8114,0.0,2025-03-20T19:40:00,2025-03-20 00:00:00,2025-03-20 00:00:00,2025-03-20T19:40:00,2025-03-20T19:40:00,1.349,770.4005375784776,0.0,786.6720886117014,0.0,16.271551033223727,1628.5746474296438,2025-02-20,2025-03-19,168,28,False,0.0,0.0,786.6720886117014,7094.039390150324,6219.959291692878,0.0,0.0,0.0,721.8114,0.0,0.0,0.0,0.0,7231.024917293726,6429.012250627059,0.0,0.0,0.0
2025-03-20,119,2025-03-20T19:50:00,2025-03-20T19:40:00,728.4913499999999,0.00035,2025-03-20T19:50:00,2025-03-20 00:00:00,2025-03-20 00:00:00,2025-03-20T19:50:00,2025-03-20T19:50:00,1.3473,768.5193003056326,0.0,784.7908513388563,0.0,16.271551033223727,3225.560703703856,2025-02-20,2025-03-19,168,28,False,0.0,0.0,784.7908513388563,6219.959291692878,5347.969456871926,0.0,0.0,0.0,728.4909999999999,0.0,0.0,0.0,0.0,6429.012250627059,5619.577806182615,0.0,0.0,0.0
2025-03-20,120,2025-03-20T20:00:00,2025-03-20T19:50:00,726.3683333333333,0.0,2025-03-20T20:00:00,2025-03-20 00:00:00,2025-03-20 00:00:00,2025-03-20T20:00:00,2025-03-20T20:00:00,1.3482,735.3988567745278,0.0,751.6704078077515,0.0,16.271551033223727,2408.45086284327,2025-02-20,2025-03-19,168,28,False,0.0,0.0,751.6704078077515,5347.969456871926,4512.780114863313,0.0,0.0,0.0,726.3683333333333,0.0,0.0,0.0,0.0,5619.577806182615,4812.501880256689,0.0,0.0,0.0
2025-03-20,121,2025-03-20T20:10:00,2025-03-20T20:00:00,764.3365166666667,0.0,2025-03-20T20:10:00,2025-03-20 00:00:00,2025-03-20 00:00:00,2025-03-20T20:10:00,2025-03-20T20:10:00,1.3513,743.6281093779335,0.0,764.0665171583418,0.0,20.43840778040833,802.3211925652733,2025-02-20,2025-03-19,168,28,False,0.0,0.0,764.0665171583418,4512.780114863313,3663.8173180207114,0.0,0.0,0.0,764.3365166666667,0.0,0.0,0.0,0.0,4812.501880256689,3963.239083960393,0.0,0.0,0.0
2025-03-20,122,2025-03-20T20:20:00,2025-03-20T20:10:00,753.9438166666667,0.0,2025-03-20T20:20:00,2025-03-20 00:00:00,2025-03-20 00:00:00,2025-03-20T20:20:00,2025-03-20T20:20:00,1.34,732.1426956964058,0.0,752.5811034768141,0.0,20.43840778040833,1582.197407978899,2025-02-20,2025-03-19,168,28,False,0.0,0.0,752.5811034768141,3663.8173180207114,2827.6160919353624,0.0,0.0,0.0,753.9438166666667,0.0,0.0,0.0,0.0,3963.239083960393,3125.5237321085415,0.0,0.0,0.0
2025-03-20,123,2025-03-20T20:30:00,2025-03-20T20:20:00,702.5616666666666,0.0,2025-03-20T20:30:00,2025-03-20 00:00:00,2025-03-20 00:00:00,2025-03-20T20:30:00,2025-03-20T20:30:00,1.3489,701.8885938722632,0.0,722.3270016526715,0.0,20.43840778040833,802.3211925652733,2025-02-20,2025-03-19,168,28,False,0.0,0.0,722.3270016526715,2827.6160919353624,2025.030534543505,0.0,0.0,0.0,702.5616666666666,0.0,0.0,0.0,0.0,3125.5237321085415,2344.8996580344674,0.0,0.0,0.0
2025-03-20,124,2025-03-20T20:40:00,2025-03-20T20:30:00,709.3744833333334,0.0,2025-03-20T20:40:00,2025-03-20 00:00:00,2025-03-20 00:00:00,2025-03-20T20:40:00,2025-03-20T20:40:00,1.3952,722.089073308746,0.0,742.5274810891543,0.0,20.43840778040833,0.0,2025-02-20,2025-03-19,168,28,False,0.0,0.0,742.5274810891543,2025.030534543505,1200.0,0.0,0.0,0.0,709.3744833333334,0.0,0.0,0.0,0.0,2344.8996580344674,1556.705787664097,0.0,0.0,0.0
2025-03-20,125,2025-03-20T20:50:00,2025-03-20T20:40:00,719.8359833333334,0.0,2025-03-20T20:50:00,2025-03-20 00:00:00,2025-03-20 00:00:00,2025-03-20T20:50:00,2025-03-20T20:50:00,1.2226,750.188279241814,0.0,770.6266870222223,0.0,20.43840778040833,0.0,2025-02-20,2025-03-19,168,28,False,770.6266870222223,0.0,-0.0,1200.0,1200.0,0.0,0.0,50.790703688888925,0.0,0.0,0.0,0.0,0.0,1556.705787664097,1602.4174209840971,942.168187553369,0.0,942.168187553369
2025-03-20,126,2025-03-20T21:00:00,2025-03-20T20:50:00,709.5416666666666,0.0,2025-03-20T21:00:00,2025-03-20 00:00:00,2025-03-20 00:00:00,2025-03-20T21:00:00,2025-03-20T21:00:00,0.9332,745.7602092803735,0.0,766.1986170607818,0.0,20.43840778040833,0.0,2025-02-20,2025-03-19,168,28,False,766.1986170607818,0.0,0.0,1200.0,1200.0,0.0,0.0,56.65695039411514,0.0,0.0,0.0,0.0,0.0,1602.4174209840971,1653.4086763388007,715.0165494411216,0.0,715.0165494411216
2025-03-20,127,2025-03-20T21:10:00,2025-03-20T21:00:00,715.0446833333334,0.0,2025-03-20T21:10:00,2025-03-20 00:00:00,2025-03-20 00:00:00,2025-03-20T21:10:00,2025-03-20T21:10:00,0.9068,713.0984879029229,0.0,736.9543607567339,0.0,23.855872853811,0.0,2025-02-20,2025-03-19,168,28,False,736.9543607567339,0.0,0.0,1200.0,1200.0,0.0,0.0,21.909677423400467,0.0,0.0,0.0,0.0,0.0,1653.4086763388007,1673.127386019861,668.2702143342063,0.0,668.2702143342063
2025-03-20,128,2025-03-20T21:20:00,2025-03-20T21:10:00,736.4506,0.0,2025-03-20T21:20:00,2025-03-20 00:00:00,2025-03-20 00:00:00,2025-03-20T21:20:00,2025-03-20T21:20:00,0.9371,708.0021399837443,0.0,731.8580128375553,0.0,23.855872853811,0.0,2025-02-20,2025-03-19,168,28,False,731.8580128375553,0.0,0.0,1200.0,1200.0,0.0,0.0,0.0,4.592587162444715,0.0,0.0,0.0,0.0,1673.127386019861,1668.0245113949225,685.8241438300731,0.0,685.8241438300731
2025-03-20,129,2025-03-20T21:30:00,2025-03-20T21:20:00,758.9333333333334,0.0,2025-03-20T21:30:00,2025-03-20 00:00:00,2025-03-20 00:00:00,2025-03-20T21:30:00,2025-03-20T21:30:00,0.9371,734.4190213861469,0.0,758.2748942399579,0.0,23.855872853811,0.0,2025-02-20,2025-03-19,168,28,False,758.2748942399579,0.0,0.0,1200.0,1200.0,0.0,0.0,0.0,0.6584390933754776,0.0,0.0,0.0,0.0,1668.0245113949225,1667.292912402283,710.5794033922646,0.0,710.5794033922646
2025-03-20,130,2025-03-20T21:40:00,2025-03-20T21:30:00,754.3754666666667,0.0,2025-03-20T21:40:00,2025-03-20 00:00:00,2025-03-20 00:00:00,2025-03-20T21:40:00,2025-03-20T21:40:00,0.9871,733.3651323534065,0.0,757.2210052072174,0.0,23.855872853811,0.0,2025-02-20,2025-03-19,168,28,False,757.2210052072174,0.0,-0.0,1200.0,1200.0,0.0,0.0,2.845538540550706,0.0,0.0,0.0,0.0,0.0,1667.292912402283,1669.8538970887787,747.4528542400443,0.0,747.4528542400443
2025-03-20,131,2025-03-20T21:50:00,2025-03-20T21:40:00,666.9375333333334,0.0,2025-03-20T21:50:00,2025-03-20 00:00:00,2025-03-20 00:00:00,2025-03-20T21:50:00,2025-03-20T21:50:00,0.7764,656.2618139056309,0.0,680.1176867594419,0.0,23.855872853811,0.0,2025-02-20,2025-03-19,168,28,False,680.1176867594419,-0.0,0.0,1200.0,1200.0,0.0,0.0,13.180153426108518,0.0,0.0,0.0,0.0,0.0,1669.8538970887787,1681.7160351722764,528.0433720000307,0.0,528.0433720000307
2025-03-20,132,2025-03-20T22:00:00,2025-03-20T21:50:00,553.1566666666666,0.0,2025-03-20T22:00:00,2025-03-20 00:00:00,2025-03-20 00:00:00,2025-03-20T22:00:00,2025-03-20T22:00:00,0.4209,562.3002979310363,0.0,586.1561707848473,0.0,23.855872853811,0.0,2025-02-20,2025-03-19,168,28,False,1419.4895041181805,833.3333333333333,0.0,1200.0,1950.0,0.0,1.0,833.3333333333334,0.0,0.0,32.99950411818054,32.99950411818054,0.0,1681.7160351722764,2431.7160351722764,597.4631322833421,0.0,597.4631322833421
2025-03-20,133,2025-03-20T22:10:00,2025-03-20T22:00:00,538.9014666666667,0.0,2025-03-20T22:10:00,2025-03-20 00:00:00,2025-03-20 00:00:00,2025-03-20T22:10:00,2025-03-20T22:10:00,0.3859,564.5884429584306,0.0,594.9212175899162,0.0,30.33277463148561,0.0,2025-02-20,2025-03-19,168,28,False,1428.2545509232496,833.3333333333333,0.0,1950.0,2700.0,0.0,1.0,833.3333333333334,0.0,0.0,56.01975092324949,56.01975092324949,0.0,2431.7160351722764,3181.7160351722764,551.163431201282,0.0,551.163431201282
2025-03-20,134,2025-03-20T22:20:00,2025-03-20T22:10:00,553.3285,0.0,2025-03-20T22:20:00,2025-03-20 00:00:00,2025-03-20 00:00:00,2025-03-20T22:20:00,2025-03-20T22:20:00,0.4368,578.2916625060527,4.0045912647368285,608.6244371375383,4.0045912647368285,30.33277463148561,0.0,2025-02-20,2025-03-19,168,28,False,1271.286512539466,666.6666666666646,0.0,2700.0,3299.999999999998,0.0,1.0,717.958012539466,0.0,0.0,0.0,0.0,0.0,3181.7160351722764,3827.8782464577957,555.2979486772388,0.0,555.2979486772388
2025-03-20,135,2025-03-20T22:30:00,2025-03-20T22:20:00,542.64,0.0,2025-03-20T22:30:00,2025-03-20 00:00:00,2025-03-20 00:00:00,2025-03-20T22:30:00,2025-03-20T22:30:00,0.4198,564.2995774098935,8.536163070850138,594.632352041379,8.536163070850138,30.33277463148561,0.0,2025-02-20,2025-03-19,168,28,False,1419.429522303862,833.3333333333333,0.0,3299.999999999998,4049.999999999998,0.0,1.0,833.3333333333334,0.0,0.0,43.45618897052873,43.45618897052873,0.0,3827.8782464577957,4577.878246457796,595.8765134631614,0.0,595.8765134631614
2025-03-20,136,2025-03-20T22:40:00,2025-03-20T22:30:00,524.0221,0.0,2025-03-20T22:40:00,2025-03-20 00:00:00,2025-03-20 00:00:00,2025-03-20T22:40:00,2025-03-20T22:40:00,0.4186,563.975723545709,12.759152280736911,594.3084981771946,12.759152280736911,30.33277463148561,0.0,2025-02-20,2025-03-19,168,28,False,1414.882679229791,833.3333333333333,0.0,4049.999999999998,4799.999999999998,0.0,1.0,833.3333333333334,0.0,0.0,57.52724589645754,57.52724589645754,0.0,4577.878246457796,5327.878246457796,592.2698895255905,0.0,592.2698895255905
2025-03-20,137,2025-03-20T22:50:00,2025-03-20T22:40:00,526.9695666666667,0.0,2025-03-20T22:50:00,2025-03-20 00:00:00,2025-03-20 00:00:00,2025-03-20T22:50:00,2025-03-20T22:50:00,0.4241,557.1386435192198,16.614878345800904,587.4714181507054,16.614878345800904,30.33277463148561,0.0,2025-02-20,2025-03-19,168,28,False,1404.1898731382378,833.3333333333333,0.0,4799.999999999998,5549.999999999998,0.0,1.0,833.3333333333334,0.0,0.0,43.88697313823775,43.88697313823775,0.0,5327.878246457796,6077.878246457796,595.5169251979266,0.0,595.5169251979266
2025-03-20,138,2025-03-20T23:00:00,2025-03-20T22:50:00,549.4,0.0,2025-03-20T23:00:00,2025-03-20 00:00:00,2025-03-20 00:00:00,2025-03-20T23:00:00,2025-03-20T23:00:00,0.4237,552.4416765686943,20.051746195804633,582.7744512001799,20.051746195804633,30.33277463148561,0.0,2025-02-20,2025-03-19,168,28,False,1396.0560383377085,833.3333333333333,0.0,5549.999999999998,6299.999999999998,0.0,1.0,833.3333333333334,0.0,0.0,13.322705004375166,13.322705004375166,0.0,6077.878246457796,6827.878246457796,591.5089434436871,0.0,591.5089434436871
2025-03-20,139,2025-03-20T23:10:00,2025-03-20T23:00:00,559.40135,0.0,2025-03-20T23:10:00,2025-03-20 00:00:00,2025-03-20 00:00:00,2025-03-20T23:10:00,2025-03-20T23:10:00,0.4248,581.0922788633163,23.025271076022708,623.1027432070837,23.025271076022708,42.0104643437674,0.0,2025-02-20,2025-03-19,168,28,False,1433.4108054643943,833.3333333333333,0.0,6299.999999999998,7049.999999999998,0.0,1.0,833.3333333333334,0.0,0.0,40.67612213106099,40.67612213106099,0.0,6827.878246457796,7577.878246457796,608.9129101612747,0.0,608.9129101612747
2025-03-20,140,2025-03-20T23:20:00,2025-03-20T23:10:00,543.6279333333333,0.0,2025-03-20T23:20:00,2025-03-20 00:00:00,2025-03-20 00:00:00,2025-03-20T23:20:00,2025-03-20T23:20:00,0.424,586.8685626000226,25.498079251819767,628.87902694379,25.498079251819767,42.0104643437674,0.0,2025-02-20,2025-03-19,168,28,False,1436.7142810253035,833.3333333333333,0.0,7049.999999999998,7799.999999999998,0.0,1.0,833.3333333333334,0.0,0.0,59.75301435863685,59.75301435863685,0.0,7577.878246457796,8327.878246457796,609.1668551547286,0.0,609.1668551547286
2025-03-20,141,2025-03-20T23:30:00,2025-03-20T23:20:00,544.6216666666667,0.0,2025-03-20T23:30:00,2025-03-20 00:00:00,2025-03-20 00:00:00,2025-03-20T23:30:00,2025-03-20T23:30:00,0.422,570.2318275438008,27.439891600381443,612.2422918875682,27.439891600381443,42.0104643437674,0.0,2025-02-20,2025-03-19,168,28,False,1418.13573362052,833.3333333333333,0.0,7799.999999999998,8549.999999999998,0.0,1.0,833.3333333333334,0.0,0.0,40.18073362052007,40.18073362052007,0.0,8327.878246457796,9077.878246457796,598.4532795878595,0.0,598.4532795878595
2025-03-20,142,2025-03-20T23:40:00,2025-03-20T23:30:00,600.6793333333334,0.0,2025-03-20T23:40:00,2025-03-20 00:00:00,2025-03-20 00:00:00,2025-03-20T23:40:00,2025-03-20T23:40:00,0.424,576.328117448737,28.827496419027135,618.3385817925043,28.827496419027135,42.0104643437674,0.0,2025-02-20,2025-03-19,168,28,False,1422.8444187068103,833.3333333333333,0.0,8549.999999999998,9299.999999999998,0.0,1.0,822.1650853734769,0.0,0.0,0.0,0.0,0.0,9077.878246457796,9817.826823293926,603.2860335316875,0.0,603.2860335316875
2025-03-20,143,2025-03-20T23:50:00,2025-03-20T23:40:00,540.9781833333333,0.0,2025-03-20T23:50:00,2025-03-20 00:00:00,2025-03-20 00:00:00,2025-03-20T23:50:00,2025-03-20T23:50:00,0.4271,519.176111542547,29.644716932900415,561.1865758863144,29.644716932900415,42.0104643437674,0.0,2025-02-20,2025-03-19,168,28,False,1364.8751922867473,833.3333333333333,0.0,9299.999999999998,10049.999999999998,0.0,1.0,823.897008953414,0.0,0.0,0.0,0.0,0.0,9817.826823293926,10559.334131352,582.9381946256698,0.0,582.9381946256698
2025-03-20,144,2025-03-21T00:00:00,2025-03-20T23:50:00,400.1666666666667,0.0,2025-03-21T00:00:00,2025-03-20 00:00:00,2025-03-20 00:00:00,2025-03-21T00:00:00,2025-03-21T00:00:00,0.4276,422.1384874225724,29.88237800455177,464.1489517663398,29.88237800455177,42.0104643437674,0.0,2025-02-20,2025-03-19,168,28,False,1267.5999070951239,833.3333333333353,0.0,10049.999999999998,10800.0,0.0,1.0,267.4065207200005,0.0,0.0,600.0267197084565,600.0267197084565,0.0,10559.334131352,10800.0,542.025720273875,0.0,542.025720273875
2025-06-21,1,2025-06-21T00:10:00,2025-06-21T00:00:00,514.6639666666666,0.0,2025-06-21T00:10:00,2025-06-21 00:00:00,2025-06-21 00:00:00,2025-06-21T00:10:00,2025-06-21T00:10:00,0.4248,548.1673706492941,2.9584015389047487,611.301902496282,2.9584015389047487,63.13453184698792,9600.0,2025-05-24,2025-06-20,168,28,False,608.3435009573768,0.0,0.0,10800.0,10800.0,0.0,0.0,0.0,0.0,0.0,93.6795342907102,93.6795342907102,0.0,10800.0,10800.0,258.42431920669367,0.0,258.42431920669367
2025-06-21,2,2025-06-21T00:20:00,2025-06-21T00:10:00,533.34865,0.0,2025-06-21T00:20:00,2025-06-21 00:00:00,2025-06-21 00:00:00,2025-06-21T00:20:00,2025-06-21T00:20:00,0.4245,533.7440957531344,4.817945899263012,596.8786276001223,4.817945899263012,63.13453184698792,9600.0,2025-05-24,2025-06-20,168,28,False,592.0606817008593,0.0,0.0,10800.0,10800.0,0.0,0.0,0.0,0.0,0.0,58.71203170085926,58.71203170085926,0.0,10800.0,10800.0,251.32975938201474,0.0,251.32975938201474
2025-06-21,3,2025-06-21T00:30:00,2025-06-21T00:20:00,566.91,0.0,2025-06-21T00:30:00,2025-06-21 00:00:00,2025-06-21 00:00:00,2025-06-21T00:30:00,2025-06-21T00:30:00,0.4269,516.1181115193499,5.6067502480862075,579.2526433663378,5.6067502480862075,63.13453184698792,9600.0,2025-05-24,2025-06-20,168,28,False,573.6458931182516,0.0,-0.0,10800.0,10800.0,0.0,0.0,0.0,0.0,0.0,6.735893118251624,6.735893118251624,0.0,10800.0,10800.0,244.8894317721816,0.0,244.8894317721816
2025-06-21,4,2025-06-21T00:40:00,2025-06-21T00:30:00,510.58768333333336,0.0,2025-06-21T00:40:00,2025-06-21 00:00:00,2025-06-21 00:00:00,2025-06-21T00:40:00,2025-06-21T00:40:00,0.4272,522.993737845903,5.369586728659755,586.1282696928909,5.369586728659755,63.13453184698792,9600.0,2025-05-24,2025-06-20,168,28,False,580.7586829642311,0.0,0.0,10800.0,10800.0,0.0,0.0,0.0,0.0,0.0,70.17099963089771,70.17099963089771,0.0,10800.0,10800.0,248.10010936231953,0.0,248.10010936231953
2025-06-21,5,2025-06-21T00:50:00,2025-06-21T00:40:00,470.04286666666667,0.0,2025-06-21T00:50:00,2025-06-21 00:00:00,2025-06-21 00:00:00,2025-06-21T00:50:00,2025-06-21T00:50:00,0.4271,526.4533150778775,4.16777744303797,589.5878469248654,4.16777744303797,63.13453184698792,9600.0,2025-05-24,2025-06-20,168,28,False,585.4200694818275,0.0,0.0,10800.0,10800.0,0.0,0.0,0.0,0.0,0.0,115.37720281516079,115.37720281516079,0.0,10800.0,10800.0,250.0329116756885,0.0,250.0329116756885
2025-06-21,6,2025-06-21T01:00:00,2025-06-21T00:50:00,480.56333333333333,0.0,2025-06-21T01:00:00,2025-06-21 00:00:00,2025-06-21 00:00:00,2025-06-21T01:00:00,2025-06-21T01:00:00,0.4285,520.2259065962041,2.0788415222044954,583.360438443192,2.0788415222044954,63.13453184698792,9600.0,2025-05-24,2025-06-20,168,28,False,581.2815969209876,0.0,-0.0,10800.0,10800.0,0.0,0.0,0.0,0.0,0.0,100.71826358765423,100.71826358765423,0.0,10800.0,10800.0,249.07916428064317,0.0,249.07916428064317
2025-06-21,7,2025-06-21T01:10:00,2025-06-21T01:00:00,478.3299333333334,0.0,2025-06-21T01:10:00,2025-06-21 00:00:00,2025-06-21 00:00:00,2025-06-21T01:10:00,2025-06-21T01:10:00,0.4311,521.9905119006283,0.0,578.205103540075,0.0,56.21459163944662,9600.0,2025-05-24,2025-06-20,168,28,False,578.205103540075,0.0,-0.0,10800.0,10800.0,0.0,0.0,0.0,0.0,0.0,99.87517020674164,99.87517020674164,0.0,10800.0,10800.0,249.26422013612634,0.0,249.26422013612634
2025-06-21,8,2025-06-21T01:20:00,2025-06-21T01:10:00,497.6381166666667,0.0,2025-06-21T01:20:00,2025-06-21 00:00:00,2025-06-21 00:00:00,2025-06-21T01:20:00,2025-06-21T01:20:00,0.4302,504.57480129054414,0.0,560.7893929299908,0.0,56.21459163944662,9600.0,2025-05-24,2025-06-20,168,28,False,560.7893929299908,0.0,0.0,10800.0,10800.0,0.0,0.0,0.0,0.0,0.0,63.151276263324064,63.151276263324064,0.0,10800.0,10800.0,241.25159683848204,0.0,241.25159683848204
2025-06-21,9,2025-06-21T01:30:00,2025-06-21T01:20:00,527.3633333333333,0.0,2025-06-21T01:30:00,2025-06-21 00:00:00,2025-06-21 00:00:00,2025-06-21T01:30:00,2025-06-21T01:30:00,0.4279,484.0911596370474,0.0,540.305751276494,0.0,56.21459163944662,9600.0,2025-05-24,2025-06-20,168,28,False,540.305751276494,0.0,0.0,10800.0,10800.0,0.0,0.0,0.0,0.0,0.0,12.942417943160649,12.942417943160649,0.0,10800.0,10800.0,231.19683097121177,0.0,231.19683097121177
2025-06-21,10,2025-06-21T01:40:00,2025-06-21T01:30:00,510.80761666666666,0.0,2025-06-21T01:40:00,2025-06-21 00:00:00,2025-06-21 00:00:00,2025-06-21T01:40:00,2025-06-21T01:40:00,0.4312,501.37234667709487,0.0,557.5869383165415,0.0,56.21459163944662,9600.0,2025-05-24,2025-06-20,168,28,False,557.5869383165415,0.0,0.0,10800.0,10800.0,0.0,0.0,0.0,0.0,0.0,46.77932164987482,46.77932164987482,0.0,10800.0,10800.0,240.4314878020927,0.0,240.4314878020927
2025-06-21,11,2025-06-21T01:50:00,2025-06-21T01:40:00,492.3409833333333,0.0,2025-06-21T01:50:00,2025-06-21 00:00:00,2025-06-21 00:00:00,2025-06-21T01:50:00,2025-06-21T01:50:00,0.4333,482.0647613128047,0.0,538.2793529522513,0.0,56.21459163944662,9600.0,2025-05-24,2025-06-20,168,28,False,538.2793529522513,0.0,-0.0,10800.0,10800.0,0.0,0.0,0.0,0.0,0.0,45.93836961891799,45.93836961891799,0.0,10800.0,10800.0,233.2364436342105,0.0,233.2364436342105
2025-06-21,12,2025-06-21T02:00:00,2025-06-21T01:50:00,499.1033333333333,0.0,2025-06-21T02:00:00,2025-06-21 00:00:00,2025-06-21 00:00:00,2025-06-21T02:00:00,2025-06-21T02:00:00,0.4311,447.4134431464742,0.0,503.6280347859208,0.0,56.21459163944662,9600.0,2025-05-24,2025-06-20,168,28,False,503.6280347859208,0.0,0.0,10800.0,10800.0,0.0,0.0,0.0,0.0,0.0,4.5247014525875215,4.5247014525875215,0.0,10800.0,10800.0,217.11404579621046,0.0,217.11404579621046
2025-06-21,13,2025-06-21T02:10:00,2025-06-21T02:00:00,512.0669,0.0,2025-06-21T02:10:00,2025-06-21 00:00:00,2025-06-21 00:00:00,2025-06-21T02:10:00,2025-06-21T02:10:00,0.4293,490.66620868642593,0.0,525.9442995612287,0.0,35.27809087480276,9600.0,2025-05-24,2025-06-20,168,28,False,525.9442995612287,0.0,0.0,10800.0,10800.0,0.0,0.0,0.0,0.0,0.0,13.877399561228685,13.877399561228685,0.0,10800.0,10800.0,225.7878878016355,0.0,225.7878878016355
2025-06-21,14,2025-06-21T02:20:00,2025-06-21T02:10:00,502.1835833333334,0.0,2025-06-21T02:20:00,2025-06-21 00:00:00,2025-06-21 00:00:00,2025-06-21T02:20:00,2025-06-21T02:20:00,0.4324,499.73580764667804,0.0,535.0138985214808,0.0,35.27809087480276,9600.0,2025-05-24,2025-06-20,168,28,False,535.0138985214808,0.0,0.0,10800.0,10800.0,0.0,0.0,0.0,0.0,0.0,32.83031518814738,32.83031518814738,0.0,10800.0,10800.0,231.3400097206883,0.0,231.3400097206883
2025-06-21,15,2025-06-21T02:30:00,2025-06-21T02:20:00,473.125,0.0,2025-06-21T02:30:00,2025-06-21 00:00:00,2025-06-21 00:00:00,2025-06-21T02:30:00,2025-06-21T02:30:00,0.4367,461.0562630053967,0.0,496.3343538801995,0.0,35.27809087480276,9600.0,2025-05-24,2025-06-20,168,28,False,1.1368683772161603e-13,0.0,496.3343538801994,10800.0,10248.517384577557,0.0,0.0,0.0,0.0,473.1249999999999,0.0,0.0,0.0,10800.0,10800.0,4.964704203302972e-14,1033.0684374999998,1033.0684374999998
2025-06-21,16,2025-06-21T02:40:00,2025-06-21T02:30:00,458.3199833333333,0.0,2025-06-21T02:40:00,2025-06-21 00:00:00,2025-06-21 00:00:00,2025-06-21T02:40:00,2025-06-21T02:40:00,0.4348,471.8847201695005,0.0,507.1628110443032,0.0,35.27809087480276,9600.0,2025-05-24,2025-06-20,168,28,False,507.1628110443032,0.0,0.0,10248.517384577557,10248.517384577557,0.0,0.0,0.0,0.0,0.0,48.842827710969914,48.842827710969914,0.0,10800.0,10800.0,220.51439024206306,0.0,220.51439024206306
2025-06-21,17,2025-06-21T02:50:00,2025-06-21T02:40:00,470.09745,0.0,2025-06-21T02:50:00,2025-06-21 00:00:00,2025-06-21 00:00:00,2025-06-21T02:50:00,2025-06-21T02:50:00,0.4335,471.78985938914843,0.0,507.06795026395116,0.0,35.27809087480276,9600.0,2025-05-24,2025-06-20,168,28,False,507.06795026395116,0.0,0.0,10248.517384577557,10248.517384577557,0.0,0.0,0.0,0.0,0.0,36.97050026395118,36.97050026395118,0.0,10800.0,10800.0,219.81395643942284,0.0,219.81395643942284
2025-06-21,18,2025-06-21T03:00:00,2025-06-21T02:50:00,489.3733333333333,0.0,2025-06-21T03:00:00,2025-06-21 00:00:00,2025-06-21 00:00:00,2025-06-21T03:00:00,2025-06-21T03:00:00,0.4357,448.7526345589911,0.0,484.0307254337938,0.0,35.27809087480276,9600.0,2025-05-24,2025-06-20,168,28,False,484.0307254337938,0.0,0.0,10248.517384577557,10248.517384577557,0.0,0.0,0.0,0.0,5.342607899539473,0.0,0.0,0.0,10800.0,10800.0,210.89218707150394,11.63887130914674,222.53105838065068
2025-06-21,19,2025-06-21T03:10:00,2025-06-21T03:00:00,486.69823333333335,0.00019999999999999998,2025-06-21T03:10:00,2025-06-21 00:00:00,2025-06-21 00:00:00,2025-06-21T03:10:00,2025-06-21T03:10:00,0.4374,457.8576564547201,0.0,487.7635096846363,0.0,29.905853229916215,9600.0,2025-05-24,2025-06-20,168,28,False,0.0,0.0,487.7635096846363,10248.517384577557,9706.557929372406,0.0,0.0,0.0,0.0,486.69803333333334,0.0,0.0,0.0,10800.0,10800.0,0.0,1064.4085989000002,1064.4085989000002
2025-06-21,20,2025-06-21T03:20:00,2025-06-21T03:10:00,491.8388,0.0,2025-06-21T03:20:00,2025-06-21 00:00:00,2025-06-21 00:00:00,2025-06-21T03:20:00,2025-06-21T03:20:00,0.4371,466.63219101842407,0.0,496.53804424834027,0.0,29.905853229916215,9600.0,2025-05-24,2025-06-20,168,28,False,0.0,0.0,496.53804424834027,9706.557929372406,9154.848991318695,0.0,0.0,0.0,0.0,491.8388,0.0,0.0,0.0,10800.0,10800.0,0.0,1074.9136973999998,1074.9136973999998
2025-06-21,21,2025-06-21T03:30:00,2025-06-21T03:20:00,496.2516666666667,0.0,2025-06-21T03:30:00,2025-06-21 00:00:00,2025-06-21 00:00:00,2025-06-21T03:30:00,2025-06-21T03:30:00,0.4356,465.5276949910321,0.0,495.4335482209483,0.0,29.905853229916215,9600.0,2025-05-24,2025-06-20,168,28,False,495.4335482209483,0.0,0.0,9154.848991318695,9154.848991318695,0.0,0.0,0.0,0.0,0.8181184457184258,0.0,0.0,0.0,10800.0,10800.0,215.81085360504508,1.7818619747747315,217.5927155798198
2025-06-21,22,2025-06-21T03:40:00,2025-06-21T03:30:00,463.383,0.0026999999999999997,2025-06-21T03:40:00,2025-06-21 00:00:00,2025-06-21 00:00:00,2025-06-21T03:40:00,2025-06-21T03:40:00,0.4353,479.6589541034965,0.0,509.5648073334127,0.0,29.905853229916215,9600.0,2025-05-24,2025-06-20,168,28,False,509.5648073334127,0.0,0.0,9154.848991318695,9154.848991318695,0.0,0.0,0.0,0.0,0.0,46.18450733341274,46.18450733341274,0.0,10800.0,10800.0,221.81356063223456,0.0,221.81356063223456
2025-06-21,23,2025-06-21T03:50:00,2025-06-21T03:40:00,454.71765,0.0,2025-06-21T03:50:00,2025-06-21 00:00:00,2025-06-21 00:00:00,2025-06-21T03:50:00,2025-06-21T03:50:00,0.436,489.9974247346458,0.0,519.903277964562,0.0,29.905853229916215,9600.0,2025-05-24,2025-06-20,168,28,False,49.96365949221922,0.0,469.9396184723428,9154.848991318695,8632.693859682759,0.0,0.0,0.0,0.0,404.75399050778077,0.0,0.0,0.0,10800.0,10800.0,21.784155538607582,882.3636993069622,904.1478548455698
2025-06-21,24,2025-06-21T04:00:00,2025-06-21T03:50:00,477.0316666666667,0.0,2025-06-21T04:00:00,2025-06-21 00:00:00,2025-06-21 00:00:00,2025-06-21T04:00:00,2025-06-21T04:00:00,0.4378,474.8829713917944,0.0,504.7888246217106,0.0,29.905853229916215,9600.0,2025-05-24,2025-06-20,168,28,False,5.684341886080802e-14,0.0,504.78882462171055,8632.693859682759,8071.8173878808575,0.0,0.0,0.0,0.0,477.03166666666664,0.0,0.0,0.0,10800.0,10800.0,2.488604877726175e-14,1044.2223183333333,1044.2223183333333
2025-06-21,25,2025-06-21T04:10:00,2025-06-21T04:00:00,474.3197,0.03771666666666667,2025-06-21T04:10:00,2025-06-21 00:00:00,2025-06-21 00:00:00,2025-06-21T04:10:00,2025-06-21T04:10:00,0.4401,436.7978612978053,0.0,479.21118699709535,0.0,42.41332569929006,9600.0,2025-05-24,2025-06-20,168,28,False,0.0,0.0,479.21118699709535,8071.8173878808575,7539.36051343964,0.0,0.0,0.0,0.0,474.28198333333336,0.0,0.0,0.0,10800.0,10800.0,0.0,1043.657504325,1043.657504325
2025-06-21,26,2025-06-21T04:20:00,2025-06-21T04:10:00,458.1585,0.0,2025-06-21T04:20:00,2025-06-21 00:00:00,2025-06-21 00:00:00,2025-06-21T04:20:00,2025-06-21T04:20:00,0.4389,435.51018446185344,0.0,477.9235101611435,0.0,42.41332569929006,9600.0,2025-05-24,2025-06-20,168,28,False,5.684341886080802e-14,0.0,477.92351016114344,7539.36051343964,7008.33439103837,0.0,0.0,0.0,0.0,458.15849999999995,0.0,0.0,0.0,10800.0,10800.0,2.494857653800864e-14,1005.4288282499999,1005.4288282499999
2025-06-21,27,2025-06-21T04:30:00,2025-06-21T04:20:00,446.2183333333333,0.0,2025-06-21T04:30:00,2025-06-21 00:00:00,2025-06-21 00:00:00,2025-06-21T04:30:00,2025-06-21T04:30:00,0.4364,461.87675223240313,0.0,504.2900779316932,0.0,42.41332569929006,9600.0,2025-05-24,2025-06-20,168,28,False,0.0,0.0,504.2900779316932,7008.33439103837,6448.0120822253775,0.0,0.0,0.0,0.0,446.2183333333333,0.0,0.0,0.0,10800.0,10800.0,0.0,973.6484033333332,973.6484033333332
2025-06-21,28,2025-06-21T04:40:00,2025-06-21T04:30:00,443.47855,0.5252666666666667,2025-06-21T04:40:00,2025-06-21 00:00:00,2025-06-21 00:00:00,2025-06-21T04:40:00,2025-06-21T04:40:00,0.4393,450.20887895152697,12.21424887628083,492.622204650817,12.21424887628083,42.41332569929006,9600.0,2025-05-24,2025-06-20,168,28,False,0.0,0.0,480.4079557745362,6448.0120822253775,5914.225464698115,0.0,0.0,0.0,0.0,442.95328333333333,0.0,0.0,0.0,10800.0,10800.0,0.0,972.9468868416668,972.9468868416668
2025-06-21,29,2025-06-21T04:50:00,2025-06-21T04:40:00,450.38674999999995,0.0,2025-06-21T04:50:00,2025-06-21 00:00:00,2025-06-21 00:00:00,2025-06-21T04:50:00,2025-06-21T04:50:00,0.4422,438.72297016254504,28.3919328944722,481.1362958618351,28.3919328944722,42.41332569929006,9600.0,2025-05-24,2025-06-20,168,28,False,0.0,0.0,452.7443629673629,5914.225464698115,5411.176172512156,0.0,0.0,0.0,0.0,450.38674999999995,0.0,0.0,0.0,10800.0,10800.0,0.0,995.8051042499998,995.8051042499998
2025-06-21,30,2025-06-21T05:00:00,2025-06-21T04:50:00,455.3866666666667,1.2125000000000001,2025-06-21T05:00:00,2025-06-21 00:00:00,2025-06-21 00:00:00,2025-06-21T05:00:00,2025-06-21T05:00:00,0.4395,436.73393874292555,46.65068616124662,479.1472644422156,46.65068616124662,42.41332569929006,9600.0,2025-05-24,2025-06-20,168,28,False,0.0,0.0,432.496578280969,5411.176172512156,4930.624418866635,0.0,0.0,0.0,0.0,454.17416666666674,0.0,0.0,0.0,10800.0,10800.0,0.0,998.0477312500001,998.0477312500001
2025-06-21,31,2025-06-21T05:10:00,2025-06-21T05:00:00,444.1196333333333,19.460916666666666,2025-06-21T05:10:00,2025-06-21 00:00:00,2025-06-21 00:00:00,2025-06-21T05:10:00,2025-06-21T05:10:00,0.4333,417.55995842453325,66.98027840117798,484.79870823899654,66.98027840117798,67.23874981446329,9600.0,2025-05-24,2025-06-20,168,28,False,417.81842983781854,0.0,0.0,4930.624418866635,4930.624418866635,0.0,0.0,0.0,0.0,6.840286828848093,0.0,0.0,0.0,10800.0,10800.0,181.04072564872678,14.819481414699395,195.86020706342617
2025-06-21,32,2025-06-21T05:20:00,2025-06-21T05:10:00,434.4785,43.99505,2025-06-21T05:20:00,2025-06-21 00:00:00,2025-06-21 00:00:00,2025-06-21T05:20:00,2025-06-21T05:20:00,0.4439,430.40486956818233,89.35113481994951,497.6436193826456,89.35113481994951,67.23874981446329,9600.0,2025-05-24,2025-06-20,168,28,False,0.0,0.0,408.29248456269613,4930.624418866635,4476.966102685861,0.0,0.0,0.0,0.0,390.48345,0.0,0.0,0.0,10800.0,10800.0,0.0,866.678017275,866.678017275
2025-06-21,33,2025-06-21T05:30:00,2025-06-21T05:20:00,440.35833333333335,69.5125,2025-06-21T05:30:00,2025-06-21 00:00:00,2025-06-21 00:00:00,2025-06-21T05:30:00,2025-06-21T05:30:00,0.4301,469.1468676088172,113.7146373995042,536.3856174232806,113.7146373995042,67.23874981446329,9600.0,2025-05-24,2025-06-20,168,28,False,422.67098002377634,0.0,0.0,4476.966102685861,4476.966102685861,0.0,0.0,0.0,0.0,0.0,51.82514669044298,51.82514669044298,0.0,10800.0,10800.0,181.7907885082262,0.0,181.7907885082262
2025-06-21,34,2025-06-21T05:40:00,2025-06-21T05:30:00,457.51068333333336,97.93268333333333,2025-06-21T05:40:00,2025-06-21 00:00:00,2025-06-21 00:00:00,2025-06-21T05:40:00,2025-06-21T05:40:00,0.3713,472.7683408674783,140.00364382772108,540.0070906819416,140.00364382772108,67.23874981446329,9600.0,2025-05-24,2025-06-20,168,28,False,400.0034468542205,0.0,0.0,4476.966102685861,4476.966102685861,0.0,0.0,0.0,0.0,0.0,40.42544685422047,40.42544685422047,0.0,10800.0,10800.0,148.52127981697208,0.0,148.52127981697208
2025-06-21,35,2025-06-21T05:50:00,2025-06-21T05:40:00,459.67366666666663,122.63875,2025-06-21T05:50:00,2025-06-21 00:00:00,2025-06-21 00:00:00,2025-06-21T05:50:00,2025-06-21T05:50:00,0.5708,459.8187537524208,168.13321395927062,527.0575035668841,168.13321395927062,67.23874981446329,9600.0,2025-05-24,2025-06-20,168,28,False,0.0,0.0,358.92428960761345,4476.966102685861,4078.1613364551795,0.0,0.0,0.0,0.0,337.0349166666666,0.0,0.0,0.0,10800.0,10800.0,0.0,961.8976521666666,961.8976521666666
2025-06-21,36,2025-06-21T06:00:00,2025-06-21T05:50:00,456.94,148.45000000000002,2025-06-21T06:00:00,2025-06-21 00:00:00,2025-06-21 00:00:00,2025-06-21T06:00:00,2025-06-21T06:00:00,0.9099,458.40405159822404,198.00153091682557,525.6428014126873,198.00153091682557,67.23874981446329,8939.633338619056,2025-05-24,2025-06-20,168,28,False,0.0,0.0,327.6412704958617,4078.1613364551795,3714.1154803486666,0.0,0.0,0.0,308.49,0.0,0.0,0.0,0.0,10800.0,10457.233333333334,0.0,0.0,0.0
2025-06-21,37,2025-06-21T06:10:00,2025-06-21T06:00:00,481.45506666666665,189.49256666666668,2025-06-21T06:10:00,2025-06-21 00:00:00,2025-06-21 00:00:00,2025-06-21T06:10:00,2025-06-21T06:10:00,0.9368,473.6819230320887,229.49100138963857,512.7077517719551,229.49100138963857,39.02582873986645,8668.310092349666,2025-05-24,2025-06-20,168,28,False,0.0,0.0,283.2167503823166,3714.1154803486666,3399.4302021460926,0.0,0.0,0.0,291.9625,0.0,0.0,0.0,0.0,10457.233333333334,10132.830555555556,0.0,0.0,0.0
2025-06-21,38,2025-06-21T06:20:00,2025-06-21T06:10:00,488.7051666666667,242.2338,2025-06-21T06:20:00,2025-06-21 00:00:00,2025-06-21 00:00:00,2025-06-21T06:20:00,2025-06-21T06:20:00,0.8758,465.99767543152853,262.4695174071563,505.02350417139496,262.4695174071563,39.02582873986645,8825.217634431445,2025-05-24,2025-06-20,168,28,False,0.0,0.0,242.5539867642387,3399.4302021460926,3129.92577240805,0.0,0.0,0.0,96.85162901170024,149.61973765496646,0.0,0.0,0.0,10132.830555555556,10025.217634431445,0.0,655.1848311910982,655.1848311910982
2025-06-21,39,2025-06-21T06:30:00,2025-06-21T06:20:00,460.67,294.31874999999997,2025-06-21T06:30:00,2025-06-21 00:00:00,2025-06-21 00:00:00,2025-06-21T06:30:00,2025-06-21T06:30:00,0.8759,438.0086477651955,296.7918598915964,477.03447650506195,296.7918598915964,39.02582873986645,8668.310092349668,2025-05-24,2025-06-20,168,28,False,0.0,0.0,180.24261661346554,3129.92577240805,2929.6561983930883,0.0,0.0,0.0,141.21678787359943,25.13446212640062,0.0,0.0,0.0,10025.217634431445,9868.310092349668,0.0,110.07637688257152,110.07637688257152
2025-06-21,40,2025-06-21T06:40:00,2025-06-21T06:30:00,434.43561666666665,337.05043333333333,2025-06-21T06:40:00,2025-06-21 00:00:00,2025-06-21 00:00:00,2025-06-21T06:40:00,2025-06-21T06:40:00,0.8601,437.1702629933772,332.3012226528321,476.19609173324363,332.3012226528321,39.02582873986645,8668.310092349666,2025-05-24,2025-06-20,168,28,False,0.0,0.0,143.89486908041152,2929.6561983930883,2769.7730105259643,0.0,0.0,0.0,1.6370904631912709e-12,97.38518333333168,0.0,0.0,0.0,9868.310092349668,9868.310092349666,0.0,418.80498092499283,418.80498092499283
2025-06-21,41,2025-06-21T06:50:00,2025-06-21T06:40:00,477.9608166666667,391.74871666666667,2025-06-21T06:50:00,2025-06-21 00:00:00,2025-06-21 00:00:00,2025-06-21T06:50:00,2025-06-21T06:50:00,0.8442,475.2815807188668,368.8308342033623,514.3074094587332,368.8308342033623,39.02582873986645,8668.31009234967,2025-05-24,2025-06-20,168,28,False,0.0,0.0,145.4765752553709,2769.7730105259643,2608.1323713533297,0.0,0.0,0.0,0.0,86.21210000000002,0.0,0.0,0.0,9868.310092349666,9868.310092349666,0.0,363.9012741000001,363.9012741000001
2025-06-21,42,2025-06-21T07:00:00,2025-06-21T06:50:00,550.7116666666667,449.875,2025-06-21T07:00:00,2025-06-21 00:00:00,2025-06-21 00:00:00,2025-06-21T07:00:00,2025-06-21T07:00:00,0.8334,525.551744306038,406.2056538564824,564.5775730459045,406.2056538564824,39.02582873986645,8668.310092349666,2025-05-24,2025-06-20,168,28,False,0.0,0.0,158.3719191894221,2608.1323713533297,2432.163572253972,0.0,0.0,0.0,0.0,100.8366666666667,0.0,0.0,0.0,9868.310092349666,9868.310092349666,0.0,420.18639000000013,420.18639000000013
2025-06-21,43,2025-06-21T07:10:00,2025-06-21T07:00:00,542.3861499999999,479.10384999999997,2025-06-21T07:10:00,2025-06-21 00:00:00,2025-06-21 00:00:00,2025-06-21T07:10:00,2025-06-21T07:10:00,0.8092,544.6115108898315,444.2441180366863,592.6868962686091,444.2441180366863,48.075385378777554,8668.310092349668,2025-05-24,2025-06-20,168,28,False,0.0,0.0,148.44277823192277,2432.163572253972,2267.2271519962796,0.0,0.0,0.0,0.0,63.282299999999964,0.0,0.0,0.0,9868.310092349666,9868.310092349666,0.0,256.04018579999985,256.04018579999985
2025-06-21,44,2025-06-21T07:20:00,2025-06-21T07:10:00,522.9324666666666,501.0047833333333,2025-06-21T07:20:00,2025-06-21 00:00:00,2025-06-21 00:00:00,2025-06-21T07:20:00,2025-06-21T07:20:00,0.7972,539.1937409732561,482.7599125810931,587.2691263520337,482.7599125810931,48.075385378777554,8668.310092349666,2025-05-24,2025-06-20,168,28,False,0.0,0.0,104.50921377094062,2267.2271519962796,2151.105803361901,0.0,0.0,0.0,0.0,21.927683333333334,0.0,0.0,0.0,9868.310092349666,9868.310092349666,0.0,87.40374576666667,87.40374576666667
2025-06-21,45,2025-06-21T07:30:00,2025-06-21T07:20:00,529.1416666666667,537.4812499999999,2025-06-21T07:30:00,2025-06-21 00:00:00,2025-06-21 00:00:00,2025-06-21T07:30:00,2025-06-21T07:30:00,0.7644,530.2303106512974,521.5637470413232,578.305696030075,521.5637470413232,48.075385378777554,8668.310092349666,2025-05-24,2025-06-20,168,28,False,0.0,0.0,56.7419489887518,2151.105803361901,2088.059193374399,0.0,0.0,8.33958333333328,0.0,0.0,0.0,0.0,0.0,9868.310092349666,9875.815717349666,0.0,0.0,0.0
2025-06-21,46,2025-06-21T07:40:00,2025-06-21T07:30:00,526.62105,589.5878333333334,2025-06-21T07:40:00,2025-06-21 00:00:00,2025-06-21 00:00:00,2025-06-21T07:40:00,2025-06-21T07:40:00,0.6899,532.92252438573,560.4651075973683,580.9979097645075,560.4651075973683,48.075385378777554,8668.310092349666,2025-05-24,2025-06-20,168,28,False,0.0,0.0,20.532802167139266,2088.059193374399,2065.244968744244,0.0,0.0,62.96678333333341,0.0,0.0,0.0,0.0,0.0,9875.815717349666,9932.485822349665,0.0,0.0,0.0
2025-06-21,47,2025-06-21T07:50:00,2025-06-21T07:40:00,514.59605,630.8997666666667,2025-06-21T07:50:00,2025-06-21 00:00:00,2025-06-21 00:00:00,2025-06-21T07:50:00,2025-06-21T07:50:00,0.86,534.9079013423324,599.2739661533226,582.98328672111,599.2739661533226,48.075385378777554,8668.310092349666,2025-05-24,2025-06-20,168,28,False,0.0,16.29067943221264,0.0,2065.244968744244,2079.906580233235,0.0,1.0,116.30371666666667,0.0,0.0,0.0,0.0,0.0,9932.485822349665,10037.159167349664,0.0,0.0,0.0
2025-06-21,48,2025-06-21T08:00:00,2025-06-21T07:50:00,510.3933333333334,667.2375000000001,2025-06-21T08:00:00,2025-06-21 00:00:00,2025-06-21 00:00:00,2025-06-21T08:00:00,2025-06-21T08:00:00,1.1617,534.5248909262978,637.802424478143,582.6002763050753,637.802424478143,48.075385378777554,8668.310092349668,2025-05-24,2025-06-20,168,28,False,0.0,55.20214817306771,0.0,2079.906580233235,2129.588513588996,0.0,1.0,156.8441666666667,0.0,0.0,0.0,0.0,0.0,10037.159167349664,10178.318917349665,0.0,0.0,0.0
2025-06-21,49,2025-06-21T08:10:00,2025-06-21T08:00:00,527.0032833333333,722.4553999999999,2025-06-21T08:10:00,2025-06-21 00:00:00,2025-06-21 00:00:00,2025-06-21T08:10:00,2025-06-21T08:10:00,1.1683,540.8160407378639,675.8662738564752,612.8835251267242,675.8662738564752,72.0674843888603,8668.310092349668,2025-05-24,2025-06-20,168,28,False,0.0,62.98274872975105,0.0,2129.588513588996,2186.2729874457723,0.0,1.0,195.4521166666666,0.0,0.0,0.0,0.0,0.0,10178.318917349665,10354.225822349665,0.0,0.0,0.0
2025-06-21,50,2025-06-21T08:20:00,2025-06-21T08:10:00,526.8320333333334,740.3005833333333,2025-06-21T08:20:00,2025-06-21 00:00:00,2025-06-21 00:00:00,2025-06-21T08:20:00,2025-06-21T08:20:00,1.0956,536.3563744549227,713.2864525935726,608.423858843783,713.2864525935726,72.0674843888603,8668.310092349668,2025-05-24,2025-06-20,168,28,False,0.0,104.86259374978954,0.0,2186.2729874457723,2280.649321820583,0.0,1.0,213.46854999999994,0.0,0.0,0.0,0.0,0.0,10354.225822349665,10546.347517349664,0.0,0.0,0.0
2025-06-21,51,2025-06-21T08:30:00,2025-06-21T08:20:00,506.26500000000004,726.4499999999999,2025-06-21T08:30:00,2025-06-21 00:00:00,2025-06-21 00:00:00,2025-06-21T08:30:00,2025-06-21T08:30:00,1.0849,522.9241025932259,749.8903858387948,594.9915869820862,749.8903858387948,72.0674843888603,8668.310092349668,2025-05-24,2025-06-20,168,28,False,0.0,154.8987988567086,0.0,2280.649321820583,2420.058240791621,0.0,1.0,220.1849999999999,0.0,0.0,0.0,0.0,0.0,10546.347517349664,10744.514017349664,0.0,0.0,0.0
2025-06-21,52,2025-06-21T08:40:00,2025-06-21T08:30:00,505.16623333333337,746.6491666666667,2025-06-21T08:40:00,2025-06-21 00:00:00,2025-06-21 00:00:00,2025-06-21T08:40:00,2025-06-21T08:40:00,1.061,526.4198278446803,785.5131945147277,598.4873122335406,785.5131945147277,72.0674843888603,8668.31009234967,2025-05-24,2025-06-20,168,28,False,0.0,187.02588228118714,0.0,2420.058240791621,2588.381534844689,0.0,1.0,61.651091833706836,0.0,0.0,179.8318414996265,0.0,179.8318414996265,10744.514017349664,10800.0,0.0,0.0,0.0
2025-06-21,53,2025-06-21T08:50:00,2025-06-21T08:40:00,548.3231666666667,778.0861,2025-06-21T08:50:00,2025-06-21 00:00:00,2025-06-21 00:00:00,2025-06-21T08:50:00,2025-06-21T08:50:00,1.043,563.7164608606718,819.9987626212328,635.783945249532,819.9987626212328,72.0674843888603,8668.31009234967,2025-05-24,2025-06-20,168,28,False,0.0,184.21481737170075,0.0,2588.381534844689,2754.1748704792185,0.0,1.0,0.0,0.0,0.0,229.7629333333333,0.0,229.7629333333333,10800.0,10800.0,0.0,0.0,0.0
2025-06-21,54,2025-06-21T09:00:00,2025-06-21T08:50:00,608.4366666666666,791.0124999999999,2025-06-21T09:00:00,2025-06-21 00:00:00,2025-06-21 00:00:00,2025-06-21T09:00:00,2025-06-21T09:00:00,1.036,615.8530376270033,853.2006547812189,687.9205220158636,853.2006547812189,72.0674843888603,8668.31009234967,2025-05-24,2025-06-20,168,28,False,0.0,165.28013276535523,0.0,2754.1748704792185,2902.926989968038,0.0,1.0,0.0,0.0,0.0,182.57583333333332,0.0,182.57583333333332,10800.0,10800.0,0.0,0.0,0.0
2025-06-21,55,2025-06-21T09:10:00,2025-06-21T09:00:00,630.9835166666667,791.1589,2025-06-21T09:10:00,2025-06-21 00:00:00,2025-06-21 00:00:00,2025-06-21T09:10:00,2025-06-21T09:10:00,1.0147,642.1433448631116,884.9828785614694,739.6322522332223,884.9828785614694,97.48890737011067,8668.31009234967,2025-05-24,2025-06-20,168,28,False,0.0,145.35062632824713,0.0,2902.926989968038,3033.7425536634605,0.0,1.0,0.0,0.0,0.0,160.17538333333334,0.0,160.17538333333334,10800.0,10800.0,0.0,0.0,0.0
2025-06-21,56,2025-06-21T09:20:00,2025-06-21T09:10:00,641.60305,856.5730166666667,2025-06-21T09:20:00,2025-06-21 00:00:00,2025-06-21 00:00:00,2025-06-21T09:20:00,2025-06-21T09:20:00,0.9922,647.766598033343,915.2204887908865,745.2555054034538,915.2204887908865,97.48890737011067,8668.31009234967,2025-05-24,2025-06-20,168,28,False,0.0,169.96498338743277,0.0,3033.7425536634605,3186.7110387121497,0.0,1.0,0.0,0.0,0.0,214.96996666666666,0.0,214.96996666666666,10800.0,10800.0,0.0,0.0,0.0
2025-06-21,57,2025-06-21T09:30:00,2025-06-21T09:20:00,637.4333333333333,965.71875,2025-06-21T09:30:00,2025-06-21 00:00:00,2025-06-21 00:00:00,2025-06-21T09:30:00,2025-06-21T09:30:00,0.97,640.6828145385562,943.8000337633847,738.1717219086668,943.8000337633847,97.48890737011067,8668.310092349668,2025-05-24,2025-06-20,168,28,False,0.0,205.62831185471794,0.0,3186.7110387121497,3371.7765193813957,0.0,1.0,0.0,0.0,0.0,328.2854166666667,0.0,328.2854166666667,10800.0,10800.0,0.0,0.0,0.0
2025-06-21,58,2025-06-21T09:40:00,2025-06-21T09:30:00,597.0597666666666,1018.178,2025-06-21T09:40:00,2025-06-21 00:00:00,2025-06-21 00:00:00,2025-06-21T09:40:00,2025-06-21T09:40:00,0.9422,624.34857897674,970.6198458078583,721.8374863468507,970.6198458078583,97.48890737011067,8668.310092349668,2025-05-24,2025-06-20,168,28,False,0.0,248.78235946100756,0.0,3371.7765193813957,3595.6806428963027,0.0,1.0,0.0,0.0,0.0,421.11823333333336,0.0,421.11823333333336,10800.0,10800.0,0.0,0.0,0.0
2025-06-21,59,2025-06-21T09:50:00,2025-06-21T09:40:00,614.65745,1064.1836333333333,2025-06-21T09:50:00,2025-06-21 00:00:00,2025-06-21 00:00:00,2025-06-21T09:50:00,2025-06-21T09:50:00,0.9569,619.6784781257456,995.590181189251,717.1673854958563,995.590181189251,97.48890737011067,8668.310092349668,2025-05-24,2025-06-20,168,28,False,0.0,278.42279569339473,0.0,3595.6806428963027,3846.2611590203583,0.0,1.0,0.0,0.0,0.0,449.5261833333333,0.0,449.5261833333333,10800.0,10800.0,0.0,0.0,0.0
2025-06-21,60,2025-06-21T10:00:00,2025-06-21T09:50:00,666.6899999999999,1107.2562500000001,2025-06-21T10:00:00,2025-06-21 00:00:00,2025-06-21 00:00:00,2025-06-21T10:00:00,2025-06-21T10:00:00,0.9977,635.3468395048714,1018.6332166314195,732.8357468749821,1018.6332166314195,97.48890737011067,8668.310092349668,2025-05-24,2025-06-20,168,28,False,0.0,285.7974697564374,0.0,3846.2611590203583,4103.478881801152,0.0,1.0,0.0,0.0,0.0,440.5662500000002,0.0,440.5662500000002,10800.0,10800.0,0.0,0.0,0.0
2025-06-21,61,2025-06-21T10:10:00,2025-06-21T10:00:00,637.6840166666667,1098.3148833333332,2025-06-21T10:10:00,2025-06-21 00:00:00,2025-06-21 00:00:00,2025-06-21T10:10:00,2025-06-21T10:10:00,0.9919,656.4105472516372,1039.6829118859853,797.5194915470294,1039.6829118859853,141.1089442953921,8668.310092349668,2025-05-24,2025-06-20,168,28,False,0.0,242.16342033895592,0.0,4103.478881801152,4321.425960106212,0.0,1.0,0.0,0.0,0.0,460.6308666666665,0.0,460.6308666666665,10800.0,10800.0,0.0,0.0,0.0
2025-06-21,62,2025-06-21T10:20:00,2025-06-21T10:10:00,626.9162666666667,1115.9334000000001,2025-06-21T10:20:00,2025-06-21 00:00:00,2025-06-21 00:00:00,2025-06-21T10:20:00,2025-06-21T10:20:00,0.9588,643.158202116776,1058.6847496773125,784.2671464121681,1058.6847496773125,141.1089442953921,8668.31009234967,2025-05-24,2025-06-20,168,28,False,0.0,274.4176032651444,0.0,4321.425960106212,4568.401803044842,0.0,1.0,0.0,0.0,0.0,489.0171333333334,0.0,489.0171333333334,10800.0,10800.0,0.0,0.0,0.0
2025-06-21,63,2025-06-21T10:30:00,2025-06-21T10:20:00,650.3183333333333,1166.83125,2025-06-21T10:30:00,2025-06-21 00:00:00,2025-06-21 00:00:00,2025-06-21T10:30:00,2025-06-21T10:30:00,0.9549,615.4947707510047,1075.5953660021885,756.6037150463968,1075.5953660021885,141.1089442953921,8668.31009234967,2025-05-24,2025-06-20,168,28,False,0.0,318.99165095579167,0.0,4568.401803044842,4855.494288905054,0.0,1.0,0.0,0.0,0.0,516.5129166666667,0.0,516.5129166666667,10800.0,10800.0,0.0,0.0,0.0
2025-06-21,64,2025-06-21T10:40:00,2025-06-21T10:30:00,621.1255833333333,1182.3068166666667,2025-06-21T10:40:00,2025-06-21 00:00:00,2025-06-21 00:00:00,2025-06-21T10:40:00,2025-06-21T10:40:00,0.9839,631.2476311865798,1090.3820851285334,772.356575481972,1090.3820851285334,141.1089442953921,8668.31009234967,2025-05-24,2025-06-20,168,28,False,0.0,318.02550964656143,0.0,4855.494288905054,5141.71724758696,0.0,1.0,0.0,0.0,0.0,561.1812333333334,0.0,561.1812333333334,10800.0,10800.0,0.0,0.0,0.0
2025-06-21,65,2025-06-21T10:50:00,2025-06-21T10:40:00,594.26015,1207.1864666666668,2025-06-21T10:50:00,2025-06-21 00:00:00,2025-06-21 00:00:00,2025-06-21T10:50:00,2025-06-21T10:50:00,0.799,639.872875643053,1103.0223747007808,780.9818199384451,1103.0223747007808,141.1089442953921,8668.310092349668,2025-05-24,2025-06-20,168,28,False,0.0,322.04055476233566,0.0,5141.71724758696,5431.553746873063,0.0,1.0,0.0,0.0,0.0,612.9263166666668,0.0,612.9263166666668,10800.0,10800.0,0.0,0.0,0.0
2025-06-21,66,2025-06-21T11:00:00,2025-06-21T10:50:00,613.2016666666667,1233.3500000000001,2025-06-21T11:00:00,2025-06-21 00:00:00,2025-06-21 00:00:00,2025-06-21T11:00:00,2025-06-21T11:00:00,0.5025,618.490672786106,1113.5032371062043,759.5996170814981,1113.5032371062043,141.1089442953921,8668.310092349666,2025-05-24,2025-06-20,168,28,False,0.0,353.90362002470624,0.0,5431.553746873063,5750.067004895298,0.0,1.0,0.0,0.0,0.0,620.1483333333334,0.0,620.1483333333334,10800.0,10800.0,0.0,0.0,0.0
2025-06-21,67,2025-06-21T11:10:00,2025-06-21T11:00:00,657.6027666666666,1217.7636,2025-06-21T11:10:00,2025-06-21 00:00:00,2025-06-21 00:00:00,2025-06-21T11:10:00,2025-06-21T11:10:00,0.4662,598.2076752301878,1121.8205536780183,722.5099526952445,1121.8205536780183,124.30227746505666,8668.31009234967,2025-05-24,2025-06-20,168,28,False,0.0,399.31060098277385,0.0,5750.067004895298,6109.446545779794,0.0,1.0,0.0,0.0,0.0,560.1608333333334,0.0,560.1608333333334,10800.0,10800.0,0.0,0.0,0.0
2025-06-21,68,2025-06-21T11:20:00,2025-06-21T11:10:00,650.1067166666667,1297.1492333333333,2025-06-21T11:20:00,2025-06-21 00:00:00,2025-06-21 00:00:00,2025-06-21T11:20:00,2025-06-21T11:20:00,0.5007,602.8429947249109,1127.9783984051146,727.1452721899676,1127.9783984051146,124.30227746505666,8668.310092349666,2025-05-24,2025-06-20,168,28,False,0.0,400.833126215147,0.0,6109.446545779794,6470.196359373426,0.0,1.0,0.0,0.0,0.0,647.0425166666666,0.0,647.0425166666666,10800.0,10800.0,0.0,0.0,0.0
2025-06-21,69,2025-06-21T11:30:00,2025-06-21T11:20:00,607.6266666666667,1415.0375000000001,2025-06-21T11:30:00,2025-06-21 00:00:00,2025-06-21 00:00:00,2025-06-21T11:30:00,2025-06-21T11:30:00,0.4827,623.7148032360827,1131.9883375882453,748.0170807011394,1131.9883375882453,124.30227746505666,8668.310092349666,2025-05-24,2025-06-20,168,28,False,0.0,383.9712568871058,0.0,6470.196359373426,6815.770490571822,0.0,1.0,0.0,0.0,0.0,807.4108333333335,0.0,807.4108333333335,10800.0,10800.0,0.0,0.0,0.0
2025-06-21,70,2025-06-21T11:40:00,2025-06-21T11:30:00,617.5237833333333,1363.4527333333333,2025-06-21T11:40:00,2025-06-21 00:00:00,2025-06-21 00:00:00,2025-06-21T11:40:00,2025-06-21T11:40:00,0.4785,630.9513161944603,1133.8687313376786,755.253593659517,1133.8687313376786,124.30227746505666,8668.310092349666,2025-05-24,2025-06-20,168,28,False,0.0,378.61513767816155,0.0,6815.770490571822,7156.524114482167,0.0,1.0,0.0,0.0,0.0,745.92895,0.0,745.92895,10800.0,10800.0,0.0,0.0,0.0
2025-06-21,71,2025-06-21T11:50:00,2025-06-21T11:40:00,620.7188833333333,1279.6117666666667,2025-06-21T11:50:00,2025-06-21 00:00:00,2025-06-21 00:00:00,2025-06-21T11:50:00,2025-06-21T11:50:00,0.4662,630.0280845804974,1133.6440519627197,754.3303620455541,1133.6440519627197,124.30227746505666,8668.310092349666,2025-05-24,2025-06-20,168,28,False,0.0,379.31368991716556,0.0,7156.524114482167,7497.906435407617,0.0,1.0,0.0,0.0,0.0,658.8928833333333,0.0,658.8928833333333,10800.0,10800.0,0.0,0.0,0.0
2025-06-21,72,2025-06-21T12:00:00,2025-06-21T11:50:00,605.18,1277.51875,2025-06-21T12:00:00,2025-06-21 00:00:00,2025-06-21 00:00:00,2025-06-21T12:00:00,2025-06-21T12:00:00,0.4432,631.7047010105969,1131.34423317936,756.0069784756536,1131.34423317936,124.30227746505666,8668.310092349668,2025-05-24,2025-06-20,168,28,False,0.0,375.3372547037063,0.0,7497.906435407617,7835.709964640953,0.0,1.0,0.0,0.0,0.0,672.33875,0.0,672.33875,10800.0,10800.0,0.0,0.0,0.0
2025-06-21,73,2025-06-21T12:10:00,2025-06-21T12:00:00,622.59025,1340.7105166666668,2025-06-21T12:10:00,2025-06-21 00:00:00,2025-06-21 00:00:00,2025-06-21T12:10:00,2025-06-21T12:10:00,0.4411,638.6810039248611,1127.0040626838609,821.6005671963617,1127.0040626838609,182.91956327150055,8668.310092349668,2025-05-24,2025-06-20,168,28,False,0.0,305.4034954874992,0.0,7835.709964640953,8110.573110579702,0.0,1.0,0.0,0.0,0.0,718.1202666666668,0.0,718.1202666666668,10800.0,10800.0,0.0,0.0,0.0
2025-06-21,74,2025-06-21T12:20:00,2025-06-21T12:10:00,642.0392,1383.4959166666667,2025-06-21T12:20:00,2025-06-21 00:00:00,2025-06-21 00:00:00,2025-06-21T12:20:00,2025-06-21T12:20:00,0.4551,637.930472876564,1120.662629037065,820.8500361480645,1120.662629037065,182.91956327150055,8668.310092349666,2025-05-24,2025-06-20,168,28,False,0.0,299.8125928890005,0.0,8110.573110579702,8380.404444179803,0.0,1.0,0.0,0.0,0.0,741.4567166666667,0.0,741.4567166666667,10800.0,10800.0,0.0,0.0,0.0
2025-06-21,75,2025-06-21T12:30:00,2025-06-21T12:20:00,654.76,1397.16875,2025-06-21T12:30:00,2025-06-21 00:00:00,2025-06-21 00:00:00,2025-06-21T12:30:00,2025-06-21T12:30:00,0.4463,634.8198774982409,1112.362832010207,817.7394407697415,1112.362832010207,182.91956327150055,8668.310092349666,2025-05-24,2025-06-20,168,28,False,0.0,294.6233912404656,0.0,8380.404444179803,8645.565496296222,0.0,1.0,0.0,0.0,0.0,742.40875,0.0,742.40875,10800.0,10800.0,0.0,0.0,0.0
2025-06-21,76,2025-06-21T12:40:00,2025-06-21T12:30:00,676.6507333333333,1434.2979500000001,2025-06-21T12:40:00,2025-06-21 00:00:00,2025-06-21 00:00:00,2025-06-21T12:40:00,2025-06-21T12:40:00,0.4113,646.841588955367,1102.1509635949556,829.7611522268676,1102.1509635949556,182.91956327150055,8668.310092349666,2025-05-24,2025-06-20,168,28,False,0.0,272.389811368088,0.0,8645.565496296222,8890.716326527501,0.0,1.0,0.0,0.0,0.0,757.6472166666668,0.0,757.6472166666668,10800.0,10800.0,0.0,0.0,0.0
2025-06-21,77,2025-06-21T12:50:00,2025-06-21T12:40:00,652.0988,1423.7868166666667,2025-06-21T12:50:00,2025-06-21 00:00:00,2025-06-21 00:00:00,2025-06-21T12:50:00,2025-06-21T12:50:00,0.5682,652.0987717139263,1090.0763648178577,835.0183349854269,1090.0763648178577,182.91956327150055,8668.31009234967,2025-05-24,2025-06-20,168,28,False,0.0,255.05802983243075,0.0,8890.716326527501,9120.268553376689,0.0,1.0,0.0,0.0,0.0,771.6880166666667,0.0,771.6880166666667,10800.0,10800.0,0.0,0.0,0.0
2025-06-21,78,2025-06-21T13:00:00,2025-06-21T12:50:00,614.6683333333334,1341.6000000000001,2025-06-21T13:00:00,2025-06-21 00:00:00,2025-06-21 00:00:00,2025-06-21T13:00:00,2025-06-21T13:00:00,0.8279,646.7561669681677,1076.1911613637183,829.6757302396683,1076.1911613637183,182.91956327150055,8668.310092349668,2025-05-24,2025-06-20,168,28,False,0.0,246.51543112405,0.0,9120.268553376689,9342.132441388334,0.0,1.0,0.0,0.0,0.0,726.9316666666667,0.0,726.9316666666667,10800.0,10800.0,0.0,0.0,0.0
2025-06-21,79,2025-06-21T13:10:00,2025-06-21T13:00:00,651.7447166666667,1248.9026999999999,2025-06-21T13:10:00,2025-06-21 00:00:00,2025-06-21 00:00:00,2025-06-21T13:10:00,2025-06-21T13:10:00,0.8636,648.6673555172184,1060.5500788462812,798.714036847741,1060.5500788462812,150.04668133052257,8668.310092349668,2025-05-24,2025-06-20,168,28,False,0.0,261.83604199854017,0.0,9342.132441388334,9577.78487918702,0.0,1.0,0.0,0.0,0.0,597.1579833333332,0.0,597.1579833333332,10800.0,10800.0,0.0,0.0,0.0
2025-06-21,80,2025-06-21T13:20:00,2025-06-21T13:10:00,643.7692333333333,1225.8205166666667,2025-06-21T13:20:00,2025-06-21 00:00:00,2025-06-21 00:00:00,2025-06-21T13:20:00,2025-06-21T13:20:00,0.8416,650.4623137742518,1043.2103364108732,800.5089951047744,1043.2103364108732,150.04668133052257,8668.310092349666,2025-05-24,2025-06-20,168,28,False,0.0,242.7013413060988,0.0,9577.78487918702,9796.216086362509,0.0,1.0,0.0,0.0,0.0,582.0512833333333,0.0,582.0512833333333,10800.0,10800.0,0.0,0.0,0.0
2025-06-21,81,2025-06-21T13:30:00,2025-06-21T13:20:00,598.215,1223.48125,2025-06-21T13:30:00,2025-06-21 00:00:00,2025-06-21 00:00:00,2025-06-21T13:30:00,2025-06-21T13:30:00,0.8618,652.6215866870563,1024.2316152548767,802.6682680175788,1024.2316152548767,150.04668133052257,8668.310092349668,2025-05-24,2025-06-20,168,28,False,0.0,221.56334723729788,0.0,9796.216086362509,9995.623098876076,0.0,1.0,0.0,0.0,0.0,625.26625,0.0,625.26625,10800.0,10800.0,0.0,0.0,0.0
2025-06-21,82,2025-06-21T13:40:00,2025-06-21T13:30:00,641.5370166666667,1119.1241499999999,2025-06-21T13:40:00,2025-06-21 00:00:00,2025-06-21 00:00:00,2025-06-21T13:40:00,2025-06-21T13:40:00,0.8623,663.7289926898094,1003.6760966494176,813.775674020332,1003.6760966494176,150.04668133052257,8668.310092349668,2025-05-24,2025-06-20,168,28,False,0.0,189.9004226290856,0.0,9995.623098876076,10166.533479242253,0.0,1.0,0.0,0.0,0.0,477.5871333333332,0.0,477.5871333333332,10800.0,10800.0,0.0,0.0,0.0
2025-06-21,83,2025-06-21T13:50:00,2025-06-21T13:40:00,663.0396999999999,1021.2925,2025-06-21T13:50:00,2025-06-21 00:00:00,2025-06-21 00:00:00,2025-06-21T13:50:00,2025-06-21T13:50:00,0.9026,667.849563592807,981.6085621788624,817.8962449233296,981.6085621788624,150.04668133052257,8668.310092349668,2025-05-24,2025-06-20,168,28,False,0.0,163.71231725553275,0.0,10166.533479242253,10313.874564772232,0.0,1.0,0.0,0.0,0.0,358.2528000000001,0.0,358.2528000000001,10800.0,10800.0,0.0,0.0,0.0
2025-06-21,84,2025-06-21T14:00:00,2025-06-21T13:50:00,643.6416666666667,992.6999999999999,2025-06-21T14:00:00,2025-06-21 00:00:00,2025-06-21 00:00:00,2025-06-21T14:00:00,2025-06-21T14:00:00,0.9754,663.9475189379469,958.0965472203812,813.9942002684695,958.0965472203812,150.04668133052257,8668.310092349666,2025-05-24,2025-06-20,168,28,False,0.0,144.10234695191173,0.0,10313.874564772232,10443.566677028952,0.0,1.0,0.0,0.0,0.0,349.0583333333333,0.0,349.0583333333333,10800.0,10800.0,0.0,0.0,0.0
2025-06-21,85,2025-06-21T14:10:00,2025-06-21T14:00:00,674.6484166666667,990.2996333333334,2025-06-21T14:10:00,2025-06-21 00:00:00,2025-06-21 00:00:00,2025-06-21T14:10:00,2025-06-21T14:10:00,1.0002,665.7585831716751,933.2105371974244,801.8339523427092,933.2105371974244,136.07536917103403,8668.31009234967,2025-05-24,2025-06-20,168,28,False,0.0,131.37658485471525,0.0,10443.566677028952,10561.805603398196,0.0,1.0,0.0,0.0,0.0,315.65121666666676,0.0,315.65121666666676,10800.0,10800.0,0.0,0.0,0.0
2025-06-21,86,2025-06-21T14:20:00,2025-06-21T14:10:00,682.5380166666666,971.2156666666666,2025-06-21T14:20:00,2025-06-21 00:00:00,2025-06-21 00:00:00,2025-06-21T14:20:00,2025-06-21T14:20:00,0.9978,662.1466630974744,907.0241948879934,798.2220322685084,907.0241948879934,136.07536917103403,8668.31009234967,2025-05-24,2025-06-20,168,28,False,0.0,108.80216261948499,0.0,10561.805603398196,10659.727549755733,0.0,1.0,0.0,0.0,0.0,288.67764999999997,0.0,288.67764999999997,10800.0,10800.0,0.0,0.0,0.0
2025-06-21,87,2025-06-21T14:30:00,2025-06-21T14:20:00,667.8983333333333,956.3562499999999,2025-06-21T14:30:00,2025-06-21 00:00:00,2025-06-21 00:00:00,2025-06-21T14:30:00,2025-06-21T14:30:00,1.0271,653.5795046195743,879.614606076171,789.6548737906083,879.614606076171,136.07536917103403,8668.31009234967,2025-05-24,2025-06-20,168,28,False,0.0,89.95973228556261,0.0,10659.727549755733,10740.691308812738,0.0,1.0,0.0,0.0,0.0,288.4579166666666,0.0,288.4579166666666,10800.0,10800.0,0.0,0.0,0.0
2025-06-21,88,2025-06-21T14:40:00,2025-06-21T14:30:00,704.50855,994.04345,2025-06-21T14:40:00,2025-06-21 00:00:00,2025-06-21 00:00:00,2025-06-21T14:40:00,2025-06-21T14:40:00,1.0906,656.4922552668526,851.0625301236838,792.5676244378866,851.0625301236838,136.07536917103403,8668.310092349668,2025-05-24,2025-06-20,168,28,False,0.0,58.49490568579722,0.0,10740.691308812738,10793.336723929957,0.0,1.0,0.0,0.0,0.0,289.5349,0.0,289.5349,10800.0,10800.0,0.0,0.0,0.0
2025-06-21,89,2025-06-21T14:50:00,2025-06-21T14:40:00,697.0747666666666,996.54085,2025-06-21T14:50:00,2025-06-21 00:00:00,2025-06-21 00:00:00,2025-06-21T14:50:00,2025-06-21T14:50:00,0.9376,677.9736323733492,821.4526416222091,814.0490015443833,821.4526416222091,136.07536917103403,8668.310092349668,2025-05-24,2025-06-20,168,28,False,0.0,7.4036400778257985,0.0,10793.336723929957,10800.0,0.0,1.0,0.0,0.0,0.0,299.46608333333336,0.0,299.46608333333336,10800.0,10800.0,0.0,0.0,0.0
2025-06-21,90,2025-06-21T15:00:00,2025-06-21T14:50:00,646.6133333333333,946.74375,2025-06-21T15:00:00,2025-06-21 00:00:00,2025-06-21 00:00:00,2025-06-21T15:00:00,2025-06-21T15:00:00,0.6694,699.8792003095275,790.8737491760456,835.9545694805615,790.8737491760456,136.07536917103403,8668.310092349666,2025-05-24,2025-06-20,168,28,False,45.080820304515896,0.0,-0.0,10800.0,10800.0,0.0,0.0,0.0,0.0,0.0,345.21123697118253,45.080820304515896,300.13041666666663,10800.0,10800.0,30.17710111184294,0.0,30.17710111184294
2025-06-21,91,2025-06-21T15:10:00,2025-06-21T15:00:00,652.7055833333333,909.52565,2025-06-21T15:10:00,2025-06-21 00:00:00,2025-06-21 00:00:00,2025-06-21T15:10:00,2025-06-21T15:10:00,0.66,692.0320945430801,759.4189775623016,791.5598949170662,759.4189775623016,99.52780037398611,8668.310092349666,2025-05-24,2025-06-20,168,28,False,32.14091735476461,0.0,0.0,10800.0,10800.0,0.0,0.0,0.0,0.0,0.0,288.9609840214314,32.14091735476461,256.8200666666668,10800.0,10800.0,21.213005454144643,0.0,21.213005454144643
2025-06-21,92,2025-06-21T15:20:00,2025-06-21T15:10:00,654.0566333333334,858.8448,2025-06-21T15:20:00,2025-06-21 00:00:00,2025-06-21 00:00:00,2025-06-21T15:20:00,2025-06-21T15:20:00,0.7217,667.4183233510865,727.1859000197029,766.9461237250727,727.1859000197029,99.52780037398611,8668.310092349666,2025-05-24,2025-06-20,168,28,False,39.760223705369754,0.0,-0.0,10800.0,10800.0,0.0,0.0,0.0,0.0,0.0,244.54839037203635,39.760223705369754,204.7881666666666,10800.0,10800.0,28.69495344816535,0.0,28.69495344816535
2025-06-21,93,2025-06-21T15:30:00,2025-06-21T15:20:00,645.9166666666666,801.85,2025-06-21T15:30:00,2025-06-21 00:00:00,2025-06-21 00:00:00,2025-06-21T15:30:00,2025-06-21T15:30:00,0.7308,661.4376834448244,694.2766082195448,760.9654838188105,694.2766082195448,99.52780037398611,8668.31009234967,2025-05-24,2025-06-20,168,28,False,66.68887559926577,0.0,-0.0,10800.0,10800.0,0.0,0.0,0.0,0.0,0.0,222.62220893259916,66.68887559926577,155.9333333333334,10800.0,10800.0,48.73623028794343,0.0,48.73623028794343
2025-06-21,94,2025-06-21T15:40:00,2025-06-21T15:30:00,689.5025833333334,780.1588666666667,2025-06-21T15:40:00,2025-06-21 00:00:00,2025-06-21 00:00:00,2025-06-21T15:40:00,2025-06-21T15:40:00,0.7534,698.5229501209379,660.7977085596161,798.050750494924,660.7977085596161,99.52780037398611,8668.310092349668,2025-05-24,2025-06-20,168,28,False,137.25304193530792,0.0,-0.0,10800.0,10800.0,0.0,0.0,0.0,0.0,0.0,227.90932526864117,137.25304193530792,90.65628333333325,10800.0,10800.0,103.40644179406098,0.0,103.40644179406098
2025-06-21,95,2025-06-21T15:50:00,2025-06-21T15:40:00,719.5433666666667,746.87235,2025-06-21T15:50:00,2025-06-21 00:00:00,2025-06-21 00:00:00,2025-06-21T15:50:00,2025-06-21T15:50:00,0.7823,717.1628489860539,626.8602347751024,816.69064936004,626.8602347751024,99.52780037398611,8668.310092349666,2025-05-24,2025-06-20,168,28,False,189.83041458493756,0.0,-0.0,10800.0,10800.0,0.0,0.0,0.0,0.0,0.0,217.15939791827088,189.83041458493756,27.328983333333326,10800.0,10800.0,148.50433332979665,0.0,148.50433332979665
2025-06-21,96,2025-06-21T16:00:00,2025-06-21T15:50:00,702.9050000000001,675.9,2025-06-21T16:00:00,2025-06-21 00:00:00,2025-06-21 00:00:00,2025-06-21T16:00:00,2025-06-21T16:00:00,0.8055,712.0055643113861,592.579468455429,811.5333646853722,592.579468455429,99.52780037398611,8668.310092349666,2025-05-24,2025-06-20,168,28,False,218.9538962299432,0.0,-0.0,10800.0,10800.0,0.0,0.0,0.0,0.0,0.0,191.9488962299431,191.9488962299431,0.0,10800.0,10800.0,176.36736341321927,0.0,176.36736341321927
2025-06-21,97,2025-06-21T16:10:00,2025-06-21T16:00:00,672.3809666666667,593.8094166666666,2025-06-21T16:10:00,2025-06-21 00:00:00,2025-06-21 00:00:00,2025-06-21T16:10:00,2025-06-21T16:10:00,0.8271,728.1035394236874,558.0746608639924,789.7266286334943,558.0746608639924,61.62308920980693,8668.31009234967,2025-05-24,2025-06-20,168,28,False,231.65196776950188,0.0,-0.0,10800.0,10800.0,0.0,0.0,0.0,0.0,0.0,153.08041776950176,153.08041776950176,0.0,10800.0,10800.0,191.599342542155,0.0,191.599342542155
2025-06-21,98,2025-06-21T16:20:00,2025-06-21T16:10:00,663.4524333333333,560.2481333333334,2025-06-21T16:20:00,2025-06-21 00:00:00,2025-06-21 00:00:00,2025-06-21T16:20:00,2025-06-21T16:20:00,0.8519,706.3905647664639,523.4686514458455,768.0136539762708,523.4686514458455,61.62308920980693,8668.310092349668,2025-05-24,2025-06-20,168,28,False,244.54500253042534,0.0,-0.0,10800.0,10800.0,0.0,0.0,0.0,0.0,0.0,141.34070253042546,141.34070253042546,0.0,10800.0,10800.0,208.32788765566934,0.0,208.32788765566934
2025-06-21,99,2025-06-21T16:30:00,2025-06-21T16:20:00,673.67,567.7624999999999,2025-06-21T16:30:00,2025-06-21 00:00:00,2025-06-21 00:00:00,2025-06-21T16:30:00,2025-06-21T16:30:00,0.8791,682.5409659818948,488.887380540139,744.1640551917018,488.887380540139,61.62308920980693,8668.310092349668,2025-05-24,2025-06-20,168,28,False,255.27667465156276,0.0,-0.0,10800.0,10800.0,0.0,0.0,0.0,0.0,0.0,149.36917465156273,149.36917465156273,0.0,10800.0,10800.0,224.41372468618883,0.0,224.41372468618883
2025-06-21,100,2025-06-21T16:40:00,2025-06-21T16:30:00,663.9623333333333,548.5383,2025-06-21T16:40:00,2025-06-21 00:00:00,2025-06-21 00:00:00,2025-06-21T16:40:00,2025-06-21T16:40:00,0.9024,745.6835095892781,454.45929605006165,807.306598799085,454.45929605006165,61.62308920980693,8668.310092349666,2025-05-24,2025-06-20,168,28,False,352.84730274902336,0.0,-0.0,10800.0,10800.0,0.0,0.0,0.0,0.0,0.0,237.42326941569013,237.42326941569013,0.0,10800.0,10800.0,318.40940600071866,0.0,318.40940600071866
2025-06-21,101,2025-06-21T16:50:00,2025-06-21T16:40:00,603.6488499999999,494.0291666666667,2025-06-21T16:50:00,2025-06-21 00:00:00,2025-06-21 00:00:00,2025-06-21T16:50:00,2025-06-21T16:50:00,0.9163,722.912083757607,420.31465612151646,784.5351729674139,420.31465612151646,61.62308920980693,8668.31009234967,2025-05-24,2025-06-20,168,28,False,364.22051684589746,0.0,-0.0,10800.0,10800.0,0.0,0.0,0.0,0.0,0.0,254.60083351256424,254.60083351256424,0.0,10800.0,10800.0,333.73525958589585,0.0,333.73525958589585
2025-06-21,102,2025-06-21T17:00:00,2025-06-21T16:50:00,540.0500000000001,437.26875,2025-06-21T17:00:00,2025-06-21 00:00:00,2025-06-21 00:00:00,2025-06-21T17:00:00,2025-06-21T17:00:00,0.9264,616.6936384720387,386.5847321996163,678.3167276818457,386.5847321996163,61.62308920980693,8668.310092349668,2025-05-24,2025-06-20,168,28,False,291.73199548222937,0.0,-0.0,10800.0,10800.0,0.0,0.0,0.0,0.0,0.0,188.9507454822293,188.9507454822293,0.0,10800.0,10800.0,270.2605206147373,0.0,270.2605206147373
2025-06-21,103,2025-06-21T17:10:00,2025-06-21T17:00:00,555.8345333333333,413.2071,2025-06-21T17:10:00,2025-06-21 00:00:00,2025-06-21 00:00:00,2025-06-21T17:10:00,2025-06-21T17:10:00,0.9462,607.3621471140248,353.40091912539367,694.6872207072199,353.40091912539367,87.3250735931952,8668.310092349668,2025-05-24,2025-06-20,168,28,False,341.28630158182625,0.0,-0.0,10800.0,10800.0,0.0,0.0,0.0,0.0,0.0,198.65886824849292,198.65886824849292,0.0,10800.0,10800.0,322.92509855672404,0.0,322.92509855672404
2025-06-21,104,2025-06-21T17:20:00,2025-06-21T17:10:00,577.1041333333334,364.30913333333336,2025-06-21T17:20:00,2025-06-21 00:00:00,2025-06-21 00:00:00,2025-06-21T17:20:00,2025-06-21T17:20:00,0.9742,621.7616503252844,320.8937611600871,709.0867239184796,320.8937611600871,87.3250735931952,8668.31009234967,2025-05-24,2025-06-20,168,28,False,388.1929627583925,0.0,-0.0,10800.0,10800.0,0.0,0.0,0.0,0.0,0.0,175.3979627583925,175.3979627583925,0.0,10800.0,10800.0,378.17758431922596,0.0,378.17758431922596
2025-06-21,105,2025-06-21T17:30:00,2025-06-21T17:20:00,580.7116666666667,291.74375000000003,2025-06-21T17:30:00,2025-06-21 00:00:00,2025-06-21 00:00:00,2025-06-21T17:30:00,2025-06-21T17:30:00,0.9862,609.7800053163553,289.19190493790046,697.1050789095505,289.19190493790046,87.3250735931952,8668.310092349668,2025-05-24,2025-06-20,168,28,False,407.91317397165,0.0,-0.0,10800.0,10800.0,0.0,0.0,0.0,0.0,0.0,118.94525730498333,118.94525730498333,0.0,10800.0,10800.0,402.2839721708412,0.0,402.2839721708412
2025-06-21,106,2025-06-21T17:40:00,2025-06-21T17:30:00,608.2013499999999,254.73118333333332,2025-06-21T17:40:00,2025-06-21 00:00:00,2025-06-21 00:00:00,2025-06-21T17:40:00,2025-06-21T17:40:00,0.976,602.6908711593439,258.42099230892546,690.0159447525391,258.42099230892546,87.3250735931952,8668.310092349668,2025-05-24,2025-06-20,168,28,False,431.59495244361364,0.0,0.0,10800.0,10800.0,0.0,0.0,0.0,0.0,0.0,78.12478577694708,78.12478577694708,0.0,10800.0,10800.0,421.2366735849669,0.0,421.2366735849669
2025-06-21,107,2025-06-21T17:50:00,2025-06-21T17:40:00,600.7254833333333,218.40456666666668,2025-06-21T17:50:00,2025-06-21 00:00:00,2025-06-21 00:00:00,2025-06-21T17:50:00,2025-06-21T17:50:00,1.0742,601.3615955391865,228.7025078028384,688.6866691323817,228.7025078028384,87.3250735931952,8668.310092349668,2025-05-24,2025-06-20,168,28,False,459.98416132954327,0.0,0.0,10800.0,10800.0,0.0,0.0,0.0,0.0,0.0,77.66324466287665,77.66324466287665,0.0,10800.0,10800.0,494.1149861001954,0.0,494.1149861001954
2025-06-21,108,2025-06-21T18:00:00,2025-06-21T17:50:00,558.2516666666667,172.35,2025-06-21T18:00:00,2025-06-21 00:00:00,2025-06-21 00:00:00,2025-06-21T18:00:00,2025-06-21T18:00:00,1.2313,606.3221451666017,200.15259698513967,693.6472187597968,200.15259698513967,87.3250735931952,8668.310092349666,2025-05-24,2025-06-20,168,28,False,493.49462177465716,0.0,-0.0,10800.0,10800.0,0.0,0.0,0.0,0.0,0.0,107.59295510799052,107.59295510799052,0.0,10800.0,10800.0,607.6399277911354,0.0,607.6399277911354
2025-06-21,109,2025-06-21T18:10:00,2025-06-21T18:00:00,545.7471333333334,143.3881,2025-06-21T18:10:00,2025-06-21 00:00:00,2025-06-21 00:00:00,2025-06-21T18:10:00,2025-06-21T18:10:00,1.2561,620.2416875621733,172.88087325879687,720.8840380873439,172.88087325879687,100.64235052517068,8185.498722494889,2025-05-24,2025-06-20,168,28,False,12.83058143407527,0.0,535.1725833944718,10800.0,10205.363796228365,0.0,0.0,0.0,389.52845189925813,0.0,0.0,0.0,0.0,10800.0,10367.190609000825,16.116493339341947,0.0,16.116493339341947
2025-06-21,110,2025-06-21T18:20:00,2025-06-21T18:10:00,549.5005333333334,112.87578333333333,2025-06-21T18:20:00,2025-06-21 00:00:00,2025-06-21 00:00:00,2025-06-21T18:20:00,2025-06-21T18:20:00,1.2447,622.6575543872254,146.98923165729218,723.2999049123962,146.98923165729218,100.64235052517068,8185.498722494889,2025-05-24,2025-06-20,168,28,False,576.310673255104,0.0,0.0,10205.363796228365,10205.363796228365,0.0,0.0,139.68592325510394,0.0,0.0,0.0,0.0,0.0,10367.190609000825,10492.90793993042,717.3338950006279,0.0,717.3338950006279
2025-06-21,111,2025-06-21T18:30:00,2025-06-21T18:20:00,557.1316666666667,75.45,2025-06-21T18:30:00,2025-06-21 00:00:00,2025-06-21 00:00:00,2025-06-21T18:30:00,2025-06-21T18:30:00,1.2545,616.438378750639,122.57068885718127,717.0807292758097,122.57068885718127,100.64235052517068,8185.498722494889,2025-05-24,2025-06-20,168,28,False,594.5100404186285,0.0,0.0,10205.363796228365,10205.363796228365,0.0,0.0,112.82837375196186,0.0,0.0,0.0,0.0,0.0,10492.90793993042,10594.453476307184,745.8128457051694,0.0,745.8128457051694
2025-06-21,112,2025-06-21T18:40:00,2025-06-21T18:30:00,576.1385666666666,46.0094,2025-06-21T18:40:00,2025-06-21 00:00:00,2025-06-21 00:00:00,2025-06-21T18:40:00,2025-06-21T18:40:00,1.2522,623.2467936057639,99.7082689915607,723.8891441309345,99.7082689915607,100.64235052517068,8185.498722494889,2025-05-24,2025-06-20,168,28,False,624.1808751393738,0.0,0.0,10205.363796228365,10205.363796228365,0.0,0.0,94.05170847270722,0.0,0.0,0.0,0.0,0.0,10594.453476307184,10679.10001393262,781.5992918495239,0.0,781.5992918495239
2025-06-21,113,2025-06-21T18:50:00,2025-06-21T18:40:00,605.7608,20.306116666666664,2025-06-21T18:50:00,2025-06-21 00:00:00,2025-06-21 00:00:00,2025-06-21T18:50:00,2025-06-21T18:50:00,1.2881,624.5080857895767,78.47395485817768,725.1504363147474,78.47395485817768,100.64235052517068,7578.794132571113,2025-05-24,2025-06-20,168,28,False,0.0,0.0,646.6764814565697,10205.363796228365,9486.834372387731,0.0,0.0,0.0,585.4546833333334,0.0,0.0,0.0,0.0,10679.10001393262,10028.594810228917,0.0,0.0,0.0
2025-06-21,114,2025-06-21T19:00:00,2025-06-21T18:50:00,642.12,1.29375,2025-06-21T19:00:00,2025-06-21 00:00:00,2025-06-21 00:00:00,2025-06-21T19:00:00,2025-06-21T19:00:00,1.3466,623.2542538153498,58.92772378104949,723.8966043405205,58.92772378104949,100.64235052517068,5533.047685200436,2025-05-24,2025-06-20,168,28,False,0.0,0.0,664.968880559471,9486.834372387731,8747.980060654985,0.0,0.0,0.0,640.82625,0.0,0.0,0.0,0.0,10028.594810228917,9316.56564356225,0.0,0.0,0.0
2025-06-21,115,2025-06-21T19:10:00,2025-06-21T19:00:00,667.4907,0.0,2025-06-21T19:10:00,2025-06-21 00:00:00,2025-06-21 00:00:00,2025-06-21T19:10:00,2025-06-21T19:10:00,1.3523,641.4871158631313,41.11668670218751,697.9296837276642,41.11668670218751,56.442567864532826,731.9902758774157,2025-05-24,2025-06-20,168,28,False,0.0,0.0,656.8129970254766,8747.980060654985,8018.187841737789,0.0,0.0,0.0,667.4907,0.0,0.0,0.0,0.0,9316.56564356225,8574.909310228917,0.0,0.0,0.0
2025-06-21,116,2025-06-21T19:20:00,2025-06-21T19:10:00,617.7905666666667,0.54365,2025-06-21T19:20:00,2025-06-21 00:00:00,2025-06-21 00:00:00,2025-06-21T19:20:00,2025-06-21T19:20:00,1.3445,650.3274333317947,25.074348056240336,706.7700011963276,25.074348056240336,56.442567864532826,4865.969430577165,2025-05-24,2025-06-20,168,28,False,0.0,0.0,681.6956531400873,8018.187841737789,7260.748227137692,0.0,0.0,0.0,617.2469166666667,0.0,0.0,0.0,0.0,8574.909310228917,7889.07940282151,0.0,0.0,0.0
2025-06-21,117,2025-06-21T19:30:00,2025-06-21T19:20:00,548.9133333333333,0.0,2025-06-21T19:30:00,2025-06-21 00:00:00,2025-06-21 00:00:00,2025-06-21T19:30:00,2025-06-21T19:30:00,1.3483,634.8447538118457,10.820002627514446,691.2873216763786,10.820002627514446,56.442567864532826,2833.371593115486,2025-05-24,2025-06-20,168,28,False,0.0,0.0,680.4673190488642,7260.748227137692,6504.67342819451,0.0,0.0,0.0,548.9133333333333,0.0,0.0,0.0,0.0,7889.07940282151,7279.175699117806,0.0,0.0,0.0
2025-06-21,118,2025-06-21T19:40:00,2025-06-21T19:30:00,582.0875666666667,0.0,2025-06-21T19:40:00,2025-06-21 00:00:00,2025-06-21 00:00:00,2025-06-21T19:40:00,2025-06-21T19:40:00,1.349,609.2152319103272,0.0,665.6577997748601,0.0,56.442567864532826,1450.0191065525185,2025-05-24,2025-06-20,168,28,False,0.0,0.0,665.6577997748601,6504.67342819451,5765.053650666888,0.0,0.0,0.0,582.0875666666667,0.0,0.0,0.0,0.0,7279.175699117806,6632.411736154843,0.0,0.0,0.0
2025-06-21,119,2025-06-21T19:50:00,2025-06-21T19:40:00,581.7777833333333,0.03903333333333333,2025-06-21T19:50:00,2025-06-21 00:00:00,2025-06-21 00:00:00,2025-06-21T19:50:00,2025-06-21T19:50:00,1.3473,595.6007495324454,0.0,652.0433173969783,0.0,56.442567864532826,2833.9241721026056,2025-05-24,2025-06-20,168,28,False,0.0,0.0,652.0433173969783,5765.053650666888,5040.5610757813565,0.0,0.0,0.0,581.73875,0.0,0.0,0.0,0.0,6632.411736154843,5986.035347265954,0.0,0.0,0.0
2025-06-21,120,2025-06-21T20:00:00,2025-06-21T19:50:00,531.6033333333334,0.0,2025-06-21T20:00:00,2025-06-21 00:00:00,2025-06-21 00:00:00,2025-06-21T20:00:00,2025-06-21T20:00:00,1.3482,609.7125529987345,0.0,666.1551208632674,0.0,56.442567864532826,2156.465779881789,2025-05-24,2025-06-20,168,28,False,0.0,0.0,666.1551208632674,5040.5610757813565,4300.388719266615,0.0,0.0,0.0,531.6033333333334,0.0,0.0,0.0,0.0,5986.035347265954,5395.364976895584,0.0,0.0,0.0
2025-06-21,121,2025-06-21T20:10:00,2025-06-21T20:00:00,558.0394333333334,0.0,2025-06-21T20:10:00,2025-06-21 00:00:00,2025-06-21 00:00:00,2025-06-21T20:10:00,2025-06-21T20:10:00,1.3513,646.2259476075925,0.0,695.7105621382398,0.0,49.484614530647235,731.9902758774157,2025-05-24,2025-06-20,168,28,False,0.0,0.0,695.7105621382398,4300.388719266615,3527.3769835574594,0.0,0.0,0.0,558.0394333333334,0.0,0.0,0.0,0.0,5395.364976895584,4775.321162080769,0.0,0.0,0.0
2025-06-21,122,2025-06-21T20:20:00,2025-06-21T20:10:00,620.8675333333333,0.0028,2025-06-21T20:20:00,2025-06-21 00:00:00,2025-06-21 00:00:00,2025-06-21T20:20:00,2025-06-21T20:20:00,1.34,651.5921873237537,0.0,701.076801854401,0.0,49.484614530647235,1438.4369492066864,2025-05-24,2025-06-20,168,28,False,0.0,0.0,701.076801854401,3527.3769835574594,2748.4027592747916,0.0,0.0,0.0,620.8647333333333,0.0,0.0,0.0,0.0,4775.321162080769,4085.471458377065,0.0,0.0,0.0
2025-06-21,123,2025-06-21T20:30:00,2025-06-21T20:20:00,660.0216666666666,0.0,2025-06-21T20:30:00,2025-06-21 00:00:00,2025-06-21 00:00:00,2025-06-21T20:30:00,2025-06-21T20:30:00,1.3489,635.8020059963436,0.0,685.2866205269909,0.0,49.484614530647235,731.9902758774157,2025-05-24,2025-06-20,168,28,False,0.0,0.0,685.2866205269909,2748.4027592747916,1986.9731809114683,0.0,0.0,0.0,660.0216666666666,0.0,0.0,0.0,0.0,4085.471458377065,3352.114050969658,0.0,0.0,0.0
2025-06-21,124,2025-06-21T20:40:00,2025-06-21T20:30:00,646.9707500000001,0.0,2025-06-21T20:40:00,2025-06-21 00:00:00,2025-06-21 00:00:00,2025-06-21T20:40:00,2025-06-21T20:40:00,1.3952,658.7912482896742,0.0,708.2758628203214,0.0,49.484614530647235,0.0,2025-05-24,2025-06-20,168,28,False,0.0,0.0,708.2758628203214,1986.9731809114683,1200.0,0.0,0.0,0.0,646.9707500000001,0.0,0.0,0.0,0.0,3352.114050969658,2633.257662080769,0.0,0.0,0.0
2025-06-21,125,2025-06-21T20:50:00,2025-06-21T20:40:00,585.61215,0.00019999999999999998,2025-06-21T20:50:00,2025-06-21 00:00:00,2025-06-21 00:00:00,2025-06-21T20:50:00,2025-06-21T20:50:00,1.2226,679.6934547164777,0.0,729.178069247125,0.0,49.484614530647235,0.0,2025-05-24,2025-06-20,168,28,False,729.178069247125,0.0,0.0,1200.0,1200.0,0.0,0.0,143.5661192471249,0.0,0.0,0.0,0.0,0.0,2633.257662080769,2762.4671694031813,891.4931074615349,0.0,891.4931074615349
2025-06-21,126,2025-06-21T21:00:00,2025-06-21T20:50:00,526.72,0.0,2025-06-21T21:00:00,2025-06-21 00:00:00,2025-06-21 00:00:00,2025-06-21T21:00:00,2025-06-21T21:00:00,0.9332,664.3902372296194,0.0,713.8748517602667,0.0,49.484614530647235,0.0,2025-05-24,2025-06-20,168,28,False,713.8748517602667,-0.0,0.0,1200.0,1200.0,0.0,0.0,187.15485176026664,0.0,0.0,0.0,0.0,0.0,2762.4671694031813,2930.906535987421,666.1880116626809,0.0,666.1880116626809
2025-06-21,127,2025-06-21T21:10:00,2025-06-21T21:00:00,535.7850999999999,0.0,2025-06-21T21:10:00,2025-06-21 00:00:00,2025-06-21 00:00:00,2025-06-21T21:10:00,2025-06-21T21:10:00,0.9068,619.4449321919864,0.0,679.784727282775,0.0,60.33979509078857,0.0,2025-05-24,2025-06-20,168,28,False,679.784727282775,-0.0,0.0,1200.0,1200.0,0.0,-0.0,143.999627282775,0.0,0.0,0.0,0.0,0.0,2930.906535987421,3060.5062005419186,616.4287907000204,0.0,616.4287907000204
2025-06-21,128,2025-06-21T21:20:00,2025-06-21T21:10:00,581.51715,0.0,2025-06-21T21:20:00,2025-06-21 00:00:00,2025-06-21 00:00:00,2025-06-21T21:20:00,2025-06-21T21:20:00,0.9371,582.2088820049432,0.0,642.5486770957318,0.0,60.33979509078857,0.0,2025-05-24,2025-06-20,168,28,False,642.5486770957318,0.0,0.0,1200.0,1200.0,0.0,0.0,61.0315270957318,0.0,0.0,0.0,0.0,0.0,3060.5062005419186,3115.4345749280774,602.1323653064103,0.0,602.1323653064103
2025-06-21,129,2025-06-21T21:30:00,2025-06-21T21:20:00,618.915,0.0,2025-06-21T21:30:00,2025-06-21 00:00:00,2025-06-21 00:00:00,2025-06-21T21:30:00,2025-06-21T21:30:00,0.9371,578.5953863184261,0.0,638.9351814092147,0.0,60.33979509078857,0.0,2025-05-24,2025-06-20,168,28,False,638.9351814092147,0.0,0.0,1200.0,1200.0,0.0,0.0,20.02018140921473,0.0,0.0,0.0,0.0,0.0,3115.4345749280774,3133.452738196371,598.7461584985751,0.0,598.7461584985751
2025-06-21,130,2025-06-21T21:40:00,2025-06-21T21:30:00,619.2412833333334,0.0,2025-06-21T21:40:00,2025-06-21 00:00:00,2025-06-21 00:00:00,2025-06-21T21:40:00,2025-06-21T21:40:00,0.9871,601.7175683075108,0.0,662.0573633982993,0.0,60.33979509078857,0.0,2025-05-24,2025-06-20,168,28,False,662.0573633982993,0.0,0.0,1200.0,1200.0,0.0,0.0,42.816080064965945,0.0,0.0,0.0,0.0,0.0,3133.452738196371,3171.98721025484,653.5168234104613,0.0,653.5168234104613
2025-06-21,131,2025-06-21T21:50:00,2025-06-21T21:40:00,576.7794666666667,0.0,2025-06-21T21:50:00,2025-06-21 00:00:00,2025-06-21 00:00:00,2025-06-21T21:50:00,2025-06-21T21:50:00,0.7764,591.998840727297,0.0,652.3386358180855,0.0,60.33979509078857,0.0,2025-05-24,2025-06-20,168,28,False,652.3386358180855,0.0,-0.0,1200.0,1200.0,0.0,0.0,75.55916915141881,0.0,0.0,0.0,0.0,0.0,3171.98721025484,3239.9904624911173,506.4757168491616,0.0,506.4757168491616
2025-06-21,132,2025-06-21T22:00:00,2025-06-21T21:50:00,528.28,0.0,2025-06-21T22:00:00,2025-06-21 00:00:00,2025-06-21 00:00:00,2025-06-21T22:00:00,2025-06-21T22:00:00,0.4209,554.5147463283381,0.0,614.8545414191267,0.0,60.33979509078857,0.0,2025-05-24,2025-06-20,168,28,False,1448.18787475246,833.3333333333333,0.0,1200.0,1950.0,0.0,1.0,833.3333333333334,0.0,0.0,86.5745414191266,86.5745414191266,0.0,3239.9904624911173,3989.9904624911173,609.5422764833104,0.0,609.5422764833104
2025-06-21,133,2025-06-21T22:10:00,2025-06-21T22:00:00,526.8737333333333,0.0,2025-06-21T22:10:00,2025-06-21 00:00:00,2025-06-21 00:00:00,2025-06-21T22:10:00,2025-06-21T22:10:00,0.3859,548.6887148467114,0.0,611.1806574766018,0.0,62.491942629890445,0.0,2025-05-24,2025-06-20,168,28,False,1444.513990809935,833.3333333333333,0.0,1950.0,2700.0,0.0,1.0,833.3333333333334,0.0,0.0,84.30692414326825,84.30692414326825,0.0,3989.9904624911173,4739.990462491118,557.4379490535539,0.0,557.4379490535539
2025-06-21,134,2025-06-21T22:20:00,2025-06-21T22:10:00,544.7410833333333,0.0,2025-06-21T22:20:00,2025-06-21 00:00:00,2025-06-21 00:00:00,2025-06-21T22:20:00,2025-06-21T22:20:00,0.4368,543.3506929094851,0.0,605.8426355393756,0.0,62.491942629890445,0.0,2025-05-24,2025-06-20,168,28,False,1272.50930220604,666.6666666666646,0.0,2700.0,3299.999999999998,0.0,1.0,727.7682188727067,0.0,0.0,0.0,0.0,0.0,4739.990462491118,5394.981859476554,555.8320632035983,0.0,555.8320632035983
2025-06-21,135,2025-06-21T22:30:00,2025-06-21T22:20:00,552.865,0.0,2025-06-21T22:30:00,2025-06-21 00:00:00,2025-06-21 00:00:00,2025-06-21T22:30:00,2025-06-21T22:30:00,0.4198,540.4310662249106,0.0,602.9230088548011,0.0,62.491942629890445,0.0,2025-05-24,2025-06-20,168,28,False,1436.2563421881343,833.3333333333333,0.0,3299.999999999998,4049.999999999998,0.0,1.0,833.3333333333334,0.0,0.0,50.05800885480096,50.05800885480096,0.0,5394.981859476554,6144.981859476554,602.9404124505788,0.0,602.9404124505788
2025-06-21,136,2025-06-21T22:40:00,2025-06-21T22:30:00,546.83985,0.0,2025-06-21T22:40:00,2025-06-21 00:00:00,2025-06-21 00:00:00,2025-06-21T22:40:00,2025-06-21T22:40:00,0.4186,576.6444980074301,4.034942200053126,639.1364406373206,4.034942200053126,62.491942629890445,0.0,2025-05-24,2025-06-20,168,28,False,1468.4348317706008,833.3333333333333,0.0,4049.999999999998,4799.999999999998,0.0,1.0,833.3333333333334,0.0,0.0,88.26164843726747,88.26164843726747,0.0,6144.981859476554,6894.981859476554,614.6868205791735,0.0,614.6868205791735
2025-06-21,137,2025-06-21T22:50:00,2025-06-21T22:40:00,541.7929,0.0,2025-06-21T22:50:00,2025-06-21 00:00:00,2025-06-21 00:00:00,2025-06-21T22:50:00,2025-06-21T22:50:00,0.4241,602.8511919027334,9.624375448246107,665.3431345326238,9.624375448246107,62.491942629890445,0.0,2025-05-24,2025-06-20,168,28,False,1489.0520924177108,833.3333333333333,0.0,4799.999999999998,5549.999999999998,0.0,1.0,833.3333333333334,0.0,0.0,113.92585908437741,113.92585908437741,0.0,6894.981859476554,7644.981859476554,631.5069923943511,0.0,631.5069923943511
2025-06-21,138,2025-06-21T23:00:00,2025-06-21T22:50:00,531.7316666666667,0.0,2025-06-21T23:00:00,2025-06-21 00:00:00,2025-06-21 00:00:00,2025-06-21T23:00:00,2025-06-21T23:00:00,0.4237,580.0341795808991,14.856048032945308,642.5261222107896,14.856048032945308,62.491942629890445,0.0,2025-05-24,2025-06-20,168,28,False,1461.0034075111776,833.3333333333333,0.0,5549.999999999998,6299.999999999998,0.0,1.0,833.3333333333334,0.0,0.0,95.9384075111775,95.9384075111775,0.0,7644.981859476554,8394.981859476553,619.0271437624859,0.0,619.0271437624859
2025-06-21,139,2025-06-21T23:10:00,2025-06-21T23:00:00,499.8227166666666,0.0,2025-06-21T23:10:00,2025-06-21 00:00:00,2025-06-21 00:00:00,2025-06-21T23:10:00,2025-06-21T23:10:00,0.4248,519.3239296796842,19.614657312196677,617.4400662482257,19.614657312196677,98.11613656854146,0.0,2025-05-24,2025-06-20,168,28,False,1431.1587422693624,833.3333333333333,0.0,6299.999999999998,7049.999999999998,0.0,1.0,833.3333333333334,0.0,0.0,98.00269226936246,98.00269226936246,0.0,8394.981859476553,9144.981859476553,607.9562337160252,0.0,607.9562337160252
2025-06-21,140,2025-06-21T23:20:00,2025-06-21T23:10:00,486.82905,0.0,2025-06-21T23:20:00,2025-06-21 00:00:00,2025-06-21 00:00:00,2025-06-21T23:20:00,2025-06-21T23:20:00,0.424,499.64079001720904,23.796761097388732,597.7569265857505,23.796761097388732,98.11613656854146,0.0,2025-05-24,2025-06-20,168,28,False,1407.293498821695,833.3333333333333,0.0,7049.999999999998,7799.999999999998,0.0,1.0,833.3333333333334,0.0,0.0,87.13111548836162,87.13111548836162,0.0,9144.981859476553,9894.981859476553,596.6924435003987,0.0,596.6924435003987
2025-06-21,141,2025-06-21T23:30:00,2025-06-21T23:20:00,498.2166666666667,0.0,2025-06-21T23:30:00,2025-06-21 00:00:00,2025-06-21 00:00:00,2025-06-21T23:30:00,2025-06-21T23:30:00,0.422,526.2722967206099,27.312235314326642,624.3884332891514,27.312235314326642,98.11613656854146,0.0,2025-05-24,2025-06-20,168,28,False,1430.409531308158,833.3333333333333,0.0,7799.999999999998,8549.999999999998,0.0,1.0,833.3333333333334,0.0,0.0,98.8595313081579,98.8595313081579,0.0,9894.981859476553,10644.981859476553,603.6328222120427,0.0,603.6328222120427
2025-06-21,142,2025-06-21T23:40:00,2025-06-21T23:30:00,504.09516666666667,0.0,2025-06-21T23:40:00,2025-06-21 00:00:00,2025-06-21 00:00:00,2025-06-21T23:40:00,2025-06-21T23:40:00,0.424,539.5465017132791,30.08557135616174,637.6626382818206,30.08557135616174,98.11613656854146,0.0,2025-05-24,2025-06-20,168,28,False,1440.910400258992,833.3333333333333,0.0,8549.999999999998,9299.999999999998,0.0,1.0,172.24237835938564,0.0,0.0,764.5728552329397,764.5728552329397,0.0,10644.981859476553,10800.0,610.9460097098126,0.0,610.9460097098126
2025-06-21,143,2025-06-21T23:50:00,2025-06-21T23:40:00,532.2190166666667,0.0,2025-06-21T23:50:00,2025-06-21 00:00:00,2025-06-21 00:00:00,2025-06-21T23:50:00,2025-06-21T23:50:00,0.4271,577.785588503953,32.05699352722994,675.9017250724945,32.05699352722994,98.11613656854146,0.0,2025-05-24,2025-06-20,168,28,False,1477.178064878598,833.3333333333333,0.0,9299.999999999998,10049.999999999998,0.0,1.0,0.0,0.0,0.0,944.9590482119313,944.9590482119313,0.0,10800.0,10800.0,630.9027515096492,0.0,630.9027515096492
2025-06-21,144,2025-06-22T00:00:00,2025-06-21T23:50:00,606.0233333333333,0.0,2025-06-22T00:00:00,2025-06-21 00:00:00,2025-06-21 00:00:00,2025-06-22T00:00:00,2025-06-22T00:00:00,0.4276,634.880711669421,33.183379341076595,732.9968482379625,33.183379341076595,98.11613656854146,0.0,2025-05-24,2025-06-20,168,28,False,1533.1468022302215,833.3333333333353,0.0,10049.999999999998,10800.0,0.0,1.0,0.0,0.0,0.0,927.1234688968882,927.1234688968882,0.0,10800.0,10800.0,655.5735726336427,0.0,655.5735726336427
2025-09-23,1,2025-09-23T00:10:00,2025-09-23T00:00:00,570.1843333333334,0.0,2025-09-23T00:10:00,2025-09-23 00:00:00,2025-09-23 00:00:00,2025-09-23T00:10:00,2025-09-23T00:10:00,0.4248,631.4073338183621,1.5052178713259252,674.1654877568499,1.5052178713259252,42.758153938487794,9600.0,2025-08-26,2025-09-22,168,28,False,672.6602698855222,0.0,0.0,10800.0,10800.0,0.0,0.0,0.0,0.0,0.0,102.47593655218884,102.47593655218884,0.0,10800.0,10800.0,285.74608264736986,0.0,285.74608264736986
2025-09-23,2,2025-09-23T00:20:00,2025-09-23T00:10:00,560.3181833333333,0.0,2025-09-23T00:20:00,2025-09-23 00:00:00,2025-09-23 00:00:00,2025-09-23T00:20:00,2025-09-23T00:20:00,0.4245,634.3156006390212,2.2754667566647484,677.073754577509,2.2754667566647484,42.758153938487794,9600.0,2025-08-26,2025-09-22,168,28,False,674.7982878208443,0.0,0.0,10800.0,10800.0,0.0,0.0,0.0,0.0,0.0,114.48010448751097,114.48010448751097,0.0,10800.0,10800.0,286.4518731799484,0.0,286.4518731799484
2025-09-23,3,2025-09-23T00:30:00,2025-09-23T00:20:00,564.7666666666667,0.0,2025-09-23T00:30:00,2025-09-23 00:00:00,2025-09-23 00:00:00,2025-09-23T00:30:00,2025-09-23T00:30:00,0.4269,592.810113665206,2.3311656038014874,635.5682676036938,2.3311656038014874,42.758153938487794,9600.0,2025-08-26,2025-09-22,168,28,False,633.2371019998923,0.0,-0.0,10800.0,10800.0,0.0,0.0,0.0,0.0,0.0,68.47043533322562,68.47043533322562,0.0,10800.0,10800.0,270.328918843754,0.0,270.328918843754
2025-09-23,4,2025-09-23T00:40:00,2025-09-23T00:30:00,598.5089166666667,0.0,2025-09-23T00:40:00,2025-09-23 00:00:00,2025-09-23 00:00:00,2025-09-23T00:40:00,2025-09-23T00:40:00,0.4272,578.897118429304,1.7000264214239884,621.6552723677918,1.7000264214239884,42.758153938487794,9600.0,2025-08-26,2025-09-22,168,28,False,619.9552459463678,0.0,-0.0,10800.0,10800.0,0.0,0.0,0.0,0.0,0.0,21.446329279701104,21.446329279701104,0.0,10800.0,10800.0,264.8448810682883,0.0,264.8448810682883
2025-09-23,5,2025-09-23T00:50:00,2025-09-23T00:40:00,606.51065,0.0,2025-09-23T00:50:00,2025-09-23 00:00:00,2025-09-23 00:00:00,2025-09-23T00:50:00,2025-09-23T00:50:00,0.4271,571.2842110457367,0.4170476667353,614.0423649842245,0.4170476667353,42.758153938487794,9600.0,2025-08-26,2025-09-22,168,28,False,613.6253173174891,0.0,0.0,10800.0,10800.0,0.0,0.0,0.0,0.0,0.0,7.114667317489079,7.114667317489079,0.0,10800.0,10800.0,262.0793730262996,0.0,262.0793730262996
2025-09-23,6,2025-09-23T01:00:00,2025-09-23T00:50:00,589.77,0.0,2025-09-23T01:00:00,2025-09-23 00:00:00,2025-09-23 00:00:00,2025-09-23T01:00:00,2025-09-23T01:00:00,0.4285,561.6943163816796,0.0,604.4524703201674,0.0,42.758153938487794,9600.0,2025-08-26,2025-09-22,168,28,False,604.4524703201674,0.0,-0.0,10800.0,10800.0,0.0,0.0,0.0,0.0,0.0,14.682470320167454,14.682470320167454,0.0,10800.0,10800.0,259.0078835321917,0.0,259.0078835321917
2025-09-23,7,2025-09-23T01:10:00,2025-09-23T01:00:00,597.35335,0.0,2025-09-23T01:10:00,2025-09-23 00:00:00,2025-09-23 00:00:00,2025-09-23T01:10:00,2025-09-23T01:10:00,0.4311,568.2791411237623,0.0,606.5922791669068,0.0,38.3131380431445,9600.0,2025-08-26,2025-09-22,168,28,False,606.5922791669068,0.0,-0.0,10800.0,10800.0,0.0,0.0,0.0,0.0,0.0,9.238929166906814,9.238929166906814,0.0,10800.0,10800.0,261.5019315488535,0.0,261.5019315488535
2025-09-23,8,2025-09-23T01:20:00,2025-09-23T01:10:00,579.9716666666667,0.0,2025-09-23T01:20:00,2025-09-23 00:00:00,2025-09-23 00:00:00,2025-09-23T01:20:00,2025-09-23T01:20:00,0.4302,567.0066462084405,0.0,605.319784251585,0.0,38.3131380431445,9600.0,2025-08-26,2025-09-22,168,28,False,605.319784251585,0.0,0.0,10800.0,10800.0,0.0,0.0,0.0,0.0,0.0,25.348117584918327,25.348117584918327,0.0,10800.0,10800.0,260.4085711850319,0.0,260.4085711850319
2025-09-23,9,2025-09-23T01:30:00,2025-09-23T01:20:00,552.68,0.0,2025-09-23T01:30:00,2025-09-23 00:00:00,2025-09-23 00:00:00,2025-09-23T01:30:00,2025-09-23T01:30:00,0.4279,558.4936776451751,0.0,596.8068156883196,0.0,38.3131380431445,9600.0,2025-08-26,2025-09-22,168,28,False,596.8068156883196,0.0,0.0,10800.0,10800.0,0.0,0.0,0.0,0.0,0.0,44.12681568831965,44.12681568831965,0.0,10800.0,10800.0,255.37363643303195,0.0,255.37363643303195
2025-09-23,10,2025-09-23T01:40:00,2025-09-23T01:30:00,584.05335,0.0,2025-09-23T01:40:00,2025-09-23 00:00:00,2025-09-23 00:00:00,2025-09-23T01:40:00,2025-09-23T01:40:00,0.4312,569.951803356556,0.0,608.2649413997004,0.0,38.3131380431445,9600.0,2025-08-26,2025-09-22,168,28,False,608.2649413997004,0.0,0.0,10800.0,10800.0,0.0,0.0,0.0,0.0,0.0,24.21159139970041,24.21159139970041,0.0,10800.0,10800.0,262.28384273155086,0.0,262.28384273155086
2025-09-23,11,2025-09-23T01:50:00,2025-09-23T01:40:00,601.8616166666667,0.0,2025-09-23T01:50:00,2025-09-23 00:00:00,2025-09-23 00:00:00,2025-09-23T01:50:00,2025-09-23T01:50:00,0.4333,592.2237249415078,0.0,630.5368629846523,0.0,38.3131380431445,9600.0,2025-08-26,2025-09-22,168,28,False,630.5368629846523,0.0,-0.0,10800.0,10800.0,0.0,0.0,0.0,0.0,0.0,28.675246317985625,28.675246317985625,0.0,10800.0,10800.0,273.21162273124986,0.0,273.21162273124986
2025-09-23,12,2025-09-23T02:00:00,2025-09-23T01:50:00,590.6066666666667,0.0,2025-09-23T02:00:00,2025-09-23 00:00:00,2025-09-23 00:00:00,2025-09-23T02:00:00,2025-09-23T02:00:00,0.4311,599.2589197933457,0.0,637.5720578364902,0.0,38.3131380431445,9600.0,2025-08-26,2025-09-22,168,28,False,637.5720578364902,0.0,0.0,10800.0,10800.0,0.0,0.0,0.0,0.0,0.0,46.96539116982353,46.96539116982353,0.0,10800.0,10800.0,274.8573141333109,0.0,274.8573141333109
2025-09-23,13,2025-09-23T02:10:00,2025-09-23T02:00:00,604.56305,0.0,2025-09-23T02:10:00,2025-09-23 00:00:00,2025-09-23 00:00:00,2025-09-23T02:10:00,2025-09-23T02:10:00,0.4293,573.8667704134418,0.0,610.8418735927806,0.0,36.97510317933883,9600.0,2025-08-26,2025-09-22,168,28,False,610.8418735927806,0.0,0.0,10800.0,10800.0,0.0,0.0,0.0,0.0,0.0,6.278823592780668,6.278823592780668,0.0,10800.0,10800.0,262.23441633338075,0.0,262.23441633338075
2025-09-23,14,2025-09-23T02:20:00,2025-09-23T02:10:00,607.7995500000001,0.0,2025-09-23T02:20:00,2025-09-23 00:00:00,2025-09-23 00:00:00,2025-09-23T02:20:00,2025-09-23T02:20:00,0.4324,562.0552561869009,0.0,599.0303593662397,0.0,36.97510317933883,9600.0,2025-08-26,2025-09-22,168,28,False,599.0303593662397,0.0,0.0,10800.0,10800.0,0.0,0.0,0.0,0.0,8.769190633760331,0.0,0.0,0.0,10800.0,10800.0,259.0207273899621,18.958990150189837,277.9797175401519
2025-09-23,15,2025-09-23T02:30:00,2025-09-23T02:20:00,594.9866666666667,0.0,2025-09-23T02:30:00,2025-09-23 00:00:00,2025-09-23 00:00:00,2025-09-23T02:30:00,2025-09-23T02:30:00,0.4367,582.9429710820172,0.0,619.918074261356,0.0,36.97510317933883,9600.0,2025-08-26,2025-09-22,168,28,False,619.918074261356,0.0,0.0,10800.0,10800.0,0.0,0.0,0.0,0.0,0.0,24.93140759468929,24.93140759468929,0.0,10800.0,10800.0,270.71822302993417,0.0,270.71822302993417
2025-09-23,16,2025-09-23T02:40:00,2025-09-23T02:30:00,598.5124,0.0,2025-09-23T02:40:00,2025-09-23 00:00:00,2025-09-23 00:00:00,2025-09-23T02:40:00,2025-09-23T02:40:00,0.4348,609.8284638065127,0.0,646.8035669858515,0.0,36.97510317933883,9600.0,2025-08-26,2025-09-22,168,28,False,646.8035669858515,0.0,0.0,10800.0,10800.0,0.0,0.0,0.0,0.0,0.0,48.29116698585153,48.29116698585153,0.0,10800.0,10800.0,281.23019092544826,0.0,281.23019092544826
2025-09-23,17,2025-09-23T02:50:00,2025-09-23T02:40:00,587.2797666666667,0.0,2025-09-23T02:50:00,2025-09-23 00:00:00,2025-09-23 00:00:00,2025-09-23T02:50:00,2025-09-23T02:50:00,0.4335,606.2665614212085,0.0,643.2416646005473,0.0,36.97510317933883,9600.0,2025-08-26,2025-09-22,168,28,False,643.2416646005473,0.0,0.0,10800.0,10800.0,0.0,0.0,0.0,0.0,0.0,55.961897933880664,55.961897933880664,0.0,10800.0,10800.0,278.8452616043373,0.0,278.8452616043373
2025-09-23,18,2025-09-23T03:00:00,2025-09-23T02:50:00,567.005,0.0,2025-09-23T03:00:00,2025-09-23 00:00:00,2025-09-23 00:00:00,2025-09-23T03:00:00,2025-09-23T03:00:00,0.4357,589.680346292795,0.0,626.6554494721338,0.0,36.97510317933883,9600.0,2025-08-26,2025-09-22,168,28,False,626.6554494721338,0.0,0.0,10800.0,10800.0,0.0,0.0,0.0,0.0,0.0,59.6504494721338,59.6504494721338,0.0,10800.0,10800.0,273.03377933500866,0.0,273.03377933500866
2025-09-23,19,2025-09-23T03:10:00,2025-09-23T03:00:00,578.4799333333334,0.0,2025-09-23T03:10:00,2025-09-23 00:00:00,2025-09-23 00:00:00,2025-09-23T03:10:00,2025-09-23T03:10:00,0.4374,607.2056895750735,0.0,643.0350647310196,0.0,35.82937515594608,9600.0,2025-08-26,2025-09-22,168,28,False,643.0350647310196,0.0,0.0,10800.0,10800.0,0.0,0.0,0.0,0.0,0.0,64.55513139768618,64.55513139768618,0.0,10800.0,10800.0,281.26353731334797,0.0,281.26353731334797
2025-09-23,20,2025-09-23T03:20:00,2025-09-23T03:10:00,591.0519666666667,0.0,2025-09-23T03:20:00,2025-09-23 00:00:00,2025-09-23 00:00:00,2025-09-23T03:20:00,2025-09-23T03:20:00,0.4371,604.9293115349354,0.0,640.7586866908815,0.0,35.82937515594608,9600.0,2025-08-26,2025-09-22,168,28,False,640.7586866908815,0.0,0.0,10800.0,10800.0,0.0,0.0,0.0,0.0,0.0,49.70672002421486,49.70672002421486,0.0,10800.0,10800.0,280.0756219525843,0.0,280.0756219525843
2025-09-23,21,2025-09-23T03:30:00,2025-09-23T03:20:00,586.85,0.0,2025-09-23T03:30:00,2025-09-23 00:00:00,2025-09-23 00:00:00,2025-09-23T03:30:00,2025-09-23T03:30:00,0.4356,581.2338985439543,0.0,617.0632736999004,0.0,35.82937515594608,9600.0,2025-08-26,2025-09-22,168,28,False,617.0632736999004,0.0,0.0,10800.0,10800.0,0.0,0.0,0.0,0.0,0.0,30.213273699900355,30.213273699900355,0.0,10800.0,10800.0,268.7927620236766,0.0,268.7927620236766
2025-09-23,22,2025-09-23T03:40:00,2025-09-23T03:30:00,582.1735833333333,0.0,2025-09-23T03:40:00,2025-09-23 00:00:00,2025-09-23 00:00:00,2025-09-23T03:40:00,2025-09-23T03:40:00,0.4353,590.8804903758991,0.0,626.7098655318451,0.0,35.82937515594608,9600.0,2025-08-26,2025-09-22,168,28,False,626.7098655318451,0.0,0.0,10800.0,10800.0,0.0,0.0,0.0,0.0,0.0,44.5362821985118,44.5362821985118,0.0,10800.0,10800.0,272.8068044660122,0.0,272.8068044660122
2025-09-23,23,2025-09-23T03:50:00,2025-09-23T03:40:00,602.7533333333333,0.0,2025-09-23T03:50:00,2025-09-23 00:00:00,2025-09-23 00:00:00,2025-09-23T03:50:00,2025-09-23T03:50:00,0.436,603.4077351539221,0.0,639.2371103098682,0.0,35.82937515594608,9600.0,2025-08-26,2025-09-22,168,28,False,639.2371103098682,0.0,0.0,10800.0,10800.0,0.0,0.0,0.0,0.0,0.0,36.48377697653484,36.48377697653484,0.0,10800.0,10800.0,278.7073800951025,0.0,278.7073800951025
2025-09-23,24,2025-09-23T04:00:00,2025-09-23T03:50:00,623.1283333333333,0.0,2025-09-23T04:00:00,2025-09-23 00:00:00,2025-09-23 00:00:00,2025-09-23T04:00:00,2025-09-23T04:00:00,0.4378,610.5912649563505,0.0,646.4206401122966,0.0,35.82937515594608,9600.0,2025-08-26,2025-09-22,168,28,False,646.4206401122966,0.0,0.0,10800.0,10800.0,0.0,0.0,0.0,0.0,0.0,23.29230677896328,23.29230677896328,0.0,10800.0,10800.0,283.0029562411635,0.0,283.0029562411635
2025-09-23,25,2025-09-23T04:10:00,2025-09-23T04:00:00,595.523,0.00031666666666666665,2025-09-23T04:10:00,2025-09-23 00:00:00,2025-09-23 00:00:00,2025-09-23T04:10:00,2025-09-23T04:10:00,0.4401,633.2708698276911,0.0,661.6608435686359,0.0,28.389973740944765,9600.0,2025-08-26,2025-09-22,168,28,False,661.6608435686359,0.0,-0.0,10800.0,10800.0,0.0,0.0,0.0,0.0,0.0,66.13816023530251,66.13816023530251,0.0,10800.0,10800.0,291.19693725455664,0.0,291.19693725455664
2025-09-23,26,2025-09-23T04:20:00,2025-09-23T04:10:00,591.4709333333334,0.0,2025-09-23T04:20:00,2025-09-23 00:00:00,2025-09-23 00:00:00,2025-09-23T04:20:00,2025-09-23T04:20:00,0.4389,633.4424761424444,0.0,661.8324498833892,0.0,28.389973740944765,9600.0,2025-08-26,2025-09-22,168,28,False,661.8324498833892,0.0,0.0,10800.0,10800.0,0.0,0.0,0.0,0.0,0.0,70.36151655005585,70.36151655005585,0.0,10800.0,10800.0,290.47826225381954,0.0,290.47826225381954
2025-09-23,27,2025-09-23T04:30:00,2025-09-23T04:20:00,616.0716666666666,0.0,2025-09-23T04:30:00,2025-09-23 00:00:00,2025-09-23 00:00:00,2025-09-23T04:30:00,2025-09-23T04:30:00,0.4364,614.9140385418804,0.0,643.3040122828252,0.0,28.389973740944765,9600.0,2025-08-26,2025-09-22,168,28,False,643.3040122828252,0.0,0.0,10800.0,10800.0,0.0,0.0,0.0,0.0,0.0,27.232345616158568,27.232345616158568,0.0,10800.0,10800.0,280.73787096022494,0.0,280.73787096022494
2025-09-23,28,2025-09-23T04:40:00,2025-09-23T04:30:00,604.9007666666666,0.0044666666666666665,2025-09-23T04:40:00,2025-09-23 00:00:00,2025-09-23 00:00:00,2025-09-23T04:40:00,2025-09-23T04:40:00,0.4393,619.6207364858583,0.0,648.0107102268031,0.0,28.389973740944765,9600.0,2025-08-26,2025-09-22,168,28,False,648.0107102268031,0.0,0.0,10800.0,10800.0,0.0,0.0,0.0,0.0,0.0,43.1144102268031,43.1144102268031,0.0,10800.0,10800.0,284.6711050026346,0.0,284.6711050026346
2025-09-23,29,2025-09-23T04:50:00,2025-09-23T04:40:00,600.4158166666667,0.0,2025-09-23T04:50:00,2025-09-23 00:00:00,2025-09-23 00:00:00,2025-09-23T04:50:00,2025-09-23T04:50:00,0.4422,615.9097152095816,0.0,644.2996889505264,0.0,28.389973740944765,9600.0,2025-08-26,2025-09-22,168,28,False,644.2996889505264,0.0,-0.0,10800.0,10800.0,0.0,0.0,0.0,0.0,0.0,43.88387228385966,43.88387228385966,0.0,10800.0,10800.0,284.90932245392275,0.0,284.90932245392275
2025-09-23,30,2025-09-23T05:00:00,2025-09-23T04:50:00,618.1233333333333,0.0,2025-09-23T05:00:00,2025-09-23 00:00:00,2025-09-23 00:00:00,2025-09-23T05:00:00,2025-09-23T05:00:00,0.4395,597.3968285757005,0.0,625.7868023166453,0.0,28.389973740944765,9600.0,2025-08-26,2025-09-22,168,28,False,625.7868023166453,0.0,0.0,10800.0,10800.0,0.0,0.0,0.0,0.0,0.0,7.6634689833119864,7.6634689833119864,0.0,10800.0,10800.0,275.03329961816564,0.0,275.03329961816564
2025-09-23,31,2025-09-23T05:10:00,2025-09-23T05:00:00,625.22745,0.062183333333333334,2025-09-23T05:10:00,2025-09-23 00:00:00,2025-09-23 00:00:00,2025-09-23T05:10:00,2025-09-23T05:10:00,0.4333,595.8052080353784,7.448103452521093,697.679024727551,7.448103452521093,101.87381669217251,9600.0,2025-08-26,2025-09-22,168,28,False,690.2309212750299,0.0,0.0,10800.0,10800.0,0.0,0.0,0.0,0.0,0.0,65.06565460836327,65.06565460836327,0.0,10800.0,10800.0,299.07705818847046,0.0,299.07705818847046
2025-09-23,32,2025-09-23T05:20:00,2025-09-23T05:10:00,614.9081333333334,0.0,2025-09-23T05:20:00,2025-09-23 00:00:00,2025-09-23 00:00:00,2025-09-23T05:20:00,2025-09-23T05:20:00,0.4439,616.8309739047264,23.427404661806122,718.7047905968989,23.427404661806122,101.87381669217251,9600.0,2025-08-26,2025-09-22,168,28,False,695.2773859350928,0.0,-0.0,10800.0,10800.0,0.0,0.0,0.0,0.0,0.0,80.3692526017594,80.3692526017594,0.0,10800.0,10800.0,308.6336316165877,0.0,308.6336316165877
2025-09-23,33,2025-09-23T05:30:00,2025-09-23T05:20:00,592.9466666666666,0.0,2025-09-23T05:30:00,2025-09-23 00:00:00,2025-09-23 00:00:00,2025-09-23T05:30:00,2025-09-23T05:30:00,0.4301,629.8827080917612,41.59804055565624,731.7565247839336,41.59804055565624,101.87381669217251,9600.0,2025-08-26,2025-09-22,168,28,False,690.1584842282774,0.0,0.0,10800.0,10800.0,0.0,0.0,0.0,0.0,0.0,97.21181756161081,97.21181756161081,0.0,10800.0,10800.0,296.8371640665821,0.0,296.8371640665821
2025-09-23,34,2025-09-23T05:40:00,2025-09-23T05:30:00,584.8440666666667,0.8660166666666668,2025-09-23T05:40:00,2025-09-23 00:00:00,2025-09-23 00:00:00,2025-09-23T05:40:00,2025-09-23T05:40:00,0.3713,610.1151098636097,62.02048285743029,711.9889265557822,62.02048285743029,101.87381669217251,9600.0,2025-08-26,2025-09-22,168,28,False,649.968443698352,0.0,0.0,10800.0,10800.0,0.0,0.0,0.0,0.0,0.0,65.99039369835191,65.99039369835191,0.0,10800.0,10800.0,241.3332831451981,0.0,241.3332831451981
2025-09-23,35,2025-09-23T05:50:00,2025-09-23T05:40:00,666.9134333333333,0.0,2025-09-23T05:50:00,2025-09-23 00:00:00,2025-09-23 00:00:00,2025-09-23T05:50:00,2025-09-23T05:50:00,0.5708,665.7267990627726,84.74064677499886,767.600615754945,84.74064677499886,101.87381669217251,9600.0,2025-08-26,2025-09-22,168,28,False,682.8599689799462,0.0,-0.0,10800.0,10800.0,0.0,0.0,0.0,0.0,0.0,15.946535646612915,15.946535646612915,0.0,10800.0,10800.0,389.7764702937533,0.0,389.7764702937533
2025-09-23,36,2025-09-23T06:00:00,2025-09-23T05:50:00,790.6233333333333,0.0,2025-09-23T06:00:00,2025-09-23 00:00:00,2025-09-23 00:00:00,2025-09-23T06:00:00,2025-09-23T06:00:00,0.9099,776.594183080564,109.78870362861919,878.4679997727364,109.78870362861919,101.87381669217251,9600.0,2025-08-26,2025-09-22,168,28,False,0.0,0.0,768.6792961441173,10800.0,9945.911893173203,0.0,0.0,0.0,0.0,790.6233333333333,0.0,0.0,0.0,10800.0,10800.0,0.0,3596.9408550000003,3596.9408550000003
2025-09-23,37,2025-09-23T06:10:00,2025-09-23T06:00:00,818.5693,24.797216666666667,2025-09-23T06:10:00,2025-09-23 00:00:00,2025-09-23 00:00:00,2025-09-23T06:10:00,2025-09-23T06:10:00,0.9368,805.3167650925668,137.17798971816794,894.3845111090367,137.17798971816794,89.06774601646988,9600.0,2025-08-26,2025-09-22,168,28,False,0.0,0.0,757.2065213908687,9945.911893173203,9104.571313850016,0.0,0.0,0.0,0.0,793.7720833333333,0.0,0.0,0.0,10800.0,10800.0,0.0,3718.0284383333333,3718.0284383333333
2025-09-23,38,2025-09-23T06:20:00,2025-09-23T06:10:00,805.3289166666667,62.66909999999999,2025-09-23T06:20:00,2025-09-23 00:00:00,2025-09-23 00:00:00,2025-09-23T06:20:00,2025-09-23T06:20:00,0.8758,791.4042597452913,166.90402982040314,880.4720057617611,166.90402982040314,89.06774601646988,9600.0,2025-08-26,2025-09-22,168,28,False,0.0,0.0,713.567975941358,9104.571313850016,8311.718007248506,0.0,0.0,0.0,0.0,742.6598166666668,0.0,0.0,0.0,10800.0,10800.0,0.0,3252.107337183334,3252.107337183334
2025-09-23,39,2025-09-23T06:30:00,2025-09-23T06:20:00,798.6999999999999,108.23125,2025-09-23T06:30:00,2025-09-23 00:00:00,2025-09-23 00:00:00,2025-09-23T06:30:00,2025-09-23T06:30:00,0.8759,783.9178891837659,198.94369304294702,872.9856352002357,198.94369304294702,89.06774601646988,9600.0,2025-08-26,2025-09-22,168,28,False,0.0,0.0,674.0419421572888,8311.718007248506,7562.78251596263,0.0,0.0,0.0,0.0,690.4687499999999,0.0,0.0,0.0,10800.0,10800.0,0.0,3023.9078906249997,3023.9078906249997
2025-09-23,40,2025-09-23T06:40:00,2025-09-23T06:30:00,792.88475,162.30073333333334,2025-09-23T06:40:00,2025-09-23 00:00:00,2025-09-23 00:00:00,2025-09-23T06:40:00,2025-09-23T06:40:00,0.8601,790.2015864359578,233.2544977967398,879.2693324524276,233.2544977967398,89.06774601646988,9600.0,2025-08-26,2025-09-22,168,28,False,0.0,0.0,646.0148346556879,7562.78251596263,6844.988255234088,0.0,0.0,0.0,0.0,630.5840166666667,0.0,0.0,0.0,10800.0,10800.0,0.0,2711.8265636749998,2711.8265636749998
2025-09-23,41,2025-09-23T06:50:00,2025-09-23T06:40:00,792.5254333333334,207.64328333333333,2025-09-23T06:50:00,2025-09-23 00:00:00,2025-09-23 00:00:00,2025-09-23T06:50:00,2025-09-23T06:50:00,0.8442,796.9619429332358,269.7740813893606,886.0296889497057,269.7740813893606,89.06774601646988,9600.0,2025-08-26,2025-09-22,168,28,False,0.0,0.0,616.2556075603451,6844.988255234088,6160.25980238926,0.0,0.0,0.0,0.0,584.88215,0.0,0.0,0.0,10800.0,10800.0,0.0,2468.78755515,2468.78755515
2025-09-23,42,2025-09-23T07:00:00,2025-09-23T06:50:00,798.1750000000001,251.9625,2025-09-23T07:00:00,2025-09-23 00:00:00,2025-09-23 00:00:00,2025-09-23T07:00:00,2025-09-23T07:00:00,0.8334,795.4876620088683,308.4198481994854,884.5554080253381,308.4198481994854,89.06774601646988,9600.0,2025-08-26,2025-09-22,168,28,False,0.0,0.0,576.1355598258527,6160.25980238926,5520.109180360534,0.0,0.0,0.0,0.0,546.2125000000001,0.0,0.0,0.0,10800.0,10800.0,0.0,2276.0674875000004,2276.0674875000004
2025-09-23,43,2025-09-23T07:10:00,2025-09-23T07:00:00,802.7136666666667,317.99083333333334,2025-09-23T07:10:00,2025-09-23 00:00:00,2025-09-23 00:00:00,2025-09-23T07:10:00,2025-09-23T07:10:00,0.8092,791.8577896782537,349.0888085845135,822.6040223435294,349.0888085845135,30.746232665275777,9600.0,2025-08-26,2025-09-22,168,28,False,226.1097844232592,0.0,247.4054293357567,5520.109180360534,5245.21425887636,0.0,0.0,0.0,0.0,258.6130489100741,0.0,0.0,0.0,10800.0,10800.0,182.96803755530135,1046.34839589016,1229.3164334454614
2025-09-23,44,2025-09-23T07:20:00,2025-09-23T07:10:00,797.7029833333332,372.39463333333333,2025-09-23T07:20:00,2025-09-23 00:00:00,2025-09-23 00:00:00,2025-09-23T07:20:00,2025-09-23T07:20:00,0.7972,811.4704380433491,391.65761862031576,842.2166707086249,391.65761862031576,30.746232665275777,9600.0,2025-08-26,2025-09-22,168,28,False,450.5590520883091,0.0,0.0,5245.21425887636,5245.21425887636,0.0,0.0,0.0,0.0,0.0,25.25070208830914,25.25070208830914,0.0,10800.0,10800.0,359.1856763248,0.0,359.1856763248
2025-09-23,45,2025-09-23T07:30:00,2025-09-23T07:20:00,776.7516666666667,415.43125000000003,2025-09-23T07:30:00,2025-09-23 00:00:00,2025-09-23 00:00:00,2025-09-23T07:30:00,2025-09-23T07:30:00,0.7644,828.0549898940342,435.9828285000394,858.80122255931,435.9828285000394,30.746232665275777,9600.0,2025-08-26,2025-09-22,168,28,False,422.8183940592706,0.0,0.0,5245.21425887636,5245.21425887636,0.0,0.0,0.0,0.0,0.0,61.49797739260396,61.49797739260396,0.0,10800.0,10800.0,323.20238041890644,0.0,323.20238041890644
2025-09-23,46,2025-09-23T07:40:00,2025-09-23T07:30:00,767.8137,482.34543333333335,2025-09-23T07:40:00,2025-09-23 00:00:00,2025-09-23 00:00:00,2025-09-23T07:40:00,2025-09-23T07:40:00,0.6899,807.4664247632818,481.90134495775214,838.2126574285576,481.90134495775214,30.746232665275777,9600.0,2025-08-26,2025-09-22,168,28,False,356.31131247080543,0.0,0.0,5245.21425887636,5245.21425887636,0.0,0.0,0.0,0.0,0.0,70.8430458041388,70.8430458041388,0.0,10800.0,10800.0,245.81917447360865,0.0,245.81917447360865
2025-09-23,47,2025-09-23T07:50:00,2025-09-23T07:40:00,914.9736166666667,557.2434,2025-09-23T07:50:00,2025-09-23 00:00:00,2025-09-23 00:00:00,2025-09-23T07:50:00,2025-09-23T07:50:00,0.86,899.3558925579615,529.2311104660313,930.1021252232373,529.2311104660313,30.746232665275777,9600.0,2025-08-26,2025-09-22,168,28,False,0.0,0.0,400.871014757206,5245.21425887636,4799.8020202572425,0.0,0.0,0.0,0.0,357.7302166666667,0.0,0.0,0.0,10800.0,10800.0,0.0,1538.2399316666667,1538.2399316666667
2025-09-23,48,2025-09-23T08:00:00,2025-09-23T07:50:00,1116.8433333333335,625.5187500000001,2025-09-23T08:00:00,2025-09-23 00:00:00,2025-09-23 00:00:00,2025-09-23T08:00:00,2025-09-23T08:00:00,1.1617,1065.8490302486114,577.7719992209982,1096.5952629138872,577.7719992209982,30.746232665275777,9565.027172045071,2025-08-26,2025-09-22,168,28,False,0.0,0.0,518.823263692889,4799.8020202572425,4223.331727265144,0.0,0.0,0.0,31.475545159436116,459.84903817389727,0.0,0.0,0.0,10800.0,10765.027172045071,0.0,2671.033138233082,2671.033138233082
2025-09-23,49,2025-09-23T08:10:00,2025-09-23T08:00:00,1110.83115,686.60415,2025-09-23T08:10:00,2025-09-23 00:00:00,2025-09-23 00:00:00,2025-09-23T08:10:00,2025-09-23T08:10:00,1.1683,1104.310588646817,627.3069271130463,1135.1348060534472,627.3069271130463,30.824217406630144,9035.023103674217,2025-08-26,2025-09-22,168,28,False,0.0,0.0,507.82787894040086,4223.331727265144,3659.078528442476,0.0,0.0,0.0,424.227,0.0,0.0,0.0,0.0,10765.027172045071,10293.663838711738,0.0,0.0,0.0
2025-09-23,50,2025-09-23T08:20:00,2025-09-23T08:10:00,1078.2838,737.9841500000001,2025-09-23T08:20:00,2025-09-23 00:00:00,2025-09-23 00:00:00,2025-09-23T08:20:00,2025-09-23T08:20:00,1.0956,1085.9971310957294,677.6031700277673,1116.8213485023596,677.6031700277673,30.824217406630144,9035.023103674217,2025-08-26,2025-09-22,168,28,False,0.0,0.0,439.21817847459226,3659.078528442476,3171.0583301373736,0.0,0.0,0.0,52.77666153376904,287.5229884662308,0.0,0.0,0.0,10293.663838711738,10235.023103674217,0.0,1575.0509308180121,1575.0509308180121
2025-09-23,51,2025-09-23T08:30:00,2025-09-23T08:20:00,1105.9950000000001,783.1062499999999,2025-09-23T08:30:00,2025-09-23 00:00:00,2025-09-23 00:00:00,2025-09-23T08:30:00,2025-09-23T08:30:00,1.0849,1074.9131017841767,728.4138819718365,1105.7373191908068,728.4138819718365,30.824217406630144,9076.842936913414,2025-08-26,2025-09-22,168,28,False,0.0,0.0,377.3234372189703,3171.0583301373736,2751.81006656074,0.0,0.0,0.0,0.0,322.8887500000002,0.0,0.0,0.0,10235.023103674217,10235.023103674217,0.0,1751.510024375001,1751.510024375001
2025-09-23,52,2025-09-23T08:40:00,2025-09-23T08:30:00,1100.0135833333334,832.8488333333333,2025-09-23T08:40:00,2025-09-23 00:00:00,2025-09-23 00:00:00,2025-09-23T08:40:00,2025-09-23T08:40:00,1.061,1061.9220118038522,779.4798017159985,1092.7462292104824,779.4798017159985,30.824217406630144,9076.842936913416,2025-08-26,2025-09-22,168,28,False,0.0,0.0,313.2664274944839,2751.81006656074,2403.7362582335354,0.0,0.0,0.0,0.0,267.16475,0.0,0.0,0.0,10235.023103674217,10235.023103674217,0.0,1417.30899875,1417.30899875
2025-09-23,53,2025-09-23T08:50:00,2025-09-23T08:40:00,1077.0705500000001,900.0535666666666,2025-09-23T08:50:00,2025-09-23 00:00:00,2025-09-23 00:00:00,2025-09-23T08:50:00,2025-09-23T08:50:00,1.043,1057.9722426545213,830.5311339347827,1088.7964600611515,830.5311339347827,30.824217406630144,9076.842936913416,2025-08-26,2025-09-22,168,28,False,0.0,0.0,258.2653261263688,2403.7362582335354,2116.774784759792,0.0,0.0,0.0,0.0,177.01698333333354,0.0,0.0,0.0,10235.023103674217,10235.023103674217,0.0,923.1435680833343,923.1435680833343
2025-09-23,54,2025-09-23T09:00:00,2025-09-23T08:50:00,1071.2616666666665,967.975,2025-09-23T09:00:00,2025-09-23 00:00:00,2025-09-23 00:00:00,2025-09-23T09:00:00,2025-09-23T09:00:00,1.036,1067.5767305717854,881.2895882425504,1098.4009479784156,881.2895882425504,30.824217406630144,9076.842936913416,2025-08-26,2025-09-22,168,28,False,0.0,0.0,217.11135973586522,2116.774784759792,1875.5399406088309,0.0,0.0,0.0,0.0,103.28666666666652,0.0,0.0,0.0,10235.023103674217,10235.023103674217,0.0,535.0249333333326,535.0249333333326
2025-09-23,55,2025-09-23T09:10:00,2025-09-23T09:00:00,1091.9557166666666,1003.4251833333333,2025-09-23T09:10:00,2025-09-23 00:00:00,2025-09-23 00:00:00,2025-09-23T09:10:00,2025-09-23T09:10:00,1.0147,1081.1318554426239,931.4705571185837,1170.40043896546,931.4705571185837,89.26858352283602,9076.842936913416,2025-08-26,2025-09-22,168,28,False,0.0,0.0,238.92988184687624,1875.5399406088309,1610.0622941123017,0.0,0.0,0.0,0.0,88.53053333333332,0.0,0.0,0.0,10235.023103674217,10235.023103674217,0.0,449.15966086666657,449.15966086666657
2025-09-23,56,2025-09-23T09:20:00,2025-09-23T09:10:00,1101.9716166666667,1026.5778833333334,2025-09-23T09:20:00,2025-09-23 00:00:00,2025-09-23 00:00:00,2025-09-23T09:20:00,2025-09-23T09:20:00,0.9922,1082.263237341353,980.785411518999,1171.531820864189,980.785411518999,89.26858352283602,9076.842936913414,2025-08-26,2025-09-22,168,28,False,0.0,0.0,190.74640934519005,1610.0622941123017,1398.1218392843127,0.0,0.0,0.0,0.0,75.39373333333333,0.0,0.0,0.0,10235.023103674217,10235.023103674217,0.0,374.0283110666667,374.0283110666667
2025-09-23,57,2025-09-23T09:30:00,2025-09-23T09:20:00,1097.4033333333334,1051.04375,2025-09-23T09:30:00,2025-09-23 00:00:00,2025-09-23 00:00:00,2025-09-23T09:30:00,2025-09-23T09:30:00,0.97,1062.755683403318,1028.9438910260915,1152.024266926154,1028.9438910260915,89.26858352283602,9076.842936913414,2025-08-26,2025-09-22,168,28,False,0.0,0.0,123.08037590006256,1398.1218392843127,1261.365866062021,0.0,0.0,0.0,0.0,46.359583333333376,0.0,0.0,0.0,10235.023103674217,10235.023103674217,0.0,224.84397916666686,224.84397916666686
2025-09-23,58,2025-09-23T09:40:00,2025-09-23T09:30:00,1104.6482166666667,1070.56755,2025-09-23T09:40:00,2025-09-23 00:00:00,2025-09-23 00:00:00,2025-09-23T09:40:00,2025-09-23T09:40:00,0.9422,1033.4198279220348,1075.656563718864,1122.6884114448708,1075.656563718864,89.26858352283602,9076.842936913416,2025-08-26,2025-09-22,168,28,False,0.0,0.0,47.031847726006845,1261.365866062021,1209.108257477569,0.0,0.0,0.0,0.0,34.08066666666673,0.0,0.0,0.0,10235.023103674217,10235.023103674217,0.0,160.554020666667,160.554020666667
2025-09-23,59,2025-09-23T09:50:00,2025-09-23T09:40:00,1094.5292666666667,1080.5508333333335,2025-09-23T09:50:00,2025-09-23 00:00:00,2025-09-23 00:00:00,2025-09-23T09:50:00,2025-09-23T09:50:00,0.9569,1039.5661777975236,1120.6373295905476,1128.8347613203596,1120.6373295905476,89.26858352283602,9076.842936913416,2025-08-26,2025-09-22,168,28,False,0.0,0.0,8.197431729812024,1209.108257477569,1200.0,0.0,0.0,0.0,0.0,13.978433333333214,0.0,0.0,0.0,10235.023103674217,10235.023103674217,0.0,66.87981428333276,66.87981428333276
2025-09-23,60,2025-09-23T10:00:00,2025-09-23T09:50:00,1075.9933333333333,1081.29375,2025-09-23T10:00:00,2025-09-23 00:00:00,2025-09-23 00:00:00,2025-09-23T10:00:00,2025-09-23T10:00:00,0.9977,1072.757877823106,1163.6059403140437,1162.026461345942,1163.6059403140437,89.26858352283602,9076.842936913416,2025-08-26,2025-09-22,168,28,False,0.0,1.5794789681017392,0.0,1200.0,1201.4215310712916,0.0,1.0,5.300416666666706,0.0,0.0,0.0,0.0,0.0,10235.023103674217,10239.793478674217,0.0,0.0,0.0
2025-09-23,61,2025-09-23T10:10:00,2025-09-23T10:00:00,1087.8485333333333,1084.4595666666667,2025-09-23T10:10:00,2025-09-23 00:00:00,2025-09-23 00:00:00,2025-09-23T10:10:00,2025-09-23T10:10:00,0.9919,1079.29874356649,1204.2905074837931,1184.6748055070796,1204.2905074837931,105.37606194058962,9076.842936913416,2025-08-26,2025-09-22,168,28,False,0.0,19.61570197671358,0.0,1201.4215310712916,1219.0756628503339,0.0,1.0,0.0,0.0,3.388966666666647,0.0,0.0,0.0,10239.793478674217,10239.793478674217,0.0,16.807580183333236,16.807580183333236
2025-09-23,62,2025-09-23T10:20:00,2025-09-23T10:10:00,1081.4083166666667,1127.3218833333333,2025-09-23T10:20:00,2025-09-23 00:00:00,2025-09-23 00:00:00,2025-09-23T10:20:00,2025-09-23T10:20:00,0.9588,1072.8305563175031,1242.4299711566725,1178.2066182580927,1242.4299711566725,105.37606194058962,9076.842936913416,2025-08-26,2025-09-22,168,28,False,0.0,64.22335289857983,0.0,1219.0756628503339,1276.8766804590557,0.0,1.0,45.91356666666661,0.0,0.0,0.0,0.0,0.0,10239.793478674217,10281.115688674217,0.0,0.0,0.0
2025-09-23,63,2025-09-23T10:30:00,2025-09-23T10:20:00,1056.0183333333332,1189.95,2025-09-23T10:30:00,2025-09-23 00:00:00,2025-09-23 00:00:00,2025-09-23T10:30:00,2025-09-23T10:30:00,0.9549,1068.8817334335538,1277.7765005840108,1174.2577953741434,1277.7765005840108,105.37606194058962,9076.842936913416,2025-08-26,2025-09-22,168,28,False,0.0,103.51870520986745,0.0,1276.8766804590557,1370.0435151479364,0.0,1.0,133.93166666666684,0.0,0.0,0.0,0.0,0.0,10281.115688674217,10401.654188674218,0.0,0.0,0.0
2025-09-23,64,2025-09-23T10:40:00,2025-09-23T10:30:00,1062.8238666666666,1209.6129166666667,2025-09-23T10:40:00,2025-09-23 00:00:00,2025-09-23 00:00:00,2025-09-23T10:40:00,2025-09-23T10:40:00,0.9839,1067.0850020310972,1310.0977994746063,1172.4610639716868,1310.0977994746063,105.37606194058962,9076.842936913414,2025-08-26,2025-09-22,168,28,False,0.0,137.63673550291946,0.0,1370.0435151479364,1493.916577100564,0.0,1.0,146.7890500000001,0.0,0.0,0.0,0.0,0.0,10401.654188674218,10533.764333674219,0.0,0.0,0.0
2025-09-23,65,2025-09-23T10:50:00,2025-09-23T10:40:00,1078.9491166666667,1206.7621833333333,2025-09-23T10:50:00,2025-09-23 00:00:00,2025-09-23 00:00:00,2025-09-23T10:50:00,2025-09-23T10:50:00,0.799,1066.0345188920953,1339.1792889522917,1171.410580832685,1339.1792889522917,105.37606194058962,9168.433558343802,2025-08-26,2025-09-22,168,28,False,0.0,167.7687081196068,0.0,1493.916577100564,1644.90841440821,0.0,1.0,127.8130666666666,0.0,0.0,0.0,0.0,0.0,10533.764333674219,10648.796093674218,0.0,0.0,0.0
2025-09-23,66,2025-09-23T11:00:00,2025-09-23T10:50:00,1078.4266666666667,1226.6125,2025-09-23T11:00:00,2025-09-23 00:00:00,2025-09-23 00:00:00,2025-09-23T11:00:00,2025-09-23T11:00:00,0.5025,1064.5852810131796,1364.8261425627106,1169.9613429537692,1364.8261425627106,105.37606194058962,9168.433558343802,2025-08-26,2025-09-22,168,28,False,68.2388199987646,263.10361960770604,0.0,1644.90841440821,1881.7016720551455,0.0,0.9999999999999925,168.00434036197962,0.0,0.0,48.42031297011832,48.42031297011832,0.0,10648.796093674218,10800.0,34.290007049379206,0.0,34.290007049379206
2025-09-23,67,2025-09-23T11:10:00,2025-09-23T11:00:00,1059.5224333333333,1297.46415,2025-09-23T11:10:00,2025-09-23 00:00:00,2025-09-23 00:00:00,2025-09-23T11:10:00,2025-09-23T11:10:00,0.4662,1063.3101552292048,1386.8651492287224,1200.3996504120282,1386.8651492287224,137.08949518282344,9168.433558343802,2025-08-26,2025-09-22,168,28,False,646.867834516639,833.3333333333333,0.0,1881.7016720551455,2631.7016720551455,0.0,0.9999999999999963,0.0,0.0,0.0,884.8095511833058,646.867834516639,237.9417166666667,10800.0,10800.0,301.56978445165714,0.0,301.56978445165714
2025-09-23,68,2025-09-23T11:20:00,2025-09-23T11:10:00,1051.7829166666668,1368.2814333333333,2025-09-23T11:20:00,2025-09-23 00:00:00,2025-09-23 00:00:00,2025-09-23T11:20:00,2025-09-23T11:20:00,0.5007,1067.7428300278418,1405.1463819328765,1204.8323252106652,1405.1463819328765,137.08949518282344,9168.433558343802,2025-08-26,2025-09-22,168,28,False,633.019276611122,833.3333333333333,0.0,2631.7016720551455,3381.7016720551455,0.0,1.0,0.0,0.0,0.0,949.5177932777885,633.019276611122,316.49851666666655,10800.0,10800.0,316.95275179918883,0.0,316.95275179918883
2025-09-23,69,2025-09-23T11:30:00,2025-09-23T11:20:00,1071.92,1399.95625,2025-09-23T11:30:00,2025-09-23 00:00:00,2025-09-23 00:00:00,2025-09-23T11:30:00,2025-09-23T11:30:00,0.4827,1072.920802523681,1419.544652094303,1210.0102977065044,1419.544652094303,137.08949518282344,9168.433558343802,2025-08-26,2025-09-22,168,28,False,623.7989789455346,833.3333333333333,0.0,3381.7016720551455,4131.7016720551455,0.0,1.0,0.0,0.0,0.0,951.8352289455345,623.7989789455346,328.0362499999999,10800.0,10800.0,301.10776713700955,0.0,301.10776713700955
2025-09-23,70,2025-09-23T11:40:00,2025-09-23T11:30:00,1100.6726166666667,1396.6131666666668,2025-09-23T11:40:00,2025-09-23 00:00:00,2025-09-23 00:00:00,2025-09-23T11:40:00,2025-09-23T11:40:00,0.4785,1063.978782175505,1429.9607320769207,1201.0682773583285,1429.9607320769207,137.08949518282344,9168.433558343802,2025-08-26,2025-09-22,168,28,False,604.440878614741,833.3333333333333,0.0,4131.7016720551455,4881.7016720551455,0.0,1.0,0.0,0.0,0.0,900.381428614741,604.440878614741,295.94055000000003,10800.0,10800.0,289.22496041715357,0.0,289.22496041715357
2025-09-23,71,2025-09-23T11:50:00,2025-09-23T11:40:00,1061.9253666666666,1405.9018166666667,2025-09-23T11:50:00,2025-09-23 00:00:00,2025-09-23 00:00:00,2025-09-23T11:50:00,2025-09-23T11:50:00,0.4662,1034.0907148034794,1436.3223309825282,1171.1802099863028,1436.3223309825282,137.08949518282344,9168.433558343802,2025-08-26,2025-09-22,168,28,False,568.1912123371078,833.3333333333333,0.0,4881.7016720551455,5631.7016720551455,0.0,1.0,0.0,0.0,0.0,912.1676623371079,568.1912123371078,343.9764500000001,10800.0,10800.0,264.89074319155964,0.0,264.89074319155964
2025-09-23,72,2025-09-23T12:00:00,2025-09-23T11:50:00,982.2816666666666,1435.59375,2025-09-23T12:00:00,2025-09-23 00:00:00,2025-09-23 00:00:00,2025-09-23T12:00:00,2025-09-23T12:00:00,0.4432,994.9493523782187,1438.5848118087627,1132.038847561042,1438.5848118087627,137.08949518282344,9168.433558343802,2025-08-26,2025-09-22,168,28,False,526.7873690856127,833.3333333333333,0.0,5631.7016720551455,6381.7016720551455,0.0,1.0,0.0,0.0,0.0,980.099452418946,526.7873690856127,453.31208333333336,10800.0,10800.0,233.47216197874354,0.0,233.47216197874354
2025-09-23,73,2025-09-23T12:10:00,2025-09-23T12:00:00,969.2598833333333,1448.3985833333334,2025-09-23T12:10:00,2025-09-23 00:00:00,2025-09-23 00:00:00,2025-09-23T12:10:00,2025-09-23T12:10:00,0.4411,973.4450956953243,1436.7316411474415,1075.033076385153,1436.7316411474415,101.58798068982878,9168.433558343802,2025-08-26,2025-09-22,168,28,False,471.6347685710448,833.3333333333333,0.0,6381.7016720551455,7131.7016720551455,0.0,1.0,0.0,0.0,0.0,950.7734685710449,471.6347685710448,479.1387000000001,10800.0,10800.0,208.03809641668786,0.0,208.03809641668786
2025-09-23,74,2025-09-23T12:20:00,2025-09-23T12:10:00,988.3075333333333,1430.2115666666666,2025-09-23T12:20:00,2025-09-23 00:00:00,2025-09-23 00:00:00,2025-09-23T12:20:00,2025-09-23T12:20:00,0.4551,989.7531253588335,1430.7745658202246,1091.3411060486624,1430.7745658202246,101.58798068982878,9168.433558343802,2025-08-26,2025-09-22,168,28,False,493.8998735617711,833.3333333333333,0.0,7131.7016720551455,7881.7016720551455,0.0,1.0,0.0,0.0,0.0,935.8039068951044,493.8998735617711,441.90403333333336,10800.0,10800.0,224.77383245796202,0.0,224.77383245796202
2025-09-23,75,2025-09-23T12:30:00,2025-09-23T12:20:00,993.0716666666667,1414.08125,2025-09-23T12:30:00,2025-09-23 00:00:00,2025-09-23 00:00:00,2025-09-23T12:30:00,2025-09-23T12:30:00,0.4463,1017.0149379506249,1420.7535141505712,1118.6029186404537,1420.7535141505712,101.58798068982878,9168.433558343802,2025-08-26,2025-09-22,168,28,False,531.1827378232158,833.3333333333333,0.0,7881.7016720551455,8631.701672055146,0.0,1.0,0.0,0.0,0.0,952.192321156549,531.1827378232158,421.00958333333324,10800.0,10800.0,237.0668558905012,0.0,237.0668558905012
2025-09-23,76,2025-09-23T12:40:00,2025-09-23T12:30:00,980.4257666666667,1440.8882833333334,2025-09-23T12:40:00,2025-09-23 00:00:00,2025-09-23 00:00:00,2025-09-23T12:40:00,2025-09-23T12:40:00,0.4113,1007.0693577596718,1406.7362229072385,1108.6573384495005,1406.7362229072385,101.58798068982878,9168.433558343802,2025-08-26,2025-09-22,168,28,False,535.2544488755952,833.3333333333333,0.0,8631.701672055146,9381.701672055146,0.0,1.0,0.0,0.0,0.0,995.716965542262,535.2544488755952,460.4625166666667,10800.0,10800.0,220.15015482253233,0.0,220.15015482253233
2025-09-23,77,2025-09-23T12:50:00,2025-09-23T12:40:00,1015.2651999999999,1424.4440000000002,2025-09-23T12:50:00,2025-09-23 00:00:00,2025-09-23 00:00:00,2025-09-23T12:50:00,2025-09-23T12:50:00,0.5682,1004.8888787920068,1388.8175942779135,1106.4768594818356,1388.8175942779135,101.58798068982878,9168.433558343802,2025-08-26,2025-09-22,168,28,False,0.0,282.34073479607787,0.0,9381.701672055146,9635.808333371615,0.0,1.0,0.0,0.0,0.0,409.17880000000025,0.0,409.17880000000025,10800.0,10800.0,0.0,0.0,0.0
2025-09-23,78,2025-09-23T13:00:00,2025-09-23T12:50:00,1068.0883333333334,1355.85625,2025-09-23T13:00:00,2025-09-23 00:00:00,2025-09-23 00:00:00,2025-09-23T13:00:00,2025-09-23T13:00:00,0.8279,1025.6475324059656,1367.1187904952649,1127.2355130957944,1367.1187904952649,101.58798068982878,9168.433558343802,2025-08-26,2025-09-22,168,28,False,0.0,239.88327739947044,0.0,9635.808333371615,9851.703283031138,0.0,1.0,0.0,0.0,0.0,287.7679166666667,0.0,287.7679166666667,10800.0,10800.0,0.0,0.0,0.0
2025-09-23,79,2025-09-23T13:10:00,2025-09-23T13:00:00,1042.2472166666666,1314.1581333333334,2025-09-23T13:10:00,2025-09-23 00:00:00,2025-09-23 00:00:00,2025-09-23T13:10:00,2025-09-23T13:10:00,0.8636,1034.8810357856582,1341.7860768957544,1120.2322617897878,1341.7860768957544,85.35122600412949,9168.4335583438,2025-08-26,2025-09-22,168,28,False,0.0,221.55381510596658,0.0,9851.703283031138,10051.101716626508,0.0,1.0,0.0,0.0,0.0,271.9109166666667,0.0,271.9109166666667,10800.0,10800.0,0.0,0.0,0.0
2025-09-23,80,2025-09-23T13:20:00,2025-09-23T13:10:00,1013.4041833333334,1292.3498,2025-09-23T13:20:00,2025-09-23 00:00:00,2025-09-23 00:00:00,2025-09-23T13:20:00,2025-09-23T13:20:00,0.8416,1015.6739028452727,1312.9894271996347,1101.025128849402,1312.9894271996347,85.35122600412949,9168.433558343802,2025-08-26,2025-09-22,168,28,False,0.0,211.96429835023264,0.0,10051.101716626508,10241.869585141718,0.0,1.0,0.0,0.0,0.0,278.9456166666665,0.0,278.9456166666665,10800.0,10800.0,0.0,0.0,0.0
2025-09-23,81,2025-09-23T13:30:00,2025-09-23T13:20:00,1019.2716666666666,1267.8812500000001,2025-09-23T13:30:00,2025-09-23 00:00:00,2025-09-23 00:00:00,2025-09-23T13:30:00,2025-09-23T13:30:00,0.8618,996.7760101460168,1280.9209076167208,1082.1272361501462,1280.9209076167208,85.35122600412949,9168.433558343802,2025-08-26,2025-09-22,168,28,False,0.0,198.79367146657455,0.0,10241.869585141718,10420.783889461634,0.0,1.0,0.0,0.0,0.0,248.6095833333335,0.0,248.6095833333335,10800.0,10800.0,0.0,0.0,0.0
2025-09-23,82,2025-09-23T13:40:00,2025-09-23T13:30:00,1026.9902333333332,1232.4264166666667,2025-09-23T13:40:00,2025-09-23 00:00:00,2025-09-23 00:00:00,2025-09-23T13:40:00,2025-09-23T13:40:00,0.8623,1022.2763636526377,1245.7928589676483,1107.6275896567672,1245.7928589676483,85.35122600412949,9168.4335583438,2025-08-26,2025-09-22,168,28,False,0.0,138.16526931088106,0.0,10420.783889461634,10545.132631841427,0.0,1.0,0.0,0.0,0.0,205.43618333333347,0.0,205.43618333333347,10800.0,10800.0,0.0,0.0,0.0
2025-09-23,83,2025-09-23T13:50:00,2025-09-23T13:40:00,1048.6416333333334,1204.69615,2025-09-23T13:50:00,2025-09-23 00:00:00,2025-09-23 00:00:00,2025-09-23T13:50:00,2025-09-23T13:50:00,0.9026,1037.301537825792,1207.8358983289859,1122.6527638299215,1207.8358983289859,85.35122600412949,9168.4335583438,2025-08-26,2025-09-22,168,28,False,0.0,85.18313449906441,0.0,10545.132631841427,10621.797452890585,0.0,1.0,0.0,0.0,0.0,156.0545166666666,0.0,156.0545166666666,10800.0,10800.0,0.0,0.0,0.0
2025-09-23,84,2025-09-23T14:00:00,2025-09-23T13:50:00,1068.2549999999999,1182.4937499999999,2025-09-23T14:00:00,2025-09-23 00:00:00,2025-09-23 00:00:00,2025-09-23T14:00:00,2025-09-23T14:00:00,0.9754,1017.2723106749569,1167.296763731274,1102.6235366790863,1167.296763731274,85.35122600412949,9076.842936913414,2025-08-26,2025-09-22,168,28,False,0.0,64.67322705218771,0.0,10621.797452890585,10680.003357237554,0.0,1.0,0.0,0.0,0.0,114.23874999999998,0.0,114.23874999999998,10800.0,10800.0,0.0,0.0,0.0
2025-09-23,85,2025-09-23T14:10:00,2025-09-23T14:00:00,1049.77675,1139.6694666666667,2025-09-23T14:10:00,2025-09-23 00:00:00,2025-09-23 00:00:00,2025-09-23T14:10:00,2025-09-23T14:10:00,1.0002,993.1372490091484,1124.4360271350242,1034.6375558996588,1124.4360271350242,41.50030689051045,9076.842936913416,2025-08-26,2025-09-22,168,28,False,0.0,89.79847123536547,0.0,10680.003357237554,10760.821981349383,0.0,1.0,0.0,0.0,0.0,89.89271666666673,0.0,89.89271666666673,10800.0,10800.0,0.0,0.0,0.0
2025-09-23,86,2025-09-23T14:20:00,2025-09-23T14:10:00,1035.4709833333334,1065.57745,2025-09-23T14:20:00,2025-09-23 00:00:00,2025-09-23 00:00:00,2025-09-23T14:20:00,2025-09-23T14:20:00,0.9978,994.4942635345647,1079.5257022590945,1035.9945704250752,1079.5257022590945,41.50030689051045,9076.842936913416,2025-08-26,2025-09-22,168,28,False,0.0,43.531131834019334,0.0,10760.821981349383,10800.0,0.0,1.0,0.0,0.0,0.0,30.10646666666662,0.0,30.10646666666662,10800.0,10800.0,0.0,0.0,0.0
2025-09-23,87,2025-09-23T14:30:00,2025-09-23T14:20:00,1039.4333333333334,975.6750000000001,2025-09-23T14:30:00,2025-09-23 00:00:00,2025-09-23 00:00:00,2025-09-23T14:30:00,2025-09-23T14:30:00,1.0271,1015.0887555276588,1032.8467748219878,1056.5890624181693,1032.8467748219878,41.50030689051045,9076.842936913416,2025-08-26,2025-09-22,168,28,False,0.0,0.0,23.74228759618154,10800.0,10773.619680448686,0.0,0.0,0.0,63.758333333333326,0.0,0.0,0.0,0.0,10800.0,10729.157407407407,0.0,0.0,0.0
2025-09-23,88,2025-09-23T14:40:00,2025-09-23T14:30:00,1036.1879000000001,898.9024333333333,2025-09-23T14:40:00,2025-09-23 00:00:00,2025-09-23 00:00:00,2025-09-23T14:40:00,2025-09-23T14:40:00,1.0906,1022.3245332838405,984.6866833685613,1063.824840174351,984.6866833685613,41.50030689051045,9035.023103674217,2025-08-26,2025-09-22,168,28,False,0.0,0.0,79.13815680578978,10773.619680448686,10685.68839510892,0.0,0.0,0.0,137.28546666666682,0.0,0.0,0.0,0.0,10729.157407407407,10576.617999999999,0.0,0.0,0.0
2025-09-23,89,2025-09-23T14:50:00,2025-09-23T14:40:00,1034.3812666666665,831.80015,2025-09-23T14:50:00,2025-09-23 00:00:00,2025-09-23 00:00:00,2025-09-23T14:50:00,2025-09-23T14:50:00,0.9376,1017.7683383742902,935.3367790869424,1059.2686452648006,935.3367790869424,41.50030689051045,9035.023103674215,2025-08-26,2025-09-22,168,28,False,0.0,0.0,123.93186617785818,10685.68839510892,10547.986321577966,0.0,0.0,0.0,202.5811166666665,0.0,0.0,0.0,0.0,10576.617999999999,10351.52787037037,0.0,0.0,0.0
2025-09-23,90,2025-09-23T15:00:00,2025-09-23T14:50:00,1043.78,793.6062499999999,2025-09-23T15:00:00,2025-09-23 00:00:00,2025-09-23 00:00:00,2025-09-23T15:00:00,2025-09-23T15:00:00,0.6694,1009.8320924181827,885.089792873476,1051.332399308693,885.089792873476,41.50030689051045,9035.023103674215,2025-08-26,2025-09-22,168,28,False,166.2426064352171,0.0,0.0,10547.986321577966,10547.986321577966,0.0,0.0,0.0,83.93114356478293,0.0,0.0,0.0,0.0,10351.52787037037,10258.271044187277,111.28280074773433,0.0,111.28280074773433
2025-09-23,91,2025-09-23T15:10:00,2025-09-23T15:00:00,1062.8975166666667,807.0136666666667,2025-09-23T15:10:00,2025-09-23 00:00:00,2025-09-23 00:00:00,2025-09-23T15:10:00,2025-09-23T15:10:00,0.66,1008.7148134173377,834.237337383329,1041.8188072055577,834.237337383329,33.103993788219896,9035.023103674215,2025-08-26,2025-09-22,168,28,False,487.5966680689332,280.0151982467044,0.0,10547.986321577966,10800.0,0.0,1.0000000000000049,231.7128180689333,0.0,0.0,0.0,0.0,0.0,10258.271044187277,10466.812580449317,321.8138009254959,0.0,321.8138009254959
2025-09-23,92,2025-09-23T15:20:00,2025-09-23T15:10:00,1076.8336166666666,789.0494166666667,2025-09-23T15:20:00,2025-09-23 00:00:00,2025-09-23 00:00:00,2025-09-23T15:20:00,2025-09-23T15:20:00,0.7217,1037.7322429291107,783.0674709225606,1070.8362367173306,783.0674709225606,33.103993788219896,9035.023103674215,2025-08-26,2025-09-22,168,28,False,287.76876579477005,0.0,0.0,10800.0,10800.0,0.0,0.0,0.0,0.01543420522989436,0.0,0.0,0.0,0.0,10466.812580449317,10466.795431332395,207.68271827408554,0.0,207.68271827408554
2025-09-23,93,2025-09-23T15:30:00,2025-09-23T15:20:00,1063.7416666666666,736.2062500000001,2025-09-23T15:30:00,2025-09-23 00:00:00,2025-09-23 00:00:00,2025-09-23T15:30:00,2025-09-23T15:30:00,0.7308,1070.0825012923303,731.8623488108898,1103.1864950805502,731.8623488108898,33.103993788219896,9035.023103674215,2025-08-26,2025-09-22,168,28,False,371.32414626966045,0.0,0.0,10800.0,10800.0,0.0,0.0,43.78872960299395,0.0,0.0,0.0,0.0,0.0,10466.795431332395,10506.20528797509,271.36368609386784,0.0,271.36368609386784
2025-09-23,94,2025-09-23T15:40:00,2025-09-23T15:30:00,1020.0329333333334,717.7256666666667,2025-09-23T15:40:00,2025-09-23 00:00:00,2025-09-23 00:00:00,2025-09-23T15:40:00,2025-09-23T15:40:00,0.7534,1049.0096572517396,680.8959862951206,1082.1136510399594,680.8959862951206,33.103993788219896,9035.023103674215,2025-08-26,2025-09-22,168,28,False,401.2176647448389,0.0,0.0,10800.0,10800.0,0.0,0.0,98.9103980781722,0.0,0.0,0.0,0.0,0.0,10506.20528797509,10595.224646245444,302.2773886187616,0.0,302.2773886187616
2025-09-23,95,2025-09-23T15:50:00,2025-09-23T15:40:00,1025.6049500000001,672.6557666666666,2025-09-23T15:50:00,2025-09-23 00:00:00,2025-09-23 00:00:00,2025-09-23T15:50:00,2025-09-23T15:50:00,0.7823,1011.0398149218586,630.4321552477574,1044.1438087100785,630.4321552477574,33.103993788219896,9035.023103674215,2025-08-26,2025-09-22,168,28,False,413.7116534623211,0.0,0.0,10800.0,10800.0,0.0,0.0,60.762470128987616,0.0,0.0,0.0,0.0,0.0,10595.224646245444,10649.910869361533,323.6466265035738,0.0,323.6466265035738
2025-09-23,96,2025-09-23T16:00:00,2025-09-23T15:50:00,1084.195,590.6125000000001,2025-09-23T16:00:00,2025-09-23 00:00:00,2025-09-23 00:00:00,2025-09-23T16:00:00,2025-09-23T16:00:00,0.8055,1003.4024204846183,580.7224347746428,1036.5064142728384,580.7224347746428,33.103993788219896,9035.023103674215,2025-08-26,2025-09-22,168,28,False,455.78397949819555,0.0,0.0,10800.0,10800.0,0.0,0.0,0.0,37.798520501804205,0.0,0.0,0.0,0.0,10649.910869361533,10607.912513248417,367.1339954857965,0.0,367.1339954857965
2025-09-23,97,2025-09-23T16:10:00,2025-09-23T16:00:00,1117.4952,528.06255,2025-09-23T16:10:00,2025-09-23 00:00:00,2025-09-23 00:00:00,2025-09-23T16:10:00,2025-09-23T16:10:00,0.8271,1039.8420757268032,532.0044335139047,1097.6113471732476,532.0044335139047,57.76927144644456,9035.023103674215,2025-08-26,2025-09-22,168,28,False,565.6069136593429,0.0,-0.0,10800.0,10800.0,0.0,0.0,0.0,23.82573634065716,0.0,0.0,0.0,0.0,10607.912513248417,10581.439472869908,467.8134782876425,0.0,467.8134782876425
2025-09-23,98,2025-09-23T16:20:00,2025-09-23T16:10:00,1108.5640166666667,472.75036666666665,2025-09-23T16:20:00,2025-09-23 00:00:00,2025-09-23 00:00:00,2025-09-23T16:20:00,2025-09-23T16:20:00,0.8519,1056.0041458279234,484.50019887378056,1113.7734172743678,484.50019887378056,57.76927144644456,9035.023103674215,2025-08-26,2025-09-22,168,28,False,629.2732184005872,0.0,-0.0,10800.0,10800.0,0.0,0.0,0.0,6.540431599412841,0.0,0.0,0.0,0.0,10581.439472869908,10574.172326648339,536.0778547554603,0.0,536.0778547554603
2025-09-23,99,2025-09-23T16:30:00,2025-09-23T16:20:00,1085.4916666666666,417.25624999999997,2025-09-23T16:30:00,2025-09-23 00:00:00,2025-09-23 00:00:00,2025-09-23T16:30:00,2025-09-23T16:30:00,0.8791,1036.9418312724097,438.41482576899745,1094.7111027188541,438.41482576899745,57.76927144644456,9035.023103674217,2025-08-26,2025-09-22,168,28,False,656.2962769498567,0.0,0.0,10800.0,10800.0,0.0,0.0,0.0,11.939139716809905,0.0,0.0,0.0,0.0,10574.172326648339,10560.906615851884,576.950057066619,0.0,576.950057066619
2025-09-23,100,2025-09-23T16:40:00,2025-09-23T16:30:00,1086.1258833333334,369.77835,2025-09-23T16:40:00,2025-09-23 00:00:00,2025-09-23 00:00:00,2025-09-23T16:40:00,2025-09-23T16:40:00,0.9024,1028.2567281629326,393.93527461623137,1086.025999609377,393.93527461623137,57.76927144644456,9035.023103674215,2025-08-26,2025-09-22,168,28,False,692.0907249931457,0.0,-0.0,10800.0,10800.0,0.0,0.0,0.0,24.256808340187717,0.0,0.0,0.0,0.0,10560.906615851884,10533.954606585008,624.5426702338146,0.0,624.5426702338146
2025-09-23,101,2025-09-23T16:50:00,2025-09-23T16:40:00,1075.4214333333332,310.59875,2025-09-23T16:50:00,2025-09-23 00:00:00,2025-09-23 00:00:00,2025-09-23T16:50:00,2025-09-23T16:50:00,0.9163,1041.544547970405,351.2294054818101,1099.3138194168494,351.2294054818101,57.76927144644456,9035.023103674215,2025-08-26,2025-09-22,168,28,False,748.0844139350393,0.0,-0.0,10800.0,10800.0,0.0,0.0,0.0,16.738269398293824,0.0,0.0,0.0,0.0,10533.954606585008,10515.356529475794,685.4697484886765,0.0,685.4697484886765
2025-09-23,102,2025-09-23T17:00:00,2025-09-23T16:50:00,1058.285,244.23125000000002,2025-09-23T17:00:00,2025-09-23 00:00:00,2025-09-23 00:00:00,2025-09-23T17:00:00,2025-09-23T17:00:00,0.9264,1055.2677761687714,310.44523238262394,1113.037047615216,310.44523238262394,57.76927144644456,9035.023103674215,2025-08-26,2025-09-22,168,28,False,802.5918152325919,0.0,-0.0,10800.0,10800.0,0.0,0.0,0.0,11.461934767408138,0.0,0.0,0.0,0.0,10515.356529475794,10502.621046400896,743.5210576314731,0.0,743.5210576314731
2025-09-23,103,2025-09-23T17:10:00,2025-09-23T17:00:00,1073.5455166666668,196.45853333333332,2025-09-23T17:10:00,2025-09-23 00:00:00,2025-09-23 00:00:00,2025-09-23T17:10:00,2025-09-23T17:10:00,0.9462,1040.026108942102,271.71039886738697,1166.9292147687918,271.71039886738697,126.90310582668981,9035.023103674215,2025-08-26,2025-09-22,168,28,False,895.2188159014048,-0.0,0.0,10800.0,10800.0,0.0,0.0,18.13183256807133,0.0,0.0,0.0,0.0,0.0,10502.621046400896,10518.93969571216,847.0560436059093,0.0,847.0560436059093
2025-09-23,104,2025-09-23T17:20:00,2025-09-23T17:10:00,1066.3225166666666,152.9859,2025-09-23T17:20:00,2025-09-23 00:00:00,2025-09-23 00:00:00,2025-09-23T17:20:00,2025-09-23T17:20:00,0.9742,1029.4158304379152,235.1318731922215,1156.318936264605,235.1318731922215,126.90310582668981,9035.023103674215,2025-08-26,2025-09-22,168,28,False,921.1870630723836,0.0,0.0,10800.0,10800.0,0.0,0.0,7.850446405716866,0.0,0.0,0.0,0.0,0.0,10518.93969571216,10526.005097477306,897.420436845116,0.0,897.420436845116
2025-09-23,105,2025-09-23T17:30:00,2025-09-23T17:20:00,1061.415,105.03125,2025-09-23T17:30:00,2025-09-23 00:00:00,2025-09-23 00:00:00,2025-09-23T17:30:00,2025-09-23T17:30:00,0.9862,1049.0351428786687,200.79585869247677,1175.9382487053585,200.79585869247677,126.90310582668981,9035.023103674217,2025-08-26,2025-09-22,168,28,False,975.1423900128818,0.0,0.0,10800.0,10800.0,0.0,0.0,18.75864001288187,0.0,0.0,0.0,0.0,0.0,10526.005097477306,10542.887873488899,961.685425030704,0.0,961.685425030704
2025-09-23,106,2025-09-23T17:40:00,2025-09-23T17:30:00,1111.2723333333333,59.40966666666667,2025-09-23T17:40:00,2025-09-23 00:00:00,2025-09-23 00:00:00,2025-09-23T17:40:00,2025-09-23T17:40:00,0.976,1071.9255755110482,168.76791238022247,1198.828681337738,168.76791238022247,126.90310582668981,9035.023103674217,2025-08-26,2025-09-22,168,28,False,1030.0607689575156,-0.0,0.0,10800.0,10800.0,0.0,-0.0,0.0,21.801897709151035,0.0,0.0,0.0,0.0,10542.887873488899,10518.663542700953,1005.3393105025352,0.0,1005.3393105025352
2025-09-23,107,2025-09-23T17:50:00,2025-09-23T17:40:00,981.0726333333333,21.90731666666667,2025-09-23T17:50:00,2025-09-23 00:00:00,2025-09-23 00:00:00,2025-09-23T17:50:00,2025-09-23T17:50:00,1.0742,966.4931227992026,139.09326239930414,1093.3962286258925,139.09326239930414,126.90310582668981,9035.023103674217,2025-08-26,2025-09-22,168,28,False,954.3029662265883,0.0,0.0,10800.0,10800.0,0.0,0.0,0.0,4.86235044007833,0.0,0.0,0.0,0.0,10518.663542700953,10513.260931100865,1025.1122463206011,0.0,1025.1122463206011
2025-09-23,108,2025-09-23T18:00:00,2025-09-23T17:50:00,752.645,0.0,2025-09-23T18:00:00,2025-09-23 00:00:00,2025-09-23 00:00:00,2025-09-23T18:00:00,2025-09-23T18:00:00,1.2313,792.5679744191319,111.79731277937543,919.4710802458218,111.79731277937543,126.90310582668981,9035.023103674215,2025-08-26,2025-09-22,168,28,False,807.6737674664464,0.0,0.0,10800.0,10800.0,0.0,0.0,55.028767466446425,0.0,0.0,0.0,0.0,0.0,10513.260931100865,10562.786821820668,994.4887098814355,0.0,994.4887098814355
2025-09-23,109,2025-09-23T18:10:00,2025-09-23T18:00:00,764.32985,0.0,2025-09-23T18:10:00,2025-09-23 00:00:00,2025-09-23 00:00:00,2025-09-23T18:10:00,2025-09-23T18:10:00,1.2561,755.3486078393819,86.8863219750672,852.2975778802924,86.8863219750672,96.9489700409105,9035.023103674215,2025-08-26,2025-09-22,168,28,False,765.4112559052252,0.0,0.0,10800.0,10800.0,0.0,0.0,1.0814059052252105,0.0,0.0,0.0,0.0,0.0,10562.786821820668,10563.76008713537,961.4330785425533,0.0,961.4330785425533
2025-09-23,110,2025-09-23T18:20:00,2025-09-23T18:10:00,830.9645,0.7372333333333333,2025-09-23T18:20:00,2025-09-23 00:00:00,2025-09-23 00:00:00,2025-09-23T18:20:00,2025-09-23T18:20:00,1.2447,776.0860433557668,64.34823998031851,873.0350133966773,64.34823998031851,96.9489700409105,9035.023103674215,2025-08-26,2025-09-22,168,28,False,808.6867734163588,0.0,0.0,10800.0,10800.0,0.0,0.0,0.0,21.540493250307918,0.0,0.0,0.0,0.0,10563.76008713537,10539.826205746138,1006.5724268713418,0.0,1006.5724268713418
2025-09-23,111,2025-09-23T18:30:00,2025-09-23T18:20:00,834.4166666666666,0.0,2025-09-23T18:30:00,2025-09-23 00:00:00,2025-09-23 00:00:00,2025-09-23T18:30:00,2025-09-23T18:30:00,1.2545,790.3947278361926,44.15368739014421,887.3436978771031,44.15368739014421,96.9489700409105,9035.023103674215,2025-08-26,2025-09-22,168,28,False,843.1900104869588,0.0,0.0,10800.0,10800.0,0.0,0.0,8.773343820292212,0.0,0.0,0.0,0.0,0.0,10539.826205746138,10547.722215184402,1057.78186815589,0.0,1057.78186815589
2025-09-23,112,2025-09-23T18:40:00,2025-09-23T18:30:00,836.15965,0.0,2025-09-23T18:40:00,2025-09-23 00:00:00,2025-09-23 00:00:00,2025-09-23T18:40:00,2025-09-23T18:40:00,1.2522,808.3088761500844,26.257058657130713,905.2578461909949,26.257058657130713,96.9489700409105,9035.023103674215,2025-08-26,2025-09-22,168,28,False,879.0007875338641,0.0,0.0,10800.0,10800.0,0.0,0.0,42.84113753386407,0.0,0.0,0.0,0.0,0.0,10547.722215184402,10586.279238964878,1100.6847861499045,0.0,1100.6847861499045
2025-09-23,113,2025-09-23T18:50:00,2025-09-23T18:40:00,810.4176333333334,0.05293333333333333,2025-09-23T18:50:00,2025-09-23 00:00:00,2025-09-23 00:00:00,2025-09-23T18:50:00,2025-09-23T18:50:00,1.2881,790.1025731753238,10.597730967054199,887.0515432162342,10.597730967054199,96.9489700409105,9035.023103674217,2025-08-26,2025-09-22,168,28,False,876.45381224918,0.0,-0.0,10800.0,10800.0,0.0,0.0,66.08911224918006,0.0,0.0,0.0,0.0,0.0,10586.279238964878,10645.75943998914,1128.9601555581687,0.0,1128.9601555581687
2025-09-23,114,2025-09-23T19:00:00,2025-09-23T18:50:00,777.4266666666667,0.0,2025-09-23T19:00:00,2025-09-23 00:00:00,2025-09-23 00:00:00,2025-09-23T19:00:00,2025-09-23T19:00:00,1.3466,762.6037694475907,0.0,859.5527394885012,0.0,96.9489700409105,7008.930801464302,2025-08-26,2025-09-22,168,28,False,26.219406155167917,0.0,833.3333333333333,10800.0,9874.074074074075,0.0,0.0,0.0,751.2072605114988,0.0,0.0,0.0,0.0,10645.75943998914,9811.084706087475,35.30705232854912,0.0,35.30705232854912
2025-09-23,115,2025-09-23T19:10:00,2025-09-23T19:00:00,799.0988833333334,0.0,2025-09-23T19:10:00,2025-09-23 00:00:00,2025-09-23 00:00:00,2025-09-23T19:10:00,2025-09-23T19:10:00,1.3523,794.818730303227,0.0,835.813581815795,0.0,40.99485151256806,879.9367238212349,2025-08-26,2025-09-22,168,28,False,2.480248482461775,0.0,833.3333333333333,9874.074074074075,8948.14814814815,0.0,0.0,0.0,796.6186348508717,0.0,0.0,0.0,0.0,9811.084706087475,8925.952889586506,3.3540400228330585,0.0,3.3540400228330585
2025-09-23,116,2025-09-23T19:20:00,2025-09-23T19:10:00,825.5996666666666,0.0038,2025-09-23T19:20:00,2025-09-23 00:00:00,2025-09-23 00:00:00,2025-09-23T19:20:00,2025-09-23T19:20:00,1.3445,808.9882425535212,0.0,849.9830940660893,0.0,40.99485151256806,6128.554710552341,2025-08-26,2025-09-22,168,28,False,16.64976073275602,0.0,833.3333333333333,8948.14814814815,8022.2222222222235,0.0,0.0,0.0,808.9461059339106,0.0,0.0,0.0,0.0,8925.952889586506,8027.123882993272,22.38560330519047,0.0,22.38560330519047
2025-09-23,117,2025-09-23T19:30:00,2025-09-23T19:20:00,817.8166666666666,0.0,2025-09-23T19:30:00,2025-09-23 00:00:00,2025-09-23 00:00:00,2025-09-23T19:30:00,2025-09-23T19:30:00,1.3483,788.8263278366487,0.0,829.8211793492168,0.0,40.99485151256806,3491.328831132141,2025-08-26,2025-09-22,168,28,False,0.0,0.0,829.8211793492168,8022.2222222222235,7100.198689611982,0.0,0.0,0.0,817.8166666666666,0.0,0.0,0.0,0.0,8027.123882993272,7118.4386978080865,0.0,0.0,0.0
2025-09-23,118,2025-09-23T19:40:00,2025-09-23T19:30:00,786.83635,0.0,2025-09-23T19:40:00,2025-09-23 00:00:00,2025-09-23 00:00:00,2025-09-23T19:40:00,2025-09-23T19:40:00,1.349,795.2353934406457,0.0,836.2302449532137,0.0,40.99485151256806,1741.2299246193966,2025-08-26,2025-09-22,168,28,False,2.896911619880484,0.0,833.3333333333333,7100.198689611982,6174.272763686056,0.0,0.0,0.0,783.9394383801196,0.0,0.0,0.0,0.0,7118.4386978080865,6247.394877385732,3.907933775218773,0.0,3.907933775218773
2025-09-23,119,2025-09-23T19:50:00,2025-09-23T19:40:00,784.2191666666666,0.0002666666666666667,2025-09-23T19:50:00,2025-09-23 00:00:00,2025-09-23 00:00:00,2025-09-23T19:50:00,2025-09-23T19:50:00,1.3473,802.949733567782,0.0,843.9445850803501,0.0,40.99485151256806,3491.328831132141,2025-08-26,2025-09-22,168,28,False,10.611251747016809,0.0,833.3333333333333,6174.272763686056,5248.34683776013,0.0,0.0,0.0,773.6076482529832,0.0,0.0,0.0,0.0,6247.394877385732,5387.830823771306,14.296539478755745,0.0,14.296539478755745
2025-09-23,120,2025-09-23T20:00:00,2025-09-23T19:50:00,811.9116666666667,0.0,2025-09-23T20:00:00,2025-09-23 00:00:00,2025-09-23 00:00:00,2025-09-23T20:00:00,2025-09-23T20:00:00,1.3482,792.5423980124566,0.0,833.5372495250247,0.0,40.99485151256806,2610.9527402201797,2025-08-26,2025-09-22,168,28,False,0.2039161916914054,0.0,833.3333333333333,5248.34683776013,4322.420911834204,0.0,0.0,0.0,811.7077504749753,0.0,0.0,0.0,0.0,5387.830823771306,4485.933323243556,0.2749198096383528,0.0,0.2749198096383528
2025-09-23,121,2025-09-23T20:10:00,2025-09-23T20:00:00,827.1781166666666,0.0,2025-09-23T20:10:00,2025-09-23 00:00:00,2025-09-23 00:00:00,2025-09-23T20:10:00,2025-09-23T20:10:00,1.3513,775.1638807183456,0.0,816.5541626125674,0.0,41.39028189422185,879.9367238212349,2025-08-26,2025-09-22,168,28,False,0.0,0.0,816.5541626125674,4322.420911834204,3415.1385089313517,0.0,0.0,0.0,827.1781166666666,0.0,0.0,0.0,0.0,4485.933323243556,3566.8465269472595,0.0,0.0,0.0
2025-09-23,122,2025-09-23T20:20:00,2025-09-23T20:10:00,843.5677000000001,0.0,2025-09-23T20:20:00,2025-09-23 00:00:00,2025-09-23 00:00:00,2025-09-23T20:20:00,2025-09-23T20:20:00,1.34,769.7730601168577,0.0,811.1633420110795,0.0,41.39028189422185,1749.659539422018,2025-08-26,2025-09-22,168,28,False,475.0128332411231,0.0,336.15050876995645,3415.1385089313517,3041.6379436314,0.0,0.0,0.0,368.554866758877,0.0,0.0,0.0,0.0,3566.8465269472595,3157.341119437396,636.517196543105,0.0,636.517196543105
2025-09-23,123,2025-09-23T20:30:00,2025-09-23T20:20:00,839.7083333333334,0.0,2025-09-23T20:30:00,2025-09-23 00:00:00,2025-09-23 00:00:00,2025-09-23T20:30:00,2025-09-23T20:30:00,1.3489,782.7505340407048,0.0,824.1408159349266,0.0,41.39028189422185,879.9367238212349,2025-08-26,2025-09-22,168,28,False,0.0,0.0,824.1408159349266,3041.6379436314,2125.925925925926,0.0,0.0,0.0,833.3333333333334,6.375,0.0,0.0,0.0,3157.341119437396,2231.41519351147,0.0,42.996187500000005,42.996187500000005
2025-09-23,124,2025-09-23T20:40:00,2025-09-23T20:30:00,784.8952833333333,0.0,2025-09-23T20:40:00,2025-09-23 00:00:00,2025-09-23 00:00:00,2025-09-23T20:40:00,2025-09-23T20:40:00,1.3952,800.5194708264501,0.0,841.9097527206719,0.0,41.39028189422185,0.0,2025-08-26,2025-09-22,168,28,False,8.57641938733866,0.0,833.3333333333333,2125.925925925926,1200.0,0.0,0.0,0.0,776.3188639459946,0.0,0.0,0.0,0.0,2231.41519351147,1368.8386780159206,11.965820329214898,0.0,11.965820329214898
2025-09-23,125,2025-09-23T20:50:00,2025-09-23T20:40:00,801.6618,0.0,2025-09-23T20:50:00,2025-09-23 00:00:00,2025-09-23 00:00:00,2025-09-23T20:50:00,2025-09-23T20:50:00,1.2226,789.2813379609235,0.0,830.6716198551453,0.0,41.39028189422185,0.0,2025-08-26,2025-09-22,168,28,False,830.6716198551453,0.0,0.0,1200.0,1200.0,0.0,0.0,29.009819855145338,0.0,0.0,0.0,0.0,0.0,1368.8386780159206,1394.9475158855514,1015.5791224349006,0.0,1015.5791224349006
2025-09-23,126,2025-09-23T21:00:00,2025-09-23T20:50:00,869.2166666666667,0.0,2025-09-23T21:00:00,2025-09-23 00:00:00,2025-09-23 00:00:00,2025-09-23T21:00:00,2025-09-23T21:00:00,0.9332,772.6281358306803,0.0,814.0184177249022,0.0,41.39028189422185,0.0,2025-08-26,2025-09-22,168,28,False,814.0184177249022,0.0,0.0,1200.0,1200.0,0.0,0.0,0.0,55.19824894176452,0.0,0.0,0.0,0.0,1394.9475158855514,1333.6161281724796,759.6419874208788,0.0,759.6419874208788
2025-09-23,127,2025-09-23T21:10:00,2025-09-23T21:00:00,842.5243833333334,0.0,2025-09-23T21:10:00,2025-09-23 00:00:00,2025-09-23 00:00:00,2025-09-23T21:10:00,2025-09-23T21:10:00,0.9068,800.4097767221174,0.0,849.1465339955965,0.0,48.7367572734792,0.0,2025-08-26,2025-09-22,168,28,False,849.1465339955965,0.0,0.0,1200.0,1200.0,0.0,0.0,6.622150662263152,0.0,0.0,0.0,0.0,0.0,1333.6161281724796,1339.5760637685164,770.006077027207,0.0,770.006077027207
2025-09-23,128,2025-09-23T21:20:00,2025-09-23T21:10:00,804.5951833333334,0.0,2025-09-23T21:20:00,2025-09-23 00:00:00,2025-09-23 00:00:00,2025-09-23T21:20:00,2025-09-23T21:20:00,0.9371,784.7583638533242,0.0,833.4951211268034,0.0,48.7367572734792,0.0,2025-08-26,2025-09-22,168,28,False,833.4951211268034,0.0,0.0,1200.0,1200.0,0.0,0.0,28.89993779347003,0.0,0.0,0.0,0.0,0.0,1339.5760637685164,1365.5860077826394,781.0682780079275,0.0,781.0682780079275
2025-09-23,129,2025-09-23T21:30:00,2025-09-23T21:20:00,813.3816666666667,0.0,2025-09-23T21:30:00,2025-09-23 00:00:00,2025-09-23 00:00:00,2025-09-23T21:30:00,2025-09-23T21:30:00,0.9371,748.5022233595141,0.0,797.2389806329933,0.0,48.7367572734792,0.0,2025-08-26,2025-09-22,168,28,False,797.2389806329933,0.0,0.0,1200.0,1200.0,0.0,0.0,0.0,16.142686033673385,0.0,0.0,0.0,0.0,1365.5860077826394,1347.6496899674466,747.092648751178,0.0,747.092648751178
2025-09-23,130,2025-09-23T21:40:00,2025-09-23T21:30:00,829.8691333333333,0.0,2025-09-23T21:40:00,2025-09-23 00:00:00,2025-09-23 00:00:00,2025-09-23T21:40:00,2025-09-23T21:40:00,0.9871,792.1033005950926,0.0,840.8400578685718,0.0,48.7367572734792,0.0,2025-08-26,2025-09-22,168,28,False,840.8400578685718,0.0,-0.0,1200.0,1200.0,0.0,0.0,10.97092453523851,0.0,0.0,0.0,0.0,0.0,1347.6496899674466,1357.5235220491613,829.9932211220672,0.0,829.9932211220672
2025-09-23,131,2025-09-23T21:50:00,2025-09-23T21:40:00,768.1864999999999,0.0,2025-09-23T21:50:00,2025-09-23 00:00:00,2025-09-23 00:00:00,2025-09-23T21:50:00,2025-09-23T21:50:00,0.7764,753.2294208460175,0.0,801.9661781194967,0.0,48.7367572734792,0.0,2025-08-26,2025-09-22,168,28,False,801.9661781194967,0.0,-0.0,1200.0,1200.0,0.0,-0.0,33.77967811949679,0.0,0.0,0.0,0.0,0.0,1357.5235220491613,1387.9252323567084,622.6465406919772,0.0,622.6465406919772
2025-09-23,132,2025-09-23T22:00:00,2025-09-23T21:50:00,639.2433333333333,0.0,2025-09-23T22:00:00,2025-09-23 00:00:00,2025-09-23 00:00:00,2025-09-23T22:00:00,2025-09-23T22:00:00,0.4209,627.7534940333716,0.0,676.4902513068507,0.0,48.7367572734792,0.0,2025-08-26,2025-09-22,168,28,False,1509.823584640184,833.3333333333333,0.0,1200.0,1950.0,0.0,1.0,833.3333333333334,0.0,0.0,37.24691797351727,37.24691797351727,0.0,1387.9252323567084,2137.9252323567084,635.4847467750534,0.0,635.4847467750534
2025-09-23,133,2025-09-23T22:10:00,2025-09-23T22:00:00,553.4415666666666,0.0,2025-09-23T22:10:00,2025-09-23 00:00:00,2025-09-23 00:00:00,2025-09-23T22:10:00,2025-09-23T22:10:00,0.3859,585.328578315095,0.0,633.7572427342817,0.0,48.42866441918672,0.0,2025-08-26,2025-09-22,168,28,False,1467.090576067615,833.3333333333333,0.0,1950.0,2700.0,0.0,1.0,833.3333333333334,0.0,0.0,80.31567606761507,80.31567606761507,0.0,2137.9252323567084,2887.9252323567084,566.1502533044927,0.0,566.1502533044927
2025-09-23,134,2025-09-23T22:20:00,2025-09-23T22:10:00,582.6785666666666,0.0,2025-09-23T22:20:00,2025-09-23 00:00:00,2025-09-23 00:00:00,2025-09-23T22:20:00,2025-09-23T22:20:00,0.4368,590.4863796773569,4.010843467485227,638.9150440965436,4.010843467485227,48.42866441918672,0.0,2025-08-26,2025-09-22,168,28,False,1301.570867295723,666.6666666666646,0.0,2700.0,3299.999999999998,0.0,1.0000000000000002,718.8923006290564,0.0,0.0,0.0,0.0,0.0,2887.9252323567084,3534.928302922859,568.5261548347719,0.0,568.5261548347719
2025-09-23,135,2025-09-23T22:30:00,2025-09-23T22:20:00,647.2066666666666,0.0,2025-09-23T22:30:00,2025-09-23 00:00:00,2025-09-23 00:00:00,2025-09-23T22:30:00,2025-09-23T22:30:00,0.4198,594.5347974281922,8.820542630518373,642.9634618473789,8.820542630518373,48.42866441918672,0.0,2025-08-26,2025-09-22,168,28,False,1467.4762525501937,833.3333333333333,0.0,3299.999999999998,4049.999999999998,0.0,1.0,820.2695858835272,0.0,0.0,0.0,0.0,0.0,3534.928302922859,4273.170930218033,616.0465308205713,0.0,616.0465308205713
2025-09-23,136,2025-09-23T22:40:00,2025-09-23T22:30:00,596.69985,0.0,2025-09-23T22:40:00,2025-09-23 00:00:00,2025-09-23 00:00:00,2025-09-23T22:40:00,2025-09-23T22:40:00,0.4186,594.1884372841696,13.307688066851666,642.6171017033563,13.307688066851666,48.42866441918672,0.0,2025-08-26,2025-09-22,168,28,False,1462.6427469698378,833.3333333333333,0.0,4049.999999999998,4799.999999999998,0.0,1.0,833.3333333333334,0.0,0.0,32.609563636504504,32.609563636504504,0.0,4273.170930218033,5023.170930218033,612.2622538815741,0.0,612.2622538815741
2025-09-23,137,2025-09-23T22:50:00,2025-09-23T22:40:00,555.3522833333333,0.0,2025-09-23T22:50:00,2025-09-23 00:00:00,2025-09-23 00:00:00,2025-09-23T22:50:00,2025-09-23T22:50:00,0.4241,604.2902266421167,17.407155484858457,652.7188910613035,17.407155484858457,48.42866441918672,0.0,2025-08-26,2025-09-22,168,28,False,1468.6450689097783,833.3333333333333,0.0,4799.999999999998,5549.999999999998,0.0,1.0,833.3333333333334,0.0,0.0,79.95945224311163,79.95945224311163,0.0,5023.170930218033,5773.170930218033,622.8523737246369,0.0,622.8523737246369
2025-09-23,138,2025-09-23T23:00:00,2025-09-23T22:50:00,569.35,0.0,2025-09-23T23:00:00,2025-09-23 00:00:00,2025-09-23 00:00:00,2025-09-23T23:00:00,2025-09-23T23:00:00,0.4237,612.8235179869583,21.061649380160556,661.252182406145,21.061649380160556,48.42866441918672,0.0,2025-08-26,2025-09-22,168,28,False,1473.5238663593177,833.3333333333333,0.0,5549.999999999998,6299.999999999998,0.0,1.0,833.3333333333334,0.0,0.0,70.84053302598431,70.84053302598431,0.0,5773.170930218033,6523.170930218033,624.332062176443,0.0,624.332062176443
2025-09-23,139,2025-09-23T23:10:00,2025-09-23T23:00:00,564.6558666666666,0.0,2025-09-23T23:10:00,2025-09-23 00:00:00,2025-09-23 00:00:00,2025-09-23T23:10:00,2025-09-23T23:10:00,0.4248,595.8575807797296,24.221760467277438,662.3141188908612,24.221760467277438,66.45653811113169,0.0,2025-08-26,2025-09-22,168,28,False,1471.4256917569169,833.3333333333333,0.0,6299.999999999998,7049.999999999998,0.0,1.0,833.3333333333334,0.0,0.0,73.4364917569169,73.4364917569169,0.0,6523.170930218033,7273.170930218033,625.0616338583383,0.0,625.0616338583383
2025-09-23,140,2025-09-23T23:20:00,2025-09-23T23:10:00,576.5015666666667,0.0,2025-09-23T23:20:00,2025-09-23 00:00:00,2025-09-23 00:00:00,2025-09-23T23:20:00,2025-09-23T23:20:00,0.424,602.0945551280415,26.84599276300481,668.5510932391733,26.84599276300481,66.45653811113169,0.0,2025-08-26,2025-09-22,168,28,False,1475.0384338095018,833.3333333333333,0.0,7049.999999999998,7799.999999999998,0.0,1.0,833.3333333333334,0.0,0.0,65.20353380950178,65.20353380950178,0.0,7273.170930218033,8023.170930218033,625.4162959352287,0.0,625.4162959352287
2025-09-23,141,2025-09-23T23:30:00,2025-09-23T23:20:00,610.3249999999999,0.0,2025-09-23T23:30:00,2025-09-23 00:00:00,2025-09-23 00:00:00,2025-09-23T23:30:00,2025-09-23T23:30:00,0.422,619.214043251434,28.900767454214918,685.6705813625656,28.900767454214918,66.45653811113169,0.0,2025-08-26,2025-09-22,168,28,False,1490.103147241684,833.3333333333333,0.0,7799.999999999998,8549.999999999998,0.0,1.0,833.3333333333334,0.0,0.0,46.444813908350625,46.444813908350625,0.0,8023.170930218033,8773.170930218033,628.8235281359906,0.0,628.8235281359906
2025-09-23,142,2025-09-23T23:40:00,2025-09-23T23:30:00,617.0673,0.0,2025-09-23T23:40:00,2025-09-23 00:00:00,2025-09-23 00:00:00,2025-09-23T23:40:00,2025-09-23T23:40:00,0.424,589.9575325093008,30.3604100205363,656.4140706204325,30.3604100205363,66.45653811113169,0.0,2025-08-26,2025-09-22,168,28,False,1459.3869939332294,833.3333333333333,0.0,8549.999999999998,9299.999999999998,0.0,1.0,833.3333333333334,0.0,0.0,8.986360599895988,8.986360599895988,0.0,8773.170930218033,9523.170930218033,618.7800854276893,0.0,618.7800854276893
2025-09-23,143,2025-09-23T23:50:00,2025-09-23T23:40:00,568.2980833333334,0.0,2025-09-23T23:50:00,2025-09-23 00:00:00,2025-09-23 00:00:00,2025-09-23T23:50:00,2025-09-23T23:50:00,0.4271,590.4128636970394,31.20712625747632,656.869401808171,31.20712625747632,66.45653811113169,0.0,2025-08-26,2025-09-22,168,28,False,1458.995608884028,833.3333333333333,0.0,9299.999999999998,10049.999999999998,0.0,1.0,833.3333333333334,0.0,0.0,57.364192217361165,57.364192217361165,0.0,9523.170930218033,10273.170930218033,623.1370245543683,0.0,623.1370245543683
2025-09-23,144,2025-09-24T00:00:00,2025-09-23T23:50:00,524.6016666666667,0.0,2025-09-24T00:00:00,2025-09-23 00:00:00,2025-09-23 00:00:00,2025-09-24T00:00:00,2025-09-24T00:00:00,0.4276,617.4774962189933,31.430971880946114,683.9340343301251,31.430971880946114,66.45653811113169,0.0,2025-08-26,2025-09-22,168,28,False,1485.836395782515,833.3333333333353,0.0,10049.999999999998,10800.0,0.0,1.0,585.365633091074,0.0,0.0,375.8690960247743,375.8690960247743,0.0,10273.170930218033,10800.0,635.3436428366034,0.0,635.3436428366034
2025-12-21,1,2025-12-21T00:10:00,2025-12-21T00:00:00,596.0177166666666,0.0,2025-12-21T00:10:00,2025-12-21 00:00:00,2025-12-21 00:00:00,2025-12-21T00:10:00,2025-12-21T00:10:00,0.4248,616.2793970973721,0.0,653.1930865063672,0.0,36.91368940899513,9600.0,2025-11-23,2025-12-20,168,28,False,653.193086506366,0.0,0.0,10800.0,10800.0,0.0,0.0,0.0,0.0,0.0,57.17536983969933,57.17536983969933,0.0,10800.0,10800.0,277.47642314790426,0.0,277.47642314790426
2025-12-21,2,2025-12-21T00:20:00,2025-12-21T00:10:00,589.6451666666667,0.0,2025-12-21T00:20:00,2025-12-21 00:00:00,2025-12-21 00:00:00,2025-12-21T00:20:00,2025-12-21T00:20:00,0.4245,590.2234332883246,0.0,627.1371226973197,0.0,36.91368940899513,9600.0,2025-11-23,2025-12-20,168,28,False,627.1371226973197,0.0,0.0,10800.0,10800.0,0.0,0.0,0.0,0.0,0.0,37.491956030653,37.491956030653,0.0,10800.0,10800.0,266.2197085850122,0.0,266.2197085850122
2025-12-21,3,2025-12-21T00:30:00,2025-12-21T00:20:00,578.6833333333333,0.0,2025-12-21T00:30:00,2025-12-21 00:00:00,2025-12-21 00:00:00,2025-12-21T00:30:00,2025-12-21T00:30:00,0.4269,596.5927402013191,0.3749877506193373,633.5064296103142,0.3749877506193373,36.91368940899513,9600.0,2025-11-23,2025-12-20,168,28,False,633.1314418596949,0.0,0.0,10800.0,10800.0,0.0,0.0,0.0,0.0,0.0,54.44810852636158,54.44810852636158,0.0,10800.0,10800.0,270.28381252990374,0.0,270.28381252990374
2025-12-21,4,2025-12-21T00:40:00,2025-12-21T00:30:00,564.7100333333334,0.0,2025-12-21T00:40:00,2025-12-21 00:00:00,2025-12-21 00:00:00,2025-12-21T00:40:00,2025-12-21T00:40:00,0.4272,633.2857617928803,1.0022368920543934,670.1994512018754,1.0022368920543934,36.91368940899513,9600.0,2025-11-23,2025-12-20,168,28,False,669.197214309821,0.0,-0.0,10800.0,10800.0,0.0,0.0,0.0,0.0,0.0,104.4871809764876,104.4871809764876,0.0,10800.0,10800.0,285.8810499531555,0.0,285.8810499531555
2025-12-21,5,2025-12-21T00:50:00,2025-12-21T00:40:00,549.9038833333333,0.0,2025-12-21T00:50:00,2025-12-21 00:00:00,2025-12-21 00:00:00,2025-12-21T00:50:00,2025-12-21T00:50:00,0.4271,647.4755365574257,1.8311568859035607,684.3892259664208,1.8311568859035607,36.91368940899513,9600.0,2025-11-23,2025-12-20,168,28,False,682.5580690805173,0.0,0.0,10800.0,10800.0,0.0,0.0,0.0,0.0,0.0,132.654185747184,132.654185747184,0.0,10800.0,10800.0,291.5205513042889,0.0,291.5205513042889
2025-12-21,6,2025-12-21T01:00:00,2025-12-21T00:50:00,558.21,0.0,2025-12-21T01:00:00,2025-12-21 00:00:00,2025-12-21 00:00:00,2025-12-21T01:00:00,2025-12-21T01:00:00,0.4285,633.1286393593334,2.81890155866656,670.0423287683285,2.81890155866656,36.91368940899513,9600.0,2025-11-23,2025-12-20,168,28,False,667.223427209662,0.0,0.0,10800.0,10800.0,0.0,0.0,0.0,0.0,0.0,109.01342720966193,109.01342720966193,0.0,10800.0,10800.0,285.90523855934015,0.0,285.90523855934015
2025-12-21,7,2025-12-21T01:10:00,2025-12-21T01:00:00,610.3485166666667,0.0,2025-12-21T01:10:00,2025-12-21 00:00:00,2025-12-21 00:00:00,2025-12-21T01:10:00,2025-12-21T01:10:00,0.4311,630.4151194814187,3.9154372690887578,675.0941443763531,3.9154372690887578,44.67902489493439,9600.0,2025-11-23,2025-12-20,168,28,False,671.1787071072644,0.0,-0.0,10800.0,10800.0,0.0,0.0,0.0,0.0,0.0,60.830190440597676,60.830190440597676,0.0,10800.0,10800.0,289.34514063394164,0.0,289.34514063394164
2025-12-21,8,2025-12-21T01:20:00,2025-12-21T01:10:00,633.23595,0.0,2025-12-21T01:20:00,2025-12-21 00:00:00,2025-12-21 00:00:00,2025-12-21T01:20:00,2025-12-21T01:20:00,0.4302,629.5866393611959,5.06499476171928,674.2656642561303,5.06499476171928,44.67902489493439,9600.0,2025-11-23,2025-12-20,168,28,False,669.200669494411,0.0,0.0,10800.0,10800.0,0.0,0.0,0.0,0.0,0.0,35.96471949441104,35.96471949441104,0.0,10800.0,10800.0,287.8901280164956,0.0,287.8901280164956
2025-12-21,9,2025-12-21T01:30:00,2025-12-21T01:20:00,622.6966666666666,0.0,2025-12-21T01:30:00,2025-12-21 00:00:00,2025-12-21 00:00:00,2025-12-21T01:30:00,2025-12-21T01:30:00,0.4279,626.6557530394315,6.207718516137166,671.3347779343659,6.207718516137166,44.67902489493439,9600.0,2025-11-23,2025-12-20,168,28,False,665.1270594182287,0.0,0.0,10800.0,10800.0,0.0,0.0,0.0,0.0,0.0,42.43039275156207,42.43039275156207,0.0,10800.0,10800.0,284.60786872506003,0.0,284.60786872506003
2025-12-21,10,2025-12-21T01:40:00,2025-12-21T01:30:00,637.4892666666666,0.0,2025-12-21T01:40:00,2025-12-21 00:00:00,2025-12-21 00:00:00,2025-12-21T01:40:00,2025-12-21T01:40:00,0.4312,632.4301929373703,7.28147911945245,677.1092178323047,7.28147911945245,44.67902489493439,9600.0,2025-11-23,2025-12-20,168,28,False,669.8277387128522,0.0,0.0,10800.0,10800.0,0.0,0.0,0.0,0.0,0.0,32.33847204618564,32.33847204618564,0.0,10800.0,10800.0,288.8297209329819,0.0,288.8297209329819
2025-12-21,11,2025-12-21T01:50:00,2025-12-21T01:40:00,622.368,0.0,2025-12-21T01:50:00,2025-12-21 00:00:00,2025-12-21 00:00:00,2025-12-21T01:50:00,2025-12-21T01:50:00,0.4333,641.4956589589251,8.22381057013218,686.1746838538595,8.22381057013218,44.67902489493439,9600.0,2025-11-23,2025-12-20,168,28,False,677.9508732837273,0.0,-0.0,10800.0,10800.0,0.0,0.0,0.0,0.0,0.0,55.58287328372728,55.58287328372728,0.0,10800.0,10800.0,293.7561133938391,0.0,293.7561133938391
2025-12-21,12,2025-12-21T02:00:00,2025-12-21T01:50:00,597.8583333333333,0.0,2025-12-21T02:00:00,2025-12-21 00:00:00,2025-12-21 00:00:00,2025-12-21T02:00:00,2025-12-21T02:00:00,0.4311,647.5443654161735,8.973931508841629,692.2233903111079,8.973931508841629,44.67902489493439,9600.0,2025-11-23,2025-12-20,168,28,False,683.2494588022663,0.0,0.0,10800.0,10800.0,0.0,0.0,0.0,0.0,0.0,85.39112546893296,85.39112546893296,0.0,10800.0,10800.0,294.54884168965697,0.0,294.54884168965697
2025-12-21,13,2025-12-21T02:10:00,2025-12-21T02:00:00,642.7462333333334,0.0,2025-12-21T02:10:00,2025-12-21 00:00:00,2025-12-21 00:00:00,2025-12-21T02:10:00,2025-12-21T02:10:00,0.4293,650.8279101240591,9.474807222805449,699.2179876807999,9.474807222805449,48.39007755674067,9600.0,2025-11-23,2025-12-20,168,28,False,689.7431804579944,0.0,0.0,10800.0,10800.0,0.0,0.0,0.0,0.0,0.0,46.996947124661006,46.996947124661006,0.0,10800.0,10800.0,296.10674737061703,0.0,296.10674737061703
2025-12-21,14,2025-12-21T02:20:00,2025-12-21T02:10:00,653.8691166666666,0.0,2025-12-21T02:20:00,2025-12-21 00:00:00,2025-12-21 00:00:00,2025-12-21T02:20:00,2025-12-21T02:20:00,0.4324,663.5301247939377,9.67520792664462,711.9202023506784,9.67520792664462,48.39007755674067,9600.0,2025-11-23,2025-12-20,168,28,False,702.2449944240338,0.0,0.0,10800.0,10800.0,0.0,0.0,0.0,0.0,0.0,48.37587775736722,48.37587775736722,0.0,10800.0,10800.0,303.6507355889522,0.0,303.6507355889522
2025-12-21,15,2025-12-21T02:30:00,2025-12-21T02:20:00,621.75,0.0,2025-12-21T02:30:00,2025-12-21 00:00:00,2025-12-21 00:00:00,2025-12-21T02:30:00,2025-12-21T02:30:00,0.4367,681.9662843163254,9.531718312877194,730.3563618730661,9.531718312877194,48.39007755674067,9600.0,2025-11-23,2025-12-20,168,28,False,720.824643560189,0.0,-0.0,10800.0,10800.0,0.0,0.0,0.0,0.0,0.0,99.07464356018897,99.07464356018897,0.0,10800.0,10800.0,314.7841218427345,0.0,314.7841218427345
2025-12-21,16,2025-12-21T02:40:00,2025-12-21T02:30:00,636.6433333333333,0.0,2025-12-21T02:40:00,2025-12-21 00:00:00,2025-12-21 00:00:00,2025-12-21T02:40:00,2025-12-21T02:40:00,0.4348,688.6198901158447,9.010653702615507,737.0099676725854,9.010653702615507,48.39007755674067,9600.0,2025-11-23,2025-12-20,168,28,False,727.9993139699699,0.0,0.0,10800.0,10800.0,0.0,0.0,0.0,0.0,0.0,91.35598063663656,91.35598063663656,0.0,10800.0,10800.0,316.53410171414293,0.0,316.53410171414293
2025-12-21,17,2025-12-21T02:50:00,2025-12-21T02:40:00,631.9107333333333,0.0,2025-12-21T02:50:00,2025-12-21 00:00:00,2025-12-21 00:00:00,2025-12-21T02:50:00,2025-12-21T02:50:00,0.4335,685.7633789646883,8.089839309690985,734.153456521429,8.089839309690985,48.39007755674067,9600.0,2025-11-23,2025-12-20,168,28,False,726.063617211738,0.0,0.0,10800.0,10800.0,0.0,0.0,0.0,0.0,0.0,94.15288387840474,94.15288387840474,0.0,10800.0,10800.0,314.7485780612884,0.0,314.7485780612884
2025-12-21,18,2025-12-21T03:00:00,2025-12-21T02:50:00,625.2883333333333,0.0,2025-12-21T03:00:00,2025-12-21 00:00:00,2025-12-21 00:00:00,2025-12-21T03:00:00,2025-12-21T03:00:00,0.4357,677.5967008526554,6.7602111426417455,725.9867784093962,6.7602111426417455,48.39007755674067,9600.0,2025-11-23,2025-12-20,168,28,False,719.2265672667544,0.0,0.0,10800.0,10800.0,0.0,0.0,0.0,0.0,0.0,93.93823393342109,93.93823393342109,0.0,10800.0,10800.0,313.3670153581249,0.0,313.3670153581249
2025-12-21,19,2025-12-21T03:10:00,2025-12-21T03:00:00,696.7576833333333,0.0,2025-12-21T03:10:00,2025-12-21 00:00:00,2025-12-21 00:00:00,2025-12-21T03:10:00,2025-12-21T03:10:00,0.4374,669.6836293312866,5.0271998770400455,720.6096195859208,5.0271998770400455,50.925990254634144,9600.0,2025-11-23,2025-12-20,168,28,False,715.5824197088807,0.0,0.0,10800.0,10800.0,0.0,0.0,0.0,0.0,0.0,18.824736375547445,18.824736375547445,0.0,10800.0,10800.0,312.99575038066445,0.0,312.99575038066445
2025-12-21,20,2025-12-21T03:20:00,2025-12-21T03:10:00,685.8887833333333,0.0,2025-12-21T03:20:00,2025-12-21 00:00:00,2025-12-21 00:00:00,2025-12-21T03:20:00,2025-12-21T03:20:00,0.4371,683.8796884741139,2.9118625895347803,734.805678728748,2.9118625895347803,50.925990254634144,9600.0,2025-11-23,2025-12-20,168,28,False,731.8938161392133,0.0,0.0,10800.0,10800.0,0.0,0.0,0.0,0.0,0.0,46.00503280587998,46.00503280587998,0.0,10800.0,10800.0,319.91078703445015,0.0,319.91078703445015
2025-12-21,21,2025-12-21T03:30:00,2025-12-21T03:20:00,624.79,0.0,2025-12-21T03:30:00,2025-12-21 00:00:00,2025-12-21 00:00:00,2025-12-21T03:30:00,2025-12-21T03:30:00,0.4356,699.0624595458352,0.4517314952315261,749.9884498004693,0.4517314952315261,50.925990254634144,9600.0,2025-11-23,2025-12-20,168,28,False,749.5367183052377,0.0,0.0,10800.0,10800.0,0.0,0.0,0.0,0.0,0.0,124.74671830523778,124.74671830523778,0.0,10800.0,10800.0,326.49819449376156,0.0,326.49819449376156
2025-12-21,22,2025-12-21T03:40:00,2025-12-21T03:30:00,703.4143,0.0,2025-12-21T03:40:00,2025-12-21 00:00:00,2025-12-21 00:00:00,2025-12-21T03:40:00,2025-12-21T03:40:00,0.4353,673.6568390525738,0.0,724.5828293072079,0.0,50.925990254634144,9600.0,2025-11-23,2025-12-20,168,28,False,724.5828293072079,0.0,0.0,10800.0,10800.0,0.0,0.0,0.0,0.0,0.0,21.168529307207905,21.168529307207905,0.0,10800.0,10800.0,315.41090559742764,0.0,315.41090559742764
2025-12-21,23,2025-12-21T03:50:00,2025-12-21T03:40:00,737.3209499999999,0.0,2025-12-21T03:50:00,2025-12-21 00:00:00,2025-12-21 00:00:00,2025-12-21T03:50:00,2025-12-21T03:50:00,0.436,669.1610108864958,0.0,720.0870011411299,0.0,50.925990254634144,9600.0,2025-11-23,2025-12-20,168,28,False,720.0870011411299,0.0,0.0,10800.0,10800.0,0.0,0.0,0.0,0.0,17.233948858870008,0.0,0.0,0.0,10800.0,10800.0,313.9579324975326,37.57000851233662,351.52794100986927
2025-12-21,24,2025-12-21T04:00:00,2025-12-21T03:50:00,679.8583333333333,0.0,2025-12-21T04:00:00,2025-12-21 00:00:00,2025-12-21 00:00:00,2025-12-21T04:00:00,2025-12-21T04:00:00,0.4378,694.608048556891,0.0,745.5340388115252,0.0,50.925990254634144,9600.0,2025-11-23,2025-12-20,168,28,False,745.5340388115252,0.0,0.0,10800.0,10800.0,0.0,0.0,0.0,0.0,0.0,65.67570547819184,65.67570547819184,0.0,10800.0,10800.0,326.39480219168576,0.0,326.39480219168576
2025-12-21,25,2025-12-21T04:10:00,2025-12-21T04:00:00,673.1570666666667,0.0,2025-12-21T04:10:00,2025-12-21 00:00:00,2025-12-21 00:00:00,2025-12-21T04:10:00,2025-12-21T04:10:00,0.4401,699.4926433678131,0.0,754.9456594546009,0.0,55.453016086787784,9600.0,2025-11-23,2025-12-20,168,28,False,754.9456594546009,0.0,-0.0,10800.0,10800.0,0.0,0.0,0.0,0.0,0.0,81.78859278793425,81.78859278793425,0.0,10800.0,10800.0,332.25158472596985,0.0,332.25158472596985
2025-12-21,26,2025-12-21T04:20:00,2025-12-21T04:10:00,680.3992333333333,0.0,2025-12-21T04:20:00,2025-12-21 00:00:00,2025-12-21 00:00:00,2025-12-21T04:20:00,2025-12-21T04:20:00,0.4389,708.751156180192,0.0,764.2041722669798,0.0,55.453016086787784,9600.0,2025-11-23,2025-12-20,168,28,False,764.2041722669798,0.0,0.0,10800.0,10800.0,0.0,0.0,0.0,0.0,0.0,83.80493893364644,83.80493893364644,0.0,10800.0,10800.0,335.4092112079774,0.0,335.4092112079774
2025-12-21,27,2025-12-21T04:30:00,2025-12-21T04:20:00,677.4783333333334,0.0,2025-12-21T04:30:00,2025-12-21 00:00:00,2025-12-21 00:00:00,2025-12-21T04:30:00,2025-12-21T04:30:00,0.4364,735.0143113130092,0.0,790.467327399797,0.0,55.453016086787784,9600.0,2025-11-23,2025-12-20,168,28,False,790.467327399797,0.0,0.0,10800.0,10800.0,0.0,0.0,0.0,0.0,0.0,112.98899406646365,112.98899406646365,0.0,10800.0,10800.0,344.95994167727144,0.0,344.95994167727144
2025-12-21,28,2025-12-21T04:40:00,2025-12-21T04:30:00,686.9797333333332,0.0,2025-12-21T04:40:00,2025-12-21 00:00:00,2025-12-21 00:00:00,2025-12-21T04:40:00,2025-12-21T04:40:00,0.4393,756.2867482031897,0.0,811.7397642899775,0.0,55.453016086787784,9600.0,2025-11-23,2025-12-20,168,28,False,811.7397642899775,0.0,0.0,10800.0,10800.0,0.0,0.0,0.0,0.0,0.0,124.7600309566443,124.7600309566443,0.0,10800.0,10800.0,356.59727845258715,0.0,356.59727845258715
2025-12-21,29,2025-12-21T04:50:00,2025-12-21T04:40:00,680.6025666666667,0.0,2025-12-21T04:50:00,2025-12-21 00:00:00,2025-12-21 00:00:00,2025-12-21T04:50:00,2025-12-21T04:50:00,0.4422,742.5036370096578,0.0,797.9566530964456,0.0,55.453016086787784,9600.0,2025-11-23,2025-12-20,168,28,False,797.9566530964456,0.0,-0.0,10800.0,10800.0,0.0,0.0,0.0,0.0,0.0,117.35408642977893,117.35408642977893,0.0,10800.0,10800.0,352.85643199924823,0.0,352.85643199924823
2025-12-21,30,2025-12-21T05:00:00,2025-12-21T04:50:00,672.0516666666666,0.0,2025-12-21T05:00:00,2025-12-21 00:00:00,2025-12-21 00:00:00,2025-12-21T05:00:00,2025-12-21T05:00:00,0.4395,714.4652952942575,0.0,769.9183113810453,0.0,55.453016086787784,9600.0,2025-11-23,2025-12-20,168,28,False,769.9183113810453,0.0,0.0,10800.0,10800.0,0.0,0.0,0.0,0.0,0.0,97.86664471437871,97.86664471437871,0.0,10800.0,10800.0,338.37909785196945,0.0,338.37909785196945
2025-12-21,31,2025-12-21T05:10:00,2025-12-21T05:00:00,702.9903666666668,0.00038333333333333334,2025-12-21T05:10:00,2025-12-21 00:00:00,2025-12-21 00:00:00,2025-12-21T05:10:00,2025-12-21T05:10:00,0.4333,722.4629463097564,0.0,772.5719086355166,0.0,50.10896232576022,9600.0,2025-11-23,2025-12-20,168,28,False,772.5719086355166,0.0,0.0,10800.0,10800.0,0.0,0.0,0.0,0.0,0.0,69.58192530218321,69.58192530218321,0.0,10800.0,10800.0,334.75540801176936,0.0,334.75540801176936
2025-12-21,32,2025-12-21T05:20:00,2025-12-21T05:10:00,708.8747333333334,0.0,2025-12-21T05:20:00,2025-12-21 00:00:00,2025-12-21 00:00:00,2025-12-21T05:20:00,2025-12-21T05:20:00,0.4439,726.8503445035492,0.0,776.9593068293094,0.0,50.10896232576022,9600.0,2025-11-23,2025-12-20,168,28,False,776.9593068293094,0.0,-0.0,10800.0,10800.0,0.0,0.0,0.0,0.0,0.0,68.08457349597597,68.08457349597597,0.0,10800.0,10800.0,344.8922363015305,0.0,344.8922363015305
2025-12-21,33,2025-12-21T05:30:00,2025-12-21T05:20:00,677.7633333333333,0.0,2025-12-21T05:30:00,2025-12-21 00:00:00,2025-12-21 00:00:00,2025-12-21T05:30:00,2025-12-21T05:30:00,0.4301,715.4380940188167,0.0,765.547056344577,0.0,50.10896232576022,9600.0,2025-11-23,2025-12-20,168,28,False,765.547056344577,0.0,0.0,10800.0,10800.0,0.0,0.0,0.0,0.0,0.0,87.78372301124364,87.78372301124364,0.0,10800.0,10800.0,329.26178893380256,0.0,329.26178893380256
2025-12-21,34,2025-12-21T05:40:00,2025-12-21T05:30:00,679.6296833333333,0.005266666666666667,2025-12-21T05:40:00,2025-12-21 00:00:00,2025-12-21 00:00:00,2025-12-21T05:40:00,2025-12-21T05:40:00,0.3713,726.1617984818521,0.0,776.2707608076123,0.0,50.10896232576022,9600.0,2025-11-23,2025-12-20,168,28,False,776.2707608076123,0.0,0.0,10800.0,10800.0,0.0,0.0,0.0,0.0,0.0,96.64634414094564,96.64634414094564,0.0,10800.0,10800.0,288.2293334878665,0.0,288.2293334878665
2025-12-21,35,2025-12-21T05:50:00,2025-12-21T05:40:00,786.2857666666667,0.0,2025-12-21T05:50:00,2025-12-21 00:00:00,2025-12-21 00:00:00,2025-12-21T05:50:00,2025-12-21T05:50:00,0.5708,792.4426276851627,0.0,842.551590010923,0.0,50.10896232576022,9600.0,2025-11-23,2025-12-20,168,28,False,842.551590010923,-0.0,0.0,10800.0,10800.0,0.0,-0.0,0.0,0.0,0.0,56.265823344256205,56.265823344256205,0.0,10800.0,10800.0,480.9284475782348,0.0,480.9284475782348
2025-12-21,36,2025-12-21T06:00:00,2025-12-21T05:50:00,915.1083333333332,0.0,2025-12-21T06:00:00,2025-12-21 00:00:00,2025-12-21 00:00:00,2025-12-21T06:00:00,2025-12-21T06:00:00,0.9099,879.1283262318776,0.0,929.2372885576378,0.0,50.10896232576022,9600.0,2025-11-23,2025-12-20,168,28,False,929.2372885576378,0.0,0.0,10800.0,10800.0,0.0,0.0,0.0,0.0,0.0,14.128955224304605,14.128955224304605,0.0,10800.0,10800.0,845.5130088585947,0.0,845.5130088585947
2025-12-21,37,2025-12-21T06:10:00,2025-12-21T06:00:00,906.553,0.07343333333333334,2025-12-21T06:10:00,2025-12-21 00:00:00,2025-12-21 00:00:00,2025-12-21T06:10:00,2025-12-21T06:10:00,0.9368,908.6528954557709,3.931429169172668,1014.070104957855,3.931429169172668,105.41720950208409,9600.0,2025-11-23,2025-12-20,168,28,False,335.13867578868235,0.0,675.0,10800.0,10050.0,0.0,0.0,0.0,0.0,571.3408908779843,0.0,0.0,0.0,10800.0,10800.0,313.9579114788376,2676.1607328724785,2990.118644351316
2025-12-21,38,2025-12-21T06:20:00,2025-12-21T06:10:00,901.3054166666667,0.0,2025-12-21T06:20:00,2025-12-21 00:00:00,2025-12-21 00:00:00,2025-12-21T06:20:00,2025-12-21T06:20:00,0.8758,900.9893771310469,14.741085378989338,1006.406586633131,14.741085378989338,105.41720950208409,9600.0,2025-11-23,2025-12-20,168,28,False,991.6655012541418,0.0,0.0,10050.0,10050.0,0.0,0.0,0.0,0.0,0.0,90.36008458747506,90.36008458747506,0.0,10800.0,10800.0,868.5006459983774,0.0,868.5006459983774
2025-12-21,39,2025-12-21T06:30:00,2025-12-21T06:20:00,931.1750000000001,0.0,2025-12-21T06:30:00,2025-12-21 00:00:00,2025-12-21 00:00:00,2025-12-21T06:30:00,2025-12-21T06:30:00,0.8759,892.9239681959596,27.732590194249834,998.3411776980437,27.732590194249834,105.41720950208409,9600.0,2025-11-23,2025-12-20,168,28,False,970.6085875037938,0.0,0.0,10050.0,10050.0,0.0,0.0,0.0,0.0,0.0,39.433587503793774,39.433587503793774,0.0,10800.0,10800.0,850.156061794573,0.0,850.156061794573
2025-12-21,40,2025-12-21T06:40:00,2025-12-21T06:30:00,891.8811000000001,1.0227666666666666,2025-12-21T06:40:00,2025-12-21 00:00:00,2025-12-21 00:00:00,2025-12-21T06:40:00,2025-12-21T06:40:00,0.8601,905.105293339259,43.00821806703582,1010.5225028413431,43.00821806703582,105.41720950208409,9600.0,2025-11-23,2025-12-20,168,28,False,967.5142847743073,0.0,0.0,10050.0,10050.0,0.0,0.0,0.0,0.0,0.0,76.65595144097392,76.65595144097392,0.0,10800.0,10800.0,832.1590363343817,0.0,832.1590363343817
2025-12-21,41,2025-12-21T06:50:00,2025-12-21T06:40:00,872.2081666666667,0.0,2025-12-21T06:50:00,2025-12-21 00:00:00,2025-12-21 00:00:00,2025-12-21T06:50:00,2025-12-21T06:50:00,0.8442,926.6054381013327,60.647373451725834,1032.0226476034168,60.647373451725834,105.41720950208409,9600.0,2025-11-23,2025-12-20,168,28,False,971.375274151691,0.0,0.0,10050.0,10050.0,0.0,0.0,0.0,0.0,0.0,99.1671074850243,99.1671074850243,0.0,10800.0,10800.0,820.0350064388575,0.0,820.0350064388575
2025-12-21,42,2025-12-21T07:00:00,2025-12-21T06:50:00,895.6999999999999,0.0,2025-12-21T07:00:00,2025-12-21 00:00:00,2025-12-21 00:00:00,2025-12-21T07:00:00,2025-12-21T07:00:00,0.8334,932.942732649948,80.70422518357698,1038.359942152032,80.70422518357698,105.41720950208409,9600.0,2025-11-23,2025-12-20,168,28,False,957.6557169684551,0.0,0.0,10050.0,10050.0,0.0,0.0,0.0,0.0,0.0,61.955716968455135,61.955716968455135,0.0,10800.0,10800.0,798.1102745215105,0.0,798.1102745215105
2025-12-21,43,2025-12-21T07:10:00,2025-12-21T07:00:00,893.4640166666667,28.780483333333333,2025-12-21T07:10:00,2025-12-21 00:00:00,2025-12-21 00:00:00,2025-12-21T07:10:00,2025-12-21T07:10:00,0.8092,909.2688151410429,103.20564515122472,1011.9368251964355,103.20564515122472,102.66801005539266,9600.0,2025-11-23,2025-12-20,168,28,False,908.7311800452107,0.0,0.0,10050.0,10050.0,0.0,0.0,0.0,0.0,0.0,44.047646711877405,44.047646711877405,0.0,10800.0,10800.0,735.3452708925846,0.0,735.3452708925846
2025-12-21,44,2025-12-21T07:20:00,2025-12-21T07:10:00,886.8849333333333,70.00593333333333,2025-12-21T07:20:00,2025-12-21 00:00:00,2025-12-21 00:00:00,2025-12-21T07:20:00,2025-12-21T07:20:00,0.7972,899.7354357322146,128.1494921440739,1002.4034457876072,128.1494921440739,102.66801005539266,9600.0,2025-11-23,2025-12-20,168,28,False,874.2539536435334,0.0,0.0,10050.0,10050.0,0.0,0.0,0.0,0.0,0.0,57.374953643533445,57.374953643533445,0.0,10800.0,10800.0,696.9552518446249,0.0,696.9552518446249
2025-12-21,45,2025-12-21T07:30:00,2025-12-21T07:20:00,871.9533333333334,115.1125,2025-12-21T07:30:00,2025-12-21 00:00:00,2025-12-21 00:00:00,2025-12-21T07:30:00,2025-12-21T07:30:00,0.7644,905.5987468282137,155.50327680670412,1008.2667568836064,155.50327680670412,102.66801005539266,9600.0,2025-11-23,2025-12-20,168,28,False,852.7634800769023,0.0,0.0,10050.0,10050.0,0.0,0.0,0.0,0.0,0.0,95.92264674356886,95.92264674356886,0.0,10800.0,10800.0,651.8524041707841,0.0,651.8524041707841
2025-12-21,46,2025-12-21T07:40:00,2025-12-21T07:30:00,844.3141166666666,166.12295,2025-12-21T07:40:00,2025-12-21 00:00:00,2025-12-21 00:00:00,2025-12-21T07:40:00,2025-12-21T07:40:00,0.6899,902.7005750179503,185.20323802435922,1005.368585073343,185.20323802435922,102.66801005539266,9600.0,2025-11-23,2025-12-20,168,28,False,1653.498680382317,833.3333333333333,0.0,10050.0,10800.0,0.0,1.0,0.0,0.0,0.0,975.3075137156503,975.3075137156503,0.0,10800.0,10800.0,1140.7487395957603,0.0,1140.7487395957603
2025-12-21,47,2025-12-21T07:50:00,2025-12-21T07:40:00,981.5207666666666,212.7854166666667,2025-12-21T07:50:00,2025-12-21 00:00:00,2025-12-21 00:00:00,2025-12-21T07:50:00,2025-12-21T07:50:00,0.86,988.9165242063947,217.15385488533622,1091.5845342617874,217.15385488533622,102.66801005539266,9600.0,2025-11-23,2025-12-20,168,28,False,874.4306793764513,0.0,0.0,10800.0,10800.0,0.0,0.0,0.0,0.0,0.0,105.69532937645124,105.69532937645124,0.0,10800.0,10800.0,752.010384263748,0.0,752.010384263748
2025-12-21,48,2025-12-21T08:00:00,2025-12-21T07:50:00,1196.7983333333334,256.64375,2025-12-21T08:00:00,2025-12-21 00:00:00,2025-12-21 00:00:00,2025-12-21T08:00:00,2025-12-21T08:00:00,1.1617,1130.7359649938414,251.2278117166582,1233.403975049234,251.2278117166582,102.66801005539266,9600.0,2025-11-23,2025-12-20,168,28,False,148.84282999924267,0.0,833.3333333333333,10800.0,9874.074074074075,0.0,0.0,0.0,0.0,791.3117533340908,0.0,0.0,0.0,10800.0,10800.0,172.9107156101202,4596.334319241066,4769.245034851186
2025-12-21,49,2025-12-21T08:10:00,2025-12-21T08:00:00,1209.0584999999999,310.02568333333335,2025-12-21T08:10:00,2025-12-21 00:00:00,2025-12-21 00:00:00,2025-12-21T08:10:00,2025-12-21T08:10:00,1.1683,1179.5544433568634,287.266426676433,1213.8753153835896,287.266426676433,34.32087202672611,9288.988402566212,2025-11-23,2025-12-20,168,28,False,93.27555537382341,0.0,833.3333333333333,9874.074074074075,8948.14814814815,0.0,0.0,0.0,279.91043769040897,525.8468236024341,0.0,0.0,0.0,10800.0,10488.988402566212,108.97383134323788,3071.734220073619,3180.708051416857
2025-12-21,50,2025-12-21T08:20:00,2025-12-21T08:10:00,1192.14925,368.6034333333334,2025-12-21T08:20:00,2025-12-21 00:00:00,2025-12-21 00:00:00,2025-12-21T08:20:00,2025-12-21T08:20:00,1.0956,1174.9682678499496,325.08054712400485,1209.2891398766758,325.08054712400485,34.32087202672611,9288.988402566212,2025-11-23,2025-12-20,168,28,False,50.87525941933768,0.0,833.3333333333333,8948.14814814815,8022.2222222222235,0.0,0.0,0.0,0.0,772.6705572473288,0.0,0.0,0.0,10488.988402566212,10488.988402566212,55.738934219826355,4232.689312600867,4288.428246820694
2025-12-21,51,2025-12-21T08:30:00,2025-12-21T08:20:00,1227.835,429.9375,2025-12-21T08:30:00,2025-12-21 00:00:00,2025-12-21 00:00:00,2025-12-21T08:30:00,2025-12-21T08:30:00,1.0849,1170.3871675329112,364.451907596475,1204.7080395596374,364.451907596475,34.32087202672611,9600.0,2025-11-23,2025-12-20,168,28,False,6.922798629829231,0.0,833.3333333333333,8022.2222222222235,7096.296296296297,0.0,0.0,0.0,0.0,790.9747013701708,0.0,0.0,0.0,10488.988402566212,10488.988402566212,7.510544233501732,4290.6422675824915,4298.152811815993
2025-12-21,52,2025-12-21T08:40:00,2025-12-21T08:30:00,1222.1887666666667,492.19644999999997,2025-12-21T08:40:00,2025-12-21 00:00:00,2025-12-21 00:00:00,2025-12-21T08:40:00,2025-12-21T08:40:00,1.061,1178.5748682264984,405.1349388192598,1212.8957402532246,405.1349388192598,34.32087202672611,9600.0,2025-11-23,2025-12-20,168,28,False,0.0,0.0,807.7608014339648,7096.296296296297,6198.784294703003,0.0,0.0,0.0,0.0,729.9923166666667,0.0,0.0,0.0,10488.988402566212,10488.988402566212,0.0,3872.609239916667,3872.609239916667
2025-12-21,53,2025-12-21T08:50:00,2025-12-21T08:40:00,1212.6767166666666,532.6005833333334,2025-12-21T08:50:00,2025-12-21 00:00:00,2025-12-21 00:00:00,2025-12-21T08:50:00,2025-12-21T08:50:00,1.043,1189.9291655120248,446.85900889161906,1224.250037538751,446.85900889161906,34.32087202672611,9600.0,2025-11-23,2025-12-20,168,28,False,0.0,0.0,777.391028647132,6198.784294703003,5335.016485095079,0.0,0.0,0.0,0.0,680.0761333333332,0.0,0.0,0.0,10488.988402566212,10488.988402566212,0.0,3546.5970353333328,3546.5970353333328
2025-12-21,54,2025-12-21T09:00:00,2025-12-21T08:50:00,1209.2749999999999,556.93125,2025-12-21T09:00:00,2025-12-21 00:00:00,2025-12-21 00:00:00,2025-12-21T09:00:00,2025-12-21T09:00:00,1.036,1192.523964459205,489.3310707368771,1226.8448364859312,489.3310707368771,34.32087202672611,9600.0,2025-11-23,2025-12-20,168,28,False,0.0,0.0,737.5137657490541,5335.016485095079,4515.556745373908,0.0,0.0,0.0,0.0,652.3437499999999,0.0,0.0,0.0,10488.988402566212,10488.988402566212,0.0,3379.140624999999,3379.140624999999
2025-12-21,55,2025-12-21T09:10:00,2025-12-21T09:00:00,1179.4681,595.46445,2025-12-21T09:10:00,2025-12-21 00:00:00,2025-12-21 00:00:00,2025-12-21T09:10:00,2025-12-21T09:10:00,1.0147,1184.6464253470372,532.2386832091458,1234.0969897944108,532.2386832091458,49.45056444737363,9600.0,2025-11-23,2025-12-20,168,28,False,0.0,0.0,701.8583065852649,4515.556745373908,3735.714182501391,0.0,0.0,0.0,0.0,584.00365,0.0,0.0,0.0,10488.988402566212,10488.988402566212,0.0,2962.9425182749997,2962.9425182749997
2025-12-21,56,2025-12-21T09:20:00,2025-12-21T09:10:00,1169.0280500000001,641.3426833333333,2025-12-21T09:20:00,2025-12-21 00:00:00,2025-12-21 00:00:00,2025-12-21T09:20:00,2025-12-21T09:20:00,0.9922,1192.015991263363,575.2533670163799,1241.4665557107367,575.2533670163799,49.45056444737363,9600.0,2025-11-23,2025-12-20,168,28,False,0.0,0.0,666.2131886943567,3735.714182501391,2995.477306174328,0.0,0.0,0.0,0.0,527.6853666666668,0.0,0.0,0.0,10488.988402566212,10488.988402566212,0.0,2617.8471040333343,2617.8471040333343
2025-12-21,57,2025-12-21T09:30:00,2025-12-21T09:20:00,1191.765,686.1,2025-12-21T09:30:00,2025-12-21 00:00:00,2025-12-21 00:00:00,2025-12-21T09:30:00,2025-12-21T09:30:00,0.97,1204.197783010264,618.0342509587148,1253.6483474576376,618.0342509587148,49.45056444737363,9600.0,2025-11-23,2025-12-20,168,28,False,324.94410803854754,0.0,310.66998846037524,2995.477306174328,2650.2884301072445,0.0,0.0,0.0,0.0,180.72089196145248,0.0,0.0,0.0,10488.988402566212,10488.988402566212,315.1957847973911,876.4963260130445,1191.6921108104357
2025-12-21,58,2025-12-21T09:40:00,2025-12-21T09:30:00,1209.90835,728.4494833333333,2025-12-21T09:40:00,2025-12-21 00:00:00,2025-12-21 00:00:00,2025-12-21T09:40:00,2025-12-21T09:40:00,0.9422,1184.6880121342203,660.2319589874546,1234.138576581594,660.2319589874546,49.45056444737363,9600.0,2025-11-23,2025-12-20,168,28,False,573.9066175941393,0.0,0.0,2650.2884301072445,2650.2884301072445,0.0,0.0,92.44775092747273,0.0,0.0,0.0,0.0,0.0,10488.988402566212,10572.191378400938,540.7348150971981,0.0,540.7348150971981
2025-12-21,59,2025-12-21T09:50:00,2025-12-21T09:40:00,1190.447,763.8465500000001,2025-12-21T09:50:00,2025-12-21 00:00:00,2025-12-21 00:00:00,2025-12-21T09:50:00,2025-12-21T09:50:00,0.9569,1163.5157114312397,701.4926843492643,1212.9662758786133,701.4926843492643,49.45056444737363,9600.0,2025-11-23,2025-12-20,168,28,False,511.47359152934894,0.0,0.0,2650.2884301072445,2650.2884301072445,0.0,0.0,84.87314152934914,0.0,0.0,0.0,0.0,0.0,10572.191378400938,10648.577205777352,489.42907973443397,0.0,489.42907973443397
2025-12-21,60,2025-12-21T10:00:00,2025-12-21T09:50:00,1152.0383333333332,791.7312499999999,2025-12-21T10:00:00,2025-12-21 00:00:00,2025-12-21 00:00:00,2025-12-21T10:00:00,2025-12-21T10:00:00,0.9977,1162.452055992799,741.4623936653411,1211.9026204401725,741.4623936653411,49.45056444737363,9600.0,2025-11-23,2025-12-20,168,28,False,0.0,0.0,470.44022677483144,2650.2884301072445,2127.577067024098,0.0,0.0,0.0,0.0,360.30708333333325,0.0,0.0,0.0,10648.577205777352,10648.577205777352,0.0,1797.391885208333,1797.391885208333
2025-12-21,61,2025-12-21T10:10:00,2025-12-21T10:00:00,1145.5621333333333,814.3685166666668,2025-12-21T10:10:00,2025-12-21 00:00:00,2025-12-21 00:00:00,2025-12-21T10:10:00,2025-12-21T10:10:00,0.9919,1175.3260588255193,779.791101266495,1266.3318771607655,779.791101266495,91.0058183352462,9600.0,2025-11-23,2025-12-20,168,28,False,0.0,0.0,486.5407758942705,2127.577067024098,1586.976204919353,0.0,0.0,0.0,0.0,331.19361666666657,0.0,0.0,0.0,10648.577205777352,10648.577205777352,0.0,1642.554741858333,1642.554741858333
2025-12-21,62,2025-12-21T10:20:00,2025-12-21T10:10:00,1152.1980833333334,826.1046500000001,2025-12-21T10:20:00,2025-12-21 00:00:00,2025-12-21 00:00:00,2025-12-21T10:20:00,2025-12-21T10:20:00,0.9588,1185.6150086161479,816.1371525074895,1276.620826951394,816.1371525074895,91.0058183352462,9600.0,2025-11-23,2025-12-20,168,28,False,460.48367444390453,0.0,0.0,1586.976204919353,1586.976204919353,0.0,0.0,134.3902411105712,0.0,0.0,0.0,0.0,0.0,10648.577205777352,10769.528422776866,441.51174705681564,0.0,441.51174705681564
2025-12-21,63,2025-12-21T10:30:00,2025-12-21T10:20:00,1158.5783333333334,826.7937499999999,2025-12-21T10:30:00,2025-12-21 00:00:00,2025-12-21 00:00:00,2025-12-21T10:30:00,2025-12-21T10:30:00,0.9549,1173.6482595447392,850.17145414791,1264.6540778799854,850.17145414791,91.0058183352462,9600.0,2025-11-23,2025-12-20,168,28,False,414.48262373207535,0.0,0.0,1586.976204919353,1586.976204919353,0.0,0.0,33.85730802570429,0.0,0.0,48.840732373037504,48.840732373037504,0.0,10769.528422776866,10800.0,395.78945740175874,0.0,395.78945740175874
2025-12-21,64,2025-12-21T10:40:00,2025-12-21T10:30:00,1173.44865,824.36915,2025-12-21T10:40:00,2025-12-21 00:00:00,2025-12-21 00:00:00,2025-12-21T10:40:00,2025-12-21T10:40:00,0.9839,1138.854356318649,881.5815902264776,1229.8601746538952,881.5815902264776,91.0058183352462,9600.0,2025-11-23,2025-12-20,168,28,False,0.0,0.0,348.2785844274176,1586.976204919353,1200.0,0.0,0.0,0.0,0.0,349.07950000000005,0.0,0.0,0.0,10800.0,10800.0,0.0,1717.2966002500004,1717.2966002500004
2025-12-21,65,2025-12-21T10:50:00,2025-12-21T10:40:00,1199.1954,828.13465,2025-12-21T10:50:00,2025-12-21 00:00:00,2025-12-21 00:00:00,2025-12-21T10:50:00,2025-12-21T10:50:00,0.799,1155.0337124442049,910.0757631694719,1246.039530779451,910.0757631694719,91.0058183352462,9600.0,2025-11-23,2025-12-20,168,28,False,335.9637676099792,0.0,0.0,1200.0,1200.0,0.0,0.0,0.0,0.0,35.09698239002091,0.0,0.0,0.0,10800.0,10800.0,268.43505032037336,140.21244464813356,408.6474949685069
2025-12-21,66,2025-12-21T11:00:00,2025-12-21T10:50:00,1211.1033333333332,829.86875,2025-12-21T11:00:00,2025-12-21 00:00:00,2025-12-21 00:00:00,2025-12-21T11:00:00,2025-12-21T11:00:00,0.5025,1192.2107157002679,935.386502143932,1283.216534035514,935.386502143932,91.0058183352462,9600.0,2025-11-23,2025-12-20,168,28,False,1181.1633652249152,833.3333333333333,0.0,1200.0,1950.0,0.0,1.0,0.0,0.0,0.0,799.928781891582,799.928781891582,0.0,10800.0,10800.0,593.5345910255198,0.0,593.5345910255198
2025-12-21,67,2025-12-21T11:10:00,2025-12-21T11:00:00,1180.0967333333333,817.9991,2025-12-21T11:10:00,2025-12-21 00:00:00,2025-12-21 00:00:00,2025-12-21T11:10:00,2025-12-21T11:10:00,0.4662,1146.0126031036025,957.2740838589895,1271.4585927545518,957.2740838589895,125.44598965094927,9600.0,2025-11-23,2025-12-20,168,28,False,1147.5178422288955,833.3333333333333,0.0,1950.0,2700.0,0.0,1.0,0.0,0.0,0.0,785.4202088955622,785.4202088955622,0.0,10800.0,10800.0,534.9728180471111,0.0,534.9728180471111
2025-12-21,68,2025-12-21T11:20:00,2025-12-21T11:10:00,1158.1015666666667,835.8504166666667,2025-12-21T11:20:00,2025-12-21 00:00:00,2025-12-21 00:00:00,2025-12-21T11:20:00,2025-12-21T11:20:00,0.5007,1100.490472150075,975.5296150852162,1225.9364618010243,975.5296150852162,125.44598965094927,9600.0,2025-11-23,2025-12-20,168,28,False,1083.7401800491414,833.3333333333333,0.0,2700.0,3450.0,0.0,1.0,0.0,0.0,0.0,761.4890300491413,761.4890300491413,0.0,10800.0,10800.0,542.6287081506051,0.0,542.6287081506051
2025-12-21,69,2025-12-21T11:30:00,2025-12-21T11:20:00,1159.0266666666666,876.05625,2025-12-21T11:30:00,2025-12-21 00:00:00,2025-12-21 00:00:00,2025-12-21T11:30:00,2025-12-21T11:30:00,0.4827,1108.5093855243417,989.9777310388947,1233.955375175291,989.9777310388947,125.44598965094927,9600.0,2025-11-23,2025-12-20,168,28,False,1077.3109774697296,833.3333333333333,0.0,3450.0,4200.0,0.0,1.0,0.0,0.0,0.0,794.340560803063,794.340560803063,0.0,10800.0,10800.0,520.0180088246385,0.0,520.0180088246385
2025-12-21,70,2025-12-21T11:40:00,2025-12-21T11:30:00,1143.3451,891.3363666666668,2025-12-21T11:40:00,2025-12-21 00:00:00,2025-12-21 00:00:00,2025-12-21T11:40:00,2025-12-21T11:40:00,0.4785,1137.12745034968,1000.4788693889162,1262.5734400006293,1000.4788693889162,125.44598965094927,9600.0,2025-11-23,2025-12-20,168,28,False,1095.4279039450462,833.3333333333333,0.0,4200.0,4950.0,0.0,1.0,0.0,0.0,0.0,843.4191706117131,843.4191706117131,0.0,10800.0,10800.0,524.1622520377045,0.0,524.1622520377045
2025-12-21,71,2025-12-21T11:50:00,2025-12-21T11:40:00,1094.3222833333332,929.6148666666667,2025-12-21T11:50:00,2025-12-21 00:00:00,2025-12-21 00:00:00,2025-12-21T11:50:00,2025-12-21T11:50:00,0.4662,1131.226830118026,1006.9310858996155,1256.6728197689754,1006.9310858996155,125.44598965094927,9600.0,2025-11-23,2025-12-20,168,28,False,1083.0750672026932,833.3333333333333,0.0,4950.0,5700.0,0.0,1.0,0.0,0.0,0.0,918.3676505360265,918.3676505360265,0.0,10800.0,10800.0,504.92959632989556,0.0,504.92959632989556
2025-12-21,72,2025-12-21T12:00:00,2025-12-21T11:50:00,1055.1499999999999,981.8000000000001,2025-12-21T12:00:00,2025-12-21 00:00:00,2025-12-21 00:00:00,2025-12-21T12:00:00,2025-12-21T12:00:00,0.4432,1087.9936328066394,1009.271384523683,1213.4396224575887,1009.271384523683,125.44598965094927,9600.0,2025-11-23,2025-12-20,168,28,False,1037.501571267239,833.3333333333333,0.0,5700.0,6450.0,0.0,1.0,0.0,0.0,0.0,964.1515712672392,964.1515712672392,0.0,10800.0,10800.0,459.82069638564025,0.0,459.82069638564025
2025-12-21,73,2025-12-21T12:10:00,2025-12-21T12:00:00,1083.6438333333333,984.1491333333333,2025-12-21T12:10:00,2025-12-21 00:00:00,2025-12-21 00:00:00,2025-12-21T12:10:00,2025-12-21T12:10:00,0.4411,1056.2902790553565,1007.476541996609,1182.408893405337,1007.476541996609,126.11861434998052,9600.0,2025-11-23,2025-12-20,168,28,False,1008.2656847420614,833.3333333333333,0.0,6450.0,7200.0,0.0,1.0,0.0,0.0,0.0,908.7709847420613,908.7709847420613,0.0,10800.0,10800.0,444.74599353972326,0.0,444.74599353972326
2025-12-21,74,2025-12-21T12:20:00,2025-12-21T12:10:00,1086.7223999999999,978.0274166666667,2025-12-21T12:20:00,2025-12-21 00:00:00,2025-12-21 00:00:00,2025-12-21T12:20:00,2025-12-21T12:20:00,0.4551,1061.4225869236764,1001.5634145420338,1187.541201273657,1001.5634145420338,126.11861434998052,9600.0,2025-11-23,2025-12-20,168,28,False,1019.3111200649564,833.3333333333333,0.0,7200.0,7950.0,0.0,1.0,0.0,0.0,0.0,910.6161367316233,910.6161367316233,0.0,10800.0,10800.0,463.88849074156167,0.0,463.88849074156167
2025-12-21,75,2025-12-21T12:30:00,2025-12-21T12:20:00,1045.5516666666667,977.4499999999999,2025-12-21T12:30:00,2025-12-21 00:00:00,2025-12-21 00:00:00,2025-12-21T12:30:00,2025-12-21T12:30:00,0.4463,1068.2461487840362,991.5887220545915,1194.3647631340168,991.5887220545915,126.11861434998052,9600.0,2025-11-23,2025-12-20,168,28,False,1036.1093744127586,833.3333333333333,0.0,7950.0,8700.0,0.0,1.0,0.0,0.0,0.0,968.0077077460919,968.0077077460919,0.0,10800.0,10800.0,462.4156138004141,0.0,462.4156138004141
2025-12-21,76,2025-12-21T12:40:00,2025-12-21T12:30:00,1039.1261166666666,953.79435,2025-12-21T12:40:00,2025-12-21 00:00:00,2025-12-21 00:00:00,2025-12-21T12:40:00,2025-12-21T12:40:00,0.4113,1027.5774128117973,977.6483129587903,1153.696027161778,977.6483129587903,126.11861434998052,9600.0,2025-11-23,2025-12-20,168,28,False,1009.3810475363209,833.3333333333333,0.0,8700.0,9450.0,0.0,1.0,0.0,0.0,0.0,924.0492808696542,924.0492808696542,0.0,10800.0,10800.0,415.1584248516888,0.0,415.1584248516888
2025-12-21,77,2025-12-21T12:50:00,2025-12-21T12:40:00,1085.4605,924.9784,2025-12-21T12:50:00,2025-12-21 00:00:00,2025-12-21 00:00:00,2025-12-21T12:50:00,2025-12-21T12:50:00,0.5682,1043.2987757088874,959.8759207233328,1169.417390058868,959.8759207233328,126.11861434998052,9600.0,2025-11-23,2025-12-20,168,28,False,1042.8748026688686,833.3333333333333,0.0,9450.0,10200.0,0.0,1.0,0.0,0.0,0.0,882.3927026688687,882.3927026688687,0.0,10800.0,10800.0,592.5614628764512,0.0,592.5614628764512
2025-12-21,78,2025-12-21T13:00:00,2025-12-21T12:50:00,1139.4066666666665,898.40625,2025-12-21T13:00:00,2025-12-21 00:00:00,2025-12-21 00:00:00,2025-12-21T13:00:00,2025-12-21T13:00:00,0.8279,1109.8672013053833,938.4414306150715,1235.985815655364,938.4414306150715,126.11861434998052,9600.0,2025-11-23,2025-12-20,168,28,False,297.54438504029247,0.0,0.0,10200.0,10200.0,0.0,0.0,0.0,0.0,0.0,56.54396837362606,56.54396837362606,0.0,10800.0,10800.0,246.33699637485813,0.0,246.33699637485813
2025-12-21,79,2025-12-21T13:10:00,2025-12-21T13:00:00,1132.8891,868.5766166666667,2025-12-21T13:10:00,2025-12-21 00:00:00,2025-12-21 00:00:00,2025-12-21T13:10:00,2025-12-21T13:10:00,0.8636,1113.6455483975542,913.5486825834643,1190.0603911318976,913.5486825834643,76.41484273434338,9600.0,2025-11-23,2025-12-20,168,28,False,276.5117085484334,0.0,0.0,10200.0,10200.0,0.0,0.0,0.0,0.0,0.0,12.199225215100114,12.199225215100114,0.0,10800.0,10800.0,238.79551150242708,0.0,238.79551150242708
2025-12-21,80,2025-12-21T13:20:00,2025-12-21T13:10:00,1092.3976,867.0114333333332,2025-12-21T13:20:00,2025-12-21 00:00:00,2025-12-21 00:00:00,2025-12-21T13:20:00,2025-12-21T13:20:00,0.8416,1099.2461130531358,885.4328430578372,1175.6609557874792,885.4328430578372,76.41484273434338,9600.0,2025-11-23,2025-12-20,168,28,False,290.228112729642,0.0,0.0,10200.0,10200.0,0.0,0.0,0.0,0.0,0.0,64.84194606297524,64.84194606297524,0.0,10800.0,10800.0,244.25597967326672,0.0,244.25597967326672
2025-12-21,81,2025-12-21T13:30:00,2025-12-21T13:20:00,1058.3466666666666,881.3249999999999,2025-12-21T13:30:00,2025-12-21 00:00:00,2025-12-21 00:00:00,2025-12-21T13:30:00,2025-12-21T13:30:00,0.8618,1095.307000964523,854.3573848057723,1171.7218436988665,854.3573848057723,76.41484273434338,9600.0,2025-11-23,2025-12-20,168,28,False,317.36445889309414,0.0,0.0,10200.0,10200.0,0.0,0.0,0.0,0.0,0.0,140.3427922264275,140.3427922264275,0.0,10800.0,10800.0,273.5046906740685,0.0,273.5046906740685
2025-12-21,82,2025-12-21T13:40:00,2025-12-21T13:30:00,1055.568,863.0583,2025-12-21T13:40:00,2025-12-21 00:00:00,2025-12-21 00:00:00,2025-12-21T13:40:00,2025-12-21T13:40:00,0.8623,1080.808789514196,820.6107197400235,1157.2236322485394,820.6107197400235,76.41484273434338,9600.0,2025-11-23,2025-12-20,168,28,False,336.61291250851593,0.0,0.0,10200.0,10200.0,0.0,0.0,0.0,0.0,0.0,144.10321250851598,144.10321250851598,0.0,10800.0,10800.0,290.26131445609326,0.0,290.26131445609326
2025-12-21,83,2025-12-21T13:50:00,2025-12-21T13:40:00,1085.9077333333332,832.2836166666666,2025-12-21T13:50:00,2025-12-21 00:00:00,2025-12-21 00:00:00,2025-12-21T13:50:00,2025-12-21T13:50:00,0.9026,1064.507008898196,784.5025345824596,1140.9218516325395,784.5025345824596,76.41484273434338,9600.0,2025-11-23,2025-12-20,168,28,False,356.41931705007994,0.0,0.0,10200.0,10200.0,0.0,0.0,0.0,0.0,0.0,102.7952003834132,102.7952003834132,0.0,10800.0,10800.0,321.70407556940216,0.0,321.70407556940216
2025-12-21,84,2025-12-21T14:00:00,2025-12-21T13:50:00,1109.8016666666667,807.9187499999999,2025-12-21T14:00:00,2025-12-21 00:00:00,2025-12-21 00:00:00,2025-12-21T14:00:00,2025-12-21T14:00:00,0.9754,1057.333953656472,746.3598835174326,1133.7487963908154,746.3598835174326,76.41484273434338,9600.0,2025-11-23,2025-12-20,168,28,False,0.0,0.0,387.38891287338276,10200.0,9769.567874585131,0.0,0.0,0.0,0.0,301.8829166666668,0.0,0.0,0.0,10800.0,10800.0,0.0,1472.2829845833342,1472.2829845833342
2025-12-21,85,2025-12-21T14:10:00,2025-12-21T14:00:00,1079.1305666666667,784.2339833333334,2025-12-21T14:10:00,2025-12-21 00:00:00,2025-12-21 00:00:00,2025-12-21T14:10:00,2025-12-21T14:10:00,1.0002,1064.054828503539,706.5230953277404,1095.9910436094997,706.5230953277404,31.936215105960535,9600.0,2025-11-23,2025-12-20,168,28,False,0.0,0.0,389.4679482817593,9769.567874585131,9336.82570982762,0.0,0.0,0.0,0.0,294.8965833333333,0.0,0.0,0.0,10800.0,10800.0,0.0,1474.7778132499996,1474.7778132499996
2025-12-21,86,2025-12-21T14:20:00,2025-12-21T14:10:00,1051.8516166666666,734.1358666666666,2025-12-21T14:20:00,2025-12-21 00:00:00,2025-12-21 00:00:00,2025-12-21T14:20:00,2025-12-21T14:20:00,0.9978,1086.968172590273,665.341554952315,1118.9043876962337,665.341554952315,31.936215105960535,9600.0,2025-11-23,2025-12-20,168,28,False,0.0,0.0,453.56283274391865,9336.82570982762,8832.867006778823,0.0,0.0,0.0,0.0,317.71574999999996,0.0,0.0,0.0,10800.0,10800.0,0.0,1585.0838767499997,1585.0838767499997
2025-12-21,87,2025-12-21T14:30:00,2025-12-21T14:20:00,1048.9283333333333,664.7312499999999,2025-12-21T14:30:00,2025-12-21 00:00:00,2025-12-21 00:00:00,2025-12-21T14:30:00,2025-12-21T14:30:00,1.0271,1096.43722634587,623.1694208993525,1128.3734414518306,623.1694208993525,31.936215105960535,9600.0,2025-11-23,2025-12-20,168,28,False,0.0,0.0,505.204020552478,8832.867006778823,8271.529206164958,0.0,0.0,0.0,0.0,384.19708333333335,0.0,0.0,0.0,10800.0,10800.0,0.0,1973.0441214583332,1973.0441214583332
2025-12-21,88,2025-12-21T14:40:00,2025-12-21T14:30:00,1040.1812499999999,609.7969166666667,2025-12-21T14:40:00,2025-12-21 00:00:00,2025-12-21 00:00:00,2025-12-21T14:40:00,2025-12-21T14:40:00,1.0906,1059.2718030333338,580.3613404710444,1091.2080181392944,580.3613404710444,31.936215105960535,9288.988402566212,2025-11-23,2025-12-20,168,28,False,0.0,0.0,510.84667766825,8271.529206164958,7703.921786533569,0.0,0.0,0.0,279.91043769040897,150.47389564292422,0.0,0.0,0.0,10800.0,10488.988402566212,0.0,820.5341529408659,820.5341529408659
2025-12-21,89,2025-12-21T14:50:00,2025-12-21T14:40:00,1044.6055,553.5727499999999,2025-12-21T14:50:00,2025-12-21 00:00:00,2025-12-21 00:00:00,2025-12-21T14:50:00,2025-12-21T14:50:00,0.9376,1049.554121700158,537.268224301543,1081.4903368061186,537.268224301543,31.936215105960535,9288.98840256621,2025-11-23,2025-12-20,168,28,False,0.0,0.0,544.2221125045756,7703.921786533569,7099.230550417374,0.0,0.0,0.0,1.6370904631912709e-12,491.0327499999983,0.0,0.0,0.0,10488.988402566212,10488.98840256621,0.0,2301.961531999992,2301.961531999992
2025-12-21,90,2025-12-21T15:00:00,2025-12-21T14:50:00,1051.4716666666666,492.93125000000003,2025-12-21T15:00:00,2025-12-21 00:00:00,2025-12-21 00:00:00,2025-12-21T15:00:00,2025-12-21T15:00:00,0.6694,1076.4578330292347,494.2331402896077,1108.3940481351954,494.2331402896077,31.936215105960535,9288.988402566212,2025-11-23,2025-12-20,168,28,False,1447.494241178921,833.3333333333333,0.0,7099.230550417374,7849.230550417374,0.0,1.0,345.5684415930995,0.0,0.0,543.3853829191548,543.3853829191548,0.0,10488.98840256621,10800.0,968.9526450451697,0.0,968.9526450451697
2025-12-21,91,2025-12-21T15:10:00,2025-12-21T15:00:00,1030.7194166666666,444.2658333333333,2025-12-21T15:10:00,2025-12-21 00:00:00,2025-12-21 00:00:00,2025-12-21T15:10:00,2025-12-21T15:10:00,0.66,1074.2519245033177,451.58738464873517,1107.556349746629,451.58738464873517,33.30442524331114,9288.988402566212,2025-11-23,2025-12-20,168,28,False,1489.302298431227,833.3333333333333,0.0,7849.230550417374,8599.230550417375,0.0,1.0,0.0,0.0,0.0,902.8487150978938,902.8487150978938,0.0,10800.0,10800.0,982.9395169646099,0.0,982.9395169646099
2025-12-21,92,2025-12-21T15:20:00,2025-12-21T15:10:00,1041.5735,400.76741666666663,2025-12-21T15:20:00,2025-12-21 00:00:00,2025-12-21 00:00:00,2025-12-21T15:20:00,2025-12-21T15:20:00,0.7217,1046.663132084464,409.6467845430238,1079.9675573277752,409.6467845430238,33.30442524331114,9288.98840256621,2025-11-23,2025-12-20,168,28,False,1503.6541061180847,833.3333333333333,0.0,8599.230550417375,9349.230550417375,0.0,1.0,0.0,0.0,0.0,862.8480227847513,862.8480227847513,0.0,10800.0,10800.0,1085.1871683854217,0.0,1085.1871683854217
2025-12-21,93,2025-12-21T15:30:00,2025-12-21T15:20:00,1068.8316666666667,361.14375,2025-12-21T15:30:00,2025-12-21 00:00:00,2025-12-21 00:00:00,2025-12-21T15:30:00,2025-12-21T15:30:00,0.7308,1033.7606743497388,368.70828268372577,1067.06509959305,368.70828268372577,33.30442524331114,9288.98840256621,2025-11-23,2025-12-20,168,28,False,1531.6901502426576,833.3333333333333,0.0,9349.230550417375,10099.230550417375,0.0,1.0,0.0,0.0,0.0,824.0022335759909,824.0022335759909,0.0,10800.0,10800.0,1119.3591617973343,0.0,1119.3591617973343
2025-12-21,94,2025-12-21T15:40:00,2025-12-21T15:30:00,1038.2059166666666,329.51135,2025-12-21T15:40:00,2025-12-21 00:00:00,2025-12-21 00:00:00,2025-12-21T15:40:00,2025-12-21T15:40:00,0.7534,1065.9851809901206,329.0468494002881,1099.2896062334319,329.0468494002881,33.30442524331114,9288.98840256621,2025-11-23,2025-12-20,168,28,False,1548.8754785916162,778.6327217584726,0.0,10099.230550417375,10800.0,0.0,1.0,0.0,0.0,0.0,840.1809119249497,840.1809119249497,0.0,10800.0,10800.0,1166.9227855709237,0.0,1166.9227855709237
2025-12-21,95,2025-12-21T15:50:00,2025-12-21T15:40:00,1023.3541333333333,286.50898333333333,2025-12-21T15:50:00,2025-12-21 00:00:00,2025-12-21 00:00:00,2025-12-21T15:50:00,2025-12-21T15:50:00,0.7823,1067.3267718706088,290.91276215394106,1100.63119711392,290.91276215394106,33.30442524331114,9288.988402566212,2025-11-23,2025-12-20,168,28,False,809.718434959979,0.0,0.0,10800.0,10800.0,0.0,0.0,0.0,0.0,0.0,72.87328495997917,72.87328495997917,0.0,10800.0,10800.0,633.4427316691916,0.0,633.4427316691916
2025-12-21,96,2025-12-21T16:00:00,2025-12-21T15:50:00,1031.7366666666667,235.80625,2025-12-21T16:00:00,2025-12-21 00:00:00,2025-12-21 00:00:00,2025-12-21T16:00:00,2025-12-21T16:00:00,0.8055,1024.3561431720552,254.5292863258023,1057.6605684153665,254.5292863258023,33.30442524331114,9288.98840256621,2025-11-23,2025-12-20,168,28,False,803.1312820895641,0.0,0.0,10800.0,10800.0,0.0,0.0,0.0,0.0,0.0,7.20086542289755,7.20086542289755,0.0,10800.0,10800.0,646.9222477231439,0.0,646.9222477231439
2025-12-21,97,2025-12-21T16:10:00,2025-12-21T16:00:00,1001.224,199.84213333333332,2025-12-21T16:10:00,2025-12-21 00:00:00,2025-12-21 00:00:00,2025-12-21T16:10:00,2025-12-21T16:10:00,0.8271,998.7866189926806,220.09078448876727,1090.7905100586013,220.09078448876727,92.00389106592077,9288.98840256621,2025-11-23,2025-12-20,168,28,False,870.6997255698341,0.0,0.0,10800.0,10800.0,0.0,0.0,0.0,0.0,0.0,69.31785890316735,69.31785890316735,0.0,10800.0,10800.0,720.1557430188097,0.0,720.1557430188097
2025-12-21,98,2025-12-21T16:20:00,2025-12-21T16:10:00,1003.6383666666667,160.99521666666666,2025-12-21T16:20:00,2025-12-21 00:00:00,2025-12-21 00:00:00,2025-12-21T16:20:00,2025-12-21T16:20:00,0.8519,995.7224151095816,187.76127437439908,1087.7263061755023,187.76127437439908,92.00389106592077,9288.98840256621,2025-11-23,2025-12-20,168,28,False,899.9650318011031,0.0,0.0,10800.0,10800.0,0.0,0.0,0.0,0.0,0.0,57.32188180110313,57.32188180110313,0.0,10800.0,10800.0,766.6802105913597,0.0,766.6802105913597
2025-12-21,99,2025-12-21T16:30:00,2025-12-21T16:20:00,1038.5466666666666,113.4375,2025-12-21T16:30:00,2025-12-21 00:00:00,2025-12-21 00:00:00,2025-12-21T16:30:00,2025-12-21T16:30:00,0.8791,1013.8427563638874,157.67344848972093,1105.8466474298082,157.67344848972093,92.00389106592077,9288.988402566212,2025-11-23,2025-12-20,168,28,False,948.1731989400872,0.0,0.0,10800.0,10800.0,0.0,0.0,0.0,0.0,0.0,23.064032273420707,23.064032273420707,0.0,10800.0,10800.0,833.5390591882307,0.0,833.5390591882307
2025-12-21,100,2025-12-21T16:40:00,2025-12-21T16:30:00,1029.6313666666667,69.83856666666667,2025-12-21T16:40:00,2025-12-21 00:00:00,2025-12-21 00:00:00,2025-12-21T16:40:00,2025-12-21T16:40:00,0.9024,1045.30352581104,129.928160945019,1137.3074168769606,129.928160945019,92.00389106592077,9288.98840256621,2025-11-23,2025-12-20,168,28,False,1007.3792559319415,0.0,0.0,10800.0,10800.0,0.0,0.0,0.0,0.0,0.0,47.58645593194137,47.58645593194137,0.0,10800.0,10800.0,909.059040552984,0.0,909.059040552984
2025-12-21,101,2025-12-21T16:50:00,2025-12-21T16:40:00,1021.8329333333332,28.96875,2025-12-21T16:50:00,2025-12-21 00:00:00,2025-12-21 00:00:00,2025-12-21T16:50:00,2025-12-21T16:50:00,0.9163,1025.9151453877364,104.59437964507653,1117.919036453657,104.59437964507653,92.00389106592077,9288.98840256621,2025-11-23,2025-12-20,168,28,False,1013.3246568085806,0.0,0.0,10800.0,10800.0,0.0,0.0,0.0,0.0,0.0,20.46047347524734,20.46047347524734,0.0,10800.0,10800.0,928.5093830337024,0.0,928.5093830337024
2025-12-21,102,2025-12-21T17:00:00,2025-12-21T16:50:00,1028.7966666666666,0.0,2025-12-21T17:00:00,2025-12-21 00:00:00,2025-12-21 00:00:00,2025-12-21T17:00:00,2025-12-21T17:00:00,0.9264,981.6489070397907,81.70959469482041,1073.6527981057116,81.70959469482041,92.00389106592077,9288.98840256621,2025-11-23,2025-12-20,168,28,False,991.9432034108911,0.0,0.0,10800.0,10800.0,0.0,0.0,0.0,36.85346325577552,0.0,0.0,0.0,0.0,10800.0,10759.051707493583,918.9361836398496,0.0,918.9361836398496
2025-12-21,103,2025-12-21T17:10:00,2025-12-21T17:00:00,1018.6957000000001,0.0,2025-12-21T17:10:00,2025-12-21 00:00:00,2025-12-21 00:00:00,2025-12-21T17:10:00,2025-12-21T17:10:00,0.9462,1001.9352421431593,61.28066679597596,1067.4817988895418,61.28066679597596,65.54655674638242,9288.98840256621,2025-11-23,2025-12-20,168,28,False,1006.2011320935658,0.0,0.0,10800.0,10800.0,0.0,0.0,0.0,12.494567906434327,0.0,0.0,0.0,0.0,10759.051707493583,10745.168854264211,952.0675111869319,0.0,952.0675111869319
2025-12-21,104,2025-12-21T17:20:00,2025-12-21T17:10:00,1026.7837833333333,1.0334833333333333,2025-12-21T17:20:00,2025-12-21 00:00:00,2025-12-21 00:00:00,2025-12-21T17:20:00,2025-12-21T17:20:00,0.9742,1016.8557290902332,43.28509267941366,1082.4022858366156,43.28509267941366,65.54655674638242,9288.98840256621,2025-11-23,2025-12-20,168,28,False,1039.1171931572019,0.0,0.0,10800.0,10800.0,0.0,0.0,13.366893157201957,0.0,0.0,0.0,0.0,0.0,10745.168854264211,10757.199058105693,1012.307969573746,0.0,1012.307969573746
2025-12-21,105,2025-12-21T17:30:00,2025-12-21T17:20:00,1056.4616666666668,0.0,2025-12-21T17:30:00,2025-12-21 00:00:00,2025-12-21 00:00:00,2025-12-21T17:30:00,2025-12-21T17:30:00,0.9862,1010.7468835821171,27.672658337391677,1076.2934403284996,27.672658337391677,65.54655674638242,9288.98840256621,2025-11-23,2025-12-20,168,28,False,1048.620781991108,0.0,0.0,10800.0,10800.0,0.0,0.0,0.0,7.840884675558755,0.0,0.0,0.0,0.0,10757.199058105693,10748.486964021738,1034.1498151996307,0.0,1034.1498151996307
2025-12-21,106,2025-12-21T17:40:00,2025-12-21T17:30:00,1048.3491333333334,0.0,2025-12-21T17:40:00,2025-12-21 00:00:00,2025-12-21 00:00:00,2025-12-21T17:40:00,2025-12-21T17:40:00,0.976,1017.4894220272225,14.367445091806875,1083.035978773605,14.367445091806875,65.54655674638242,9288.98840256621,2025-11-23,2025-12-20,168,28,False,1068.668533681798,0.0,0.0,10800.0,10800.0,0.0,0.0,20.31940034846457,0.0,0.0,0.0,0.0,0.0,10748.486964021738,10766.774424335357,1043.0204888734347,0.0,1043.0204888734347
2025-12-21,107,2025-12-21T17:50:00,2025-12-21T17:40:00,898.8176333333334,0.0742,2025-12-21T17:50:00,2025-12-21 00:00:00,2025-12-21 00:00:00,2025-12-21T17:50:00,2025-12-21T17:50:00,1.0742,899.324721164282,3.270148449837593,964.8712779106644,3.270148449837593,65.54655674638242,9288.988402566212,2025-11-23,2025-12-20,168,28,False,961.6011294608268,0.0,-0.0,10800.0,10800.0,0.0,0.0,36.9173062940475,0.0,0.0,25.940389833445842,25.940389833445842,0.0,10766.774424335357,10800.0,1032.95193326682,0.0,1032.95193326682
2025-12-21,108,2025-12-21T18:00:00,2025-12-21T17:50:00,712.6333333333333,0.0,2025-12-21T18:00:00,2025-12-21 00:00:00,2025-12-21 00:00:00,2025-12-21T18:00:00,2025-12-21T18:00:00,1.2313,727.9401835593786,0.0,793.486740305761,0.0,65.54655674638242,9288.98840256621,2025-11-23,2025-12-20,168,28,False,793.486740305761,0.0,0.0,10800.0,10800.0,0.0,0.0,0.0,0.0,0.0,80.8534069724277,80.8534069724277,0.0,10800.0,10800.0,977.0202233384836,0.0,977.0202233384836
2025-12-21,109,2025-12-21T18:10:00,2025-12-21T18:00:00,715.4144500000001,0.0,2025-12-21T18:10:00,2025-12-21 00:00:00,2025-12-21 00:00:00,2025-12-21T18:10:00,2025-12-21T18:10:00,1.2561,730.7546719740922,0.0,755.1324161821782,0.0,24.377744208086003,9288.98840256621,2025-11-23,2025-12-20,168,28,False,755.1324161821782,0.0,-0.0,10800.0,10800.0,0.0,0.0,0.0,0.0,0.0,39.71796618217809,39.71796618217809,0.0,10800.0,10800.0,948.521827966434,0.0,948.521827966434
2025-12-21,110,2025-12-21T18:20:00,2025-12-21T18:10:00,748.2732666666667,0.005333333333333333,2025-12-21T18:20:00,2025-12-21 00:00:00,2025-12-21 00:00:00,2025-12-21T18:20:00,2025-12-21T18:20:00,1.2447,752.3166839839009,0.0,776.694428191987,0.0,24.377744208086003,9288.98840256621,2025-11-23,2025-12-20,168,28,False,776.694428191987,0.0,0.0,10800.0,10800.0,0.0,0.0,0.0,0.0,0.0,28.42649485865354,28.42649485865354,0.0,10800.0,10800.0,966.7515547705661,0.0,966.7515547705661
2025-12-21,111,2025-12-21T18:30:00,2025-12-21T18:20:00,730.0083333333333,0.0,2025-12-21T18:30:00,2025-12-21 00:00:00,2025-12-21 00:00:00,2025-12-21T18:30:00,2025-12-21T18:30:00,1.2545,716.4278862488143,0.0,740.8056304569003,0.0,24.377744208086003,9288.98840256621,2025-11-23,2025-12-20,168,28,False,740.8056304569003,0.0,0.0,10800.0,10800.0,0.0,0.0,0.0,0.0,0.0,10.797297123566977,10.797297123566977,0.0,10800.0,10800.0,929.3406634081814,0.0,929.3406634081814
2025-12-21,112,2025-12-21T18:40:00,2025-12-21T18:30:00,734.3443833333334,0.0,2025-12-21T18:40:00,2025-12-21 00:00:00,2025-12-21 00:00:00,2025-12-21T18:40:00,2025-12-21T18:40:00,1.2522,704.222053435437,0.0,728.5997976435231,0.0,24.377744208086003,9288.98840256621,2025-11-23,2025-12-20,168,28,False,728.5997976435231,0.0,0.0,10800.0,10800.0,0.0,0.0,0.0,5.744585689810378,0.0,0.0,0.0,0.0,10800.0,10793.617127011321,912.3526666092196,0.0,912.3526666092196
2025-12-21,113,2025-12-21T18:50:00,2025-12-21T18:40:00,750.0835999999999,0.00038333333333333334,2025-12-21T18:50:00,2025-12-21 00:00:00,2025-12-21 00:00:00,2025-12-21T18:50:00,2025-12-21T18:50:00,1.2881,715.3086913219316,0.0,739.6864355300177,0.0,24.377744208086003,8996.585451523468,2025-11-23,2025-12-20,168,28,False,452.14603538346404,0.0,287.5404001465536,10800.0,10480.51066650383,0.0,0.0,0.0,297.93718128320256,0.0,0.0,0.0,0.0,10793.617127011321,10462.575814474429,582.40930817744,0.0,582.40930817744
2025-12-21,114,2025-12-21T19:00:00,2025-12-21T18:50:00,748.46,0.0,2025-12-21T19:00:00,2025-12-21 00:00:00,2025-12-21 00:00:00,2025-12-21T19:00:00,2025-12-21T19:00:00,1.3466,730.8190025049934,0.0,755.1967467130794,0.0,24.377744208086003,6523.425844826235,2025-11-23,2025-12-20,168,28,False,0.0,0.0,755.1967467130794,10480.51066650383,9641.403170155963,0.0,0.0,0.0,748.46,0.0,0.0,0.0,0.0,10462.575814474429,9630.953592252206,0.0,0.0,0.0
2025-12-21,115,2025-12-21T19:10:00,2025-12-21T19:00:00,722.4832333333334,0.0,2025-12-21T19:10:00,2025-12-21 00:00:00,2025-12-21 00:00:00,2025-12-21T19:10:00,2025-12-21T19:10:00,1.3523,739.8125345515886,0.0,761.3299891969408,0.0,21.51745464535224,791.3170328766878,2025-11-23,2025-12-20,168,28,False,0.0,0.0,761.3299891969408,9641.403170155963,8795.48095993714,0.0,0.0,0.0,722.4832333333334,0.0,0.0,0.0,0.0,9630.953592252206,8828.194444104058,0.0,0.0,0.0
2025-12-21,116,2025-12-21T19:20:00,2025-12-21T19:10:00,726.1655166666666,0.0,2025-12-21T19:20:00,2025-12-21 00:00:00,2025-12-21 00:00:00,2025-12-21T19:20:00,2025-12-21T19:20:00,1.3445,746.976401077864,0.0,768.4938557232163,0.0,21.51745464535224,5701.411917546691,2025-11-23,2025-12-20,168,28,False,0.0,0.0,768.4938557232163,8795.48095993714,7941.598898022456,0.0,0.0,0.0,726.1655166666666,0.0,0.0,0.0,0.0,8828.194444104058,8021.343870029984,0.0,0.0,0.0
2025-12-21,117,2025-12-21T19:30:00,2025-12-21T19:20:00,744.4316666666667,0.0,2025-12-21T19:30:00,2025-12-21 00:00:00,2025-12-21 00:00:00,2025-12-21T19:30:00,2025-12-21T19:30:00,1.3483,745.8045429548841,0.0,767.3219976002364,0.0,21.51745464535224,3240.8876871698653,2025-11-23,2025-12-20,168,28,False,0.0,0.0,767.3219976002364,7941.598898022456,7089.0189006888595,0.0,0.0,0.0,744.4316666666667,0.0,0.0,0.0,0.0,8021.343870029984,7194.197573733688,0.0,0.0,0.0
2025-12-21,118,2025-12-21T19:40:00,2025-12-21T19:30:00,716.9286999999999,0.0,2025-12-21T19:40:00,2025-12-21 00:00:00,2025-12-21 00:00:00,2025-12-21T19:40:00,2025-12-21T19:40:00,1.349,726.2933664987712,0.0,747.8108211441235,0.0,21.51745464535224,1641.37018604444,2025-11-23,2025-12-20,168,28,False,0.0,0.0,747.8108211441235,7089.0189006888595,6258.1179883065,0.0,0.0,0.0,716.9286999999999,0.0,0.0,0.0,0.0,7194.197573733688,6397.610129289244,0.0,0.0,0.0
2025-12-21,119,2025-12-21T19:50:00,2025-12-21T19:40:00,733.1194999999999,0.0,2025-12-21T19:50:00,2025-12-21 00:00:00,2025-12-21 00:00:00,2025-12-21T19:50:00,2025-12-21T19:50:00,1.3473,723.0748244177994,0.0,744.5922790631516,0.0,21.51745464535224,3262.331102133964,2025-11-23,2025-12-20,168,28,False,0.0,0.0,744.5922790631516,6258.1179883065,5430.793233791886,0.0,0.0,0.0,733.1194999999999,0.0,0.0,0.0,0.0,6397.610129289244,5583.032907067021,0.0,0.0,0.0
2025-12-21,120,2025-12-21T20:00:00,2025-12-21T19:50:00,780.2683333333333,0.0,2025-12-21T20:00:00,2025-12-21 00:00:00,2025-12-21 00:00:00,2025-12-21T20:00:00,2025-12-21T20:00:00,1.3482,745.5924399664601,0.0,767.1098946118124,0.0,21.51745464535224,2433.8950577267865,2025-11-23,2025-12-20,168,28,False,0.0,0.0,767.1098946118124,5430.793233791886,4578.448906445428,0.0,0.0,0.0,780.2683333333333,0.0,0.0,0.0,0.0,5583.032907067021,4716.068092252207,0.0,0.0,0.0
2025-12-21,121,2025-12-21T20:10:00,2025-12-21T20:00:00,747.5859,0.0,2025-12-21T20:10:00,2025-12-21 00:00:00,2025-12-21 00:00:00,2025-12-21T20:10:00,2025-12-21T20:10:00,1.3513,765.0478378509772,0.0,790.5603932015083,0.0,25.51255535053112,791.3170328766878,2025-11-23,2025-12-20,168,28,False,0.0,0.0,790.5603932015083,4578.448906445428,3700.048469554864,0.0,0.0,0.0,747.5859,0.0,0.0,0.0,0.0,4716.068092252207,3885.417092252207,0.0,0.0,0.0
2025-12-21,122,2025-12-21T20:20:00,2025-12-21T20:10:00,692.8171000000001,0.0,2025-12-21T20:20:00,2025-12-21 00:00:00,2025-12-21 00:00:00,2025-12-21T20:20:00,2025-12-21T20:20:00,1.34,748.0482424446537,0.0,773.5607977951848,0.0,25.51255535053112,1583.8419045590338,2025-11-23,2025-12-20,168,28,False,0.0,0.0,773.5607977951848,3700.048469554864,2840.5364720046587,0.0,0.0,0.0,692.8171000000001,0.0,0.0,0.0,0.0,3885.417092252207,3115.6203144744295,0.0,0.0,0.0
2025-12-21,123,2025-12-21T20:30:00,2025-12-21T20:20:00,681.7516666666667,0.0,2025-12-21T20:30:00,2025-12-21 00:00:00,2025-12-21 00:00:00,2025-12-21T20:30:00,2025-12-21T20:30:00,1.3489,713.2723845141114,0.0,738.7849398646425,0.0,25.51255535053112,791.3170328766878,2025-11-23,2025-12-20,168,28,False,0.0,0.0,738.7849398646425,2840.5364720046587,2019.6643165995001,0.0,0.0,0.0,681.7516666666667,0.0,0.0,0.0,0.0,3115.6203144744295,2358.1184626225777,0.0,0.0,0.0
2025-12-21,124,2025-12-21T20:40:00,2025-12-21T20:30:00,720.3711,0.0,2025-12-21T20:40:00,2025-12-21 00:00:00,2025-12-21 00:00:00,2025-12-21T20:40:00,2025-12-21T20:40:00,1.3952,713.6809589512576,1.4956293622385086,739.1935143017887,1.4956293622385086,25.51255535053112,0.0,2025-11-23,2025-12-20,168,28,False,0.0,0.0,737.6978849395501,2019.6643165995001,1200.0,0.0,0.0,0.0,720.3711,0.0,0.0,0.0,0.0,2358.1184626225777,1557.7061292892445,0.0,0.0,0.0
2025-12-21,125,2025-12-21T20:50:00,2025-12-21T20:40:00,722.8001666666668,0.0,2025-12-21T20:50:00,2025-12-21 00:00:00,2025-12-21 00:00:00,2025-12-21T20:50:00,2025-12-21T20:50:00,1.2226,728.8124776520657,3.6842753120772804,754.3250330025968,3.6842753120772804,25.51255535053112,0.0,2025-11-23,2025-12-20,168,28,False,750.6407576905195,0.0,0.0,1200.0,1200.0,0.0,0.0,27.840591023852767,0.0,0.0,0.0,0.0,0.0,1557.7061292892445,1582.762661210712,917.7333903524291,0.0,917.7333903524291
2025-12-21,126,2025-12-21T21:00:00,2025-12-21T20:50:00,690.7433333333333,0.0,2025-12-21T21:00:00,2025-12-21 00:00:00,2025-12-21 00:00:00,2025-12-21T21:00:00,2025-12-21T21:00:00,0.9332,735.7660811128901,5.481282547576489,761.2786364634212,5.481282547576489,25.51255535053112,0.0,2025-11-23,2025-12-20,168,28,False,755.7973539158447,0.0,0.0,1200.0,1200.0,0.0,0.0,65.05402058251138,0.0,0.0,0.0,0.0,0.0,1582.762661210712,1641.3112797349722,705.3100906742663,0.0,705.3100906742663
2025-12-21,127,2025-12-21T21:10:00,2025-12-21T21:00:00,704.5435000000001,0.0,2025-12-21T21:10:00,2025-12-21 00:00:00,2025-12-21 00:00:00,2025-12-21T21:10:00,2025-12-21T21:10:00,0.9068,731.7876682002219,6.862058640706153,760.5831361083062,6.862058640706153,28.79546790808435,0.0,2025-11-23,2025-12-20,168,28,False,753.7210774676,0.0,0.0,1200.0,1200.0,0.0,0.0,49.17757746759992,0.0,0.0,0.0,0.0,0.0,1641.3112797349722,1685.5710994558121,683.4742730476197,0.0,683.4742730476197
2025-12-21,128,2025-12-21T21:20:00,2025-12-21T21:10:00,721.1607166666666,0.0,2025-12-21T21:20:00,2025-12-21 00:00:00,2025-12-21 00:00:00,2025-12-21T21:20:00,2025-12-21T21:20:00,0.9371,728.6094267039766,7.817908839648149,757.404894612061,7.817908839648149,28.79546790808435,0.0,2025-11-23,2025-12-20,168,28,False,749.5869857724128,0.0,0.0,1200.0,1200.0,0.0,0.0,28.4262691057462,0.0,0.0,0.0,0.0,0.0,1685.5710994558121,1711.1547416509836,702.4379643673282,0.0,702.4379643673282
2025-12-21,129,2025-12-21T21:30:00,2025-12-21T21:20:00,726.305,0.0,2025-12-21T21:30:00,2025-12-21 00:00:00,2025-12-21 00:00:00,2025-12-21T21:30:00,2025-12-21T21:30:00,0.9371,738.8041753819107,8.354955567257637,767.599643289995,8.354955567257637,28.79546790808435,0.0,2025-11-23,2025-12-20,168,28,False,759.2446877227374,0.0,0.0,1200.0,1200.0,0.0,0.0,32.9396877227374,0.0,0.0,0.0,0.0,0.0,1711.1547416509836,1740.8004606014472,711.4881968649772,0.0,711.4881968649772
2025-12-21,130,2025-12-21T21:40:00,2025-12-21T21:30:00,739.5190333333334,0.0,2025-12-21T21:40:00,2025-12-21 00:00:00,2025-12-21 00:00:00,2025-12-21T21:40:00,2025-12-21T21:40:00,0.9871,753.4407920645351,8.492798661015502,782.2362599726195,8.492798661015502,28.79546790808435,0.0,2025-11-23,2025-12-20,168,28,False,773.7434613116039,0.0,-0.0,1200.0,1200.0,0.0,0.0,34.22442797827057,0.0,0.0,0.0,0.0,0.0,1740.8004606014472,1771.6024457818908,763.7621706606842,0.0,763.7621706606842
2025-12-21,131,2025-12-21T21:50:00,2025-12-21T21:40:00,678.4992333333333,0.0,2025-12-21T21:50:00,2025-12-21 00:00:00,2025-12-21 00:00:00,2025-12-21T21:50:00,2025-12-21T21:50:00,0.7764,693.7341636581708,8.26295070234008,722.5296315662551,8.26295070234008,28.79546790808435,0.0,2025-11-23,2025-12-20,168,28,False,714.2666808639151,-0.0,0.0,1200.0,1200.0,0.0,0.0,35.76744753058176,0.0,0.0,0.0,0.0,0.0,1771.6024457818908,1803.7931485594142,554.5566510227437,0.0,554.5566510227437
2025-12-21,132,2025-12-21T22:00:00,2025-12-21T21:50:00,572.4,0.0,2025-12-21T22:00:00,2025-12-21 00:00:00,2025-12-21 00:00:00,2025-12-21T22:00:00,2025-12-21T22:00:00,0.4209,594.5814537190272,7.707085485837162,623.3769216271115,7.707085485837162,28.79546790808435,0.0,2025-11-23,2025-12-20,168,28,False,1449.0031694746076,833.3333333333333,0.0,1200.0,1950.0,0.0,1.0,833.3333333333334,0.0,0.0,43.269836141274254,43.269836141274254,0.0,1803.7931485594142,2553.7931485594145,609.8854340318624,0.0,609.8854340318624
2025-12-21,133,2025-12-21T22:10:00,2025-12-21T22:00:00,545.0923166666666,0.0,2025-12-21T22:10:00,2025-12-21 00:00:00,2025-12-21 00:00:00,2025-12-21T22:10:00,2025-12-21T22:10:00,0.3859,577.9005120078128,6.8751406412161,607.0304000134836,6.8751406412161,29.12988800567079,0.0,2025-11-23,2025-12-20,168,28,False,1433.4885927056007,833.3333333333333,0.0,1950.0,2700.0,0.0,1.0,833.3333333333334,0.0,0.0,55.062942705600676,55.062942705600676,0.0,2553.7931485594145,3303.7931485594145,553.1832479250913,0.0,553.1832479250913
2025-12-21,134,2025-12-21T22:20:00,2025-12-21T22:10:00,550.8361333333334,0.0,2025-12-21T22:20:00,2025-12-21 00:00:00,2025-12-21 00:00:00,2025-12-21T22:20:00,2025-12-21T22:20:00,0.4368,591.4139704294245,5.823317593502917,620.5438584350952,5.823317593502917,29.12988800567079,0.0,2025-11-23,2025-12-20,168,28,False,1281.387207508259,666.6666666666666,0.0,2700.0,3300.0,0.0,1.0,730.5510741749257,0.0,0.0,0.0,0.0,0.0,3303.7931485594145,3961.2891153168475,559.7099322396076,0.0,559.7099322396076
2025-12-21,135,2025-12-21T22:30:00,2025-12-21T22:20:00,542.6,0.0,2025-12-21T22:30:00,2025-12-21 00:00:00,2025-12-21 00:00:00,2025-12-21T22:30:00,2025-12-21T22:30:00,0.4198,587.7038422156498,4.612023396331677,616.8337302213206,4.612023396331677,29.12988800567079,0.0,2025-11-23,2025-12-20,168,28,False,1445.5550401583223,833.3333333333333,0.0,3300.0,4050.0,0.0,1.0,833.3333333333334,0.0,0.0,69.6217068249889,69.6217068249889,0.0,3961.2891153168475,4711.2891153168475,606.8440058584637,0.0,606.8440058584637
2025-12-21,136,2025-12-21T22:40:00,2025-12-21T22:30:00,525.919,0.0,2025-12-21T22:40:00,2025-12-21 00:00:00,2025-12-21 00:00:00,2025-12-21T22:40:00,2025-12-21T22:40:00,0.4186,573.58817932402,3.303799478692068,602.7180673296907,3.303799478692068,29.12988800567079,0.0,2025-11-23,2025-12-20,168,28,False,1432.7476011843319,833.3333333333333,0.0,4050.0,4800.0,0.0,1.0,833.3333333333334,0.0,0.0,73.49526785099852,73.49526785099852,0.0,4711.2891153168475,5461.2891153168475,599.7481458557613,0.0,599.7481458557613
2025-12-21,137,2025-12-21T22:50:00,2025-12-21T22:40:00,543.3939166666667,0.0,2025-12-21T22:50:00,2025-12-21 00:00:00,2025-12-21 00:00:00,2025-12-21T22:50:00,2025-12-21T22:50:00,0.4241,572.3825468863686,1.961282002903801,601.5124348920393,1.961282002903801,29.12988800567079,0.0,2025-11-23,2025-12-20,168,28,False,1432.8844862224687,833.3333333333333,0.0,4800.0,5550.0,0.0,1.0,833.3333333333334,0.0,0.0,56.15723622246867,56.15723622246867,0.0,5461.2891153168475,6211.2891153168475,607.686310606949,0.0,607.686310606949
2025-12-21,138,2025-12-21T23:00:00,2025-12-21T22:50:00,584.8283333333333,0.0,2025-12-21T23:00:00,2025-12-21 00:00:00,2025-12-21 00:00:00,2025-12-21T23:00:00,2025-12-21T23:00:00,0.4237,587.0811712606018,0.6452373510945167,616.2110592662725,0.6452373510945167,29.12988800567079,0.0,2025-11-23,2025-12-20,168,28,False,1448.8991552485113,833.3333333333333,0.0,5550.0,6300.0,0.0,1.0,833.3333333333334,0.0,0.0,30.737488581844673,30.737488581844673,0.0,6211.2891153168475,6961.2891153168475,613.8985720787942,0.0,613.8985720787942
2025-12-21,139,2025-12-21T23:10:00,2025-12-21T23:00:00,592.4525666666667,0.0,2025-12-21T23:10:00,2025-12-21 00:00:00,2025-12-21 00:00:00,2025-12-21T23:10:00,2025-12-21T23:10:00,0.4248,600.0254766775632,0.0,627.4946352973819,0.0,27.4691586198187,0.0,2025-11-23,2025-12-20,168,28,False,1460.827968630715,833.3333333333333,0.0,6300.0,7050.0,0.0,1.0,833.3333333333334,0.0,0.0,35.042068630714994,35.042068630714994,0.0,6961.2891153168475,7711.2891153168475,620.5597210743277,0.0,620.5597210743277
2025-12-21,140,2025-12-21T23:20:00,2025-12-21T23:10:00,565.9438,0.0,2025-12-21T23:20:00,2025-12-21 00:00:00,2025-12-21 00:00:00,2025-12-21T23:20:00,2025-12-21T23:20:00,0.424,606.3067706551496,0.0,633.7759292749683,0.0,27.4691586198187,0.0,2025-11-23,2025-12-20,168,28,False,1467.1092626083016,833.3333333333333,0.0,7050.0,7800.0,0.0,1.0,833.3333333333334,0.0,0.0,67.83212927496822,67.83212927496822,0.0,7711.2891153168475,8461.289115316848,622.0543273459199,0.0,622.0543273459199
2025-12-21,141,2025-12-21T23:30:00,2025-12-21T23:20:00,550.9316666666667,0.0,2025-12-21T23:30:00,2025-12-21 00:00:00,2025-12-21 00:00:00,2025-12-21T23:30:00,2025-12-21T23:30:00,0.422,599.2220955659535,0.0,626.6912541857722,0.0,27.4691586198187,0.0,2025-11-23,2025-12-20,168,28,False,1460.0245875191054,833.3333333333333,0.0,7800.0,8550.0,0.0,1.0,833.3333333333334,0.0,0.0,75.75958751910525,75.75958751910525,0.0,8461.289115316848,9211.289115316848,616.1303759330624,0.0,616.1303759330624
2025-12-21,142,2025-12-21T23:40:00,2025-12-21T23:30:00,589.9602166666667,0.0,2025-12-21T23:40:00,2025-12-21 00:00:00,2025-12-21 00:00:00,2025-12-21T23:40:00,2025-12-21T23:40:00,0.424,580.7525938188251,0.0,608.2217524386438,0.0,27.4691586198187,0.0,2025-11-23,2025-12-20,168,28,False,1441.555085771977,833.3333333333333,0.0,8550.0,9300.0,0.0,1.0,833.3333333333334,0.0,0.0,18.261535771976924,18.261535771976924,0.0,9211.289115316848,9961.289115316848,611.2193563673183,0.0,611.2193563673183
2025-12-21,143,2025-12-21T23:50:00,2025-12-21T23:40:00,595.3318333333333,0.0,2025-12-21T23:50:00,2025-12-21 00:00:00,2025-12-21 00:00:00,2025-12-21T23:50:00,2025-12-21T23:50:00,0.4271,604.435740954466,0.0,631.9048995742847,0.0,27.4691586198187,0.0,2025-11-23,2025-12-20,168,28,False,1465.238232907618,833.3333333333334,0.0,9300.0,10050.0,0.0,1.0000000000000002,833.3333333333334,0.0,0.0,36.57306624095145,36.57306624095145,0.0,9961.289115316848,10711.289115316848,625.8032492748437,0.0,625.8032492748437
2025-12-21,144,2025-12-22T00:00:00,2025-12-21T23:50:00,577.4,0.0,2025-12-22T00:00:00,2025-12-21 00:00:00,2025-12-21 00:00:00,2025-12-22T00:00:00,2025-12-22T00:00:00,0.4276,642.1781433018607,0.0,669.6473019216794,0.0,27.4691586198187,0.0,2025-11-23,2025-12-20,168,28,False,1502.9806352550138,833.3333333333344,0.0,10050.0,10800.0,0.0,1.0,98.56764964794719,0.0,0.0,827.0129856070666,827.0129856070666,0.0,10711.289115316848,10800.0,642.6745196350439,0.0,642.6745196350439
