date,slot_id,load_actual_kw,interval_end,interval_start,load_raw_time_label,load_source_row,load_source_column,pv_actual_kw,pv_raw_time_label,pv_source_row,pv_source_column,actual_price_yuan_per_kwh,price_raw_time_label,price_source_row,price_source_column,fixed_price_yuan_per_kwh,load_actual_kwh,pv_actual_kwh,net_load_actual_kw,net_load_actual_kwh,available_time,issue_time,forecast_history_end,dispatch_time,decision_input_cutoff,price_yuan_per_kwh,load_forecast_kwh,pv_forecast_kwh,grid_plan_kwh,selected_index,selected_candidate,risk_delta_kwh,charge_actual_kwh,discharge_actual_kwh,emergency_kwh,surplus_kwh,unused_grid_kwh,pv_curtailment_kwh,energy_start_actual_kwh,energy_end_actual_kwh,forecast_emergency_kwh,forecast_charge_kwh,forecast_discharge_kwh,forecast_energy_start_kwh,forecast_energy_end_kwh,forecast_surplus_kwh,planned_cost_yuan,emergency_cost_yuan,total_cost_yuan
2025-07-14,1,4604.889,2025-07-14T00:10:00,2025-07-14T00:00:00,00:10:00,196,B,0.0,00:10:00,196,B,0.5394,00:10:00,196,B,0.4248,767.4815,0.0,4604.889,767.4815,2025-07-14T00:10:00,2025-07-14 00:00:00,2025-07-14 00:00:00,2025-07-14T00:10:00,2025-07-14T00:10:00,0.4248,777.8154928939874,0.8279444805358622,1188.415153479355,1,profile_incumbent,61.634024429862905,420.93365347935503,0.0,0.0,0.0,0.0,0.0,6000.0,6378.84028813142,0.0,411.42760506590355,0.0,6000.0,6370.284844559314,0.0,504.83875719803,0.0,504.83875719803
2025-07-14,2,4638.4815,2025-07-14T00:20:00,2025-07-14T00:10:00,00:20:00,196,C,0.0,00:20:00,196,C,0.5333,00:20:00,196,C,0.4245,773.08025,0.0,4638.4815,773.08025,2025-07-14T00:20:00,2025-07-14 00:00:00,2025-07-14 00:00:00,2025-07-14T00:20:00,2025-07-14T00:20:00,0.4245,775.8176345715227,0.7984528719706177,1206.3305606836318,1,profile_incumbent,61.634024429862905,433.2503106836318,0.0,0.0,0.0,0.0,0.0,6378.84028813142,6768.765567746688,0.0,431.3113789840796,0.0,6370.284844559314,6758.465085644985,0.0,512.0873230102017,0.0,512.0873230102017
2025-07-14,3,4635.57,2025-07-14T00:30:00,2025-07-14T00:20:00,00:30:00,196,D,0.0,00:30:00,196,D,0.5036,00:30:00,196,D,0.4269,772.5949999999999,0.0,4635.57,772.5949999999999,2025-07-14T00:30:00,2025-07-14 00:00:00,2025-07-14 00:00:00,2025-07-14T00:30:00,2025-07-14T00:30:00,0.4269,817.7512089706448,0.0,1171.0644986987845,1,profile_incumbent,61.634024429862905,398.4694986987846,0.0,0.0,0.0,0.0,0.0,6768.765567746688,7127.388116575595,0.0,353.3132897281397,0.0,6758.465085644985,7076.447046400311,0.0,499.9274344945111,0.0,499.9274344945111
2025-07-14,4,4766.6931,2025-07-14T00:40:00,2025-07-14T00:30:00,00:40:00,196,E,0.0,00:40:00,196,E,0.5117,00:40:00,196,E,0.4272,794.4488500000001,0.0,4766.6931,794.4488500000001,2025-07-14T00:40:00,2025-07-14 00:00:00,2025-07-14 00:00:00,2025-07-14T00:40:00,2025-07-14T00:40:00,0.4272,821.5218742288185,0.0,1171.6638442926364,1,profile_incumbent,61.634024429862905,377.21499429263633,0.0,0.0,0.0,0.0,0.0,7127.388116575595,7466.881611438967,0.0,350.1419700638179,0.0,7076.447046400311,7391.574819457746,0.0,500.5347942818143,0.0,500.5347942818143
2025-07-14,5,4744.0484,2025-07-14T00:50:00,2025-07-14T00:40:00,00:50:00,196,F,0.0,00:50:00,196,F,0.5478,00:50:00,196,F,0.4271,790.6747333333333,0.0,4744.0484,790.6747333333333,2025-07-14T00:50:00,2025-07-14 00:00:00,2025-07-14 00:00:00,2025-07-14T00:50:00,2025-07-14T00:50:00,0.4271,816.2021625638577,0.0,1163.919280607176,1,profile_incumbent,61.634024429862905,373.2445472738427,0.0,0.0,0.0,0.0,0.0,7466.881611438967,7802.801703985426,0.0,347.71711804331835,0.0,7391.574819457746,7704.520225696733,0.0,497.10992474732484,0.0,497.10992474732484
2025-07-14,6,4621.41,2025-07-14T01:00:00,2025-07-14T00:50:00,01:00:00,196,G,0.0,01:00:00,196,G,0.5989,01:00:00,196,G,0.4285,770.235,0.0,4621.41,770.235,2025-07-14T01:00:00,2025-07-14 00:00:00,2025-07-14 00:00:00,2025-07-14T01:00:00,2025-07-14T01:00:00,0.4285,817.7622323862405,0.0,1028.2780935327578,1,profile_incumbent,61.634024429862905,258.0430935327578,0.0,0.0,0.0,0.0,0.0,7802.801703985426,8035.040488164907,0.0,210.5158611465173,0.0,7704.520225696733,7893.9845007285985,0.0,440.6171630787867,0.0,440.6171630787867
2025-07-14,7,4705.7241,2025-07-14T01:10:00,2025-07-14T01:00:00,01:10:00,196,H,0.0,01:10:00,196,H,0.6458,01:10:00,196,H,0.4311,784.2873500000001,0.0,4705.7241,784.2873500000001,2025-07-14T01:10:00,2025-07-14 00:00:00,2025-07-14 00:00:00,2025-07-14T01:10:00,2025-07-14T01:10:00,0.4311,803.5769700719188,0.0,998.3811592714627,1,profile_incumbent,60.10709198272169,214.09380927146265,0.0,0.0,0.0,0.0,0.0,8035.040488164907,8227.724916509223,0.0,194.80418919954388,0.0,7893.9845007285985,8069.308271008188,0.0,430.40211776192757,0.0,430.40211776192757
2025-07-14,8,4515.3881,2025-07-14T01:20:00,2025-07-14T01:10:00,01:20:00,196,I,0.0,01:20:00,196,I,0.5903,01:20:00,196,I,0.4302,752.5646833333334,0.0,4515.3881,752.5646833333334,2025-07-14T01:20:00,2025-07-14 00:00:00,2025-07-14 00:00:00,2025-07-14T01:20:00,2025-07-14T01:20:00,0.4302,767.4450736690117,0.0,918.757968663645,1,profile_incumbent,60.10709198272169,166.1932853303116,0.0,0.0,0.0,0.0,0.0,8227.724916509223,8377.298873306503,0.0,151.31289499463333,0.0,8069.308271008188,8205.489876503358,0.0,395.2496781191001,0.0,395.2496781191001
2025-07-14,9,4252.05,2025-07-14T01:30:00,2025-07-14T01:20:00,01:30:00,196,J,0.0,01:30:00,196,J,0.507,01:30:00,196,J,0.4279,708.6750000000001,0.0,4252.05,708.6750000000001,2025-07-14T01:30:00,2025-07-14 00:00:00,2025-07-14 00:00:00,2025-07-14T01:30:00,2025-07-14T01:30:00,0.4279,743.8840576702806,0.0,872.7008292574286,1,profile_incumbent,60.10709198272169,164.02582925742854,0.0,0.0,0.0,0.0,0.0,8377.298873306503,8524.92211963819,0.0,128.81677158714797,0.0,8205.489876503358,8321.42497093179,0.0,373.4286848392537,0.0,373.4286848392537
2025-07-14,10,4598.8884,2025-07-14T01:40:00,2025-07-14T01:30:00,01:40:00,196,K,0.0,01:40:00,196,K,0.5715,01:40:00,196,K,0.4312,766.4814,0.0,4598.8884,766.4814,2025-07-14T01:40:00,2025-07-14 00:00:00,2025-07-14 00:00:00,2025-07-14T01:40:00,2025-07-14T01:40:00,0.4312,773.7231952113423,0.0,929.5794815184305,1,profile_incumbent,60.10709198272169,163.0980815184305,0.0,0.0,0.0,0.0,0.0,8524.92211963819,8671.710393004778,0.0,155.85628630708823,0.0,8321.42497093179,8461.69562860817,0.0,400.8346724307473,0.0,400.8346724307473
2025-07-14,11,4672.632,2025-07-14T01:50:00,2025-07-14T01:40:00,01:50:00,196,L,0.0,01:50:00,196,L,0.6014,01:50:00,196,L,0.4333,778.7719999999999,0.0,4672.632,778.7719999999999,2025-07-14T01:50:00,2025-07-14 00:00:00,2025-07-14 00:00:00,2025-07-14T01:50:00,2025-07-14T01:50:00,0.4333,782.8917901866723,0.0,928.6447280129044,1,profile_incumbent,60.10709198272169,149.87272801290442,0.0,0.0,0.0,0.0,0.0,8671.710393004778,8806.595848216391,0.0,145.75293782623203,0.0,8461.69562860817,8592.87327265178,0.0,402.3817606479915,0.0,402.3817606479915
2025-07-14,12,4307.9,2025-07-14T02:00:00,2025-07-14T01:50:00,02:00:00,196,M,0.0,02:00:00,196,M,0.5339,02:00:00,196,M,0.4311,717.9833333333332,0.0,4307.9,717.9833333333332,2025-07-14T02:00:00,2025-07-14 00:00:00,2025-07-14 00:00:00,2025-07-14T02:00:00,2025-07-14T02:00:00,0.4311,769.3155829810016,0.0,894.1269659981792,1,profile_incumbent,60.10709198272169,176.143632664846,0.0,0.0,0.0,0.0,0.0,8806.595848216391,8965.125117614753,0.0,124.8113830171776,0.0,8592.87327265178,8705.20351736724,0.0,385.45813504181507,0.0,385.45813504181507
2025-07-14,13,4244.5593,2025-07-14T02:10:00,2025-07-14T02:00:00,02:10:00,196,N,0.0,02:10:00,196,N,0.4907,02:10:00,196,N,0.4293,707.42655,0.0,4244.5593,707.42655,2025-07-14T02:10:00,2025-07-14 00:00:00,2025-07-14 00:00:00,2025-07-14T02:10:00,2025-07-14T02:10:00,0.4293,795.9770959471072,0.0,925.0329725374194,1,profile_incumbent,65.0658379248047,217.60642253741935,0.0,0.0,0.0,0.0,0.0,8965.125117614753,9160.97089789843,0.0,129.0558765903122,0.0,8705.20351736724,8821.35380629852,0.0,397.1166551103141,0.0,397.1166551103141
2025-07-14,14,4367.5263,2025-07-14T02:20:00,2025-07-14T02:10:00,02:20:00,196,O,0.0,02:20:00,196,O,0.4848,02:20:00,196,O,0.4324,727.92105,0.0,4367.5263,727.92105,2025-07-14T02:20:00,2025-07-14 00:00:00,2025-07-14 00:00:00,2025-07-14T02:20:00,2025-07-14T02:20:00,0.4324,786.5019597887931,0.0,937.0985003308892,1,profile_incumbent,65.0658379248047,209.1774503308892,0.0,0.0,0.0,0.0,0.0,9160.97089789843,9349.23060319623,0.0,150.59654054209614,0.0,8821.35380629852,8956.890692786408,0.0,405.2013915430765,0.0,405.2013915430765
2025-07-14,15,4358.24,2025-07-14T02:30:00,2025-07-14T02:20:00,02:30:00,196,P,0.0,02:30:00,196,P,0.4941,02:30:00,196,P,0.4367,726.3733333333333,0.0,4358.24,726.3733333333333,2025-07-14T02:30:00,2025-07-14 00:00:00,2025-07-14 00:00:00,2025-07-14T02:30:00,2025-07-14T02:30:00,0.4367,739.8218972209182,0.0,854.7287989004307,1,profile_incumbent,65.0658379248047,128.35546556709733,0.0,0.0,0.0,0.0,0.0,9349.23060319623,9464.750522206617,0.0,114.90690167951243,0.0,8956.890692786408,9060.30690429797,0.0,373.260066479818,0.0,373.260066479818
2025-07-14,16,4103.8789,2025-07-14T02:40:00,2025-07-14T02:30:00,02:40:00,196,Q,0.0,02:40:00,196,Q,0.4993,02:40:00,196,Q,0.4348,683.9798166666666,0.0,4103.8789,683.9798166666666,2025-07-14T02:40:00,2025-07-14 00:00:00,2025-07-14 00:00:00,2025-07-14T02:40:00,2025-07-14T02:40:00,0.4348,738.0919507788922,0.0,866.8721204570669,1,profile_incumbent,65.0658379248047,182.89230379040032,0.0,0.0,0.0,0.0,0.0,9464.750522206617,9629.353595617978,0.0,128.78016967817473,0.0,9060.30690429797,9176.209057008327,0.0,376.9159979747327,0.0,376.9159979747327
2025-07-14,17,4188.3047,2025-07-14T02:50:00,2025-07-14T02:40:00,02:50:00,196,R,0.0,02:50:00,196,R,0.5155,02:50:00,196,R,0.4335,698.0507833333332,0.0,4188.3047,698.0507833333332,2025-07-14T02:50:00,2025-07-14 00:00:00,2025-07-14 00:00:00,2025-07-14T02:50:00,2025-07-14T02:50:00,0.4335,752.5409196948732,0.0,885.4452728267835,1,profile_incumbent,65.0658379248047,187.39448949345024,0.0,0.0,0.0,0.0,0.0,9629.353595617978,9798.008636162083,0.0,132.90435313191028,0.0,9176.209057008327,9295.822974827046,0.0,383.84052577041064,0.0,383.84052577041064
2025-07-14,18,4549.49,2025-07-14T03:00:00,2025-07-14T02:50:00,03:00:00,196,S,0.0,03:00:00,196,S,0.5431,03:00:00,196,S,0.4357,758.2483333333333,0.0,4549.49,758.2483333333333,2025-07-14T03:00:00,2025-07-14 00:00:00,2025-07-14 00:00:00,2025-07-14T03:00:00,2025-07-14T03:00:00,0.4357,752.8941759456958,0.0,840.8279640601636,1,profile_incumbent,65.0658379248047,82.57963072683026,0.0,0.0,0.0,0.0,0.0,9798.008636162083,9872.33030381623,0.0,87.9337881144678,0.0,9295.822974827046,9374.963384130067,0.0,366.34874394101325,0.0,366.34874394101325
2025-07-14,19,4544.2902,2025-07-14T03:10:00,2025-07-14T03:00:00,03:10:00,196,T,0.0012,03:10:00,196,T,0.563,03:10:00,196,T,0.4374,757.3817,0.00019999999999999998,4544.289000000001,757.3815000000001,2025-07-14T03:10:00,2025-07-14 00:00:00,2025-07-14 00:00:00,2025-07-14T03:10:00,2025-07-14T03:10:00,0.4374,742.6741833442042,0.0,856.2575823532334,1,profile_incumbent,61.01284760849507,98.8760823532333,0.0,0.0,0.0,0.0,0.0,9872.33030381623,9961.31877793414,0.0,113.58339900902922,0.0,9374.963384130067,9477.188443238194,0.0,374.5270665213043,0.0,374.5270665213043
2025-07-14,20,4469.3831,2025-07-14T03:20:00,2025-07-14T03:10:00,03:20:00,196,U,0.0,03:20:00,196,U,0.5717,03:20:00,196,U,0.4371,744.8971833333334,0.0,4469.3831,744.8971833333334,2025-07-14T03:20:00,2025-07-14 00:00:00,2025-07-14 00:00:00,2025-07-14T03:20:00,2025-07-14T03:20:00,0.4371,749.0147454369413,0.0,877.861471333048,1,profile_incumbent,61.01284760849507,132.96428799971466,0.0,0.0,0.0,0.0,0.0,9961.31877793414,10080.986637133883,0.0,128.8467258961067,0.0,9477.188443238194,9593.15049654469,0.0,383.7132491196753,0.0,383.7132491196753
2025-07-14,21,4525.16,2025-07-14T03:30:00,2025-07-14T03:20:00,03:30:00,196,V,0.0,03:30:00,196,V,0.5719,03:30:00,196,V,0.4356,754.1933333333333,0.0,4525.16,754.1933333333333,2025-07-14T03:30:00,2025-07-14 00:00:00,2025-07-14 00:00:00,2025-07-14T03:30:00,2025-07-14T03:30:00,0.4356,764.2931171487861,0.0,886.7566124376044,1,profile_incumbent,61.01284760849507,132.56327910427115,0.0,0.0,0.0,0.0,0.0,10080.986637133883,10200.293588327728,0.0,122.46349528881831,0.0,9593.15049654469,9703.367642304625,0.0,386.2711803778205,0.0,386.2711803778205
2025-07-14,22,4566.5282,2025-07-14T03:40:00,2025-07-14T03:30:00,03:40:00,196,W,0.0164,03:40:00,196,W,0.5585,03:40:00,196,W,0.4353,761.0880333333333,0.0027333333333333337,4566.511799999999,761.0853,2025-07-14T03:40:00,2025-07-14 00:00:00,2025-07-14 00:00:00,2025-07-14T03:40:00,2025-07-14T03:40:00,0.4353,750.9061058241352,0.0,868.4374141552545,1,profile_incumbent,61.01284760849507,107.35211415525453,0.0,0.0,0.0,0.0,0.0,10200.293588327728,10296.910491067456,0.0,117.53130833111925,0.0,9703.367642304625,9809.145819802632,0.0,378.03080638178227,0.0,378.03080638178227
2025-07-14,23,4437.8185,2025-07-14T03:50:00,2025-07-14T03:40:00,03:50:00,196,X,0.0,03:50:00,196,X,0.4925,03:50:00,196,X,0.436,739.6364166666667,0.0,4437.8185,739.6364166666667,2025-07-14T03:50:00,2025-07-14 00:00:00,2025-07-14 00:00:00,2025-07-14T03:50:00,2025-07-14T03:50:00,0.436,713.7959215081528,0.0,825.9272590471281,1,profile_incumbent,61.01284760849507,86.29084238046141,0.0,0.0,0.0,0.0,0.0,10296.910491067456,10374.572249209872,0.0,112.13133753897534,0.0,9809.145819802632,9910.064023587709,0.0,360.1042849445479,0.0,360.1042849445479
2025-07-14,24,4220.02,2025-07-14T04:00:00,2025-07-14T03:50:00,04:00:00,196,Y,0.0,04:00:00,196,Y,0.4223,04:00:00,196,Y,0.4378,703.3366666666667,0.0,4220.02,703.3366666666667,2025-07-14T04:00:00,2025-07-14 00:00:00,2025-07-14 00:00:00,2025-07-14T04:00:00,2025-07-14T04:00:00,0.4378,692.5654912900202,0.0,808.3849595955915,1,profile_incumbent,61.01284760849507,105.04829292892475,0.0,0.0,0.0,0.0,0.0,10374.572249209872,10469.115712845904,0.0,115.81946830557126,0.0,9910.064023587709,10014.301545062723,0.0,353.91093531095,0.0,353.91093531095
2025-07-14,25,4147.5753,2025-07-14T04:10:00,2025-07-14T04:00:00,04:10:00,196,Z,0.2285,04:10:00,196,Z,0.4443,04:10:00,196,Z,0.4401,691.26255,0.03808333333333334,4147.3468,691.2244666666667,2025-07-14T04:10:00,2025-07-14 00:00:00,2025-07-14 00:00:00,2025-07-14T04:10:00,2025-07-14T04:10:00,0.4401,723.4859823746677,0.0,824.0804568987193,1,profile_incumbent,87.93171045225684,132.8559902320526,0.0,0.0,0.0,0.0,0.0,10469.115712845904,10588.68610405475,0.0,100.59447452405152,0.0,10014.301545062723,10104.836572134369,0.0,362.6778090811263,0.0,362.6778090811263
2025-07-14,26,4132.2653,2025-07-14T04:20:00,2025-07-14T04:10:00,04:20:00,196,AA,0.0,04:20:00,196,AA,0.4656,04:20:00,196,AA,0.4389,688.7108833333333,0.0,4132.2653,688.7108833333333,2025-07-14T04:20:00,2025-07-14 00:00:00,2025-07-14 00:00:00,2025-07-14T04:20:00,2025-07-14T04:20:00,0.4389,738.5842725629476,0.0,857.6785467800782,1,profile_incumbent,87.93171045225684,168.96766344674495,0.0,0.0,0.0,0.0,0.0,10588.68610405475,10740.75700115682,0.0,119.09427421713065,0.0,10104.836572134369,10212.021418929786,0.0,376.4351141817763,0.0,376.4351141817763
2025-07-14,27,4134.08,2025-07-14T04:30:00,2025-07-14T04:20:00,04:30:00,196,AB,0.0,04:30:00,196,AB,0.4551,04:30:00,196,AB,0.4364,689.0133333333333,0.0,4134.08,689.0133333333333,2025-07-14T04:30:00,2025-07-14 00:00:00,2025-07-14 00:00:00,2025-07-14T04:30:00,2025-07-14T04:30:00,0.4364,721.0588321689644,7.205227312343321,812.4891883095353,1,profile_incumbent,87.93171045225684,65.82555427019946,0.0,0.0,57.6503007060025,57.6503007060025,0.0,10740.75700115682,10800.0,0.0,98.63558345291426,0.0,10212.021418929786,10300.793444037408,0.0,354.5702817782812,0.0,354.5702817782812
2025-07-14,28,4185.5731,2025-07-14T04:40:00,2025-07-14T04:30:00,04:40:00,196,AC,3.1833,04:40:00,196,AC,0.4698,04:40:00,196,AC,0.4393,697.5955166666666,0.53055,4182.3898,697.0649666666667,2025-07-14T04:40:00,2025-07-14 00:00:00,2025-07-14 00:00:00,2025-07-14T04:40:00,2025-07-14T04:40:00,0.4393,719.4582946665051,21.88058107237167,809.1224533421439,1,profile_incumbent,87.93171045225684,0.0,0.0,0.0,112.05748667547721,112.05748667547721,0.0,10800.0,10800.0,0.0,111.54473974801044,0.0,10300.793444037408,10401.183709810617,0.0,355.44749375320384,0.0,355.44749375320384
2025-07-14,29,4100.1272,2025-07-14T04:50:00,2025-07-14T04:40:00,04:50:00,196,AD,0.0,04:50:00,196,AD,0.4797,04:50:00,196,AD,0.4422,683.3545333333333,0.0,4100.1272,683.3545333333333,2025-07-14T04:50:00,2025-07-14 00:00:00,2025-07-14 00:00:00,2025-07-14T04:50:00,2025-07-14T04:50:00,0.4422,733.2227131784568,38.51149720448484,821.6804474678211,1,profile_incumbent,87.93171045225684,0.0,0.0,0.0,138.3259141344878,138.3259141344878,0.0,10800.0,10800.0,0.0,126.96923149384907,0.0,10401.183709810617,10515.45601815508,0.0,363.34709387027044,0.0,363.34709387027044
2025-07-14,30,4008.54,2025-07-14T05:00:00,2025-07-14T04:50:00,05:00:00,196,AE,0.0,05:00:00,196,AE,0.4734,05:00:00,196,AE,0.4395,668.09,0.0,4008.54,668.09,2025-07-14T05:00:00,2025-07-14 00:00:00,2025-07-14 00:00:00,2025-07-14T05:00:00,2025-07-14T05:00:00,0.4395,736.3276109171435,57.12331697819934,833.1155330186509,1,profile_incumbent,87.93171045225684,0.0,0.0,0.0,165.0255330186509,165.0255330186509,0.0,10800.0,10800.0,0.0,153.91123907970677,0.0,10515.45601815508,10653.976133326816,0.0,366.1542767616971,0.0,366.1542767616971
2025-07-14,31,4225.038,2025-07-14T05:10:00,2025-07-14T05:00:00,05:10:00,196,AF,94.8259,05:10:00,196,AF,0.4724,05:10:00,196,AF,0.4333,704.1729999999999,15.804316666666667,4130.2121,688.3686833333333,2025-07-14T05:10:00,2025-07-14 00:00:00,2025-07-14 00:00:00,2025-07-14T05:10:00,2025-07-14T05:10:00,0.4333,708.2359054726647,77.72788137187665,748.0552847061628,1,profile_incumbent,72.16411579065958,0.0,0.0,0.0,59.6866013728295,59.6866013728295,0.0,10800.0,10800.0,0.0,117.54726060537462,0.0,10653.976133326816,10759.768667871653,0.0,324.13235486318035,0.0,324.13235486318035
2025-07-14,32,4321.0021,2025-07-14T05:20:00,2025-07-14T05:10:00,05:20:00,196,AG,258.546,05:20:00,196,AG,0.4647,05:20:00,196,AG,0.4439,720.1670166666667,43.091,4062.4561,677.0760166666666,2025-07-14T05:20:00,2025-07-14 00:00:00,2025-07-14 00:00:00,2025-07-14T05:20:00,2025-07-14T05:20:00,0.4439,696.7431296660708,100.32340403144588,700.1812013833663,1,profile_incumbent,72.16411579065958,0.0,0.0,0.0,23.105184716699682,23.105184716699682,0.0,10800.0,10800.0,0.0,44.701480142608084,0.0,10759.768667871653,10800.0,59.059995606133334,310.81043529407634,0.0,310.81043529407634
2025-07-14,33,4088.67,2025-07-14T05:30:00,2025-07-14T05:20:00,05:30:00,196,AH,463.9125,05:30:00,196,AH,0.4157,05:30:00,196,AH,0.4301,681.445,77.31875000000001,3624.7575,604.12625,2025-07-14T05:30:00,2025-07-14 00:00:00,2025-07-14 00:00:00,2025-07-14T05:30:00,2025-07-14T05:30:00,0.4301,699.5191003540837,124.89444763781614,731.6491634842116,1,profile_incumbent,72.16411579065958,0.0,0.0,0.0,127.52291348421159,127.52291348421159,0.0,10800.0,10800.0,0.0,0.0,0.0,10800.0,10800.0,157.0245107679441,314.6823052145594,0.0,314.6823052145594
2025-07-14,34,3865.194,2025-07-14T05:40:00,2025-07-14T05:30:00,05:40:00,196,AI,698.3117,05:40:00,196,AI,0.3522,05:40:00,196,AI,0.3713,644.199,116.38528333333333,3166.8823,527.8137166666667,2025-07-14T05:40:00,2025-07-14 00:00:00,2025-07-14 00:00:00,2025-07-14T05:40:00,2025-07-14T05:40:00,0.3713,682.5124878944532,151.41199991146595,1388.5185443758155,1,profile_incumbent,72.16411579065958,0.0,0.0,0.0,860.7048277091488,860.7048277091488,0.0,10800.0,10800.0,0.0,0.0,0.0,10800.0,10800.0,857.4180563928282,515.5569355267403,0.0,515.5569355267403
2025-07-14,35,4462.5587,2025-07-14T05:50:00,2025-07-14T05:40:00,05:50:00,196,AJ,957.0188,05:50:00,196,AJ,0.5776,05:50:00,196,AJ,0.5708,743.7597833333333,159.50313333333335,3505.5398999999998,584.2566499999999,2025-07-14T05:50:00,2025-07-14 00:00:00,2025-07-14 00:00:00,2025-07-14T05:50:00,2025-07-14T05:50:00,0.5708,747.0471031618723,179.8336447323814,624.6188012022056,1,profile_incumbent,72.16411579065958,0.0,0.0,0.0,40.36215120220572,40.36215120220572,0.0,10800.0,10800.0,0.0,0.0,0.0,10800.0,10800.0,57.40534277271479,356.532411726219,0.0,356.532411726219
2025-07-14,36,5393.48,2025-07-14T06:00:00,2025-07-14T05:50:00,06:00:00,196,AK,1231.0125,06:00:00,196,AK,0.9361,06:00:00,196,AK,0.9099,898.9133333333333,205.16875000000002,4162.4675,693.7445833333333,2025-07-14T06:00:00,2025-07-14 00:00:00,2025-07-14 00:00:00,2025-07-14T06:00:00,2025-07-14T06:00:00,0.9099,867.0958358909407,210.10382321544694,0.0,1,profile_incumbent,72.16411579065958,0.0,693.7445833333333,0.0,0.0,0.0,0.0,10800.0,10029.172685185185,0.0,0.0,656.9920126754938,10800.0,10070.008874805008,0.0,0.0,0.0,0.0
2025-07-14,37,5298.1393,2025-07-14T06:10:00,2025-07-14T06:00:00,06:10:00,196,AL,1502.3954,06:10:00,196,AL,0.9359,06:10:00,196,AL,0.9368,883.0232166666666,250.39923333333334,3795.7438999999995,632.6239833333333,2025-07-14T06:10:00,2025-07-14 00:00:00,2025-07-14 00:00:00,2025-07-14T06:10:00,2025-07-14T06:10:00,0.9368,899.9755382813921,242.15417905892625,0.0,1,profile_incumbent,36.67339183100649,0.0,632.6239833333333,0.0,0.0,0.0,0.0,10029.172685185185,9326.257148148148,0.0,0.0,657.8213592224658,10070.008874805008,9339.096253446713,0.0,0.0,0.0,0.0
2025-07-14,38,4948.9573,2025-07-14T06:20:00,2025-07-14T06:10:00,06:20:00,196,AM,1743.9484,06:20:00,196,AM,0.8413,06:20:00,196,AM,0.8758,824.8262166666667,290.6580666666667,3205.0089,534.16815,2025-07-14T06:20:00,2025-07-14 00:00:00,2025-07-14 00:00:00,2025-07-14T06:20:00,2025-07-14T06:20:00,0.8758,882.6956046658356,275.90398207803526,0.0,1,profile_incumbent,36.67339183100649,0.0,534.16815,0.0,0.0,0.0,0.0,9326.257148148148,8732.736981481481,0.0,0.0,606.7916225878004,9339.096253446713,8664.883339460268,0.0,0.0,0.0,0.0
2025-07-14,39,4950.84,2025-07-14T06:30:00,2025-07-14T06:20:00,06:30:00,196,AN,1963.9875,06:30:00,196,AN,0.8339,06:30:00,196,AN,0.8759,825.14,327.33125,2986.8525,497.80875,2025-07-14T06:30:00,2025-07-14 00:00:00,2025-07-14 00:00:00,2025-07-14T06:30:00,2025-07-14T06:30:00,0.8759,866.6162751867056,311.26062354583286,0.0,1,profile_incumbent,36.67339183100649,0.0,497.80875,0.0,0.0,0.0,0.0,8732.736981481481,8179.616148148148,0.0,0.0,555.3556516408728,8664.883339460268,8047.821504303743,0.0,0.0,0.0,0.0
2025-07-14,40,5147.6365,2025-07-14T06:40:00,2025-07-14T06:30:00,06:40:00,196,AO,2209.1426,06:40:00,196,AO,0.8388,06:40:00,196,AO,0.8601,857.9394166666666,368.1904333333334,2938.4938999999995,489.74898333333323,2025-07-14T06:40:00,2025-07-14 00:00:00,2025-07-14 00:00:00,2025-07-14T06:40:00,2025-07-14T06:40:00,0.8601,866.2479088795061,348.1201767866892,0.0,1,profile_incumbent,36.67339183100649,0.0,489.74898333333323,0.0,0.0,0.0,0.0,8179.616148148148,7635.45061111111,0.0,0.0,518.1277320928168,8047.821504303743,7472.124024200612,0.0,0.0,0.0,0.0
2025-07-14,41,5218.3715,2025-07-14T06:50:00,2025-07-14T06:40:00,06:50:00,196,AP,2525.3745,06:50:00,196,AP,0.8619,06:50:00,196,AP,0.8442,869.7285833333334,420.89574999999996,2692.9970000000003,448.83283333333344,2025-07-14T06:50:00,2025-07-14 00:00:00,2025-07-14 00:00:00,2025-07-14T06:50:00,2025-07-14T06:50:00,0.8442,877.9032868529534,386.3680163984139,0.0,1,profile_incumbent,36.67339183100649,0.0,448.83283333333344,0.0,0.0,0.0,0.0,7635.45061111111,7136.747462962962,0.0,0.0,491.53527045453956,7472.124024200612,6925.973723695569,0.0,0.0,0.0,0.0
2025-07-14,42,5149.45,2025-07-14T07:00:00,2025-07-14T06:50:00,07:00:00,196,AQ,2895.825,07:00:00,196,AQ,0.8606,07:00:00,196,AQ,0.8334,858.2416666666667,482.6375,2253.625,375.6041666666667,2025-07-14T07:00:00,2025-07-14 00:00:00,2025-07-14 00:00:00,2025-07-14T07:00:00,2025-07-14T07:00:00,0.8334,889.0294447216443,425.87948951089487,56.54271289476999,1,profile_incumbent,36.67339183100649,0.0,319.0614537718967,0.0,0.0,0.0,0.0,7136.747462962962,6782.2347365497435,0.0,0.0,406.6072423159794,6925.973723695569,6474.187898900036,0.0,47.12269692650131,0.0,47.12269692650131
2025-07-14,43,5193.0144,2025-07-14T07:10:00,2025-07-14T07:00:00,07:10:00,196,AR,3255.9666,07:10:00,196,AR,0.7668,07:10:00,196,AR,0.8092,865.5024,542.6611,1937.0477999999998,322.84129999999993,2025-07-14T07:10:00,2025-07-14 00:00:00,2025-07-14 00:00:00,2025-07-14T07:10:00,2025-07-14T07:10:00,0.8092,888.1736314108998,466.5206326133163,393.6701579342493,1,profile_incumbent,18.47177680384691,70.82885793424941,0.0,0.0,0.0,0.0,0.0,6782.2347365497435,6845.980708690568,0.0,0.0,27.982840863334218,6474.187898900036,6443.095853496331,0.0,318.55789180039454,0.0,318.55789180039454
2025-07-14,44,5299.499,2025-07-14T07:20:00,2025-07-14T07:10:00,07:20:00,196,AS,3597.8727,07:20:00,196,AS,0.6925,07:20:00,196,AS,0.7972,883.2498333333333,599.64545,1701.6263,283.6043833333333,2025-07-14T07:20:00,2025-07-14 00:00:00,2025-07-14 00:00:00,2025-07-14T07:20:00,2025-07-14T07:20:00,0.7972,885.6758398543831,508.1489276887323,364.95909145454857,1,profile_incumbent,18.47177680384691,81.35470812121525,0.0,0.0,0.0,0.0,0.0,6845.980708690568,6919.199945999661,0.0,0.0,12.567820711102172,6443.095853496331,6429.131608261773,0.0,290.9453877075661,0.0,290.9453877075661
2025-07-14,45,5299.38,2025-07-14T07:30:00,2025-07-14T07:20:00,07:30:00,196,AT,3890.5125,07:30:00,196,AT,0.6738,07:30:00,196,AT,0.7644,883.23,648.4187499999999,1408.8675000000003,234.8112500000001,2025-07-14T07:30:00,2025-07-14 00:00:00,2025-07-14 00:00:00,2025-07-14T07:30:00,2025-07-14T07:30:00,0.7644,867.8976324052691,550.6140916728751,342.14965358700476,1,profile_incumbent,18.47177680384691,107.33840358700468,0.0,0.0,0.0,0.0,0.0,6919.199945999661,7015.804509227965,0.0,24.866112854610833,0.0,6429.131608261773,6451.511109830923,0.0,261.5391952019064,0.0,261.5391952019064
2025-07-14,46,5203.272,2025-07-14T07:40:00,2025-07-14T07:30:00,07:40:00,196,AU,4094.9571,07:40:00,196,AU,0.6789,07:40:00,196,AU,0.6899,867.212,682.49285,1108.3148999999999,184.71915,2025-07-14T07:40:00,2025-07-14 00:00:00,2025-07-14 00:00:00,2025-07-14T07:40:00,2025-07-14T07:40:00,0.6899,835.7027565721128,593.7588935913707,334.2133287112388,1,profile_incumbent,18.47177680384691,149.49417871123876,0.0,0.0,0.0,0.0,0.0,7015.804509227965,7150.34927006808,0.0,92.26946573049668,0.0,6451.511109830923,6534.553628988369,0.0,230.57377547788363,0.0,230.57377547788363
2025-07-14,47,5843.4904,2025-07-14T07:50:00,2025-07-14T07:40:00,07:50:00,196,AV,4286.5856,07:50:00,196,AV,0.8776,07:50:00,196,AV,0.86,973.9150666666666,714.4309333333334,1556.9047999999993,259.48413333333315,2025-07-14T07:50:00,2025-07-14 00:00:00,2025-07-14 00:00:00,2025-07-14T07:50:00,2025-07-14T07:50:00,0.86,954.0829952746473,637.4199941133019,0.0,1,profile_incumbent,18.47177680384691,0.0,259.48413333333315,0.0,0.0,0.0,0.0,7150.34927006808,6862.033566364376,0.0,0.0,316.6630011613454,6534.553628988369,6182.705849920208,0.0,0.0,0.0,0.0
2025-07-14,48,6847.71,2025-07-14T08:00:00,2025-07-14T07:50:00,08:00:00,196,AW,4436.625,08:00:00,196,AW,1.1725,08:00:00,196,AW,1.1617,1141.285,739.4375,2411.085,401.8475000000001,2025-07-14T08:00:00,2025-07-14 00:00:00,2025-07-14 00:00:00,2025-07-14T08:00:00,2025-07-14T08:00:00,1.1617,1161.1031469913908,681.42880267598,0.0,1,profile_incumbent,18.47177680384691,0.0,401.8475000000001,0.0,0.0,0.0,0.0,6862.033566364376,6415.536344142154,0.0,0.0,479.67434431541074,6182.705849920208,5649.734356236418,0.0,0.0,0.0,0.0
2025-07-14,49,6901.9176,2025-07-14T08:10:00,2025-07-14T08:00:00,08:10:00,196,AX,4489.6407,08:10:00,196,AX,1.2416,08:10:00,196,AX,1.1683,1150.3196,748.27345,2412.2769,402.04615,2025-07-14T08:10:00,2025-07-14 00:00:00,2025-07-14 00:00:00,2025-07-14T08:10:00,2025-07-14T08:10:00,1.1683,1212.174089241913,725.6123477724902,0.0,1,profile_incumbent,48.08063068348331,0.0,402.04615,0.0,0.0,0.0,0.0,6415.536344142154,5968.8183996977095,0.0,0.0,486.5617414694227,5649.734356236418,5109.11019904817,0.0,0.0,0.0,0.0
2025-07-14,50,6549.2575,2025-07-14T08:20:00,2025-07-14T08:10:00,08:20:00,196,AY,4796.1835,08:20:00,196,AY,1.1391,08:20:00,196,AY,1.0956,1091.5429166666665,799.3639166666667,1753.0739999999996,292.17899999999986,2025-07-14T08:20:00,2025-07-14 00:00:00,2025-07-14 00:00:00,2025-07-14T08:20:00,2025-07-14T08:20:00,1.0956,1200.4518761274455,769.794156436834,0.0,1,profile_incumbent,48.08063068348331,0.0,292.17899999999986,0.0,0.0,0.0,0.0,5968.8183996977095,5644.175066364376,0.0,0.0,430.65771969061154,5109.11019904817,4630.601621614157,0.0,0.0,0.0,0.0
2025-07-14,51,6399.82,2025-07-14T08:30:00,2025-07-14T08:20:00,08:30:00,196,AZ,5355.8625,08:30:00,196,AZ,1.0287,08:30:00,196,AZ,1.0849,1066.6366666666665,892.6437500000001,1043.9574999999995,173.99291666666647,2025-07-14T08:30:00,2025-07-14 00:00:00,2025-07-14 00:00:00,2025-07-14T08:30:00,2025-07-14T08:30:00,1.0849,1197.9386489332671,813.7951393983408,0.0,1,profile_incumbent,48.08063068348331,0.0,173.99291666666647,0.0,0.0,0.0,0.0,5644.175066364376,5450.849603401413,0.0,0.0,384.14350953492635,4630.601621614157,4203.775499908683,0.0,0.0,0.0,0.0
2025-07-14,52,6566.5819,2025-07-14T08:40:00,2025-07-14T08:30:00,08:40:00,196,BA,5795.127,08:40:00,196,BA,1.0357,08:40:00,196,BA,1.061,1094.4303166666666,965.8545,771.4548999999997,128.57581666666658,2025-07-14T08:40:00,2025-07-14 00:00:00,2025-07-14 00:00:00,2025-07-14T08:40:00,2025-07-14T08:40:00,1.061,1179.637084538661,857.43447879537,0.0,1,profile_incumbent,48.08063068348331,0.0,128.57581666666658,0.0,0.0,0.0,0.0,5450.849603401413,5307.987584882895,0.0,0.0,322.202605743291,4203.775499908683,3845.7726046383596,0.0,0.0,0.0,0.0
2025-07-14,53,6830.9282,2025-07-14T08:50:00,2025-07-14T08:40:00,08:50:00,196,BB,6061.9376,08:50:00,196,BB,1.0896,08:50:00,196,BB,1.043,1138.4880333333333,1010.3229333333334,768.9906000000001,128.16509999999994,2025-07-14T08:50:00,2025-07-14 00:00:00,2025-07-14 00:00:00,2025-07-14T08:50:00,2025-07-14T08:50:00,1.043,1165.7531533677604,900.5305157267646,0.0,1,profile_incumbent,48.08063068348331,0.0,128.16509999999994,0.0,0.0,0.0,0.0,5307.987584882895,5165.581918216229,0.0,0.0,265.2226376409958,3845.7726046383596,3551.080785037253,0.0,0.0,0.0,0.0
2025-07-14,54,7020.64,2025-07-14T09:00:00,2025-07-14T08:50:00,09:00:00,196,BC,6156.5625,09:00:00,196,BC,1.1183,09:00:00,196,BC,1.036,1170.1066666666668,1026.09375,864.0775000000003,144.0129166666668,2025-07-14T09:00:00,2025-07-14 00:00:00,2025-07-14 00:00:00,2025-07-14T09:00:00,2025-07-14T09:00:00,1.036,1167.3203123177154,942.9016352679047,0.0,1,profile_incumbent,48.08063068348331,0.0,144.0129166666668,0.0,0.0,0.0,0.0,5165.581918216229,5005.567566364377,0.0,0.0,224.41867704981075,3551.080785037253,3301.7266994263523,0.0,0.0,0.0,0.0
2025-07-14,55,7107.3131,2025-07-14T09:10:00,2025-07-14T09:00:00,09:10:00,196,BD,6139.2078,09:10:00,196,BD,1.1003,09:10:00,196,BD,1.0147,1184.5521833333335,1023.2013000000001,968.1053000000002,161.3508833333334,2025-07-14T09:10:00,2025-07-14 00:00:00,2025-07-14 00:00:00,2025-07-14T09:10:00,2025-07-14T09:10:00,1.0147,1171.2011245825117,984.3671468777414,0.0,1,profile_incumbent,67.2475008192135,0.0,161.3508833333334,0.0,0.0,0.0,0.0,5005.567566364377,4826.2888071051175,0.0,0.0,186.8339777047703,3301.7266994263523,3094.1333908654965,0.0,0.0,0.0,0.0
2025-07-14,56,7136.3006,2025-07-14T09:20:00,2025-07-14T09:10:00,09:20:00,196,BE,6415.1368,09:20:00,196,BE,1.0279,09:20:00,196,BE,0.9922,1189.3834333333332,1069.1894666666667,721.1637999999994,120.19396666666648,2025-07-14T09:20:00,2025-07-14 00:00:00,2025-07-14 00:00:00,2025-07-14T09:20:00,2025-07-14T09:20:00,0.9922,1156.0820466362725,1024.7481583664332,0.0,1,profile_incumbent,67.2475008192135,0.0,120.19396666666648,0.0,0.0,0.0,0.0,4826.2888071051175,4692.739955253266,0.0,0.0,131.33388826983924,3094.1333908654965,2948.2068483434527,0.0,0.0,0.0,0.0
2025-07-14,57,7113.79,2025-07-14T09:30:00,2025-07-14T09:20:00,09:30:00,196,BF,6863.6625,09:30:00,196,BF,0.959,09:30:00,196,BF,0.97,1185.6316666666667,1143.9437500000001,250.1274999999996,41.687916666666524,2025-07-14T09:30:00,2025-07-14 00:00:00,2025-07-14 00:00:00,2025-07-14T09:30:00,2025-07-14T09:30:00,0.97,1140.7768340447783,1063.8684417745535,0.0,1,profile_incumbent,67.2475008192135,0.0,41.687916666666524,0.0,0.0,0.0,0.0,4692.739955253266,4646.420047845859,0.0,0.0,76.9083922702248,2948.2068483434527,2862.753079154314,0.0,0.0,0.0,0.0
2025-07-14,58,7019.8414,2025-07-14T09:40:00,2025-07-14T09:30:00,09:40:00,196,BG,6957.5104,09:40:00,196,BG,0.9884,09:40:00,196,BG,0.9422,1169.9735666666668,1159.5850666666668,62.33100000000013,10.388500000000022,2025-07-14T09:40:00,2025-07-14 00:00:00,2025-07-14 00:00:00,2025-07-14T09:40:00,2025-07-14T09:40:00,0.9422,1163.50823583303,1101.5552896302831,0.0,1,profile_incumbent,67.2475008192135,0.0,10.388500000000022,0.0,0.0,0.0,0.0,4646.420047845859,4634.877270068081,0.0,0.0,61.95294620274694,2862.753079154314,2793.916472262373,0.0,0.0,0.0,0.0
2025-07-14,59,6952.6153,2025-07-14T09:50:00,2025-07-14T09:40:00,09:50:00,196,BH,6980.6894,09:50:00,196,BH,1.1035,09:50:00,196,BH,0.9569,1158.7692166666668,1163.4482333333333,-28.074099999999817,-4.6790166666664845,2025-07-14T09:50:00,2025-07-14 00:00:00,2025-07-14 00:00:00,2025-07-14T09:50:00,2025-07-14T09:50:00,0.9569,1175.1304082184804,1137.6403600984836,0.0,1,profile_incumbent,67.2475008192135,4.6790166666664845,0.0,0.0,0.0,0.0,0.0,4634.877270068081,4639.088385068081,0.0,0.0,37.4900481199968,2793.916472262373,2752.2608632401543,0.0,0.0,0.0,0.0
2025-07-14,60,6987.47,2025-07-14T10:00:00,2025-07-14T09:50:00,10:00:00,196,BI,7138.3125,10:00:00,196,BI,1.2188,10:00:00,196,BI,0.9977,1164.5783333333334,1189.71875,-150.84249999999975,-25.140416666666624,2025-07-14T10:00:00,2025-07-14 00:00:00,2025-07-14 00:00:00,2025-07-14T10:00:00,2025-07-14T10:00:00,0.9977,1166.2613039276252,1171.960509514784,0.0,1,profile_incumbent,67.2475008192135,25.140416666666624,0.0,0.0,0.0,0.0,0.0,4639.088385068081,4661.714760068081,0.0,5.699205587158758,0.0,2752.2608632401543,2757.3901482685974,0.0,0.0,0.0,0.0
2025-07-14,61,7119.7205,2025-07-14T10:10:00,2025-07-14T10:00:00,10:10:00,196,BJ,7340.482,10:10:00,196,BJ,1.2346,10:10:00,196,BJ,0.9919,1186.6200833333335,1223.4136666666666,-220.76149999999961,-36.79358333333312,2025-07-14T10:10:00,2025-07-14 00:00:00,2025-07-14 00:00:00,2025-07-14T10:10:00,2025-07-14T10:10:00,0.9919,1172.101177639413,1204.3586107104834,0.0,1,profile_incumbent,80.67730686314371,36.79358333333312,0.0,0.0,0.0,0.0,0.0,4661.714760068081,4694.828985068081,0.0,32.25743307107041,0.0,2757.3901482685974,2786.4218380325606,0.0,0.0,0.0,0.0
2025-07-14,62,7234.9563,2025-07-14T10:20:00,2025-07-14T10:10:00,10:20:00,196,BK,7477.324,10:20:00,196,BK,1.1798,10:20:00,196,BK,0.9588,1205.82605,1246.2206666666666,-242.3676999999998,-40.39461666666671,2025-07-14T10:20:00,2025-07-14 00:00:00,2025-07-14 00:00:00,2025-07-14T10:20:00,2025-07-14T10:20:00,0.9588,1160.7675032948475,1234.6843553835856,0.0,1,profile_incumbent,80.67730686314371,40.39461666666671,0.0,0.0,0.0,0.0,0.0,4694.828985068081,4731.184140068081,0.0,73.9168520887381,0.0,2786.4218380325606,2852.9470049124247,0.0,0.0,0.0,0.0
2025-07-14,63,7161.57,2025-07-14T10:30:00,2025-07-14T10:20:00,10:30:00,196,BL,7579.875,10:30:00,196,BL,1.1637,10:30:00,196,BL,0.9549,1193.595,1263.3125,-418.3050000000003,-69.71749999999997,2025-07-14T10:30:00,2025-07-14 00:00:00,2025-07-14 00:00:00,2025-07-14T10:30:00,2025-07-14T10:30:00,0.9549,1147.8775506039935,1262.795038562889,0.0,1,profile_incumbent,80.67730686314371,69.71749999999997,0.0,0.0,0.0,0.0,0.0,4731.184140068081,4793.9298900680815,0.0,114.91748795889544,0.0,2852.9470049124247,2956.3727440754305,0.0,0.0,0.0,0.0
2025-07-14,64,6855.919,2025-07-14T10:40:00,2025-07-14T10:30:00,10:40:00,196,BM,7735.4644,10:40:00,196,BM,1.2307,10:40:00,196,BM,0.9839,1142.6531666666667,1289.2440666666666,-879.5454,-146.59089999999992,2025-07-14T10:40:00,2025-07-14 00:00:00,2025-07-14 00:00:00,2025-07-14T10:40:00,2025-07-14T10:40:00,0.9839,1181.8100245251242,1288.556322952639,0.0,1,profile_incumbent,80.67730686314371,146.59089999999992,0.0,0.0,0.0,0.0,0.0,4793.9298900680815,4925.8617000680815,0.0,106.74629842751483,0.0,2956.3727440754305,3052.444412660194,0.0,0.0,0.0,0.0
2025-07-14,65,6873.563,2025-07-14T10:50:00,2025-07-14T10:40:00,10:50:00,196,BN,7708.1846,10:50:00,196,BN,1.0006,10:50:00,196,BN,0.799,1145.5938333333334,1284.6974333333333,-834.6215999999995,-139.10359999999991,2025-07-14T10:50:00,2025-07-14 00:00:00,2025-07-14 00:00:00,2025-07-14T10:50:00,2025-07-14T10:50:00,0.799,1186.6905695768492,1311.84298064312,0.0,1,profile_incumbent,80.67730686314371,139.10359999999991,0.0,0.0,0.0,0.0,0.0,4925.8617000680815,5051.054940068081,0.0,125.15241106627082,0.0,3052.444412660194,3165.0815826198377,0.0,0.0,0.0,0.0
2025-07-14,66,7145.7,2025-07-14T11:00:00,2025-07-14T10:50:00,11:00:00,196,BO,7692.3,11:00:00,196,BO,0.5797,11:00:00,196,BO,0.5025,1190.95,1282.05,-546.6000000000004,-91.09999999999991,2025-07-14T11:00:00,2025-07-14 00:00:00,2025-07-14 00:00:00,2025-07-14T11:00:00,2025-07-14T11:00:00,0.5025,1157.504885704634,1332.539609337528,677.5522042777262,1,profile_incumbent,80.67730686314371,768.6522042777262,0.0,0.0,0.0,0.0,0.0,5051.054940068081,5742.841923918035,0.0,833.3333333333334,0.0,3165.0815826198377,3915.0815826198377,19.253594577286663,340.4699826495574,0.0,340.4699826495574
2025-07-14,67,7061.0666,2025-07-14T11:10:00,2025-07-14T11:00:00,11:10:00,196,BP,8140.4182,11:10:00,196,BP,0.4858,11:10:00,196,BP,0.4662,1176.8444333333334,1356.7363666666668,-1079.3516,-179.89193333333333,2025-07-14T11:10:00,2025-07-14 00:00:00,2025-07-14 00:00:00,2025-07-14T11:10:00,2025-07-14T11:10:00,0.4662,1165.5885370483895,1350.5413198882839,701.1085261001574,1,profile_incumbent,35.507405724582746,833.3333333333334,0.0,0.0,47.66712610015736,47.66712610015736,0.0,5742.841923918035,6492.841923918035,0.0,833.3333333333334,0.0,3915.0815826198377,4665.081582619838,52.72797560671859,326.85679486789337,0.0,326.85679486789337
2025-07-14,68,6923.1714,2025-07-14T11:20:00,2025-07-14T11:10:00,11:20:00,196,BQ,8512.8673,11:20:00,196,BQ,0.5225,11:20:00,196,BQ,0.5007,1153.8619,1418.8112166666667,-1589.6958999999997,-264.9493166666666,2025-07-14T11:20:00,2025-07-14 00:00:00,2025-07-14 00:00:00,2025-07-14T11:20:00,2025-07-14T11:20:00,0.5007,1178.9839086156678,1365.7543915684116,678.6671855204354,1,profile_incumbent,35.507405724582746,833.3333333333334,0.0,0.0,110.28316885376842,110.28316885376842,0.0,6492.841923918035,7242.841923918035,0.0,833.3333333333334,0.0,4665.081582619838,5415.081582619838,32.10433513984583,339.808659790082,0.0,339.808659790082
2025-07-14,69,6968.67,2025-07-14T11:30:00,2025-07-14T11:20:00,11:30:00,196,BR,8574.7125,11:30:00,196,BR,0.5186,11:30:00,196,BR,0.4827,1161.445,1429.1187499999999,-1606.0424999999996,-267.6737499999999,2025-07-14T11:30:00,2025-07-14 00:00:00,2025-07-14 00:00:00,2025-07-14T11:30:00,2025-07-14T11:30:00,0.4827,1181.0044552287472,1378.0968911381751,678.1264908615036,1,profile_incumbent,35.507405724582746,833.3333333333334,0.0,0.0,112.46690752817028,112.46690752817028,0.0,7242.841923918035,7992.841923918035,0.0,833.3333333333334,0.0,5415.081582619838,6165.081582619838,41.885593437598004,327.3316571388478,0.0,327.3316571388478
2025-07-14,70,7074.3974,2025-07-14T11:40:00,2025-07-14T11:30:00,11:40:00,196,BS,8594.6258,11:40:00,196,BS,0.5071,11:40:00,196,BS,0.4785,1179.0662333333332,1432.4376333333332,-1520.2284,-253.3714,2025-07-14T11:40:00,2025-07-14 00:00:00,2025-07-14 00:00:00,2025-07-14T11:40:00,2025-07-14T11:40:00,0.4785,1186.8648352385342,1387.4992514165635,659.3147082502093,1,profile_incumbent,35.507405724582746,833.3333333333334,0.0,0.0,79.352774916876,79.352774916876,0.0,7992.841923918035,8742.841923918035,0.0,833.3333333333334,0.0,6165.081582619838,6915.081582619838,26.615791094905376,315.48208789772514,0.0,315.48208789772514
2025-07-14,71,6914.9069,2025-07-14T11:50:00,2025-07-14T11:40:00,11:50:00,196,BT,8622.1316,11:50:00,196,BT,0.4955,11:50:00,196,BT,0.4662,1152.4844833333334,1437.0219333333334,-1707.2247000000007,-284.53745000000004,2025-07-14T11:50:00,2025-07-14 00:00:00,2025-07-14 00:00:00,2025-07-14T11:50:00,2025-07-14T11:50:00,0.4662,1172.3108914446912,1393.90480474459,642.0754443063711,1,profile_incumbent,35.507405724582746,833.3333333333334,0.0,0.0,93.27956097303775,93.27956097303775,0.0,8742.841923918035,9492.841923918035,0.0,833.3333333333334,0.0,6915.081582619838,7665.081582619838,30.33602427293647,299.3355721356302,0.0,299.3355721356302
2025-07-14,72,6590.08,2025-07-14T12:00:00,2025-07-14T11:50:00,12:00:00,196,BU,8650.0125,12:00:00,196,BU,0.4873,12:00:00,196,BU,0.4432,1098.3466666666666,1441.66875,-2059.932500000001,-343.32208333333347,2025-07-14T12:00:00,2025-07-14 00:00:00,2025-07-14 00:00:00,2025-07-14T12:00:00,2025-07-14T12:00:00,0.4432,1144.0450716471728,1397.2702664453511,643.1753713199394,1,profile_incumbent,35.507405724582746,833.3333333333334,0.0,0.0,153.16412131993945,153.16412131993945,0.0,9492.841923918035,10242.841923918035,0.0,833.3333333333334,0.0,7665.081582619838,8415.081582619838,63.06723278478432,285.0553245689971,0.0,285.0553245689971
2025-07-14,73,6522.9398,2025-07-14T12:10:00,2025-07-14T12:00:00,12:10:00,196,BV,8679.9998,12:10:00,196,BV,0.4846,12:10:00,196,BV,0.4411,1087.1566333333333,1446.6666333333333,-2157.0599999999995,-359.51,2025-07-14T12:10:00,2025-07-14 00:00:00,2025-07-14 00:00:00,2025-07-14T12:10:00,2025-07-14T12:10:00,0.4411,1138.1251551280347,1397.5661631569842,639.0368513705554,1,profile_incumbent,25.004096031027064,619.0645289799613,0.0,0.0,379.48232239059394,379.48232239059394,0.0,10242.841923918035,10800.0,0.0,833.3333333333334,0.0,8415.081582619838,9165.081582619838,65.14452606617135,281.879155139552,0.0,281.879155139552
2025-07-14,74,6544.9882,2025-07-14T12:20:00,2025-07-14T12:10:00,12:20:00,196,BW,8723.2398,12:20:00,196,BW,0.4666,12:20:00,196,BW,0.4551,1090.8313666666666,1453.8733,-2178.2515999999996,-363.0419333333334,2025-07-14T12:20:00,2025-07-14 00:00:00,2025-07-14 00:00:00,2025-07-14T12:20:00,2025-07-14T12:20:00,0.4551,1142.9179373728282,1394.777200750733,652.3549933316029,1,profile_incumbent,25.004096031027064,0.0,0.0,0.0,1015.3969266649362,652.3549933316029,363.0419333333333,10800.0,10800.0,0.0,833.3333333333334,0.0,9165.081582619838,9915.081582619838,70.88092337617434,296.8867574652125,0.0,296.8867574652125
2025-07-14,75,6474.4,2025-07-14T12:30:00,2025-07-14T12:20:00,12:30:00,196,BX,8573.625,12:30:00,196,BX,0.4346,12:30:00,196,BX,0.4463,1079.0666666666666,1428.9375,-2099.2250000000004,-349.8708333333334,2025-07-14T12:30:00,2025-07-14 00:00:00,2025-07-14 00:00:00,2025-07-14T12:30:00,2025-07-14T12:30:00,0.4463,1135.2965347449835,1388.9025664580806,714.1071896517327,1,profile_incumbent,25.004096031027064,0.0,0.0,0.0,1063.9780229850662,714.1071896517327,349.8708333333335,10800.0,10800.0,0.0,833.3333333333334,0.0,9915.081582619838,10665.081582619838,134.3798880314963,318.7060387415683,0.0,318.7060387415683
2025-07-14,76,6364.6923,2025-07-14T12:40:00,2025-07-14T12:30:00,12:40:00,196,BY,8068.1424,12:40:00,196,BY,0.4467,12:40:00,196,BY,0.4113,1060.78205,1344.6904,-1703.4501,-283.9083499999999,2025-07-14T12:40:00,2025-07-14 00:00:00,2025-07-14 00:00:00,2025-07-14T12:40:00,2025-07-14T12:40:00,0.4113,1115.3523986480131,1379.9561598280281,705.3819066062075,1,profile_incumbent,25.004096031027064,0.0,0.0,0.0,989.2902566062073,705.3819066062075,283.9083499999998,10800.0,10800.0,0.0,149.90935264462476,0.0,10665.081582619838,10800.0,820.0763151415979,290.12357818713315,0.0,290.12357818713315
2025-07-14,77,6621.2176,2025-07-14T12:50:00,2025-07-14T12:40:00,12:50:00,196,BZ,8040.0757,12:50:00,196,BZ,0.6636,12:50:00,196,BZ,0.5682,1103.5362666666667,1340.0126166666666,-1418.8581000000004,-236.4763499999999,2025-07-14T12:50:00,2025-07-14 00:00:00,2025-07-14 00:00:00,2025-07-14T12:50:00,2025-07-14T12:50:00,0.5682,1166.1928457786712,1367.966747226239,143.24743332113374,1,profile_incumbent,25.004096031027064,0.0,0.0,0.0,379.7237833211336,143.24743332113374,236.47634999999988,10800.0,10800.0,0.0,0.0,0.0,10800.0,10800.0,345.02133476870154,81.3931916130682,0.0,81.3931916130682
2025-07-14,78,7040.69,2025-07-14T13:00:00,2025-07-14T12:50:00,13:00:00,196,CA,8338.2375,13:00:00,196,CA,0.9323,13:00:00,196,CA,0.8279,1173.4483333333333,1389.70625,-1297.5474999999997,-216.2579166666667,2025-07-14T13:00:00,2025-07-14 00:00:00,2025-07-14 00:00:00,2025-07-14T13:00:00,2025-07-14T13:00:00,0.8279,1247.7453682175878,1352.9780347785843,0.0,1,profile_incumbent,25.004096031027064,0.0,0.0,0.0,216.2579166666667,0.0,216.2579166666667,10800.0,10800.0,0.0,0.0,0.0,10800.0,10800.0,105.23266656099645,0.0,0.0,0.0
2025-07-14,79,7012.1896,2025-07-14T13:10:00,2025-07-14T13:00:00,13:10:00,196,CB,7984.2773,13:10:00,196,CB,0.9198,13:10:00,196,CB,0.8636,1168.6982666666665,1330.7128833333334,-972.0877,-162.01461666666683,2025-07-14T13:10:00,2025-07-14 00:00:00,2025-07-14 00:00:00,2025-07-14T13:10:00,2025-07-14T13:10:00,0.8636,1230.1408068531205,1335.048654957408,0.0,1,profile_incumbent,11.197085508077658,0.0,0.0,0.0,162.01461666666683,0.0,162.01461666666683,10800.0,10800.0,0.0,0.0,0.0,10800.0,10800.0,104.9078481042875,0.0,0.0,0.0
2025-07-14,80,7045.9025,2025-07-14T13:20:00,2025-07-14T13:10:00,13:20:00,196,CC,7605.3318,13:20:00,196,CC,0.911,13:20:00,196,CC,0.8416,1174.3170833333334,1267.5553,-559.4292999999998,-93.23821666666663,2025-07-14T13:20:00,2025-07-14 00:00:00,2025-07-14 00:00:00,2025-07-14T13:20:00,2025-07-14T13:20:00,0.8416,1196.325446908232,1314.2520624125057,0.0,1,profile_incumbent,11.197085508077658,0.0,0.0,0.0,93.23821666666663,0.0,93.23821666666663,10800.0,10800.0,0.0,0.0,0.0,10800.0,10800.0,117.92661550427374,0.0,0.0,0.0
2025-07-14,81,7289.18,2025-07-14T13:30:00,2025-07-14T13:20:00,13:30:00,196,CD,7567.95,13:30:00,196,CD,0.9813,13:30:00,196,CD,0.8618,1214.8633333333335,1261.325,-278.7699999999995,-46.46166666666659,2025-07-14T13:30:00,2025-07-14 00:00:00,2025-07-14 00:00:00,2025-07-14T13:30:00,2025-07-14T13:30:00,0.8618,1199.9786221624902,1290.6763351611692,0.0,1,profile_incumbent,11.197085508077658,0.0,0.0,0.0,46.46166666666659,0.0,46.46166666666659,10800.0,10800.0,0.0,0.0,0.0,10800.0,10800.0,90.69771299867898,0.0,0.0,0.0
2025-07-14,82,7349.3915,2025-07-14T13:40:00,2025-07-14T13:30:00,13:40:00,196,CE,7571.4286,13:40:00,196,CE,0.9461,13:40:00,196,CE,0.8623,1224.8985833333334,1261.9047666666668,-222.03710000000046,-37.00618333333341,2025-07-14T13:40:00,2025-07-14 00:00:00,2025-07-14 00:00:00,2025-07-14T13:40:00,2025-07-14T13:40:00,0.8623,1210.204535463829,1264.423877871521,0.0,1,profile_incumbent,11.197085508077658,0.0,0.0,0.0,37.00618333333341,0.0,37.00618333333341,10800.0,10800.0,0.0,0.0,0.0,10800.0,10800.0,54.21934240769201,0.0,0.0,0.0
2025-07-14,83,7276.9055,2025-07-14T13:50:00,2025-07-14T13:40:00,13:50:00,196,CF,7366.6957,13:50:00,196,CF,1.0366,13:50:00,196,CF,0.9026,1212.8175833333332,1227.7826166666666,-89.79020000000037,-14.965033333333395,2025-07-14T13:50:00,2025-07-14 00:00:00,2025-07-14 00:00:00,2025-07-14T13:50:00,2025-07-14T13:50:00,0.9026,1196.245851695194,1235.6110246972603,0.0,1,profile_incumbent,11.197085508077658,0.0,0.0,0.0,14.965033333333395,0.0,14.965033333333395,10800.0,10800.0,0.0,0.0,0.0,10800.0,10800.0,39.365173002066285,0.0,0.0,0.0
2025-07-14,84,7238.37,2025-07-14T14:00:00,2025-07-14T13:50:00,14:00:00,196,CG,7145.325,14:00:00,196,CG,1.2214,14:00:00,196,CG,0.9754,1206.395,1190.8875,93.04500000000007,15.507499999999936,2025-07-14T14:00:00,2025-07-14 00:00:00,2025-07-14 00:00:00,2025-07-14T14:00:00,2025-07-14T14:00:00,0.9754,1179.0322966046417,1204.3675399443675,0.0,1,profile_incumbent,11.197085508077658,0.0,15.507499999999936,0.0,0.0,0.0,0.0,10800.0,10782.769444444444,0.0,0.0,0.0,10800.0,10800.0,25.33524333972582,0.0,0.0,0.0
2025-07-14,85,7321.5382,2025-07-14T14:10:00,2025-07-14T14:00:00,14:10:00,196,CH,7305.8439,14:10:00,196,CH,1.2113,14:10:00,196,CH,1.0002,1220.2563666666667,1217.64065,15.694300000000112,2.6157166666666853,2025-07-14T14:10:00,2025-07-14 00:00:00,2025-07-14 00:00:00,2025-07-14T14:10:00,2025-07-14T14:10:00,1.0002,1204.0592000645051,1170.8360157636127,0.0,1,profile_incumbent,8.937516357870331,0.0,2.6157166666666853,0.0,0.0,0.0,0.0,10782.769444444444,10779.863092592592,0.0,0.0,33.2231843008924,10800.0,10763.085350776786,0.0,0.0,0.0,0.0
2025-07-14,86,7316.672,2025-07-14T14:20:00,2025-07-14T14:10:00,14:20:00,196,CI,7413.2734,14:20:00,196,CI,1.1605,14:20:00,196,CI,0.9978,1219.4453333333333,1235.5455666666667,-96.60140000000047,-16.100233333333335,2025-07-14T14:20:00,2025-07-14 00:00:00,2025-07-14 00:00:00,2025-07-14T14:20:00,2025-07-14T14:20:00,0.9978,1215.1292330987142,1135.1711670571974,0.0,1,profile_incumbent,8.937516357870331,16.100233333333335,0.0,0.0,0.0,0.0,0.0,10779.863092592592,10794.353302592592,0.0,0.0,79.95806604151676,10763.085350776786,10674.2430551751,0.0,0.0,0.0,0.0
2025-07-14,87,7203.69,2025-07-14T14:30:00,2025-07-14T14:20:00,14:30:00,196,CJ,7273.1625,14:30:00,196,CJ,1.1985,14:30:00,196,CJ,1.0271,1200.615,1212.1937500000001,-69.47250000000076,-11.578750000000127,2025-07-14T14:30:00,2025-07-14 00:00:00,2025-07-14 00:00:00,2025-07-14T14:30:00,2025-07-14T14:30:00,1.0271,1197.3927099843768,1097.5390248520512,0.0,1,profile_incumbent,8.937516357870331,6.274108230453647,0.0,0.0,5.30464176954648,0.0,5.30464176954648,10794.353302592592,10800.0,0.0,0.0,99.85368513232561,10674.2430551751,10563.294516139184,0.0,0.0,0.0,0.0
2025-07-14,88,7189.0356,2025-07-14T14:40:00,2025-07-14T14:30:00,14:40:00,196,CK,7096.479,14:40:00,196,CK,1.2575,14:40:00,196,CK,1.0906,1198.1726,1182.7465,92.55659999999989,15.426100000000133,2025-07-14T14:40:00,2025-07-14 00:00:00,2025-07-14 00:00:00,2025-07-14T14:40:00,2025-07-14T14:40:00,1.0906,1192.7295259601633,1058.1160305127657,0.0,1,profile_incumbent,8.937516357870331,0.0,15.426100000000133,0.0,0.0,0.0,0.0,10800.0,10782.859888888888,0.0,0.0,134.61349544739755,10563.294516139184,10413.723965642075,0.0,0.0,0.0,0.0
2025-07-14,89,7323.9643,2025-07-14T14:50:00,2025-07-14T14:40:00,14:50:00,196,CL,6905.2836,14:50:00,196,CL,1.0614,14:50:00,196,CL,0.9376,1220.6607166666665,1150.8806,418.6806999999999,69.78011666666657,2025-07-14T14:50:00,2025-07-14 00:00:00,2025-07-14 00:00:00,2025-07-14T14:50:00,2025-07-14T14:50:00,0.9376,1201.1689501016583,1017.0880343292317,0.0,1,profile_incumbent,8.937516357870331,0.0,69.78011666666657,0.0,0.0,0.0,0.0,10782.859888888888,10705.326425925925,0.0,0.0,184.08091577242658,10413.723965642075,10209.189614783823,0.0,0.0,0.0,0.0
2025-07-14,90,7498.85,2025-07-14T15:00:00,2025-07-14T14:50:00,15:00:00,196,CM,6749.2875,15:00:00,196,CM,0.7398,15:00:00,196,CM,0.6694,1249.8083333333334,1124.8812500000001,749.5625,124.92708333333326,2025-07-14T15:00:00,2025-07-14 00:00:00,2025-07-14 00:00:00,2025-07-14T15:00:00,2025-07-14T15:00:00,0.6694,1223.916861970811,974.6492032013766,455.4493716163049,1,profile_incumbent,8.937516357870331,105.19286008230564,0.0,0.0,225.32942820066603,225.32942820066603,0.0,10705.326425925925,10800.0,0.0,206.1817128468706,0.0,10209.189614783823,10394.753156346007,0.0,304.8778093599545,0.0,304.8778093599545
2025-07-14,91,7522.8727,2025-07-14T15:10:00,2025-07-14T15:00:00,15:10:00,196,CN,6644.8301,15:10:00,196,CN,0.7166,15:10:00,196,CN,0.66,1253.8121166666667,1107.4716833333334,878.0425999999998,146.3404333333333,2025-07-14T15:10:00,2025-07-14 00:00:00,2025-07-14 00:00:00,2025-07-14T15:10:00,2025-07-14T15:10:00,0.66,1260.5334691041407,931.0008433389222,654.7662181533136,1,profile_incumbent,-2.6209892788237146,0.0,0.0,0.0,508.4257848199802,508.4257848199802,0.0,10800.0,10800.0,0.0,325.2335923880951,0.0,10394.753156346007,10687.463389495293,0.0,432.145703981187,0.0,432.145703981187
2025-07-14,92,7367.2178,2025-07-14T15:20:00,2025-07-14T15:10:00,15:20:00,196,CO,6184.9564,15:20:00,196,CO,0.7787,15:20:00,196,CO,0.7217,1227.8696333333335,1030.8260666666667,1182.2614000000003,197.04356666666672,2025-07-14T15:20:00,2025-07-14 00:00:00,2025-07-14 00:00:00,2025-07-14T15:20:00,2025-07-14T15:20:00,0.7217,1257.7008410294761,886.3501450795851,511.00959742167606,1,profile_incumbent,-2.6209892788237146,0.0,0.0,0.0,313.96603075500934,313.96603075500934,0.0,10800.0,10800.0,0.0,125.04067833856324,0.0,10687.463389495293,10800.0,14.618223133221917,368.7956264592236,0.0,368.7956264592236
2025-07-14,93,7273.45,2025-07-14T15:30:00,2025-07-14T15:20:00,15:30:00,196,CP,5530.275,15:30:00,196,CP,0.7873,15:30:00,196,CP,0.7308,1212.2416666666666,921.7125,1743.1750000000002,290.5291666666666,2025-07-14T15:30:00,2025-07-14 00:00:00,2025-07-14 00:00:00,2025-07-14T15:30:00,2025-07-14T15:30:00,0.7308,1222.0291872970158,840.9088580862068,525.4825634023745,1,profile_incumbent,-2.6209892788237146,0.0,0.0,0.0,234.95339673570788,234.95339673570788,0.0,10800.0,10800.0,0.0,0.0,0.0,10800.0,10800.0,144.36223419156545,384.0226573344553,0.0,384.0226573344553
2025-07-14,94,7525.2787,2025-07-14T15:40:00,2025-07-14T15:30:00,15:40:00,196,CQ,5264.7965,15:40:00,196,CQ,0.8204,15:40:00,196,CQ,0.7534,1254.2131166666666,877.4660833333334,2260.4821999999995,376.7470333333332,2025-07-14T15:40:00,2025-07-14 00:00:00,2025-07-14 00:00:00,2025-07-14T15:40:00,2025-07-14T15:40:00,0.7534,1214.8316975584003,794.8919062930269,489.2697603078317,1,profile_incumbent,-2.6209892788237146,0.0,0.0,0.0,112.52272697449848,112.52272697449848,0.0,10800.0,10800.0,0.0,0.0,0.0,10800.0,10800.0,69.32996904245829,368.6158374159204,0.0,368.6158374159204
2025-07-14,95,7681.8848,2025-07-14T15:50:00,2025-07-14T15:40:00,15:50:00,196,CR,4990.5835,15:50:00,196,CR,0.8682,15:50:00,196,CR,0.7823,1280.3141333333333,831.7639166666667,2691.3013,448.55021666666664,2025-07-14T15:50:00,2025-07-14 00:00:00,2025-07-14 00:00:00,2025-07-14T15:50:00,2025-07-14T15:50:00,0.7823,1223.5432916542234,748.5159530151311,506.39076368194446,1,profile_incumbent,-2.6209892788237146,0.0,0.0,0.0,57.840547015277934,57.840547015277934,0.0,10800.0,10800.0,0.0,0.0,0.0,10800.0,10800.0,31.363425042852214,396.14949442838514,0.0,396.14949442838514
2025-07-14,96,7600.32,2025-07-14T16:00:00,2025-07-14T15:50:00,16:00:00,196,CS,4546.0125,16:00:00,196,CS,0.904,16:00:00,196,CS,0.8055,1266.72,757.6687499999999,3054.3075,509.0512500000001,2025-07-14T16:00:00,2025-07-14 00:00:00,2025-07-14 00:00:00,2025-07-14T16:00:00,2025-07-14T16:00:00,0.8055,1226.4400680974695,701.9979275947483,566.9773907333482,1,profile_incumbent,-2.6209892788237146,0.0,0.0,0.0,57.92614073334812,57.92614073334812,0.0,10800.0,10800.0,0.0,0.0,0.0,10800.0,10800.0,42.53525023062684,456.700288235712,0.0,456.700288235712
2025-07-14,97,7533.5544,2025-07-14T16:10:00,2025-07-14T16:00:00,16:10:00,196,CT,4194.7097,16:10:00,196,CT,0.9148,16:10:00,196,CT,0.8271,1255.5924,699.1182833333334,3338.8446999999996,556.4741166666666,2025-07-14T16:10:00,2025-07-14 00:00:00,2025-07-14 00:00:00,2025-07-14T16:10:00,2025-07-14T16:10:00,0.8271,1221.2683693297759,655.5535258159555,582.2897058064231,1,profile_incumbent,3.952306468749717,0.0,0.0,0.0,25.815589139756412,25.815589139756412,0.0,10800.0,10800.0,0.0,0.0,0.0,10800.0,10800.0,16.574862292602575,481.61181567249247,0.0,481.61181567249247
2025-07-14,98,7406.033,2025-07-14T16:20:00,2025-07-14T16:10:00,16:20:00,196,CU,3943.5753,16:20:00,196,CU,0.9133,16:20:00,196,CU,0.8519,1234.3388333333335,657.26255,3462.4577000000004,577.0762833333334,2025-07-14T16:20:00,2025-07-14 00:00:00,2025-07-14 00:00:00,2025-07-14T16:20:00,2025-07-14T16:20:00,0.8519,1240.7557165451974,609.395697059221,644.0482468519026,1,profile_incumbent,3.952306468749717,0.0,0.0,0.0,66.97196351856905,66.97196351856905,0.0,10800.0,10800.0,0.0,0.0,0.0,10800.0,10800.0,12.688227365926195,548.6647014931358,0.0,548.6647014931358
2025-07-14,99,7370.06,2025-07-14T16:30:00,2025-07-14T16:20:00,16:30:00,196,CV,3709.8375,16:30:00,196,CV,0.9322,16:30:00,196,CV,0.8791,1228.3433333333335,618.30625,3660.2225000000003,610.0370833333335,2025-07-14T16:30:00,2025-07-14 00:00:00,2025-07-14 00:00:00,2025-07-14T16:30:00,2025-07-14T16:30:00,0.8791,1270.8468724317975,563.7331317736583,748.8505174425918,1,profile_incumbent,3.952306468749717,0.0,0.0,0.0,138.81343410925842,138.81343410925842,0.0,10800.0,10800.0,0.0,0.0,0.0,10800.0,10800.0,41.736776784452786,658.3144898837825,0.0,658.3144898837825
2025-07-14,100,7661.7561,2025-07-14T16:40:00,2025-07-14T16:30:00,16:40:00,196,CW,3419.0182,16:40:00,196,CW,0.9913,16:40:00,196,CW,0.9024,1276.9593499999999,569.8363666666667,4242.7379,707.1229833333332,2025-07-14T16:40:00,2025-07-14 00:00:00,2025-07-14 00:00:00,2025-07-14T16:40:00,2025-07-14T16:40:00,0.9024,1264.033498365963,518.768763304708,794.5951201871202,1,profile_incumbent,3.952306468749717,0.0,0.0,0.0,87.47213685378688,87.47213685378688,0.0,10800.0,10800.0,0.0,0.0,0.0,10800.0,10800.0,49.330385125865405,717.0426364568573,0.0,717.0426364568573
2025-07-14,101,7633.7765,2025-07-14T16:50:00,2025-07-14T16:40:00,16:50:00,196,CX,3108.9027,16:50:00,196,CX,1.0072,16:50:00,196,CX,0.9163,1272.2960833333334,518.15045,4524.873799999999,754.1456333333334,2025-07-14T16:50:00,2025-07-14 00:00:00,2025-07-14 00:00:00,2025-07-14T16:50:00,2025-07-14T16:50:00,0.9163,1258.583581439935,474.69829841634777,835.4865149596895,1,profile_incumbent,3.952306468749717,0.0,0.0,0.0,81.34088162635612,81.34088162635612,0.0,10800.0,10800.0,0.0,0.0,0.0,10800.0,10800.0,51.601231936102295,765.5562936575635,0.0,765.5562936575635
2025-07-14,102,7378.89,2025-07-14T17:00:00,2025-07-14T16:50:00,17:00:00,196,CY,2814.375,17:00:00,196,CY,0.988,17:00:00,196,CY,0.9264,1229.815,469.0625,4564.515,760.7525,2025-07-14T17:00:00,2025-07-14 00:00:00,2025-07-14 00:00:00,2025-07-14T17:00:00,2025-07-14T17:00:00,0.9264,1267.5242409628797,431.7087909804358,885.7911367044688,1,profile_incumbent,3.952306468749717,0.0,0.0,0.0,125.0386367044689,125.0386367044689,0.0,10800.0,10800.0,0.0,0.0,0.0,10800.0,10800.0,49.975686722024875,820.59690904302,0.0,820.59690904302
2025-07-14,103,7602.4,2025-07-14T17:10:00,2025-07-14T17:00:00,17:10:00,196,CZ,2532.1387,17:10:00,196,CZ,1.0242,17:10:00,196,CZ,0.9462,1267.0666666666666,422.0231166666667,5070.2613,845.0435499999999,2025-07-14T17:10:00,2025-07-14 00:00:00,2025-07-14 00:00:00,2025-07-14T17:10:00,2025-07-14T17:10:00,0.9462,1263.6730156721792,389.9772732642516,919.0966625324237,1,profile_incumbent,26.84094690946514,0.0,0.0,0.0,74.05311253242371,74.05311253242371,0.0,10800.0,10800.0,0.0,0.0,0.0,10800.0,10800.0,45.400920124496224,869.6492620881793,0.0,869.6492620881793
2025-07-14,104,7644.6624,2025-07-14T17:20:00,2025-07-14T17:10:00,17:20:00,196,DA,2232.6561,17:20:00,196,DA,1.0733,17:20:00,196,DA,0.9742,1274.1104,372.10935,5412.0063,902.0010500000001,2025-07-14T17:20:00,2025-07-14 00:00:00,2025-07-14 00:00:00,2025-07-14T17:20:00,2025-07-14T17:20:00,0.9742,1248.9131920161226,349.6694590258137,944.6605403216956,1,profile_incumbent,26.84094690946514,0.0,0.0,0.0,42.65949032169556,42.65949032169556,0.0,10800.0,10800.0,0.0,0.0,0.0,10800.0,10800.0,45.416807331386735,920.2882983813959,0.0,920.2882983813959
2025-07-14,105,7465.47,2025-07-14T17:30:00,2025-07-14T17:20:00,17:30:00,196,DB,1919.475,17:30:00,196,DB,1.0972,17:30:00,196,DB,0.9862,1244.2450000000001,319.91249999999997,5545.995000000001,924.3325000000002,2025-07-14T17:30:00,2025-07-14 00:00:00,2025-07-14 00:00:00,2025-07-14T17:30:00,2025-07-14T17:30:00,0.9862,1249.4916136489305,310.9385322231088,991.1767451243367,1,profile_incumbent,26.84094690946514,0.0,0.0,0.0,66.84424512433657,66.84424512433657,0.0,10800.0,10800.0,0.0,0.0,0.0,10800.0,10800.0,52.623663698514974,977.4985060416208,0.0,977.4985060416208
2025-07-14,106,7607.0268,2025-07-14T17:40:00,2025-07-14T17:30:00,17:40:00,196,DC,1624.1109,17:40:00,196,DC,1.115,17:40:00,196,DC,0.976,1267.8378,270.68514999999996,5982.9159,997.15265,2025-07-14T17:40:00,2025-07-14 00:00:00,2025-07-14 00:00:00,2025-07-14T17:40:00,2025-07-14T17:40:00,0.976,1266.2436825796317,273.9240345583707,1063.9359377244803,1,profile_incumbent,26.84094690946514,0.0,0.0,0.0,66.78328772448026,66.78328772448026,0.0,10800.0,10800.0,0.0,0.0,0.0,10800.0,10800.0,71.61628970321931,1038.4014752190926,0.0,1038.4014752190926
2025-07-14,107,7121.1325,2025-07-14T17:50:00,2025-07-14T17:40:00,17:50:00,196,DD,1334.0061,17:50:00,196,DD,1.2103,17:50:00,196,DD,1.0742,1186.8554166666665,222.33435,5787.126399999999,964.5210666666666,2025-07-14T17:50:00,2025-07-14 00:00:00,2025-07-14 00:00:00,2025-07-14T17:50:00,2025-07-14T17:50:00,1.0742,1143.71538092696,238.7508643151686,949.7308025885904,1,profile_incumbent,26.84094690946514,0.0,14.790264078076007,0.0,0.0,0.0,0.0,10800.0,10783.566373246582,0.0,0.0,0.0,10800.0,10800.0,44.766285976799054,1020.2008281406639,0.0,1020.2008281406639
2025-07-14,108,6155.93,2025-07-14T18:00:00,2025-07-14T17:50:00,18:00:00,196,DE,1054.0125,18:00:00,196,DE,1.3294,18:00:00,196,DE,1.2313,1025.9883333333335,175.66875000000002,5101.9175000000005,850.3195833333334,2025-07-14T18:00:00,2025-07-14 00:00:00,2025-07-14 00:00:00,2025-07-14T18:00:00,2025-07-14T18:00:00,1.2313,952.6001468228557,205.52839801036313,739.9174299502843,1,profile_incumbent,26.84094690946514,0.0,110.40215338304915,0.0,0.0,0.0,0.0,10783.566373246582,10660.897313932082,0.0,0.0,7.1543188622082425,10800.0,10792.050756819768,0.0,911.060331497785,0.0,911.060331497785
2025-07-14,109,5899.2786,2025-07-14T18:10:00,2025-07-14T18:00:00,18:10:00,196,DF,812.1545,18:10:00,196,DF,1.3282,18:10:00,196,DF,1.2561,983.2130999999999,135.35908333333333,5087.1241,847.8540166666667,2025-07-14T18:10:00,2025-07-14 00:00:00,2025-07-14 00:00:00,2025-07-14T18:10:00,2025-07-14T18:10:00,1.2561,938.2061369255375,174.34974528331946,760.46500260213,1,profile_incumbent,159.26408860866206,0.0,87.3890140645367,0.0,0.0,0.0,0.0,10660.897313932082,10563.798409415931,0.0,0.0,3.391389040088143,10792.050756819768,10788.282546775226,0.0,955.2200897685354,0.0,955.2200897685354
2025-07-14,110,5811.7598,2025-07-14T18:20:00,2025-07-14T18:10:00,18:20:00,196,DG,612.735,18:20:00,196,DG,1.3099,18:20:00,196,DG,1.2447,968.6266333333333,102.1225,5199.0248,866.5041333333334,2025-07-14T18:20:00,2025-07-14 00:00:00,2025-07-14 00:00:00,2025-07-14T18:20:00,2025-07-14T18:20:00,1.2447,987.4004980288,145.2911461924421,880.0549812140537,1,profile_incumbent,159.26408860866206,13.550847880720312,0.0,0.0,0.0,0.0,0.0,10563.798409415931,10575.99417250858,0.0,13.019392471970706,0.0,10788.282546775226,10800.0,24.92623690572499,1095.4044351171326,0.0,1095.4044351171326
2025-07-14,111,5641.25,2025-07-14T18:30:00,2025-07-14T18:20:00,18:30:00,196,DH,431.7,18:30:00,196,DH,1.3435,18:30:00,196,DH,1.2545,940.2083333333334,71.95,5209.55,868.2583333333333,2025-07-14T18:30:00,2025-07-14 00:00:00,2025-07-14 00:00:00,2025-07-14T18:30:00,2025-07-14T18:30:00,1.2545,1001.6256038187804,118.41151869759302,915.9866502654177,1,profile_incumbent,159.26408860866206,47.72831693208434,0.0,0.0,0.0,0.0,0.0,10575.99417250858,10618.949657747455,0.0,0.0,0.0,10800.0,10800.0,32.77256514423027,1149.1052527579664,0.0,1149.1052527579664
2025-07-14,112,5747.5531,2025-07-14T18:40:00,2025-07-14T18:30:00,18:40:00,196,DI,240.9357,18:40:00,196,DI,1.4162,18:40:00,196,DI,1.2522,957.9255166666667,40.15595,5506.6174,917.7695666666667,2025-07-14T18:40:00,2025-07-14 00:00:00,2025-07-14 00:00:00,2025-07-14T18:40:00,2025-07-14T18:40:00,1.2522,991.511048915264,93.75216259212144,939.7173001056223,1,profile_incumbent,159.26408860866206,21.947733438955538,0.0,0.0,0.0,0.0,0.0,10618.949657747455,10638.702617842515,0.0,0.0,0.0,10800.0,10800.0,41.958413782479624,1176.7140031922602,0.0,1176.7140031922602
2025-07-14,113,5995.4816,2025-07-14T18:50:00,2025-07-14T18:40:00,18:50:00,196,DJ,83.6044,18:50:00,196,DJ,1.5733,18:50:00,196,DJ,1.2881,999.2469333333333,13.934066666666666,5911.8772,985.3128666666667,2025-07-14T18:50:00,2025-07-14 00:00:00,2025-07-14 00:00:00,2025-07-14T18:50:00,2025-07-14T18:50:00,1.2881,976.2545202965637,71.33662452798247,923.0097607018856,1,profile_incumbent,159.26408860866206,0.0,62.303105964781025,0.0,0.0,0.0,0.0,10638.702617842515,10569.476944548314,0.0,0.0,0.0,10800.0,10800.0,18.091864933304464,1188.9288727600988,0.0,1188.9288727600988
2025-07-14,114,6090.64,2025-07-14T19:00:00,2025-07-14T18:50:00,19:00:00,196,DK,0.0,19:00:00,196,DK,1.7201,19:00:00,196,DK,1.3466,1015.1066666666667,0.0,6090.64,1015.1066666666667,2025-07-14T19:00:00,2025-07-14 00:00:00,2025-07-14 00:00:00,2025-07-14T19:00:00,2025-07-14T19:00:00,1.3466,981.1810980436421,51.170727071417105,324.30291123543,1,profile_incumbent,159.26408860866206,0.0,690.8037554312367,0.0,0.0,0.0,0.0,10569.476944548314,9801.917216291386,0.0,0.0,605.707459736795,10800.0,10126.991711403562,0.0,436.70630026963,0.0,436.70630026963
2025-07-14,115,5863.3297,2025-07-14T19:10:00,2025-07-14T19:00:00,19:10:00,196,DL,0.0,19:10:00,196,DL,1.692,19:10:00,196,DL,1.3523,977.2216166666667,0.0,5863.3297,977.2216166666667,2025-07-14T19:10:00,2025-07-14 00:00:00,2025-07-14 00:00:00,2025-07-14T19:10:00,2025-07-14T19:10:00,1.3523,1015.19892507758,33.242762956164896,331.1887645529151,1,profile_incumbent,135.97538060280905,0.0,646.0328521137517,0.0,0.0,0.0,0.0,9801.917216291386,9084.102936164994,0.0,0.0,650.7673975685001,10126.991711403562,9403.91682521634,0.0,447.86656630490705,0.0,447.86656630490705
2025-07-14,116,5734.2162,2025-07-14T19:20:00,2025-07-14T19:10:00,19:20:00,196,DM,2.715,19:20:00,196,DM,1.6578,19:20:00,196,DM,1.3445,955.7026999999999,0.45249999999999996,5731.5012,955.2502,2025-07-14T19:20:00,2025-07-14 00:00:00,2025-07-14 00:00:00,2025-07-14T19:20:00,2025-07-14T19:20:00,1.3445,1005.7503791018603,17.523853888622945,433.42009445746925,1,profile_incumbent,135.97538060280905,0.0,521.8301055425306,0.0,0.0,0.0,0.0,9084.102936164994,8504.291707784405,0.0,0.0,554.8064307557681,9403.91682521634,8787.465235487709,0.0,582.7333169980674,0.0,582.7333169980674
2025-07-14,117,5863.68,2025-07-14T19:30:00,2025-07-14T19:20:00,19:30:00,196,DN,0.0,19:30:00,196,DN,1.6817,19:30:00,196,DN,1.3483,977.2800000000001,0.0,5863.68,977.2800000000001,2025-07-14T19:30:00,2025-07-14 00:00:00,2025-07-14 00:00:00,2025-07-14T19:30:00,2025-07-14T19:30:00,1.3483,970.2193607991077,3.9684714281308247,286.5604417261954,1,profile_incumbent,135.97538060280905,0.0,690.7195582738048,0.0,0.0,0.0,0.0,8504.291707784405,7736.825531924622,0.0,0.0,679.6904476447814,8787.465235487709,8032.253626993507,0.0,386.3694435794293,0.0,386.3694435794293
2025-07-14,118,6029.0081,2025-07-14T19:40:00,2025-07-14T19:30:00,19:40:00,196,DO,0.0,19:40:00,196,DO,1.6752,19:40:00,196,DO,1.349,1004.8346833333334,0.0,6029.0081,1004.8346833333334,2025-07-14T19:40:00,2025-07-14 00:00:00,2025-07-14 00:00:00,2025-07-14T19:40:00,2025-07-14T19:40:00,1.349,997.5774324280592,0.0,299.19994256575495,1,profile_incumbent,135.97538060280905,0.0,705.6347407675785,0.0,0.0,0.0,0.0,7736.825531924622,6952.786931071757,0.0,0.0,698.3774898623042,8032.253626993507,7256.278638257614,0.0,403.62072252120345,0.0,403.62072252120345
2025-07-14,119,6109.9907,2025-07-14T19:50:00,2025-07-14T19:40:00,19:50:00,196,DP,0.1949,19:50:00,196,DP,1.6923,19:50:00,196,DP,1.3473,1018.3317833333334,0.03248333333333333,6109.7958,1018.2993000000001,2025-07-14T19:50:00,2025-07-14 00:00:00,2025-07-14 00:00:00,2025-07-14T19:50:00,2025-07-14T19:50:00,1.3473,1024.5673769064158,0.0,368.3031043617843,1,profile_incumbent,135.97538060280905,0.0,649.9961956382158,0.0,0.0,0.0,0.0,6952.786931071757,6230.568935918184,0.0,0.0,656.2642725446315,7256.278638257614,6527.096113208024,0.0,496.21477250663196,0.0,496.21477250663196
2025-07-14,120,6065.86,2025-07-14T20:00:00,2025-07-14T19:50:00,20:00:00,196,DQ,0.0,20:00:00,196,DQ,1.7217,20:00:00,196,DQ,1.3482,1010.9766666666666,0.0,6065.86,1010.9766666666666,2025-07-14T20:00:00,2025-07-14 00:00:00,2025-07-14 00:00:00,2025-07-14T20:00:00,2025-07-14T20:00:00,1.3482,1014.1676824930935,0.0,342.78339529930196,1,profile_incumbent,135.97538060280905,0.0,668.1932713673646,0.0,0.0,0.0,0.0,6230.568935918184,5488.1319677322235,0.0,0.0,671.3842871937916,6527.096113208024,5781.1135718815885,0.0,462.1405735425189,0.0,462.1405735425189
2025-07-14,121,5939.9308,2025-07-14T20:10:00,2025-07-14T20:00:00,20:10:00,196,DR,0.0,20:10:00,196,DR,1.6813,20:10:00,196,DR,1.3513,989.9884666666667,0.0,5939.9308,989.9884666666667,2025-07-14T20:10:00,2025-07-14 00:00:00,2025-07-14 00:00:00,2025-07-14T20:10:00,2025-07-14T20:10:00,1.3513,993.7776140018473,0.0,281.2112930620875,1,profile_incumbent,114.72632040382501,0.0,708.7771736045792,0.0,0.0,0.0,0.0,5488.1319677322235,4700.6017748382465,0.0,0.0,712.5663209397597,5781.1135718815885,4989.373215281856,0.0,380.00082031479883,0.0,380.00082031479883
2025-07-14,122,5904.9335,2025-07-14T20:20:00,2025-07-14T20:10:00,20:20:00,196,DS,0.014,20:20:00,196,DS,1.62,20:20:00,196,DS,1.34,984.1555833333333,0.0023333333333333335,5904.9195,984.15325,2025-07-14T20:20:00,2025-07-14 00:00:00,2025-07-14 00:00:00,2025-07-14T20:20:00,2025-07-14T20:20:00,1.34,985.85120930014,0.0,931.5164212063395,1,profile_incumbent,114.72632040382501,0.0,52.63682879366047,0.0,0.0,0.0,0.0,4700.6017748382465,4642.116409511957,0.0,0.0,54.33478809380051,4989.373215281856,4929.001228510966,0.0,1248.2320044164949,0.0,1248.2320044164949
2025-07-14,123,5947.15,2025-07-14T20:30:00,2025-07-14T20:20:00,20:30:00,196,DT,0.0,20:30:00,196,DT,1.6363,20:30:00,196,DT,1.3489,991.1916666666666,0.0,5947.15,991.1916666666666,2025-07-14T20:30:00,2025-07-14 00:00:00,2025-07-14 00:00:00,2025-07-14T20:30:00,2025-07-14T20:30:00,1.3489,997.1108128947908,0.0,300.66717282141764,1,profile_incumbent,114.72632040382501,0.0,690.524493845249,0.0,0.0,0.0,0.0,4642.116409511957,3874.8669719061245,0.0,0.0,696.4436400733732,4929.001228510966,4155.174961762774,0.0,405.56994941881027,0.0,405.56994941881027
2025-07-14,124,5910.5493,2025-07-14T20:40:00,2025-07-14T20:30:00,20:40:00,196,DU,0.0,20:40:00,196,DU,1.7345,20:40:00,196,DU,1.3952,985.09155,0.0,5910.5493,985.09155,2025-07-14T20:40:00,2025-07-14 00:00:00,2025-07-14 00:00:00,2025-07-14T20:40:00,2025-07-14T20:40:00,1.3952,1015.5361286355748,0.0,293.2069422010247,1,profile_incumbent,114.72632040382501,0.0,691.8846077989754,0.0,0.0,0.0,0.0,3874.8669719061245,3106.1062965739297,0.0,0.0,722.3291864345501,4155.174961762774,3352.586976835496,0.0,409.0823257588696,0.0,409.0823257588696
2025-07-14,125,5933.943,2025-07-14T20:50:00,2025-07-14T20:40:00,20:50:00,196,DV,0.001,20:50:00,196,DV,1.5045,20:50:00,196,DV,1.2226,988.9905,0.00016666666666666666,5933.942,988.9903333333333,2025-07-14T20:50:00,2025-07-14 00:00:00,2025-07-14 00:00:00,2025-07-14T20:50:00,2025-07-14T20:50:00,1.2226,1011.1102111426135,0.0,1029.4253008825679,1,profile_incumbent,114.72632040382501,40.43496754923456,0.0,0.0,0.0,0.0,0.0,3106.1062965739297,3142.497767368241,0.0,18.315089739954374,0.0,3352.586976835496,3369.0705576014548,0.0,1258.5753728590273,0.0,1258.5753728590273
2025-07-14,126,6028.74,2025-07-14T21:00:00,2025-07-14T20:50:00,21:00:00,196,DW,0.0,21:00:00,196,DW,1.0951,21:00:00,196,DW,0.9332,1004.79,0.0,6028.74,1004.79,2025-07-14T21:00:00,2025-07-14 00:00:00,2025-07-14 00:00:00,2025-07-14T21:00:00,2025-07-14T21:00:00,0.9332,992.054719724544,0.0,1057.319048866589,1,profile_incumbent,114.72632040382501,52.52904886658894,0.0,0.0,0.0,0.0,0.0,3142.497767368241,3189.773911348171,0.0,65.26432914204486,0.0,3369.0705576014548,3427.808453829295,0.0,986.6901364023008,0.0,986.6901364023008
2025-07-14,127,6042.7714,2025-07-14T21:10:00,2025-07-14T21:00:00,21:10:00,196,DX,0.0,21:10:00,196,DX,1.0821,21:10:00,196,DX,0.9068,1007.1285666666666,0.0,6042.7714,1007.1285666666666,2025-07-14T21:10:00,2025-07-14 00:00:00,2025-07-14 00:00:00,2025-07-14T21:10:00,2025-07-14T21:10:00,0.9068,993.9690870624235,0.0,1063.146784434647,1,profile_incumbent,114.9254137560227,56.018217767980445,0.0,0.0,0.0,0.0,0.0,3189.773911348171,3240.1903073393537,0.0,69.17769737222363,0.0,3427.808453829295,3490.068381464296,0.0,964.061504125338,0.0,964.061504125338
2025-07-14,128,5985.5398,2025-07-14T21:20:00,2025-07-14T21:10:00,21:20:00,196,DY,0.0,21:20:00,196,DY,1.1199,21:20:00,196,DY,0.9371,997.5899666666666,0.0,5985.5398,997.5899666666666,2025-07-14T21:20:00,2025-07-14 00:00:00,2025-07-14 00:00:00,2025-07-14T21:20:00,2025-07-14T21:20:00,0.9371,993.7507870310109,0.0,1047.5928798952973,1,profile_incumbent,114.9254137560227,50.002913228630746,0.0,0.0,0.0,0.0,0.0,3240.1903073393537,3285.1929292451214,0.0,53.84209286428643,0.0,3490.068381464296,3538.526265042154,0.0,981.6992877498832,0.0,981.6992877498832
2025-07-14,129,5953.16,2025-07-14T21:30:00,2025-07-14T21:20:00,21:30:00,196,DZ,0.0,21:30:00,196,DZ,1.0793,21:30:00,196,DZ,0.9371,992.1933333333333,0.0,5953.16,992.1933333333333,2025-07-14T21:30:00,2025-07-14 00:00:00,2025-07-14 00:00:00,2025-07-14T21:30:00,2025-07-14T21:30:00,0.9371,1001.664627064141,0.0,1060.3553700637553,1,profile_incumbent,114.9254137560227,68.16203673042207,0.0,0.0,0.0,0.0,0.0,3285.1929292451214,3346.5387623025013,0.0,58.69074299961437,0.0,3538.526265042154,3591.347933741807,0.0,993.6590172867452,0.0,993.6590172867452
2025-07-14,130,5944.8435,2025-07-14T21:40:00,2025-07-14T21:30:00,21:40:00,196,EA,0.0,21:40:00,196,EA,1.14,21:40:00,196,EA,0.9871,990.80725,0.0,5944.8435,990.80725,2025-07-14T21:40:00,2025-07-14 00:00:00,2025-07-14 00:00:00,2025-07-14T21:40:00,2025-07-14T21:40:00,0.9871,1034.1333449431681,0.0,1042.129884282484,1,profile_incumbent,114.9254137560227,51.322634282484046,0.0,0.0,0.0,0.0,0.0,3346.5387623025013,3392.7291331567367,0.0,7.996539339315859,0.0,3591.347933741807,3598.5448191471914,0.0,1028.68640877524,0.0,1028.68640877524
2025-07-14,131,5436.4553,2025-07-14T21:50:00,2025-07-14T21:40:00,21:50:00,196,EB,0.0,21:50:00,196,EB,0.9256,21:50:00,196,EB,0.7764,906.0758833333333,0.0,5436.4553,906.0758833333333,2025-07-14T21:50:00,2025-07-14 00:00:00,2025-07-14 00:00:00,2025-07-14T21:50:00,2025-07-14T21:50:00,0.7764,948.53592993442,0.0,963.8292315151324,1,profile_incumbent,114.9254137560227,57.75334818179908,0.0,0.0,0.0,0.0,0.0,3392.7291331567367,3444.7071465203558,0.0,15.29330158071241,0.0,3598.5448191471914,3612.3087905698326,0.0,748.3170153483487,0.0,748.3170153483487
2025-07-14,132,4684.78,2025-07-14T22:00:00,2025-07-14T21:50:00,22:00:00,196,EC,0.0,22:00:00,196,EC,0.5277,22:00:00,196,EC,0.4209,780.7966666666666,0.0,4684.78,780.7966666666666,2025-07-14T22:00:00,2025-07-14 00:00:00,2025-07-14 00:00:00,2025-07-14T22:00:00,2025-07-14T22:00:00,0.4209,797.8215124045815,0.0,919.0648083566513,1,profile_incumbent,114.9254137560227,138.26814168998465,0.0,0.0,0.0,0.0,0.0,3444.7071465203558,3569.148474041342,0.0,121.24329595206973,0.0,3612.3087905698326,3721.427756926695,0.0,386.8343778373145,0.0,386.8343778373145
2025-07-14,133,4567.1258,2025-07-14T22:10:00,2025-07-14T22:00:00,22:10:00,196,ED,0.0,22:10:00,196,ED,0.4699,22:10:00,196,ED,0.3859,761.1876333333333,0.0,4567.1258,761.1876333333333,2025-07-14T22:10:00,2025-07-14 00:00:00,2025-07-14 00:00:00,2025-07-14T22:10:00,2025-07-14T22:10:00,0.3859,793.6959624319713,0.0,1471.9137802132689,1,profile_incumbent,69.4286029498274,710.7261468799355,0.0,0.0,0.0,0.0,0.0,3569.148474041342,4208.802006233284,0.0,678.2178177812975,0.0,3721.427756926695,4331.823792929863,0.0,568.0115277843005,0.0,568.0115277843005
2025-07-14,134,4799.6588,2025-07-14T22:20:00,2025-07-14T22:10:00,22:20:00,196,EE,0.0,22:20:00,196,EE,0.5646,22:20:00,196,EE,0.4368,799.9431333333333,0.0,4799.6588,799.9431333333333,2025-07-14T22:20:00,2025-07-14 00:00:00,2025-07-14 00:00:00,2025-07-14T22:20:00,2025-07-14T22:20:00,0.4368,843.1645832707537,0.5849373094350632,866.6238102191376,1,profile_incumbent,69.4286029498274,66.68067688580425,0.0,0.0,0.0,0.0,0.0,4208.802006233284,4268.814615430509,0.0,24.04416425781892,0.0,4331.823792929863,4353.4635407619,0.0,378.5412803037193,0.0,378.5412803037193
2025-07-14,135,4928.35,2025-07-14T22:30:00,2025-07-14T22:20:00,22:30:00,196,EF,0.0,22:30:00,196,EF,0.6083,22:30:00,196,EF,0.4198,821.3916666666668,0.0,4928.35,821.3916666666668,2025-07-14T22:30:00,2025-07-14 00:00:00,2025-07-14 00:00:00,2025-07-14T22:30:00,2025-07-14T22:30:00,0.4198,859.3010871257814,5.761191731048689,922.1275532034454,1,profile_incumbent,69.4286029498274,100.7358865367786,0.0,0.0,0.0,0.0,0.0,4268.814615430509,4359.47691331361,0.0,68.58765780871272,0.0,4353.4635407619,4415.192432789741,0.0,387.1091468348064,0.0,387.1091468348064
2025-07-14,136,4769.4069,2025-07-14T22:40:00,2025-07-14T22:30:00,22:40:00,196,EG,0.0,22:40:00,196,EG,0.592,22:40:00,196,EG,0.4186,794.90115,0.0,4769.4069,794.90115,2025-07-14T22:40:00,2025-07-14 00:00:00,2025-07-14 00:00:00,2025-07-14T22:40:00,2025-07-14T22:40:00,0.4186,841.6445040541566,10.64814035390143,880.3081024518808,1,profile_incumbent,69.4286029498274,85.40695245188078,0.0,0.0,0.0,0.0,0.0,4359.47691331361,4436.343170520302,0.0,49.311738751625626,0.0,4415.192432789741,4459.572997666204,0.0,368.4969716863573,0.0,368.4969716863573
2025-07-14,137,4681.3382,2025-07-14T22:50:00,2025-07-14T22:40:00,22:50:00,196,EH,0.0,22:50:00,196,EH,0.6036,22:50:00,196,EH,0.4241,780.2230333333333,0.0,4681.3382,780.2230333333333,2025-07-14T22:50:00,2025-07-14 00:00:00,2025-07-14 00:00:00,2025-07-14T22:50:00,2025-07-14T22:50:00,0.4241,797.5141142921794,15.138145481338578,832.1250224078985,1,profile_incumbent,69.4286029498274,51.90198907456522,0.0,0.0,0.0,0.0,0.0,4436.343170520302,4483.054960687411,0.0,49.749053597057696,0.0,4459.572997666204,4504.347145903556,0.0,352.9042220031898,0.0,352.9042220031898
2025-07-14,138,4743.17,2025-07-14T23:00:00,2025-07-14T22:50:00,23:00:00,196,EI,0.0,23:00:00,196,EI,0.6346,23:00:00,196,EI,0.4237,790.5283333333333,0.0,4743.17,790.5283333333333,2025-07-14T23:00:00,2025-07-14 00:00:00,2025-07-14 00:00:00,2025-07-14T23:00:00,2025-07-14T23:00:00,0.4237,763.9243860873314,19.135574437547742,803.829941343291,1,profile_incumbent,69.4286029498274,13.301608009957704,0.0,0.0,0.0,0.0,0.0,4483.054960687411,4495.026407896373,0.0,59.04112969350729,0.0,4504.347145903556,4557.484162627713,0.0,340.5827461471524,0.0,340.5827461471524
2025-07-14,139,4702.2249,2025-07-14T23:10:00,2025-07-14T23:00:00,23:10:00,196,EJ,0.0,23:10:00,196,EJ,0.597,23:10:00,196,EJ,0.4248,783.70415,0.0,4702.2249,783.70415,2025-07-14T23:10:00,2025-07-14 00:00:00,2025-07-14 00:00:00,2025-07-14T23:10:00,2025-07-14T23:10:00,0.4248,781.4638794260715,22.55771959621473,819.5878439750313,1,profile_incumbent,91.33434670092174,35.88369397503129,0.0,0.0,0.0,0.0,0.0,4495.026407896373,4527.321732473901,0.0,60.681684145174586,0.0,4557.484162627713,4612.09767835837,0.0,348.1609161205933,0.0,348.1609161205933
2025-07-14,140,4628.0542,2025-07-14T23:20:00,2025-07-14T23:10:00,23:20:00,196,EK,0.0,23:20:00,196,EK,0.5578,23:20:00,196,EK,0.424,771.3423666666666,0.0,4628.0542,771.3423666666666,2025-07-14T23:20:00,2025-07-14 00:00:00,2025-07-14 00:00:00,2025-07-14T23:20:00,2025-07-14T23:20:00,0.424,793.3478633373963,25.335572205335335,827.0272268347559,1,profile_incumbent,91.33434670092174,55.684860168089244,0.0,0.0,0.0,0.0,0.0,4527.321732473901,4577.438106625181,0.0,59.014935702694856,0.0,4612.09767835837,4665.211120490795,0.0,350.6595441779365,0.0,350.6595441779365
2025-07-14,141,4550.93,2025-07-14T23:30:00,2025-07-14T23:20:00,23:30:00,196,EL,0.0,23:30:00,196,EL,0.5512,23:30:00,196,EL,0.422,758.4883333333333,0.0,4550.93,758.4883333333333,2025-07-14T23:30:00,2025-07-14 00:00:00,2025-07-14 00:00:00,2025-07-14T23:30:00,2025-07-14T23:30:00,0.422,787.7443187257879,27.41444307725953,837.9003281856257,1,profile_incumbent,91.33434670092174,79.41199485229231,0.0,0.0,0.0,0.0,0.0,4577.438106625181,4648.908901992244,0.0,77.57045253709725,0.0,4665.211120490795,4735.024527774182,0.0,353.593938494334,0.0,353.593938494334
2025-07-14,142,4438.3409,2025-07-14T23:40:00,2025-07-14T23:30:00,23:40:00,196,EM,0.0,23:40:00,196,EM,0.5411,23:40:00,196,EM,0.424,739.7234833333333,0.0,4438.3409,739.7234833333333,2025-07-14T23:40:00,2025-07-14 00:00:00,2025-07-14 00:00:00,2025-07-14T23:40:00,2025-07-14T23:40:00,0.424,804.7888587825737,28.75442500424431,842.8767376235334,1,profile_incumbent,91.33434670092174,103.15325429020004,0.0,0.0,0.0,0.0,0.0,4648.908901992244,4741.746830853424,0.0,66.84230384520401,0.0,4735.024527774182,4795.182601234866,0.0,357.3797367523781,0.0,357.3797367523781
2025-07-14,143,4492.4693,2025-07-14T23:50:00,2025-07-14T23:40:00,23:50:00,196,EN,0.0,23:50:00,196,EN,0.5049,23:50:00,196,EN,0.4271,748.7448833333333,0.0,4492.4693,748.7448833333333,2025-07-14T23:50:00,2025-07-14 00:00:00,2025-07-14 00:00:00,2025-07-14T23:50:00,2025-07-14T23:50:00,0.4271,815.2849178955613,29.33069359491485,857.5153973084089,1,profile_incumbent,91.33434670092174,108.77051397507557,0.0,0.0,0.0,0.0,0.0,4741.746830853424,4839.640293430993,0.0,71.56117300776236,0.0,4795.182601234866,4859.5876569418515,0.0,366.2448261904214,0.0,366.2448261904214
2025-07-14,144,4709.36,2025-07-15T00:00:00,2025-07-14T23:50:00,0:00+1,196,EO,0.0,0:00+1,196,EO,0.4809,0:00+1,196,EO,0.4276,784.8933333333333,0.0,4709.36,784.8933333333333,2025-07-15T00:00:00,2025-07-14 00:00:00,2025-07-14 00:00:00,2025-07-15T00:00:00,2025-07-15T00:00:00,0.4276,800.1951450548146,29.13364508171623,844.6001589234269,1,profile_incumbent,91.33434670092174,59.70682559009356,0.0,0.0,0.0,0.0,0.0,4839.640293430993,4893.3764364620765,0.0,73.53865895032857,0.0,4859.5876569418515,4925.772449997147,0.0,361.1510279556573,0.0,361.1510279556573
2025-07-15,1,4817.9952,2025-07-15T00:10:00,2025-07-15T00:00:00,00:10:00,197,B,0.0,00:10:00,197,B,0.5206,00:10:00,197,B,0.4248,802.9992000000001,0.0,4817.9952,802.9992000000001,2025-07-15T00:10:00,2025-07-15 00:00:00,2025-07-15 00:00:00,2025-07-15T00:10:00,2025-07-15T00:10:00,0.4248,784.0146782152577,0.8155801246349128,1325.0864246140661,1,profile_incumbent,61.634024429862905,522.087224614066,0.0,0.0,0.0,0.0,0.0,4893.3764364620765,5363.254938614736,0.0,541.8873265234432,0.0,4893.3764364620765,5381.075030333175,0.0,562.8967131760553,0.0,562.8967131760553
2025-07-15,2,4571.1304,2025-07-15T00:20:00,2025-07-15T00:10:00,00:20:00,197,C,0.0,00:20:00,197,C,0.5086,00:20:00,197,C,0.4245,761.8550666666666,0.0,4571.1304,761.8550666666666,2025-07-15T00:20:00,2025-07-15 00:00:00,2025-07-15 00:00:00,2025-07-15T00:20:00,2025-07-15T00:20:00,0.4245,792.0775317485012,0.7753323118886364,1347.4776563092132,1,profile_incumbent,61.634024429862905,585.6225896425466,0.0,0.0,0.0,0.0,0.0,5363.254938614736,5890.315269293028,0.0,556.1754568726006,0.0,5381.075030333175,5881.6329415185155,0.0,572.004265103261,0.0,572.004265103261
2025-07-15,3,4351.78,2025-07-15T00:30:00,2025-07-15T00:20:00,00:30:00,197,D,0.0,00:30:00,197,D,0.483,00:30:00,197,D,0.4269,725.2966666666666,0.0,4351.78,725.2966666666666,2025-07-15T00:30:00,2025-07-15 00:00:00,2025-07-15 00:00:00,2025-07-15T00:30:00,2025-07-15T00:30:00,0.4269,823.8365786753383,0.0,1306.4763483564782,1,profile_incumbent,61.634024429862905,581.1796816898116,0.0,0.0,0.0,0.0,0.0,5890.315269293028,6413.376982813858,0.0,482.6397696811399,0.0,5881.6329415185155,6316.008734231542,0.0,557.7347531133805,0.0,557.7347531133805
2025-07-15,4,4759.5855,2025-07-15T00:40:00,2025-07-15T00:30:00,00:40:00,197,E,0.0,00:40:00,197,E,0.5829,00:40:00,197,E,0.4272,793.2642500000001,0.0,4759.5855,793.2642500000001,2025-07-15T00:40:00,2025-07-15 00:00:00,2025-07-15 00:00:00,2025-07-15T00:40:00,2025-07-15T00:40:00,0.4272,826.9512405540124,0.0,1309.9763949019928,1,profile_incumbent,61.634024429862905,516.7121449019927,0.0,0.0,0.0,0.0,0.0,6413.376982813858,6878.417913225652,0.0,483.02515434798033,0.0,6316.008734231542,6750.731373144724,0.0,559.6219159021314,0.0,559.6219159021314
2025-07-15,5,4828.3512,2025-07-15T00:50:00,2025-07-15T00:40:00,00:50:00,197,F,0.0,00:50:00,197,F,0.5824,00:50:00,197,F,0.4271,804.7252,0.0,4828.3512,804.7252,2025-07-15T00:50:00,2025-07-15 00:00:00,2025-07-15 00:00:00,2025-07-15T00:50:00,2025-07-15T00:50:00,0.4271,802.0423015103335,0.0,1274.408441153366,1,profile_incumbent,61.634024429862905,469.6832411533661,0.0,0.0,0.0,0.0,0.0,6878.417913225652,7301.132830263682,0.0,472.3661396430326,0.0,6750.731373144724,7175.860898823454,0.0,544.2998452166026,0.0,544.2998452166026
2025-07-15,6,4404.26,2025-07-15T01:00:00,2025-07-15T00:50:00,01:00:00,197,G,0.0,01:00:00,197,G,0.4889,01:00:00,197,G,0.4285,734.0433333333334,0.0,4404.26,734.0433333333334,2025-07-15T01:00:00,2025-07-15 00:00:00,2025-07-15 00:00:00,2025-07-15T01:00:00,2025-07-15T01:00:00,0.4285,784.4167251233131,0.0,1123.8584528403512,1,profile_incumbent,61.634024429862905,389.8151195070178,0.0,0.0,0.0,0.0,0.0,7301.132830263682,7651.966437819998,0.0,339.44172771703813,0.0,7175.860898823454,7481.358453768788,0.0,481.57334704209046,0.0,481.57334704209046
2025-07-15,7,4314.3756,2025-07-15T01:10:00,2025-07-15T01:00:00,01:10:00,197,H,0.0,01:10:00,197,H,0.5371,01:10:00,197,H,0.4311,719.0626000000001,0.0,4314.3756,719.0626000000001,2025-07-15T01:10:00,2025-07-15 00:00:00,2025-07-15 00:00:00,2025-07-15T01:10:00,2025-07-15T01:10:00,0.4311,805.495090374141,0.0,1007.5781385735072,1,profile_incumbent,60.10709198272169,288.5155385735071,0.0,0.0,0.0,0.0,0.0,7651.966437819998,7911.630422536155,0.0,202.0830481993662,0.0,7481.358453768788,7663.233197148218,0.0,434.36693553903893,0.0,434.36693553903893
2025-07-15,8,4468.0542,2025-07-15T01:20:00,2025-07-15T01:10:00,01:20:00,197,I,0.0,01:20:00,197,I,0.5726,01:20:00,197,I,0.4302,744.6756999999999,0.0,4468.0542,744.6756999999999,2025-07-15T01:20:00,2025-07-15 00:00:00,2025-07-15 00:00:00,2025-07-15T01:20:00,2025-07-15T01:20:00,0.4302,801.9945892677034,0.0,961.4546904016408,1,profile_incumbent,60.10709198272169,216.77899040164095,0.0,0.0,0.0,0.0,0.0,7911.630422536155,8106.731513897632,0.0,159.46010113393743,0.0,7663.233197148218,7806.747288168762,0.0,413.6178078107859,0.0,413.6178078107859
2025-07-15,9,4564.52,2025-07-15T01:30:00,2025-07-15T01:20:00,01:30:00,197,J,0.0,01:30:00,197,J,0.5405,01:30:00,197,J,0.4279,760.7533333333334,0.0,4564.52,760.7533333333334,2025-07-15T01:30:00,2025-07-15 00:00:00,2025-07-15 00:00:00,2025-07-15T01:30:00,2025-07-15T01:30:00,0.4279,780.8130559997161,0.0,1200.3482917171748,1,profile_incumbent,60.10709198272169,439.59495838384134,0.0,0.0,0.0,0.0,0.0,8106.731513897632,8502.366976443089,0.0,419.5352357174587,0.0,7806.747288168762,8184.329000314475,0.0,513.6290340257791,0.0,513.6290340257791
2025-07-15,10,4453.0242,2025-07-15T01:40:00,2025-07-15T01:30:00,01:40:00,197,K,0.0,01:40:00,197,K,0.5458,01:40:00,197,K,0.4312,742.1707,0.0,4453.0242,742.1707,2025-07-15T01:40:00,2025-07-15 00:00:00,2025-07-15 00:00:00,2025-07-15T01:40:00,2025-07-15T01:40:00,0.4312,807.0429461558601,0.0,966.143041658084,1,profile_incumbent,60.10709198272169,223.97234165808402,0.0,0.0,0.0,0.0,0.0,8502.366976443089,8703.942083935364,0.0,159.1000955022239,0.0,8184.329000314475,8327.519086266477,0.0,416.6008795629659,0.0,416.6008795629659
2025-07-15,11,4436.113,2025-07-15T01:50:00,2025-07-15T01:40:00,01:50:00,197,L,0.0,01:50:00,197,L,0.5377,01:50:00,197,L,0.4333,739.3521666666667,0.0,4436.113,739.3521666666667,2025-07-15T01:50:00,2025-07-15 00:00:00,2025-07-15 00:00:00,2025-07-15T01:50:00,2025-07-15T01:50:00,0.4333,806.6361056874806,0.0,956.5609514659146,1,profile_incumbent,60.10709198272169,217.20878479924795,0.0,0.0,0.0,0.0,0.0,8703.942083935364,8899.429990254688,0.0,149.92484577843402,0.0,8327.519086266477,8462.451447467067,0.0,414.4778602701808,0.0,414.4778602701808
2025-07-15,12,4555.8,2025-07-15T02:00:00,2025-07-15T01:50:00,02:00:00,197,M,0.0,02:00:00,197,M,0.5009,02:00:00,197,M,0.4311,759.3000000000001,0.0,4555.8,759.3000000000001,2025-07-15T02:00:00,2025-07-15 00:00:00,2025-07-15 00:00:00,2025-07-15T02:00:00,2025-07-15T02:00:00,0.4311,770.3343144295162,0.0,892.6275439097165,1,profile_incumbent,60.10709198272169,133.32754390971638,0.0,0.0,0.0,0.0,0.0,8899.429990254688,9019.424779773433,0.0,122.29322948020024,0.0,8462.451447467067,8572.515353999246,0.0,384.8117341794787,0.0,384.8117341794787
2025-07-15,13,4581.0533,2025-07-15T02:10:00,2025-07-15T02:00:00,02:10:00,197,N,0.0,02:10:00,197,N,0.4944,02:10:00,197,N,0.4293,763.5088833333333,0.0,4581.0533,763.5088833333333,2025-07-15T02:10:00,2025-07-15 00:00:00,2025-07-15 00:00:00,2025-07-15T02:10:00,2025-07-15T02:10:00,0.4293,763.6272833636226,0.0,895.9904023753928,1,profile_incumbent,65.0658379248047,132.48151904205952,0.0,0.0,0.0,0.0,0.0,9019.424779773433,9138.658146911286,0.0,132.3631190117702,0.0,8572.515353999246,8691.64216110984,0.0,384.6486797397562,0.0,384.6486797397562
2025-07-15,14,4665.9807,2025-07-15T02:20:00,2025-07-15T02:10:00,02:20:00,197,O,0.0,02:20:00,197,O,0.5586,02:20:00,197,O,0.4324,777.66345,0.0,4665.9807,777.66345,2025-07-15T02:20:00,2025-07-15 00:00:00,2025-07-15 00:00:00,2025-07-15T02:20:00,2025-07-15T02:20:00,0.4324,750.8522598427344,0.0,899.6574669816165,1,profile_incumbent,65.0658379248047,121.99401698161648,0.0,0.0,0.0,0.0,0.0,9138.658146911286,9248.452762194742,0.0,148.8052071388821,0.0,8691.64216110984,8825.566847534834,0.0,389.011888722851,0.0,389.011888722851
2025-07-15,15,4685.88,2025-07-15T02:30:00,2025-07-15T02:20:00,02:30:00,197,P,0.0,02:30:00,197,P,0.6131,02:30:00,197,P,0.4367,780.98,0.0,4685.88,780.98,2025-07-15T02:30:00,2025-07-15 00:00:00,2025-07-15 00:00:00,2025-07-15T02:30:00,2025-07-15T02:30:00,0.4367,722.0874092211241,0.0,836.6035066553968,1,profile_incumbent,65.0658379248047,55.623506655396795,0.0,0.0,0.0,0.0,0.0,9248.452762194742,9298.513918184599,0.0,114.51609743427275,0.0,8825.566847534834,8928.63133522568,0.0,365.3447513564118,0.0,365.3447513564118
2025-07-15,16,4348.6403,2025-07-15T02:40:00,2025-07-15T02:30:00,02:40:00,197,Q,0.0,02:40:00,197,Q,0.5336,02:40:00,197,Q,0.4348,724.7733833333333,0.0,4348.6403,724.7733833333333,2025-07-15T02:40:00,2025-07-15 00:00:00,2025-07-15 00:00:00,2025-07-15T02:40:00,2025-07-15T02:40:00,0.4348,718.7088387373996,0.0,855.323019427175,1,profile_incumbent,65.0658379248047,130.54963609384174,0.0,0.0,0.0,0.0,0.0,9298.513918184599,9416.008590669057,0.0,136.61418068977548,0.0,8928.63133522568,9051.584097846478,0.0,371.89444884693575,0.0,371.89444884693575
2025-07-15,17,4183.1133,2025-07-15T02:50:00,2025-07-15T02:40:00,02:50:00,197,R,0.0,02:50:00,197,R,0.4736,02:50:00,197,R,0.4335,697.18555,0.0,4183.1133,697.18555,2025-07-15T02:50:00,2025-07-15 00:00:00,2025-07-15 00:00:00,2025-07-15T02:50:00,2025-07-15T02:50:00,0.4335,774.5142429327366,0.0,920.4504999494975,1,profile_incumbent,65.0658379248047,223.26494994949746,0.0,0.0,0.0,0.0,0.0,9416.008590669057,9616.947045623605,0.0,145.93625701676092,0.0,9051.584097846478,9182.926729161563,0.0,399.0152917281072,0.0,399.0152917281072
2025-07-15,18,4331.48,2025-07-15T03:00:00,2025-07-15T02:50:00,03:00:00,197,S,0.0,03:00:00,197,S,0.4942,03:00:00,197,S,0.4357,721.9133333333333,0.0,4331.48,721.9133333333333,2025-07-15T03:00:00,2025-07-15 00:00:00,2025-07-15 00:00:00,2025-07-15T03:00:00,2025-07-15T03:00:00,0.4357,824.5638872267247,0.0,930.101858709384,1,profile_incumbent,65.0658379248047,208.18852537605073,0.0,0.0,0.0,0.0,0.0,9616.947045623605,9804.31671846205,0.0,105.53797148265937,0.0,9182.926729161563,9277.910903495957,0.0,405.2453798396786,0.0,405.2453798396786
2025-07-15,19,4448.317,2025-07-15T03:10:00,2025-07-15T03:00:00,03:10:00,197,T,0.0,03:10:00,197,T,0.5144,03:10:00,197,T,0.4374,741.3861666666667,0.0,4448.317,741.3861666666667,2025-07-15T03:10:00,2025-07-15 00:00:00,2025-07-15 00:00:00,2025-07-15T03:10:00,2025-07-15T03:10:00,0.4374,766.4574867932429,0.0,891.1165740141452,1,profile_incumbent,61.01284760849507,149.7304073474785,0.0,0.0,0.0,0.0,0.0,9804.31671846205,9939.07408507478,0.0,124.65908722090228,0.0,9277.910903495957,9390.104081994768,0.0,389.7743894737871,0.0,389.7743894737871
2025-07-15,20,4607.0311,2025-07-15T03:20:00,2025-07-15T03:10:00,03:20:00,197,U,0.0,03:20:00,197,U,0.5325,03:20:00,197,U,0.4371,767.8385166666667,0.0,4607.0311,767.8385166666667,2025-07-15T03:20:00,2025-07-15 00:00:00,2025-07-15 00:00:00,2025-07-15T03:20:00,2025-07-15T03:20:00,0.4371,726.5658064730294,0.0,845.3855678412014,1,profile_incumbent,61.01284760849507,77.54705117453466,0.0,0.0,0.0,0.0,0.0,9939.07408507478,10008.866431131863,0.0,118.81976136817195,0.0,9390.104081994768,9497.041867226124,0.0,369.5180317033891,0.0,369.5180317033891
2025-07-15,21,4649.58,2025-07-15T03:30:00,2025-07-15T03:20:00,03:30:00,197,V,0.0,03:30:00,197,V,0.5301,03:30:00,197,V,0.4356,774.93,0.0,4649.58,774.93,2025-07-15T03:30:00,2025-07-15 00:00:00,2025-07-15 00:00:00,2025-07-15T03:30:00,2025-07-15T03:30:00,0.4356,742.3948225625302,0.0,857.2546295565702,1,profile_incumbent,61.01284760849507,82.32462955657024,0.0,0.0,0.0,0.0,0.0,10008.866431131863,10082.958597732775,0.0,114.85980699404001,0.0,9497.041867226124,9600.41569352076,0.0,373.420116634842,0.0,373.420116634842
2025-07-15,22,4303.1435,2025-07-15T03:40:00,2025-07-15T03:30:00,03:40:00,197,W,0.0123,03:40:00,197,W,0.4819,03:40:00,197,W,0.4353,717.1905833333334,0.00205,4303.1312,717.1885333333333,2025-07-15T03:40:00,2025-07-15 00:00:00,2025-07-15 00:00:00,2025-07-15T03:40:00,2025-07-15T03:40:00,0.4353,733.3164646425925,0.0,852.6525309618994,1,profile_incumbent,61.01284760849507,135.46399762856606,0.0,0.0,0.0,0.0,0.0,10082.958597732775,10204.876195598485,0.0,119.33606631930695,0.0,9600.41569352076,9707.818153208136,0.0,371.1596467277148,0.0,371.1596467277148
2025-07-15,23,4170.9145,2025-07-15T03:50:00,2025-07-15T03:40:00,03:50:00,197,X,0.0,03:50:00,197,X,0.4805,03:50:00,197,X,0.436,695.1524166666667,0.0,4170.9145,695.1524166666667,2025-07-15T03:50:00,2025-07-15 00:00:00,2025-07-15 00:00:00,2025-07-15T03:50:00,2025-07-15T03:50:00,0.436,731.662104500925,0.0,848.1356374753881,1,profile_incumbent,61.01284760849507,152.9832208087214,0.0,0.0,0.0,0.0,0.0,10204.876195598485,10342.561094326335,0.0,116.47353297446307,0.0,9707.818153208136,9812.644332885153,0.0,369.7871379392692,0.0,369.7871379392692
2025-07-15,24,4266.59,2025-07-15T04:00:00,2025-07-15T03:50:00,04:00:00,197,Y,0.0,04:00:00,197,Y,0.5147,04:00:00,197,Y,0.4378,711.0983333333334,0.0,4266.59,711.0983333333334,2025-07-15T04:00:00,2025-07-15 00:00:00,2025-07-15 00:00:00,2025-07-15T04:00:00,2025-07-15T04:00:00,0.4378,732.1352778926137,0.0,852.4084425329048,1,profile_incumbent,61.01284760849507,141.31010919957146,0.0,0.0,0.0,0.0,0.0,10342.561094326335,10469.740192605948,0.0,120.27316464029116,0.0,9812.644332885153,9920.890181061415,0.0,373.18441614090574,0.0,373.18441614090574
2025-07-15,25,4043.6111,2025-07-15T04:10:00,2025-07-15T04:00:00,04:10:00,197,Z,0.1716,04:10:00,197,Z,0.486,04:10:00,197,Z,0.4401,673.9351833333334,0.0286,4043.4395,673.9065833333334,2025-07-15T04:10:00,2025-07-15 00:00:00,2025-07-15 00:00:00,2025-07-15T04:10:00,2025-07-15T04:10:00,0.4401,692.5532555861621,0.0,795.6945678869276,1,profile_incumbent,87.93171045225684,121.78798455359424,0.0,0.0,0.0,0.0,0.0,10469.740192605948,10579.349378704183,0.0,103.14131230076555,0.0,9920.890181061415,10013.717362132104,0.0,350.18517932703685,0.0,350.18517932703685
2025-07-15,26,3941.8851,2025-07-15T04:20:00,2025-07-15T04:10:00,04:20:00,197,AA,0.0,04:20:00,197,AA,0.4751,04:20:00,197,AA,0.4389,656.98085,0.0,3941.8851,656.98085,2025-07-15T04:20:00,2025-07-15 00:00:00,2025-07-15 00:00:00,2025-07-15T04:20:00,2025-07-15T04:20:00,0.4389,688.4984553510644,0.0,809.1983240359068,1,profile_incumbent,87.93171045225684,152.21747403590678,0.0,0.0,0.0,0.0,0.0,10579.349378704183,10716.345105336499,0.0,120.69986868484239,0.0,10013.717362132104,10122.347243948461,0.0,355.1571444193595,0.0,355.1571444193595
2025-07-15,27,4166.1,2025-07-15T04:30:00,2025-07-15T04:20:00,04:30:00,197,AB,0.0,04:30:00,197,AB,0.5023,04:30:00,197,AB,0.4364,694.35,0.0,4166.1,694.35,2025-07-15T04:30:00,2025-07-15 00:00:00,2025-07-15 00:00:00,2025-07-15T04:30:00,2025-07-15T04:30:00,0.4364,720.4593411296348,6.1975182508077165,819.0809673381603,1,profile_incumbent,87.93171045225684,92.94988295944576,0.0,0.0,31.781084378714567,31.781084378714567,0.0,10716.345105336499,10800.0,0.0,104.81914445933319,0.0,10122.347243948461,10216.684473961861,0.0,357.44693414637317,0.0,357.44693414637317
2025-07-15,28,4378.2772,2025-07-15T04:40:00,2025-07-15T04:30:00,04:40:00,197,AC,2.3906,04:40:00,197,AC,0.4993,04:40:00,197,AC,0.4393,729.7128666666667,0.39843333333333336,4375.886600000001,729.3144333333335,2025-07-15T04:40:00,2025-07-15 00:00:00,2025-07-15 00:00:00,2025-07-15T04:40:00,2025-07-15T04:40:00,0.4393,716.8139663545695,20.738056188577186,807.6838570049067,1,profile_incumbent,87.93171045225684,0.0,0.0,0.0,78.36942367157326,78.36942367157326,0.0,10800.0,10800.0,0.0,111.60794683891436,0.0,10216.684473961861,10317.131626116883,0.0,354.81551838225556,0.0,354.81551838225556
2025-07-15,29,4072.721,2025-07-15T04:50:00,2025-07-15T04:40:00,04:50:00,197,AD,0.0,04:50:00,197,AD,0.4707,04:50:00,197,AD,0.4422,678.7868333333333,0.0,4072.721,678.7868333333333,2025-07-15T04:50:00,2025-07-15 00:00:00,2025-07-15 00:00:00,2025-07-15T04:50:00,2025-07-15T04:50:00,0.4422,734.3230751078315,37.22666027205301,823.0272069686288,1,profile_incumbent,87.93171045225684,0.0,0.0,0.0,144.24037363529544,144.24037363529544,0.0,10800.0,10800.0,0.0,125.93079213285023,0.0,10317.131626116883,10430.469339036448,0.0,363.9426309215276,0.0,363.9426309215276
2025-07-15,30,3614.92,2025-07-15T05:00:00,2025-07-15T04:50:00,05:00:00,197,AE,0.0,05:00:00,197,AE,0.4591,05:00:00,197,AE,0.4395,602.4866666666667,0.0,3614.92,602.4866666666667,2025-07-15T05:00:00,2025-07-15 00:00:00,2025-07-15 00:00:00,2025-07-15T05:00:00,2025-07-15T05:00:00,0.4395,765.5575557764688,55.689931432112395,863.4544654735074,1,profile_incumbent,87.93171045225684,0.0,0.0,0.0,260.96779880684073,260.96779880684073,0.0,10800.0,10800.0,0.0,153.58684112915103,0.0,10430.469339036448,10568.697496052684,0.0,379.4882375756065,0.0,379.4882375756065
2025-07-15,31,3885.3372,2025-07-15T05:10:00,2025-07-15T05:00:00,05:10:00,197,AF,76.3859,05:10:00,197,AF,0.4938,05:10:00,197,AF,0.4333,647.5562,12.730983333333334,3808.9512999999997,634.8252166666666,2025-07-15T05:10:00,2025-07-15 00:00:00,2025-07-15 00:00:00,2025-07-15T05:10:00,2025-07-15T05:10:00,0.4333,739.6896949647548,76.1412009212289,785.2490696163258,1,profile_incumbent,70.67490536661771,0.0,0.0,0.0,150.42385294965914,150.42385294965914,0.0,10800.0,10800.0,0.0,121.70057557279983,0.0,10568.697496052684,10678.228014068203,0.0,340.24842186475394,0.0,340.24842186475394
2025-07-15,32,4217.863,2025-07-15T05:20:00,2025-07-15T05:10:00,05:20:00,197,AG,233.4197,05:20:00,197,AG,0.4806,05:20:00,197,AG,0.4439,702.9771666666667,38.903283333333334,3984.4433000000004,664.0738833333334,2025-07-15T05:20:00,2025-07-15 00:00:00,2025-07-15 00:00:00,2025-07-15T05:20:00,2025-07-15T05:20:00,0.4439,718.6006324357603,98.58039370562965,719.298333771085,1,profile_incumbent,70.67490536661771,0.0,0.0,0.0,55.22445043775167,55.22445043775167,0.0,10800.0,10800.0,0.0,99.27809504095433,0.0,10678.228014068203,10767.578299605062,0.0,319.29653036098466,0.0,319.29653036098466
2025-07-15,33,4105.12,2025-07-15T05:30:00,2025-07-15T05:20:00,05:30:00,197,AH,430.725,05:30:00,197,AH,0.3946,05:30:00,197,AH,0.4301,684.1866666666666,71.78750000000001,3674.395,612.3991666666666,2025-07-15T05:30:00,2025-07-15 00:00:00,2025-07-15 00:00:00,2025-07-15T05:30:00,2025-07-15T05:30:00,0.4301,719.560790066343,122.99399087760098,754.4657670317732,1,profile_incumbent,70.67490536661771,0.0,0.0,0.0,142.06660036510664,142.06660036510664,0.0,10800.0,10800.0,0.0,36.02411154993105,0.0,10767.578299605062,10800.0,121.87485629310014,324.49572640036564,0.0,324.49572640036564
2025-07-15,34,3788.0239,2025-07-15T05:40:00,2025-07-15T05:30:00,05:40:00,197,AI,616.1422,05:40:00,197,AI,0.3419,05:40:00,197,AI,0.3713,631.3373166666667,102.69036666666666,3171.8817,528.64695,2025-07-15T05:40:00,2025-07-15 00:00:00,2025-07-15 00:00:00,2025-07-15T05:40:00,2025-07-15T05:40:00,0.3713,710.8517522153605,149.3550874145543,1419.2630956108244,1,profile_incumbent,70.67490536661771,0.0,0.0,0.0,890.6161456108244,890.6161456108244,0.0,10800.0,10800.0,0.0,0.0,0.0,10800.0,10800.0,857.766430810018,526.9723874002991,0.0,526.9723874002991
2025-07-15,35,4221.325,2025-07-15T05:50:00,2025-07-15T05:40:00,05:50:00,197,AJ,841.5106,05:50:00,197,AJ,0.5366,05:50:00,197,AJ,0.5708,703.5541666666667,140.25176666666667,3379.8143999999998,563.3024,2025-07-15T05:50:00,2025-07-15 00:00:00,2025-07-15 00:00:00,2025-07-15T05:50:00,2025-07-15T05:50:00,0.5708,774.1973786940187,177.6235409403536,654.3543404294755,1,profile_incumbent,70.67490536661771,0.0,0.0,0.0,91.05194042947551,91.05194042947551,0.0,10800.0,10800.0,0.0,0.0,0.0,10800.0,10800.0,57.78050267581045,373.50545751714463,0.0,373.50545751714463
2025-07-15,36,5214.12,2025-07-15T06:00:00,2025-07-15T05:50:00,06:00:00,197,AK,1089.5625,06:00:00,197,AK,0.8635,06:00:00,197,AK,0.9099,869.02,181.59375,4124.5575,687.42625,2025-07-15T06:00:00,2025-07-15 00:00:00,2025-07-15 00:00:00,2025-07-15T06:00:00,2025-07-15T06:00:00,0.9099,883.1935081101587,207.746206583494,0.0,1,profile_incumbent,70.67490536661771,0.0,687.42625,0.0,0.0,0.0,0.0,10800.0,10036.193055555555,0.0,0.0,675.4473015266648,10800.0,10049.502998303706,0.0,0.0,0.0,0.0
2025-07-15,37,5560.2187,2025-07-15T06:10:00,2025-07-15T06:00:00,06:10:00,197,AL,1277.5808,06:10:00,197,AL,0.9642,06:10:00,197,AL,0.9368,926.7031166666667,212.93013333333332,4282.637900000001,713.7729833333334,2025-07-15T06:10:00,2025-07-15 00:00:00,2025-07-15 00:00:00,2025-07-15T06:10:00,2025-07-15T06:10:00,0.9368,911.3262125211257,239.6572525780003,0.0,1,profile_incumbent,34.14144772922944,0.0,713.7729833333334,0.0,0.0,0.0,0.0,10036.193055555555,9243.111962962963,0.0,0.0,671.6689599431254,10049.502998303706,9303.204153922456,0.0,0.0,0.0,0.0
2025-07-15,38,5274.6583,2025-07-15T06:20:00,2025-07-15T06:10:00,06:20:00,197,AM,1443.1379,06:20:00,197,AM,0.9275,06:20:00,197,AM,0.8758,879.1097166666667,240.52298333333331,3831.5204000000003,638.5867333333334,2025-07-15T06:20:00,2025-07-15 00:00:00,2025-07-15 00:00:00,2025-07-15T06:20:00,2025-07-15T06:20:00,0.8758,881.3236434736887,273.2785509163007,0.0,1,profile_incumbent,34.14144772922944,0.0,638.5867333333334,0.0,0.0,0.0,0.0,9243.111962962963,8533.571148148148,0.0,0.0,608.045092557388,9303.204153922456,8627.598495525357,0.0,0.0,0.0,0.0
2025-07-15,39,4927.46,2025-07-15T06:30:00,2025-07-15T06:20:00,06:30:00,197,AN,1653.8625,06:30:00,197,AN,0.8932,06:30:00,197,AN,0.8759,821.2433333333333,275.64375,3273.5975,545.5995833333334,2025-07-15T06:30:00,2025-07-15 00:00:00,2025-07-15 00:00:00,2025-07-15T06:30:00,2025-07-15T06:30:00,0.8759,860.6525418535387,308.5201371366068,0.0,1,profile_incumbent,34.14144772922944,0.0,545.5995833333334,0.0,0.0,0.0,0.0,8533.571148148148,7927.349388888889,0.0,0.0,552.1324047169319,8627.598495525357,8014.118045839878,0.0,0.0,0.0,0.0
2025-07-15,40,5053.3937,2025-07-15T06:40:00,2025-07-15T06:30:00,06:40:00,197,AO,1956.4935,06:40:00,197,AO,0.9013,06:40:00,197,AO,0.8601,842.2322833333333,326.08225,3096.9001999999996,516.1500333333333,2025-07-15T06:40:00,2025-07-15 00:00:00,2025-07-15 00:00:00,2025-07-15T06:40:00,2025-07-15T06:40:00,0.8601,892.0301724715817,345.28073320630557,0.0,1,profile_incumbent,34.14144772922944,0.0,516.1500333333333,0.0,0.0,0.0,0.0,7927.349388888889,7353.849351851852,0.0,0.0,546.7494392652761,8014.118045839878,7406.61866887846,0.0,0.0,0.0,0.0
2025-07-15,41,5136.4851,2025-07-15T06:50:00,2025-07-15T06:40:00,06:50:00,197,AP,2318.0737,06:50:00,197,AP,0.857,06:50:00,197,AP,0.8442,856.0808499999999,386.3456166666667,2818.4114,469.73523333333327,2025-07-15T06:50:00,2025-07-15 00:00:00,2025-07-15 00:00:00,2025-07-15T06:50:00,2025-07-15T06:50:00,0.8442,899.5703538965454,383.4483274414934,0.006558013529132059,1,profile_incumbent,34.14144772922944,0.0,469.72867531980415,0.0,0.0,0.0,0.0,7353.849351851852,6831.928601496514,0.0,0.0,516.1154684415228,7406.61866887846,6833.157037276768,0.0,0.005536275021293284,0.0,0.005536275021293284
2025-07-15,42,5101.46,2025-07-15T07:00:00,2025-07-15T06:50:00,07:00:00,197,AQ,2676.675,07:00:00,197,AQ,0.7807,07:00:00,197,AQ,0.8334,850.2433333333333,446.1125,2424.785,404.1308333333333,2025-07-15T07:00:00,2025-07-15 00:00:00,2025-07-15 00:00:00,2025-07-15T07:00:00,2025-07-15T07:00:00,0.8334,870.2543325576189,422.90080547331263,205.63500484286595,1,profile_incumbent,34.14144772922944,0.0,198.49582849046737,0.0,0.0,0.0,0.0,6831.928601496514,6611.37768095155,0.0,0.0,241.71852224144027,6833.157037276768,6564.580901452946,0.0,171.3762130360445,0.0,171.3762130360445
2025-07-15,43,5350.7316,2025-07-15T07:10:00,2025-07-15T07:00:00,07:10:00,197,AR,3002.2099,07:10:00,197,AR,0.7847,07:10:00,197,AR,0.8092,891.7886,500.36831666666666,2348.5217000000002,391.4202833333333,2025-07-15T07:10:00,2025-07-15 00:00:00,2025-07-15 00:00:00,2025-07-15T07:10:00,2025-07-15T07:10:00,0.8092,868.7677982202878,463.50662642493893,377.5270789668579,1,profile_incumbent,17.540765027828602,0.0,13.893204366475402,0.0,0.0,0.0,0.0,6611.37768095155,6595.940787211022,0.0,0.0,27.73409282849093,6564.580901452946,6533.765242754623,0.0,305.4949122999814,0.0,305.4949122999814
2025-07-15,44,5397.6215,2025-07-15T07:20:00,2025-07-15T07:10:00,07:20:00,197,AS,3420.1876,07:20:00,197,AS,0.7621,07:20:00,197,AS,0.7972,899.6035833333334,570.0312666666667,1977.4339,329.57231666666667,2025-07-15T07:20:00,2025-07-15 00:00:00,2025-07-15 00:00:00,2025-07-15T07:20:00,2025-07-15T07:20:00,0.7972,898.6741450216495,505.125538688396,377.9460650468167,1,profile_incumbent,17.540765027828602,48.373748380150005,0.0,0.0,0.0,0.0,0.0,6595.940787211022,6639.4771607531575,0.0,0.0,15.602541286436804,6533.765242754623,6516.429085769693,0.0,301.2986030553223,0.0,301.2986030553223
2025-07-15,45,5072.46,2025-07-15T07:30:00,2025-07-15T07:20:00,07:30:00,197,AT,3913.05,07:30:00,197,AT,0.6595,07:30:00,197,AT,0.7644,845.41,652.1750000000001,1159.4099999999999,193.2349999999999,2025-07-15T07:30:00,2025-07-15 00:00:00,2025-07-15 00:00:00,2025-07-15T07:30:00,2025-07-15T07:30:00,0.7644,910.6795902173618,547.6093299762964,391.50421088247464,1,profile_incumbent,17.540765027828602,198.2692108824748,0.0,0.0,0.0,0.0,0.0,6639.4771607531575,6817.919450547385,0.0,28.433950641409297,0.0,6516.429085769693,6542.019641346962,0.0,299.2658187985636,0.0,299.2658187985636
2025-07-15,46,4894.8263,2025-07-15T07:40:00,2025-07-15T07:30:00,07:40:00,197,AU,4319.3099,07:40:00,197,AU,0.5848,07:40:00,197,AU,0.6899,815.8043833333332,719.8849833333334,575.5163999999995,95.91939999999988,2025-07-15T07:40:00,2025-07-15 00:00:00,2025-07-15 00:00:00,2025-07-15T07:40:00,2025-07-15T07:40:00,0.6899,873.5064351236155,590.8026066577312,364.32417415209056,1,profile_incumbent,17.540765027828602,268.4047741520907,0.0,0.0,0.0,0.0,0.0,6817.919450547385,7059.483747284266,0.0,81.62034568620629,0.0,6542.019641346962,6615.477952464547,0.0,251.34724774752726,0.0,251.34724774752726
2025-07-15,47,5869.675,2025-07-15T07:50:00,2025-07-15T07:40:00,07:50:00,197,AV,4627.0599,07:50:00,197,AV,0.8242,07:50:00,197,AV,0.86,978.2791666666667,771.17665,1242.6151,207.1025166666667,2025-07-15T07:50:00,2025-07-15 00:00:00,2025-07-15 00:00:00,2025-07-15T07:50:00,2025-07-15T07:50:00,0.86,962.3056527557067,634.5435977570723,0.0,1,profile_incumbent,17.540765027828602,0.0,207.1025166666667,0.0,0.0,0.0,0.0,7059.483747284266,6829.369839876859,0.0,0.0,327.7620549986343,6615.477952464547,6251.297891354954,0.0,0.0,0.0,0.0
2025-07-15,48,7218.55,2025-07-15T08:00:00,2025-07-15T07:50:00,08:00:00,197,AW,4796.2125,08:00:00,197,AW,1.183,08:00:00,197,AW,1.1617,1203.0916666666667,799.36875,2422.3375000000005,403.7229166666667,2025-07-15T08:00:00,2025-07-15 00:00:00,2025-07-15 00:00:00,2025-07-15T08:00:00,2025-07-15T08:00:00,1.1617,1134.1426656699646,678.6649793862473,0.0,1,profile_incumbent,17.540765027828602,0.0,403.7229166666667,0.0,0.0,0.0,0.0,6829.369839876859,6380.788821358341,0.0,0.0,455.4776862837173,6251.297891354954,5745.211573261935,0.0,0.0,0.0,0.0
2025-07-15,49,7047.8685,2025-07-15T08:10:00,2025-07-15T08:00:00,08:10:00,197,AX,4808.353,08:10:00,197,AX,1.1545,08:10:00,197,AX,1.1683,1174.64475,801.3921666666666,2239.5154999999995,373.2525833333333,2025-07-15T08:10:00,2025-07-15 00:00:00,2025-07-15 00:00:00,2025-07-15T08:10:00,2025-07-15T08:10:00,1.1683,1161.518692821504,722.9947157820477,0.0,1,profile_incumbent,46.927775845299415,0.0,373.2525833333333,0.0,0.0,0.0,0.0,6380.788821358341,5966.063728765748,0.0,0.0,438.5239770394562,5745.211573261935,5257.962709884761,0.0,0.0,0.0,0.0
2025-07-15,50,6549.3253,2025-07-15T08:20:00,2025-07-15T08:10:00,08:20:00,197,AY,4987.0817,08:20:00,197,AY,1.0644,08:20:00,197,AY,1.0956,1091.5542166666667,831.1802833333333,1562.2436000000007,260.3739333333334,2025-07-15T08:20:00,2025-07-15 00:00:00,2025-07-15 00:00:00,2025-07-15T08:20:00,2025-07-15T08:20:00,1.0956,1153.2471758947681,767.3569135175348,0.0,1,profile_incumbent,46.927775845299415,0.0,260.3739333333334,0.0,0.0,0.0,0.0,5966.063728765748,5676.759358395378,0.0,0.0,385.8902623772333,5257.962709884761,4829.195751687836,0.0,0.0,0.0,0.0
2025-07-15,51,6587.76,2025-07-15T08:30:00,2025-07-15T08:20:00,08:30:00,197,AZ,5401.5,08:30:00,197,AZ,1.0851,08:30:00,197,AZ,1.0849,1097.96,900.25,1186.2600000000002,197.71000000000004,2025-07-15T08:30:00,2025-07-15 00:00:00,2025-07-15 00:00:00,2025-07-15T08:30:00,2025-07-15T08:30:00,1.0849,1173.0348022713724,811.5726858383179,0.0,1,profile_incumbent,46.927775845299415,0.0,197.71000000000004,0.0,0.0,0.0,0.0,5676.759358395378,5457.0815806176,0.0,0.0,361.4621164330546,4829.195751687836,4427.57117787333,0.0,0.0,0.0,0.0
2025-07-15,52,6868.3373,2025-07-15T08:40:00,2025-07-15T08:30:00,08:40:00,197,BA,5816.6076,08:40:00,197,BA,1.0707,08:40:00,197,BA,1.061,1144.7228833333334,969.4346,1051.7296999999999,175.2882833333333,2025-07-15T08:40:00,2025-07-15 00:00:00,2025-07-15 00:00:00,2025-07-15T08:40:00,2025-07-15T08:40:00,1.061,1171.1660531187003,855.4610244291698,0.0,1,profile_incumbent,46.927775845299415,0.0,175.2882833333333,0.0,0.0,0.0,0.0,5457.0815806176,5262.31682135834,0.0,0.0,315.70502868953054,4427.57117787333,4076.7878126627406,0.0,0.0,0.0,0.0
2025-07-15,53,6951.1038,2025-07-15T08:50:00,2025-07-15T08:40:00,08:50:00,197,BB,6151.5651,08:50:00,197,BB,1.0653,08:50:00,197,BB,1.043,1158.5173,1025.26085,799.5387000000001,133.2564500000001,2025-07-15T08:50:00,2025-07-15 00:00:00,2025-07-15 00:00:00,2025-07-15T08:50:00,2025-07-15T08:50:00,1.043,1171.4178609243706,898.8396762336899,0.0,1,profile_incumbent,46.927775845299415,0.0,133.2564500000001,0.0,0.0,0.0,0.0,5262.31682135834,5114.254099136118,0.0,0.0,272.5781846906807,4076.7878126627406,3773.9231630064287,0.0,0.0,0.0,0.0
2025-07-15,54,6768.53,2025-07-15T09:00:00,2025-07-15T08:50:00,09:00:00,197,BC,6540.4125,09:00:00,197,BC,1.0452,09:00:00,197,BC,1.036,1128.0883333333334,1090.0687500000001,228.11749999999938,38.01958333333323,2025-07-15T09:00:00,2025-07-15 00:00:00,2025-07-15 00:00:00,2025-07-15T09:00:00,2025-07-15T09:00:00,1.036,1184.8447253735449,941.5260232205138,0.0,1,profile_incumbent,46.927775845299415,0.0,38.01958333333323,0.0,0.0,0.0,0.0,5114.254099136118,5072.010117654637,0.0,0.0,243.31870215303104,3773.9231630064287,3503.569049503061,0.0,0.0,0.0,0.0
2025-07-15,55,6633.4731,2025-07-15T09:10:00,2025-07-15T09:00:00,09:10:00,197,BD,7119.478,09:10:00,197,BD,0.9354,09:10:00,197,BD,1.0147,1105.57885,1186.5796666666668,-486.0048999999999,-81.00081666666665,2025-07-15T09:10:00,2025-07-15 00:00:00,2025-07-15 00:00:00,2025-07-15T09:10:00,2025-07-15T09:10:00,1.0147,1191.7871787011318,983.3379632063264,0.0,1,profile_incumbent,67.2475008192135,81.00081666666665,0.0,0.0,0.0,0.0,0.0,5072.010117654637,5144.910852654637,0.0,0.0,208.44921549480534,3503.569049503061,3271.958810064388,0.0,0.0,0.0,0.0
2025-07-15,56,6777.3099,2025-07-15T09:20:00,2025-07-15T09:10:00,09:20:00,197,BE,7373.0144,09:20:00,197,BE,0.9227,09:20:00,197,BE,0.9922,1129.55165,1228.8357333333333,-595.7044999999998,-99.28408333333323,2025-07-15T09:20:00,2025-07-15 00:00:00,2025-07-15 00:00:00,2025-07-15T09:20:00,2025-07-15T09:20:00,0.9922,1181.088400369861,1024.0947900025983,0.0,1,profile_incumbent,67.2475008192135,99.28408333333323,0.0,0.0,0.0,0.0,0.0,5144.910852654637,5234.266527654637,0.0,0.0,156.9936103672626,3271.958810064388,3097.5214652118743,0.0,0.0,0.0,0.0
2025-07-15,57,7010.82,2025-07-15T09:30:00,2025-07-15T09:20:00,09:30:00,197,BF,7283.5125,09:30:00,197,BF,0.994,09:30:00,197,BF,0.97,1168.47,1213.91875,-272.6925000000001,-45.44875000000002,2025-07-15T09:30:00,2025-07-15 00:00:00,2025-07-15 00:00:00,2025-07-15T09:30:00,2025-07-15T09:30:00,0.97,1170.6269872934834,1063.6180712452683,0.0,1,profile_incumbent,67.2475008192135,45.44875000000002,0.0,0.0,0.0,0.0,0.0,5234.266527654637,5275.170402654637,0.0,0.0,107.00891604821504,3097.5214652118743,2978.6226696027466,0.0,0.0,0.0,0.0
2025-07-15,58,6917.0771,2025-07-15T09:40:00,2025-07-15T09:30:00,09:40:00,197,BG,7352.5084,09:40:00,197,BG,0.9633,09:40:00,197,BG,0.9422,1152.8461833333333,1225.4180666666666,-435.4312999999993,-72.57188333333329,2025-07-15T09:40:00,2025-07-15 00:00:00,2025-07-15 00:00:00,2025-07-15T09:40:00,2025-07-15T09:40:00,0.9422,1188.0932929329463,1101.7325222920533,0.0,1,profile_incumbent,67.2475008192135,72.57188333333329,0.0,0.0,0.0,0.0,0.0,5275.170402654637,5340.485097654637,0.0,0.0,86.36077064089295,2978.6226696027466,2882.6662577795323,0.0,0.0,0.0,0.0
2025-07-15,59,6745.8065,2025-07-15T09:50:00,2025-07-15T09:40:00,09:50:00,197,BH,7511.6937,09:50:00,197,BH,1.0082,09:50:00,197,BH,0.9569,1124.3010833333333,1251.94895,-765.8872000000001,-127.64786666666669,2025-07-15T09:50:00,2025-07-15 00:00:00,2025-07-15 00:00:00,2025-07-15T09:50:00,2025-07-15T09:50:00,0.9569,1196.5323595079553,1138.2668745300352,0.0,1,profile_incumbent,67.2475008192135,127.64786666666669,0.0,0.0,0.0,0.0,0.0,5340.485097654637,5455.368177654636,0.0,0.0,58.265484977920096,2882.6662577795323,2817.926830026288,0.0,0.0,0.0,0.0
2025-07-15,60,6781.08,2025-07-15T10:00:00,2025-07-15T09:50:00,10:00:00,197,BI,7692.9,10:00:00,197,BI,1.1432,10:00:00,197,BI,0.9977,1130.18,1282.1499999999999,-911.8199999999997,-151.9699999999998,2025-07-15T10:00:00,2025-07-15 00:00:00,2025-07-15 00:00:00,2025-07-15T10:00:00,2025-07-15T10:00:00,0.9977,1195.2283678035315,1173.054736327878,0.0,1,profile_incumbent,67.2475008192135,151.9699999999998,0.0,0.0,0.0,0.0,0.0,5455.368177654636,5592.1411776546365,0.0,0.0,22.173631475653565,2817.926830026288,2793.2894617200063,0.0,0.0,0.0,0.0
2025-07-15,61,7037.3675,2025-07-15T10:10:00,2025-07-15T10:00:00,10:10:00,197,BJ,7923.758,10:10:00,197,BJ,1.1751,10:10:00,197,BJ,0.9919,1172.8945833333335,1320.6263333333334,-886.3904999999995,-147.73174999999992,2025-07-15T10:10:00,2025-07-15 00:00:00,2025-07-15 00:00:00,2025-07-15T10:10:00,2025-07-15T10:10:00,0.9919,1214.5230789604632,1205.9354446955924,0.0,1,profile_incumbent,83.77307985692782,147.73174999999992,0.0,0.0,0.0,0.0,0.0,5592.1411776546365,5725.099752654636,0.0,0.0,8.587634264870758,2793.2894617200063,2783.74764587015,0.0,0.0,0.0,0.0
2025-07-15,62,7026.5389,2025-07-15T10:20:00,2025-07-15T10:10:00,10:20:00,197,BK,8025.4476,10:20:00,197,BK,1.1101,10:20:00,197,BK,0.9588,1171.0898166666666,1337.5746000000001,-998.9087000000009,-166.48478333333355,2025-07-15T10:20:00,2025-07-15 00:00:00,2025-07-15 00:00:00,2025-07-15T10:20:00,2025-07-15T10:20:00,0.9588,1201.4942667694636,1236.7549054849335,0.0,1,profile_incumbent,83.77307985692782,166.48478333333355,0.0,0.0,0.0,0.0,0.0,5725.099752654636,5874.936057654636,0.0,35.260638715469895,0.0,2783.74764587015,2815.482220714073,0.0,0.0,0.0,0.0
2025-07-15,63,6799.19,2025-07-15T10:30:00,2025-07-15T10:20:00,10:30:00,197,BL,7991.2875,10:30:00,197,BL,1.0859,10:30:00,197,BL,0.9549,1133.1983333333333,1331.8812500000001,-1192.0975000000008,-198.68291666666687,2025-07-15T10:30:00,2025-07-15 00:00:00,2025-07-15 00:00:00,2025-07-15T10:30:00,2025-07-15T10:30:00,0.9549,1156.3252775710887,1265.3664196819884,0.0,1,profile_incumbent,83.77307985692782,198.68291666666687,0.0,0.0,0.0,0.0,0.0,5874.936057654636,6053.750682654636,0.0,109.04114211089973,0.0,2815.482220714073,2913.6192486138825,0.0,0.0,0.0,0.0
2025-07-15,64,6876.269,2025-07-15T10:40:00,2025-07-15T10:30:00,10:40:00,197,BM,7987.8644,10:40:00,197,BM,1.1845,10:40:00,197,BM,0.9839,1146.0448333333334,1331.3107333333335,-1111.5954000000002,-185.2659000000001,2025-07-15T10:40:00,2025-07-15 00:00:00,2025-07-15 00:00:00,2025-07-15T10:40:00,2025-07-15T10:40:00,0.9839,1139.4675788258733,1291.6314930182293,0.0,1,profile_incumbent,83.77307985692782,185.2659000000001,0.0,0.0,0.0,0.0,0.0,6053.750682654636,6220.489992654636,0.0,152.16391419235606,0.0,2913.6192486138825,3050.566771387003,0.0,0.0,0.0,0.0
2025-07-15,65,7018.3447,2025-07-15T10:50:00,2025-07-15T10:40:00,10:50:00,197,BN,7981.463,10:50:00,197,BN,0.981,10:50:00,197,BN,0.799,1169.7241166666665,1330.2438333333332,-963.1183000000001,-160.51971666666668,2025-07-15T10:50:00,2025-07-15 00:00:00,2025-07-15 00:00:00,2025-07-15T10:50:00,2025-07-15T10:50:00,0.799,1153.8695871991285,1315.420625766837,0.0,1,profile_incumbent,83.77307985692782,160.51971666666668,0.0,0.0,0.0,0.0,0.0,6220.489992654636,6364.957737654636,0.0,161.55103856770847,0.0,3050.566771387003,3195.9627060979406,0.0,0.0,0.0,0.0
2025-07-15,66,7009.53,2025-07-15T11:00:00,2025-07-15T10:50:00,11:00:00,197,BO,8072.8125,11:00:00,197,BO,0.5785,11:00:00,197,BO,0.5025,1168.2549999999999,1345.46875,-1063.2825000000003,-177.21375000000012,2025-07-15T11:00:00,2025-07-15 00:00:00,2025-07-15 00:00:00,2025-07-15T11:00:00,2025-07-15T11:00:00,0.5025,1174.2578381562585,1336.614079208108,681.7300295084618,1,profile_incumbent,83.77307985692782,833.3333333333334,0.0,0.0,25.610446175128686,25.610446175128686,0.0,6364.957737654636,7114.957737654636,0.0,833.3333333333334,0.0,3195.9627060979406,3945.9627060979406,10.752937226977906,342.56933982800206,0.0,342.56933982800206
2025-07-15,67,6887.8781,2025-07-15T11:10:00,2025-07-15T11:00:00,11:10:00,197,BP,8394.6391,11:10:00,197,BP,0.5288,11:10:00,197,BP,0.4662,1147.9796833333332,1399.1065166666667,-1506.7610000000004,-251.12683333333348,2025-07-15T11:10:00,2025-07-15 00:00:00,2025-07-15 00:00:00,2025-07-15T11:10:00,2025-07-15T11:10:00,0.4662,1176.6151204032108,1355.1026148528995,708.2521197631288,1,profile_incumbent,32.87472810643999,833.3333333333334,0.0,0.0,126.04561976312868,126.04561976312868,0.0,7114.957737654636,7864.957737654636,0.0,833.3333333333334,0.0,3945.9627060979406,4695.96270609794,53.40628087948437,330.18713823357064,0.0,330.18713823357064
2025-07-15,68,6820.2997,2025-07-15T11:20:00,2025-07-15T11:10:00,11:20:00,197,BQ,8475.8418,11:20:00,197,BQ,0.5715,11:20:00,197,BQ,0.5007,1136.7166166666666,1412.6403,-1655.5421000000006,-275.92368333333343,2025-07-15T11:20:00,2025-07-15 00:00:00,2025-07-15 00:00:00,2025-07-15T11:20:00,2025-07-15T11:20:00,0.5007,1191.7006535415162,1370.7882021187404,680.5671751321211,1,profile_incumbent,32.87472810643999,833.3333333333334,0.0,0.0,123.15752513212112,123.15752513212112,0.0,7864.957737654636,8614.957737654637,0.0,833.3333333333334,0.0,4695.96270609794,5445.96270609794,26.321390376011664,340.759984588653,0.0,340.759984588653
2025-07-15,69,6930.4,2025-07-15T11:30:00,2025-07-15T11:20:00,11:30:00,197,BR,8060.175,11:30:00,197,BR,0.5561,11:30:00,197,BR,0.4827,1155.0666666666666,1343.3625,-1129.7750000000005,-188.29583333333335,2025-07-15T11:30:00,2025-07-15 00:00:00,2025-07-15 00:00:00,2025-07-15T11:30:00,2025-07-15T11:30:00,0.4827,1210.4650568395746,1383.5846897723645,708.1930389159312,1,profile_incumbent,32.87472810643999,833.3333333333334,0.0,0.0,63.15553891593129,63.15553891593129,0.0,8614.957737654637,9364.957737654637,0.0,833.3333333333334,0.0,5445.96270609794,6195.96270609794,47.97933851538767,341.84477988472,0.0,341.84477988472
2025-07-15,70,7132.2847,2025-07-15T11:40:00,2025-07-15T11:30:00,11:40:00,197,BS,7378.3285,11:40:00,197,BS,0.5985,11:40:00,197,BS,0.4785,1188.7141166666668,1229.7214166666665,-246.04379999999946,-41.00729999999976,2025-07-15T11:40:00,2025-07-15 00:00:00,2025-07-15 00:00:00,2025-07-15T11:40:00,2025-07-15T11:40:00,0.4785,1184.8676591827086,1393.418436098102,651.8752264121581,1,profile_incumbent,32.87472810643999,692.8825264121579,0.0,0.0,0.0,0.0,0.0,9364.957737654637,9988.55201142558,0.0,833.3333333333334,0.0,6195.96270609794,6945.96270609794,27.092669994218,311.9222958382176,0.0,311.9222958382176
2025-07-15,71,6837.7975,2025-07-15T11:50:00,2025-07-15T11:40:00,11:50:00,197,BT,7104.7749,11:50:00,197,BT,0.604,11:50:00,197,BT,0.4662,1139.6329166666667,1184.12915,-266.97740000000067,-44.496233333333294,2025-07-15T11:50:00,2025-07-15 00:00:00,2025-07-15 00:00:00,2025-07-15T11:50:00,2025-07-15T11:50:00,0.4662,1126.749144116805,1400.2288924368715,590.5415396413601,1,profile_incumbent,32.87472810643999,635.0377729746936,0.0,0.0,0.0,0.0,0.0,9988.55201142558,10560.086007102804,0.0,833.3333333333334,0.0,6945.96270609794,7695.96270609794,30.687954628093507,275.3104657808021,0.0,275.3104657808021
2025-07-15,72,6320.65,2025-07-15T12:00:00,2025-07-15T11:50:00,12:00:00,197,BU,7281.7125,12:00:00,197,BU,0.5701,12:00:00,197,BU,0.4432,1053.4416666666666,1213.6187499999999,-961.0625,-160.17708333333326,2025-07-15T12:00:00,2025-07-15 00:00:00,2025-07-15 00:00:00,2025-07-15T12:00:00,2025-07-15T12:00:00,0.4432,1092.241489581546,1403.9691344781952,583.6527650601583,1,profile_incumbent,32.87472810643999,266.571103219107,0.0,0.0,477.2587451743846,477.2587451743846,0.0,10560.086007102804,10800.0,0.0,833.3333333333334,0.0,7695.96270609794,8445.96270609794,62.047076623474254,258.6749054746622,0.0,258.6749054746622
2025-07-15,73,6449.7923,2025-07-15T12:10:00,2025-07-15T12:00:00,12:10:00,197,BV,7307.9244,12:10:00,197,BV,0.6003,12:10:00,197,BV,0.4411,1074.9653833333334,1217.9874,-858.1320999999998,-143.02201666666656,2025-07-15T12:10:00,2025-07-15 00:00:00,2025-07-15 00:00:00,2025-07-15T12:10:00,2025-07-15T12:10:00,0.4411,1130.7302446606905,1404.606335489855,627.6638071018097,1,profile_incumbent,21.137040630750064,0.0,0.0,0.0,770.6858237684762,627.6638071018097,143.02201666666656,10800.0,10800.0,0.0,833.3333333333334,0.0,8445.96270609794,9195.96270609794,68.20656459764075,276.8625053126082,0.0,276.8625053126082
2025-07-15,74,6565.0935,2025-07-15T12:20:00,2025-07-15T12:10:00,12:20:00,197,BW,6984.1318,12:20:00,197,BW,0.6306,12:20:00,197,BW,0.4551,1094.18225,1164.0219666666667,-419.03830000000016,-69.83971666666662,2025-07-15T12:20:00,2025-07-15 00:00:00,2025-07-15 00:00:00,2025-07-15T12:20:00,2025-07-15T12:20:00,0.4551,1154.003238860596,1402.1221755477625,656.7152488979657,1,profile_incumbent,21.137040630750064,0.0,0.0,0.0,726.5549655646323,656.7152488979657,69.83971666666662,10800.0,10800.0,0.0,833.3333333333334,0.0,9195.96270609794,9945.96270609794,71.50085225179885,298.8711097734642,0.0,298.8711097734642
2025-07-15,75,6443.29,2025-07-15T12:30:00,2025-07-15T12:20:00,12:30:00,197,BX,6649.425,12:30:00,197,BX,0.598,12:30:00,197,BX,0.4463,1073.8816666666667,1108.2375,-206.13500000000022,-34.355833333333294,2025-07-15T12:30:00,2025-07-15 00:00:00,2025-07-15 00:00:00,2025-07-15T12:30:00,2025-07-15T12:30:00,0.4463,1137.2741871271573,1396.5131807925566,707.842439338553,1,profile_incumbent,21.137040630750064,0.0,0.0,0.0,742.1982726718863,707.842439338553,34.355833333333294,10800.0,10800.0,0.0,833.3333333333334,0.0,9945.96270609794,10695.96270609794,133.74809967061867,315.9100806767962,0.0,315.9100806767962
2025-07-15,76,6551.781,2025-07-15T12:40:00,2025-07-15T12:30:00,12:40:00,197,BY,6842.0164,12:40:00,197,BY,0.5392,12:40:00,197,BY,0.4113,1091.9635,1140.3360666666667,-290.2354000000005,-48.37256666666667,2025-07-15T12:40:00,2025-07-15 00:00:00,2025-07-15 00:00:00,2025-07-15T12:40:00,2025-07-15T12:40:00,0.4113,1142.9861855248491,1387.7909867980827,724.930110595007,1,profile_incumbent,21.137040630750064,0.0,0.0,0.0,773.3026772616738,724.930110595007,48.372566666666785,10800.0,10800.0,0.0,115.596993224511,0.0,10695.96270609794,10800.0,854.1379186437294,298.1637544877264,0.0,298.1637544877264
2025-07-15,77,6803.9794,2025-07-15T12:50:00,2025-07-15T12:40:00,12:50:00,197,BZ,7189.5923,12:50:00,197,BZ,0.6943,12:50:00,197,BZ,0.5682,1133.9965666666667,1198.2653833333334,-385.6129000000001,-64.26881666666668,2025-07-15T12:50:00,2025-07-15 00:00:00,2025-07-15 00:00:00,2025-07-15T12:50:00,2025-07-15T12:50:00,0.5682,1187.9287267578572,1375.9825202975676,169.47942126472967,1,profile_incumbent,21.137040630750064,0.0,0.0,0.0,233.74823793139626,169.47942126472967,64.2688166666666,10800.0,10800.0,0.0,0.0,0.0,10800.0,10800.0,357.5332148044399,96.2982071626194,0.0,96.2982071626194
2025-07-15,78,7040.36,2025-07-15T13:00:00,2025-07-15T12:50:00,13:00:00,197,CA,7361.2875,13:00:00,197,CA,0.9612,13:00:00,197,CA,0.8279,1173.3933333333332,1226.8812500000001,-320.9275000000007,-53.48791666666693,2025-07-15T13:00:00,2025-07-15 00:00:00,2025-07-15 00:00:00,2025-07-15T13:00:00,2025-07-15T13:00:00,0.8279,1230.7380411359488,1361.1300937814196,0.0,1,profile_incumbent,21.137040630750064,0.0,0.0,0.0,53.48791666666693,0.0,53.48791666666693,10800.0,10800.0,0.0,0.0,0.0,10800.0,10800.0,130.3920526454708,0.0,0.0,0.0
2025-07-15,79,7171.8745,2025-07-15T13:10:00,2025-07-15T13:00:00,13:10:00,197,CB,7332.5712,13:10:00,197,CB,0.9801,13:10:00,197,CB,0.8636,1195.3124166666666,1222.0952,-160.69670000000042,-26.782783333333327,2025-07-15T13:10:00,2025-07-15 00:00:00,2025-07-15 00:00:00,2025-07-15T13:10:00,2025-07-15T13:10:00,0.8636,1212.6570063315721,1343.2914078597828,0.0,1,profile_incumbent,20.88645396287765,0.0,0.0,0.0,26.782783333333327,0.0,26.782783333333327,10800.0,10800.0,0.0,0.0,0.0,10800.0,10800.0,130.63440152821067,0.0,0.0,0.0
2025-07-15,80,7104.0808,2025-07-15T13:20:00,2025-07-15T13:10:00,13:20:00,197,CC,7207.632,13:20:00,197,CC,0.9234,13:20:00,197,CC,0.8416,1184.0134666666665,1201.272,-103.55119999999988,-17.25853333333339,2025-07-15T13:20:00,2025-07-15 00:00:00,2025-07-15 00:00:00,2025-07-15T13:20:00,2025-07-15T13:20:00,0.8416,1186.2418868674745,1322.5394567747435,0.0,1,profile_incumbent,20.88645396287765,0.0,0.0,0.0,17.25853333333339,0.0,17.25853333333339,10800.0,10800.0,0.0,0.0,0.0,10800.0,10800.0,136.297569907269,0.0,0.0,0.0
2025-07-15,81,7000.1,2025-07-15T13:30:00,2025-07-15T13:20:00,13:30:00,197,CD,7087.8,13:30:00,197,CD,0.917,13:30:00,197,CD,0.8618,1166.6833333333334,1181.3,-87.69999999999982,-14.61666666666656,2025-07-15T13:30:00,2025-07-15 00:00:00,2025-07-15 00:00:00,2025-07-15T13:30:00,2025-07-15T13:30:00,0.8618,1192.3760287050532,1298.9623330509626,0.0,1,profile_incumbent,20.88645396287765,0.0,0.0,0.0,14.61666666666656,0.0,14.61666666666656,10800.0,10800.0,0.0,0.0,0.0,10800.0,10800.0,106.58630434590941,0.0,0.0,0.0
2025-07-15,82,7160.546,2025-07-15T13:40:00,2025-07-15T13:30:00,13:40:00,197,CE,7033.1643,13:40:00,197,CE,0.9404,13:40:00,197,CE,0.8623,1193.4243333333334,1172.19405,127.38169999999991,21.23028333333332,2025-07-15T13:40:00,2025-07-15 00:00:00,2025-07-15 00:00:00,2025-07-15T13:40:00,2025-07-15T13:40:00,0.8623,1221.7435099058694,1272.6629279866581,0.0,1,profile_incumbent,20.88645396287765,0.0,21.23028333333332,0.0,0.0,0.0,0.0,10800.0,10776.410796296297,0.0,0.0,0.0,10800.0,10800.0,50.91941808078877,0.0,0.0,0.0
2025-07-15,83,7400.5504,2025-07-15T13:50:00,2025-07-15T13:40:00,13:50:00,197,CF,7066.5757,13:50:00,197,CF,1.1119,13:50:00,197,CF,0.9026,1233.4250666666667,1177.7626166666666,333.97469999999976,55.662450000000035,2025-07-15T13:50:00,2025-07-15 00:00:00,2025-07-15 00:00:00,2025-07-15T13:50:00,2025-07-15T13:50:00,0.9026,1226.8840366950915,1243.7585255044644,0.0,1,profile_incumbent,20.88645396287765,0.0,55.662450000000035,0.0,0.0,0.0,0.0,10776.410796296297,10714.56362962963,0.0,0.0,0.0,10800.0,10800.0,16.874488809372906,0.0,0.0,0.0
2025-07-15,84,7490.08,2025-07-15T14:00:00,2025-07-15T13:50:00,14:00:00,197,CG,7192.9875,14:00:00,197,CG,1.2968,14:00:00,197,CG,0.9754,1248.3466666666666,1198.83125,297.09249999999975,49.515416666666624,2025-07-15T14:00:00,2025-07-15 00:00:00,2025-07-15 00:00:00,2025-07-15T14:00:00,2025-07-15T14:00:00,0.9754,1211.3158682793414,1212.3802877966602,0.0,1,profile_incumbent,20.88645396287765,0.0,49.515416666666624,0.0,0.0,0.0,0.0,10714.56362962963,10659.5465,0.0,0.0,0.0,10800.0,10800.0,1.064419517318811,0.0,0.0,0.0
2025-07-15,85,7353.2802,2025-07-15T14:10:00,2025-07-15T14:00:00,14:10:00,197,CH,7327.6935,14:10:00,197,CH,1.215,14:10:00,197,CH,1.0002,1225.5467,1221.28225,25.586699999999837,4.264450000000124,2025-07-15T14:10:00,2025-07-15 00:00:00,2025-07-15 00:00:00,2025-07-15T14:10:00,2025-07-15T14:10:00,1.0002,1222.5822708801652,1178.6726322024504,0.0,1,profile_incumbent,-1.576532190684683,0.0,4.264450000000124,0.0,0.0,0.0,0.0,10659.5465,10654.808222222222,0.0,0.0,43.90963867771484,10800.0,10751.211512580318,0.0,0.0,0.0,0.0
2025-07-15,86,7207.1057,2025-07-15T14:20:00,2025-07-15T14:10:00,14:20:00,197,CI,7089.5767,14:20:00,197,CI,1.1512,14:20:00,197,CI,0.9978,1201.1842833333333,1181.5961166666666,117.52900000000045,19.588166666666666,2025-07-15T14:20:00,2025-07-15 00:00:00,2025-07-15 00:00:00,2025-07-15T14:20:00,2025-07-15T14:20:00,0.9978,1244.5344820199618,1142.7924998353544,0.0,1,profile_incumbent,-1.576532190684683,0.0,19.588166666666666,0.0,0.0,0.0,0.0,10654.808222222222,10633.043592592592,0.0,0.0,101.74198218460742,10751.211512580318,10638.164865708532,0.0,0.0,0.0,0.0
2025-07-15,87,7166.45,2025-07-15T14:30:00,2025-07-15T14:20:00,14:30:00,197,CJ,6625.6875,14:30:00,197,CJ,1.25,14:30:00,197,CJ,1.0271,1194.4083333333333,1104.28125,540.7624999999998,90.1270833333333,2025-07-15T14:30:00,2025-07-15 00:00:00,2025-07-15 00:00:00,2025-07-15T14:30:00,2025-07-15T14:30:00,1.0271,1256.0015785371563,1104.9085176233077,0.0,1,profile_incumbent,-1.576532190684683,0.0,90.1270833333333,0.0,0.0,0.0,0.0,10633.043592592592,10532.902388888888,0.0,0.0,151.0930609138486,10638.164865708532,10470.283686915367,0.0,0.0,0.0,0.0
2025-07-15,88,7194.9478,2025-07-15T14:40:00,2025-07-15T14:30:00,14:40:00,197,CK,6494.487,14:40:00,197,CK,1.338,14:40:00,197,CK,1.0906,1199.1579666666667,1082.4145,700.4607999999998,116.74346666666656,2025-07-15T14:40:00,2025-07-15 00:00:00,2025-07-15 00:00:00,2025-07-15T14:40:00,2025-07-15T14:40:00,1.0906,1251.7579922658151,1065.200056618307,0.0,1,profile_incumbent,-1.576532190684683,0.0,116.74346666666656,0.0,0.0,0.0,0.0,10532.902388888888,10403.187425925926,0.0,0.0,186.5579356475082,10470.283686915367,10262.99709175147,0.0,0.0,0.0,0.0
2025-07-15,89,7339.2452,2025-07-15T14:50:00,2025-07-15T14:40:00,14:50:00,197,CL,6495.7985,14:50:00,197,CL,1.1298,14:50:00,197,CL,0.9376,1223.2075333333335,1082.6330833333334,843.4467000000004,140.57445000000007,2025-07-15T14:50:00,2025-07-15 00:00:00,2025-07-15 00:00:00,2025-07-15T14:50:00,2025-07-15T14:50:00,0.9376,1243.9279602852414,1023.8561906602815,0.0,1,profile_incumbent,-1.576532190684683,0.0,140.57445000000007,0.0,0.0,0.0,0.0,10403.187425925926,10246.993592592593,0.0,0.0,220.07176962495987,10262.99709175147,10018.472903279291,0.0,0.0,0.0,0.0
2025-07-15,90,7451.74,2025-07-15T15:00:00,2025-07-15T14:50:00,15:00:00,197,CM,6333.3375,15:00:00,197,CM,0.7839,15:00:00,197,CM,0.6694,1241.9566666666667,1055.5562499999999,1118.4025000000001,186.40041666666684,2025-07-15T15:00:00,2025-07-15 00:00:00,2025-07-15 00:00:00,2025-07-15T15:00:00,2025-07-15T15:00:00,0.6694,1244.5796035360754,981.0745607241531,470.0262759668977,1,profile_incumbent,-1.576532190684683,283.6258593002308,0.0,0.0,0.0,0.0,0.0,10246.993592592593,10502.256865962801,0.0,206.52123315497533,0.0,10018.472903279291,10204.342013118769,0.0,314.6355891322413,0.0,314.6355891322413
2025-07-15,91,7314.8646,2025-07-15T15:10:00,2025-07-15T15:00:00,15:10:00,197,CN,5925.2919,15:10:00,197,CN,0.7519,15:10:00,197,CN,0.66,1219.1441,987.5486500000001,1389.5726999999997,231.59544999999991,2025-07-15T15:10:00,2025-07-15 00:00:00,2025-07-15 00:00:00,2025-07-15T15:10:00,2025-07-15T15:10:00,0.66,1253.956618791734,937.0601515216593,860.1277364635772,1,profile_incumbent,-7.2901499422499,330.8257044857762,0.0,0.0,297.7065819778011,297.7065819778011,0.0,10502.256865962801,10800.0,0.0,543.2312691935026,0.0,10204.342013118769,10693.250155392921,0.0,567.684306065961,0.0,567.684306065961
2025-07-15,92,7278.805,2025-07-15T15:20:00,2025-07-15T15:10:00,15:20:00,197,CO,5627.7112,15:20:00,197,CO,0.7961,15:20:00,197,CO,0.7217,1213.1341666666667,937.9518666666667,1651.0938000000006,275.18230000000005,2025-07-15T15:20:00,2025-07-15 00:00:00,2025-07-15 00:00:00,2025-07-15T15:20:00,2025-07-15T15:20:00,0.7217,1244.1064937531246,892.023988151633,485.5451362363073,1,profile_incumbent,-7.2901499422499,0.0,0.0,0.0,210.3628362363072,210.3628362363072,0.0,10800.0,10800.0,0.0,118.61093845230951,0.0,10693.250155392921,10800.0,14.851692182506184,350.417924821743,0.0,350.417924821743
2025-07-15,93,7381.81,2025-07-15T15:30:00,2025-07-15T15:20:00,15:30:00,197,CP,5464.7625,15:30:00,197,CP,0.7957,15:30:00,197,CP,0.7308,1230.3016666666667,910.7937499999999,1917.0475000000006,319.5079166666668,2025-07-15T15:30:00,2025-07-15 00:00:00,2025-07-15 00:00:00,2025-07-15T15:30:00,2025-07-15T15:30:00,0.7308,1226.3788590901283,846.1817617750016,514.2911853657145,1,profile_incumbent,-7.2901499422499,0.0,0.0,0.0,194.78326869904777,194.78326869904777,0.0,10800.0,10800.0,0.0,0.0,0.0,10800.0,10800.0,134.09408805058774,375.84399826526413,0.0,375.84399826526413
2025-07-15,94,7336.8078,2025-07-15T15:40:00,2025-07-15T15:30:00,15:40:00,197,CQ,5137.0628,15:40:00,197,CQ,0.8648,15:40:00,197,CQ,0.7534,1222.8012999999999,856.1771333333332,2199.745,366.6241666666666,2025-07-15T15:40:00,2025-07-15 00:00:00,2025-07-15 00:00:00,2025-07-15T15:40:00,2025-07-15T15:40:00,0.7534,1241.462608959426,799.7523944146128,512.2501192417731,1,profile_incumbent,-7.2901499422499,0.0,0.0,0.0,145.62595257510634,145.62595257510634,0.0,10800.0,10800.0,0.0,0.0,0.0,10800.0,10800.0,70.53990469695987,385.92923983675183,0.0,385.92923983675183
2025-07-15,95,7367.4763,2025-07-15T15:50:00,2025-07-15T15:40:00,15:50:00,197,CR,4800.5819,15:50:00,197,CR,0.889,15:50:00,197,CR,0.7823,1227.9127166666667,800.0969833333334,2566.8944,427.81573333333336,2025-07-15T15:50:00,2025-07-15 00:00:00,2025-07-15 00:00:00,2025-07-15T15:50:00,2025-07-15T15:50:00,0.7823,1263.0769573992877,752.9565540263003,539.9349963344607,1,profile_incumbent,-7.2901499422499,0.0,0.0,0.0,112.11926300112736,112.11926300112736,0.0,10800.0,10800.0,0.0,0.0,0.0,10800.0,10800.0,29.81459296147318,422.3911476324486,0.0,422.3911476324486
2025-07-15,96,7534.36,2025-07-15T16:00:00,2025-07-15T15:50:00,16:00:00,197,CS,4469.775,16:00:00,197,CS,0.8752,16:00:00,197,CS,0.8055,1255.7266666666667,744.9625,3064.585,510.7641666666667,2025-07-15T16:00:00,2025-07-15 00:00:00,2025-07-15 00:00:00,2025-07-15T16:00:00,2025-07-15T16:00:00,0.8055,1267.9541538652843,706.0151319381442,604.6155553528031,1,profile_incumbent,-7.2901499422499,0.0,0.0,0.0,93.85138868613626,93.85138868613626,0.0,10800.0,10800.0,0.0,0.0,0.0,10800.0,10800.0,42.67653342566291,487.0178298366829,0.0,487.0178298366829
2025-07-15,97,7593.8344,2025-07-15T16:10:00,2025-07-15T16:00:00,16:10:00,197,CT,4007.5281,16:10:00,197,CT,0.9466,16:10:00,197,CT,0.8271,1265.6390666666666,667.92135,3586.3062999999997,597.7177166666667,2025-07-15T16:10:00,2025-07-15 00:00:00,2025-07-15 00:00:00,2025-07-15T16:10:00,2025-07-15T16:10:00,0.8271,1258.521297571226,659.147695592318,624.1797394116212,1,profile_incumbent,3.952306468749717,0.0,0.0,0.0,26.462022744954538,26.462022744954538,0.0,10800.0,10800.0,0.0,0.0,0.0,10800.0,10800.0,24.806137432713285,516.2590624673519,0.0,516.2590624673519
2025-07-15,98,7294.7176,2025-07-15T16:20:00,2025-07-15T16:10:00,16:20:00,197,CU,3694.7683,16:20:00,197,CU,0.9719,16:20:00,197,CU,0.8519,1215.7862666666667,615.7947166666667,3599.9492999999998,599.9915500000001,2025-07-15T16:20:00,2025-07-15 00:00:00,2025-07-15 00:00:00,2025-07-15T16:20:00,2025-07-15T16:20:00,0.8519,1257.7221412886327,612.5709302323144,660.9104705644164,1,profile_incumbent,3.952306468749717,0.0,0.0,0.0,60.91892056441634,60.91892056441634,0.0,10800.0,10800.0,0.0,0.0,0.0,10800.0,10800.0,15.759259508098012,563.0296298738264,0.0,563.0296298738264
2025-07-15,99,6973.7,2025-07-15T16:30:00,2025-07-15T16:20:00,16:30:00,197,CV,3545.7375,16:30:00,197,CV,0.9285,16:30:00,197,CV,0.8791,1162.2833333333333,590.9562500000001,3427.9624999999996,571.3270833333332,2025-07-15T16:30:00,2025-07-15 00:00:00,2025-07-15 00:00:00,2025-07-15T16:30:00,2025-07-15T16:30:00,0.8791,1265.9797276384302,566.4970837429452,732.1061881011619,1,profile_incumbent,3.952306468749717,0.0,0.0,0.0,160.7791047678288,160.7791047678288,0.0,10800.0,10800.0,0.0,0.0,0.0,10800.0,10800.0,32.62354420567681,643.5945499597315,0.0,643.5945499597315
2025-07-15,100,7219.1011,2025-07-15T16:40:00,2025-07-15T16:30:00,16:40:00,197,CW,3282.5306,16:40:00,197,CW,0.9349,16:40:00,197,CW,0.9024,1203.1835166666667,547.0884333333333,3936.5705,656.0950833333334,2025-07-15T16:40:00,2025-07-15 00:00:00,2025-07-15 00:00:00,2025-07-15T16:40:00,2025-07-15T16:40:00,0.9024,1262.346503439143,521.1324292588336,799.9084660527717,1,profile_incumbent,3.952306468749717,0.0,0.0,0.0,143.81338271943832,143.81338271943832,0.0,10800.0,10800.0,0.0,0.0,0.0,10800.0,10800.0,58.69439187246235,721.8373997660211,0.0,721.8373997660211
2025-07-15,101,7318.3946,2025-07-15T16:50:00,2025-07-15T16:40:00,16:50:00,197,CX,2952.4138,16:50:00,197,CX,0.9755,16:50:00,197,CX,0.9163,1219.7324333333333,492.06896666666665,4365.980799999999,727.6634666666666,2025-07-15T16:50:00,2025-07-15 00:00:00,2025-07-15 00:00:00,2025-07-15T16:50:00,2025-07-15T16:50:00,0.9163,1250.850905634421,476.67576039823126,824.8797422862287,1,profile_incumbent,3.952306468749717,0.0,0.0,0.0,97.21627561956211,97.21627561956211,0.0,10800.0,10800.0,0.0,0.0,0.0,10800.0,10800.0,50.704597050038956,755.8373078568713,0.0,755.8373078568713
2025-07-15,102,7107.34,2025-07-15T17:00:00,2025-07-15T16:50:00,17:00:00,197,CY,2632.05,17:00:00,197,CY,1.0032,17:00:00,197,CY,0.9264,1184.5566666666666,438.675,4475.29,745.8816666666667,2025-07-15T17:00:00,2025-07-15 00:00:00,2025-07-15 00:00:00,2025-07-15T17:00:00,2025-07-15T17:00:00,0.9264,1259.1203034948112,433.316934044513,879.1062273639012,1,profile_incumbent,3.952306468749717,0.0,0.0,0.0,133.22456069723466,133.22456069723466,0.0,10800.0,10800.0,0.0,0.0,0.0,10800.0,10800.0,53.30285791360302,814.404009029918,0.0,814.404009029918
2025-07-15,103,7148.3157,2025-07-15T17:10:00,2025-07-15T17:00:00,17:10:00,197,CZ,2330.3619,17:10:00,197,CZ,1.0044,17:10:00,197,CZ,0.9462,1191.38595,388.39365,4817.9538,802.9923000000001,2025-07-15T17:10:00,2025-07-15 00:00:00,2025-07-15 00:00:00,2025-07-15T17:10:00,2025-07-15T17:10:00,0.9462,1302.9164848270434,391.2354754816337,956.1060845832656,1,profile_incumbent,27.36808764685259,0.0,0.0,0.0,153.11378458326544,153.11378458326544,0.0,10800.0,10800.0,0.0,0.0,0.0,10800.0,10800.0,44.425075237855935,904.6675772326859,0.0,904.6675772326859
2025-07-15,104,7391.5343,2025-07-15T17:20:00,2025-07-15T17:10:00,17:20:00,197,DA,2012.6185,17:20:00,197,DA,1.0762,17:20:00,197,DA,0.9742,1231.9223833333333,335.4364166666667,5378.915800000001,896.4859666666666,2025-07-15T17:20:00,2025-07-15 00:00:00,2025-07-15 00:00:00,2025-07-15T17:20:00,2025-07-15T17:20:00,0.9742,1289.4121964201763,350.59926038853916,984.8317681383172,1,profile_incumbent,27.36808764685259,0.0,0.0,0.0,88.34580147165047,88.34580147165047,0.0,10800.0,10800.0,0.0,0.0,0.0,10800.0,10800.0,46.018832106680065,959.4231085203486,0.0,959.4231085203486
2025-07-15,105,7650.23,2025-07-15T17:30:00,2025-07-15T17:20:00,17:30:00,197,DB,1708.425,17:30:00,197,DB,1.1585,17:30:00,197,DB,0.9862,1275.0383333333332,284.7375,5941.804999999999,990.3008333333332,2025-07-15T17:30:00,2025-07-15 00:00:00,2025-07-15 00:00:00,2025-07-15T17:30:00,2025-07-15T17:30:00,0.9862,1259.677785025557,311.56328771035,1001.2109143561801,1,profile_incumbent,27.36808764685259,0.0,0.0,0.0,10.910081022846953,10.910081022846953,0.0,10800.0,10800.0,0.0,0.0,0.0,10800.0,10800.0,53.096417040973165,987.3942037380648,0.0,987.3942037380648
2025-07-15,106,7671.6125,2025-07-15T17:40:00,2025-07-15T17:30:00,17:40:00,197,DC,1492.59,17:40:00,197,DC,1.1077,17:40:00,197,DC,0.976,1278.6020833333334,248.765,6179.0225,1029.8370833333333,2025-07-15T17:40:00,2025-07-15 00:00:00,2025-07-15 00:00:00,2025-07-15T17:40:00,2025-07-15T17:40:00,0.976,1321.2377661112425,274.2685567529005,1117.9257682571017,1,profile_incumbent,27.36808764685259,0.0,0.0,0.0,88.08868492376837,88.08868492376837,0.0,10800.0,10800.0,0.0,0.0,0.0,10800.0,10800.0,70.95655889875957,1091.0955498189312,0.0,1091.0955498189312
2025-07-15,107,6888.0954,2025-07-15T17:50:00,2025-07-15T17:40:00,17:50:00,197,DD,1322.5569,17:50:00,197,DD,1.1742,17:50:00,197,DD,1.0742,1148.0159,220.42615,5565.538500000001,927.5897500000001,2025-07-15T17:50:00,2025-07-15 00:00:00,2025-07-15 00:00:00,2025-07-15T17:50:00,2025-07-15T17:50:00,1.0742,1219.2933195216683,238.84106099653147,1023.8458426001506,1,profile_incumbent,27.36808764685259,0.0,0.0,0.0,96.2560926001504,96.2560926001504,0.0,10800.0,10800.0,0.0,0.0,0.0,10800.0,10800.0,43.39358407501368,1099.815204121082,0.0,1099.815204121082
2025-07-15,108,5841.43,2025-07-15T18:00:00,2025-07-15T17:50:00,18:00:00,197,DE,1133.7,18:00:00,197,DE,1.3468,18:00:00,197,DE,1.2313,973.5716666666667,188.95000000000002,4707.7300000000005,784.6216666666667,2025-07-15T18:00:00,2025-07-15 00:00:00,2025-07-15 00:00:00,2025-07-15T18:00:00,2025-07-15T18:00:00,1.2313,988.6390823748501,205.39091010240094,773.7121943787611,1,profile_incumbent,27.36808764685259,0.0,10.9094722879056,0.0,0.0,0.0,0.0,10800.0,10787.87836412455,0.0,0.0,9.535977893688028,10800.0,10789.404469007013,0.0,952.6718249385685,0.0,952.6718249385685
2025-07-15,109,5763.4785,2025-07-15T18:10:00,2025-07-15T18:00:00,18:10:00,197,DF,888.298,18:10:00,197,DF,1.3574,18:10:00,197,DF,1.2561,960.57975,148.04966666666667,4875.1805,812.5300833333333,2025-07-15T18:10:00,2025-07-15 00:00:00,2025-07-15 00:00:00,2025-07-15T18:10:00,2025-07-15T18:10:00,1.2561,943.7483640559146,174.01159039983074,762.5777680135634,1,profile_incumbent,159.26408860866206,0.0,49.95231531976992,0.0,0.0,0.0,0.0,10787.87836412455,10732.375791547029,0.0,0.0,7.159005642520469,10789.404469007013,10781.450018293102,0.0,957.873934401837,0.0,957.873934401837
2025-07-15,110,5926.5951,2025-07-15T18:20:00,2025-07-15T18:10:00,18:20:00,197,DG,623.6063,18:20:00,197,DG,1.348,18:20:00,197,DG,1.2447,987.7658499999999,103.93438333333334,5302.988799999999,883.8314666666665,2025-07-15T18:20:00,2025-07-15 00:00:00,2025-07-15 00:00:00,2025-07-15T18:20:00,2025-07-15T18:20:00,1.2447,993.3269561623331,144.77937280901085,892.1677854551998,1,profile_incumbent,159.26408860866206,8.336318788533276,0.0,0.0,0.0,0.0,0.0,10732.375791547029,10739.878478456709,0.0,20.611090785441775,0.0,10781.450018293102,10800.0,23.009111316435792,1110.4812425560872,0.0,1110.4812425560872
2025-07-15,111,5858.44,2025-07-15T18:30:00,2025-07-15T18:20:00,18:30:00,197,DH,389.325,18:30:00,197,DH,1.3873,18:30:00,197,DH,1.2545,976.4066666666666,64.8875,5469.115,911.5191666666666,2025-07-15T18:30:00,2025-07-15 00:00:00,2025-07-15 00:00:00,2025-07-15T18:30:00,2025-07-15T18:30:00,1.2545,1015.5645929279701,117.7528756845877,928.9899088612206,1,profile_incumbent,159.26408860866206,17.470742194553964,0.0,0.0,0.0,0.0,0.0,10739.878478456709,10755.602146431807,0.0,0.0,0.0,10800.0,10800.0,31.178191617838138,1165.4178406664012,0.0,1165.4178406664012
2025-07-15,112,5807.4057,2025-07-15T18:40:00,2025-07-15T18:30:00,18:40:00,197,DI,215.8986,18:40:00,197,DI,1.4107,18:40:00,197,DI,1.2522,967.9009500000001,35.9831,5591.507100000001,931.91785,2025-07-15T18:40:00,2025-07-15 00:00:00,2025-07-15 00:00:00,2025-07-15T18:40:00,2025-07-15T18:40:00,1.2522,991.4236307850409,92.9727884793715,942.045223478587,1,profile_incumbent,159.26408860866206,10.127373478586946,0.0,0.0,0.0,0.0,0.0,10755.602146431807,10764.716782562535,0.0,0.0,0.0,10800.0,10800.0,43.59438117291768,1179.6290288398866,0.0,1179.6290288398866
2025-07-15,113,5866.6701,2025-07-15T18:50:00,2025-07-15T18:40:00,18:50:00,197,DJ,83.3818,18:50:00,197,DJ,1.531,18:50:00,197,DJ,1.2881,977.77835,13.896966666666666,5783.2883,963.8813833333334,2025-07-15T18:50:00,2025-07-15 00:00:00,2025-07-15 00:00:00,2025-07-15T18:50:00,2025-07-15T18:50:00,1.2881,1006.7159852169752,70.46176044264246,951.898502412021,1,profile_incumbent,159.26408860866206,0.0,11.982880921312358,0.0,0.0,0.0,0.0,10764.716782562535,10751.402470427744,0.0,0.0,0.0,10800.0,10800.0,15.64427763768822,1226.1404609569242,0.0,1226.1404609569242
2025-07-15,114,5964.49,2025-07-15T19:00:00,2025-07-15T18:50:00,19:00:00,197,DK,0.0,19:00:00,197,DK,1.7039,19:00:00,197,DK,1.3466,994.0816666666666,0.0,5964.49,994.0816666666666,2025-07-15T19:00:00,2025-07-15 00:00:00,2025-07-15 00:00:00,2025-07-15T19:00:00,2025-07-15T19:00:00,1.3466,1041.8591946830495,50.224456805047446,381.54064605823714,1,profile_incumbent,159.26408860866206,0.0,612.5410206084294,0.0,0.0,0.0,0.0,10751.402470427744,10070.801336418377,0.0,0.0,610.0940918197649,10800.0,10122.117675755817,0.0,513.7826339820222,0.0,513.7826339820222
2025-07-15,115,5959.0358,2025-07-15T19:10:00,2025-07-15T19:00:00,19:10:00,197,DL,0.0,19:10:00,197,DL,1.7416,19:10:00,197,DL,1.3523,993.1726333333332,0.0,5959.0358,993.1726333333332,2025-07-15T19:10:00,2025-07-15 00:00:00,2025-07-15 00:00:00,2025-07-15T19:10:00,2025-07-15T19:10:00,1.3523,997.4190096952967,32.247783083956485,318.46820139558696,1,profile_incumbent,135.97538060280905,0.0,674.7044319377462,0.0,0.0,0.0,0.0,10070.801336418377,9321.129745376436,0.0,0.0,646.7030252157533,10122.117675755817,9403.558758849424,0.0,430.66454874725224,0.0,430.66454874725224
2025-07-15,116,5899.7937,2025-07-15T19:20:00,2025-07-15T19:10:00,19:20:00,197,DM,2.8801,19:20:00,197,DM,1.6953,19:20:00,197,DM,1.3445,983.29895,0.4800166666666667,5896.9136,982.8189333333333,2025-07-15T19:20:00,2025-07-15 00:00:00,2025-07-15 00:00:00,2025-07-15T19:20:00,2025-07-15T19:20:00,1.3445,972.5452219388467,16.501276292589118,397.049975760149,1,profile_incumbent,135.97538060280905,0.0,585.7689575731844,0.0,0.0,0.0,0.0,9321.129745376436,8670.275348072899,0.0,0.0,558.9939698861085,9403.558758849424,8782.45434786486,0.0,533.8336924095203,0.0,533.8336924095203
2025-07-15,117,5897.26,2025-07-15T19:30:00,2025-07-15T19:20:00,19:30:00,197,DN,0.0,19:30:00,197,DN,1.6493,19:30:00,197,DN,1.3483,982.8766666666667,0.0,5897.26,982.8766666666667,2025-07-15T19:30:00,2025-07-15 00:00:00,2025-07-15 00:00:00,2025-07-15T19:30:00,2025-07-15T19:30:00,1.3483,1000.6730946006151,2.937659977142145,319.2843809720428,1,profile_incumbent,135.97538060280905,0.0,663.5922856946238,0.0,0.0,0.0,0.0,8670.275348072899,7932.950586189983,0.0,0.0,678.4510536514301,8782.45434786486,8028.6198438077145,0.0,430.49113086460534,0.0,430.49113086460534
2025-07-15,118,5983.8094,2025-07-15T19:40:00,2025-07-15T19:30:00,19:40:00,197,DO,0.0,19:40:00,197,DO,1.6408,19:40:00,197,DO,1.349,997.3015666666666,0.0,5983.8094,997.3015666666666,2025-07-15T19:40:00,2025-07-15 00:00:00,2025-07-15 00:00:00,2025-07-15T19:40:00,2025-07-15T19:40:00,1.349,1015.9428764386049,0.0,319.8738977308768,1,profile_incumbent,135.97538060280905,0.0,677.4276689357898,0.0,0.0,0.0,0.0,7932.950586189983,7180.253176261328,0.0,0.0,696.0689787077281,8028.6198438077145,7255.209867465795,0.0,431.5098880389528,0.0,431.5098880389528
2025-07-15,119,5853.8373,2025-07-15T19:50:00,2025-07-15T19:40:00,19:50:00,197,DP,0.2068,19:50:00,197,DP,1.6368,19:50:00,197,DP,1.3473,975.63955,0.034466666666666666,5853.6305,975.6050833333334,2025-07-15T19:50:00,2025-07-15 00:00:00,2025-07-15 00:00:00,2025-07-15T19:50:00,2025-07-15T19:50:00,1.3473,1021.6891860141295,0.0,365.51756231496324,1,profile_incumbent,135.97538060280905,0.0,610.0875210183701,0.0,0.0,0.0,0.0,7180.253176261328,6502.378152907583,0.0,0.0,656.1716236991663,7255.209867465795,6526.130285577832,0.0,492.46181170694996,0.0,492.46181170694996
2025-07-15,120,5618.89,2025-07-15T20:00:00,2025-07-15T19:50:00,20:00:00,197,DQ,0.0,20:00:00,197,DQ,1.6344,20:00:00,197,DQ,1.3482,936.4816666666667,0.0,5618.89,936.4816666666667,2025-07-15T20:00:00,2025-07-15 00:00:00,2025-07-15 00:00:00,2025-07-15T20:00:00,2025-07-15T20:00:00,1.3482,1021.2537544103294,0.0,349.01099100239543,1,profile_incumbent,135.97538060280905,0.0,587.4706756642713,0.0,0.0,0.0,0.0,6502.378152907583,5849.63295772506,0.0,0.0,672.242763407934,6526.130285577832,5779.193881791239,0.0,470.53661806942955,0.0,470.53661806942955
2025-07-15,121,5700.0563,2025-07-15T20:10:00,2025-07-15T20:00:00,20:10:00,197,DR,0.0,20:10:00,197,DR,1.6537,20:10:00,197,DR,1.3513,950.0093833333334,0.0,5700.0563,950.0093833333334,2025-07-15T20:10:00,2025-07-15 00:00:00,2025-07-15 00:00:00,2025-07-15T20:10:00,2025-07-15T20:10:00,1.3513,1008.6713464903612,0.0,295.85243995189643,1,profile_incumbent,114.72632040382501,0.0,654.156943381437,0.0,0.0,0.0,0.0,5849.63295772506,5122.791909523463,0.0,0.0,712.8189065384647,5779.193881791239,4987.172874526278,0.0,399.78540210699765,0.0,399.78540210699765
2025-07-15,122,5767.0693,2025-07-15T20:20:00,2025-07-15T20:10:00,20:20:00,197,DS,0.0148,20:20:00,197,DS,1.621,20:20:00,197,DS,1.34,961.1782166666667,0.002466666666666667,5767.0545,961.17575,2025-07-15T20:20:00,2025-07-15 00:00:00,2025-07-15 00:00:00,2025-07-15T20:20:00,2025-07-15T20:20:00,1.34,1013.4035761762199,0.0,955.3550553657705,1,profile_incumbent,114.72632040382501,0.0,5.82069463422954,0.0,0.0,0.0,0.0,5122.791909523463,5116.324471040985,0.0,0.0,58.04852081044942,4987.172874526278,4922.674518070223,0.0,1280.1757741901324,0.0,1280.1757741901324
2025-07-15,123,5696.19,2025-07-15T20:30:00,2025-07-15T20:20:00,20:30:00,197,DT,0.0,20:30:00,197,DT,1.6085,20:30:00,197,DT,1.3489,949.3649999999999,0.0,5696.19,949.3649999999999,2025-07-15T20:30:00,2025-07-15 00:00:00,2025-07-15 00:00:00,2025-07-15T20:30:00,2025-07-15T20:30:00,1.3489,1036.5497100910845,0.0,340.95953805527097,1,profile_incumbent,114.72632040382501,0.0,608.4054619447289,0.0,0.0,0.0,0.0,5116.324471040985,4440.318402213508,0.0,0.0,695.5901720358136,4922.674518070223,4149.796549141541,0.0,459.920320882755,0.0,459.920320882755
2025-07-15,124,5697.2647,2025-07-15T20:40:00,2025-07-15T20:30:00,20:40:00,197,DU,0.0,20:40:00,197,DU,1.7142,20:40:00,197,DU,1.3952,949.5441166666666,0.0,5697.2647,949.5441166666666,2025-07-15T20:40:00,2025-07-15 00:00:00,2025-07-15 00:00:00,2025-07-15T20:40:00,2025-07-15T20:40:00,1.3952,1044.1928948207726,0.0,324.3921452308733,1,profile_incumbent,114.72632040382501,0.0,625.1519714357933,0.0,0.0,0.0,0.0,4440.318402213508,3745.7051006181823,0.0,0.0,719.8007495898993,4149.796549141541,3350.017938486097,0.0,452.59192102611445,0.0,452.59192102611445
2025-07-15,125,5719.2499,2025-07-15T20:50:00,2025-07-15T20:40:00,20:50:00,197,DV,0.0011,20:50:00,197,DV,1.4938,20:50:00,197,DV,1.2226,953.2083166666666,0.00018333333333333334,5719.248799999999,953.2081333333333,2025-07-15T20:50:00,2025-07-15 00:00:00,2025-07-15 00:00:00,2025-07-15T20:50:00,2025-07-15T20:50:00,1.2226,1014.3504171429912,0.0,1036.9283279307288,1,profile_incumbent,114.72632040382501,83.72019459739545,0.0,0.0,0.0,0.0,0.0,3745.7051006181823,3821.053275755838,0.0,22.57791078773755,0.0,3350.017938486097,3370.338058195061,0.0,1267.7485737281088,0.0,1267.7485737281088
2025-07-15,126,5739.17,2025-07-15T21:00:00,2025-07-15T20:50:00,21:00:00,197,DW,0.0,21:00:00,197,DW,1.0601,21:00:00,197,DW,0.9332,956.5283333333333,0.0,5739.17,956.5283333333333,2025-07-15T21:00:00,2025-07-15 00:00:00,2025-07-15 00:00:00,2025-07-15T21:00:00,2025-07-15T21:00:00,0.9332,980.8881746106014,0.0,1049.6489204678446,1,profile_incumbent,114.72632040382501,93.12058713451131,0.0,0.0,0.0,0.0,0.0,3821.053275755838,3904.861804176898,0.0,68.76074585724325,0.0,3370.338058195061,3432.22272946658,0.0,979.5323725805927,0.0,979.5323725805927
2025-07-15,127,5817.7245,2025-07-15T21:10:00,2025-07-15T21:00:00,21:10:00,197,DX,0.0,21:10:00,197,DX,1.0041,21:10:00,197,DX,0.9068,969.62075,0.0,5817.7245,969.62075,2025-07-15T21:10:00,2025-07-15 00:00:00,2025-07-15 00:00:00,2025-07-15T21:10:00,2025-07-15T21:10:00,0.9068,1001.572084649592,0.0,1074.9211485873193,1,profile_incumbent,114.9254137560227,105.30039858731925,0.0,0.0,0.0,0.0,0.0,3904.861804176898,3999.6321629054855,0.0,73.34906393772735,0.0,3432.22272946658,3498.2368870105347,0.0,974.7384975389812,0.0,974.7384975389812
2025-07-15,128,5958.5819,2025-07-15T21:20:00,2025-07-15T21:10:00,21:20:00,197,DY,0.0,21:20:00,197,DY,1.0639,21:20:00,197,DY,0.9371,993.0969833333334,0.0,5958.5819,993.0969833333334,2025-07-15T21:20:00,2025-07-15 00:00:00,2025-07-15 00:00:00,2025-07-15T21:20:00,2025-07-15T21:20:00,0.9371,1022.8319130078038,0.0,1073.70692892832,1,profile_incumbent,114.9254137560227,80.60994559498658,0.0,0.0,0.0,0.0,0.0,3999.6321629054855,4072.1811139409733,0.0,50.87501592051615,0.0,3498.2368870105347,3544.0244013389993,0.0,1006.1707630987287,0.0,1006.1707630987287
2025-07-15,129,6127.42,2025-07-15T21:30:00,2025-07-15T21:20:00,21:30:00,197,DZ,0.0,21:30:00,197,DZ,1.0866,21:30:00,197,DZ,0.9371,1021.2366666666667,0.0,6127.42,1021.2366666666667,2025-07-15T21:30:00,2025-07-15 00:00:00,2025-07-15 00:00:00,2025-07-15T21:30:00,2025-07-15T21:30:00,0.9371,1028.1841331403755,0.0,1085.2121348943765,1,profile_incumbent,114.9254137560227,63.975468227709825,0.0,0.0,0.0,0.0,0.0,4072.1811139409733,4129.759035345912,0.0,57.028001754001025,0.0,3544.0244013389993,3595.3496029176004,0.0,1016.9522916095202,0.0,1016.9522916095202
2025-07-15,130,6167.8563,2025-07-15T21:40:00,2025-07-15T21:30:00,21:40:00,197,EA,0.0,21:40:00,197,EA,1.1492,21:40:00,197,EA,0.9871,1027.97605,0.0,6167.8563,1027.97605,2025-07-15T21:40:00,2025-07-15 00:00:00,2025-07-15 00:00:00,2025-07-15T21:40:00,2025-07-15T21:40:00,0.9871,1036.7417482165622,0.0,1044.0776474508057,1,profile_incumbent,114.9254137560227,16.101597450805684,0.0,0.0,0.0,0.0,0.0,4129.759035345912,4144.250473051637,0.0,7.33589923424347,0.0,3595.3496029176004,3601.9519122284196,0.0,1030.6090457986902,0.0,1030.6090457986902
2025-07-15,131,5569.219,2025-07-15T21:50:00,2025-07-15T21:40:00,21:50:00,197,EB,0.0,21:50:00,197,EB,0.9524,21:50:00,197,EB,0.7764,928.2031666666667,0.0,5569.219,928.2031666666667,2025-07-15T21:50:00,2025-07-15 00:00:00,2025-07-15 00:00:00,2025-07-15T21:50:00,2025-07-15T21:50:00,0.7764,955.1289287238224,0.0,969.1466972380452,1,profile_incumbent,114.9254137560227,40.943530571378574,0.0,0.0,0.0,0.0,0.0,4144.250473051637,4181.099650565878,0.0,14.017768514222894,0.0,3601.9519122284196,3614.5679038912203,0.0,752.4454957356184,0.0,752.4454957356184
2025-07-15,132,4717.92,2025-07-15T22:00:00,2025-07-15T21:50:00,22:00:00,197,EC,0.0,22:00:00,197,EC,0.596,22:00:00,197,EC,0.4209,786.32,0.0,4717.92,786.32,2025-07-15T22:00:00,2025-07-15 00:00:00,2025-07-15 00:00:00,2025-07-15T22:00:00,2025-07-15T22:00:00,0.4209,822.9624082919573,0.0,945.5715552986348,1,profile_incumbent,114.9254137560227,159.2515552986348,0.0,0.0,0.0,0.0,0.0,4181.099650565878,4324.426050334649,0.0,122.60914700667752,0.0,3614.5679038912203,3724.91613619723,0.0,397.9910676251954,0.0,397.9910676251954
2025-07-15,133,4561.532,2025-07-15T22:10:00,2025-07-15T22:00:00,22:10:00,197,ED,0.0,22:10:00,197,ED,0.5187,22:10:00,197,ED,0.3859,760.2553333333334,0.0,4561.532,760.2553333333334,2025-07-15T22:10:00,2025-07-15 00:00:00,2025-07-15 00:00:00,2025-07-15T22:10:00,2025-07-15T22:10:00,0.3859,791.3170429441358,0.0,1449.7244964754707,1,profile_incumbent,69.4286029498274,689.4691631421373,0.0,0.0,0.0,0.0,0.0,4324.426050334649,4944.948297162572,0.0,658.4074535313349,0.0,3724.91613619723,4317.482844375431,0.0,559.4486831898842,0.0,559.4486831898842
2025-07-15,134,4396.1465,2025-07-15T22:20:00,2025-07-15T22:10:00,22:20:00,197,EE,0.0,22:20:00,197,EE,0.5327,22:20:00,197,EE,0.4368,732.6910833333333,0.0,4396.1465,732.6910833333333,2025-07-15T22:20:00,2025-07-15 00:00:00,2025-07-15 00:00:00,2025-07-15T22:20:00,2025-07-15T22:20:00,0.4368,811.6885187359266,0.571632669968877,824.6878045362389,1,profile_incumbent,69.4286029498274,91.99672120290563,0.0,0.0,0.0,0.0,0.0,4944.948297162572,5027.745346245187,0.0,13.570918470281185,0.0,4317.482844375431,4329.696670998685,0.0,360.2236330214292,0.0,360.2236330214292
2025-07-15,135,4129.4,2025-07-15T22:30:00,2025-07-15T22:20:00,22:30:00,197,EF,0.0,22:30:00,197,EF,0.4973,22:30:00,197,EF,0.4198,688.2333333333332,0.0,4129.4,688.2333333333332,2025-07-15T22:30:00,2025-07-15 00:00:00,2025-07-15 00:00:00,2025-07-15T22:30:00,2025-07-15T22:30:00,0.4198,827.7244544483817,5.794823918343273,895.2974556182814,1,profile_incumbent,69.4286029498274,207.0641222849482,0.0,0.0,0.0,0.0,0.0,5027.745346245187,5214.10305630164,0.0,73.36782508824297,0.0,4329.696670998685,4395.727713578103,0.0,375.8458718685546,0.0,375.8458718685546
2025-07-15,136,4421.7936,2025-07-15T22:40:00,2025-07-15T22:30:00,22:40:00,197,EG,0.0,22:40:00,197,EG,0.48,22:40:00,197,EG,0.4186,736.9656,0.0,4421.7936,736.9656,2025-07-15T22:40:00,2025-07-15 00:00:00,2025-07-15 00:00:00,2025-07-15T22:40:00,2025-07-15T22:40:00,0.4186,830.2142464344253,10.723100909847979,873.112326519019,1,profile_incumbent,69.4286029498274,136.146726519019,0.0,0.0,0.0,0.0,0.0,5214.10305630164,5336.635110168757,0.0,53.621180994441715,0.0,4395.727713578103,4443.986776473101,0.0,365.4848198808614,0.0,365.4848198808614
2025-07-15,137,4816.8859,2025-07-15T22:50:00,2025-07-15T22:40:00,22:50:00,197,EH,0.0,22:50:00,197,EH,0.5391,22:50:00,197,EH,0.4241,802.8143166666667,0.0,4816.8859,802.8143166666667,2025-07-15T22:50:00,2025-07-15 00:00:00,2025-07-15 00:00:00,2025-07-15T22:50:00,2025-07-15T22:50:00,0.4241,823.5445017432687,15.248970546341013,853.4083812496447,1,profile_incumbent,69.4286029498274,50.59406458297792,0.0,0.0,0.0,0.0,0.0,5336.635110168757,5382.169768293437,0.0,45.11285005271702,0.0,4443.986776473101,4484.588341520546,0.0,361.9304944879743,0.0,361.9304944879743
2025-07-15,138,4853.71,2025-07-15T23:00:00,2025-07-15T22:50:00,23:00:00,197,EI,0.0,23:00:00,197,EI,0.6174,23:00:00,197,EI,0.4237,808.9516666666667,0.0,4853.71,808.9516666666667,2025-07-15T23:00:00,2025-07-15 00:00:00,2025-07-15 00:00:00,2025-07-15T23:00:00,2025-07-15T23:00:00,0.4237,822.5418036655348,19.277060087193455,860.3245007045552,1,profile_incumbent,69.4286029498274,51.37283403788854,0.0,0.0,0.0,0.0,0.0,5382.169768293437,5428.405318927537,0.0,57.05975712621398,0.0,4484.588341520546,4535.942122934139,0.0,364.51949094852006,0.0,364.51949094852006
2025-07-15,139,4528.565,2025-07-15T23:10:00,2025-07-15T23:00:00,23:10:00,197,EJ,0.0,23:10:00,197,EJ,0.5992,23:10:00,197,EJ,0.4248,754.7608333333333,0.0,4528.565,754.7608333333333,2025-07-15T23:10:00,2025-07-15 00:00:00,2025-07-15 00:00:00,2025-07-15T23:10:00,2025-07-15T23:10:00,0.4248,834.4217769305319,22.72501653949093,872.1717727667768,1,profile_incumbent,91.33434670092174,117.41093943344356,0.0,0.0,0.0,0.0,0.0,5428.405318927537,5534.075164417636,0.0,60.4750123757359,0.0,4535.942122934139,4590.369634072301,0.0,370.4985690713268,0.0,370.4985690713268
2025-07-15,140,4485.3773,2025-07-15T23:20:00,2025-07-15T23:10:00,23:20:00,197,EK,0.0,23:20:00,197,EK,0.5757,23:20:00,197,EK,0.424,747.5628833333334,0.0,4485.3773,747.5628833333334,2025-07-15T23:20:00,2025-07-15 00:00:00,2025-07-15 00:00:00,2025-07-15T23:20:00,2025-07-15T23:20:00,0.424,809.5097218937319,25.524258504625056,849.258541546843,1,profile_incumbent,91.33434670092174,101.69565821350966,0.0,0.0,0.0,0.0,0.0,5534.075164417636,5625.601256809795,0.0,65.27307815773622,0.0,4590.369634072301,4649.115404414263,0.0,360.08562161586144,0.0,360.08562161586144
2025-07-15,141,4683.0,2025-07-15T23:30:00,2025-07-15T23:20:00,23:30:00,197,EL,0.0,23:30:00,197,EL,0.5621,23:30:00,197,EL,0.422,780.5,0.0,4683.0,780.5,2025-07-15T23:30:00,2025-07-15 00:00:00,2025-07-15 00:00:00,2025-07-15T23:30:00,2025-07-15T23:30:00,0.422,766.6989066746289,27.62057406508996,818.1642533108551,1,profile_incumbent,91.33434670092174,37.66425331085509,0.0,0.0,0.0,0.0,0.0,5625.601256809795,5659.499084789564,0.0,79.08592070131613,0.0,4649.115404414263,4720.292733045448,0.0,345.2653148971808,0.0,345.2653148971808
2025-07-15,142,4510.0133,2025-07-15T23:40:00,2025-07-15T23:30:00,23:40:00,197,EM,0.0,23:40:00,197,EM,0.4922,23:40:00,197,EM,0.424,751.6688833333333,0.0,4510.0133,751.6688833333333,2025-07-15T23:40:00,2025-07-15 00:00:00,2025-07-15 00:00:00,2025-07-15T23:40:00,2025-07-15T23:40:00,0.424,779.260195907379,28.974560096776006,829.3633074194723,1,profile_incumbent,91.33434670092174,77.69442408613907,0.0,0.0,0.0,0.0,0.0,5659.499084789564,5729.42406646709,0.0,79.07767160886931,0.0,4720.292733045448,4791.46263749343,0.0,351.65004234585626,0.0,351.65004234585626
2025-07-15,143,4423.4005,2025-07-15T23:50:00,2025-07-15T23:40:00,23:50:00,197,EN,0.0,23:50:00,197,EN,0.4824,23:50:00,197,EN,0.4271,737.2334166666666,0.0,4423.4005,737.2334166666666,2025-07-15T23:50:00,2025-07-15 00:00:00,2025-07-15 00:00:00,2025-07-15T23:50:00,2025-07-15T23:50:00,0.4271,807.5845205333197,29.56190022740419,848.684159440997,1,profile_incumbent,91.33434670092174,111.45074277433037,0.0,0.0,0.0,0.0,0.0,5729.42406646709,5829.729734963987,0.0,70.6615391350814,0.0,4791.46263749343,4855.058022715003,0.0,362.4730044972498,0.0,362.4730044972498
2025-07-15,144,4568.4,2025-07-16T00:00:00,2025-07-15T23:50:00,0:00+1,197,EO,0.0,0:00+1,197,EO,0.5402,0:00+1,197,EO,0.4276,761.4,0.0,4568.4,761.4,2025-07-16T00:00:00,2025-07-15 00:00:00,2025-07-15 00:00:00,2025-07-16T00:00:00,2025-07-16T00:00:00,0.4276,808.0052480056836,29.373480506655987,854.6323494071838,1,profile_incumbent,91.33434670092174,93.23234940718385,0.0,0.0,0.0,0.0,0.0,5829.729734963987,5913.638849430452,0.0,76.00058190815616,0.0,4855.058022715003,4923.458546432344,0.0,365.44079260651176,0.0,365.44079260651176
2025-07-16,1,4580.642,2025-07-16T00:10:00,2025-07-16T00:00:00,00:10:00,198,B,0.0,00:10:00,198,B,0.5532,00:10:00,198,B,0.4248,763.4403333333333,0.0,4580.642,763.4403333333333,2025-07-16T00:10:00,2025-07-16 00:00:00,2025-07-16 00:00:00,2025-07-16T00:10:00,2025-07-16T00:10:00,0.4248,767.0867288214182,1.2989938542666764,1147.8694339215547,1,profile_incumbent,61.634024429862905,384.42910058822133,0.0,0.0,0.0,0.0,0.0,5913.638849430452,6259.625039959851,0.0,382.0816989544031,0.0,5913.638849430452,6257.512378489415,0.0,487.61493552987645,0.0,487.61493552987645
2025-07-16,2,4418.3657,2025-07-16T00:20:00,2025-07-16T00:10:00,00:20:00,198,C,0.0,00:20:00,198,C,0.5547,00:20:00,198,C,0.4245,736.3942833333334,0.0,4418.3657,736.3942833333334,2025-07-16T00:20:00,2025-07-16 00:00:00,2025-07-16 00:00:00,2025-07-16T00:20:00,2025-07-16T00:20:00,0.4245,762.8197056232589,1.6052575709302914,1186.2821768126053,1,profile_incumbent,61.634024429862905,449.88789347927184,0.0,0.0,0.0,0.0,0.0,6259.625039959851,6664.524144091196,0.0,425.0677287602766,0.0,6257.512378489415,6640.073334373664,0.0,503.57678405695094,0.0,503.57678405695094
2025-07-16,3,4321.88,2025-07-16T00:30:00,2025-07-16T00:20:00,00:30:00,198,D,0.0,00:30:00,198,D,0.548,00:30:00,198,D,0.4269,720.3133333333334,0.0,4321.88,720.3133333333334,2025-07-16T00:30:00,2025-07-16 00:00:00,2025-07-16 00:00:00,2025-07-16T00:30:00,2025-07-16T00:30:00,0.4269,788.0060068593848,0.9558411300466894,1155.819282785281,1,profile_incumbent,61.634024429862905,435.5059494519477,0.0,0.0,0.0,0.0,0.0,6664.524144091196,7056.479498597949,0.0,368.76911705594307,0.0,6640.073334373664,6971.965539724012,0.0,493.4192518210365,0.0,493.4192518210365
2025-07-16,4,4524.4124,2025-07-16T00:40:00,2025-07-16T00:30:00,00:40:00,198,E,0.0,00:40:00,198,E,0.5004,00:40:00,198,E,0.4272,754.0687333333334,0.0,4524.4124,754.0687333333334,2025-07-16T00:40:00,2025-07-16 00:00:00,2025-07-16 00:00:00,2025-07-16T00:40:00,2025-07-16T00:40:00,0.4272,793.3616275534614,0.0,1164.3906518920037,1,profile_incumbent,61.634024429862905,410.3219185586703,0.0,0.0,0.0,0.0,0.0,7056.479498597949,7425.769225300752,0.0,371.0290243385423,0.0,6971.965539724012,7305.891661628701,0.0,497.427686488264,0.0,497.427686488264
2025-07-16,5,4484.4518,2025-07-16T00:50:00,2025-07-16T00:40:00,00:50:00,198,F,0.0,00:50:00,198,F,0.498,00:50:00,198,F,0.4271,747.4086333333333,0.0,4484.4518,747.4086333333333,2025-07-16T00:50:00,2025-07-16 00:00:00,2025-07-16 00:00:00,2025-07-16T00:50:00,2025-07-16T00:50:00,0.4271,785.0228160127593,0.0,1138.2401709873918,1,profile_incumbent,61.634024429862905,390.8315376540585,0.0,0.0,0.0,0.0,0.0,7425.769225300752,7777.5176091894045,0.0,353.2173549746325,0.0,7305.891661628701,7623.78728110587,0.0,486.14237702871503,0.0,486.14237702871503
2025-07-16,6,4224.64,2025-07-16T01:00:00,2025-07-16T00:50:00,01:00:00,198,G,0.0,01:00:00,198,G,0.5385,01:00:00,198,G,0.4285,704.1066666666667,0.0,4224.64,704.1066666666667,2025-07-16T01:00:00,2025-07-16 00:00:00,2025-07-16 00:00:00,2025-07-16T01:00:00,2025-07-16T01:00:00,0.4285,782.0672966046493,0.0,988.8427371618544,1,profile_incumbent,61.634024429862905,284.73607049518773,0.0,0.0,0.0,0.0,0.0,7777.5176091894045,8033.780072635073,0.0,206.77544055720512,0.0,7623.78728110587,7809.885177607354,0.0,423.7191128738546,0.0,423.7191128738546
2025-07-16,7,4296.9771,2025-07-16T01:10:00,2025-07-16T01:00:00,01:10:00,198,H,0.0,01:10:00,198,H,0.5349,01:10:00,198,H,0.4311,716.16285,0.0,4296.9771,716.16285,2025-07-16T01:10:00,2025-07-16 00:00:00,2025-07-16 00:00:00,2025-07-16T01:10:00,2025-07-16T01:10:00,0.4311,793.4866967866433,0.0,992.3309902292266,1,profile_incumbent,60.10709198272169,276.16814022922654,0.0,0.0,0.0,0.0,0.0,8033.780072635073,8282.331398841377,0.0,198.8442934425833,0.0,7809.885177607354,7988.845041705679,0.0,427.79388988781955,0.0,427.79388988781955
2025-07-16,8,4353.1848,2025-07-16T01:20:00,2025-07-16T01:10:00,01:20:00,198,I,0.0,01:20:00,198,I,0.5341,01:20:00,198,I,0.4302,725.5308,0.0,4353.1848,725.5308,2025-07-16T01:20:00,2025-07-16 00:00:00,2025-07-16 00:00:00,2025-07-16T01:20:00,2025-07-16T01:20:00,0.4302,795.5659479406863,0.0,941.7732566209945,1,profile_incumbent,60.10709198272169,216.24245662099452,0.0,0.0,0.0,0.0,0.0,8282.331398841377,8476.949609800273,0.0,146.2073086803082,0.0,7988.845041705679,8120.431619517956,0.0,405.15085499835186,0.0,405.15085499835186
2025-07-16,9,4316.82,2025-07-16T01:30:00,2025-07-16T01:20:00,01:30:00,198,J,0.0,01:30:00,198,J,0.5494,01:30:00,198,J,0.4279,719.4699999999999,0.0,4316.82,719.4699999999999,2025-07-16T01:30:00,2025-07-16 00:00:00,2025-07-16 00:00:00,2025-07-16T01:30:00,2025-07-16T01:30:00,0.4279,780.1802335596373,0.0,907.1511245080703,1,profile_incumbent,60.10709198272169,187.6811245080704,0.0,0.0,0.0,0.0,0.0,8476.949609800273,8645.862621857535,0.0,126.97089094843307,0.0,8120.431619517956,8234.705421371546,0.0,388.1699661770033,0.0,388.1699661770033
2025-07-16,10,4483.8293,2025-07-16T01:40:00,2025-07-16T01:30:00,01:40:00,198,K,0.0,01:40:00,198,K,0.5417,01:40:00,198,K,0.4312,747.3048833333334,0.0,4483.8293,747.3048833333334,2025-07-16T01:40:00,2025-07-16 00:00:00,2025-07-16 00:00:00,2025-07-16T01:40:00,2025-07-16T01:40:00,0.4312,765.3460018953414,0.0,898.3136431131546,1,profile_incumbent,60.10709198272169,151.00875977982128,0.0,0.0,0.0,0.0,0.0,8645.862621857535,8781.770505659375,0.0,132.96764121781325,0.0,8234.705421371546,8354.376298467578,0.0,387.3528429103923,0.0,387.3528429103923
2025-07-16,11,4630.4974,2025-07-16T01:50:00,2025-07-16T01:40:00,01:50:00,198,L,0.0,01:50:00,198,L,0.533,01:50:00,198,L,0.4333,771.7495666666667,0.0,4630.4974,771.7495666666667,2025-07-16T01:50:00,2025-07-16 00:00:00,2025-07-16 00:00:00,2025-07-16T01:50:00,2025-07-16T01:50:00,0.4333,776.3565750262775,0.0,911.1751348844634,1,profile_incumbent,60.10709198272169,139.4255682177967,0.0,0.0,0.0,0.0,0.0,8781.770505659375,8907.253517055393,0.0,134.81855985818595,0.0,8354.376298467578,8475.713002339946,0.0,394.81218594543805,0.0,394.81218594543805
2025-07-16,12,4666.23,2025-07-16T02:00:00,2025-07-16T01:50:00,02:00:00,198,M,0.0,02:00:00,198,M,0.5396,02:00:00,198,M,0.4311,777.7049999999999,0.0,4666.23,777.7049999999999,2025-07-16T02:00:00,2025-07-16 00:00:00,2025-07-16 00:00:00,2025-07-16T02:00:00,2025-07-16T02:00:00,0.4311,787.9003339674344,0.0,907.4976079448983,1,profile_incumbent,60.10709198272169,129.79260794489835,0.0,0.0,0.0,0.0,0.0,8907.253517055393,9024.0668642058,0.0,119.59727397746383,0.0,8475.713002339946,8583.350548919663,0.0,391.22221878504564,0.0,391.22221878504564
2025-07-16,13,4720.0908,2025-07-16T02:10:00,2025-07-16T02:00:00,02:10:00,198,N,0.0,02:10:00,198,N,0.5517,02:10:00,198,N,0.4293,786.6818,0.0,4720.0908,786.6818,2025-07-16T02:10:00,2025-07-16 00:00:00,2025-07-16 00:00:00,2025-07-16T02:10:00,2025-07-16T02:10:00,0.4293,753.7555729499703,0.0,881.2642740834797,1,profile_incumbent,63.38402866976901,94.58247408347972,0.0,0.0,0.0,0.0,0.0,9024.0668642058,9109.191090880933,0.0,127.50870113350936,0.0,8583.350548919663,8698.108379939822,0.0,378.3267528640378,0.0,378.3267528640378
2025-07-16,14,4727.2693,2025-07-16T02:20:00,2025-07-16T02:10:00,02:20:00,198,O,0.0,02:20:00,198,O,0.5436,02:20:00,198,O,0.4324,787.8782166666666,0.0,4727.2693,787.8782166666666,2025-07-16T02:20:00,2025-07-16 00:00:00,2025-07-16 00:00:00,2025-07-16T02:20:00,2025-07-16T02:20:00,0.4324,747.9108644346763,0.0,891.9061970426527,1,profile_incumbent,63.38402866976901,104.02798037598609,0.0,0.0,0.0,0.0,0.0,9109.191090880933,9202.816273219321,0.0,143.99533260797637,0.0,8698.108379939822,8827.704179287,0.0,385.66023960124306,0.0,385.66023960124306
2025-07-16,15,4613.66,2025-07-16T02:30:00,2025-07-16T02:20:00,02:30:00,198,P,0.0,02:30:00,198,P,0.5136,02:30:00,198,P,0.4367,768.9433333333333,0.0,4613.66,768.9433333333333,2025-07-16T02:30:00,2025-07-16 00:00:00,2025-07-16 00:00:00,2025-07-16T02:30:00,2025-07-16T02:30:00,0.4367,765.735270914584,0.0,892.0155987970445,1,profile_incumbent,63.38402866976901,123.07226546371123,0.0,0.0,0.0,0.0,0.0,9202.816273219321,9313.581312136661,0.0,126.28032788246048,0.0,8827.704179287,8941.356474381215,0.0,389.5432119946693,0.0,389.5432119946693
2025-07-16,16,4400.7161,2025-07-16T02:40:00,2025-07-16T02:30:00,02:40:00,198,Q,0.0,02:40:00,198,Q,0.4906,02:40:00,198,Q,0.4348,733.4526833333333,0.0,4400.7161,733.4526833333333,2025-07-16T02:40:00,2025-07-16 00:00:00,2025-07-16 00:00:00,2025-07-16T02:40:00,2025-07-16T02:40:00,0.4348,734.9098573193756,0.0,879.785423340408,1,profile_incumbent,63.38402866976901,146.33274000707468,0.0,0.0,0.0,0.0,0.0,9313.581312136661,9445.280778143027,0.0,144.87556602103234,0.0,8941.356474381215,9071.744483800145,0.0,382.5307020684094,0.0,382.5307020684094
2025-07-16,17,4306.73,2025-07-16T02:50:00,2025-07-16T02:40:00,02:50:00,198,R,0.0,02:50:00,198,R,0.5106,02:50:00,198,R,0.4335,717.7883333333333,0.0,4306.73,717.7883333333333,2025-07-16T02:50:00,2025-07-16 00:00:00,2025-07-16 00:00:00,2025-07-16T02:50:00,2025-07-16T02:50:00,0.4335,743.2446726154075,0.0,859.8219224722006,1,profile_incumbent,63.38402866976901,142.03358913886734,0.0,0.0,0.0,0.0,0.0,9445.280778143027,9573.111008368009,0.0,116.57724985679317,0.0,9071.744483800145,9176.664008671258,0.0,372.73280339169895,0.0,372.73280339169895
2025-07-16,18,4214.31,2025-07-16T03:00:00,2025-07-16T02:50:00,03:00:00,198,S,0.0,03:00:00,198,S,0.5297,03:00:00,198,S,0.4357,702.3850000000001,0.0,4214.31,702.3850000000001,2025-07-16T03:00:00,2025-07-16 00:00:00,2025-07-16 00:00:00,2025-07-16T03:00:00,2025-07-16T03:00:00,0.4357,781.0030626992185,0.0,877.416421658837,1,profile_incumbent,63.38402866976901,175.03142165883685,0.0,0.0,0.0,0.0,0.0,9573.111008368009,9730.639287860962,0.0,96.41335895961845,0.0,9176.664008671258,9263.436031734915,0.0,382.2903349167552,0.0,382.2903349167552
2025-07-16,19,3852.2986,2025-07-16T03:10:00,2025-07-16T03:00:00,03:10:00,198,T,0.0,03:10:00,198,T,0.4703,03:10:00,198,T,0.4374,642.0497666666666,0.0,3852.2986,642.0497666666666,2025-07-16T03:10:00,2025-07-16 00:00:00,2025-07-16 00:00:00,2025-07-16T03:10:00,2025-07-16T03:10:00,0.4374,745.9960485250498,0.0,862.1768490384238,1,profile_incumbent,61.01284760849507,220.12708237175718,0.0,0.0,0.0,0.0,0.0,9730.639287860962,9928.753661995544,0.0,116.18080051337404,0.0,9263.436031734915,9367.99875219695,0.0,377.1161537694066,0.0,377.1161537694066
2025-07-16,20,3838.2022,2025-07-16T03:20:00,2025-07-16T03:10:00,03:20:00,198,U,0.0,03:20:00,198,U,0.4388,03:20:00,198,U,0.4371,639.7003666666667,0.0,3838.2022,639.7003666666667,2025-07-16T03:20:00,2025-07-16 00:00:00,2025-07-16 00:00:00,2025-07-16T03:20:00,2025-07-16T03:20:00,0.4371,717.2739688429435,0.0,833.6296522731952,1,profile_incumbent,61.01284760849507,193.92928560652854,0.0,0.0,0.0,0.0,0.0,9928.753661995544,10103.29001904142,0.0,116.3556834302517,0.0,9367.99875219695,9472.718867284177,0.0,364.3795210086136,0.0,364.3795210086136
2025-07-16,21,4242.51,2025-07-16T03:30:00,2025-07-16T03:20:00,03:30:00,198,V,0.0,03:30:00,198,V,0.4686,03:30:00,198,V,0.4356,707.085,0.0,4242.51,707.085,2025-07-16T03:30:00,2025-07-16 00:00:00,2025-07-16 00:00:00,2025-07-16T03:30:00,2025-07-16T03:30:00,0.4356,728.1531366026352,0.0,814.3613874317932,1,profile_incumbent,61.01284760849507,107.27638743179318,0.0,0.0,0.0,0.0,0.0,10103.29001904142,10199.838767730034,0.0,86.20825082915803,0.0,9472.718867284177,9550.306293030419,0.0,354.7358203652891,0.0,354.7358203652891
2025-07-16,22,4462.2221,2025-07-16T03:40:00,2025-07-16T03:30:00,03:40:00,198,W,0.0127,03:40:00,198,W,0.4858,03:40:00,198,W,0.4353,743.7036833333333,0.0021166666666666664,4462.2094,743.7015666666666,2025-07-16T03:40:00,2025-07-16 00:00:00,2025-07-16 00:00:00,2025-07-16T03:40:00,2025-07-16T03:40:00,0.4353,731.6785741814672,0.0,836.8226646509659,1,profile_incumbent,61.01284760849507,93.12109798429924,0.0,0.0,0.0,0.0,0.0,10199.838767730034,10283.647755915903,0.0,105.14409046949868,0.0,9550.306293030419,9644.935974452967,0.0,364.26890592256547,0.0,364.26890592256547
2025-07-16,23,4313.5945,2025-07-16T03:50:00,2025-07-16T03:40:00,03:50:00,198,X,0.0,03:50:00,198,X,0.4748,03:50:00,198,X,0.436,718.9324166666667,0.0,4313.5945,718.9324166666667,2025-07-16T03:50:00,2025-07-16 00:00:00,2025-07-16 00:00:00,2025-07-16T03:50:00,2025-07-16T03:50:00,0.436,729.5391230487902,0.0,841.6797152723794,1,profile_incumbent,61.01284760849507,122.74729860571279,0.0,0.0,0.0,0.0,0.0,10283.647755915903,10394.120324661044,0.0,112.14059222358924,0.0,9644.935974452967,9745.862507454196,0.0,366.97235585875745,0.0,366.97235585875745
2025-07-16,24,4171.63,2025-07-16T04:00:00,2025-07-16T03:50:00,04:00:00,198,Y,0.0,04:00:00,198,Y,0.49,04:00:00,198,Y,0.4378,695.2716666666666,0.0,4171.63,695.2716666666666,2025-07-16T04:00:00,2025-07-16 00:00:00,2025-07-16 00:00:00,2025-07-16T04:00:00,2025-07-16T04:00:00,0.4378,724.1595484544653,0.0,849.9164246987459,1,profile_incumbent,61.01284760849507,154.64475803207927,0.0,0.0,0.0,0.0,0.0,10394.120324661044,10533.300606889916,0.0,125.75687624428065,0.0,9745.862507454196,9859.043696074048,0.0,372.093410733111,0.0,372.093410733111
2025-07-16,25,4521.5007,2025-07-16T04:10:00,2025-07-16T04:00:00,04:10:00,198,Z,0.1765,04:10:00,198,Z,0.5815,04:10:00,198,Z,0.4401,753.58345,0.029416666666666664,4521.3242,753.5540333333333,2025-07-16T04:10:00,2025-07-16 00:00:00,2025-07-16 00:00:00,2025-07-16T04:10:00,2025-07-16T04:10:00,0.4401,710.5863859803902,0.0,811.7452133551417,1,profile_incumbent,87.93171045225684,58.19118002180835,0.0,0.0,0.0,0.0,0.0,10533.300606889916,10585.672668909543,0.0,101.15882737475147,0.0,9859.043696074048,9950.086640711324,0.0,357.24906839759785,0.0,357.24906839759785
2025-07-16,26,4555.1626,2025-07-16T04:20:00,2025-07-16T04:10:00,04:20:00,198,AA,0.0,04:20:00,198,AA,0.5749,04:20:00,198,AA,0.4389,759.1937666666666,0.0,4555.1626,759.1937666666666,2025-07-16T04:20:00,2025-07-16 00:00:00,2025-07-16 00:00:00,2025-07-16T04:20:00,2025-07-16T04:20:00,0.4389,703.660298946275,0.0,812.8340430618887,1,profile_incumbent,87.93171045225684,53.64027639522203,0.0,0.0,0.0,0.0,0.0,10585.672668909543,10633.948917665242,0.0,109.17374411561366,0.0,9950.086640711324,10048.343010415376,0.0,356.75286149986295,0.0,356.75286149986295
2025-07-16,27,4224.77,2025-07-16T04:30:00,2025-07-16T04:20:00,04:30:00,198,AB,0.0,04:30:00,198,AB,0.4738,04:30:00,198,AB,0.4364,704.1283333333334,0.0,4224.77,704.1283333333334,2025-07-16T04:30:00,2025-07-16 00:00:00,2025-07-16 00:00:00,2025-07-16T04:30:00,2025-07-16T04:30:00,0.4364,712.798223060904,0.0,806.1619680169141,1,profile_incumbent,87.93171045225684,102.03363468358066,0.0,0.0,0.0,0.0,0.0,10633.948917665242,10725.779188880464,0.0,93.36374495601012,0.0,10048.343010415376,10132.370380875785,0.0,351.80908284258135,0.0,351.80908284258135
2025-07-16,28,4266.3758,2025-07-16T04:40:00,2025-07-16T04:30:00,04:40:00,198,AC,2.458,04:40:00,198,AC,0.4588,04:40:00,198,AC,0.4393,711.0626333333333,0.4096666666666667,4263.9178,710.6529666666667,2025-07-16T04:40:00,2025-07-16 00:00:00,2025-07-16 00:00:00,2025-07-16T04:40:00,2025-07-16T04:40:00,0.4393,727.916770881385,13.199434202251611,831.5036175404385,1,profile_incumbent,87.93171045225684,82.46756791059549,0.0,0.0,38.38308296317639,38.38308296317639,0.0,10725.779188880464,10800.0,0.0,116.78628086130516,0.0,10132.370380875785,10237.47803365096,0.0,365.2795391855147,0.0,365.2795391855147
2025-07-16,29,4229.3833,2025-07-16T04:50:00,2025-07-16T04:40:00,04:50:00,198,AD,0.0,04:50:00,198,AD,0.482,04:50:00,198,AD,0.4422,704.8972166666667,0.0,4229.3833,704.8972166666667,2025-07-16T04:50:00,2025-07-16 00:00:00,2025-07-16 00:00:00,2025-07-16T04:50:00,2025-07-16T04:50:00,0.4422,706.3615840254408,30.640983657499163,799.3288588380584,1,profile_incumbent,87.93171045225684,0.0,0.0,0.0,94.43164217139167,94.43164217139167,0.0,10800.0,10800.0,0.0,123.60825847011677,0.0,10237.47803365096,10348.725466274065,0.0,353.4632213781894,0.0,353.4632213781894
2025-07-16,30,4067.67,2025-07-16T05:00:00,2025-07-16T04:50:00,05:00:00,198,AE,0.0,05:00:00,198,AE,0.5032,05:00:00,198,AE,0.4395,677.945,0.0,4067.67,677.945,2025-07-16T05:00:00,2025-07-16 00:00:00,2025-07-16 00:00:00,2025-07-16T05:00:00,2025-07-16T05:00:00,0.4395,674.6741080491403,50.21922197235513,767.8672891279318,1,profile_incumbent,87.93171045225684,0.0,0.0,0.0,89.92228912793178,89.92228912793178,0.0,10800.0,10800.0,0.0,143.41240305114673,0.0,10348.725466274065,10477.796629020097,0.0,337.47767357172603,0.0,337.47767357172603
2025-07-16,31,4237.1542,2025-07-16T05:10:00,2025-07-16T05:00:00,05:10:00,198,AF,75.3579,05:10:00,198,AF,0.5331,05:10:00,198,AF,0.4333,706.1923666666667,12.55965,4161.7963,693.6327166666666,2025-07-16T05:10:00,2025-07-16 00:00:00,2025-07-16 00:00:00,2025-07-16T05:10:00,2025-07-16T05:10:00,0.4333,701.8185302104258,71.93553123353755,743.9349866083809,1,profile_incumbent,70.29700330182955,0.0,0.0,0.0,50.30226994171426,50.30226994171426,0.0,10800.0,10800.0,0.0,114.05198763149258,0.0,10477.796629020097,10580.44341788844,0.0,322.3470296974115,0.0,322.3470296974115
2025-07-16,32,4362.7107,2025-07-16T05:20:00,2025-07-16T05:10:00,05:20:00,198,AG,215.8652,05:20:00,198,AG,0.5189,05:20:00,198,AG,0.4439,727.1184499999999,35.977533333333334,4146.845499999999,691.1409166666666,2025-07-16T05:20:00,2025-07-16 00:00:00,2025-07-16 00:00:00,2025-07-16T05:20:00,2025-07-16T05:20:00,0.4439,720.6734920833329,95.77491503204175,729.9807177381809,1,profile_incumbent,70.29700330182955,0.0,0.0,0.0,38.83980107151433,38.83980107151433,0.0,10800.0,10800.0,0.0,105.08214068688983,0.0,10580.44341788844,10675.017344506641,0.0,324.03844060397853,0.0,324.03844060397853
2025-07-16,33,4153.52,2025-07-16T05:30:00,2025-07-16T05:20:00,05:30:00,198,AH,392.5125,05:30:00,198,AH,0.4377,05:30:00,198,AH,0.4301,692.2533333333334,65.41875,3761.0075000000006,626.8345833333334,2025-07-16T05:30:00,2025-07-16 00:00:00,2025-07-16 00:00:00,2025-07-16T05:30:00,2025-07-16T05:30:00,0.4301,700.1316275804878,121.706175388836,741.7319676642677,1,profile_incumbent,70.29700330182955,0.0,0.0,0.0,114.8973843309343,114.8973843309343,0.0,10800.0,10800.0,0.0,138.86961721484315,0.0,10675.017344506641,10800.0,24.436898257772697,319.0189192924015,0.0,319.0189192924015
2025-07-16,34,3849.2793,2025-07-16T05:40:00,2025-07-16T05:30:00,05:40:00,198,AI,577.4516,05:40:00,198,AI,0.3718,05:40:00,198,AI,0.3713,641.54655,96.24193333333334,3271.8277000000003,545.3046166666667,2025-07-16T05:40:00,2025-07-16 00:00:00,2025-07-16 00:00:00,2025-07-16T05:40:00,2025-07-16T05:40:00,0.3713,686.4734730139874,149.68223495004332,1393.769971762254,1,profile_incumbent,70.29700330182955,0.0,0.0,0.0,848.4653550955873,848.4653550955873,0.0,10800.0,10800.0,0.0,0.0,0.0,10800.0,10800.0,856.97873369831,517.506790515325,0.0,517.506790515325
2025-07-16,35,4532.8356,2025-07-16T05:50:00,2025-07-16T05:40:00,05:50:00,198,AJ,786.3417,05:50:00,198,AJ,0.6173,05:50:00,198,AJ,0.5708,755.4726,131.05695,3746.4939000000004,624.41565,2025-07-16T05:50:00,2025-07-16 00:00:00,2025-07-16 00:00:00,2025-07-16T05:50:00,2025-07-16T05:50:00,0.5708,747.4418786417823,179.64059586848688,626.1742046496169,1,profile_incumbent,70.29700330182955,0.0,0.0,0.0,1.7585546496168263,1.7585546496168263,0.0,10800.0,10800.0,0.0,0.0,0.0,10800.0,10800.0,58.37292187632147,357.42023601400126,0.0,357.42023601400126
2025-07-16,36,5690.36,2025-07-16T06:00:00,2025-07-16T05:50:00,06:00:00,198,AK,1021.875,06:00:00,198,AK,0.9996,06:00:00,198,AK,0.9099,948.3933333333333,170.3125,4668.485,778.0808333333333,2025-07-16T06:00:00,2025-07-16 00:00:00,2025-07-16 00:00:00,2025-07-16T06:00:00,2025-07-16T06:00:00,0.9099,851.7875221316941,211.50392542523986,0.0,1,profile_incumbent,70.29700330182955,0.0,778.0808333333333,0.0,0.0,0.0,0.0,10800.0,9935.465740740741,0.0,0.0,640.2835967064543,10800.0,10088.573781437273,0.0,0.0,0.0,0.0
2025-07-16,37,5635.1448,2025-07-16T06:10:00,2025-07-16T06:00:00,06:10:00,198,AL,1270.5591,06:10:00,198,AL,1.0105,06:10:00,198,AL,0.9368,939.1908,211.75985,4364.5857,727.4309499999999,2025-07-16T06:10:00,2025-07-16 00:00:00,2025-07-16 00:00:00,2025-07-16T06:10:00,2025-07-16T06:10:00,0.9368,893.4832670882317,245.1807572778306,0.0,1,profile_incumbent,35.45557289916977,0.0,727.4309499999999,0.0,0.0,0.0,0.0,9935.465740740741,9127.20912962963,0.0,0.0,648.3025098104011,10088.573781437273,9368.237659425717,0.0,0.0,0.0,0.0
2025-07-16,38,5172.6163,2025-07-16T06:20:00,2025-07-16T06:10:00,06:20:00,198,AM,1548.3613,06:20:00,198,AM,0.8917,06:20:00,198,AM,0.8758,862.1027166666667,258.0602166666667,3624.2549999999997,604.0425,2025-07-16T06:20:00,2025-07-16 00:00:00,2025-07-16 00:00:00,2025-07-16T06:20:00,2025-07-16T06:20:00,0.8758,881.9829468161241,280.5662962634116,0.0,1,profile_incumbent,35.45557289916977,0.0,604.0425,0.0,0.0,0.0,0.0,9127.20912962963,8456.050796296297,0.0,0.0,601.4166505527126,9368.237659425717,8699.99693658937,0.0,0.0,0.0,0.0
2025-07-16,39,4999.83,2025-07-16T06:30:00,2025-07-16T06:20:00,06:30:00,198,AN,1842.15,06:30:00,198,AN,0.8539,06:30:00,198,AN,0.8759,833.305,307.02500000000003,3157.68,526.28,2025-07-16T06:30:00,2025-07-16 00:00:00,2025-07-16 00:00:00,2025-07-16T06:30:00,2025-07-16T06:30:00,0.8759,863.0504850174011,317.5433139441141,0.0,1,profile_incumbent,35.45557289916977,0.0,526.28,0.0,0.0,0.0,0.0,8456.050796296297,7871.295240740741,0.0,0.0,545.507171073287,8699.99693658937,8093.877857619052,0.0,0.0,0.0,0.0
2025-07-16,40,5044.7611,2025-07-16T06:40:00,2025-07-16T06:30:00,06:40:00,198,AO,2119.9244,06:40:00,198,AO,0.8677,06:40:00,198,AO,0.8601,840.7935166666666,353.3207333333333,2924.8367,487.4727833333333,2025-07-16T06:40:00,2025-07-16 00:00:00,2025-07-16 00:00:00,2025-07-16T06:40:00,2025-07-16T06:40:00,0.8601,872.7542943377761,355.98312156281634,0.0,1,profile_incumbent,35.45557289916977,0.0,487.4727833333333,0.0,0.0,0.0,0.0,7871.295240740741,7329.658814814815,0.0,0.0,516.7711727749597,8093.877857619052,7519.687665646874,0.0,0.0,0.0,0.0
2025-07-16,41,5162.7975,2025-07-16T06:50:00,2025-07-16T06:40:00,06:50:00,198,AP,2420.2615,06:50:00,198,AP,0.845,06:50:00,198,AP,0.8442,860.46625,403.37691666666666,2742.5359999999996,457.0893333333333,2025-07-16T06:50:00,2025-07-16 00:00:00,2025-07-16 00:00:00,2025-07-16T06:50:00,2025-07-16T06:50:00,0.8442,884.2752731774816,395.74660678162553,0.0,1,profile_incumbent,35.45557289916977,0.0,457.0893333333333,0.0,0.0,0.0,0.0,7329.658814814815,6821.781777777778,0.0,0.0,488.5286663958561,7519.687665646874,6976.878036318145,0.0,0.0,0.0,0.0
2025-07-16,42,5172.43,2025-07-16T07:00:00,2025-07-16T06:50:00,07:00:00,198,AQ,2780.325,07:00:00,198,AQ,0.768,07:00:00,198,AQ,0.8334,862.0716666666667,463.3875,2392.1050000000005,398.6841666666667,2025-07-16T07:00:00,2025-07-16 00:00:00,2025-07-16 00:00:00,2025-07-16T07:00:00,2025-07-16T07:00:00,0.8334,880.0494920773266,436.68532049971225,0.0,1,profile_incumbent,35.45557289916977,0.0,398.6841666666667,0.0,0.0,0.0,0.0,6821.781777777778,6378.7993703703705,0.0,0.0,443.36417157761434,6976.878036318145,6484.251179009684,0.0,0.0,0.0,0.0
2025-07-16,43,5010.78,2025-07-16T07:10:00,2025-07-16T07:00:00,07:10:00,198,AR,3180.6491,07:10:00,198,AR,0.7041,07:10:00,198,AR,0.8092,835.13,530.1081833333334,1830.1308999999997,305.0218166666666,2025-07-16T07:10:00,2025-07-16 00:00:00,2025-07-16 00:00:00,2025-07-16T07:10:00,2025-07-16T07:10:00,0.8092,870.5612765556099,478.64260018522305,160.1299122617684,1,profile_incumbent,17.270021165006742,0.0,144.89190440489824,0.0,0.0,0.0,0.0,6378.7993703703705,6217.808365476039,0.0,0.0,231.78876410861847,6484.251179009684,6226.708107777886,0.0,129.577125002223,0.0,129.577125002223
2025-07-16,44,5162.4855,2025-07-16T07:20:00,2025-07-16T07:10:00,07:20:00,198,AS,3461.8994,07:20:00,198,AS,0.7224,07:20:00,198,AS,0.7972,860.4142499999999,576.9832333333333,1700.5861,283.43101666666666,2025-07-16T07:20:00,2025-07-16 00:00:00,2025-07-16 00:00:00,2025-07-16T07:20:00,2025-07-16T07:20:00,0.7972,876.1342694402977,521.4547164978303,331.326935112012,1,profile_incumbent,17.270021165006742,47.89591844534527,0.0,0.0,0.0,0.0,0.0,6217.808365476039,6260.91469207685,0.0,0.0,23.3526178304553,6226.708107777886,6200.7607546329355,0.0,264.133832671296,0.0,264.133832671296
2025-07-16,45,5452.39,2025-07-16T07:30:00,2025-07-16T07:20:00,07:30:00,198,AT,3630.3,07:30:00,198,AT,0.7484,07:30:00,198,AT,0.7644,908.7316666666667,605.0500000000001,1822.0900000000001,303.6816666666666,2025-07-16T07:30:00,2025-07-16 00:00:00,2025-07-16 00:00:00,2025-07-16T07:30:00,2025-07-16T07:30:00,0.7644,869.9545378901668,564.9520305107785,304.70012525568734,1,profile_incumbent,17.270021165006742,1.0184585890207245,0.0,0.0,0.0,0.0,0.0,6260.91469207685,6261.831304806969,0.0,0.0,0.3023821237009088,6200.7607546329355,6200.42477449549,0.0,232.9127757454474,0.0,232.9127757454474
2025-07-16,46,5324.3712,2025-07-16T07:40:00,2025-07-16T07:30:00,07:40:00,198,AU,3860.9189,07:40:00,198,AU,0.6809,07:40:00,198,AU,0.6899,887.3951999999999,643.4864833333334,1463.4522999999995,243.90871666666658,2025-07-16T07:40:00,2025-07-16 00:00:00,2025-07-16 00:00:00,2025-07-16T07:40:00,2025-07-16T07:40:00,0.6899,833.3187660632294,608.9601495476684,281.4983703477113,1,profile_incumbent,17.270021165006742,37.58965368104464,0.0,0.0,0.0,0.0,0.0,6261.831304806969,6295.661993119908,0.0,57.13975383215018,0.0,6200.42477449549,6251.8505529444255,0.0,194.20572570288599,0.0,194.20572570288599
2025-07-16,47,5814.6898,2025-07-16T07:50:00,2025-07-16T07:40:00,07:50:00,198,AV,4199.6906,07:50:00,198,AV,0.8613,07:50:00,198,AV,0.86,969.1149666666666,699.9484333333334,1614.9992000000002,269.1665333333333,2025-07-16T07:50:00,2025-07-16 00:00:00,2025-07-16 00:00:00,2025-07-16T07:50:00,2025-07-16T07:50:00,0.86,962.5323692623571,653.3010705108418,0.0,1,profile_incumbent,17.270021165006742,0.0,269.1665333333333,0.0,0.0,0.0,0.0,6295.661993119908,5996.588067193982,0.0,0.0,309.2312987515153,6251.8505529444255,5908.260220998298,0.0,0.0,0.0,0.0
2025-07-16,48,6736.79,2025-07-16T08:00:00,2025-07-16T07:50:00,08:00:00,198,AW,4583.925,08:00:00,198,AW,1.1857,08:00:00,198,AW,1.1617,1122.7983333333334,763.9875000000001,2152.865,358.81083333333333,2025-07-16T08:00:00,2025-07-16 00:00:00,2025-07-16 00:00:00,2025-07-16T08:00:00,2025-07-16T08:00:00,1.1617,1173.2663567893585,697.7943005736913,0.0,1,profile_incumbent,17.270021165006742,0.0,358.81083333333333,0.0,0.0,0.0,0.0,5996.588067193982,5597.909363490278,0.0,0.0,475.4720562156672,5908.260220998298,5379.957936314223,0.0,0.0,0.0,0.0
2025-07-16,49,6797.3799,2025-07-16T08:10:00,2025-07-16T08:00:00,08:10:00,198,AX,4896.3762,08:10:00,198,AX,1.1775,08:10:00,198,AX,1.1683,1132.89665,816.0627,1901.0037000000002,316.83394999999996,2025-07-16T08:10:00,2025-07-16 00:00:00,2025-07-16 00:00:00,2025-07-16T08:10:00,2025-07-16T08:10:00,1.1683,1166.7939625956437,742.2579462154677,0.0,1,profile_incumbent,46.927775845299415,0.0,316.83394999999996,0.0,0.0,0.0,0.0,5597.909363490278,5245.871641268056,0.0,0.0,424.5360163801761,5379.957936314223,4908.251251447361,0.0,0.0,0.0,0.0
2025-07-16,50,6753.6147,2025-07-16T08:20:00,2025-07-16T08:10:00,08:20:00,198,AY,5103.7265,08:20:00,198,AY,1.086,08:20:00,198,AY,1.0956,1125.60245,850.6210833333333,1649.8882000000003,274.98136666666676,2025-07-16T08:20:00,2025-07-16 00:00:00,2025-07-16 00:00:00,2025-07-16T08:20:00,2025-07-16T08:20:00,1.0956,1118.0000761190672,786.5097627695992,0.0,1,profile_incumbent,46.927775845299415,0.0,274.98136666666676,0.0,0.0,0.0,0.0,5245.871641268056,4940.336789416204,0.0,0.0,331.490313349468,4908.251251447361,4539.928681059063,0.0,0.0,0.0,0.0
2025-07-16,51,6953.82,2025-07-16T08:30:00,2025-07-16T08:20:00,08:30:00,198,AZ,5321.5875,08:30:00,198,AZ,1.0782,08:30:00,198,AZ,1.0849,1158.97,886.93125,1632.2325,272.03875000000005,2025-07-16T08:30:00,2025-07-16 00:00:00,2025-07-16 00:00:00,2025-07-16T08:30:00,2025-07-16T08:30:00,1.0849,1130.2126648090812,830.3681579095759,0.0,1,profile_incumbent,46.927775845299415,0.0,272.03875000000005,0.0,0.0,0.0,0.0,4940.336789416204,4638.071511638426,0.0,0.0,299.8445068995053,4539.928681059063,4206.7681178373905,0.0,0.0,0.0,0.0
2025-07-16,52,6934.7875,2025-07-16T08:40:00,2025-07-16T08:30:00,08:40:00,198,BA,5723.4769,08:40:00,198,BA,1.0646,08:40:00,198,BA,1.061,1155.7979166666667,953.9128166666666,1211.3106000000007,201.88510000000008,2025-07-16T08:40:00,2025-07-16 00:00:00,2025-07-16 00:00:00,2025-07-16T08:40:00,2025-07-16T08:40:00,1.061,1133.0187228009395,873.6531437841312,0.0,1,profile_incumbent,46.927775845299415,0.0,201.88510000000008,0.0,0.0,0.0,0.0,4638.071511638426,4413.754733860648,0.0,0.0,259.3655790168083,4206.7681178373905,3918.584141152048,0.0,0.0,0.0,0.0
2025-07-16,53,6748.267,2025-07-16T08:50:00,2025-07-16T08:40:00,08:50:00,198,BB,6205.2121,08:50:00,198,BB,1.0127,08:50:00,198,BB,1.043,1124.7111666666667,1034.2020166666666,543.0549000000001,90.50915000000009,2025-07-16T08:50:00,2025-07-16 00:00:00,2025-07-16 00:00:00,2025-07-16T08:50:00,2025-07-16T08:50:00,1.043,1134.7085928759784,916.1872338096273,0.0,1,profile_incumbent,46.927775845299415,0.0,90.50915000000009,0.0,0.0,0.0,0.0,4413.754733860648,4313.189011638426,0.0,0.0,218.52135906635112,3918.584141152048,3675.7826310783244,0.0,0.0,0.0,0.0
2025-07-16,54,6669.17,2025-07-16T09:00:00,2025-07-16T08:50:00,09:00:00,198,BC,6573.7125,09:00:00,198,BC,0.9712,09:00:00,198,BC,1.036,1111.5283333333334,1095.6187499999999,95.45750000000044,15.909583333333558,2025-07-16T09:00:00,2025-07-16 00:00:00,2025-07-16 00:00:00,2025-07-16T09:00:00,2025-07-16T09:00:00,1.036,1145.0354827884173,957.7962814066804,0.0,1,profile_incumbent,46.927775845299415,0.0,15.909583333333558,0.0,0.0,0.0,0.0,4313.189011638426,4295.511696823611,0.0,0.0,187.23920138173696,3675.7826310783244,3467.7390739875054,0.0,0.0,0.0,0.0
2025-07-16,55,6871.0918,2025-07-16T09:10:00,2025-07-16T09:00:00,09:10:00,198,BD,6721.9941,09:10:00,198,BD,1.0054,09:10:00,198,BD,1.0147,1145.1819666666668,1120.33235,149.09770000000026,24.84961666666686,2025-07-16T09:10:00,2025-07-16 00:00:00,2025-07-16 00:00:00,2025-07-16T09:10:00,2025-07-16T09:10:00,1.0147,1151.0503218433357,998.3102592054732,0.0,1,profile_incumbent,67.2475008192135,0.0,24.84961666666686,0.0,0.0,0.0,0.0,4295.511696823611,4267.901011638425,0.0,0.0,152.74006263786248,3467.7390739875054,3298.027893278769,0.0,0.0,0.0,0.0
2025-07-16,56,6821.2855,2025-07-16T09:20:00,2025-07-16T09:10:00,09:20:00,198,BE,6944.4154,09:20:00,198,BE,0.9967,09:20:00,198,BE,0.9922,1136.8809166666667,1157.4025666666666,-123.1298999999999,-20.52164999999991,2025-07-16T09:20:00,2025-07-16 00:00:00,2025-07-16 00:00:00,2025-07-16T09:20:00,2025-07-16T09:20:00,0.9922,1132.4974897058687,1037.5639784165817,0.0,1,profile_incumbent,67.2475008192135,20.52164999999991,0.0,0.0,0.0,0.0,0.0,4267.901011638425,4286.370496638425,0.0,0.0,94.93351128928703,3298.027893278769,3192.5462140684504,0.0,0.0,0.0,0.0
2025-07-16,57,6613.03,2025-07-16T09:30:00,2025-07-16T09:20:00,09:30:00,198,BF,7286.7375,09:30:00,198,BF,0.9264,09:30:00,198,BF,0.97,1102.1716666666666,1214.45625,-673.7075000000004,-112.28458333333333,2025-07-16T09:30:00,2025-07-16 00:00:00,2025-07-16 00:00:00,2025-07-16T09:30:00,2025-07-16T09:30:00,0.97,1116.1825529157632,1075.3977491499882,0.0,1,profile_incumbent,67.2475008192135,112.28458333333333,0.0,0.0,0.0,0.0,0.0,4286.370496638425,4387.426621638425,0.0,0.0,40.784803765774996,3192.5462140684504,3147.2297654398117,0.0,0.0,0.0,0.0
2025-07-16,58,6860.5625,2025-07-16T09:40:00,2025-07-16T09:30:00,09:40:00,198,BG,7509.3687,09:40:00,198,BG,0.9121,09:40:00,198,BG,0.9422,1143.4270833333333,1251.56145,-648.8062,-108.13436666666666,2025-07-16T09:40:00,2025-07-16 00:00:00,2025-07-16 00:00:00,2025-07-16T09:40:00,2025-07-16T09:40:00,0.9422,1147.236681125979,1111.6579834449462,0.0,1,profile_incumbent,67.2475008192135,108.13436666666666,0.0,0.0,0.0,0.0,0.0,4387.426621638425,4484.747551638425,0.0,0.0,35.578697681032736,3147.2297654398117,3107.6978791275533,0.0,0.0,0.0,0.0
2025-07-16,59,7067.6279,2025-07-16T09:50:00,2025-07-16T09:40:00,09:50:00,198,BH,7632.4799,09:50:00,198,BH,1.0241,09:50:00,198,BH,0.9569,1177.9379833333335,1272.0799833333333,-564.8519999999999,-94.14199999999983,2025-07-16T09:50:00,2025-07-16 00:00:00,2025-07-16 00:00:00,2025-07-16T09:50:00,2025-07-16T09:50:00,0.9569,1154.0243401586367,1146.197743630597,0.0,1,profile_incumbent,67.2475008192135,94.14199999999983,0.0,0.0,0.0,0.0,0.0,4484.747551638425,4569.475351638424,0.0,0.0,7.826596528039772,3107.6978791275533,3099.0016607630646,0.0,0.0,0.0,0.0
2025-07-16,60,6902.33,2025-07-16T10:00:00,2025-07-16T09:50:00,10:00:00,198,BI,7850.775,10:00:00,198,BI,1.1507,10:00:00,198,BI,0.9977,1150.3883333333333,1308.4624999999999,-948.4449999999997,-158.07416666666654,2025-07-16T10:00:00,2025-07-16 00:00:00,2025-07-16 00:00:00,2025-07-16T10:00:00,2025-07-16T10:00:00,0.9977,1139.564394434334,1178.8772393577572,0.0,1,profile_incumbent,67.2475008192135,158.07416666666654,0.0,0.0,0.0,0.0,0.0,4569.475351638424,4711.742101638424,0.0,39.3128449234232,0.0,3099.0016607630646,3134.3832211941453,0.0,0.0,0.0,0.0
2025-07-16,61,6578.1537,2025-07-16T10:10:00,2025-07-16T10:00:00,10:10:00,198,BJ,8276.7829,10:10:00,198,BJ,1.1077,10:10:00,198,BJ,0.9919,1096.35895,1379.4638166666666,-1698.6292000000003,-283.10486666666657,2025-07-16T10:10:00,2025-07-16 00:00:00,2025-07-16 00:00:00,2025-07-16T10:10:00,2025-07-16T10:10:00,0.9919,1171.6848097795125,1209.5642772149993,0.0,1,profile_incumbent,83.77307985692782,283.10486666666657,0.0,0.0,0.0,0.0,0.0,4711.742101638424,4966.536481638424,0.0,37.87946743548673,0.0,3134.3832211941453,3168.4747418860834,0.0,0.0,0.0,0.0
2025-07-16,62,6654.4095,2025-07-16T10:20:00,2025-07-16T10:10:00,10:20:00,198,BK,8306.0427,10:20:00,198,BK,1.0837,10:20:00,198,BK,0.9588,1109.06825,1384.34045,-1651.6332000000002,-275.2721999999999,2025-07-16T10:20:00,2025-07-16 00:00:00,2025-07-16 00:00:00,2025-07-16T10:20:00,2025-07-16T10:20:00,0.9588,1165.6530916130591,1238.1346672592308,0.0,1,profile_incumbent,83.77307985692782,275.2721999999999,0.0,0.0,0.0,0.0,0.0,4966.536481638424,5214.281461638424,0.0,72.48157564617168,0.0,3168.4747418860834,3233.708159967638,0.0,0.0,0.0,0.0
2025-07-16,63,7033.7,2025-07-16T10:30:00,2025-07-16T10:20:00,10:30:00,198,BL,7943.8125,10:30:00,198,BL,1.1578,10:30:00,198,BL,0.9549,1172.2833333333333,1323.96875,-910.1125000000002,-151.6854166666667,2025-07-16T10:30:00,2025-07-16 00:00:00,2025-07-16 00:00:00,2025-07-16T10:30:00,2025-07-16T10:30:00,0.9549,1127.7179388172826,1264.4725910480558,0.0,1,profile_incumbent,83.77307985692782,151.6854166666667,0.0,0.0,0.0,0.0,0.0,5214.281461638424,5350.798336638424,0.0,136.75465223077322,0.0,3233.708159967638,3356.787346975334,0.0,0.0,0.0,0.0
2025-07-16,64,7091.1858,2025-07-16T10:40:00,2025-07-16T10:30:00,10:40:00,198,BM,7833.9534,10:40:00,198,BM,1.1833,10:40:00,198,BM,0.9839,1181.8643,1305.6589000000001,-742.7676000000001,-123.79460000000017,2025-07-16T10:40:00,2025-07-16 00:00:00,2025-07-16 00:00:00,2025-07-16T10:40:00,2025-07-16T10:40:00,0.9839,1154.0972081691261,1288.4709358569794,0.0,1,profile_incumbent,83.77307985692782,123.79460000000017,0.0,0.0,0.0,0.0,0.0,5350.798336638424,5462.213476638424,0.0,134.37372768785326,0.0,3356.787346975334,3477.723701894402,0.0,0.0,0.0,0.0
2025-07-16,65,7034.7031,2025-07-16T10:50:00,2025-07-16T10:40:00,10:50:00,198,BN,8006.547,10:50:00,198,BN,0.9443,10:50:00,198,BN,0.799,1172.4505166666665,1334.4244999999999,-971.8438999999998,-161.9739833333333,2025-07-16T10:50:00,2025-07-16 00:00:00,2025-07-16 00:00:00,2025-07-16T10:50:00,2025-07-16T10:50:00,0.799,1182.7088000303377,1310.0315997014864,0.0,1,profile_incumbent,83.77307985692782,161.9739833333333,0.0,0.0,0.0,0.0,0.0,5462.213476638424,5607.990061638424,0.0,127.32279967114869,0.0,3477.723701894402,3592.314221598436,0.0,0.0,0.0,0.0
2025-07-16,66,7051.82,2025-07-16T11:00:00,2025-07-16T10:50:00,11:00:00,198,BO,8154.9375,11:00:00,198,BO,0.603,11:00:00,198,BO,0.5025,1175.3033333333333,1359.15625,-1103.1175000000003,-183.85291666666672,2025-07-16T11:00:00,2025-07-16 00:00:00,2025-07-16 00:00:00,2025-07-16T11:00:00,2025-07-16T11:00:00,0.5025,1176.3658709752492,1329.065771567591,565.6553199756125,1,profile_incumbent,83.77307985692782,749.5082366422794,0.0,0.0,0.0,0.0,0.0,5607.990061638424,6282.5474746164755,0.0,718.3552205679541,0.0,3592.314221598436,4238.833920109594,0.0,284.24179828774527,0.0,284.24179828774527
2025-07-16,67,7075.5626,2025-07-16T11:10:00,2025-07-16T11:00:00,11:10:00,198,BP,7993.9433,11:10:00,198,BP,0.5585,11:10:00,198,BP,0.4662,1179.2604333333334,1332.3238833333332,-918.3806999999997,-153.06344999999988,2025-07-16T11:10:00,2025-07-16 00:00:00,2025-07-16 00:00:00,2025-07-16T11:10:00,2025-07-16T11:10:00,0.4662,1161.7166412558481,1345.4941908935236,702.0337565674749,1,profile_incumbent,32.87472810643999,833.3333333333334,0.0,0.0,21.763873234141442,21.763873234141442,0.0,6282.5474746164755,7032.5474746164755,0.0,833.3333333333334,0.0,4238.833920109594,4988.833920109594,52.47797287181709,327.2881373117568,0.0,327.2881373117568
2025-07-16,68,6977.0724,2025-07-16T11:20:00,2025-07-16T11:10:00,11:20:00,198,BQ,8002.1494,11:20:00,198,BQ,0.5941,11:20:00,198,BQ,0.5007,1162.8454,1333.6915666666666,-1025.0770000000002,-170.8461666666667,2025-07-16T11:20:00,2025-07-16 00:00:00,2025-07-16 00:00:00,2025-07-16T11:20:00,2025-07-16T11:20:00,0.5007,1157.0267534307882,1359.2473898514302,590.1007154035508,1,profile_incumbent,32.87472810643999,760.9468820702175,0.0,0.0,0.0,0.0,0.0,7032.5474746164755,7717.399668479671,0.0,792.3213518241928,0.0,4988.833920109594,5701.923136751368,0.0,295.4634282025579,0.0,295.4634282025579
2025-07-16,69,6844.11,2025-07-16T11:30:00,2025-07-16T11:20:00,11:30:00,198,BR,8383.05,11:30:00,198,BR,0.5618,11:30:00,198,BR,0.4827,1140.685,1397.175,-1538.9399999999996,-256.49,2025-07-16T11:30:00,2025-07-16 00:00:00,2025-07-16 00:00:00,2025-07-16T11:30:00,2025-07-16T11:30:00,0.4827,1175.1123170639323,1370.2659213659401,686.3364609118987,1,profile_incumbent,32.87472810643999,833.3333333333334,0.0,0.0,109.49312757856535,109.49312757856535,0.0,7717.399668479671,8467.399668479671,0.0,833.3333333333334,0.0,5701.923136751368,6451.923136751368,48.15673188057315,331.29460968217353,0.0,331.29460968217353
2025-07-16,70,6888.3367,2025-07-16T11:40:00,2025-07-16T11:30:00,11:40:00,198,BS,8828.5715,11:40:00,198,BS,0.5284,11:40:00,198,BS,0.4785,1148.0561166666666,1471.4285833333333,-1940.2348000000002,-323.3724666666667,2025-07-16T11:40:00,2025-07-16 00:00:00,2025-07-16 00:00:00,2025-07-16T11:40:00,2025-07-16T11:40:00,0.4785,1209.0420375356077,1378.500575093078,690.9567433691951,1,profile_incumbent,32.87472810643999,833.3333333333334,0.0,0.0,180.99587670252834,180.99587670252834,0.0,8467.399668479671,9217.399668479671,0.0,833.3333333333334,0.0,6451.923136751368,7201.923136751368,27.081947593332075,330.62280170215985,0.0,330.62280170215985
2025-07-16,71,6910.0893,2025-07-16T11:50:00,2025-07-16T11:40:00,11:50:00,198,BT,8874.2427,11:50:00,198,BT,0.5149,11:50:00,198,BT,0.4662,1151.68155,1479.0404500000002,-1964.153400000001,-327.3589000000002,2025-07-16T11:50:00,2025-07-16 00:00:00,2025-07-16 00:00:00,2025-07-16T11:50:00,2025-07-16T11:50:00,0.4662,1188.1368451041772,1383.9125827873863,668.079910231529,1,profile_incumbent,32.87472810643999,833.3333333333334,0.0,0.0,162.10547689819566,162.10547689819566,0.0,9217.399668479671,9967.399668479671,0.0,833.3333333333334,0.0,7201.923136751368,7951.923136751368,30.522314581404885,311.4588541499388,0.0,311.4588541499388
2025-07-16,72,6855.38,2025-07-16T12:00:00,2025-07-16T11:50:00,12:00:00,198,BU,8432.775,12:00:00,198,BU,0.5302,12:00:00,198,BU,0.4432,1142.5633333333333,1405.4624999999999,-1577.3949999999995,-262.8991666666666,2025-07-16T12:00:00,2025-07-16 00:00:00,2025-07-16 00:00:00,2025-07-16T12:00:00,2025-07-16T12:00:00,0.4432,1133.2628340349083,1386.4738136281217,655.4807511572454,1,profile_incumbent,32.87472810643999,833.3333333333334,0.0,0.0,85.04658449057877,85.04658449057877,0.0,9967.399668479671,10717.399668479671,0.0,833.3333333333334,0.0,7951.923136751368,8701.923136751368,75.35839741712527,290.50906891289117,0.0,290.50906891289117
2025-07-16,73,6824.2839,2025-07-16T12:10:00,2025-07-16T12:00:00,12:10:00,198,BV,7868.406,12:10:00,198,BV,0.573,12:10:00,198,BV,0.4411,1137.38065,1311.401,-1044.1220999999996,-174.02035,2025-07-16T12:10:00,2025-07-16 00:00:00,2025-07-16 00:00:00,2025-07-16T12:10:00,2025-07-16T12:10:00,0.4411,1132.2059778249222,1386.1669591791047,647.6950618208041,1,profile_incumbent,22.681086494077963,91.77814613369871,0.0,0.0,729.9372656871054,647.6950618208041,82.24220386630134,10717.399668479671,10800.0,0.0,833.3333333333334,0.0,8701.923136751368,9451.923136751368,68.32270984165314,285.6982917691567,0.0,285.6982917691567
2025-07-16,74,6554.6071,2025-07-16T12:20:00,2025-07-16T12:10:00,12:20:00,198,BW,7679.5697,12:20:00,198,BW,0.5945,12:20:00,198,BW,0.4551,1092.4345166666667,1279.9282833333334,-1124.9625999999998,-187.49376666666672,2025-07-16T12:20:00,2025-07-16 00:00:00,2025-07-16 00:00:00,2025-07-16T12:20:00,2025-07-16T12:20:00,0.4551,1115.5059225303523,1382.9857067443036,637.0874476396011,1,profile_incumbent,22.681086494077963,0.0,0.0,0.0,824.5812143062678,637.0874476396011,187.49376666666672,10800.0,10800.0,0.0,833.3333333333334,0.0,9451.923136751368,10201.923136751368,71.23389852021899,289.9384974207825,0.0,289.9384974207825
2025-07-16,75,6273.08,2025-07-16T12:30:00,2025-07-16T12:20:00,12:30:00,198,BX,7771.4625,12:30:00,198,BX,0.5613,12:30:00,198,BX,0.4463,1045.5133333333333,1295.2437499999999,-1498.3824999999997,-249.73041666666654,2025-07-16T12:30:00,2025-07-16 00:00:00,2025-07-16 00:00:00,2025-07-16T12:30:00,2025-07-16T12:30:00,0.4463,1084.37761583175,1376.9348989760397,706.7072788786418,1,profile_incumbent,22.681086494077963,0.0,0.0,0.0,956.4376955453083,706.7072788786418,249.73041666666654,10800.0,10800.0,0.0,664.529848054036,0.0,10201.923136751368,10800.0,334.73471396889533,315.4034585635378,0.0,315.4034585635378
2025-07-16,76,6539.6685,2025-07-16T12:40:00,2025-07-16T12:30:00,12:40:00,198,BY,7619.6393,12:40:00,198,BY,0.5167,12:40:00,198,BY,0.4113,1089.9447499999999,1269.9398833333332,-1079.9708,-179.99513333333334,2025-07-16T12:40:00,2025-07-16 00:00:00,2025-07-16 00:00:00,2025-07-16T12:40:00,2025-07-16T12:40:00,0.4113,1117.9481133856098,1368.0306767182074,719.2151666189799,1,profile_incumbent,22.681086494077963,0.0,0.0,0.0,899.2102999523133,719.2151666189799,179.99513333333346,10800.0,10800.0,0.0,0.0,0.0,10800.0,10800.0,969.2977299515774,295.81319803038645,0.0,295.81319803038645
2025-07-16,77,6931.5485,2025-07-16T12:50:00,2025-07-16T12:40:00,12:50:00,198,BZ,7459.0474,12:50:00,198,BZ,0.6834,12:50:00,198,BZ,0.5682,1155.2580833333334,1243.1745666666668,-527.4989000000005,-87.91648333333342,2025-07-16T12:50:00,2025-07-16 00:00:00,2025-07-16 00:00:00,2025-07-16T12:50:00,2025-07-16T12:50:00,0.5682,1164.3977977178236,1356.3006012461615,154.59064273152816,1,profile_incumbent,22.681086494077963,0.0,0.0,0.0,242.5071260648615,154.59064273152816,87.91648333333333,10800.0,10800.0,0.0,0.0,0.0,10800.0,10800.0,346.493446259866,87.8384032000543,0.0,87.8384032000543
2025-07-16,78,7075.69,2025-07-16T13:00:00,2025-07-16T12:50:00,13:00:00,198,CA,7468.425,13:00:00,198,CA,0.9522,13:00:00,198,CA,0.8279,1179.2816666666665,1244.7375,-392.7350000000006,-65.45583333333343,2025-07-16T13:00:00,2025-07-16 00:00:00,2025-07-16 00:00:00,2025-07-16T13:00:00,2025-07-16T13:00:00,0.8279,1185.1786160395454,1341.783751319981,0.0,1,profile_incumbent,22.681086494077963,0.0,0.0,0.0,65.45583333333343,0.0,65.45583333333343,10800.0,10800.0,0.0,0.0,0.0,10800.0,10800.0,156.60513528043566,0.0,0.0,0.0
2025-07-16,79,7002.3038,2025-07-16T13:10:00,2025-07-16T13:00:00,13:10:00,198,CB,7562.6026,13:10:00,198,CB,0.9746,13:10:00,198,CB,0.8636,1167.0506333333333,1260.4337666666668,-560.2988000000005,-93.38313333333349,2025-07-16T13:10:00,2025-07-16 00:00:00,2025-07-16 00:00:00,2025-07-16T13:10:00,2025-07-16T13:10:00,0.8636,1190.244671332439,1324.5307898192902,0.0,1,profile_incumbent,20.88645396287765,0.0,0.0,0.0,93.38313333333349,0.0,93.38313333333349,10800.0,10800.0,0.0,0.0,0.0,10800.0,10800.0,134.28611848685114,0.0,0.0,0.0
2025-07-16,80,7117.2772,2025-07-16T13:20:00,2025-07-16T13:10:00,13:20:00,198,CC,7621.8967,13:20:00,198,CC,0.9396,13:20:00,198,CC,0.8416,1186.2128666666667,1270.3161166666666,-504.6194999999998,-84.10324999999989,2025-07-16T13:20:00,2025-07-16 00:00:00,2025-07-16 00:00:00,2025-07-16T13:20:00,2025-07-16T13:20:00,0.8416,1194.360339063574,1304.6039941946904,0.0,1,profile_incumbent,20.88645396287765,0.0,0.0,0.0,84.10324999999989,0.0,84.10324999999989,10800.0,10800.0,0.0,0.0,0.0,10800.0,10800.0,110.24365513111638,0.0,0.0,0.0
2025-07-16,81,7240.82,2025-07-16T13:30:00,2025-07-16T13:20:00,13:30:00,198,CD,7737.7125,13:30:00,198,CD,0.9359,13:30:00,198,CD,0.8618,1206.8033333333333,1289.6187499999999,-496.8924999999999,-82.81541666666658,2025-07-16T13:30:00,2025-07-16 00:00:00,2025-07-16 00:00:00,2025-07-16T13:30:00,2025-07-16T13:30:00,0.8618,1206.623979779091,1282.0772445698005,0.0,1,profile_incumbent,20.88645396287765,0.0,0.0,0.0,82.81541666666658,0.0,82.81541666666658,10800.0,10800.0,0.0,0.0,0.0,10800.0,10800.0,75.45326479070945,0.0,0.0,0.0
2025-07-16,82,6890.5203,2025-07-16T13:40:00,2025-07-16T13:30:00,13:40:00,198,CE,8031.1668,13:40:00,198,CE,0.8897,13:40:00,198,CE,0.8623,1148.42005,1338.5278,-1140.6464999999998,-190.10775000000012,2025-07-16T13:40:00,2025-07-16 00:00:00,2025-07-16 00:00:00,2025-07-16T13:40:00,2025-07-16T13:40:00,0.8623,1223.1873904519543,1257.0359630731127,0.0,1,profile_incumbent,20.88645396287765,0.0,0.0,0.0,190.10775000000012,0.0,190.10775000000012,10800.0,10800.0,0.0,0.0,0.0,10800.0,10800.0,33.84857262115838,0.0,0.0,0.0
2025-07-16,83,7013.5967,2025-07-16T13:50:00,2025-07-16T13:40:00,13:50:00,198,CF,7911.5805,13:50:00,198,CF,1.0198,13:50:00,198,CF,0.9026,1168.9327833333334,1318.59675,-897.9838,-149.6639666666665,2025-07-16T13:50:00,2025-07-16 00:00:00,2025-07-16 00:00:00,2025-07-16T13:50:00,2025-07-16T13:50:00,0.9026,1216.2004741143066,1229.576997881848,0.0,1,profile_incumbent,20.88645396287765,0.0,0.0,0.0,149.6639666666665,0.0,149.6639666666665,10800.0,10800.0,0.0,0.0,0.0,10800.0,10800.0,13.376523767541357,0.0,0.0,0.0
2025-07-16,84,7443.34,2025-07-16T14:00:00,2025-07-16T13:50:00,14:00:00,198,CG,7452.1875,14:00:00,198,CG,1.242,14:00:00,198,CG,0.9754,1240.5566666666666,1242.03125,-8.847499999999854,-1.4745833333333849,2025-07-16T14:00:00,2025-07-16 00:00:00,2025-07-16 00:00:00,2025-07-16T14:00:00,2025-07-16T14:00:00,0.9754,1206.1670530167864,1199.8084455289613,0.0,1,profile_incumbent,20.88645396287765,0.0,0.0,0.0,1.4745833333333849,0.0,1.4745833333333849,10800.0,10800.0,0.0,0.0,6.358607487825111,10800.0,10792.934880569082,0.0,0.0,0.0,0.0
2025-07-16,85,7098.8874,2025-07-16T14:10:00,2025-07-16T14:00:00,14:10:00,198,CH,7301.4002,14:10:00,198,CH,1.2341,14:10:00,198,CH,1.0002,1183.1479,1216.9000333333333,-202.51280000000042,-33.752133333333404,2025-07-16T14:10:00,2025-07-16 00:00:00,2025-07-16 00:00:00,2025-07-16T14:10:00,2025-07-16T14:10:00,1.0002,1237.2800847317194,1167.849405264621,0.0,1,profile_incumbent,-5.742628727943032,0.0,0.0,0.0,33.752133333333404,0.0,33.752133333333404,10800.0,10800.0,0.0,0.0,69.43067946709834,10792.934880569082,10715.789681161195,0.0,0.0,0.0,0.0
2025-07-16,86,7083.5386,2025-07-16T14:20:00,2025-07-16T14:10:00,14:20:00,198,CI,7059.7829,14:20:00,198,CI,1.2233,14:20:00,198,CI,0.9978,1180.5897666666667,1176.6304833333334,23.755699999999706,3.95928333333336,2025-07-16T14:20:00,2025-07-16 00:00:00,2025-07-16 00:00:00,2025-07-16T14:20:00,2025-07-16T14:20:00,0.9978,1235.8317531089626,1133.8296596764776,0.0,1,profile_incumbent,-5.742628727943032,0.0,3.95928333333336,0.0,0.0,0.0,0.0,10800.0,10795.600796296296,0.0,0.0,102.00209343248503,10715.789681161195,10602.454021791767,0.0,0.0,0.0,0.0
2025-07-16,87,7372.82,2025-07-16T14:30:00,2025-07-16T14:20:00,14:30:00,198,CJ,6703.2375,14:30:00,198,CJ,1.3078,14:30:00,198,CJ,1.0271,1228.8033333333333,1117.20625,669.5824999999995,111.59708333333333,2025-07-16T14:30:00,2025-07-16 00:00:00,2025-07-16 00:00:00,2025-07-16T14:30:00,2025-07-16T14:30:00,1.0271,1199.979820543125,1097.8892763572092,0.0,1,profile_incumbent,-5.742628727943032,0.0,111.59708333333333,0.0,0.0,0.0,0.0,10795.600796296296,10671.604037037037,0.0,0.0,102.09054418591586,10602.454021791767,10489.020083807416,0.0,0.0,0.0,0.0
2025-07-16,88,6895.4317,2025-07-16T14:40:00,2025-07-16T14:30:00,14:40:00,198,CK,6614.2772,14:40:00,198,CK,1.3194,14:40:00,198,CK,1.0906,1149.2386166666668,1102.3795333333335,281.15449999999964,46.859083333333274,2025-07-16T14:40:00,2025-07-16 00:00:00,2025-07-16 00:00:00,2025-07-16T14:40:00,2025-07-16T14:40:00,1.0906,1204.5063960427083,1060.1781261578567,0.0,1,profile_incumbent,-5.742628727943032,0.0,46.859083333333274,0.0,0.0,0.0,0.0,10671.604037037037,10619.53838888889,0.0,0.0,144.32826988485158,10489.020083807416,10328.655339490915,0.0,0.0,0.0,0.0
2025-07-16,89,7060.478,2025-07-16T14:50:00,2025-07-16T14:40:00,14:50:00,198,CL,6252.6208,14:50:00,198,CL,1.1179,14:50:00,198,CL,0.9376,1176.7463333333333,1042.1034666666667,807.8572000000004,134.64286666666658,2025-07-16T14:50:00,2025-07-16 00:00:00,2025-07-16 00:00:00,2025-07-16T14:50:00,2025-07-16T14:50:00,0.9376,1223.9972267146427,1020.8553144728351,0.0,1,profile_incumbent,-5.742628727943032,0.0,134.64286666666658,0.0,0.0,0.0,0.0,10619.53838888889,10469.935203703704,0.0,0.0,203.14191224180763,10328.655339490915,10102.942103666684,0.0,0.0,0.0,0.0
2025-07-16,90,7810.24,2025-07-16T15:00:00,2025-07-16T14:50:00,15:00:00,198,CM,5683.425,15:00:00,198,CM,0.8356,15:00:00,198,CM,0.6694,1301.7066666666667,947.2375000000001,2126.8149999999996,354.46916666666664,2025-07-16T15:00:00,2025-07-16 00:00:00,2025-07-16 00:00:00,2025-07-16T15:00:00,2025-07-16T15:00:00,0.6694,1230.8797373224825,980.0885230551816,452.56944410025716,1,profile_incumbent,-5.742628727943032,98.10027743359046,0.0,0.0,0.0,0.0,0.0,10469.935203703704,10558.225453393936,0.0,201.77822983295619,0.0,10102.942103666684,10284.542510516345,0.0,302.9499858807121,0.0,302.9499858807121
2025-07-16,91,7629.4328,2025-07-16T15:10:00,2025-07-16T15:00:00,15:10:00,198,CN,5531.4821,15:10:00,198,CN,0.7653,15:10:00,198,CN,0.66,1271.5721333333333,921.9136833333333,2097.9506999999994,349.65845,2025-07-16T15:10:00,2025-07-16 00:00:00,2025-07-16 00:00:00,2025-07-16T15:10:00,2025-07-16T15:10:00,0.66,1225.489545333062,938.0532610436723,693.3944237901657,1,profile_incumbent,-11.129674741231982,268.63838511784905,0.0,0.0,75.09758867231659,75.09758867231659,0.0,10558.225453393936,10800.0,0.0,405.9581395007758,0.0,10284.542510516345,10649.904836067044,0.0,457.6403197015094,0.0,457.6403197015094
2025-07-16,92,7533.332,2025-07-16T15:20:00,2025-07-16T15:10:00,15:20:00,198,CO,5315.8724,15:20:00,198,CO,0.7968,15:20:00,198,CO,0.7217,1255.5553333333335,885.9787333333334,2217.4596,369.5766000000001,2025-07-16T15:20:00,2025-07-16 00:00:00,2025-07-16 00:00:00,2025-07-16T15:20:00,2025-07-16T15:20:00,0.7217,1222.929999760154,894.9320251788279,472.6522456382578,1,profile_incumbent,-11.129674741231982,0.0,0.0,0.0,103.07564563825758,103.07564563825758,0.0,10800.0,10800.0,0.0,144.65427105693175,0.0,10649.904836067044,10780.093680018283,0.0,341.11312567713065,0.0,341.11312567713065
2025-07-16,93,7801.61,2025-07-16T15:30:00,2025-07-16T15:20:00,15:30:00,198,CP,4923.1875,15:30:00,198,CP,0.8335,15:30:00,198,CP,0.7308,1300.2683333333332,820.53125,2878.4224999999997,479.7370833333332,2025-07-16T15:30:00,2025-07-16 00:00:00,2025-07-16 00:00:00,2025-07-16T15:30:00,2025-07-16T15:30:00,0.7308,1223.0489282667472,850.9133705721556,511.21631877329156,1,profile_incumbent,-11.129674741231982,0.0,0.0,0.0,31.479235439958302,31.479235439958302,0.0,10800.0,10800.0,0.0,22.11813331301932,0.0,10780.093680018283,10800.0,116.96262776568057,373.59688575952146,0.0,373.59688575952146
2025-07-16,94,7633.2605,2025-07-16T15:40:00,2025-07-16T15:30:00,15:40:00,198,CQ,4741.8028,15:40:00,198,CQ,0.8836,15:40:00,198,CQ,0.7534,1272.2100833333334,790.3004666666667,2891.4577,481.9096166666667,2025-07-16T15:40:00,2025-07-16 00:00:00,2025-07-16 00:00:00,2025-07-16T15:40:00,2025-07-16T15:40:00,0.7534,1218.705035479064,806.1908948493328,492.16795105038307,1,profile_incumbent,-11.129674741231982,0.0,0.0,0.0,10.258334383716374,10.258334383716374,0.0,10800.0,10800.0,0.0,0.0,0.0,10800.0,10800.0,79.65381042065201,370.7993343213586,0.0,370.7993343213586
2025-07-16,95,7449.0277,2025-07-16T15:50:00,2025-07-16T15:40:00,15:50:00,198,CR,4565.2202,15:50:00,198,CR,0.9056,15:50:00,198,CR,0.7823,1241.5046166666666,760.8700333333333,2883.8075,480.63458333333335,2025-07-16T15:50:00,2025-07-16 00:00:00,2025-07-16 00:00:00,2025-07-16T15:50:00,2025-07-16T15:50:00,0.7823,1246.2220698686324,760.9621399888786,519.5738392685439,1,profile_incumbent,-11.129674741231982,0.0,0.0,0.0,38.93925593521044,38.93925593521044,0.0,10800.0,10800.0,0.0,0.0,0.0,10800.0,10800.0,34.31390938879008,406.4626144597819,0.0,406.4626144597819
2025-07-16,96,7511.25,2025-07-16T16:00:00,2025-07-16T15:50:00,16:00:00,198,CS,4277.1,16:00:00,198,CS,0.9134,16:00:00,198,CS,0.8055,1251.875,712.85,3234.1499999999996,539.025,2025-07-16T16:00:00,2025-07-16 00:00:00,2025-07-16 00:00:00,2025-07-16T16:00:00,2025-07-16T16:00:00,0.8055,1277.6264434221596,715.427417697006,605.0619210407468,1,profile_incumbent,-11.129674741231982,0.0,0.0,0.0,66.03692104074685,66.03692104074685,0.0,10800.0,10800.0,0.0,0.0,0.0,10800.0,10800.0,42.86289531559328,487.3773773983216,0.0,487.3773773983216
2025-07-16,97,7633.4736,2025-07-16T16:10:00,2025-07-16T16:00:00,16:10:00,198,CT,3986.9844,16:10:00,198,CT,0.9641,16:10:00,198,CT,0.8271,1272.2456,664.4974,3646.4892000000004,607.7482,2025-07-16T16:10:00,2025-07-16 00:00:00,2025-07-16 00:00:00,2025-07-16T16:10:00,2025-07-16T16:10:00,0.8271,1247.864175597808,669.7885656697035,599.5304398052941,1,profile_incumbent,2.5849632682030683,0.0,8.217760194705761,0.0,0.0,0.0,0.0,10800.0,10790.869155339216,0.0,0.0,0.0,10800.0,10800.0,21.454829877189468,495.8716267629587,0.0,495.8716267629587
2025-07-16,98,7744.4755,2025-07-16T16:20:00,2025-07-16T16:10:00,16:20:00,198,CU,3723.7972,16:20:00,198,CU,1.0088,16:20:00,198,CU,0.8519,1290.7459166666665,620.6328666666667,4020.6782999999996,670.1130499999998,2025-07-16T16:20:00,2025-07-16 00:00:00,2025-07-16 00:00:00,2025-07-16T16:20:00,2025-07-16T16:20:00,0.8519,1240.1919869240044,624.2476435671009,630.4469225428902,1,profile_incumbent,2.5849632682030683,0.0,39.666127457109496,0.0,0.0,0.0,0.0,10790.869155339216,10746.795680386873,0.0,0.0,0.0,10800.0,10800.0,14.50257918598686,537.0777333142881,0.0,537.0777333142881
2025-07-16,99,7667.57,2025-07-16T16:30:00,2025-07-16T16:20:00,16:30:00,198,CV,3495.1875,16:30:00,198,CV,0.9949,16:30:00,198,CV,0.8791,1277.9283333333333,582.53125,4172.3825,695.3970833333333,2025-07-16T16:30:00,2025-07-16 00:00:00,2025-07-16 00:00:00,2025-07-16T16:30:00,2025-07-16T16:30:00,0.8791,1265.590889856507,579.0055789349798,735.8135404578171,1,profile_incumbent,2.5849632682030683,40.41645712448371,0.0,0.0,0.0,0.0,0.0,10746.795680386873,10783.170491798908,0.0,0.0,0.0,10800.0,10800.0,49.22822953628997,646.853683416467,0.0,646.853683416467
2025-07-16,100,7287.4826,2025-07-16T16:40:00,2025-07-16T16:30:00,16:40:00,198,CW,3296.0536,16:40:00,198,CW,0.9265,16:40:00,198,CW,0.9024,1214.5804333333333,549.3422666666667,3991.429,665.2381666666666,2025-07-16T16:40:00,2025-07-16 00:00:00,2025-07-16 00:00:00,2025-07-16T16:40:00,2025-07-16T16:40:00,0.9024,1252.818967807701,534.2607746268804,782.8795455249286,1,profile_incumbent,2.5849632682030683,18.69945355676868,0.0,0.0,98.94192530149331,98.94192530149331,0.0,10783.170491798908,10800.0,0.0,0.0,0.0,10800.0,10800.0,64.32135234410816,706.4705018816956,0.0,706.4705018816956
2025-07-16,101,7255.096,2025-07-16T16:50:00,2025-07-16T16:40:00,16:50:00,198,CX,3066.5172,16:50:00,198,CX,0.9345,16:50:00,198,CX,0.9163,1209.1826666666666,511.08619999999996,4188.578799999999,698.0964666666666,2025-07-16T16:50:00,2025-07-16 00:00:00,2025-07-16 00:00:00,2025-07-16T16:50:00,2025-07-16T16:50:00,0.9163,1239.8821605354824,490.2076904811634,800.7475988959447,1,profile_incumbent,2.5849632682030683,0.0,0.0,0.0,102.65113222927812,102.65113222927812,0.0,10800.0,10800.0,0.0,0.0,0.0,10800.0,10800.0,51.0731288416257,733.7250248683541,0.0,733.7250248683541
2025-07-16,102,7558.35,2025-07-16T17:00:00,2025-07-16T16:50:00,17:00:00,198,CY,2791.2375,17:00:00,198,CY,1.0143,17:00:00,198,CY,0.9264,1259.7250000000001,465.20625,4767.1125,794.5187500000002,2025-07-16T17:00:00,2025-07-16 00:00:00,2025-07-16 00:00:00,2025-07-16T17:00:00,2025-07-16T17:00:00,0.9264,1234.4491781689223,447.03541306582036,841.9239998706023,1,profile_incumbent,2.5849632682030683,0.0,0.0,0.0,47.40524987060212,47.40524987060212,0.0,10800.0,10800.0,0.0,0.0,0.0,10800.0,10800.0,54.51023476750038,779.958393480126,0.0,779.958393480126
2025-07-16,103,7554.4388,2025-07-16T17:10:00,2025-07-16T17:00:00,17:10:00,198,CZ,2508.3262,17:10:00,198,CZ,1.0412,17:10:00,198,CZ,0.9462,1259.0731333333333,418.0543666666667,5046.1126,841.0187666666666,2025-07-16T17:10:00,2025-07-16 00:00:00,2025-07-16 00:00:00,2025-07-16T17:10:00,2025-07-16T17:10:00,0.9462,1206.5122915453155,404.92622819683186,844.7857193463824,1,profile_incumbent,27.86709147967941,0.0,0.0,0.0,3.766952679715814,3.766952679715814,0.0,10800.0,10800.0,0.0,0.0,0.0,10800.0,10800.0,43.19965599789862,799.336247645547,0.0,799.336247645547
2025-07-16,104,7494.1053,2025-07-16T17:20:00,2025-07-16T17:10:00,17:20:00,198,DA,2235.1008,17:20:00,198,DA,1.0733,17:20:00,198,DA,0.9742,1249.01755,372.51680000000005,5259.0045,876.5007499999999,2025-07-16T17:20:00,2025-07-16 00:00:00,2025-07-16 00:00:00,2025-07-16T17:20:00,2025-07-16T17:20:00,0.9742,1208.5304996193847,364.05421164264885,886.5776100870206,1,profile_incumbent,27.86709147967941,0.0,0.0,0.0,10.076860087020577,10.076860087020577,0.0,10800.0,10800.0,0.0,0.0,0.0,10800.0,10800.0,42.10132211028463,863.7039077467755,0.0,863.7039077467755
2025-07-16,105,7689.52,2025-07-16T17:30:00,2025-07-16T17:20:00,17:30:00,198,DB,1946.475,17:30:00,198,DB,1.1287,17:30:00,198,DB,0.9862,1281.5866666666668,324.41249999999997,5743.045,957.1741666666669,2025-07-16T17:30:00,2025-07-16 00:00:00,2025-07-16 00:00:00,2025-07-16T17:30:00,2025-07-16T17:30:00,0.9862,1262.6471038298678,324.5838539300579,993.512953730408,1,profile_incumbent,27.86709147967941,0.0,0.0,0.0,36.338787063741165,36.338787063741165,0.0,10800.0,10800.0,0.0,0.0,0.0,10800.0,10800.0,55.44970383059808,979.8024749689283,0.0,979.8024749689283
2025-07-16,106,7978.8849,2025-07-16T17:40:00,2025-07-16T17:30:00,17:40:00,198,DC,1616.9979,17:40:00,198,DC,1.1628,17:40:00,198,DC,0.976,1329.81415,269.49965000000003,6361.887,1060.3145,2025-07-16T17:40:00,2025-07-16 00:00:00,2025-07-16 00:00:00,2025-07-16T17:40:00,2025-07-16T17:40:00,0.976,1308.9393703961941,286.66873545032803,1096.2524203100972,1,profile_incumbent,27.86709147967941,0.0,0.0,0.0,35.9379203100973,35.9379203100973,0.0,10800.0,10800.0,0.0,0.0,0.0,10800.0,10800.0,73.9817853642312,1069.942362222655,0.0,1069.942362222655
2025-07-16,107,7084.016,2025-07-16T17:50:00,2025-07-16T17:40:00,17:50:00,198,DD,1359.1125,17:50:00,198,DD,1.2267,17:50:00,198,DD,1.0742,1180.6693333333333,226.51874999999998,5724.903499999999,954.1505833333333,2025-07-16T17:50:00,2025-07-16 00:00:00,2025-07-16 00:00:00,2025-07-16T17:50:00,2025-07-16T17:50:00,1.0742,1178.7968746487288,250.45026811746922,972.493113397551,1,profile_incumbent,27.86709147967941,0.0,0.0,0.0,18.342530064217726,18.342530064217726,0.0,10800.0,10800.0,0.0,0.0,0.0,10800.0,10800.0,44.146506866291475,1044.6521024116494,0.0,1044.6521024116494
2025-07-16,108,5588.46,2025-07-16T18:00:00,2025-07-16T17:50:00,18:00:00,198,DE,1162.95,18:00:00,198,DE,1.3259,18:00:00,198,DE,1.2313,931.41,193.82500000000002,4425.51,737.5849999999999,2025-07-16T18:00:00,2025-07-16 00:00:00,2025-07-16 00:00:00,2025-07-16T18:00:00,2025-07-16T18:00:00,1.2313,978.6704960284893,216.05651964491054,756.6601938308746,1,profile_incumbent,27.86709147967941,0.0,0.0,0.0,19.075193830874696,19.075193830874696,0.0,10800.0,10800.0,0.0,0.0,5.953782552704183,10800.0,10793.38468605255,0.0,931.6756966639559,0.0,931.6756966639559
2025-07-16,109,5503.9478,2025-07-16T18:10:00,2025-07-16T18:00:00,18:10:00,198,DF,906.2786,18:10:00,198,DF,1.4038,18:10:00,198,DF,1.2561,917.3246333333333,151.04643333333334,4597.6692,766.2782,2025-07-16T18:10:00,2025-07-16 00:00:00,2025-07-16 00:00:00,2025-07-16T18:10:00,2025-07-16T18:10:00,1.2561,994.2981794058841,183.60113607853518,789.4839983775113,1,profile_incumbent,159.26408860866206,0.0,0.0,0.0,23.205798377511314,23.205798377511314,0.0,10800.0,10800.0,0.0,0.0,21.21304494983758,10793.38468605255,10769.814636108285,0.0,991.6708503619919,0.0,991.6708503619919
2025-07-16,110,6022.5218,2025-07-16T18:20:00,2025-07-16T18:10:00,18:20:00,198,DG,643.618,18:20:00,198,DG,1.4382,18:20:00,198,DG,1.2447,1003.7536333333334,107.26966666666668,5378.9038,896.4839666666667,2025-07-16T18:20:00,2025-07-16 00:00:00,2025-07-16 00:00:00,2025-07-16T18:20:00,2025-07-16T18:20:00,1.2447,1031.5918425778239,153.18237755275808,915.3030240868162,1,profile_incumbent,159.26408860866206,0.0,0.0,0.0,18.819057420149534,18.819057420149534,0.0,10800.0,10800.0,0.0,33.53929321301621,0.0,10769.814636108285,10800.0,3.354265848734258,1139.2776740808602,0.0,1139.2776740808602
2025-07-16,111,6139.09,2025-07-16T18:30:00,2025-07-16T18:20:00,18:30:00,198,DH,417.525,18:30:00,198,DH,1.4205,18:30:00,198,DH,1.2545,1023.1816666666667,69.58749999999999,5721.5650000000005,953.5941666666668,2025-07-16T18:30:00,2025-07-16 00:00:00,2025-07-16 00:00:00,2025-07-16T18:30:00,2025-07-16T18:30:00,1.2545,993.6680657148422,124.88228132584986,900.0623009485302,1,profile_incumbent,159.26408860866206,0.0,53.5318657181366,0.0,0.0,0.0,0.0,10800.0,10740.52014920207,0.0,0.0,0.0,10800.0,10800.0,31.276516559537868,1129.128156539931,0.0,1129.128156539931
2025-07-16,112,5686.1789,2025-07-16T18:40:00,2025-07-16T18:30:00,18:40:00,198,DI,220.3132,18:40:00,198,DI,1.3831,18:40:00,198,DI,1.2522,947.6964833333333,36.71886666666666,5465.8657,910.9776166666666,2025-07-16T18:40:00,2025-07-16 00:00:00,2025-07-16 00:00:00,2025-07-16T18:40:00,2025-07-16T18:40:00,1.2522,978.9423313087259,98.76596500878262,920.6247500278241,1,profile_incumbent,159.26408860866206,9.647133361157557,0.0,0.0,0.0,0.0,0.0,10740.52014920207,10749.20256922711,0.0,0.0,0.0,10800.0,10800.0,40.44838372788081,1152.8063119848414,0.0,1152.8063119848414
2025-07-16,113,5662.517,2025-07-16T18:50:00,2025-07-16T18:40:00,18:50:00,198,DJ,74.3834,18:50:00,198,DJ,1.4913,18:50:00,198,DJ,1.2881,943.7528333333333,12.397233333333332,5588.1336,931.3556,2025-07-16T18:50:00,2025-07-16 00:00:00,2025-07-16 00:00:00,2025-07-16T18:50:00,2025-07-16T18:50:00,1.2881,985.1680563108474,74.88108154014213,934.6034226926994,1,profile_incumbent,159.26408860866206,3.247822692699401,0.0,0.0,0.0,0.0,0.0,10749.20256922711,10752.12560965054,0.0,0.0,0.0,10800.0,10800.0,24.316447921994154,1203.8626687704661,0.0,1203.8626687704661
2025-07-16,114,6007.99,2025-07-16T19:00:00,2025-07-16T18:50:00,19:00:00,198,DK,0.0,19:00:00,198,DK,1.6647,19:00:00,198,DK,1.3466,1001.3316666666666,0.0,6007.99,1001.3316666666666,2025-07-16T19:00:00,2025-07-16 00:00:00,2025-07-16 00:00:00,2025-07-16T19:00:00,2025-07-16T19:00:00,1.3466,983.5818948247876,53.25743589353851,319.50451847595525,1,profile_incumbent,159.26408860866206,0.0,681.8271481907113,0.0,0.0,0.0,0.0,10752.12560965054,9994.539889438638,0.0,0.0,610.8199404552938,10800.0,10121.311177271895,0.0,430.24478457972134,0.0,430.24478457972134
2025-07-16,115,5749.5645,2025-07-16T19:10:00,2025-07-16T19:00:00,19:10:00,198,DL,0.0,19:10:00,198,DL,1.6483,19:10:00,198,DL,1.3523,958.26075,0.0,5749.5645,958.26075,2025-07-16T19:10:00,2025-07-16 00:00:00,2025-07-16 00:00:00,2025-07-16T19:10:00,2025-07-16T19:10:00,1.3523,964.3111000287203,33.9067717524508,275.6410452557013,1,profile_incumbent,135.97538060280905,0.0,682.6197047442988,0.0,0.0,0.0,0.0,9994.539889438638,9236.073550833862,0.0,0.0,654.7632830205682,10121.311177271895,9393.796418360153,0.0,372.74938549928487,0.0,372.74938549928487
2025-07-16,116,5599.9497,2025-07-16T19:20:00,2025-07-16T19:10:00,19:20:00,198,DM,2.3801,19:20:00,198,DM,1.5956,19:20:00,198,DM,1.3445,933.3249500000001,0.39668333333333333,5597.5696,932.9282666666667,2025-07-16T19:20:00,2025-07-16 00:00:00,2025-07-16 00:00:00,2025-07-16T19:20:00,2025-07-16T19:20:00,1.3445,984.5212204934396,16.822734472834206,395.7342705301011,1,profile_incumbent,135.97538060280905,0.0,537.1939961365656,0.0,0.0,0.0,0.0,9236.073550833862,8639.191332904345,0.0,0.0,571.9642154905043,9393.796418360153,8758.280623370703,0.0,532.064726727721,0.0,532.064726727721
2025-07-16,117,5779.92,2025-07-16T19:30:00,2025-07-16T19:20:00,19:30:00,198,DN,0.0,19:30:00,198,DN,1.6207,19:30:00,198,DN,1.3483,963.32,0.0,5779.92,963.32,2025-07-16T19:30:00,2025-07-16 00:00:00,2025-07-16 00:00:00,2025-07-16T19:30:00,2025-07-16T19:30:00,1.3483,1021.7145239460976,1.981014601389278,348.7731164866727,1,profile_incumbent,135.97538060280905,0.0,614.5468835133274,0.0,0.0,0.0,0.0,8639.191332904345,7956.361462333982,0.0,0.0,670.9603928580357,8758.280623370703,8012.769075750663,0.0,470.2507929589808,0.0,470.2507929589808
2025-07-16,118,5764.775,2025-07-16T19:40:00,2025-07-16T19:30:00,19:40:00,198,DO,0.0,19:40:00,198,DO,1.6753,19:40:00,198,DO,1.349,960.7958333333332,0.0,5764.775,960.7958333333332,2025-07-16T19:40:00,2025-07-16 00:00:00,2025-07-16 00:00:00,2025-07-16T19:40:00,2025-07-16T19:40:00,1.349,995.9972283916652,0.0,311.5486264794918,1,profile_incumbent,135.97538060280905,0.0,649.2472068538414,0.0,0.0,0.0,0.0,7956.361462333982,7234.975676940825,0.0,0.0,684.4486019121734,8012.769075750663,7252.270629181582,0.0,420.2790971208345,0.0,420.2790971208345
2025-07-16,119,5751.3481,2025-07-16T19:50:00,2025-07-16T19:40:00,19:50:00,198,DP,0.1709,19:50:00,198,DP,1.647,19:50:00,198,DP,1.3473,958.5580166666667,0.028483333333333333,5751.1772,958.5295333333333,2025-07-16T19:50:00,2025-07-16 00:00:00,2025-07-16 00:00:00,2025-07-16T19:50:00,2025-07-16T19:50:00,1.3473,979.4769662099216,0.0,325.2730210152504,1,profile_incumbent,135.97538060280905,0.0,633.256512318083,0.0,0.0,0.0,0.0,7234.975676940825,6531.357329920733,0.0,0.0,654.2039451946712,7252.270629181582,6525.377356743059,0.0,438.2403412138468,0.0,438.2403412138468
2025-07-16,120,5918.87,2025-07-16T20:00:00,2025-07-16T19:50:00,20:00:00,198,DQ,0.0,20:00:00,198,DQ,1.5952,20:00:00,198,DQ,1.3482,986.4783333333334,0.0,5918.87,986.4783333333334,2025-07-16T20:00:00,2025-07-16 00:00:00,2025-07-16 00:00:00,2025-07-16T20:00:00,2025-07-16T20:00:00,1.3482,990.9978778843296,0.0,332.73439818656874,1,profile_incumbent,135.97538060280905,0.0,653.7439351467647,0.0,0.0,0.0,0.0,6531.357329920733,5804.975179757661,0.0,0.0,658.2634796977609,6525.377356743059,5793.973490412213,0.0,448.592515635132,0.0,448.592515635132
2025-07-16,121,6178.5016,2025-07-16T20:10:00,2025-07-16T20:00:00,20:10:00,198,DR,0.0,20:10:00,198,DR,1.6733,20:10:00,198,DR,1.3513,1029.7502666666667,0.0,6178.5016,1029.7502666666667,2025-07-16T20:10:00,2025-07-16 00:00:00,2025-07-16 00:00:00,2025-07-16T20:10:00,2025-07-16T20:10:00,1.3513,979.0750354354799,0.0,268.82585274001053,1,profile_incumbent,114.72632040382501,0.0,760.9244139266561,0.0,0.0,0.0,0.0,5804.975179757661,4959.503608728043,0.0,0.0,710.2491826954694,5793.973490412213,5004.8077318616915,0.0,363.26437480757625,0.0,363.26437480757625
2025-07-16,122,6214.3815,2025-07-16T20:20:00,2025-07-16T20:10:00,20:20:00,198,DS,0.0123,20:20:00,198,DS,1.6813,20:20:00,198,DS,1.34,1035.73025,0.00205,6214.3692,1035.7282,2025-07-16T20:20:00,2025-07-16 00:00:00,2025-07-16 00:00:00,2025-07-16T20:20:00,2025-07-16T20:20:00,1.34,977.9404231912337,0.0,907.2226722696371,1,profile_incumbent,114.72632040382501,0.0,128.50552773036293,0.0,0.0,0.0,0.0,4959.503608728043,4816.71968902764,0.0,0.0,70.71775092159658,5004.8077318616915,4926.232453059917,0.0,1215.6783808413138,0.0,1215.6783808413138
2025-07-16,123,5940.95,2025-07-16T20:30:00,2025-07-16T20:20:00,20:30:00,198,DT,0.0,20:30:00,198,DT,1.6275,20:30:00,198,DT,1.3489,990.1583333333333,0.0,5940.95,990.1583333333333,2025-07-16T20:30:00,2025-07-16 00:00:00,2025-07-16 00:00:00,2025-07-16T20:30:00,2025-07-16T20:30:00,1.3489,992.8450578946224,0.0,306.95259865132135,1,profile_incumbent,114.72632040382501,0.0,683.205734682012,0.0,0.0,0.0,0.0,4816.71968902764,4057.6022060476266,0.0,0.0,685.8924592433011,4926.232453059917,4164.12972056736,0.0,414.04836032076736,0.0,414.04836032076736
2025-07-16,124,5579.0253,2025-07-16T20:40:00,2025-07-16T20:30:00,20:40:00,198,DU,0.0,20:40:00,198,DU,1.6728,20:40:00,198,DU,1.3952,929.8375500000001,0.0,5579.0253,929.8375500000001,2025-07-16T20:40:00,2025-07-16 00:00:00,2025-07-16 00:00:00,2025-07-16T20:40:00,2025-07-16T20:40:00,1.3952,990.7840953724939,0.0,270.1963931959718,1,profile_incumbent,114.72632040382501,0.0,659.6411568040282,0.0,0.0,0.0,0.0,4057.6022060476266,3324.6675873764843,0.0,0.0,720.587702176522,4164.12972056736,3363.4767181490024,0.0,376.9780077870198,0.0,376.9780077870198
2025-07-16,125,5423.8742,2025-07-16T20:50:00,2025-07-16T20:40:00,20:50:00,198,DV,0.0,20:50:00,198,DV,1.4248,20:50:00,198,DV,1.2226,903.9790333333334,0.0,5423.8742,903.9790333333334,2025-07-16T20:50:00,2025-07-16 00:00:00,2025-07-16 00:00:00,2025-07-16T20:50:00,2025-07-16T20:50:00,1.2226,990.2044791052801,0.0,1011.475352809647,1,profile_incumbent,114.72632040382501,107.4963194763136,0.0,0.0,0.0,0.0,0.0,3324.6675873764843,3421.4142749051666,0.0,21.270873704366863,0.0,3363.4767181490024,3382.6205044829326,0.0,1236.6297663450744,0.0,1236.6297663450744
2025-07-16,126,5513.53,2025-07-16T21:00:00,2025-07-16T20:50:00,21:00:00,198,DW,0.0,21:00:00,198,DW,1.0253,21:00:00,198,DW,0.9332,918.9216666666666,0.0,5513.53,918.9216666666666,2025-07-16T21:00:00,2025-07-16 00:00:00,2025-07-16 00:00:00,2025-07-16T21:00:00,2025-07-16T21:00:00,0.9332,995.1315859848137,0.0,1062.0261817938479,1,profile_incumbent,114.72632040382501,143.10451512718123,0.0,0.0,0.0,0.0,0.0,3421.4142749051666,3550.2083385196297,0.0,66.89459580903417,0.0,3382.6205044829326,3442.8256407110634,0.0,991.0828328500188,0.0,991.0828328500188
2025-07-16,127,5641.2091,2025-07-16T21:10:00,2025-07-16T21:00:00,21:10:00,198,DX,0.0,21:10:00,198,DX,1.0492,21:10:00,198,DX,0.9068,940.2015166666666,0.0,5641.2091,940.2015166666666,2025-07-16T21:10:00,2025-07-16 00:00:00,2025-07-16 00:00:00,2025-07-16T21:10:00,2025-07-16T21:10:00,0.9068,990.7046949012805,0.0,1064.0801497797604,1,profile_incumbent,114.9254137560227,123.87863311309377,0.0,0.0,0.0,0.0,0.0,3550.2083385196297,3661.6991083214143,0.0,73.3754548784799,0.0,3442.8256407110634,3508.863550101695,0.0,964.9078798202868,0.0,964.9078798202868
2025-07-16,128,5715.3097,2025-07-16T21:20:00,2025-07-16T21:10:00,21:20:00,198,DY,0.0,21:20:00,198,DY,1.12,21:20:00,198,DY,0.9371,952.5516166666666,0.0,5715.3097,952.5516166666666,2025-07-16T21:20:00,2025-07-16 00:00:00,2025-07-16 00:00:00,2025-07-16T21:20:00,2025-07-16T21:20:00,0.9371,996.7609225272325,0.0,1050.0595288965212,1,profile_incumbent,114.9254137560227,97.50791222985458,0.0,0.0,0.0,0.0,0.0,3661.6991083214143,3749.4562293282834,0.0,53.29860636928868,0.0,3508.863550101695,3556.832295834055,0.0,984.0107845289301,0.0,984.0107845289301
2025-07-16,129,5757.62,2025-07-16T21:30:00,2025-07-16T21:20:00,21:30:00,198,DZ,0.0,21:30:00,198,DZ,1.089,21:30:00,198,DZ,0.9371,959.6033333333334,0.0,5757.62,959.6033333333334,2025-07-16T21:30:00,2025-07-16 00:00:00,2025-07-16 00:00:00,2025-07-16T21:30:00,2025-07-16T21:30:00,0.9371,1015.8119713269546,0.0,1070.2916928960854,1,profile_incumbent,114.9254137560227,110.688359562752,0.0,0.0,0.0,0.0,0.0,3749.4562293282834,3849.07575293476,0.0,54.47972156913079,0.0,3556.832295834055,3605.864045246273,0.0,1002.9703454129216,0.0,1002.9703454129216
2025-07-16,130,5785.0189,2025-07-16T21:40:00,2025-07-16T21:30:00,21:40:00,198,EA,0.0,21:40:00,198,EA,1.1433,21:40:00,198,EA,0.9871,964.1698166666666,0.0,5785.0189,964.1698166666666,2025-07-16T21:40:00,2025-07-16 00:00:00,2025-07-16 00:00:00,2025-07-16T21:40:00,2025-07-16T21:40:00,0.9871,1011.3190545078199,0.0,1019.3655939623839,1,profile_incumbent,114.9254137560227,55.19577729571722,0.0,0.0,0.0,0.0,0.0,3849.07575293476,3898.7519525009056,0.0,8.046539454563913,0.0,3605.864045246273,3613.10593075538,0.0,1006.215777800269,0.0,1006.215777800269
2025-07-16,131,5489.647,2025-07-16T21:50:00,2025-07-16T21:40:00,21:50:00,198,EB,0.0,21:50:00,198,EB,0.946,21:50:00,198,EB,0.7764,914.9411666666666,0.0,5489.647,914.9411666666666,2025-07-16T21:50:00,2025-07-16 00:00:00,2025-07-16 00:00:00,2025-07-16T21:50:00,2025-07-16T21:50:00,0.7764,903.3551474170412,0.0,918.0643836182677,1,profile_incumbent,114.9254137560227,3.12321695160108,0.0,0.0,0.0,0.0,0.0,3898.7519525009056,3901.5628477573464,0.0,14.709236201226531,0.0,3613.10593075538,3626.344243336484,0.0,712.785187441223,0.0,712.785187441223
2025-07-16,132,4965.92,2025-07-16T22:00:00,2025-07-16T21:50:00,22:00:00,198,EC,0.0,22:00:00,198,EC,0.5963,22:00:00,198,EC,0.4209,827.6533333333333,0.0,4965.92,827.6533333333333,2025-07-16T22:00:00,2025-07-16 00:00:00,2025-07-16 00:00:00,2025-07-16T22:00:00,2025-07-16T22:00:00,0.4209,774.1111171801358,0.0,896.1213820489974,1,profile_incumbent,114.9254137560227,68.46804871566405,0.0,0.0,0.0,0.0,0.0,3901.5628477573464,3963.184091601444,0.0,122.01026486886155,0.0,3626.344243336484,3736.1534817184593,0.0,377.177489704423,0.0,377.177489704423
2025-07-16,133,4721.9642,2025-07-16T22:10:00,2025-07-16T22:00:00,22:10:00,198,ED,0.0,22:10:00,198,ED,0.5783,22:10:00,198,ED,0.3859,786.9940333333334,0.0,4721.9642,786.9940333333334,2025-07-16T22:10:00,2025-07-16 00:00:00,2025-07-16 00:00:00,2025-07-16T22:10:00,2025-07-16T22:10:00,0.3859,796.2740204445612,0.0,1382.0380153774056,1,profile_incumbent,69.4286029498274,595.0439820440722,0.0,0.0,0.0,0.0,0.0,3963.184091601444,4498.723675441109,0.0,585.7639949328444,0.0,3736.1534817184593,4263.341077158019,0.0,533.3284701341408,0.0,533.3284701341408
2025-07-16,134,4956.1611,2025-07-16T22:20:00,2025-07-16T22:10:00,22:20:00,198,EE,0.0,22:20:00,198,EE,0.6385,22:20:00,198,EE,0.4368,826.0268500000001,0.0,4956.1611,826.0268500000001,2025-07-16T22:20:00,2025-07-16 00:00:00,2025-07-16 00:00:00,2025-07-16T22:20:00,2025-07-16T22:20:00,0.4368,821.2403481534654,0.0,845.4184237042774,1,profile_incumbent,69.4286029498274,19.391573704277334,0.0,0.0,0.0,0.0,0.0,4498.723675441109,4516.176091774958,0.0,24.17807555081197,0.0,4263.341077158019,4285.10134515375,0.0,369.27876747402837,0.0,369.27876747402837
2025-07-16,135,5166.26,2025-07-16T22:30:00,2025-07-16T22:20:00,22:30:00,198,EF,0.0,22:30:00,198,EF,0.5997,22:30:00,198,EF,0.4198,861.0433333333334,0.0,5166.26,861.0433333333334,2025-07-16T22:30:00,2025-07-16 00:00:00,2025-07-16 00:00:00,2025-07-16T22:30:00,2025-07-16T22:30:00,0.4198,787.1754323451643,4.181635069441376,856.4941593743847,1,profile_incumbent,69.4286029498274,0.0,4.5491739589487,0.0,0.0,0.0,0.0,4516.176091774958,4511.121454042793,0.0,73.50036209866187,0.0,4285.10134515375,4351.251671042546,0.0,359.5562481053667,0.0,359.5562481053667
2025-07-16,136,4674.0363,2025-07-16T22:40:00,2025-07-16T22:30:00,22:40:00,198,EG,0.0,22:40:00,198,EG,0.5471,22:40:00,198,EG,0.4186,779.00605,0.0,4674.0363,779.00605,2025-07-16T22:40:00,2025-07-16 00:00:00,2025-07-16 00:00:00,2025-07-16T22:40:00,2025-07-16T22:40:00,0.4186,777.5106109771881,10.085716029016133,829.3860105505366,1,profile_incumbent,69.4286029498274,50.37996055053668,0.0,0.0,0.0,0.0,0.0,4511.121454042793,4556.463418538276,0.0,61.96111560236466,0.0,4351.251671042546,4407.016675084675,0.0,347.18098401645466,0.0,347.18098401645466
2025-07-16,137,4510.2252,2025-07-16T22:50:00,2025-07-16T22:40:00,22:50:00,198,EH,0.0,22:50:00,198,EH,0.5447,22:50:00,198,EH,0.4241,751.7042,0.0,4510.2252,751.7042,2025-07-16T22:50:00,2025-07-16 00:00:00,2025-07-16 00:00:00,2025-07-16T22:50:00,2025-07-16T22:50:00,0.4241,781.6697348175998,15.590428880881829,820.4519941300057,1,profile_incumbent,69.4286029498274,68.74779413000567,0.0,0.0,0.0,0.0,0.0,4556.463418538276,4618.336433255281,0.0,54.372688193287786,0.0,4407.016675084675,4455.952094458634,0.0,347.9536907105354,0.0,347.9536907105354
2025-07-16,138,4805.54,2025-07-16T23:00:00,2025-07-16T22:50:00,23:00:00,198,EI,0.0,23:00:00,198,EI,0.5694,23:00:00,198,EI,0.4237,800.9233333333333,0.0,4805.54,800.9233333333333,2025-07-16T23:00:00,2025-07-16 00:00:00,2025-07-16 00:00:00,2025-07-16T23:00:00,2025-07-16T23:00:00,0.4237,783.8456713482045,20.579166841112947,823.2431070515405,1,profile_incumbent,69.4286029498274,22.319773718207216,0.0,0.0,0.0,0.0,0.0,4618.336433255281,4638.424229601667,0.0,59.97660254444895,0.0,4455.952094458634,4509.931036748638,0.0,348.8081044577377,0.0,348.8081044577377
2025-07-16,139,4679.2957,2025-07-16T23:10:00,2025-07-16T23:00:00,23:10:00,198,EJ,0.0,23:10:00,198,EJ,0.5497,23:10:00,198,EJ,0.4248,779.8826166666666,0.0,4679.2957,779.8826166666666,2025-07-16T23:10:00,2025-07-16 00:00:00,2025-07-16 00:00:00,2025-07-16T23:10:00,2025-07-16T23:10:00,0.4248,789.4432626704959,24.948896537738193,825.5442586036995,1,profile_incumbent,91.33434670092174,45.66164193703287,0.0,0.0,0.0,0.0,0.0,4638.424229601667,4679.519707344997,0.0,61.04989247094181,0.0,4509.931036748638,4564.875939972486,0.0,350.69120105485155,0.0,350.69120105485155
2025-07-16,140,4521.8562,2025-07-16T23:20:00,2025-07-16T23:10:00,23:20:00,198,EK,0.0,23:20:00,198,EK,0.5344,23:20:00,198,EK,0.424,753.6427,0.0,4521.8562,753.6427,2025-07-16T23:20:00,2025-07-16 00:00:00,2025-07-16 00:00:00,2025-07-16T23:20:00,2025-07-16T23:20:00,0.424,807.01426416068,28.611304809648935,851.96319787976,1,profile_incumbent,91.33434670092174,98.32049787975996,0.0,0.0,0.0,0.0,0.0,4679.519707344997,4768.008155436781,0.0,73.56023852872886,0.0,4564.875939972486,4631.080154648342,0.0,361.2323959010182,0.0,361.2323959010182
2025-07-16,141,4610.87,2025-07-16T23:30:00,2025-07-16T23:20:00,23:30:00,198,EL,0.0,23:30:00,198,EL,0.5494,23:30:00,198,EL,0.422,768.4783333333334,0.0,4610.87,768.4783333333334,2025-07-16T23:30:00,2025-07-16 00:00:00,2025-07-16 00:00:00,2025-07-16T23:30:00,2025-07-16T23:30:00,0.422,818.6158152869915,31.49377311604053,873.9107198983061,1,profile_incumbent,91.33434670092174,105.43238656497272,0.0,0.0,0.0,0.0,0.0,4768.008155436781,4862.897303345256,0.0,86.7886777273551,0.0,4631.080154648342,4709.1899646029615,0.0,368.79032379708514,0.0,368.79032379708514
2025-07-16,142,4750.2753,2025-07-16T23:40:00,2025-07-16T23:30:00,23:40:00,198,EM,0.0,23:40:00,198,EM,0.5665,23:40:00,198,EM,0.424,791.7125500000001,0.0,4750.2753,791.7125500000001,2025-07-16T23:40:00,2025-07-16 00:00:00,2025-07-16 00:00:00,2025-07-16T23:40:00,2025-07-16T23:40:00,0.424,795.9468478992,33.540168186893986,848.1608621316601,1,profile_incumbent,91.33434670092174,56.44831213166003,0.0,0.0,0.0,0.0,0.0,4862.897303345256,4913.7007842637495,0.0,85.75418241935415,0.0,4709.1899646029615,4786.3687287803805,0.0,359.6202055438239,0.0,359.6202055438239
2025-07-16,143,4651.2984,2025-07-16T23:50:00,2025-07-16T23:40:00,23:50:00,198,EN,0.0,23:50:00,198,EN,0.5621,23:50:00,198,EN,0.4271,775.2163999999999,0.0,4651.2984,775.2163999999999,2025-07-16T23:50:00,2025-07-16 00:00:00,2025-07-16 00:00:00,2025-07-16T23:50:00,2025-07-16T23:50:00,0.4271,775.6616429870949,34.71143983047012,813.9668357420522,1,profile_incumbent,91.33434670092174,38.75043574205233,0.0,0.0,0.0,0.0,0.0,4913.7007842637495,4948.576176431597,0.0,73.01663258542749,0.0,4786.3687287803805,4852.083698107265,0.0,347.6452355454305,0.0,347.6452355454305
2025-07-16,144,4497.77,2025-07-17T00:00:00,2025-07-16T23:50:00,0:00+1,198,EO,0.0,0:00+1,198,EO,0.5634,0:00+1,198,EO,0.4276,749.6283333333334,0.0,4497.77,749.6283333333334,2025-07-17T00:00:00,2025-07-16 00:00:00,2025-07-16 00:00:00,2025-07-17T00:00:00,2025-07-17T00:00:00,0.4276,768.8150649790335,34.98601921894906,816.2828975267784,1,profile_incumbent,91.33434670092174,66.65456419344491,0.0,0.0,0.0,0.0,0.0,4948.576176431597,5008.565284205697,0.0,82.4538517666939,0.0,4852.083698107265,4926.29216469729,0.0,349.0425669824504,0.0,349.0425669824504
