date,slot_id,interval_end,interval_start,load_actual_kwh,pv_actual_kwh,available_time,issue_time,forecast_history_end,dispatch_time,decision_input_cutoff,price_yuan_per_kwh,load_forecast_kwh,pv_forecast_kwh,plan_load_kwh,plan_pv_kwh,risk_delta_kwh,reserve_internal_kwh,risk_history_start,risk_history_end,risk_sample_count,risk_history_days,risk_cold_start,grid_plan_kwh,charge_plan_kwh,discharge_plan_kwh,energy_start_plan_kwh,energy_end_plan_kwh,pv_curtailment_plan_kwh,charge_mode_plan,charge_actual_kwh,discharge_actual_kwh,emergency_kwh,surplus_kwh,unused_grid_kwh,pv_curtailment_kwh,energy_start_actual_kwh,energy_end_actual_kwh,planned_cost_yuan,emergency_cost_yuan,total_cost_yuan
2025-03-20,1,2025-03-20T00:10:00,2025-03-20T00:00:00,549.8448166666667,0.0,2025-03-20T00:10:00,2025-03-20 00:00:00,2025-03-20 00:00:00,2025-03-20T00:10:00,2025-03-20T00:10:00,0.4248,602.8585666666667,0.0,602.8585666666667,0.0,0.0,0.0,,,0,0,False,1436.1918999999998,833.3333333333333,0.0,7235.314319302705,7985.314319302705,0.0,1.0,833.3333333333334,0.0,0.0,53.01374999999973,53.01374999999973,0.0,7235.314319302705,7985.314319302705,610.0943191199999,0.0,610.0943191199999
2025-03-20,2,2025-03-20T00:20:00,2025-03-20T00:10:00,570.3135,0.0,2025-03-20T00:20:00,2025-03-20 00:00:00,2025-03-20 00:00:00,2025-03-20T00:20:00,2025-03-20T00:20:00,0.4245,597.5523833333333,0.0,597.5523833333333,0.0,0.0,0.0,,,0,0,False,1430.8857166666667,833.3333333333333,0.0,7985.314319302705,8735.314319302706,0.0,1.0,833.3333333333334,0.0,0.0,27.23888333333332,27.23888333333332,0.0,7985.314319302705,8735.314319302706,607.4109867249999,0.0,607.4109867249999
2025-03-20,3,2025-03-20T00:30:00,2025-03-20T00:20:00,613.8516666666667,0.0,2025-03-20T00:30:00,2025-03-20 00:00:00,2025-03-20 00:00:00,2025-03-20T00:30:00,2025-03-20T00:30:00,0.4269,585.7016666666667,0.0,585.7016666666667,0.0,0.0,0.0,,,0,0,False,1419.0349999999999,833.3333333333333,0.0,8735.314319302706,9485.314319302706,0.0,1.0,805.1833333333332,0.0,0.0,0.0,0.0,0.0,8735.314319302706,9459.979319302705,605.7860414999999,0.0,605.7860414999999
2025-03-20,4,2025-03-20T00:40:00,2025-03-20T00:30:00,579.4561666666667,0.0,2025-03-20T00:40:00,2025-03-20 00:00:00,2025-03-20 00:00:00,2025-03-20T00:40:00,2025-03-20T00:40:00,0.4272,594.46055,0.0,594.46055,0.0,0.0,0.0,,,0,0,False,594.46055,0.0,0.0,9485.314319302706,9485.314319302706,0.0,0.0,15.004383333333294,0.0,0.0,0.0,0.0,0.0,9459.979319302705,9473.483264302706,253.95354696,0.0,253.95354696
2025-03-20,5,2025-03-20T00:50:00,2025-03-20T00:40:00,550.4449166666667,0.0,2025-03-20T00:50:00,2025-03-20 00:00:00,2025-03-20 00:00:00,2025-03-20T00:50:00,2025-03-20T00:50:00,0.4271,588.294,0.0,588.294,0.0,0.0,0.0,,,0,0,False,1215.7225341081041,627.4285341081041,0.0,9485.314319302706,10050.0,0.0,0.9999999999999981,665.2776174414374,0.0,0.0,0.0,0.0,0.0,9473.483264302706,10072.233119999999,519.2350943175712,0.0,519.2350943175712
2025-03-20,6,2025-03-20T01:00:00,2025-03-20T00:50:00,571.1566666666666,0.0,2025-03-20T01:00:00,2025-03-20 00:00:00,2025-03-20 00:00:00,2025-03-20T01:00:00,2025-03-20T01:00:00,0.4285,565.1,0.0,565.1,0.0,0.0,0.0,,,0,0,False,565.1,0.0,0.0,10050.0,10050.0,0.0,0.0,0.0,6.056666666666615,0.0,0.0,0.0,0.0,10072.233119999999,10065.503490370369,242.14535,0.0,242.14535
2025-03-20,7,2025-03-20T01:10:00,2025-03-20T01:00:00,601.5890499999999,0.0,2025-03-20T01:10:00,2025-03-20 00:00:00,2025-03-20 00:00:00,2025-03-20T01:10:00,2025-03-20T01:10:00,0.4311,558.81305,0.0,558.81305,0.0,0.0,0.0,,,0,0,False,558.81305,0.0,0.0,10050.0,10050.0,0.0,0.0,0.0,42.775999999999954,0.0,0.0,0.0,0.0,10065.503490370369,10017.974601481481,240.904305855,0.0,240.904305855
2025-03-20,8,2025-03-20T01:20:00,2025-03-20T01:10:00,611.48375,0.0,2025-03-20T01:20:00,2025-03-20 00:00:00,2025-03-20 00:00:00,2025-03-20T01:20:00,2025-03-20T01:20:00,0.4302,551.48425,0.0,551.48425,0.0,0.0,0.0,,,0,0,False,551.48425,0.0,0.0,10050.0,10050.0,0.0,0.0,0.0,59.99950000000001,0.0,0.0,0.0,0.0,10017.974601481481,9951.30849037037,237.24852435,0.0,237.24852435
2025-03-20,9,2025-03-20T01:30:00,2025-03-20T01:20:00,598.2166666666667,0.0,2025-03-20T01:30:00,2025-03-20 00:00:00,2025-03-20 00:00:00,2025-03-20T01:30:00,2025-03-20T01:30:00,0.4279,543.3466666666667,0.0,543.3466666666667,0.0,0.0,0.0,,,0,0,False,543.3466666666667,0.0,0.0,10050.0,10050.0,0.0,0.0,0.0,54.870000000000005,0.0,0.0,0.0,0.0,9951.30849037037,9890.341823703702,232.49803866666667,0.0,232.49803866666667
2025-03-20,10,2025-03-20T01:40:00,2025-03-20T01:30:00,583.9359499999999,0.0,2025-03-20T01:40:00,2025-03-20 00:00:00,2025-03-20 00:00:00,2025-03-20T01:40:00,2025-03-20T01:40:00,0.4312,558.9097333333333,0.0,558.9097333333333,0.0,0.0,0.0,,,0,0,False,558.9097333333333,0.0,0.0,10050.0,10050.0,0.0,0.0,0.0,25.02621666666664,0.0,0.0,0.0,0.0,9890.341823703702,9862.534916296296,241.00187701333334,0.0,241.00187701333334
2025-03-20,11,2025-03-20T01:50:00,2025-03-20T01:40:00,590.99505,0.0,2025-03-20T01:50:00,2025-03-20 00:00:00,2025-03-20 00:00:00,2025-03-20T01:50:00,2025-03-20T01:50:00,0.4333,592.1398666666666,0.0,592.1398666666666,0.0,0.0,0.0,,,0,0,False,592.1398666666666,0.0,0.0,10050.0,10050.0,0.0,0.0,1.1448166666666566,0.0,0.0,0.0,0.0,0.0,9862.534916296296,9863.565251296295,256.57420422666667,0.0,256.57420422666667
2025-03-20,12,2025-03-20T02:00:00,2025-03-20T01:50:00,598.4433333333333,0.0,2025-03-20T02:00:00,2025-03-20 00:00:00,2025-03-20 00:00:00,2025-03-20T02:00:00,2025-03-20T02:00:00,0.4311,609.2883333333333,0.0,609.2883333333333,0.0,0.0,0.0,,,0,0,False,609.2883333333333,0.0,0.0,10050.0,10050.0,0.0,0.0,10.845000000000027,0.0,0.0,0.0,0.0,0.0,9863.565251296295,9873.325751296295,262.6642005,0.0,262.6642005
2025-03-20,13,2025-03-20T02:10:00,2025-03-20T02:00:00,565.9836166666666,0.0,2025-03-20T02:10:00,2025-03-20 00:00:00,2025-03-20 00:00:00,2025-03-20T02:10:00,2025-03-20T02:10:00,0.4293,580.7749333333334,0.0,580.7749333333334,0.0,0.0,0.0,,,0,0,False,580.7749333333334,0.0,0.0,10050.0,10050.0,0.0,0.0,14.791316666666717,0.0,0.0,0.0,0.0,0.0,9873.325751296295,9886.637936296296,249.32667888000003,0.0,249.32667888000003
2025-03-20,14,2025-03-20T02:20:00,2025-03-20T02:10:00,546.1207666666667,0.0,2025-03-20T02:20:00,2025-03-20 00:00:00,2025-03-20 00:00:00,2025-03-20T02:20:00,2025-03-20T02:20:00,0.4324,569.4044833333334,0.0,569.4044833333334,0.0,0.0,0.0,,,0,0,False,569.4044833333334,0.0,0.0,10050.0,10050.0,0.0,0.0,23.28371666666669,0.0,0.0,0.0,0.0,0.0,9886.637936296296,9907.593281296296,246.21049859333334,0.0,246.21049859333334
2025-03-20,15,2025-03-20T02:30:00,2025-03-20T02:20:00,565.7133333333334,0.0,2025-03-20T02:30:00,2025-03-20 00:00:00,2025-03-20 00:00:00,2025-03-20T02:30:00,2025-03-20T02:30:00,0.4367,588.1983333333334,0.0,588.1983333333334,0.0,0.0,0.0,,,0,0,False,588.1983333333334,0.0,0.0,10050.0,10050.0,0.0,0.0,22.485000000000014,0.0,0.0,0.0,0.0,0.0,9907.593281296296,9927.829781296297,256.8662121666667,0.0,256.8662121666667
2025-03-20,16,2025-03-20T02:40:00,2025-03-20T02:30:00,597.9265666666666,0.0,2025-03-20T02:40:00,2025-03-20 00:00:00,2025-03-20 00:00:00,2025-03-20T02:40:00,2025-03-20T02:40:00,0.4348,594.1827833333333,0.0,594.1827833333333,0.0,0.0,0.0,,,0,0,False,594.1827833333333,0.0,0.0,10050.0,10050.0,0.0,0.0,0.0,3.74378333333334,0.0,0.0,0.0,0.0,9927.829781296297,9923.670022037039,258.3506741933333,0.0,258.3506741933333
2025-03-20,17,2025-03-20T02:50:00,2025-03-20T02:40:00,600.9544666666667,0.0,2025-03-20T02:50:00,2025-03-20 00:00:00,2025-03-20 00:00:00,2025-03-20T02:50:00,2025-03-20T02:50:00,0.4335,610.4752,0.0,610.4752,0.0,0.0,0.0,,,0,0,False,610.4752,0.0,0.0,10050.0,10050.0,0.0,0.0,9.520733333333283,0.0,0.0,0.0,0.0,0.0,9923.670022037039,9932.23868203704,264.6409992,0.0,264.6409992
2025-03-20,18,2025-03-20T03:00:00,2025-03-20T02:50:00,587.1316666666667,0.0,2025-03-20T03:00:00,2025-03-20 00:00:00,2025-03-20 00:00:00,2025-03-20T03:00:00,2025-03-20T03:00:00,0.4357,624.8566666666667,0.0,624.8566666666667,0.0,0.0,0.0,,,0,0,False,624.8566666666667,0.0,0.0,10050.0,10050.0,0.0,0.0,37.72500000000002,0.0,0.0,0.0,0.0,0.0,9932.23868203704,9966.191182037039,272.25004966666665,0.0,272.25004966666665
2025-03-20,19,2025-03-20T03:10:00,2025-03-20T03:00:00,605.2103000000001,0.0,2025-03-20T03:10:00,2025-03-20 00:00:00,2025-03-20 00:00:00,2025-03-20T03:10:00,2025-03-20T03:10:00,0.4374,596.0557333333334,0.0,596.0557333333334,0.0,0.0,0.0,,,0,0,False,596.0557333333334,0.0,0.0,10050.0,10050.0,0.0,0.0,0.0,9.15456666666671,0.0,0.0,0.0,0.0,9966.191182037039,9956.019441296297,260.71477776,0.0,260.71477776
2025-03-20,20,2025-03-20T03:20:00,2025-03-20T03:10:00,621.8923833333333,0.0,2025-03-20T03:20:00,2025-03-20 00:00:00,2025-03-20 00:00:00,2025-03-20T03:20:00,2025-03-20T03:20:00,0.4371,575.0658833333333,0.0,575.0658833333333,0.0,0.0,0.0,,,0,0,False,575.0658833333333,0.0,0.0,10050.0,10050.0,0.0,0.0,0.0,46.82650000000001,0.0,0.0,0.0,0.0,9956.019441296297,9903.989996851853,251.36129760499998,0.0,251.36129760499998
2025-03-20,21,2025-03-20T03:30:00,2025-03-20T03:20:00,620.1683333333334,0.0,2025-03-20T03:30:00,2025-03-20 00:00:00,2025-03-20 00:00:00,2025-03-20T03:30:00,2025-03-20T03:30:00,0.4356,587.0616666666666,0.0,587.0616666666666,0.0,0.0,0.0,,,0,0,False,587.0616666666666,0.0,0.0,10050.0,10050.0,0.0,0.0,0.0,33.1066666666668,0.0,0.0,0.0,0.0,9903.989996851853,9867.204811666668,255.72406199999998,0.0,255.72406199999998
2025-03-20,22,2025-03-20T03:40:00,2025-03-20T03:30:00,616.6230833333333,0.0,2025-03-20T03:40:00,2025-03-20 00:00:00,2025-03-20 00:00:00,2025-03-20T03:40:00,2025-03-20T03:40:00,0.4353,605.2046666666666,0.0,605.2046666666666,0.0,0.0,0.0,,,0,0,False,605.2046666666666,0.0,0.0,10050.0,10050.0,0.0,0.0,0.0,11.418416666666644,0.0,0.0,0.0,0.0,9867.204811666668,9854.517682037038,263.4455914,0.0,263.4455914
2025-03-20,23,2025-03-20T03:50:00,2025-03-20T03:40:00,612.46375,0.0,2025-03-20T03:50:00,2025-03-20 00:00:00,2025-03-20 00:00:00,2025-03-20T03:50:00,2025-03-20T03:50:00,0.436,594.9064333333333,0.0,594.9064333333333,0.0,0.0,0.0,,,0,0,False,594.9064333333333,0.0,0.0,10050.0,10050.0,0.0,0.0,0.0,17.55731666666668,0.0,0.0,0.0,0.0,9854.517682037038,9835.009552407408,259.3792049333333,0.0,259.3792049333333
2025-03-20,24,2025-03-20T04:00:00,2025-03-20T03:50:00,603.93,0.0,2025-03-20T04:00:00,2025-03-20 00:00:00,2025-03-20 00:00:00,2025-03-20T04:00:00,2025-03-20T04:00:00,0.4378,575.84,0.0,575.84,0.0,0.0,0.0,,,0,0,False,575.84,0.0,0.0,10050.0,10050.0,0.0,0.0,0.0,28.089999999999918,0.0,0.0,0.0,0.0,9835.009552407408,9803.798441296296,252.10275200000004,0.0,252.10275200000004
2025-03-20,25,2025-03-20T04:10:00,2025-03-20T04:00:00,589.79495,0.00031666666666666665,2025-03-20T04:10:00,2025-03-20 00:00:00,2025-03-20 00:00:00,2025-03-20T04:10:00,2025-03-20T04:10:00,0.4401,597.3306333333334,0.0003,597.3306333333334,0.0003,0.0,0.0,,,0,0,False,597.3303333333333,0.0,0.0,10050.0,10050.0,0.0,0.0,7.53570000000002,0.0,0.0,0.0,0.0,0.0,9803.798441296296,9810.580571296296,262.8850797,0.0,262.8850797
2025-03-20,26,2025-03-20T04:20:00,2025-03-20T04:10:00,581.4640499999999,0.0,2025-03-20T04:20:00,2025-03-20 00:00:00,2025-03-20 00:00:00,2025-03-20T04:20:00,2025-03-20T04:20:00,0.4389,607.6372166666666,0.0,607.6372166666666,0.0,0.0,0.0,,,0,0,False,607.6372166666666,0.0,0.0,10050.0,10050.0,0.0,0.0,26.173166666666702,0.0,0.0,0.0,0.0,0.0,9810.580571296296,9834.136421296296,266.691974395,0.0,266.691974395
2025-03-20,27,2025-03-20T04:30:00,2025-03-20T04:20:00,585.585,0.0,2025-03-20T04:30:00,2025-03-20 00:00:00,2025-03-20 00:00:00,2025-03-20T04:30:00,2025-03-20T04:30:00,0.4364,596.1783333333334,0.0,596.1783333333334,0.0,0.0,0.0,,,0,0,False,596.1783333333334,0.0,0.0,10050.0,10050.0,0.0,0.0,10.593333333333362,0.0,0.0,0.0,0.0,0.0,9834.136421296296,9843.670421296296,260.1722246666667,0.0,260.1722246666667
2025-03-20,28,2025-03-20T04:40:00,2025-03-20T04:30:00,599.72965,0.004516666666666666,2025-03-20T04:40:00,2025-03-20 00:00:00,2025-03-20 00:00:00,2025-03-20T04:40:00,2025-03-20T04:40:00,0.4393,605.07335,0.004233333333333333,605.07335,0.004233333333333333,0.0,0.0,,,0,0,False,605.0691166666667,0.0,0.0,10050.0,10050.0,0.0,0.0,5.343983333333313,0.0,0.0,0.0,0.0,0.0,9843.670421296296,9848.480006296297,265.8068629516667,0.0,265.8068629516667
2025-03-20,29,2025-03-20T04:50:00,2025-03-20T04:40:00,616.7393166666667,0.0,2025-03-20T04:50:00,2025-03-20 00:00:00,2025-03-20 00:00:00,2025-03-20T04:50:00,2025-03-20T04:50:00,0.4422,619.5839,0.0,619.5839,0.0,0.0,0.0,,,0,0,False,619.5839,0.0,0.0,10050.0,10050.0,0.0,0.0,2.8445833333332757,0.0,0.0,0.0,0.0,0.0,9848.480006296297,9851.040131296297,273.98000057999997,0.0,273.98000057999997
2025-03-20,30,2025-03-20T05:00:00,2025-03-20T04:50:00,625.595,0.0,2025-03-20T05:00:00,2025-03-20 00:00:00,2025-03-20 00:00:00,2025-03-20T05:00:00,2025-03-20T05:00:00,0.4395,621.1783333333334,0.0,621.1783333333334,0.0,0.0,0.0,,,0,0,False,621.1783333333334,0.0,0.0,10050.0,10050.0,0.0,0.0,0.0,4.416666666666629,0.0,0.0,0.0,0.0,9851.040131296297,9846.13272388889,273.0078775,0.0,273.0078775
2025-03-20,31,2025-03-20T05:10:00,2025-03-20T05:00:00,619.49685,0.06293333333333333,2025-03-20T05:10:00,2025-03-20 00:00:00,2025-03-20 00:00:00,2025-03-20T05:10:00,2025-03-20T05:10:00,0.4333,608.7214333333333,0.05895,608.7214333333333,0.05895,0.0,0.0,,,0,0,False,608.6624833333333,0.0,0.0,10050.0,10050.0,0.0,0.0,0.0,10.771433333333334,0.0,0.0,0.0,0.0,9846.13272388889,9834.16446462963,263.7334540283333,0.0,263.7334540283333
2025-03-20,32,2025-03-20T05:20:00,2025-03-20T05:10:00,617.8444000000001,0.0,2025-03-20T05:20:00,2025-03-20 00:00:00,2025-03-20 00:00:00,2025-03-20T05:20:00,2025-03-20T05:20:00,0.4439,604.5978166666666,0.0,604.5978166666666,0.0,0.0,0.0,,,0,0,False,604.5978166666666,0.0,0.0,10050.0,10050.0,0.0,0.0,0.0,13.246583333333433,0.0,0.0,0.0,0.0,9834.16446462963,9819.446038703703,268.3809708183333,0.0,268.3809708183333
2025-03-20,33,2025-03-20T05:30:00,2025-03-20T05:20:00,607.115,0.0,2025-03-20T05:30:00,2025-03-20 00:00:00,2025-03-20 00:00:00,2025-03-20T05:30:00,2025-03-20T05:30:00,0.4301,604.3116666666666,0.0,604.3116666666666,0.0,0.0,0.0,,,0,0,False,604.3116666666666,0.0,0.0,10050.0,10050.0,0.0,0.0,0.0,2.8033333333333985,0.0,0.0,0.0,0.0,9819.446038703703,9816.331223888888,259.9144478333333,0.0,259.9144478333333
2025-03-20,34,2025-03-20T05:40:00,2025-03-20T05:30:00,576.3066333333334,0.8765666666666667,2025-03-20T05:40:00,2025-03-20 00:00:00,2025-03-20 00:00:00,2025-03-20T05:40:00,2025-03-20T05:40:00,0.3713,600.5139666666666,0.8210666666666667,600.5139666666666,0.8210666666666667,0.0,0.0,,,0,0,False,1433.0262333333333,833.3333333333333,0.0,10050.0,10800.0,0.0,1.0,833.3333333333334,0.0,0.0,24.262833333333106,24.262833333333106,0.0,9816.331223888888,10566.331223888888,532.0826404366667,0.0,532.0826404366667
2025-03-20,35,2025-03-20T05:50:00,2025-03-20T05:40:00,671.4631166666667,0.0,2025-03-20T05:50:00,2025-03-20 00:00:00,2025-03-20 00:00:00,2025-03-20T05:50:00,2025-03-20T05:50:00,0.5708,696.46365,0.0,696.46365,0.0,0.0,0.0,,,0,0,False,696.46365,-0.0,0.0,10800.0,10800.0,0.0,0.0,25.00053333333335,0.0,0.0,0.0,0.0,0.0,10566.331223888888,10588.831703888889,397.54145142,0.0,397.54145142
2025-03-20,36,2025-03-20T06:00:00,2025-03-20T05:50:00,827.015,0.0,2025-03-20T06:00:00,2025-03-20 00:00:00,2025-03-20 00:00:00,2025-03-20T06:00:00,2025-03-20T06:00:00,0.9099,829.3766666666667,0.0,829.3766666666667,0.0,0.0,0.0,,,0,0,False,0.0,0.0,829.3766666666667,10800.0,9878.47037037037,0.0,0.0,0.0,827.015,0.0,0.0,0.0,0.0,10588.831703888889,9669.926148333334,0.0,0.0,0.0
2025-03-20,37,2025-03-20T06:10:00,2025-03-20T06:00:00,817.5199666666667,25.57003333333333,2025-03-20T06:10:00,2025-03-20 00:00:00,2025-03-20 00:00:00,2025-03-20T06:10:00,2025-03-20T06:10:00,0.9368,821.3032166666667,24.100716666666667,821.3032166666667,24.100716666666667,0.0,0.0,,,0,0,False,0.0,0.0,797.2025,9878.47037037037,8992.689814814816,0.0,0.0,0.0,791.9499333333334,0.0,0.0,0.0,0.0,9669.926148333334,8789.981777962963,0.0,0.0,0.0
2025-03-20,38,2025-03-20T06:20:00,2025-03-20T06:10:00,776.8039833333333,66.84066666666666,2025-03-20T06:20:00,2025-03-20 00:00:00,2025-03-20 00:00:00,2025-03-20T06:20:00,2025-03-20T06:20:00,0.8758,802.8293,63.88608333333334,802.8293,63.88608333333334,0.0,0.0,,,0,0,False,0.0,0.0,738.9432166666667,8992.689814814816,8171.641796296297,0.0,0.0,0.0,709.9633166666667,0.0,0.0,0.0,0.0,8789.981777962963,8001.133648333333,0.0,0.0,0.0
2025-03-20,39,2025-03-20T06:30:00,2025-03-20T06:20:00,783.9583333333334,112.58749999999999,2025-03-20T06:30:00,2025-03-20 00:00:00,2025-03-20 00:00:00,2025-03-20T06:30:00,2025-03-20T06:30:00,0.8759,824.1999999999999,111.66250000000001,824.1999999999999,111.66250000000001,0.0,0.0,,,0,0,False,0.0,0.0,712.5374999999999,8171.641796296297,7379.933462962964,0.0,0.0,0.0,671.3708333333334,0.0,0.0,0.0,0.0,8001.133648333333,7255.166055740741,0.0,0.0,0.0
2025-03-20,40,2025-03-20T06:40:00,2025-03-20T06:30:00,787.8168000000001,158.77193333333335,2025-03-20T06:40:00,2025-03-20 00:00:00,2025-03-20 00:00:00,2025-03-20T06:40:00,2025-03-20T06:40:00,0.8601,806.8451333333334,164.4394,806.8451333333334,164.4394,0.0,0.0,,,0,0,False,0.0,0.0,642.4057333333334,7379.933462962964,6666.149314814816,0.0,0.0,0.0,629.0448666666667,0.0,0.0,0.0,0.0,7255.166055740741,6556.227315,0.0,0.0,0.0
2025-03-20,41,2025-03-20T06:50:00,2025-03-20T06:40:00,803.24555,217.08963333333335,2025-03-20T06:50:00,2025-03-20 00:00:00,2025-03-20 00:00:00,2025-03-20T06:50:00,2025-03-20T06:50:00,0.8442,792.7957,219.43233333333333,792.7957,219.43233333333333,0.0,0.0,,,0,0,False,0.0,0.0,573.3633666666667,6666.149314814816,6029.078907407408,0.0,0.0,0.0,586.1559166666666,0.0,0.0,0.0,0.0,6556.227315,5904.942963148148,0.0,0.0,0.0
2025-03-20,42,2025-03-20T07:00:00,2025-03-20T06:50:00,813.3883333333333,282.20625,2025-03-20T07:00:00,2025-03-20 00:00:00,2025-03-20 00:00:00,2025-03-20T07:00:00,2025-03-20T07:00:00,0.8334,797.59,273.98125,797.59,273.98125,0.0,0.0,,,0,0,False,212.80699999999973,0.0,310.80175000000037,6029.078907407408,5683.74362962963,0.0,0.0,0.0,318.3750833333336,0.0,0.0,0.0,0.0,5904.942963148148,5551.192870555555,177.35335379999978,0.0,177.35335379999978
2025-03-20,43,2025-03-20T07:10:00,2025-03-20T07:00:00,781.5626833333334,334.98718333333335,2025-03-20T07:10:00,2025-03-20 00:00:00,2025-03-20 00:00:00,2025-03-20T07:10:00,2025-03-20T07:10:00,0.8092,795.1481833333333,326.0039,795.1481833333333,326.0039,0.0,0.0,,,0,0,False,469.14428333333336,0.0,0.0,5683.74362962963,5683.74362962963,0.0,0.0,22.568783333333272,0.0,0.0,0.0,0.0,0.0,5551.192870555555,5571.504775555554,379.63155407333335,0.0,379.63155407333335
2025-03-20,44,2025-03-20T07:20:00,2025-03-20T07:10:00,785.5607666666666,384.31915000000004,2025-03-20T07:20:00,2025-03-20 00:00:00,2025-03-20 00:00:00,2025-03-20T07:20:00,2025-03-20T07:20:00,0.7972,822.28515,375.03475000000003,822.28515,375.03475000000003,0.0,0.0,,,0,0,False,447.2504,0.0,0.0,5683.74362962963,5683.74362962963,0.0,0.0,46.00878333333344,0.0,0.0,0.0,0.0,0.0,5571.504775555554,5612.912680555554,356.54801888000003,0.0,356.54801888000003
2025-03-20,45,2025-03-20T07:30:00,2025-03-20T07:20:00,804.5333333333333,434.95625,2025-03-20T07:30:00,2025-03-20 00:00:00,2025-03-20 00:00:00,2025-03-20T07:30:00,2025-03-20T07:30:00,0.7644,836.1783333333333,416.4875,836.1783333333333,416.4875,0.0,0.0,,,0,0,False,419.6908333333333,0.0,0.0,5683.74362962963,5683.74362962963,0.0,0.0,50.11374999999998,0.0,0.0,0.0,0.0,0.0,5612.912680555554,5658.015055555555,320.8116729999999,0.0,320.8116729999999
2025-03-20,46,2025-03-20T07:40:00,2025-03-20T07:30:00,763.026,482.3358,2025-03-20T07:40:00,2025-03-20 00:00:00,2025-03-20 00:00:00,2025-03-20T07:40:00,2025-03-20T07:40:00,0.6899,779.8098833333333,448.66105,779.8098833333333,448.66105,0.0,0.0,,,0,0,False,331.14883333333336,0.0,0.0,5683.74362962963,5683.74362962963,0.0,0.0,50.45863333333341,0.0,0.0,0.0,0.0,0.0,5658.015055555555,5703.427825555555,228.45958011666667,0.0,228.45958011666667
2025-03-20,47,2025-03-20T07:50:00,2025-03-20T07:40:00,864.5061333333333,529.9280666666667,2025-03-20T07:50:00,2025-03-20 00:00:00,2025-03-20 00:00:00,2025-03-20T07:50:00,2025-03-20T07:50:00,0.86,905.0956833333333,497.72211666666664,905.0956833333333,497.72211666666664,0.0,0.0,,,0,0,False,0.0,0.0,407.3735666666667,5683.74362962963,5231.106333333334,0.0,0.0,0.0,334.5780666666666,0.0,0.0,0.0,0.0,5703.427825555555,5331.674418148147,0.0,0.0,0.0
2025-03-20,48,2025-03-20T08:00:00,2025-03-20T07:50:00,1067.5983333333334,579.4187499999999,2025-03-20T08:00:00,2025-03-20 00:00:00,2025-03-20 00:00:00,2025-03-20T08:00:00,2025-03-20T08:00:00,1.1617,1125.9950000000001,556.65625,1125.9950000000001,556.65625,0.0,0.0,,,0,0,False,0.0,0.0,569.3387500000001,5231.106333333334,4598.507722222223,0.0,0.0,0.0,488.1795833333334,0.0,0.0,0.0,0.0,5331.674418148147,4789.252658888888,0.0,0.0,0.0
2025-03-20,49,2025-03-20T08:10:00,2025-03-20T08:00:00,1109.6747666666668,626.8709166666666,2025-03-20T08:10:00,2025-03-20 00:00:00,2025-03-20 00:00:00,2025-03-20T08:10:00,2025-03-20T08:10:00,1.1683,1090.9687000000001,592.1597,1090.9687000000001,592.1597,0.0,0.0,,,0,0,False,0.0,0.0,498.8090000000001,4598.507722222223,4044.2754999999997,0.0,0.0,0.0,482.8038500000001,0.0,0.0,0.0,0.0,4789.252658888888,4252.803936666665,0.0,0.0,0.0
2025-03-20,50,2025-03-20T08:20:00,2025-03-20T08:10:00,1101.1000166666665,662.7286166666667,2025-03-20T08:20:00,2025-03-20 00:00:00,2025-03-20 00:00:00,2025-03-20T08:20:00,2025-03-20T08:20:00,1.0956,1039.0916333333332,625.3758666666666,1039.0916333333332,625.3758666666666,0.0,0.0,,,0,0,False,0.0,0.0,413.7157666666666,4044.2754999999997,3584.5913148148147,0.0,0.0,0.0,438.3713999999999,0.0,0.0,0.0,0.0,4252.803936666665,3765.724603333332,0.0,0.0,0.0
2025-03-20,51,2025-03-20T08:30:00,2025-03-20T08:20:00,1114.545,703.3874999999999,2025-03-20T08:30:00,2025-03-20 00:00:00,2025-03-20 00:00:00,2025-03-20T08:30:00,2025-03-20T08:30:00,1.0849,1080.1816666666666,664.5,1080.1816666666666,664.5,0.0,0.0,,,0,0,False,0.0,0.0,415.6816666666666,3584.5913148148147,3122.722796296296,0.0,0.0,0.0,411.15750000000014,0.0,0.0,0.0,0.0,3765.724603333332,3308.8829366666655,0.0,0.0,0.0
2025-03-20,52,2025-03-20T08:40:00,2025-03-20T08:30:00,1108.296,775.6238166666667,2025-03-20T08:40:00,2025-03-20 00:00:00,2025-03-20 00:00:00,2025-03-20T08:40:00,2025-03-20T08:40:00,1.061,1085.1412333333333,696.3998333333334,1085.1412333333333,696.3998333333334,0.0,0.0,,,0,0,False,0.0,0.0,388.7413999999999,3122.722796296296,2690.787907407407,0.0,0.0,0.0,332.67218333333335,0.0,0.0,0.0,0.0,3308.8829366666655,2939.247177407406,0.0,0.0,0.0
2025-03-20,53,2025-03-20T08:50:00,2025-03-20T08:40:00,1117.5889166666666,839.5837833333334,2025-03-20T08:50:00,2025-03-20 00:00:00,2025-03-20 00:00:00,2025-03-20T08:50:00,2025-03-20T08:50:00,1.043,1091.9628833333334,730.2363333333333,1091.9628833333334,730.2363333333333,0.0,0.0,,,0,0,False,0.0,0.0,361.7265500000001,2690.787907407407,2288.8695185185184,0.0,0.0,0.0,278.0051333333332,0.0,0.0,0.0,0.0,2939.247177407406,2630.352584814814,0.0,0.0,0.0
2025-03-20,54,2025-03-20T09:00:00,2025-03-20T08:50:00,1126.3016666666667,863.4812499999999,2025-03-20T09:00:00,2025-03-20 00:00:00,2025-03-20 00:00:00,2025-03-20T09:00:00,2025-03-20T09:00:00,1.036,1111.01,771.86875,1111.01,771.86875,0.0,0.0,,,0,0,False,0.0,0.0,339.14125,2288.8695185185184,1912.0459074074074,0.0,0.0,0.0,262.8204166666668,0.0,0.0,0.0,0.0,2630.352584814814,2338.3298996296285,0.0,0.0,0.0
2025-03-20,55,2025-03-20T09:10:00,2025-03-20T09:00:00,1082.3667333333333,861.0829666666667,2025-03-20T09:10:00,2025-03-20 00:00:00,2025-03-20 00:00:00,2025-03-20T09:10:00,2025-03-20T09:10:00,1.0147,1100.2203833333333,822.2749666666667,1100.2203833333333,822.2749666666667,0.0,0.0,,,0,0,False,0.0,0.0,277.9454166666666,1912.0459074074074,1603.217666666667,0.0,0.0,0.0,221.28376666666657,0.0,0.0,0.0,0.0,2338.3298996296285,2092.4590477777765,0.0,0.0,0.0
2025-03-20,56,2025-03-20T09:20:00,2025-03-20T09:10:00,1072.7398666666666,922.2215,2025-03-20T09:20:00,2025-03-20 00:00:00,2025-03-20 00:00:00,2025-03-20T09:20:00,2025-03-20T09:20:00,0.9922,1095.5726833333333,898.02895,1095.5726833333333,898.02895,0.0,0.0,,,0,0,False,0.0,0.0,197.5437333333333,1603.217666666667,1383.7246296296298,0.0,0.0,0.0,150.51836666666657,0.0,0.0,0.0,0.0,2092.4590477777765,1925.216418148147,0.0,0.0,0.0
2025-03-20,57,2025-03-20T09:30:00,2025-03-20T09:20:00,1095.1416666666667,1017.9562500000001,2025-03-20T09:30:00,2025-03-20 00:00:00,2025-03-20 00:00:00,2025-03-20T09:30:00,2025-03-20T09:30:00,0.97,1102.465,984.0812500000001,1102.465,984.0812500000001,0.0,0.0,,,0,0,False,0.0,0.0,118.38374999999985,1383.7246296296298,1252.18712962963,0.0,0.0,0.0,77.18541666666658,0.0,0.0,0.0,0.0,1925.216418148147,1839.4548440740732,0.0,0.0,0.0
2025-03-20,58,2025-03-20T09:40:00,2025-03-20T09:30:00,1066.5605833333334,1030.4658333333334,2025-03-20T09:40:00,2025-03-20 00:00:00,2025-03-20 00:00:00,2025-03-20T09:40:00,2025-03-20T09:40:00,0.9422,1091.4411333333335,1044.4727166666667,1091.4411333333335,1044.4727166666667,0.0,0.0,,,0,0,False,0.0,0.0,46.968416666666826,1252.18712962963,1200.0,0.0,0.0,0.0,36.094749999999976,0.0,0.0,0.0,0.0,1839.4548440740732,1799.3495662962955,0.0,0.0,0.0
2025-03-20,59,2025-03-20T09:50:00,2025-03-20T09:40:00,1074.3216833333333,1033.0643333333335,2025-03-20T09:50:00,2025-03-20 00:00:00,2025-03-20 00:00:00,2025-03-20T09:50:00,2025-03-20T09:50:00,0.9569,1094.9624166666667,1100.3808666666666,1094.9624166666667,1100.3808666666666,0.0,0.0,,,0,0,False,0.0,5.418449999999893,0.0,1200.0,1204.876605,0.0,1.0,0.0,41.25734999999986,0.0,0.0,0.0,0.0,1799.3495662962955,1753.5080662962957,0.0,0.0,0.0
2025-03-20,60,2025-03-20T10:00:00,2025-03-20T09:50:00,1116.2383333333335,1071.03125,2025-03-20T10:00:00,2025-03-20 00:00:00,2025-03-20 00:00:00,2025-03-20T10:00:00,2025-03-20T10:00:00,0.9977,1111.135,1148.5874999999999,1111.135,1148.5874999999999,0.0,0.0,,,0,0,False,0.0,37.45249999999987,0.0,1204.876605,1238.5838549999999,0.0,1.0,0.0,45.20708333333346,0.0,0.0,0.0,0.0,1753.5080662962957,1703.277973703703,0.0,0.0,0.0
2025-03-20,61,2025-03-20T10:10:00,2025-03-20T10:00:00,1096.3326,1112.54135,2025-03-20T10:10:00,2025-03-20 00:00:00,2025-03-20 00:00:00,2025-03-20T10:10:00,2025-03-20T10:10:00,0.9919,1102.5336166666666,1160.5410666666667,1102.5336166666666,1160.5410666666667,0.0,0.0,,,0,0,False,0.0,58.00745000000006,0.0,1238.5838549999999,1290.79056,0.0,1.0,16.20875000000001,0.0,0.0,0.0,0.0,0.0,1703.277973703703,1717.865848703703,0.0,0.0,0.0
2025-03-20,62,2025-03-20T10:20:00,2025-03-20T10:10:00,1074.2128666666667,1129.0006666666666,2025-03-20T10:20:00,2025-03-20 00:00:00,2025-03-20 00:00:00,2025-03-20T10:20:00,2025-03-20T10:20:00,0.9588,1089.8910666666668,1161.7971166666666,1089.8910666666668,1161.7971166666666,0.0,0.0,,,0,0,False,0.0,71.90604999999982,0.0,1290.79056,1355.5060049999997,0.0,1.0,54.787799999999834,0.0,0.0,0.0,0.0,0.0,1717.865848703703,1767.174868703703,0.0,0.0,0.0
2025-03-20,63,2025-03-20T10:30:00,2025-03-20T10:20:00,1078.935,1146.5125,2025-03-20T10:30:00,2025-03-20 00:00:00,2025-03-20 00:00:00,2025-03-20T10:30:00,2025-03-20T10:30:00,0.9549,1079.66,1172.65625,1079.66,1172.65625,0.0,0.0,,,0,0,False,0.0,92.99624999999992,0.0,1355.5060049999997,1439.2026299999998,0.0,1.0,67.5775000000001,0.0,0.0,0.0,0.0,0.0,1767.174868703703,1827.994618703703,0.0,0.0,0.0
2025-03-20,64,2025-03-20T10:40:00,2025-03-20T10:30:00,1075.7058833333333,1211.41895,2025-03-20T10:40:00,2025-03-20 00:00:00,2025-03-20 00:00:00,2025-03-20T10:40:00,2025-03-20T10:40:00,0.9839,1061.0009499999999,1198.7759166666667,1061.0009499999999,1198.7759166666667,0.0,0.0,,,0,0,False,0.0,137.77496666666684,0.0,1439.2026299999998,1563.2001,0.0,1.0,135.7130666666667,0.0,0.0,0.0,0.0,0.0,1827.994618703703,1950.136378703703,0.0,0.0,0.0
2025-03-20,65,2025-03-20T10:50:00,2025-03-20T10:40:00,1058.7226666666668,1242.5592333333334,2025-03-20T10:50:00,2025-03-20 00:00:00,2025-03-20 00:00:00,2025-03-20T10:50:00,2025-03-20T10:50:00,0.799,1068.99175,1261.0352166666667,1068.99175,1261.0352166666667,0.0,0.0,,,0,0,False,0.0,192.04346666666675,0.0,1563.2001,1736.0392200000001,0.0,1.0,183.8365666666666,0.0,0.0,0.0,0.0,0.0,1950.136378703703,2115.589288703703,0.0,0.0,0.0
2025-03-20,66,2025-03-20T11:00:00,2025-03-20T10:50:00,1046.6499999999999,1210.5,2025-03-20T11:00:00,2025-03-20 00:00:00,2025-03-20 00:00:00,2025-03-20T11:00:00,2025-03-20T11:00:00,0.5025,1095.73,1314.95,1095.73,1314.95,0.0,0.0,,,0,0,False,0.0,219.22000000000003,0.0,1736.0392200000001,1933.3372200000001,0.0,1.0,163.85000000000014,0.0,0.0,0.0,0.0,0.0,2115.589288703703,2263.054288703703,0.0,0.0,0.0
2025-03-20,67,2025-03-20T11:10:00,2025-03-20T11:00:00,1060.3406,1170.2779833333334,2025-03-20T11:10:00,2025-03-20 00:00:00,2025-03-20 00:00:00,2025-03-20T11:10:00,2025-03-20T11:10:00,0.4662,1091.5872,1294.6189,1091.5872,1294.6189,0.0,0.0,,,0,0,False,630.3016333333333,833.3333333333333,0.0,1933.3372200000001,2683.3372200000003,0.0,1.0,740.2390166666667,0.0,0.0,0.0,0.0,0.0,2263.054288703703,2929.269403703703,293.84662146,0.0,293.84662146
2025-03-20,68,2025-03-20T11:20:00,2025-03-20T11:10:00,1065.63955,1175.4807,2025-03-20T11:20:00,2025-03-20 00:00:00,2025-03-20 00:00:00,2025-03-20T11:20:00,2025-03-20T11:20:00,0.5007,1060.0512999999999,1318.4022166666666,1060.0512999999999,1318.4022166666666,0.0,0.0,,,0,0,False,321.5044500000005,579.8553666666672,0.0,2683.3372200000003,3205.207050000001,0.0,1.0000000000000036,431.34560000000033,0.0,0.0,0.0,0.0,0.0,2929.269403703703,3317.4804437037033,160.97727811500025,0.0,160.97727811500025
2025-03-20,69,2025-03-20T11:30:00,2025-03-20T11:20:00,1060.0166666666667,1219.59375,2025-03-20T11:30:00,2025-03-20 00:00:00,2025-03-20 00:00:00,2025-03-20T11:30:00,2025-03-20T11:30:00,0.4827,1038.76,1378.8374999999999,1038.76,1378.8374999999999,0.0,0.0,,,0,0,False,493.2558333333334,833.3333333333333,0.0,3205.207050000001,3955.207050000001,0.0,1.0,652.8329166666667,0.0,0.0,0.0,0.0,0.0,3317.4804437037033,3905.0300687037034,238.09459075000004,0.0,238.09459075000004
2025-03-20,70,2025-03-20T11:40:00,2025-03-20T11:30:00,1070.6712666666667,1250.9388833333335,2025-03-20T11:40:00,2025-03-20 00:00:00,2025-03-20 00:00:00,2025-03-20T11:40:00,2025-03-20T11:40:00,0.4785,1059.6249,1350.51815,1059.6249,1350.51815,0.0,0.0,,,0,0,False,542.4400833333332,833.3333333333333,0.0,3955.207050000001,4705.207050000001,0.0,1.0,722.7076999999999,0.0,0.0,0.0,0.0,0.0,3905.0300687037034,4555.466998703703,259.55757987499993,0.0,259.55757987499993
2025-03-20,71,2025-03-20T11:50:00,2025-03-20T11:40:00,1063.2702666666667,1272.5053833333334,2025-03-20T11:50:00,2025-03-20 00:00:00,2025-03-20 00:00:00,2025-03-20T11:50:00,2025-03-20T11:50:00,0.4662,1054.2732166666667,1322.3452333333332,1054.2732166666667,1322.3452333333332,0.0,0.0,,,0,0,False,565.2613166666667,833.3333333333333,0.0,4705.207050000001,5455.207050000001,0.0,1.0,774.4964333333335,0.0,0.0,0.0,0.0,0.0,4555.466998703703,5252.5137887037035,263.52482583000005,0.0,263.52482583000005
2025-03-20,72,2025-03-20T12:00:00,2025-03-20T11:50:00,1028.0533333333333,1303.075,2025-03-20T12:00:00,2025-03-20 00:00:00,2025-03-20 00:00:00,2025-03-20T12:00:00,2025-03-20T12:00:00,0.4432,1013.1,1335.90625,1013.1,1335.90625,0.0,0.0,,,0,0,False,510.5270833333333,833.3333333333333,0.0,5455.207050000001,6205.207050000001,0.0,1.0,785.5487499999999,0.0,0.0,0.0,0.0,0.0,5252.5137887037035,5959.507663703704,226.2656033333333,0.0,226.2656033333333
2025-03-20,73,2025-03-20T12:10:00,2025-03-20T12:00:00,993.1352666666667,1347.1565833333334,2025-03-20T12:10:00,2025-03-20 00:00:00,2025-03-20 00:00:00,2025-03-20T12:10:00,2025-03-20T12:10:00,0.4411,995.5195,1348.56495,995.5195,1348.56495,0.0,0.0,,,0,0,False,480.2878833333333,833.3333333333333,0.0,6205.207050000001,6955.207050000001,0.0,1.0,833.3333333333334,0.0,0.0,0.975866666666775,0.975866666666775,0.0,5959.507663703704,6709.507663703704,211.8549853383333,0.0,211.8549853383333
2025-03-20,74,2025-03-20T12:20:00,2025-03-20T12:10:00,975.87165,1348.42845,2025-03-20T12:20:00,2025-03-20 00:00:00,2025-03-20 00:00:00,2025-03-20T12:20:00,2025-03-20T12:20:00,0.4551,1000.5944833333333,1388.9034000000001,1000.5944833333333,1388.9034000000001,0.0,0.0,,,0,0,False,445.0244166666664,833.3333333333333,0.0,6955.207050000001,7705.207050000001,0.0,1.0,817.5812166666665,0.0,0.0,0.0,0.0,0.0,6709.507663703704,7445.330758703703,202.5306120249999,0.0,202.5306120249999
2025-03-20,75,2025-03-20T12:30:00,2025-03-20T12:20:00,980.61,1284.89375,2025-03-20T12:30:00,2025-03-20 00:00:00,2025-03-20 00:00:00,2025-03-20T12:30:00,2025-03-20T12:30:00,0.4463,1007.2399999999999,1435.33125,1007.2399999999999,1435.33125,0.0,0.0,,,0,0,False,405.2420833333332,833.3333333333333,0.0,7705.207050000001,8455.20705,0.0,1.0,709.5258333333333,0.0,0.0,0.0,0.0,0.0,7445.330758703703,8083.904008703703,180.8595417916666,0.0,180.8595417916666
2025-03-20,76,2025-03-20T12:40:00,2025-03-20T12:30:00,1001.0465666666668,1200.876,2025-03-20T12:40:00,2025-03-20 00:00:00,2025-03-20 00:00:00,2025-03-20T12:40:00,2025-03-20T12:40:00,0.4113,1001.2011833333332,1420.6479,1001.2011833333332,1420.6479,0.0,0.0,,,0,0,False,413.88661666666655,833.3333333333333,0.0,8455.20705,9205.20705,0.0,1.0,613.7160499999997,0.0,0.0,0.0,0.0,0.0,8083.904008703703,8636.248453703702,170.23156543499996,0.0,170.23156543499996
2025-03-20,77,2025-03-20T12:50:00,2025-03-20T12:40:00,1028.0591333333334,1201.1573666666666,2025-03-20T12:50:00,2025-03-20 00:00:00,2025-03-20 00:00:00,2025-03-20T12:50:00,2025-03-20T12:50:00,0.5682,1010.67875,1371.4269666666667,1010.67875,1371.4269666666667,0.0,0.0,,,0,0,False,0.0,360.7482166666666,0.0,9205.20705,9529.880445,0.0,1.0,173.09823333333316,0.0,0.0,0.0,0.0,0.0,8636.248453703702,8792.0368637037,0.0,0.0,0.0
2025-03-20,78,2025-03-20T13:00:00,2025-03-20T12:50:00,1058.5633333333333,1254.3,2025-03-20T13:00:00,2025-03-20 00:00:00,2025-03-20 00:00:00,2025-03-20T13:00:00,2025-03-20T13:00:00,0.8279,1042.4750000000001,1333.64375,1042.4750000000001,1333.64375,0.0,0.0,,,0,0,False,0.0,291.1687499999998,0.0,9529.880445,9791.93232,0.0,1.0,195.73666666666668,0.0,0.0,0.0,0.0,0.0,8792.0368637037,8968.199863703701,0.0,0.0,0.0
2025-03-20,79,2025-03-20T13:10:00,2025-03-20T13:00:00,1085.1036000000001,1223.1791666666666,2025-03-20T13:10:00,2025-03-20 00:00:00,2025-03-20 00:00:00,2025-03-20T13:10:00,2025-03-20T13:10:00,0.8636,1070.4756666666667,1327.0987333333335,1070.4756666666667,1327.0987333333335,0.0,0.0,,,0,0,False,0.0,256.6230666666668,0.0,9791.93232,10022.89308,0.0,1.0,138.07556666666642,0.0,0.0,0.0,0.0,0.0,8968.199863703701,9092.467873703701,0.0,0.0,0.0
2025-03-20,80,2025-03-20T13:20:00,2025-03-20T13:10:00,1059.8052500000001,1150.1056333333333,2025-03-20T13:20:00,2025-03-20 00:00:00,2025-03-20 00:00:00,2025-03-20T13:20:00,2025-03-20T13:20:00,0.8416,1067.19875,1290.2425833333334,1067.19875,1290.2425833333334,0.0,0.0,,,0,0,False,0.0,223.0438333333334,0.0,10022.89308,10223.63253,0.0,1.0,90.30038333333323,0.0,0.0,0.0,0.0,0.0,9092.467873703701,9173.7382187037,0.0,0.0,0.0
2025-03-20,81,2025-03-20T13:30:00,2025-03-20T13:20:00,1006.5500000000001,1101.66875,2025-03-20T13:30:00,2025-03-20 00:00:00,2025-03-20 00:00:00,2025-03-20T13:30:00,2025-03-20T13:30:00,0.8618,1052.215,1235.53125,1052.215,1235.53125,0.0,0.0,,,0,0,False,0.0,183.31625000000008,0.0,10223.63253,10388.617155000002,0.0,1.0,95.11874999999998,0.0,0.0,0.0,0.0,0.0,9173.7382187037,9259.3450937037,0.0,0.0,0.0
2025-03-20,82,2025-03-20T13:40:00,2025-03-20T13:30:00,1004.8308000000001,1107.0299166666666,2025-03-20T13:40:00,2025-03-20 00:00:00,2025-03-20 00:00:00,2025-03-20T13:40:00,2025-03-20T13:40:00,0.8623,1066.1486,1230.5085166666665,1066.1486,1230.5085166666665,0.0,0.0,,,0,0,False,0.0,164.35991666666655,0.0,10388.617155000002,10536.54108,0.0,1.0,102.19911666666655,0.0,0.0,0.0,0.0,0.0,9259.3450937037,9351.3242987037,0.0,0.0,0.0
2025-03-20,83,2025-03-20T13:50:00,2025-03-20T13:40:00,1029.6302166666667,1134.42295,2025-03-20T13:50:00,2025-03-20 00:00:00,2025-03-20 00:00:00,2025-03-20T13:50:00,2025-03-20T13:50:00,0.9026,1049.9962166666667,1191.21695,1049.9962166666667,1191.21695,0.0,0.0,,,0,0,False,0.0,141.22073333333333,0.0,10536.54108,10663.63974,0.0,1.0,104.79273333333322,0.0,0.0,0.0,0.0,0.0,9351.3242987037,9445.637758703699,0.0,0.0,0.0
2025-03-20,84,2025-03-20T14:00:00,2025-03-20T13:50:00,1046.67,1133.325,2025-03-20T14:00:00,2025-03-20 00:00:00,2025-03-20 00:00:00,2025-03-20T14:00:00,2025-03-20T14:00:00,0.9754,1017.7916666666666,1115.53125,1017.7916666666666,1115.53125,0.0,0.0,,,0,0,False,0.0,97.73958333333337,0.0,10663.63974,10751.605365000001,0.0,1.0,86.65499999999997,0.0,0.0,0.0,0.0,0.0,9445.637758703699,9523.627258703698,0.0,0.0,0.0
2025-03-20,85,2025-03-20T14:10:00,2025-03-20T14:00:00,1047.24705,1075.6022833333334,2025-03-20T14:10:00,2025-03-20 00:00:00,2025-03-20 00:00:00,2025-03-20T14:10:00,2025-03-20T14:10:00,1.0002,1042.522,1087.1996166666665,1042.522,1087.1996166666665,0.0,0.0,,,0,0,False,0.0,44.67761666666661,0.0,10751.605365000001,10791.81522,0.0,1.0,28.355233333333445,0.0,0.0,0.0,0.0,0.0,9523.627258703698,9549.146968703699,0.0,0.0,0.0
2025-03-20,86,2025-03-20T14:20:00,2025-03-20T14:10:00,1052.4853333333333,1033.9314333333334,2025-03-20T14:20:00,2025-03-20 00:00:00,2025-03-20 00:00:00,2025-03-20T14:20:00,2025-03-20T14:20:00,0.9978,1044.1895166666666,1053.2837166666666,1044.1895166666666,1053.2837166666666,0.0,0.0,,,0,0,False,0.0,9.0942,0.0,10791.81522,10800.0,0.0,1.0,0.0,18.553899999999885,0.0,0.0,0.0,0.0,9549.146968703699,9528.531524259255,0.0,0.0,0.0
2025-03-20,87,2025-03-20T14:30:00,2025-03-20T14:20:00,1058.7983333333334,1019.28125,2025-03-20T14:30:00,2025-03-20 00:00:00,2025-03-20 00:00:00,2025-03-20T14:30:00,2025-03-20T14:30:00,1.0271,1018.2733333333334,988.9125,1018.2733333333334,988.9125,0.0,0.0,,,0,0,False,0.0,0.0,29.360833333333403,10800.0,10767.376851851852,0.0,0.0,0.0,39.5170833333334,0.0,0.0,0.0,0.0,9528.531524259255,9484.623653888884,0.0,0.0,0.0
2025-03-20,88,2025-03-20T14:40:00,2025-03-20T14:30:00,1043.2368833333333,972.9436000000001,2025-03-20T14:40:00,2025-03-20 00:00:00,2025-03-20 00:00:00,2025-03-20T14:40:00,2025-03-20T14:40:00,1.0906,1042.4516,929.5964666666667,1042.4516,929.5964666666667,0.0,0.0,,,0,0,False,0.0,0.0,112.85513333333336,10767.376851851852,10641.982259259259,0.0,0.0,0.0,70.29328333333319,0.0,0.0,0.0,0.0,9484.623653888884,9406.520005740736,0.0,0.0,0.0
2025-03-20,89,2025-03-20T14:50:00,2025-03-20T14:40:00,1031.6857666666667,905.3272499999999,2025-03-20T14:50:00,2025-03-20 00:00:00,2025-03-20 00:00:00,2025-03-20T14:50:00,2025-03-20T14:50:00,0.9376,1066.3342166666666,897.0306666666667,1066.3342166666666,897.0306666666667,0.0,0.0,,,0,0,False,0.0,0.0,169.30354999999997,10641.982259259259,10453.867203703703,0.0,0.0,0.0,126.35851666666679,0.0,0.0,0.0,0.0,9406.520005740736,9266.121653888884,0.0,0.0,0.0
2025-03-20,90,2025-03-20T15:00:00,2025-03-20T14:50:00,1026.1066666666668,845.4625,2025-03-20T15:00:00,2025-03-20 00:00:00,2025-03-20 00:00:00,2025-03-20T15:00:00,2025-03-20T15:00:00,0.6694,1059.83,884.2062500000001,1059.83,884.2062500000001,0.0,0.0,,,0,0,False,175.62374999999986,0.0,0.0,10453.867203703703,10453.867203703703,0.0,-0.0,0.0,5.020416666666961,0.0,0.0,0.0,0.0,9266.121653888884,9260.543413148143,117.5625382499999,0.0,117.5625382499999
2025-03-20,91,2025-03-20T15:10:00,2025-03-20T15:00:00,1006.5609833333333,809.2424166666666,2025-03-20T15:10:00,2025-03-20 00:00:00,2025-03-20 00:00:00,2025-03-20T15:10:00,2025-03-20T15:10:00,0.66,1043.8204333333333,861.5689166666666,1043.8204333333333,861.5689166666666,0.0,0.0,,,0,0,False,566.843512551441,384.5919958847743,0.0,10453.867203703703,10800.0,0.0,1.0000000000000024,369.5249458847743,0.0,0.0,0.0,0.0,0.0,9260.543413148143,9593.11586444444,374.11671828395106,0.0,374.11671828395106
2025-03-20,92,2025-03-20T15:20:00,2025-03-20T15:10:00,1009.11315,760.3063833333334,2025-03-20T15:20:00,2025-03-20 00:00:00,2025-03-20 00:00:00,2025-03-20T15:20:00,2025-03-20T15:20:00,0.7217,1029.0004666666666,809.08885,1029.0004666666666,809.08885,0.0,0.0,,,0,0,False,219.91161666666665,0.0,0.0,10800.0,10800.0,0.0,0.0,0.0,28.895149999999944,0.0,0.0,0.0,0.0,9593.11586444444,9561.010142222218,158.71021374833333,0.0,158.71021374833333
2025-03-20,93,2025-03-20T15:30:00,2025-03-20T15:20:00,1031.28,691.1374999999999,2025-03-20T15:30:00,2025-03-20 00:00:00,2025-03-20 00:00:00,2025-03-20T15:30:00,2025-03-20T15:30:00,0.7308,1028.2383333333335,743.5187500000001,1028.2383333333335,743.5187500000001,0.0,0.0,,,0,0,False,284.7195833333334,0.0,0.0,10800.0,10800.0,0.0,0.0,0.0,55.42291666666665,0.0,0.0,0.0,0.0,9561.010142222218,9499.4291237037,208.07307150000005,0.0,208.07307150000005
2025-03-20,94,2025-03-20T15:40:00,2025-03-20T15:30:00,1032.5620166666665,629.77975,2025-03-20T15:40:00,2025-03-20 00:00:00,2025-03-20 00:00:00,2025-03-20T15:40:00,2025-03-20T15:40:00,0.7534,1044.1373833333334,702.7791833333334,1044.1373833333334,702.7791833333334,0.0,0.0,,,0,0,False,341.3582,0.0,0.0,10800.0,10800.0,0.0,0.0,0.0,61.42406666666648,0.0,0.0,0.0,0.0,9499.4291237037,9431.180160740736,257.17926788,0.0,257.17926788
2025-03-20,95,2025-03-20T15:50:00,2025-03-20T15:40:00,1031.0229333333334,578.5704833333333,2025-03-20T15:50:00,2025-03-20 00:00:00,2025-03-20 00:00:00,2025-03-20T15:50:00,2025-03-20T15:50:00,0.7823,1021.02475,673.1617333333334,1021.02475,673.1617333333334,0.0,0.0,,,0,0,False,347.8630166666667,0.0,0.0,10800.0,10800.0,0.0,0.0,0.0,104.58943333333343,0.0,0.0,0.0,0.0,9431.180160740736,9314.969679259255,272.13323793833337,0.0,272.13323793833337
2025-03-20,96,2025-03-20T16:00:00,2025-03-20T15:50:00,1033.3616666666667,526.0375,2025-03-20T16:00:00,2025-03-20 00:00:00,2025-03-20 00:00:00,2025-03-20T16:00:00,2025-03-20T16:00:00,0.8055,980.0183333333333,632.81875,980.0183333333333,632.81875,0.0,0.0,,,0,0,False,347.1995833333333,0.0,0.0,10800.0,10800.0,0.0,0.0,0.0,160.12458333333336,0.0,0.0,0.0,0.0,9314.969679259255,9137.05347555555,279.66926437499995,0.0,279.66926437499995
2025-03-20,97,2025-03-20T16:10:00,2025-03-20T16:00:00,1025.5623833333334,463.3008333333333,2025-03-20T16:10:00,2025-03-20 00:00:00,2025-03-20 00:00:00,2025-03-20T16:10:00,2025-03-20T16:10:00,0.8271,998.9776166666667,569.98085,998.9776166666667,569.98085,0.0,0.0,,,0,0,False,428.99676666666664,0.0,0.0,10800.0,10800.0,0.0,0.0,0.0,133.26478333333353,0.0,0.0,0.0,0.0,9137.05347555555,8988.981494074069,354.82322571,0.0,354.82322571
2025-03-20,98,2025-03-20T16:20:00,2025-03-20T16:10:00,1016.9598666666667,417.89265,2025-03-20T16:20:00,2025-03-20 00:00:00,2025-03-20 00:00:00,2025-03-20T16:20:00,2025-03-20T16:20:00,0.8519,1019.85865,492.85788333333335,1019.85865,492.85788333333335,0.0,0.0,,,0,0,False,527.0007666666667,0.0,-0.0,10800.0,10800.0,0.0,0.0,0.0,72.06645000000003,0.0,0.0,0.0,0.0,8988.981494074069,8908.907660740735,448.95195312333334,0.0,448.95195312333334
2025-03-20,99,2025-03-20T16:30:00,2025-03-20T16:20:00,1019.8249999999999,389.06874999999997,2025-03-20T16:30:00,2025-03-20 00:00:00,2025-03-20 00:00:00,2025-03-20T16:30:00,2025-03-20T16:30:00,0.8791,1013.39,420.01875,1013.39,420.01875,0.0,0.0,,,0,0,False,593.3712499999999,0.0,0.0,10800.0,10800.0,0.0,0.0,0.0,37.385000000000105,0.0,0.0,0.0,0.0,8908.907660740735,8867.368771851847,521.6326658749999,0.0,521.6326658749999
2025-03-20,100,2025-03-20T16:40:00,2025-03-20T16:30:00,1034.9158166666666,346.1802666666667,2025-03-20T16:40:00,2025-03-20 00:00:00,2025-03-20 00:00:00,2025-03-20T16:40:00,2025-03-20T16:40:00,0.9024,1008.6170833333334,367.9221166666667,1008.6170833333334,367.9221166666667,0.0,0.0,,,0,0,False,640.6949666666667,0.0,-0.0,10800.0,10800.0,0.0,0.0,0.0,48.04058333333319,0.0,0.0,0.0,0.0,8867.368771851847,8813.99034592592,578.16313792,0.0,578.16313792
2025-03-20,101,2025-03-20T16:50:00,2025-03-20T16:40:00,1031.6998333333333,288.97555,2025-03-20T16:50:00,2025-03-20 00:00:00,2025-03-20 00:00:00,2025-03-20T16:50:00,2025-03-20T16:50:00,0.9163,1013.0455499999999,323.27198333333337,1013.0455499999999,323.27198333333337,0.0,0.0,,,0,0,False,689.7735666666665,0.0,-0.0,10800.0,10800.0,0.0,0.0,0.0,52.950716666666835,0.0,0.0,0.0,0.0,8813.99034592592,8755.156216296291,632.0395191366665,0.0,632.0395191366665
2025-03-20,102,2025-03-20T17:00:00,2025-03-20T16:50:00,1017.0316666666666,229.61875,2025-03-20T17:00:00,2025-03-20 00:00:00,2025-03-20 00:00:00,2025-03-20T17:00:00,2025-03-20T17:00:00,0.9264,1032.7483333333332,273.675,1032.7483333333332,273.675,0.0,0.0,,,0,0,False,759.0733333333333,0.0,-0.0,10800.0,10800.0,0.0,0.0,0.0,28.339583333333394,0.0,0.0,0.0,0.0,8755.156216296291,8723.667790370366,703.2055359999999,0.0,703.2055359999999
2025-03-20,103,2025-03-20T17:10:00,2025-03-20T17:00:00,1023.8828166666667,180.65036666666666,2025-03-20T17:10:00,2025-03-20 00:00:00,2025-03-20 00:00:00,2025-03-20T17:10:00,2025-03-20T17:10:00,0.9462,1061.28845,217.48453333333336,1061.28845,217.48453333333336,0.0,0.0,,,0,0,False,843.8039166666666,0.0,0.0,10800.0,10800.0,0.0,0.0,0.571466666666538,0.0,0.0,0.0,0.0,0.0,8723.667790370366,8724.182110370366,798.40726595,0.0,798.40726595
2025-03-20,104,2025-03-20T17:20:00,2025-03-20T17:10:00,1012.5022333333333,138.64705,2025-03-20T17:20:00,2025-03-20 00:00:00,2025-03-20 00:00:00,2025-03-20T17:20:00,2025-03-20T17:20:00,0.9742,1029.6231,162.21805,1029.6231,162.21805,0.0,0.0,,,0,0,False,867.4050500000001,0.0,0.0,10800.0,10800.0,0.0,0.0,0.0,6.450133333333156,0.0,0.0,0.0,0.0,8724.182110370366,8717.015295555551,845.0259997100001,0.0,845.0259997100001
2025-03-20,105,2025-03-20T17:30:00,2025-03-20T17:20:00,1004.2800000000001,99.55624999999999,2025-03-20T17:30:00,2025-03-20 00:00:00,2025-03-20 00:00:00,2025-03-20T17:30:00,2025-03-20T17:30:00,0.9862,990.5383333333333,112.59375,990.5383333333333,112.59375,0.0,0.0,,,0,0,False,877.9445833333333,0.0,-0.0,10800.0,10800.0,0.0,0.0,0.0,26.77916666666681,0.0,0.0,0.0,0.0,8717.015295555551,8687.260665925922,865.8289480833332,0.0,865.8289480833332
2025-03-20,106,2025-03-20T17:40:00,2025-03-20T17:30:00,1035.5736,62.482850000000006,2025-03-20T17:40:00,2025-03-20 00:00:00,2025-03-20 00:00:00,2025-03-20T17:40:00,2025-03-20T17:40:00,0.976,1043.43055,68.06085,1043.43055,68.06085,0.0,0.0,,,0,0,False,975.3697000000001,0.0,0.0,10800.0,10800.0,0.0,0.0,2.2789500000001226,0.0,0.0,0.0,0.0,0.0,8687.260665925922,8689.311720925922,951.9608272,0.0,951.9608272
2025-03-20,107,2025-03-20T17:50:00,2025-03-20T17:40:00,899.02445,26.021266666666666,2025-03-20T17:50:00,2025-03-20 00:00:00,2025-03-20 00:00:00,2025-03-20T17:50:00,2025-03-20T17:50:00,1.0742,940.5934166666666,27.446849999999998,940.5934166666666,27.446849999999998,0.0,0.0,,,0,0,False,913.1465666666666,0.0,0.0,10800.0,10800.0,0.0,0.0,40.14338333333319,0.0,0.0,0.0,0.0,0.0,8689.311720925922,8725.440765925921,980.9020419133333,0.0,980.9020419133333
2025-03-20,108,2025-03-20T18:00:00,2025-03-20T17:50:00,682.3533333333334,0.0,2025-03-20T18:00:00,2025-03-20 00:00:00,2025-03-20 00:00:00,2025-03-20T18:00:00,2025-03-20T18:00:00,1.2313,723.27,0.0,723.27,0.0,0.0,0.0,,,0,0,False,723.27,0.0,-0.0,10800.0,10800.0,0.0,0.0,40.91666666666663,0.0,0.0,0.0,0.0,0.0,8725.440765925921,8762.265765925922,890.562351,0.0,890.562351
2025-03-20,109,2025-03-20T18:10:00,2025-03-20T18:00:00,697.9972833333333,0.0,2025-03-20T18:10:00,2025-03-20 00:00:00,2025-03-20 00:00:00,2025-03-20T18:10:00,2025-03-20T18:10:00,1.2561,697.4002166666668,0.0,697.4002166666668,0.0,0.0,0.0,,,0,0,False,697.4002166666668,0.0,-0.0,10800.0,10800.0,0.0,0.0,0.0,0.5970666666664783,0.0,0.0,0.0,0.0,8762.265765925922,8761.602358518516,876.0044121550002,0.0,876.0044121550002
2025-03-20,110,2025-03-20T18:20:00,2025-03-20T18:10:00,740.2377833333334,0.9295666666666667,2025-03-20T18:20:00,2025-03-20 00:00:00,2025-03-20 00:00:00,2025-03-20T18:20:00,2025-03-20T18:20:00,1.2447,725.86675,0.9663666666666666,725.86675,0.9663666666666666,0.0,0.0,,,0,0,False,724.9003833333334,0.0,0.0,10800.0,10800.0,0.0,0.0,0.0,14.407833333333315,0.0,0.0,0.0,0.0,8761.602358518516,8745.593654814813,902.283507135,0.0,902.283507135
2025-03-20,111,2025-03-20T18:30:00,2025-03-20T18:20:00,709.2416666666667,0.0,2025-03-20T18:30:00,2025-03-20 00:00:00,2025-03-20 00:00:00,2025-03-20T18:30:00,2025-03-20T18:30:00,1.2545,718.1916666666666,0.0,718.1916666666666,0.0,0.0,0.0,,,0,0,False,718.1916666666666,0.0,0.0,10800.0,10800.0,0.0,0.0,8.949999999999932,0.0,0.0,0.0,0.0,0.0,8745.593654814813,8753.648654814813,900.9714458333332,0.0,900.9714458333332
2025-03-20,112,2025-03-20T18:40:00,2025-03-20T18:30:00,714.4228166666667,0.0,2025-03-20T18:40:00,2025-03-20 00:00:00,2025-03-20 00:00:00,2025-03-20T18:40:00,2025-03-20T18:40:00,1.2522,725.71005,0.0,725.71005,0.0,0.0,0.0,,,0,0,False,725.71005,0.0,0.0,10800.0,10800.0,0.0,0.0,11.287233333333347,0.0,0.0,0.0,0.0,0.0,8753.648654814813,8763.807164814812,908.73412461,0.0,908.73412461
2025-03-20,113,2025-03-20T18:50:00,2025-03-20T18:40:00,745.0410666666667,0.06673333333333333,2025-03-20T18:50:00,2025-03-20 00:00:00,2025-03-20 00:00:00,2025-03-20T18:50:00,2025-03-20T18:50:00,1.2881,723.0511166666666,0.06938333333333334,723.0511166666666,0.06938333333333334,0.0,0.0,,,0,0,False,189.68660000000023,0.0,533.2951333333331,10800.0,10207.449851851852,0.0,0.0,0.0,555.2877333333331,0.0,0.0,0.0,0.0,8763.807164814812,8146.820794444442,244.3353094600003,0.0,244.3353094600003
2025-03-20,114,2025-03-20T19:00:00,2025-03-20T18:50:00,763.2066666666666,0.0,2025-03-20T19:00:00,2025-03-20 00:00:00,2025-03-20 00:00:00,2025-03-20T19:00:00,2025-03-20T19:00:00,1.3466,714.82,0.0,714.82,0.0,0.0,0.0,,,0,0,False,0.0,0.0,714.82,10207.449851851852,9413.205407407408,0.0,0.0,0.0,763.2066666666666,0.0,0.0,0.0,0.0,8146.820794444442,7298.813387037035,0.0,0.0,0.0
2025-03-20,115,2025-03-20T19:10:00,2025-03-20T19:00:00,746.7180333333334,0.0,2025-03-20T19:10:00,2025-03-20 00:00:00,2025-03-20 00:00:00,2025-03-20T19:10:00,2025-03-20T19:10:00,1.3523,735.84085,0.0,735.84085,0.0,0.0,0.0,,,0,0,False,0.0,0.0,735.84085,9413.205407407408,8595.604462962963,0.0,0.0,0.0,746.7180333333334,0.0,0.0,0.0,0.0,7298.813387037035,6469.126683333331,0.0,0.0,0.0
2025-03-20,116,2025-03-20T19:20:00,2025-03-20T19:10:00,714.2603,0.0048,2025-03-20T19:20:00,2025-03-20 00:00:00,2025-03-20 00:00:00,2025-03-20T19:20:00,2025-03-20T19:20:00,1.3445,741.29425,0.0049833333333333335,741.29425,0.0049833333333333335,0.0,0.0,,,0,0,False,0.0,0.0,741.2892666666667,8595.604462962963,7771.949722222223,0.0,0.0,0.0,714.2555,0.0,0.0,0.0,0.0,6469.126683333331,5675.509461111109,0.0,0.0,0.0
2025-03-20,117,2025-03-20T19:30:00,2025-03-20T19:20:00,699.4633333333333,0.0,2025-03-20T19:30:00,2025-03-20 00:00:00,2025-03-20 00:00:00,2025-03-20T19:30:00,2025-03-20T19:30:00,1.3483,738.4933333333333,0.0,738.4933333333333,0.0,0.0,0.0,,,0,0,False,0.0,0.0,738.4933333333333,7771.949722222223,6951.401574074074,0.0,0.0,0.0,699.4633333333333,0.0,0.0,0.0,0.0,5675.509461111109,4898.327979629627,0.0,0.0,0.0
2025-03-20,118,2025-03-20T19:40:00,2025-03-20T19:30:00,721.8114,0.0,2025-03-20T19:40:00,2025-03-20 00:00:00,2025-03-20 00:00:00,2025-03-20T19:40:00,2025-03-20T19:40:00,1.349,774.7226999999999,0.0,774.7226999999999,0.0,0.0,0.0,,,0,0,False,0.0,0.0,774.7226999999999,6951.401574074074,6090.598574074074,0.0,0.0,0.0,721.8114,0.0,0.0,0.0,0.0,4898.327979629627,4096.315312962961,0.0,0.0,0.0
2025-03-20,119,2025-03-20T19:50:00,2025-03-20T19:40:00,728.4913499999999,0.00035,2025-03-20T19:50:00,2025-03-20 00:00:00,2025-03-20 00:00:00,2025-03-20T19:50:00,2025-03-20T19:50:00,1.3473,771.7918333333333,0.00035,771.7918333333333,0.00035,0.0,0.0,,,0,0,False,0.0,0.0,771.7914833333333,6090.598574074074,5233.052481481482,0.0,0.0,0.0,728.4909999999999,0.0,0.0,0.0,0.0,4096.315312962961,3286.8808685185168,0.0,0.0,0.0
2025-03-20,120,2025-03-20T20:00:00,2025-03-20T19:50:00,726.3683333333333,0.0,2025-03-20T20:00:00,2025-03-20 00:00:00,2025-03-20 00:00:00,2025-03-20T20:00:00,2025-03-20T20:00:00,1.3482,734.2616666666667,0.0,734.2616666666667,0.0,0.0,0.0,,,0,0,False,0.0,0.0,734.2616666666667,5233.052481481482,4417.206185185185,0.0,0.0,0.0,726.3683333333333,0.0,0.0,0.0,0.0,3286.8808685185168,2479.804942592591,0.0,0.0,0.0
2025-03-20,121,2025-03-20T20:10:00,2025-03-20T20:00:00,764.3365166666667,0.0,2025-03-20T20:10:00,2025-03-20 00:00:00,2025-03-20 00:00:00,2025-03-20T20:10:00,2025-03-20T20:10:00,1.3513,743.3182666666667,0.0,743.3182666666667,0.0,0.0,0.0,,,0,0,False,0.0,0.0,743.3182666666667,4417.206185185185,3591.297,0.0,0.0,0.0,764.3365166666667,0.0,0.0,0.0,0.0,2479.804942592591,1630.5421462962947,0.0,0.0,0.0
2025-03-20,122,2025-03-20T20:20:00,2025-03-20T20:10:00,753.9438166666667,0.0,2025-03-20T20:20:00,2025-03-20 00:00:00,2025-03-20 00:00:00,2025-03-20T20:20:00,2025-03-20T20:20:00,1.34,731.62545,0.0,731.62545,0.0,0.0,0.0,,,0,0,False,0.0,0.0,731.62545,3591.297,2778.3798333333334,0.0,0.0,0.0,387.48793166666525,366.4558850000015,0.0,0.0,0.0,1630.5421462962947,1200.0,0.0,2455.2544295000102,2455.2544295000102
2025-03-20,123,2025-03-20T20:30:00,2025-03-20T20:20:00,702.5616666666666,0.0,2025-03-20T20:30:00,2025-03-20 00:00:00,2025-03-20 00:00:00,2025-03-20T20:30:00,2025-03-20T20:30:00,1.3489,699.2283333333334,0.0,699.2283333333334,0.0,0.0,0.0,,,0,0,False,0.0,0.0,699.2283333333334,2778.3798333333334,2001.4594629629628,0.0,0.0,0.0,0.0,702.5616666666666,0.0,0.0,0.0,1200.0,1200.0,0.0,4738.427160833333,4738.427160833333
2025-03-20,124,2025-03-20T20:40:00,2025-03-20T20:30:00,709.3744833333334,0.0,2025-03-20T20:40:00,2025-03-20 00:00:00,2025-03-20 00:00:00,2025-03-20T20:40:00,2025-03-20T20:40:00,1.3952,721.3135166666666,0.0,721.3135166666666,0.0,0.0,0.0,,,0,0,False,0.0,0.0,721.3135166666666,2001.4594629629628,1200.0,0.0,0.0,0.0,0.0,709.3744833333334,0.0,0.0,0.0,1200.0,1200.0,0.0,4948.596395733333,4948.596395733333
2025-03-20,125,2025-03-20T20:50:00,2025-03-20T20:40:00,719.8359833333334,0.0,2025-03-20T20:50:00,2025-03-20 00:00:00,2025-03-20 00:00:00,2025-03-20T20:50:00,2025-03-20T20:50:00,1.2226,752.0057333333333,0.0,752.0057333333333,0.0,0.0,0.0,,,0,0,False,752.0057333333333,0.0,0.0,1200.0,1200.0,0.0,0.0,32.16974999999991,0.0,0.0,0.0,0.0,0.0,1200.0,1228.952775,919.4022095733333,0.0,919.4022095733333
2025-03-20,126,2025-03-20T21:00:00,2025-03-20T20:50:00,709.5416666666666,0.0,2025-03-20T21:00:00,2025-03-20 00:00:00,2025-03-20 00:00:00,2025-03-20T21:00:00,2025-03-20T21:00:00,0.9332,747.4783333333334,0.0,747.4783333333334,0.0,0.0,0.0,,,0,0,False,747.4783333333334,0.0,0.0,1200.0,1200.0,0.0,0.0,37.936666666666724,0.0,0.0,0.0,0.0,0.0,1228.952775,1263.095775,697.5467806666667,0.0,697.5467806666667
2025-03-20,127,2025-03-20T21:10:00,2025-03-20T21:00:00,715.0446833333334,0.0,2025-03-20T21:10:00,2025-03-20 00:00:00,2025-03-20 00:00:00,2025-03-20T21:10:00,2025-03-20T21:10:00,0.9068,712.1774333333333,0.0,712.1774333333333,0.0,0.0,0.0,,,0,0,False,712.1774333333333,0.0,0.0,1200.0,1200.0,0.0,0.0,0.0,2.8672500000001264,0.0,0.0,0.0,0.0,1263.095775,1259.9099416666666,645.8024965466667,0.0,645.8024965466667
2025-03-20,128,2025-03-20T21:20:00,2025-03-20T21:10:00,736.4506,0.0,2025-03-20T21:20:00,2025-03-20 00:00:00,2025-03-20 00:00:00,2025-03-20T21:20:00,2025-03-20T21:20:00,0.9371,706.6316166666667,0.0,706.6316166666667,0.0,0.0,0.0,,,0,0,False,706.6316166666667,0.0,0.0,1200.0,1200.0,0.0,0.0,0.0,29.818983333333335,0.0,0.0,0.0,0.0,1259.9099416666666,1226.7777379629629,662.1844879783333,0.0,662.1844879783333
2025-03-20,129,2025-03-20T21:30:00,2025-03-20T21:20:00,758.9333333333334,0.0,2025-03-20T21:30:00,2025-03-20 00:00:00,2025-03-20 00:00:00,2025-03-20T21:30:00,2025-03-20T21:30:00,0.9371,734.43,0.0,734.43,0.0,0.0,0.0,,,0,0,False,734.43,0.0,0.0,1200.0,1200.0,0.0,0.0,0.0,24.099964166666588,0.40336916666685596,0.0,0.0,0.0,1226.7777379629629,1200.0,688.2343529999999,1.8899862304175536,690.1243392304175
2025-03-20,130,2025-03-20T21:40:00,2025-03-20T21:30:00,754.3754666666667,0.0,2025-03-20T21:40:00,2025-03-20 00:00:00,2025-03-20 00:00:00,2025-03-20T21:40:00,2025-03-20T21:40:00,0.9871,731.7749,0.0,731.7749,0.0,0.0,0.0,,,0,0,False,731.7749,0.0,-0.0,1200.0,1200.0,0.0,0.0,0.0,0.0,22.600566666666737,0.0,0.0,0.0,1200.0,1200.0,722.33500379,111.54509678333369,833.8801005733337
2025-03-20,131,2025-03-20T21:50:00,2025-03-20T21:40:00,666.9375333333334,0.0,2025-03-20T21:50:00,2025-03-20 00:00:00,2025-03-20 00:00:00,2025-03-20T21:50:00,2025-03-20T21:50:00,0.7764,652.2301833333333,0.0,652.2301833333333,0.0,0.0,0.0,,,0,0,False,652.2301833333333,0.0,-0.0,1200.0,1200.0,0.0,0.0,0.0,0.0,14.70735000000002,0.0,0.0,0.0,1200.0,1200.0,506.39151434,57.09393270000007,563.48544704
2025-03-20,132,2025-03-20T22:00:00,2025-03-20T21:50:00,553.1566666666666,0.0,2025-03-20T22:00:00,2025-03-20 00:00:00,2025-03-20 00:00:00,2025-03-20T22:00:00,2025-03-20T22:00:00,0.4209,557.7683333333333,0.0,557.7683333333333,0.0,0.0,0.0,,,0,0,False,1391.1016666666665,833.3333333333333,0.0,1200.0,1950.0,0.0,1.0,833.3333333333334,0.0,0.0,4.611666666666451,4.611666666666451,0.0,1200.0,1950.0,585.5146914999999,0.0,585.5146914999999
2025-03-20,133,2025-03-20T22:10:00,2025-03-20T22:00:00,538.9014666666667,0.0,2025-03-20T22:10:00,2025-03-20 00:00:00,2025-03-20 00:00:00,2025-03-20T22:10:00,2025-03-20T22:10:00,0.3859,562.16675,0.0,562.16675,0.0,0.0,0.0,,,0,0,False,1395.5000833333334,833.3333333333333,0.0,1950.0,2700.0,0.0,1.0,833.3333333333334,0.0,0.0,23.265283333333286,23.265283333333286,0.0,1950.0,2700.0,538.5234821583334,0.0,538.5234821583334
2025-03-20,134,2025-03-20T22:20:00,2025-03-20T22:10:00,553.3285,0.0,2025-03-20T22:20:00,2025-03-20 00:00:00,2025-03-20 00:00:00,2025-03-20T22:20:00,2025-03-20T22:20:00,0.4368,577.5994333333333,0.0,577.5994333333333,0.0,0.0,0.0,,,0,0,False,577.5994333333333,0.0,0.0,2700.0,2700.0,0.0,0.0,24.270933333333346,0.0,0.0,0.0,0.0,0.0,2700.0,2721.84384,252.29543248,0.0,252.29543248
2025-03-20,135,2025-03-20T22:30:00,2025-03-20T22:20:00,542.64,0.0,2025-03-20T22:30:00,2025-03-20 00:00:00,2025-03-20 00:00:00,2025-03-20T22:30:00,2025-03-20T22:30:00,0.4198,563.605,0.0,563.605,0.0,0.0,0.0,,,0,0,False,1396.9383333333333,833.3333333333333,0.0,2700.0,3450.0,0.0,1.0,833.3333333333334,0.0,0.0,20.964999999999918,20.964999999999918,0.0,2721.84384,3471.84384,586.4347123333333,0.0,586.4347123333333
2025-03-20,136,2025-03-20T22:40:00,2025-03-20T22:30:00,524.0221,0.0,2025-03-20T22:40:00,2025-03-20 00:00:00,2025-03-20 00:00:00,2025-03-20T22:40:00,2025-03-20T22:40:00,0.4186,562.5255,0.0,562.5255,0.0,0.0,0.0,,,0,0,False,1395.8588333333332,833.3333333333333,0.0,3450.0,4200.0,0.0,1.0,833.3333333333334,0.0,0.0,38.50339999999983,38.50339999999983,0.0,3471.84384,4221.84384,584.3065076333334,0.0,584.3065076333334
2025-03-20,137,2025-03-20T22:50:00,2025-03-20T22:40:00,526.9695666666667,0.0,2025-03-20T22:50:00,2025-03-20 00:00:00,2025-03-20 00:00:00,2025-03-20T22:50:00,2025-03-20T22:50:00,0.4241,554.3867833333334,0.0,554.3867833333334,0.0,0.0,0.0,,,0,0,False,593.624915891895,39.238132558561524,0.0,4200.0,4235.314319302705,0.0,1.0,66.65534922522829,0.0,0.0,0.0,0.0,0.0,4221.84384,4281.833654302705,251.75632682975262,0.0,251.75632682975262
2025-03-20,138,2025-03-20T23:00:00,2025-03-20T22:50:00,549.4,0.0,2025-03-20T23:00:00,2025-03-20 00:00:00,2025-03-20 00:00:00,2025-03-20T23:00:00,2025-03-20T23:00:00,0.4237,549.6933333333333,0.0,549.6933333333333,0.0,0.0,0.0,,,0,0,False,1383.0266666666666,833.3333333333333,0.0,4235.314319302705,4985.314319302705,0.0,1.0,833.3333333333334,0.0,0.0,0.2933333333332939,0.2933333333332939,0.0,4281.833654302705,5031.833654302705,585.9883986666667,0.0,585.9883986666667
2025-03-20,139,2025-03-20T23:10:00,2025-03-20T23:00:00,559.40135,0.0,2025-03-20T23:10:00,2025-03-20 00:00:00,2025-03-20 00:00:00,2025-03-20T23:10:00,2025-03-20T23:10:00,0.4248,581.4035333333334,0.0,581.4035333333334,0.0,0.0,0.0,,,0,0,False,581.4035333333334,0.0,0.0,4985.314319302705,4985.314319302705,0.0,0.0,22.00218333333339,0.0,0.0,0.0,0.0,0.0,5031.833654302705,5051.635619302705,246.98022096000003,0.0,246.98022096000003
2025-03-20,140,2025-03-20T23:20:00,2025-03-20T23:10:00,543.6279333333333,0.0,2025-03-20T23:20:00,2025-03-20 00:00:00,2025-03-20 00:00:00,2025-03-20T23:20:00,2025-03-20T23:20:00,0.424,587.5698833333333,0.0,587.5698833333333,0.0,0.0,0.0,,,0,0,False,1420.9032166666666,833.3333333333333,0.0,4985.314319302705,5735.314319302705,0.0,1.0,833.3333333333334,0.0,0.0,43.941949999999906,43.941949999999906,0.0,5051.635619302705,5801.635619302705,602.4629638666667,0.0,602.4629638666667
2025-03-20,141,2025-03-20T23:30:00,2025-03-20T23:20:00,544.6216666666667,0.0,2025-03-20T23:30:00,2025-03-20 00:00:00,2025-03-20 00:00:00,2025-03-20T23:30:00,2025-03-20T23:30:00,0.422,569.745,0.0,569.745,0.0,0.0,0.0,,,0,0,False,1403.0783333333334,833.3333333333333,0.0,5735.314319302705,6485.314319302705,0.0,1.0,833.3333333333334,0.0,0.0,25.123333333333335,25.123333333333335,0.0,5801.635619302705,6551.635619302705,592.0990566666667,0.0,592.0990566666667
2025-03-20,142,2025-03-20T23:40:00,2025-03-20T23:30:00,600.6793333333334,0.0,2025-03-20T23:40:00,2025-03-20 00:00:00,2025-03-20 00:00:00,2025-03-20T23:40:00,2025-03-20T23:40:00,0.424,578.2926166666667,0.0,578.2926166666667,0.0,0.0,0.0,,,0,0,False,1411.62595,833.3333333333333,0.0,6485.314319302705,7235.314319302705,0.0,1.0,810.9466166666667,0.0,0.0,0.0,0.0,0.0,6551.635619302705,7281.487574302705,598.5294028000001,0.0,598.5294028000001
2025-03-20,143,2025-03-20T23:50:00,2025-03-20T23:40:00,540.9781833333333,0.0,2025-03-20T23:50:00,2025-03-20 00:00:00,2025-03-20 00:00:00,2025-03-20T23:50:00,2025-03-20T23:50:00,0.4271,515.0129499999999,0.0,515.0129499999999,0.0,0.0,0.0,,,0,0,False,515.0129499999999,0.0,0.0,7235.314319302705,7235.314319302705,0.0,-0.0,0.0,25.965233333333344,0.0,0.0,0.0,0.0,7281.487574302705,7252.637315043446,219.96203094499995,0.0,219.96203094499995
2025-03-20,144,2025-03-21T00:00:00,2025-03-20T23:50:00,400.1666666666667,0.0,2025-03-21T00:00:00,2025-03-20 00:00:00,2025-03-20 00:00:00,2025-03-21T00:00:00,2025-03-21T00:00:00,0.4276,406.7183333333333,0.0,406.7183333333333,0.0,0.0,0.0,,,0,0,False,406.7183333333333,0.0,0.0,7235.314319302705,7235.314319302705,0.0,0.0,6.55166666666662,0.0,0.0,0.0,0.0,0.0,7252.637315043446,7258.533815043445,173.91275933333333,0.0,173.91275933333333
2025-06-21,1,2025-06-21T00:10:00,2025-06-21T00:00:00,514.6639666666666,0.0,2025-06-21T00:10:00,2025-06-21 00:00:00,2025-06-21 00:00:00,2025-06-21T00:10:00,2025-06-21T00:10:00,0.4248,548.70345,0.0,548.70345,0.0,0.0,0.0,,,0,0,False,548.70345,0.0,0.0,2538.6363581298624,2538.6363581298624,0.0,0.0,34.03948333333335,0.0,0.0,0.0,0.0,0.0,2538.6363581298624,2569.2718931298623,233.08922556,0.0,233.08922556
2025-06-21,2,2025-06-21T00:20:00,2025-06-21T00:10:00,533.34865,0.0,2025-06-21T00:20:00,2025-06-21 00:00:00,2025-06-21 00:00:00,2025-06-21T00:20:00,2025-06-21T00:20:00,0.4245,541.2936666666667,0.0,541.2936666666667,0.0,0.0,0.0,,,0,0,False,541.2936666666667,0.0,0.0,2538.6363581298624,2538.6363581298624,0.0,0.0,7.945016666666675,0.0,0.0,0.0,0.0,0.0,2569.2718931298623,2576.422408129862,229.77916150000001,0.0,229.77916150000001
2025-06-21,3,2025-06-21T00:30:00,2025-06-21T00:20:00,566.91,0.0,2025-06-21T00:30:00,2025-06-21 00:00:00,2025-06-21 00:00:00,2025-06-21T00:30:00,2025-06-21T00:30:00,0.4269,522.57,0.0,522.57,0.0,0.0,0.0,,,0,0,False,522.57,0.0,0.0,2538.6363581298624,2538.6363581298624,0.0,0.0,0.0,44.33999999999992,0.0,0.0,0.0,0.0,2576.422408129862,2527.1557414631957,223.085133,0.0,223.085133
2025-06-21,4,2025-06-21T00:40:00,2025-06-21T00:30:00,510.58768333333336,0.0,2025-06-21T00:40:00,2025-06-21 00:00:00,2025-06-21 00:00:00,2025-06-21T00:40:00,2025-06-21T00:40:00,0.4272,524.14905,0.0,524.14905,0.0,0.0,0.0,,,0,0,False,524.14905,0.0,0.0,2538.6363581298624,2538.6363581298624,0.0,0.0,13.561366666666629,0.0,0.0,0.0,0.0,0.0,2527.1557414631957,2539.3609714631957,223.91647416,0.0,223.91647416
2025-06-21,5,2025-06-21T00:50:00,2025-06-21T00:40:00,470.04286666666667,0.0,2025-06-21T00:50:00,2025-06-21 00:00:00,2025-06-21 00:00:00,2025-06-21T00:50:00,2025-06-21T00:50:00,0.4271,531.5594333333333,0.0,531.5594333333333,0.0,0.0,0.0,,,0,0,False,531.5594333333333,0.0,0.0,2538.6363581298624,2538.6363581298624,0.0,0.0,61.51656666666668,0.0,0.0,0.0,0.0,0.0,2539.3609714631957,2594.725881463196,227.02903397666665,0.0,227.02903397666665
2025-06-21,6,2025-06-21T01:00:00,2025-06-21T00:50:00,480.56333333333333,0.0,2025-06-21T01:00:00,2025-06-21 00:00:00,2025-06-21 00:00:00,2025-06-21T01:00:00,2025-06-21T01:00:00,0.4285,531.9766666666667,0.0,531.9766666666667,0.0,0.0,0.0,,,0,0,False,531.9766666666667,0.0,0.0,2538.6363581298624,2538.6363581298624,0.0,0.0,51.413333333333355,0.0,0.0,0.0,0.0,0.0,2594.725881463196,2640.997881463196,227.95200166666666,0.0,227.95200166666666
2025-06-21,7,2025-06-21T01:10:00,2025-06-21T01:00:00,478.3299333333334,0.0,2025-06-21T01:10:00,2025-06-21 00:00:00,2025-06-21 00:00:00,2025-06-21T01:10:00,2025-06-21T01:10:00,0.4311,523.55215,0.0,523.55215,0.0,0.0,0.0,,,0,0,False,523.55215,0.0,0.0,2538.6363581298624,2538.6363581298624,0.0,0.0,45.22221666666661,0.0,0.0,0.0,0.0,0.0,2640.997881463196,2681.697876463196,225.703331865,0.0,225.703331865
2025-06-21,8,2025-06-21T01:20:00,2025-06-21T01:10:00,497.6381166666667,0.0,2025-06-21T01:20:00,2025-06-21 00:00:00,2025-06-21 00:00:00,2025-06-21T01:20:00,2025-06-21T01:20:00,0.4302,496.38176666666664,0.0,496.38176666666664,0.0,0.0,0.0,,,0,0,False,496.38176666666664,0.0,0.0,2538.6363581298624,2538.6363581298624,0.0,0.0,0.0,1.2563500000000545,0.0,0.0,0.0,0.0,2681.697876463196,2680.3019320187514,213.54343602,0.0,213.54343602
2025-06-21,9,2025-06-21T01:30:00,2025-06-21T01:20:00,527.3633333333333,0.0,2025-06-21T01:30:00,2025-06-21 00:00:00,2025-06-21 00:00:00,2025-06-21T01:30:00,2025-06-21T01:30:00,0.4279,476.66,0.0,476.66,0.0,0.0,0.0,,,0,0,False,476.66,0.0,0.0,2538.6363581298624,2538.6363581298624,0.0,0.0,0.0,50.70333333333332,0.0,0.0,0.0,0.0,2680.3019320187514,2623.964894981714,203.962814,0.0,203.962814
2025-06-21,10,2025-06-21T01:40:00,2025-06-21T01:30:00,510.80761666666666,0.0,2025-06-21T01:40:00,2025-06-21 00:00:00,2025-06-21 00:00:00,2025-06-21T01:40:00,2025-06-21T01:40:00,0.4312,498.5694833333334,0.0,498.5694833333334,0.0,0.0,0.0,,,0,0,False,498.5694833333334,0.0,0.0,2538.6363581298624,2538.6363581298624,0.0,0.0,0.0,12.23813333333328,0.0,0.0,0.0,0.0,2623.964894981714,2610.3669690557886,214.98316121333337,0.0,214.98316121333337
2025-06-21,11,2025-06-21T01:50:00,2025-06-21T01:40:00,492.3409833333333,0.0,2025-06-21T01:50:00,2025-06-21 00:00:00,2025-06-21 00:00:00,2025-06-21T01:50:00,2025-06-21T01:50:00,0.4333,481.07483333333334,0.0,481.07483333333334,0.0,0.0,0.0,,,0,0,False,481.07483333333334,0.0,0.0,2538.6363581298624,2538.6363581298624,0.0,0.0,0.0,11.266149999999982,0.0,0.0,0.0,0.0,2610.3669690557886,2597.8490246113442,208.44972528333335,0.0,208.44972528333335
2025-06-21,12,2025-06-21T02:00:00,2025-06-21T01:50:00,499.1033333333333,0.0,2025-06-21T02:00:00,2025-06-21 00:00:00,2025-06-21 00:00:00,2025-06-21T02:00:00,2025-06-21T02:00:00,0.4311,447.43,0.0,447.43,0.0,0.0,0.0,,,0,0,False,447.43,0.0,0.0,2538.6363581298624,2538.6363581298624,0.0,0.0,0.0,51.67333333333329,0.0,0.0,0.0,0.0,2597.8490246113442,2540.4342097965296,192.887073,0.0,192.887073
2025-06-21,13,2025-06-21T02:10:00,2025-06-21T02:00:00,512.0669,0.0,2025-06-21T02:10:00,2025-06-21 00:00:00,2025-06-21 00:00:00,2025-06-21T02:10:00,2025-06-21T02:10:00,0.4293,496.979,0.0,496.979,0.0,0.0,0.0,,,0,0,False,496.979,0.0,0.0,2538.6363581298624,2538.6363581298624,0.0,0.0,0.0,15.087900000000047,0.0,0.0,0.0,0.0,2540.4342097965296,2523.669876463196,213.3530847,0.0,213.3530847
2025-06-21,14,2025-06-21T02:20:00,2025-06-21T02:10:00,502.1835833333334,0.0,2025-06-21T02:20:00,2025-06-21 00:00:00,2025-06-21 00:00:00,2025-06-21T02:20:00,2025-06-21T02:20:00,0.4324,506.7176833333333,0.0,506.7176833333333,0.0,0.0,0.0,,,0,0,False,506.7176833333333,0.0,0.0,2538.6363581298624,2538.6363581298624,0.0,0.0,4.53409999999991,0.0,0.0,0.0,0.0,0.0,2523.669876463196,2527.750566463196,219.1047262733333,0.0,219.1047262733333
2025-06-21,15,2025-06-21T02:30:00,2025-06-21T02:20:00,473.125,0.0,2025-06-21T02:30:00,2025-06-21 00:00:00,2025-06-21 00:00:00,2025-06-21T02:30:00,2025-06-21T02:30:00,0.4367,463.7683333333334,0.0,463.7683333333334,0.0,0.0,0.0,,,0,0,False,463.7683333333334,0.0,0.0,2538.6363581298624,2538.6363581298624,0.0,0.0,0.0,9.356666666666626,0.0,0.0,0.0,0.0,2527.750566463196,2517.3542701668994,202.52763116666668,0.0,202.52763116666668
2025-06-21,16,2025-06-21T02:40:00,2025-06-21T02:30:00,458.3199833333333,0.0,2025-06-21T02:40:00,2025-06-21 00:00:00,2025-06-21 00:00:00,2025-06-21T02:40:00,2025-06-21T02:40:00,0.4348,476.9005666666667,0.0,476.9005666666667,0.0,0.0,0.0,,,0,0,False,476.9005666666667,0.0,0.0,2538.6363581298624,2538.6363581298624,0.0,0.0,18.58058333333338,0.0,0.0,0.0,0.0,0.0,2517.3542701668994,2534.0767951668995,207.35636638666668,0.0,207.35636638666668
2025-06-21,17,2025-06-21T02:50:00,2025-06-21T02:40:00,470.09745,0.0,2025-06-21T02:50:00,2025-06-21 00:00:00,2025-06-21 00:00:00,2025-06-21T02:50:00,2025-06-21T02:50:00,0.4335,477.21479999999997,0.0,477.21479999999997,0.0,0.0,0.0,,,0,0,False,477.21479999999997,0.0,0.0,2538.6363581298624,2538.6363581298624,0.0,0.0,7.117349999999988,0.0,0.0,0.0,0.0,0.0,2534.0767951668995,2540.4824101668996,206.87261579999998,0.0,206.87261579999998
2025-06-21,18,2025-06-21T03:00:00,2025-06-21T02:50:00,489.3733333333333,0.0,2025-06-21T03:00:00,2025-06-21 00:00:00,2025-06-21 00:00:00,2025-06-21T03:00:00,2025-06-21T03:00:00,0.4357,451.1233333333333,0.0,451.1233333333333,0.0,0.0,0.0,,,0,0,False,451.1233333333333,0.0,0.0,2538.6363581298624,2538.6363581298624,0.0,0.0,0.0,38.25,0.0,0.0,0.0,0.0,2540.4824101668996,2497.9824101668996,196.55443633333329,0.0,196.55443633333329
2025-06-21,19,2025-06-21T03:10:00,2025-06-21T03:00:00,486.69823333333335,0.00019999999999999998,2025-06-21T03:10:00,2025-06-21 00:00:00,2025-06-21 00:00:00,2025-06-21T03:10:00,2025-06-21T03:10:00,0.4374,461.25168333333335,0.0002666666666666667,461.25168333333335,0.0002666666666666667,0.0,0.0,,,0,0,False,461.25141666666667,0.0,0.0,2538.6363581298624,2538.6363581298624,0.0,0.0,0.0,25.44661666666667,0.0,0.0,0.0,0.0,2497.9824101668996,2469.708391648381,201.75136965000002,0.0,201.75136965000002
2025-06-21,20,2025-06-21T03:20:00,2025-06-21T03:10:00,491.8388,0.0,2025-06-21T03:20:00,2025-06-21 00:00:00,2025-06-21 00:00:00,2025-06-21T03:20:00,2025-06-21T03:20:00,0.4371,471.09725000000003,0.0,471.09725000000003,0.0,0.0,0.0,,,0,0,False,471.09725000000003,0.0,0.0,2538.6363581298624,2538.6363581298624,0.0,0.0,0.0,20.74154999999996,0.0,0.0,0.0,0.0,2469.708391648381,2446.6622249817146,205.916607975,0.0,205.916607975
2025-06-21,21,2025-06-21T03:30:00,2025-06-21T03:20:00,496.2516666666667,0.0,2025-06-21T03:30:00,2025-06-21 00:00:00,2025-06-21 00:00:00,2025-06-21T03:30:00,2025-06-21T03:30:00,0.4356,470.23,0.0,470.23,0.0,0.0,0.0,,,0,0,False,470.23,0.0,0.0,2538.6363581298624,2538.6363581298624,0.0,0.0,0.0,26.021666666666704,0.0,0.0,0.0,0.0,2446.6622249817146,2417.749262018752,204.832188,0.0,204.832188
2025-06-21,22,2025-06-21T03:40:00,2025-06-21T03:30:00,463.383,0.0026999999999999997,2025-06-21T03:40:00,2025-06-21 00:00:00,2025-06-21 00:00:00,2025-06-21T03:40:00,2025-06-21T03:40:00,0.4353,487.25033333333334,0.0036833333333333336,487.25033333333334,0.0036833333333333336,0.0,0.0,,,0,0,False,487.24665,0.0,0.0,2538.6363581298624,2538.6363581298624,0.0,0.0,23.86635000000001,0.0,0.0,0.0,0.0,0.0,2417.749262018752,2439.2289770187517,212.098466745,0.0,212.098466745
2025-06-21,23,2025-06-21T03:50:00,2025-06-21T03:40:00,454.71765,0.0,2025-06-21T03:50:00,2025-06-21 00:00:00,2025-06-21 00:00:00,2025-06-21T03:50:00,2025-06-21T03:50:00,0.436,499.44795,0.0,499.44795,0.0,0.0,0.0,,,0,0,False,499.44795,0.0,0.0,2538.6363581298624,2538.6363581298624,0.0,0.0,44.7303,0.0,0.0,0.0,0.0,0.0,2439.2289770187517,2479.486247018752,217.7593062,0.0,217.7593062
2025-06-21,24,2025-06-21T04:00:00,2025-06-21T03:50:00,477.0316666666667,0.0,2025-06-21T04:00:00,2025-06-21 00:00:00,2025-06-21 00:00:00,2025-06-21T04:00:00,2025-06-21T04:00:00,0.4378,480.9666666666667,0.0,480.9666666666667,0.0,0.0,0.0,,,0,0,False,480.9666666666667,0.0,0.0,2538.6363581298624,2538.6363581298624,0.0,0.0,3.9350000000000023,0.0,0.0,0.0,0.0,0.0,2479.486247018752,2483.0277470187516,210.5672066666667,0.0,210.5672066666667
2025-06-21,25,2025-06-21T04:10:00,2025-06-21T04:00:00,474.3197,0.03771666666666667,2025-06-21T04:10:00,2025-06-21 00:00:00,2025-06-21 00:00:00,2025-06-21T04:10:00,2025-06-21T04:10:00,0.4401,434.77894999999995,0.05131666666666667,434.77894999999995,0.05131666666666667,0.0,0.0,,,0,0,False,434.7276333333333,0.0,0.0,2538.6363581298624,2538.6363581298624,0.0,0.0,0.0,39.554350000000056,0.0,0.0,0.0,0.0,2483.0277470187516,2439.078469240974,191.32363142999998,0.0,191.32363142999998
2025-06-21,26,2025-06-21T04:20:00,2025-06-21T04:10:00,458.1585,0.0,2025-06-21T04:20:00,2025-06-21 00:00:00,2025-06-21 00:00:00,2025-06-21T04:20:00,2025-06-21T04:20:00,0.4389,433.7089,0.0,433.7089,0.0,0.0,0.0,,,0,0,False,433.7089,0.0,0.0,2538.6363581298624,2538.6363581298624,0.0,0.0,0.0,24.449599999999975,0.0,0.0,0.0,0.0,2439.078469240974,2411.9122470187517,190.35483621000003,0.0,190.35483621000003
2025-06-21,27,2025-06-21T04:30:00,2025-06-21T04:20:00,446.2183333333333,0.0,2025-06-21T04:30:00,2025-06-21 00:00:00,2025-06-21 00:00:00,2025-06-21T04:30:00,2025-06-21T04:30:00,0.4364,466.6483333333333,0.0,466.6483333333333,0.0,0.0,0.0,,,0,0,False,466.6483333333333,0.0,0.0,2538.6363581298624,2538.6363581298624,0.0,0.0,20.430000000000007,0.0,0.0,0.0,0.0,0.0,2411.9122470187517,2430.299247018752,203.64533266666666,0.0,203.64533266666666
2025-06-21,28,2025-06-21T04:40:00,2025-06-21T04:30:00,443.47855,0.5252666666666667,2025-06-21T04:40:00,2025-06-21 00:00:00,2025-06-21 00:00:00,2025-06-21T04:40:00,2025-06-21T04:40:00,0.4393,453.4743833333334,0.7146833333333333,453.4743833333334,0.7146833333333333,0.0,0.0,,,0,0,False,452.75970000000007,0.0,0.0,2538.6363581298624,2538.6363581298624,0.0,0.0,9.806416666666735,0.0,0.0,0.0,0.0,0.0,2430.299247018752,2439.125022018752,198.89733621000005,0.0,198.89733621000005
2025-06-21,29,2025-06-21T04:50:00,2025-06-21T04:40:00,450.38674999999995,0.0,2025-06-21T04:50:00,2025-06-21 00:00:00,2025-06-21 00:00:00,2025-06-21T04:50:00,2025-06-21T04:50:00,0.4422,440.20329999999996,0.0,440.20329999999996,0.0,0.0,0.0,,,0,0,False,440.20329999999996,0.0,0.0,2538.6363581298624,2538.6363581298624,0.0,0.0,0.0,10.183449999999993,0.0,0.0,0.0,0.0,2439.125022018752,2427.810077574308,194.65789925999997,0.0,194.65789925999997
2025-06-21,30,2025-06-21T05:00:00,2025-06-21T04:50:00,455.3866666666667,1.2125000000000001,2025-06-21T05:00:00,2025-06-21 00:00:00,2025-06-21 00:00:00,2025-06-21T05:00:00,2025-06-21T05:00:00,0.4395,438.78999999999996,1.45625,438.78999999999996,1.45625,0.0,0.0,,,0,0,False,437.33374999999995,0.0,0.0,2538.6363581298624,2538.6363581298624,0.0,0.0,0.0,16.840416666666783,0.0,0.0,0.0,0.0,2427.810077574308,2409.0985035002336,192.20818312499998,0.0,192.20818312499998
2025-06-21,31,2025-06-21T05:10:00,2025-06-21T05:00:00,444.1196333333333,19.460916666666666,2025-06-21T05:10:00,2025-06-21 00:00:00,2025-06-21 00:00:00,2025-06-21T05:10:00,2025-06-21T05:10:00,0.4333,417.0898333333334,25.483249999999998,417.0898333333334,25.483249999999998,0.0,0.0,,,0,0,False,391.6065833333334,0.0,0.0,2538.6363581298624,2538.6363581298624,0.0,0.0,0.0,33.052133333333245,0.0,0.0,0.0,0.0,2409.0985035002336,2372.373910907641,169.68313255833337,0.0,169.68313255833337
2025-06-21,32,2025-06-21T05:20:00,2025-06-21T05:10:00,434.4785,43.99505,2025-06-21T05:20:00,2025-06-21 00:00:00,2025-06-21 00:00:00,2025-06-21T05:20:00,2025-06-21T05:20:00,0.4439,429.80060000000003,56.636433333333336,429.80060000000003,56.636433333333336,0.0,0.0,,,0,0,False,373.1641666666667,0.0,0.0,2538.6363581298624,2538.6363581298624,0.0,-8.881784197001252e-16,0.0,17.319283333333317,0.0,0.0,0.0,0.0,2372.373910907641,2353.130262759493,165.64757358333335,0.0,165.64757358333335
2025-06-21,33,2025-06-21T05:30:00,2025-06-21T05:20:00,440.35833333333335,69.5125,2025-06-21T05:30:00,2025-06-21 00:00:00,2025-06-21 00:00:00,2025-06-21T05:30:00,2025-06-21T05:30:00,0.4301,472.26,87.54375,472.26,87.54375,0.0,0.0,,,0,0,False,384.71625,0.0,0.0,2538.6363581298624,2538.6363581298624,0.0,0.0,13.870416666666642,0.0,0.0,0.0,0.0,0.0,2353.130262759493,2365.6136377594926,165.466459125,0.0,165.466459125
2025-06-21,34,2025-06-21T05:40:00,2025-06-21T05:30:00,457.51068333333336,97.93268333333333,2025-06-21T05:40:00,2025-06-21 00:00:00,2025-06-21 00:00:00,2025-06-21T05:40:00,2025-06-21T05:40:00,0.3713,478.58503333333334,122.7548,478.58503333333334,122.7548,0.0,0.0,,,0,0,False,743.2988066046801,387.4685732713467,0.0,2538.6363581298624,2887.3580740740745,0.0,1.0000000000000009,383.72080660468004,0.0,0.0,0.0,0.0,0.0,2365.6136377594926,2710.962363703705,275.9868468923177,0.0,275.9868468923177
2025-06-21,35,2025-06-21T05:50:00,2025-06-21T05:40:00,459.67366666666663,122.63875,2025-06-21T05:50:00,2025-06-21 00:00:00,2025-06-21 00:00:00,2025-06-21T05:50:00,2025-06-21T05:50:00,0.5708,464.90546666666665,159.87985,464.90546666666665,159.87985,0.0,0.0,,,0,0,False,0.0,0.0,305.0256166666667,2887.3580740740745,2548.4407222222226,0.0,0.0,0.0,337.0349166666666,0.0,0.0,0.0,0.0,2710.962363703705,2336.479122962964,0.0,0.0,0.0
2025-06-21,36,2025-06-21T06:00:00,2025-06-21T05:50:00,456.94,148.45000000000002,2025-06-21T06:00:00,2025-06-21 00:00:00,2025-06-21 00:00:00,2025-06-21T06:00:00,2025-06-21T06:00:00,0.9099,461.48,196.67499999999998,461.48,196.67499999999998,0.0,0.0,,,0,0,False,0.0,0.0,264.80500000000006,2548.4407222222226,2254.2129444444445,0.0,0.0,0.0,308.49,0.0,0.0,0.0,0.0,2336.479122962964,1993.7124562962974,0.0,0.0,0.0
2025-06-21,37,2025-06-21T06:10:00,2025-06-21T06:00:00,481.45506666666665,189.49256666666668,2025-06-21T06:10:00,2025-06-21 00:00:00,2025-06-21 00:00:00,2025-06-21T06:10:00,2025-06-21T06:10:00,0.9368,477.3072833333333,232.84295,477.3072833333333,232.84295,0.0,0.0,,,0,0,False,0.0,0.0,244.46433333333331,2254.2129444444445,1982.5859074074074,0.0,0.0,0.0,291.9625,0.0,0.0,0.0,0.0,1993.7124562962974,1669.3096785185196,0.0,0.0,0.0
2025-06-21,38,2025-06-21T06:20:00,2025-06-21T06:10:00,488.7051666666667,242.2338,2025-06-21T06:20:00,2025-06-21 00:00:00,2025-06-21 00:00:00,2025-06-21T06:20:00,2025-06-21T06:20:00,0.8758,468.1024333333333,267.76918333333333,468.1024333333333,267.76918333333333,0.0,0.0,,,0,0,False,0.0,0.0,200.33324999999996,1982.5859074074074,1759.9934074074074,0.0,0.0,0.0,246.47136666666668,0.0,0.0,0.0,0.0,1669.3096785185196,1395.4526044444456,0.0,0.0,0.0
2025-06-21,39,2025-06-21T06:30:00,2025-06-21T06:20:00,460.67,294.31874999999997,2025-06-21T06:30:00,2025-06-21 00:00:00,2025-06-21 00:00:00,2025-06-21T06:30:00,2025-06-21T06:30:00,0.8759,436.9483333333333,301.2,436.9483333333333,301.2,0.0,0.0,,,0,0,False,0.0,0.0,135.74833333333333,1759.9934074074074,1609.161925925926,0.0,0.0,0.0,166.35125000000005,0.0,0.0,0.0,0.0,1395.4526044444456,1210.6178822222232,0.0,0.0,0.0
2025-06-21,40,2025-06-21T06:40:00,2025-06-21T06:30:00,434.43561666666665,337.05043333333333,2025-06-21T06:40:00,2025-06-21 00:00:00,2025-06-21 00:00:00,2025-06-21T06:40:00,2025-06-21T06:40:00,0.8601,436.23949999999996,333.3924666666667,436.23949999999996,333.3924666666667,0.0,0.0,,,0,0,False,0.0,0.0,102.84703333333329,1609.161925925926,1494.8874444444446,0.0,0.0,0.0,9.556094000000895,87.82908933333242,0.0,0.0,0.0,1210.6178822222232,1200.0,0.0,377.708998677996,377.708998677996
2025-06-21,41,2025-06-21T06:50:00,2025-06-21T06:40:00,477.9608166666667,391.74871666666667,2025-06-21T06:50:00,2025-06-21 00:00:00,2025-06-21 00:00:00,2025-06-21T06:50:00,2025-06-21T06:50:00,0.8442,472.3980833333333,365.49315,472.3980833333333,365.49315,0.0,0.0,,,0,0,False,0.0,0.0,106.9049333333333,1494.8874444444446,1376.1041851851853,0.0,0.0,0.0,0.0,86.21210000000002,0.0,0.0,0.0,1200.0,1200.0,0.0,363.9012741000001,363.9012741000001
2025-06-21,42,2025-06-21T07:00:00,2025-06-21T06:50:00,550.7116666666667,449.875,2025-06-21T07:00:00,2025-06-21 00:00:00,2025-06-21 00:00:00,2025-06-21T07:00:00,2025-06-21T07:00:00,0.8334,521.8516666666667,414.69374999999997,521.8516666666667,414.69374999999997,0.0,0.0,,,0,0,False,0.0,0.0,107.15791666666672,1376.1041851851853,1257.0398333333333,0.0,0.0,0.0,0.0,100.8366666666667,0.0,0.0,0.0,1200.0,1200.0,0.0,420.18639000000013,420.18639000000013
2025-06-21,43,2025-06-21T07:10:00,2025-06-21T07:00:00,542.3861499999999,479.10384999999997,2025-06-21T07:10:00,2025-06-21 00:00:00,2025-06-21 00:00:00,2025-06-21T07:10:00,2025-06-21T07:10:00,0.8092,549.1168833333334,497.78103333333337,549.1168833333334,497.78103333333337,0.0,0.0,,,0,0,False,0.0,0.0,51.33584999999999,1257.0398333333333,1200.0,0.0,0.0,0.0,0.0,63.282299999999964,0.0,0.0,0.0,1200.0,1200.0,0.0,256.04018579999985,256.04018579999985
2025-06-21,44,2025-06-21T07:20:00,2025-06-21T07:10:00,522.9324666666666,501.0047833333333,2025-06-21T07:20:00,2025-06-21 00:00:00,2025-06-21 00:00:00,2025-06-21T07:20:00,2025-06-21T07:20:00,0.7972,543.5154833333333,568.7740666666667,543.5154833333333,568.7740666666667,0.0,0.0,,,0,0,False,0.0,0.0,0.0,1200.0,1200.0,25.258583333333377,0.0,0.0,0.0,21.927683333333334,0.0,0.0,0.0,1200.0,1200.0,0.0,87.40374576666667,87.40374576666667
2025-06-21,45,2025-06-21T07:30:00,2025-06-21T07:20:00,529.1416666666667,537.4812499999999,2025-06-21T07:30:00,2025-06-21 00:00:00,2025-06-21 00:00:00,2025-06-21T07:30:00,2025-06-21T07:30:00,0.7644,525.9583333333334,615.0437499999999,525.9583333333334,615.0437499999999,0.0,0.0,,,0,0,False,0.0,-0.0,0.0,1200.0,1200.0,89.08541666666656,0.0,8.33958333333328,0.0,0.0,0.0,0.0,0.0,1200.0,1207.505625,0.0,0.0,0.0
2025-06-21,46,2025-06-21T07:40:00,2025-06-21T07:30:00,526.62105,589.5878333333334,2025-06-21T07:40:00,2025-06-21 00:00:00,2025-06-21 00:00:00,2025-06-21T07:40:00,2025-06-21T07:40:00,0.6899,528.8353000000001,662.4895333333333,528.8353000000001,662.4895333333333,0.0,0.0,,,0,0,False,0.0,0.0,0.0,1200.0,1200.0,133.6542333333332,0.0,62.96678333333341,0.0,0.0,0.0,0.0,0.0,1207.505625,1264.1757300000002,0.0,0.0,0.0
2025-06-21,47,2025-06-21T07:50:00,2025-06-21T07:40:00,514.59605,630.8997666666667,2025-06-21T07:50:00,2025-06-21 00:00:00,2025-06-21 00:00:00,2025-06-21T07:50:00,2025-06-21T07:50:00,0.86,531.0549666666667,695.3427333333334,531.0549666666667,695.3427333333334,0.0,0.0,,,0,0,False,0.0,-0.0,0.0,1200.0,1200.0,164.2877666666667,0.0,116.30371666666667,0.0,0.0,0.0,0.0,0.0,1264.1757300000002,1368.849075,0.0,0.0,0.0
2025-06-21,48,2025-06-21T08:00:00,2025-06-21T07:50:00,510.3933333333334,667.2375000000001,2025-06-21T08:00:00,2025-06-21 00:00:00,2025-06-21 00:00:00,2025-06-21T08:00:00,2025-06-21T08:00:00,1.1617,529.0516666666666,711.6374999999999,529.0516666666666,711.6374999999999,0.0,0.0,,,0,0,False,0.0,0.0,0.0,1200.0,1200.0,182.5858333333333,0.0,156.8441666666667,0.0,0.0,0.0,0.0,0.0,1368.849075,1510.0088250000001,0.0,0.0,0.0
2025-06-21,49,2025-06-21T08:10:00,2025-06-21T08:00:00,527.0032833333333,722.4553999999999,2025-06-21T08:10:00,2025-06-21 00:00:00,2025-06-21 00:00:00,2025-06-21T08:10:00,2025-06-21T08:10:00,1.1683,539.2734,730.8980333333334,539.2734,730.8980333333334,0.0,0.0,,,0,0,False,0.0,0.0,0.0,1200.0,1200.0,191.62463333333335,0.0,195.4521166666666,0.0,0.0,0.0,0.0,0.0,1510.0088250000001,1685.9157300000002,0.0,0.0,0.0
2025-06-21,50,2025-06-21T08:20:00,2025-06-21T08:10:00,526.8320333333334,740.3005833333333,2025-06-21T08:20:00,2025-06-21 00:00:00,2025-06-21 00:00:00,2025-06-21T08:20:00,2025-06-21T08:20:00,1.0956,535.2853166666666,759.584,535.2853166666666,759.584,0.0,0.0,,,0,0,False,0.0,0.0,0.0,1200.0,1200.0,224.29868333333332,0.0,213.46854999999994,0.0,0.0,0.0,0.0,0.0,1685.9157300000002,1878.0374250000002,0.0,0.0,0.0
2025-06-21,51,2025-06-21T08:30:00,2025-06-21T08:20:00,506.26500000000004,726.4499999999999,2025-06-21T08:30:00,2025-06-21 00:00:00,2025-06-21 00:00:00,2025-06-21T08:30:00,2025-06-21T08:30:00,1.0849,519.505,801.0187500000001,519.505,801.0187500000001,0.0,0.0,,,0,0,False,0.0,0.0,0.0,1200.0,1200.0,281.5137500000001,0.0,220.1849999999999,0.0,0.0,0.0,0.0,0.0,1878.0374250000002,2076.2039250000003,0.0,0.0,0.0
2025-06-21,52,2025-06-21T08:40:00,2025-06-21T08:30:00,505.16623333333337,746.6491666666667,2025-06-21T08:40:00,2025-06-21 00:00:00,2025-06-21 00:00:00,2025-06-21T08:40:00,2025-06-21T08:40:00,1.061,526.7351666666667,848.6704,526.7351666666667,848.6704,0.0,0.0,,,0,0,False,0.0,0.0,0.0,1200.0,1200.0,321.93523333333326,0.0,241.48293333333334,0.0,0.0,0.0,0.0,0.0,2076.2039250000003,2293.5385650000003,0.0,0.0,0.0
2025-06-21,53,2025-06-21T08:50:00,2025-06-21T08:40:00,548.3231666666667,778.0861,2025-06-21T08:50:00,2025-06-21 00:00:00,2025-06-21 00:00:00,2025-06-21T08:50:00,2025-06-21T08:50:00,1.043,561.15215,858.7462,561.15215,858.7462,0.0,0.0,,,0,0,False,0.0,0.0,0.0,1200.0,1200.0,297.59405000000004,0.0,229.7629333333333,0.0,0.0,0.0,0.0,0.0,2293.5385650000003,2500.325205,0.0,0.0,0.0
2025-06-21,54,2025-06-21T09:00:00,2025-06-21T08:50:00,608.4366666666666,791.0124999999999,2025-06-21T09:00:00,2025-06-21 00:00:00,2025-06-21 00:00:00,2025-06-21T09:00:00,2025-06-21T09:00:00,1.036,607.36,863.85,607.36,863.85,0.0,0.0,,,0,0,False,0.0,0.0,0.0,1200.0,1200.0,256.49,0.0,182.57583333333332,0.0,0.0,0.0,0.0,0.0,2500.325205,2664.643455,0.0,0.0,0.0
2025-06-21,55,2025-06-21T09:10:00,2025-06-21T09:00:00,630.9835166666667,791.1589,2025-06-21T09:10:00,2025-06-21 00:00:00,2025-06-21 00:00:00,2025-06-21T09:10:00,2025-06-21T09:10:00,1.0147,642.0851166666666,933.73745,642.0851166666666,933.73745,0.0,0.0,,,0,0,False,0.0,0.0,0.0,1200.0,1200.0,291.65233333333333,0.0,160.17538333333334,0.0,0.0,0.0,0.0,0.0,2664.643455,2808.8013,0.0,0.0,0.0
2025-06-21,56,2025-06-21T09:20:00,2025-06-21T09:10:00,641.60305,856.5730166666667,2025-06-21T09:20:00,2025-06-21 00:00:00,2025-06-21 00:00:00,2025-06-21T09:20:00,2025-06-21T09:20:00,0.9922,656.56745,950.9573333333333,656.56745,950.9573333333333,0.0,0.0,,,0,0,False,0.0,0.0,0.0,1200.0,1200.0,294.3898833333333,0.0,214.96996666666666,0.0,0.0,0.0,0.0,0.0,2808.8013,3002.27427,0.0,0.0,0.0
2025-06-21,57,2025-06-21T09:30:00,2025-06-21T09:20:00,637.4333333333333,965.71875,2025-06-21T09:30:00,2025-06-21 00:00:00,2025-06-21 00:00:00,2025-06-21T09:30:00,2025-06-21T09:30:00,0.97,648.4433333333333,910.7062500000001,648.4433333333333,910.7062500000001,0.0,0.0,,,0,0,False,0.0,0.0,0.0,1200.0,1200.0,262.2629166666668,0.0,328.2854166666667,0.0,0.0,0.0,0.0,0.0,3002.27427,3297.7311449999997,0.0,0.0,0.0
2025-06-21,58,2025-06-21T09:40:00,2025-06-21T09:30:00,597.0597666666666,1018.178,2025-06-21T09:40:00,2025-06-21 00:00:00,2025-06-21 00:00:00,2025-06-21T09:40:00,2025-06-21T09:40:00,0.9422,623.8431333333333,932.0595166666667,623.8431333333333,932.0595166666667,0.0,0.0,,,0,0,False,0.0,0.0,0.0,1200.0,1200.0,308.2163833333334,0.0,421.11823333333336,0.0,0.0,0.0,0.0,0.0,3297.7311449999997,3676.7375549999997,0.0,0.0,0.0
2025-06-21,59,2025-06-21T09:50:00,2025-06-21T09:40:00,614.65745,1064.1836333333333,2025-06-21T09:50:00,2025-06-21 00:00:00,2025-06-21 00:00:00,2025-06-21T09:50:00,2025-06-21T09:50:00,0.9569,611.4957166666667,989.1466999999999,611.4957166666667,989.1466999999999,0.0,0.0,,,0,0,False,0.0,0.0,0.0,1200.0,1200.0,377.6509833333332,0.0,449.5261833333333,0.0,0.0,0.0,0.0,0.0,3676.7375549999997,4081.31112,0.0,0.0,0.0
2025-06-21,60,2025-06-21T10:00:00,2025-06-21T09:50:00,666.6899999999999,1107.2562500000001,2025-06-21T10:00:00,2025-06-21 00:00:00,2025-06-21 00:00:00,2025-06-21T10:00:00,2025-06-21T10:00:00,0.9977,627.3066666666667,1043.25,627.3066666666667,1043.25,0.0,0.0,,,0,0,False,0.0,-0.0,0.0,1200.0,1200.0,415.94333333333327,0.0,440.5662500000002,0.0,0.0,0.0,0.0,0.0,4081.31112,4477.820745,0.0,0.0,0.0
2025-06-21,61,2025-06-21T10:10:00,2025-06-21T10:00:00,637.6840166666667,1098.3148833333332,2025-06-21T10:10:00,2025-06-21 00:00:00,2025-06-21 00:00:00,2025-06-21T10:10:00,2025-06-21T10:10:00,0.9919,656.8212,1081.2287333333334,656.8212,1081.2287333333334,0.0,0.0,,,0,0,False,0.0,0.0,0.0,1200.0,1200.0,424.4075333333334,0.0,460.6308666666665,0.0,0.0,0.0,0.0,0.0,4477.820745,4892.388525,0.0,0.0,0.0
2025-06-21,62,2025-06-21T10:20:00,2025-06-21T10:10:00,626.9162666666667,1115.9334000000001,2025-06-21T10:20:00,2025-06-21 00:00:00,2025-06-21 00:00:00,2025-06-21T10:20:00,2025-06-21T10:20:00,0.9588,641.9134166666666,1093.14285,641.9134166666666,1093.14285,0.0,0.0,,,0,0,False,0.0,-0.0,0.0,1200.0,1200.0,451.2294333333333,0.0,489.0171333333334,0.0,0.0,0.0,0.0,0.0,4892.388525,5332.503945,0.0,0.0,0.0
2025-06-21,63,2025-06-21T10:30:00,2025-06-21T10:20:00,650.3183333333333,1166.83125,2025-06-21T10:30:00,2025-06-21 00:00:00,2025-06-21 00:00:00,2025-06-21T10:30:00,2025-06-21T10:30:00,0.9549,604.6266666666667,1103.66875,604.6266666666667,1103.66875,0.0,0.0,,,0,0,False,0.0,-0.0,0.0,1200.0,1200.0,499.0420833333334,1.0,516.5129166666667,0.0,0.0,0.0,0.0,0.0,5332.503945,5797.36557,0.0,0.0,0.0
2025-06-21,64,2025-06-21T10:40:00,2025-06-21T10:30:00,621.1255833333333,1182.3068166666667,2025-06-21T10:40:00,2025-06-21 00:00:00,2025-06-21 00:00:00,2025-06-21T10:40:00,2025-06-21T10:40:00,0.9839,621.9841333333333,1148.2058,621.9841333333333,1148.2058,0.0,0.0,,,0,0,False,0.0,0.0,0.0,1200.0,1200.0,526.2216666666667,0.0,561.1812333333334,0.0,0.0,0.0,0.0,0.0,5797.36557,6302.42868,0.0,0.0,0.0
2025-06-21,65,2025-06-21T10:50:00,2025-06-21T10:40:00,594.26015,1207.1864666666668,2025-06-21T10:50:00,2025-06-21 00:00:00,2025-06-21 00:00:00,2025-06-21T10:50:00,2025-06-21T10:50:00,0.799,630.5688833333334,1171.7193166666666,630.5688833333334,1171.7193166666666,0.0,0.0,,,0,0,False,0.0,97.91754999999992,0.0,1200.0,1288.125795,443.23288333333335,1.0000000000000209,612.9263166666668,0.0,0.0,0.0,0.0,0.0,6302.42868,6854.062365,0.0,0.0,0.0
2025-06-21,66,2025-06-21T11:00:00,2025-06-21T10:50:00,613.2016666666667,1233.3500000000001,2025-06-21T11:00:00,2025-06-21 00:00:00,2025-06-21 00:00:00,2025-06-21T11:00:00,2025-06-21T11:00:00,0.5025,603.1533333333333,1165.4750000000001,603.1533333333333,1165.4750000000001,0.0,0.0,,,0,0,False,0.0,0.0,0.0,1288.125795,1288.125795,562.3216666666668,0.0,620.1483333333334,0.0,0.0,0.0,0.0,0.0,6854.062365,7412.195865,0.0,0.0,0.0
2025-06-21,67,2025-06-21T11:10:00,2025-06-21T11:00:00,657.6027666666666,1217.7636,2025-06-21T11:10:00,2025-06-21 00:00:00,2025-06-21 00:00:00,2025-06-21T11:10:00,2025-06-21T11:10:00,0.4662,580.304,1173.8167666666666,580.304,1173.8167666666666,0.0,0.0,,,0,0,False,0.0,0.0,0.0,1288.125795,1288.125795,593.5127666666666,-0.0,560.1608333333334,0.0,0.0,0.0,0.0,0.0,7412.195865,7916.340615,0.0,0.0,0.0
2025-06-21,68,2025-06-21T11:20:00,2025-06-21T11:10:00,650.1067166666667,1297.1492333333333,2025-06-21T11:20:00,2025-06-21 00:00:00,2025-06-21 00:00:00,2025-06-21T11:20:00,2025-06-21T11:20:00,0.5007,583.4636333333334,1177.9125833333333,583.4636333333334,1177.9125833333333,0.0,0.0,,,0,0,False,0.0,594.4489499999999,0.0,1288.125795,1823.1298499999998,0.0,1.0,647.0425166666666,0.0,0.0,0.0,0.0,0.0,7916.340615,8498.67888,0.0,0.0,0.0
2025-06-21,69,2025-06-21T11:30:00,2025-06-21T11:20:00,607.6266666666667,1415.0375000000001,2025-06-21T11:30:00,2025-06-21 00:00:00,2025-06-21 00:00:00,2025-06-21T11:30:00,2025-06-21T11:30:00,0.4827,603.2866666666666,1179.8,603.2866666666666,1179.8,0.0,0.0,,,0,0,False,0.0,576.5133333333333,0.0,1823.1298499999998,2341.99185,0.0,1.0,807.4108333333335,0.0,0.0,0.0,0.0,0.0,8498.67888,9225.34863,0.0,0.0,0.0
2025-06-21,70,2025-06-21T11:40:00,2025-06-21T11:30:00,617.5237833333333,1363.4527333333333,2025-06-21T11:40:00,2025-06-21 00:00:00,2025-06-21 00:00:00,2025-06-21T11:40:00,2025-06-21T11:40:00,0.4785,612.7584666666667,1198.174,612.7584666666667,1198.174,0.0,0.0,,,0,0,False,0.0,585.4155333333333,0.0,2341.99185,2868.8658299999997,0.0,1.0,745.92895,0.0,0.0,0.0,0.0,0.0,9225.34863,9896.684685,0.0,0.0,0.0
2025-06-21,71,2025-06-21T11:50:00,2025-06-21T11:40:00,620.7188833333333,1279.6117666666667,2025-06-21T11:50:00,2025-06-21 00:00:00,2025-06-21 00:00:00,2025-06-21T11:50:00,2025-06-21T11:50:00,0.4662,614.83545,1172.3140166666667,614.83545,1172.3140166666667,0.0,0.0,,,0,0,False,0.0,557.4785666666667,0.0,2868.8658299999997,3370.5965399999995,0.0,1.0,658.8928833333333,0.0,0.0,0.0,0.0,0.0,9896.684685,10489.68828,0.0,0.0,0.0
2025-06-21,72,2025-06-21T12:00:00,2025-06-21T11:50:00,605.18,1277.51875,2025-06-21T12:00:00,2025-06-21 00:00:00,2025-06-21 00:00:00,2025-06-21T12:00:00,2025-06-21T12:00:00,0.4432,615.5883333333334,1104.3687499999999,615.5883333333334,1104.3687499999999,0.0,0.0,,,0,0,False,0.0,488.7804166666665,0.0,3370.5965399999995,3810.498914999999,0.0,1.0,344.79079999999965,0.0,0.0,327.54795000000036,0.0,327.54795000000036,10489.68828,10800.0,0.0,0.0,0.0
2025-06-21,73,2025-06-21T12:10:00,2025-06-21T12:00:00,622.59025,1340.7105166666668,2025-06-21T12:10:00,2025-06-21 00:00:00,2025-06-21 00:00:00,2025-06-21T12:10:00,2025-06-21T12:10:00,0.4411,616.7149833333334,1069.0920666666666,616.7149833333334,1069.0920666666666,0.0,0.0,,,0,0,False,0.0,452.3770833333332,0.0,3810.498914999999,4217.638289999999,0.0,1.0,0.0,0.0,0.0,718.1202666666668,0.0,718.1202666666668,10800.0,10800.0,0.0,0.0,0.0
2025-06-21,74,2025-06-21T12:20:00,2025-06-21T12:10:00,642.0392,1383.4959166666667,2025-06-21T12:20:00,2025-06-21 00:00:00,2025-06-21 00:00:00,2025-06-21T12:20:00,2025-06-21T12:20:00,0.4551,620.8659166666666,1096.7892166666668,620.8659166666666,1096.7892166666668,0.0,0.0,,,0,0,False,0.0,475.92330000000015,0.0,4217.638289999999,4645.969259999999,0.0,1.0,0.0,0.0,0.0,741.4567166666667,0.0,741.4567166666667,10800.0,10800.0,0.0,0.0,0.0
2025-06-21,75,2025-06-21T12:30:00,2025-06-21T12:20:00,654.76,1397.16875,2025-06-21T12:30:00,2025-06-21 00:00:00,2025-06-21 00:00:00,2025-06-21T12:30:00,2025-06-21T12:30:00,0.4463,626.92,1152.6875,626.92,1152.6875,0.0,0.0,,,0,0,False,0.0,525.7675,0.0,4645.969259999999,5119.160009999999,0.0,1.0,0.0,0.0,0.0,742.40875,0.0,742.40875,10800.0,10800.0,0.0,0.0,0.0
2025-06-21,76,2025-06-21T12:40:00,2025-06-21T12:30:00,676.6507333333333,1434.2979500000001,2025-06-21T12:40:00,2025-06-21 00:00:00,2025-06-21 00:00:00,2025-06-21T12:40:00,2025-06-21T12:40:00,0.4113,630.1571166666666,1166.3187666666665,630.1571166666666,1166.3187666666665,0.0,0.0,,,0,0,False,0.0,536.1616499999999,0.0,5119.160009999999,5601.705494999998,0.0,1.0,0.0,0.0,0.0,757.6472166666668,0.0,757.6472166666668,10800.0,10800.0,0.0,0.0,0.0
2025-06-21,77,2025-06-21T12:50:00,2025-06-21T12:40:00,652.0988,1423.7868166666667,2025-06-21T12:50:00,2025-06-21 00:00:00,2025-06-21 00:00:00,2025-06-21T12:50:00,2025-06-21T12:50:00,0.5682,628.0763000000001,1138.0152666666665,628.0763000000001,1138.0152666666665,0.0,0.0,,,0,0,False,0.0,509.9389666666665,0.0,5601.705494999998,6060.650564999998,0.0,1.0,0.0,0.0,0.0,771.6880166666667,0.0,771.6880166666667,10800.0,10800.0,0.0,0.0,0.0
2025-06-21,78,2025-06-21T13:00:00,2025-06-21T12:50:00,614.6683333333334,1341.6000000000001,2025-06-21T13:00:00,2025-06-21 00:00:00,2025-06-21 00:00:00,2025-06-21T13:00:00,2025-06-21T13:00:00,0.8279,627.2283333333334,1117.6499999999999,627.2283333333334,1117.6499999999999,0.0,0.0,,,0,0,False,0.0,490.4216666666665,0.0,6060.650564999998,6502.030064999998,0.0,1.0,0.0,0.0,0.0,726.9316666666667,0.0,726.9316666666667,10800.0,10800.0,0.0,0.0,0.0
2025-06-21,79,2025-06-21T13:10:00,2025-06-21T13:00:00,651.7447166666667,1248.9026999999999,2025-06-21T13:10:00,2025-06-21 00:00:00,2025-06-21 00:00:00,2025-06-21T13:10:00,2025-06-21T13:10:00,0.8636,636.2238,1147.2925333333333,636.2238,1147.2925333333333,0.0,0.0,,,0,0,False,0.0,511.0687333333333,0.0,6502.030064999998,6961.9919249999975,0.0,1.0,0.0,0.0,0.0,597.1579833333332,0.0,597.1579833333332,10800.0,10800.0,0.0,0.0,0.0
2025-06-21,80,2025-06-21T13:20:00,2025-06-21T13:10:00,643.7692333333333,1225.8205166666667,2025-06-21T13:20:00,2025-06-21 00:00:00,2025-06-21 00:00:00,2025-06-21T13:20:00,2025-06-21T13:20:00,0.8416,639.1596833333333,1119.57125,639.1596833333333,1119.57125,0.0,0.0,,,0,0,False,0.0,480.41156666666666,0.0,6961.9919249999975,7394.362334999998,0.0,1.0,0.0,0.0,0.0,582.0512833333333,0.0,582.0512833333333,10800.0,10800.0,0.0,0.0,0.0
2025-06-21,81,2025-06-21T13:30:00,2025-06-21T13:20:00,598.215,1223.48125,2025-06-21T13:30:00,2025-06-21 00:00:00,2025-06-21 00:00:00,2025-06-21T13:30:00,2025-06-21T13:30:00,0.8618,637.945,1044.175,637.945,1044.175,0.0,0.0,,,0,0,False,0.0,406.2299999999999,0.0,7394.362334999998,7759.969334999998,0.0,1.0,0.0,0.0,0.0,625.26625,0.0,625.26625,10800.0,10800.0,0.0,0.0,0.0
2025-06-21,82,2025-06-21T13:40:00,2025-06-21T13:30:00,641.5370166666667,1119.1241499999999,2025-06-21T13:40:00,2025-06-21 00:00:00,2025-06-21 00:00:00,2025-06-21T13:40:00,2025-06-21T13:40:00,0.8623,648.8773166666666,1040.1865166666666,648.8773166666666,1040.1865166666666,0.0,0.0,,,0,0,False,0.0,391.30920000000003,0.0,7759.969334999998,8112.147614999998,0.0,1.0,0.0,0.0,0.0,477.5871333333332,0.0,477.5871333333332,10800.0,10800.0,0.0,0.0,0.0
2025-06-21,83,2025-06-21T13:50:00,2025-06-21T13:40:00,663.0396999999999,1021.2925,2025-06-21T13:50:00,2025-06-21 00:00:00,2025-06-21 00:00:00,2025-06-21T13:50:00,2025-06-21T13:50:00,0.9026,651.04975,1048.4026833333335,651.04975,1048.4026833333335,0.0,0.0,,,0,0,False,0.0,397.35293333333345,0.0,8112.147614999998,8469.765254999998,0.0,1.0,0.0,0.0,0.0,358.2528000000001,0.0,358.2528000000001,10800.0,10800.0,0.0,0.0,0.0
2025-06-21,84,2025-06-21T14:00:00,2025-06-21T13:50:00,643.6416666666667,992.6999999999999,2025-06-21T14:00:00,2025-06-21 00:00:00,2025-06-21 00:00:00,2025-06-21T14:00:00,2025-06-21T14:00:00,0.9754,645.2583333333333,1036.05,645.2583333333333,1036.05,0.0,0.0,,,0,0,False,0.0,390.79166666666663,0.0,8469.765254999998,8821.477754999998,0.0,1.0,0.0,0.0,0.0,349.0583333333333,0.0,349.0583333333333,10800.0,10800.0,0.0,0.0,0.0
2025-06-21,85,2025-06-21T14:10:00,2025-06-21T14:00:00,674.6484166666667,990.2996333333334,2025-06-21T14:10:00,2025-06-21 00:00:00,2025-06-21 00:00:00,2025-06-21T14:10:00,2025-06-21T14:10:00,1.0002,651.8894666666666,1030.239,651.8894666666666,1030.239,0.0,0.0,,,0,0,False,0.0,378.3495333333334,0.0,8821.477754999998,9161.992334999999,0.0,1.0,0.0,0.0,0.0,315.65121666666676,0.0,315.65121666666676,10800.0,10800.0,0.0,0.0,0.0
2025-06-21,86,2025-06-21T14:20:00,2025-06-21T14:10:00,682.5380166666666,971.2156666666666,2025-06-21T14:20:00,2025-06-21 00:00:00,2025-06-21 00:00:00,2025-06-21T14:20:00,2025-06-21T14:20:00,0.9978,646.3560833333333,1007.9859333333334,646.3560833333333,1007.9859333333334,0.0,0.0,,,0,0,False,0.0,361.62985000000003,0.0,9161.992334999999,9487.4592,0.0,1.0,0.0,0.0,0.0,288.67764999999997,0.0,288.67764999999997,10800.0,10800.0,0.0,0.0,0.0
2025-06-21,87,2025-06-21T14:30:00,2025-06-21T14:20:00,667.8983333333333,956.3562499999999,2025-06-21T14:30:00,2025-06-21 00:00:00,2025-06-21 00:00:00,2025-06-21T14:30:00,2025-06-21T14:30:00,1.0271,632.0166666666667,959.75625,632.0166666666667,959.75625,0.0,0.0,,,0,0,False,0.0,327.73958333333337,0.0,9487.4592,9782.424825,0.0,1.0,0.0,0.0,0.0,288.4579166666666,0.0,288.4579166666666,10800.0,10800.0,0.0,0.0,0.0
2025-06-21,88,2025-06-21T14:40:00,2025-06-21T14:30:00,704.50855,994.04345,2025-06-21T14:40:00,2025-06-21 00:00:00,2025-06-21 00:00:00,2025-06-21T14:40:00,2025-06-21T14:40:00,1.0906,641.6548,909.23555,641.6548,909.23555,0.0,0.0,,,0,0,False,0.0,267.58074999999997,0.0,9782.424825,10023.2475,0.0,1.0,0.0,0.0,0.0,289.5349,0.0,289.5349,10800.0,10800.0,0.0,0.0,0.0
2025-06-21,89,2025-06-21T14:50:00,2025-06-21T14:40:00,697.0747666666666,996.54085,2025-06-21T14:50:00,2025-06-21 00:00:00,2025-06-21 00:00:00,2025-06-21T14:50:00,2025-06-21T14:50:00,0.9376,667.3870833333334,902.1127833333334,667.3870833333334,902.1127833333334,0.0,0.0,,,0,0,False,0.0,234.72569999999996,0.0,10023.2475,10234.50063,0.0,1.0,0.0,0.0,0.0,299.46608333333336,0.0,299.46608333333336,10800.0,10800.0,0.0,0.0,0.0
2025-06-21,90,2025-06-21T15:00:00,2025-06-21T14:50:00,646.6133333333333,946.74375,2025-06-21T15:00:00,2025-06-21 00:00:00,2025-06-21 00:00:00,2025-06-21T15:00:00,2025-06-21T15:00:00,0.6694,685.3233333333333,903.0500000000001,685.3233333333333,903.0500000000001,0.0,0.0,,,0,0,False,0.0,217.7266666666668,0.0,10234.50063,10430.45463,0.0,1.0,0.0,0.0,0.0,300.13041666666663,0.0,300.13041666666663,10800.0,10800.0,0.0,0.0,0.0
2025-06-21,91,2025-06-21T15:10:00,2025-06-21T15:00:00,652.7055833333333,909.52565,2025-06-21T15:10:00,2025-06-21 00:00:00,2025-06-21 00:00:00,2025-06-21T15:10:00,2025-06-21T15:10:00,0.66,674.7553333333334,833.6379000000001,674.7553333333334,833.6379000000001,0.0,0.0,,,0,0,False,0.0,158.88256666666666,0.0,10430.45463,10573.44894,0.0,1.0,0.0,0.0,0.0,256.8200666666668,0.0,256.8200666666668,10800.0,10800.0,0.0,0.0,0.0
2025-06-21,92,2025-06-21T15:20:00,2025-06-21T15:10:00,654.0566333333334,858.8448,2025-06-21T15:20:00,2025-06-21 00:00:00,2025-06-21 00:00:00,2025-06-21T15:20:00,2025-06-21T15:20:00,0.7217,649.8444166666667,782.8999,649.8444166666667,782.8999,0.0,0.0,,,0,0,False,0.0,133.0554833333333,0.0,10573.44894,10693.198875,0.0,1.0,0.0,0.0,0.0,204.7881666666666,0.0,204.7881666666666,10800.0,10800.0,0.0,0.0,0.0
2025-06-21,93,2025-06-21T15:30:00,2025-06-21T15:20:00,645.9166666666666,801.85,2025-06-21T15:30:00,2025-06-21 00:00:00,2025-06-21 00:00:00,2025-06-21T15:30:00,2025-06-21T15:30:00,0.7308,645.3383333333334,764.00625,645.3383333333334,764.00625,0.0,0.0,,,0,0,False,0.0,118.66791666666666,0.0,10693.198875,10800.0,0.0,1.0,0.0,0.0,0.0,155.9333333333334,0.0,155.9333333333334,10800.0,10800.0,0.0,0.0,0.0
2025-06-21,94,2025-06-21T15:40:00,2025-06-21T15:30:00,689.5025833333334,780.1588666666667,2025-06-21T15:40:00,2025-06-21 00:00:00,2025-06-21 00:00:00,2025-06-21T15:40:00,2025-06-21T15:40:00,0.7534,685.0604333333334,702.8891333333332,685.0604333333334,702.8891333333332,0.0,0.0,,,0,0,False,0.0,0.0,0.0,10800.0,10800.0,17.8286999999998,0.0,0.0,0.0,0.0,90.65628333333325,0.0,90.65628333333325,10800.0,10800.0,0.0,0.0,0.0
2025-06-21,95,2025-06-21T15:50:00,2025-06-21T15:40:00,719.5433666666667,746.87235,2025-06-21T15:50:00,2025-06-21 00:00:00,2025-06-21 00:00:00,2025-06-21T15:50:00,2025-06-21T15:50:00,0.7823,705.4706666666666,648.67995,705.4706666666666,648.67995,0.0,0.0,,,0,0,False,56.79071666666664,0.0,-0.0,10800.0,10800.0,0.0,0.0,0.0,0.0,0.0,84.11969999999997,56.79071666666664,27.328983333333326,10800.0,10800.0,44.42737764833331,0.0,44.42737764833331
2025-06-21,96,2025-06-21T16:00:00,2025-06-21T15:50:00,702.9050000000001,675.9,2025-06-21T16:00:00,2025-06-21 00:00:00,2025-06-21 00:00:00,2025-06-21T16:00:00,2025-06-21T16:00:00,0.8055,702.335,626.1062499999999,702.335,626.1062499999999,0.0,0.0,,,0,0,False,76.2287500000001,0.0,-0.0,10800.0,10800.0,0.0,0.0,0.0,0.0,0.0,49.223749999999995,49.223749999999995,0.0,10800.0,10800.0,61.40225812500008,0.0,61.40225812500008
2025-06-21,97,2025-06-21T16:10:00,2025-06-21T16:00:00,672.3809666666667,593.8094166666666,2025-06-21T16:10:00,2025-06-21 00:00:00,2025-06-21 00:00:00,2025-06-21T16:10:00,2025-06-21T16:10:00,0.8271,722.1984333333334,604.0754833333334,722.1984333333334,604.0754833333334,0.0,0.0,,,0,0,False,118.12294999999995,0.0,-0.0,10800.0,10800.0,0.0,0.0,0.0,0.0,0.0,39.55139999999983,39.55139999999983,0.0,10800.0,10800.0,97.69949194499995,0.0,97.69949194499995
2025-06-21,98,2025-06-21T16:20:00,2025-06-21T16:10:00,663.4524333333333,560.2481333333334,2025-06-21T16:20:00,2025-06-21 00:00:00,2025-06-21 00:00:00,2025-06-21T16:20:00,2025-06-21T16:20:00,0.8519,695.8212833333333,555.9743833333333,695.8212833333333,555.9743833333333,0.0,0.0,,,0,0,False,139.8469,0.0,-0.0,10800.0,10800.0,0.0,0.0,0.0,0.0,0.0,36.64260000000013,36.64260000000013,0.0,10800.0,10800.0,119.13557411000001,0.0,119.13557411000001
2025-06-21,99,2025-06-21T16:30:00,2025-06-21T16:20:00,673.67,567.7624999999999,2025-06-21T16:30:00,2025-06-21 00:00:00,2025-06-21 00:00:00,2025-06-21T16:30:00,2025-06-21T16:30:00,0.8791,665.3083333333333,496.2625,665.3083333333333,496.2625,0.0,0.0,,,0,0,False,169.0458333333333,0.0,-0.0,10800.0,10800.0,0.0,0.0,0.0,0.0,0.0,63.13833333333321,63.13833333333321,0.0,10800.0,10800.0,148.6081920833333,0.0,148.6081920833333
2025-06-21,100,2025-06-21T16:40:00,2025-06-21T16:30:00,663.9623333333333,548.5383,2025-06-21T16:40:00,2025-06-21 00:00:00,2025-06-21 00:00:00,2025-06-21T16:40:00,2025-06-21T16:40:00,0.9024,735.2509,461.2235166666667,735.2509,461.2235166666667,0.0,0.0,,,0,0,False,274.0273833333333,0.0,-0.0,10800.0,10800.0,0.0,0.0,0.0,0.0,0.0,158.6033500000001,158.6033500000001,0.0,10800.0,10800.0,247.28231071999997,0.0,247.28231071999997
2025-06-21,101,2025-06-21T16:50:00,2025-06-21T16:40:00,603.6488499999999,494.0291666666667,2025-06-21T16:50:00,2025-06-21 00:00:00,2025-06-21 00:00:00,2025-06-21T16:50:00,2025-06-21T16:50:00,0.9163,707.8311166666667,418.91833333333335,707.8311166666667,418.91833333333335,0.0,0.0,,,0,0,False,288.9127833333334,0.0,-0.0,10800.0,10800.0,0.0,0.0,0.0,0.0,0.0,179.2931000000002,179.2931000000002,0.0,10800.0,10800.0,264.7307833683334,0.0,264.7307833683334
2025-06-21,102,2025-06-21T17:00:00,2025-06-21T16:50:00,540.0500000000001,437.26875,2025-06-21T17:00:00,2025-06-21 00:00:00,2025-06-21 00:00:00,2025-06-21T17:00:00,2025-06-21T17:00:00,0.9264,589.7266666666667,361.08125,589.7266666666667,361.08125,0.0,0.0,,,0,0,False,228.64541666666668,0.0,0.0,10800.0,10800.0,0.0,0.0,0.0,0.0,0.0,125.86416666666662,125.86416666666662,0.0,10800.0,10800.0,211.817114,0.0,211.817114
2025-06-21,103,2025-06-21T17:10:00,2025-06-21T17:00:00,555.8345333333333,413.2071,2025-06-21T17:10:00,2025-06-21 00:00:00,2025-06-21 00:00:00,2025-06-21T17:10:00,2025-06-21T17:10:00,0.9462,590.4794,315.4328,590.4794,315.4328,0.0,0.0,,,0,0,False,275.04660000000007,0.0,0.0,10800.0,10800.0,0.0,0.0,0.0,0.0,0.0,132.4191666666668,132.4191666666668,0.0,10800.0,10800.0,260.24909292000007,0.0,260.24909292000007
2025-06-21,104,2025-06-21T17:20:00,2025-06-21T17:10:00,577.1041333333334,364.30913333333336,2025-06-21T17:20:00,2025-06-21 00:00:00,2025-06-21 00:00:00,2025-06-21T17:20:00,2025-06-21T17:20:00,0.9742,609.88575,288.48466666666667,609.88575,288.48466666666667,0.0,0.0,,,0,0,False,321.40108333333336,0.0,0.0,10800.0,10800.0,0.0,0.0,0.0,0.0,0.0,108.60608333333334,108.60608333333334,0.0,10800.0,10800.0,313.10893538333335,0.0,313.10893538333335
2025-06-21,105,2025-06-21T17:30:00,2025-06-21T17:20:00,580.7116666666667,291.74375000000003,2025-06-21T17:30:00,2025-06-21 00:00:00,2025-06-21 00:00:00,2025-06-21T17:30:00,2025-06-21T17:30:00,0.9862,589.96,269.41249999999997,589.96,269.41249999999997,0.0,0.0,,,0,0,False,320.54750000000007,0.0,-0.0,10800.0,10800.0,0.0,0.0,0.0,0.0,0.0,31.579583333333403,31.579583333333403,0.0,10800.0,10800.0,316.12394450000005,0.0,316.12394450000005
2025-06-21,106,2025-06-21T17:40:00,2025-06-21T17:30:00,608.2013499999999,254.73118333333332,2025-06-21T17:40:00,2025-06-21 00:00:00,2025-06-21 00:00:00,2025-06-21T17:40:00,2025-06-21T17:40:00,0.976,581.5264166666667,241.22868333333335,581.5264166666667,241.22868333333335,0.0,0.0,,,0,0,False,340.2977333333333,0.0,0.0,10800.0,10800.0,0.0,0.0,0.0,13.172433333333288,0.0,0.0,0.0,0.0,10800.0,10785.363962962963,332.1305877333333,0.0,332.1305877333333
2025-06-21,107,2025-06-21T17:50:00,2025-06-21T17:40:00,600.7254833333333,218.40456666666668,2025-06-21T17:50:00,2025-06-21 00:00:00,2025-06-21 00:00:00,2025-06-21T17:50:00,2025-06-21T17:50:00,1.0742,580.3483166666666,208.39453333333333,580.3483166666666,208.39453333333333,0.0,0.0,,,0,0,False,371.95378333333326,0.0,0.0,10800.0,10800.0,0.0,0.0,0.0,10.3671333333333,0.0,0.0,0.0,0.0,10785.363962962963,10773.844925925927,399.55275405666663,0.0,399.55275405666663
2025-06-21,108,2025-06-21T18:00:00,2025-06-21T17:50:00,558.2516666666667,172.35,2025-06-21T18:00:00,2025-06-21 00:00:00,2025-06-21 00:00:00,2025-06-21T18:00:00,2025-06-21T18:00:00,1.2313,582.9016666666666,175.76250000000002,582.9016666666666,175.76250000000002,0.0,0.0,,,0,0,False,407.1391666666666,0.0,-0.0,10800.0,10800.0,0.0,0.0,21.237499999999955,0.0,0.0,0.0,0.0,0.0,10773.844925925927,10792.958675925927,501.3104559166666,0.0,501.3104559166666
2025-06-21,109,2025-06-21T18:10:00,2025-06-21T18:00:00,545.7471333333334,143.3881,2025-06-21T18:10:00,2025-06-21 00:00:00,2025-06-21 00:00:00,2025-06-21T18:10:00,2025-06-21T18:10:00,1.2561,595.5989666666667,142.4268,595.5989666666667,142.4268,0.0,0.0,,,0,0,False,0.0,0.0,453.1721666666667,10800.0,10296.47537037037,0.0,0.0,0.0,402.3590333333334,0.0,0.0,0.0,0.0,10792.958675925927,10345.893083333334,0.0,0.0,0.0
2025-06-21,110,2025-06-21T18:20:00,2025-06-21T18:10:00,549.5005333333334,112.87578333333333,2025-06-21T18:20:00,2025-06-21 00:00:00,2025-06-21 00:00:00,2025-06-21T18:20:00,2025-06-21T18:20:00,1.2447,602.28115,105.23093333333333,602.28115,105.23093333333333,0.0,0.0,,,0,0,False,497.0502166666667,0.0,0.0,10296.47537037037,10296.47537037037,0.0,0.0,60.42546666666669,0.0,0.0,0.0,0.0,0.0,10345.893083333334,10400.276003333334,618.678404685,0.0,618.678404685
2025-06-21,111,2025-06-21T18:30:00,2025-06-21T18:20:00,557.1316666666667,75.45,2025-06-21T18:30:00,2025-06-21 00:00:00,2025-06-21 00:00:00,2025-06-21T18:30:00,2025-06-21T18:30:00,1.2545,603.485,69.35000000000001,603.485,69.35000000000001,0.0,0.0,,,0,0,False,0.0,0.0,534.135,10296.47537037037,9702.992037037036,0.0,0.0,0.0,481.6816666666667,0.0,0.0,0.0,0.0,10400.276003333334,9865.074151481482,0.0,0.0,0.0
2025-06-21,112,2025-06-21T18:40:00,2025-06-21T18:30:00,576.1385666666666,46.0094,2025-06-21T18:40:00,2025-06-21 00:00:00,2025-06-21 00:00:00,2025-06-21T18:40:00,2025-06-21T18:40:00,1.2522,613.5661166666666,44.068266666666666,613.5661166666666,44.068266666666666,0.0,0.0,,,0,0,False,332.87693333333397,0.0,236.620916666666,9702.992037037036,9440.079907407408,0.0,0.0,0.0,197.2522333333327,0.0,0.0,0.0,0.0,9865.074151481482,9645.905003333335,416.82849592000076,0.0,416.82849592000076
2025-06-21,113,2025-06-21T18:50:00,2025-06-21T18:40:00,605.7608,20.306116666666664,2025-06-21T18:50:00,2025-06-21 00:00:00,2025-06-21 00:00:00,2025-06-21T18:50:00,2025-06-21T18:50:00,1.2881,613.6690666666667,20.46425,613.6690666666667,20.46425,0.0,0.0,,,0,0,False,0.0,0.0,593.2048166666667,9440.079907407408,8780.963444444444,0.0,0.0,0.0,585.4546833333334,0.0,0.0,0.0,0.0,9645.905003333335,8995.399799629631,0.0,0.0,0.0
2025-06-21,114,2025-06-21T19:00:00,2025-06-21T18:50:00,642.12,1.29375,2025-06-21T19:00:00,2025-06-21 00:00:00,2025-06-21 00:00:00,2025-06-21T19:00:00,2025-06-21T19:00:00,1.3466,611.975,1.1312499999999999,611.975,1.1312499999999999,0.0,0.0,,,0,0,False,0.0,0.0,610.84375,8780.963444444444,8102.248166666666,0.0,0.0,0.0,640.82625,0.0,0.0,0.0,0.0,8995.399799629631,8283.370632962964,0.0,0.0,0.0
2025-06-21,115,2025-06-21T19:10:00,2025-06-21T19:00:00,667.4907,0.0,2025-06-21T19:10:00,2025-06-21 00:00:00,2025-06-21 00:00:00,2025-06-21T19:10:00,2025-06-21T19:10:00,1.3523,634.4964,0.0,634.4964,0.0,0.0,0.0,,,0,0,False,0.0,0.0,634.4964,8102.248166666666,7397.252166666666,0.0,0.0,0.0,667.4907,0.0,0.0,0.0,0.0,8283.370632962964,7541.714299629631,0.0,0.0,0.0
2025-06-21,116,2025-06-21T19:20:00,2025-06-21T19:10:00,617.7905666666667,0.54365,2025-06-21T19:20:00,2025-06-21 00:00:00,2025-06-21 00:00:00,2025-06-21T19:20:00,2025-06-21T19:20:00,1.3445,638.46145,0.5902666666666666,638.46145,0.5902666666666666,0.0,0.0,,,0,0,False,0.0,0.0,637.8711833333333,7397.252166666666,6688.506407407407,0.0,0.0,0.0,617.2469166666667,0.0,0.0,0.0,0.0,7541.714299629631,6855.884392222223,0.0,0.0,0.0
2025-06-21,117,2025-06-21T19:30:00,2025-06-21T19:20:00,548.9133333333333,0.0,2025-06-21T19:30:00,2025-06-21 00:00:00,2025-06-21 00:00:00,2025-06-21T19:30:00,2025-06-21T19:30:00,1.3483,614.4133333333333,0.0,614.4133333333333,0.0,0.0,0.0,,,0,0,False,0.0,0.0,614.4133333333333,6688.506407407407,6005.8249259259255,0.0,0.0,0.0,548.9133333333333,0.0,0.0,0.0,0.0,6855.884392222223,6245.98068851852,0.0,0.0,0.0
2025-06-21,118,2025-06-21T19:40:00,2025-06-21T19:30:00,582.0875666666667,0.0,2025-06-21T19:40:00,2025-06-21 00:00:00,2025-06-21 00:00:00,2025-06-21T19:40:00,2025-06-21T19:40:00,1.349,594.9406833333334,0.0,594.9406833333334,0.0,0.0,0.0,,,0,0,False,0.0,0.0,594.9406833333334,6005.8249259259255,5344.779722222222,0.0,0.0,0.0,582.0875666666667,0.0,0.0,0.0,0.0,6245.98068851852,5599.216725555557,0.0,0.0,0.0
2025-06-21,119,2025-06-21T19:50:00,2025-06-21T19:40:00,581.7777833333333,0.03903333333333333,2025-06-21T19:50:00,2025-06-21 00:00:00,2025-06-21 00:00:00,2025-06-21T19:50:00,2025-06-21T19:50:00,1.3473,578.5213333333334,0.042383333333333335,578.5213333333334,0.042383333333333335,0.0,0.0,,,0,0,False,0.0,0.0,578.47895,5344.779722222222,4702.025333333333,0.0,0.0,0.0,581.73875,0.0,0.0,0.0,0.0,5599.216725555557,4952.840336666668,0.0,0.0,0.0
2025-06-21,120,2025-06-21T20:00:00,2025-06-21T19:50:00,531.6033333333334,0.0,2025-06-21T20:00:00,2025-06-21 00:00:00,2025-06-21 00:00:00,2025-06-21T20:00:00,2025-06-21T20:00:00,1.3482,584.49,0.0,584.49,0.0,0.0,0.0,,,0,0,False,0.0,0.0,584.49,4702.025333333333,4052.592,0.0,0.0,0.0,531.6033333333334,0.0,0.0,0.0,0.0,4952.840336666668,4362.169966296297,0.0,0.0,0.0
2025-06-21,121,2025-06-21T20:10:00,2025-06-21T20:00:00,558.0394333333334,0.0,2025-06-21T20:10:00,2025-06-21 00:00:00,2025-06-21 00:00:00,2025-06-21T20:10:00,2025-06-21T20:10:00,1.3513,634.9885833333334,0.0,634.9885833333334,0.0,0.0,0.0,,,0,0,False,0.0,0.0,634.9885833333334,4052.592,3347.0491296296295,0.0,0.0,0.0,558.0394333333334,0.0,0.0,0.0,0.0,4362.169966296297,3742.1261514814823,0.0,0.0,0.0
2025-06-21,122,2025-06-21T20:20:00,2025-06-21T20:10:00,620.8675333333333,0.0028,2025-06-21T20:20:00,2025-06-21 00:00:00,2025-06-21 00:00:00,2025-06-21T20:20:00,2025-06-21T20:20:00,1.34,648.4989666666667,0.00305,648.4989666666667,0.00305,0.0,0.0,,,0,0,False,0.0,0.0,648.4959166666666,3347.0491296296295,2626.498111111111,0.0,0.0,0.0,620.8647333333333,0.0,0.0,0.0,0.0,3742.1261514814823,3052.2764477777787,0.0,0.0,0.0
2025-06-21,123,2025-06-21T20:30:00,2025-06-21T20:20:00,660.0216666666666,0.0,2025-06-21T20:30:00,2025-06-21 00:00:00,2025-06-21 00:00:00,2025-06-21T20:30:00,2025-06-21T20:30:00,1.3489,628.4333333333333,0.0,628.4333333333333,0.0,0.0,0.0,,,0,0,False,0.0,0.0,628.4333333333333,2626.498111111111,1928.238851851852,0.0,0.0,0.0,660.0216666666666,0.0,0.0,0.0,0.0,3052.2764477777787,2318.9190403703715,0.0,0.0,0.0
2025-06-21,124,2025-06-21T20:40:00,2025-06-21T20:30:00,646.9707500000001,0.0,2025-06-21T20:40:00,2025-06-21 00:00:00,2025-06-21 00:00:00,2025-06-21T20:40:00,2025-06-21T20:40:00,1.3952,655.4149666666666,0.0,655.4149666666666,0.0,0.0,0.0,,,0,0,False,0.0,0.0,655.4149666666666,1928.238851851852,1200.0,0.0,0.0,0.0,646.9707500000001,0.0,0.0,0.0,0.0,2318.9190403703715,1600.0626514814826,0.0,0.0,0.0
2025-06-21,125,2025-06-21T20:50:00,2025-06-21T20:40:00,585.61215,0.00019999999999999998,2025-06-21T20:50:00,2025-06-21 00:00:00,2025-06-21 00:00:00,2025-06-21T20:50:00,2025-06-21T20:50:00,1.2226,676.3888333333333,0.00021666666666666666,676.3888333333333,0.00021666666666666666,0.0,0.0,,,0,0,False,676.3886166666666,0.0,-0.0,1200.0,1200.0,0.0,0.0,90.77666666666653,0.0,0.0,0.0,0.0,0.0,1600.0626514814826,1681.7616514814824,826.9527227366666,0.0,826.9527227366666
2025-06-21,126,2025-06-21T21:00:00,2025-06-21T20:50:00,526.72,0.0,2025-06-21T21:00:00,2025-06-21 00:00:00,2025-06-21 00:00:00,2025-06-21T21:00:00,2025-06-21T21:00:00,0.9332,653.1283333333333,0.0,653.1283333333333,0.0,0.0,0.0,,,0,0,False,653.1283333333333,0.0,0.0,1200.0,1200.0,0.0,0.0,126.4083333333333,0.0,0.0,0.0,0.0,0.0,1681.7616514814824,1795.5291514814824,609.4993606666667,0.0,609.4993606666667
2025-06-21,127,2025-06-21T21:10:00,2025-06-21T21:00:00,535.7850999999999,0.0,2025-06-21T21:10:00,2025-06-21 00:00:00,2025-06-21 00:00:00,2025-06-21T21:10:00,2025-06-21T21:10:00,0.9068,602.3349333333333,0.0,602.3349333333333,0.0,0.0,0.0,,,0,0,False,602.3349333333333,0.0,0.0,1200.0,1200.0,0.0,0.0,66.54983333333337,0.0,0.0,0.0,0.0,0.0,1795.5291514814824,1855.4240014814825,546.1973175466667,0.0,546.1973175466667
2025-06-21,128,2025-06-21T21:20:00,2025-06-21T21:10:00,581.51715,0.0,2025-06-21T21:20:00,2025-06-21 00:00:00,2025-06-21 00:00:00,2025-06-21T21:20:00,2025-06-21T21:20:00,0.9371,561.7986833333333,0.0,561.7986833333333,0.0,0.0,0.0,,,0,0,False,561.7986833333333,0.0,0.0,1200.0,1200.0,0.0,0.0,0.0,19.7184666666667,0.0,0.0,0.0,0.0,1855.4240014814825,1833.5145940740751,526.4615461516667,0.0,526.4615461516667
2025-06-21,129,2025-06-21T21:30:00,2025-06-21T21:20:00,618.915,0.0,2025-06-21T21:30:00,2025-06-21 00:00:00,2025-06-21 00:00:00,2025-06-21T21:30:00,2025-06-21T21:30:00,0.9371,557.0966666666667,0.0,557.0966666666667,0.0,0.0,0.0,,,0,0,False,557.0966666666667,0.0,0.0,1200.0,1200.0,0.0,0.0,0.0,61.81833333333327,0.0,0.0,0.0,0.0,1833.5145940740751,1764.827557037038,522.0552863333334,0.0,522.0552863333334
2025-06-21,130,2025-06-21T21:40:00,2025-06-21T21:30:00,619.2412833333334,0.0,2025-06-21T21:40:00,2025-06-21 00:00:00,2025-06-21 00:00:00,2025-06-21T21:40:00,2025-06-21T21:40:00,0.9871,582.3134166666667,0.0,582.3134166666667,0.0,0.0,0.0,,,0,0,False,582.3134166666667,0.0,-0.0,1200.0,1200.0,0.0,0.0,0.0,36.92786666666666,0.0,0.0,0.0,0.0,1764.827557037038,1723.796594074075,574.8015735916667,0.0,574.8015735916667
2025-06-21,131,2025-06-21T21:50:00,2025-06-21T21:40:00,576.7794666666667,0.0,2025-06-21T21:50:00,2025-06-21 00:00:00,2025-06-21 00:00:00,2025-06-21T21:50:00,2025-06-21T21:50:00,0.7764,576.7703,0.0,576.7703,0.0,0.0,0.0,,,0,0,False,576.7703,0.0,0.0,1200.0,1200.0,0.0,0.0,0.0,0.009166666666715173,0.0,0.0,0.0,0.0,1723.796594074075,1723.7864088888898,447.80446092,0.0,447.80446092
2025-06-21,132,2025-06-21T22:00:00,2025-06-21T21:50:00,528.28,0.0,2025-06-21T22:00:00,2025-06-21 00:00:00,2025-06-21 00:00:00,2025-06-21T22:00:00,2025-06-21T22:00:00,0.4209,544.5733333333334,0.0,544.5733333333334,0.0,0.0,0.0,,,0,0,False,544.5733333333334,0.0,0.0,1200.0,1200.0,0.0,0.0,16.293333333333408,0.0,0.0,0.0,0.0,0.0,1723.7864088888898,1738.4504088888898,229.21091600000003,0.0,229.21091600000003
2025-06-21,133,2025-06-21T22:10:00,2025-06-21T22:00:00,526.8737333333333,0.0,2025-06-21T22:10:00,2025-06-21 00:00:00,2025-06-21 00:00:00,2025-06-21T22:10:00,2025-06-21T22:10:00,0.3859,543.5498,0.0,543.5498,0.0,0.0,0.0,,,0,0,False,1376.8831333333333,833.3333333333333,0.0,1200.0,1950.0,0.0,1.0,833.3333333333334,0.0,0.0,16.676066666666543,16.676066666666543,0.0,1738.4504088888898,2488.45040888889,531.3392011533333,0.0,531.3392011533333
2025-06-21,134,2025-06-21T22:20:00,2025-06-21T22:10:00,544.7410833333333,0.0,2025-06-21T22:20:00,2025-06-21 00:00:00,2025-06-21 00:00:00,2025-06-21T22:20:00,2025-06-21T22:20:00,0.4368,536.3616499999999,0.0,536.3616499999999,0.0,0.0,0.0,,,0,0,False,536.3616499999999,0.0,0.0,1950.0,1950.0,0.0,0.0,0.0,8.379433333333395,0.0,0.0,0.0,0.0,2488.45040888889,2479.1399274074083,234.28276871999998,0.0,234.28276871999998
2025-06-21,135,2025-06-21T22:30:00,2025-06-21T22:20:00,552.865,0.0,2025-06-21T22:30:00,2025-06-21 00:00:00,2025-06-21 00:00:00,2025-06-21T22:30:00,2025-06-21T22:30:00,0.4198,531.6983333333334,0.0,531.6983333333334,0.0,0.0,0.0,,,0,0,False,531.6983333333334,0.0,0.0,1950.0,1950.0,0.0,0.0,0.0,21.16666666666663,0.0,0.0,0.0,0.0,2479.1399274074083,2455.62140888889,223.20696033333337,0.0,223.20696033333337
2025-06-21,136,2025-06-21T22:40:00,2025-06-21T22:30:00,546.83985,0.0,2025-06-21T22:40:00,2025-06-21 00:00:00,2025-06-21 00:00:00,2025-06-21T22:40:00,2025-06-21T22:40:00,0.4186,578.8273166666667,0.0,578.8273166666667,0.0,0.0,0.0,,,0,0,False,1232.867714588736,654.0403979220694,0.0,1950.0,2538.6363581298624,0.0,1.0000000000000002,686.027864588736,0.0,0.0,0.0,0.0,0.0,2455.62140888889,3073.0464870187525,516.0784253268449,0.0,516.0784253268449
2025-06-21,137,2025-06-21T22:50:00,2025-06-21T22:40:00,541.7929,0.0,2025-06-21T22:50:00,2025-06-21 00:00:00,2025-06-21 00:00:00,2025-06-21T22:50:00,2025-06-21T22:50:00,0.4241,608.9878166666666,0.0,608.9878166666666,0.0,0.0,0.0,,,0,0,False,608.9878166666666,0.0,0.0,2538.6363581298624,2538.6363581298624,0.0,0.0,67.19491666666659,0.0,0.0,0.0,0.0,0.0,3073.0464870187525,3133.5219120187526,258.2717330483333,0.0,258.2717330483333
2025-06-21,138,2025-06-21T23:00:00,2025-06-21T22:50:00,531.7316666666667,0.0,2025-06-21T23:00:00,2025-06-21 00:00:00,2025-06-21 00:00:00,2025-06-21T23:00:00,2025-06-21T23:00:00,0.4237,577.205,0.0,577.205,0.0,0.0,0.0,,,0,0,False,577.205,0.0,0.0,2538.6363581298624,2538.6363581298624,0.0,0.0,45.47333333333336,0.0,0.0,0.0,0.0,0.0,3133.5219120187526,3174.4479120187525,244.56175850000002,0.0,244.56175850000002
2025-06-21,139,2025-06-21T23:10:00,2025-06-21T23:00:00,499.8227166666666,0.0,2025-06-21T23:10:00,2025-06-21 00:00:00,2025-06-21 00:00:00,2025-06-21T23:10:00,2025-06-21T23:10:00,0.4248,508.0796666666667,0.0,508.0796666666667,0.0,0.0,0.0,,,0,0,False,508.0796666666667,0.0,0.0,2538.6363581298624,2538.6363581298624,0.0,0.0,8.256950000000074,0.0,0.0,0.0,0.0,0.0,3174.4479120187525,3181.8791670187525,215.8322424,0.0,215.8322424
2025-06-21,140,2025-06-21T23:20:00,2025-06-21T23:10:00,486.82905,0.0,2025-06-21T23:20:00,2025-06-21 00:00:00,2025-06-21 00:00:00,2025-06-21T23:20:00,2025-06-21T23:20:00,0.424,484.2649833333333,0.0,484.2649833333333,0.0,0.0,0.0,,,0,0,False,484.2649833333333,0.0,0.0,2538.6363581298624,2538.6363581298624,0.0,0.0,0.0,2.5640666666666903,0.0,0.0,0.0,0.0,3181.8791670187525,3179.0302040557895,205.32835293333332,0.0,205.32835293333332
2025-06-21,141,2025-06-21T23:30:00,2025-06-21T23:20:00,498.2166666666667,0.0,2025-06-21T23:30:00,2025-06-21 00:00:00,2025-06-21 00:00:00,2025-06-21T23:30:00,2025-06-21T23:30:00,0.422,511.99,0.0,511.99,0.0,0.0,0.0,,,0,0,False,511.99,0.0,0.0,2538.6363581298624,2538.6363581298624,0.0,0.0,13.773333333333312,0.0,0.0,0.0,0.0,0.0,3179.0302040557895,3191.4262040557896,216.05978,0.0,216.05978
2025-06-21,142,2025-06-21T23:40:00,2025-06-21T23:30:00,504.09516666666667,0.0,2025-06-21T23:40:00,2025-06-21 00:00:00,2025-06-21 00:00:00,2025-06-21T23:40:00,2025-06-21T23:40:00,0.424,532.2109166666667,0.0,532.2109166666667,0.0,0.0,0.0,,,0,0,False,532.2109166666667,0.0,0.0,2538.6363581298624,2538.6363581298624,0.0,0.0,28.11574999999999,0.0,0.0,0.0,0.0,0.0,3191.4262040557896,3216.73037905579,225.65742866666665,0.0,225.65742866666665
2025-06-21,143,2025-06-21T23:50:00,2025-06-21T23:40:00,532.2190166666667,0.0,2025-06-21T23:50:00,2025-06-21 00:00:00,2025-06-21 00:00:00,2025-06-21T23:50:00,2025-06-21T23:50:00,0.4271,582.9702166666667,0.0,582.9702166666667,0.0,0.0,0.0,,,0,0,False,582.9702166666667,0.0,0.0,2538.6363581298624,2538.6363581298624,0.0,0.0,50.75120000000004,0.0,0.0,0.0,0.0,0.0,3216.73037905579,3262.40645905579,248.98657953833333,0.0,248.98657953833333
2025-06-21,144,2025-06-22T00:00:00,2025-06-21T23:50:00,606.0233333333333,0.0,2025-06-22T00:00:00,2025-06-21 00:00:00,2025-06-21 00:00:00,2025-06-22T00:00:00,2025-06-22T00:00:00,0.4276,654.8966666666666,0.0,654.8966666666666,0.0,0.0,0.0,,,0,0,False,654.8966666666666,0.0,0.0,2538.6363581298624,2538.6363581298624,0.0,0.0,48.873333333333335,0.0,0.0,0.0,0.0,0.0,3262.40645905579,3306.39245905579,280.0338146666667,0.0,280.0338146666667
2025-09-23,1,2025-09-23T00:10:00,2025-09-23T00:00:00,570.1843333333334,0.0,2025-09-23T00:10:00,2025-09-23 00:00:00,2025-09-23 00:00:00,2025-09-23T00:10:00,2025-09-23T00:10:00,0.4248,656.1909666666667,0.0,656.1909666666667,0.0,0.0,0.0,,,0,0,False,656.1909666666667,0.0,0.0,9867.461517592597,9867.461517592597,0.0,0.0,86.0066333333333,0.0,0.0,0.0,0.0,0.0,9867.461517592597,9944.867487592597,278.74992264,0.0,278.74992264
2025-09-23,2,2025-09-23T00:20:00,2025-09-23T00:10:00,560.3181833333333,0.0,2025-09-23T00:20:00,2025-09-23 00:00:00,2025-09-23 00:00:00,2025-09-23T00:20:00,2025-09-23T00:20:00,0.4245,666.7336166666666,0.0,666.7336166666666,0.0,0.0,0.0,,,0,0,False,869.5541526748918,202.82053600822513,0.0,9867.461517592597,10050.0,0.0,1.0000000000000004,309.23596934155853,0.0,0.0,0.0,0.0,0.0,9944.867487592597,10223.17986,369.12573781049156,0.0,369.12573781049156
2025-09-23,3,2025-09-23T00:30:00,2025-09-23T00:20:00,564.7666666666667,0.0,2025-09-23T00:30:00,2025-09-23 00:00:00,2025-09-23 00:00:00,2025-09-23T00:30:00,2025-09-23T00:30:00,0.4269,625.2266666666667,0.0,625.2266666666667,0.0,0.0,0.0,,,0,0,False,625.2266666666667,0.0,0.0,10050.0,10050.0,0.0,0.0,60.460000000000036,0.0,0.0,0.0,0.0,0.0,10223.17986,10277.59386,266.909264,0.0,266.909264
2025-09-23,4,2025-09-23T00:40:00,2025-09-23T00:30:00,598.5089166666667,0.0,2025-09-23T00:40:00,2025-09-23 00:00:00,2025-09-23 00:00:00,2025-09-23T00:40:00,2025-09-23T00:40:00,0.4272,588.6305166666667,0.0,588.6305166666667,0.0,0.0,0.0,,,0,0,False,588.6305166666667,0.0,0.0,10050.0,10050.0,0.0,0.0,0.0,9.878399999999942,0.0,0.0,0.0,0.0,10277.59386,10266.61786,251.46295672000005,0.0,251.46295672000005
2025-09-23,5,2025-09-23T00:50:00,2025-09-23T00:40:00,606.51065,0.0,2025-09-23T00:50:00,2025-09-23 00:00:00,2025-09-23 00:00:00,2025-09-23T00:50:00,2025-09-23T00:50:00,0.4271,572.78095,0.0,572.78095,0.0,0.0,0.0,,,0,0,False,572.78095,0.0,0.0,10050.0,10050.0,0.0,0.0,0.0,33.72970000000009,0.0,0.0,0.0,0.0,10266.61786,10229.140415555556,244.63474374499998,0.0,244.63474374499998
2025-09-23,6,2025-09-23T01:00:00,2025-09-23T00:50:00,589.77,0.0,2025-09-23T01:00:00,2025-09-23 00:00:00,2025-09-23 00:00:00,2025-09-23T01:00:00,2025-09-23T01:00:00,0.4285,575.7566666666667,0.0,575.7566666666667,0.0,0.0,0.0,,,0,0,False,575.7566666666667,0.0,0.0,10050.0,10050.0,0.0,0.0,0.0,14.013333333333321,0.0,0.0,0.0,0.0,10229.140415555556,10213.570045185184,246.71173166666665,0.0,246.71173166666665
2025-09-23,7,2025-09-23T01:10:00,2025-09-23T01:00:00,597.35335,0.0,2025-09-23T01:10:00,2025-09-23 00:00:00,2025-09-23 00:00:00,2025-09-23T01:10:00,2025-09-23T01:10:00,0.4311,586.2062999999999,0.0,586.2062999999999,0.0,0.0,0.0,,,0,0,False,586.2062999999999,0.0,0.0,10050.0,10050.0,0.0,0.0,0.0,11.147050000000036,0.0,0.0,0.0,0.0,10213.570045185184,10201.184434074074,252.71353592999998,0.0,252.71353592999998
2025-09-23,8,2025-09-23T01:20:00,2025-09-23T01:10:00,579.9716666666667,0.0,2025-09-23T01:20:00,2025-09-23 00:00:00,2025-09-23 00:00:00,2025-09-23T01:20:00,2025-09-23T01:20:00,0.4302,582.92165,0.0,582.92165,0.0,0.0,0.0,,,0,0,False,582.92165,0.0,0.0,10050.0,10050.0,0.0,0.0,2.949983333333307,0.0,0.0,0.0,0.0,0.0,10201.184434074074,10203.839419074073,250.77289383000002,0.0,250.77289383000002
2025-09-23,9,2025-09-23T01:30:00,2025-09-23T01:20:00,552.68,0.0,2025-09-23T01:30:00,2025-09-23 00:00:00,2025-09-23 00:00:00,2025-09-23T01:30:00,2025-09-23T01:30:00,0.4279,570.4566666666666,0.0,570.4566666666666,0.0,0.0,0.0,,,0,0,False,570.4566666666666,0.0,0.0,10050.0,10050.0,0.0,0.0,17.776666666666642,0.0,0.0,0.0,0.0,0.0,10203.839419074073,10219.838419074073,244.09840766666665,0.0,244.09840766666665
2025-09-23,10,2025-09-23T01:40:00,2025-09-23T01:30:00,584.05335,0.0,2025-09-23T01:40:00,2025-09-23 00:00:00,2025-09-23 00:00:00,2025-09-23T01:40:00,2025-09-23T01:40:00,0.4312,576.1825666666667,0.0,576.1825666666667,0.0,0.0,0.0,,,0,0,False,576.1825666666667,0.0,0.0,10050.0,10050.0,0.0,0.0,0.0,7.870783333333293,0.0,0.0,0.0,0.0,10219.838419074073,10211.093104259258,248.44992274666672,0.0,248.44992274666672
2025-09-23,11,2025-09-23T01:50:00,2025-09-23T01:40:00,601.8616166666667,0.0,2025-09-23T01:50:00,2025-09-23 00:00:00,2025-09-23 00:00:00,2025-09-23T01:50:00,2025-09-23T01:50:00,0.4333,604.6679166666667,0.0,604.6679166666667,0.0,0.0,0.0,,,0,0,False,604.6679166666667,0.0,0.0,10050.0,10050.0,0.0,0.0,2.8062999999999647,0.0,0.0,0.0,0.0,0.0,10211.093104259258,10213.618774259257,262.00260829166666,0.0,262.00260829166666
2025-09-23,12,2025-09-23T02:00:00,2025-09-23T01:50:00,590.6066666666667,0.0,2025-09-23T02:00:00,2025-09-23 00:00:00,2025-09-23 00:00:00,2025-09-23T02:00:00,2025-09-23T02:00:00,0.4311,621.295,0.0,621.295,0.0,0.0,0.0,,,0,0,False,621.295,0.0,0.0,10050.0,10050.0,0.0,0.0,30.688333333333276,0.0,0.0,0.0,0.0,0.0,10213.618774259257,10241.238274259258,267.84027449999996,0.0,267.84027449999996
2025-09-23,13,2025-09-23T02:10:00,2025-09-23T02:00:00,604.56305,0.0,2025-09-23T02:10:00,2025-09-23 00:00:00,2025-09-23 00:00:00,2025-09-23T02:10:00,2025-09-23T02:10:00,0.4293,586.7885666666667,0.0,586.7885666666667,0.0,0.0,0.0,,,0,0,False,586.7885666666667,0.0,0.0,10050.0,10050.0,0.0,0.0,0.0,17.77448333333325,0.0,0.0,0.0,0.0,10241.238274259258,10221.488848333332,251.90833167000002,0.0,251.90833167000002
2025-09-23,14,2025-09-23T02:20:00,2025-09-23T02:10:00,607.7995500000001,0.0,2025-09-23T02:20:00,2025-09-23 00:00:00,2025-09-23 00:00:00,2025-09-23T02:20:00,2025-09-23T02:20:00,0.4324,572.6755833333333,0.0,572.6755833333333,0.0,0.0,0.0,,,0,0,False,572.6755833333333,0.0,0.0,10050.0,10050.0,0.0,0.0,0.0,35.123966666666774,0.0,0.0,0.0,0.0,10221.488848333332,10182.462218703702,247.6249222333333,0.0,247.6249222333333
2025-09-23,15,2025-09-23T02:30:00,2025-09-23T02:20:00,594.9866666666667,0.0,2025-09-23T02:30:00,2025-09-23 00:00:00,2025-09-23 00:00:00,2025-09-23T02:30:00,2025-09-23T02:30:00,0.4367,604.0916666666667,0.0,604.0916666666667,0.0,0.0,0.0,,,0,0,False,604.0916666666667,0.0,0.0,10050.0,10050.0,0.0,0.0,9.105000000000018,0.0,0.0,0.0,0.0,0.0,10182.462218703702,10190.656718703702,263.8068308333333,0.0,263.8068308333333
2025-09-23,16,2025-09-23T02:40:00,2025-09-23T02:30:00,598.5124,0.0,2025-09-23T02:40:00,2025-09-23 00:00:00,2025-09-23 00:00:00,2025-09-23T02:40:00,2025-09-23T02:40:00,0.4348,633.2806666666667,0.0,633.2806666666667,0.0,0.0,0.0,,,0,0,False,633.2806666666667,0.0,0.0,10050.0,10050.0,0.0,0.0,34.768266666666705,0.0,0.0,0.0,0.0,0.0,10190.656718703702,10221.948158703703,275.35043386666666,0.0,275.35043386666666
2025-09-23,17,2025-09-23T02:50:00,2025-09-23T02:40:00,587.2797666666667,0.0,2025-09-23T02:50:00,2025-09-23 00:00:00,2025-09-23 00:00:00,2025-09-23T02:50:00,2025-09-23T02:50:00,0.4335,621.6542166666667,0.0,621.6542166666667,0.0,0.0,0.0,,,0,0,False,621.6542166666667,0.0,0.0,10050.0,10050.0,0.0,0.0,34.374450000000024,0.0,0.0,0.0,0.0,0.0,10221.948158703703,10252.885163703702,269.487102925,0.0,269.487102925
2025-09-23,18,2025-09-23T03:00:00,2025-09-23T02:50:00,567.005,0.0,2025-09-23T03:00:00,2025-09-23 00:00:00,2025-09-23 00:00:00,2025-09-23T03:00:00,2025-09-23T03:00:00,0.4357,599.9,0.0,599.9,0.0,0.0,0.0,,,0,0,False,599.9,0.0,0.0,10050.0,10050.0,0.0,0.0,32.89499999999998,0.0,0.0,0.0,0.0,0.0,10252.885163703702,10282.490663703702,261.37642999999997,0.0,261.37642999999997
2025-09-23,19,2025-09-23T03:10:00,2025-09-23T03:00:00,578.4799333333334,0.0,2025-09-23T03:10:00,2025-09-23 00:00:00,2025-09-23 00:00:00,2025-09-23T03:10:00,2025-09-23T03:10:00,0.4374,627.80635,0.0,627.80635,0.0,0.0,0.0,,,0,0,False,627.80635,0.0,0.0,10050.0,10050.0,0.0,0.0,49.326416666666546,0.0,0.0,0.0,0.0,0.0,10282.490663703702,10326.884438703702,274.60249748999996,0.0,274.60249748999996
2025-09-23,20,2025-09-23T03:20:00,2025-09-23T03:10:00,591.0519666666667,0.0,2025-09-23T03:20:00,2025-09-23 00:00:00,2025-09-23 00:00:00,2025-09-23T03:20:00,2025-09-23T03:20:00,0.4371,622.0963,0.0,622.0963,0.0,0.0,0.0,,,0,0,False,622.0963,0.0,0.0,10050.0,10050.0,0.0,0.0,31.044333333333384,0.0,0.0,0.0,0.0,0.0,10326.884438703702,10354.824338703702,271.91829273,0.0,271.91829273
2025-09-23,21,2025-09-23T03:30:00,2025-09-23T03:20:00,586.85,0.0,2025-09-23T03:30:00,2025-09-23 00:00:00,2025-09-23 00:00:00,2025-09-23T03:30:00,2025-09-23T03:30:00,0.4356,581.1933333333333,0.0,581.1933333333333,0.0,0.0,0.0,,,0,0,False,581.1933333333333,0.0,0.0,10050.0,10050.0,0.0,0.0,0.0,5.6566666666667516,0.0,0.0,0.0,0.0,10354.824338703702,10348.539153518517,253.16781599999996,0.0,253.16781599999996
2025-09-23,22,2025-09-23T03:40:00,2025-09-23T03:30:00,582.1735833333333,0.0,2025-09-23T03:40:00,2025-09-23 00:00:00,2025-09-23 00:00:00,2025-09-23T03:40:00,2025-09-23T03:40:00,0.4353,590.3947,0.0,590.3947,0.0,0.0,0.0,,,0,0,False,590.3947,0.0,0.0,10050.0,10050.0,0.0,0.0,8.221116666666603,0.0,0.0,0.0,0.0,0.0,10348.539153518517,10355.938158518517,256.99881290999997,0.0,256.99881290999997
2025-09-23,23,2025-09-23T03:50:00,2025-09-23T03:40:00,602.7533333333333,0.0,2025-09-23T03:50:00,2025-09-23 00:00:00,2025-09-23 00:00:00,2025-09-23T03:50:00,2025-09-23T03:50:00,0.436,611.9051499999999,0.0,611.9051499999999,0.0,0.0,0.0,,,0,0,False,611.9051499999999,0.0,0.0,10050.0,10050.0,0.0,0.0,9.151816666666605,0.0,0.0,0.0,0.0,0.0,10355.938158518517,10364.174793518516,266.79064539999996,0.0,266.79064539999996
2025-09-23,24,2025-09-23T04:00:00,2025-09-23T03:50:00,623.1283333333333,0.0,2025-09-23T04:00:00,2025-09-23 00:00:00,2025-09-23 00:00:00,2025-09-23T04:00:00,2025-09-23T04:00:00,0.4378,625.6416666666667,0.0,625.6416666666667,0.0,0.0,0.0,,,0,0,False,625.6416666666667,0.0,0.0,10050.0,10050.0,0.0,0.0,2.513333333333321,0.0,0.0,0.0,0.0,0.0,10364.174793518516,10366.436793518516,273.9059216666667,0.0,273.9059216666667
2025-09-23,25,2025-09-23T04:10:00,2025-09-23T04:00:00,595.523,0.00031666666666666665,2025-09-23T04:10:00,2025-09-23 00:00:00,2025-09-23 00:00:00,2025-09-23T04:10:00,2025-09-23T04:10:00,0.4401,647.9303666666666,0.00035,647.9303666666666,0.00035,0.0,0.0,,,0,0,False,647.9300166666666,0.0,0.0,10050.0,10050.0,0.0,0.0,52.40733333333321,0.0,0.0,0.0,0.0,0.0,10366.436793518516,10413.603393518517,285.154000335,0.0,285.154000335
2025-09-23,26,2025-09-23T04:20:00,2025-09-23T04:10:00,591.4709333333334,0.0,2025-09-23T04:20:00,2025-09-23 00:00:00,2025-09-23 00:00:00,2025-09-23T04:20:00,2025-09-23T04:20:00,0.4389,644.1480166666666,0.0,644.1480166666666,0.0,0.0,0.0,,,0,0,False,644.1480166666666,0.0,0.0,10050.0,10050.0,0.0,0.0,52.67708333333326,0.0,0.0,0.0,0.0,0.0,10413.603393518517,10461.012768518516,282.716564515,0.0,282.716564515
2025-09-23,27,2025-09-23T04:30:00,2025-09-23T04:20:00,616.0716666666666,0.0,2025-09-23T04:30:00,2025-09-23 00:00:00,2025-09-23 00:00:00,2025-09-23T04:30:00,2025-09-23T04:30:00,0.4364,624.42,0.0,624.42,0.0,0.0,0.0,,,0,0,False,624.42,0.0,0.0,10050.0,10050.0,0.0,0.0,8.348333333333358,0.0,0.0,0.0,0.0,0.0,10461.012768518516,10468.526268518515,272.496888,0.0,272.496888
2025-09-23,28,2025-09-23T04:40:00,2025-09-23T04:30:00,604.9007666666666,0.0044666666666666665,2025-09-23T04:40:00,2025-09-23 00:00:00,2025-09-23 00:00:00,2025-09-23T04:40:00,2025-09-23T04:40:00,0.4393,633.3117833333333,0.004833333333333334,633.3117833333333,0.004833333333333334,0.0,0.0,,,0,0,False,633.30695,0.0,0.0,10050.0,10050.0,0.0,0.0,28.410650000000032,0.0,0.0,0.0,0.0,0.0,10468.526268518515,10494.095853518515,278.211743135,0.0,278.211743135
2025-09-23,29,2025-09-23T04:50:00,2025-09-23T04:40:00,600.4158166666667,0.0,2025-09-23T04:50:00,2025-09-23 00:00:00,2025-09-23 00:00:00,2025-09-23T04:50:00,2025-09-23T04:50:00,0.4422,623.90075,0.0,623.90075,0.0,0.0,0.0,,,0,0,False,623.90075,0.0,0.0,10050.0,10050.0,0.0,0.0,23.484933333333288,0.0,0.0,0.0,0.0,0.0,10494.095853518515,10515.232293518515,275.88891165,0.0,275.88891165
2025-09-23,30,2025-09-23T05:00:00,2025-09-23T04:50:00,618.1233333333333,0.0,2025-09-23T05:00:00,2025-09-23 00:00:00,2025-09-23 00:00:00,2025-09-23T05:00:00,2025-09-23T05:00:00,0.4395,591.3616666666667,0.0,591.3616666666667,0.0,0.0,0.0,,,0,0,False,591.3616666666667,0.0,0.0,10050.0,10050.0,0.0,0.0,0.0,26.761666666666656,0.0,0.0,0.0,0.0,10515.232293518515,10485.49710833333,259.9034525,0.0,259.9034525
2025-09-23,31,2025-09-23T05:10:00,2025-09-23T05:00:00,625.22745,0.062183333333333334,2025-09-23T05:10:00,2025-09-23 00:00:00,2025-09-23 00:00:00,2025-09-23T05:10:00,2025-09-23T05:10:00,0.4333,585.0822833333333,0.06733333333333334,585.0822833333333,0.06733333333333334,0.0,0.0,,,0,0,False,585.01495,0.0,0.0,10050.0,10050.0,0.0,0.0,0.0,40.15031666666664,0.0,0.0,0.0,0.0,10485.49710833333,10440.885645370367,253.486977835,0.0,253.486977835
2025-09-23,32,2025-09-23T05:20:00,2025-09-23T05:10:00,614.9081333333334,0.0,2025-09-23T05:20:00,2025-09-23 00:00:00,2025-09-23 00:00:00,2025-09-23T05:20:00,2025-09-23T05:20:00,0.4439,607.6239166666667,0.0,607.6239166666667,0.0,0.0,0.0,,,0,0,False,607.6239166666667,0.0,0.0,10050.0,10050.0,0.0,0.0,0.0,7.28421666666668,0.0,0.0,0.0,0.0,10440.885645370367,10432.792071296293,269.72425660833335,0.0,269.72425660833335
2025-09-23,33,2025-09-23T05:30:00,2025-09-23T05:20:00,592.9466666666666,0.0,2025-09-23T05:30:00,2025-09-23 00:00:00,2025-09-23 00:00:00,2025-09-23T05:30:00,2025-09-23T05:30:00,0.4301,620.6733333333333,0.0,620.6733333333333,0.0,0.0,0.0,,,0,0,False,620.6733333333333,0.0,0.0,10050.0,10050.0,0.0,0.0,27.726666666666688,0.0,0.0,0.0,0.0,0.0,10432.792071296293,10457.746071296293,266.95160066666665,0.0,266.95160066666665
2025-09-23,34,2025-09-23T05:40:00,2025-09-23T05:30:00,584.8440666666667,0.8660166666666668,2025-09-23T05:40:00,2025-09-23 00:00:00,2025-09-23 00:00:00,2025-09-23T05:40:00,2025-09-23T05:40:00,0.3713,597.04255,0.9379,597.04255,0.9379,0.0,0.0,,,0,0,False,1429.4379833333332,833.3333333333333,0.0,10050.0,10800.0,0.0,1.0,380.28214300411895,0.0,0.0,465.17779032921425,465.17779032921425,0.0,10457.746071296293,10800.0,530.7503232116667,0.0,530.7503232116667
2025-09-23,35,2025-09-23T05:50:00,2025-09-23T05:40:00,666.9134333333333,0.0,2025-09-23T05:50:00,2025-09-23 00:00:00,2025-09-23 00:00:00,2025-09-23T05:50:00,2025-09-23T05:50:00,0.5708,659.6616666666666,0.0,659.6616666666666,0.0,0.0,0.0,,,0,0,False,659.6616666666666,0.0,-0.0,10800.0,10800.0,0.0,0.0,0.0,7.25176666666664,0.0,0.0,0.0,0.0,10800.0,10791.942481481481,376.5348793333333,0.0,376.5348793333333
2025-09-23,36,2025-09-23T06:00:00,2025-09-23T05:50:00,790.6233333333333,0.0,2025-09-23T06:00:00,2025-09-23 00:00:00,2025-09-23 00:00:00,2025-09-23T06:00:00,2025-09-23T06:00:00,0.9099,783.415,0.0,783.415,0.0,0.0,0.0,,,0,0,False,0.0,0.0,783.415,10800.0,9929.538888888888,0.0,0.0,0.0,790.6233333333333,0.0,0.0,0.0,0.0,10791.942481481481,9913.47211111111,0.0,0.0,0.0
2025-09-23,37,2025-09-23T06:10:00,2025-09-23T06:00:00,818.5693,24.797216666666667,2025-09-23T06:10:00,2025-09-23 00:00:00,2025-09-23 00:00:00,2025-09-23T06:10:00,2025-09-23T06:10:00,0.9368,810.2949333333332,27.3002,810.2949333333332,27.3002,0.0,0.0,,,0,0,False,0.0,0.0,782.9947333333332,9929.538888888888,9059.544740740741,0.0,0.0,0.0,793.7720833333333,0.0,0.0,0.0,0.0,9913.47211111111,9031.50312962963,0.0,0.0,0.0
2025-09-23,38,2025-09-23T06:20:00,2025-09-23T06:10:00,805.3289166666667,62.66909999999999,2025-09-23T06:20:00,2025-09-23 00:00:00,2025-09-23 00:00:00,2025-09-23T06:20:00,2025-09-23T06:20:00,0.8758,792.0891166666667,71.17078333333333,792.0891166666667,71.17078333333333,0.0,0.0,,,0,0,False,0.0,0.0,720.9183333333333,9059.544740740741,8258.52437037037,0.0,0.0,0.0,742.6598166666668,0.0,0.0,0.0,0.0,9031.50312962963,8206.325555555555,0.0,0.0,0.0
2025-09-23,39,2025-09-23T06:30:00,2025-09-23T06:20:00,798.6999999999999,108.23125,2025-09-23T06:30:00,2025-09-23 00:00:00,2025-09-23 00:00:00,2025-09-23T06:30:00,2025-09-23T06:30:00,0.8759,785.2883333333333,122.24374999999999,785.2883333333333,122.24374999999999,0.0,0.0,,,0,0,False,0.0,0.0,663.0445833333333,8258.52437037037,7521.808166666668,0.0,0.0,0.0,690.4687499999999,0.0,0.0,0.0,0.0,8206.325555555555,7439.138055555555,0.0,0.0,0.0
2025-09-23,40,2025-09-23T06:40:00,2025-09-23T06:30:00,792.88475,162.30073333333334,2025-09-23T06:40:00,2025-09-23 00:00:00,2025-09-23 00:00:00,2025-09-23T06:40:00,2025-09-23T06:40:00,0.8601,791.64315,176.63585,791.64315,176.63585,0.0,0.0,,,0,0,False,0.0,0.0,615.0073,7521.808166666668,6838.466722222223,0.0,0.0,0.0,630.5840166666667,0.0,0.0,0.0,0.0,7439.138055555555,6738.489148148148,0.0,0.0,0.0
2025-09-23,41,2025-09-23T06:50:00,2025-09-23T06:40:00,792.5254333333334,207.64328333333333,2025-09-23T06:50:00,2025-09-23 00:00:00,2025-09-23 00:00:00,2025-09-23T06:50:00,2025-09-23T06:50:00,0.8442,793.81895,228.47826666666666,793.81895,228.47826666666666,0.0,0.0,,,0,0,False,0.0,0.0,565.3406833333333,6838.466722222223,6210.310407407408,0.0,0.0,0.0,584.88215,0.0,0.0,0.0,0.0,6738.489148148148,6088.620092592592,0.0,0.0,0.0
2025-09-23,42,2025-09-23T07:00:00,2025-09-23T06:50:00,798.1750000000001,251.9625,2025-09-23T07:00:00,2025-09-23 00:00:00,2025-09-23 00:00:00,2025-09-23T07:00:00,2025-09-23T07:00:00,0.8334,786.6700000000001,279.69374999999997,786.6700000000001,279.69374999999997,0.0,0.0,,,0,0,False,0.0,0.0,506.9762500000001,6210.310407407408,5647.003462962964,0.0,0.0,0.0,546.2125000000001,0.0,0.0,0.0,0.0,6088.620092592592,5481.717314814814,0.0,0.0,0.0
2025-09-23,43,2025-09-23T07:10:00,2025-09-23T07:00:00,802.7136666666667,317.99083333333334,2025-09-23T07:10:00,2025-09-23 00:00:00,2025-09-23 00:00:00,2025-09-23T07:10:00,2025-09-23T07:10:00,0.8092,783.764,337.6251833333333,783.764,337.6251833333333,0.0,0.0,,,0,0,False,0.0,0.0,446.1388166666667,5647.003462962964,5151.293666666667,0.0,0.0,0.0,484.7228333333333,0.0,0.0,0.0,0.0,5481.717314814814,4943.136388888888,0.0,0.0,0.0
2025-09-23,44,2025-09-23T07:20:00,2025-09-23T07:10:00,797.7029833333332,372.39463333333333,2025-09-23T07:20:00,2025-09-23 00:00:00,2025-09-23 00:00:00,2025-09-23T07:20:00,2025-09-23T07:20:00,0.7972,805.6249833333333,398.09590000000003,805.6249833333333,398.09590000000003,0.0,0.0,,,0,0,False,0.0,0.0,407.52908333333323,5151.293666666667,4698.483574074075,0.0,0.0,0.0,425.3083499999999,0.0,0.0,0.0,0.0,4943.136388888888,4470.571555555555,0.0,0.0,0.0
2025-09-23,45,2025-09-23T07:30:00,2025-09-23T07:20:00,776.7516666666667,415.43125000000003,2025-09-23T07:30:00,2025-09-23 00:00:00,2025-09-23 00:00:00,2025-09-23T07:30:00,2025-09-23T07:30:00,0.7644,823.2566666666667,458.93125000000003,823.2566666666667,458.93125000000003,0.0,0.0,,,0,0,False,0.0,0.0,364.3254166666666,4698.483574074075,4293.677555555556,0.0,0.0,0.0,361.32041666666663,0.0,0.0,0.0,0.0,4470.571555555555,4069.1044259259256,0.0,0.0,0.0
2025-09-23,46,2025-09-23T07:40:00,2025-09-23T07:30:00,767.8137,482.34543333333335,2025-09-23T07:40:00,2025-09-23 00:00:00,2025-09-23 00:00:00,2025-09-23T07:40:00,2025-09-23T07:40:00,0.6899,804.7937499999999,520.0986833333333,804.7937499999999,520.0986833333333,0.0,0.0,,,0,0,False,0.0,0.0,284.69506666666666,4293.677555555556,3977.349703703704,0.0,0.0,0.0,285.4682666666667,0.0,0.0,0.0,0.0,4069.1044259259256,3751.9174629629624,0.0,0.0,0.0
2025-09-23,47,2025-09-23T07:50:00,2025-09-23T07:40:00,914.9736166666667,557.2434,2025-09-23T07:50:00,2025-09-23 00:00:00,2025-09-23 00:00:00,2025-09-23T07:50:00,2025-09-23T07:50:00,0.86,901.0201000000001,571.0825166666667,901.0201000000001,571.0825166666667,0.0,0.0,,,0,0,False,0.0,0.0,329.93758333333335,3977.349703703704,3610.752388888889,0.0,0.0,0.0,357.7302166666667,0.0,0.0,0.0,0.0,3751.9174629629624,3354.439444444444,0.0,0.0,0.0
2025-09-23,48,2025-09-23T08:00:00,2025-09-23T07:50:00,1116.8433333333335,625.5187500000001,2025-09-23T08:00:00,2025-09-23 00:00:00,2025-09-23 00:00:00,2025-09-23T08:00:00,2025-09-23T08:00:00,1.1617,1077.0916666666667,617.8874999999999,1077.0916666666667,617.8874999999999,0.0,0.0,,,0,0,False,0.0,0.0,459.20416666666677,3610.752388888889,3100.525537037037,0.0,0.0,0.0,491.3245833333334,0.0,0.0,0.0,0.0,3354.439444444444,2808.52324074074,0.0,0.0,0.0
2025-09-23,49,2025-09-23T08:10:00,2025-09-23T08:00:00,1110.83115,686.60415,2025-09-23T08:10:00,2025-09-23 00:00:00,2025-09-23 00:00:00,2025-09-23T08:10:00,2025-09-23T08:10:00,1.1683,1129.8349833333334,680.3589333333333,1129.8349833333334,680.3589333333333,0.0,0.0,,,0,0,False,0.0,0.0,449.4760500000001,3100.525537037037,2601.1077037037035,0.0,0.0,0.0,424.227,0.0,0.0,0.0,0.0,2808.52324074074,2337.159907407407,0.0,0.0,0.0
2025-09-23,50,2025-09-23T08:20:00,2025-09-23T08:10:00,1078.2838,737.9841500000001,2025-09-23T08:20:00,2025-09-23 00:00:00,2025-09-23 00:00:00,2025-09-23T08:20:00,2025-09-23T08:20:00,1.0956,1108.2146500000001,756.4091166666667,1108.2146500000001,756.4091166666667,0.0,0.0,,,0,0,False,0.0,0.0,351.8055333333334,2601.1077037037035,2210.2126666666663,0.0,0.0,0.0,340.2996499999998,0.0,0.0,0.0,0.0,2337.159907407407,1959.049185185185,0.0,0.0,0.0
2025-09-23,51,2025-09-23T08:30:00,2025-09-23T08:20:00,1105.9950000000001,783.1062499999999,2025-09-23T08:30:00,2025-09-23 00:00:00,2025-09-23 00:00:00,2025-09-23T08:30:00,2025-09-23T08:30:00,1.0849,1082.415,826.6125000000001,1082.415,826.6125000000001,0.0,0.0,,,0,0,False,0.0,0.0,255.8024999999999,2210.2126666666663,1925.9876666666664,0.0,0.0,0.0,322.8887500000002,0.0,0.0,0.0,0.0,1959.049185185185,1600.283907407407,0.0,0.0,0.0
2025-09-23,52,2025-09-23T08:40:00,2025-09-23T08:30:00,1100.0135833333334,832.8488333333333,2025-09-23T08:40:00,2025-09-23 00:00:00,2025-09-23 00:00:00,2025-09-23T08:40:00,2025-09-23T08:40:00,1.061,1072.1440333333333,870.2382666666667,1072.1440333333333,870.2382666666667,0.0,0.0,,,0,0,False,0.0,0.0,201.90576666666652,1925.9876666666664,1701.6479259259258,0.0,0.0,0.0,267.16475,0.0,0.0,0.0,0.0,1600.283907407407,1303.4341851851848,0.0,0.0,0.0
2025-09-23,53,2025-09-23T08:50:00,2025-09-23T08:40:00,1077.0705500000001,900.0535666666666,2025-09-23T08:50:00,2025-09-23 00:00:00,2025-09-23 00:00:00,2025-09-23T08:50:00,2025-09-23T08:50:00,1.043,1073.0296833333334,907.2454166666666,1073.0296833333334,907.2454166666666,0.0,0.0,,,0,0,False,0.0,0.0,165.78426666666678,1701.6479259259258,1517.443185185185,0.0,0.0,0.0,93.09076666666631,83.92621666666723,0.0,0.0,0.0,1303.4341851851848,1200.0,0.0,437.6752199166696,437.6752199166696
2025-09-23,54,2025-09-23T09:00:00,2025-09-23T08:50:00,1071.2616666666665,967.975,2025-09-23T09:00:00,2025-09-23 00:00:00,2025-09-23 00:00:00,2025-09-23T09:00:00,2025-09-23T09:00:00,1.036,1083.6983333333333,952.7937499999999,1083.6983333333333,952.7937499999999,0.0,0.0,,,0,0,False,0.0,0.0,130.90458333333333,1517.443185185185,1371.993648148148,0.0,0.0,0.0,0.0,103.28666666666652,0.0,0.0,0.0,1200.0,1200.0,0.0,535.0249333333326,535.0249333333326
2025-09-23,55,2025-09-23T09:10:00,2025-09-23T09:00:00,1091.9557166666666,1003.4251833333333,2025-09-23T09:10:00,2025-09-23 00:00:00,2025-09-23 00:00:00,2025-09-23T09:10:00,2025-09-23T09:10:00,1.0147,1103.33735,1005.2687666666667,1103.33735,1005.2687666666667,0.0,0.0,,,0,0,False,0.0,0.0,98.06858333333332,1371.993648148148,1263.0285555555554,0.0,0.0,0.0,0.0,88.53053333333332,0.0,0.0,0.0,1200.0,1200.0,0.0,449.15966086666657,449.15966086666657
2025-09-23,56,2025-09-23T09:20:00,2025-09-23T09:10:00,1101.9716166666667,1026.5778833333334,2025-09-23T09:20:00,2025-09-23 00:00:00,2025-09-23 00:00:00,2025-09-23T09:20:00,2025-09-23T09:20:00,0.9922,1100.6318833333332,1056.6347,1100.6318833333332,1056.6347,0.0,0.0,,,0,0,False,0.0,0.0,43.99718333333317,1263.0285555555554,1214.1427962962964,0.0,0.0,0.0,0.0,75.39373333333333,0.0,0.0,0.0,1200.0,1200.0,0.0,374.0283110666667,374.0283110666667
2025-09-23,57,2025-09-23T09:30:00,2025-09-23T09:20:00,1097.4033333333334,1051.04375,2025-09-23T09:30:00,2025-09-23 00:00:00,2025-09-23 00:00:00,2025-09-23T09:30:00,2025-09-23T09:30:00,0.97,1067.8883333333333,1103.7437499999999,1067.8883333333333,1103.7437499999999,0.0,0.0,,,0,0,False,0.0,35.85541666666654,0.0,1214.1427962962964,1246.4126712962964,0.0,1.0,0.0,0.0,46.359583333333376,0.0,0.0,0.0,1200.0,1200.0,0.0,224.84397916666686,224.84397916666686
2025-09-23,58,2025-09-23T09:40:00,2025-09-23T09:30:00,1104.6482166666667,1070.56755,2025-09-23T09:40:00,2025-09-23 00:00:00,2025-09-23 00:00:00,2025-09-23T09:40:00,2025-09-23T09:40:00,0.9422,1033.42455,1149.5557666666666,1033.42455,1149.5557666666666,0.0,0.0,,,0,0,False,0.0,116.13121666666666,0.0,1246.4126712962964,1350.9307662962963,0.0,1.0,0.0,0.0,34.08066666666673,0.0,0.0,0.0,1200.0,1200.0,0.0,160.554020666667,160.554020666667
2025-09-23,59,2025-09-23T09:50:00,2025-09-23T09:40:00,1094.5292666666667,1080.5508333333335,2025-09-23T09:50:00,2025-09-23 00:00:00,2025-09-23 00:00:00,2025-09-23T09:50:00,2025-09-23T09:50:00,0.9569,1041.5923333333333,1195.55565,1041.5923333333333,1195.55565,0.0,0.0,,,0,0,False,0.0,153.96331666666674,0.0,1350.9307662962963,1489.4977512962964,0.0,1.0,0.0,0.0,13.978433333333214,0.0,0.0,0.0,1200.0,1200.0,0.0,66.87981428333276,66.87981428333276
2025-09-23,60,2025-09-23T10:00:00,2025-09-23T09:50:00,1075.9933333333333,1081.29375,2025-09-23T10:00:00,2025-09-23 00:00:00,2025-09-23 00:00:00,2025-09-23T10:00:00,2025-09-23T10:00:00,0.9977,1080.1366666666665,1229.23125,1080.1366666666665,1229.23125,0.0,0.0,,,0,0,False,0.0,149.0945833333335,0.0,1489.4977512962964,1623.6828762962966,0.0,1.0,5.300416666666706,0.0,0.0,0.0,0.0,0.0,1200.0,1204.770375,0.0,0.0,0.0
2025-09-23,61,2025-09-23T10:10:00,2025-09-23T10:00:00,1087.8485333333333,1084.4595666666667,2025-09-23T10:10:00,2025-09-23 00:00:00,2025-09-23 00:00:00,2025-09-23T10:10:00,2025-09-23T10:10:00,0.9919,1092.8445,1237.8587833333333,1092.8445,1237.8587833333333,0.0,0.0,,,0,0,False,0.0,145.01428333333342,0.0,1623.6828762962966,1754.1957312962968,0.0,1.0,0.0,3.388966666666647,0.0,0.0,0.0,0.0,1204.770375,1201.0048564814815,0.0,0.0,0.0
2025-09-23,62,2025-09-23T10:20:00,2025-09-23T10:10:00,1081.4083166666667,1127.3218833333333,2025-09-23T10:20:00,2025-09-23 00:00:00,2025-09-23 00:00:00,2025-09-23T10:20:00,2025-09-23T10:20:00,0.9588,1088.37695,1259.7680666666668,1088.37695,1259.7680666666668,0.0,0.0,,,0,0,False,0.0,171.39111666666668,0.0,1754.1957312962968,1908.4477362962969,0.0,1.0,45.91356666666661,0.0,0.0,0.0,0.0,0.0,1201.0048564814815,1242.3270664814816,0.0,0.0,0.0
2025-09-23,63,2025-09-23T10:30:00,2025-09-23T10:20:00,1056.0183333333332,1189.95,2025-09-23T10:30:00,2025-09-23 00:00:00,2025-09-23 00:00:00,2025-09-23T10:30:00,2025-09-23T10:30:00,0.9549,1083.6883333333333,1293.08125,1083.6883333333333,1293.08125,0.0,0.0,,,0,0,False,0.0,209.39291666666668,0.0,1908.4477362962969,2096.9013612962967,0.0,1.0,133.93166666666684,0.0,0.0,0.0,0.0,0.0,1242.3270664814816,1362.8655664814817,0.0,0.0,0.0
2025-09-23,64,2025-09-23T10:40:00,2025-09-23T10:30:00,1062.8238666666666,1209.6129166666667,2025-09-23T10:40:00,2025-09-23 00:00:00,2025-09-23 00:00:00,2025-09-23T10:40:00,2025-09-23T10:40:00,0.9839,1083.5624166666666,1300.55555,1083.5624166666666,1300.55555,0.0,0.0,,,0,0,False,0.0,216.9931333333334,0.0,2096.9013612962967,2292.1951812962966,0.0,1.0,146.7890500000001,0.0,0.0,0.0,0.0,0.0,1362.8655664814817,1494.9757114814818,0.0,0.0,0.0
2025-09-23,65,2025-09-23T10:50:00,2025-09-23T10:40:00,1078.9491166666667,1206.7621833333333,2025-09-23T10:50:00,2025-09-23 00:00:00,2025-09-23 00:00:00,2025-09-23T10:50:00,2025-09-23T10:50:00,0.799,1079.1169666666667,1314.0057833333333,1079.1169666666667,1314.0057833333333,0.0,0.0,,,0,0,False,0.0,234.88881666666657,0.0,2292.1951812962966,2503.5951162962965,0.0,1.0,127.8130666666666,0.0,0.0,0.0,0.0,0.0,1494.9757114814818,1610.0074714814816,0.0,0.0,0.0
2025-09-23,66,2025-09-23T11:00:00,2025-09-23T10:50:00,1078.4266666666667,1226.6125,2025-09-23T11:00:00,2025-09-23 00:00:00,2025-09-23 00:00:00,2025-09-23T11:00:00,2025-09-23T11:00:00,0.5025,1073.2749999999999,1338.4375,1073.2749999999999,1338.4375,0.0,0.0,,,0,0,False,0.0,265.16250000000014,0.0,2503.5951162962965,2742.2413662962967,0.0,1.0,148.18583333333322,0.0,0.0,0.0,0.0,0.0,1610.0074714814816,1743.3747214814816,0.0,0.0,0.0
2025-09-23,67,2025-09-23T11:10:00,2025-09-23T11:00:00,1059.5224333333333,1297.46415,2025-09-23T11:10:00,2025-09-23 00:00:00,2025-09-23 00:00:00,2025-09-23T11:10:00,2025-09-23T11:10:00,0.4662,1078.8649333333333,1344.4618166666667,1078.8649333333333,1344.4618166666667,0.0,0.0,,,0,0,False,567.7364499999999,833.3333333333333,0.0,2742.2413662962967,3492.2413662962967,0.0,1.0,805.6781666666666,0.0,0.0,0.0,0.0,0.0,1743.3747214814816,2468.4850714814816,264.67873298999996,0.0,264.67873298999996
2025-09-23,68,2025-09-23T11:20:00,2025-09-23T11:10:00,1051.7829166666668,1368.2814333333333,2025-09-23T11:20:00,2025-09-23 00:00:00,2025-09-23 00:00:00,2025-09-23T11:20:00,2025-09-23T11:20:00,0.5007,1087.894,1343.1615333333332,1087.894,1343.1615333333332,0.0,0.0,,,0,0,False,0.0,255.26753333333318,0.0,3492.2413662962967,3721.9821462962964,0.0,1.0,316.49851666666655,0.0,0.0,0.0,0.0,0.0,2468.4850714814816,2753.3337364814815,0.0,0.0,0.0
2025-09-23,69,2025-09-23T11:30:00,2025-09-23T11:20:00,1071.92,1399.95625,2025-09-23T11:30:00,2025-09-23 00:00:00,2025-09-23 00:00:00,2025-09-23T11:30:00,2025-09-23T11:30:00,0.4827,1088.5183333333332,1343.03125,1088.5183333333332,1343.03125,0.0,0.0,,,0,0,False,0.0,254.5129166666668,0.0,3721.9821462962964,3951.0437712962967,0.0,1.0,328.0362499999999,0.0,0.0,0.0,0.0,0.0,2753.3337364814815,3048.5663614814816,0.0,0.0,0.0
2025-09-23,70,2025-09-23T11:40:00,2025-09-23T11:30:00,1100.6726166666667,1396.6131666666668,2025-09-23T11:40:00,2025-09-23 00:00:00,2025-09-23 00:00:00,2025-09-23T11:40:00,2025-09-23T11:40:00,0.4785,1072.86995,1343.2326500000001,1072.86995,1343.2326500000001,0.0,0.0,,,0,0,False,109.26094855967062,379.62364855967076,0.0,3951.0437712962967,4292.705055,0.0,1.000000000000004,405.20149855967065,0.0,0.0,0.0,0.0,0.0,3048.5663614814816,3413.247710185185,52.28136388580239,0.0,52.28136388580239
2025-09-23,71,2025-09-23T11:50:00,2025-09-23T11:40:00,1061.9253666666666,1405.9018166666667,2025-09-23T11:50:00,2025-09-23 00:00:00,2025-09-23 00:00:00,2025-09-23T11:50:00,2025-09-23T11:50:00,0.4662,1043.0022166666665,1357.3681333333334,1043.0022166666665,1357.3681333333334,0.0,0.0,,,0,0,False,518.9674166666664,833.3333333333333,0.0,4292.705055,5042.705055,0.0,1.0,833.3333333333334,0.0,0.0,29.610533333333137,29.610533333333137,0.0,3413.247710185185,4163.2477101851855,241.94260964999987,0.0,241.94260964999987
2025-09-23,72,2025-09-23T12:00:00,2025-09-23T11:50:00,982.2816666666666,1435.59375,2025-09-23T12:00:00,2025-09-23 00:00:00,2025-09-23 00:00:00,2025-09-23T12:00:00,2025-09-23T12:00:00,0.4432,1005.695,1379.7124999999999,1005.695,1379.7124999999999,0.0,0.0,,,0,0,False,459.31583333333344,833.3333333333333,0.0,5042.705055,5792.705055,0.0,1.0,833.3333333333334,0.0,0.0,79.29458333333355,79.29458333333355,0.0,4163.2477101851855,4913.2477101851855,203.56877733333337,0.0,203.56877733333337
2025-09-23,73,2025-09-23T12:10:00,2025-09-23T12:00:00,969.2598833333333,1448.3985833333334,2025-09-23T12:10:00,2025-09-23 00:00:00,2025-09-23 00:00:00,2025-09-23T12:10:00,2025-09-23T12:10:00,0.4411,976.1704666666666,1386.9633833333335,976.1704666666666,1386.9633833333335,0.0,0.0,,,0,0,False,422.5404166666664,833.3333333333333,0.0,5792.705055,6542.705055,0.0,1.0,833.3333333333334,0.0,0.0,68.3457833333332,68.3457833333332,0.0,4913.2477101851855,5663.2477101851855,186.38257779166653,0.0,186.38257779166653
2025-09-23,74,2025-09-23T12:20:00,2025-09-23T12:10:00,988.3075333333333,1430.2115666666666,2025-09-23T12:20:00,2025-09-23 00:00:00,2025-09-23 00:00:00,2025-09-23T12:20:00,2025-09-23T12:20:00,0.4551,991.4196666666667,1377.9341333333332,991.4196666666667,1377.9341333333332,0.0,0.0,,,0,0,False,446.81886666666674,833.3333333333333,0.0,6542.705055,7292.705055,0.0,1.0,833.3333333333334,0.0,0.0,55.389566666666724,55.389566666666724,0.0,5663.2477101851855,6413.2477101851855,203.34726622000002,0.0,203.34726622000002
2025-09-23,75,2025-09-23T12:30:00,2025-09-23T12:20:00,993.0716666666667,1414.08125,2025-09-23T12:30:00,2025-09-23 00:00:00,2025-09-23 00:00:00,2025-09-23T12:30:00,2025-09-23T12:30:00,0.4463,1026.76,1359.3500000000001,1026.76,1359.3500000000001,0.0,0.0,,,0,0,False,500.7433333333331,833.3333333333333,0.0,7292.705055,8042.705055,0.0,1.0,833.3333333333334,0.0,0.0,88.41958333333298,88.41958333333298,0.0,6413.2477101851855,7163.2477101851855,223.48174966666656,0.0,223.48174966666656
2025-09-23,76,2025-09-23T12:40:00,2025-09-23T12:30:00,980.4257666666667,1440.8882833333334,2025-09-23T12:40:00,2025-09-23 00:00:00,2025-09-23 00:00:00,2025-09-23T12:40:00,2025-09-23T12:40:00,0.4113,1019.67155,1342.6365333333333,1019.67155,1342.6365333333333,0.0,0.0,,,0,0,False,510.36834999999996,833.3333333333333,0.0,8042.705055,8792.705055,0.0,1.0,833.3333333333334,0.0,0.0,137.4975333333333,137.4975333333333,0.0,7163.2477101851855,7913.2477101851855,209.914502355,0.0,209.914502355
2025-09-23,77,2025-09-23T12:50:00,2025-09-23T12:40:00,1015.2651999999999,1424.4440000000002,2025-09-23T12:50:00,2025-09-23 00:00:00,2025-09-23 00:00:00,2025-09-23T12:50:00,2025-09-23T12:50:00,0.5682,1021.65205,1347.5535499999999,1021.65205,1347.5535499999999,0.0,0.0,,,0,0,False,0.0,325.9014999999998,0.0,8792.705055,9086.016405,0.0,1.0,409.17880000000025,0.0,0.0,0.0,0.0,0.0,7913.2477101851855,8281.508630185186,0.0,0.0,0.0
2025-09-23,78,2025-09-23T13:00:00,2025-09-23T12:50:00,1068.0883333333334,1355.85625,2025-09-23T13:00:00,2025-09-23 00:00:00,2025-09-23 00:00:00,2025-09-23T13:00:00,2025-09-23T13:00:00,0.8279,1045.2616666666665,1351.5687500000001,1045.2616666666665,1351.5687500000001,0.0,0.0,,,0,0,False,0.0,306.3070833333336,0.0,9086.016405,9361.692780000001,0.0,1.0,287.7679166666667,0.0,0.0,0.0,0.0,0.0,8281.508630185186,8540.499755185187,0.0,0.0,0.0
2025-09-23,79,2025-09-23T13:10:00,2025-09-23T13:00:00,1042.2472166666666,1314.1581333333334,2025-09-23T13:10:00,2025-09-23 00:00:00,2025-09-23 00:00:00,2025-09-23T13:10:00,2025-09-23T13:10:00,0.8636,1044.5670833333334,1310.7722833333335,1044.5670833333334,1310.7722833333335,0.0,0.0,,,0,0,False,0.0,266.2052000000001,0.0,9361.692780000001,9601.277460000001,0.0,1.0,271.9109166666667,0.0,0.0,0.0,0.0,0.0,8540.499755185187,8785.219580185187,0.0,0.0,0.0
2025-09-23,80,2025-09-23T13:20:00,2025-09-23T13:10:00,1013.4041833333334,1292.3498,2025-09-23T13:20:00,2025-09-23 00:00:00,2025-09-23 00:00:00,2025-09-23T13:20:00,2025-09-23T13:20:00,0.8416,1014.0549500000001,1271.2477833333335,1014.0549500000001,1271.2477833333335,0.0,0.0,,,0,0,False,0.0,257.1928333333334,0.0,9601.277460000001,9832.751010000002,0.0,1.0,278.9456166666665,0.0,0.0,0.0,0.0,0.0,8785.219580185187,9036.270635185187,0.0,0.0,0.0
2025-09-23,81,2025-09-23T13:30:00,2025-09-23T13:20:00,1019.2716666666666,1267.8812500000001,2025-09-23T13:30:00,2025-09-23 00:00:00,2025-09-23 00:00:00,2025-09-23T13:30:00,2025-09-23T13:30:00,0.8618,997.2083333333334,1258.70625,997.2083333333334,1258.70625,0.0,0.0,,,0,0,False,0.0,261.4979166666666,0.0,9832.751010000002,10068.099135000002,0.0,1.0,248.6095833333335,0.0,0.0,0.0,0.0,0.0,9036.270635185187,9260.019260185187,0.0,0.0,0.0
2025-09-23,82,2025-09-23T13:40:00,2025-09-23T13:30:00,1026.9902333333332,1232.4264166666667,2025-09-23T13:40:00,2025-09-23 00:00:00,2025-09-23 00:00:00,2025-09-23T13:40:00,2025-09-23T13:40:00,0.8623,1041.6591166666667,1251.9584499999999,1041.6591166666667,1251.9584499999999,0.0,0.0,,,0,0,False,0.0,210.29933333333315,0.0,10068.099135000002,10257.368535000001,0.0,1.0,205.43618333333347,0.0,0.0,0.0,0.0,0.0,9260.019260185187,9444.911825185187,0.0,0.0,0.0
2025-09-23,83,2025-09-23T13:50:00,2025-09-23T13:40:00,1048.6416333333334,1204.69615,2025-09-23T13:50:00,2025-09-23 00:00:00,2025-09-23 00:00:00,2025-09-23T13:50:00,2025-09-23T13:50:00,0.9026,1062.9396333333334,1217.8381833333333,1062.9396333333334,1217.8381833333333,0.0,0.0,,,0,0,False,0.0,154.8985499999999,0.0,10257.368535000001,10396.777230000002,0.0,1.0,156.0545166666666,0.0,0.0,0.0,0.0,0.0,9444.911825185187,9585.360890185188,0.0,0.0,0.0
2025-09-23,84,2025-09-23T14:00:00,2025-09-23T13:50:00,1068.2549999999999,1182.4937499999999,2025-09-23T14:00:00,2025-09-23 00:00:00,2025-09-23 00:00:00,2025-09-23T14:00:00,2025-09-23T14:00:00,0.9754,1031.2749999999999,1170.48125,1031.2749999999999,1170.48125,0.0,0.0,,,0,0,False,0.0,139.20625000000018,0.0,10396.777230000002,10522.062855000002,0.0,1.0,114.23874999999998,0.0,0.0,0.0,0.0,0.0,9585.360890185188,9688.175765185188,0.0,0.0,0.0
2025-09-23,85,2025-09-23T14:10:00,2025-09-23T14:00:00,1049.77675,1139.6694666666667,2025-09-23T14:10:00,2025-09-23 00:00:00,2025-09-23 00:00:00,2025-09-23T14:10:00,2025-09-23T14:10:00,1.0002,1000.7743333333333,1152.7260833333332,1000.7743333333333,1152.7260833333332,0.0,0.0,,,0,0,False,0.0,151.95174999999995,0.0,10522.062855000002,10658.819430000001,0.0,1.0,89.89271666666673,0.0,0.0,0.0,0.0,0.0,9688.175765185188,9769.079210185188,0.0,0.0,0.0
2025-09-23,86,2025-09-23T14:20:00,2025-09-23T14:10:00,1035.4709833333334,1065.57745,2025-09-23T14:20:00,2025-09-23 00:00:00,2025-09-23 00:00:00,2025-09-23T14:20:00,2025-09-23T14:20:00,0.9978,1006.6453166666666,1125.01845,1006.6453166666666,1125.01845,0.0,0.0,,,0,0,False,0.0,118.37313333333339,0.0,10658.819430000001,10765.35525,0.0,1.0,30.10646666666662,0.0,0.0,0.0,0.0,0.0,9769.079210185188,9796.175030185188,0.0,0.0,0.0
2025-09-23,87,2025-09-23T14:30:00,2025-09-23T14:20:00,1039.4333333333334,975.6750000000001,2025-09-23T14:30:00,2025-09-23 00:00:00,2025-09-23 00:00:00,2025-09-23T14:30:00,2025-09-23T14:30:00,1.0271,1035.3933333333332,1073.8875,1035.3933333333332,1073.8875,0.0,0.0,,,0,0,False,0.0,38.49416666666684,0.0,10765.35525,10800.0,0.0,1.0,0.0,63.758333333333326,0.0,0.0,0.0,0.0,9796.175030185188,9725.332437592595,0.0,0.0,0.0
2025-09-23,88,2025-09-23T14:40:00,2025-09-23T14:30:00,1036.1879000000001,898.9024333333333,2025-09-23T14:40:00,2025-09-23 00:00:00,2025-09-23 00:00:00,2025-09-23T14:40:00,2025-09-23T14:40:00,1.0906,1043.5381,1025.6763666666668,1043.5381,1025.6763666666668,0.0,0.0,,,0,0,False,0.0,0.0,17.861733333333177,10800.0,10780.153629629629,0.0,0.0,0.0,137.28546666666682,0.0,0.0,0.0,0.0,9725.332437592595,9572.793030185187,0.0,0.0,0.0
2025-09-23,89,2025-09-23T14:50:00,2025-09-23T14:40:00,1034.3812666666665,831.80015,2025-09-23T14:50:00,2025-09-23 00:00:00,2025-09-23 00:00:00,2025-09-23T14:50:00,2025-09-23T14:50:00,0.9376,1039.1322499999999,977.4658666666666,1039.1322499999999,977.4658666666666,0.0,0.0,,,0,0,False,0.0,0.0,61.66638333333333,10780.153629629629,10711.635425925926,0.0,0.0,0.0,202.5811166666665,0.0,0.0,0.0,0.0,9572.793030185187,9347.702900555558,0.0,0.0,0.0
2025-09-23,90,2025-09-23T15:00:00,2025-09-23T14:50:00,1043.78,793.6062499999999,2025-09-23T15:00:00,2025-09-23 00:00:00,2025-09-23 00:00:00,2025-09-23T15:00:00,2025-09-23T15:00:00,0.6694,1030.8866666666665,927.55625,1030.8866666666665,927.55625,0.0,0.0,,,0,0,False,103.33041666666657,0.0,0.0,10711.635425925926,10711.635425925926,0.0,0.0,0.0,146.84333333333348,0.0,0.0,0.0,0.0,9347.702900555558,9184.543641296299,69.1693809166666,0.0,69.1693809166666
2025-09-23,91,2025-09-23T15:10:00,2025-09-23T15:00:00,1062.8975166666667,807.0136666666667,2025-09-23T15:10:00,2025-09-23 00:00:00,2025-09-23 00:00:00,2025-09-23T15:10:00,2025-09-23T15:10:00,0.66,1024.69835,879.4463166666666,1024.69835,879.4463166666666,0.0,0.0,,,0,0,False,243.43489341563773,98.18286008230442,0.0,10711.635425925926,10800.0,0.0,1.0,0.0,12.448956584362122,0.0,0.0,0.0,0.0,9184.543641296299,9170.711467313675,160.6670296543209,0.0,160.6670296543209
2025-09-23,92,2025-09-23T15:20:00,2025-09-23T15:10:00,1076.8336166666666,789.0494166666667,2025-09-23T15:20:00,2025-09-23 00:00:00,2025-09-23 00:00:00,2025-09-23T15:20:00,2025-09-23T15:20:00,0.7217,1062.3220666666666,821.8542000000001,1062.3220666666666,821.8542000000001,0.0,0.0,,,0,0,False,240.4678666666665,0.0,0.0,10800.0,10800.0,0.0,0.0,0.0,47.31633333333343,0.0,0.0,0.0,0.0,9170.711467313675,9118.137763609971,173.54565937333322,0.0,173.54565937333322
2025-09-23,93,2025-09-23T15:30:00,2025-09-23T15:20:00,1063.7416666666666,736.2062500000001,2025-09-23T15:30:00,2025-09-23 00:00:00,2025-09-23 00:00:00,2025-09-23T15:30:00,2025-09-23T15:30:00,0.7308,1110.9633333333334,754.2875,1110.9633333333334,754.2875,0.0,0.0,,,0,0,False,356.67583333333334,0.0,0.0,10800.0,10800.0,0.0,0.0,29.14041666666685,0.0,0.0,0.0,0.0,0.0,9118.137763609971,9144.364138609972,260.658699,0.0,260.658699
2025-09-23,94,2025-09-23T15:40:00,2025-09-23T15:30:00,1020.0329333333334,717.7256666666667,2025-09-23T15:40:00,2025-09-23 00:00:00,2025-09-23 00:00:00,2025-09-23T15:40:00,2025-09-23T15:40:00,0.7534,1087.0565166666668,687.7188166666666,1087.0565166666668,687.7188166666666,0.0,0.0,,,0,0,False,399.33770000000015,0.0,0.0,10800.0,10800.0,0.0,0.0,97.03043333333335,0.0,0.0,0.0,0.0,0.0,9144.364138609972,9231.691528609972,300.8610231800001,0.0,300.8610231800001
2025-09-23,95,2025-09-23T15:50:00,2025-09-23T15:40:00,1025.6049500000001,672.6557666666666,2025-09-23T15:50:00,2025-09-23 00:00:00,2025-09-23 00:00:00,2025-09-23T15:50:00,2025-09-23T15:50:00,0.7823,1037.8845833333332,621.2781666666666,1037.8845833333332,621.2781666666666,0.0,0.0,,,0,0,False,416.60641666666663,0.0,0.0,10800.0,10800.0,0.0,0.0,63.657233333333124,0.0,0.0,0.0,0.0,0.0,9231.691528609972,9288.983038609971,325.9111997583333,0.0,325.9111997583333
2025-09-23,96,2025-09-23T16:00:00,2025-09-23T15:50:00,1084.195,590.6125000000001,2025-09-23T16:00:00,2025-09-23 00:00:00,2025-09-23 00:00:00,2025-09-23T16:00:00,2025-09-23T16:00:00,0.8055,1028.8983333333333,565.3937500000001,1028.8983333333333,565.3937500000001,0.0,0.0,,,0,0,False,463.50458333333324,0.0,0.0,10800.0,10800.0,0.0,0.0,0.0,30.077916666666624,0.0,0.0,0.0,0.0,9288.983038609971,9255.563131202563,373.35294187499994,0.0,373.35294187499994
2025-09-23,97,2025-09-23T16:10:00,2025-09-23T16:00:00,1117.4952,528.06255,2025-09-23T16:10:00,2025-09-23 00:00:00,2025-09-23 00:00:00,2025-09-23T16:10:00,2025-09-23T16:10:00,0.8271,1079.5205166666667,531.4596166666666,1079.5205166666667,531.4596166666666,0.0,0.0,,,0,0,False,548.0609000000001,0.0,0.0,10800.0,10800.0,0.0,0.0,0.0,41.37175000000002,0.0,0.0,0.0,0.0,9255.563131202563,9209.594520091452,453.30117039000004,0.0,453.30117039000004
2025-09-23,98,2025-09-23T16:20:00,2025-09-23T16:10:00,1108.5640166666667,472.75036666666665,2025-09-23T16:20:00,2025-09-23 00:00:00,2025-09-23 00:00:00,2025-09-23T16:20:00,2025-09-23T16:20:00,0.8519,1092.01325,479.4681,1092.01325,479.4681,0.0,0.0,,,0,0,False,612.5451499999999,0.0,-0.0,10800.0,10800.0,0.0,0.0,0.0,23.26850000000013,0.0,0.0,0.0,0.0,9209.594520091452,9183.740631202563,521.827213285,0.0,521.827213285
2025-09-23,99,2025-09-23T16:30:00,2025-09-23T16:20:00,1085.4916666666666,417.25624999999997,2025-09-23T16:30:00,2025-09-23 00:00:00,2025-09-23 00:00:00,2025-09-23T16:30:00,2025-09-23T16:30:00,0.8791,1055.49,411.25624999999997,1055.49,411.25624999999997,0.0,0.0,,,0,0,False,644.2337500000001,0.0,0.0,10800.0,10800.0,0.0,0.0,0.0,24.00166666666655,0.0,0.0,0.0,0.0,9183.740631202563,9157.072112684045,566.345889625,0.0,566.345889625
2025-09-23,100,2025-09-23T16:40:00,2025-09-23T16:30:00,1086.1258833333334,369.77835,2025-09-23T16:40:00,2025-09-23 00:00:00,2025-09-23 00:00:00,2025-09-23T16:40:00,2025-09-23T16:40:00,0.9024,1053.40615,366.6779833333333,1053.40615,366.6779833333333,0.0,0.0,,,0,0,False,686.7281666666668,0.0,-0.0,10800.0,10800.0,0.0,0.0,0.0,29.619366666666565,0.0,0.0,0.0,0.0,9157.072112684045,9124.161705276638,619.7034976000001,0.0,619.7034976000001
2025-09-23,101,2025-09-23T16:50:00,2025-09-23T16:40:00,1075.4214333333332,310.59875,2025-09-23T16:50:00,2025-09-23 00:00:00,2025-09-23 00:00:00,2025-09-23T16:50:00,2025-09-23T16:50:00,0.9163,1082.0534666666667,319.67643333333336,1082.0534666666667,319.67643333333336,0.0,0.0,,,0,0,False,762.3770333333334,0.0,-0.0,10800.0,10800.0,0.0,0.0,0.0,2.445649999999887,0.0,0.0,0.0,0.0,9124.161705276638,9121.44431638775,698.5660756433334,0.0,698.5660756433334
2025-09-23,102,2025-09-23T17:00:00,2025-09-23T16:50:00,1058.285,244.23125000000002,2025-09-23T17:00:00,2025-09-23 00:00:00,2025-09-23 00:00:00,2025-09-23T17:00:00,2025-09-23T17:00:00,0.9264,1099.9783333333332,259.77500000000003,1099.9783333333332,259.77500000000003,0.0,0.0,,,0,0,False,840.2033333333331,-0.0,0.0,10800.0,10800.0,0.0,0.0,26.149583333333112,0.0,0.0,0.0,0.0,0.0,9121.44431638775,9144.97894138775,778.3643679999998,0.0,778.3643679999998
2025-09-23,103,2025-09-23T17:10:00,2025-09-23T17:00:00,1073.5455166666668,196.45853333333332,2025-09-23T17:10:00,2025-09-23 00:00:00,2025-09-23 00:00:00,2025-09-23T17:10:00,2025-09-23T17:10:00,0.9462,1074.0366833333333,205.10831666666664,1074.0366833333333,205.10831666666664,0.0,0.0,,,0,0,False,868.9283666666666,0.0,0.0,10800.0,10800.0,0.0,0.0,0.0,8.15861666666683,0.0,0.0,0.0,0.0,9144.97894138775,9135.91381175812,822.18002054,0.0,822.18002054
2025-09-23,104,2025-09-23T17:20:00,2025-09-23T17:10:00,1066.3225166666666,152.9859,2025-09-23T17:20:00,2025-09-23 00:00:00,2025-09-23 00:00:00,2025-09-23T17:20:00,2025-09-23T17:20:00,0.9742,1060.8777166666666,157.58073333333334,1060.8777166666666,157.58073333333334,0.0,0.0,,,0,0,False,903.2969833333333,0.0,0.0,10800.0,10800.0,0.0,0.0,0.0,10.039633333333313,0.0,0.0,0.0,0.0,9135.91381175812,9124.758663609973,879.9919211633332,0.0,879.9919211633332
2025-09-23,105,2025-09-23T17:30:00,2025-09-23T17:20:00,1061.415,105.03125,2025-09-23T17:30:00,2025-09-23 00:00:00,2025-09-23 00:00:00,2025-09-23T17:30:00,2025-09-23T17:30:00,0.9862,1090.5133333333333,113.94375000000001,1090.5133333333333,113.94375000000001,0.0,0.0,,,0,0,False,976.5695833333333,0.0,0.0,10800.0,10800.0,0.0,0.0,20.18583333333345,0.0,0.0,0.0,0.0,0.0,9124.758663609973,9142.925913609974,963.0929230833333,0.0,963.0929230833333
2025-09-23,106,2025-09-23T17:40:00,2025-09-23T17:30:00,1111.2723333333333,59.40966666666667,2025-09-23T17:40:00,2025-09-23 00:00:00,2025-09-23 00:00:00,2025-09-23T17:40:00,2025-09-23T17:40:00,0.976,1117.1051666666667,70.98926666666667,1117.1051666666667,70.98926666666667,0.0,0.0,,,0,0,False,1046.1159,0.0,0.0,10800.0,10800.0,0.0,0.0,0.0,5.746766666666645,0.0,0.0,0.0,0.0,9142.925913609974,9136.540617313678,1021.0091184,0.0,1021.0091184
2025-09-23,107,2025-09-23T17:50:00,2025-09-23T17:40:00,981.0726333333333,21.90731666666667,2025-09-23T17:50:00,2025-09-23 00:00:00,2025-09-23 00:00:00,2025-09-23T17:50:00,2025-09-23T17:50:00,1.0742,998.7632333333332,29.07935,998.7632333333332,29.07935,0.0,0.0,,,0,0,False,969.6838833333333,0.0,0.0,10800.0,10800.0,0.0,0.0,10.51856666666663,0.0,0.0,0.0,0.0,0.0,9136.540617313678,9146.007327313679,1041.6344274766666,0.0,1041.6344274766666
2025-09-23,108,2025-09-23T18:00:00,2025-09-23T17:50:00,752.645,0.0,2025-09-23T18:00:00,2025-09-23 00:00:00,2025-09-23 00:00:00,2025-09-23T18:00:00,2025-09-23T18:00:00,1.2313,805.8466666666667,0.0,805.8466666666667,0.0,0.0,0.0,,,0,0,False,805.8466666666667,0.0,-0.0,10800.0,10800.0,0.0,0.0,53.20166666666671,0.0,0.0,0.0,0.0,0.0,9146.007327313679,9193.888827313678,992.2390006666667,0.0,992.2390006666667
2025-09-23,109,2025-09-23T18:10:00,2025-09-23T18:00:00,764.32985,0.0,2025-09-23T18:10:00,2025-09-23 00:00:00,2025-09-23 00:00:00,2025-09-23T18:10:00,2025-09-23T18:10:00,1.2561,764.1748666666667,0.0,764.1748666666667,0.0,0.0,0.0,,,0,0,False,764.1748666666667,0.0,-0.0,10800.0,10800.0,0.0,0.0,0.0,0.15498333333323444,0.0,0.0,0.0,0.0,9193.888827313678,9193.716623609975,959.8800500200001,0.0,959.8800500200001
2025-09-23,110,2025-09-23T18:20:00,2025-09-23T18:10:00,830.9645,0.7372333333333333,2025-09-23T18:20:00,2025-09-23 00:00:00,2025-09-23 00:00:00,2025-09-23T18:20:00,2025-09-23T18:20:00,1.2447,783.3493333333332,1.0308,783.3493333333332,1.0308,0.0,0.0,,,0,0,False,782.3185333333332,0.0,0.0,10800.0,10800.0,0.0,0.0,0.0,47.908733333333544,0.0,0.0,0.0,0.0,9193.716623609975,9140.484697684049,973.7518784399998,0.0,973.7518784399998
2025-09-23,111,2025-09-23T18:30:00,2025-09-23T18:20:00,834.4166666666666,0.0,2025-09-23T18:30:00,2025-09-23 00:00:00,2025-09-23 00:00:00,2025-09-23T18:30:00,2025-09-23T18:30:00,1.2545,801.09,0.0,801.09,0.0,0.0,0.0,,,0,0,False,801.09,0.0,0.0,10800.0,10800.0,0.0,0.0,0.0,33.3266666666666,0.0,0.0,0.0,0.0,9140.484697684049,9103.45506805442,1004.967405,0.0,1004.967405
2025-09-23,112,2025-09-23T18:40:00,2025-09-23T18:30:00,836.15965,0.0,2025-09-23T18:40:00,2025-09-23 00:00:00,2025-09-23 00:00:00,2025-09-23T18:40:00,2025-09-23T18:40:00,1.2522,838.19785,0.0,838.19785,0.0,0.0,0.0,,,0,0,False,838.19785,0.0,0.0,10800.0,10800.0,0.0,0.0,2.0381999999999607,0.0,0.0,0.0,0.0,0.0,9103.45506805442,9105.28944805442,1049.59134777,0.0,1049.59134777
2025-09-23,113,2025-09-23T18:50:00,2025-09-23T18:40:00,810.4176333333334,0.05293333333333333,2025-09-23T18:50:00,2025-09-23 00:00:00,2025-09-23 00:00:00,2025-09-23T18:50:00,2025-09-23T18:50:00,1.2881,814.9752333333332,0.074,814.9752333333332,0.074,0.0,0.0,,,0,0,False,814.9012333333333,0.0,-0.0,10800.0,10800.0,0.0,0.0,4.536533333333296,0.0,0.0,0.0,0.0,0.0,9105.28944805442,9109.37232805442,1049.6742786566665,0.0,1049.6742786566665
2025-09-23,114,2025-09-23T19:00:00,2025-09-23T18:50:00,777.4266666666667,0.0,2025-09-23T19:00:00,2025-09-23 00:00:00,2025-09-23 00:00:00,2025-09-23T19:00:00,2025-09-23T19:00:00,1.3466,767.1333333333333,0.0,767.1333333333333,0.0,0.0,0.0,,,0,0,False,0.0,0.0,767.1333333333333,10800.0,9947.62962962963,0.0,0.0,0.0,777.4266666666667,0.0,0.0,0.0,0.0,9109.37232805442,8245.564920647012,0.0,0.0,0.0
2025-09-23,115,2025-09-23T19:10:00,2025-09-23T19:00:00,799.0988833333334,0.0,2025-09-23T19:10:00,2025-09-23 00:00:00,2025-09-23 00:00:00,2025-09-23T19:10:00,2025-09-23T19:10:00,1.3523,813.1525166666667,0.0,813.1525166666667,0.0,0.0,0.0,,,0,0,False,0.0,0.0,813.1525166666667,9947.62962962963,9044.126833333334,0.0,0.0,0.0,799.0988833333334,0.0,0.0,0.0,0.0,8245.564920647012,7357.677272498863,0.0,0.0,0.0
2025-09-23,116,2025-09-23T19:20:00,2025-09-23T19:10:00,825.5996666666666,0.0038,2025-09-23T19:20:00,2025-09-23 00:00:00,2025-09-23 00:00:00,2025-09-23T19:20:00,2025-09-23T19:20:00,1.3445,841.5716000000001,0.005316666666666667,841.5716000000001,0.005316666666666667,0.0,0.0,,,0,0,False,8.232950000000187,0.0,833.3333333333333,9044.126833333334,8118.200907407408,0.0,0.0,0.0,817.3629166666665,0.0,0.0,0.0,0.0,7357.677272498863,6449.496253980345,11.069201275000252,0.0,11.069201275000252
2025-09-23,117,2025-09-23T19:30:00,2025-09-23T19:20:00,817.8166666666666,0.0,2025-09-23T19:30:00,2025-09-23 00:00:00,2025-09-23 00:00:00,2025-09-23T19:30:00,2025-09-23T19:30:00,1.3483,817.0316666666666,0.0,817.0316666666666,0.0,0.0,0.0,,,0,0,False,0.0,0.0,817.0316666666666,8118.200907407408,7210.387944444445,0.0,0.0,0.0,817.8166666666666,0.0,0.0,0.0,0.0,6449.496253980345,5540.811068795159,0.0,0.0,0.0
2025-09-23,118,2025-09-23T19:40:00,2025-09-23T19:30:00,786.83635,0.0,2025-09-23T19:40:00,2025-09-23 00:00:00,2025-09-23 00:00:00,2025-09-23T19:40:00,2025-09-23T19:40:00,1.349,815.3069833333334,0.0,815.3069833333334,0.0,0.0,0.0,,,0,0,False,0.0,0.0,815.3069833333334,7210.387944444445,6304.491296296296,0.0,0.0,0.0,786.83635,0.0,0.0,0.0,0.0,5540.811068795159,4666.548457684048,0.0,0.0,0.0
2025-09-23,119,2025-09-23T19:50:00,2025-09-23T19:40:00,784.2191666666666,0.0002666666666666667,2025-09-23T19:50:00,2025-09-23 00:00:00,2025-09-23 00:00:00,2025-09-23T19:50:00,2025-09-23T19:50:00,1.3473,817.2126166666667,0.00038333333333333334,817.2126166666667,0.00038333333333333334,0.0,0.0,,,0,0,False,0.0,0.0,817.2122333333333,6304.491296296296,5396.477703703704,0.0,0.0,0.0,784.2189,0.0,0.0,0.0,0.0,4666.548457684048,3795.194124350715,0.0,0.0,0.0
2025-09-23,120,2025-09-23T20:00:00,2025-09-23T19:50:00,811.9116666666667,0.0,2025-09-23T20:00:00,2025-09-23 00:00:00,2025-09-23 00:00:00,2025-09-23T20:00:00,2025-09-23T20:00:00,1.3482,803.1133333333333,0.0,803.1133333333333,0.0,0.0,0.0,,,0,0,False,0.0,0.0,803.1133333333333,5396.477703703704,4504.129555555555,0.0,0.0,0.0,811.9116666666667,0.0,0.0,0.0,0.0,3795.194124350715,2893.070050276641,0.0,0.0,0.0
2025-09-23,121,2025-09-23T20:10:00,2025-09-23T20:00:00,827.1781166666666,0.0,2025-09-23T20:10:00,2025-09-23 00:00:00,2025-09-23 00:00:00,2025-09-23T20:10:00,2025-09-23T20:10:00,1.3513,782.7836666666667,0.0,782.7836666666667,0.0,0.0,0.0,,,0,0,False,0.0,0.0,782.7836666666667,4504.129555555555,3634.3699259259256,0.0,0.0,0.0,827.1781166666666,0.0,0.0,0.0,0.0,2893.070050276641,1973.9832539803447,0.0,0.0,0.0
2025-09-23,122,2025-09-23T20:20:00,2025-09-23T20:10:00,843.5677000000001,0.0,2025-09-23T20:20:00,2025-09-23 00:00:00,2025-09-23 00:00:00,2025-09-23T20:20:00,2025-09-23T20:20:00,1.34,783.34075,0.0,783.34075,0.0,0.0,0.0,,,0,0,False,233.76865000000043,0.0,549.5720999999995,3634.3699259259256,3023.7342592592595,0.0,0.0,0.0,609.7990499999996,0.0,0.0,0.0,0.0,1973.9832539803447,1296.428753980345,313.2499910000006,0.0,313.2499910000006
2025-09-23,123,2025-09-23T20:30:00,2025-09-23T20:20:00,839.7083333333334,0.0,2025-09-23T20:30:00,2025-09-23 00:00:00,2025-09-23 00:00:00,2025-09-23T20:30:00,2025-09-23T20:30:00,1.3489,808.7033333333334,0.0,808.7033333333334,0.0,0.0,0.0,,,0,0,False,0.0,0.0,808.7033333333334,3023.7342592592595,2125.175,0.0,0.0,0.0,86.78587858231045,752.9224547510229,0.0,0.0,0.0,1296.428753980345,1200.0,0.0,5078.085496068275,5078.085496068275
2025-09-23,124,2025-09-23T20:40:00,2025-09-23T20:30:00,784.8952833333333,0.0,2025-09-23T20:40:00,2025-09-23 00:00:00,2025-09-23 00:00:00,2025-09-23T20:40:00,2025-09-23T20:40:00,1.3952,832.6574999999999,0.0,832.6574999999999,0.0,0.0,0.0,,,0,0,False,0.0,0.0,832.6574999999999,2125.175,1200.0,0.0,0.0,0.0,0.0,784.8952833333333,0.0,0.0,0.0,1200.0,1200.0,0.0,5475.429496533333,5475.429496533333
2025-09-23,125,2025-09-23T20:50:00,2025-09-23T20:40:00,801.6618,0.0,2025-09-23T20:50:00,2025-09-23 00:00:00,2025-09-23 00:00:00,2025-09-23T20:50:00,2025-09-23T20:50:00,1.2226,820.2962833333332,0.0,820.2962833333332,0.0,0.0,0.0,,,0,0,False,820.2962833333332,0.0,0.0,1200.0,1200.0,0.0,0.0,18.634483333333264,0.0,0.0,0.0,0.0,0.0,1200.0,1216.771035,1002.8942360033332,0.0,1002.8942360033332
2025-09-23,126,2025-09-23T21:00:00,2025-09-23T20:50:00,869.2166666666667,0.0,2025-09-23T21:00:00,2025-09-23 00:00:00,2025-09-23 00:00:00,2025-09-23T21:00:00,2025-09-23T21:00:00,0.9332,798.3233333333333,0.0,798.3233333333333,0.0,0.0,0.0,,,0,0,False,798.3233333333333,0.0,0.0,1200.0,1200.0,0.0,0.0,0.0,15.093931499999986,55.79940183333345,0.0,0.0,0.0,1216.771035,1200.0,744.9953346666666,260.36000895433386,1005.3553436210004
2025-09-23,127,2025-09-23T21:10:00,2025-09-23T21:00:00,842.5243833333334,0.0,2025-09-23T21:10:00,2025-09-23 00:00:00,2025-09-23 00:00:00,2025-09-23T21:10:00,2025-09-23T21:10:00,0.9068,820.2095333333333,0.0,820.2095333333333,0.0,0.0,0.0,,,0,0,False,820.2095333333333,0.0,0.0,1200.0,1200.0,0.0,0.0,0.0,0.0,22.314850000000092,0.0,0.0,0.0,1200.0,1200.0,743.7660048266666,101.17552990000043,844.9415347266671
2025-09-23,128,2025-09-23T21:20:00,2025-09-23T21:10:00,804.5951833333334,0.0,2025-09-23T21:20:00,2025-09-23 00:00:00,2025-09-23 00:00:00,2025-09-23T21:20:00,2025-09-23T21:20:00,0.9371,799.1934333333334,0.0,799.1934333333334,0.0,0.0,0.0,,,0,0,False,799.1934333333334,0.0,0.0,1200.0,1200.0,0.0,0.0,0.0,0.0,5.401749999999993,0.0,0.0,0.0,1200.0,1200.0,748.9241663766667,25.309899624999968,774.2340660016666
2025-09-23,129,2025-09-23T21:30:00,2025-09-23T21:20:00,813.3816666666667,0.0,2025-09-23T21:30:00,2025-09-23 00:00:00,2025-09-23 00:00:00,2025-09-23T21:30:00,2025-09-23T21:30:00,0.9371,763.7166666666667,0.0,763.7166666666667,0.0,0.0,0.0,,,0,0,False,763.7166666666667,0.0,0.0,1200.0,1200.0,0.0,0.0,0.0,0.0,49.664999999999964,0.0,0.0,0.0,1200.0,1200.0,715.6788883333334,232.70535749999985,948.3842458333332
2025-09-23,130,2025-09-23T21:40:00,2025-09-23T21:30:00,829.8691333333333,0.0,2025-09-23T21:40:00,2025-09-23 00:00:00,2025-09-23 00:00:00,2025-09-23T21:40:00,2025-09-23T21:40:00,0.9871,818.0142999999999,0.0,818.0142999999999,0.0,0.0,0.0,,,0,0,False,818.0142999999999,0.0,-0.0,1200.0,1200.0,0.0,0.0,0.0,0.0,11.854833333333318,0.0,0.0,0.0,1200.0,1200.0,807.4619155299999,58.509529916666594,865.9714454466665
2025-09-23,131,2025-09-23T21:50:00,2025-09-23T21:40:00,768.1864999999999,0.0,2025-09-23T21:50:00,2025-09-23 00:00:00,2025-09-23 00:00:00,2025-09-23T21:50:00,2025-09-23T21:50:00,0.7764,776.9880833333333,0.0,776.9880833333333,0.0,0.0,0.0,,,0,0,False,776.9880833333333,-0.0,0.0,1200.0,1200.0,0.0,-0.0,8.801583333333383,0.0,0.0,0.0,0.0,0.0,1200.0,1207.921425,603.2535479,0.0,603.2535479
2025-09-23,132,2025-09-23T22:00:00,2025-09-23T21:50:00,639.2433333333333,0.0,2025-09-23T22:00:00,2025-09-23 00:00:00,2025-09-23 00:00:00,2025-09-23T22:00:00,2025-09-23T22:00:00,0.4209,639.2716666666666,0.0,639.2716666666666,0.0,0.0,0.0,,,0,0,False,1472.605,833.3333333333333,0.0,1200.0,1950.0,0.0,1.0,833.3333333333334,0.0,0.0,0.028333333333307564,0.028333333333307564,0.0,1207.921425,1957.921425,619.8194445,0.0,619.8194445
2025-09-23,133,2025-09-23T22:10:00,2025-09-23T22:00:00,553.4415666666666,0.0,2025-09-23T22:10:00,2025-09-23 00:00:00,2025-09-23 00:00:00,2025-09-23T22:10:00,2025-09-23T22:10:00,0.3859,599.7292166666667,0.0,599.7292166666667,0.0,0.0,0.0,,,0,0,False,1433.06255,833.3333333333333,0.0,1950.0,2700.0,0.0,1.0,833.3333333333334,0.0,0.0,46.2876500000001,46.2876500000001,0.0,1957.921425,2707.921425,553.018838045,0.0,553.018838045
2025-09-23,134,2025-09-23T22:20:00,2025-09-23T22:10:00,582.6785666666666,0.0,2025-09-23T22:20:00,2025-09-23 00:00:00,2025-09-23 00:00:00,2025-09-23T22:20:00,2025-09-23T22:20:00,0.4368,609.7264833333334,0.0,609.7264833333334,0.0,0.0,0.0,,,0,0,False,609.7264833333334,0.0,0.0,2700.0,2700.0,0.0,-0.0,27.047916666666765,0.0,0.0,0.0,0.0,0.0,2707.921425,2732.26455,266.32852792,0.0,266.32852792
2025-09-23,135,2025-09-23T22:30:00,2025-09-23T22:20:00,647.2066666666666,0.0,2025-09-23T22:30:00,2025-09-23 00:00:00,2025-09-23 00:00:00,2025-09-23T22:30:00,2025-09-23T22:30:00,0.4198,613.2483333333333,0.0,613.2483333333333,0.0,0.0,0.0,,,0,0,False,1446.5816666666665,833.3333333333333,0.0,2700.0,3450.0,0.0,1.0,799.3749999999999,0.0,0.0,0.0,0.0,0.0,2732.26455,3451.70205,607.2749836666666,0.0,607.2749836666666
2025-09-23,136,2025-09-23T22:40:00,2025-09-23T22:30:00,596.69985,0.0,2025-09-23T22:40:00,2025-09-23 00:00:00,2025-09-23 00:00:00,2025-09-23T22:40:00,2025-09-23T22:40:00,0.4186,612.6178833333333,0.0,612.6178833333333,0.0,0.0,0.0,,,0,0,False,1445.9512166666666,833.3333333333333,0.0,3450.0,4200.0,0.0,1.0,833.3333333333334,0.0,0.0,15.918033333333256,15.918033333333256,0.0,3451.70205,4201.70205,605.2751792966667,0.0,605.2751792966667
2025-09-23,137,2025-09-23T22:50:00,2025-09-23T22:40:00,555.3522833333333,0.0,2025-09-23T22:50:00,2025-09-23 00:00:00,2025-09-23 00:00:00,2025-09-23T22:50:00,2025-09-23T22:50:00,0.4241,617.3649666666666,0.0,617.3649666666666,0.0,0.0,0.0,,,0,0,False,1450.6983,833.3333333333334,0.0,4200.0,4950.0,0.0,1.0000000000000002,833.3333333333334,0.0,0.0,62.01268333333337,62.01268333333337,0.0,4201.70205,4951.70205,615.24114903,0.0,615.24114903
2025-09-23,138,2025-09-23T23:00:00,2025-09-23T22:50:00,569.35,0.0,2025-09-23T23:00:00,2025-09-23 00:00:00,2025-09-23 00:00:00,2025-09-23T23:00:00,2025-09-23T23:00:00,0.4237,619.0216666666666,0.0,619.0216666666666,0.0,0.0,0.0,,,0,0,False,1452.355,833.3333333333333,0.0,4950.0,5700.0,0.0,1.0,833.3333333333334,0.0,0.0,49.671666666666624,49.671666666666624,0.0,4951.70205,5701.70205,615.3628135,0.0,615.3628135
2025-09-23,139,2025-09-23T23:10:00,2025-09-23T23:00:00,564.6558666666666,0.0,2025-09-23T23:10:00,2025-09-23 00:00:00,2025-09-23 00:00:00,2025-09-23T23:10:00,2025-09-23T23:10:00,0.4248,604.4078166666667,0.0,604.4078166666667,0.0,0.0,0.0,,,0,0,False,1437.7411499999998,833.3333333333333,0.0,5700.0,6450.0,0.0,1.0,833.3333333333334,0.0,0.0,39.75194999999985,39.75194999999985,0.0,5701.70205,6451.70205,610.7524405199999,0.0,610.7524405199999
2025-09-23,140,2025-09-23T23:20:00,2025-09-23T23:10:00,576.5015666666667,0.0,2025-09-23T23:20:00,2025-09-23 00:00:00,2025-09-23 00:00:00,2025-09-23T23:20:00,2025-09-23T23:20:00,0.424,615.0140166666666,0.0,615.0140166666666,0.0,0.0,0.0,,,0,0,False,1448.34735,833.3333333333334,0.0,6450.0,7200.0,0.0,1.0000000000000002,833.3333333333334,0.0,0.0,38.512449999999944,38.512449999999944,0.0,6451.70205,7201.70205,614.0992764,0.0,614.0992764
2025-09-23,141,2025-09-23T23:30:00,2025-09-23T23:20:00,610.3249999999999,0.0,2025-09-23T23:30:00,2025-09-23 00:00:00,2025-09-23 00:00:00,2025-09-23T23:30:00,2025-09-23T23:30:00,0.422,633.3716666666667,0.0,633.3716666666667,0.0,0.0,0.0,,,0,0,False,1466.705,833.3333333333333,0.0,7200.0,7950.0,0.0,1.0,833.3333333333334,0.0,0.0,23.046666666666624,23.046666666666624,0.0,7201.70205,7951.70205,618.9495099999999,0.0,618.9495099999999
2025-09-23,142,2025-09-23T23:40:00,2025-09-23T23:30:00,617.0673,0.0,2025-09-23T23:40:00,2025-09-23 00:00:00,2025-09-23 00:00:00,2025-09-23T23:40:00,2025-09-23T23:40:00,0.424,605.49435,0.0,605.49435,0.0,0.0,0.0,,,0,0,False,1438.8276833333334,833.3333333333333,0.0,7950.0,8700.0,0.0,1.0,821.7603833333334,0.0,0.0,0.0,0.0,0.0,7951.70205,8691.286395,610.0629377333333,0.0,610.0629377333333
2025-09-23,143,2025-09-23T23:50:00,2025-09-23T23:40:00,568.2980833333334,0.0,2025-09-23T23:50:00,2025-09-23 00:00:00,2025-09-23 00:00:00,2025-09-23T23:50:00,2025-09-23T23:50:00,0.4271,616.7699,0.0,616.7699,0.0,0.0,0.0,,,0,0,False,1450.1032333333333,833.3333333333333,0.0,8700.0,9450.0,0.0,1.0,833.3333333333334,0.0,0.0,48.47181666666654,48.47181666666654,0.0,8691.286395,9441.286395,619.3390909566666,0.0,619.3390909566666
2025-09-23,144,2025-09-24T00:00:00,2025-09-23T23:50:00,524.6016666666667,0.0,2025-09-24T00:00:00,2025-09-23 00:00:00,2025-09-23 00:00:00,2025-09-24T00:00:00,2025-09-24T00:00:00,0.4276,653.885,0.0,653.885,0.0,0.0,0.0,,,0,0,False,1117.7311306584415,463.8461306584415,0.0,9450.0,9867.461517592597,0.0,1.0,593.1294639917749,0.0,0.0,0.0,0.0,0.0,9441.286395,9975.102912592596,477.9418314695496,0.0,477.9418314695496
2025-12-21,1,2025-12-21T00:10:00,2025-12-21T00:00:00,596.0177166666666,0.0,2025-12-21T00:10:00,2025-12-21 00:00:00,2025-12-21 00:00:00,2025-12-21T00:10:00,2025-12-21T00:10:00,0.4248,592.6912333333333,0.0,592.6912333333333,0.0,0.0,0.0,,,0,0,False,1426.0245666666665,833.3333333333333,0.0,6476.208444629617,7226.208444629617,0.0,1.0,830.0068499999999,0.0,0.0,0.0,0.0,0.0,6476.208444629617,7223.2146096296165,605.7752359199999,0.0,605.7752359199999
2025-12-21,2,2025-12-21T00:20:00,2025-12-21T00:10:00,589.6451666666667,0.0,2025-12-21T00:20:00,2025-12-21 00:00:00,2025-12-21 00:00:00,2025-12-21T00:20:00,2025-12-21T00:20:00,0.4245,561.2439,0.0,561.2439,0.0,0.0,0.0,,,0,0,False,1394.5772333333334,833.3333333333333,0.0,7226.208444629617,7976.208444629618,0.0,1.0,804.9320666666667,0.0,0.0,0.0,0.0,0.0,7223.2146096296165,7947.653469629617,591.99803555,0.0,591.99803555
2025-12-21,3,2025-12-21T00:30:00,2025-12-21T00:20:00,578.6833333333333,0.0,2025-12-21T00:30:00,2025-12-21 00:00:00,2025-12-21 00:00:00,2025-12-21T00:30:00,2025-12-21T00:30:00,0.4269,571.5483333333333,0.0,571.5483333333333,0.0,0.0,0.0,,,0,0,False,1404.8816666666667,833.3333333333333,0.0,7976.208444629618,8726.208444629618,0.0,1.0,826.1983333333334,0.0,0.0,0.0,0.0,0.0,7947.653469629617,8691.231969629616,599.7439835,0.0,599.7439835
2025-12-21,4,2025-12-21T00:40:00,2025-12-21T00:30:00,564.7100333333334,0.0,2025-12-21T00:40:00,2025-12-21 00:00:00,2025-12-21 00:00:00,2025-12-21T00:40:00,2025-12-21T00:40:00,0.4272,612.7311666666667,0.0,612.7311666666667,0.0,0.0,0.0,,,0,0,False,1250.277339300425,637.5461726337583,0.0,8726.208444629618,9300.0,0.0,0.9999999999999977,685.5673059670916,0.0,0.0,0.0,0.0,0.0,8691.231969629616,9308.242545,534.1184793491416,0.0,534.1184793491416
2025-12-21,5,2025-12-21T00:50:00,2025-12-21T00:40:00,549.9038833333333,0.0,2025-12-21T00:50:00,2025-12-21 00:00:00,2025-12-21 00:00:00,2025-12-21T00:50:00,2025-12-21T00:50:00,0.4271,626.2757666666666,0.0,626.2757666666666,0.0,0.0,0.0,,,0,0,False,1459.6091,833.3333333333333,0.0,9300.0,10050.0,0.0,1.0,833.3333333333334,0.0,0.0,76.37188333333324,76.37188333333324,0.0,9308.242545,10058.242545,623.3990466099999,0.0,623.3990466099999
2025-12-21,6,2025-12-21T01:00:00,2025-12-21T00:50:00,558.21,0.0,2025-12-21T01:00:00,2025-12-21 00:00:00,2025-12-21 00:00:00,2025-12-21T01:00:00,2025-12-21T01:00:00,0.4285,608.4616666666667,0.0,608.4616666666667,0.0,0.0,0.0,,,0,0,False,608.4616666666667,0.0,0.0,10050.0,10050.0,0.0,0.0,50.251666666666665,0.0,0.0,0.0,0.0,0.0,10058.242545,10103.469045,260.72582416666665,0.0,260.72582416666665
2025-12-21,7,2025-12-21T01:10:00,2025-12-21T01:00:00,610.3485166666667,0.0,2025-12-21T01:10:00,2025-12-21 00:00:00,2025-12-21 00:00:00,2025-12-21T01:10:00,2025-12-21T01:10:00,0.4311,606.02975,0.0,606.02975,0.0,0.0,0.0,,,0,0,False,606.02975,0.0,0.0,10050.0,10050.0,0.0,0.0,0.0,4.318766666666647,0.0,0.0,0.0,0.0,10103.469045,10098.67041537037,261.25942522500003,0.0,261.25942522500003
2025-12-21,8,2025-12-21T01:20:00,2025-12-21T01:10:00,633.23595,0.0,2025-12-21T01:20:00,2025-12-21 00:00:00,2025-12-21 00:00:00,2025-12-21T01:20:00,2025-12-21T01:20:00,0.4302,605.0776,0.0,605.0776,0.0,0.0,0.0,,,0,0,False,605.0776,0.0,0.0,10050.0,10050.0,0.0,0.0,0.0,28.15835000000004,0.0,0.0,0.0,0.0,10098.67041537037,10067.383359814814,260.30438352,0.0,260.30438352
2025-12-21,9,2025-12-21T01:30:00,2025-12-21T01:20:00,622.6966666666666,0.0,2025-12-21T01:30:00,2025-12-21 00:00:00,2025-12-21 00:00:00,2025-12-21T01:30:00,2025-12-21T01:30:00,0.4279,598.8383333333334,0.0,598.8383333333334,0.0,0.0,0.0,,,0,0,False,598.8383333333334,0.0,0.0,10050.0,10050.0,0.0,0.0,0.0,23.858333333333235,0.0,0.0,0.0,0.0,10067.383359814814,10040.874100555555,256.24292283333335,0.0,256.24292283333335
2025-12-21,10,2025-12-21T01:40:00,2025-12-21T01:30:00,637.4892666666666,0.0,2025-12-21T01:40:00,2025-12-21 00:00:00,2025-12-21 00:00:00,2025-12-21T01:40:00,2025-12-21T01:40:00,0.4312,600.3714333333334,0.0,600.3714333333334,0.0,0.0,0.0,,,0,0,False,600.3714333333334,0.0,0.0,10050.0,10050.0,0.0,0.0,0.0,37.11783333333324,0.0,0.0,0.0,0.0,10040.874100555555,9999.632063518518,258.8801620533334,0.0,258.8801620533334
2025-12-21,11,2025-12-21T01:50:00,2025-12-21T01:40:00,622.368,0.0,2025-12-21T01:50:00,2025-12-21 00:00:00,2025-12-21 00:00:00,2025-12-21T01:50:00,2025-12-21T01:50:00,0.4333,609.7503833333334,0.0,609.7503833333334,0.0,0.0,0.0,,,0,0,False,609.7503833333334,0.0,0.0,10050.0,10050.0,0.0,0.0,0.0,12.617616666666663,0.0,0.0,0.0,0.0,9999.632063518518,9985.612489444444,264.20484109833336,0.0,264.20484109833336
2025-12-21,12,2025-12-21T02:00:00,2025-12-21T01:50:00,597.8583333333333,0.0,2025-12-21T02:00:00,2025-12-21 00:00:00,2025-12-21 00:00:00,2025-12-21T02:00:00,2025-12-21T02:00:00,0.4311,618.77,0.0,618.77,0.0,0.0,0.0,,,0,0,False,618.77,0.0,0.0,10050.0,10050.0,0.0,0.0,20.911666666666633,0.0,0.0,0.0,0.0,0.0,9985.612489444444,10004.432989444444,266.75174699999997,0.0,266.75174699999997
2025-12-21,13,2025-12-21T02:10:00,2025-12-21T02:00:00,642.7462333333334,0.0,2025-12-21T02:10:00,2025-12-21 00:00:00,2025-12-21 00:00:00,2025-12-21T02:10:00,2025-12-21T02:10:00,0.4293,620.9696333333333,0.0,620.9696333333333,0.0,0.0,0.0,,,0,0,False,620.9696333333333,0.0,0.0,10050.0,10050.0,0.0,0.0,0.0,21.776600000000144,0.0,0.0,0.0,0.0,10004.432989444444,9980.23676722222,266.58226358999997,0.0,266.58226358999997
2025-12-21,14,2025-12-21T02:20:00,2025-12-21T02:10:00,653.8691166666666,0.0,2025-12-21T02:20:00,2025-12-21 00:00:00,2025-12-21 00:00:00,2025-12-21T02:20:00,2025-12-21T02:20:00,0.4324,634.80715,0.0,634.80715,0.0,0.0,0.0,,,0,0,False,634.80715,0.0,0.0,10050.0,10050.0,0.0,0.0,0.0,19.06196666666665,0.0,0.0,0.0,0.0,9980.23676722222,9959.056804259259,274.49061166,0.0,274.49061166
2025-12-21,15,2025-12-21T02:30:00,2025-12-21T02:20:00,621.75,0.0,2025-12-21T02:30:00,2025-12-21 00:00:00,2025-12-21 00:00:00,2025-12-21T02:30:00,2025-12-21T02:30:00,0.4367,658.2583333333333,0.0,658.2583333333333,0.0,0.0,0.0,,,0,0,False,658.2583333333333,0.0,0.0,10050.0,10050.0,0.0,0.0,36.508333333333326,0.0,0.0,0.0,0.0,0.0,9959.056804259259,9991.914304259259,287.46141416666666,0.0,287.46141416666666
2025-12-21,16,2025-12-21T02:40:00,2025-12-21T02:30:00,636.6433333333333,0.0,2025-12-21T02:40:00,2025-12-21 00:00:00,2025-12-21 00:00:00,2025-12-21T02:40:00,2025-12-21T02:40:00,0.4348,668.0974666666667,0.0,668.0974666666667,0.0,0.0,0.0,,,0,0,False,668.0974666666667,0.0,0.0,10050.0,10050.0,0.0,0.0,31.454133333333402,0.0,0.0,0.0,0.0,0.0,9991.914304259259,10020.22302425926,290.4887785066667,0.0,290.4887785066667
2025-12-21,17,2025-12-21T02:50:00,2025-12-21T02:40:00,631.9107333333333,0.0,2025-12-21T02:50:00,2025-12-21 00:00:00,2025-12-21 00:00:00,2025-12-21T02:50:00,2025-12-21T02:50:00,0.4335,663.4041833333333,0.0,663.4041833333333,0.0,0.0,0.0,,,0,0,False,663.4041833333333,0.0,0.0,10050.0,10050.0,0.0,0.0,31.493450000000053,0.0,0.0,0.0,0.0,0.0,10020.22302425926,10048.56712925926,287.585713475,0.0,287.585713475
2025-12-21,18,2025-12-21T03:00:00,2025-12-21T02:50:00,625.2883333333333,0.0,2025-12-21T03:00:00,2025-12-21 00:00:00,2025-12-21 00:00:00,2025-12-21T03:00:00,2025-12-21T03:00:00,0.4357,650.38,0.0,650.38,0.0,0.0,0.0,,,0,0,False,650.38,0.0,0.0,10050.0,10050.0,0.0,0.0,25.091666666666697,0.0,0.0,0.0,0.0,0.0,10048.56712925926,10071.14962925926,283.370566,0.0,283.370566
2025-12-21,19,2025-12-21T03:10:00,2025-12-21T03:00:00,696.7576833333333,0.0,2025-12-21T03:10:00,2025-12-21 00:00:00,2025-12-21 00:00:00,2025-12-21T03:10:00,2025-12-21T03:10:00,0.4374,640.1669833333334,0.0,640.1669833333334,0.0,0.0,0.0,,,0,0,False,640.1669833333334,0.0,0.0,10050.0,10050.0,0.0,0.0,0.0,56.590699999999856,0.0,0.0,0.0,0.0,10071.14962925926,10008.271073703705,280.00903851000004,0.0,280.00903851000004
2025-12-21,20,2025-12-21T03:20:00,2025-12-21T03:10:00,685.8887833333333,0.0,2025-12-21T03:20:00,2025-12-21 00:00:00,2025-12-21 00:00:00,2025-12-21T03:20:00,2025-12-21T03:20:00,0.4371,656.3656333333333,0.0,656.3656333333333,0.0,0.0,0.0,,,0,0,False,656.3656333333333,0.0,0.0,10050.0,10050.0,0.0,0.0,0.0,29.523149999999987,0.0,0.0,0.0,0.0,10008.271073703705,9975.467573703705,286.89741833,0.0,286.89741833
2025-12-21,21,2025-12-21T03:30:00,2025-12-21T03:20:00,624.79,0.0,2025-12-21T03:30:00,2025-12-21 00:00:00,2025-12-21 00:00:00,2025-12-21T03:30:00,2025-12-21T03:30:00,0.4356,673.39,0.0,673.39,0.0,0.0,0.0,,,0,0,False,673.39,0.0,0.0,10050.0,10050.0,0.0,0.0,48.60000000000002,0.0,0.0,0.0,0.0,0.0,9975.467573703705,10019.207573703705,293.328684,0.0,293.328684
2025-12-21,22,2025-12-21T03:40:00,2025-12-21T03:30:00,703.4143,0.0,2025-12-21T03:40:00,2025-12-21 00:00:00,2025-12-21 00:00:00,2025-12-21T03:40:00,2025-12-21T03:40:00,0.4353,643.2212833333333,0.0,643.2212833333333,0.0,0.0,0.0,,,0,0,False,643.2212833333333,0.0,0.0,10050.0,10050.0,0.0,0.0,0.0,60.19301666666672,0.0,0.0,0.0,0.0,10019.207573703705,9952.326444074075,279.994224635,0.0,279.994224635
2025-12-21,23,2025-12-21T03:50:00,2025-12-21T03:40:00,737.3209499999999,0.0,2025-12-21T03:50:00,2025-12-21 00:00:00,2025-12-21 00:00:00,2025-12-21T03:50:00,2025-12-21T03:50:00,0.436,633.5718333333333,0.0,633.5718333333333,0.0,0.0,0.0,,,0,0,False,633.5718333333333,0.0,0.0,10050.0,10050.0,0.0,0.0,0.0,103.74911666666662,0.0,0.0,0.0,0.0,9952.326444074075,9837.049647777778,276.23731933333335,0.0,276.23731933333335
2025-12-21,24,2025-12-21T04:00:00,2025-12-21T03:50:00,679.8583333333333,0.0,2025-12-21T04:00:00,2025-12-21 00:00:00,2025-12-21 00:00:00,2025-12-21T04:00:00,2025-12-21T04:00:00,0.4378,657.7816666666666,0.0,657.7816666666666,0.0,0.0,0.0,,,0,0,False,657.7816666666666,0.0,0.0,10050.0,10050.0,0.0,0.0,0.0,22.07666666666671,0.0,0.0,0.0,0.0,9837.049647777778,9812.520018148149,287.97681366666666,0.0,287.97681366666666
2025-12-21,25,2025-12-21T04:10:00,2025-12-21T04:00:00,673.1570666666667,0.0,2025-12-21T04:10:00,2025-12-21 00:00:00,2025-12-21 00:00:00,2025-12-21T04:10:00,2025-12-21T04:10:00,0.4401,664.0071,0.0,664.0071,0.0,0.0,0.0,,,0,0,False,664.0071,0.0,0.0,10050.0,10050.0,0.0,0.0,0.0,9.149966666666614,0.0,0.0,0.0,0.0,9812.520018148149,9802.353388518519,292.22952471,0.0,292.22952471
2025-12-21,26,2025-12-21T04:20:00,2025-12-21T04:10:00,680.3992333333333,0.0,2025-12-21T04:20:00,2025-12-21 00:00:00,2025-12-21 00:00:00,2025-12-21T04:20:00,2025-12-21T04:20:00,0.4389,673.98475,0.0,673.98475,0.0,0.0,0.0,,,0,0,False,673.98475,0.0,0.0,10050.0,10050.0,0.0,0.0,0.0,6.414483333333351,0.0,0.0,0.0,0.0,9802.353388518519,9795.226184814815,295.811906775,0.0,295.811906775
2025-12-21,27,2025-12-21T04:30:00,2025-12-21T04:20:00,677.4783333333334,0.0,2025-12-21T04:30:00,2025-12-21 00:00:00,2025-12-21 00:00:00,2025-12-21T04:30:00,2025-12-21T04:30:00,0.4364,701.39,0.0,701.39,0.0,0.0,0.0,,,0,0,False,701.39,0.0,0.0,10050.0,10050.0,0.0,0.0,23.911666666666633,0.0,0.0,0.0,0.0,0.0,9795.226184814815,9816.746684814816,306.086596,0.0,306.086596
2025-12-21,28,2025-12-21T04:40:00,2025-12-21T04:30:00,686.9797333333332,0.0,2025-12-21T04:40:00,2025-12-21 00:00:00,2025-12-21 00:00:00,2025-12-21T04:40:00,2025-12-21T04:40:00,0.4393,726.9617833333333,0.0,726.9617833333333,0.0,0.0,0.0,,,0,0,False,726.9617833333333,0.0,0.0,10050.0,10050.0,0.0,0.0,39.98205000000007,0.0,0.0,0.0,0.0,0.0,9816.746684814816,9852.730529814817,319.35431141833334,0.0,319.35431141833334
2025-12-21,29,2025-12-21T04:50:00,2025-12-21T04:40:00,680.6025666666667,0.0,2025-12-21T04:50:00,2025-12-21 00:00:00,2025-12-21 00:00:00,2025-12-21T04:50:00,2025-12-21T04:50:00,0.4422,712.0232166666666,0.0,712.0232166666666,0.0,0.0,0.0,,,0,0,False,712.0232166666666,0.0,0.0,10050.0,10050.0,0.0,0.0,31.42064999999991,0.0,0.0,0.0,0.0,0.0,9852.730529814817,9881.009114814817,314.85666640999995,0.0,314.85666640999995
2025-12-21,30,2025-12-21T05:00:00,2025-12-21T04:50:00,672.0516666666666,0.0,2025-12-21T05:00:00,2025-12-21 00:00:00,2025-12-21 00:00:00,2025-12-21T05:00:00,2025-12-21T05:00:00,0.4395,677.4466666666666,0.0,677.4466666666666,0.0,0.0,0.0,,,0,0,False,677.4466666666666,0.0,0.0,10050.0,10050.0,0.0,0.0,5.394999999999982,0.0,0.0,0.0,0.0,0.0,9881.009114814817,9885.864614814816,297.73780999999997,0.0,297.73780999999997
2025-12-21,31,2025-12-21T05:10:00,2025-12-21T05:00:00,702.9903666666668,0.00038333333333333334,2025-12-21T05:10:00,2025-12-21 00:00:00,2025-12-21 00:00:00,2025-12-21T05:10:00,2025-12-21T05:10:00,0.4333,682.5563833333333,0.0003333333333333333,682.5563833333333,0.0003333333333333333,0.0,0.0,,,0,0,False,682.55605,0.0,0.0,10050.0,10050.0,0.0,0.0,0.0,20.433933333333357,0.0,0.0,0.0,0.0,9885.864614814816,9863.160244444445,295.751536465,0.0,295.751536465
2025-12-21,32,2025-12-21T05:20:00,2025-12-21T05:10:00,708.8747333333334,0.0,2025-12-21T05:20:00,2025-12-21 00:00:00,2025-12-21 00:00:00,2025-12-21T05:20:00,2025-12-21T05:20:00,0.4439,686.3402500000001,0.0,686.3402500000001,0.0,0.0,0.0,,,0,0,False,686.3402500000001,0.0,0.0,10050.0,10050.0,0.0,0.0,0.0,22.534483333333355,0.0,0.0,0.0,0.0,9863.160244444445,9838.12192962963,304.66643697500007,0.0,304.66643697500007
2025-12-21,33,2025-12-21T05:30:00,2025-12-21T05:20:00,677.7633333333333,0.0,2025-12-21T05:30:00,2025-12-21 00:00:00,2025-12-21 00:00:00,2025-12-21T05:30:00,2025-12-21T05:30:00,0.4301,673.5266666666666,0.0,673.5266666666666,0.0,0.0,0.0,,,0,0,False,673.5266666666666,0.0,0.0,10050.0,10050.0,0.0,0.0,0.0,4.236666666666679,0.0,0.0,0.0,0.0,9838.12192962963,9833.414522222221,289.6838193333333,0.0,289.6838193333333
2025-12-21,34,2025-12-21T05:40:00,2025-12-21T05:30:00,679.6296833333333,0.005266666666666667,2025-12-21T05:40:00,2025-12-21 00:00:00,2025-12-21 00:00:00,2025-12-21T05:40:00,2025-12-21T05:40:00,0.3713,683.5421,0.00475,683.5421,0.00475,0.0,0.0,,,0,0,False,1516.8706833333333,833.3333333333333,0.0,10050.0,10800.0,0.0,1.0,833.3333333333334,0.0,0.0,3.9129333333331715,3.9129333333331715,0.0,9833.414522222221,10583.414522222221,563.2140847216667,0.0,563.2140847216667
2025-12-21,35,2025-12-21T05:50:00,2025-12-21T05:40:00,786.2857666666667,0.0,2025-12-21T05:50:00,2025-12-21 00:00:00,2025-12-21 00:00:00,2025-12-21T05:50:00,2025-12-21T05:50:00,0.5708,764.3458833333334,0.0,764.3458833333334,0.0,0.0,0.0,,,0,0,False,764.3458833333334,0.0,-0.0,10800.0,10800.0,0.0,0.0,0.0,21.93988333333334,0.0,0.0,0.0,0.0,10583.414522222221,10559.036874074074,436.2886302066667,0.0,436.2886302066667
2025-12-21,36,2025-12-21T06:00:00,2025-12-21T05:50:00,915.1083333333332,0.0,2025-12-21T06:00:00,2025-12-21 00:00:00,2025-12-21 00:00:00,2025-12-21T06:00:00,2025-12-21T06:00:00,0.9099,871.2116666666667,0.0,871.2116666666667,0.0,0.0,0.0,,,0,0,False,871.2116666666667,0.0,0.0,10800.0,10800.0,0.0,0.0,0.0,43.89666666666653,0.0,0.0,0.0,0.0,10559.036874074074,10510.2628,792.7154955000001,0.0,792.7154955000001
2025-12-21,37,2025-12-21T06:10:00,2025-12-21T06:00:00,906.553,0.07343333333333334,2025-12-21T06:10:00,2025-12-21 00:00:00,2025-12-21 00:00:00,2025-12-21T06:10:00,2025-12-21T06:10:00,0.9368,900.34945,0.06605,900.34945,0.06605,0.0,0.0,,,0,0,False,225.28340000000003,0.0,675.0,10800.0,10050.0,0.0,0.0,0.0,681.1961666666666,0.0,0.0,0.0,0.0,10510.2628,9753.378170370372,211.04548912,0.0,211.04548912
2025-12-21,38,2025-12-21T06:20:00,2025-12-21T06:10:00,901.3054166666667,0.0,2025-12-21T06:20:00,2025-12-21 00:00:00,2025-12-21 00:00:00,2025-12-21T06:20:00,2025-12-21T06:20:00,0.8758,887.5913,0.0,887.5913,0.0,0.0,0.0,,,0,0,False,887.5913,0.0,0.0,10050.0,10050.0,0.0,0.0,0.0,13.714116666666655,0.0,0.0,0.0,0.0,9753.378170370372,9738.140262962965,777.35246054,0.0,777.35246054
2025-12-21,39,2025-12-21T06:30:00,2025-12-21T06:20:00,931.1750000000001,0.0,2025-12-21T06:30:00,2025-12-21 00:00:00,2025-12-21 00:00:00,2025-12-21T06:30:00,2025-12-21T06:30:00,0.8759,878.9016666666666,0.0,878.9016666666666,0.0,0.0,0.0,,,0,0,False,878.9016666666666,0.0,0.0,10050.0,10050.0,0.0,0.0,0.0,52.273333333333426,0.0,0.0,0.0,0.0,9738.140262962965,9680.058781481483,769.8299698333333,0.0,769.8299698333333
2025-12-21,40,2025-12-21T06:40:00,2025-12-21T06:30:00,891.8811000000001,1.0227666666666666,2025-12-21T06:40:00,2025-12-21 00:00:00,2025-12-21 00:00:00,2025-12-21T06:40:00,2025-12-21T06:40:00,0.8601,888.7171333333334,0.9200333333333334,888.7171333333334,0.9200333333333334,0.0,0.0,,,0,0,False,887.7971000000001,0.0,0.0,10050.0,10050.0,0.0,0.0,0.0,3.0612333333332344,0.0,0.0,0.0,0.0,9680.058781481483,9676.657411111113,763.5942857100001,0.0,763.5942857100001
2025-12-21,41,2025-12-21T06:50:00,2025-12-21T06:40:00,872.2081666666667,0.0,2025-12-21T06:50:00,2025-12-21 00:00:00,2025-12-21 00:00:00,2025-12-21T06:50:00,2025-12-21T06:50:00,0.8442,908.1604166666666,0.0,908.1604166666666,0.0,0.0,0.0,,,0,0,False,908.1604166666666,0.0,0.0,10050.0,10050.0,0.0,0.0,35.952249999999935,0.0,0.0,0.0,0.0,0.0,9676.657411111113,9709.014436111112,766.66902375,0.0,766.66902375
2025-12-21,42,2025-12-21T07:00:00,2025-12-21T06:50:00,895.6999999999999,0.0,2025-12-21T07:00:00,2025-12-21 00:00:00,2025-12-21 00:00:00,2025-12-21T07:00:00,2025-12-21T07:00:00,0.8334,912.8483333333334,0.0,912.8483333333334,0.0,0.0,0.0,,,0,0,False,912.8483333333334,0.0,0.0,10050.0,10050.0,0.0,0.0,17.148333333333426,0.0,0.0,0.0,0.0,0.0,9709.014436111112,9724.447936111112,760.7678010000001,0.0,760.7678010000001
2025-12-21,43,2025-12-21T07:10:00,2025-12-21T07:00:00,893.4640166666667,28.780483333333333,2025-12-21T07:10:00,2025-12-21 00:00:00,2025-12-21 00:00:00,2025-12-21T07:10:00,2025-12-21T07:10:00,0.8092,885.2799,25.80145,885.2799,25.80145,0.0,0.0,,,0,0,False,859.47845,0.0,0.0,10050.0,10050.0,0.0,0.0,0.0,5.205083333333391,0.0,0.0,0.0,0.0,9724.447936111112,9718.664510185186,695.48996174,0.0,695.48996174
2025-12-21,44,2025-12-21T07:20:00,2025-12-21T07:10:00,886.8849333333333,70.00593333333333,2025-12-21T07:20:00,2025-12-21 00:00:00,2025-12-21 00:00:00,2025-12-21T07:20:00,2025-12-21T07:20:00,0.7972,872.6423,62.265899999999995,872.6423,62.265899999999995,0.0,0.0,,,0,0,False,810.3764,0.0,0.0,10050.0,10050.0,0.0,0.0,0.0,6.502599999999916,0.0,0.0,0.0,0.0,9718.664510185186,9711.439399074075,646.03206608,0.0,646.03206608
2025-12-21,45,2025-12-21T07:30:00,2025-12-21T07:20:00,871.9533333333334,115.1125,2025-12-21T07:30:00,2025-12-21 00:00:00,2025-12-21 00:00:00,2025-12-21T07:30:00,2025-12-21T07:30:00,0.7644,877.3249999999999,101.08749999999999,877.3249999999999,101.08749999999999,0.0,0.0,,,0,0,False,776.2375,0.0,0.0,10050.0,10050.0,0.0,0.0,19.396666666666533,0.0,0.0,0.0,0.0,0.0,9711.439399074075,9728.896399074076,593.3559449999999,0.0,593.3559449999999
2025-12-21,46,2025-12-21T07:40:00,2025-12-21T07:30:00,844.3141166666666,166.12295,2025-12-21T07:40:00,2025-12-21 00:00:00,2025-12-21 00:00:00,2025-12-21T07:40:00,2025-12-21T07:40:00,0.6899,875.7418166666666,144.522,875.7418166666666,144.522,0.0,0.0,,,0,0,False,1564.55315,833.3333333333333,0.0,10050.0,10800.0,0.0,1.0,833.3333333333334,0.0,0.0,53.02864999999997,53.02864999999997,0.0,9728.896399074076,10478.896399074076,1079.385218185,0.0,1079.385218185
2025-12-21,47,2025-12-21T07:50:00,2025-12-21T07:40:00,981.5207666666666,212.7854166666667,2025-12-21T07:50:00,2025-12-21 00:00:00,2025-12-21 00:00:00,2025-12-21T07:50:00,2025-12-21T07:50:00,0.86,976.7109999999999,187.93208333333334,976.7109999999999,187.93208333333334,0.0,0.0,,,0,0,False,788.7789166666665,0.0,0.0,10800.0,10800.0,0.0,0.0,20.043566666666607,0.0,0.0,0.0,0.0,0.0,10478.896399074076,10496.935609074077,678.3498683333332,0.0,678.3498683333332
2025-12-21,48,2025-12-21T08:00:00,2025-12-21T07:50:00,1196.7983333333334,256.64375,2025-12-21T08:00:00,2025-12-21 00:00:00,2025-12-21 00:00:00,2025-12-21T08:00:00,2025-12-21T08:00:00,1.1617,1140.6016666666667,231.9,1140.6016666666667,231.9,0.0,0.0,,,0,0,False,75.36833333333345,0.0,833.3333333333333,10800.0,9874.074074074075,0.0,0.0,0.0,833.3333333333334,31.45291666666651,0.0,0.0,0.0,10496.935609074077,9571.009683148151,87.55539283333347,182.6942664583324,270.24965929166586
2025-12-21,49,2025-12-21T08:10:00,2025-12-21T08:00:00,1209.0584999999999,310.02568333333335,2025-12-21T08:10:00,2025-12-21 00:00:00,2025-12-21 00:00:00,2025-12-21T08:10:00,2025-12-21T08:10:00,1.1683,1198.90715,280.4612333333333,1198.90715,280.4612333333333,0.0,0.0,,,0,0,False,85.11258333333342,0.0,833.3333333333333,9874.074074074075,8948.14814814815,0.0,0.0,0.0,813.920233333333,0.0,0.0,0.0,0.0,9571.009683148151,8666.653868333337,99.43703110833343,0.0,99.43703110833343
2025-12-21,50,2025-12-21T08:20:00,2025-12-21T08:10:00,1192.14925,368.6034333333334,2025-12-21T08:20:00,2025-12-21 00:00:00,2025-12-21 00:00:00,2025-12-21T08:20:00,2025-12-21T08:20:00,1.0956,1194.8717833333333,323.77585,1194.8717833333333,323.77585,0.0,0.0,,,0,0,False,37.76260000000002,0.0,833.3333333333333,8948.14814814815,8022.2222222222235,0.0,0.0,0.0,785.7832166666665,0.0,0.0,0.0,0.0,8666.653868333337,7793.561405370374,41.37270456000002,0.0,41.37270456000002
2025-12-21,51,2025-12-21T08:30:00,2025-12-21T08:20:00,1227.835,429.9375,2025-12-21T08:30:00,2025-12-21 00:00:00,2025-12-21 00:00:00,2025-12-21T08:30:00,2025-12-21T08:30:00,1.0849,1189.555,362.71250000000003,1189.555,362.71250000000003,0.0,0.0,,,0,0,False,0.0,0.0,826.8425,8022.2222222222235,7103.508333333335,0.0,0.0,0.0,797.8975,0.0,0.0,0.0,0.0,7793.561405370374,6907.008627592596,0.0,0.0,0.0
2025-12-21,52,2025-12-21T08:40:00,2025-12-21T08:30:00,1222.1887666666667,492.19644999999997,2025-12-21T08:40:00,2025-12-21 00:00:00,2025-12-21 00:00:00,2025-12-21T08:40:00,2025-12-21T08:40:00,1.061,1198.6857833333333,407.84075,1198.6857833333333,407.84075,0.0,0.0,,,0,0,False,0.0,0.0,790.8450333333333,7103.508333333335,6224.791629629632,0.0,0.0,0.0,729.9923166666667,0.0,0.0,0.0,0.0,6907.008627592596,6095.906053518522,0.0,0.0,0.0
2025-12-21,53,2025-12-21T08:50:00,2025-12-21T08:40:00,1212.6767166666666,532.6005833333334,2025-12-21T08:50:00,2025-12-21 00:00:00,2025-12-21 00:00:00,2025-12-21T08:50:00,2025-12-21T08:50:00,1.043,1205.79965,451.9758,1205.79965,451.9758,0.0,0.0,,,0,0,False,0.0,0.0,753.82385,6224.791629629632,5387.209574074076,0.0,0.0,0.0,680.0761333333332,0.0,0.0,0.0,0.0,6095.906053518522,5340.265905370374,0.0,0.0,0.0
2025-12-21,54,2025-12-21T09:00:00,2025-12-21T08:50:00,1209.2749999999999,556.93125,2025-12-21T09:00:00,2025-12-21 00:00:00,2025-12-21 00:00:00,2025-12-21T09:00:00,2025-12-21T09:00:00,1.036,1201.075,493.86875000000003,1201.075,493.86875000000003,0.0,0.0,,,0,0,False,0.0,0.0,707.20625,5387.209574074076,4601.424851851854,0.0,0.0,0.0,652.3437499999999,0.0,0.0,0.0,0.0,5340.265905370374,4615.439516481485,0.0,0.0,0.0
2025-12-21,55,2025-12-21T09:10:00,2025-12-21T09:00:00,1179.4681,595.46445,2025-12-21T09:10:00,2025-12-21 00:00:00,2025-12-21 00:00:00,2025-12-21T09:10:00,2025-12-21T09:10:00,1.0147,1192.3758833333334,539.3747500000001,1192.3758833333334,539.3747500000001,0.0,0.0,,,0,0,False,0.0,0.0,653.0011333333333,4601.424851851854,3875.8680370370394,0.0,0.0,0.0,584.00365,0.0,0.0,0.0,0.0,4615.439516481485,3966.5465720370407,0.0,0.0,0.0
2025-12-21,56,2025-12-21T09:20:00,2025-12-21T09:10:00,1169.0280500000001,641.3426833333333,2025-12-21T09:20:00,2025-12-21 00:00:00,2025-12-21 00:00:00,2025-12-21T09:20:00,2025-12-21T09:20:00,0.9922,1199.6451166666668,580.91985,1199.6451166666668,580.91985,0.0,0.0,,,0,0,False,0.0,0.0,618.7252666666668,3875.8680370370394,3188.3955185185205,0.0,0.0,0.0,527.6853666666668,0.0,0.0,0.0,0.0,3966.5465720370407,3380.2294979629664,0.0,0.0,0.0
2025-12-21,57,2025-12-21T09:30:00,2025-12-21T09:20:00,1191.765,686.1,2025-12-21T09:30:00,2025-12-21 00:00:00,2025-12-21 00:00:00,2025-12-21T09:30:00,2025-12-21T09:30:00,0.97,1210.8799999999999,613.80625,1210.8799999999999,613.80625,0.0,0.0,,,0,0,False,0.0,0.0,597.0737499999999,3188.3955185185205,2524.980240740743,0.0,0.0,0.0,505.6650000000001,0.0,0.0,0.0,0.0,3380.2294979629664,2818.3794979629665,0.0,0.0,0.0
2025-12-21,58,2025-12-21T09:40:00,2025-12-21T09:30:00,1209.90835,728.4494833333333,2025-12-21T09:40:00,2025-12-21 00:00:00,2025-12-21 00:00:00,2025-12-21T09:40:00,2025-12-21T09:40:00,0.9422,1193.1831,645.1134833333333,1193.1831,645.1134833333333,0.0,0.0,,,0,0,False,548.0696166666667,0.0,0.0,2524.980240740743,2524.980240740743,0.0,0.0,66.61075000000005,0.0,0.0,0.0,0.0,0.0,2818.3794979629665,2878.3291729629664,516.3911928233333,0.0,516.3911928233333
2025-12-21,59,2025-12-21T09:50:00,2025-12-21T09:40:00,1190.447,763.8465500000001,2025-12-21T09:50:00,2025-12-21 00:00:00,2025-12-21 00:00:00,2025-12-21T09:50:00,2025-12-21T09:50:00,0.9569,1168.83485,701.5909833333334,1168.83485,701.5909833333334,0.0,0.0,,,0,0,False,467.2438666666666,0.0,0.0,2524.980240740743,2524.980240740743,0.0,0.0,40.64341666666678,0.0,0.0,0.0,0.0,0.0,2878.3291729629664,2914.9082479629665,447.10565601333326,0.0,447.10565601333326
2025-12-21,60,2025-12-21T10:00:00,2025-12-21T09:50:00,1152.0383333333332,791.7312499999999,2025-12-21T10:00:00,2025-12-21 00:00:00,2025-12-21 00:00:00,2025-12-21T10:00:00,2025-12-21T10:00:00,0.9977,1163.4466666666667,768.36875,1163.4466666666667,768.36875,0.0,0.0,,,0,0,False,0.0,0.0,395.07791666666674,2524.980240740743,2086.00477777778,0.0,0.0,0.0,360.30708333333325,0.0,0.0,0.0,0.0,2914.9082479629665,2514.5670442592627,0.0,0.0,0.0
2025-12-21,61,2025-12-21T10:10:00,2025-12-21T10:00:00,1145.5621333333333,814.3685166666668,2025-12-21T10:10:00,2025-12-21 00:00:00,2025-12-21 00:00:00,2025-12-21T10:10:00,2025-12-21T10:10:00,0.9919,1182.4659833333333,808.7881333333333,1182.4659833333333,808.7881333333333,0.0,0.0,,,0,0,False,0.0,0.0,373.6778499999999,2086.00477777778,1670.807166666669,0.0,0.0,0.0,331.19361666666657,0.0,0.0,0.0,0.0,2514.5670442592627,2146.5741368518557,0.0,0.0,0.0
2025-12-21,62,2025-12-21T10:20:00,2025-12-21T10:10:00,1152.1980833333334,826.1046500000001,2025-12-21T10:20:00,2025-12-21 00:00:00,2025-12-21 00:00:00,2025-12-21T10:20:00,2025-12-21T10:20:00,0.9588,1194.7524833333334,880.2265000000001,1194.7524833333334,880.2265000000001,0.0,0.0,,,0,0,False,75.03294999999775,0.0,239.49303333333557,1670.807166666669,1404.703796296296,0.0,0.0,0.0,251.06048333333558,0.0,0.0,0.0,0.0,2146.5741368518557,1867.6180442592606,71.94159245999785,0.0,71.94159245999785
2025-12-21,63,2025-12-21T10:30:00,2025-12-21T10:20:00,1158.5783333333334,826.7937499999999,2025-12-21T10:30:00,2025-12-21 00:00:00,2025-12-21 00:00:00,2025-12-21T10:30:00,2025-12-21T10:30:00,0.9549,1175.695,957.6687499999999,1175.695,957.6687499999999,0.0,0.0,,,0,0,False,218.02625,0.0,0.0,1404.703796296296,1404.703796296296,0.0,0.0,0.0,113.75833333333344,0.0,0.0,0.0,0.0,1867.6180442592606,1741.2198961111123,208.193266125,0.0,208.193266125
2025-12-21,64,2025-12-21T10:40:00,2025-12-21T10:30:00,1173.44865,824.36915,2025-12-21T10:40:00,2025-12-21 00:00:00,2025-12-21 00:00:00,2025-12-21T10:40:00,2025-12-21T10:40:00,0.9839,1136.0265,951.7930833333334,1136.0265,951.7930833333334,0.0,0.0,,,0,0,False,0.0,0.0,184.23341666666659,1404.703796296296,1200.0,0.0,0.0,0.0,349.07950000000005,0.0,0.0,0.0,0.0,1741.2198961111123,1353.3537850000012,0.0,0.0,0.0
2025-12-21,65,2025-12-21T10:50:00,2025-12-21T10:40:00,1199.1954,828.13465,2025-12-21T10:50:00,2025-12-21 00:00:00,2025-12-21 00:00:00,2025-12-21T10:50:00,2025-12-21T10:50:00,0.799,1159.3799833333335,938.3686333333334,1159.3799833333335,938.3686333333334,0.0,0.0,,,0,0,False,221.0113500000001,0.0,0.0,1200.0,1200.0,0.0,0.0,0.0,138.01840650000105,12.030993499998829,0.0,0.0,0.0,1353.3537850000012,1200.0,176.58806865000008,48.063819032495324,224.6518876824954
2025-12-21,66,2025-12-21T11:00:00,2025-12-21T10:50:00,1211.1033333333332,829.86875,2025-12-21T11:00:00,2025-12-21 00:00:00,2025-12-21 00:00:00,2025-12-21T11:00:00,2025-12-21T11:00:00,0.5025,1205.295,959.8375,1205.295,959.8375,0.0,0.0,,,0,0,False,1078.7908333333335,833.3333333333333,0.0,1200.0,1950.0,0.0,1.0,697.5562500000003,0.0,0.0,0.0,0.0,0.0,1200.0,1827.8006250000003,542.09239375,0.0,542.09239375
2025-12-21,67,2025-12-21T11:10:00,2025-12-21T11:00:00,1180.0967333333333,817.9991,2025-12-21T11:10:00,2025-12-21 00:00:00,2025-12-21 00:00:00,2025-12-21T11:10:00,2025-12-21T11:10:00,0.4662,1149.2718666666667,985.3323999999999,1149.2718666666667,985.3323999999999,0.0,0.0,,,0,0,False,997.2728000000001,833.3333333333333,0.0,1950.0,2700.0,0.0,1.0,635.1751666666669,0.0,0.0,0.0,0.0,0.0,1827.8006250000003,2399.4582750000004,464.92857936,0.0,464.92857936
2025-12-21,68,2025-12-21T11:20:00,2025-12-21T11:10:00,1158.1015666666667,835.8504166666667,2025-12-21T11:20:00,2025-12-21 00:00:00,2025-12-21 00:00:00,2025-12-21T11:20:00,2025-12-21T11:20:00,0.5007,1094.9024666666667,994.4649166666667,1094.9024666666667,994.4649166666667,0.0,0.0,,,0,0,False,933.7708833333332,833.3333333333333,0.0,2700.0,3450.0,0.0,1.0,611.5197333333331,0.0,0.0,0.0,0.0,0.0,2399.4582750000004,2949.826035,467.539081285,0.0,467.539081285
2025-12-21,69,2025-12-21T11:30:00,2025-12-21T11:20:00,1159.0266666666666,876.05625,2025-12-21T11:30:00,2025-12-21 00:00:00,2025-12-21 00:00:00,2025-12-21T11:30:00,2025-12-21T11:30:00,0.4827,1105.59,984.8562499999999,1105.59,984.8562499999999,0.0,0.0,,,0,0,False,954.0670833333332,833.3333333333333,0.0,3450.0,4200.0,0.0,1.0,671.0966666666666,0.0,0.0,0.0,0.0,0.0,2949.826035,3553.813035,460.52818112499995,0.0,460.52818112499995
2025-12-21,70,2025-12-21T11:40:00,2025-12-21T11:30:00,1143.3451,891.3363666666668,2025-12-21T11:40:00,2025-12-21 00:00:00,2025-12-21 00:00:00,2025-12-21T11:40:00,2025-12-21T11:40:00,0.4785,1139.47885,970.1430166666668,1139.47885,970.1430166666668,0.0,0.0,,,0,0,False,1002.6691666666665,833.3333333333333,0.0,4200.0,4950.0,0.0,1.0,750.6604333333332,0.0,0.0,0.0,0.0,0.0,3553.813035,4229.407425,479.77719624999986,0.0,479.77719624999986
2025-12-21,71,2025-12-21T11:50:00,2025-12-21T11:40:00,1094.3222833333332,929.6148666666667,2025-12-21T11:50:00,2025-12-21 00:00:00,2025-12-21 00:00:00,2025-12-21T11:50:00,2025-12-21T11:50:00,0.4662,1131.7959166666667,968.9551333333334,1131.7959166666667,968.9551333333334,0.0,0.0,,,0,0,False,996.1741166666666,833.3333333333333,0.0,4950.0,5700.0,0.0,1.0,831.4667000000002,0.0,0.0,0.0,0.0,0.0,4229.407425,4977.727455,464.41637318999994,0.0,464.41637318999994
2025-12-21,72,2025-12-21T12:00:00,2025-12-21T11:50:00,1055.1499999999999,981.8000000000001,2025-12-21T12:00:00,2025-12-21 00:00:00,2025-12-21 00:00:00,2025-12-21T12:00:00,2025-12-21T12:00:00,0.4432,1081.895,981.93125,1081.895,981.93125,0.0,0.0,,,0,0,False,933.2970833333333,833.3333333333333,0.0,5700.0,6450.0,0.0,1.0,833.3333333333334,0.0,0.0,26.613750000000095,26.613750000000095,0.0,4977.727455,5727.727455,413.6372673333333,0.0,413.6372673333333
2025-12-21,73,2025-12-21T12:10:00,2025-12-21T12:00:00,1083.6438333333333,984.1491333333333,2025-12-21T12:10:00,2025-12-21 00:00:00,2025-12-21 00:00:00,2025-12-21T12:10:00,2025-12-21T12:10:00,0.4411,1049.1536333333333,995.5673833333334,1049.1536333333333,995.5673833333334,0.0,0.0,,,0,0,False,886.9195833333332,833.3333333333333,0.0,6450.0,7200.0,0.0,1.0,787.4248833333334,0.0,0.0,0.0,0.0,0.0,5727.727455,6436.40985,391.22022820833325,0.0,391.22022820833325
2025-12-21,74,2025-12-21T12:20:00,2025-12-21T12:10:00,1086.7223999999999,978.0274166666667,2025-12-21T12:20:00,2025-12-21 00:00:00,2025-12-21 00:00:00,2025-12-21T12:20:00,2025-12-21T12:20:00,0.4551,1055.6512666666665,1014.8593166666666,1055.6512666666665,1014.8593166666666,0.0,0.0,,,0,0,False,874.1252833333332,833.3333333333333,0.0,7200.0,7950.0,0.0,1.0,765.4303,0.0,0.0,0.0,0.0,0.0,6436.40985,7125.29712,397.81441644499995,0.0,397.81441644499995
2025-12-21,75,2025-12-21T12:30:00,2025-12-21T12:20:00,1045.5516666666667,977.4499999999999,2025-12-21T12:30:00,2025-12-21 00:00:00,2025-12-21 00:00:00,2025-12-21T12:30:00,2025-12-21T12:30:00,0.4463,1060.84,1021.24375,1060.84,1021.24375,0.0,0.0,,,0,0,False,872.9295833333332,833.3333333333333,0.0,7950.0,8700.0,0.0,1.0,804.8279166666664,0.0,0.0,0.0,0.0,0.0,7125.29712,7849.642245,389.5884730416666,0.0,389.5884730416666
2025-12-21,76,2025-12-21T12:40:00,2025-12-21T12:30:00,1039.1261166666666,953.79435,2025-12-21T12:40:00,2025-12-21 00:00:00,2025-12-21 00:00:00,2025-12-21T12:40:00,2025-12-21T12:40:00,0.4113,1015.2818166666666,986.7970999999999,1015.2818166666666,986.7970999999999,0.0,0.0,,,0,0,False,861.81805,833.3333333333333,0.0,8700.0,9450.0,0.0,1.0,776.4862833333334,0.0,0.0,0.0,0.0,0.0,7849.642245,8548.4799,354.465763965,0.0,354.465763965
2025-12-21,77,2025-12-21T12:50:00,2025-12-21T12:40:00,1085.4605,924.9784,2025-12-21T12:50:00,2025-12-21 00:00:00,2025-12-21 00:00:00,2025-12-21T12:50:00,2025-12-21T12:50:00,0.5682,1036.7590166666666,957.1256,1036.7590166666666,957.1256,0.0,0.0,,,0,0,False,912.9667499999999,833.3333333333333,0.0,9450.0,10200.0,0.0,1.0,752.4846500000001,0.0,0.0,0.0,0.0,0.0,8548.4799,9225.716085,518.74770735,0.0,518.74770735
2025-12-21,78,2025-12-21T13:00:00,2025-12-21T12:50:00,1139.4066666666665,898.40625,2025-12-21T13:00:00,2025-12-21 00:00:00,2025-12-21 00:00:00,2025-12-21T13:00:00,2025-12-21T13:00:00,0.8279,1116.8999999999999,937.2875,1116.8999999999999,937.2875,0.0,0.0,,,0,0,False,179.61249999999984,0.0,0.0,10200.0,10200.0,0.0,0.0,0.0,61.3879166666668,0.0,0.0,0.0,0.0,9225.716085,9157.507288703704,148.70118874999986,0.0,148.70118874999986
2025-12-21,79,2025-12-21T13:10:00,2025-12-21T13:00:00,1132.8891,868.5766166666667,2025-12-21T13:10:00,2025-12-21 00:00:00,2025-12-21 00:00:00,2025-12-21T13:10:00,2025-12-21T13:10:00,0.8636,1124.1451666666667,890.6358333333333,1124.1451666666667,890.6358333333333,0.0,0.0,,,0,0,False,233.50933333333342,0.0,0.0,10200.0,10200.0,0.0,0.0,0.0,30.80314999999996,0.0,0.0,0.0,0.0,9157.507288703704,9123.281566481483,201.65866026666674,0.0,201.65866026666674
2025-12-21,80,2025-12-21T13:20:00,2025-12-21T13:10:00,1092.3976,867.0114333333332,2025-12-21T13:20:00,2025-12-21 00:00:00,2025-12-21 00:00:00,2025-12-21T13:20:00,2025-12-21T13:20:00,0.8416,1105.8272166666668,849.1519166666667,1105.8272166666668,849.1519166666667,0.0,0.0,,,0,0,False,256.6753000000001,0.0,0.0,10200.0,10200.0,0.0,0.0,31.28913333333344,0.0,0.0,0.0,0.0,0.0,9123.281566481483,9151.441786481482,216.0179324800001,0.0,216.0179324800001
2025-12-21,81,2025-12-21T13:30:00,2025-12-21T13:20:00,1058.3466666666666,881.3249999999999,2025-12-21T13:30:00,2025-12-21 00:00:00,2025-12-21 00:00:00,2025-12-21T13:30:00,2025-12-21T13:30:00,0.8618,1098.9433333333334,828.03125,1098.9433333333334,828.03125,0.0,0.0,,,0,0,False,270.9120833333334,0.0,0.0,10200.0,10200.0,0.0,0.0,93.89041666666685,0.0,0.0,0.0,0.0,0.0,9151.441786481482,9235.943161481482,233.4720334166667,0.0,233.4720334166667
2025-12-21,82,2025-12-21T13:40:00,2025-12-21T13:30:00,1055.568,863.0583,2025-12-21T13:40:00,2025-12-21 00:00:00,2025-12-21 00:00:00,2025-12-21T13:40:00,2025-12-21T13:40:00,0.8623,1087.4946499999999,810.2703333333334,1087.4946499999999,810.2703333333334,0.0,0.0,,,0,0,False,277.2243166666665,0.0,0.0,10200.0,10200.0,0.0,0.0,84.71461666666642,0.0,0.0,0.0,0.0,0.0,9235.943161481482,9312.186316481482,239.0505282616665,0.0,239.0505282616665
2025-12-21,83,2025-12-21T13:50:00,2025-12-21T13:40:00,1085.9077333333332,832.2836166666666,2025-12-21T13:50:00,2025-12-21 00:00:00,2025-12-21 00:00:00,2025-12-21T13:50:00,2025-12-21T13:50:00,0.9026,1071.4292333333333,788.33055,1071.4292333333333,788.33055,0.0,0.0,,,0,0,False,283.09868333333327,0.0,0.0,10200.0,10200.0,0.0,0.0,29.474566666666533,0.0,0.0,0.0,0.0,0.0,9312.186316481482,9338.713426481481,255.52487157666658,0.0,255.52487157666658
2025-12-21,84,2025-12-21T14:00:00,2025-12-21T13:50:00,1109.8016666666667,807.9187499999999,2025-12-21T14:00:00,2025-12-21 00:00:00,2025-12-21 00:00:00,2025-12-21T14:00:00,2025-12-21T14:00:00,0.9754,1061.8733333333332,754.81875,1061.8733333333332,754.81875,0.0,0.0,,,0,0,False,0.0,0.0,307.0545833333332,10200.0,9858.82824074074,0.0,0.0,0.0,301.8829166666668,0.0,0.0,0.0,0.0,9338.713426481481,9003.287963518518,0.0,0.0,0.0
2025-12-21,85,2025-12-21T14:10:00,2025-12-21T14:00:00,1079.1305666666667,784.2339833333334,2025-12-21T14:10:00,2025-12-21 00:00:00,2025-12-21 00:00:00,2025-12-21T14:10:00,2025-12-21T14:10:00,1.0002,1072.4911833333333,706.8790833333334,1072.4911833333333,706.8790833333334,0.0,0.0,,,0,0,False,0.0,0.0,365.61209999999994,9858.82824074074,9452.592574074073,0.0,0.0,0.0,294.8965833333333,0.0,0.0,0.0,0.0,9003.287963518518,8675.625093148148,0.0,0.0,0.0
2025-12-21,86,2025-12-21T14:20:00,2025-12-21T14:10:00,1051.8516166666666,734.1358666666666,2025-12-21T14:20:00,2025-12-21 00:00:00,2025-12-21 00:00:00,2025-12-21T14:20:00,2025-12-21T14:20:00,0.9978,1099.6715000000002,668.82485,1099.6715000000002,668.82485,0.0,0.0,,,0,0,False,0.0,0.0,430.8466500000002,9452.592574074073,8973.874074074072,0.0,0.0,0.0,317.71574999999996,0.0,0.0,0.0,0.0,8675.625093148148,8322.607593148148,0.0,0.0,0.0
2025-12-21,87,2025-12-21T14:30:00,2025-12-21T14:20:00,1048.9283333333333,664.7312499999999,2025-12-21T14:30:00,2025-12-21 00:00:00,2025-12-21 00:00:00,2025-12-21T14:30:00,2025-12-21T14:30:00,1.0271,1108.9366666666667,640.30625,1108.9366666666667,640.30625,0.0,0.0,,,0,0,False,0.0,0.0,468.63041666666675,8973.874074074072,8453.17361111111,0.0,0.0,0.0,384.19708333333335,0.0,0.0,0.0,0.0,8322.607593148148,7895.721945,0.0,0.0,0.0
2025-12-21,88,2025-12-21T14:40:00,2025-12-21T14:30:00,1040.1812499999999,609.7969166666667,2025-12-21T14:40:00,2025-12-21 00:00:00,2025-12-21 00:00:00,2025-12-21T14:40:00,2025-12-21T14:40:00,1.0906,1068.8516,600.0526166666667,1068.8516,600.0526166666667,0.0,0.0,,,0,0,False,0.0,0.0,468.79898333333324,8453.17361111111,7932.285851851851,0.0,0.0,0.0,430.3843333333332,0.0,0.0,0.0,0.0,7895.721945,7417.517130185186,0.0,0.0,0.0
2025-12-21,89,2025-12-21T14:50:00,2025-12-21T14:40:00,1044.6055,553.5727499999999,2025-12-21T14:50:00,2025-12-21 00:00:00,2025-12-21 00:00:00,2025-12-21T14:50:00,2025-12-21T14:50:00,0.9376,1061.4604166666666,567.6825333333334,1061.4604166666666,567.6825333333334,0.0,0.0,,,0,0,False,0.0,0.0,493.7778833333332,7932.285851851851,7383.643759259258,0.0,0.0,0.0,491.03274999999996,0.0,0.0,0.0,0.0,7417.517130185186,6871.925185740742,0.0,0.0,0.0
2025-12-21,90,2025-12-21T15:00:00,2025-12-21T14:50:00,1051.4716666666666,492.93125000000003,2025-12-21T15:00:00,2025-12-21 00:00:00,2025-12-21 00:00:00,2025-12-21T15:00:00,2025-12-21T15:00:00,0.6694,1093.01,542.38125,1093.01,542.38125,0.0,0.0,,,0,0,False,1383.9620833333333,833.3333333333333,0.0,7383.643759259258,8133.643759259258,0.0,1.0,825.4216666666669,0.0,0.0,0.0,0.0,0.0,6871.925185740742,7614.804685740742,926.4242185833333,0.0,926.4242185833333
2025-12-21,91,2025-12-21T15:10:00,2025-12-21T15:00:00,1030.7194166666666,444.2658333333333,2025-12-21T15:10:00,2025-12-21 00:00:00,2025-12-21 00:00:00,2025-12-21T15:10:00,2025-12-21T15:10:00,0.66,1087.8379,500.2134833333334,1087.8379,500.2134833333334,0.0,0.0,,,0,0,False,1420.9577499999998,833.3333333333333,0.0,8133.643759259258,8883.64375925926,0.0,1.0,833.3333333333334,0.0,0.0,1.1708333333332348,1.1708333333332348,0.0,7614.804685740742,8364.804685740743,937.8321149999999,0.0,937.8321149999999
2025-12-21,92,2025-12-21T15:20:00,2025-12-21T15:10:00,1041.5735,400.76741666666663,2025-12-21T15:20:00,2025-12-21 00:00:00,2025-12-21 00:00:00,2025-12-21T15:20:00,2025-12-21T15:20:00,0.7217,1060.7003333333334,448.6656,1060.7003333333334,448.6656,0.0,0.0,,,0,0,False,1445.3680666666667,833.3333333333333,0.0,8883.64375925926,9633.64375925926,0.0,1.0,804.5619833333333,0.0,0.0,0.0,0.0,0.0,8364.804685740743,9088.910470740742,1043.1221337133334,0.0,1043.1221337133334
2025-12-21,93,2025-12-21T15:30:00,2025-12-21T15:20:00,1068.8316666666667,361.14375,2025-12-21T15:30:00,2025-12-21 00:00:00,2025-12-21 00:00:00,2025-12-21T15:30:00,2025-12-21T15:30:00,0.7308,1055.19,401.075,1055.19,401.075,0.0,0.0,,,0,0,False,1487.4483333333333,833.3333333333333,0.0,9633.64375925926,10383.64375925926,0.0,1.0,779.7604166666665,0.0,0.0,0.0,0.0,0.0,9088.910470740742,9790.694845740742,1087.027242,0.0,1087.027242
2025-12-21,94,2025-12-21T15:40:00,2025-12-21T15:30:00,1038.2059166666666,329.51135,2025-12-21T15:40:00,2025-12-21 00:00:00,2025-12-21 00:00:00,2025-12-21T15:40:00,2025-12-21T15:40:00,0.7534,1092.7591166666666,363.4090166666667,1092.7591166666666,363.4090166666667,0.0,0.0,,,0,0,False,1191.9681452674895,462.6180452674897,0.0,10383.64375925926,10800.0,0.0,0.9999999999999968,483.27357860082293,0.0,0.0,0.0,0.0,0.0,9790.694845740742,10225.641066481483,898.0288006445265,0.0,898.0288006445265
2025-12-21,95,2025-12-21T15:50:00,2025-12-21T15:40:00,1023.3541333333333,286.50898333333333,2025-12-21T15:50:00,2025-12-21 00:00:00,2025-12-21 00:00:00,2025-12-21T15:50:00,2025-12-21T15:50:00,0.7823,1090.3288,322.18951666666663,1090.3288,322.18951666666663,0.0,0.0,,,0,0,False,768.1392833333334,0.0,0.0,10800.0,10800.0,0.0,0.0,31.294133333333548,0.0,0.0,0.0,0.0,0.0,10225.641066481483,10253.805786481484,600.9153613516668,0.0,600.9153613516668
2025-12-21,96,2025-12-21T16:00:00,2025-12-21T15:50:00,1031.7366666666667,235.80625,2025-12-21T16:00:00,2025-12-21 00:00:00,2025-12-21 00:00:00,2025-12-21T16:00:00,2025-12-21T16:00:00,0.8055,1037.98,273.99375000000003,1037.98,273.99375000000003,0.0,0.0,,,0,0,False,763.9862499999999,0.0,0.0,10800.0,10800.0,0.0,0.0,0.0,31.944166666666774,0.0,0.0,0.0,0.0,10253.805786481484,10218.312267962965,615.3909243749999,0.0,615.3909243749999
2025-12-21,97,2025-12-21T16:10:00,2025-12-21T16:00:00,1001.224,199.84213333333332,2025-12-21T16:10:00,2025-12-21 00:00:00,2025-12-21 00:00:00,2025-12-21T16:10:00,2025-12-21T16:10:00,0.8271,1008.1471499999999,227.13693333333333,1008.1471499999999,227.13693333333333,0.0,0.0,,,0,0,False,781.0102166666666,0.0,0.0,10800.0,10800.0,0.0,0.0,0.0,20.37165000000016,0.0,0.0,0.0,0.0,10218.312267962965,10195.677101296298,645.9735502049999,0.0,645.9735502049999
2025-12-21,98,2025-12-21T16:20:00,2025-12-21T16:10:00,1003.6383666666667,160.99521666666666,2025-12-21T16:20:00,2025-12-21 00:00:00,2025-12-21 00:00:00,2025-12-21T16:20:00,2025-12-21T16:20:00,0.8519,1005.7553166666667,177.62276666666665,1005.7553166666667,177.62276666666665,0.0,0.0,,,0,0,False,828.13255,0.0,0.0,10800.0,10800.0,0.0,0.0,0.0,14.510599999999954,0.0,0.0,0.0,0.0,10195.677101296298,10179.554212407409,705.486119345,0.0,705.486119345
2025-12-21,99,2025-12-21T16:30:00,2025-12-21T16:20:00,1038.5466666666666,113.4375,2025-12-21T16:30:00,2025-12-21 00:00:00,2025-12-21 00:00:00,2025-12-21T16:30:00,2025-12-21T16:30:00,0.8791,1028.465,125.0625,1028.465,125.0625,0.0,0.0,,,0,0,False,903.4024999999999,0.0,0.0,10800.0,10800.0,0.0,0.0,0.0,21.706666666666706,0.0,0.0,0.0,0.0,10179.554212407409,10155.43569388889,794.18113775,0.0,794.18113775
2025-12-21,100,2025-12-21T16:40:00,2025-12-21T16:30:00,1029.6313666666667,69.83856666666667,2025-12-21T16:40:00,2025-12-21 00:00:00,2025-12-21 00:00:00,2025-12-21T16:40:00,2025-12-21T16:40:00,0.9024,1068.1531333333335,75.00425,1068.1531333333335,75.00425,0.0,0.0,,,0,0,False,993.1488833333335,0.0,0.0,10800.0,10800.0,0.0,0.0,33.356083333333345,0.0,0.0,0.0,0.0,0.0,10155.43569388889,10185.45616888889,896.2175523200001,0.0,896.2175523200001
2025-12-21,101,2025-12-21T16:50:00,2025-12-21T16:40:00,1021.8329333333332,28.96875,2025-12-21T16:50:00,2025-12-21 00:00:00,2025-12-21 00:00:00,2025-12-21T16:50:00,2025-12-21T16:50:00,0.9163,1055.5353833333334,29.75493333333333,1055.5353833333334,29.75493333333333,0.0,0.0,,,0,0,False,1025.78045,-0.0,0.0,10800.0,10800.0,0.0,0.0,32.91626666666673,0.0,0.0,0.0,0.0,0.0,10185.45616888889,10215.08080888889,939.922626335,0.0,939.922626335
2025-12-21,102,2025-12-21T17:00:00,2025-12-21T16:50:00,1028.7966666666666,0.0,2025-12-21T17:00:00,2025-12-21 00:00:00,2025-12-21 00:00:00,2025-12-21T17:00:00,2025-12-21T17:00:00,0.9264,1014.9216666666666,0.0,1014.9216666666666,0.0,0.0,0.0,,,0,0,False,1014.9216666666666,0.0,0.0,10800.0,10800.0,0.0,0.0,0.0,13.875,0.0,0.0,0.0,0.0,10215.08080888889,10199.664142222224,940.223432,0.0,940.223432
2025-12-21,103,2025-12-21T17:10:00,2025-12-21T17:00:00,1018.6957000000001,0.0,2025-12-21T17:10:00,2025-12-21 00:00:00,2025-12-21 00:00:00,2025-12-21T17:10:00,2025-12-21T17:10:00,0.9462,1037.7973,0.0,1037.7973,0.0,0.0,0.0,,,0,0,False,1037.7973,0.0,0.0,10800.0,10800.0,0.0,0.0,19.10159999999985,0.0,0.0,0.0,0.0,0.0,10199.664142222224,10216.855582222224,981.96380526,0.0,981.96380526
2025-12-21,104,2025-12-21T17:20:00,2025-12-21T17:10:00,1026.7837833333333,1.0334833333333333,2025-12-21T17:20:00,2025-12-21 00:00:00,2025-12-21 00:00:00,2025-12-21T17:20:00,2025-12-21T17:20:00,0.9742,1052.7808333333335,1.0392833333333333,1052.7808333333335,1.0392833333333333,0.0,0.0,,,0,0,False,1051.7415500000002,0.0,0.0,10800.0,10800.0,0.0,0.0,25.991250000000264,0.0,0.0,0.0,0.0,0.0,10216.855582222224,10240.247707222225,1024.6066180100001,0.0,1024.6066180100001
2025-12-21,105,2025-12-21T17:30:00,2025-12-21T17:20:00,1056.4616666666668,0.0,2025-12-21T17:30:00,2025-12-21 00:00:00,2025-12-21 00:00:00,2025-12-21T17:30:00,2025-12-21T17:30:00,0.9862,1047.595,0.0,1047.595,0.0,0.0,0.0,,,0,0,False,1047.595,0.0,0.0,10800.0,10800.0,0.0,0.0,0.0,8.866666666666788,0.0,0.0,0.0,0.0,10240.247707222225,10230.395855370372,1033.138189,0.0,1033.138189
2025-12-21,106,2025-12-21T17:40:00,2025-12-21T17:30:00,1048.3491333333334,0.0,2025-12-21T17:40:00,2025-12-21 00:00:00,2025-12-21 00:00:00,2025-12-21T17:40:00,2025-12-21T17:40:00,0.976,1057.7831833333332,0.0,1057.7831833333332,0.0,0.0,0.0,,,0,0,False,1057.7831833333332,0.0,0.0,10800.0,10800.0,0.0,0.0,9.434049999999843,0.0,0.0,0.0,0.0,0.0,10230.395855370372,10238.886500370372,1032.3963869333331,0.0,1032.3963869333331
2025-12-21,107,2025-12-21T17:50:00,2025-12-21T17:40:00,898.8176333333334,0.0742,2025-12-21T17:50:00,2025-12-21 00:00:00,2025-12-21 00:00:00,2025-12-21T17:50:00,2025-12-21T17:50:00,1.0742,919.2911666666668,0.07461666666666666,919.2911666666668,0.07461666666666666,0.0,0.0,,,0,0,False,919.2165500000001,0.0,0.0,10800.0,10800.0,0.0,0.0,20.47311666666667,0.0,0.0,0.0,0.0,0.0,10238.886500370372,10257.312305370373,987.4224180100001,0.0,987.4224180100001
2025-12-21,108,2025-12-21T18:00:00,2025-12-21T17:50:00,712.6333333333333,0.0,2025-12-21T18:00:00,2025-12-21 00:00:00,2025-12-21 00:00:00,2025-12-21T18:00:00,2025-12-21T18:00:00,1.2313,717.2216666666667,0.0,717.2216666666667,0.0,0.0,0.0,,,0,0,False,717.2216666666667,0.0,0.0,10800.0,10800.0,0.0,0.0,4.588333333333367,0.0,0.0,0.0,0.0,0.0,10257.312305370373,10261.441805370374,883.1150381666667,0.0,883.1150381666667
2025-12-21,109,2025-12-21T18:10:00,2025-12-21T18:00:00,715.4144500000001,0.0,2025-12-21T18:10:00,2025-12-21 00:00:00,2025-12-21 00:00:00,2025-12-21T18:10:00,2025-12-21T18:10:00,1.2561,720.8249333333333,0.0,720.8249333333333,0.0,0.0,0.0,,,0,0,False,720.8249333333333,0.0,-0.0,10800.0,10800.0,0.0,0.0,5.410483333333218,0.0,0.0,0.0,0.0,0.0,10261.441805370374,10266.311240370374,905.42819876,0.0,905.42819876
2025-12-21,110,2025-12-21T18:20:00,2025-12-21T18:10:00,748.2732666666667,0.005333333333333333,2025-12-21T18:20:00,2025-12-21 00:00:00,2025-12-21 00:00:00,2025-12-21T18:20:00,2025-12-21T18:20:00,1.2447,744.6798166666667,0.00535,744.6798166666667,0.00535,0.0,0.0,,,0,0,False,744.6744666666667,0.0,0.0,10800.0,10800.0,0.0,0.0,0.0,3.5934666666667,0.0,0.0,0.0,0.0,10266.311240370374,10262.318499629633,926.89630866,0.0,926.89630866
2025-12-21,111,2025-12-21T18:30:00,2025-12-21T18:20:00,730.0083333333333,0.0,2025-12-21T18:30:00,2025-12-21 00:00:00,2025-12-21 00:00:00,2025-12-21T18:30:00,2025-12-21T18:30:00,1.2545,700.34,0.0,700.34,0.0,0.0,0.0,,,0,0,False,700.34,0.0,0.0,10800.0,10800.0,0.0,0.0,0.0,29.668333333333294,0.0,0.0,0.0,0.0,10262.318499629633,10229.353684814818,878.57653,0.0,878.57653
2025-12-21,112,2025-12-21T18:40:00,2025-12-21T18:30:00,734.3443833333334,0.0,2025-12-21T18:40:00,2025-12-21 00:00:00,2025-12-21 00:00:00,2025-12-21T18:40:00,2025-12-21T18:40:00,1.2522,687.4983000000001,0.0,687.4983000000001,0.0,0.0,0.0,,,0,0,False,687.4983000000001,0.0,0.0,10800.0,10800.0,0.0,0.0,0.0,46.846083333333354,0.0,0.0,0.0,0.0,10229.353684814818,10177.302481111114,860.88537126,0.0,860.88537126
2025-12-21,113,2025-12-21T18:50:00,2025-12-21T18:40:00,750.0835999999999,0.00038333333333333334,2025-12-21T18:50:00,2025-12-21 00:00:00,2025-12-21 00:00:00,2025-12-21T18:50:00,2025-12-21T18:50:00,1.2881,702.9292666666666,0.00038333333333333334,702.9292666666666,0.00038333333333333334,0.0,0.0,,,0,0,False,110.61005000000102,0.0,592.3188333333322,10800.0,10141.867962962964,0.0,0.0,0.0,639.4731666666655,0.0,0.0,0.0,0.0,10177.302481111114,9466.776740370375,142.47680540500133,0.0,142.47680540500133
2025-12-21,114,2025-12-21T19:00:00,2025-12-21T18:50:00,748.46,0.0,2025-12-21T19:00:00,2025-12-21 00:00:00,2025-12-21 00:00:00,2025-12-21T19:00:00,2025-12-21T19:00:00,1.3466,721.9416666666666,0.0,721.9416666666666,0.0,0.0,0.0,,,0,0,False,0.0,0.0,721.9416666666666,10141.867962962964,9339.710555555557,0.0,0.0,0.0,748.46,0.0,0.0,0.0,0.0,9466.776740370375,8635.154518148152,0.0,0.0,0.0
2025-12-21,115,2025-12-21T19:10:00,2025-12-21T19:00:00,722.4832333333334,0.0,2025-12-21T19:10:00,2025-12-21 00:00:00,2025-12-21 00:00:00,2025-12-21T19:10:00,2025-12-21T19:10:00,1.3523,732.0482999999999,0.0,732.0482999999999,0.0,0.0,0.0,,,0,0,False,0.0,0.0,732.0482999999999,9339.710555555557,8526.323555555557,0.0,0.0,0.0,722.4832333333334,0.0,0.0,0.0,0.0,8635.154518148152,7832.395370000004,0.0,0.0,0.0
2025-12-21,116,2025-12-21T19:20:00,2025-12-21T19:10:00,726.1655166666666,0.0,2025-12-21T19:20:00,2025-12-21 00:00:00,2025-12-21 00:00:00,2025-12-21T19:20:00,2025-12-21T19:20:00,1.3445,742.1127499999999,0.0,742.1127499999999,0.0,0.0,0.0,,,0,0,False,0.0,0.0,742.1127499999999,8526.323555555557,7701.753833333334,0.0,0.0,0.0,726.1655166666666,0.0,0.0,0.0,0.0,7832.395370000004,7025.54479592593,0.0,0.0,0.0
2025-12-21,117,2025-12-21T19:30:00,2025-12-21T19:20:00,744.4316666666667,0.0,2025-12-21T19:30:00,2025-12-21 00:00:00,2025-12-21 00:00:00,2025-12-21T19:30:00,2025-12-21T19:30:00,1.3483,743.3583333333332,0.0,743.3583333333332,0.0,0.0,0.0,,,0,0,False,0.0,0.0,743.3583333333332,7701.753833333334,6875.800129629631,0.0,0.0,0.0,744.4316666666667,0.0,0.0,0.0,0.0,7025.54479592593,6198.398499629634,0.0,0.0,0.0
2025-12-21,118,2025-12-21T19:40:00,2025-12-21T19:30:00,716.9286999999999,0.0,2025-12-21T19:40:00,2025-12-21 00:00:00,2025-12-21 00:00:00,2025-12-21T19:40:00,2025-12-21T19:40:00,1.349,719.89135,0.0,719.89135,0.0,0.0,0.0,,,0,0,False,0.0,0.0,719.89135,6875.800129629631,6075.920851851853,0.0,0.0,0.0,716.9286999999999,0.0,0.0,0.0,0.0,6198.398499629634,5401.81105518519,0.0,0.0,0.0
2025-12-21,119,2025-12-21T19:50:00,2025-12-21T19:40:00,733.1194999999999,0.0,2025-12-21T19:50:00,2025-12-21 00:00:00,2025-12-21 00:00:00,2025-12-21T19:50:00,2025-12-21T19:50:00,1.3473,716.79235,0.0,716.79235,0.0,0.0,0.0,,,0,0,False,0.0,0.0,716.79235,6075.920851851853,5279.484907407408,0.0,0.0,0.0,733.1194999999999,0.0,0.0,0.0,0.0,5401.81105518519,4587.233832962967,0.0,0.0,0.0
2025-12-21,120,2025-12-21T20:00:00,2025-12-21T19:50:00,780.2683333333333,0.0,2025-12-21T20:00:00,2025-12-21 00:00:00,2025-12-21 00:00:00,2025-12-21T20:00:00,2025-12-21T20:00:00,1.3482,745.0716666666667,0.0,745.0716666666667,0.0,0.0,0.0,,,0,0,False,0.0,0.0,745.0716666666667,5279.484907407408,4451.6275000000005,0.0,0.0,0.0,780.2683333333333,0.0,0.0,0.0,0.0,4587.233832962967,3720.2690181481526,0.0,0.0,0.0
2025-12-21,121,2025-12-21T20:10:00,2025-12-21T20:00:00,747.5859,0.0,2025-12-21T20:10:00,2025-12-21 00:00:00,2025-12-21 00:00:00,2025-12-21T20:10:00,2025-12-21T20:10:00,1.3513,766.45415,0.0,766.45415,0.0,0.0,0.0,,,0,0,False,0.0,0.0,766.45415,4451.6275000000005,3600.0117777777778,0.0,0.0,0.0,747.5859,0.0,0.0,0.0,0.0,3720.2690181481526,2889.6180181481523,0.0,0.0,0.0
2025-12-21,122,2025-12-21T20:20:00,2025-12-21T20:10:00,692.8171000000001,0.0,2025-12-21T20:20:00,2025-12-21 00:00:00,2025-12-21 00:00:00,2025-12-21T20:20:00,2025-12-21T20:20:00,1.34,746.2377333333334,0.0,746.2377333333334,0.0,0.0,0.0,,,0,0,False,0.0,0.0,746.2377333333334,3600.0117777777778,2770.858740740741,0.0,0.0,0.0,692.8171000000001,0.0,0.0,0.0,0.0,2889.6180181481523,2119.8212403703747,0.0,0.0,0.0
2025-12-21,123,2025-12-21T20:30:00,2025-12-21T20:20:00,681.7516666666667,0.0,2025-12-21T20:30:00,2025-12-21 00:00:00,2025-12-21 00:00:00,2025-12-21T20:30:00,2025-12-21T20:30:00,1.3489,706.9566666666666,0.0,706.9566666666666,0.0,0.0,0.0,,,0,0,False,0.0,0.0,706.9566666666666,2770.858740740741,1985.3513333333335,0.0,0.0,0.0,681.7516666666667,0.0,0.0,0.0,0.0,2119.8212403703747,1362.3193885185228,0.0,0.0,0.0
2025-12-21,124,2025-12-21T20:40:00,2025-12-21T20:30:00,720.3711,0.0,2025-12-21T20:40:00,2025-12-21 00:00:00,2025-12-21 00:00:00,2025-12-21T20:40:00,2025-12-21T20:40:00,1.3952,706.8162000000001,0.0,706.8162000000001,0.0,0.0,0.0,,,0,0,False,0.0,0.0,706.8162000000001,1985.3513333333335,1200.0,0.0,0.0,0.0,146.08744966667055,574.2836503333294,0.0,0.0,0.0,1362.3193885185228,1200.0,0.0,4006.2027447253063,4006.2027447253063
2025-12-21,125,2025-12-21T20:50:00,2025-12-21T20:40:00,722.8001666666668,0.0,2025-12-21T20:50:00,2025-12-21 00:00:00,2025-12-21 00:00:00,2025-12-21T20:50:00,2025-12-21T20:50:00,1.2226,724.2105166666666,0.0,724.2105166666666,0.0,0.0,0.0,,,0,0,False,724.2105166666666,0.0,0.0,1200.0,1200.0,0.0,0.0,1.4103499999998803,0.0,0.0,0.0,0.0,0.0,1200.0,1201.269315,885.4197776766666,0.0,885.4197776766666
2025-12-21,126,2025-12-21T21:00:00,2025-12-21T20:50:00,690.7433333333333,0.0,2025-12-21T21:00:00,2025-12-21 00:00:00,2025-12-21 00:00:00,2025-12-21T21:00:00,2025-12-21T21:00:00,0.9332,732.85,0.0,732.85,0.0,0.0,0.0,,,0,0,False,732.85,0.0,0.0,1200.0,1200.0,0.0,0.0,42.10666666666668,0.0,0.0,0.0,0.0,0.0,1201.269315,1239.165315,683.89562,0.0,683.89562
2025-12-21,127,2025-12-21T21:10:00,2025-12-21T21:00:00,704.5435000000001,0.0,2025-12-21T21:10:00,2025-12-21 00:00:00,2025-12-21 00:00:00,2025-12-21T21:10:00,2025-12-21T21:10:00,0.9068,727.7661499999999,0.0,727.7661499999999,0.0,0.0,0.0,,,0,0,False,727.7661499999999,0.0,0.0,1200.0,1200.0,0.0,0.0,23.222649999999817,0.0,0.0,0.0,0.0,0.0,1239.165315,1260.0656999999999,659.93834482,0.0,659.93834482
2025-12-21,128,2025-12-21T21:20:00,2025-12-21T21:10:00,721.1607166666666,0.0,2025-12-21T21:20:00,2025-12-21 00:00:00,2025-12-21 00:00:00,2025-12-21T21:20:00,2025-12-21T21:20:00,0.9371,725.3740666666666,0.0,725.3740666666666,0.0,0.0,0.0,,,0,0,False,725.3740666666666,0.0,0.0,1200.0,1200.0,0.0,0.0,4.213349999999991,0.0,0.0,0.0,0.0,0.0,1260.0656999999999,1263.8577149999999,679.7480378733334,0.0,679.7480378733334
2025-12-21,129,2025-12-21T21:30:00,2025-12-21T21:20:00,726.305,0.0,2025-12-21T21:30:00,2025-12-21 00:00:00,2025-12-21 00:00:00,2025-12-21T21:30:00,2025-12-21T21:30:00,0.9371,738.7916666666666,0.0,738.7916666666666,0.0,0.0,0.0,,,0,0,False,738.7916666666666,0.0,0.0,1200.0,1200.0,0.0,0.0,12.486666666666679,0.0,0.0,0.0,0.0,0.0,1263.8577149999999,1275.095715,692.3216708333333,0.0,692.3216708333333
2025-12-21,130,2025-12-21T21:40:00,2025-12-21T21:30:00,739.5190333333334,0.0,2025-12-21T21:40:00,2025-12-21 00:00:00,2025-12-21 00:00:00,2025-12-21T21:40:00,2025-12-21T21:40:00,0.9871,753.2937499999999,0.0,753.2937499999999,0.0,0.0,0.0,,,0,0,False,753.2937499999999,0.0,-0.0,1200.0,1200.0,0.0,0.0,13.774716666666563,0.0,0.0,0.0,0.0,0.0,1275.095715,1287.4929599999998,743.5762606249999,0.0,743.5762606249999
2025-12-21,131,2025-12-21T21:50:00,2025-12-21T21:40:00,678.4992333333333,0.0,2025-12-21T21:50:00,2025-12-21 00:00:00,2025-12-21 00:00:00,2025-12-21T21:50:00,2025-12-21T21:50:00,0.7764,683.0635166666666,0.0,683.0635166666666,0.0,0.0,0.0,,,0,0,False,683.0635166666666,0.0,-0.0,1200.0,1200.0,0.0,0.0,4.564283333333265,0.0,0.0,0.0,0.0,0.0,1287.4929599999998,1291.6008149999998,530.3305143399999,0.0,530.3305143399999
2025-12-21,132,2025-12-21T22:00:00,2025-12-21T21:50:00,572.4,0.0,2025-12-21T22:00:00,2025-12-21 00:00:00,2025-12-21 00:00:00,2025-12-21T22:00:00,2025-12-21T22:00:00,0.4209,570.3616666666667,0.0,570.3616666666667,0.0,0.0,0.0,,,0,0,False,1403.695,833.3333333333333,0.0,1200.0,1950.0,0.0,1.0,831.295,0.0,0.0,0.0,0.0,0.0,1291.6008149999998,2039.7663149999998,590.8152255,0.0,590.8152255
2025-12-21,133,2025-12-21T22:10:00,2025-12-21T22:00:00,545.0923166666666,0.0,2025-12-21T22:10:00,2025-12-21 00:00:00,2025-12-21 00:00:00,2025-12-21T22:10:00,2025-12-21T22:10:00,0.3859,552.9186166666667,0.0,552.9186166666667,0.0,0.0,0.0,,,0,0,False,1386.2519499999999,833.3333333333333,0.0,1950.0,2700.0,0.0,1.0,833.3333333333334,0.0,0.0,7.826299999999833,7.826299999999833,0.0,2039.7663149999998,2789.766315,534.954627505,0.0,534.954627505
2025-12-21,134,2025-12-21T22:20:00,2025-12-21T22:10:00,550.8361333333334,0.0,2025-12-21T22:20:00,2025-12-21 00:00:00,2025-12-21 00:00:00,2025-12-21T22:20:00,2025-12-21T22:20:00,0.4368,569.8221833333333,0.0,569.8221833333333,0.0,0.0,0.0,,,0,0,False,569.8221833333333,0.0,0.0,2700.0,2700.0,0.0,0.0,18.986049999999977,0.0,0.0,0.0,0.0,0.0,2789.766315,2806.85376,248.89832968000002,0.0,248.89832968000002
2025-12-21,135,2025-12-21T22:30:00,2025-12-21T22:20:00,542.6,0.0,2025-12-21T22:30:00,2025-12-21 00:00:00,2025-12-21 00:00:00,2025-12-21T22:30:00,2025-12-21T22:30:00,0.4198,565.9616666666667,0.0,565.9616666666667,0.0,0.0,0.0,,,0,0,False,1399.295,833.3333333333333,0.0,2700.0,3450.0,0.0,1.0,833.3333333333334,0.0,0.0,23.36166666666668,23.36166666666668,0.0,2806.85376,3556.85376,587.424041,0.0,587.424041
2025-12-21,136,2025-12-21T22:40:00,2025-12-21T22:30:00,525.919,0.0,2025-12-21T22:40:00,2025-12-21 00:00:00,2025-12-21 00:00:00,2025-12-21T22:40:00,2025-12-21T22:40:00,0.4186,548.3579,0.0,548.3579,0.0,0.0,0.0,,,0,0,False,1381.6912333333332,833.3333333333333,0.0,3450.0,4200.0,0.0,1.0,833.3333333333334,0.0,0.0,22.438899999999876,22.438899999999876,0.0,3556.85376,4306.85376,578.3759502733333,0.0,578.3759502733333
2025-12-21,137,2025-12-21T22:50:00,2025-12-21T22:40:00,543.3939166666667,0.0,2025-12-21T22:50:00,2025-12-21 00:00:00,2025-12-21 00:00:00,2025-12-21T22:50:00,2025-12-21T22:50:00,0.4241,543.2948333333333,0.0,543.2948333333333,0.0,0.0,0.0,,,0,0,False,543.2948333333333,0.0,0.0,4200.0,4200.0,0.0,-0.0,0.0,0.0990833333333967,0.0,0.0,0.0,0.0,4306.85376,4306.743667407407,230.4113388166666,0.0,230.4113388166666
2025-12-21,138,2025-12-21T23:00:00,2025-12-21T22:50:00,584.8283333333333,0.0,2025-12-21T23:00:00,2025-12-21 00:00:00,2025-12-21 00:00:00,2025-12-21T23:00:00,2025-12-21T23:00:00,0.4237,558.3249999999999,0.0,558.3249999999999,0.0,0.0,0.0,,,0,0,False,1391.6583333333333,833.3333333333333,0.0,4200.0,4950.0,0.0,1.0,806.83,0.0,0.0,0.0,0.0,0.0,4306.743667407407,5032.890667407407,589.6456358333334,0.0,589.6456358333334
2025-12-21,139,2025-12-21T23:10:00,2025-12-21T23:00:00,592.4525666666667,0.0,2025-12-21T23:10:00,2025-12-21 00:00:00,2025-12-21 00:00:00,2025-12-21T23:10:00,2025-12-21T23:10:00,0.4248,578.14965,0.0,578.14965,0.0,0.0,0.0,,,0,0,False,578.14965,0.0,0.0,4950.0,4950.0,0.0,0.0,0.0,14.30291666666676,0.0,0.0,0.0,0.0,5032.890667407407,5016.9985377777775,245.59797132,0.0,245.59797132
2025-12-21,140,2025-12-21T23:20:00,2025-12-21T23:10:00,565.9438,0.0,2025-12-21T23:20:00,2025-12-21 00:00:00,2025-12-21 00:00:00,2025-12-21T23:20:00,2025-12-21T23:20:00,0.424,587.9633333333334,0.0,587.9633333333334,0.0,0.0,0.0,,,0,0,False,1421.2966666666666,833.3333333333333,0.0,4950.0,5700.0,0.0,1.0,833.3333333333334,0.0,0.0,22.019533333333243,22.019533333333243,0.0,5016.9985377777775,5766.9985377777775,602.6297866666666,0.0,602.6297866666666
2025-12-21,141,2025-12-21T23:30:00,2025-12-21T23:20:00,550.9316666666667,0.0,2025-12-21T23:30:00,2025-12-21 00:00:00,2025-12-21 00:00:00,2025-12-21T23:30:00,2025-12-21T23:30:00,0.422,578.2983333333333,0.0,578.2983333333333,0.0,0.0,0.0,,,0,0,False,1411.6316666666667,833.3333333333333,0.0,5700.0,6450.0,0.0,1.0,833.3333333333334,0.0,0.0,27.36666666666656,27.36666666666656,0.0,5766.9985377777775,6516.9985377777775,595.7085633333334,0.0,595.7085633333334
2025-12-21,142,2025-12-21T23:40:00,2025-12-21T23:30:00,589.9602166666667,0.0,2025-12-21T23:40:00,2025-12-21 00:00:00,2025-12-21 00:00:00,2025-12-21T23:40:00,2025-12-21T23:40:00,0.424,557.10235,0.0,557.10235,0.0,0.0,0.0,,,0,0,False,586.2228440329075,29.12049403290742,0.0,6450.0,6476.208444629617,0.0,1.0,0.0,3.7373726337592643,0.0,0.0,0.0,0.0,6516.9985377777775,6512.845901518045,248.55848586995276,0.0,248.55848586995276
2025-12-21,143,2025-12-21T23:50:00,2025-12-21T23:40:00,595.3318333333333,0.0,2025-12-21T23:50:00,2025-12-21 00:00:00,2025-12-21 00:00:00,2025-12-21T23:50:00,2025-12-21T23:50:00,0.4271,577.9149666666666,0.0,577.9149666666666,0.0,0.0,0.0,,,0,0,False,577.9149666666666,0.0,0.0,6476.208444629617,6476.208444629617,0.0,-0.0,0.0,17.416866666666692,0.0,0.0,0.0,0.0,6512.845901518045,6493.493827443971,246.82748226333328,0.0,246.82748226333328
2025-12-21,144,2025-12-22T00:00:00,2025-12-21T23:50:00,577.4,0.0,2025-12-22T00:00:00,2025-12-21 00:00:00,2025-12-21 00:00:00,2025-12-22T00:00:00,2025-12-22T00:00:00,0.4276,609.63,0.0,609.63,0.0,0.0,0.0,,,0,0,False,609.63,0.0,0.0,6476.208444629617,6476.208444629617,0.0,0.0,32.23000000000002,0.0,0.0,0.0,0.0,0.0,6493.493827443971,6522.500827443971,260.67778799999996,0.0,260.67778799999996
