date,slot_id,load_actual_kw,interval_end,interval_start,load_raw_time_label,load_source_row,load_source_column,pv_actual_kw,pv_raw_time_label,pv_source_row,pv_source_column,actual_price_yuan_per_kwh,price_raw_time_label,price_source_row,price_source_column,fixed_price_yuan_per_kwh,load_actual_kwh,pv_actual_kwh,net_load_actual_kw,net_load_actual_kwh,available_time,issue_time,forecast_history_end,dispatch_time,decision_input_cutoff,price_yuan_per_kwh,load_forecast_kwh,pv_forecast_kwh,risk_delta_kwh,plan_load_kwh,plan_pv_kwh,selected_index,selected_tau,selected_profile,selected_terminal,selected_terminal_energy_kwh,grid_plan_kwh,charge_plan_kwh,discharge_plan_kwh,energy_start_plan_kwh,energy_end_plan_kwh,pv_curtailment_plan_kwh,charge_mode_plan,charge_actual_kwh,discharge_actual_kwh,emergency_kwh,surplus_kwh,unused_grid_kwh,pv_curtailment_kwh,energy_start_actual_kwh,energy_end_actual_kwh,planned_cost_yuan,emergency_cost_yuan,total_cost_yuan
2025-01-24,1,2454.856,2025-01-24T00:10:00,2025-01-24T00:00:00,00:10:00,25,B,0.0,00:10:00,25,B,0.3048,00:10:00,25,B,0.4248,409.1426666666667,0.0,2454.856,409.1426666666667,2025-01-24T00:10:00,2025-01-24 00:00:00,2025-01-24 00:00:00,2025-01-24T00:10:00,2025-01-24T00:10:00,0.4248,364.8331256277157,0.09863773620576857,27.280378734877683,392.11350436259335,0.09863773620576857,0,0.8,evening_hedge,1200.0,1200.0,1225.348199959721,833.3333333333333,0.0,6000.0,6750.0,0.0,1.0,816.2055332930543,0.0,0.0,0.0,0.0,0.0,6000.0,6734.584979963749,520.5279153428894,0.0,520.5279153428894
2025-01-24,2,2503.1642,2025-01-24T00:20:00,2025-01-24T00:10:00,00:20:00,25,C,0.0,00:20:00,25,C,0.3072,00:20:00,25,C,0.4245,417.1940333333334,0.0,2503.1642,417.1940333333334,2025-01-24T00:20:00,2025-01-24 00:00:00,2025-01-24 00:00:00,2025-01-24T00:20:00,2025-01-24T00:20:00,0.4245,386.25626117631026,0.3633251256183183,27.280378734877683,413.53663991118793,0.3633251256183183,0,0.8,evening_hedge,1200.0,1200.0,1246.5066481189028,833.3333333333333,0.0,6750.0,7500.0,0.0,1.0,829.3126147855694,0.0,0.0,0.0,0.0,0.0,6734.584979963749,7480.966333270761,529.1420721264742,0.0,529.1420721264742
2025-01-24,3,2653.22,2025-01-24T00:30:00,2025-01-24T00:20:00,00:30:00,25,D,0.0,00:30:00,25,D,0.3419,00:30:00,25,D,0.4269,442.2033333333333,0.0,2653.22,442.2033333333333,2025-01-24T00:30:00,2025-01-24 00:00:00,2025-01-24 00:00:00,2025-01-24T00:30:00,2025-01-24T00:30:00,0.4269,450.1290119811034,0.7809283067332312,27.280378734877683,477.4093907159811,0.7809283067332312,0,0.8,evening_hedge,1200.0,1200.0,1309.9617957425812,833.3333333333333,0.0,7500.0,8250.0,0.0,1.0,833.3333333333334,0.0,0.0,34.42512907591447,34.42512907591447,0.0,7480.966333270761,8230.96633327076,559.2226906025079,0.0,559.2226906025079
2025-01-24,4,2860.271,2025-01-24T00:40:00,2025-01-24T00:30:00,00:40:00,25,E,0.0,00:40:00,25,E,0.3798,00:40:00,25,E,0.4272,476.71183333333335,0.0,2860.271,476.71183333333335,2025-01-24T00:40:00,2025-01-24 00:00:00,2025-01-24 00:00:00,2025-01-24T00:40:00,2025-01-24T00:40:00,0.4272,472.3553626435992,1.3300803799677872,27.280378734877683,499.6357413784769,1.3300803799677872,0,0.8,evening_hedge,1200.0,1200.0,1331.6389943318422,833.3333333333333,0.0,8250.0,9000.0,0.0,1.0,833.3333333333334,0.0,0.0,21.59382766517558,21.59382766517558,0.0,8230.96633327076,8980.96633327076,568.876178378563,0.0,568.876178378563
2025-01-24,5,2880.7933,2025-01-24T00:50:00,2025-01-24T00:40:00,00:50:00,25,F,0.0,00:50:00,25,F,0.3823,00:50:00,25,F,0.4271,480.13221666666664,0.0,2880.7933,480.13221666666664,2025-01-24T00:50:00,2025-01-24 00:00:00,2025-01-24 00:00:00,2025-01-24T00:50:00,2025-01-24T00:50:00,0.4271,440.6535371995405,1.9818428152590795,27.280378734877683,467.93391593441817,1.9818428152590795,0,0.8,evening_hedge,1200.0,1200.0,1299.2854064524922,833.3333333333333,0.0,9000.0,9750.0,0.0,1.0,819.1531897858256,0.0,0.0,0.0,0.0,0.0,8980.96633327076,9718.204204078003,554.9247970958594,0.0,554.9247970958594
2025-01-24,6,2778.73,2025-01-24T01:00:00,2025-01-24T00:50:00,01:00:00,25,G,0.0,01:00:00,25,G,0.3679,01:00:00,25,G,0.4285,463.12166666666667,0.0,2778.73,463.12166666666667,2025-01-24T01:00:00,2025-01-24 00:00:00,2025-01-24 00:00:00,2025-01-24T01:00:00,2025-01-24T01:00:00,0.4285,407.36622335525476,2.70061099385335,27.280378734877683,434.64660209013243,2.70061099385335,0,0.8,evening_hedge,1200.0,1200.0,431.9459910962791,0.0,0.0,9750.0,9750.0,0.0,-0.0,0.0,31.17567557038757,0.0,0.0,0.0,0.0,9718.204204078003,9683.56456455535,185.0888571847556,0.0,185.0888571847556
2025-01-24,7,2843.3884,2025-01-24T01:10:00,2025-01-24T01:00:00,01:10:00,25,H,0.0,01:10:00,25,H,0.3868,01:10:00,25,H,0.4311,473.89806666666664,0.0,2843.3884,473.89806666666664,2025-01-24T01:10:00,2025-01-24 00:00:00,2025-01-24 00:00:00,2025-01-24T01:10:00,2025-01-24T01:10:00,0.4311,434.8804923953798,3.445244772951057,35.880152311859355,470.7606447072392,3.445244772951057,0,0.8,evening_hedge,1200.0,1200.0,467.3153999342881,0.0,0.0,9750.0,9750.0,0.0,0.0,0.0,6.582666732378527,0.0,0.0,0.0,0.0,9683.56456455535,9676.250490408263,201.4596689116716,0.0,201.4596689116716
2025-01-24,8,2844.8353,2025-01-24T01:20:00,2025-01-24T01:10:00,01:20:00,25,I,0.0,01:20:00,25,I,0.3812,01:20:00,25,I,0.4302,474.1392166666667,0.0,2844.8353,474.1392166666667,2025-01-24T01:20:00,2025-01-24 00:00:00,2025-01-24 00:00:00,2025-01-24T01:20:00,2025-01-24T01:20:00,0.4302,446.2478219025699,4.170400126898761,35.880152311859355,482.1279742144293,4.170400126898761,0,0.8,evening_hedge,1200.0,1200.0,477.95757408753053,0.0,0.0,9750.0,9750.0,0.0,-0.0,3.8183574208638333,0.0,0.0,0.0,0.0,0.0,9676.250490408263,9679.68701208704,205.61734837245564,0.0,205.61734837245564
2025-01-24,9,2777.55,2025-01-24T01:30:00,2025-01-24T01:20:00,01:30:00,25,J,0.0,01:30:00,25,J,0.3569,01:30:00,25,J,0.4279,462.925,0.0,2777.55,462.925,2025-01-24T01:30:00,2025-01-24 00:00:00,2025-01-24 00:00:00,2025-01-24T01:30:00,2025-01-24T01:30:00,0.4279,431.59004468751533,4.8280335296093035,35.880152311859355,467.4701969993747,4.8280335296093035,0,0.8,evening_hedge,1200.0,1200.0,795.9754968030987,333.3333333333333,0.0,9750.0,10050.0,0.0,0.999999999999999,333.0504968030987,0.0,0.0,0.0,0.0,0.0,9679.68701208704,9979.43245920983,340.597915082046,0.0,340.597915082046
2025-01-24,10,2879.605,2025-01-24T01:40:00,2025-01-24T01:30:00,01:40:00,25,K,0.0,01:40:00,25,K,0.3801,01:40:00,25,K,0.4312,479.93416666666667,0.0,2879.605,479.93416666666667,2025-01-24T01:40:00,2025-01-24 00:00:00,2025-01-24 00:00:00,2025-01-24T01:40:00,2025-01-24T01:40:00,0.4312,454.1731454657523,5.369046882431862,35.880152311859355,490.0532977776117,5.369046882431862,0,0.8,evening_hedge,1200.0,1200.0,484.68425089517984,0.0,0.0,10050.0,10050.0,0.0,0.0,4.750084228513174,0.0,0.0,0.0,0.0,0.0,9979.43245920983,9983.707535015492,208.99584898600156,0.0,208.99584898600156
2025-01-24,11,2944.2292,2025-01-24T01:50:00,2025-01-24T01:40:00,01:50:00,25,L,0.0,01:50:00,25,L,0.3962,01:50:00,25,L,0.4333,490.7048666666667,0.0,2944.2292,490.7048666666667,2025-01-24T01:50:00,2025-01-24 00:00:00,2025-01-24 00:00:00,2025-01-24T01:50:00,2025-01-24T01:50:00,0.4333,463.43828865003985,5.745037532978908,35.880152311859355,499.3184409618992,5.745037532978908,0,0.8,evening_hedge,1200.0,1200.0,493.5734034289203,0.0,0.0,10050.0,10050.0,0.0,0.0,2.8685367622535978,0.0,0.0,0.0,0.0,0.0,9983.707535015492,9986.28921810152,213.86535570575117,0.0,213.86535570575117
2025-01-24,12,2955.71,2025-01-24T02:00:00,2025-01-24T01:50:00,02:00:00,25,M,0.0,02:00:00,25,M,0.3893,02:00:00,25,M,0.4311,492.61833333333334,0.0,2955.71,492.61833333333334,2025-01-24T02:00:00,2025-01-24 00:00:00,2025-01-24 00:00:00,2025-01-24T02:00:00,2025-01-24T02:00:00,0.4311,452.8988398427091,5.910115335972038,35.880152311859355,488.77899215456847,5.910115335972038,0,0.8,evening_hedge,1200.0,1200.0,482.86887681859645,0.0,0.0,10050.0,10050.0,0.0,-0.0,0.0,9.749456514736892,0.0,0.0,0.0,0.0,9986.28921810152,9975.4564886407,208.16477279649692,0.0,208.16477279649692
2025-01-24,13,3094.5401,2025-01-24T02:10:00,2025-01-24T02:00:00,02:10:00,25,N,0.0,02:10:00,25,N,0.3995,02:10:00,25,N,0.4293,515.7566833333334,0.0,3094.5401,515.7566833333334,2025-01-24T02:10:00,2025-01-24 00:00:00,2025-01-24 00:00:00,2025-01-24T02:10:00,2025-01-24T02:10:00,0.4293,467.9351850535983,5.822746827686159,28.913712388967923,496.8488974425662,5.822746827686159,0,0.8,evening_hedge,1200.0,1200.0,491.02615061488007,0.0,0.0,10050.0,10050.0,0.0,-0.0,0.0,24.730532718453333,0.0,0.0,0.0,0.0,9975.4564886407,9947.97811895353,210.797526458968,0.0,210.797526458968
2025-01-24,14,3118.238,2025-01-24T02:20:00,2025-01-24T02:10:00,02:20:00,25,O,0.0,02:20:00,25,O,0.4138,02:20:00,25,O,0.4324,519.7063333333333,0.0,3118.238,519.7063333333333,2025-01-24T02:20:00,2025-01-24 00:00:00,2025-01-24 00:00:00,2025-01-24T02:20:00,2025-01-24T02:20:00,0.4324,469.546626583901,5.447585459048031,28.913712388967923,498.46033897286895,5.447585459048031,0,0.8,evening_hedge,1200.0,1200.0,493.01275351382094,0.0,0.0,10050.0,10050.0,0.0,0.0,0.0,26.693579819512365,0.0,0.0,0.0,0.0,9947.97811895353,9918.318585820738,213.17871461937617,0.0,213.17871461937617
2025-01-24,15,3062.58,2025-01-24T02:30:00,2025-01-24T02:20:00,02:30:00,25,P,0.0,02:30:00,25,P,0.4104,02:30:00,25,P,0.4367,510.43,0.0,3062.58,510.43,2025-01-24T02:30:00,2025-01-24 00:00:00,2025-01-24 00:00:00,2025-01-24T02:30:00,2025-01-24T02:30:00,0.4367,459.7433614267102,4.75724648343453,28.913712388967923,488.65707381567813,4.75724648343453,0,0.8,evening_hedge,1200.0,1200.0,483.8998273322436,0.0,0.0,10050.0,10050.0,0.0,9.714451465470155e-16,0.0,26.530172667756403,0.0,0.0,0.0,0.0,9918.318585820738,9888.840616189898,211.31905459599076,0.0,211.31905459599076
2025-01-24,16,3215.9765,2025-01-24T02:40:00,2025-01-24T02:30:00,02:40:00,25,Q,0.0,02:40:00,25,Q,0.3868,02:40:00,25,Q,0.4348,535.9960833333333,0.0,3215.9765,535.9960833333333,2025-01-24T02:40:00,2025-01-24 00:00:00,2025-01-24 00:00:00,2025-01-24T02:40:00,2025-01-24T02:40:00,0.4348,481.18143773613787,3.733985534404695,28.913712388967923,510.09515012510576,3.733985534404695,0,0.8,evening_hedge,1200.0,1200.0,506.3611645907011,0.0,0.0,10050.0,10050.0,0.0,0.0,0.0,29.634918742632237,0.0,0.0,0.0,0.0,9888.840616189898,9855.912928698084,220.16583436403684,0.0,220.16583436403684
2025-01-24,17,3338.5043,2025-01-24T02:50:00,2025-01-24T02:40:00,02:50:00,25,R,0.0,02:50:00,25,R,0.3922,02:50:00,25,R,0.4335,556.4173833333333,0.0,3338.5043,556.4173833333333,2025-01-24T02:50:00,2025-01-24 00:00:00,2025-01-24 00:00:00,2025-01-24T02:50:00,2025-01-24T02:50:00,0.4335,490.07942354686577,2.371241152573848,28.913712388967923,518.9931359358337,2.371241152573848,0,0.8,evening_hedge,1200.0,1200.0,516.6218947832599,0.0,0.0,10050.0,10050.0,0.0,0.0,0.0,39.7954885500734,0.0,0.0,0.0,0.0,9855.912928698084,9811.695719198002,223.95559138854316,0.0,223.95559138854316
2025-01-24,18,3294.94,2025-01-24T03:00:00,2025-01-24T02:50:00,03:00:00,25,S,0.0,03:00:00,25,S,0.4124,03:00:00,25,S,0.4357,549.1566666666666,0.0,3294.94,549.1566666666666,2025-01-24T03:00:00,2025-01-24 00:00:00,2025-01-24 00:00:00,2025-01-24T03:00:00,2025-01-24T03:00:00,0.4357,480.45378313594796,0.6750035121063512,28.913712388967923,509.36749552491585,0.6750035121063512,0,0.8,evening_hedge,1200.0,1200.0,508.6924920128095,0.0,0.0,10050.0,10050.0,0.0,0.0,0.0,40.46417465385713,0.0,0.0,0.0,0.0,9811.695719198002,9766.735525138161,221.63731876998108,0.0,221.63731876998108
2025-01-24,19,3183.0556,2025-01-24T03:10:00,2025-01-24T03:00:00,03:10:00,25,T,0.0,03:10:00,25,T,0.3857,03:10:00,25,T,0.4374,530.5092666666667,0.0,3183.0556,530.5092666666667,2025-01-24T03:10:00,2025-01-24 00:00:00,2025-01-24 00:00:00,2025-01-24T03:10:00,2025-01-24T03:10:00,0.4374,493.0575253621851,0.0,29.83681761070172,522.8943429728869,0.0,0,0.8,evening_hedge,1200.0,1200.0,522.8943429728869,0.0,0.0,10050.0,10050.0,0.0,0.0,0.0,7.614923693779815,0.0,0.0,0.0,0.0,9766.735525138161,9758.27449881174,228.71398561634072,0.0,228.71398561634072
2025-01-24,20,3069.2598,2025-01-24T03:20:00,2025-01-24T03:10:00,03:20:00,25,U,0.0,03:20:00,25,U,0.3623,03:20:00,25,U,0.4371,511.5433,0.0,3069.2598,511.5433,2025-01-24T03:20:00,2025-01-24 00:00:00,2025-01-24 00:00:00,2025-01-24T03:20:00,2025-01-24T03:20:00,0.4371,515.371430570438,0.0,29.83681761070172,545.2082481811397,0.0,0,0.8,evening_hedge,1200.0,1200.0,545.2082481811397,0.0,0.0,10050.0,10050.0,0.0,0.0,33.664948181139664,0.0,0.0,0.0,0.0,0.0,9758.27449881174,9788.572952174765,238.31052527997613,0.0,238.31052527997613
2025-01-24,21,3027.99,2025-01-24T03:30:00,2025-01-24T03:20:00,03:30:00,25,V,0.0,03:30:00,25,V,0.3704,03:30:00,25,V,0.4356,504.66499999999996,0.0,3027.99,504.66499999999996,2025-01-24T03:30:00,2025-01-24 00:00:00,2025-01-24 00:00:00,2025-01-24T03:30:00,2025-01-24T03:30:00,0.4356,524.8920729214589,0.0,29.83681761070172,554.7288905321606,0.0,0,0.8,evening_hedge,1200.0,1200.0,554.7288905321606,0.0,0.0,10050.0,10050.0,0.0,0.0,50.0638905321606,0.0,0.0,0.0,0.0,0.0,9788.572952174765,9833.63045365371,241.63990471580914,0.0,241.63990471580914
2025-01-24,22,3093.0213,2025-01-24T03:40:00,2025-01-24T03:30:00,03:40:00,25,W,0.0,03:40:00,25,W,0.3866,03:40:00,25,W,0.4353,515.50355,0.0,3093.0213,515.50355,2025-01-24T03:40:00,2025-01-24 00:00:00,2025-01-24 00:00:00,2025-01-24T03:40:00,2025-01-24T03:40:00,0.4353,514.1328803834693,0.0,29.83681761070172,543.969697994171,0.0,0,0.8,evening_hedge,1200.0,1200.0,543.969697994171,0.0,0.0,10050.0,10050.0,0.0,0.0,28.466147994171024,0.0,0.0,0.0,0.0,0.0,9833.63045365371,9859.249986848465,236.79000953686267,0.0,236.79000953686267
2025-01-24,23,3075.6669,2025-01-24T03:50:00,2025-01-24T03:40:00,03:50:00,25,X,0.0,03:50:00,25,X,0.39,03:50:00,25,X,0.436,512.6111500000001,0.0,3075.6669,512.6111500000001,2025-01-24T03:50:00,2025-01-24 00:00:00,2025-01-24 00:00:00,2025-01-24T03:50:00,2025-01-24T03:50:00,0.436,518.0575986006235,0.0,29.83681761070172,547.8944162113252,0.0,0,0.8,evening_hedge,1200.0,1200.0,547.8944162113252,0.0,0.0,10050.0,10050.0,0.0,0.0,35.2832662113251,0.0,0.0,0.0,0.0,0.0,9859.249986848465,9891.004926438658,238.88196546813776,0.0,238.88196546813776
2025-01-24,24,3055.87,2025-01-24T04:00:00,2025-01-24T03:50:00,04:00:00,25,Y,0.0,04:00:00,25,Y,0.3982,04:00:00,25,Y,0.4378,509.31166666666667,0.0,3055.87,509.31166666666667,2025-01-24T04:00:00,2025-01-24 00:00:00,2025-01-24 00:00:00,2025-01-24T04:00:00,2025-01-24T04:00:00,0.4378,544.89121972492,0.0,29.83681761070172,574.7280373356217,0.0,0,0.8,evening_hedge,1200.0,1200.0,574.7280373356217,0.0,0.0,10050.0,10050.0,0.0,0.0,65.41637066895504,0.0,0.0,0.0,0.0,0.0,9891.004926438658,9949.879660040717,251.61593474553518,0.0,251.61593474553518
2025-01-24,25,3266.4209,2025-01-24T04:10:00,2025-01-24T04:00:00,04:10:00,25,Z,0.0,04:10:00,25,Z,0.4381,04:10:00,25,Z,0.4401,544.4034833333334,0.0,3266.4209,544.4034833333334,2025-01-24T04:10:00,2025-01-24 00:00:00,2025-01-24 00:00:00,2025-01-24T04:10:00,2025-01-24T04:10:00,0.4401,563.9477200786023,0.0,30.58728081236607,594.5350008909684,0.0,0,0.8,evening_hedge,1200.0,1200.0,594.5350008909684,0.0,0.0,10050.0,10050.0,0.0,0.0,50.13151755763499,0.0,0.0,0.0,0.0,0.0,9949.879660040717,9994.998025842588,261.65485389211517,0.0,261.65485389211517
2025-01-24,26,3282.1619,2025-01-24T04:20:00,2025-01-24T04:10:00,04:20:00,25,AA,0.0,04:20:00,25,AA,0.4328,04:20:00,25,AA,0.4389,547.0269833333333,0.0,3282.1619,547.0269833333333,2025-01-24T04:20:00,2025-01-24 00:00:00,2025-01-24 00:00:00,2025-01-24T04:20:00,2025-01-24T04:20:00,0.4389,541.1821295663854,0.0,30.58728081236607,571.7694103787514,0.0,0,0.8,evening_hedge,1200.0,1200.0,571.7694103787514,0.0,0.0,10050.0,10050.0,0.0,0.0,24.74242704541814,0.0,0.0,0.0,0.0,0.0,9994.998025842588,10017.266210183463,250.94959421523401,0.0,250.94959421523401
2025-01-24,27,3157.29,2025-01-24T04:30:00,2025-01-24T04:20:00,04:30:00,25,AB,0.0,04:30:00,25,AB,0.4071,04:30:00,25,AB,0.4364,526.215,0.0,3157.29,526.215,2025-01-24T04:30:00,2025-01-24 00:00:00,2025-01-24 00:00:00,2025-01-24T04:30:00,2025-01-24T04:30:00,0.4364,511.6217660671065,0.0,30.58728081236607,542.2090468794726,0.0,0,0.8,evening_hedge,1200.0,1200.0,542.2090468794726,0.0,0.0,10050.0,10050.0,0.0,0.0,15.994046879472535,0.0,0.0,0.0,0.0,0.0,10017.266210183463,10031.66085237499,236.62002805820183,0.0,236.62002805820183
2025-01-24,28,3351.218,2025-01-24T04:40:00,2025-01-24T04:30:00,04:40:00,25,AC,0.0,04:40:00,25,AC,0.4567,04:40:00,25,AC,0.4393,558.5363333333333,0.0,3351.218,558.5363333333333,2025-01-24T04:40:00,2025-01-24 00:00:00,2025-01-24 00:00:00,2025-01-24T04:40:00,2025-01-24T04:40:00,0.4393,545.0643868236592,0.0,30.58728081236607,575.6516676360253,0.0,0,0.8,evening_hedge,1200.0,1200.0,575.6516676360253,0.0,0.0,10050.0,10050.0,0.0,0.0,17.115334302691963,0.0,0.0,0.0,0.0,0.0,10031.66085237499,10047.064653247411,252.88377759250594,0.0,252.88377759250594
2025-01-24,29,3384.5866,2025-01-24T04:50:00,2025-01-24T04:40:00,04:50:00,25,AD,0.0,04:50:00,25,AD,0.4565,04:50:00,25,AD,0.4422,564.0977666666666,0.0,3384.5866,564.0977666666666,2025-01-24T04:50:00,2025-01-24 00:00:00,2025-01-24 00:00:00,2025-01-24T04:50:00,2025-01-24T04:50:00,0.4422,575.3106733874862,0.0,30.58728081236607,605.8979541998523,0.0,0,0.8,evening_hedge,1200.0,1200.0,605.8979541998523,0.0,0.0,10050.0,10050.0,0.0,0.0,41.800187533185635,0.0,0.0,0.0,0.0,0.0,10047.064653247411,10084.684822027279,267.9280753471747,0.0,267.9280753471747
2025-01-24,30,3218.64,2025-01-24T05:00:00,2025-01-24T04:50:00,05:00:00,25,AE,0.0,05:00:00,25,AE,0.4046,05:00:00,25,AE,0.4395,536.4399999999999,0.0,3218.64,536.4399999999999,2025-01-24T05:00:00,2025-01-24 00:00:00,2025-01-24 00:00:00,2025-01-24T05:00:00,2025-01-24T05:00:00,0.4395,568.0319029782489,0.0,30.58728081236607,598.619183790615,0.0,0,0.8,evening_hedge,1200.0,1200.0,598.619183790615,0.0,0.0,10050.0,10050.0,0.0,0.0,62.17918379061507,0.0,0.0,0.0,0.0,0.0,10084.684822027279,10140.646087438832,263.0931312759753,0.0,263.0931312759753
2025-01-24,31,3295.7538,2025-01-24T05:10:00,2025-01-24T05:00:00,05:10:00,25,AF,0.0,05:10:00,25,AF,0.4218,05:10:00,25,AF,0.4333,549.2923,0.0,3295.7538,549.2923,2025-01-24T05:10:00,2025-01-24 00:00:00,2025-01-24 00:00:00,2025-01-24T05:10:00,2025-01-24T05:10:00,0.4333,551.3839114097603,0.0,31.155157164484898,582.5390685742452,0.0,0,0.8,evening_hedge,1200.0,1200.0,582.5390685742452,0.0,0.0,10050.0,10050.0,0.0,0.0,33.246768574245266,0.0,0.0,0.0,0.0,0.0,10140.646087438832,10170.568179155653,252.41417841322047,0.0,252.41417841322047
2025-01-24,32,3277.9747,2025-01-24T05:20:00,2025-01-24T05:10:00,05:20:00,25,AG,0.012,05:20:00,25,AG,0.4053,05:20:00,25,AG,0.4439,546.3291166666667,0.002,3277.9627,546.3271166666667,2025-01-24T05:20:00,2025-01-24 00:00:00,2025-01-24 00:00:00,2025-01-24T05:20:00,2025-01-24T05:20:00,0.4439,537.2383168525473,0.0,31.155157164484898,568.3934740170322,0.0,0,0.8,evening_hedge,1200.0,1200.0,568.3934740170322,0.0,0.0,10050.0,10050.0,0.0,0.0,22.06635735036548,0.0,0.0,0.0,0.0,0.0,10170.568179155653,10190.427900770981,252.30986311616059,0.0,252.30986311616059
2025-01-24,33,3188.72,2025-01-24T05:30:00,2025-01-24T05:20:00,05:30:00,25,AH,0.0,05:30:00,25,AH,0.3375,05:30:00,25,AH,0.4301,531.4533333333333,0.0,3188.72,531.4533333333333,2025-01-24T05:30:00,2025-01-24 00:00:00,2025-01-24 00:00:00,2025-01-24T05:30:00,2025-01-24T05:30:00,0.4301,539.7592492298817,0.0,31.155157164484898,570.9144063943666,0.0,0,0.8,evening_hedge,1200.0,1200.0,570.9144063943666,0.0,0.0,10050.0,10050.0,0.0,-0.0,39.46107306103329,0.0,0.0,0.0,0.0,0.0,10190.427900770981,10225.942866525911,245.55028619021704,0.0,245.55028619021704
2025-01-24,34,3391.4893,2025-01-24T05:40:00,2025-01-24T05:30:00,05:40:00,25,AI,0.0,05:40:00,25,AI,0.3468,05:40:00,25,AI,0.3713,565.2482166666667,0.0,3391.4893,565.2482166666667,2025-01-24T05:40:00,2025-01-24 00:00:00,2025-01-24 00:00:00,2025-01-24T05:40:00,2025-01-24T05:40:00,0.3713,565.3927994992434,0.0,31.155157164484898,596.5479566637283,0.0,0,0.8,evening_hedge,1200.0,1200.0,1429.8812899970617,833.3333333333333,0.0,10050.0,10800.0,0.0,1.0,637.8412594156543,0.0,0.0,226.7918139147406,226.7918139147406,0.0,10225.942866525911,10800.0,530.914922975909,0.0,530.914922975909
2025-01-24,35,3387.4373,2025-01-24T05:50:00,2025-01-24T05:40:00,05:50:00,25,AJ,0.1676,05:50:00,25,AJ,0.5612,05:50:00,25,AJ,0.5708,564.5728833333334,0.027933333333333334,3387.2697,564.5449500000001,2025-01-24T05:50:00,2025-01-24 00:00:00,2025-01-24 00:00:00,2025-01-24T05:50:00,2025-01-24T05:50:00,0.5708,564.332372415609,0.0,31.155157164484898,595.4875295800939,0.0,0,0.8,evening_hedge,1200.0,1200.0,595.4875295800939,-0.0,0.0,10800.0,10800.0,0.0,0.0,0.0,0.0,0.0,30.94257958009382,30.94257958009382,0.0,10800.0,10800.0,339.9042818843176,0.0,339.9042818843176
2025-01-24,36,3209.63,2025-01-24T06:00:00,2025-01-24T05:50:00,06:00:00,25,AK,0.0,06:00:00,25,AK,0.8204,06:00:00,25,AK,0.9099,534.9383333333334,0.0,3209.63,534.9383333333334,2025-01-24T06:00:00,2025-01-24 00:00:00,2025-01-24 00:00:00,2025-01-24T06:00:00,2025-01-24T06:00:00,0.9099,540.9390921569852,4.630848890139772,31.155157164484898,572.0942493214701,4.630848890139772,0,0.8,evening_hedge,1200.0,1200.0,0.0,0.0,567.4634004313303,10800.0,10169.485110631855,0.0,0.0,0.0,534.9383333333334,0.0,0.0,0.0,0.0,10800.0,10205.624074074074,0.0,0.0,0.0
2025-01-24,37,3386.3735,2025-01-24T06:10:00,2025-01-24T06:00:00,06:10:00,25,AL,0.0,06:10:00,25,AL,0.8152,06:10:00,25,AL,0.9368,564.3955833333333,0.0,3386.3735,564.3955833333333,2025-01-24T06:10:00,2025-01-24 00:00:00,2025-01-24 00:00:00,2025-01-24T06:10:00,2025-01-24T06:10:00,0.9368,548.0252245181522,15.423502505100382,74.29184191749144,622.3170664356436,15.423502505100382,0,0.8,evening_hedge,1200.0,1200.0,0.0,0.0,606.8935639305432,10169.485110631855,9495.158928486806,0.0,0.0,0.0,564.3955833333333,0.0,0.0,0.0,0.0,10205.624074074074,9578.51787037037,0.0,0.0,0.0
2025-01-24,38,3439.5712,2025-01-24T06:20:00,2025-01-24T06:10:00,06:20:00,25,AM,2.3343,06:20:00,25,AM,0.7736,06:20:00,25,AM,0.8758,573.2618666666666,0.38904999999999995,3437.2369,572.8728166666666,2025-01-24T06:20:00,2025-01-24 00:00:00,2025-01-24 00:00:00,2025-01-24T06:20:00,2025-01-24T06:20:00,0.8758,560.1184044600623,28.337106461966464,74.29184191749144,634.4102463775537,28.337106461966464,0,0.8,evening_hedge,1200.0,1200.0,0.0,0.0,606.0731399155873,9495.158928486806,8821.744328580598,0.0,0.0,0.0,572.8728166666666,0.0,0.0,0.0,0.0,9578.51787037037,8941.992518518518,0.0,0.0,0.0
2025-01-24,39,3254.97,2025-01-24T06:30:00,2025-01-24T06:20:00,06:30:00,25,AN,0.0,06:30:00,25,AN,0.8045,06:30:00,25,AN,0.8759,542.495,0.0,3254.97,542.495,2025-01-24T06:30:00,2025-01-24 00:00:00,2025-01-24 00:00:00,2025-01-24T06:30:00,2025-01-24T06:30:00,0.8759,557.4976557229558,43.47874033032225,74.29184191749144,631.7894976404472,43.47874033032225,0,0.8,evening_hedge,1200.0,1200.0,0.0,0.0,588.3107573101249,8821.744328580598,8168.065709347126,0.0,0.0,0.0,542.495,0.0,0.0,0.0,0.0,8941.992518518518,8339.220296296297,0.0,0.0,0.0
2025-01-24,40,3261.4341,2025-01-24T06:40:00,2025-01-24T06:30:00,06:40:00,25,AO,0.0,06:40:00,25,AO,0.8067,06:40:00,25,AO,0.8601,543.57235,0.0,3261.4341,543.57235,2025-01-24T06:40:00,2025-01-24 00:00:00,2025-01-24 00:00:00,2025-01-24T06:40:00,2025-01-24T06:40:00,0.8601,553.8168061422176,60.93488327211576,74.29184191749144,628.108648059709,60.93488327211576,0,0.8,evening_hedge,1200.0,1200.0,0.0,0.0,567.1737647875933,8168.065709347126,7537.8726373609115,0.0,0.0,0.0,543.57235,0.0,0.0,0.0,0.0,8339.220296296297,7735.251018518518,0.0,0.0,0.0
2025-01-24,41,3552.7944,2025-01-24T06:50:00,2025-01-24T06:40:00,06:50:00,25,AP,40.2337,06:50:00,25,AP,0.8559,06:50:00,25,AP,0.8442,592.1324000000001,6.705616666666667,3512.5607,585.4267833333334,2025-01-24T06:50:00,2025-01-24 00:00:00,2025-01-24 00:00:00,2025-01-24T06:50:00,2025-01-24T06:50:00,0.8442,588.9032891997839,80.76900838649226,74.29184191749144,663.1951311172753,80.76900838649226,0,0.8,evening_hedge,1200.0,1200.0,0.0,0.0,582.426122730783,7537.8726373609115,6890.732500993375,0.0,0.0,0.0,585.4267833333334,0.0,0.0,0.0,0.0,7735.251018518518,7084.776814814814,0.0,0.0,0.0
2025-01-24,42,3845.75,2025-01-24T07:00:00,2025-01-24T06:50:00,07:00:00,25,AQ,208.4625,07:00:00,25,AQ,0.9114,07:00:00,25,AQ,0.8334,640.9583333333334,34.74375,3637.2875,606.2145833333334,2025-01-24T07:00:00,2025-01-24 00:00:00,2025-01-24 00:00:00,2025-01-24T07:00:00,2025-01-24T07:00:00,0.8334,639.8452174722172,103.01943462686047,74.29184191749144,714.1370593897086,103.01943462686047,0,0.8,evening_hedge,1200.0,1200.0,0.0,0.0,611.1176247628481,6890.732500993375,6211.7129179235435,0.0,0.0,0.0,606.2145833333334,0.0,0.0,0.0,0.0,7084.776814814814,6411.205055555555,0.0,0.0,0.0
2025-01-24,43,3775.2195,2025-01-24T07:10:00,2025-01-24T07:00:00,07:10:00,25,AR,472.7753,07:10:00,25,AR,0.8439,07:10:00,25,AR,0.8092,629.20325,78.79588333333334,3302.4442,550.4073666666667,2025-01-24T07:10:00,2025-01-24 00:00:00,2025-01-24 00:00:00,2025-01-24T07:10:00,2025-01-24T07:10:00,0.8092,641.9862740700199,127.69747790320861,60.793833295904825,702.7801073659248,127.69747790320861,0,0.8,evening_hedge,1200.0,1200.0,0.0,0.0,575.0826294627161,6211.7129179235435,5572.732218520526,0.0,0.0,0.0,550.4073666666667,0.0,0.0,0.0,0.0,6411.205055555555,5799.641314814815,0.0,0.0,0.0
2025-01-24,44,3772.9415,2025-01-24T07:20:00,2025-01-24T07:10:00,07:20:00,25,AS,736.2829,07:20:00,25,AS,0.811,07:20:00,25,AS,0.7972,628.8235833333333,122.71381666666667,3036.6585999999998,506.10976666666664,2025-01-24T07:20:00,2025-01-24 00:00:00,2025-01-24 00:00:00,2025-01-24T07:20:00,2025-01-24T07:20:00,0.7972,637.4567579267766,154.78593888679976,60.793833295904825,698.2505912226815,154.78593888679976,0,0.8,evening_hedge,1200.0,1200.0,0.0,0.0,543.4646523358817,5572.732218520526,4968.882604813991,0.0,0.0,0.0,506.10976666666664,0.0,0.0,0.0,0.0,5799.641314814815,5237.29712962963,0.0,0.0,0.0
2025-01-24,45,3969.4,2025-01-24T07:30:00,2025-01-24T07:20:00,07:30:00,25,AT,965.0625,07:30:00,25,AT,0.8202,07:30:00,25,AT,0.7644,661.5666666666667,160.84375,3004.3375,500.7229166666667,2025-01-24T07:30:00,2025-01-24 00:00:00,2025-01-24 00:00:00,2025-01-24T07:30:00,2025-01-24T07:30:00,0.7644,645.3298705666051,184.23796025790918,60.793833295904825,706.12370386251,184.23796025790918,0,0.8,evening_hedge,1200.0,1200.0,119.51553480330494,0.0,402.3702088012958,4968.882604813991,4521.804595034773,0.0,0.0,0.0,381.2073818633618,0.0,0.0,0.0,0.0,5237.29712962963,4813.733372003672,91.35767480364629,0.0,91.35767480364629
2025-01-24,46,4044.2727,2025-01-24T07:40:00,2025-01-24T07:30:00,07:40:00,25,AU,1204.5033,07:40:00,25,AU,0.7526,07:40:00,25,AU,0.6899,674.04545,200.75055,2839.7694,473.2949,2025-01-24T07:40:00,2025-01-24 00:00:00,2025-01-24 00:00:00,2025-01-24T07:40:00,2025-01-24T07:40:00,0.6899,645.9836730886184,215.97628075434736,60.793833295904825,706.7775063845232,215.97628075434736,0,0.8,evening_hedge,1200.0,1200.0,490.80122563017585,0.0,0.0,4521.804595034773,4521.804595034773,0.0,0.0,17.506325630175866,0.0,0.0,0.0,0.0,0.0,4813.733372003672,4829.48906507083,338.6037655622583,0.0,338.6037655622583
2025-01-24,47,3898.5619,2025-01-24T07:50:00,2025-01-24T07:40:00,07:50:00,25,AV,1487.9674,07:50:00,25,AV,0.8594,07:50:00,25,AV,0.86,649.7603166666667,247.99456666666666,2410.5945,401.76575,2025-01-24T07:50:00,2025-01-24 00:00:00,2025-01-24 00:00:00,2025-01-24T07:50:00,2025-01-24T07:50:00,0.86,664.8855505451613,249.89290747408586,60.793833295904825,725.6793838410662,249.89290747408586,0,0.8,evening_hedge,1200.0,1200.0,0.0,0.0,475.7864763669803,4521.804595034773,3993.1529546270176,0.0,0.0,0.0,401.76575,0.0,0.0,0.0,0.0,4829.48906507083,4383.082676181942,0.0,0.0,0.0
2025-01-24,48,3724.3,2025-01-24T08:00:00,2025-01-24T07:50:00,08:00:00,25,AW,1806.9,08:00:00,25,AW,1.0798,08:00:00,25,AW,1.1617,620.7166666666667,301.15000000000003,1917.4,319.56666666666666,2025-01-24T08:00:00,2025-01-24 00:00:00,2025-01-24 00:00:00,2025-01-24T08:00:00,2025-01-24T08:00:00,1.1617,689.7817210241786,285.8492215535213,60.793833295904825,750.5755543200835,285.8492215535213,0,0.8,evening_hedge,1200.0,1200.0,0.0,0.0,464.72633276656217,3993.1529546270176,3476.7903626641705,0.0,0.0,0.0,319.56666666666666,0.0,0.0,0.0,0.0,4383.082676181942,4028.008602107868,0.0,0.0,0.0
2025-01-24,49,3779.7769,2025-01-24T08:10:00,2025-01-24T08:00:00,08:10:00,25,AX,2107.7502,08:10:00,25,AX,1.0715,08:10:00,25,AX,1.1683,629.9628166666666,351.2917,1672.0267,278.67111666666665,2025-01-24T08:10:00,2025-01-24 00:00:00,2025-01-24 00:00:00,2025-01-24T08:10:00,2025-01-24T08:10:00,1.1683,677.4614867966599,323.67652568579905,-6.053815690735632,671.4076711059242,323.67652568579905,0,0.8,evening_hedge,1200.0,1200.0,0.0,0.0,347.7311454201252,3476.7903626641705,3090.422423308476,0.0,0.0,0.0,278.67111666666665,0.0,0.0,0.0,0.0,4028.008602107868,3718.374028033794,0.0,0.0,0.0
2025-01-24,50,3694.1788,2025-01-24T08:20:00,2025-01-24T08:10:00,08:20:00,25,AY,2315.4938,08:20:00,25,AY,0.9856,08:20:00,25,AY,1.0956,615.6964666666667,385.91563333333335,1378.685,229.7808333333333,2025-01-24T08:20:00,2025-01-24 00:00:00,2025-01-24 00:00:00,2025-01-24T08:20:00,2025-01-24T08:20:00,1.0956,657.7084476639583,363.1770350691645,-6.053815690735632,651.6546319732226,363.1770350691645,0,0.8,evening_hedge,1200.0,1200.0,0.0,0.0,288.47759690405815,3090.422423308476,2769.891760081745,0.0,0.0,0.0,229.7808333333333,0.0,0.0,0.0,0.0,3718.374028033794,3463.061990996757,0.0,0.0,0.0
2025-01-24,51,3540.43,2025-01-24T08:30:00,2025-01-24T08:20:00,08:30:00,25,AZ,2497.3875,08:30:00,25,AZ,0.9666,08:30:00,25,AZ,1.0849,590.0716666666666,416.23125,1043.0425,173.8404166666666,2025-01-24T08:30:00,2025-01-24 00:00:00,2025-01-24 00:00:00,2025-01-24T08:30:00,2025-01-24T08:30:00,1.0849,647.8835132113484,404.1253063958288,-6.053815690735632,641.8296975206127,404.1253063958288,0,0.8,evening_hedge,1200.0,1200.0,0.0,0.0,237.70439112478397,2769.891760081745,2505.775769943096,0.0,0.0,0.0,173.8404166666666,0.0,0.0,0.0,0.0,3463.061990996757,3269.9059724782383,0.0,0.0,0.0
2025-01-24,52,3796.1381,2025-01-24T08:40:00,2025-01-24T08:30:00,08:40:00,25,BA,2806.4668,08:40:00,25,BA,1.0005,08:40:00,25,BA,1.061,632.6896833333334,467.7444666666667,989.6713,164.94521666666668,2025-01-24T08:40:00,2025-01-24 00:00:00,2025-01-24 00:00:00,2025-01-24T08:40:00,2025-01-24T08:40:00,1.061,646.9669819881185,446.2700925220049,-6.053815690735632,640.9131662973829,446.2700925220049,0,0.8,evening_hedge,1200.0,1200.0,0.0,0.0,194.64307377537796,2505.775769943096,2289.5056879704534,0.0,0.0,0.0,164.94521666666668,0.0,0.0,0.0,0.0,3269.9059724782383,3086.6335095152754,0.0,0.0,0.0
2025-01-24,53,4154.1112,2025-01-24T08:50:00,2025-01-24T08:40:00,08:50:00,25,BB,3152.2764,08:50:00,25,BB,0.9837,08:50:00,25,BB,1.043,692.3518666666668,525.3794,1001.8348000000001,166.97246666666672,2025-01-24T08:50:00,2025-01-24 00:00:00,2025-01-24 00:00:00,2025-01-24T08:50:00,2025-01-24T08:50:00,1.043,701.2259335782875,489.33660361466434,-6.053815690735632,695.1721178875518,489.33660361466434,0,0.8,evening_hedge,1200.0,1200.0,0.0,0.0,205.8355142728875,2289.5056879704534,2060.7995610005783,0.0,0.0,0.0,166.97246666666672,0.0,0.0,0.0,0.0,3086.6335095152754,2901.1085465523124,0.0,0.0,0.0
2025-01-24,54,4346.33,2025-01-24T09:00:00,2025-01-24T08:50:00,09:00:00,25,BC,3434.7,09:00:00,25,BC,0.9332,09:00:00,25,BC,1.036,724.3883333333333,572.4499999999999,911.6300000000001,151.9383333333334,2025-01-24T09:00:00,2025-01-24 00:00:00,2025-01-24 00:00:00,2025-01-24T09:00:00,2025-01-24T09:00:00,1.036,776.853748054634,533.029148963917,-6.053815690735632,770.7999323638984,533.029148963917,0,0.8,evening_hedge,1200.0,1200.0,0.0,0.0,237.77078339998138,2060.7995610005783,1796.6098016672656,0.0,0.0,0.0,151.9383333333334,0.0,0.0,0.0,0.0,2901.1085465523124,2732.288176181942,0.0,0.0,0.0
2025-01-24,55,4396.8721,2025-01-24T09:10:00,2025-01-24T09:00:00,09:10:00,25,BD,3642.6815,09:10:00,25,BD,0.9562,09:10:00,25,BD,1.0147,732.8120166666666,607.1135833333334,754.1905999999994,125.69843333333324,2025-01-24T09:10:00,2025-01-24 00:00:00,2025-01-24 00:00:00,2025-01-24T09:10:00,2025-01-24T09:10:00,1.0147,782.1381847239238,577.0341273918481,6.898080956863875,789.0362656807877,577.0341273918481,0,0.8,evening_hedge,1200.0,1200.0,0.0,0.0,212.0021382889396,1796.6098016672656,1561.0518702351105,0.0,0.0,0.0,125.69843333333324,0.0,0.0,0.0,0.0,2732.288176181942,2592.6232502560165,0.0,0.0,0.0
2025-01-24,56,4516.8168,2025-01-24T09:20:00,2025-01-24T09:10:00,09:20:00,25,BE,3904.2178,09:20:00,25,BE,0.9596,09:20:00,25,BE,0.9922,752.8027999999999,650.7029666666666,612.5989999999997,102.09983333333332,2025-01-24T09:20:00,2025-01-24 00:00:00,2025-01-24 00:00:00,2025-01-24T09:20:00,2025-01-24T09:20:00,0.9922,760.9701568074257,621.0233283842194,6.898080956863875,767.8682377642896,621.0233283842194,0,0.8,evening_hedge,1200.0,1200.0,0.0,0.0,146.84490938007013,1561.0518702351105,1397.8908598128103,0.0,0.0,0.0,102.09983333333332,0.0,0.0,0.0,0.0,2592.6232502560165,2479.1789909967574,0.0,0.0,0.0
2025-01-24,57,4657.18,2025-01-24T09:30:00,2025-01-24T09:20:00,09:30:00,25,BF,4247.8875,09:30:00,25,BF,0.9043,09:30:00,25,BF,0.97,776.1966666666667,707.9812499999999,409.2925000000005,68.21541666666678,2025-01-24T09:30:00,2025-01-24 00:00:00,2025-01-24 00:00:00,2025-01-24T09:30:00,2025-01-24T09:30:00,0.97,752.8552712966525,664.6575008185388,6.898080956863875,759.7533522535164,664.6575008185388,0,0.8,evening_hedge,1200.0,1200.0,0.0,0.0,95.09585143497759,1397.8908598128103,1292.2288026628353,0.0,0.0,0.0,68.21541666666678,0.0,0.0,0.0,0.0,2479.1789909967574,2403.3840835893498,0.0,0.0,0.0
2025-01-24,58,4563.795,2025-01-24T09:40:00,2025-01-24T09:30:00,09:40:00,25,BG,4582.7713,09:40:00,25,BG,0.8646,09:40:00,25,BG,0.9422,760.6325,763.7952166666668,-18.976300000000265,-3.162716666666711,2025-01-24T09:40:00,2025-01-24 00:00:00,2025-01-24 00:00:00,2025-01-24T09:40:00,2025-01-24T09:40:00,0.9422,757.1395482034186,707.5901415498239,6.898080956863875,764.0376291602824,707.5901415498239,0,0.8,evening_hedge,1200.0,1200.0,0.0,0.0,56.44748761045855,1292.2288026628353,1229.509371984548,0.0,0.0,3.162716666666711,0.0,0.0,0.0,0.0,0.0,2403.3840835893498,2406.23052858935,0.0,0.0,0.0
2025-01-24,59,4376.9656,2025-01-24T09:50:00,2025-01-24T09:40:00,09:50:00,25,BH,4877.0873,09:50:00,25,BH,0.9386,09:50:00,25,BH,0.9569,729.4942666666667,812.8478833333334,-500.1216999999997,-83.35361666666665,2025-01-24T09:50:00,2025-01-24 00:00:00,2025-01-24 00:00:00,2025-01-24T09:50:00,2025-01-24T09:50:00,0.9569,769.1318060521763,749.4714522229472,6.898080956863875,776.0298870090402,749.4714522229472,0,0.8,evening_hedge,1200.0,1200.0,0.0,0.0,26.558434786093017,1229.509371984548,1200.0,0.0,0.0,83.35361666666665,0.0,0.0,0.0,0.0,0.0,2406.23052858935,2481.24878358935,0.0,0.0,0.0
2025-01-24,60,4306.72,2025-01-24T10:00:00,2025-01-24T09:50:00,10:00:00,25,BI,5177.25,10:00:00,25,BI,1.0746,10:00:00,25,BI,0.9977,717.7866666666667,862.875,-870.5299999999997,-145.08833333333325,2025-01-24T10:00:00,2025-01-24 00:00:00,2025-01-24 00:00:00,2025-01-24T10:00:00,2025-01-24T10:00:00,0.9977,769.9658471795794,789.9524095751049,6.898080956863875,776.8639281364433,789.9524095751049,0,0.8,evening_hedge,1200.0,1200.0,0.0,13.088481438661574,0.0,1200.0,1211.7796332947955,0.0,1.0,145.08833333333325,0.0,0.0,0.0,0.0,0.0,2481.24878358935,2611.8282835893497,0.0,0.0,0.0
2025-01-24,61,4427.8864,2025-01-24T10:10:00,2025-01-24T10:00:00,10:10:00,25,BJ,5559.208,10:10:00,25,BJ,1.1073,10:10:00,25,BJ,0.9919,737.9810666666667,926.5346666666666,-1131.3215999999993,-188.55359999999985,2025-01-24T10:10:00,2025-01-24 00:00:00,2025-01-24 00:00:00,2025-01-24T10:10:00,2025-01-24T10:10:00,0.9919,744.3948672284923,828.6888922284039,35.64542584080555,780.0402930692978,828.6888922284039,0,0.8,evening_hedge,1200.0,1200.0,0.0,48.648599159106084,0.0,1211.7796332947955,1255.563372537991,0.0,1.0,188.55359999999985,0.0,0.0,0.0,0.0,0.0,2611.8282835893497,2781.5265235893494,0.0,0.0,0.0
2025-01-24,62,4422.9429,2025-01-24T10:20:00,2025-01-24T10:10:00,10:20:00,25,BK,5962.6624,10:20:00,25,BK,1.0437,10:20:00,25,BK,0.9588,737.15715,993.7770666666667,-1539.7195000000002,-256.61991666666665,2025-01-24T10:20:00,2025-01-24 00:00:00,2025-01-24 00:00:00,2025-01-24T10:20:00,2025-01-24T10:20:00,0.9588,742.8189582583643,865.3458055916897,35.64542584080555,778.4643840991698,865.3458055916897,0,0.8,evening_hedge,1200.0,1200.0,0.0,86.88142149251985,0.0,1255.563372537991,1333.756651881259,0.0,1.0,256.61991666666665,0.0,0.0,0.0,0.0,0.0,2781.5265235893494,3012.4844485893495,0.0,0.0,0.0
2025-01-24,63,4320.47,2025-01-24T10:30:00,2025-01-24T10:20:00,10:30:00,25,BL,6142.2375,10:30:00,25,BL,1.0175,10:30:00,25,BL,0.9549,720.0783333333334,1023.7062500000001,-1821.7675,-303.6279166666667,2025-01-24T10:30:00,2025-01-24 00:00:00,2025-01-24 00:00:00,2025-01-24T10:30:00,2025-01-24T10:30:00,0.9549,758.9254531993212,899.6011460192377,35.64542584080555,794.5708790401267,899.6011460192377,0,0.8,evening_hedge,1200.0,1200.0,0.0,105.03026697911105,0.0,1333.756651881259,1428.2838921624589,0.0,1.0,303.6279166666667,0.0,0.0,0.0,0.0,0.0,3012.4844485893495,3285.7495735893494,0.0,0.0,0.0
2025-01-24,64,4437.9774,2025-01-24T10:40:00,2025-01-24T10:30:00,10:40:00,25,BM,5924.5654,10:40:00,25,BM,1.106,10:40:00,25,BM,0.9839,739.6628999999999,987.4275666666667,-1486.5880000000006,-247.7646666666668,2025-01-24T10:40:00,2025-01-24 00:00:00,2025-01-24 00:00:00,2025-01-24T10:40:00,2025-01-24T10:40:00,0.9839,739.3078878975565,931.149945823296,35.64542584080555,774.953313738362,931.149945823296,0,0.8,evening_hedge,1200.0,1200.0,0.0,156.19663208493398,0.0,1428.2838921624589,1568.8608610388994,0.0,1.0,247.7646666666668,0.0,0.0,0.0,0.0,0.0,3285.7495735893494,3508.7377735893497,0.0,0.0,0.0
2025-01-24,65,4489.0141,2025-01-24T10:50:00,2025-01-24T10:40:00,10:50:00,25,BN,5990.103,10:50:00,25,BN,0.8628,10:50:00,25,BN,0.799,748.1690166666667,998.3505,-1501.0888999999997,-250.1814833333333,2025-01-24T10:50:00,2025-01-24 00:00:00,2025-01-24 00:00:00,2025-01-24T10:50:00,2025-01-24T10:50:00,0.799,731.9432984072738,959.7080421044478,35.64542584080555,767.5887242480793,959.7080421044478,0,0.8,evening_hedge,1200.0,1200.0,0.0,192.11931785636853,0.0,1568.8608610388994,1741.7682471096311,0.0,1.0,250.1814833333333,0.0,0.0,0.0,0.0,0.0,3508.7377735893497,3733.90110858935,0.0,0.0,0.0
2025-01-24,66,4387.56,2025-01-24T11:00:00,2025-01-24T10:50:00,11:00:00,25,BO,6425.775,11:00:00,25,BO,0.42,11:00:00,25,BO,0.5025,731.2600000000001,1070.9624999999999,-2038.2149999999992,-339.70249999999976,2025-01-24T11:00:00,2025-01-24 00:00:00,2025-01-24 00:00:00,2025-01-24T11:00:00,2025-01-24T11:00:00,0.5025,735.0411675639707,985.0156146296958,35.64542584080555,770.6865934047762,985.0156146296958,0,0.8,evening_hedge,1200.0,1200.0,0.0,214.32902122491964,0.0,1741.7682471096311,1934.664366212059,0.0,1.0,339.70249999999976,0.0,0.0,0.0,0.0,0.0,3733.90110858935,4039.63335858935,0.0,0.0,0.0
2025-01-24,67,4322.5609,2025-01-24T11:10:00,2025-01-24T11:00:00,11:10:00,25,BP,6648.7357,11:10:00,25,BP,0.3833,11:10:00,25,BP,0.4662,720.4268166666667,1108.1226166666668,-2326.1748,-387.6958000000001,2025-01-24T11:10:00,2025-01-24 00:00:00,2025-01-24 00:00:00,2025-01-24T11:10:00,2025-01-24T11:10:00,0.4662,698.878181153828,1006.8404411198211,72.38314195863322,771.2613231124612,1006.8404411198211,0,0.8,evening_hedge,1200.0,1200.0,597.7542153259734,833.3333333333333,0.0,1934.664366212059,2684.6643662120587,0.0,1.0,833.3333333333334,0.0,0.0,152.11668199264022,152.11668199264022,0.0,4039.63335858935,4789.63335858935,278.6730151849688,0.0,278.6730151849688
2025-01-24,68,4169.8425,2025-01-24T11:20:00,2025-01-24T11:10:00,11:20:00,25,BQ,6636.9837,11:20:00,25,BQ,0.4276,11:20:00,25,BQ,0.5007,694.97375,1106.1639499999999,-2467.1412,-411.1901999999999,2025-01-24T11:20:00,2025-01-24 00:00:00,2025-01-24 00:00:00,2025-01-24T11:20:00,2025-01-24T11:20:00,0.5007,682.6655137777669,1024.9808222573174,72.38314195863322,755.0486557364002,1024.9808222573174,0,0.8,evening_hedge,1200.0,1200.0,451.2998072661236,721.2319737870408,0.0,2684.6643662120587,3333.7731426203954,0.0,0.9999999999999961,833.3333333333334,0.0,0.0,29.156673932790227,29.156673932790227,0.0,4789.63335858935,5539.63335858935,225.9658134981481,0.0,225.9658134981481
2025-01-24,69,4000.8,2025-01-24T11:30:00,2025-01-24T11:20:00,11:30:00,25,BR,6639.675,11:30:00,25,BR,0.3576,11:30:00,25,BR,0.4827,666.8000000000001,1106.6125,-2638.875,-439.8124999999999,2025-01-24T11:30:00,2025-01-24 00:00:00,2025-01-24 00:00:00,2025-01-24T11:30:00,2025-01-24T11:30:00,0.4827,705.2310987428875,1039.2681334329402,72.38314195863322,777.6142407015208,1039.2681334329402,0,0.8,evening_hedge,1200.0,1200.0,571.6794406019138,833.3333333333333,0.0,3333.7731426203954,4083.7731426203954,0.0,1.0,833.3333333333334,0.0,0.0,178.15860726858023,178.15860726858023,0.0,5539.63335858935,6289.63335858935,275.9496659785438,0.0,275.9496659785438
2025-01-24,70,4058.7394,2025-01-24T11:40:00,2025-01-24T11:30:00,11:40:00,25,BS,6864.9669,11:40:00,25,BS,0.3215,11:40:00,25,BS,0.4785,676.4565666666666,1144.1611500000001,-2806.2275000000004,-467.7045833333335,2025-01-24T11:40:00,2025-01-24 00:00:00,2025-01-24 00:00:00,2025-01-24T11:40:00,2025-01-24T11:40:00,0.4785,723.8338958817802,1049.568965639062,72.38314195863322,796.2170378404135,1049.568965639062,0,0.8,evening_hedge,1200.0,1200.0,579.9814055346847,833.3333333333333,0.0,4083.7731426203954,4833.773142620395,0.0,1.0,833.3333333333334,0.0,0.0,214.3526555346849,214.3526555346849,0.0,6289.63335858935,7039.63335858935,277.5211025483466,0.0,277.5211025483466
2025-01-24,71,4167.761,2025-01-24T11:50:00,2025-01-24T11:40:00,11:50:00,25,BT,6893.0015,11:50:00,25,BT,0.358,11:50:00,25,BT,0.4662,694.6268333333334,1148.8335833333333,-2725.2405,-454.20674999999994,2025-01-24T11:50:00,2025-01-24 00:00:00,2025-01-24 00:00:00,2025-01-24T11:50:00,2025-01-24T11:50:00,0.4662,723.9865517255754,1055.7868239066509,72.38314195863322,796.3696936842086,1055.7868239066509,0,0.8,evening_hedge,1200.0,1200.0,573.916203110891,833.3333333333333,0.0,4833.773142620395,5583.773142620395,0.0,1.0,833.3333333333334,0.0,0.0,194.78961977755773,194.78961977755773,0.0,7039.63335858935,7789.63335858935,267.5597338902974,0.0,267.5597338902974
2025-01-24,72,4139.86,2025-01-24T12:00:00,2025-01-24T11:50:00,12:00:00,25,BU,6696.675,12:00:00,25,BU,0.3961,12:00:00,25,BU,0.4432,689.9766666666666,1116.1125,-2556.8150000000005,-426.1358333333334,2025-01-24T12:00:00,2025-01-24 00:00:00,2025-01-24 00:00:00,2025-01-24T12:00:00,2025-01-24T12:00:00,0.4432,715.511545343531,1057.8633581750169,72.38314195863322,787.8946873021642,1057.8633581750169,0,0.8,evening_hedge,1200.0,1200.0,563.3646624604806,833.3333333333333,0.0,5583.773142620395,6333.773142620395,0.0,1.0,833.3333333333334,0.0,0.0,156.16716246048054,156.16716246048054,0.0,7789.63335858935,8539.63335858935,249.683218402485,0.0,249.683218402485
2025-01-24,73,3989.7687,2025-01-24T12:10:00,2025-01-24T12:00:00,12:10:00,25,BV,6664.3785,12:10:00,25,BV,0.3467,12:10:00,25,BV,0.4411,664.96145,1110.72975,-2674.6097999999997,-445.76829999999995,2025-01-24T12:10:00,2025-01-24 00:00:00,2025-01-24 00:00:00,2025-01-24T12:10:00,2025-01-24T12:10:00,0.4411,712.5891134680415,1055.7791083763311,86.47786713328098,799.0669806013225,1055.7791083763311,0,0.8,evening_hedge,1200.0,1200.0,576.6212055583246,833.3333333333333,0.0,6333.773142620395,7083.773142620395,0.0,1.0,833.3333333333334,0.0,0.0,189.0561722249912,189.0561722249912,0.0,8539.63335858935,9289.63335858935,254.347613771777,0.0,254.347613771777
2025-01-24,74,4130.1387,2025-01-24T12:20:00,2025-01-24T12:10:00,12:20:00,25,BW,6651.7654,12:20:00,25,BW,0.349,12:20:00,25,BW,0.4551,688.3564500000001,1108.6275666666668,-2521.6267,-420.27111666666667,2025-01-24T12:20:00,2025-01-24 00:00:00,2025-01-24 00:00:00,2025-01-24T12:20:00,2025-01-24T12:20:00,0.4551,683.6617635201139,1049.5537527005245,86.47786713328098,770.1396306533949,1049.5537527005245,0,0.8,evening_hedge,1200.0,1200.0,553.9192112862037,833.3333333333333,0.0,7083.773142620395,7833.773142620395,0.0,1.0,833.3333333333334,0.0,0.0,140.85699461953686,140.85699461953686,0.0,9289.63335858935,10039.63335858935,252.08863305635128,0.0,252.08863305635128
2025-01-24,75,4388.77,2025-01-24T12:30:00,2025-01-24T12:20:00,12:30:00,25,BX,6595.425,12:30:00,25,BX,0.391,12:30:00,25,BX,0.4463,731.4616666666667,1099.2375,-2206.6549999999997,-367.77583333333325,2025-01-24T12:30:00,2025-01-24 00:00:00,2025-01-24 00:00:00,2025-01-24T12:30:00,2025-01-24T12:30:00,0.4463,649.4446384572874,1039.245855365976,86.47786713328098,735.9225055905683,1039.245855365976,0,0.8,evening_hedge,1200.0,1200.0,530.0099835579256,833.3333333333333,0.0,7833.773142620395,8583.773142620395,0.0,1.0,833.3333333333334,0.0,0.0,64.45248355792546,64.45248355792546,0.0,10039.63335858935,10789.63335858935,236.5434556619022,0.0,236.5434556619022
2025-01-24,76,4189.95,2025-01-24T12:40:00,2025-01-24T12:30:00,12:40:00,25,BY,6583.1818,12:40:00,25,BY,0.3529,12:40:00,25,BY,0.4113,698.3249999999999,1097.1969666666666,-2393.2318000000005,-398.8719666666667,2025-01-24T12:40:00,2025-01-24 00:00:00,2025-01-24 00:00:00,2025-01-24T12:40:00,2025-01-24T12:40:00,0.4113,665.9811058167933,1024.9521176398039,86.47786713328098,752.4589729500742,1024.9521176398039,0,0.8,evening_hedge,1200.0,1200.0,560.8401886436036,833.3333333333333,0.0,8583.773142620395,9333.773142620395,0.0,1.0,11.518490456277908,0.0,0.0,948.1936648539923,560.8401886436036,387.35347621038875,10789.63335858935,10800.0,230.67356958911415,0.0,230.67356958911415
2025-01-24,77,4047.8194,2025-01-24T12:50:00,2025-01-24T12:40:00,12:50:00,25,BZ,6436.8995,12:50:00,25,BZ,0.5027,12:50:00,25,BZ,0.5682,674.6365666666667,1072.8165833333335,-2389.0801000000006,-398.1800166666668,2025-01-24T12:50:00,2025-01-24 00:00:00,2025-01-24 00:00:00,2025-01-24T12:50:00,2025-01-24T12:50:00,0.5682,678.2032693308511,1006.8061432101716,86.47786713328098,764.681136464132,1006.8061432101716,0,0.8,evening_hedge,1200.0,1200.0,0.0,242.12500674603962,0.0,9333.773142620395,9551.685648691831,0.0,1.0,0.0,0.0,0.0,398.1800166666668,0.0,398.1800166666668,10800.0,10800.0,0.0,0.0,0.0
2025-01-24,78,4091.83,2025-01-24T13:00:00,2025-01-24T12:50:00,13:00:00,25,CA,6132.6,13:00:00,25,CA,0.7718,13:00:00,25,CA,0.8279,681.9716666666667,1022.1,-2040.7700000000004,-340.12833333333333,2025-01-24T13:00:00,2025-01-24 00:00:00,2025-01-24 00:00:00,2025-01-24T13:00:00,2025-01-24T13:00:00,0.8279,673.7472425157843,984.9767361942671,86.47786713328098,760.2251096490652,984.9767361942671,0,0.8,evening_hedge,1200.0,1200.0,0.0,224.75162654520193,0.0,9551.685648691831,9753.962112582512,0.0,1.0,0.0,0.0,0.0,340.12833333333333,0.0,340.12833333333333,10800.0,10800.0,0.0,0.0,0.0
2025-01-24,79,3945.0531,2025-01-24T13:10:00,2025-01-24T13:00:00,13:10:00,25,CB,5848.8193,13:10:00,25,CB,0.7961,13:10:00,25,CB,0.8636,657.50885,974.8032166666667,-1903.7662,-317.29436666666663,2025-01-24T13:10:00,2025-01-24 00:00:00,2025-01-24 00:00:00,2025-01-24T13:10:00,2025-01-24T13:10:00,0.8636,689.1760421311737,959.6657569549751,49.80143428409405,738.9774764152678,959.6657569549751,0,0.8,evening_hedge,1200.0,1200.0,0.0,220.6882805397073,0.0,9753.962112582512,9952.581565068249,0.0,1.0,0.0,0.0,0.0,317.29436666666663,0.0,317.29436666666663,10800.0,10800.0,0.0,0.0,0.0
2025-01-24,80,3850.5206,2025-01-24T13:20:00,2025-01-24T13:10:00,13:20:00,25,CC,5676.17,13:20:00,25,CC,0.7634,13:20:00,25,CC,0.8416,641.7534333333333,946.0283333333333,-1825.6494000000002,-304.2749,2025-01-24T13:20:00,2025-01-24 00:00:00,2025-01-24 00:00:00,2025-01-24T13:20:00,2025-01-24T13:20:00,0.8416,675.5293503622884,931.1055673870093,49.80143428409405,725.3307846463824,931.1055673870093,0,0.8,evening_hedge,1200.0,1200.0,0.0,205.77478274062685,0.0,9952.581565068249,10137.778869534814,0.0,1.0,0.0,0.0,0.0,304.2749,0.0,304.2749,10800.0,10800.0,0.0,0.0,0.0
2025-01-24,81,3914.19,2025-01-24T13:30:00,2025-01-24T13:20:00,13:30:00,25,CD,5550.9,13:30:00,25,CD,0.7966,13:30:00,25,CD,0.8618,652.365,925.15,-1636.7099999999996,-272.78499999999997,2025-01-24T13:30:00,2025-01-24 00:00:00,2025-01-24 00:00:00,2025-01-24T13:30:00,2025-01-24T13:30:00,0.8618,641.409071583746,899.5561033163472,49.80143428409405,691.2105058678401,899.5561033163472,0,0.8,evening_hedge,1200.0,1200.0,0.0,208.34559744850708,0.0,10137.778869534814,10325.28990723847,0.0,1.0,0.0,0.0,0.0,272.78499999999997,0.0,272.78499999999997,10800.0,10800.0,0.0,0.0,0.0
2025-01-24,82,3975.3644,2025-01-24T13:40:00,2025-01-24T13:30:00,13:40:00,25,CE,5339.5745,13:40:00,25,CE,0.8352,13:40:00,25,CE,0.8623,662.5607333333334,889.9290833333333,-1364.2100999999998,-227.36834999999996,2025-01-24T13:40:00,2025-01-24 00:00:00,2025-01-24 00:00:00,2025-01-24T13:40:00,2025-01-24T13:40:00,0.8623,648.696717383897,865.3016170404785,49.80143428409405,698.498151667991,865.3016170404785,0,0.8,evening_hedge,1200.0,1200.0,0.0,166.8034653724875,0.0,10325.28990723847,10475.41302607371,0.0,1.0,0.0,0.0,0.0,227.36834999999996,0.0,227.36834999999996,10800.0,10800.0,0.0,0.0,0.0
2025-01-24,83,4003.2024,2025-01-24T13:50:00,2025-01-24T13:40:00,13:50:00,25,CF,5142.2597,13:50:00,25,CF,0.9123,13:50:00,25,CF,0.9026,667.2004000000001,857.0432833333333,-1139.0572999999995,-189.84288333333325,2025-01-24T13:50:00,2025-01-24 00:00:00,2025-01-24 00:00:00,2025-01-24T13:50:00,2025-01-24T13:50:00,0.9026,655.8223251626777,828.6471377364952,49.80143428409405,705.6237594467717,828.6471377364952,0,0.8,evening_hedge,1200.0,1200.0,0.0,123.0233782897235,0.0,10475.41302607371,10586.13406653446,0.0,1.0,0.0,0.0,0.0,189.84288333333325,0.0,189.84288333333325,10800.0,10800.0,0.0,0.0,0.0
2025-01-24,84,3979.89,2025-01-24T14:00:00,2025-01-24T13:50:00,14:00:00,25,CG,4948.2375,14:00:00,25,CG,1.0157,14:00:00,25,CG,0.9754,663.3149999999999,824.7062500000001,-968.3475000000003,-161.39125000000013,2025-01-24T14:00:00,2025-01-24 00:00:00,2025-01-24 00:00:00,2025-01-24T14:00:00,2025-01-24T14:00:00,0.9754,647.5110176419613,789.9147014058613,49.80143428409405,697.3124519260554,789.9147014058613,0,0.8,evening_hedge,1200.0,1200.0,0.0,92.60224947980589,0.0,10586.13406653446,10669.476091066284,0.0,1.0,0.0,0.0,0.0,161.39125000000013,0.0,161.39125000000013,10800.0,10800.0,0.0,0.0,0.0
2025-01-24,85,3895.5604,2025-01-24T14:10:00,2025-01-24T14:00:00,14:10:00,25,CH,4642.4082,14:10:00,25,CH,1.0766,14:10:00,25,CH,1.0002,649.2600666666666,773.7347,-746.8478,-124.47463333333337,2025-01-24T14:10:00,2025-01-24 00:00:00,2025-01-24 00:00:00,2025-01-24T14:10:00,2025-01-24T14:10:00,1.0002,649.4859317056754,749.4394051479156,15.814110028743404,665.3000417344188,749.4394051479156,0,0.8,evening_hedge,1200.0,1200.0,0.0,84.13936341349688,0.0,10669.476091066284,10745.201518138432,0.0,1.0,0.0,0.0,0.0,124.47463333333337,0.0,124.47463333333337,10800.0,10800.0,0.0,0.0,0.0
2025-01-24,86,3855.53,2025-01-24T14:20:00,2025-01-24T14:10:00,14:20:00,25,CI,4367.0315,14:20:00,25,CI,1.0873,14:20:00,25,CI,0.9978,642.5883333333334,727.8385833333333,-511.50149999999985,-85.25024999999994,2025-01-24T14:20:00,2025-01-24 00:00:00,2025-01-24 00:00:00,2025-01-24T14:20:00,2025-01-24T14:20:00,0.9978,641.4109835363378,707.5653428113,15.814110028743404,657.2250935650811,707.5653428113,0,0.8,evening_hedge,1200.0,1200.0,0.0,50.34024924621883,0.0,10745.201518138432,10790.50774246003,0.0,1.0,0.0,0.0,0.0,85.25024999999994,0.0,85.25024999999994,10800.0,10800.0,0.0,0.0,0.0
2025-01-24,87,3823.29,2025-01-24T14:30:00,2025-01-24T14:20:00,14:30:00,25,CJ,4160.7375,14:30:00,25,CJ,1.1133,14:30:00,25,CJ,1.0271,637.215,693.4562500000001,-337.4475000000002,-56.241250000000036,2025-01-24T14:30:00,2025-01-24 00:00:00,2025-01-24 00:00:00,2025-01-24T14:30:00,2025-01-24T14:30:00,1.0271,638.2804175794457,664.6414804303785,15.814110028743404,654.0945276081891,664.6414804303785,0,0.8,evening_hedge,1200.0,1200.0,0.0,10.546952822189382,0.0,10790.50774246003,10800.0,0.0,1.0,0.0,0.0,0.0,56.241250000000036,0.0,56.241250000000036,10800.0,10800.0,0.0,0.0,0.0
2025-01-24,88,3693.1359,2025-01-24T14:40:00,2025-01-24T14:30:00,14:40:00,25,CK,3937.5997,14:40:00,25,CK,1.1806,14:40:00,25,CK,1.0906,615.52265,656.2666166666667,-244.4638,-40.743966666666665,2025-01-24T14:40:00,2025-01-24 00:00:00,2025-01-24 00:00:00,2025-01-24T14:40:00,2025-01-24T14:40:00,1.0906,674.1017763391947,621.0175302940189,15.814110028743404,689.915886367938,621.0175302940189,0,0.8,evening_hedge,1200.0,1200.0,0.0,0.0,68.8983560739191,10800.0,10723.446271028979,0.0,0.0,0.0,0.0,0.0,40.743966666666665,0.0,40.743966666666665,10800.0,10800.0,0.0,0.0,0.0
2025-01-24,89,3743.1837,2025-01-24T14:50:00,2025-01-24T14:40:00,14:50:00,25,CL,3784.119,14:50:00,25,CL,0.954,14:50:00,25,CL,0.9376,623.86395,630.6865,-40.9353000000001,-6.822549999999978,2025-01-24T14:50:00,2025-01-24 00:00:00,2025-01-24 00:00:00,2025-01-24T14:50:00,2025-01-24T14:50:00,0.9376,674.0260544486445,577.0398820135098,15.814110028743404,689.8401644773878,577.0398820135098,0,0.8,evening_hedge,1200.0,1200.0,0.0,0.0,112.80028246387803,10723.446271028979,10598.112623846891,0.0,0.0,0.0,0.0,0.0,6.822549999999978,0.0,6.822549999999978,10800.0,10800.0,0.0,0.0,0.0
2025-01-24,90,3828.88,2025-01-24T15:00:00,2025-01-24T14:50:00,15:00:00,25,CM,3633.3,15:00:00,25,CM,0.5816,15:00:00,25,CM,0.6694,638.1466666666666,605.5500000000001,195.57999999999993,32.59666666666658,2025-01-24T15:00:00,2025-01-24 00:00:00,2025-01-24 00:00:00,2025-01-24T15:00:00,2025-01-24T15:00:00,0.6694,644.7174223417516,533.0476475667322,15.814110028743404,660.5315323704949,533.0476475667322,0,0.8,evening_hedge,1200.0,1200.0,127.48388480376275,0.0,0.0,10598.112623846891,10598.112623846891,0.0,-0.0,0.0,0.0,0.0,94.88721813709617,94.88721813709617,0.0,10800.0,10800.0,85.33771248763878,0.0,85.33771248763878
2025-01-24,91,3546.159,2025-01-24T15:10:00,2025-01-24T15:00:00,15:10:00,25,CN,3307.742,15:10:00,25,CN,0.582,15:10:00,25,CN,0.66,591.0265,551.2903333333334,238.41699999999992,39.73616666666669,2025-01-24T15:10:00,2025-01-24 00:00:00,2025-01-24 00:00:00,2025-01-24T15:10:00,2025-01-24T15:10:00,0.66,663.1501081502316,489.3688750237281,3.325269170202777,666.4753773204344,489.3688750237281,0,0.8,evening_hedge,1200.0,1200.0,401.4258091334936,224.3193068367873,0.0,10598.112623846891,10800.0,0.0,1.0000000000000073,0.0,0.0,0.0,361.68964246682697,361.68964246682697,0.0,10800.0,10800.0,264.9410340281058,0.0,264.9410340281058
2025-01-24,92,3500.5605,2025-01-24T15:20:00,2025-01-24T15:10:00,15:20:00,25,CO,2975.0701,15:20:00,25,CO,0.6723,15:20:00,25,CO,0.7217,583.42675,495.84501666666665,525.4904000000001,87.58173333333332,2025-01-24T15:20:00,2025-01-24 00:00:00,2025-01-24 00:00:00,2025-01-24T15:20:00,2025-01-24T15:20:00,0.7217,655.0041909393316,446.31698254559484,3.325269170202777,658.3294601095344,446.31698254559484,0,0.8,evening_hedge,1200.0,1200.0,212.0124775639395,0.0,0.0,10800.0,10800.0,0.0,0.0,0.0,0.0,0.0,124.43074423060614,124.43074423060614,0.0,10800.0,10800.0,153.00940505789515,0.0,153.00940505789515
2025-01-24,93,3774.15,2025-01-24T15:30:00,2025-01-24T15:20:00,15:30:00,25,CP,2726.8875,15:30:00,25,CP,0.676,15:30:00,25,CP,0.7308,629.025,454.48125,1047.2625000000003,174.54375,2025-01-24T15:30:00,2025-01-24 00:00:00,2025-01-24 00:00:00,2025-01-24T15:30:00,2025-01-24T15:30:00,0.7308,608.3910579186313,404.18746034895673,3.325269170202777,611.7163270888341,404.18746034895673,0,0.8,evening_hedge,1200.0,1200.0,207.52886673987734,0.0,0.0,10800.0,10800.0,0.0,0.0,0.0,0.0,0.0,32.9851167398773,32.9851167398773,0.0,10800.0,10800.0,151.66209581350236,0.0,151.66209581350236
2025-01-24,94,3819.2749,2025-01-24T15:40:00,2025-01-24T15:30:00,15:40:00,25,CQ,2484.1469,15:40:00,25,CQ,0.6958,15:40:00,25,CQ,0.7534,636.5458166666666,414.02448333333336,1335.1279999999997,222.52133333333325,2025-01-24T15:40:00,2025-01-24 00:00:00,2025-01-24 00:00:00,2025-01-24T15:40:00,2025-01-24T15:40:00,0.7534,592.7588761990371,363.2548837096806,3.325269170202777,596.0841453692399,363.2548837096806,0,0.8,evening_hedge,1200.0,1200.0,232.82926165955928,0.0,0.0,10800.0,10800.0,0.0,0.0,0.0,0.0,0.0,10.307928326226033,10.307928326226033,0.0,10800.0,10800.0,175.41356573431196,0.0,175.41356573431196
2025-01-24,95,3695.0751,2025-01-24T15:50:00,2025-01-24T15:40:00,15:50:00,25,CR,2150.4263,15:50:00,25,CR,0.7034,15:50:00,25,CR,0.7823,615.84585,358.4043833333333,1544.6488,257.4414666666667,2025-01-24T15:50:00,2025-01-24 00:00:00,2025-01-24 00:00:00,2025-01-24T15:50:00,2025-01-24T15:50:00,0.7823,597.423836391282,323.7702748210831,3.325269170202777,600.7491055614847,323.7702748210831,0,0.8,evening_hedge,1200.0,1200.0,276.97883074040163,0.0,0.0,10800.0,10800.0,0.0,0.0,0.0,0.0,0.0,19.53736407373492,19.53736407373492,0.0,10800.0,10800.0,216.6805392882162,0.0,216.6805392882162
2025-01-24,96,3604.61,2025-01-24T16:00:00,2025-01-24T15:50:00,16:00:00,25,CS,1794.9,16:00:00,25,CS,0.7057,16:00:00,25,CS,0.8055,600.7683333333333,299.15000000000003,1809.71,301.6183333333333,2025-01-24T16:00:00,2025-01-24 00:00:00,2025-01-24 00:00:00,2025-01-24T16:00:00,2025-01-24T16:00:00,0.8055,598.335379966698,285.95884551291186,3.325269170202777,601.6606491369008,285.95884551291186,0,0.8,evening_hedge,1200.0,1200.0,315.70180362398895,0.0,0.0,10800.0,10800.0,0.0,0.0,0.0,0.0,0.0,14.083470290655669,14.083470290655669,0.0,10800.0,10800.0,254.2978028191231,0.0,254.2978028191231
2025-01-24,97,3640.2181,2025-01-24T16:10:00,2025-01-24T16:00:00,16:10:00,25,CT,1575.5901,16:10:00,25,CT,0.7555,16:10:00,25,CT,0.8271,606.7030166666667,262.59835,2064.628,344.10466666666673,2025-01-24T16:10:00,2025-01-24 00:00:00,2025-01-24 00:00:00,2025-01-24T16:10:00,2025-01-24T16:10:00,0.8271,587.1676945370535,250.01814657590785,69.64574462309295,656.8134391601465,250.01814657590785,0,0.8,evening_hedge,1200.0,1200.0,406.7952925842386,0.0,-0.0,10800.0,10800.0,0.0,0.0,0.0,0.0,0.0,62.69062591757188,62.69062591757188,0.0,10800.0,10800.0,336.4603864964237,0.0,336.4603864964237
2025-01-24,98,3536.7839,2025-01-24T16:20:00,2025-01-24T16:10:00,16:20:00,25,CU,1341.1802,16:20:00,25,CU,0.8064,16:20:00,25,CU,0.8519,589.4639833333333,223.53003333333334,2195.6036999999997,365.93395,2025-01-24T16:20:00,2025-01-24 00:00:00,2025-01-24 00:00:00,2025-01-24T16:20:00,2025-01-24T16:20:00,0.8519,586.4182819350293,216.1166428277655,69.64574462309295,656.0640265581222,216.1166428277655,0,0.8,evening_hedge,1200.0,1200.0,439.9473837303567,0.0,-0.0,10800.0,10800.0,0.0,0.0,0.0,0.0,0.0,74.01343373035672,74.01343373035672,0.0,10800.0,10800.0,374.79117619989086,0.0,374.79117619989086
2025-01-24,99,3394.05,2025-01-24T16:30:00,2025-01-24T16:20:00,16:30:00,25,CV,1038.675,16:30:00,25,CV,0.8366,16:30:00,25,CV,0.8791,565.6750000000001,173.11249999999998,2355.375,392.5625000000001,2025-01-24T16:30:00,2025-01-24 00:00:00,2025-01-24 00:00:00,2025-01-24T16:30:00,2025-01-24T16:30:00,0.8791,604.5699366520646,184.39272621010832,69.64574462309295,674.2156812751575,184.39272621010832,0,0.8,evening_hedge,1200.0,1200.0,489.8229550650492,0.0,-0.0,10800.0,10800.0,0.0,0.0,0.0,0.0,0.0,97.26045506504909,97.26045506504909,0.0,10800.0,10800.0,430.60335979768473,0.0,430.60335979768473
2025-01-24,100,3499.1378,2025-01-24T16:40:00,2025-01-24T16:30:00,16:40:00,25,CW,761.8907,16:40:00,25,CW,0.8531,16:40:00,25,CW,0.9024,583.1896333333333,126.98178333333334,2737.2471,456.20784999999995,2025-01-24T16:40:00,2025-01-24 00:00:00,2025-01-24 00:00:00,2025-01-24T16:40:00,2025-01-24T16:40:00,0.9024,616.0291775248547,154.95417223631145,69.64574462309295,685.6749221479477,154.95417223631145,0,0.8,evening_hedge,1200.0,1200.0,530.7207499116362,0.0,-0.0,10800.0,10800.0,0.0,0.0,0.0,0.0,0.0,74.51289991163628,74.51289991163628,0.0,10800.0,10800.0,478.9224047202605,0.0,478.9224047202605
2025-01-24,101,3127.3168,2025-01-24T16:50:00,2025-01-24T16:40:00,16:50:00,25,CX,484.9956,16:50:00,25,CX,0.7807,16:50:00,25,CX,0.9163,521.2194666666667,80.8326,2642.3212,440.38686666666666,2025-01-24T16:50:00,2025-01-24 00:00:00,2025-01-24 00:00:00,2025-01-24T16:50:00,2025-01-24T16:50:00,0.9163,551.2211246029781,127.87803813180805,69.64574462309295,620.866869226071,127.87803813180805,0,0.8,evening_hedge,1200.0,1200.0,492.98883109426293,0.0,-0.0,10800.0,10800.0,0.0,0.0,0.0,0.0,0.0,52.60196442759627,52.60196442759627,0.0,10800.0,10800.0,451.7256659316731,0.0,451.7256659316731
2025-01-24,102,2542.59,2025-01-24T17:00:00,2025-01-24T16:50:00,17:00:00,25,CY,221.2125,17:00:00,25,CY,0.6863,17:00:00,25,CY,0.9264,423.76500000000004,36.86875,2321.3775,386.89625000000007,2025-01-24T17:00:00,2025-01-24 00:00:00,2025-01-24 00:00:00,2025-01-24T17:00:00,2025-01-24T17:00:00,0.9264,461.40152439835657,103.21099413650364,69.64574462309295,531.0472690214496,103.21099413650364,0,0.8,evening_hedge,1200.0,1200.0,427.8362748849459,0.0,-0.0,10800.0,10800.0,0.0,0.0,0.0,0.0,0.0,40.94002488494584,40.94002488494584,0.0,10800.0,10800.0,396.3475250534139,0.0,396.3475250534139
2025-01-24,103,2767.0596,2025-01-24T17:10:00,2025-01-24T17:00:00,17:10:00,25,CZ,44.5401,17:10:00,25,CZ,0.7272,17:10:00,25,CZ,0.9462,461.1766,7.42335,2722.5195,453.75325,2025-01-24T17:10:00,2025-01-24 00:00:00,2025-01-24 00:00:00,2025-01-24T17:10:00,2025-01-24T17:10:00,0.9462,471.75808413586856,80.97007278536296,62.54679022794819,534.3048743638168,80.97007278536296,0,0.8,evening_hedge,1200.0,1200.0,453.33480157845383,0.0,-0.0,10800.0,10800.0,0.0,0.0,0.0,0.41844842154614525,0.0,0.0,0.0,0.0,10800.0,10799.535057309393,428.94538925353305,0.0,428.94538925353305
2025-01-24,104,2916.6364,2025-01-24T17:20:00,2025-01-24T17:10:00,17:20:00,25,DA,0.0,17:20:00,25,DA,0.7771,17:20:00,25,DA,0.9742,486.10606666666666,0.0,2916.6364,486.10606666666666,2025-01-24T17:20:00,2025-01-24 00:00:00,2025-01-24 00:00:00,2025-01-24T17:20:00,2025-01-24T17:20:00,0.9742,482.3625346599746,61.143814656142666,62.54679022794819,544.9093248879228,61.143814656142666,0,0.8,evening_hedge,1200.0,1200.0,483.7655102317801,0.0,-0.0,10800.0,10800.0,0.0,0.0,0.0,2.340556434886537,0.0,0.0,0.0,0.0,10799.535057309393,10796.934439048408,471.28436006780015,0.0,471.28436006780015
2025-01-24,105,2712.48,2025-01-24T17:30:00,2025-01-24T17:20:00,17:30:00,25,DB,0.0,17:30:00,25,DB,0.7591,17:30:00,25,DB,0.9862,452.08,0.0,2712.48,452.08,2025-01-24T17:30:00,2025-01-24 00:00:00,2025-01-24 00:00:00,2025-01-24T17:30:00,2025-01-24T17:30:00,0.9862,460.89807724972405,43.69378317442467,62.54679022794819,523.4448674776722,43.69378317442467,0,0.8,evening_hedge,1200.0,1200.0,479.7510843032476,0.0,-0.0,10800.0,10800.0,0.0,0.0,3.4061788351027644,0.0,0.0,24.264905468144832,24.264905468144832,0.0,10796.934439048408,10800.0,473.13051933986276,0.0,473.13051933986276
2025-01-24,106,2738.4986,2025-01-24T17:40:00,2025-01-24T17:30:00,17:40:00,25,DC,2.6096,17:40:00,25,DC,0.7446,17:40:00,25,DC,0.976,456.4164333333333,0.43493333333333334,2735.889,455.9815,2025-01-24T17:40:00,2025-01-24 00:00:00,2025-01-24 00:00:00,2025-01-24T17:40:00,2025-01-24T17:40:00,0.976,471.7230143446838,28.556415689760957,62.54679022794819,534.269804572632,28.556415689760957,0,0.8,evening_hedge,1200.0,1200.0,505.713388882871,0.0,0.0,10800.0,10800.0,0.0,0.0,0.0,0.0,0.0,49.73188888287103,49.73188888287103,0.0,10800.0,10800.0,493.5762675496821,0.0,493.5762675496821
2025-01-24,107,2673.5839,2025-01-24T17:50:00,2025-01-24T17:40:00,17:50:00,25,DD,0.0,17:50:00,25,DD,0.8958,17:50:00,25,DD,1.0742,445.5973166666667,0.0,2673.5839,445.5973166666667,2025-01-24T17:50:00,2025-01-24 00:00:00,2025-01-24 00:00:00,2025-01-24T17:50:00,2025-01-24T17:50:00,1.0742,467.7592037173272,15.645173267583028,62.54679022794819,530.3059939452754,15.645173267583028,0,0.8,evening_hedge,1200.0,1200.0,514.6608206776924,0.0,-0.0,10800.0,10800.0,0.0,0.0,0.0,0.0,0.0,69.06350401102571,69.06350401102571,0.0,10800.0,10800.0,552.8486535719773,0.0,552.8486535719773
2025-01-24,108,2549.2,2025-01-24T18:00:00,2025-01-24T17:50:00,18:00:00,25,DE,0.0,18:00:00,25,DE,1.1097,18:00:00,25,DE,1.2313,424.8666666666666,0.0,2549.2,424.8666666666666,2025-01-24T18:00:00,2025-01-24 00:00:00,2025-01-24 00:00:00,2025-01-24T18:00:00,2025-01-24T18:00:00,1.2313,445.697328844647,4.852947553649886,62.54679022794819,508.2441190725952,4.852947553649886,0,0.8,evening_hedge,1200.0,1200.0,0.0,0.0,503.3911715189453,10800.0,10240.67647609006,0.0,0.0,0.0,424.8666666666666,0.0,0.0,0.0,0.0,10800.0,10327.925925925925,0.0,0.0,0.0
2025-01-24,109,2763.8894,2025-01-24T18:10:00,2025-01-24T18:00:00,18:10:00,25,DF,0.1874,18:10:00,25,DF,1.1122,18:10:00,25,DF,1.2561,460.64823333333334,0.031233333333333335,2763.702,460.617,2025-01-24T18:10:00,2025-01-24 00:00:00,2025-01-24 00:00:00,2025-01-24T18:10:00,2025-01-24T18:10:00,1.2561,453.76772525159544,0.0,41.55265393626806,495.3203791878635,0.0,0,0.9,evening_hedge,1200.0,1200.0,0.0,0.0,495.3203791878635,10240.67647609006,9690.320499214657,0.0,0.0,0.0,460.617,0.0,0.0,0.0,0.0,10327.925925925925,9816.129259259258,0.0,0.0,0.0
2025-01-24,110,2848.8452,2025-01-24T18:20:00,2025-01-24T18:10:00,18:20:00,25,DG,0.0,18:20:00,25,DG,1.0816,18:20:00,25,DG,1.2447,474.80753333333337,0.0,2848.8452,474.80753333333337,2025-01-24T18:20:00,2025-01-24 00:00:00,2025-01-24 00:00:00,2025-01-24T18:20:00,2025-01-24T18:20:00,1.2447,456.28765683773713,0.0,41.55265393626806,497.84031077400516,0.0,0,0.9,evening_hedge,1200.0,1200.0,0.0,0.0,497.84031077400516,9690.320499214657,9137.164598354651,0.0,0.0,0.0,474.80753333333337,0.0,0.0,0.0,0.0,9816.129259259258,9288.565333333332,0.0,0.0,0.0
2025-01-24,111,2744.34,2025-01-24T18:30:00,2025-01-24T18:20:00,18:30:00,25,DH,0.0,18:30:00,25,DH,1.1017,18:30:00,25,DH,1.2545,457.39000000000004,0.0,2744.34,457.39000000000004,2025-01-24T18:30:00,2025-01-24 00:00:00,2025-01-24 00:00:00,2025-01-24T18:30:00,2025-01-24T18:30:00,1.2545,440.14814093367954,0.0,41.55265393626806,481.7007948699476,0.0,0,0.9,evening_hedge,1200.0,1200.0,0.0,0.0,481.7007948699476,9137.164598354651,8601.941492943599,0.0,0.0,0.0,457.39000000000004,0.0,0.0,0.0,0.0,9288.565333333332,8780.35422222222,0.0,0.0,0.0
2025-01-24,112,2845.1956,2025-01-24T18:40:00,2025-01-24T18:30:00,18:40:00,25,DI,0.0135,18:40:00,25,DI,1.0982,18:40:00,25,DI,1.2522,474.1992666666667,0.00225,2845.1821,474.1970166666667,2025-01-24T18:40:00,2025-01-24 00:00:00,2025-01-24 00:00:00,2025-01-24T18:40:00,2025-01-24T18:40:00,1.2522,433.5452880749628,0.0,41.55265393626806,475.0979420112309,0.0,0,0.9,evening_hedge,1200.0,1200.0,0.0,0.0,475.0979420112309,8601.941492943599,8074.054890708898,0.0,0.0,0.0,474.1970166666667,0.0,0.0,0.0,0.0,8780.35422222222,8253.468648148146,0.0,0.0,0.0
2025-01-24,113,2854.3145,2025-01-24T18:50:00,2025-01-24T18:40:00,18:50:00,25,DJ,0.0,18:50:00,25,DJ,1.1949,18:50:00,25,DJ,1.2881,475.71908333333334,0.0,2854.3145,475.71908333333334,2025-01-24T18:50:00,2025-01-24 00:00:00,2025-01-24 00:00:00,2025-01-24T18:50:00,2025-01-24T18:50:00,1.2881,451.1730479040455,0.0,41.55265393626806,492.7257018403136,0.0,0,0.9,evening_hedge,1200.0,1200.0,0.0,0.0,492.7257018403136,8074.054890708898,7526.581888664105,0.0,0.0,0.0,475.71908333333334,0.0,0.0,0.0,0.0,8253.468648148146,7724.891888888887,0.0,0.0,0.0
2025-01-24,114,2738.85,2025-01-24T19:00:00,2025-01-24T18:50:00,19:00:00,25,DK,0.0,19:00:00,25,DK,1.3404,19:00:00,25,DK,1.3466,456.47499999999997,0.0,2738.85,456.47499999999997,2025-01-24T19:00:00,2025-01-24 00:00:00,2025-01-24 00:00:00,2025-01-24T19:00:00,2025-01-24T19:00:00,1.3466,474.1585756433203,0.0,41.55265393626806,515.7112295795883,0.0,0,0.9,evening_hedge,1200.0,1200.0,0.0,0.0,515.7112295795883,7526.581888664105,6953.569411353451,0.0,0.0,0.0,456.47499999999997,0.0,0.0,0.0,0.0,7724.891888888887,7217.697444444442,0.0,0.0,0.0
2025-01-24,115,2773.9649,2025-01-24T19:10:00,2025-01-24T19:00:00,19:10:00,25,DL,0.0,19:10:00,25,DL,1.3362,19:10:00,25,DL,1.3523,462.3274833333333,0.0,2773.9649,462.3274833333333,2025-01-24T19:10:00,2025-01-24 00:00:00,2025-01-24 00:00:00,2025-01-24T19:10:00,2025-01-24T19:10:00,1.3523,470.9182021935095,0.0,44.056936666666715,514.9751388601762,0.0,0,0.9,evening_hedge,1200.0,1200.0,0.0,0.0,514.9751388601762,6953.569411353451,6381.374812619922,0.0,0.0,0.0,462.3274833333333,0.0,0.0,0.0,0.0,7217.697444444442,6704.000240740738,0.0,0.0,0.0
2025-01-24,116,2707.4422,2025-01-24T19:20:00,2025-01-24T19:10:00,19:20:00,25,DM,0.0,19:20:00,25,DM,1.2988,19:20:00,25,DM,1.3445,451.24036666666666,0.0,2707.4422,451.24036666666666,2025-01-24T19:20:00,2025-01-24 00:00:00,2025-01-24 00:00:00,2025-01-24T19:20:00,2025-01-24T19:20:00,1.3445,475.58493276821724,0.0,44.056936666666715,519.6418694348839,0.0,0,0.9,evening_hedge,1200.0,1200.0,0.0,0.0,519.6418694348839,6381.374812619922,5803.994957692273,0.0,0.0,0.0,451.24036666666666,0.0,0.0,0.0,0.0,6704.000240740738,6202.622055555553,0.0,0.0,0.0
2025-01-24,117,2544.01,2025-01-24T19:30:00,2025-01-24T19:20:00,19:30:00,25,DN,0.0,19:30:00,25,DN,1.3188,19:30:00,25,DN,1.3483,424.0016666666667,0.0,2544.01,424.0016666666667,2025-01-24T19:30:00,2025-01-24 00:00:00,2025-01-24 00:00:00,2025-01-24T19:30:00,2025-01-24T19:30:00,1.3483,487.7336137602333,0.0,44.056936666666715,531.7905504269,0.0,0,0.9,evening_hedge,1200.0,1200.0,0.0,0.0,531.7905504269,5803.994957692273,5213.11656832905,0.0,0.0,0.0,424.0016666666667,0.0,0.0,0.0,0.0,6202.622055555553,5731.50909259259,0.0,0.0,0.0
2025-01-24,118,2573.4613,2025-01-24T19:40:00,2025-01-24T19:30:00,19:40:00,25,DO,0.0,19:40:00,25,DO,1.3658,19:40:00,25,DO,1.349,428.91021666666666,0.0,2573.4613,428.91021666666666,2025-01-24T19:40:00,2025-01-24 00:00:00,2025-01-24 00:00:00,2025-01-24T19:40:00,2025-01-24T19:40:00,1.349,473.47530757280055,0.0,44.056936666666715,517.5322442394672,0.0,0,0.9,evening_hedge,1200.0,1200.0,0.0,0.0,517.5322442394672,5213.11656832905,4638.080741396308,0.0,0.0,0.0,428.91021666666666,0.0,0.0,0.0,0.0,5731.50909259259,5254.942185185182,0.0,0.0,0.0
2025-01-24,119,2658.8762,2025-01-24T19:50:00,2025-01-24T19:40:00,19:50:00,25,DP,0.0,19:50:00,25,DP,1.3557,19:50:00,25,DP,1.3473,443.1460333333334,0.0,2658.8762,443.1460333333334,2025-01-24T19:50:00,2025-01-24 00:00:00,2025-01-24 00:00:00,2025-01-24T19:50:00,2025-01-24T19:50:00,1.3473,467.97783971570163,0.0,44.056936666666715,512.0347763823684,0.0,0,0.9,evening_hedge,1200.0,1200.0,0.0,0.0,512.0347763823684,4638.080741396308,4069.153212082566,0.0,0.0,0.0,443.1460333333334,0.0,0.0,0.0,0.0,5254.942185185182,4762.5577037037,0.0,0.0,0.0
2025-01-24,120,2727.71,2025-01-24T20:00:00,2025-01-24T19:50:00,20:00:00,25,DQ,0.0,20:00:00,25,DQ,1.3097,20:00:00,25,DQ,1.3482,454.61833333333334,0.0,2727.71,454.61833333333334,2025-01-24T20:00:00,2025-01-24 00:00:00,2025-01-24 00:00:00,2025-01-24T20:00:00,2025-01-24T20:00:00,1.3482,470.9225432968216,0.0,44.056936666666715,514.9794799634883,0.0,0,0.9,evening_hedge,1200.0,1200.0,0.0,0.0,514.9794799634883,4069.153212082566,3496.953789900912,0.0,0.0,0.0,454.61833333333334,0.0,0.0,0.0,0.0,4762.5577037037,4257.426222222219,0.0,0.0,0.0
2025-01-24,121,2838.0265,2025-01-24T20:10:00,2025-01-24T20:00:00,20:10:00,25,DR,0.0,20:10:00,25,DR,1.3226,20:10:00,25,DR,1.3513,473.00441666666666,0.0,2838.0265,473.00441666666666,2025-01-24T20:10:00,2025-01-24 00:00:00,2025-01-24 00:00:00,2025-01-24T20:10:00,2025-01-24T20:10:00,1.3513,446.71120336041076,0.0,46.33808163278416,493.04928499319493,0.0,0,0.9,evening_hedge,1200.0,1200.0,0.0,0.0,493.04928499319493,3496.953789900912,2949.121251019584,0.0,0.0,0.0,473.00441666666666,0.0,0.0,0.0,0.0,4257.426222222219,3731.865759259256,0.0,0.0,0.0
2025-01-24,122,2872.5661,2025-01-24T20:20:00,2025-01-24T20:10:00,20:20:00,25,DS,0.0,20:20:00,25,DS,1.32,20:20:00,25,DS,1.34,478.76101666666665,0.0,2872.5661,478.76101666666665,2025-01-24T20:20:00,2025-01-24 00:00:00,2025-01-24 00:00:00,2025-01-24T20:20:00,2025-01-24T20:20:00,1.34,430.56150781887493,0.0,46.33808163278416,476.8995894516591,0.0,0,0.9,evening_hedge,1200.0,1200.0,0.0,0.0,476.8995894516591,2949.121251019584,2419.2328182955184,0.0,0.0,0.0,478.76101666666665,0.0,0.0,0.0,0.0,3731.865759259256,3199.9090740740708,0.0,0.0,0.0
2025-01-24,123,2753.91,2025-01-24T20:30:00,2025-01-24T20:20:00,20:30:00,25,DT,0.0,20:30:00,25,DT,1.3301,20:30:00,25,DT,1.3489,458.98499999999996,0.0,2753.91,458.98499999999996,2025-01-24T20:30:00,2025-01-24 00:00:00,2025-01-24 00:00:00,2025-01-24T20:30:00,2025-01-24T20:30:00,1.3489,445.86584890997443,0.0,46.33808163278416,492.2039305427586,0.0,0,0.9,evening_hedge,1200.0,1200.0,0.0,0.0,492.2039305427586,2419.2328182955184,1872.3395621368977,0.0,0.0,0.0,458.98499999999996,0.0,0.0,0.0,0.0,3199.9090740740708,2689.9257407407376,0.0,0.0,0.0
2025-01-24,124,2572.7107,2025-01-24T20:40:00,2025-01-24T20:30:00,20:40:00,25,DU,0.0,20:40:00,25,DU,1.4135,20:40:00,25,DU,1.3952,428.7851166666667,0.0,2572.7107,428.7851166666667,2025-01-24T20:40:00,2025-01-24 00:00:00,2025-01-24 00:00:00,2025-01-24T20:40:00,2025-01-24T20:40:00,1.3952,477.2515546434282,0.0,46.33808163278416,523.5896362762123,0.0,0,0.9,evening_hedge,1200.0,1200.0,0.0,0.0,523.5896362762123,1872.3395621368977,1290.573299607773,0.0,0.0,0.0,428.7851166666667,0.0,0.0,0.0,0.0,2689.9257407407376,2213.49783333333,0.0,0.0,0.0
2025-01-24,125,2720.2863,2025-01-24T20:50:00,2025-01-24T20:40:00,20:50:00,25,DV,0.0,20:50:00,25,DV,1.2049,20:50:00,25,DV,1.2226,453.38105,0.0,2720.2863,453.38105,2025-01-24T20:50:00,2025-01-24 00:00:00,2025-01-24 00:00:00,2025-01-24T20:50:00,2025-01-24T20:50:00,1.2226,477.76981864635195,0.0,46.33808163278416,524.1079002791361,0.0,0,0.9,evening_hedge,1200.0,1200.0,442.5919306321404,0.0,81.51596964699563,1290.573299607773,1200.0,0.0,0.0,0.0,10.789119367859598,0.0,0.0,0.0,0.0,2213.49783333333,2201.509922924597,541.1128943908549,0.0,541.1128943908549
2025-01-24,126,2997.41,2025-01-24T21:00:00,2025-01-24T20:50:00,21:00:00,25,DW,0.0,21:00:00,25,DW,0.8203,21:00:00,25,DW,0.9332,499.5683333333333,0.0,2997.41,499.5683333333333,2025-01-24T21:00:00,2025-01-24 00:00:00,2025-01-24 00:00:00,2025-01-24T21:00:00,2025-01-24T21:00:00,0.9332,461.6944784454267,0.7072356950279863,46.33808163278416,508.03256007821085,0.7072356950279863,0,0.9,evening_hedge,1200.0,1200.0,507.3253243831829,0.0,0.0,1200.0,1200.0,0.0,0.0,7.756991049849546,0.0,0.0,0.0,0.0,0.0,2201.509922924597,2208.4912148694616,473.43599271438626,0.0,473.43599271438626
2025-01-24,127,2839.3916,2025-01-24T21:10:00,2025-01-24T21:00:00,21:10:00,25,DX,0.0,21:10:00,25,DX,0.7707,21:10:00,25,DX,0.9068,473.2319333333333,0.0,2839.3916,473.2319333333333,2025-01-24T21:10:00,2025-01-24 00:00:00,2025-01-24 00:00:00,2025-01-24T21:10:00,2025-01-24T21:10:00,0.9068,480.6549223405948,2.3950660922418883,57.913968640391126,538.5688909809859,2.3950660922418883,0,0.9,evening_hedge,1200.0,1200.0,536.173824888744,-0.0,0.0,1200.0,1200.0,0.0,0.0,62.94189155541068,0.0,0.0,0.0,0.0,0.0,2208.4912148694616,2265.138917269331,486.20242440911306,0.0,486.20242440911306
2025-01-24,128,2844.18,2025-01-24T21:20:00,2025-01-24T21:10:00,21:20:00,25,DY,0.0,21:20:00,25,DY,0.7997,21:20:00,25,DY,0.9371,474.03,0.0,2844.18,474.03,2025-01-24T21:20:00,2025-01-24 00:00:00,2025-01-24 00:00:00,2025-01-24T21:20:00,2025-01-24T21:20:00,0.9371,466.1928381948067,3.7510819606481425,57.913968640391126,524.1068068351979,3.7510819606481425,0,0.9,evening_hedge,1200.0,1200.0,520.3557248745498,0.0,0.0,1200.0,1200.0,0.0,0.0,46.32572487454979,0.0,0.0,0.0,0.0,0.0,2265.138917269331,2306.832069656426,487.6253497799406,0.0,487.6253497799406
2025-01-24,129,3120.71,2025-01-24T21:30:00,2025-01-24T21:20:00,21:30:00,25,DZ,0.0,21:30:00,25,DZ,0.794,21:30:00,25,DZ,0.9371,520.1183333333333,0.0,3120.71,520.1183333333333,2025-01-24T21:30:00,2025-01-24 00:00:00,2025-01-24 00:00:00,2025-01-24T21:30:00,2025-01-24T21:30:00,0.9371,447.21598174712904,4.769436236647833,57.913968640391126,505.1299503875202,4.769436236647833,0,0.9,evening_hedge,1200.0,1200.0,500.36051415087235,0.0,0.0,1200.0,1200.0,0.0,0.0,0.0,19.75781918246099,0.0,0.0,0.0,0.0,2306.832069656426,2284.8789372314695,468.8878378107825,0.0,468.8878378107825
2025-01-24,130,3097.8301,2025-01-24T21:40:00,2025-01-24T21:30:00,21:40:00,25,EA,0.0,21:40:00,25,EA,0.8585,21:40:00,25,EA,0.9871,516.3050166666667,0.0,3097.8301,516.3050166666667,2025-01-24T21:40:00,2025-01-24 00:00:00,2025-01-24 00:00:00,2025-01-24T21:40:00,2025-01-24T21:40:00,0.9871,512.7567661459408,5.456805401265778,57.913968640391126,570.6707347863319,5.456805401265778,0,0.9,evening_hedge,1200.0,1200.0,565.2139293850661,0.0,0.0,1200.0,1200.0,0.0,0.0,48.90891271839939,0.0,0.0,0.0,0.0,0.0,2284.8789372314695,2328.896958678029,557.9226696959987,0.0,557.9226696959987
2025-01-24,131,2651.0909,2025-01-24T21:50:00,2025-01-24T21:40:00,21:50:00,25,EB,0.0,21:50:00,25,EB,0.6338,21:50:00,25,EB,0.7764,441.8484833333334,0.0,2651.0909,441.8484833333334,2025-01-24T21:50:00,2025-01-24 00:00:00,2025-01-24 00:00:00,2025-01-24T21:50:00,2025-01-24T21:50:00,0.7764,490.61520240409726,5.831018965336594,57.913968640391126,548.5291710444884,5.831018965336594,0,0.9,evening_hedge,1200.0,1200.0,542.6981520791518,-0.0,0.0,1200.0,1200.0,0.0,0.0,100.8496687458184,0.0,0.0,0.0,0.0,0.0,2328.896958678029,2419.6616605492654,421.35084527425346,0.0,421.35084527425346
2025-01-24,132,2211.69,2025-01-24T22:00:00,2025-01-24T21:50:00,22:00:00,25,EC,0.0,22:00:00,25,EC,0.2582,22:00:00,25,EC,0.4209,368.615,0.0,2211.69,368.615,2025-01-24T22:00:00,2025-01-24 00:00:00,2025-01-24 00:00:00,2025-01-24T22:00:00,2025-01-24T22:00:00,0.4209,388.58583920406926,5.91951566132479,57.913968640391126,446.4998078444604,5.91951566132479,0,0.9,evening_hedge,1200.0,1200.0,440.5802921831356,0.0,0.0,1200.0,1200.0,0.0,0.0,71.9652921831356,0.0,0.0,0.0,0.0,0.0,2419.6616605492654,2484.4304235140876,185.44024497988178,0.0,185.44024497988178
2025-01-24,133,2369.9225,2025-01-24T22:10:00,2025-01-24T22:00:00,22:10:00,25,ED,0.0,22:10:00,25,ED,0.2732,22:10:00,25,ED,0.3859,394.9870833333334,0.0,2369.9225,394.9870833333334,2025-01-24T22:10:00,2025-01-24 00:00:00,2025-01-24 00:00:00,2025-01-24T22:10:00,2025-01-24T22:10:00,0.3859,389.89281876807263,5.757664113670149,36.0957981978251,425.98861696589773,5.757664113670149,0,0.8,evening_hedge,1200.0,1200.0,420.2309528522276,0.0,0.0,1200.0,1200.0,0.0,0.0,25.2438695188942,0.0,0.0,0.0,0.0,0.0,2484.4304235140876,2507.1499060810925,162.16712470567464,0.0,162.16712470567464
2025-01-24,134,2631.298,2025-01-24T22:20:00,2025-01-24T22:10:00,22:20:00,25,EE,0.0,22:20:00,25,EE,0.3771,22:20:00,25,EE,0.4368,438.5496666666666,0.0,2631.298,438.5496666666666,2025-01-24T22:20:00,2025-01-24 00:00:00,2025-01-24 00:00:00,2025-01-24T22:20:00,2025-01-24T22:20:00,0.4368,398.15853484110244,5.3869877418615735,36.0957981978251,434.25433303892754,5.3869877418615735,0,0.8,evening_hedge,1200.0,1200.0,428.867345297066,0.0,-0.0,1200.0,1200.0,0.0,0.0,0.0,9.68232136960063,0.0,0.0,0.0,0.0,2507.1499060810925,2496.391771225981,187.32925642575842,0.0,187.32925642575842
2025-01-24,135,2682.97,2025-01-24T22:30:00,2025-01-24T22:20:00,22:30:00,25,EF,0.0,22:30:00,25,EF,0.3706,22:30:00,25,EF,0.4198,447.16166666666663,0.0,2682.97,447.16166666666663,2025-01-24T22:30:00,2025-01-24 00:00:00,2025-01-24 00:00:00,2025-01-24T22:30:00,2025-01-24T22:30:00,0.4198,370.0506871817987,4.853334865232674,36.0957981978251,406.1464853796238,4.853334865232674,0,0.8,evening_hedge,1200.0,1200.0,401.29315051439113,0.0,0.0,1200.0,1200.0,0.0,0.0,0.0,45.868516152275504,0.0,0.0,0.0,0.0,2496.391771225981,2445.426753279008,168.4628645859414,0.0,168.4628645859414
2025-01-24,136,2647.7992,2025-01-24T22:40:00,2025-01-24T22:30:00,22:40:00,25,EG,0.0,22:40:00,25,EG,0.3541,22:40:00,25,EG,0.4186,441.2998666666667,0.0,2647.7992,441.2998666666667,2025-01-24T22:40:00,2025-01-24 00:00:00,2025-01-24 00:00:00,2025-01-24T22:40:00,2025-01-24T22:40:00,0.4186,373.4557093852641,4.2050354083836785,36.0957981978251,409.5515075830892,4.2050354083836785,0,0.8,evening_hedge,1200.0,1200.0,405.3464721747055,0.0,0.0,1200.0,1200.0,0.0,0.0,0.0,35.95339449196115,0.0,0.0,0.0,0.0,2445.426753279008,2405.478537176829,169.67803325233174,0.0,169.67803325233174
2025-01-24,137,2563.1294,2025-01-24T22:50:00,2025-01-24T22:40:00,22:50:00,25,EH,0.0,22:50:00,25,EH,0.3467,22:50:00,25,EH,0.4241,427.1882333333333,0.0,2563.1294,427.1882333333333,2025-01-24T22:50:00,2025-01-24 00:00:00,2025-01-24 00:00:00,2025-01-24T22:50:00,2025-01-24T22:50:00,0.4241,416.6255126851717,3.491085247961289,36.0957981978251,452.7213108829968,3.491085247961289,0,0.8,evening_hedge,1200.0,1200.0,449.23022563503554,0.0,0.0,1200.0,1200.0,0.0,0.0,22.041992301702237,0.0,0.0,0.0,0.0,0.0,2405.478537176829,2425.316330248361,190.51853869181855,0.0,190.51853869181855
2025-01-24,138,2488.8,2025-01-24T23:00:00,2025-01-24T22:50:00,23:00:00,25,EI,0.0,23:00:00,25,EI,0.3522,23:00:00,25,EI,0.4237,414.8,0.0,2488.8,414.8,2025-01-24T23:00:00,2025-01-24 00:00:00,2025-01-24 00:00:00,2025-01-24T23:00:00,2025-01-24T23:00:00,0.4237,448.70556039160545,2.7593981060373793,36.0957981978251,484.80135858943055,2.7593981060373793,0,0.8,evening_hedge,1200.0,1200.0,482.04196048339315,0.0,0.0,1200.0,1200.0,0.0,0.0,67.24196048339314,0.0,0.0,0.0,0.0,0.0,2425.316330248361,2485.8340946834146,204.2411786568137,0.0,204.2411786568137
2025-01-24,139,2476.4154,2025-01-24T23:10:00,2025-01-24T23:00:00,23:10:00,25,EJ,0.0,23:10:00,25,EJ,0.365,23:10:00,25,EJ,0.4248,412.73589999999996,0.0,2476.4154,412.73589999999996,2025-01-24T23:10:00,2025-01-24 00:00:00,2025-01-24 00:00:00,2025-01-24T23:10:00,2025-01-24T23:10:00,0.4248,415.1888354900551,2.0551630073153624,24.180916237290226,439.3697517273453,2.0551630073153624,0,0.8,evening_hedge,1200.0,1200.0,437.31458872003,0.0,0.0,1200.0,1200.0,0.0,0.0,24.578688720030016,0.0,0.0,0.0,0.0,0.0,2485.8340946834146,2507.954914531442,185.77123728826874,0.0,185.77123728826874
2025-01-24,140,2364.5323,2025-01-24T23:20:00,2025-01-24T23:10:00,23:20:00,25,EK,0.0,23:20:00,25,EK,0.313,23:20:00,25,EK,0.424,394.08871666666664,0.0,2364.5323,394.08871666666664,2025-01-24T23:20:00,2025-01-24 00:00:00,2025-01-24 00:00:00,2025-01-24T23:20:00,2025-01-24T23:20:00,0.424,412.53416876480026,1.4193427149190203,24.180916237290226,436.71508500209046,1.4193427149190203,0,0.8,evening_hedge,1200.0,1200.0,435.29574228717144,0.0,0.0,1200.0,1200.0,0.0,0.0,41.207025620504794,0.0,0.0,0.0,0.0,0.0,2507.954914531442,2545.041237589896,184.5653947297607,0.0,184.5653947297607
2025-01-24,141,2290.71,2025-01-24T23:30:00,2025-01-24T23:20:00,23:30:00,25,EL,0.0,23:30:00,25,EL,0.2657,23:30:00,25,EL,0.422,381.785,0.0,2290.71,381.785,2025-01-24T23:30:00,2025-01-24 00:00:00,2025-01-24 00:00:00,2025-01-24T23:30:00,2025-01-24T23:30:00,0.422,445.904917080376,0.8873452934686401,24.180916237290226,470.0858333176662,0.8873452934686401,0,0.8,evening_hedge,1200.0,1200.0,469.19848802419756,0.0,0.0,1200.0,1200.0,0.0,0.0,87.41348802419753,0.0,0.0,0.0,0.0,0.0,2545.041237589896,2623.7133768116737,198.00176194621136,0.0,198.00176194621136
2025-01-24,142,2558.4689,2025-01-24T23:40:00,2025-01-24T23:30:00,23:40:00,25,EM,0.0,23:40:00,25,EM,0.3584,23:40:00,25,EM,0.424,426.4114833333333,0.0,2558.4689,426.4114833333333,2025-01-24T23:40:00,2025-01-24 00:00:00,2025-01-24 00:00:00,2025-01-24T23:40:00,2025-01-24T23:40:00,0.424,426.90920645110407,0.48789708114741703,24.180916237290226,451.0901226883943,0.48789708114741703,0,0.8,evening_hedge,1200.0,1200.0,450.60222560724685,0.0,0.0,1200.0,1200.0,0.0,0.0,24.190742273913543,0.0,0.0,0.0,0.0,0.0,2623.7133768116737,2645.485044858196,191.05534365747266,0.0,191.05534365747266
2025-01-24,143,2744.8498,2025-01-24T23:50:00,2025-01-24T23:40:00,23:50:00,25,EN,0.0,23:50:00,25,EN,0.3708,23:50:00,25,EN,0.4271,457.47496666666666,0.0,2744.8498,457.47496666666666,2025-01-24T23:50:00,2025-01-24 00:00:00,2025-01-24 00:00:00,2025-01-24T23:50:00,2025-01-24T23:50:00,0.4271,408.1888440963466,0.24214095782112705,24.180916237290226,432.3697603336368,0.24214095782112705,0,0.8,evening_hedge,1200.0,1200.0,432.1276193758157,0.0,0.0,1200.0,1200.0,0.0,0.0,0.0,25.347347290850962,0.0,0.0,0.0,0.0,2645.485044858196,2617.3213256461395,184.56170623541087,0.0,184.56170623541087
2025-01-24,144,2716.52,2025-01-25T00:00:00,2025-01-24T23:50:00,0:00+1,25,EO,0.0,0:00+1,25,EO,0.2955,0:00+1,25,EO,0.4276,452.75333333333333,0.0,2716.52,452.75333333333333,2025-01-25T00:00:00,2025-01-24 00:00:00,2025-01-24 00:00:00,2025-01-25T00:00:00,2025-01-25T00:00:00,0.4276,415.93839336365,0.16297895667600348,24.180916237290226,440.1193096009402,0.16297895667600348,0,0.8,evening_hedge,1200.0,1200.0,439.9563306442643,0.0,0.0,1200.0,1200.0,0.0,0.0,0.0,12.797002689069018,0.0,0.0,0.0,0.0,2617.3213256461395,2603.102433769396,188.1253269834874,0.0,188.1253269834874
2025-01-25,1,2725.9526,2025-01-25T00:10:00,2025-01-25T00:00:00,00:10:00,26,B,0.0,00:10:00,26,B,0.3381,00:10:00,26,B,0.4248,454.32543333333336,0.0,2725.9526,454.32543333333336,2025-01-25T00:10:00,2025-01-25 00:00:00,2025-01-25 00:00:00,2025-01-25T00:10:00,2025-01-25T00:10:00,0.4248,442.2229268220739,0.08836594368507145,29.448530043806457,471.6714568658803,0.08836594368507145,0,0.8,evening_hedge,1200.0,1200.0,1304.9164242555285,833.3333333333333,0.0,2603.102433769396,3353.102433769396,0.0,1.0,833.3333333333334,0.0,0.0,17.25765758886166,17.25765758886166,0.0,2603.102433769396,3353.102433769396,554.3284970237485,0.0,554.3284970237485
2025-01-25,2,2680.0361,2025-01-25T00:20:00,2025-01-25T00:10:00,00:20:00,26,C,0.0,00:20:00,26,C,0.3528,00:20:00,26,C,0.4245,446.6726833333333,0.0,2680.0361,446.6726833333333,2025-01-25T00:20:00,2025-01-25 00:00:00,2025-01-25 00:00:00,2025-01-25T00:20:00,2025-01-25T00:20:00,0.4245,441.1392385788028,0.3828467907187587,29.448530043806457,470.58776862260925,0.3828467907187587,0,0.8,evening_hedge,1200.0,1200.0,1303.5382551652237,833.3333333333333,0.0,3353.102433769396,4103.102433769396,0.0,1.0,833.3333333333334,0.0,0.0,23.53223849855715,23.53223849855715,0.0,3353.102433769396,4103.102433769396,553.3519893176375,0.0,553.3519893176375
2025-01-25,3,2659.84,2025-01-25T00:30:00,2025-01-25T00:20:00,00:30:00,26,D,0.0,00:30:00,26,D,0.3008,00:30:00,26,D,0.4269,443.3066666666667,0.0,2659.84,443.3066666666667,2025-01-25T00:30:00,2025-01-25 00:00:00,2025-01-25 00:00:00,2025-01-25T00:30:00,2025-01-25T00:30:00,0.4269,439.3923228745218,0.8682258593510845,29.448530043806457,468.84085291832827,0.8682258593510845,0,0.8,evening_hedge,1200.0,1200.0,1301.3059603923105,833.3333333333333,0.0,4103.102433769396,4853.102433769396,0.0,1.0,833.3333333333334,0.0,0.0,24.665960392310467,24.665960392310467,0.0,4103.102433769396,4853.102433769396,555.5275144914773,0.0,555.5275144914773
2025-01-25,4,2861.9215,2025-01-25T00:40:00,2025-01-25T00:30:00,00:40:00,26,E,0.0,00:40:00,26,E,0.3039,00:40:00,26,E,0.4272,476.9869166666667,0.0,2861.9215,476.9869166666667,2025-01-25T00:40:00,2025-01-25 00:00:00,2025-01-25 00:00:00,2025-01-25T00:40:00,2025-01-25T00:40:00,0.4272,445.36206114244584,1.5203128876964604,29.448530043806457,474.8105911862523,1.5203128876964604,0,0.8,evening_hedge,1200.0,1200.0,1306.6236116318892,833.3333333333333,0.0,4853.102433769396,5603.102433769396,0.0,1.0,829.6366949652224,0.0,0.0,0.0,0.0,0.0,4853.102433769396,5599.775459238096,558.1896068891431,0.0,558.1896068891431
2025-01-25,5,2905.6089,2025-01-25T00:50:00,2025-01-25T00:40:00,00:50:00,26,F,0.0,00:50:00,26,F,0.3343,00:50:00,26,F,0.4271,484.26815000000005,0.0,2905.6089,484.26815000000005,2025-01-25T00:50:00,2025-01-25 00:00:00,2025-01-25 00:00:00,2025-01-25T00:50:00,2025-01-25T00:50:00,0.4271,482.1477055856635,2.3066561247199697,29.448530043806457,511.59623562946996,2.3066561247199697,0,0.8,evening_hedge,1200.0,1200.0,1342.6229128380833,833.3333333333333,0.0,5603.102433769396,6353.102433769396,0.0,1.0,833.3333333333334,0.0,0.0,25.02142950474979,25.02142950474979,0.0,5599.775459238096,6349.775459238096,573.4342460731453,0.0,573.4342460731453
2025-01-25,6,2809.25,2025-01-25T01:00:00,2025-01-25T00:50:00,01:00:00,26,G,0.0,01:00:00,26,G,0.3558,01:00:00,26,G,0.4285,468.2083333333333,0.0,2809.25,468.2083333333333,2025-01-25T01:00:00,2025-01-25 00:00:00,2025-01-25 00:00:00,2025-01-25T01:00:00,2025-01-25T01:00:00,0.4285,509.975526823071,3.187512228607022,29.448530043806457,539.4240568668774,3.187512228607022,0,0.8,evening_hedge,1200.0,1200.0,1369.5698779716035,833.3333333333333,0.0,6353.102433769396,7103.102433769396,0.0,1.0,833.3333333333334,0.0,0.0,68.02821130493692,68.02821130493692,0.0,6349.775459238096,7099.775459238096,586.8606927108322,0.0,586.8606927108322
2025-01-25,7,2942.6338,2025-01-25T01:10:00,2025-01-25T01:00:00,01:10:00,26,H,0.0,01:10:00,26,H,0.3641,01:10:00,26,H,0.4311,490.43896666666666,0.0,2942.6338,490.43896666666666,2025-01-25T01:10:00,2025-01-25 00:00:00,2025-01-25 00:00:00,2025-01-25T01:10:00,2025-01-25T01:10:00,0.4311,462.09065095783046,4.117053703527183,38.032959102270794,500.12361006010127,4.117053703527183,0,0.8,evening_hedge,1200.0,1200.0,496.0065563565741,0.0,0.0,7103.102433769396,7103.102433769396,0.0,-0.0,5.567589689907436,0.0,0.0,0.0,0.0,0.0,7099.775459238096,7104.786289959013,213.82842644531908,0.0,213.82842644531908
2025-01-25,8,2923.2679,2025-01-25T01:20:00,2025-01-25T01:10:00,01:20:00,26,I,0.0,01:20:00,26,I,0.3577,01:20:00,26,I,0.4302,487.2113166666666,0.0,2923.2679,487.2113166666666,2025-01-25T01:20:00,2025-01-25 00:00:00,2025-01-25 00:00:00,2025-01-25T01:20:00,2025-01-25T01:20:00,0.4302,426.01752974285233,5.04478854239381,38.032959102270794,464.05048884512314,5.04478854239381,0,0.8,evening_hedge,1200.0,1200.0,1233.3363294478447,774.3306291451154,0.0,7103.102433769396,7800.0,0.0,0.9999999999999974,746.1250127811782,0.0,0.0,0.0,0.0,0.0,7104.786289959013,7776.298801462073,530.5812889284629,0.0,530.5812889284629
2025-01-25,9,2787.63,2025-01-25T01:30:00,2025-01-25T01:20:00,01:30:00,26,J,0.0,01:30:00,26,J,0.3605,01:30:00,26,J,0.4279,464.605,0.0,2787.63,464.605,2025-01-25T01:30:00,2025-01-25 00:00:00,2025-01-25 00:00:00,2025-01-25T01:30:00,2025-01-25T01:30:00,0.4279,436.0388630545882,5.917162150005009,38.032959102270794,474.071822156859,5.917162150005009,0,0.8,evening_hedge,1200.0,1200.0,1301.4879933401871,833.3333333333333,0.0,7800.0,8550.0,0.0,1.0,833.3333333333334,0.0,0.0,3.549660006853742,3.549660006853742,0.0,7776.298801462073,8526.298801462073,556.906712350266,0.0,556.906712350266
2025-01-25,10,2965.6344,2025-01-25T01:40:00,2025-01-25T01:30:00,01:40:00,26,K,0.0,01:40:00,26,K,0.393,01:40:00,26,K,0.4312,494.2724,0.0,2965.6344,494.2724,2025-01-25T01:40:00,2025-01-25 00:00:00,2025-01-25 00:00:00,2025-01-25T01:40:00,2025-01-25T01:40:00,0.4312,450.1906684821416,6.679307584115121,38.032959102270794,488.2236275844124,6.679307584115121,0,0.8,evening_hedge,1200.0,1200.0,481.54432000029726,0.0,0.0,8550.0,8550.0,0.0,-0.0,0.0,12.728079999702743,0.0,0.0,0.0,0.0,8526.298801462073,8512.156490351292,207.64191078412819,0.0,207.64191078412819
2025-01-25,11,3034.1367,2025-01-25T01:50:00,2025-01-25T01:40:00,01:50:00,26,L,0.0,01:50:00,26,L,0.3685,01:50:00,26,L,0.4333,505.68945,0.0,3034.1367,505.68945,2025-01-25T01:50:00,2025-01-25 00:00:00,2025-01-25 00:00:00,2025-01-25T01:50:00,2025-01-25T01:50:00,0.4333,488.6763027784576,7.276906747853199,38.032959102270794,526.7092618807284,7.276906747853199,0,0.8,evening_hedge,1200.0,1200.0,519.4323551328752,0.0,0.0,8550.0,8550.0,0.0,0.0,13.742905132875137,0.0,0.0,0.0,0.0,0.0,8512.156490351292,8524.525104970879,225.0700394790748,0.0,225.0700394790748
2025-01-25,12,2927.02,2025-01-25T02:00:00,2025-01-25T01:50:00,02:00:00,26,M,0.0,02:00:00,26,M,0.3052,02:00:00,26,M,0.4311,487.83666666666664,0.0,2927.02,487.83666666666664,2025-01-25T02:00:00,2025-01-25 00:00:00,2025-01-25 00:00:00,2025-01-25T02:00:00,2025-01-25T02:00:00,0.4311,519.5990069035049,7.658122460576662,38.032959102270794,557.6319660057757,7.658122460576662,0,0.8,evening_hedge,1200.0,1200.0,549.973843545199,0.0,0.0,8550.0,8550.0,0.0,-0.0,62.13717687853233,0.0,0.0,0.0,0.0,0.0,8524.525104970879,8580.448564161557,237.09372395233527,0.0,237.09372395233527
2025-01-25,13,3011.4346,2025-01-25T02:10:00,2025-01-25T02:00:00,02:10:00,26,N,0.0,02:10:00,26,N,0.3159,02:10:00,26,N,0.4293,501.9057666666667,0.0,3011.4346,501.9057666666667,2025-01-25T02:10:00,2025-01-25 00:00:00,2025-01-25 00:00:00,2025-01-25T02:10:00,2025-01-25T02:10:00,0.4293,482.19886787945194,7.775559378435289,32.707075987603616,514.9059438670556,7.775559378435289,0,0.8,evening_hedge,1200.0,1200.0,1340.4637178219537,833.3333333333333,0.0,8550.0,9300.0,0.0,1.0,833.3333333333334,0.0,0.0,5.2246178219535295,5.2246178219535295,0.0,8580.448564161557,9330.448564161557,575.4610740609647,0.0,575.4610740609647
2025-01-25,14,3089.5616,2025-01-25T02:20:00,2025-01-25T02:10:00,02:20:00,26,O,0.0,02:20:00,26,O,0.3649,02:20:00,26,O,0.4324,514.9269333333333,0.0,3089.5616,514.9269333333333,2025-01-25T02:20:00,2025-01-25 00:00:00,2025-01-25 00:00:00,2025-01-25T02:20:00,2025-01-25T02:20:00,0.4324,469.8407645753864,7.588210570000462,32.707075987603616,502.54784056299,7.588210570000462,0,0.8,evening_hedge,1200.0,1200.0,494.95962999298956,0.0,0.0,9300.0,9300.0,0.0,-0.0,0.0,19.967303340343733,0.0,0.0,0.0,0.0,9330.448564161557,9308.262671561175,214.0205440089687,0.0,214.0205440089687
2025-01-25,15,3045.26,2025-01-25T02:30:00,2025-01-25T02:20:00,02:30:00,26,P,0.0,02:30:00,26,P,0.3905,02:30:00,26,P,0.4367,507.54333333333335,0.0,3045.26,507.54333333333335,2025-01-25T02:30:00,2025-01-25 00:00:00,2025-01-25 00:00:00,2025-01-25T02:30:00,2025-01-25T02:30:00,0.4367,500.10823869103547,7.0633462015997,32.707075987603616,532.8153146786391,7.0633462015997,0,0.8,evening_hedge,1200.0,1200.0,525.7519684770393,0.0,0.0,9300.0,9300.0,0.0,0.0,18.208635143705976,0.0,0.0,0.0,0.0,0.0,9308.262671561175,9324.65044319051,229.59588463392305,0.0,229.59588463392305
2025-01-25,16,2987.7561,2025-01-25T02:40:00,2025-01-25T02:30:00,02:40:00,26,Q,0.0,02:40:00,26,Q,0.37,02:40:00,26,Q,0.4348,497.95935000000003,0.0,2987.7561,497.95935000000003,2025-01-25T02:40:00,2025-01-25 00:00:00,2025-01-25 00:00:00,2025-01-25T02:40:00,2025-01-25T02:40:00,0.4348,500.83901800692274,6.178301262266864,32.707075987603616,533.5460939945264,6.178301262266864,0,0.8,evening_hedge,1200.0,1200.0,527.3677927322595,0.0,0.0,9300.0,9300.0,0.0,0.0,29.408442732259516,0.0,0.0,0.0,0.0,0.0,9324.65044319051,9351.118041649544,229.29951627998645,0.0,229.29951627998645
2025-01-25,17,3006.3681,2025-01-25T02:50:00,2025-01-25T02:40:00,02:50:00,26,R,0.0,02:50:00,26,R,0.3817,02:50:00,26,R,0.4335,501.06135,0.0,3006.3681,501.06135,2025-01-25T02:50:00,2025-01-25 00:00:00,2025-01-25 00:00:00,2025-01-25T02:50:00,2025-01-25T02:50:00,0.4335,499.44557255902305,4.922120555506874,32.707075987603616,532.1526485466267,4.922120555506874,0,0.8,evening_hedge,1200.0,1200.0,527.2305279911197,0.0,0.0,9300.0,9300.0,0.0,0.0,26.16917799111974,0.0,0.0,0.0,0.0,0.0,9351.118041649544,9374.670301841552,228.5544338841504,0.0,228.5544338841504
2025-01-25,18,3084.35,2025-01-25T03:00:00,2025-01-25T02:50:00,03:00:00,26,S,0.0,03:00:00,26,S,0.4212,03:00:00,26,S,0.4357,514.0583333333333,0.0,3084.35,514.0583333333333,2025-01-25T03:00:00,2025-01-25 00:00:00,2025-01-25 00:00:00,2025-01-25T03:00:00,2025-01-25T03:00:00,0.4357,510.5858854511745,3.297021285680932,32.707075987603616,543.2929614387781,3.297021285680932,0,0.8,evening_hedge,1200.0,1200.0,539.9959401530972,0.0,0.0,9300.0,9300.0,0.0,0.0,25.937606819763914,0.0,0.0,0.0,0.0,0.0,9374.670301841552,9398.01414797934,235.27623112470442,0.0,235.27623112470442
2025-01-25,19,3126.3068,2025-01-25T03:10:00,2025-01-25T03:00:00,03:10:00,26,T,0.0,03:10:00,26,T,0.4101,03:10:00,26,T,0.4374,521.0511333333333,0.0,3126.3068,521.0511333333333,2025-01-25T03:10:00,2025-01-25 00:00:00,2025-01-25 00:00:00,2025-01-25T03:10:00,2025-01-25T03:10:00,0.4374,512.7405034609693,1.3196364376364036,28.945987902198993,541.6864913631683,1.3196364376364036,0,0.8,evening_hedge,1200.0,1200.0,540.3668549255319,0.0,0.0,9300.0,9300.0,0.0,0.0,19.315721592198656,0.0,0.0,0.0,0.0,0.0,9398.01414797934,9415.39829741232,236.35646234442768,0.0,236.35646234442768
2025-01-25,20,3116.9757,2025-01-25T03:20:00,2025-01-25T03:10:00,03:20:00,26,U,0.0,03:20:00,26,U,0.402,03:20:00,26,U,0.4371,519.49595,0.0,3116.9757,519.49595,2025-01-25T03:20:00,2025-01-25 00:00:00,2025-01-25 00:00:00,2025-01-25T03:20:00,2025-01-25T03:20:00,0.4371,496.28479538731506,0.0,28.945987902198993,525.2307832895141,0.0,0,0.8,evening_hedge,1200.0,1200.0,525.2307832895141,0.0,0.0,9300.0,9300.0,0.0,0.0,5.734833289514086,0.0,0.0,0.0,0.0,0.0,9415.39829741232,9420.559647372882,229.5783753758466,0.0,229.5783753758466
2025-01-25,21,3072.66,2025-01-25T03:30:00,2025-01-25T03:20:00,03:30:00,26,V,0.0,03:30:00,26,V,0.4175,03:30:00,26,V,0.4356,512.11,0.0,3072.66,512.11,2025-01-25T03:30:00,2025-01-25 00:00:00,2025-01-25 00:00:00,2025-01-25T03:30:00,2025-01-25T03:30:00,0.4356,476.7115227435195,0.0,28.945987902198993,505.6575106457185,0.0,0,0.8,evening_hedge,1200.0,1200.0,505.6575106457185,0.0,0.0,9300.0,9300.0,0.0,0.0,0.0,6.452489354281511,0.0,0.0,0.0,0.0,9420.559647372882,9413.390214757013,220.26441163727497,0.0,220.26441163727497
2025-01-25,22,3032.6936,2025-01-25T03:40:00,2025-01-25T03:30:00,03:40:00,26,W,0.0,03:40:00,26,W,0.4191,03:40:00,26,W,0.4353,505.44893333333334,0.0,3032.6936,505.44893333333334,2025-01-25T03:40:00,2025-01-25 00:00:00,2025-01-25 00:00:00,2025-01-25T03:40:00,2025-01-25T03:40:00,0.4353,485.4841195294827,0.0,28.945987902198993,514.4301074316817,0.0,0,0.8,evening_hedge,1200.0,1200.0,514.4301074316817,0.0,0.0,9300.0,9300.0,0.0,0.0,8.981174098348333,0.0,0.0,0.0,0.0,0.0,9413.390214757013,9421.473271445528,223.93142576501106,0.0,223.93142576501106
2025-01-25,23,3080.0636,2025-01-25T03:50:00,2025-01-25T03:40:00,03:50:00,26,X,0.0,03:50:00,26,X,0.4048,03:50:00,26,X,0.436,513.3439333333333,0.0,3080.0636,513.3439333333333,2025-01-25T03:50:00,2025-01-25 00:00:00,2025-01-25 00:00:00,2025-01-25T03:50:00,2025-01-25T03:50:00,0.436,529.2614710175767,0.0,28.945987902198993,558.2074589197757,0.0,0,0.8,evening_hedge,1200.0,1200.0,558.2074589197757,0.0,0.0,9300.0,9300.0,0.0,0.0,44.86352558644239,0.0,0.0,0.0,0.0,0.0,9421.473271445528,9461.850444473326,243.3784520890222,0.0,243.3784520890222
2025-01-25,24,3156.82,2025-01-25T04:00:00,2025-01-25T03:50:00,04:00:00,26,Y,0.0,04:00:00,26,Y,0.3922,04:00:00,26,Y,0.4378,526.1366666666667,0.0,3156.82,526.1366666666667,2025-01-25T04:00:00,2025-01-25 00:00:00,2025-01-25 00:00:00,2025-01-25T04:00:00,2025-01-25T04:00:00,0.4378,566.7966864774486,0.0,28.945987902198993,595.7426743796476,0.0,0,0.8,evening_hedge,1200.0,1200.0,595.7426743796476,0.0,0.0,9300.0,9300.0,0.0,0.0,69.60600771298095,0.0,0.0,0.0,0.0,0.0,9461.850444473326,9524.49585141501,260.81614284340975,0.0,260.81614284340975
2025-01-25,25,3125.5784,2025-01-25T04:10:00,2025-01-25T04:00:00,04:10:00,26,Z,0.0,04:10:00,26,Z,0.3983,04:10:00,26,Z,0.4401,520.9297333333333,0.0,3125.5784,520.9297333333333,2025-01-25T04:10:00,2025-01-25 00:00:00,2025-01-25 00:00:00,2025-01-25T04:10:00,2025-01-25T04:10:00,0.4401,543.2116999027439,0.0,30.075169103764964,573.2868690065089,0.0,0,0.8,evening_hedge,1200.0,1200.0,573.2868690065089,0.0,0.0,9300.0,9300.0,0.0,0.0,52.35713567317566,0.0,0.0,0.0,0.0,0.0,9524.49585141501,9571.617273520867,252.30355104976456,0.0,252.30355104976456
2025-01-25,26,3130.4829,2025-01-25T04:20:00,2025-01-25T04:10:00,04:20:00,26,AA,0.0,04:20:00,26,AA,0.3977,04:20:00,26,AA,0.4389,521.74715,0.0,3130.4829,521.74715,2025-01-25T04:20:00,2025-01-25 00:00:00,2025-01-25 00:00:00,2025-01-25T04:20:00,2025-01-25T04:20:00,0.4389,513.2861208598001,0.0,30.075169103764964,543.3612899635651,0.0,0,0.8,evening_hedge,1200.0,1200.0,543.3612899635651,0.0,0.0,9300.0,9300.0,0.0,0.0,21.614139963565094,0.0,0.0,0.0,0.0,0.0,9571.617273520867,9591.069999488076,238.48127016500874,0.0,238.48127016500874
2025-01-25,27,3213.03,2025-01-25T04:30:00,2025-01-25T04:20:00,04:30:00,26,AB,0.0,04:30:00,26,AB,0.3819,04:30:00,26,AB,0.4364,535.505,0.0,3213.03,535.505,2025-01-25T04:30:00,2025-01-25 00:00:00,2025-01-25 00:00:00,2025-01-25T04:30:00,2025-01-25T04:30:00,0.4364,521.4052190189681,0.0,30.075169103764964,551.4803881227331,0.0,0,0.8,evening_hedge,1200.0,1200.0,551.4803881227331,0.0,0.0,9300.0,9300.0,0.0,0.0,15.97538812273308,0.0,0.0,0.0,0.0,0.0,9591.069999488076,9605.447848798536,240.66604137676072,0.0,240.66604137676072
2025-01-25,28,3270.1602,2025-01-25T04:40:00,2025-01-25T04:30:00,04:40:00,26,AC,0.0,04:40:00,26,AC,0.3738,04:40:00,26,AC,0.4393,545.0267,0.0,3270.1602,545.0267,2025-01-25T04:40:00,2025-01-25 00:00:00,2025-01-25 00:00:00,2025-01-25T04:40:00,2025-01-25T04:40:00,0.4393,559.6919049040363,0.0,30.075169103764964,589.7670740078013,0.0,0,0.8,evening_hedge,1200.0,1200.0,589.7670740078013,0.0,0.0,9300.0,9300.0,0.0,0.0,44.74037400780128,0.0,0.0,0.0,0.0,0.0,9605.447848798536,9645.714185405557,259.0846756116271,0.0,259.0846756116271
2025-01-25,29,3315.7504,2025-01-25T04:50:00,2025-01-25T04:40:00,04:50:00,26,AD,0.001,04:50:00,26,AD,0.4078,04:50:00,26,AD,0.4422,552.6250666666666,0.00016666666666666666,3315.7493999999997,552.6248999999999,2025-01-25T04:50:00,2025-01-25 00:00:00,2025-01-25 00:00:00,2025-01-25T04:50:00,2025-01-25T04:50:00,0.4422,567.7025542816648,0.0,30.075169103764964,597.7777233854298,0.0,0,0.8,evening_hedge,1200.0,1200.0,597.7777233854298,0.0,0.0,9300.0,9300.0,0.0,0.0,45.15282338542988,0.0,0.0,0.0,0.0,0.0,9645.714185405557,9686.351726452443,264.33730928103705,0.0,264.33730928103705
2025-01-25,30,3312.33,2025-01-25T05:00:00,2025-01-25T04:50:00,05:00:00,26,AE,0.0,05:00:00,26,AE,0.4431,05:00:00,26,AE,0.4395,552.055,0.0,3312.33,552.055,2025-01-25T05:00:00,2025-01-25 00:00:00,2025-01-25 00:00:00,2025-01-25T05:00:00,2025-01-25T05:00:00,0.4395,550.1956853234135,0.0,30.075169103764964,580.2708544271785,0.0,0,0.8,evening_hedge,1200.0,1200.0,580.2708544271785,0.0,0.0,9300.0,9300.0,0.0,0.0,28.215854427178556,0.0,0.0,0.0,0.0,0.0,9686.351726452443,9711.745995436904,255.02904052074496,0.0,255.02904052074496
2025-01-25,31,3207.5332,2025-01-25T05:10:00,2025-01-25T05:00:00,05:10:00,26,AF,0.0,05:10:00,26,AF,0.4078,05:10:00,26,AF,0.4333,534.5888666666666,0.0,3207.5332,534.5888666666666,2025-01-25T05:10:00,2025-01-25 00:00:00,2025-01-25 00:00:00,2025-01-25T05:10:00,2025-01-25T05:10:00,0.4333,563.3720396135766,0.0,29.100699999999996,592.4727396135766,0.0,0,0.8,evening_hedge,1200.0,1200.0,592.4727396135766,0.0,0.0,9300.0,9300.0,0.0,-0.0,57.883872946909946,0.0,0.0,0.0,0.0,0.0,9711.745995436904,9763.841481089123,256.71843807456275,0.0,256.71843807456275
2025-01-25,32,3209.2912,2025-01-25T05:20:00,2025-01-25T05:10:00,05:20:00,26,AG,0.0144,05:20:00,26,AG,0.411,05:20:00,26,AG,0.4439,534.8818666666667,0.0024,3209.2768,534.8794666666668,2025-01-25T05:20:00,2025-01-25 00:00:00,2025-01-25 00:00:00,2025-01-25T05:20:00,2025-01-25T05:20:00,0.4439,560.5561577020263,0.0,29.100699999999996,589.6568577020263,0.0,0,0.8,evening_hedge,1200.0,1200.0,589.6568577020263,0.0,0.0,9300.0,9300.0,0.0,0.0,54.77739103535953,0.0,0.0,0.0,0.0,0.0,9763.841481089123,9813.141133020947,261.7486791339295,0.0,261.7486791339295
2025-01-25,33,3361.11,2025-01-25T05:30:00,2025-01-25T05:20:00,05:30:00,26,AH,0.0,05:30:00,26,AH,0.4424,05:30:00,26,AH,0.4301,560.1850000000001,0.0,3361.11,560.1850000000001,2025-01-25T05:30:00,2025-01-25 00:00:00,2025-01-25 00:00:00,2025-01-25T05:30:00,2025-01-25T05:30:00,0.4301,537.8381607642265,0.0,29.100699999999996,566.9388607642264,0.0,0,0.8,evening_hedge,1200.0,1200.0,1400.2721940975598,833.3333333333333,0.0,9300.0,10050.0,0.0,1.0,833.3333333333334,0.0,0.0,6.753860764226374,6.753860764226374,0.0,9813.141133020947,10563.141133020947,602.2570706813605,0.0,602.2570706813605
2025-01-25,34,3477.1944,2025-01-25T05:40:00,2025-01-25T05:30:00,05:40:00,26,AI,0.0,05:40:00,26,AI,0.415,05:40:00,26,AI,0.3713,579.5323999999999,0.0,3477.1944,579.5323999999999,2025-01-25T05:40:00,2025-01-25 00:00:00,2025-01-25 00:00:00,2025-01-25T05:40:00,2025-01-25T05:40:00,0.3713,543.3917841739333,0.0,29.100699999999996,572.4924841739332,0.0,0,0.8,evening_hedge,1200.0,1200.0,1405.8258175072665,833.3333333333333,0.0,10050.0,10800.0,0.0,1.0,263.1765188656148,0.0,0.0,563.1168986416517,563.1168986416517,0.0,10563.141133020947,10800.0,521.983126040448,0.0,521.983126040448
2025-01-25,35,3389.6322,2025-01-25T05:50:00,2025-01-25T05:40:00,05:50:00,26,AJ,0.2004,05:50:00,26,AJ,0.5778,05:50:00,26,AJ,0.5708,564.9387,0.0334,3389.4318,564.9053,2025-01-25T05:50:00,2025-01-25 00:00:00,2025-01-25 00:00:00,2025-01-25T05:50:00,2025-01-25T05:50:00,0.5708,557.2151992484601,0.0,29.100699999999996,586.31589924846,0.0,0,0.8,evening_hedge,1200.0,1200.0,586.31589924846,0.0,-0.0,10800.0,10800.0,0.0,0.0,0.0,0.0,0.0,21.410599248460016,21.410599248460016,0.0,10800.0,10800.0,334.66911529102094,0.0,334.66911529102094
2025-01-25,36,3243.73,2025-01-25T06:00:00,2025-01-25T05:50:00,06:00:00,26,AK,0.0,06:00:00,26,AK,0.8628,06:00:00,26,AK,0.9099,540.6216666666667,0.0,3243.73,540.6216666666667,2025-01-25T06:00:00,2025-01-25 00:00:00,2025-01-25 00:00:00,2025-01-25T06:00:00,2025-01-25T06:00:00,0.9099,560.9294838347603,3.0358736745240495,29.100699999999996,590.0301838347602,3.0358736745240495,0,0.8,evening_hedge,1200.0,1200.0,0.0,0.0,586.9943101602362,10800.0,10147.78409982196,0.0,0.0,0.0,540.6216666666667,0.0,0.0,0.0,0.0,10800.0,10199.309259259258,0.0,0.0,0.0
2025-01-25,37,3336.766,2025-01-25T06:10:00,2025-01-25T06:00:00,06:10:00,26,AL,0.0,06:10:00,26,AL,0.9186,06:10:00,26,AL,0.9368,556.1276666666666,0.0,3336.766,556.1276666666666,2025-01-25T06:10:00,2025-01-25 00:00:00,2025-01-25 00:00:00,2025-01-25T06:10:00,2025-01-25T06:10:00,0.9368,555.6891932985351,13.569525121126338,73.75721382837436,629.4464071269094,13.569525121126338,0,0.8,evening_hedge,1200.0,1200.0,0.0,0.0,615.876882005783,10147.78409982196,9463.476453148867,0.0,0.0,0.0,556.1276666666666,0.0,0.0,0.0,0.0,10199.309259259258,9581.389629629628,0.0,0.0,0.0
2025-01-25,38,3366.626,2025-01-25T06:20:00,2025-01-25T06:10:00,06:20:00,26,AM,2.7909,06:20:00,26,AM,0.8652,06:20:00,26,AM,0.8758,561.1043333333333,0.46515,3363.8351000000002,560.6391833333333,2025-01-25T06:20:00,2025-01-25 00:00:00,2025-01-25 00:00:00,2025-01-25T06:20:00,2025-01-25T06:20:00,0.8758,543.4818806593606,26.266895643253076,73.75721382837436,617.239094487735,26.266895643253076,0,0.8,evening_hedge,1200.0,1200.0,0.0,0.0,590.9721988444819,9463.476453148867,8806.840676654998,0.0,0.0,0.0,560.6391833333333,0.0,0.0,0.0,0.0,9581.389629629628,8958.457203703701,0.0,0.0,0.0
2025-01-25,39,3278.07,2025-01-25T06:30:00,2025-01-25T06:20:00,06:30:00,26,AN,0.0,06:30:00,26,AN,0.827,06:30:00,26,AN,0.8759,546.345,0.0,3278.07,546.345,2025-01-25T06:30:00,2025-01-25 00:00:00,2025-01-25 00:00:00,2025-01-25T06:30:00,2025-01-25T06:30:00,0.8759,535.7160551299113,41.24175803283718,73.75721382837436,609.4732689582856,41.24175803283718,0,0.8,evening_hedge,1200.0,1200.0,0.0,0.0,568.2315109254484,8806.840676654998,8175.472331182277,0.0,0.0,0.0,546.345,0.0,0.0,0.0,0.0,8958.457203703701,8351.407203703702,0.0,0.0,0.0
2025-01-25,40,3360.0772,2025-01-25T06:40:00,2025-01-25T06:30:00,06:40:00,26,AO,0.0,06:40:00,26,AO,0.8144,06:40:00,26,AO,0.8601,560.0128666666667,0.0,3360.0772,560.0128666666667,2025-01-25T06:40:00,2025-01-25 00:00:00,2025-01-25 00:00:00,2025-01-25T06:40:00,2025-01-25T06:40:00,0.8601,550.00940096928,58.58671217738204,73.75721382837436,623.7666147976544,58.58671217738204,0,0.8,evening_hedge,1200.0,1200.0,0.0,0.0,565.1799026202723,8175.472331182277,7547.494661604197,0.0,0.0,0.0,560.0128666666667,0.0,0.0,0.0,0.0,8351.407203703702,7729.170685185183,0.0,0.0,0.0
2025-01-25,41,3665.4689,2025-01-25T06:50:00,2025-01-25T06:40:00,06:50:00,26,AP,46.8087,06:50:00,26,AP,0.847,06:50:00,26,AP,0.8442,610.9114833333333,7.80145,3618.6602,603.1100333333333,2025-01-25T06:50:00,2025-01-25 00:00:00,2025-01-25 00:00:00,2025-01-25T06:50:00,2025-01-25T06:50:00,0.8442,590.4705325384748,78.37066368508019,73.75721382837436,664.2277463668491,78.37066368508019,0,0.8,evening_hedge,1200.0,1200.0,0.0,0.0,585.8570826817689,7547.494661604197,6896.542347513343,0.0,0.0,0.0,603.1100333333333,0.0,0.0,0.0,0.0,7729.170685185183,7059.048425925924,0.0,0.0,0.0
2025-01-25,42,3894.99,2025-01-25T07:00:00,2025-01-25T06:50:00,07:00:00,26,AQ,214.275,07:00:00,26,AQ,0.8765,07:00:00,26,AQ,0.8334,649.165,35.7125,3680.7149999999997,613.4525,2025-01-25T07:00:00,2025-01-25 00:00:00,2025-01-25 00:00:00,2025-01-25T07:00:00,2025-01-25T07:00:00,0.8334,643.143920544883,100.63656988938168,73.75721382837436,716.9011343732574,100.63656988938168,0,0.8,evening_hedge,1200.0,1200.0,0.0,0.0,616.2645644838757,6896.542347513343,6211.803942531259,0.0,0.0,0.0,613.4525,0.0,0.0,0.0,0.0,7059.048425925924,6377.434537037035,0.0,0.0,0.0
2025-01-25,43,3712.6548,2025-01-25T07:10:00,2025-01-25T07:00:00,07:10:00,26,AR,437.6595,07:10:00,26,AR,0.8308,07:10:00,26,AR,0.8092,618.7758,72.94324999999999,3274.9952999999996,545.83255,2025-01-25T07:10:00,2025-01-25 00:00:00,2025-01-25 00:00:00,2025-01-25T07:10:00,2025-01-25T07:10:00,0.8092,678.4381945617955,125.39949672151987,58.559194757389626,736.9973893191851,125.39949672151987,0,0.8,evening_hedge,1200.0,1200.0,0.0,0.0,611.5978925976652,6211.803942531259,5532.250728533853,0.0,0.0,0.0,545.83255,0.0,0.0,0.0,0.0,6377.434537037035,5770.953925925924,0.0,0.0,0.0
2025-01-25,44,3753.1081,2025-01-25T07:20:00,2025-01-25T07:10:00,07:20:00,26,AS,704.4992,07:20:00,26,AS,0.8187,07:20:00,26,AS,0.7972,625.5180166666667,117.41653333333333,3048.6089,508.1014833333333,2025-01-25T07:20:00,2025-01-25 00:00:00,2025-01-25 00:00:00,2025-01-25T07:20:00,2025-01-25T07:20:00,0.7972,665.0000225667582,152.64502565859536,58.559194757389626,723.5592173241478,152.64502565859536,0,0.8,evening_hedge,1200.0,1200.0,0.0,0.0,570.9141916655524,5532.250728533853,4897.90162668324,0.0,0.0,0.0,508.1014833333333,0.0,0.0,0.0,0.0,5770.953925925924,5206.39672222222,0.0,0.0,0.0
2025-01-25,45,4054.89,2025-01-25T07:30:00,2025-01-25T07:20:00,07:30:00,26,AT,977.2875,07:30:00,26,AT,0.8326,07:30:00,26,AT,0.7644,675.8149999999999,162.88125,3077.6025,512.9337499999999,2025-01-25T07:30:00,2025-01-25 00:00:00,2025-01-25 00:00:00,2025-01-25T07:30:00,2025-01-25T07:30:00,0.7644,626.899160094139,182.328044963868,58.559194757389626,685.4583548515286,182.328044963868,0,0.8,evening_hedge,1200.0,1200.0,0.0,0.0,503.1303098876606,4897.90162668324,4338.867949030283,0.0,0.0,0.0,512.9337499999999,0.0,0.0,0.0,0.0,5206.39672222222,4636.470333333331,0.0,0.0,0.0
2025-01-25,46,4015.2966,2025-01-25T07:40:00,2025-01-25T07:30:00,07:40:00,26,AU,1215.2429,07:40:00,26,AU,0.7834,07:40:00,26,AU,0.6899,669.2161,202.54048333333333,2800.0537000000004,466.67561666666666,2025-01-25T07:40:00,2025-01-25 00:00:00,2025-01-25 00:00:00,2025-01-25T07:40:00,2025-01-25T07:40:00,0.6899,623.4397372510765,214.37195381259355,58.559194757389626,681.9989320084661,214.37195381259355,0,0.8,evening_hedge,1200.0,1200.0,264.4271535293862,0.0,203.19982466648634,4338.867949030283,4113.09036606752,0.0,0.0,0.0,202.24846313728045,0.0,0.0,0.0,0.0,4636.470333333331,4411.749818736353,182.42829321992352,0.0,182.42829321992352
2025-01-25,47,3827.522,2025-01-25T07:50:00,2025-01-25T07:40:00,07:50:00,26,AV,1500.2126,07:50:00,26,AV,0.8891,07:50:00,26,AV,0.86,637.9203333333334,250.03543333333334,2327.3094,387.8849,2025-01-25T07:50:00,2025-01-25 00:00:00,2025-01-25 00:00:00,2025-01-25T07:50:00,2025-01-25T07:50:00,0.86,632.9165324445192,248.66830173002472,58.559194757389626,691.4757272019089,248.66830173002472,0,0.8,evening_hedge,1200.0,1200.0,0.0,0.0,442.80742547188413,4113.09036606752,3621.0821155432045,0.0,0.0,0.0,387.8849,0.0,0.0,0.0,0.0,4411.749818736353,3980.7665965141305,0.0,0.0,0.0
2025-01-25,48,3736.9,2025-01-25T08:00:00,2025-01-25T07:50:00,08:00:00,26,AW,1827.8625,08:00:00,26,AW,1.0877,08:00:00,26,AW,1.1617,622.8166666666667,304.64375,1909.0375000000001,318.1729166666667,2025-01-25T08:00:00,2025-01-25 00:00:00,2025-01-25 00:00:00,2025-01-25T08:00:00,2025-01-25T08:00:00,1.1617,632.472409613695,285.07687915661046,58.559194757389626,691.0316043710847,285.07687915661046,0,0.8,evening_hedge,1200.0,1200.0,0.0,0.0,405.9547252144742,3621.0821155432045,3170.0213097493443,0.0,0.0,0.0,318.1729166666667,0.0,0.0,0.0,0.0,3980.7665965141305,3627.2411335511674,0.0,0.0,0.0
2025-01-25,49,3788.9,2025-01-25T08:10:00,2025-01-25T08:00:00,08:10:00,26,AX,2111.779,08:10:00,26,AX,1.0753,08:10:00,26,AX,1.1683,631.4833333333333,351.96316666666667,1677.121,279.5201666666667,2025-01-25T08:10:00,2025-01-25 00:00:00,2025-01-25 00:00:00,2025-01-25T08:10:00,2025-01-25T08:10:00,1.1683,624.7459762580935,323.42626800569747,-6.868361004197084,617.8776152538965,323.42626800569747,0,0.8,evening_hedge,1200.0,1200.0,0.0,0.0,294.451347248199,3170.0213097493443,2842.8531461402345,0.0,0.0,0.0,279.5201666666667,0.0,0.0,0.0,0.0,3627.2411335511674,3316.6631705882046,0.0,0.0,0.0
2025-01-25,50,3858.0465,2025-01-25T08:20:00,2025-01-25T08:10:00,08:20:00,26,AY,2402.4714,08:20:00,26,AY,1.008,08:20:00,26,AY,1.0956,643.00775,400.4119,1455.5751,242.59584999999998,2025-01-25T08:20:00,2025-01-25 00:00:00,2025-01-25 00:00:00,2025-01-25T08:20:00,2025-01-25T08:20:00,1.0956,633.7867169770456,363.5148539040753,-6.868361004197084,626.9183559728485,363.5148539040753,0,0.8,evening_hedge,1200.0,1200.0,0.0,0.0,263.4035020687732,2842.8531461402345,2550.182588286042,0.0,0.0,0.0,242.59584999999998,0.0,0.0,0.0,0.0,3316.6631705882046,3047.1122261437604,0.0,0.0,0.0
2025-01-25,51,3872.56,2025-01-25T08:30:00,2025-01-25T08:20:00,08:30:00,26,AZ,2702.7375,08:30:00,26,AZ,0.9948,08:30:00,26,AZ,1.0849,645.4266666666666,450.45625,1169.8224999999998,194.9704166666666,2025-01-25T08:30:00,2025-01-25 00:00:00,2025-01-25 00:00:00,2025-01-25T08:30:00,2025-01-25T08:30:00,1.0849,649.6101401796165,405.1122945228864,-6.868361004197084,642.7417791754194,405.1122945228864,0,0.8,evening_hedge,1200.0,1200.0,0.0,0.0,237.62948465253305,2550.182588286042,2286.1498275610056,0.0,0.0,0.0,194.9704166666666,0.0,0.0,0.0,0.0,3047.1122261437604,2830.478429847464,0.0,0.0,0.0
2025-01-25,52,3877.6081,2025-01-25T08:40:00,2025-01-25T08:30:00,08:40:00,26,BA,2966.6458,08:40:00,26,BA,0.9864,08:40:00,26,BA,1.061,646.2680166666667,494.4409666666666,910.9623000000001,151.82705000000004,2025-01-25T08:40:00,2025-01-25 00:00:00,2025-01-25 00:00:00,2025-01-25T08:40:00,2025-01-25T08:40:00,1.061,644.7894458410218,447.9614311355404,-6.868361004197084,637.9210848368248,447.9614311355404,0,0.8,evening_hedge,1200.0,1200.0,0.0,0.0,189.95965370128437,2286.1498275610056,2075.0835456706895,0.0,0.0,0.0,151.82705000000004,0.0,0.0,0.0,0.0,2830.478429847464,2661.781707625242,0.0,0.0,0.0
2025-01-25,53,4000.7483,2025-01-25T08:50:00,2025-01-25T08:40:00,08:50:00,26,BB,3281.0183,08:50:00,26,BB,0.9659,08:50:00,26,BB,1.043,666.7913833333333,546.8363833333334,719.73,119.95499999999993,2025-01-25T08:50:00,2025-01-25 00:00:00,2025-01-25 00:00:00,2025-01-25T08:50:00,2025-01-25T08:50:00,1.043,675.2484804044568,491.78062340050957,-6.868361004197084,668.3801194002597,491.78062340050957,0,0.8,evening_hedge,1200.0,1200.0,0.0,0.0,176.5994959997501,2075.0835456706895,1878.861883448745,0.0,0.0,0.0,119.95499999999993,0.0,0.0,0.0,0.0,2661.781707625242,2528.4983742919085,0.0,0.0,0.0
2025-01-25,54,4240.59,2025-01-25T09:00:00,2025-01-25T08:50:00,09:00:00,26,BC,3647.325,09:00:00,26,BC,0.9624,09:00:00,26,BC,1.036,706.765,607.8874999999999,593.2650000000003,98.87750000000005,2025-01-25T09:00:00,2025-01-25 00:00:00,2025-01-25 00:00:00,2025-01-25T09:00:00,2025-01-25T09:00:00,1.036,737.1766167410261,536.2664804789223,-6.868361004197084,730.3082557368291,536.2664804789223,0,0.8,evening_hedge,1200.0,1200.0,0.0,0.0,194.0417752579068,1878.861883448745,1663.2599109399596,0.0,0.0,0.0,98.87750000000005,0.0,0.0,0.0,0.0,2528.4983742919085,2418.6344854030194,0.0,0.0,0.0
2025-01-25,55,4437.5166,2025-01-25T09:10:00,2025-01-25T09:00:00,09:10:00,26,BD,3971.2547,09:10:00,26,BD,1.0042,09:10:00,26,BD,1.0147,739.5861,661.8757833333333,466.26189999999997,77.7103166666667,2025-01-25T09:10:00,2025-01-25 00:00:00,2025-01-25 00:00:00,2025-01-25T09:10:00,2025-01-25T09:10:00,1.0147,762.0126802437785,581.0969550746217,6.291483333333314,768.3041635771118,581.0969550746217,0,0.8,evening_hedge,1200.0,1200.0,0.0,0.0,187.20720850249006,1663.2599109399596,1455.2519014927484,0.0,0.0,0.0,77.7103166666667,0.0,0.0,0.0,0.0,2418.6344854030194,2332.289689106723,0.0,0.0,0.0
2025-01-25,56,4407.4568,2025-01-25T09:20:00,2025-01-25T09:10:00,09:20:00,26,BE,4252.9685,09:20:00,26,BE,0.9788,09:20:00,26,BE,0.9922,734.5761333333334,708.8280833333333,154.48829999999998,25.748050000000035,2025-01-25T09:20:00,2025-01-25 00:00:00,2025-01-25 00:00:00,2025-01-25T09:20:00,2025-01-25T09:20:00,0.9922,747.1782658681143,625.9347609373783,6.291483333333314,753.4697492014476,625.9347609373783,0,0.8,evening_hedge,1200.0,1200.0,0.0,0.0,127.53498826406928,1455.2519014927484,1313.546358977116,0.0,0.0,0.0,25.748050000000035,0.0,0.0,0.0,0.0,2332.289689106723,2303.6807446622784,0.0,0.0,0.0
2025-01-25,57,4290.19,2025-01-25T09:30:00,2025-01-25T09:20:00,09:30:00,26,BF,4512.4125,09:30:00,26,BF,0.8845,09:30:00,26,BF,0.97,715.0316666666666,752.06875,-222.22250000000076,-37.037083333333385,2025-01-25T09:30:00,2025-01-25 00:00:00,2025-01-25 00:00:00,2025-01-25T09:30:00,2025-01-25T09:30:00,0.97,729.6605476420001,670.4310689002125,6.291483333333314,735.9520309753334,670.4310689002125,0,0.8,evening_hedge,1200.0,1200.0,0.0,0.0,65.5209620751209,1313.546358977116,1240.7452900047595,0.0,0.0,37.037083333333385,0.0,0.0,0.0,0.0,0.0,2303.6807446622784,2337.0141196622785,0.0,0.0,0.0
2025-01-25,58,4408.5137,2025-01-25T09:40:00,2025-01-25T09:30:00,09:40:00,26,BG,4755.859,09:40:00,26,BG,0.8496,09:40:00,26,BG,0.9422,734.7522833333334,792.6431666666667,-347.34529999999995,-57.89088333333336,2025-01-25T09:40:00,2025-01-25 00:00:00,2025-01-25 00:00:00,2025-01-25T09:40:00,2025-01-25T09:40:00,0.9422,744.6087093932044,714.2294317222542,6.291483333333314,750.9001927265377,714.2294317222542,0,0.8,evening_hedge,1200.0,1200.0,0.0,0.0,36.67076100428358,1240.7452900047595,1200.0,0.0,0.0,57.89088333333336,0.0,0.0,0.0,0.0,0.0,2337.0141196622785,2389.1159146622786,0.0,0.0,0.0
2025-01-25,59,4513.921,2025-01-25T09:50:00,2025-01-25T09:40:00,09:50:00,26,BH,4958.9544,09:50:00,26,BH,0.9332,09:50:00,26,BH,0.9569,752.3201666666668,826.4924,-445.03339999999935,-74.17223333333322,2025-01-25T09:50:00,2025-01-25 00:00:00,2025-01-25 00:00:00,2025-01-25T09:50:00,2025-01-25T09:50:00,0.9569,734.6543536094866,756.9698839613952,6.291483333333314,740.9458369428199,756.9698839613952,0,0.8,evening_hedge,1200.0,1200.0,0.0,16.02404701857529,0.0,1200.0,1214.4216423167177,0.0,1.0,74.17223333333322,0.0,0.0,0.0,0.0,0.0,2389.1159146622786,2455.8709246622784,0.0,0.0,0.0
2025-01-25,60,4437.97,2025-01-25T10:00:00,2025-01-25T09:50:00,10:00:00,26,BI,5169.075,10:00:00,26,BI,1.0579,10:00:00,26,BI,0.9977,739.6616666666667,861.5124999999999,-731.1049999999996,-121.85083333333318,2025-01-25T10:00:00,2025-01-25 00:00:00,2025-01-25 00:00:00,2025-01-25T10:00:00,2025-01-25T10:00:00,0.9977,699.8928458725226,798.2931598762576,6.291483333333314,706.1843292058559,798.2931598762576,0,0.8,evening_hedge,1200.0,1200.0,0.0,92.10883067040174,0.0,1214.4216423167177,1297.3195899200794,0.0,1.0,121.85083333333318,0.0,0.0,0.0,0.0,0.0,2455.8709246622784,2565.536674662278,0.0,0.0,0.0
2025-01-25,61,4286.0237,2025-01-25T10:10:00,2025-01-25T10:00:00,10:10:00,26,BJ,5469.5743,10:10:00,26,BJ,1.0779,10:10:00,26,BJ,0.9919,714.3372833333333,911.5957166666667,-1183.5506000000005,-197.25843333333341,2025-01-25T10:10:00,2025-01-25 00:00:00,2025-01-25 00:00:00,2025-01-25T10:10:00,2025-01-25T10:10:00,0.9919,702.3265894076734,837.8449700113985,34.75465247156246,737.0812418792359,837.8449700113985,0,0.8,evening_hedge,1200.0,1200.0,0.0,100.76372813216256,0.0,1297.3195899200794,1388.0069452390258,0.0,1.0,197.25843333333341,0.0,0.0,0.0,0.0,0.0,2565.536674662278,2743.0692646622783,0.0,0.0,0.0
2025-01-25,62,4334.2227,2025-01-25T10:20:00,2025-01-25T10:10:00,10:20:00,26,BK,5772.859,10:20:00,26,BK,1.0419,10:20:00,26,BK,0.9588,722.37045,962.1431666666667,-1438.6363000000001,-239.77271666666672,2025-01-25T10:20:00,2025-01-25 00:00:00,2025-01-25 00:00:00,2025-01-25T10:20:00,2025-01-25T10:20:00,0.9588,728.1855526563181,875.280275695606,34.75465247156246,762.9402051278806,875.280275695606,0,0.8,evening_hedge,1200.0,1200.0,0.0,112.34007056772532,0.0,1388.0069452390258,1489.1130087499785,0.0,1.0,239.77271666666672,0.0,0.0,0.0,0.0,0.0,2743.0692646622783,2958.8647096622785,0.0,0.0,0.0
2025-01-25,63,4479.23,2025-01-25T10:30:00,2025-01-25T10:20:00,10:30:00,26,BL,6003.75,10:30:00,26,BL,1.0423,10:30:00,26,BL,0.9549,746.5383333333333,1000.625,-1524.5200000000004,-254.0866666666667,2025-01-25T10:30:00,2025-01-25 00:00:00,2025-01-25 00:00:00,2025-01-25T10:30:00,2025-01-25T10:30:00,0.9549,742.6579716645663,910.2675002079807,34.75465247156246,777.4126241361288,910.2675002079807,0,0.8,evening_hedge,1200.0,1200.0,0.0,132.8548760718519,0.0,1489.1130087499785,1608.682397214645,0.0,1.0,254.0866666666667,0.0,0.0,0.0,0.0,0.0,2958.8647096622785,3187.5427096622784,0.0,0.0,0.0
2025-01-25,64,4368.0102,2025-01-25T10:40:00,2025-01-25T10:30:00,10:40:00,26,BM,6140.174,10:40:00,26,BM,1.0756,10:40:00,26,BM,0.9839,728.0016999999999,1023.3623333333334,-1772.1638000000003,-295.36063333333345,2025-01-25T10:40:00,2025-01-25 00:00:00,2025-01-25 00:00:00,2025-01-25T10:40:00,2025-01-25T10:40:00,0.9839,721.5016474412449,942.4926158519594,34.75465247156246,756.2562999128074,942.4926158519594,0,0.8,evening_hedge,1200.0,1200.0,0.0,186.23631593915195,0.0,1608.682397214645,1776.295081559882,0.0,1.0,295.36063333333345,0.0,0.0,0.0,0.0,0.0,3187.5427096622784,3453.3672796622786,0.0,0.0,0.0
2025-01-25,65,4310.2467,2025-01-25T10:50:00,2025-01-25T10:40:00,10:50:00,26,BN,6157.2768,10:50:00,26,BN,0.8057,10:50:00,26,BN,0.799,718.3744499999999,1026.2128,-1847.0301,-307.8383500000001,2025-01-25T10:50:00,2025-01-25 00:00:00,2025-01-25 00:00:00,2025-01-25T10:50:00,2025-01-25T10:50:00,0.799,687.8552922948599,971.6630476196129,34.75465247156246,722.6099447664224,971.6630476196129,0,0.8,evening_hedge,1200.0,1200.0,0.0,249.05310285319058,0.0,1776.295081559882,2000.4428741277534,0.0,1.0,307.8383500000001,0.0,0.0,0.0,0.0,0.0,3453.3672796622786,3730.421794662279,0.0,0.0,0.0
2025-01-25,66,4394.17,2025-01-25T11:00:00,2025-01-25T10:50:00,11:00:00,26,BO,6231.075,11:00:00,26,BO,0.3884,11:00:00,26,BO,0.5025,732.3616666666667,1038.5125,-1836.9049999999997,-306.15083333333337,2025-01-25T11:00:00,2025-01-25 00:00:00,2025-01-25 00:00:00,2025-01-25T11:00:00,2025-01-25T11:00:00,0.5025,682.6669549856874,997.5113365076517,34.75465247156246,717.4216074572499,997.5113365076517,0,0.8,evening_hedge,1200.0,1200.0,0.0,280.08972905040173,0.0,2000.4428741277534,2252.523630273115,0.0,1.0,306.15083333333337,0.0,0.0,0.0,0.0,0.0,3730.421794662279,4005.957544662279,0.0,0.0,0.0
2025-01-25,67,4369.3618,2025-01-25T11:10:00,2025-01-25T11:00:00,11:10:00,26,BP,6537.7781,11:10:00,26,BP,0.35,11:10:00,26,BP,0.4662,728.2269666666666,1089.6296833333333,-2168.416300000001,-361.4027166666667,2025-01-25T11:10:00,2025-01-25 00:00:00,2025-01-25 00:00:00,2025-01-25T11:10:00,2025-01-25T11:10:00,0.4662,724.042085556878,1019.7985088274289,70.64452523121425,794.6866107880923,1019.7985088274289,0,0.8,evening_hedge,1200.0,1200.0,608.2214352939966,833.3333333333333,0.0,2252.523630273115,3002.523630273115,0.0,1.0,833.3333333333334,0.0,0.0,136.29081862732994,136.29081862732994,0.0,4005.957544662279,4755.957544662278,283.5528331340612,0.0,283.5528331340612
2025-01-25,68,4206.5277,2025-01-25T11:20:00,2025-01-25T11:10:00,11:20:00,26,BQ,6485.7099,11:20:00,26,BQ,0.4148,11:20:00,26,BQ,0.5007,701.08795,1080.95165,-2279.1822,-379.8637,2025-01-25T11:20:00,2025-01-25 00:00:00,2025-01-25 00:00:00,2025-01-25T11:20:00,2025-01-25T11:20:00,0.5007,720.6031476415571,1038.317101983809,70.64452523121425,791.2476728727714,1038.317101983809,0,0.8,evening_hedge,1200.0,1200.0,54.20495076847044,301.27437987950793,0.0,3002.523630273115,3273.670572164672,0.0,0.9999999999999915,434.06865076847055,0.0,0.0,0.0,0.0,0.0,4755.957544662278,5146.619330353902,27.140418849773152,0.0,27.140418849773152
2025-01-25,69,4134.8,2025-01-25T11:30:00,2025-01-25T11:20:00,11:30:00,26,BR,6200.5125,11:30:00,26,BR,0.4112,11:30:00,26,BR,0.4827,689.1333333333333,1033.41875,-2065.7124999999996,-344.2854166666667,2025-01-25T11:30:00,2025-01-25 00:00:00,2025-01-25 00:00:00,2025-01-25T11:30:00,2025-01-25T11:30:00,0.4827,682.998616088749,1052.8938021178926,70.64452523121425,753.6431413199633,1052.8938021178926,0,0.8,evening_hedge,1200.0,1200.0,534.082672535404,833.3333333333333,0.0,3273.670572164672,4023.670572164672,0.0,1.0,833.3333333333334,0.0,0.0,45.03475586873719,45.03475586873719,0.0,5146.619330353902,5896.619330353902,257.8017060328395,0.0,257.8017060328395
2025-01-25,70,4371.2835,2025-01-25T11:40:00,2025-01-25T11:30:00,11:40:00,26,BS,6414.4954,11:40:00,26,BS,0.4374,11:40:00,26,BS,0.4785,728.54725,1069.0825666666667,-2043.2119000000002,-340.53531666666674,2025-01-25T11:40:00,2025-01-25 00:00:00,2025-01-25 00:00:00,2025-01-25T11:40:00,2025-01-25T11:40:00,0.4785,710.0046072943769,1063.391654639158,70.64452523121425,780.6491325255912,1063.391654639158,0,0.8,evening_hedge,1200.0,1200.0,550.5908112197664,833.3333333333333,0.0,4023.670572164672,4773.670572164672,0.0,1.0,833.3333333333334,0.0,0.0,57.79279455309984,57.79279455309984,0.0,5896.619330353902,6646.619330353902,263.4577031686582,0.0,263.4577031686582
2025-01-25,71,4324.9891,2025-01-25T11:50:00,2025-01-25T11:40:00,11:50:00,26,BT,6662.8437,11:50:00,26,BT,0.4288,11:50:00,26,BT,0.4662,720.8315166666666,1110.47395,-2337.8546000000006,-389.64243333333343,2025-01-25T11:50:00,2025-01-25 00:00:00,2025-01-25 00:00:00,2025-01-25T11:50:00,2025-01-25T11:50:00,0.4662,737.919549577359,1069.7118149246066,70.64452523121425,808.5640748085733,1069.7118149246066,0,0.8,evening_hedge,1200.0,1200.0,572.1855932172999,833.3333333333333,0.0,4773.670572164672,5523.670572164672,0.0,1.0,833.3333333333334,0.0,0.0,128.49469321729987,128.49469321729987,0.0,6646.619330353902,7396.619330353902,266.7529235579052,0.0,266.7529235579052
2025-01-25,72,4005.61,2025-01-25T12:00:00,2025-01-25T11:50:00,12:00:00,26,BU,6677.6625,12:00:00,26,BU,0.3788,12:00:00,26,BU,0.4432,667.6016666666667,1112.9437500000001,-2672.0525000000002,-445.34208333333345,2025-01-25T12:00:00,2025-01-25 00:00:00,2025-01-25 00:00:00,2025-01-25T12:00:00,2025-01-25T12:00:00,0.4432,726.0653163323226,1071.794813236872,70.64452523121425,796.7098415635369,1071.794813236872,0,0.8,evening_hedge,1200.0,1200.0,558.2483616599982,833.3333333333333,0.0,5523.670572164672,6273.670572164672,0.0,1.0,833.3333333333334,0.0,0.0,170.25711165999826,170.25711165999826,0.0,7396.619330353902,8146.619330353902,247.4156738877112,0.0,247.4156738877112
2025-01-25,73,4010.5176,2025-01-25T12:10:00,2025-01-25T12:00:00,12:10:00,26,BV,6651.3779,12:10:00,26,BV,0.3606,12:10:00,26,BV,0.4411,668.4196000000001,1108.5629833333335,-2640.8603000000003,-440.1433833333334,2025-01-25T12:10:00,2025-01-25 00:00:00,2025-01-25 00:00:00,2025-01-25T12:10:00,2025-01-25T12:10:00,0.4411,699.8316664820442,1069.621315102016,83.08809870227412,782.9197651843183,1069.621315102016,0,0.8,evening_hedge,1200.0,1200.0,546.6317834156355,833.3333333333333,0.0,6273.670572164672,7023.670572164672,0.0,1.0,833.3333333333334,0.0,0.0,153.44183341563553,153.44183341563553,0.0,8146.619330353902,8896.619330353902,241.11927966463682,0.0,241.11927966463682
2025-01-25,74,4082.2261,2025-01-25T12:20:00,2025-01-25T12:10:00,12:20:00,26,BW,6597.6234,12:20:00,26,BW,0.3588,12:20:00,26,BW,0.4551,680.3710166666666,1099.6039,-2515.3973000000005,-419.23288333333346,2025-01-25T12:20:00,2025-01-25 00:00:00,2025-01-25 00:00:00,2025-01-25T12:20:00,2025-01-25T12:20:00,0.4551,687.3209930106738,1063.2123658762368,83.08809870227412,770.4090917129479,1063.2123658762368,0,0.8,evening_hedge,1200.0,1200.0,540.5300591700443,833.3333333333333,0.0,7023.670572164672,7773.670572164672,0.0,1.0,833.3333333333334,0.0,0.0,126.42960917004439,126.42960917004439,0.0,8896.619330353902,9646.619330353902,245.99522992828716,0.0,245.99522992828716
2025-01-25,75,4059.06,2025-01-25T12:30:00,2025-01-25T12:20:00,12:30:00,26,BX,6588.8625,12:30:00,26,BX,0.3527,12:30:00,26,BX,0.4463,676.51,1098.14375,-2529.8025000000002,-421.63374999999996,2025-01-25T12:30:00,2025-01-25 00:00:00,2025-01-25 00:00:00,2025-01-25T12:30:00,2025-01-25T12:30:00,0.4463,687.1040062378733,1052.6291158992356,83.08809870227412,770.1921049401474,1052.6291158992356,0,0.8,evening_hedge,1200.0,1200.0,550.8963223742451,833.3333333333333,0.0,7773.670572164672,8523.670572164672,0.0,1.0,833.3333333333334,0.0,0.0,139.19673904091167,139.19673904091167,0.0,9646.619330353902,10396.619330353902,245.86502867562555,0.0,245.86502867562555
2025-01-25,76,4063.6281,2025-01-25T12:40:00,2025-01-25T12:30:00,12:40:00,26,BY,6736.3169,12:40:00,26,BY,0.3644,12:40:00,26,BY,0.4113,677.27135,1122.7194833333333,-2672.6888,-445.4481333333333,2025-01-25T12:40:00,2025-01-25 00:00:00,2025-01-25 00:00:00,2025-01-25T12:40:00,2025-01-25T12:40:00,0.4113,678.8220197893796,1037.9720303578276,83.08809870227412,761.9101184916537,1037.9720303578276,0,0.8,evening_hedge,1200.0,1200.0,557.2714214671594,833.3333333333333,0.0,8523.670572164672,9273.670572164672,0.0,1.0,448.2007440512199,0.0,0.0,554.5188107492728,554.5188107492728,0.0,10396.619330353902,10800.0,229.20573564944266,0.0,229.20573564944266
2025-01-25,77,4084.3251,2025-01-25T12:50:00,2025-01-25T12:40:00,12:50:00,26,BZ,6875.2554,12:50:00,26,BZ,0.5034,12:50:00,26,BZ,0.5682,680.72085,1145.8759,-2790.9303,-465.15504999999996,2025-01-25T12:50:00,2025-01-25 00:00:00,2025-01-25 00:00:00,2025-01-25T12:50:00,2025-01-25T12:50:00,0.5682,682.846129932696,1019.379595642967,83.08809870227412,765.9342286349702,1019.379595642967,0,0.8,evening_hedge,1200.0,1200.0,0.0,253.44536700799688,0.0,9273.670572164672,9501.77140247187,0.0,1.0,0.0,0.0,0.0,465.15504999999996,0.0,465.15504999999996,10800.0,10800.0,0.0,0.0,0.0
2025-01-25,78,4120.89,2025-01-25T13:00:00,2025-01-25T12:50:00,13:00:00,26,CA,6893.025,13:00:00,26,CA,0.7008,13:00:00,26,CA,0.8279,686.815,1148.8374999999999,-2772.1349999999993,-462.0224999999998,2025-01-25T13:00:00,2025-01-25 00:00:00,2025-01-25 00:00:00,2025-01-25T13:00:00,2025-01-25T13:00:00,0.8279,695.1983206420387,997.0265414541052,83.08809870227412,778.2864193443128,997.0265414541052,0,0.8,evening_hedge,1200.0,1200.0,0.0,218.74012210979242,0.0,9501.77140247187,9698.637512370682,0.0,1.0,0.0,0.0,0.0,462.0224999999998,0.0,462.0224999999998,10800.0,10800.0,0.0,0.0,0.0
2025-01-25,79,4172.4181,2025-01-25T13:10:00,2025-01-25T13:00:00,13:10:00,26,CB,6798.1902,13:10:00,26,CB,0.7507,13:10:00,26,CB,0.8636,695.4030166666666,1133.0317,-2625.7721,-437.62868333333336,2025-01-25T13:10:00,2025-01-25 00:00:00,2025-01-25 00:00:00,2025-01-25T13:10:00,2025-01-25T13:10:00,0.8636,685.9871775535214,971.1216050673729,47.24286357976663,733.2300411332881,971.1216050673729,0,0.8,evening_hedge,1200.0,1200.0,0.0,237.89156393408484,0.0,9698.637512370682,9912.739919911359,0.0,1.0,0.0,0.0,0.0,437.62868333333336,0.0,437.62868333333336,10800.0,10800.0,0.0,0.0,0.0
2025-01-25,80,4057.988,2025-01-25T13:20:00,2025-01-25T13:10:00,13:20:00,26,CC,6598.0992,13:20:00,26,CC,0.6988,13:20:00,26,CC,0.8416,676.3313333333333,1099.6832,-2540.1112,-423.35186666666664,2025-01-25T13:20:00,2025-01-25 00:00:00,2025-01-25 00:00:00,2025-01-25T13:20:00,2025-01-25T13:20:00,0.8416,661.4694906074945,941.9048709241621,47.24286357976663,708.7123541872612,941.9048709241621,0,0.8,evening_hedge,1200.0,1200.0,0.0,233.19251673690087,0.0,9912.739919911359,10122.613184974569,0.0,1.0,0.0,0.0,0.0,423.35186666666664,0.0,423.35186666666664,10800.0,10800.0,0.0,0.0,0.0
2025-01-25,81,3918.32,2025-01-25T13:30:00,2025-01-25T13:20:00,13:30:00,26,CD,6366.1125,13:30:00,26,CD,0.6596,13:30:00,26,CD,0.8618,653.0533333333334,1061.01875,-2447.7925,-407.96541666666656,2025-01-25T13:30:00,2025-01-25 00:00:00,2025-01-25 00:00:00,2025-01-25T13:30:00,2025-01-25T13:30:00,0.8618,645.9552202943561,909.6447249070259,47.24286357976663,693.1980838741227,909.6447249070259,0,0.8,evening_hedge,1200.0,1200.0,0.0,216.44664103290313,0.0,10122.613184974569,10317.415161904182,0.0,1.0,0.0,0.0,0.0,407.96541666666656,0.0,407.96541666666656,10800.0,10800.0,0.0,0.0,0.0
2025-01-25,82,4063.8793,2025-01-25T13:40:00,2025-01-25T13:30:00,13:40:00,26,CE,6180.5931,13:40:00,26,CE,0.7169,13:40:00,26,CE,0.8623,677.3132166666667,1030.09885,-2116.7138,-352.7856333333334,2025-01-25T13:40:00,2025-01-25 00:00:00,2025-01-25 00:00:00,2025-01-25T13:40:00,2025-01-25T13:40:00,0.8623,660.9522138031443,874.6344682519114,47.24286357976663,708.195077382911,874.6344682519114,0,0.8,evening_hedge,1200.0,1200.0,0.0,166.43939086900036,0.0,10317.415161904182,10467.210613686282,0.0,1.0,0.0,0.0,0.0,352.7856333333334,0.0,352.7856333333334,10800.0,10800.0,0.0,0.0,0.0
2025-01-25,83,4042.9883,2025-01-25T13:50:00,2025-01-25T13:40:00,13:50:00,26,CF,5880.8233,13:50:00,26,CF,0.8205,13:50:00,26,CF,0.9026,673.8313833333333,980.1372166666666,-1837.835,-306.30583333333334,2025-01-25T13:50:00,2025-01-25 00:00:00,2025-01-25 00:00:00,2025-01-25T13:50:00,2025-01-25T13:50:00,0.9026,682.5804739156696,837.1886409115472,47.24286357976663,729.8233374954362,837.1886409115472,0,0.8,evening_hedge,1200.0,1200.0,0.0,107.36530341611092,0.0,10467.210613686282,10563.839386760783,0.0,1.0,0.0,0.0,0.0,306.30583333333334,0.0,306.30583333333334,10800.0,10800.0,0.0,0.0,0.0
2025-01-25,84,3837.06,2025-01-25T14:00:00,2025-01-25T13:50:00,14:00:00,26,CG,5508.3375,14:00:00,26,CG,0.9261,14:00:00,26,CG,0.9754,639.51,918.05625,-1671.2774999999997,-278.54625,2025-01-25T14:00:00,2025-01-25 00:00:00,2025-01-25 00:00:00,2025-01-25T14:00:00,2025-01-25T14:00:00,0.9754,683.5354854406559,797.6391082580216,47.24286357976663,730.7783490204225,797.6391082580216,0,0.8,evening_hedge,1200.0,1200.0,0.0,66.86075923759904,0.0,10563.839386760783,10624.014070074621,0.0,1.0,0.0,0.0,0.0,278.54625,0.0,278.54625,10800.0,10800.0,0.0,0.0,0.0
2025-01-25,85,3865.4845,2025-01-25T14:10:00,2025-01-25T14:00:00,14:10:00,26,CH,5263.72,14:10:00,26,CH,1.0206,14:10:00,26,CH,1.0002,644.2474166666667,877.2866666666667,-1398.2355000000002,-233.03925000000004,2025-01-25T14:10:00,2025-01-25 00:00:00,2025-01-25 00:00:00,2025-01-25T14:10:00,2025-01-25T14:10:00,1.0002,654.5040505814083,756.3309682301796,14.959648979992236,669.4636995614005,756.3309682301796,0,0.8,evening_hedge,1200.0,1200.0,0.0,86.86726866877905,0.0,10624.014070074621,10702.194611876523,0.0,1.0,0.0,0.0,0.0,233.03925000000004,0.0,233.03925000000004,10800.0,10800.0,0.0,0.0,0.0
2025-01-25,86,3810.1825,2025-01-25T14:20:00,2025-01-25T14:10:00,14:20:00,26,CI,4948.1813,14:20:00,26,CI,1.0622,14:20:00,26,CI,0.9978,635.0304166666666,824.6968833333334,-1137.9988000000003,-189.6664666666668,2025-01-25T14:20:00,2025-01-25 00:00:00,2025-01-25 00:00:00,2025-01-25T14:20:00,2025-01-25T14:20:00,0.9978,625.358789575938,713.6183383444107,14.959648979992236,640.3184385559302,713.6183383444107,0,0.8,evening_hedge,1200.0,1200.0,0.0,73.2998997884805,0.0,10702.194611876523,10768.164521686154,0.0,1.0,0.0,0.0,0.0,189.6664666666668,0.0,189.6664666666668,10800.0,10800.0,0.0,0.0,0.0
2025-01-25,87,3645.61,2025-01-25T14:30:00,2025-01-25T14:20:00,14:30:00,26,CJ,4612.575,14:30:00,26,CJ,1.0917,14:30:00,26,CJ,1.0271,607.6016666666667,768.7624999999999,-966.9649999999997,-161.16083333333324,2025-01-25T14:30:00,2025-01-25 00:00:00,2025-01-25 00:00:00,2025-01-25T14:30:00,2025-01-25T14:30:00,1.0271,619.5276806995992,669.8600833616431,14.959648979992236,634.4873296795914,669.8600833616431,0,0.8,evening_hedge,1200.0,1200.0,0.0,35.372753682051666,0.0,10768.164521686154,10800.0,0.0,1.0,0.0,0.0,0.0,161.16083333333324,0.0,161.16083333333324,10800.0,10800.0,0.0,0.0,0.0
2025-01-25,88,3679.5471,2025-01-25T14:40:00,2025-01-25T14:30:00,14:40:00,26,CK,4497.2351,14:40:00,26,CK,1.146,14:40:00,26,CK,1.0906,613.25785,749.5391833333333,-817.6880000000001,-136.28133333333335,2025-01-25T14:40:00,2025-01-25 00:00:00,2025-01-25 00:00:00,2025-01-25T14:40:00,2025-01-25T14:40:00,1.0906,634.8022095607297,625.4155448203774,14.959648979992236,649.761858540722,625.4155448203774,0,0.8,evening_hedge,1200.0,1200.0,0.0,0.0,24.346313720344597,10800.0,10772.948540310728,0.0,0.0,0.0,0.0,0.0,136.28133333333335,0.0,136.28133333333335,10800.0,10800.0,0.0,0.0,0.0
2025-01-25,89,3639.056,2025-01-25T14:50:00,2025-01-25T14:40:00,14:50:00,26,CL,4214.5559,14:50:00,26,CL,0.9135,14:50:00,26,CL,0.9376,606.5093333333333,702.4259833333334,-575.4999000000003,-95.91665000000012,2025-01-25T14:50:00,2025-01-25 00:00:00,2025-01-25 00:00:00,2025-01-25T14:50:00,2025-01-25T14:50:00,0.9376,633.1791383999523,580.6403331025302,14.959648979992236,648.1387873799446,580.6403331025302,0,0.8,evening_hedge,1200.0,1200.0,0.0,0.0,67.49845427741434,10772.948540310728,10697.950257780269,0.0,0.0,0.0,0.0,0.0,95.91665000000012,0.0,95.91665000000012,10800.0,10800.0,0.0,0.0,0.0
2025-01-25,90,3582.69,2025-01-25T15:00:00,2025-01-25T14:50:00,15:00:00,26,CM,3753.7875,15:00:00,26,CM,0.5321,15:00:00,26,CM,0.6694,597.115,625.63125,-171.09749999999985,-28.516250000000014,2025-01-25T15:00:00,2025-01-25 00:00:00,2025-01-25 00:00:00,2025-01-25T15:00:00,2025-01-25T15:00:00,0.6694,616.5503170812706,535.8822412086556,14.959648979992236,631.5099660612628,535.8822412086556,0,0.8,evening_hedge,1200.0,1200.0,95.62772485260723,0.0,0.0,10697.950257780269,10697.950257780269,0.0,0.0,0.0,0.0,0.0,124.14397485260724,95.62772485260723,28.516250000000014,10800.0,10800.0,64.01319901633528,0.0,64.01319901633528
2025-01-25,91,3831.8668,2025-01-25T15:10:00,2025-01-25T15:00:00,15:10:00,26,CN,3482.18,15:10:00,26,CN,0.4975,15:10:00,26,CN,0.66,638.6444666666666,580.3633333333333,349.68679999999995,58.28113333333329,2025-01-25T15:10:00,2025-01-25 00:00:00,2025-01-25 00:00:00,2025-01-25T15:10:00,2025-01-25T15:10:00,0.66,619.6333935051462,491.4773370102916,1.338538706875605,620.9719322120218,491.4773370102916,0,0.8,evening_hedge,1200.0,1200.0,242.88319766809835,113.38860246636816,0.0,10697.950257780269,10800.0,0.0,1.0,0.0,0.0,0.0,184.60206433476503,184.60206433476503,0.0,10800.0,10800.0,160.30291046094493,0.0,160.30291046094493
2025-01-25,92,3861.2116,2025-01-25T15:20:00,2025-01-25T15:10:00,15:20:00,26,CO,3147.1682,15:20:00,26,CO,0.5951,15:20:00,26,CO,0.7217,643.5352666666666,524.5280333333334,714.0434,119.00723333333326,2025-01-25T15:20:00,2025-01-25 00:00:00,2025-01-25 00:00:00,2025-01-25T15:20:00,2025-01-25T15:20:00,0.7217,616.0571948568227,447.7462874631786,1.338538706875605,617.3957335636983,447.7462874631786,0,0.8,evening_hedge,1200.0,1200.0,169.6494461005197,0.0,0.0,10800.0,10800.0,0.0,0.0,0.0,0.0,0.0,50.64221276718638,50.64221276718638,0.0,10800.0,10800.0,122.43600525074507,0.0,122.43600525074507
2025-01-25,93,3603.96,2025-01-25T15:30:00,2025-01-25T15:20:00,15:30:00,26,CP,2768.4,15:30:00,26,CP,0.6319,15:30:00,26,CP,0.7308,600.66,461.40000000000003,835.56,139.25999999999993,2025-01-25T15:30:00,2025-01-25 00:00:00,2025-01-25 00:00:00,2025-01-25T15:30:00,2025-01-25T15:30:00,0.7308,615.3496217130614,404.99096416366035,1.338538706875605,616.688160419937,404.99096416366035,0,0.8,evening_hedge,1200.0,1200.0,211.6971962562767,0.0,0.0,10800.0,10800.0,0.0,0.0,0.0,0.0,0.0,72.4371962562767,72.4371962562767,0.0,10800.0,10800.0,154.708311024087,0.0,154.708311024087
2025-01-25,94,3529.2409,2025-01-25T15:40:00,2025-01-25T15:30:00,15:40:00,26,CQ,2630.1852,15:40:00,26,CQ,0.6274,15:40:00,26,CQ,0.7534,588.2068166666667,438.3642,899.0556999999999,149.8426166666667,2025-01-25T15:40:00,2025-01-25 00:00:00,2025-01-25 00:00:00,2025-01-25T15:40:00,2025-01-25T15:40:00,0.7534,653.0903435645625,363.4913747826911,1.338538706875605,654.4288822714382,363.4913747826911,0,0.8,evening_hedge,1200.0,1200.0,290.9375074887471,0.0,0.0,10800.0,10800.0,0.0,0.0,0.0,0.0,0.0,141.0948908220804,141.0948908220804,0.0,10800.0,10800.0,219.19231814202203,0.0,219.19231814202203
2025-01-25,95,3550.8973,2025-01-25T15:50:00,2025-01-25T15:40:00,15:50:00,26,CR,2364.4055,15:50:00,26,CR,0.6317,15:50:00,26,CR,0.7823,591.8162166666667,394.0675833333333,1186.4918000000002,197.74863333333343,2025-01-25T15:50:00,2025-01-25 00:00:00,2025-01-25 00:00:00,2025-01-25T15:50:00,2025-01-25T15:50:00,0.7823,665.3239475234044,323.50295940056645,1.338538706875605,666.66248623028,323.50295940056645,0,0.8,evening_hedge,1200.0,1200.0,343.15952682971357,0.0,0.0,10800.0,10800.0,0.0,0.0,0.0,0.0,0.0,145.41089349638014,145.41089349638014,0.0,10800.0,10800.0,268.4536978388849,0.0,268.4536978388849
2025-01-25,96,3517.55,2025-01-25T16:00:00,2025-01-25T15:50:00,16:00:00,26,CS,1918.05,16:00:00,26,CS,0.6658,16:00:00,26,CS,0.8055,586.2583333333333,319.675,1599.5000000000002,266.5833333333333,2025-01-25T16:00:00,2025-01-25 00:00:00,2025-01-25 00:00:00,2025-01-25T16:00:00,2025-01-25T16:00:00,0.8055,632.7557781766153,285.2542846843548,1.338538706875605,634.0943168834909,285.2542846843548,0,0.8,evening_hedge,1200.0,1200.0,348.84003219913615,0.0,0.0,10800.0,10800.0,0.0,0.0,0.0,0.0,0.0,82.25669886580283,82.25669886580283,0.0,10800.0,10800.0,280.9906459364042,0.0,280.9906459364042
2025-01-25,97,3413.9279,2025-01-25T16:10:00,2025-01-25T16:00:00,16:10:00,26,CT,1611.5037,16:10:00,26,CT,0.7145,16:10:00,26,CT,0.8271,568.9879833333333,268.58395,1802.4242000000002,300.4040333333333,2025-01-25T16:10:00,2025-01-25 00:00:00,2025-01-25 00:00:00,2025-01-25T16:10:00,2025-01-25T16:10:00,0.8271,601.9766127817661,248.9451623017088,69.48297802861511,671.4595908103812,248.9451623017088,0,0.8,evening_hedge,1200.0,1200.0,422.5144285086724,0.0,-0.0,10800.0,10800.0,0.0,0.0,0.0,0.0,0.0,122.11039517533902,122.11039517533902,0.0,10800.0,10800.0,349.46168381952293,0.0,349.46168381952293
2025-01-25,98,3434.0292,2025-01-25T16:20:00,2025-01-25T16:10:00,16:20:00,26,CU,1333.7967,16:20:00,26,CU,0.7548,16:20:00,26,CU,0.8519,572.3382,222.29945,2100.2325,350.03875000000005,2025-01-25T16:20:00,2025-01-25 00:00:00,2025-01-25 00:00:00,2025-01-25T16:20:00,2025-01-25T16:20:00,0.8519,601.043073337073,214.74521105916432,69.48297802861511,670.5260513656881,214.74521105916432,0,0.8,evening_hedge,1200.0,1200.0,455.78084030652377,0.0,-0.0,10800.0,10800.0,0.0,0.0,0.0,0.0,0.0,105.74209030652378,105.74209030652378,0.0,10800.0,10800.0,388.2796978571276,0.0,388.2796978571276
2025-01-25,99,3571.47,2025-01-25T16:30:00,2025-01-25T16:20:00,16:30:00,26,CV,1019.0625,16:30:00,26,CV,0.7742,16:30:00,26,CV,0.8791,595.245,169.84375,2552.4075,425.40125,2025-01-25T16:30:00,2025-01-25 00:00:00,2025-01-25 00:00:00,2025-01-25T16:30:00,2025-01-25T16:30:00,0.8791,615.634331217422,182.79287510551322,69.48297802861511,685.117309246037,182.79287510551322,0,0.8,evening_hedge,1200.0,1200.0,502.32443414052386,0.0,-0.0,10800.0,10800.0,0.0,0.0,0.0,0.0,0.0,76.92318414052386,76.92318414052386,0.0,10800.0,10800.0,441.59341005293453,0.0,441.59341005293453
2025-01-25,100,3567.5467,2025-01-25T16:40:00,2025-01-25T16:30:00,16:40:00,26,CW,738.049,16:40:00,26,CW,0.7791,16:40:00,26,CW,0.9024,594.5911166666666,123.00816666666667,2829.4977,471.5829499999999,2025-01-25T16:40:00,2025-01-25 00:00:00,2025-01-25 00:00:00,2025-01-25T16:40:00,2025-01-25T16:40:00,0.9024,600.9779591465178,153.19490327010118,69.48297802861511,670.4609371751329,153.19490327010118,0,0.8,evening_hedge,1200.0,1200.0,517.2660339050317,0.0,-0.0,10800.0,10800.0,0.0,0.0,0.0,0.0,0.0,45.68308390503171,45.68308390503171,0.0,10800.0,10800.0,466.78086899590056,0.0,466.78086899590056
2025-01-25,101,3184.5084,2025-01-25T16:50:00,2025-01-25T16:40:00,16:50:00,26,CX,476.5634,16:50:00,26,CX,0.8002,16:50:00,26,CX,0.9163,530.7514,79.42723333333333,2707.945,451.32416666666666,2025-01-25T16:50:00,2025-01-25 00:00:00,2025-01-25 00:00:00,2025-01-25T16:50:00,2025-01-25T16:50:00,0.9163,540.5794465064679,126.02628733222954,69.48297802861511,610.062424535083,126.02628733222954,0,0.8,evening_hedge,1200.0,1200.0,484.0361372028534,0.0,-0.0,10800.0,10800.0,0.0,0.0,0.0,0.0,0.0,32.711970536186755,32.711970536186755,0.0,10800.0,10800.0,443.52231251897456,0.0,443.52231251897456
2025-01-25,102,2715.7,2025-01-25T17:00:00,2025-01-25T16:50:00,17:00:00,26,CY,233.8875,17:00:00,26,CY,0.8094,17:00:00,26,CY,0.9264,452.6166666666666,38.981249999999996,2481.8125,413.63541666666663,2025-01-25T17:00:00,2025-01-25 00:00:00,2025-01-25 00:00:00,2025-01-25T17:00:00,2025-01-25T17:00:00,0.9264,475.25941068993603,101.33064986078823,69.48297802861511,544.7423887185512,101.33064986078823,0,0.8,evening_hedge,1200.0,1200.0,443.41173885776294,0.0,-0.0,10800.0,10800.0,0.0,0.0,0.0,0.0,0.0,29.776322191096313,29.776322191096313,0.0,10800.0,10800.0,410.7766348778316,0.0,410.7766348778316
2025-01-25,103,2721.0976,2025-01-25T17:10:00,2025-01-25T17:00:00,17:10:00,26,CZ,50.6916,17:10:00,26,CZ,0.7591,17:10:00,26,CZ,0.9462,453.5162666666667,8.4486,2670.406,445.0676666666667,2025-01-25T17:10:00,2025-01-25 00:00:00,2025-01-25 00:00:00,2025-01-25T17:10:00,2025-01-25T17:10:00,0.9462,467.9741361038916,79.12106533990726,62.95462635141663,530.9287624553083,79.12106533990726,0,0.8,evening_hedge,1200.0,1200.0,451.807697115401,0.0,0.0,10800.0,10800.0,0.0,0.0,0.0,0.0,0.0,6.7400304487343305,6.7400304487343305,0.0,10800.0,10800.0,427.50044301059245,0.0,427.50044301059245
2025-01-25,104,2758.5335,2025-01-25T17:20:00,2025-01-25T17:10:00,17:20:00,26,DA,0.0,17:20:00,26,DA,0.7702,17:20:00,26,DA,0.9742,459.75558333333333,0.0,2758.5335,459.75558333333333,2025-01-25T17:20:00,2025-01-25 00:00:00,2025-01-25 00:00:00,2025-01-25T17:20:00,2025-01-25T17:20:00,0.9742,473.0159352033214,59.38129171932349,62.95462635141663,535.9705615547381,59.38129171932349,0,0.8,evening_hedge,1200.0,1200.0,476.5892698354146,0.0,0.0,10800.0,10800.0,0.0,0.0,0.0,0.0,0.0,16.833686502081264,16.833686502081264,0.0,10800.0,10800.0,464.29326667366087,0.0,464.29326667366087
2025-01-25,105,2668.58,2025-01-25T17:30:00,2025-01-25T17:20:00,17:30:00,26,DB,0.0,17:30:00,26,DB,0.8053,17:30:00,26,DB,0.9862,444.7633333333333,0.0,2668.58,444.7633333333333,2025-01-25T17:30:00,2025-01-25 00:00:00,2025-01-25 00:00:00,2025-01-25T17:30:00,2025-01-25T17:30:00,0.9862,465.8913711231343,42.06738340330533,62.95462635141663,528.8459974745509,42.06738340330533,0,0.8,evening_hedge,1200.0,1200.0,486.7786140712456,0.0,-0.0,10800.0,10800.0,0.0,0.0,0.0,0.0,0.0,42.01528073791229,42.01528073791229,0.0,10800.0,10800.0,480.0610691970624,0.0,480.0610691970624
2025-01-25,106,2719.4226,2025-01-25T17:40:00,2025-01-25T17:30:00,17:40:00,26,DC,3.0176,17:40:00,26,DC,0.7382,17:40:00,26,DC,0.976,453.2371,0.5029333333333333,2716.4049999999997,452.7341666666667,2025-01-25T17:40:00,2025-01-25 00:00:00,2025-01-25 00:00:00,2025-01-25T17:40:00,2025-01-25T17:40:00,0.976,464.6642296932481,27.109651117342956,62.95462635141663,527.6188560446648,27.109651117342956,0,0.8,evening_hedge,1200.0,1200.0,500.50920492732183,0.0,0.0,10800.0,10800.0,0.0,0.0,0.0,0.0,0.0,47.77503826065515,47.77503826065515,0.0,10800.0,10800.0,488.4969840090661,0.0,488.4969840090661
2025-01-25,107,2743.7553,2025-01-25T17:50:00,2025-01-25T17:40:00,17:50:00,26,DD,0.0,17:50:00,26,DD,0.8726,17:50:00,26,DD,1.0742,457.29254999999995,0.0,2743.7553,457.29254999999995,2025-01-25T17:50:00,2025-01-25 00:00:00,2025-01-25 00:00:00,2025-01-25T17:50:00,2025-01-25T17:50:00,1.0742,462.83518573916945,14.414929155383197,62.95462635141663,525.7898120905861,14.414929155383197,0,0.8,evening_hedge,1200.0,1200.0,511.3748829352029,0.0,-0.0,10800.0,10800.0,0.0,0.0,0.0,0.0,0.0,54.08233293520294,54.08233293520294,0.0,10800.0,10800.0,549.318899248995,0.0,549.318899248995
2025-01-25,108,2690.45,2025-01-25T18:00:00,2025-01-25T17:50:00,18:00:00,26,DE,0.0,18:00:00,26,DE,1.145,18:00:00,26,DE,1.2313,448.4083333333333,0.0,2690.45,448.4083333333333,2025-01-25T18:00:00,2025-01-25 00:00:00,2025-01-25 00:00:00,2025-01-25T18:00:00,2025-01-25T18:00:00,1.2313,468.16160459318496,3.869106289021327,62.95462635141663,531.1162309446016,3.869106289021327,0,0.8,evening_hedge,1200.0,1200.0,0.0,0.0,527.2471246555803,10800.0,10214.1698614938,0.0,0.0,0.0,448.4083333333333,0.0,0.0,0.0,0.0,10800.0,10301.768518518518,0.0,0.0,0.0
2025-01-25,109,2703.5,2025-01-25T18:10:00,2025-01-25T18:00:00,18:10:00,26,DF,0.2167,18:10:00,26,DF,1.1657,18:10:00,26,DF,1.2561,450.5833333333333,0.036116666666666665,2703.2833,450.54721666666666,2025-01-25T18:10:00,2025-01-25 00:00:00,2025-01-25 00:00:00,2025-01-25T18:10:00,2025-01-25T18:10:00,1.2561,492.97373603756796,0.0,41.059330215170945,534.0330662527389,0.0,0,0.9,evening_hedge,1200.0,1200.0,0.0,0.0,534.0330662527389,10214.1698614938,9620.799787879645,0.0,0.0,0.0,450.54721666666666,0.0,0.0,0.0,0.0,10301.768518518518,9801.1605,0.0,0.0,0.0
2025-01-25,110,2782.238,2025-01-25T18:20:00,2025-01-25T18:10:00,18:20:00,26,DG,0.0,18:20:00,26,DG,1.1371,18:20:00,26,DG,1.2447,463.7063333333333,0.0,2782.238,463.7063333333333,2025-01-25T18:20:00,2025-01-25 00:00:00,2025-01-25 00:00:00,2025-01-25T18:20:00,2025-01-25T18:20:00,1.2447,487.1064618534804,0.0,41.059330215170945,528.1657920686514,0.0,0,0.9,evening_hedge,1200.0,1200.0,0.0,0.0,528.1657920686514,9620.799787879645,9033.948907803366,0.0,0.0,0.0,463.7063333333333,0.0,0.0,0.0,0.0,9801.1605,9285.931240740741,0.0,0.0,0.0
2025-01-25,111,2858.84,2025-01-25T18:30:00,2025-01-25T18:20:00,18:30:00,26,DH,0.0,18:30:00,26,DH,1.1599,18:30:00,26,DH,1.2545,476.47333333333336,0.0,2858.84,476.47333333333336,2025-01-25T18:30:00,2025-01-25 00:00:00,2025-01-25 00:00:00,2025-01-25T18:30:00,2025-01-25T18:30:00,1.2545,451.74437275262846,0.0,41.059330215170945,492.8037029677994,0.0,0,0.9,evening_hedge,1200.0,1200.0,0.0,0.0,492.8037029677994,9033.948907803366,8486.389237839145,0.0,0.0,0.0,476.47333333333336,0.0,0.0,0.0,0.0,9285.931240740741,8756.516425925927,0.0,0.0,0.0
2025-01-25,112,2884.2639,2025-01-25T18:40:00,2025-01-25T18:30:00,18:40:00,26,DI,0.0156,18:40:00,26,DI,1.1397,18:40:00,26,DI,1.2522,480.71065,0.0026,2884.2482999999997,480.70805,2025-01-25T18:40:00,2025-01-25 00:00:00,2025-01-25 00:00:00,2025-01-25T18:40:00,2025-01-25T18:40:00,1.2522,440.98128242738943,0.0,41.059330215170945,482.0406126425604,0.0,0,0.9,evening_hedge,1200.0,1200.0,0.0,0.0,482.0406126425604,8486.389237839145,7950.788557125188,0.0,0.0,0.0,480.70805,0.0,0.0,0.0,0.0,8756.516425925927,8222.396370370372,0.0,0.0,0.0
2025-01-25,113,2984.8855,2025-01-25T18:50:00,2025-01-25T18:40:00,18:50:00,26,DJ,0.0,18:50:00,26,DJ,1.213,18:50:00,26,DJ,1.2881,497.48091666666664,0.0,2984.8855,497.48091666666664,2025-01-25T18:50:00,2025-01-25 00:00:00,2025-01-25 00:00:00,2025-01-25T18:50:00,2025-01-25T18:50:00,1.2881,451.2186108172441,0.0,41.059330215170945,492.277941032415,0.0,0,0.9,evening_hedge,1200.0,1200.0,0.0,0.0,492.277941032415,7950.788557125188,7403.813067089171,0.0,0.0,0.0,497.48091666666664,0.0,0.0,0.0,0.0,8222.396370370372,7669.639796296298,0.0,0.0,0.0
2025-01-25,114,3023.65,2025-01-25T19:00:00,2025-01-25T18:50:00,19:00:00,26,DK,0.0,19:00:00,26,DK,1.3527,19:00:00,26,DK,1.3466,503.94166666666666,0.0,3023.65,503.94166666666666,2025-01-25T19:00:00,2025-01-25 00:00:00,2025-01-25 00:00:00,2025-01-25T19:00:00,2025-01-25T19:00:00,1.3466,451.98440108126175,0.0,41.059330215170945,493.0437312964327,0.0,0,0.9,evening_hedge,1200.0,1200.0,0.0,0.0,493.0437312964327,7403.813067089171,6855.986698982024,0.0,0.0,0.0,503.94166666666666,0.0,0.0,0.0,0.0,7669.639796296298,7109.704611111113,0.0,0.0,0.0
2025-01-25,115,2730.4273,2025-01-25T19:10:00,2025-01-25T19:00:00,19:10:00,26,DL,0.0011,19:10:00,26,DL,1.3722,19:10:00,26,DL,1.3523,455.07121666666666,0.00018333333333333334,2730.4262,455.07103333333333,2025-01-25T19:10:00,2025-01-25 00:00:00,2025-01-25 00:00:00,2025-01-25T19:10:00,2025-01-25T19:10:00,1.3523,424.96123139726467,0.0,43.92425666666667,468.88548806393135,0.0,0,0.9,evening_hedge,1200.0,1200.0,0.0,0.0,468.88548806393135,6855.986698982024,6335.002823355433,0.0,0.0,0.0,455.07103333333333,0.0,0.0,0.0,0.0,7109.704611111113,6604.070129629632,0.0,0.0,0.0
2025-01-25,116,2515.4751,2025-01-25T19:20:00,2025-01-25T19:10:00,19:20:00,26,DM,0.0,19:20:00,26,DM,1.3405,19:20:00,26,DM,1.3445,419.24585,0.0,2515.4751,419.24585,2025-01-25T19:20:00,2025-01-25 00:00:00,2025-01-25 00:00:00,2025-01-25T19:20:00,2025-01-25T19:20:00,1.3445,442.18814841757245,0.0,43.92425666666667,486.11240508423913,0.0,0,0.9,evening_hedge,1200.0,1200.0,0.0,0.0,486.11240508423913,6335.002823355433,5794.87792881739,0.0,0.0,0.0,419.24585,0.0,0.0,0.0,0.0,6604.070129629632,6138.2414074074095,0.0,0.0,0.0
2025-01-25,117,2559.75,2025-01-25T19:30:00,2025-01-25T19:20:00,19:30:00,26,DN,0.0,19:30:00,26,DN,1.3251,19:30:00,26,DN,1.3483,426.625,0.0,2559.75,426.625,2025-01-25T19:30:00,2025-01-25 00:00:00,2025-01-25 00:00:00,2025-01-25T19:30:00,2025-01-25T19:30:00,1.3483,482.2060166487936,0.0,43.92425666666667,526.1302733154603,0.0,0,0.9,evening_hedge,1200.0,1200.0,0.0,0.0,526.1302733154603,5794.87792881739,5210.288736244656,0.0,0.0,0.0,426.625,0.0,0.0,0.0,0.0,6138.2414074074095,5664.213629629632,0.0,0.0,0.0
2025-01-25,118,2676.3603,2025-01-25T19:40:00,2025-01-25T19:30:00,19:40:00,26,DO,0.0,19:40:00,26,DO,1.324,19:40:00,26,DO,1.349,446.06005,0.0,2676.3603,446.06005,2025-01-25T19:40:00,2025-01-25 00:00:00,2025-01-25 00:00:00,2025-01-25T19:40:00,2025-01-25T19:40:00,1.349,453.09503205002034,0.0,43.92425666666667,497.019288716687,0.0,0,0.9,evening_hedge,1200.0,1200.0,0.0,0.0,497.019288716687,5210.288736244656,4658.045082115004,0.0,0.0,0.0,446.06005,0.0,0.0,0.0,0.0,5664.213629629632,5168.591351851855,0.0,0.0,0.0
2025-01-25,119,2816.0299,2025-01-25T19:50:00,2025-01-25T19:40:00,19:50:00,26,DP,0.0,19:50:00,26,DP,1.3285,19:50:00,26,DP,1.3473,469.3383166666667,0.0,2816.0299,469.3383166666667,2025-01-25T19:50:00,2025-01-25 00:00:00,2025-01-25 00:00:00,2025-01-25T19:50:00,2025-01-25T19:50:00,1.3473,441.22232852178723,0.0,43.92425666666667,485.1465851884539,0.0,0,0.9,evening_hedge,1200.0,1200.0,0.0,0.0,485.1465851884539,4658.045082115004,4118.9933207945,0.0,0.0,0.0,469.3383166666667,0.0,0.0,0.0,0.0,5168.591351851855,4647.104333333336,0.0,0.0,0.0
2025-01-25,120,2920.46,2025-01-25T20:00:00,2025-01-25T19:50:00,20:00:00,26,DQ,0.0,20:00:00,26,DQ,1.3443,20:00:00,26,DQ,1.3482,486.74333333333334,0.0,2920.46,486.74333333333334,2025-01-25T20:00:00,2025-01-25 00:00:00,2025-01-25 00:00:00,2025-01-25T20:00:00,2025-01-25T20:00:00,1.3482,471.0963198750394,0.0,43.92425666666667,515.0205765417061,0.0,0,0.9,evening_hedge,1200.0,1200.0,0.0,0.0,515.0205765417061,4118.9933207945,3546.7482357481595,0.0,0.0,0.0,486.74333333333334,0.0,0.0,0.0,0.0,4647.104333333336,4106.278407407411,0.0,0.0,0.0
2025-01-25,121,2918.1476,2025-01-25T20:10:00,2025-01-25T20:00:00,20:10:00,26,DR,0.0,20:10:00,26,DR,1.3733,20:10:00,26,DR,1.3513,486.3579333333333,0.0,2918.1476,486.3579333333333,2025-01-25T20:10:00,2025-01-25 00:00:00,2025-01-25 00:00:00,2025-01-25T20:10:00,2025-01-25T20:10:00,1.3513,477.04765775633473,0.0,47.624745050057946,524.6724028063927,0.0,0,0.9,evening_hedge,1200.0,1200.0,0.0,0.0,524.6724028063927,3546.7482357481595,2963.778899296612,0.0,0.0,0.0,486.3579333333333,0.0,0.0,0.0,0.0,4106.278407407411,3565.880703703707,0.0,0.0,0.0
2025-01-25,122,2873.215,2025-01-25T20:20:00,2025-01-25T20:10:00,20:20:00,26,DS,0.0,20:20:00,26,DS,1.3446,20:20:00,26,DS,1.34,478.8691666666667,0.0,2873.215,478.8691666666667,2025-01-25T20:20:00,2025-01-25 00:00:00,2025-01-25 00:00:00,2025-01-25T20:20:00,2025-01-25T20:20:00,1.34,463.50610892591305,0.0,47.624745050057946,511.130853975971,0.0,0,0.9,evening_hedge,1200.0,1200.0,0.0,0.0,511.130853975971,2963.778899296612,2395.8557282121997,0.0,0.0,0.0,478.8691666666667,0.0,0.0,0.0,0.0,3565.880703703707,3033.803851851855,0.0,0.0,0.0
2025-01-25,123,2816.72,2025-01-25T20:30:00,2025-01-25T20:20:00,20:30:00,26,DT,0.0,20:30:00,26,DT,1.3228,20:30:00,26,DT,1.3489,469.4533333333333,0.0,2816.72,469.4533333333333,2025-01-25T20:30:00,2025-01-25 00:00:00,2025-01-25 00:00:00,2025-01-25T20:30:00,2025-01-25T20:30:00,1.3489,453.1547965217852,0.0,47.624745050057946,500.77954157184314,0.0,0,0.9,evening_hedge,1200.0,1200.0,0.0,0.0,500.77954157184314,2395.8557282121997,1839.434015354596,0.0,0.0,0.0,469.4533333333333,0.0,0.0,0.0,0.0,3033.803851851855,2512.18903703704,0.0,0.0,0.0
2025-01-25,124,2761.3788,2025-01-25T20:40:00,2025-01-25T20:30:00,20:40:00,26,DU,0.0,20:40:00,26,DU,1.4005,20:40:00,26,DU,1.3952,460.2298,0.0,2761.3788,460.2298,2025-01-25T20:40:00,2025-01-25 00:00:00,2025-01-25 00:00:00,2025-01-25T20:40:00,2025-01-25T20:40:00,1.3952,464.92877393492745,0.0,47.624745050057946,512.5535189849854,0.0,0,0.9,evening_hedge,1200.0,1200.0,0.0,0.0,512.5535189849854,1839.434015354596,1269.9301053712788,0.0,0.0,0.0,460.2298,0.0,0.0,0.0,0.0,2512.18903703704,2000.8225925925958,0.0,0.0,0.0
2025-01-25,125,2900.4206,2025-01-25T20:50:00,2025-01-25T20:40:00,20:50:00,26,DV,0.0,20:50:00,26,DV,1.1964,20:50:00,26,DV,1.2226,483.40343333333334,0.0,2900.4206,483.40343333333334,2025-01-25T20:50:00,2025-01-25 00:00:00,2025-01-25 00:00:00,2025-01-25T20:50:00,2025-01-25T20:50:00,1.2226,502.902614108207,0.3606433689314348,47.624745050057946,550.527359158265,0.3606433689314348,0,0.9,evening_hedge,1200.0,1200.0,487.2296209551826,0.0,62.937094834150955,1269.9301053712788,1200.0,0.0,0.0,3.8261876218492716,0.0,0.0,0.0,0.0,0.0,2000.8225925925958,2004.2661614522601,595.6869345798062,0.0,595.6869345798062
2025-01-25,126,3106.5,2025-01-25T21:00:00,2025-01-25T20:50:00,21:00:00,26,DW,0.0,21:00:00,26,DW,0.8153,21:00:00,26,DW,0.9332,517.75,0.0,3106.5,517.75,2025-01-25T21:00:00,2025-01-25 00:00:00,2025-01-25 00:00:00,2025-01-25T21:00:00,2025-01-25T21:00:00,0.9332,529.023897621497,2.2189672074061404,47.624745050057946,576.648642671555,2.2189672074061404,0,0.9,evening_hedge,1200.0,1200.0,574.4296754641488,0.0,0.0,1200.0,1200.0,0.0,0.0,56.67967546414877,0.0,0.0,0.0,0.0,0.0,2004.2661614522601,2055.277869369994,536.0577731431437,0.0,536.0577731431437
2025-01-25,127,3020.6067,2025-01-25T21:10:00,2025-01-25T21:00:00,21:10:00,26,DX,0.0,21:10:00,26,DX,0.7737,21:10:00,26,DX,0.9068,503.43444999999997,0.0,3020.6067,503.43444999999997,2025-01-25T21:10:00,2025-01-25 00:00:00,2025-01-25 00:00:00,2025-01-25T21:10:00,2025-01-25T21:10:00,0.9068,495.8555023724392,3.7334046936433225,59.685568788538696,555.5410711609779,3.7334046936433225,0,0.9,evening_hedge,1200.0,1200.0,551.8076664673346,-0.0,0.0,1200.0,1200.0,0.0,0.0,48.3732164673346,0.0,0.0,0.0,0.0,0.0,2055.277869369994,2098.813764190595,500.379191952579,0.0,500.379191952579
2025-01-25,128,2820.061,2025-01-25T21:20:00,2025-01-25T21:10:00,21:20:00,26,DY,0.0,21:20:00,26,DY,0.8236,21:20:00,26,DY,0.9371,470.0101666666667,0.0,2820.061,470.0101666666667,2025-01-25T21:20:00,2025-01-25 00:00:00,2025-01-25 00:00:00,2025-01-25T21:20:00,2025-01-25T21:20:00,0.9371,469.16927801486963,4.888467008957955,59.685568788538696,528.8548468034083,4.888467008957955,0,0.9,evening_hedge,1200.0,1200.0,523.9663797944504,0.0,0.0,1200.0,1200.0,0.0,0.0,53.95621312778371,0.0,0.0,0.0,0.0,0.0,2098.813764190595,2147.3743560056005,491.0088945053795,0.0,491.0088945053795
2025-01-25,129,2756.77,2025-01-25T21:30:00,2025-01-25T21:20:00,21:30:00,26,DZ,0.0,21:30:00,26,DZ,0.8235,21:30:00,26,DZ,0.9371,459.46166666666664,0.0,2756.77,459.46166666666664,2025-01-25T21:30:00,2025-01-25 00:00:00,2025-01-25 00:00:00,2025-01-25T21:30:00,2025-01-25T21:30:00,0.9371,477.0398827562178,5.682890126644594,59.685568788538696,536.7254515447565,5.682890126644594,0,0.9,evening_hedge,1200.0,1200.0,531.042561418112,0.0,0.0,1200.0,1200.0,0.0,0.0,71.58089475144533,0.0,0.0,0.0,0.0,0.0,2147.3743560056005,2211.7971612819015,497.63998430491273,0.0,497.63998430491273
2025-01-25,130,2895.4313,2025-01-25T21:40:00,2025-01-25T21:30:00,21:40:00,26,EA,0.0,21:40:00,26,EA,0.8482,21:40:00,26,EA,0.9871,482.57188333333335,0.0,2895.4313,482.57188333333335,2025-01-25T21:40:00,2025-01-25 00:00:00,2025-01-25 00:00:00,2025-01-25T21:40:00,2025-01-25T21:40:00,0.9871,482.1460337248336,6.128374280500925,59.685568788538696,541.8316025133723,6.128374280500925,0,0.9,evening_hedge,1200.0,1200.0,535.7032282328714,0.0,0.0,1200.0,1200.0,0.0,0.0,53.13134489953808,0.0,0.0,0.0,0.0,0.0,2211.7971612819015,2259.615371691486,528.7926565886673,0.0,528.7926565886673
2025-01-25,131,2827.9101,2025-01-25T21:50:00,2025-01-25T21:40:00,21:50:00,26,EB,0.0,21:50:00,26,EB,0.6408,21:50:00,26,EB,0.7764,471.31835,0.0,2827.9101,471.31835,2025-01-25T21:50:00,2025-01-25 00:00:00,2025-01-25 00:00:00,2025-01-25T21:50:00,2025-01-25T21:50:00,0.7764,453.5680072221513,6.248107720418898,59.685568788538696,513.25357601069,6.248107720418898,0,0.9,evening_hedge,1200.0,1200.0,507.00546829027115,-0.0,0.0,1200.0,1200.0,0.0,0.0,35.687118290271144,0.0,0.0,0.0,0.0,0.0,2259.615371691486,2291.73377815273,393.6390455805665,0.0,393.6390455805665
2025-01-25,132,2527.15,2025-01-25T22:00:00,2025-01-25T21:50:00,22:00:00,26,EC,0.0,22:00:00,26,EC,0.3085,22:00:00,26,EC,0.4209,421.19166666666666,0.0,2527.15,421.19166666666666,2025-01-25T22:00:00,2025-01-25 00:00:00,2025-01-25 00:00:00,2025-01-25T22:00:00,2025-01-25T22:00:00,0.4209,415.0083137114738,6.075111787940316,59.685568788538696,474.69388250001253,6.075111787940316,0,0.9,evening_hedge,1200.0,1200.0,468.6187707120722,0.0,0.0,1200.0,1200.0,0.0,0.0,47.42710404540554,0.0,0.0,0.0,0.0,0.0,2291.73377815273,2334.418171793595,197.24164059271118,0.0,197.24164059271118
2025-01-25,133,2387.1465,2025-01-25T22:10:00,2025-01-25T22:00:00,22:10:00,26,ED,0.0,22:10:00,26,ED,0.2605,22:10:00,26,ED,0.3859,397.85774999999995,0.0,2387.1465,397.85774999999995,2025-01-25T22:10:00,2025-01-25 00:00:00,2025-01-25 00:00:00,2025-01-25T22:10:00,2025-01-25T22:10:00,0.3859,421.31680637746035,5.650447151865199,38.872692364208106,460.18949874166844,5.650447151865199,0,0.8,evening_hedge,1200.0,1200.0,454.53905158980325,0.0,0.0,1200.0,1200.0,0.0,0.0,56.6813015898033,0.0,0.0,0.0,0.0,0.0,2334.418171793595,2385.431343224418,175.4066200085051,0.0,175.4066200085051
2025-01-25,134,2484.5415,2025-01-25T22:20:00,2025-01-25T22:10:00,22:20:00,26,EE,0.0,22:20:00,26,EE,0.3204,22:20:00,26,EE,0.4368,414.09024999999997,0.0,2484.5415,414.09024999999997,2025-01-25T22:20:00,2025-01-25 00:00:00,2025-01-25 00:00:00,2025-01-25T22:20:00,2025-01-25T22:20:00,0.4368,443.51232761499534,5.021323078108335,38.872692364208106,482.38501997920343,5.021323078108335,0,0.8,evening_hedge,1200.0,1200.0,477.3636969010951,0.0,-0.0,1200.0,1200.0,0.0,0.0,63.273446901095156,0.0,0.0,0.0,0.0,0.0,2385.431343224418,2442.377445435404,208.51246280639836,0.0,208.51246280639836
2025-01-25,135,2647.18,2025-01-25T22:30:00,2025-01-25T22:20:00,22:30:00,26,EF,0.0,22:30:00,26,EF,0.3296,22:30:00,26,EF,0.4198,441.19666666666666,0.0,2647.18,441.19666666666666,2025-01-25T22:30:00,2025-01-25 00:00:00,2025-01-25 00:00:00,2025-01-25T22:30:00,2025-01-25T22:30:00,0.4198,448.07686740320344,4.239152837044168,38.872692364208106,486.94955976741153,4.239152837044168,0,0.8,evening_hedge,1200.0,1200.0,482.71040693036736,0.0,0.0,1200.0,1200.0,0.0,0.0,41.5137402637007,0.0,0.0,0.0,0.0,0.0,2442.377445435404,2479.7398116727345,202.64182882936822,0.0,202.64182882936822
2025-01-25,136,2621.5043,2025-01-25T22:40:00,2025-01-25T22:30:00,22:40:00,26,EG,0.0,22:40:00,26,EG,0.3061,22:40:00,26,EG,0.4186,436.91738333333336,0.0,2621.5043,436.91738333333336,2025-01-25T22:40:00,2025-01-25 00:00:00,2025-01-25 00:00:00,2025-01-25T22:40:00,2025-01-25T22:40:00,0.4186,426.1148261027311,3.3575987580097078,38.872692364208106,464.9875184669392,3.3575987580097078,0,0.8,evening_hedge,1200.0,1200.0,461.6299197089295,0.0,0.0,1200.0,1200.0,0.0,0.0,24.71253637559613,0.0,0.0,0.0,0.0,0.0,2479.7398116727345,2501.981094410771,193.2382843901579,0.0,193.2382843901579
2025-01-25,137,2483.2034,2025-01-25T22:50:00,2025-01-25T22:40:00,22:50:00,26,EH,0.0,22:50:00,26,EH,0.2963,22:50:00,26,EH,0.4241,413.86723333333333,0.0,2483.2034,413.86723333333333,2025-01-25T22:50:00,2025-01-25 00:00:00,2025-01-25 00:00:00,2025-01-25T22:50:00,2025-01-25T22:50:00,0.4241,399.16732646352375,2.430650021708223,38.872692364208106,438.04001882773184,2.430650021708223,0,0.8,evening_hedge,1200.0,1200.0,435.6093688060236,0.0,0.0,1200.0,1200.0,0.0,0.0,21.74213547269028,0.0,0.0,0.0,0.0,0.0,2501.981094410771,2521.5490163361924,184.7419333106346,0.0,184.7419333106346
2025-01-25,138,2367.89,2025-01-25T23:00:00,2025-01-25T22:50:00,23:00:00,26,EI,0.0,23:00:00,26,EI,0.3014,23:00:00,26,EI,0.4237,394.6483333333333,0.0,2367.89,394.6483333333333,2025-01-25T23:00:00,2025-01-25 00:00:00,2025-01-25 00:00:00,2025-01-25T23:00:00,2025-01-25T23:00:00,0.4237,394.58924391461267,1.5107750488415146,38.872692364208106,433.46193627882076,1.5107750488415146,0,0.8,evening_hedge,1200.0,1200.0,431.9511612299792,0.0,0.0,1200.0,1200.0,0.0,0.0,37.30282789664591,0.0,0.0,0.0,0.0,0.0,2521.5490163361924,2555.1215614431735,183.0177070131422,0.0,183.0177070131422
2025-01-25,139,2362.2724,2025-01-25T23:10:00,2025-01-25T23:00:00,23:10:00,26,EJ,0.0,23:10:00,26,EJ,0.2952,23:10:00,26,EJ,0.4248,393.71206666666666,0.0,2362.2724,393.71206666666666,2025-01-25T23:10:00,2025-01-25 00:00:00,2025-01-25 00:00:00,2025-01-25T23:10:00,2025-01-25T23:10:00,0.4248,422.9812080022745,0.6471883239336353,24.848130478318037,447.8293384805925,0.6471883239336353,0,0.8,evening_hedge,1200.0,1200.0,447.1821501566589,0.0,0.0,1200.0,1200.0,0.0,0.0,53.47008348999225,0.0,0.0,0.0,0.0,0.0,2555.1215614431735,2603.2446365841665,189.96297738654872,0.0,189.96297738654872
2025-01-25,140,2451.694,2025-01-25T23:20:00,2025-01-25T23:10:00,23:20:00,26,EK,0.0,23:20:00,26,EK,0.3396,23:20:00,26,EK,0.424,408.61566666666664,0.0,2451.694,408.61566666666664,2025-01-25T23:20:00,2025-01-25 00:00:00,2025-01-25 00:00:00,2025-01-25T23:20:00,2025-01-25T23:20:00,0.424,436.4238712766424,0.0,24.848130478318037,461.2720017549604,0.0,0,0.8,evening_hedge,1200.0,1200.0,461.2720017549604,0.0,0.0,1200.0,1200.0,0.0,0.0,52.65633508829376,0.0,0.0,0.0,0.0,0.0,2603.2446365841665,2650.635338163631,195.5793287441032,0.0,195.5793287441032
2025-01-25,141,2539.45,2025-01-25T23:30:00,2025-01-25T23:20:00,23:30:00,26,EL,0.0,23:30:00,26,EL,0.3992,23:30:00,26,EL,0.422,423.2416666666666,0.0,2539.45,423.2416666666666,2025-01-25T23:30:00,2025-01-25 00:00:00,2025-01-25 00:00:00,2025-01-25T23:30:00,2025-01-25T23:30:00,0.422,419.31147392287585,0.0,24.848130478318037,444.15960440119386,0.0,0,0.8,evening_hedge,1200.0,1200.0,444.15960440119386,0.0,0.0,1200.0,1200.0,0.0,0.0,20.917937734527243,0.0,0.0,0.0,0.0,0.0,2650.635338163631,2669.4614821247055,187.43535305730381,0.0,187.43535305730381
2025-01-25,142,2578.0459,2025-01-25T23:40:00,2025-01-25T23:30:00,23:40:00,26,EM,0.0,23:40:00,26,EM,0.3718,23:40:00,26,EM,0.424,429.6743166666667,0.0,2578.0459,429.6743166666667,2025-01-25T23:40:00,2025-01-25 00:00:00,2025-01-25 00:00:00,2025-01-25T23:40:00,2025-01-25T23:40:00,0.424,413.8750932293674,0.0,24.848130478318037,438.7232237076854,0.0,0,0.8,evening_hedge,1200.0,1200.0,438.7232237076854,0.0,0.0,1200.0,1200.0,0.0,0.0,9.048907041018708,0.0,0.0,0.0,0.0,0.0,2669.4614821247055,2677.6054984616226,186.0186468520586,0.0,186.0186468520586
2025-01-25,143,2919.4172,2025-01-25T23:50:00,2025-01-25T23:40:00,23:50:00,26,EN,0.0,23:50:00,26,EN,0.3638,23:50:00,26,EN,0.4271,486.5695333333333,0.0,2919.4172,486.5695333333333,2025-01-25T23:50:00,2025-01-25 00:00:00,2025-01-25 00:00:00,2025-01-25T23:50:00,2025-01-25T23:50:00,0.4271,499.4976487212519,0.0,24.848130478318037,524.34577919957,0.0,0,0.8,evening_hedge,1200.0,1200.0,524.34577919957,0.0,0.0,1200.0,1200.0,0.0,0.0,37.77624586623665,0.0,0.0,0.0,0.0,0.0,2677.6054984616226,2711.6041197412355,223.9480822961363,0.0,223.9480822961363
2025-01-25,144,3440.36,2025-01-26T00:00:00,2025-01-25T23:50:00,0:00+1,26,EO,0.0,0:00+1,26,EO,0.4179,0:00+1,26,EO,0.4276,573.3933333333333,0.0,3440.36,573.3933333333333,2025-01-26T00:00:00,2025-01-25 00:00:00,2025-01-25 00:00:00,2025-01-26T00:00:00,2025-01-26T00:00:00,0.4276,616.6461991881629,0.0,24.848130478318037,641.4943296664809,0.0,0,0.8,evening_hedge,1200.0,1200.0,641.4943296664809,0.0,0.0,1200.0,1200.0,0.0,0.0,68.10099633314758,0.0,0.0,0.0,0.0,0.0,2711.6041197412355,2772.8950164410685,274.3029753653872,0.0,274.3029753653872
2025-01-26,1,3618.1419,2025-01-26T00:10:00,2025-01-26T00:00:00,00:10:00,27,B,0.0,00:10:00,27,B,0.4597,00:10:00,27,B,0.4248,603.02365,0.0,3618.1419,603.02365,2025-01-26T00:10:00,2025-01-26 00:00:00,2025-01-26 00:00:00,2025-01-26T00:10:00,2025-01-26T00:10:00,0.4248,640.4820693277484,0.09347043577059644,29.277821522591303,669.7598908503397,0.09347043577059644,0,0.8,evening_hedge,1200.0,1200.0,1502.9997537479026,833.3333333333333,0.0,2772.8950164410685,3522.8950164410685,0.0,1.0,833.3333333333334,0.0,0.0,66.64277041456921,66.64277041456921,0.0,2772.8950164410685,3522.8950164410685,638.4742953921091,0.0,638.4742953921091
2025-01-26,2,3625.0328,2025-01-26T00:20:00,2025-01-26T00:10:00,00:20:00,27,C,0.0,00:20:00,27,C,0.4207,00:20:00,27,C,0.4245,604.1721333333334,0.0,3625.0328,604.1721333333334,2025-01-26T00:20:00,2025-01-26 00:00:00,2025-01-26 00:00:00,2025-01-26T00:20:00,2025-01-26T00:20:00,0.4245,603.3091827966045,0.42157631987980215,29.277821522591303,632.5870043191959,0.42157631987980215,0,0.8,evening_hedge,1200.0,1200.0,1465.4987613326493,833.3333333333333,0.0,3522.8950164410685,4272.895016441068,0.0,1.0,833.3333333333334,0.0,0.0,27.993294665982603,27.993294665982603,0.0,3522.8950164410685,4272.895016441069,622.1042241857097,0.0,622.1042241857097
2025-01-26,3,3600.12,2025-01-26T00:30:00,2025-01-26T00:20:00,00:30:00,27,D,0.0,00:30:00,27,D,0.3577,00:30:00,27,D,0.4269,600.02,0.0,3600.12,600.02,2025-01-26T00:30:00,2025-01-26 00:00:00,2025-01-26 00:00:00,2025-01-26T00:30:00,2025-01-26T00:30:00,0.4269,600.8375015941186,0.9676963230694429,29.277821522591303,630.11532311671,0.9676963230694429,0,0.8,evening_hedge,1200.0,1200.0,1462.480960126974,833.3333333333333,0.0,4272.895016441068,5022.895016441068,0.0,1.0,833.3333333333334,0.0,0.0,29.127626793640616,29.127626793640616,0.0,4272.895016441069,5022.895016441069,624.3331218782051,0.0,624.3331218782051
2025-01-26,4,3525.664,2025-01-26T00:40:00,2025-01-26T00:30:00,00:40:00,27,E,0.0,00:40:00,27,E,0.3976,00:40:00,27,E,0.4272,587.6106666666667,0.0,3525.664,587.6106666666667,2025-01-26T00:40:00,2025-01-26 00:00:00,2025-01-26 00:00:00,2025-01-26T00:40:00,2025-01-26T00:40:00,0.4272,626.8266431244555,1.7056218267090388,29.277821522591303,656.1044646470468,1.7056218267090388,0,0.8,evening_hedge,1200.0,1200.0,1487.732176153671,833.3333333333333,0.0,5022.895016441068,5772.895016441068,0.0,1.0,833.3333333333334,0.0,0.0,66.78817615367086,66.78817615367086,0.0,5022.895016441069,5772.895016441069,635.5591856528482,0.0,635.5591856528482
2025-01-26,5,3596.9321,2025-01-26T00:50:00,2025-01-26T00:40:00,00:50:00,27,F,0.0,00:50:00,27,F,0.4572,00:50:00,27,F,0.4271,599.4886833333334,0.0,3596.9321,599.4886833333334,2025-01-26T00:50:00,2025-01-26 00:00:00,2025-01-26 00:00:00,2025-01-26T00:50:00,2025-01-26T00:50:00,0.4271,636.2454435461567,2.6003048245636586,29.277821522591303,665.5232650687481,2.6003048245636586,0,0.8,evening_hedge,1200.0,1200.0,1496.2562935775177,833.3333333333333,0.0,5772.895016441068,6522.895016441068,0.0,1.0,833.3333333333334,0.0,0.0,63.43427691085094,63.43427691085094,0.0,5772.895016441069,6522.895016441069,639.0510629869577,0.0,639.0510629869577
2025-01-26,6,3775.4,2025-01-26T01:00:00,2025-01-26T00:50:00,01:00:00,27,G,0.0,01:00:00,27,G,0.4766,01:00:00,27,G,0.4285,629.2333333333333,0.0,3775.4,629.2333333333333,2025-01-26T01:00:00,2025-01-26 00:00:00,2025-01-26 00:00:00,2025-01-26T01:00:00,2025-01-26T01:00:00,0.4285,628.1000753428667,3.6088761147770154,29.277821522591303,657.3778968654581,3.6088761147770154,0,0.8,evening_hedge,1200.0,1200.0,1487.1023540840142,833.3333333333333,0.0,6522.895016441068,7272.895016441068,0.0,1.0,833.3333333333334,0.0,0.0,24.535687417347503,24.535687417347503,0.0,6522.895016441069,7272.895016441069,637.2233587250001,0.0,637.2233587250001
2025-01-26,7,3818.2361,2025-01-26T01:10:00,2025-01-26T01:00:00,01:10:00,27,H,0.0,01:10:00,27,H,0.4717,01:10:00,27,H,0.4311,636.3726833333334,0.0,3818.2361,636.3726833333334,2025-01-26T01:10:00,2025-01-26 00:00:00,2025-01-26 00:00:00,2025-01-26T01:10:00,2025-01-26T01:10:00,0.4311,639.587509749676,4.681912647272526,39.564868165421196,679.1523779150972,4.681912647272526,0,0.8,evening_hedge,1200.0,1200.0,674.4704652678247,0.0,0.0,7272.895016441068,7272.895016441068,0.0,0.0,38.09778193449131,0.0,0.0,0.0,0.0,0.0,7272.895016441069,7307.183020182111,290.7642175769592,0.0,290.7642175769592
2025-01-26,8,3816.2744,2025-01-26T01:20:00,2025-01-26T01:10:00,01:20:00,27,I,0.0,01:20:00,27,I,0.4524,01:20:00,27,I,0.4302,636.0457333333333,0.0,3816.2744,636.0457333333333,2025-01-26T01:20:00,2025-01-26 00:00:00,2025-01-26 00:00:00,2025-01-26T01:20:00,2025-01-26T01:20:00,0.4302,649.7810905417329,5.764927608042438,39.564868165421196,689.3459587071541,5.764927608042438,0,0.8,evening_hedge,1200.0,1200.0,1269.2532350534805,585.6722039543688,0.0,7272.895016441068,7800.0,0.0,0.9999999999999982,633.2075017201472,0.0,0.0,0.0,0.0,0.0,7307.183020182111,7877.069771730244,546.0327417200074,0.0,546.0327417200074
2025-01-26,9,3795.64,2025-01-26T01:30:00,2025-01-26T01:20:00,01:30:00,27,J,0.0,01:30:00,27,J,0.4494,01:30:00,27,J,0.4279,632.6066666666667,0.0,3795.64,632.6066666666667,2025-01-26T01:30:00,2025-01-26 00:00:00,2025-01-26 00:00:00,2025-01-26T01:30:00,2025-01-26T01:30:00,0.4279,647.3864883256846,6.800052027309854,39.564868165421196,686.9513564911058,6.800052027309854,0,0.8,evening_hedge,1200.0,1200.0,1513.4846377971292,833.3333333333333,0.0,7800.0,8550.0,0.0,1.0,833.3333333333334,0.0,0.0,47.5446377971291,47.5446377971291,0.0,7877.069771730244,8627.069771730243,647.6200765133916,0.0,647.6200765133916
2025-01-26,10,3687.2824,2025-01-26T01:40:00,2025-01-26T01:30:00,01:40:00,27,K,0.0,01:40:00,27,K,0.4907,01:40:00,27,K,0.4312,614.5470666666666,0.0,3687.2824,614.5470666666666,2025-01-26T01:40:00,2025-01-26 00:00:00,2025-01-26 00:00:00,2025-01-26T01:40:00,2025-01-26T01:40:00,0.4312,645.0490524950003,7.7278724830980705,39.564868165421196,684.6139206604215,7.7278724830980705,0,0.8,evening_hedge,1200.0,1200.0,676.8860481773235,0.0,0.0,8550.0,8550.0,0.0,0.0,62.33898151065682,0.0,0.0,0.0,0.0,0.0,8627.069771730243,8683.174855089834,291.8732639740619,0.0,291.8732639740619
2025-01-26,11,3642.2271,2025-01-26T01:50:00,2025-01-26T01:40:00,01:50:00,27,L,0.0,01:50:00,27,L,0.505,01:50:00,27,L,0.4333,607.03785,0.0,3642.2271,607.03785,2025-01-26T01:50:00,2025-01-26 00:00:00,2025-01-26 00:00:00,2025-01-26T01:50:00,2025-01-26T01:50:00,0.4333,651.6628725028798,8.48938591486898,39.564868165421196,691.2277406683011,8.48938591486898,0,0.8,evening_hedge,1200.0,1200.0,682.7383547534321,0.0,0.0,8550.0,8550.0,0.0,0.0,75.70050475343203,0.0,0.0,0.0,0.0,0.0,8683.174855089834,8751.305309367923,295.8305291146621,0.0,295.8305291146621
2025-01-26,12,3767.05,2025-01-26T02:00:00,2025-01-26T01:50:00,02:00:00,27,M,0.0,02:00:00,27,M,0.4862,02:00:00,27,M,0.4311,627.8416666666667,0.0,3767.05,627.8416666666667,2025-01-26T02:00:00,2025-01-26 00:00:00,2025-01-26 00:00:00,2025-01-26T02:00:00,2025-01-26T02:00:00,0.4311,662.9106936776473,9.028029731468042,39.564868165421196,702.4755618430685,9.028029731468042,0,0.8,evening_hedge,1200.0,1200.0,693.4475321116005,0.0,0.0,8550.0,8550.0,0.0,0.0,65.60586544493378,0.0,0.0,0.0,0.0,0.0,8751.305309367923,8810.350588268364,298.94523109331095,0.0,298.94523109331095
2025-01-26,13,4013.0514,2025-01-26T02:10:00,2025-01-26T02:00:00,02:10:00,27,N,0.0,02:10:00,27,N,0.4951,02:10:00,27,N,0.4293,668.8419,0.0,4013.0514,668.8419,2025-01-26T02:10:00,2025-01-26 00:00:00,2025-01-26 00:00:00,2025-01-26T02:10:00,2025-01-26T02:10:00,0.4293,668.6219874560642,9.291743348615128,32.455514498143295,701.0775019542075,9.291743348615128,0,0.8,evening_hedge,1200.0,1200.0,1525.1190919389255,833.3333333333333,0.0,8550.0,9300.0,0.0,1.0,833.3333333333334,0.0,0.0,22.94385860559214,22.94385860559214,0.0,8810.350588268364,9560.350588268364,654.7336261693807,0.0,654.7336261693807
2025-01-26,14,4125.9305,2025-01-26T02:20:00,2025-01-26T02:10:00,02:20:00,27,O,0.0,02:20:00,27,O,0.5023,02:20:00,27,O,0.4324,687.6550833333334,0.0,4125.9305,687.6550833333334,2025-01-26T02:20:00,2025-01-26 00:00:00,2025-01-26 00:00:00,2025-01-26T02:20:00,2025-01-26T02:20:00,0.4324,681.6594467805838,9.235016064721227,32.455514498143295,714.1149612787272,9.235016064721227,0,0.8,evening_hedge,1200.0,1200.0,704.8799452140059,0.0,0.0,9300.0,9300.0,0.0,0.0,17.224861880672506,0.0,0.0,0.0,0.0,0.0,9560.350588268364,9575.85296396097,304.7900883105362,0.0,304.7900883105362
2025-01-26,15,4050.77,2025-01-26T02:30:00,2025-01-26T02:20:00,02:30:00,27,P,0.0,02:30:00,27,P,0.4963,02:30:00,27,P,0.4367,675.1283333333333,0.0,4050.77,675.1283333333333,2025-01-26T02:30:00,2025-01-26 00:00:00,2025-01-26 00:00:00,2025-01-26T02:30:00,2025-01-26T02:30:00,0.4367,685.2872747962494,8.820875806368813,32.455514498143295,717.7427892943928,8.820875806368813,0,0.8,evening_hedge,1200.0,1200.0,708.921913488024,0.0,0.0,9300.0,9300.0,0.0,0.0,33.79358015469063,0.0,0.0,0.0,0.0,0.0,9575.85296396097,9606.26718610019,309.58619962022004,0.0,309.58619962022004
2025-01-26,16,3939.5538,2025-01-26T02:40:00,2025-01-26T02:30:00,02:40:00,27,Q,0.0,02:40:00,27,Q,0.4928,02:40:00,27,Q,0.4348,656.5923,0.0,3939.5538,656.5923,2025-01-26T02:40:00,2025-01-26 00:00:00,2025-01-26 00:00:00,2025-01-26T02:40:00,2025-01-26T02:40:00,0.4348,650.6863141067979,8.022773757722259,32.455514498143295,683.1418286049412,8.022773757722259,0,0.8,evening_hedge,1200.0,1200.0,675.119054847219,0.0,0.0,9300.0,9300.0,0.0,0.0,18.526754847218967,0.0,0.0,0.0,0.0,0.0,9606.26718610019,9622.941265462689,293.54176504757083,0.0,293.54176504757083
2025-01-26,17,3780.2709,2025-01-26T02:50:00,2025-01-26T02:40:00,02:50:00,27,R,0.0,02:50:00,27,R,0.4534,02:50:00,27,R,0.4335,630.04515,0.0,3780.2709,630.04515,2025-01-26T02:50:00,2025-01-26 00:00:00,2025-01-26 00:00:00,2025-01-26T02:50:00,2025-01-26T02:50:00,0.4335,639.7373036744563,6.826321227445719,32.455514498143295,672.1928181725996,6.826321227445719,0,0.8,evening_hedge,1200.0,1200.0,665.3664969451538,0.0,0.0,9300.0,9300.0,0.0,0.0,35.32134694515378,0.0,0.0,0.0,0.0,0.0,9622.941265462689,9654.730477713327,288.4363764257242,0.0,288.4363764257242
2025-01-26,18,3678.5,2025-01-26T03:00:00,2025-01-26T02:50:00,03:00:00,27,S,0.0,03:00:00,27,S,0.4145,03:00:00,27,S,0.4357,613.0833333333334,0.0,3678.5,613.0833333333334,2025-01-26T03:00:00,2025-01-26 00:00:00,2025-01-26 00:00:00,2025-01-26T03:00:00,2025-01-26T03:00:00,0.4357,670.9239268248054,5.230837283075974,32.455514498143295,703.3794413229488,5.230837283075974,0,0.8,evening_hedge,1200.0,1200.0,698.1486040398728,0.0,0.0,9300.0,9300.0,0.0,0.0,85.06527070653942,0.0,0.0,0.0,0.0,0.0,9654.730477713327,9731.289221349212,304.18334678017254,0.0,304.18334678017254
2025-01-26,19,3824.2939,2025-01-26T03:10:00,2025-01-26T03:00:00,03:10:00,27,T,0.0,03:10:00,27,T,0.4545,03:10:00,27,T,0.4374,637.3823166666667,0.0,3824.2939,637.3823166666667,2025-01-26T03:10:00,2025-01-26 00:00:00,2025-01-26 00:00:00,2025-01-26T03:10:00,2025-01-26T03:10:00,0.4374,699.9083988687071,3.2506686619035365,28.05515819369627,727.9635570624033,3.2506686619035365,0,0.8,evening_hedge,1200.0,1200.0,724.7128884004998,0.0,0.0,9300.0,9300.0,0.0,0.0,87.33057173383304,0.0,0.0,0.0,0.0,0.0,9731.289221349212,9809.886735909662,316.9894173863786,0.0,316.9894173863786
2025-01-26,20,4098.0264,2025-01-26T03:20:00,2025-01-26T03:10:00,03:20:00,27,U,0.0,03:20:00,27,U,0.4691,03:20:00,27,U,0.4371,683.0043999999999,0.0,4098.0264,683.0043999999999,2025-01-26T03:20:00,2025-01-26 00:00:00,2025-01-26 00:00:00,2025-01-26T03:20:00,2025-01-26T03:20:00,0.4371,698.0841665278585,0.9162472004672866,28.05515819369627,726.1393247215548,0.9162472004672866,0,0.8,evening_hedge,1200.0,1200.0,725.2230775210875,0.0,0.0,9300.0,9300.0,0.0,0.0,42.21867752108756,0.0,0.0,0.0,0.0,0.0,9809.886735909662,9847.88354567864,316.99500718446734,0.0,316.99500718446734
2025-01-26,21,4249.84,2025-01-26T03:30:00,2025-01-26T03:20:00,03:30:00,27,V,0.0,03:30:00,27,V,0.4431,03:30:00,27,V,0.4356,708.3066666666667,0.0,4249.84,708.3066666666667,2025-01-26T03:30:00,2025-01-26 00:00:00,2025-01-26 00:00:00,2025-01-26T03:30:00,2025-01-26T03:30:00,0.4356,668.1144937536884,0.0,28.05515819369627,696.1696519473846,0.0,0,0.8,evening_hedge,1200.0,1200.0,696.1696519473846,0.0,0.0,9300.0,9300.0,0.0,0.0,0.0,12.137014719282092,0.0,0.0,0.0,0.0,9847.88354567864,9834.397973768326,303.25150038828076,0.0,303.25150038828076
2025-01-26,22,4114.7502,2025-01-26T03:40:00,2025-01-26T03:30:00,03:40:00,27,W,0.0,03:40:00,27,W,0.4651,03:40:00,27,W,0.4353,685.7917000000001,0.0,4114.7502,685.7917000000001,2025-01-26T03:40:00,2025-01-26 00:00:00,2025-01-26 00:00:00,2025-01-26T03:40:00,2025-01-26T03:40:00,0.4353,642.1687874805374,0.0,28.05515819369627,670.2239456742336,0.0,0,0.8,evening_hedge,1200.0,1200.0,670.2239456742336,0.0,0.0,9300.0,9300.0,0.0,0.0,0.0,15.567754325766487,0.0,0.0,0.0,0.0,9834.397973768326,9817.100468961919,291.7484835519939,0.0,291.7484835519939
2025-01-26,23,4054.354,2025-01-26T03:50:00,2025-01-26T03:40:00,03:50:00,27,X,0.0,03:50:00,27,X,0.499,03:50:00,27,X,0.436,675.7256666666666,0.0,4054.354,675.7256666666666,2025-01-26T03:50:00,2025-01-26 00:00:00,2025-01-26 00:00:00,2025-01-26T03:50:00,2025-01-26T03:50:00,0.436,660.8791257198726,0.0,28.05515819369627,688.9342839135688,0.0,0,0.8,evening_hedge,1200.0,1200.0,688.9342839135688,0.0,0.0,9300.0,9300.0,0.0,0.0,13.208617246902236,0.0,0.0,0.0,0.0,0.0,9817.100468961919,9828.98822448413,300.375347786316,0.0,300.375347786316
2025-01-26,24,4174.14,2025-01-26T04:00:00,2025-01-26T03:50:00,04:00:00,27,Y,0.0,04:00:00,27,Y,0.5063,04:00:00,27,Y,0.4378,695.69,0.0,4174.14,695.69,2025-01-26T04:00:00,2025-01-26 00:00:00,2025-01-26 00:00:00,2025-01-26T04:00:00,2025-01-26T04:00:00,0.4378,695.3587484906643,0.0,28.05515819369627,723.4139066843605,0.0,0,0.8,evening_hedge,1200.0,1200.0,723.4139066843605,0.0,0.0,9300.0,9300.0,0.0,0.0,27.723906684360486,0.0,0.0,0.0,0.0,0.0,9828.98822448413,9853.939740500055,316.71060834641304,0.0,316.71060834641304
2025-01-26,25,4234.8671,2025-01-26T04:10:00,2025-01-26T04:00:00,04:10:00,27,Z,0.0,04:10:00,27,Z,0.4909,04:10:00,27,Z,0.4401,705.8111833333334,0.0,4234.8671,705.8111833333334,2025-01-26T04:10:00,2025-01-26 00:00:00,2025-01-26 00:00:00,2025-01-26T04:10:00,2025-01-26T04:10:00,0.4401,678.5503232157714,0.0,29.40251577706311,707.9528389928345,0.0,0,0.8,evening_hedge,1200.0,1200.0,707.9528389928345,0.0,0.0,9300.0,9300.0,0.0,0.0,2.1416556595011116,0.0,0.0,0.0,0.0,0.0,9853.939740500055,9855.867230593605,311.57004444074647,0.0,311.57004444074647
2025-01-26,26,4178.5459,2025-01-26T04:20:00,2025-01-26T04:10:00,04:20:00,27,AA,0.0,04:20:00,27,AA,0.5034,04:20:00,27,AA,0.4389,696.4243166666666,0.0,4178.5459,696.4243166666666,2025-01-26T04:20:00,2025-01-26 00:00:00,2025-01-26 00:00:00,2025-01-26T04:20:00,2025-01-26T04:20:00,0.4389,672.6353163106769,0.0,29.40251577706311,702.03783208774,0.0,0,0.8,evening_hedge,1200.0,1200.0,702.03783208774,0.0,0.0,9300.0,9300.0,0.0,0.0,5.613515421073316,0.0,0.0,0.0,0.0,0.0,9855.867230593605,9860.91939447257,308.12440450330905,0.0,308.12440450330905
2025-01-26,27,4154.1,2025-01-26T04:30:00,2025-01-26T04:20:00,04:30:00,27,AB,0.0,04:30:00,27,AB,0.5451,04:30:00,27,AB,0.4364,692.35,0.0,4154.1,692.35,2025-01-26T04:30:00,2025-01-26 00:00:00,2025-01-26 00:00:00,2025-01-26T04:30:00,2025-01-26T04:30:00,0.4364,694.4681589588525,0.0,29.40251577706311,723.8706747359156,0.0,0,0.8,evening_hedge,1200.0,1200.0,723.8706747359156,0.0,0.0,9300.0,9300.0,0.0,0.0,31.520674735915577,0.0,0.0,0.0,0.0,0.0,9860.91939447257,9889.288001734894,315.8971624547536,0.0,315.8971624547536
2025-01-26,28,4322.8401,2025-01-26T04:40:00,2025-01-26T04:30:00,04:40:00,27,AC,0.0,04:40:00,27,AC,0.5649,04:40:00,27,AC,0.4393,720.4733500000001,0.0,4322.8401,720.4733500000001,2025-01-26T04:40:00,2025-01-26 00:00:00,2025-01-26 00:00:00,2025-01-26T04:40:00,2025-01-26T04:40:00,0.4393,696.4551743701127,0.0,29.40251577706311,725.8576901471757,0.0,0,0.8,evening_hedge,1200.0,1200.0,725.8576901471757,0.0,0.0,9300.0,9300.0,0.0,0.0,5.384340147175635,0.0,0.0,0.0,0.0,0.0,9889.288001734894,9894.133907867352,318.8692832816543,0.0,318.8692832816543
2025-01-26,29,4292.6064,2025-01-26T04:50:00,2025-01-26T04:40:00,04:50:00,27,AD,0.0011,04:50:00,27,AD,0.5459,04:50:00,27,AD,0.4422,715.4344,0.00018333333333333334,4292.605299999999,715.4342166666667,2025-01-26T04:50:00,2025-01-26 00:00:00,2025-01-26 00:00:00,2025-01-26T04:50:00,2025-01-26T04:50:00,0.4422,686.8447241176971,0.0,29.40251577706311,716.2472398947601,0.0,0,0.8,evening_hedge,1200.0,1200.0,716.2472398947601,0.0,0.0,9300.0,9300.0,0.0,0.0,0.8130232280934706,0.0,0.0,0.0,0.0,0.0,9894.133907867352,9894.865628772635,316.7245294814629,0.0,316.7245294814629
2025-01-26,30,4129.71,2025-01-26T05:00:00,2025-01-26T04:50:00,05:00:00,27,AE,0.0,05:00:00,27,AE,0.5124,05:00:00,27,AE,0.4395,688.285,0.0,4129.71,688.285,2025-01-26T05:00:00,2025-01-26 00:00:00,2025-01-26 00:00:00,2025-01-26T05:00:00,2025-01-26T05:00:00,0.4395,687.599031331939,0.0,29.40251577706311,717.0015471090021,0.0,0,0.8,evening_hedge,1200.0,1200.0,717.0015471090021,0.0,0.0,9300.0,9300.0,0.0,0.0,28.716547109002136,0.0,0.0,0.0,0.0,0.0,9894.865628772635,9920.710521170737,315.1221799544064,0.0,315.1221799544064
2025-01-26,31,4281.1493,2025-01-26T05:10:00,2025-01-26T05:00:00,05:10:00,27,AF,0.0,05:10:00,27,AF,0.5099,05:10:00,27,AF,0.4333,713.5248833333334,0.0,4281.1493,713.5248833333334,2025-01-26T05:10:00,2025-01-26 00:00:00,2025-01-26 00:00:00,2025-01-26T05:10:00,2025-01-26T05:10:00,0.4333,710.9219260984413,0.0,28.812716666666674,739.734642765108,0.0,0,0.8,evening_hedge,1200.0,1200.0,739.734642765108,0.0,0.0,9300.0,9300.0,0.0,0.0,26.209759431774614,0.0,0.0,0.0,0.0,0.0,9920.710521170737,9944.299304659335,320.5270207101213,0.0,320.5270207101213
2025-01-26,32,4345.1844,2025-01-26T05:20:00,2025-01-26T05:10:00,05:20:00,27,AG,0.0155,05:20:00,27,AG,0.5354,05:20:00,27,AG,0.4439,724.1974,0.0025833333333333333,4345.1689,724.1948166666667,2025-01-26T05:20:00,2025-01-26 00:00:00,2025-01-26 00:00:00,2025-01-26T05:20:00,2025-01-26T05:20:00,0.4439,734.2104273780002,0.0,28.812716666666674,763.0231440446669,0.0,0,0.8,evening_hedge,1200.0,1200.0,763.0231440446669,0.0,0.0,9300.0,9300.0,0.0,0.0,38.828327378000154,0.0,0.0,0.0,0.0,0.0,9944.299304659335,9979.244799299535,338.70597364142765,0.0,338.70597364142765
2025-01-26,33,4219.63,2025-01-26T05:30:00,2025-01-26T05:20:00,05:30:00,27,AH,0.0,05:30:00,27,AH,0.5161,05:30:00,27,AH,0.4301,703.2716666666666,0.0,4219.63,703.2716666666666,2025-01-26T05:30:00,2025-01-26 00:00:00,2025-01-26 00:00:00,2025-01-26T05:30:00,2025-01-26T05:30:00,0.4301,721.4620075884645,0.0,28.812716666666674,750.2747242551312,0.0,0,0.8,evening_hedge,1200.0,1200.0,1583.6080575884644,833.3333333333333,0.0,9300.0,10050.0,0.0,1.0,833.3333333333334,0.0,0.0,47.003057588464344,47.003057588464344,0.0,9979.244799299535,10729.244799299535,681.1098255687984,0.0,681.1098255687984
2025-01-26,34,4292.2109,2025-01-26T05:40:00,2025-01-26T05:30:00,05:40:00,27,AI,0.0,05:40:00,27,AI,0.4308,05:40:00,27,AI,0.3713,715.3684833333333,0.0,4292.2109,715.3684833333333,2025-01-26T05:40:00,2025-01-26 00:00:00,2025-01-26 00:00:00,2025-01-26T05:40:00,2025-01-26T05:40:00,0.3713,672.9196435543305,0.0,28.812716666666674,701.7323602209972,0.0,0,0.8,evening_hedge,1200.0,1200.0,1535.0656935543304,833.3333333333333,0.0,10050.0,10800.0,0.0,1.0,78.61688966718349,0.0,0.0,741.0803205538136,741.0803205538136,0.0,10729.244799299535,10800.0,569.969892016723,0.0,569.969892016723
2025-01-26,35,4811.7339,2025-01-26T05:50:00,2025-01-26T05:40:00,05:50:00,27,AJ,0.2158,05:50:00,27,AJ,0.6677,05:50:00,27,AJ,0.5708,801.95565,0.03596666666666667,4811.5181,801.9196833333333,2025-01-26T05:50:00,2025-01-26 00:00:00,2025-01-26 00:00:00,2025-01-26T05:50:00,2025-01-26T05:50:00,0.5708,742.2272673884881,0.0,28.812716666666674,771.0399840551548,0.0,0,0.8,evening_hedge,1200.0,1200.0,771.0399840551548,0.0,-0.0,10800.0,10800.0,0.0,0.0,0.0,30.879699278178464,0.0,0.0,0.0,0.0,10800.0,10765.689223024247,440.10962289868235,0.0,440.10962289868235
2025-01-26,36,5411.14,2025-01-26T06:00:00,2025-01-26T05:50:00,06:00:00,27,AK,0.0,06:00:00,27,AK,1.0718,06:00:00,27,AK,0.9099,901.8566666666667,0.0,5411.14,901.8566666666667,2025-01-26T06:00:00,2025-01-26 00:00:00,2025-01-26 00:00:00,2025-01-26T06:00:00,2025-01-26T06:00:00,0.9099,884.3390000342871,1.3523203824965133,28.812716666666674,913.1517167009538,1.3523203824965133,0,0.8,evening_hedge,1200.0,1200.0,911.7993963184573,0.0,-0.0,10800.0,10800.0,0.0,0.0,9.942729651790614,0.0,0.0,0.0,0.0,0.0,10765.689223024247,10774.637679710859,829.6462707101643,0.0,829.6462707101643
2025-01-26,37,5444.9027,2025-01-26T06:10:00,2025-01-26T06:00:00,06:10:00,27,AL,0.0,06:10:00,27,AL,1.0761,06:10:00,27,AL,0.9368,907.4837833333332,0.0,5444.9027,907.4837833333332,2025-01-26T06:10:00,2025-01-26 00:00:00,2025-01-26 00:00:00,2025-01-26T06:10:00,2025-01-26T06:10:00,0.9368,897.0665782931097,11.734406332798747,73.22258573925728,970.289164032367,11.734406332798747,0,0.8,evening_hedge,1200.0,1200.0,283.5547576995683,0.0,675.0,10800.0,10050.0,0.0,0.0,0.0,623.9290256337649,0.0,0.0,0.0,0.0,10774.637679710859,10081.383206784452,265.6340970129556,0.0,265.6340970129556
2025-01-26,38,5425.9845,2025-01-26T06:20:00,2025-01-26T06:10:00,06:20:00,27,AM,3.0054,06:20:00,27,AM,1.0301,06:20:00,27,AM,0.8758,904.33075,0.5009,5422.9791,903.82985,2025-01-26T06:20:00,2025-01-26 00:00:00,2025-01-26 00:00:00,2025-01-26T06:20:00,2025-01-26T06:20:00,0.8758,891.7789456401088,24.329269703938678,73.22258573925728,965.001531379366,24.329269703938678,0,0.8,evening_hedge,1200.0,1200.0,940.6722616754273,0.0,0.0,10050.0,10050.0,0.0,0.0,36.84241167542734,0.0,0.0,0.0,0.0,0.0,10081.383206784452,10114.541377292337,823.8407667753393,0.0,823.8407667753393
2025-01-26,39,5494.45,2025-01-26T06:30:00,2025-01-26T06:20:00,06:30:00,27,AN,0.0,06:30:00,27,AN,1.0849,06:30:00,27,AN,0.8759,915.7416666666667,0.0,5494.45,915.7416666666667,2025-01-26T06:30:00,2025-01-26 00:00:00,2025-01-26 00:00:00,2025-01-26T06:30:00,2025-01-26T06:30:00,0.8759,918.859071606151,39.257136900980925,73.22258573925728,992.0816573454083,39.257136900980925,0,0.8,evening_hedge,1200.0,1200.0,952.8245204444274,0.0,0.0,10050.0,10050.0,0.0,0.0,37.08285377776076,0.0,0.0,0.0,0.0,0.0,10114.541377292337,10147.91594569232,834.578997457274,0.0,834.578997457274
2025-01-26,40,5321.7277,2025-01-26T06:40:00,2025-01-26T06:30:00,06:40:00,27,AO,0.0,06:40:00,27,AO,1.0386,06:40:00,27,AO,0.8601,886.9546166666668,0.0,5321.7277,886.9546166666668,2025-01-26T06:40:00,2025-01-26 00:00:00,2025-01-26 00:00:00,2025-01-26T06:40:00,2025-01-26T06:40:00,0.8601,911.6713208850362,56.61651704464835,73.22258573925728,984.8939066242934,56.61651704464835,0,0.8,evening_hedge,1200.0,1200.0,928.277389579645,0.0,0.0,10050.0,10050.0,0.0,0.0,41.32277291297828,0.0,0.0,0.0,0.0,0.0,10147.91594569232,10185.106441314001,798.4113827774527,0.0,798.4113827774527
2025-01-26,41,5352.1961,2025-01-26T06:50:00,2025-01-26T06:40:00,06:50:00,27,AP,50.3848,06:50:00,27,AP,1.0074,06:50:00,27,AP,0.8442,892.0326833333334,8.397466666666666,5301.8113,883.6352166666667,2025-01-26T06:50:00,2025-01-26 00:00:00,2025-01-26 00:00:00,2025-01-26T06:50:00,2025-01-26T06:50:00,0.8442,901.5256848686812,76.48156754230416,73.22258573925728,974.7482706079385,76.48156754230416,0,0.8,evening_hedge,1200.0,1200.0,898.2667030656344,0.0,0.0,10050.0,10050.0,0.0,0.0,14.631486398967695,0.0,0.0,0.0,0.0,0.0,10185.106441314001,10198.274779073072,758.3167507280085,0.0,758.3167507280085
2025-01-26,42,5596.52,2025-01-26T07:00:00,2025-01-26T06:50:00,07:00:00,27,AQ,230.175,07:00:00,27,AQ,1.0551,07:00:00,27,AQ,0.8334,932.7533333333334,38.362500000000004,5366.345,894.3908333333335,2025-01-26T07:00:00,2025-01-26 00:00:00,2025-01-26 00:00:00,2025-01-26T07:00:00,2025-01-26T07:00:00,0.8334,902.4951985091849,98.89973532607998,73.22258573925728,975.7177842484422,98.89973532607998,0,0.8,evening_hedge,1200.0,1200.0,876.8180489223622,0.0,0.0,10050.0,10050.0,0.0,0.0,0.0,17.57278441097128,0.0,0.0,0.0,0.0,10198.274779073072,10178.749463060882,730.7401619718967,0.0,730.7401619718967
2025-01-26,43,5612.9403,2025-01-26T07:10:00,2025-01-26T07:00:00,07:10:00,27,AR,461.7418,07:10:00,27,AR,1.1035,07:10:00,27,AR,0.8092,935.49005,76.95696666666667,5151.1985,858.5330833333334,2025-01-26T07:10:00,2025-01-26 00:00:00,2025-01-26 00:00:00,2025-01-26T07:10:00,2025-01-26T07:10:00,0.8092,893.7447483281486,123.88971909625391,58.37531361413428,952.1200619422829,123.88971909625391,0,0.8,evening_hedge,1200.0,1200.0,828.230342846029,0.0,0.0,10050.0,10050.0,0.0,0.0,0.0,30.30274048730439,0.0,0.0,0.0,0.0,10178.749463060882,10145.07975140832,670.2039934310067,0.0,670.2039934310067
2025-01-26,44,5662.4424,2025-01-26T07:20:00,2025-01-26T07:10:00,07:20:00,27,AS,699.7212,07:20:00,27,AS,1.0597,07:20:00,27,AS,0.7972,943.7404,116.6202,4962.7212,827.1202000000001,2025-01-26T07:20:00,2025-01-26 00:00:00,2025-01-26 00:00:00,2025-01-26T07:20:00,2025-01-26T07:20:00,0.7972,886.5796504120784,151.43979347595823,58.37531361413428,944.9549640262127,151.43979347595823,0,0.8,evening_hedge,1200.0,1200.0,793.5151705502544,0.0,0.0,10050.0,10050.0,0.0,0.0,0.0,33.60502944974564,0.0,0.0,0.0,0.0,10145.07975140832,10107.740829797493,632.5902939626628,0.0,632.5902939626628
2025-01-26,45,5625.31,2025-01-26T07:30:00,2025-01-26T07:20:00,07:30:00,27,AT,950.1,07:30:00,27,AT,0.93,07:30:00,27,AT,0.7644,937.5516666666667,158.35,4675.21,779.2016666666667,2025-01-26T07:30:00,2025-01-26 00:00:00,2025-01-26 00:00:00,2025-01-26T07:30:00,2025-01-26T07:30:00,0.7644,869.8439318190606,181.50653081165783,58.37531361413428,928.2192454331948,181.50653081165783,0,0.8,evening_hedge,1200.0,1200.0,746.712714621537,0.0,0.0,10050.0,10050.0,0.0,0.0,0.0,32.488952045129736,0.0,0.0,0.0,0.0,10107.740829797493,10071.641994191792,570.7871990567029,0.0,570.7871990567029
2025-01-26,46,5259.8909,2025-01-26T07:40:00,2025-01-26T07:30:00,07:40:00,27,AU,1248.3314,07:40:00,27,AU,0.8571,07:40:00,27,AU,0.6899,876.6484833333334,208.05523333333335,4011.5595000000003,668.59325,2025-01-26T07:40:00,2025-01-26 00:00:00,2025-01-26 00:00:00,2025-01-26T07:40:00,2025-01-26T07:40:00,0.6899,847.9831083714967,214.01395052320404,58.37531361413428,906.3584219856309,214.01395052320404,0,0.8,evening_hedge,1200.0,1200.0,1525.67780479576,833.3333333333333,0.0,10050.0,10800.0,0.0,1.0,809.2866731202311,0.0,0.0,47.797881675528856,47.797881675528856,0.0,10071.641994191792,10800.0,1052.5651175285948,0.0,1052.5651175285948
2025-01-26,47,5988.936,2025-01-26T07:50:00,2025-01-26T07:40:00,07:50:00,27,AV,1563.9047,07:50:00,27,AV,1.0971,07:50:00,27,AV,0.86,998.156,260.6507833333333,4425.0313,737.5052166666667,2025-01-26T07:50:00,2025-01-26 00:00:00,2025-01-26 00:00:00,2025-01-26T07:50:00,2025-01-26T07:50:00,0.86,997.3238335403635,248.85311950997198,58.37531361413428,1055.6991471544977,248.85311950997198,0,0.8,evening_hedge,1200.0,1200.0,806.8460276445257,0.0,0.0,10800.0,10800.0,0.0,0.0,0.0,0.0,0.0,69.34081097785906,69.34081097785906,0.0,10800.0,10800.0,693.8875837742921,0.0,693.8875837742921
2025-01-26,48,7353.2,2025-01-26T08:00:00,2025-01-26T07:50:00,08:00:00,27,AW,1889.1375,08:00:00,27,AW,1.4478,08:00:00,27,AW,1.1617,1225.5333333333333,314.85625,5464.0625,910.6770833333333,2025-01-26T08:00:00,2025-01-26 00:00:00,2025-01-26 00:00:00,2025-01-26T08:00:00,2025-01-26T08:00:00,1.1617,1209.6071384475758,285.8822202579589,58.37531361413428,1267.98245206171,285.8822202579589,0,0.8,evening_hedge,1200.0,1200.0,148.7668984704179,0.0,833.3333333333333,10800.0,9874.074074074075,0.0,0.0,0.0,761.9101848629155,0.0,0.0,0.0,0.0,10800.0,9953.433127930093,172.8225059530845,0.0,172.8225059530845
2025-01-26,49,7377.7838,2025-01-26T08:10:00,2025-01-26T08:00:00,08:10:00,27,AX,2235.8738,08:10:00,27,AX,1.4264,08:10:00,27,AX,1.1683,1229.6306333333334,372.6456333333333,5141.91,856.9850000000001,2025-01-26T08:10:00,2025-01-26 00:00:00,2025-01-26 00:00:00,2025-01-26T08:10:00,2025-01-26T08:10:00,1.1683,1184.8105628565556,324.927096077618,-7.310625495749203,1177.4999373608064,324.927096077618,0,0.8,evening_hedge,1200.0,1200.0,19.239507949855124,0.0,833.3333333333333,9874.074074074075,8948.14814814815,0.0,0.0,0.0,833.3333333333334,4.412158716811632,0.0,0.0,0.0,9953.433127930093,9027.507202004168,22.477517137815738,25.77362514425515,48.25114228207089
2025-01-26,50,7185.2959,2025-01-26T08:20:00,2025-01-26T08:10:00,08:20:00,27,AY,2540.3734,08:20:00,27,AY,1.3558,08:20:00,27,AY,1.0956,1197.5493166666668,423.39556666666664,4644.922500000001,774.1537500000002,2025-01-26T08:20:00,2025-01-26 00:00:00,2025-01-26 00:00:00,2025-01-26T08:20:00,2025-01-26T08:20:00,1.0956,1154.78493467714,365.782275450922,-7.310625495749203,1147.4743091813907,365.782275450922,0,0.8,evening_hedge,1200.0,1200.0,0.0,0.0,781.6920337304687,8948.14814814815,8079.601444003184,0.0,0.0,0.0,774.1537500000002,0.0,0.0,0.0,0.0,9027.507202004168,8167.336368670834,0.0,0.0,0.0
2025-01-26,51,7400.64,2025-01-26T08:30:00,2025-01-26T08:20:00,08:30:00,27,AZ,2847.5625,08:30:00,27,AZ,1.3878,08:30:00,27,AZ,1.0849,1233.44,474.59375,4553.0775,758.84625,2025-01-26T08:30:00,2025-01-26 00:00:00,2025-01-26 00:00:00,2025-01-26T08:30:00,2025-01-26T08:30:00,1.0849,1199.9917845590592,408.2124699006909,-7.310625495749203,1192.68115906331,408.2124699006909,0,0.8,evening_hedge,1200.0,1200.0,0.0,0.0,784.4686891626191,8079.601444003184,7207.969567155829,0.0,0.0,0.0,758.84625,0.0,0.0,0.0,0.0,8167.336368670834,7324.173868670834,0.0,0.0,0.0
2025-01-26,52,7465.2636,2025-01-26T08:40:00,2025-01-26T08:30:00,08:40:00,27,BA,3251.1256,08:40:00,27,BA,1.3498,08:40:00,27,BA,1.061,1244.2106,541.8542666666666,4214.138000000001,702.3563333333335,2025-01-26T08:40:00,2025-01-26 00:00:00,2025-01-26 00:00:00,2025-01-26T08:40:00,2025-01-26T08:40:00,1.061,1170.611336826338,451.9545322400679,-7.310625495749203,1163.3007113305887,451.9545322400679,0,0.8,evening_hedge,1200.0,1200.0,0.0,0.0,711.3461790905208,7207.969567155829,6417.584923721917,0.0,0.0,0.0,702.3563333333335,0.0,0.0,0.0,0.0,7324.173868670834,6543.777942744908,0.0,0.0,0.0
2025-01-26,53,7285.5238,2025-01-26T08:50:00,2025-01-26T08:40:00,08:50:00,27,BB,3540.7874,08:50:00,27,BB,1.2843,08:50:00,27,BB,1.043,1214.2539666666667,590.1312333333334,3744.7364,624.1227333333333,2025-01-26T08:50:00,2025-01-26 00:00:00,2025-01-26 00:00:00,2025-01-26T08:50:00,2025-01-26T08:50:00,1.043,1143.6145836831322,496.71985464013295,-7.310625495749203,1136.303958187383,496.71985464013295,0,0.8,evening_hedge,1200.0,1200.0,0.0,0.0,639.5841035472499,6417.584923721917,5706.935919780528,0.0,0.0,0.0,624.1227333333333,0.0,0.0,0.0,0.0,6543.777942744908,5850.308239041204,0.0,0.0,0.0
2025-01-26,54,7105.67,2025-01-26T09:00:00,2025-01-26T08:50:00,09:00:00,27,BC,3724.7625,09:00:00,27,BC,1.2435,09:00:00,27,BC,1.036,1184.2783333333334,620.7937499999999,3380.9075000000003,563.4845833333335,2025-01-26T09:00:00,2025-01-26 00:00:00,2025-01-26 00:00:00,2025-01-26T09:00:00,2025-01-26T09:00:00,1.036,1166.4941909767706,542.1971787924123,-7.310625495749203,1159.1835654810213,542.1971787924123,0,0.8,evening_hedge,1200.0,1200.0,0.0,0.0,616.9863866886091,5706.935919780528,5021.395490126518,0.0,0.0,0.0,563.4845833333335,0.0,0.0,0.0,0.0,5850.308239041204,5224.214257559722,0.0,0.0,0.0
2025-01-26,55,7211.8964,2025-01-26T09:10:00,2025-01-26T09:00:00,09:10:00,27,BD,4030.9373,09:10:00,27,BD,1.2241,09:10:00,27,BD,1.0147,1201.9827333333333,671.8228833333334,3180.9590999999996,530.1598499999999,2025-01-26T09:10:00,2025-01-26 00:00:00,2025-01-26 00:00:00,2025-01-26T09:10:00,2025-01-26T09:10:00,1.0147,1196.8573503695993,588.055783659948,3.7187375568838155,1200.576087926483,588.055783659948,0,0.8,evening_hedge,1200.0,1200.0,0.0,0.0,612.520304266535,5021.395490126518,4340.817374274812,0.0,0.0,0.0,530.1598499999999,0.0,0.0,0.0,0.0,5224.214257559722,4635.147757559722,0.0,0.0,0.0
2025-01-26,56,7248.4039,2025-01-26T09:20:00,2025-01-26T09:10:00,09:20:00,27,BE,4385.3183,09:20:00,27,BE,1.1924,09:20:00,27,BE,0.9922,1208.0673166666668,730.8863833333334,2863.0856000000003,477.1809333333334,2025-01-26T09:20:00,2025-01-26 00:00:00,2025-01-26 00:00:00,2025-01-26T09:20:00,2025-01-26T09:20:00,0.9922,1192.3940666976791,633.9490100196214,3.7187375568838155,1196.112804254563,633.9490100196214,0,0.8,evening_hedge,1200.0,1200.0,0.0,0.0,562.1637942349415,4340.817374274812,3716.1909362359884,0.0,0.0,0.0,477.1809333333334,0.0,0.0,0.0,0.0,4635.147757559722,4104.946720522685,0.0,0.0,0.0
2025-01-26,57,7148.44,2025-01-26T09:30:00,2025-01-26T09:20:00,09:30:00,27,BF,4702.95,09:30:00,27,BF,1.1515,09:30:00,27,BF,0.97,1191.4066666666665,783.8249999999999,2445.49,407.5816666666666,2025-01-26T09:30:00,2025-01-26 00:00:00,2025-01-26 00:00:00,2025-01-26T09:30:00,2025-01-26T09:30:00,0.97,1163.281251685833,679.518075305649,3.7187375568838155,1166.9999892427168,679.518075305649,0,0.8,evening_hedge,1200.0,1200.0,0.0,0.0,487.4819139370678,3716.1909362359884,3174.5443651948017,0.0,0.0,0.0,407.5816666666666,0.0,0.0,0.0,0.0,4104.946720522685,3652.078202004166,0.0,0.0,0.0
2025-01-26,58,7178.7695,2025-01-26T09:40:00,2025-01-26T09:30:00,09:40:00,27,BG,4941.3036,09:40:00,27,BG,1.1509,09:40:00,27,BG,0.9422,1196.4615833333335,823.5506,2237.4659,372.91098333333343,2025-01-26T09:40:00,2025-01-26 00:00:00,2025-01-26 00:00:00,2025-01-26T09:40:00,2025-01-26T09:40:00,0.9422,1159.455449748099,724.3961272663237,3.7187375568838155,1163.1741873049828,724.3961272663237,0,0.8,evening_hedge,1200.0,1200.0,438.7780600386591,0.0,0.0,3174.5443651948017,3174.5443651948017,0.0,0.0,65.86707670532564,0.0,0.0,0.0,0.0,0.0,3652.078202004166,3711.3585710389593,413.4166881684246,0.0,413.4166881684246
2025-01-26,59,7147.823,2025-01-26T09:50:00,2025-01-26T09:40:00,09:50:00,27,BH,4970.6734,09:50:00,27,BH,1.2458,09:50:00,27,BH,0.9569,1191.3038333333334,828.4455666666667,2177.1496000000006,362.85826666666674,2025-01-26T09:50:00,2025-01-26 00:00:00,2025-01-26 00:00:00,2025-01-26T09:50:00,2025-01-26T09:50:00,0.9569,1182.7064968808577,768.2124807287056,3.7187375568838155,1186.4252344377414,768.2124807287056,0,0.8,evening_hedge,1200.0,1200.0,0.0,0.0,418.21275370903584,3174.5443651948017,2709.8635277403173,0.0,0.0,0.0,362.85826666666674,0.0,0.0,0.0,0.0,3711.3585710389593,3308.1827191871075,0.0,0.0,0.0
2025-01-26,60,7083.24,2025-01-26T10:00:00,2025-01-26T09:50:00,10:00:00,27,BI,4960.8,10:00:00,27,BI,1.372,10:00:00,27,BI,0.9977,1180.54,826.8000000000001,2122.4399999999996,353.7399999999999,2025-01-26T10:00:00,2025-01-26 00:00:00,2025-01-26 00:00:00,2025-01-26T10:00:00,2025-01-26T10:00:00,0.9977,1193.848262644302,810.596978402007,3.7187375568838155,1197.5670002011857,810.596978402007,0,0.8,evening_hedge,1200.0,1200.0,0.0,0.0,386.97002179917865,2709.8635277403173,2279.896836852341,0.0,0.0,0.0,353.7399999999999,0.0,0.0,0.0,0.0,3308.1827191871075,2915.1382747426633,0.0,0.0,0.0
2025-01-26,61,7200.7589,2025-01-26T10:10:00,2025-01-26T10:00:00,10:10:00,27,BJ,5250.0225,10:10:00,27,BJ,1.3876,10:10:00,27,BJ,0.9919,1200.1264833333332,875.00375,1950.7363999999998,325.12273333333326,2025-01-26T10:10:00,2025-01-26 00:00:00,2025-01-26 00:00:00,2025-01-26T10:10:00,2025-01-26T10:10:00,0.9919,1155.119172657529,851.1844141990105,32.27892896974421,1187.398101627273,851.1844141990105,0,0.8,evening_hedge,1200.0,1200.0,0.0,0.0,336.2136874282626,2279.896836852341,1906.3260730431602,0.0,0.0,0.0,325.12273333333326,0.0,0.0,0.0,0.0,2915.1382747426633,2553.890793261182,0.0,0.0,0.0
2025-01-26,62,7140.1234,2025-01-26T10:20:00,2025-01-26T10:10:00,10:20:00,27,BK,5572.6935,10:20:00,27,BK,1.327,10:20:00,27,BK,0.9588,1190.0205666666668,928.7822500000001,1567.4299,261.2383166666667,2025-01-26T10:20:00,2025-01-26 00:00:00,2025-01-26 00:00:00,2025-01-26T10:20:00,2025-01-26T10:20:00,0.9588,1143.854067247652,889.6189560601744,32.27892896974421,1176.132996217396,889.6189560601744,0,0.8,evening_hedge,1200.0,1200.0,0.0,0.0,286.51404015722176,1906.3260730431602,1587.977139535136,0.0,0.0,0.0,261.2383166666667,0.0,0.0,0.0,0.0,2553.890793261182,2263.6259969648854,0.0,0.0,0.0
2025-01-26,63,6999.44,2025-01-26T10:30:00,2025-01-26T10:20:00,10:30:00,27,BL,5726.1375,10:30:00,27,BL,1.3136,10:30:00,27,BL,0.9549,1166.5733333333333,954.3562499999999,1273.3024999999998,212.21708333333333,2025-01-26T10:30:00,2025-01-26 00:00:00,2025-01-26 00:00:00,2025-01-26T10:30:00,2025-01-26T10:30:00,0.9549,1173.2925665509197,925.5585047557829,32.27892896974421,1205.5714955206638,925.5585047557829,0,0.8,evening_hedge,1200.0,1200.0,187.3609868103673,0.0,92.6520039545136,1587.977139535136,1485.0304684745654,0.0,0.0,0.0,24.856096522966027,0.0,0.0,0.0,0.0,2263.6259969648854,2236.0081119393676,178.91100630521973,0.0,178.91100630521973
2025-01-26,64,7201.8835,2025-01-26T10:40:00,2025-01-26T10:30:00,10:40:00,27,BM,5752.2131,10:40:00,27,BM,1.395,10:40:00,27,BM,0.9839,1200.3139166666667,958.7021833333333,1449.6704,241.6117333333334,2025-01-26T10:40:00,2025-01-26 00:00:00,2025-01-26 00:00:00,2025-01-26T10:40:00,2025-01-26T10:40:00,0.9839,1182.9274182872723,958.6789256299077,32.27892896974421,1215.2063472570164,958.6789256299077,0,0.8,evening_hedge,1200.0,1200.0,0.0,0.0,256.52742162710877,1485.0304684745654,1200.0,0.0,0.0,0.0,241.6117333333334,0.0,0.0,0.0,0.0,2236.0081119393676,1967.550630457886,0.0,0.0,0.0
2025-01-26,65,7090.4166,2025-01-26T10:50:00,2025-01-26T10:40:00,10:50:00,27,BN,5796.5841,10:50:00,27,BN,1.1666,10:50:00,27,BN,0.799,1181.7360999999999,966.09735,1293.8324999999995,215.63874999999985,2025-01-26T10:50:00,2025-01-26 00:00:00,2025-01-26 00:00:00,2025-01-26T10:50:00,2025-01-26T10:50:00,0.799,1188.1228310463414,988.6780917321844,32.27892896974421,1220.4017600160855,988.6780917321844,0,0.8,evening_hedge,1200.0,1200.0,231.72366828390113,0.0,0.0,1200.0,1200.0,0.0,0.0,16.08491828390129,0.0,0.0,0.0,0.0,0.0,1967.550630457886,1982.0270569133972,185.147210958837,0.0,185.147210958837
2025-01-26,66,6728.9,2025-01-26T11:00:00,2025-01-26T10:50:00,11:00:00,27,BO,5930.5875,11:00:00,27,BO,0.7551,11:00:00,27,BO,0.5025,1121.4833333333333,988.43125,798.3125,133.05208333333337,2025-01-26T11:00:00,2025-01-26 00:00:00,2025-01-26 00:00:00,2025-01-26T11:00:00,2025-01-26T11:00:00,0.5025,1181.787159823971,1015.2796792390611,32.27892896974421,1214.0660887937152,1015.2796792390611,0,0.8,evening_hedge,1200.0,1200.0,1032.1197428879873,833.3333333333333,0.0,1200.0,1950.0,0.0,1.0,833.3333333333334,0.0,0.0,65.73432622132066,65.73432622132066,0.0,1982.0270569133972,2732.0270569133972,518.6401708012136,0.0,518.6401708012136
2025-01-26,67,6864.4274,2025-01-26T11:10:00,2025-01-26T11:00:00,11:10:00,27,BP,6081.515,11:10:00,27,BP,0.7166,11:10:00,27,BP,0.4662,1144.0712333333333,1013.5858333333334,782.9123999999993,130.4853999999999,2025-01-26T11:10:00,2025-01-26 00:00:00,2025-01-26 00:00:00,2025-01-26T11:10:00,2025-01-26T11:10:00,0.4662,1140.5375144369548,1038.2366594588727,70.03801619349056,1210.5755306304454,1038.2366594588727,0,0.8,evening_hedge,1200.0,1200.0,1005.672204504906,833.3333333333333,0.0,1950.0,2700.0,0.0,1.0,833.3333333333334,0.0,0.0,41.85347117157278,41.85347117157278,0.0,2732.0270569133972,3482.0270569133972,468.84438174018715,0.0,468.84438174018715
2025-01-26,68,7011.2867,2025-01-26T11:20:00,2025-01-26T11:10:00,11:20:00,27,BQ,6009.6757,11:20:00,27,BQ,0.7603,11:20:00,27,BQ,0.5007,1168.5477833333332,1001.6126166666667,1001.6109999999999,166.93516666666653,2025-01-26T11:20:00,2025-01-26 00:00:00,2025-01-26 00:00:00,2025-01-26T11:20:00,2025-01-26T11:20:00,0.5007,1140.754614184418,1057.334435992983,70.03801619349056,1210.7926303779086,1057.334435992983,0,0.8,evening_hedge,1200.0,1200.0,986.791527718259,833.3333333333333,0.0,2700.0,3450.0,0.0,1.0,819.8563610515923,0.0,0.0,0.0,0.0,0.0,3482.0270569133972,4219.8977818598305,494.0865179285323,0.0,494.0865179285323
2025-01-26,69,6926.72,2025-01-26T11:30:00,2025-01-26T11:20:00,11:30:00,27,BR,5836.1625,11:30:00,27,BR,0.7201,11:30:00,27,BR,0.4827,1154.4533333333334,972.69375,1090.5575,181.75958333333335,2025-01-26T11:30:00,2025-01-26 00:00:00,2025-01-26 00:00:00,2025-01-26T11:30:00,2025-01-26T11:30:00,0.4827,1173.6204713197847,1072.393580721763,70.03801619349056,1243.6584875132753,1072.393580721763,0,0.8,evening_hedge,1200.0,1200.0,1004.5982401248455,833.3333333333333,0.0,3450.0,4200.0,0.0,1.0,822.8386567915122,0.0,0.0,0.0,0.0,0.0,4219.8977818598305,4960.452572972192,484.91957050826295,0.0,484.91957050826295
2025-01-26,70,6851.8199,2025-01-26T11:40:00,2025-01-26T11:30:00,11:40:00,27,BS,5924.7996,11:40:00,27,BS,0.728,11:40:00,27,BS,0.4785,1141.9699833333334,987.4666000000001,927.0203000000001,154.50338333333332,2025-01-26T11:40:00,2025-01-26 00:00:00,2025-01-26 00:00:00,2025-01-26T11:40:00,2025-01-26T11:40:00,0.4785,1153.0547378681556,1083.2721281193676,70.03801619349056,1223.0927540616462,1083.2721281193676,0,0.8,evening_hedge,1200.0,1200.0,973.1539592756119,833.3333333333333,0.0,4200.0,4950.0,0.0,1.0,818.6505759422785,0.0,0.0,0.0,0.0,0.0,4960.452572972192,5697.238091320242,465.6541695133803,0.0,465.6541695133803
2025-01-26,71,6722.5178,2025-01-26T11:50:00,2025-01-26T11:40:00,11:50:00,27,BT,6015.0132,11:50:00,27,BT,0.735,11:50:00,27,BT,0.4662,1120.4196333333332,1002.5022,707.5045999999993,117.91743333333318,2025-01-26T11:50:00,2025-01-26 00:00:00,2025-01-26 00:00:00,2025-01-26T11:50:00,2025-01-26T11:50:00,0.4662,1123.4860373931988,1089.8673938827526,70.03801619349056,1193.5240535866894,1089.8673938827526,0,0.8,evening_hedge,1200.0,1200.0,936.9899930372701,833.3333333333333,0.0,4950.0,5700.0,0.0,1.0,819.072559703937,0.0,0.0,0.0,0.0,0.0,5697.238091320242,6434.403395053786,436.82473475397535,0.0,436.82473475397535
2025-01-26,72,6572.18,2025-01-26T12:00:00,2025-01-26T11:50:00,12:00:00,27,BU,5924.4,12:00:00,27,BU,0.7126,12:00:00,27,BU,0.4432,1095.3633333333335,987.4,647.7800000000007,107.96333333333348,2025-01-26T12:00:00,2025-01-26 00:00:00,2025-01-26 00:00:00,2025-01-26T12:00:00,2025-01-26T12:00:00,0.4432,1097.9833353913464,1092.1172908852693,70.03801619349056,1168.021351584837,1092.1172908852693,0,0.8,evening_hedge,1200.0,1200.0,909.237394032901,833.3333333333333,0.0,5700.0,6450.0,0.0,1.0,801.2740606995674,0.0,0.0,0.0,0.0,0.0,6434.403395053786,7155.5500496833965,402.9740130353817,0.0,402.9740130353817
2025-01-26,73,6548.9194,2025-01-26T12:10:00,2025-01-26T12:00:00,12:10:00,27,BV,5721.8894,12:10:00,27,BV,0.7032,12:10:00,27,BV,0.4411,1091.4865666666667,953.6482333333333,827.0299999999997,137.83833333333337,2025-01-26T12:10:00,2025-01-26 00:00:00,2025-01-26 00:00:00,2025-01-26T12:10:00,2025-01-26T12:10:00,0.4411,1048.8235474688686,1090.0011229214012,79.60364274934987,1128.4271902182184,1090.0011229214012,0,0.8,evening_hedge,1200.0,1200.0,871.7594006301504,833.3333333333333,0.0,6450.0,7200.0,0.0,1.0,733.921067296817,0.0,0.0,0.0,0.0,0.0,7155.5500496833965,7816.079010250532,384.5330716179593,0.0,384.5330716179593
2025-01-26,74,6544.766,2025-01-26T12:20:00,2025-01-26T12:10:00,12:20:00,27,BW,5523.8424,12:20:00,27,BW,0.7485,12:20:00,27,BW,0.4551,1090.7943333333333,920.6404000000001,1020.9235999999992,170.15393333333316,2025-01-26T12:20:00,2025-01-26 00:00:00,2025-01-26 00:00:00,2025-01-26T12:20:00,2025-01-26T12:20:00,0.4551,1041.5813319213648,1083.5398444776613,79.60364274934987,1121.1849746707146,1083.5398444776613,0,0.8,evening_hedge,1200.0,1200.0,870.9784635263866,833.3333333333333,0.0,7200.0,7950.0,0.0,1.0,700.8245301930533,0.0,0.0,0.0,0.0,0.0,7816.079010250532,8446.82108742428,396.3822987508585,0.0,396.3822987508585
2025-01-26,75,6489.0,2025-01-26T12:30:00,2025-01-26T12:20:00,12:30:00,27,BX,5383.6875,12:30:00,27,BX,0.7614,12:30:00,27,BX,0.4463,1081.5,897.28125,1105.3125,184.21875,2025-01-26T12:30:00,2025-01-26 00:00:00,2025-01-26 00:00:00,2025-01-26T12:30:00,2025-01-26T12:30:00,0.4463,1067.0638092995084,1072.7957827210541,79.60364274934987,1146.6674520488582,1072.7957827210541,0,0.8,evening_hedge,1200.0,1200.0,907.2050026611373,833.3333333333333,0.0,7950.0,8700.0,0.0,1.0,722.9862526611373,0.0,0.0,0.0,0.0,0.0,8446.82108742428,9097.508714819303,404.88559268766556,0.0,404.88559268766556
2025-01-26,76,6434.0775,2025-01-26T12:40:00,2025-01-26T12:30:00,12:40:00,27,BY,5279.5415,12:40:00,27,BY,0.6478,12:40:00,27,BY,0.4113,1072.34625,879.9235833333333,1154.536,192.42266666666671,2025-01-26T12:40:00,2025-01-26 00:00:00,2025-01-26 00:00:00,2025-01-26T12:40:00,2025-01-26T12:40:00,0.4113,1054.1712280277366,1057.8718259133348,79.60364274934987,1133.7748707770863,1057.8718259133348,0,0.8,evening_hedge,1200.0,1200.0,909.2363781970848,833.3333333333333,0.0,8700.0,9450.0,0.0,1.0,716.813711530418,0.0,0.0,0.0,0.0,0.0,9097.508714819303,9742.64105519668,373.968922352461,0.0,373.968922352461
2025-01-26,77,6501.8355,2025-01-26T12:50:00,2025-01-26T12:40:00,12:50:00,27,BZ,5180.5962,12:50:00,27,BZ,0.7753,12:50:00,27,BZ,0.5682,1083.63925,863.4327,1321.2393000000002,220.20655,2025-01-26T12:50:00,2025-01-26 00:00:00,2025-01-26 00:00:00,2025-01-26T12:50:00,2025-01-26T12:50:00,0.5682,1074.3118702770903,1038.9100904081963,79.60364274934987,1153.91551302644,1038.9100904081963,0,0.8,evening_hedge,1200.0,1200.0,948.338755951577,833.3333333333333,0.0,9450.0,10200.0,0.0,1.0,728.1322059515771,0.0,0.0,0.0,0.0,0.0,9742.64105519668,10397.9600405531,538.8460811316861,0.0,538.8460811316861
2025-01-26,78,6595.33,2025-01-26T13:00:00,2025-01-26T12:50:00,13:00:00,27,CA,5137.6875,13:00:00,27,CA,1.076,13:00:00,27,CA,0.8279,1099.2216666666666,856.28125,1457.6425,242.94041666666658,2025-01-26T13:00:00,2025-01-26 00:00:00,2025-01-26 00:00:00,2025-01-26T13:00:00,2025-01-26T13:00:00,0.8279,1119.6210019027128,1016.0900861421359,79.60364274934987,1199.2246446520626,1016.0900861421359,0,0.8,evening_hedge,1200.0,1200.0,183.1345585099267,0.0,0.0,10200.0,10200.0,0.0,0.0,0.0,59.80585815673999,0.0,0.0,0.0,0.0,10397.9600405531,10331.509087045612,151.6171009903683,0.0,151.6171009903683
2025-01-26,79,6510.4485,2025-01-26T13:10:00,2025-01-26T13:00:00,13:10:00,27,CB,5234.2792,13:10:00,27,CB,1.1008,13:10:00,27,CB,0.8636,1085.07475,872.3798666666667,1276.1693000000005,212.69488333333334,2025-01-26T13:10:00,2025-01-26 00:00:00,2025-01-26 00:00:00,2025-01-26T13:10:00,2025-01-26T13:10:00,0.8636,1106.1964593392515,989.6264079640866,40.935169623415334,1147.1316289626668,989.6264079640866,0,0.8,evening_hedge,1200.0,1200.0,157.50522099858017,0.0,0.0,10200.0,10200.0,0.0,0.0,0.0,55.189662334753166,0.0,0.0,0.0,0.0,10331.509087045612,10270.187240006997,136.02150885437385,0.0,136.02150885437385
2025-01-26,80,6536.379,2025-01-26T13:20:00,2025-01-26T13:10:00,13:20:00,27,CC,5355.0476,13:20:00,27,CC,1.0711,13:20:00,27,CC,0.8416,1089.3965,892.5079333333333,1181.3314,196.88856666666675,2025-01-26T13:20:00,2025-01-26 00:00:00,2025-01-26 00:00:00,2025-01-26T13:20:00,2025-01-26T13:20:00,0.8416,1105.5484509729295,959.7659871451364,40.935169623415334,1146.4836205963447,959.7659871451364,0,0.8,evening_hedge,1200.0,1200.0,186.71763345120837,0.0,0.0,10200.0,10200.0,0.0,0.0,0.0,10.17093321545849,0.0,0.0,0.0,0.0,10270.187240006997,10258.886203100932,157.14156031253697,0.0,157.14156031253697
2025-01-26,81,6678.91,2025-01-26T13:30:00,2025-01-26T13:20:00,13:30:00,27,CD,5403.0,13:30:00,27,CD,1.1028,13:30:00,27,CD,0.8618,1113.1516666666666,900.5,1275.9099999999999,212.65166666666664,2025-01-26T13:30:00,2025-01-26 00:00:00,2025-01-26 00:00:00,2025-01-26T13:30:00,2025-01-26T13:30:00,0.8618,1129.632469402008,926.7849438563896,40.935169623415334,1170.5676390254232,926.7849438563896,0,0.8,evening_hedge,1200.0,1200.0,243.78269516903356,0.0,0.0,10200.0,10200.0,0.0,0.0,31.131028502366917,0.0,0.0,0.0,0.0,0.0,10258.886203100932,10286.904128753062,210.0919266966731,0.0,210.0919266966731
2025-01-26,82,6638.954,2025-01-26T13:40:00,2025-01-26T13:30:00,13:40:00,27,CE,5342.8487,13:40:00,27,CE,1.0911,13:40:00,27,CE,0.8623,1106.4923333333334,890.4747833333332,1296.1053000000002,216.01755000000014,2025-01-26T13:40:00,2025-01-26 00:00:00,2025-01-26 00:00:00,2025-01-26T13:40:00,2025-01-26T13:40:00,0.8623,1115.0591480954488,890.9850871978016,40.935169623415334,1155.994317718864,890.9850871978016,0,0.8,evening_hedge,1200.0,1200.0,265.0092305210625,0.0,0.0,10200.0,10200.0,0.0,0.0,48.991680521062335,0.0,0.0,0.0,0.0,0.0,10286.904128753062,10330.996641222018,228.51745947831216,0.0,228.51745947831216
2025-01-26,83,6533.0109,2025-01-26T13:50:00,2025-01-26T13:40:00,13:50:00,27,CF,5117.6526,13:50:00,27,CF,1.1579,13:50:00,27,CF,0.9026,1088.83515,852.9421000000001,1415.3582999999999,235.89305000000002,2025-01-26T13:50:00,2025-01-26 00:00:00,2025-01-26 00:00:00,2025-01-26T13:50:00,2025-01-26T13:50:00,0.9026,1094.1452032493962,852.6901144121618,40.935169623415334,1135.0803728728115,852.6901144121618,0,0.8,evening_hedge,1200.0,1200.0,282.39025846064965,0.0,0.0,10200.0,10200.0,0.0,-0.0,46.49720846064952,0.0,0.0,0.0,0.0,0.0,10330.996641222018,10372.844128836603,254.88544728658235,0.0,254.88544728658235
2025-01-26,84,6537.31,2025-01-26T14:00:00,2025-01-26T13:50:00,14:00:00,27,CG,4830.075,14:00:00,27,CG,1.3079,14:00:00,27,CG,0.9754,1089.5516666666667,805.0124999999999,1707.2350000000006,284.5391666666668,2025-01-26T14:00:00,2025-01-26 00:00:00,2025-01-26 00:00:00,2025-01-26T14:00:00,2025-01-26T14:00:00,0.9754,1086.8155771068232,812.2415651469993,40.935169623415334,1127.7507467302385,812.2415651469993,0,0.8,evening_hedge,1200.0,1200.0,0.0,0.0,315.5091815832392,10200.0,9849.434242685289,0.0,0.0,0.0,284.5391666666668,0.0,0.0,0.0,0.0,10372.844128836603,10056.689499206974,0.0,0.0,0.0
2025-01-26,85,6699.2269,2025-01-26T14:10:00,2025-01-26T14:00:00,14:10:00,27,CH,4659.9127,14:10:00,27,CH,1.3976,14:10:00,27,CH,1.0002,1116.5378166666667,776.6521166666666,2039.3141999999998,339.88570000000004,2025-01-26T14:10:00,2025-01-26 00:00:00,2025-01-26 00:00:00,2025-01-26T14:10:00,2025-01-26T14:10:00,1.0002,1079.3034182894587,769.9945899674581,11.353688471328837,1090.6571067607874,769.9945899674581,0,0.8,evening_hedge,1200.0,1200.0,0.0,0.0,320.66251679332936,9849.434242685289,9493.142557359368,0.0,0.0,0.0,339.88570000000004,0.0,0.0,0.0,0.0,10056.689499206974,9679.038721429197,0.0,0.0,0.0
2025-01-26,86,6754.1937,2025-01-26T14:20:00,2025-01-26T14:10:00,14:20:00,27,CI,4442.815,14:20:00,27,CI,1.3991,14:20:00,27,CI,0.9978,1125.69895,740.4691666666666,2311.3787,385.22978333333333,2025-01-26T14:20:00,2025-01-26 00:00:00,2025-01-26 00:00:00,2025-01-26T14:20:00,2025-01-26T14:20:00,0.9978,1072.5650254154034,726.313594724196,11.353688471328837,1083.9187138867323,726.313594724196,0,0.8,evening_hedge,1200.0,1200.0,0.0,0.0,357.6051191625363,9493.142557359368,9095.80353606766,0.0,0.0,0.0,385.22978333333333,0.0,0.0,0.0,0.0,9679.038721429197,9251.005628836605,0.0,0.0,0.0
2025-01-26,87,6560.6,2025-01-26T14:30:00,2025-01-26T14:20:00,14:30:00,27,CJ,4163.6625,14:30:00,27,CJ,1.3938,14:30:00,27,CJ,1.0271,1093.4333333333334,693.94375,2396.9375,399.48958333333337,2025-01-26T14:30:00,2025-01-26 00:00:00,2025-01-26 00:00:00,2025-01-26T14:30:00,2025-01-26T14:30:00,1.0271,1067.9086364221123,681.5678238066538,11.353688471328837,1079.262324893441,681.5678238066538,0,0.8,evening_hedge,1200.0,1200.0,0.0,0.0,397.6945010867872,9095.80353606766,8653.920757082342,0.0,0.0,0.0,399.48958333333337,0.0,0.0,0.0,0.0,9251.005628836605,8807.12831402179,0.0,0.0,0.0
2025-01-26,88,6244.0654,2025-01-26T14:40:00,2025-01-26T14:30:00,14:40:00,27,CK,3960.095,14:40:00,27,CK,1.4409,14:40:00,27,CK,1.0906,1040.6775666666667,660.0158333333333,2283.9704000000006,380.6617333333335,2025-01-26T14:40:00,2025-01-26 00:00:00,2025-01-26 00:00:00,2025-01-26T14:40:00,2025-01-26T14:40:00,1.0906,1066.3242584347965,636.1269457443276,11.353688471328837,1077.6779469061253,636.1269457443276,0,0.8,evening_hedge,1200.0,1200.0,0.0,0.0,441.55100116179767,8653.920757082342,8163.308533569233,0.0,0.0,0.0,380.6617333333335,0.0,0.0,0.0,0.0,8807.12831402179,8384.170832540307,0.0,0.0,0.0
2025-01-26,89,6177.8737,2025-01-26T14:50:00,2025-01-26T14:40:00,14:50:00,27,CL,3648.2948,14:50:00,27,CL,1.2231,14:50:00,27,CL,0.9376,1029.6456166666667,608.0491333333333,2529.5789,421.59648333333337,2025-01-26T14:50:00,2025-01-26 00:00:00,2025-01-26 00:00:00,2025-01-26T14:50:00,2025-01-26T14:50:00,0.9376,1080.8453943254042,590.3567040539488,11.353688471328837,1092.199082796733,590.3567040539488,0,0.8,evening_hedge,1200.0,1200.0,0.0,0.0,501.84237874278415,8163.308533569233,7605.705890521695,0.0,0.0,0.0,421.59648333333337,0.0,0.0,0.0,0.0,8384.170832540307,7915.73029550327,0.0,0.0,0.0
2025-01-26,90,6348.59,2025-01-26T15:00:00,2025-01-26T14:50:00,15:00:00,27,CM,3322.4625,15:00:00,27,CM,0.8793,15:00:00,27,CM,0.6694,1058.0983333333334,553.74375,3026.1275,504.3545833333334,2025-01-26T15:00:00,2025-01-26 00:00:00,2025-01-26 00:00:00,2025-01-26T15:00:00,2025-01-26T15:00:00,0.6694,1090.1643242092912,544.6146946821609,11.353688471328837,1101.51801268062,544.6146946821609,0,0.8,evening_hedge,1200.0,1200.0,1390.2366513317922,833.3333333333333,0.0,7605.705890521695,8355.705890521695,0.0,1.0,833.3333333333334,0.0,0.0,52.54873466512538,52.54873466512538,0.0,7915.73029550327,8665.73029550327,930.6244144015017,0.0,930.6244144015017
2025-01-26,91,6409.0876,2025-01-26T15:10:00,2025-01-26T15:00:00,15:10:00,27,CN,3269.7712,15:10:00,27,CN,0.8918,15:10:00,27,CN,0.66,1068.1812666666667,544.9618666666667,3139.3163999999997,523.2194000000001,2025-01-26T15:10:00,2025-01-26 00:00:00,2025-01-26 00:00:00,2025-01-26T15:10:00,2025-01-26T15:10:00,0.66,1056.6158114166328,499.24632889094795,0.8372538886293254,1057.453065305262,499.24632889094795,0,0.8,evening_hedge,1200.0,1200.0,1391.5400697476473,833.3333333333333,0.0,8355.705890521695,9105.705890521695,0.0,1.0,833.3333333333334,0.0,0.0,34.98733641431397,34.98733641431397,0.0,8665.73029550327,9415.73029550327,918.4164460334473,0.0,918.4164460334473
2025-01-26,92,6455.315,2025-01-26T15:20:00,2025-01-26T15:10:00,15:20:00,27,CO,3124.0471,15:20:00,27,CO,0.9318,15:20:00,27,CO,0.7217,1075.8858333333333,520.6745166666666,3331.2679,555.2113166666667,2025-01-26T15:20:00,2025-01-26 00:00:00,2025-01-26 00:00:00,2025-01-26T15:20:00,2025-01-26T15:20:00,0.7217,1025.0197733187774,454.5810370218665,0.8372538886293254,1025.8570272074066,454.5810370218665,0,0.8,evening_hedge,1200.0,1200.0,1404.6093235188735,833.3333333333333,0.0,9105.705890521695,9855.705890521695,0.0,1.0,833.3333333333334,0.0,0.0,16.06467351887352,16.06467351887352,0.0,9415.73029550327,10165.73029550327,1013.706548783571,0.0,1013.706548783571
2025-01-26,93,6519.47,2025-01-26T15:30:00,2025-01-26T15:20:00,15:30:00,27,CP,2777.55,15:30:00,27,CP,0.8725,15:30:00,27,CP,0.7308,1086.5783333333334,462.925,3741.92,623.6533333333334,2025-01-26T15:30:00,2025-01-26 00:00:00,2025-01-26 00:00:00,2025-01-26T15:30:00,2025-01-26T15:30:00,0.7308,1023.5151904810446,410.9287643149938,0.8372538886293254,1024.3524443696738,410.9287643149938,0,0.8,evening_hedge,1200.0,1200.0,1446.757013388013,833.3333333333333,0.0,9855.705890521695,10605.705890521695,0.0,1.0,704.7441161074777,0.0,0.0,118.35956394720199,118.35956394720199,0.0,10165.73029550327,10800.0,1057.29002538396,0.0,1057.29002538396
2025-01-26,94,6493.2366,2025-01-26T15:40:00,2025-01-26T15:30:00,15:40:00,27,CQ,2478.6093,15:40:00,27,CQ,0.9206,15:40:00,27,CQ,0.7534,1082.2061,413.10155000000003,4014.6273,669.10455,2025-01-26T15:40:00,2025-01-26 00:00:00,2025-01-26 00:00:00,2025-01-26T15:40:00,2025-01-26T15:40:00,0.7534,1040.7773153051348,368.57680492322186,0.8372538886293254,1041.614569193764,368.57680492322186,0,0.8,evening_hedge,1200.0,1200.0,888.920108135326,215.88234386478385,0.0,10605.705890521695,10800.0,0.0,0.9999999999999931,0.0,0.0,0.0,219.815558135326,219.815558135326,0.0,10800.0,10800.0,669.7124094691546,0.0,669.7124094691546
2025-01-26,95,6423.1929,2025-01-26T15:50:00,2025-01-26T15:40:00,15:50:00,27,CR,2199.6109,15:50:00,27,CR,0.9765,15:50:00,27,CR,0.7823,1070.53215,366.6018166666667,4223.582,703.9303333333332,2025-01-26T15:50:00,2025-01-26 00:00:00,2025-01-26 00:00:00,2025-01-26T15:50:00,2025-01-26T15:50:00,0.7823,1058.4541471149068,327.7870145383217,0.8372538886293254,1059.291401003536,327.7870145383217,0,0.8,evening_hedge,1200.0,1200.0,731.5043864652143,0.0,0.0,10800.0,10800.0,0.0,0.0,0.0,0.0,0.0,27.5740531318811,27.5740531318811,0.0,10800.0,10800.0,572.2558815317371,0.0,572.2558815317371
2025-01-26,96,6379.48,2025-01-26T16:00:00,2025-01-26T15:50:00,16:00:00,27,CS,1901.325,16:00:00,27,CS,0.9937,16:00:00,27,CS,0.8055,1063.2466666666667,316.8875,4478.155,746.3591666666666,2025-01-26T16:00:00,2025-01-26 00:00:00,2025-01-26 00:00:00,2025-01-26T16:00:00,2025-01-26T16:00:00,0.8055,1056.2935790792217,288.79343572934437,0.8372538886293254,1057.130832967851,288.79343572934437,0,0.8,evening_hedge,1200.0,1200.0,768.3373972385066,0.0,0.0,10800.0,10800.0,0.0,0.0,0.0,0.0,0.0,21.97823057183996,21.97823057183996,0.0,10800.0,10800.0,618.895773475617,0.0,618.895773475617
2025-01-26,97,6379.6147,2025-01-26T16:10:00,2025-01-26T16:00:00,16:10:00,27,CT,1604.6432,16:10:00,27,CT,1.0342,16:10:00,27,CT,0.8271,1063.2691166666666,267.44053333333335,4774.9715,795.8285833333332,2025-01-26T16:10:00,2025-01-26 00:00:00,2025-01-26 00:00:00,2025-01-26T16:10:00,2025-01-26T16:10:00,0.8271,1027.7084108951565,251.80036329309362,69.17176970409231,1096.880180599249,251.80036329309362,0,0.8,evening_hedge,1200.0,1200.0,845.0798173061553,0.0,0.0,10800.0,10800.0,0.0,0.0,0.0,0.0,0.0,49.25123397282209,49.25123397282209,0.0,10800.0,10800.0,698.965516893921,0.0,698.965516893921
2025-01-26,98,6308.7459,2025-01-26T16:20:00,2025-01-26T16:10:00,16:20:00,27,CU,1322.4186,16:20:00,27,CU,1.0631,16:20:00,27,CU,0.8519,1051.45765,220.4031,4986.3273,831.0545500000001,2025-01-26T16:20:00,2025-01-26 00:00:00,2025-01-26 00:00:00,2025-01-26T16:20:00,2025-01-26T16:20:00,0.8519,1020.6825198136263,216.9808697447877,69.17176970409231,1089.8542895177186,216.9808697447877,0,0.8,evening_hedge,1200.0,1200.0,872.8734197729309,0.0,0.0,10800.0,10800.0,0.0,-0.0,0.0,0.0,0.0,41.81886977293084,41.81886977293084,0.0,10800.0,10800.0,743.6008663045599,0.0,743.6008663045599
2025-01-26,99,6237.55,2025-01-26T16:30:00,2025-01-26T16:20:00,16:30:00,27,CV,1057.2375,16:30:00,27,CV,1.0598,16:30:00,27,CV,0.8791,1039.5916666666667,176.20624999999998,5180.3125,863.3854166666667,2025-01-26T16:30:00,2025-01-26 00:00:00,2025-01-26 00:00:00,2025-01-26T16:30:00,2025-01-26T16:30:00,0.8791,1044.0885476682154,184.47580365446973,69.17176970409231,1113.2603173723078,184.47580365446973,0,0.8,evening_hedge,1200.0,1200.0,928.7845137178381,0.0,0.0,10800.0,10800.0,0.0,0.0,0.0,0.0,0.0,65.39909705117134,65.39909705117134,0.0,10800.0,10800.0,816.4944660093514,0.0,816.4944660093514
2025-01-26,100,6346.2556,2025-01-26T16:40:00,2025-01-26T16:30:00,16:40:00,27,CW,799.2803,16:40:00,27,CW,1.0476,16:40:00,27,CW,0.9024,1057.7092666666667,133.21338333333333,5546.9753,924.4958833333334,2025-01-26T16:40:00,2025-01-26 00:00:00,2025-01-26 00:00:00,2025-01-26T16:40:00,2025-01-26T16:40:00,0.9024,1055.2142014177846,154.3932659846237,69.17176970409231,1124.385971121877,154.3932659846237,0,0.8,evening_hedge,1200.0,1200.0,969.9927051372533,0.0,0.0,10800.0,10800.0,0.0,0.0,0.0,0.0,0.0,45.49682180391983,45.49682180391983,0.0,10800.0,10800.0,875.3214171158573,0.0,875.3214171158573
2025-01-26,101,6391.0395,2025-01-26T16:50:00,2025-01-26T16:40:00,16:50:00,27,CX,521.7963,16:50:00,27,CX,1.0618,16:50:00,27,CX,0.9163,1065.17325,86.96605,5869.2432,978.2072000000001,2025-01-26T16:50:00,2025-01-26 00:00:00,2025-01-26 00:00:00,2025-01-26T16:50:00,2025-01-26T16:50:00,0.9163,1019.1582978182596,126.80856203179614,69.17176970409231,1088.330067522352,126.80856203179614,0,0.8,evening_hedge,1200.0,1200.0,961.5215054905559,0.0,0.0,10800.0,10800.0,0.0,0.0,0.0,16.685694509444147,0.0,0.0,0.0,0.0,10800.0,10781.46033943395,881.0421554809964,0.0,881.0421554809964
2025-01-26,102,6280.41,2025-01-26T17:00:00,2025-01-26T16:50:00,17:00:00,27,CY,248.325,17:00:00,27,CY,1.0888,17:00:00,27,CY,0.9264,1046.735,41.387499999999996,6032.085,1005.3474999999999,2025-01-26T17:00:00,2025-01-26 00:00:00,2025-01-26 00:00:00,2025-01-26T17:00:00,2025-01-26T17:00:00,0.9264,974.3203706588007,101.76461914407197,69.17176970409231,1043.492140362893,101.76461914407197,0,0.8,evening_hedge,1200.0,1200.0,941.727521218821,0.0,0.0,10800.0,10800.0,0.0,0.0,0.0,63.619978781178816,0.0,0.0,0.0,0.0,10781.46033943395,10710.77147412153,872.4163756571159,0.0,872.4163756571159
2025-01-26,103,6172.7032,2025-01-26T17:10:00,2025-01-26T17:00:00,17:10:00,27,CZ,52.0281,17:10:00,27,CZ,1.0898,17:10:00,27,CZ,0.9462,1028.7838666666667,8.67135,6120.6750999999995,1020.1125166666667,2025-01-26T17:10:00,2025-01-26 00:00:00,2025-01-26 00:00:00,2025-01-26T17:10:00,2025-01-26T17:10:00,0.9462,993.3579764339456,79.27285319869824,61.76295487524451,1055.1209313091902,79.27285319869824,0,0.8,evening_hedge,1200.0,1200.0,975.8480781104919,0.0,0.0,10800.0,10800.0,0.0,0.0,0.0,44.26443855617481,0.0,0.0,0.0,0.0,10710.77147412153,10661.58876461467,923.3474515081475,0.0,923.3474515081475
2025-01-26,104,6180.7322,2025-01-26T17:20:00,2025-01-26T17:10:00,17:20:00,27,DA,0.0,17:20:00,27,DA,1.1248,17:20:00,27,DA,0.9742,1030.1220333333333,0.0,6180.7322,1030.1220333333333,2025-01-26T17:20:00,2025-01-26 00:00:00,2025-01-26 00:00:00,2025-01-26T17:20:00,2025-01-26T17:20:00,0.9742,1007.2853481323691,59.314459996935526,61.76295487524451,1069.0483030076136,59.314459996935526,0,0.8,evening_hedge,1200.0,1200.0,1009.7338430106781,0.0,0.0,10800.0,10800.0,0.0,0.0,0.0,20.38819032265519,0.0,0.0,0.0,0.0,10661.58876461467,10638.93521981172,983.6827098610025,0.0,983.6827098610025
2025-01-26,105,6360.94,2025-01-26T17:30:00,2025-01-26T17:20:00,17:30:00,27,DB,0.0,17:30:00,27,DB,1.1613,17:30:00,27,DB,0.9862,1060.1566666666665,0.0,6360.94,1060.1566666666665,2025-01-26T17:30:00,2025-01-26 00:00:00,2025-01-26 00:00:00,2025-01-26T17:30:00,2025-01-26T17:30:00,0.9862,1010.9695766307917,41.84210137651798,61.76295487524451,1072.7325315060361,41.84210137651798,0,0.8,evening_hedge,1200.0,1200.0,1030.890430129518,0.0,0.0,10800.0,10800.0,0.0,0.0,0.0,29.266236537148416,0.0,0.0,0.0,0.0,10638.93521981172,10606.417179214888,1016.6641421937308,0.0,1016.6641421937308
2025-01-26,106,6509.0941,2025-01-26T17:40:00,2025-01-26T17:30:00,17:40:00,27,DC,3.0751,17:40:00,27,DC,1.1112,17:40:00,27,DC,0.976,1084.8490166666668,0.5125166666666666,6506.019,1084.3365000000001,2025-01-26T17:40:00,2025-01-26 00:00:00,2025-01-26 00:00:00,2025-01-26T17:40:00,2025-01-26T17:40:00,0.976,1043.7170946720946,26.781950057720756,61.76295487524451,1105.4800495473391,26.781950057720756,0,0.8,evening_hedge,1200.0,1200.0,1078.6980994896185,0.0,0.0,10800.0,10800.0,0.0,0.0,0.0,5.6384005103816435,0.0,0.0,0.0,0.0,10606.417179214888,10600.15228975891,1052.8093451018676,0.0,1052.8093451018676
2025-01-26,107,5626.3481,2025-01-26T17:50:00,2025-01-26T17:40:00,17:50:00,27,DD,0.0,17:50:00,27,DD,1.1297,17:50:00,27,DD,1.0742,937.7246833333334,0.0,5626.3481,937.7246833333334,2025-01-26T17:50:00,2025-01-26 00:00:00,2025-01-26 00:00:00,2025-01-26T17:50:00,2025-01-26T17:50:00,1.0742,934.8793291227632,14.036052118430169,61.76295487524451,996.6422839980078,14.036052118430169,0,0.8,evening_hedge,1200.0,1200.0,982.6062318795776,0.0,-0.0,10800.0,10800.0,0.0,0.0,44.88154854624429,0.0,0.0,0.0,0.0,0.0,10600.15228975891,10640.54568345053,1055.5156142850424,0.0,1055.5156142850424
2025-01-26,108,4326.35,2025-01-26T18:00:00,2025-01-26T17:50:00,18:00:00,27,DE,0.0,18:00:00,27,DE,1.2474,18:00:00,27,DE,1.2313,721.0583333333334,0.0,4326.35,721.0583333333334,2025-01-26T18:00:00,2025-01-26 00:00:00,2025-01-26 00:00:00,2025-01-26T18:00:00,2025-01-26T18:00:00,1.2313,743.5249468251792,3.4849616166357866,61.76295487524451,805.2879017004237,3.4849616166357866,0,0.8,evening_hedge,1200.0,1200.0,801.8029400837879,0.0,-0.0,10800.0,10800.0,0.0,0.0,80.74460675045452,0.0,0.0,0.0,0.0,0.0,10640.54568345053,10713.215829525938,987.2599601251682,0.0,987.2599601251682
2025-01-26,109,4313.8513,2025-01-26T18:10:00,2025-01-26T18:00:00,18:10:00,27,DF,0.2208,18:10:00,27,DF,1.3315,18:10:00,27,DF,1.2561,718.9752166666667,0.0368,4313.6305,718.9384166666667,2025-01-26T18:10:00,2025-01-26 00:00:00,2025-01-26 00:00:00,2025-01-26T18:10:00,2025-01-26T18:10:00,1.2561,720.8972098932968,0.0,44.09092552558529,764.988135418882,0.0,0,0.9,evening_hedge,1200.0,1200.0,764.988135418882,0.0,-0.0,10800.0,10800.0,0.0,0.0,46.04971875221531,0.0,0.0,0.0,0.0,0.0,10713.215829525938,10754.660576402932,960.9015968996578,0.0,960.9015968996578
2025-01-26,110,4475.2435,2025-01-26T18:20:00,2025-01-26T18:10:00,18:20:00,27,DG,0.0,18:20:00,27,DG,1.3475,18:20:00,27,DG,1.2447,745.8739166666666,0.0,4475.2435,745.8739166666666,2025-01-26T18:20:00,2025-01-26 00:00:00,2025-01-26 00:00:00,2025-01-26T18:20:00,2025-01-26T18:20:00,1.2447,757.9355619346223,0.0,44.09092552558529,802.0264874602076,0.0,0,0.9,evening_hedge,1200.0,1200.0,802.0264874602076,0.0,0.0,10800.0,10800.0,0.0,0.0,50.37713733007573,0.0,0.0,5.775433463465298,5.775433463465298,0.0,10754.660576402932,10800.0,998.2823689417203,0.0,998.2823689417203
2025-01-26,111,4336.63,2025-01-26T18:30:00,2025-01-26T18:20:00,18:30:00,27,DH,0.0,18:30:00,27,DH,1.3148,18:30:00,27,DH,1.2545,722.7716666666666,0.0,4336.63,722.7716666666666,2025-01-26T18:30:00,2025-01-26 00:00:00,2025-01-26 00:00:00,2025-01-26T18:30:00,2025-01-26T18:30:00,1.2545,748.3770479208454,0.0,44.09092552558529,792.4679734464306,0.0,0,0.9,evening_hedge,1200.0,1200.0,792.4679734464306,0.0,0.0,10800.0,10800.0,0.0,0.0,0.0,0.0,0.0,69.69630677976397,69.69630677976397,0.0,10800.0,10800.0,994.1510726885472,0.0,994.1510726885472
2025-01-26,112,4518.2502,2025-01-26T18:40:00,2025-01-26T18:30:00,18:40:00,27,DI,0.0159,18:40:00,27,DI,1.2924,18:40:00,27,DI,1.2522,753.0417000000001,0.00265,4518.2343,753.0390500000001,2025-01-26T18:40:00,2025-01-26 00:00:00,2025-01-26 00:00:00,2025-01-26T18:40:00,2025-01-26T18:40:00,1.2522,703.4341320838341,0.0,44.09092552558529,747.5250576094194,0.0,0,0.9,evening_hedge,1200.0,1200.0,747.5250576094194,0.0,0.0,10800.0,10800.0,0.0,0.0,0.0,5.513992390580711,0.0,0.0,0.0,0.0,10800.0,10793.873341788243,936.0508771385149,0.0,936.0508771385149
2025-01-26,113,4585.4478,2025-01-26T18:50:00,2025-01-26T18:40:00,18:50:00,27,DJ,0.0,18:50:00,27,DJ,1.3773,18:50:00,27,DJ,1.2881,764.2413,0.0,4585.4478,764.2413,2025-01-26T18:50:00,2025-01-26 00:00:00,2025-01-26 00:00:00,2025-01-26T18:50:00,2025-01-26T18:50:00,1.2881,714.3885673160986,0.0,44.09092552558529,758.4794928416839,0.0,0,0.9,evening_hedge,1200.0,1200.0,692.0935330435266,0.0,66.38595979815727,10800.0,10726.237822446492,0.0,0.0,0.0,72.14776695647345,0.0,0.0,0.0,0.0,10793.873341788243,10713.709156281051,891.4856799133667,0.0,891.4856799133667
2025-01-26,114,4401.7,2025-01-26T19:00:00,2025-01-26T18:50:00,19:00:00,27,DK,0.0,19:00:00,27,DK,1.5098,19:00:00,27,DK,1.3466,733.6166666666667,0.0,4401.7,733.6166666666667,2025-01-26T19:00:00,2025-01-26 00:00:00,2025-01-26 00:00:00,2025-01-26T19:00:00,2025-01-26T19:00:00,1.3466,757.6059136163103,0.0,44.09092552558529,801.6968391418956,0.0,0,0.9,evening_hedge,1200.0,1200.0,0.0,0.0,801.6968391418956,10726.237822446492,9835.463556733275,0.0,0.0,0.0,733.6166666666667,0.0,0.0,0.0,0.0,10713.709156281051,9898.579526651421,0.0,0.0,0.0
2025-01-26,115,4302.4635,2025-01-26T19:10:00,2025-01-26T19:00:00,19:10:00,27,DL,0.0011,19:10:00,27,DL,1.5277,19:10:00,27,DL,1.3523,717.0772499999999,0.00018333333333333334,4302.462399999999,717.0770666666666,2025-01-26T19:10:00,2025-01-26 00:00:00,2025-01-26 00:00:00,2025-01-26T19:10:00,2025-01-26T19:10:00,1.3523,725.2658936900111,0.0,43.84754166666666,769.1134353566778,0.0,0,0.9,evening_hedge,1200.0,1200.0,0.0,0.0,769.1134353566778,9835.463556733275,8980.893073003634,0.0,0.0,0.0,717.0770666666666,0.0,0.0,0.0,0.0,9898.579526651421,9101.827230355126,0.0,0.0,0.0
2025-01-26,116,4215.1705,2025-01-26T19:20:00,2025-01-26T19:10:00,19:20:00,27,DM,0.0,19:20:00,27,DM,1.5146,19:20:00,27,DM,1.3445,702.5284166666667,0.0,4215.1705,702.5284166666667,2025-01-26T19:20:00,2025-01-26 00:00:00,2025-01-26 00:00:00,2025-01-26T19:20:00,2025-01-26T19:20:00,1.3445,703.9281061555175,0.0,43.84754166666666,747.7756478221842,0.0,0,0.9,evening_hedge,1200.0,1200.0,0.0,0.0,747.7756478221842,8980.893073003634,8150.0312420900955,0.0,0.0,0.0,702.5284166666667,0.0,0.0,0.0,0.0,9101.827230355126,8321.240100725496,0.0,0.0,0.0
2025-01-26,117,4219.54,2025-01-26T19:30:00,2025-01-26T19:20:00,19:30:00,27,DN,0.0,19:30:00,27,DN,1.53,19:30:00,27,DN,1.3483,703.2566666666667,0.0,4219.54,703.2566666666667,2025-01-26T19:30:00,2025-01-26 00:00:00,2025-01-26 00:00:00,2025-01-26T19:30:00,2025-01-26T19:30:00,1.3483,730.2956348461403,0.0,43.84754166666666,774.1431765128069,0.0,0,0.9,evening_hedge,1200.0,1200.0,0.0,0.0,774.1431765128069,8150.0312420900955,7289.872157075865,0.0,0.0,0.0,703.2566666666667,0.0,0.0,0.0,0.0,8321.240100725496,7539.8438044292,0.0,0.0,0.0
2025-01-26,118,4476.5425,2025-01-26T19:40:00,2025-01-26T19:30:00,19:40:00,27,DO,0.0,19:40:00,27,DO,1.5429,19:40:00,27,DO,1.349,746.0904166666666,0.0,4476.5425,746.0904166666666,2025-01-26T19:40:00,2025-01-26 00:00:00,2025-01-26 00:00:00,2025-01-26T19:40:00,2025-01-26T19:40:00,1.349,749.4300885238159,0.0,43.84754166666666,793.2776301904826,0.0,0,0.9,evening_hedge,1200.0,1200.0,0.0,0.0,793.2776301904826,7289.872157075865,6408.452567975329,0.0,0.0,0.0,746.0904166666666,0.0,0.0,0.0,0.0,7539.8438044292,6710.854452577348,0.0,0.0,0.0
2025-01-26,119,4462.8371,2025-01-26T19:50:00,2025-01-26T19:40:00,19:50:00,27,DP,0.0,19:50:00,27,DP,1.5156,19:50:00,27,DP,1.3473,743.8061833333333,0.0,4462.8371,743.8061833333333,2025-01-26T19:50:00,2025-01-26 00:00:00,2025-01-26 00:00:00,2025-01-26T19:50:00,2025-01-26T19:50:00,1.3473,740.4439941680333,0.0,43.84754166666666,784.2915358347,0.0,0,0.9,evening_hedge,1200.0,1200.0,0.0,0.0,784.2915358347,6408.452567975329,5537.017528158995,0.0,0.0,0.0,743.8061833333333,0.0,0.0,0.0,0.0,6710.854452577348,5884.403137762533,0.0,0.0,0.0
2025-01-26,120,4236.61,2025-01-26T20:00:00,2025-01-26T19:50:00,20:00:00,27,DQ,0.0,20:00:00,27,DQ,1.4899,20:00:00,27,DQ,1.3482,706.1016666666666,0.0,4236.61,706.1016666666666,2025-01-26T20:00:00,2025-01-26 00:00:00,2025-01-26 00:00:00,2025-01-26T20:00:00,2025-01-26T20:00:00,1.3482,713.1232747543975,0.0,43.84754166666666,756.9708164210641,0.0,0,0.9,evening_hedge,1200.0,1200.0,0.0,0.0,756.9708164210641,5537.017528158995,4695.938843246702,0.0,0.0,0.0,706.1016666666666,0.0,0.0,0.0,0.0,5884.403137762533,5099.845730355126,0.0,0.0,0.0
2025-01-26,121,4361.7801,2025-01-26T20:10:00,2025-01-26T20:00:00,20:10:00,27,DR,0.0,20:10:00,27,DR,1.5391,20:10:00,27,DR,1.3513,726.96335,0.0,4361.7801,726.96335,2025-01-26T20:10:00,2025-01-26 00:00:00,2025-01-26 00:00:00,2025-01-26T20:10:00,2025-01-26T20:10:00,1.3513,699.1898303819285,0.0,44.79980384154713,743.9896342234756,0.0,0,0.9,evening_hedge,1200.0,1200.0,0.0,0.0,743.9896342234756,4695.938843246702,3869.2836941095075,0.0,0.0,0.0,726.96335,0.0,0.0,0.0,0.0,5099.845730355126,4292.1086747995705,0.0,0.0,0.0
2025-01-26,122,4428.4876,2025-01-26T20:20:00,2025-01-26T20:10:00,20:20:00,27,DS,0.0,20:20:00,27,DS,1.5503,20:20:00,27,DS,1.34,738.0812666666667,0.0,4428.4876,738.0812666666667,2025-01-26T20:20:00,2025-01-26 00:00:00,2025-01-26 00:00:00,2025-01-26T20:20:00,2025-01-26T20:20:00,1.34,730.9900846993594,0.0,44.79980384154713,775.7898885409065,0.0,0,0.9,evening_hedge,1200.0,1200.0,0.0,0.0,775.7898885409065,3869.2836941095075,3007.294929064056,0.0,0.0,0.0,738.0812666666667,0.0,0.0,0.0,0.0,4292.1086747995705,3472.018378503274,0.0,0.0,0.0
2025-01-26,123,4347.72,2025-01-26T20:30:00,2025-01-26T20:20:00,20:30:00,27,DT,0.0,20:30:00,27,DT,1.543,20:30:00,27,DT,1.3489,724.62,0.0,4347.72,724.62,2025-01-26T20:30:00,2025-01-26 00:00:00,2025-01-26 00:00:00,2025-01-26T20:30:00,2025-01-26T20:30:00,1.3489,775.5324210038679,0.0,44.79980384154713,820.332224845415,0.0,0,0.9,evening_hedge,1200.0,1200.0,0.0,0.0,820.332224845415,3007.294929064056,2095.814679235817,0.0,0.0,0.0,724.62,0.0,0.0,0.0,0.0,3472.018378503274,2666.885045169941,0.0,0.0,0.0
2025-01-26,124,4450.2024,2025-01-26T20:40:00,2025-01-26T20:30:00,20:40:00,27,DU,0.0,20:40:00,27,DU,1.6006,20:40:00,27,DU,1.3952,741.7004000000001,0.0,4450.2024,741.7004000000001,2025-01-26T20:40:00,2025-01-26 00:00:00,2025-01-26 00:00:00,2025-01-26T20:40:00,2025-01-26T20:40:00,1.3952,761.433407470688,0.0,44.79980384154713,806.2332113122352,0.0,0,0.9,evening_hedge,1200.0,1200.0,0.0,0.0,806.2332113122352,2095.814679235817,1200.0,0.0,0.0,0.0,741.7004000000001,0.0,0.0,0.0,0.0,2666.885045169941,1842.7734896143852,0.0,0.0,0.0
2025-01-26,125,4471.745,2025-01-26T20:50:00,2025-01-26T20:40:00,20:50:00,27,DV,0.0,20:50:00,27,DV,1.3692,20:50:00,27,DV,1.2226,745.2908333333334,0.0,4471.745,745.2908333333334,2025-01-26T20:50:00,2025-01-26 00:00:00,2025-01-26 00:00:00,2025-01-26T20:50:00,2025-01-26T20:50:00,1.2226,724.3109278198715,1.3580766277821132,44.79980384154713,769.1107316614186,1.3580766277821132,0,0.9,evening_hedge,1200.0,1200.0,767.7526550336365,0.0,-0.0,1200.0,1200.0,0.0,0.0,22.461821700303176,0.0,0.0,0.0,0.0,0.0,1842.7734896143852,1862.9891291446581,938.6543960441239,0.0,938.6543960441239
2025-01-26,126,4368.77,2025-01-26T21:00:00,2025-01-26T20:50:00,21:00:00,27,DW,0.0,21:00:00,27,DW,0.9782,21:00:00,27,DW,0.9332,728.1283333333334,0.0,4368.77,728.1283333333334,2025-01-26T21:00:00,2025-01-26 00:00:00,2025-01-26 00:00:00,2025-01-26T21:00:00,2025-01-26T21:00:00,0.9332,716.2809400043712,3.150326979870653,44.79980384154713,761.0807438459184,3.150326979870653,0,0.9,evening_hedge,1200.0,1200.0,757.9304168660477,0.0,0.0,1200.0,1200.0,0.0,0.0,29.802083532714278,0.0,0.0,0.0,0.0,0.0,1862.9891291446581,1889.811004324101,707.3006650193958,0.0,707.3006650193958
2025-01-26,127,4374.9575,2025-01-26T21:10:00,2025-01-26T21:00:00,21:10:00,27,DX,0.0,21:10:00,27,DX,0.9453,21:10:00,27,DX,0.9068,729.1595833333334,0.0,4374.9575,729.1595833333334,2025-01-26T21:10:00,2025-01-26 00:00:00,2025-01-26 00:00:00,2025-01-26T21:10:00,2025-01-26T21:10:00,0.9068,752.6995565774029,4.575026851275227,57.357901535119055,810.0574581125219,4.575026851275227,0,0.9,evening_hedge,1200.0,1200.0,805.4824312612467,0.0,0.0,1200.0,1200.0,0.0,0.0,76.32284792791324,0.0,0.0,0.0,0.0,0.0,1889.811004324101,1958.501567459223,730.4114686676985,0.0,730.4114686676985
2025-01-26,128,4343.0202,2025-01-26T21:20:00,2025-01-26T21:10:00,21:20:00,27,DY,0.0,21:20:00,27,DY,0.9771,21:20:00,27,DY,0.9371,723.8367,0.0,4343.0202,723.8367,2025-01-26T21:20:00,2025-01-26 00:00:00,2025-01-26 00:00:00,2025-01-26T21:20:00,2025-01-26T21:20:00,0.9371,751.0571078112808,5.618866814823015,57.357901535119055,808.4150093463999,5.618866814823015,0,0.9,evening_hedge,1200.0,1200.0,802.7961425315768,0.0,0.0,1200.0,1200.0,0.0,0.0,78.95944253157688,0.0,0.0,0.0,0.0,0.0,1958.501567459223,2029.5650657376423,752.3002651663406,0.0,752.3002651663406
2025-01-26,129,4311.41,2025-01-26T21:30:00,2025-01-26T21:20:00,21:30:00,27,DZ,0.0,21:30:00,27,DZ,0.9387,21:30:00,27,DZ,0.9371,718.5683333333333,0.0,4311.41,718.5683333333333,2025-01-26T21:30:00,2025-01-26 00:00:00,2025-01-26 00:00:00,2025-01-26T21:30:00,2025-01-26T21:30:00,0.9371,724.9833612070561,6.2833003890344905,57.357901535119055,782.3412627421751,6.2833003890344905,0,0.9,evening_hedge,1200.0,1200.0,776.0579623531406,0.0,0.0,1200.0,1200.0,0.0,0.0,57.48962901980735,0.0,0.0,0.0,0.0,0.0,2029.5650657376423,2081.305731855469,727.2439165211281,0.0,727.2439165211281
2025-01-26,130,4409.9237,2025-01-26T21:40:00,2025-01-26T21:30:00,21:40:00,27,EA,0.0,21:40:00,27,EA,0.9565,21:40:00,27,EA,0.9871,734.9872833333334,0.0,4409.9237,734.9872833333334,2025-01-26T21:40:00,2025-01-26 00:00:00,2025-01-26 00:00:00,2025-01-26T21:40:00,2025-01-26T21:40:00,0.9871,752.4323765416694,6.5832096922460375,57.357901535119055,809.7902780767885,6.5832096922460375,0,0.9,evening_hedge,1200.0,1200.0,803.2070683845425,0.0,-0.0,1200.0,1200.0,0.0,0.0,68.2197850512091,0.0,0.0,0.0,0.0,0.0,2081.305731855469,2142.703538401557,792.8456972023819,0.0,792.8456972023819
2025-01-26,131,4036.2212,2025-01-26T21:50:00,2025-01-26T21:40:00,21:50:00,27,EB,0.0,21:50:00,27,EB,0.7537,21:50:00,27,EB,0.7764,672.7035333333333,0.0,4036.2212,672.7035333333333,2025-01-26T21:50:00,2025-01-26 00:00:00,2025-01-26 00:00:00,2025-01-26T21:50:00,2025-01-26T21:50:00,0.7764,695.9173984440816,6.5453472112979965,57.357901535119055,753.2752999792007,6.5453472112979965,0,0.9,evening_hedge,1200.0,1200.0,746.7299527679027,-0.0,0.0,1200.0,1200.0,0.0,-0.0,74.02641943456933,0.0,0.0,0.0,0.0,0.0,2142.703538401557,2209.3273158926695,579.7611353289996,0.0,579.7611353289996
2025-01-26,132,3378.17,2025-01-26T22:00:00,2025-01-26T21:50:00,22:00:00,27,EC,0.0,22:00:00,27,EC,0.4187,22:00:00,27,EC,0.4209,563.0283333333333,0.0,3378.17,563.0283333333333,2025-01-26T22:00:00,2025-01-26 00:00:00,2025-01-26 00:00:00,2025-01-26T22:00:00,2025-01-26T22:00:00,0.4209,572.1467040719558,6.20659236850368,57.357901535119055,629.5046056070748,6.20659236850368,0,0.9,evening_hedge,1200.0,1200.0,623.2980132385711,0.0,0.0,1200.0,1200.0,0.0,0.0,60.26967990523781,0.0,0.0,0.0,0.0,0.0,2209.3273158926695,2263.5700278073837,262.34613377211457,0.0,262.34613377211457
2025-01-26,133,3285.6804,2025-01-26T22:10:00,2025-01-26T22:00:00,22:10:00,27,ED,0.0,22:10:00,27,ED,0.3611,22:10:00,27,ED,0.3859,547.6134000000001,0.0,3285.6804,547.6134000000001,2025-01-26T22:10:00,2025-01-26 00:00:00,2025-01-26 00:00:00,2025-01-26T22:10:00,2025-01-26T22:10:00,0.3859,552.1024844165183,5.612064487530184,36.81169334087136,588.9141777573897,5.612064487530184,0,0.8,evening_hedge,1200.0,1200.0,583.3021132698594,0.0,0.0,1200.0,1200.0,0.0,0.0,35.68871326985936,0.0,0.0,0.0,0.0,0.0,2263.5700278073837,2295.689869750257,225.09628551083875,0.0,225.09628551083875
2025-01-26,134,3371.3467,2025-01-26T22:20:00,2025-01-26T22:10:00,22:20:00,27,EE,0.0,22:20:00,27,EE,0.4026,22:20:00,27,EE,0.4368,561.8911166666667,0.0,3371.3467,561.8911166666667,2025-01-26T22:20:00,2025-01-26 00:00:00,2025-01-26 00:00:00,2025-01-26T22:20:00,2025-01-26T22:20:00,0.4368,587.8087596041453,4.813135870586083,36.81169334087136,624.6204529450166,4.813135870586083,0,0.8,evening_hedge,1200.0,1200.0,619.8073170744306,0.0,-0.0,1200.0,1200.0,0.0,0.0,57.91620040776388,0.0,0.0,0.0,0.0,0.0,2295.689869750257,2347.8144501172446,270.7318360981113,0.0,270.7318360981113
2025-01-26,135,3382.94,2025-01-26T22:30:00,2025-01-26T22:20:00,22:30:00,27,EF,0.0,22:30:00,27,EF,0.4102,22:30:00,27,EF,0.4198,563.8233333333334,0.0,3382.94,563.8233333333334,2025-01-26T22:30:00,2025-01-26 00:00:00,2025-01-26 00:00:00,2025-01-26T22:30:00,2025-01-26T22:30:00,0.4198,607.5301227276258,3.8653899726503074,36.81169334087136,644.3418160684971,3.8653899726503074,0,0.8,evening_hedge,1200.0,1200.0,640.4764260958468,0.0,0.0,1200.0,1200.0,0.0,0.0,76.65309276251344,0.0,0.0,0.0,0.0,0.0,2347.8144501172446,2416.802233603507,268.8720036750365,0.0,268.8720036750365
2025-01-26,136,3462.0232,2025-01-26T22:40:00,2025-01-26T22:30:00,22:40:00,27,EG,0.0,22:40:00,27,EG,0.4273,22:40:00,27,EG,0.4186,577.0038666666667,0.0,3462.0232,577.0038666666667,2025-01-26T22:40:00,2025-01-26 00:00:00,2025-01-26 00:00:00,2025-01-26T22:40:00,2025-01-26T22:40:00,0.4186,590.934144859029,2.826570075126125,36.81169334087136,627.7458381999003,2.826570075126125,0,0.8,evening_hedge,1200.0,1200.0,624.9192681247741,0.0,0.0,1200.0,1200.0,0.0,0.0,47.91540145810745,0.0,0.0,0.0,0.0,0.0,2416.802233603507,2459.926094915804,261.5912056370305,0.0,261.5912056370305
2025-01-26,137,3509.1319,2025-01-26T22:50:00,2025-01-26T22:40:00,22:50:00,27,EH,0.0,22:50:00,27,EH,0.4207,22:50:00,27,EH,0.4241,584.8553166666667,0.0,3509.1319,584.8553166666667,2025-01-26T22:50:00,2025-01-26 00:00:00,2025-01-26 00:00:00,2025-01-26T22:50:00,2025-01-26T22:50:00,0.4241,587.6440761426531,1.754563418410353,36.81169334087136,624.4557694835245,1.754563418410353,0,0.8,evening_hedge,1200.0,1200.0,622.7012060651141,0.0,0.0,1200.0,1200.0,0.0,0.0,37.84588939844741,0.0,0.0,0.0,0.0,0.0,2459.926094915804,2493.9873953744063,264.0875814922149,0.0,264.0875814922149
2025-01-26,138,3467.56,2025-01-26T23:00:00,2025-01-26T22:50:00,23:00:00,27,EI,0.0,23:00:00,27,EI,0.3977,23:00:00,27,EI,0.4237,577.9266666666666,0.0,3467.56,577.9266666666666,2025-01-26T23:00:00,2025-01-26 00:00:00,2025-01-26 00:00:00,2025-01-26T23:00:00,2025-01-26T23:00:00,0.4237,606.7900308709691,0.7054644627841029,36.81169334087136,643.6017242118404,0.7054644627841029,0,0.8,evening_hedge,1200.0,1200.0,642.8962597490563,0.0,0.0,1200.0,1200.0,0.0,0.0,64.96959308238968,0.0,0.0,0.0,0.0,0.0,2493.9873953744063,2552.460029148557,272.3951452556752,0.0,272.3951452556752
2025-01-26,139,3420.1911,2025-01-26T23:10:00,2025-01-26T23:00:00,23:10:00,27,EJ,0.0,23:10:00,27,EJ,0.407,23:10:00,27,EJ,0.4248,570.03185,0.0,3420.1911,570.03185,2025-01-26T23:10:00,2025-01-26 00:00:00,2025-01-26 00:00:00,2025-01-26T23:10:00,2025-01-26T23:10:00,0.4248,609.7697544585171,0.0,22.9797831186451,632.7495375771622,0.0,0,0.8,evening_hedge,1200.0,1200.0,632.7495375771622,0.0,0.0,1200.0,1200.0,0.0,0.0,62.71768757716222,0.0,0.0,0.0,0.0,0.0,2552.460029148557,2608.905947968003,268.7920035627785,0.0,268.7920035627785
2025-01-26,140,3559.2156,2025-01-26T23:20:00,2025-01-26T23:10:00,23:20:00,27,EK,0.0,23:20:00,27,EK,0.4134,23:20:00,27,EK,0.424,593.2026,0.0,3559.2156,593.2026,2025-01-26T23:20:00,2025-01-26 00:00:00,2025-01-26 00:00:00,2025-01-26T23:20:00,2025-01-26T23:20:00,0.424,597.3986197579123,0.0,22.9797831186451,620.3784028765574,0.0,0,0.8,evening_hedge,1200.0,1200.0,620.3784028765574,0.0,0.0,1200.0,1200.0,0.0,0.0,27.17580287655744,0.0,0.0,0.0,0.0,0.0,2608.905947968003,2633.364170556905,263.0404428196603,0.0,263.0404428196603
2025-01-26,141,3716.63,2025-01-26T23:30:00,2025-01-26T23:20:00,23:30:00,27,EL,0.0,23:30:00,27,EL,0.4125,23:30:00,27,EL,0.422,619.4383333333334,0.0,3716.63,619.4383333333334,2025-01-26T23:30:00,2025-01-26 00:00:00,2025-01-26 00:00:00,2025-01-26T23:30:00,2025-01-26T23:30:00,0.422,578.2978879206103,0.0,22.9797831186451,601.2776710392553,0.0,0,0.8,evening_hedge,1200.0,1200.0,601.2776710392553,0.0,0.0,1200.0,1200.0,0.0,0.0,0.0,18.160662294078065,0.0,0.0,0.0,0.0,2633.364170556905,2613.1856568968183,253.73917717856574,0.0,253.73917717856574
2025-01-26,142,3554.2886,2025-01-26T23:40:00,2025-01-26T23:30:00,23:40:00,27,EM,0.0,23:40:00,27,EM,0.4408,23:40:00,27,EM,0.424,592.3814333333333,0.0,3554.2886,592.3814333333333,2025-01-26T23:40:00,2025-01-26 00:00:00,2025-01-26 00:00:00,2025-01-26T23:40:00,2025-01-26T23:40:00,0.424,563.8798512692841,0.0,22.9797831186451,586.8596343879292,0.0,0,0.8,evening_hedge,1200.0,1200.0,586.8596343879292,0.0,0.0,1200.0,1200.0,0.0,0.0,0.0,5.521798945404157,0.0,0.0,0.0,0.0,2613.1856568968183,2607.050324735258,248.82848498048196,0.0,248.82848498048196
2025-01-26,143,3566.3998,2025-01-26T23:50:00,2025-01-26T23:40:00,23:50:00,27,EN,0.0,23:50:00,27,EN,0.4878,23:50:00,27,EN,0.4271,594.3999666666667,0.0,3566.3998,594.3999666666667,2025-01-26T23:50:00,2025-01-26 00:00:00,2025-01-26 00:00:00,2025-01-26T23:50:00,2025-01-26T23:50:00,0.4271,584.987400231681,0.0,22.9797831186451,607.9671833503261,0.0,0,0.8,evening_hedge,1200.0,1200.0,607.9671833503261,0.0,0.0,1200.0,1200.0,0.0,0.0,13.567216683659353,0.0,0.0,0.0,0.0,0.0,2607.050324735258,2619.2608197505515,259.66278400892423,0.0,259.66278400892423
2025-01-26,144,3722.21,2025-01-27T00:00:00,2025-01-26T23:50:00,0:00+1,27,EO,0.0,0:00+1,27,EO,0.5059,0:00+1,27,EO,0.4276,620.3683333333333,0.0,3722.21,620.3683333333333,2025-01-27T00:00:00,2025-01-26 00:00:00,2025-01-26 00:00:00,2025-01-27T00:00:00,2025-01-27T00:00:00,0.4276,621.3698999013835,0.0,22.9797831186451,644.3496830200286,0.0,0,0.8,evening_hedge,1200.0,1200.0,644.3496830200286,0.0,0.0,1200.0,1200.0,0.0,0.0,23.98134968669524,0.0,0.0,0.0,0.0,0.0,2619.2608197505515,2640.8440344685773,275.5239244593642,0.0,275.5239244593642
