date,slot_id,issue_time,forecast_history_end,load_forecast_kwh,pv_forecast_kwh,risk_delta_kwh,plan_load_kwh,plan_pv_kwh,selected_index,selected_tau,selected_terminal,selected_terminal_energy_kwh,selected_profile,grid_plan_kwh,charge_plan_kwh,discharge_plan_kwh,energy_start_plan_kwh,energy_end_plan_kwh,pv_curtailment_plan_kwh,charge_mode_plan
2025-01-24,1,2025-01-24 00:00:00,2025-01-24 00:00:00,364.8331256277157,0.09863773620576857,27.280378734877683,392.11350436259335,0.09863773620576857,0,0.8,1200.0,1200.0,evening_hedge,1225.348199959721,833.3333333333333,0.0,6000.0,6750.0,0.0,1.0
2025-01-24,2,2025-01-24 00:00:00,2025-01-24 00:00:00,386.25626117631026,0.3633251256183183,27.280378734877683,413.53663991118793,0.3633251256183183,0,0.8,1200.0,1200.0,evening_hedge,1246.5066481189028,833.3333333333333,0.0,6750.0,7500.0,0.0,1.0
2025-01-24,3,2025-01-24 00:00:00,2025-01-24 00:00:00,450.1290119811034,0.7809283067332312,27.280378734877683,477.4093907159811,0.7809283067332312,0,0.8,1200.0,1200.0,evening_hedge,1309.9617957425812,833.3333333333333,0.0,7500.0,8250.0,0.0,1.0
2025-01-24,4,2025-01-24 00:00:00,2025-01-24 00:00:00,472.3553626435992,1.3300803799677872,27.280378734877683,499.6357413784769,1.3300803799677872,0,0.8,1200.0,1200.0,evening_hedge,1331.6389943318422,833.3333333333333,0.0,8250.0,9000.0,0.0,1.0
2025-01-24,5,2025-01-24 00:00:00,2025-01-24 00:00:00,440.6535371995405,1.9818428152590795,27.280378734877683,467.93391593441817,1.9818428152590795,0,0.8,1200.0,1200.0,evening_hedge,1299.2854064524922,833.3333333333333,0.0,9000.0,9750.0,0.0,1.0
2025-01-24,6,2025-01-24 00:00:00,2025-01-24 00:00:00,407.36622335525476,2.70061099385335,27.280378734877683,434.64660209013243,2.70061099385335,0,0.8,1200.0,1200.0,evening_hedge,431.9459910962791,0.0,0.0,9750.0,9750.0,0.0,-0.0
2025-01-24,7,2025-01-24 00:00:00,2025-01-24 00:00:00,434.8804923953798,3.445244772951057,35.880152311859355,470.7606447072392,3.445244772951057,0,0.8,1200.0,1200.0,evening_hedge,467.3153999342881,0.0,0.0,9750.0,9750.0,0.0,0.0
2025-01-24,8,2025-01-24 00:00:00,2025-01-24 00:00:00,446.2478219025699,4.170400126898761,35.880152311859355,482.1279742144293,4.170400126898761,0,0.8,1200.0,1200.0,evening_hedge,477.95757408753053,0.0,0.0,9750.0,9750.0,0.0,-0.0
2025-01-24,9,2025-01-24 00:00:00,2025-01-24 00:00:00,431.59004468751533,4.8280335296093035,35.880152311859355,467.4701969993747,4.8280335296093035,0,0.8,1200.0,1200.0,evening_hedge,795.9754968030987,333.3333333333333,0.0,9750.0,10050.0,0.0,0.999999999999999
2025-01-24,10,2025-01-24 00:00:00,2025-01-24 00:00:00,454.1731454657523,5.369046882431862,35.880152311859355,490.0532977776117,5.369046882431862,0,0.8,1200.0,1200.0,evening_hedge,484.68425089517984,0.0,0.0,10050.0,10050.0,0.0,0.0
2025-01-24,11,2025-01-24 00:00:00,2025-01-24 00:00:00,463.43828865003985,5.745037532978908,35.880152311859355,499.3184409618992,5.745037532978908,0,0.8,1200.0,1200.0,evening_hedge,493.5734034289203,0.0,0.0,10050.0,10050.0,0.0,0.0
2025-01-24,12,2025-01-24 00:00:00,2025-01-24 00:00:00,452.8988398427091,5.910115335972038,35.880152311859355,488.77899215456847,5.910115335972038,0,0.8,1200.0,1200.0,evening_hedge,482.86887681859645,0.0,0.0,10050.0,10050.0,0.0,-0.0
2025-01-24,13,2025-01-24 00:00:00,2025-01-24 00:00:00,467.9351850535983,5.822746827686159,28.913712388967923,496.8488974425662,5.822746827686159,0,0.8,1200.0,1200.0,evening_hedge,491.02615061488007,0.0,0.0,10050.0,10050.0,0.0,-0.0
2025-01-24,14,2025-01-24 00:00:00,2025-01-24 00:00:00,469.546626583901,5.447585459048031,28.913712388967923,498.46033897286895,5.447585459048031,0,0.8,1200.0,1200.0,evening_hedge,493.01275351382094,0.0,0.0,10050.0,10050.0,0.0,0.0
2025-01-24,15,2025-01-24 00:00:00,2025-01-24 00:00:00,459.7433614267102,4.75724648343453,28.913712388967923,488.65707381567813,4.75724648343453,0,0.8,1200.0,1200.0,evening_hedge,483.8998273322436,0.0,0.0,10050.0,10050.0,0.0,9.714451465470155e-16
2025-01-24,16,2025-01-24 00:00:00,2025-01-24 00:00:00,481.18143773613787,3.733985534404695,28.913712388967923,510.09515012510576,3.733985534404695,0,0.8,1200.0,1200.0,evening_hedge,506.3611645907011,0.0,0.0,10050.0,10050.0,0.0,0.0
2025-01-24,17,2025-01-24 00:00:00,2025-01-24 00:00:00,490.07942354686577,2.371241152573848,28.913712388967923,518.9931359358337,2.371241152573848,0,0.8,1200.0,1200.0,evening_hedge,516.6218947832599,0.0,0.0,10050.0,10050.0,0.0,0.0
2025-01-24,18,2025-01-24 00:00:00,2025-01-24 00:00:00,480.45378313594796,0.6750035121063512,28.913712388967923,509.36749552491585,0.6750035121063512,0,0.8,1200.0,1200.0,evening_hedge,508.6924920128095,0.0,0.0,10050.0,10050.0,0.0,0.0
2025-01-24,19,2025-01-24 00:00:00,2025-01-24 00:00:00,493.0575253621851,0.0,29.83681761070172,522.8943429728869,0.0,0,0.8,1200.0,1200.0,evening_hedge,522.8943429728869,0.0,0.0,10050.0,10050.0,0.0,0.0
2025-01-24,20,2025-01-24 00:00:00,2025-01-24 00:00:00,515.371430570438,0.0,29.83681761070172,545.2082481811397,0.0,0,0.8,1200.0,1200.0,evening_hedge,545.2082481811397,0.0,0.0,10050.0,10050.0,0.0,0.0
2025-01-24,21,2025-01-24 00:00:00,2025-01-24 00:00:00,524.8920729214589,0.0,29.83681761070172,554.7288905321606,0.0,0,0.8,1200.0,1200.0,evening_hedge,554.7288905321606,0.0,0.0,10050.0,10050.0,0.0,0.0
2025-01-24,22,2025-01-24 00:00:00,2025-01-24 00:00:00,514.1328803834693,0.0,29.83681761070172,543.969697994171,0.0,0,0.8,1200.0,1200.0,evening_hedge,543.969697994171,0.0,0.0,10050.0,10050.0,0.0,0.0
2025-01-24,23,2025-01-24 00:00:00,2025-01-24 00:00:00,518.0575986006235,0.0,29.83681761070172,547.8944162113252,0.0,0,0.8,1200.0,1200.0,evening_hedge,547.8944162113252,0.0,0.0,10050.0,10050.0,0.0,0.0
2025-01-24,24,2025-01-24 00:00:00,2025-01-24 00:00:00,544.89121972492,0.0,29.83681761070172,574.7280373356217,0.0,0,0.8,1200.0,1200.0,evening_hedge,574.7280373356217,0.0,0.0,10050.0,10050.0,0.0,0.0
2025-01-24,25,2025-01-24 00:00:00,2025-01-24 00:00:00,563.9477200786023,0.0,30.58728081236607,594.5350008909684,0.0,0,0.8,1200.0,1200.0,evening_hedge,594.5350008909684,0.0,0.0,10050.0,10050.0,0.0,0.0
2025-01-24,26,2025-01-24 00:00:00,2025-01-24 00:00:00,541.1821295663854,0.0,30.58728081236607,571.7694103787514,0.0,0,0.8,1200.0,1200.0,evening_hedge,571.7694103787514,0.0,0.0,10050.0,10050.0,0.0,0.0
2025-01-24,27,2025-01-24 00:00:00,2025-01-24 00:00:00,511.6217660671065,0.0,30.58728081236607,542.2090468794726,0.0,0,0.8,1200.0,1200.0,evening_hedge,542.2090468794726,0.0,0.0,10050.0,10050.0,0.0,0.0
2025-01-24,28,2025-01-24 00:00:00,2025-01-24 00:00:00,545.0643868236592,0.0,30.58728081236607,575.6516676360253,0.0,0,0.8,1200.0,1200.0,evening_hedge,575.6516676360253,0.0,0.0,10050.0,10050.0,0.0,0.0
2025-01-24,29,2025-01-24 00:00:00,2025-01-24 00:00:00,575.3106733874862,0.0,30.58728081236607,605.8979541998523,0.0,0,0.8,1200.0,1200.0,evening_hedge,605.8979541998523,0.0,0.0,10050.0,10050.0,0.0,0.0
2025-01-24,30,2025-01-24 00:00:00,2025-01-24 00:00:00,568.0319029782489,0.0,30.58728081236607,598.619183790615,0.0,0,0.8,1200.0,1200.0,evening_hedge,598.619183790615,0.0,0.0,10050.0,10050.0,0.0,0.0
2025-01-24,31,2025-01-24 00:00:00,2025-01-24 00:00:00,551.3839114097603,0.0,31.155157164484898,582.5390685742452,0.0,0,0.8,1200.0,1200.0,evening_hedge,582.5390685742452,0.0,0.0,10050.0,10050.0,0.0,0.0
2025-01-24,32,2025-01-24 00:00:00,2025-01-24 00:00:00,537.2383168525473,0.0,31.155157164484898,568.3934740170322,0.0,0,0.8,1200.0,1200.0,evening_hedge,568.3934740170322,0.0,0.0,10050.0,10050.0,0.0,0.0
2025-01-24,33,2025-01-24 00:00:00,2025-01-24 00:00:00,539.7592492298817,0.0,31.155157164484898,570.9144063943666,0.0,0,0.8,1200.0,1200.0,evening_hedge,570.9144063943666,0.0,0.0,10050.0,10050.0,0.0,-0.0
2025-01-24,34,2025-01-24 00:00:00,2025-01-24 00:00:00,565.3927994992434,0.0,31.155157164484898,596.5479566637283,0.0,0,0.8,1200.0,1200.0,evening_hedge,1429.8812899970617,833.3333333333333,0.0,10050.0,10800.0,0.0,1.0
2025-01-24,35,2025-01-24 00:00:00,2025-01-24 00:00:00,564.332372415609,0.0,31.155157164484898,595.4875295800939,0.0,0,0.8,1200.0,1200.0,evening_hedge,595.4875295800939,-0.0,0.0,10800.0,10800.0,0.0,0.0
2025-01-24,36,2025-01-24 00:00:00,2025-01-24 00:00:00,540.9390921569852,4.630848890139772,31.155157164484898,572.0942493214701,4.630848890139772,0,0.8,1200.0,1200.0,evening_hedge,0.0,0.0,567.4634004313303,10800.0,10169.485110631855,0.0,0.0
2025-01-24,37,2025-01-24 00:00:00,2025-01-24 00:00:00,548.0252245181522,15.423502505100382,74.29184191749144,622.3170664356436,15.423502505100382,0,0.8,1200.0,1200.0,evening_hedge,0.0,0.0,606.8935639305432,10169.485110631855,9495.158928486806,0.0,0.0
2025-01-24,38,2025-01-24 00:00:00,2025-01-24 00:00:00,560.1184044600623,28.337106461966464,74.29184191749144,634.4102463775537,28.337106461966464,0,0.8,1200.0,1200.0,evening_hedge,0.0,0.0,606.0731399155873,9495.158928486806,8821.744328580598,0.0,0.0
2025-01-24,39,2025-01-24 00:00:00,2025-01-24 00:00:00,557.4976557229558,43.47874033032225,74.29184191749144,631.7894976404472,43.47874033032225,0,0.8,1200.0,1200.0,evening_hedge,0.0,0.0,588.3107573101249,8821.744328580598,8168.065709347126,0.0,0.0
2025-01-24,40,2025-01-24 00:00:00,2025-01-24 00:00:00,553.8168061422176,60.93488327211576,74.29184191749144,628.108648059709,60.93488327211576,0,0.8,1200.0,1200.0,evening_hedge,0.0,0.0,567.1737647875933,8168.065709347126,7537.8726373609115,0.0,0.0
2025-01-24,41,2025-01-24 00:00:00,2025-01-24 00:00:00,588.9032891997839,80.76900838649226,74.29184191749144,663.1951311172753,80.76900838649226,0,0.8,1200.0,1200.0,evening_hedge,0.0,0.0,582.426122730783,7537.8726373609115,6890.732500993375,0.0,0.0
2025-01-24,42,2025-01-24 00:00:00,2025-01-24 00:00:00,639.8452174722172,103.01943462686047,74.29184191749144,714.1370593897086,103.01943462686047,0,0.8,1200.0,1200.0,evening_hedge,0.0,0.0,611.1176247628481,6890.732500993375,6211.7129179235435,0.0,0.0
2025-01-24,43,2025-01-24 00:00:00,2025-01-24 00:00:00,641.9862740700199,127.69747790320861,60.793833295904825,702.7801073659248,127.69747790320861,0,0.8,1200.0,1200.0,evening_hedge,0.0,0.0,575.0826294627161,6211.7129179235435,5572.732218520526,0.0,0.0
2025-01-24,44,2025-01-24 00:00:00,2025-01-24 00:00:00,637.4567579267766,154.78593888679976,60.793833295904825,698.2505912226815,154.78593888679976,0,0.8,1200.0,1200.0,evening_hedge,0.0,0.0,543.4646523358817,5572.732218520526,4968.882604813991,0.0,0.0
2025-01-24,45,2025-01-24 00:00:00,2025-01-24 00:00:00,645.3298705666051,184.23796025790918,60.793833295904825,706.12370386251,184.23796025790918,0,0.8,1200.0,1200.0,evening_hedge,119.51553480330494,0.0,402.3702088012958,4968.882604813991,4521.804595034773,0.0,0.0
2025-01-24,46,2025-01-24 00:00:00,2025-01-24 00:00:00,645.9836730886184,215.97628075434736,60.793833295904825,706.7775063845232,215.97628075434736,0,0.8,1200.0,1200.0,evening_hedge,490.80122563017585,0.0,0.0,4521.804595034773,4521.804595034773,0.0,0.0
2025-01-24,47,2025-01-24 00:00:00,2025-01-24 00:00:00,664.8855505451613,249.89290747408586,60.793833295904825,725.6793838410662,249.89290747408586,0,0.8,1200.0,1200.0,evening_hedge,0.0,0.0,475.7864763669803,4521.804595034773,3993.1529546270176,0.0,0.0
2025-01-24,48,2025-01-24 00:00:00,2025-01-24 00:00:00,689.7817210241786,285.8492215535213,60.793833295904825,750.5755543200835,285.8492215535213,0,0.8,1200.0,1200.0,evening_hedge,0.0,0.0,464.72633276656217,3993.1529546270176,3476.7903626641705,0.0,0.0
2025-01-24,49,2025-01-24 00:00:00,2025-01-24 00:00:00,677.4614867966599,323.67652568579905,-6.053815690735632,671.4076711059242,323.67652568579905,0,0.8,1200.0,1200.0,evening_hedge,0.0,0.0,347.7311454201252,3476.7903626641705,3090.422423308476,0.0,0.0
2025-01-24,50,2025-01-24 00:00:00,2025-01-24 00:00:00,657.7084476639583,363.1770350691645,-6.053815690735632,651.6546319732226,363.1770350691645,0,0.8,1200.0,1200.0,evening_hedge,0.0,0.0,288.47759690405815,3090.422423308476,2769.891760081745,0.0,0.0
2025-01-24,51,2025-01-24 00:00:00,2025-01-24 00:00:00,647.8835132113484,404.1253063958288,-6.053815690735632,641.8296975206127,404.1253063958288,0,0.8,1200.0,1200.0,evening_hedge,0.0,0.0,237.70439112478397,2769.891760081745,2505.775769943096,0.0,0.0
2025-01-24,52,2025-01-24 00:00:00,2025-01-24 00:00:00,646.9669819881185,446.2700925220049,-6.053815690735632,640.9131662973829,446.2700925220049,0,0.8,1200.0,1200.0,evening_hedge,0.0,0.0,194.64307377537796,2505.775769943096,2289.5056879704534,0.0,0.0
2025-01-24,53,2025-01-24 00:00:00,2025-01-24 00:00:00,701.2259335782875,489.33660361466434,-6.053815690735632,695.1721178875518,489.33660361466434,0,0.8,1200.0,1200.0,evening_hedge,0.0,0.0,205.8355142728875,2289.5056879704534,2060.7995610005783,0.0,0.0
2025-01-24,54,2025-01-24 00:00:00,2025-01-24 00:00:00,776.853748054634,533.029148963917,-6.053815690735632,770.7999323638984,533.029148963917,0,0.8,1200.0,1200.0,evening_hedge,0.0,0.0,237.77078339998138,2060.7995610005783,1796.6098016672656,0.0,0.0
2025-01-24,55,2025-01-24 00:00:00,2025-01-24 00:00:00,782.1381847239238,577.0341273918481,6.898080956863875,789.0362656807877,577.0341273918481,0,0.8,1200.0,1200.0,evening_hedge,0.0,0.0,212.0021382889396,1796.6098016672656,1561.0518702351105,0.0,0.0
2025-01-24,56,2025-01-24 00:00:00,2025-01-24 00:00:00,760.9701568074257,621.0233283842194,6.898080956863875,767.8682377642896,621.0233283842194,0,0.8,1200.0,1200.0,evening_hedge,0.0,0.0,146.84490938007013,1561.0518702351105,1397.8908598128103,0.0,0.0
2025-01-24,57,2025-01-24 00:00:00,2025-01-24 00:00:00,752.8552712966525,664.6575008185388,6.898080956863875,759.7533522535164,664.6575008185388,0,0.8,1200.0,1200.0,evening_hedge,0.0,0.0,95.09585143497759,1397.8908598128103,1292.2288026628353,0.0,0.0
2025-01-24,58,2025-01-24 00:00:00,2025-01-24 00:00:00,757.1395482034186,707.5901415498239,6.898080956863875,764.0376291602824,707.5901415498239,0,0.8,1200.0,1200.0,evening_hedge,0.0,0.0,56.44748761045855,1292.2288026628353,1229.509371984548,0.0,0.0
2025-01-24,59,2025-01-24 00:00:00,2025-01-24 00:00:00,769.1318060521763,749.4714522229472,6.898080956863875,776.0298870090402,749.4714522229472,0,0.8,1200.0,1200.0,evening_hedge,0.0,0.0,26.558434786093017,1229.509371984548,1200.0,0.0,0.0
2025-01-24,60,2025-01-24 00:00:00,2025-01-24 00:00:00,769.9658471795794,789.9524095751049,6.898080956863875,776.8639281364433,789.9524095751049,0,0.8,1200.0,1200.0,evening_hedge,0.0,13.088481438661574,0.0,1200.0,1211.7796332947955,0.0,1.0
2025-01-24,61,2025-01-24 00:00:00,2025-01-24 00:00:00,744.3948672284923,828.6888922284039,35.64542584080555,780.0402930692978,828.6888922284039,0,0.8,1200.0,1200.0,evening_hedge,0.0,48.648599159106084,0.0,1211.7796332947955,1255.563372537991,0.0,1.0
2025-01-24,62,2025-01-24 00:00:00,2025-01-24 00:00:00,742.8189582583643,865.3458055916897,35.64542584080555,778.4643840991698,865.3458055916897,0,0.8,1200.0,1200.0,evening_hedge,0.0,86.88142149251985,0.0,1255.563372537991,1333.756651881259,0.0,1.0
2025-01-24,63,2025-01-24 00:00:00,2025-01-24 00:00:00,758.9254531993212,899.6011460192377,35.64542584080555,794.5708790401267,899.6011460192377,0,0.8,1200.0,1200.0,evening_hedge,0.0,105.03026697911105,0.0,1333.756651881259,1428.2838921624589,0.0,1.0
2025-01-24,64,2025-01-24 00:00:00,2025-01-24 00:00:00,739.3078878975565,931.149945823296,35.64542584080555,774.953313738362,931.149945823296,0,0.8,1200.0,1200.0,evening_hedge,0.0,156.19663208493398,0.0,1428.2838921624589,1568.8608610388994,0.0,1.0
2025-01-24,65,2025-01-24 00:00:00,2025-01-24 00:00:00,731.9432984072738,959.7080421044478,35.64542584080555,767.5887242480793,959.7080421044478,0,0.8,1200.0,1200.0,evening_hedge,0.0,192.11931785636853,0.0,1568.8608610388994,1741.7682471096311,0.0,1.0
2025-01-24,66,2025-01-24 00:00:00,2025-01-24 00:00:00,735.0411675639707,985.0156146296958,35.64542584080555,770.6865934047762,985.0156146296958,0,0.8,1200.0,1200.0,evening_hedge,0.0,214.32902122491964,0.0,1741.7682471096311,1934.664366212059,0.0,1.0
2025-01-24,67,2025-01-24 00:00:00,2025-01-24 00:00:00,698.878181153828,1006.8404411198211,72.38314195863322,771.2613231124612,1006.8404411198211,0,0.8,1200.0,1200.0,evening_hedge,597.7542153259734,833.3333333333333,0.0,1934.664366212059,2684.6643662120587,0.0,1.0
2025-01-24,68,2025-01-24 00:00:00,2025-01-24 00:00:00,682.6655137777669,1024.9808222573174,72.38314195863322,755.0486557364002,1024.9808222573174,0,0.8,1200.0,1200.0,evening_hedge,451.2998072661236,721.2319737870408,0.0,2684.6643662120587,3333.7731426203954,0.0,0.9999999999999961
2025-01-24,69,2025-01-24 00:00:00,2025-01-24 00:00:00,705.2310987428875,1039.2681334329402,72.38314195863322,777.6142407015208,1039.2681334329402,0,0.8,1200.0,1200.0,evening_hedge,571.6794406019138,833.3333333333333,0.0,3333.7731426203954,4083.7731426203954,0.0,1.0
2025-01-24,70,2025-01-24 00:00:00,2025-01-24 00:00:00,723.8338958817802,1049.568965639062,72.38314195863322,796.2170378404135,1049.568965639062,0,0.8,1200.0,1200.0,evening_hedge,579.9814055346847,833.3333333333333,0.0,4083.7731426203954,4833.773142620395,0.0,1.0
2025-01-24,71,2025-01-24 00:00:00,2025-01-24 00:00:00,723.9865517255754,1055.7868239066509,72.38314195863322,796.3696936842086,1055.7868239066509,0,0.8,1200.0,1200.0,evening_hedge,573.916203110891,833.3333333333333,0.0,4833.773142620395,5583.773142620395,0.0,1.0
2025-01-24,72,2025-01-24 00:00:00,2025-01-24 00:00:00,715.511545343531,1057.8633581750169,72.38314195863322,787.8946873021642,1057.8633581750169,0,0.8,1200.0,1200.0,evening_hedge,563.3646624604806,833.3333333333333,0.0,5583.773142620395,6333.773142620395,0.0,1.0
2025-01-24,73,2025-01-24 00:00:00,2025-01-24 00:00:00,712.5891134680415,1055.7791083763311,86.47786713328098,799.0669806013225,1055.7791083763311,0,0.8,1200.0,1200.0,evening_hedge,576.6212055583246,833.3333333333333,0.0,6333.773142620395,7083.773142620395,0.0,1.0
2025-01-24,74,2025-01-24 00:00:00,2025-01-24 00:00:00,683.6617635201139,1049.5537527005245,86.47786713328098,770.1396306533949,1049.5537527005245,0,0.8,1200.0,1200.0,evening_hedge,553.9192112862037,833.3333333333333,0.0,7083.773142620395,7833.773142620395,0.0,1.0
2025-01-24,75,2025-01-24 00:00:00,2025-01-24 00:00:00,649.4446384572874,1039.245855365976,86.47786713328098,735.9225055905683,1039.245855365976,0,0.8,1200.0,1200.0,evening_hedge,530.0099835579256,833.3333333333333,0.0,7833.773142620395,8583.773142620395,0.0,1.0
2025-01-24,76,2025-01-24 00:00:00,2025-01-24 00:00:00,665.9811058167933,1024.9521176398039,86.47786713328098,752.4589729500742,1024.9521176398039,0,0.8,1200.0,1200.0,evening_hedge,560.8401886436036,833.3333333333333,0.0,8583.773142620395,9333.773142620395,0.0,1.0
2025-01-24,77,2025-01-24 00:00:00,2025-01-24 00:00:00,678.2032693308511,1006.8061432101716,86.47786713328098,764.681136464132,1006.8061432101716,0,0.8,1200.0,1200.0,evening_hedge,0.0,242.12500674603962,0.0,9333.773142620395,9551.685648691831,0.0,1.0
2025-01-24,78,2025-01-24 00:00:00,2025-01-24 00:00:00,673.7472425157843,984.9767361942671,86.47786713328098,760.2251096490652,984.9767361942671,0,0.8,1200.0,1200.0,evening_hedge,0.0,224.75162654520193,0.0,9551.685648691831,9753.962112582512,0.0,1.0
2025-01-24,79,2025-01-24 00:00:00,2025-01-24 00:00:00,689.1760421311737,959.6657569549751,49.80143428409405,738.9774764152678,959.6657569549751,0,0.8,1200.0,1200.0,evening_hedge,0.0,220.6882805397073,0.0,9753.962112582512,9952.581565068249,0.0,1.0
2025-01-24,80,2025-01-24 00:00:00,2025-01-24 00:00:00,675.5293503622884,931.1055673870093,49.80143428409405,725.3307846463824,931.1055673870093,0,0.8,1200.0,1200.0,evening_hedge,0.0,205.77478274062685,0.0,9952.581565068249,10137.778869534814,0.0,1.0
2025-01-24,81,2025-01-24 00:00:00,2025-01-24 00:00:00,641.409071583746,899.5561033163472,49.80143428409405,691.2105058678401,899.5561033163472,0,0.8,1200.0,1200.0,evening_hedge,0.0,208.34559744850708,0.0,10137.778869534814,10325.28990723847,0.0,1.0
2025-01-24,82,2025-01-24 00:00:00,2025-01-24 00:00:00,648.696717383897,865.3016170404785,49.80143428409405,698.498151667991,865.3016170404785,0,0.8,1200.0,1200.0,evening_hedge,0.0,166.8034653724875,0.0,10325.28990723847,10475.41302607371,0.0,1.0
2025-01-24,83,2025-01-24 00:00:00,2025-01-24 00:00:00,655.8223251626777,828.6471377364952,49.80143428409405,705.6237594467717,828.6471377364952,0,0.8,1200.0,1200.0,evening_hedge,0.0,123.0233782897235,0.0,10475.41302607371,10586.13406653446,0.0,1.0
2025-01-24,84,2025-01-24 00:00:00,2025-01-24 00:00:00,647.5110176419613,789.9147014058613,49.80143428409405,697.3124519260554,789.9147014058613,0,0.8,1200.0,1200.0,evening_hedge,0.0,92.60224947980589,0.0,10586.13406653446,10669.476091066284,0.0,1.0
2025-01-24,85,2025-01-24 00:00:00,2025-01-24 00:00:00,649.4859317056754,749.4394051479156,15.814110028743404,665.3000417344188,749.4394051479156,0,0.8,1200.0,1200.0,evening_hedge,0.0,84.13936341349688,0.0,10669.476091066284,10745.201518138432,0.0,1.0
2025-01-24,86,2025-01-24 00:00:00,2025-01-24 00:00:00,641.4109835363378,707.5653428113,15.814110028743404,657.2250935650811,707.5653428113,0,0.8,1200.0,1200.0,evening_hedge,0.0,50.34024924621883,0.0,10745.201518138432,10790.50774246003,0.0,1.0
2025-01-24,87,2025-01-24 00:00:00,2025-01-24 00:00:00,638.2804175794457,664.6414804303785,15.814110028743404,654.0945276081891,664.6414804303785,0,0.8,1200.0,1200.0,evening_hedge,0.0,10.546952822189382,0.0,10790.50774246003,10800.0,0.0,1.0
2025-01-24,88,2025-01-24 00:00:00,2025-01-24 00:00:00,674.1017763391947,621.0175302940189,15.814110028743404,689.915886367938,621.0175302940189,0,0.8,1200.0,1200.0,evening_hedge,0.0,0.0,68.8983560739191,10800.0,10723.446271028979,0.0,0.0
2025-01-24,89,2025-01-24 00:00:00,2025-01-24 00:00:00,674.0260544486445,577.0398820135098,15.814110028743404,689.8401644773878,577.0398820135098,0,0.8,1200.0,1200.0,evening_hedge,0.0,0.0,112.80028246387803,10723.446271028979,10598.112623846891,0.0,0.0
2025-01-24,90,2025-01-24 00:00:00,2025-01-24 00:00:00,644.7174223417516,533.0476475667322,15.814110028743404,660.5315323704949,533.0476475667322,0,0.8,1200.0,1200.0,evening_hedge,127.48388480376275,0.0,0.0,10598.112623846891,10598.112623846891,0.0,-0.0
2025-01-24,91,2025-01-24 00:00:00,2025-01-24 00:00:00,663.1501081502316,489.3688750237281,3.325269170202777,666.4753773204344,489.3688750237281,0,0.8,1200.0,1200.0,evening_hedge,401.4258091334936,224.3193068367873,0.0,10598.112623846891,10800.0,0.0,1.0000000000000073
2025-01-24,92,2025-01-24 00:00:00,2025-01-24 00:00:00,655.0041909393316,446.31698254559484,3.325269170202777,658.3294601095344,446.31698254559484,0,0.8,1200.0,1200.0,evening_hedge,212.0124775639395,0.0,0.0,10800.0,10800.0,0.0,0.0
2025-01-24,93,2025-01-24 00:00:00,2025-01-24 00:00:00,608.3910579186313,404.18746034895673,3.325269170202777,611.7163270888341,404.18746034895673,0,0.8,1200.0,1200.0,evening_hedge,207.52886673987734,0.0,0.0,10800.0,10800.0,0.0,0.0
2025-01-24,94,2025-01-24 00:00:00,2025-01-24 00:00:00,592.7588761990371,363.2548837096806,3.325269170202777,596.0841453692399,363.2548837096806,0,0.8,1200.0,1200.0,evening_hedge,232.82926165955928,0.0,0.0,10800.0,10800.0,0.0,0.0
2025-01-24,95,2025-01-24 00:00:00,2025-01-24 00:00:00,597.423836391282,323.7702748210831,3.325269170202777,600.7491055614847,323.7702748210831,0,0.8,1200.0,1200.0,evening_hedge,276.97883074040163,0.0,0.0,10800.0,10800.0,0.0,0.0
2025-01-24,96,2025-01-24 00:00:00,2025-01-24 00:00:00,598.335379966698,285.95884551291186,3.325269170202777,601.6606491369008,285.95884551291186,0,0.8,1200.0,1200.0,evening_hedge,315.70180362398895,0.0,0.0,10800.0,10800.0,0.0,0.0
2025-01-24,97,2025-01-24 00:00:00,2025-01-24 00:00:00,587.1676945370535,250.01814657590785,69.64574462309295,656.8134391601465,250.01814657590785,0,0.8,1200.0,1200.0,evening_hedge,406.7952925842386,0.0,-0.0,10800.0,10800.0,0.0,0.0
2025-01-24,98,2025-01-24 00:00:00,2025-01-24 00:00:00,586.4182819350293,216.1166428277655,69.64574462309295,656.0640265581222,216.1166428277655,0,0.8,1200.0,1200.0,evening_hedge,439.9473837303567,0.0,-0.0,10800.0,10800.0,0.0,0.0
2025-01-24,99,2025-01-24 00:00:00,2025-01-24 00:00:00,604.5699366520646,184.39272621010832,69.64574462309295,674.2156812751575,184.39272621010832,0,0.8,1200.0,1200.0,evening_hedge,489.8229550650492,0.0,-0.0,10800.0,10800.0,0.0,0.0
2025-01-24,100,2025-01-24 00:00:00,2025-01-24 00:00:00,616.0291775248547,154.95417223631145,69.64574462309295,685.6749221479477,154.95417223631145,0,0.8,1200.0,1200.0,evening_hedge,530.7207499116362,0.0,-0.0,10800.0,10800.0,0.0,0.0
2025-01-24,101,2025-01-24 00:00:00,2025-01-24 00:00:00,551.2211246029781,127.87803813180805,69.64574462309295,620.866869226071,127.87803813180805,0,0.8,1200.0,1200.0,evening_hedge,492.98883109426293,0.0,-0.0,10800.0,10800.0,0.0,0.0
2025-01-24,102,2025-01-24 00:00:00,2025-01-24 00:00:00,461.40152439835657,103.21099413650364,69.64574462309295,531.0472690214496,103.21099413650364,0,0.8,1200.0,1200.0,evening_hedge,427.8362748849459,0.0,-0.0,10800.0,10800.0,0.0,0.0
2025-01-24,103,2025-01-24 00:00:00,2025-01-24 00:00:00,471.75808413586856,80.97007278536296,62.54679022794819,534.3048743638168,80.97007278536296,0,0.8,1200.0,1200.0,evening_hedge,453.33480157845383,0.0,-0.0,10800.0,10800.0,0.0,0.0
2025-01-24,104,2025-01-24 00:00:00,2025-01-24 00:00:00,482.3625346599746,61.143814656142666,62.54679022794819,544.9093248879228,61.143814656142666,0,0.8,1200.0,1200.0,evening_hedge,483.7655102317801,0.0,-0.0,10800.0,10800.0,0.0,0.0
2025-01-24,105,2025-01-24 00:00:00,2025-01-24 00:00:00,460.89807724972405,43.69378317442467,62.54679022794819,523.4448674776722,43.69378317442467,0,0.8,1200.0,1200.0,evening_hedge,479.7510843032476,0.0,-0.0,10800.0,10800.0,0.0,0.0
2025-01-24,106,2025-01-24 00:00:00,2025-01-24 00:00:00,471.7230143446838,28.556415689760957,62.54679022794819,534.269804572632,28.556415689760957,0,0.8,1200.0,1200.0,evening_hedge,505.713388882871,0.0,0.0,10800.0,10800.0,0.0,0.0
2025-01-24,107,2025-01-24 00:00:00,2025-01-24 00:00:00,467.7592037173272,15.645173267583028,62.54679022794819,530.3059939452754,15.645173267583028,0,0.8,1200.0,1200.0,evening_hedge,514.6608206776924,0.0,-0.0,10800.0,10800.0,0.0,0.0
2025-01-24,108,2025-01-24 00:00:00,2025-01-24 00:00:00,445.697328844647,4.852947553649886,62.54679022794819,508.2441190725952,4.852947553649886,0,0.8,1200.0,1200.0,evening_hedge,0.0,0.0,503.3911715189453,10800.0,10240.67647609006,0.0,0.0
2025-01-24,109,2025-01-24 00:00:00,2025-01-24 00:00:00,453.76772525159544,0.0,41.55265393626806,495.3203791878635,0.0,0,0.9,1200.0,1200.0,evening_hedge,0.0,0.0,495.3203791878635,10240.67647609006,9690.320499214657,0.0,0.0
2025-01-24,110,2025-01-24 00:00:00,2025-01-24 00:00:00,456.28765683773713,0.0,41.55265393626806,497.84031077400516,0.0,0,0.9,1200.0,1200.0,evening_hedge,0.0,0.0,497.84031077400516,9690.320499214657,9137.164598354651,0.0,0.0
2025-01-24,111,2025-01-24 00:00:00,2025-01-24 00:00:00,440.14814093367954,0.0,41.55265393626806,481.7007948699476,0.0,0,0.9,1200.0,1200.0,evening_hedge,0.0,0.0,481.7007948699476,9137.164598354651,8601.941492943599,0.0,0.0
2025-01-24,112,2025-01-24 00:00:00,2025-01-24 00:00:00,433.5452880749628,0.0,41.55265393626806,475.0979420112309,0.0,0,0.9,1200.0,1200.0,evening_hedge,0.0,0.0,475.0979420112309,8601.941492943599,8074.054890708898,0.0,0.0
2025-01-24,113,2025-01-24 00:00:00,2025-01-24 00:00:00,451.1730479040455,0.0,41.55265393626806,492.7257018403136,0.0,0,0.9,1200.0,1200.0,evening_hedge,0.0,0.0,492.7257018403136,8074.054890708898,7526.581888664105,0.0,0.0
2025-01-24,114,2025-01-24 00:00:00,2025-01-24 00:00:00,474.1585756433203,0.0,41.55265393626806,515.7112295795883,0.0,0,0.9,1200.0,1200.0,evening_hedge,0.0,0.0,515.7112295795883,7526.581888664105,6953.569411353451,0.0,0.0
2025-01-24,115,2025-01-24 00:00:00,2025-01-24 00:00:00,470.9182021935095,0.0,44.056936666666715,514.9751388601762,0.0,0,0.9,1200.0,1200.0,evening_hedge,0.0,0.0,514.9751388601762,6953.569411353451,6381.374812619922,0.0,0.0
2025-01-24,116,2025-01-24 00:00:00,2025-01-24 00:00:00,475.58493276821724,0.0,44.056936666666715,519.6418694348839,0.0,0,0.9,1200.0,1200.0,evening_hedge,0.0,0.0,519.6418694348839,6381.374812619922,5803.994957692273,0.0,0.0
2025-01-24,117,2025-01-24 00:00:00,2025-01-24 00:00:00,487.7336137602333,0.0,44.056936666666715,531.7905504269,0.0,0,0.9,1200.0,1200.0,evening_hedge,0.0,0.0,531.7905504269,5803.994957692273,5213.11656832905,0.0,0.0
2025-01-24,118,2025-01-24 00:00:00,2025-01-24 00:00:00,473.47530757280055,0.0,44.056936666666715,517.5322442394672,0.0,0,0.9,1200.0,1200.0,evening_hedge,0.0,0.0,517.5322442394672,5213.11656832905,4638.080741396308,0.0,0.0
2025-01-24,119,2025-01-24 00:00:00,2025-01-24 00:00:00,467.97783971570163,0.0,44.056936666666715,512.0347763823684,0.0,0,0.9,1200.0,1200.0,evening_hedge,0.0,0.0,512.0347763823684,4638.080741396308,4069.153212082566,0.0,0.0
2025-01-24,120,2025-01-24 00:00:00,2025-01-24 00:00:00,470.9225432968216,0.0,44.056936666666715,514.9794799634883,0.0,0,0.9,1200.0,1200.0,evening_hedge,0.0,0.0,514.9794799634883,4069.153212082566,3496.953789900912,0.0,0.0
2025-01-24,121,2025-01-24 00:00:00,2025-01-24 00:00:00,446.71120336041076,0.0,46.33808163278416,493.04928499319493,0.0,0,0.9,1200.0,1200.0,evening_hedge,0.0,0.0,493.04928499319493,3496.953789900912,2949.121251019584,0.0,0.0
2025-01-24,122,2025-01-24 00:00:00,2025-01-24 00:00:00,430.56150781887493,0.0,46.33808163278416,476.8995894516591,0.0,0,0.9,1200.0,1200.0,evening_hedge,0.0,0.0,476.8995894516591,2949.121251019584,2419.2328182955184,0.0,0.0
2025-01-24,123,2025-01-24 00:00:00,2025-01-24 00:00:00,445.86584890997443,0.0,46.33808163278416,492.2039305427586,0.0,0,0.9,1200.0,1200.0,evening_hedge,0.0,0.0,492.2039305427586,2419.2328182955184,1872.3395621368977,0.0,0.0
2025-01-24,124,2025-01-24 00:00:00,2025-01-24 00:00:00,477.2515546434282,0.0,46.33808163278416,523.5896362762123,0.0,0,0.9,1200.0,1200.0,evening_hedge,0.0,0.0,523.5896362762123,1872.3395621368977,1290.573299607773,0.0,0.0
2025-01-24,125,2025-01-24 00:00:00,2025-01-24 00:00:00,477.76981864635195,0.0,46.33808163278416,524.1079002791361,0.0,0,0.9,1200.0,1200.0,evening_hedge,442.5919306321404,0.0,81.51596964699563,1290.573299607773,1200.0,0.0,0.0
2025-01-24,126,2025-01-24 00:00:00,2025-01-24 00:00:00,461.6944784454267,0.7072356950279863,46.33808163278416,508.03256007821085,0.7072356950279863,0,0.9,1200.0,1200.0,evening_hedge,507.3253243831829,0.0,0.0,1200.0,1200.0,0.0,0.0
2025-01-24,127,2025-01-24 00:00:00,2025-01-24 00:00:00,480.6549223405948,2.3950660922418883,57.913968640391126,538.5688909809859,2.3950660922418883,0,0.9,1200.0,1200.0,evening_hedge,536.173824888744,-0.0,0.0,1200.0,1200.0,0.0,0.0
2025-01-24,128,2025-01-24 00:00:00,2025-01-24 00:00:00,466.1928381948067,3.7510819606481425,57.913968640391126,524.1068068351979,3.7510819606481425,0,0.9,1200.0,1200.0,evening_hedge,520.3557248745498,0.0,0.0,1200.0,1200.0,0.0,0.0
2025-01-24,129,2025-01-24 00:00:00,2025-01-24 00:00:00,447.21598174712904,4.769436236647833,57.913968640391126,505.1299503875202,4.769436236647833,0,0.9,1200.0,1200.0,evening_hedge,500.36051415087235,0.0,0.0,1200.0,1200.0,0.0,0.0
2025-01-24,130,2025-01-24 00:00:00,2025-01-24 00:00:00,512.7567661459408,5.456805401265778,57.913968640391126,570.6707347863319,5.456805401265778,0,0.9,1200.0,1200.0,evening_hedge,565.2139293850661,0.0,0.0,1200.0,1200.0,0.0,0.0
2025-01-24,131,2025-01-24 00:00:00,2025-01-24 00:00:00,490.61520240409726,5.831018965336594,57.913968640391126,548.5291710444884,5.831018965336594,0,0.9,1200.0,1200.0,evening_hedge,542.6981520791518,-0.0,0.0,1200.0,1200.0,0.0,0.0
2025-01-24,132,2025-01-24 00:00:00,2025-01-24 00:00:00,388.58583920406926,5.91951566132479,57.913968640391126,446.4998078444604,5.91951566132479,0,0.9,1200.0,1200.0,evening_hedge,440.5802921831356,0.0,0.0,1200.0,1200.0,0.0,0.0
2025-01-24,133,2025-01-24 00:00:00,2025-01-24 00:00:00,389.89281876807263,5.757664113670149,36.0957981978251,425.98861696589773,5.757664113670149,0,0.8,1200.0,1200.0,evening_hedge,420.2309528522276,0.0,0.0,1200.0,1200.0,0.0,0.0
2025-01-24,134,2025-01-24 00:00:00,2025-01-24 00:00:00,398.15853484110244,5.3869877418615735,36.0957981978251,434.25433303892754,5.3869877418615735,0,0.8,1200.0,1200.0,evening_hedge,428.867345297066,0.0,-0.0,1200.0,1200.0,0.0,0.0
2025-01-24,135,2025-01-24 00:00:00,2025-01-24 00:00:00,370.0506871817987,4.853334865232674,36.0957981978251,406.1464853796238,4.853334865232674,0,0.8,1200.0,1200.0,evening_hedge,401.29315051439113,0.0,0.0,1200.0,1200.0,0.0,0.0
2025-01-24,136,2025-01-24 00:00:00,2025-01-24 00:00:00,373.4557093852641,4.2050354083836785,36.0957981978251,409.5515075830892,4.2050354083836785,0,0.8,1200.0,1200.0,evening_hedge,405.3464721747055,0.0,0.0,1200.0,1200.0,0.0,0.0
2025-01-24,137,2025-01-24 00:00:00,2025-01-24 00:00:00,416.6255126851717,3.491085247961289,36.0957981978251,452.7213108829968,3.491085247961289,0,0.8,1200.0,1200.0,evening_hedge,449.23022563503554,0.0,0.0,1200.0,1200.0,0.0,0.0
2025-01-24,138,2025-01-24 00:00:00,2025-01-24 00:00:00,448.70556039160545,2.7593981060373793,36.0957981978251,484.80135858943055,2.7593981060373793,0,0.8,1200.0,1200.0,evening_hedge,482.04196048339315,0.0,0.0,1200.0,1200.0,0.0,0.0
2025-01-24,139,2025-01-24 00:00:00,2025-01-24 00:00:00,415.1888354900551,2.0551630073153624,24.180916237290226,439.3697517273453,2.0551630073153624,0,0.8,1200.0,1200.0,evening_hedge,437.31458872003,0.0,0.0,1200.0,1200.0,0.0,0.0
2025-01-24,140,2025-01-24 00:00:00,2025-01-24 00:00:00,412.53416876480026,1.4193427149190203,24.180916237290226,436.71508500209046,1.4193427149190203,0,0.8,1200.0,1200.0,evening_hedge,435.29574228717144,0.0,0.0,1200.0,1200.0,0.0,0.0
2025-01-24,141,2025-01-24 00:00:00,2025-01-24 00:00:00,445.904917080376,0.8873452934686401,24.180916237290226,470.0858333176662,0.8873452934686401,0,0.8,1200.0,1200.0,evening_hedge,469.19848802419756,0.0,0.0,1200.0,1200.0,0.0,0.0
2025-01-24,142,2025-01-24 00:00:00,2025-01-24 00:00:00,426.90920645110407,0.48789708114741703,24.180916237290226,451.0901226883943,0.48789708114741703,0,0.8,1200.0,1200.0,evening_hedge,450.60222560724685,0.0,0.0,1200.0,1200.0,0.0,0.0
2025-01-24,143,2025-01-24 00:00:00,2025-01-24 00:00:00,408.1888440963466,0.24214095782112705,24.180916237290226,432.3697603336368,0.24214095782112705,0,0.8,1200.0,1200.0,evening_hedge,432.1276193758157,0.0,0.0,1200.0,1200.0,0.0,0.0
2025-01-24,144,2025-01-24 00:00:00,2025-01-24 00:00:00,415.93839336365,0.16297895667600348,24.180916237290226,440.1193096009402,0.16297895667600348,0,0.8,1200.0,1200.0,evening_hedge,439.9563306442643,0.0,0.0,1200.0,1200.0,0.0,0.0
2025-01-25,1,2025-01-25 00:00:00,2025-01-25 00:00:00,442.2229268220739,0.08836594368507145,29.448530043806457,471.6714568658803,0.08836594368507145,0,0.8,1200.0,1200.0,evening_hedge,1304.9164242555285,833.3333333333333,0.0,2603.102433769396,3353.102433769396,0.0,1.0
2025-01-25,2,2025-01-25 00:00:00,2025-01-25 00:00:00,441.1392385788028,0.3828467907187587,29.448530043806457,470.58776862260925,0.3828467907187587,0,0.8,1200.0,1200.0,evening_hedge,1303.5382551652237,833.3333333333333,0.0,3353.102433769396,4103.102433769396,0.0,1.0
2025-01-25,3,2025-01-25 00:00:00,2025-01-25 00:00:00,439.3923228745218,0.8682258593510845,29.448530043806457,468.84085291832827,0.8682258593510845,0,0.8,1200.0,1200.0,evening_hedge,1301.3059603923105,833.3333333333333,0.0,4103.102433769396,4853.102433769396,0.0,1.0
2025-01-25,4,2025-01-25 00:00:00,2025-01-25 00:00:00,445.36206114244584,1.5203128876964604,29.448530043806457,474.8105911862523,1.5203128876964604,0,0.8,1200.0,1200.0,evening_hedge,1306.6236116318892,833.3333333333333,0.0,4853.102433769396,5603.102433769396,0.0,1.0
2025-01-25,5,2025-01-25 00:00:00,2025-01-25 00:00:00,482.1477055856635,2.3066561247199697,29.448530043806457,511.59623562946996,2.3066561247199697,0,0.8,1200.0,1200.0,evening_hedge,1342.6229128380833,833.3333333333333,0.0,5603.102433769396,6353.102433769396,0.0,1.0
2025-01-25,6,2025-01-25 00:00:00,2025-01-25 00:00:00,509.975526823071,3.187512228607022,29.448530043806457,539.4240568668774,3.187512228607022,0,0.8,1200.0,1200.0,evening_hedge,1369.5698779716035,833.3333333333333,0.0,6353.102433769396,7103.102433769396,0.0,1.0
2025-01-25,7,2025-01-25 00:00:00,2025-01-25 00:00:00,462.09065095783046,4.117053703527183,38.032959102270794,500.12361006010127,4.117053703527183,0,0.8,1200.0,1200.0,evening_hedge,496.0065563565741,0.0,0.0,7103.102433769396,7103.102433769396,0.0,-0.0
2025-01-25,8,2025-01-25 00:00:00,2025-01-25 00:00:00,426.01752974285233,5.04478854239381,38.032959102270794,464.05048884512314,5.04478854239381,0,0.8,1200.0,1200.0,evening_hedge,1233.3363294478447,774.3306291451154,0.0,7103.102433769396,7800.0,0.0,0.9999999999999974
2025-01-25,9,2025-01-25 00:00:00,2025-01-25 00:00:00,436.0388630545882,5.917162150005009,38.032959102270794,474.071822156859,5.917162150005009,0,0.8,1200.0,1200.0,evening_hedge,1301.4879933401871,833.3333333333333,0.0,7800.0,8550.0,0.0,1.0
2025-01-25,10,2025-01-25 00:00:00,2025-01-25 00:00:00,450.1906684821416,6.679307584115121,38.032959102270794,488.2236275844124,6.679307584115121,0,0.8,1200.0,1200.0,evening_hedge,481.54432000029726,0.0,0.0,8550.0,8550.0,0.0,-0.0
2025-01-25,11,2025-01-25 00:00:00,2025-01-25 00:00:00,488.6763027784576,7.276906747853199,38.032959102270794,526.7092618807284,7.276906747853199,0,0.8,1200.0,1200.0,evening_hedge,519.4323551328752,0.0,0.0,8550.0,8550.0,0.0,0.0
2025-01-25,12,2025-01-25 00:00:00,2025-01-25 00:00:00,519.5990069035049,7.658122460576662,38.032959102270794,557.6319660057757,7.658122460576662,0,0.8,1200.0,1200.0,evening_hedge,549.973843545199,0.0,0.0,8550.0,8550.0,0.0,-0.0
2025-01-25,13,2025-01-25 00:00:00,2025-01-25 00:00:00,482.19886787945194,7.775559378435289,32.707075987603616,514.9059438670556,7.775559378435289,0,0.8,1200.0,1200.0,evening_hedge,1340.4637178219537,833.3333333333333,0.0,8550.0,9300.0,0.0,1.0
2025-01-25,14,2025-01-25 00:00:00,2025-01-25 00:00:00,469.8407645753864,7.588210570000462,32.707075987603616,502.54784056299,7.588210570000462,0,0.8,1200.0,1200.0,evening_hedge,494.95962999298956,0.0,0.0,9300.0,9300.0,0.0,-0.0
2025-01-25,15,2025-01-25 00:00:00,2025-01-25 00:00:00,500.10823869103547,7.0633462015997,32.707075987603616,532.8153146786391,7.0633462015997,0,0.8,1200.0,1200.0,evening_hedge,525.7519684770393,0.0,0.0,9300.0,9300.0,0.0,0.0
2025-01-25,16,2025-01-25 00:00:00,2025-01-25 00:00:00,500.83901800692274,6.178301262266864,32.707075987603616,533.5460939945264,6.178301262266864,0,0.8,1200.0,1200.0,evening_hedge,527.3677927322595,0.0,0.0,9300.0,9300.0,0.0,0.0
2025-01-25,17,2025-01-25 00:00:00,2025-01-25 00:00:00,499.44557255902305,4.922120555506874,32.707075987603616,532.1526485466267,4.922120555506874,0,0.8,1200.0,1200.0,evening_hedge,527.2305279911197,0.0,0.0,9300.0,9300.0,0.0,0.0
2025-01-25,18,2025-01-25 00:00:00,2025-01-25 00:00:00,510.5858854511745,3.297021285680932,32.707075987603616,543.2929614387781,3.297021285680932,0,0.8,1200.0,1200.0,evening_hedge,539.9959401530972,0.0,0.0,9300.0,9300.0,0.0,0.0
2025-01-25,19,2025-01-25 00:00:00,2025-01-25 00:00:00,512.7405034609693,1.3196364376364036,28.945987902198993,541.6864913631683,1.3196364376364036,0,0.8,1200.0,1200.0,evening_hedge,540.3668549255319,0.0,0.0,9300.0,9300.0,0.0,0.0
2025-01-25,20,2025-01-25 00:00:00,2025-01-25 00:00:00,496.28479538731506,0.0,28.945987902198993,525.2307832895141,0.0,0,0.8,1200.0,1200.0,evening_hedge,525.2307832895141,0.0,0.0,9300.0,9300.0,0.0,0.0
2025-01-25,21,2025-01-25 00:00:00,2025-01-25 00:00:00,476.7115227435195,0.0,28.945987902198993,505.6575106457185,0.0,0,0.8,1200.0,1200.0,evening_hedge,505.6575106457185,0.0,0.0,9300.0,9300.0,0.0,0.0
2025-01-25,22,2025-01-25 00:00:00,2025-01-25 00:00:00,485.4841195294827,0.0,28.945987902198993,514.4301074316817,0.0,0,0.8,1200.0,1200.0,evening_hedge,514.4301074316817,0.0,0.0,9300.0,9300.0,0.0,0.0
2025-01-25,23,2025-01-25 00:00:00,2025-01-25 00:00:00,529.2614710175767,0.0,28.945987902198993,558.2074589197757,0.0,0,0.8,1200.0,1200.0,evening_hedge,558.2074589197757,0.0,0.0,9300.0,9300.0,0.0,0.0
2025-01-25,24,2025-01-25 00:00:00,2025-01-25 00:00:00,566.7966864774486,0.0,28.945987902198993,595.7426743796476,0.0,0,0.8,1200.0,1200.0,evening_hedge,595.7426743796476,0.0,0.0,9300.0,9300.0,0.0,0.0
2025-01-25,25,2025-01-25 00:00:00,2025-01-25 00:00:00,543.2116999027439,0.0,30.075169103764964,573.2868690065089,0.0,0,0.8,1200.0,1200.0,evening_hedge,573.2868690065089,0.0,0.0,9300.0,9300.0,0.0,0.0
2025-01-25,26,2025-01-25 00:00:00,2025-01-25 00:00:00,513.2861208598001,0.0,30.075169103764964,543.3612899635651,0.0,0,0.8,1200.0,1200.0,evening_hedge,543.3612899635651,0.0,0.0,9300.0,9300.0,0.0,0.0
2025-01-25,27,2025-01-25 00:00:00,2025-01-25 00:00:00,521.4052190189681,0.0,30.075169103764964,551.4803881227331,0.0,0,0.8,1200.0,1200.0,evening_hedge,551.4803881227331,0.0,0.0,9300.0,9300.0,0.0,0.0
2025-01-25,28,2025-01-25 00:00:00,2025-01-25 00:00:00,559.6919049040363,0.0,30.075169103764964,589.7670740078013,0.0,0,0.8,1200.0,1200.0,evening_hedge,589.7670740078013,0.0,0.0,9300.0,9300.0,0.0,0.0
2025-01-25,29,2025-01-25 00:00:00,2025-01-25 00:00:00,567.7025542816648,0.0,30.075169103764964,597.7777233854298,0.0,0,0.8,1200.0,1200.0,evening_hedge,597.7777233854298,0.0,0.0,9300.0,9300.0,0.0,0.0
2025-01-25,30,2025-01-25 00:00:00,2025-01-25 00:00:00,550.1956853234135,0.0,30.075169103764964,580.2708544271785,0.0,0,0.8,1200.0,1200.0,evening_hedge,580.2708544271785,0.0,0.0,9300.0,9300.0,0.0,0.0
2025-01-25,31,2025-01-25 00:00:00,2025-01-25 00:00:00,563.3720396135766,0.0,29.100699999999996,592.4727396135766,0.0,0,0.8,1200.0,1200.0,evening_hedge,592.4727396135766,0.0,0.0,9300.0,9300.0,0.0,-0.0
2025-01-25,32,2025-01-25 00:00:00,2025-01-25 00:00:00,560.5561577020263,0.0,29.100699999999996,589.6568577020263,0.0,0,0.8,1200.0,1200.0,evening_hedge,589.6568577020263,0.0,0.0,9300.0,9300.0,0.0,0.0
2025-01-25,33,2025-01-25 00:00:00,2025-01-25 00:00:00,537.8381607642265,0.0,29.100699999999996,566.9388607642264,0.0,0,0.8,1200.0,1200.0,evening_hedge,1400.2721940975598,833.3333333333333,0.0,9300.0,10050.0,0.0,1.0
2025-01-25,34,2025-01-25 00:00:00,2025-01-25 00:00:00,543.3917841739333,0.0,29.100699999999996,572.4924841739332,0.0,0,0.8,1200.0,1200.0,evening_hedge,1405.8258175072665,833.3333333333333,0.0,10050.0,10800.0,0.0,1.0
2025-01-25,35,2025-01-25 00:00:00,2025-01-25 00:00:00,557.2151992484601,0.0,29.100699999999996,586.31589924846,0.0,0,0.8,1200.0,1200.0,evening_hedge,586.31589924846,0.0,-0.0,10800.0,10800.0,0.0,0.0
2025-01-25,36,2025-01-25 00:00:00,2025-01-25 00:00:00,560.9294838347603,3.0358736745240495,29.100699999999996,590.0301838347602,3.0358736745240495,0,0.8,1200.0,1200.0,evening_hedge,0.0,0.0,586.9943101602362,10800.0,10147.78409982196,0.0,0.0
2025-01-25,37,2025-01-25 00:00:00,2025-01-25 00:00:00,555.6891932985351,13.569525121126338,73.75721382837436,629.4464071269094,13.569525121126338,0,0.8,1200.0,1200.0,evening_hedge,0.0,0.0,615.876882005783,10147.78409982196,9463.476453148867,0.0,0.0
2025-01-25,38,2025-01-25 00:00:00,2025-01-25 00:00:00,543.4818806593606,26.266895643253076,73.75721382837436,617.239094487735,26.266895643253076,0,0.8,1200.0,1200.0,evening_hedge,0.0,0.0,590.9721988444819,9463.476453148867,8806.840676654998,0.0,0.0
2025-01-25,39,2025-01-25 00:00:00,2025-01-25 00:00:00,535.7160551299113,41.24175803283718,73.75721382837436,609.4732689582856,41.24175803283718,0,0.8,1200.0,1200.0,evening_hedge,0.0,0.0,568.2315109254484,8806.840676654998,8175.472331182277,0.0,0.0
2025-01-25,40,2025-01-25 00:00:00,2025-01-25 00:00:00,550.00940096928,58.58671217738204,73.75721382837436,623.7666147976544,58.58671217738204,0,0.8,1200.0,1200.0,evening_hedge,0.0,0.0,565.1799026202723,8175.472331182277,7547.494661604197,0.0,0.0
2025-01-25,41,2025-01-25 00:00:00,2025-01-25 00:00:00,590.4705325384748,78.37066368508019,73.75721382837436,664.2277463668491,78.37066368508019,0,0.8,1200.0,1200.0,evening_hedge,0.0,0.0,585.8570826817689,7547.494661604197,6896.542347513343,0.0,0.0
2025-01-25,42,2025-01-25 00:00:00,2025-01-25 00:00:00,643.143920544883,100.63656988938168,73.75721382837436,716.9011343732574,100.63656988938168,0,0.8,1200.0,1200.0,evening_hedge,0.0,0.0,616.2645644838757,6896.542347513343,6211.803942531259,0.0,0.0
2025-01-25,43,2025-01-25 00:00:00,2025-01-25 00:00:00,678.4381945617955,125.39949672151987,58.559194757389626,736.9973893191851,125.39949672151987,0,0.8,1200.0,1200.0,evening_hedge,0.0,0.0,611.5978925976652,6211.803942531259,5532.250728533853,0.0,0.0
2025-01-25,44,2025-01-25 00:00:00,2025-01-25 00:00:00,665.0000225667582,152.64502565859536,58.559194757389626,723.5592173241478,152.64502565859536,0,0.8,1200.0,1200.0,evening_hedge,0.0,0.0,570.9141916655524,5532.250728533853,4897.90162668324,0.0,0.0
2025-01-25,45,2025-01-25 00:00:00,2025-01-25 00:00:00,626.899160094139,182.328044963868,58.559194757389626,685.4583548515286,182.328044963868,0,0.8,1200.0,1200.0,evening_hedge,0.0,0.0,503.1303098876606,4897.90162668324,4338.867949030283,0.0,0.0
2025-01-25,46,2025-01-25 00:00:00,2025-01-25 00:00:00,623.4397372510765,214.37195381259355,58.559194757389626,681.9989320084661,214.37195381259355,0,0.8,1200.0,1200.0,evening_hedge,264.4271535293862,0.0,203.19982466648634,4338.867949030283,4113.09036606752,0.0,0.0
2025-01-25,47,2025-01-25 00:00:00,2025-01-25 00:00:00,632.9165324445192,248.66830173002472,58.559194757389626,691.4757272019089,248.66830173002472,0,0.8,1200.0,1200.0,evening_hedge,0.0,0.0,442.80742547188413,4113.09036606752,3621.0821155432045,0.0,0.0
2025-01-25,48,2025-01-25 00:00:00,2025-01-25 00:00:00,632.472409613695,285.07687915661046,58.559194757389626,691.0316043710847,285.07687915661046,0,0.8,1200.0,1200.0,evening_hedge,0.0,0.0,405.9547252144742,3621.0821155432045,3170.0213097493443,0.0,0.0
2025-01-25,49,2025-01-25 00:00:00,2025-01-25 00:00:00,624.7459762580935,323.42626800569747,-6.868361004197084,617.8776152538965,323.42626800569747,0,0.8,1200.0,1200.0,evening_hedge,0.0,0.0,294.451347248199,3170.0213097493443,2842.8531461402345,0.0,0.0
2025-01-25,50,2025-01-25 00:00:00,2025-01-25 00:00:00,633.7867169770456,363.5148539040753,-6.868361004197084,626.9183559728485,363.5148539040753,0,0.8,1200.0,1200.0,evening_hedge,0.0,0.0,263.4035020687732,2842.8531461402345,2550.182588286042,0.0,0.0
2025-01-25,51,2025-01-25 00:00:00,2025-01-25 00:00:00,649.6101401796165,405.1122945228864,-6.868361004197084,642.7417791754194,405.1122945228864,0,0.8,1200.0,1200.0,evening_hedge,0.0,0.0,237.62948465253305,2550.182588286042,2286.1498275610056,0.0,0.0
2025-01-25,52,2025-01-25 00:00:00,2025-01-25 00:00:00,644.7894458410218,447.9614311355404,-6.868361004197084,637.9210848368248,447.9614311355404,0,0.8,1200.0,1200.0,evening_hedge,0.0,0.0,189.95965370128437,2286.1498275610056,2075.0835456706895,0.0,0.0
2025-01-25,53,2025-01-25 00:00:00,2025-01-25 00:00:00,675.2484804044568,491.78062340050957,-6.868361004197084,668.3801194002597,491.78062340050957,0,0.8,1200.0,1200.0,evening_hedge,0.0,0.0,176.5994959997501,2075.0835456706895,1878.861883448745,0.0,0.0
2025-01-25,54,2025-01-25 00:00:00,2025-01-25 00:00:00,737.1766167410261,536.2664804789223,-6.868361004197084,730.3082557368291,536.2664804789223,0,0.8,1200.0,1200.0,evening_hedge,0.0,0.0,194.0417752579068,1878.861883448745,1663.2599109399596,0.0,0.0
2025-01-25,55,2025-01-25 00:00:00,2025-01-25 00:00:00,762.0126802437785,581.0969550746217,6.291483333333314,768.3041635771118,581.0969550746217,0,0.8,1200.0,1200.0,evening_hedge,0.0,0.0,187.20720850249006,1663.2599109399596,1455.2519014927484,0.0,0.0
2025-01-25,56,2025-01-25 00:00:00,2025-01-25 00:00:00,747.1782658681143,625.9347609373783,6.291483333333314,753.4697492014476,625.9347609373783,0,0.8,1200.0,1200.0,evening_hedge,0.0,0.0,127.53498826406928,1455.2519014927484,1313.546358977116,0.0,0.0
2025-01-25,57,2025-01-25 00:00:00,2025-01-25 00:00:00,729.6605476420001,670.4310689002125,6.291483333333314,735.9520309753334,670.4310689002125,0,0.8,1200.0,1200.0,evening_hedge,0.0,0.0,65.5209620751209,1313.546358977116,1240.7452900047595,0.0,0.0
2025-01-25,58,2025-01-25 00:00:00,2025-01-25 00:00:00,744.6087093932044,714.2294317222542,6.291483333333314,750.9001927265377,714.2294317222542,0,0.8,1200.0,1200.0,evening_hedge,0.0,0.0,36.67076100428358,1240.7452900047595,1200.0,0.0,0.0
2025-01-25,59,2025-01-25 00:00:00,2025-01-25 00:00:00,734.6543536094866,756.9698839613952,6.291483333333314,740.9458369428199,756.9698839613952,0,0.8,1200.0,1200.0,evening_hedge,0.0,16.02404701857529,0.0,1200.0,1214.4216423167177,0.0,1.0
2025-01-25,60,2025-01-25 00:00:00,2025-01-25 00:00:00,699.8928458725226,798.2931598762576,6.291483333333314,706.1843292058559,798.2931598762576,0,0.8,1200.0,1200.0,evening_hedge,0.0,92.10883067040174,0.0,1214.4216423167177,1297.3195899200794,0.0,1.0
2025-01-25,61,2025-01-25 00:00:00,2025-01-25 00:00:00,702.3265894076734,837.8449700113985,34.75465247156246,737.0812418792359,837.8449700113985,0,0.8,1200.0,1200.0,evening_hedge,0.0,100.76372813216256,0.0,1297.3195899200794,1388.0069452390258,0.0,1.0
2025-01-25,62,2025-01-25 00:00:00,2025-01-25 00:00:00,728.1855526563181,875.280275695606,34.75465247156246,762.9402051278806,875.280275695606,0,0.8,1200.0,1200.0,evening_hedge,0.0,112.34007056772532,0.0,1388.0069452390258,1489.1130087499785,0.0,1.0
2025-01-25,63,2025-01-25 00:00:00,2025-01-25 00:00:00,742.6579716645663,910.2675002079807,34.75465247156246,777.4126241361288,910.2675002079807,0,0.8,1200.0,1200.0,evening_hedge,0.0,132.8548760718519,0.0,1489.1130087499785,1608.682397214645,0.0,1.0
2025-01-25,64,2025-01-25 00:00:00,2025-01-25 00:00:00,721.5016474412449,942.4926158519594,34.75465247156246,756.2562999128074,942.4926158519594,0,0.8,1200.0,1200.0,evening_hedge,0.0,186.23631593915195,0.0,1608.682397214645,1776.295081559882,0.0,1.0
2025-01-25,65,2025-01-25 00:00:00,2025-01-25 00:00:00,687.8552922948599,971.6630476196129,34.75465247156246,722.6099447664224,971.6630476196129,0,0.8,1200.0,1200.0,evening_hedge,0.0,249.05310285319058,0.0,1776.295081559882,2000.4428741277534,0.0,1.0
2025-01-25,66,2025-01-25 00:00:00,2025-01-25 00:00:00,682.6669549856874,997.5113365076517,34.75465247156246,717.4216074572499,997.5113365076517,0,0.8,1200.0,1200.0,evening_hedge,0.0,280.08972905040173,0.0,2000.4428741277534,2252.523630273115,0.0,1.0
2025-01-25,67,2025-01-25 00:00:00,2025-01-25 00:00:00,724.042085556878,1019.7985088274289,70.64452523121425,794.6866107880923,1019.7985088274289,0,0.8,1200.0,1200.0,evening_hedge,608.2214352939966,833.3333333333333,0.0,2252.523630273115,3002.523630273115,0.0,1.0
2025-01-25,68,2025-01-25 00:00:00,2025-01-25 00:00:00,720.6031476415571,1038.317101983809,70.64452523121425,791.2476728727714,1038.317101983809,0,0.8,1200.0,1200.0,evening_hedge,54.20495076847044,301.27437987950793,0.0,3002.523630273115,3273.670572164672,0.0,0.9999999999999915
2025-01-25,69,2025-01-25 00:00:00,2025-01-25 00:00:00,682.998616088749,1052.8938021178926,70.64452523121425,753.6431413199633,1052.8938021178926,0,0.8,1200.0,1200.0,evening_hedge,534.082672535404,833.3333333333333,0.0,3273.670572164672,4023.670572164672,0.0,1.0
2025-01-25,70,2025-01-25 00:00:00,2025-01-25 00:00:00,710.0046072943769,1063.391654639158,70.64452523121425,780.6491325255912,1063.391654639158,0,0.8,1200.0,1200.0,evening_hedge,550.5908112197664,833.3333333333333,0.0,4023.670572164672,4773.670572164672,0.0,1.0
2025-01-25,71,2025-01-25 00:00:00,2025-01-25 00:00:00,737.919549577359,1069.7118149246066,70.64452523121425,808.5640748085733,1069.7118149246066,0,0.8,1200.0,1200.0,evening_hedge,572.1855932172999,833.3333333333333,0.0,4773.670572164672,5523.670572164672,0.0,1.0
2025-01-25,72,2025-01-25 00:00:00,2025-01-25 00:00:00,726.0653163323226,1071.794813236872,70.64452523121425,796.7098415635369,1071.794813236872,0,0.8,1200.0,1200.0,evening_hedge,558.2483616599982,833.3333333333333,0.0,5523.670572164672,6273.670572164672,0.0,1.0
2025-01-25,73,2025-01-25 00:00:00,2025-01-25 00:00:00,699.8316664820442,1069.621315102016,83.08809870227412,782.9197651843183,1069.621315102016,0,0.8,1200.0,1200.0,evening_hedge,546.6317834156355,833.3333333333333,0.0,6273.670572164672,7023.670572164672,0.0,1.0
2025-01-25,74,2025-01-25 00:00:00,2025-01-25 00:00:00,687.3209930106738,1063.2123658762368,83.08809870227412,770.4090917129479,1063.2123658762368,0,0.8,1200.0,1200.0,evening_hedge,540.5300591700443,833.3333333333333,0.0,7023.670572164672,7773.670572164672,0.0,1.0
2025-01-25,75,2025-01-25 00:00:00,2025-01-25 00:00:00,687.1040062378733,1052.6291158992356,83.08809870227412,770.1921049401474,1052.6291158992356,0,0.8,1200.0,1200.0,evening_hedge,550.8963223742451,833.3333333333333,0.0,7773.670572164672,8523.670572164672,0.0,1.0
2025-01-25,76,2025-01-25 00:00:00,2025-01-25 00:00:00,678.8220197893796,1037.9720303578276,83.08809870227412,761.9101184916537,1037.9720303578276,0,0.8,1200.0,1200.0,evening_hedge,557.2714214671594,833.3333333333333,0.0,8523.670572164672,9273.670572164672,0.0,1.0
2025-01-25,77,2025-01-25 00:00:00,2025-01-25 00:00:00,682.846129932696,1019.379595642967,83.08809870227412,765.9342286349702,1019.379595642967,0,0.8,1200.0,1200.0,evening_hedge,0.0,253.44536700799688,0.0,9273.670572164672,9501.77140247187,0.0,1.0
2025-01-25,78,2025-01-25 00:00:00,2025-01-25 00:00:00,695.1983206420387,997.0265414541052,83.08809870227412,778.2864193443128,997.0265414541052,0,0.8,1200.0,1200.0,evening_hedge,0.0,218.74012210979242,0.0,9501.77140247187,9698.637512370682,0.0,1.0
2025-01-25,79,2025-01-25 00:00:00,2025-01-25 00:00:00,685.9871775535214,971.1216050673729,47.24286357976663,733.2300411332881,971.1216050673729,0,0.8,1200.0,1200.0,evening_hedge,0.0,237.89156393408484,0.0,9698.637512370682,9912.739919911359,0.0,1.0
2025-01-25,80,2025-01-25 00:00:00,2025-01-25 00:00:00,661.4694906074945,941.9048709241621,47.24286357976663,708.7123541872612,941.9048709241621,0,0.8,1200.0,1200.0,evening_hedge,0.0,233.19251673690087,0.0,9912.739919911359,10122.613184974569,0.0,1.0
2025-01-25,81,2025-01-25 00:00:00,2025-01-25 00:00:00,645.9552202943561,909.6447249070259,47.24286357976663,693.1980838741227,909.6447249070259,0,0.8,1200.0,1200.0,evening_hedge,0.0,216.44664103290313,0.0,10122.613184974569,10317.415161904182,0.0,1.0
2025-01-25,82,2025-01-25 00:00:00,2025-01-25 00:00:00,660.9522138031443,874.6344682519114,47.24286357976663,708.195077382911,874.6344682519114,0,0.8,1200.0,1200.0,evening_hedge,0.0,166.43939086900036,0.0,10317.415161904182,10467.210613686282,0.0,1.0
2025-01-25,83,2025-01-25 00:00:00,2025-01-25 00:00:00,682.5804739156696,837.1886409115472,47.24286357976663,729.8233374954362,837.1886409115472,0,0.8,1200.0,1200.0,evening_hedge,0.0,107.36530341611092,0.0,10467.210613686282,10563.839386760783,0.0,1.0
2025-01-25,84,2025-01-25 00:00:00,2025-01-25 00:00:00,683.5354854406559,797.6391082580216,47.24286357976663,730.7783490204225,797.6391082580216,0,0.8,1200.0,1200.0,evening_hedge,0.0,66.86075923759904,0.0,10563.839386760783,10624.014070074621,0.0,1.0
2025-01-25,85,2025-01-25 00:00:00,2025-01-25 00:00:00,654.5040505814083,756.3309682301796,14.959648979992236,669.4636995614005,756.3309682301796,0,0.8,1200.0,1200.0,evening_hedge,0.0,86.86726866877905,0.0,10624.014070074621,10702.194611876523,0.0,1.0
2025-01-25,86,2025-01-25 00:00:00,2025-01-25 00:00:00,625.358789575938,713.6183383444107,14.959648979992236,640.3184385559302,713.6183383444107,0,0.8,1200.0,1200.0,evening_hedge,0.0,73.2998997884805,0.0,10702.194611876523,10768.164521686154,0.0,1.0
2025-01-25,87,2025-01-25 00:00:00,2025-01-25 00:00:00,619.5276806995992,669.8600833616431,14.959648979992236,634.4873296795914,669.8600833616431,0,0.8,1200.0,1200.0,evening_hedge,0.0,35.372753682051666,0.0,10768.164521686154,10800.0,0.0,1.0
2025-01-25,88,2025-01-25 00:00:00,2025-01-25 00:00:00,634.8022095607297,625.4155448203774,14.959648979992236,649.761858540722,625.4155448203774,0,0.8,1200.0,1200.0,evening_hedge,0.0,0.0,24.346313720344597,10800.0,10772.948540310728,0.0,0.0
2025-01-25,89,2025-01-25 00:00:00,2025-01-25 00:00:00,633.1791383999523,580.6403331025302,14.959648979992236,648.1387873799446,580.6403331025302,0,0.8,1200.0,1200.0,evening_hedge,0.0,0.0,67.49845427741434,10772.948540310728,10697.950257780269,0.0,0.0
2025-01-25,90,2025-01-25 00:00:00,2025-01-25 00:00:00,616.5503170812706,535.8822412086556,14.959648979992236,631.5099660612628,535.8822412086556,0,0.8,1200.0,1200.0,evening_hedge,95.62772485260723,0.0,0.0,10697.950257780269,10697.950257780269,0.0,0.0
2025-01-25,91,2025-01-25 00:00:00,2025-01-25 00:00:00,619.6333935051462,491.4773370102916,1.338538706875605,620.9719322120218,491.4773370102916,0,0.8,1200.0,1200.0,evening_hedge,242.88319766809835,113.38860246636816,0.0,10697.950257780269,10800.0,0.0,1.0
2025-01-25,92,2025-01-25 00:00:00,2025-01-25 00:00:00,616.0571948568227,447.7462874631786,1.338538706875605,617.3957335636983,447.7462874631786,0,0.8,1200.0,1200.0,evening_hedge,169.6494461005197,0.0,0.0,10800.0,10800.0,0.0,0.0
2025-01-25,93,2025-01-25 00:00:00,2025-01-25 00:00:00,615.3496217130614,404.99096416366035,1.338538706875605,616.688160419937,404.99096416366035,0,0.8,1200.0,1200.0,evening_hedge,211.6971962562767,0.0,0.0,10800.0,10800.0,0.0,0.0
2025-01-25,94,2025-01-25 00:00:00,2025-01-25 00:00:00,653.0903435645625,363.4913747826911,1.338538706875605,654.4288822714382,363.4913747826911,0,0.8,1200.0,1200.0,evening_hedge,290.9375074887471,0.0,0.0,10800.0,10800.0,0.0,0.0
2025-01-25,95,2025-01-25 00:00:00,2025-01-25 00:00:00,665.3239475234044,323.50295940056645,1.338538706875605,666.66248623028,323.50295940056645,0,0.8,1200.0,1200.0,evening_hedge,343.15952682971357,0.0,0.0,10800.0,10800.0,0.0,0.0
2025-01-25,96,2025-01-25 00:00:00,2025-01-25 00:00:00,632.7557781766153,285.2542846843548,1.338538706875605,634.0943168834909,285.2542846843548,0,0.8,1200.0,1200.0,evening_hedge,348.84003219913615,0.0,0.0,10800.0,10800.0,0.0,0.0
2025-01-25,97,2025-01-25 00:00:00,2025-01-25 00:00:00,601.9766127817661,248.9451623017088,69.48297802861511,671.4595908103812,248.9451623017088,0,0.8,1200.0,1200.0,evening_hedge,422.5144285086724,0.0,-0.0,10800.0,10800.0,0.0,0.0
2025-01-25,98,2025-01-25 00:00:00,2025-01-25 00:00:00,601.043073337073,214.74521105916432,69.48297802861511,670.5260513656881,214.74521105916432,0,0.8,1200.0,1200.0,evening_hedge,455.78084030652377,0.0,-0.0,10800.0,10800.0,0.0,0.0
2025-01-25,99,2025-01-25 00:00:00,2025-01-25 00:00:00,615.634331217422,182.79287510551322,69.48297802861511,685.117309246037,182.79287510551322,0,0.8,1200.0,1200.0,evening_hedge,502.32443414052386,0.0,-0.0,10800.0,10800.0,0.0,0.0
2025-01-25,100,2025-01-25 00:00:00,2025-01-25 00:00:00,600.9779591465178,153.19490327010118,69.48297802861511,670.4609371751329,153.19490327010118,0,0.8,1200.0,1200.0,evening_hedge,517.2660339050317,0.0,-0.0,10800.0,10800.0,0.0,0.0
2025-01-25,101,2025-01-25 00:00:00,2025-01-25 00:00:00,540.5794465064679,126.02628733222954,69.48297802861511,610.062424535083,126.02628733222954,0,0.8,1200.0,1200.0,evening_hedge,484.0361372028534,0.0,-0.0,10800.0,10800.0,0.0,0.0
2025-01-25,102,2025-01-25 00:00:00,2025-01-25 00:00:00,475.25941068993603,101.33064986078823,69.48297802861511,544.7423887185512,101.33064986078823,0,0.8,1200.0,1200.0,evening_hedge,443.41173885776294,0.0,-0.0,10800.0,10800.0,0.0,0.0
2025-01-25,103,2025-01-25 00:00:00,2025-01-25 00:00:00,467.9741361038916,79.12106533990726,62.95462635141663,530.9287624553083,79.12106533990726,0,0.8,1200.0,1200.0,evening_hedge,451.807697115401,0.0,0.0,10800.0,10800.0,0.0,0.0
2025-01-25,104,2025-01-25 00:00:00,2025-01-25 00:00:00,473.0159352033214,59.38129171932349,62.95462635141663,535.9705615547381,59.38129171932349,0,0.8,1200.0,1200.0,evening_hedge,476.5892698354146,0.0,0.0,10800.0,10800.0,0.0,0.0
2025-01-25,105,2025-01-25 00:00:00,2025-01-25 00:00:00,465.8913711231343,42.06738340330533,62.95462635141663,528.8459974745509,42.06738340330533,0,0.8,1200.0,1200.0,evening_hedge,486.7786140712456,0.0,-0.0,10800.0,10800.0,0.0,0.0
2025-01-25,106,2025-01-25 00:00:00,2025-01-25 00:00:00,464.6642296932481,27.109651117342956,62.95462635141663,527.6188560446648,27.109651117342956,0,0.8,1200.0,1200.0,evening_hedge,500.50920492732183,0.0,0.0,10800.0,10800.0,0.0,0.0
2025-01-25,107,2025-01-25 00:00:00,2025-01-25 00:00:00,462.83518573916945,14.414929155383197,62.95462635141663,525.7898120905861,14.414929155383197,0,0.8,1200.0,1200.0,evening_hedge,511.3748829352029,0.0,-0.0,10800.0,10800.0,0.0,0.0
2025-01-25,108,2025-01-25 00:00:00,2025-01-25 00:00:00,468.16160459318496,3.869106289021327,62.95462635141663,531.1162309446016,3.869106289021327,0,0.8,1200.0,1200.0,evening_hedge,0.0,0.0,527.2471246555803,10800.0,10214.1698614938,0.0,0.0
2025-01-25,109,2025-01-25 00:00:00,2025-01-25 00:00:00,492.97373603756796,0.0,41.059330215170945,534.0330662527389,0.0,0,0.9,1200.0,1200.0,evening_hedge,0.0,0.0,534.0330662527389,10214.1698614938,9620.799787879645,0.0,0.0
2025-01-25,110,2025-01-25 00:00:00,2025-01-25 00:00:00,487.1064618534804,0.0,41.059330215170945,528.1657920686514,0.0,0,0.9,1200.0,1200.0,evening_hedge,0.0,0.0,528.1657920686514,9620.799787879645,9033.948907803366,0.0,0.0
2025-01-25,111,2025-01-25 00:00:00,2025-01-25 00:00:00,451.74437275262846,0.0,41.059330215170945,492.8037029677994,0.0,0,0.9,1200.0,1200.0,evening_hedge,0.0,0.0,492.8037029677994,9033.948907803366,8486.389237839145,0.0,0.0
2025-01-25,112,2025-01-25 00:00:00,2025-01-25 00:00:00,440.98128242738943,0.0,41.059330215170945,482.0406126425604,0.0,0,0.9,1200.0,1200.0,evening_hedge,0.0,0.0,482.0406126425604,8486.389237839145,7950.788557125188,0.0,0.0
2025-01-25,113,2025-01-25 00:00:00,2025-01-25 00:00:00,451.2186108172441,0.0,41.059330215170945,492.277941032415,0.0,0,0.9,1200.0,1200.0,evening_hedge,0.0,0.0,492.277941032415,7950.788557125188,7403.813067089171,0.0,0.0
2025-01-25,114,2025-01-25 00:00:00,2025-01-25 00:00:00,451.98440108126175,0.0,41.059330215170945,493.0437312964327,0.0,0,0.9,1200.0,1200.0,evening_hedge,0.0,0.0,493.0437312964327,7403.813067089171,6855.986698982024,0.0,0.0
2025-01-25,115,2025-01-25 00:00:00,2025-01-25 00:00:00,424.96123139726467,0.0,43.92425666666667,468.88548806393135,0.0,0,0.9,1200.0,1200.0,evening_hedge,0.0,0.0,468.88548806393135,6855.986698982024,6335.002823355433,0.0,0.0
2025-01-25,116,2025-01-25 00:00:00,2025-01-25 00:00:00,442.18814841757245,0.0,43.92425666666667,486.11240508423913,0.0,0,0.9,1200.0,1200.0,evening_hedge,0.0,0.0,486.11240508423913,6335.002823355433,5794.87792881739,0.0,0.0
2025-01-25,117,2025-01-25 00:00:00,2025-01-25 00:00:00,482.2060166487936,0.0,43.92425666666667,526.1302733154603,0.0,0,0.9,1200.0,1200.0,evening_hedge,0.0,0.0,526.1302733154603,5794.87792881739,5210.288736244656,0.0,0.0
2025-01-25,118,2025-01-25 00:00:00,2025-01-25 00:00:00,453.09503205002034,0.0,43.92425666666667,497.019288716687,0.0,0,0.9,1200.0,1200.0,evening_hedge,0.0,0.0,497.019288716687,5210.288736244656,4658.045082115004,0.0,0.0
2025-01-25,119,2025-01-25 00:00:00,2025-01-25 00:00:00,441.22232852178723,0.0,43.92425666666667,485.1465851884539,0.0,0,0.9,1200.0,1200.0,evening_hedge,0.0,0.0,485.1465851884539,4658.045082115004,4118.9933207945,0.0,0.0
2025-01-25,120,2025-01-25 00:00:00,2025-01-25 00:00:00,471.0963198750394,0.0,43.92425666666667,515.0205765417061,0.0,0,0.9,1200.0,1200.0,evening_hedge,0.0,0.0,515.0205765417061,4118.9933207945,3546.7482357481595,0.0,0.0
2025-01-25,121,2025-01-25 00:00:00,2025-01-25 00:00:00,477.04765775633473,0.0,47.624745050057946,524.6724028063927,0.0,0,0.9,1200.0,1200.0,evening_hedge,0.0,0.0,524.6724028063927,3546.7482357481595,2963.778899296612,0.0,0.0
2025-01-25,122,2025-01-25 00:00:00,2025-01-25 00:00:00,463.50610892591305,0.0,47.624745050057946,511.130853975971,0.0,0,0.9,1200.0,1200.0,evening_hedge,0.0,0.0,511.130853975971,2963.778899296612,2395.8557282121997,0.0,0.0
2025-01-25,123,2025-01-25 00:00:00,2025-01-25 00:00:00,453.1547965217852,0.0,47.624745050057946,500.77954157184314,0.0,0,0.9,1200.0,1200.0,evening_hedge,0.0,0.0,500.77954157184314,2395.8557282121997,1839.434015354596,0.0,0.0
2025-01-25,124,2025-01-25 00:00:00,2025-01-25 00:00:00,464.92877393492745,0.0,47.624745050057946,512.5535189849854,0.0,0,0.9,1200.0,1200.0,evening_hedge,0.0,0.0,512.5535189849854,1839.434015354596,1269.9301053712788,0.0,0.0
2025-01-25,125,2025-01-25 00:00:00,2025-01-25 00:00:00,502.902614108207,0.3606433689314348,47.624745050057946,550.527359158265,0.3606433689314348,0,0.9,1200.0,1200.0,evening_hedge,487.2296209551826,0.0,62.937094834150955,1269.9301053712788,1200.0,0.0,0.0
2025-01-25,126,2025-01-25 00:00:00,2025-01-25 00:00:00,529.023897621497,2.2189672074061404,47.624745050057946,576.648642671555,2.2189672074061404,0,0.9,1200.0,1200.0,evening_hedge,574.4296754641488,0.0,0.0,1200.0,1200.0,0.0,0.0
2025-01-25,127,2025-01-25 00:00:00,2025-01-25 00:00:00,495.8555023724392,3.7334046936433225,59.685568788538696,555.5410711609779,3.7334046936433225,0,0.9,1200.0,1200.0,evening_hedge,551.8076664673346,-0.0,0.0,1200.0,1200.0,0.0,0.0
2025-01-25,128,2025-01-25 00:00:00,2025-01-25 00:00:00,469.16927801486963,4.888467008957955,59.685568788538696,528.8548468034083,4.888467008957955,0,0.9,1200.0,1200.0,evening_hedge,523.9663797944504,0.0,0.0,1200.0,1200.0,0.0,0.0
2025-01-25,129,2025-01-25 00:00:00,2025-01-25 00:00:00,477.0398827562178,5.682890126644594,59.685568788538696,536.7254515447565,5.682890126644594,0,0.9,1200.0,1200.0,evening_hedge,531.042561418112,0.0,0.0,1200.0,1200.0,0.0,0.0
2025-01-25,130,2025-01-25 00:00:00,2025-01-25 00:00:00,482.1460337248336,6.128374280500925,59.685568788538696,541.8316025133723,6.128374280500925,0,0.9,1200.0,1200.0,evening_hedge,535.7032282328714,0.0,0.0,1200.0,1200.0,0.0,0.0
2025-01-25,131,2025-01-25 00:00:00,2025-01-25 00:00:00,453.5680072221513,6.248107720418898,59.685568788538696,513.25357601069,6.248107720418898,0,0.9,1200.0,1200.0,evening_hedge,507.00546829027115,-0.0,0.0,1200.0,1200.0,0.0,0.0
2025-01-25,132,2025-01-25 00:00:00,2025-01-25 00:00:00,415.0083137114738,6.075111787940316,59.685568788538696,474.69388250001253,6.075111787940316,0,0.9,1200.0,1200.0,evening_hedge,468.6187707120722,0.0,0.0,1200.0,1200.0,0.0,0.0
2025-01-25,133,2025-01-25 00:00:00,2025-01-25 00:00:00,421.31680637746035,5.650447151865199,38.872692364208106,460.18949874166844,5.650447151865199,0,0.8,1200.0,1200.0,evening_hedge,454.53905158980325,0.0,0.0,1200.0,1200.0,0.0,0.0
2025-01-25,134,2025-01-25 00:00:00,2025-01-25 00:00:00,443.51232761499534,5.021323078108335,38.872692364208106,482.38501997920343,5.021323078108335,0,0.8,1200.0,1200.0,evening_hedge,477.3636969010951,0.0,-0.0,1200.0,1200.0,0.0,0.0
2025-01-25,135,2025-01-25 00:00:00,2025-01-25 00:00:00,448.07686740320344,4.239152837044168,38.872692364208106,486.94955976741153,4.239152837044168,0,0.8,1200.0,1200.0,evening_hedge,482.71040693036736,0.0,0.0,1200.0,1200.0,0.0,0.0
2025-01-25,136,2025-01-25 00:00:00,2025-01-25 00:00:00,426.1148261027311,3.3575987580097078,38.872692364208106,464.9875184669392,3.3575987580097078,0,0.8,1200.0,1200.0,evening_hedge,461.6299197089295,0.0,0.0,1200.0,1200.0,0.0,0.0
2025-01-25,137,2025-01-25 00:00:00,2025-01-25 00:00:00,399.16732646352375,2.430650021708223,38.872692364208106,438.04001882773184,2.430650021708223,0,0.8,1200.0,1200.0,evening_hedge,435.6093688060236,0.0,0.0,1200.0,1200.0,0.0,0.0
2025-01-25,138,2025-01-25 00:00:00,2025-01-25 00:00:00,394.58924391461267,1.5107750488415146,38.872692364208106,433.46193627882076,1.5107750488415146,0,0.8,1200.0,1200.0,evening_hedge,431.9511612299792,0.0,0.0,1200.0,1200.0,0.0,0.0
2025-01-25,139,2025-01-25 00:00:00,2025-01-25 00:00:00,422.9812080022745,0.6471883239336353,24.848130478318037,447.8293384805925,0.6471883239336353,0,0.8,1200.0,1200.0,evening_hedge,447.1821501566589,0.0,0.0,1200.0,1200.0,0.0,0.0
2025-01-25,140,2025-01-25 00:00:00,2025-01-25 00:00:00,436.4238712766424,0.0,24.848130478318037,461.2720017549604,0.0,0,0.8,1200.0,1200.0,evening_hedge,461.2720017549604,0.0,0.0,1200.0,1200.0,0.0,0.0
2025-01-25,141,2025-01-25 00:00:00,2025-01-25 00:00:00,419.31147392287585,0.0,24.848130478318037,444.15960440119386,0.0,0,0.8,1200.0,1200.0,evening_hedge,444.15960440119386,0.0,0.0,1200.0,1200.0,0.0,0.0
2025-01-25,142,2025-01-25 00:00:00,2025-01-25 00:00:00,413.8750932293674,0.0,24.848130478318037,438.7232237076854,0.0,0,0.8,1200.0,1200.0,evening_hedge,438.7232237076854,0.0,0.0,1200.0,1200.0,0.0,0.0
2025-01-25,143,2025-01-25 00:00:00,2025-01-25 00:00:00,499.4976487212519,0.0,24.848130478318037,524.34577919957,0.0,0,0.8,1200.0,1200.0,evening_hedge,524.34577919957,0.0,0.0,1200.0,1200.0,0.0,0.0
2025-01-25,144,2025-01-25 00:00:00,2025-01-25 00:00:00,616.6461991881629,0.0,24.848130478318037,641.4943296664809,0.0,0,0.8,1200.0,1200.0,evening_hedge,641.4943296664809,0.0,0.0,1200.0,1200.0,0.0,0.0
2025-01-26,1,2025-01-26 00:00:00,2025-01-26 00:00:00,640.4820693277484,0.09347043577059644,29.277821522591303,669.7598908503397,0.09347043577059644,0,0.8,1200.0,1200.0,evening_hedge,1502.9997537479026,833.3333333333333,0.0,2772.8950164410685,3522.8950164410685,0.0,1.0
2025-01-26,2,2025-01-26 00:00:00,2025-01-26 00:00:00,603.3091827966045,0.42157631987980215,29.277821522591303,632.5870043191959,0.42157631987980215,0,0.8,1200.0,1200.0,evening_hedge,1465.4987613326493,833.3333333333333,0.0,3522.8950164410685,4272.895016441068,0.0,1.0
2025-01-26,3,2025-01-26 00:00:00,2025-01-26 00:00:00,600.8375015941186,0.9676963230694429,29.277821522591303,630.11532311671,0.9676963230694429,0,0.8,1200.0,1200.0,evening_hedge,1462.480960126974,833.3333333333333,0.0,4272.895016441068,5022.895016441068,0.0,1.0
2025-01-26,4,2025-01-26 00:00:00,2025-01-26 00:00:00,626.8266431244555,1.7056218267090388,29.277821522591303,656.1044646470468,1.7056218267090388,0,0.8,1200.0,1200.0,evening_hedge,1487.732176153671,833.3333333333333,0.0,5022.895016441068,5772.895016441068,0.0,1.0
2025-01-26,5,2025-01-26 00:00:00,2025-01-26 00:00:00,636.2454435461567,2.6003048245636586,29.277821522591303,665.5232650687481,2.6003048245636586,0,0.8,1200.0,1200.0,evening_hedge,1496.2562935775177,833.3333333333333,0.0,5772.895016441068,6522.895016441068,0.0,1.0
2025-01-26,6,2025-01-26 00:00:00,2025-01-26 00:00:00,628.1000753428667,3.6088761147770154,29.277821522591303,657.3778968654581,3.6088761147770154,0,0.8,1200.0,1200.0,evening_hedge,1487.1023540840142,833.3333333333333,0.0,6522.895016441068,7272.895016441068,0.0,1.0
2025-01-26,7,2025-01-26 00:00:00,2025-01-26 00:00:00,639.587509749676,4.681912647272526,39.564868165421196,679.1523779150972,4.681912647272526,0,0.8,1200.0,1200.0,evening_hedge,674.4704652678247,0.0,0.0,7272.895016441068,7272.895016441068,0.0,0.0
2025-01-26,8,2025-01-26 00:00:00,2025-01-26 00:00:00,649.7810905417329,5.764927608042438,39.564868165421196,689.3459587071541,5.764927608042438,0,0.8,1200.0,1200.0,evening_hedge,1269.2532350534805,585.6722039543688,0.0,7272.895016441068,7800.0,0.0,0.9999999999999982
2025-01-26,9,2025-01-26 00:00:00,2025-01-26 00:00:00,647.3864883256846,6.800052027309854,39.564868165421196,686.9513564911058,6.800052027309854,0,0.8,1200.0,1200.0,evening_hedge,1513.4846377971292,833.3333333333333,0.0,7800.0,8550.0,0.0,1.0
2025-01-26,10,2025-01-26 00:00:00,2025-01-26 00:00:00,645.0490524950003,7.7278724830980705,39.564868165421196,684.6139206604215,7.7278724830980705,0,0.8,1200.0,1200.0,evening_hedge,676.8860481773235,0.0,0.0,8550.0,8550.0,0.0,0.0
2025-01-26,11,2025-01-26 00:00:00,2025-01-26 00:00:00,651.6628725028798,8.48938591486898,39.564868165421196,691.2277406683011,8.48938591486898,0,0.8,1200.0,1200.0,evening_hedge,682.7383547534321,0.0,0.0,8550.0,8550.0,0.0,0.0
2025-01-26,12,2025-01-26 00:00:00,2025-01-26 00:00:00,662.9106936776473,9.028029731468042,39.564868165421196,702.4755618430685,9.028029731468042,0,0.8,1200.0,1200.0,evening_hedge,693.4475321116005,0.0,0.0,8550.0,8550.0,0.0,0.0
2025-01-26,13,2025-01-26 00:00:00,2025-01-26 00:00:00,668.6219874560642,9.291743348615128,32.455514498143295,701.0775019542075,9.291743348615128,0,0.8,1200.0,1200.0,evening_hedge,1525.1190919389255,833.3333333333333,0.0,8550.0,9300.0,0.0,1.0
2025-01-26,14,2025-01-26 00:00:00,2025-01-26 00:00:00,681.6594467805838,9.235016064721227,32.455514498143295,714.1149612787272,9.235016064721227,0,0.8,1200.0,1200.0,evening_hedge,704.8799452140059,0.0,0.0,9300.0,9300.0,0.0,0.0
2025-01-26,15,2025-01-26 00:00:00,2025-01-26 00:00:00,685.2872747962494,8.820875806368813,32.455514498143295,717.7427892943928,8.820875806368813,0,0.8,1200.0,1200.0,evening_hedge,708.921913488024,0.0,0.0,9300.0,9300.0,0.0,0.0
2025-01-26,16,2025-01-26 00:00:00,2025-01-26 00:00:00,650.6863141067979,8.022773757722259,32.455514498143295,683.1418286049412,8.022773757722259,0,0.8,1200.0,1200.0,evening_hedge,675.119054847219,0.0,0.0,9300.0,9300.0,0.0,0.0
2025-01-26,17,2025-01-26 00:00:00,2025-01-26 00:00:00,639.7373036744563,6.826321227445719,32.455514498143295,672.1928181725996,6.826321227445719,0,0.8,1200.0,1200.0,evening_hedge,665.3664969451538,0.0,0.0,9300.0,9300.0,0.0,0.0
2025-01-26,18,2025-01-26 00:00:00,2025-01-26 00:00:00,670.9239268248054,5.230837283075974,32.455514498143295,703.3794413229488,5.230837283075974,0,0.8,1200.0,1200.0,evening_hedge,698.1486040398728,0.0,0.0,9300.0,9300.0,0.0,0.0
2025-01-26,19,2025-01-26 00:00:00,2025-01-26 00:00:00,699.9083988687071,3.2506686619035365,28.05515819369627,727.9635570624033,3.2506686619035365,0,0.8,1200.0,1200.0,evening_hedge,724.7128884004998,0.0,0.0,9300.0,9300.0,0.0,0.0
2025-01-26,20,2025-01-26 00:00:00,2025-01-26 00:00:00,698.0841665278585,0.9162472004672866,28.05515819369627,726.1393247215548,0.9162472004672866,0,0.8,1200.0,1200.0,evening_hedge,725.2230775210875,0.0,0.0,9300.0,9300.0,0.0,0.0
2025-01-26,21,2025-01-26 00:00:00,2025-01-26 00:00:00,668.1144937536884,0.0,28.05515819369627,696.1696519473846,0.0,0,0.8,1200.0,1200.0,evening_hedge,696.1696519473846,0.0,0.0,9300.0,9300.0,0.0,0.0
2025-01-26,22,2025-01-26 00:00:00,2025-01-26 00:00:00,642.1687874805374,0.0,28.05515819369627,670.2239456742336,0.0,0,0.8,1200.0,1200.0,evening_hedge,670.2239456742336,0.0,0.0,9300.0,9300.0,0.0,0.0
2025-01-26,23,2025-01-26 00:00:00,2025-01-26 00:00:00,660.8791257198726,0.0,28.05515819369627,688.9342839135688,0.0,0,0.8,1200.0,1200.0,evening_hedge,688.9342839135688,0.0,0.0,9300.0,9300.0,0.0,0.0
2025-01-26,24,2025-01-26 00:00:00,2025-01-26 00:00:00,695.3587484906643,0.0,28.05515819369627,723.4139066843605,0.0,0,0.8,1200.0,1200.0,evening_hedge,723.4139066843605,0.0,0.0,9300.0,9300.0,0.0,0.0
2025-01-26,25,2025-01-26 00:00:00,2025-01-26 00:00:00,678.5503232157714,0.0,29.40251577706311,707.9528389928345,0.0,0,0.8,1200.0,1200.0,evening_hedge,707.9528389928345,0.0,0.0,9300.0,9300.0,0.0,0.0
2025-01-26,26,2025-01-26 00:00:00,2025-01-26 00:00:00,672.6353163106769,0.0,29.40251577706311,702.03783208774,0.0,0,0.8,1200.0,1200.0,evening_hedge,702.03783208774,0.0,0.0,9300.0,9300.0,0.0,0.0
2025-01-26,27,2025-01-26 00:00:00,2025-01-26 00:00:00,694.4681589588525,0.0,29.40251577706311,723.8706747359156,0.0,0,0.8,1200.0,1200.0,evening_hedge,723.8706747359156,0.0,0.0,9300.0,9300.0,0.0,0.0
2025-01-26,28,2025-01-26 00:00:00,2025-01-26 00:00:00,696.4551743701127,0.0,29.40251577706311,725.8576901471757,0.0,0,0.8,1200.0,1200.0,evening_hedge,725.8576901471757,0.0,0.0,9300.0,9300.0,0.0,0.0
2025-01-26,29,2025-01-26 00:00:00,2025-01-26 00:00:00,686.8447241176971,0.0,29.40251577706311,716.2472398947601,0.0,0,0.8,1200.0,1200.0,evening_hedge,716.2472398947601,0.0,0.0,9300.0,9300.0,0.0,0.0
2025-01-26,30,2025-01-26 00:00:00,2025-01-26 00:00:00,687.599031331939,0.0,29.40251577706311,717.0015471090021,0.0,0,0.8,1200.0,1200.0,evening_hedge,717.0015471090021,0.0,0.0,9300.0,9300.0,0.0,0.0
2025-01-26,31,2025-01-26 00:00:00,2025-01-26 00:00:00,710.9219260984413,0.0,28.812716666666674,739.734642765108,0.0,0,0.8,1200.0,1200.0,evening_hedge,739.734642765108,0.0,0.0,9300.0,9300.0,0.0,0.0
2025-01-26,32,2025-01-26 00:00:00,2025-01-26 00:00:00,734.2104273780002,0.0,28.812716666666674,763.0231440446669,0.0,0,0.8,1200.0,1200.0,evening_hedge,763.0231440446669,0.0,0.0,9300.0,9300.0,0.0,0.0
2025-01-26,33,2025-01-26 00:00:00,2025-01-26 00:00:00,721.4620075884645,0.0,28.812716666666674,750.2747242551312,0.0,0,0.8,1200.0,1200.0,evening_hedge,1583.6080575884644,833.3333333333333,0.0,9300.0,10050.0,0.0,1.0
2025-01-26,34,2025-01-26 00:00:00,2025-01-26 00:00:00,672.9196435543305,0.0,28.812716666666674,701.7323602209972,0.0,0,0.8,1200.0,1200.0,evening_hedge,1535.0656935543304,833.3333333333333,0.0,10050.0,10800.0,0.0,1.0
2025-01-26,35,2025-01-26 00:00:00,2025-01-26 00:00:00,742.2272673884881,0.0,28.812716666666674,771.0399840551548,0.0,0,0.8,1200.0,1200.0,evening_hedge,771.0399840551548,0.0,-0.0,10800.0,10800.0,0.0,0.0
2025-01-26,36,2025-01-26 00:00:00,2025-01-26 00:00:00,884.3390000342871,1.3523203824965133,28.812716666666674,913.1517167009538,1.3523203824965133,0,0.8,1200.0,1200.0,evening_hedge,911.7993963184573,0.0,-0.0,10800.0,10800.0,0.0,0.0
2025-01-26,37,2025-01-26 00:00:00,2025-01-26 00:00:00,897.0665782931097,11.734406332798747,73.22258573925728,970.289164032367,11.734406332798747,0,0.8,1200.0,1200.0,evening_hedge,283.5547576995683,0.0,675.0,10800.0,10050.0,0.0,0.0
2025-01-26,38,2025-01-26 00:00:00,2025-01-26 00:00:00,891.7789456401088,24.329269703938678,73.22258573925728,965.001531379366,24.329269703938678,0,0.8,1200.0,1200.0,evening_hedge,940.6722616754273,0.0,0.0,10050.0,10050.0,0.0,0.0
2025-01-26,39,2025-01-26 00:00:00,2025-01-26 00:00:00,918.859071606151,39.257136900980925,73.22258573925728,992.0816573454083,39.257136900980925,0,0.8,1200.0,1200.0,evening_hedge,952.8245204444274,0.0,0.0,10050.0,10050.0,0.0,0.0
2025-01-26,40,2025-01-26 00:00:00,2025-01-26 00:00:00,911.6713208850362,56.61651704464835,73.22258573925728,984.8939066242934,56.61651704464835,0,0.8,1200.0,1200.0,evening_hedge,928.277389579645,0.0,0.0,10050.0,10050.0,0.0,0.0
2025-01-26,41,2025-01-26 00:00:00,2025-01-26 00:00:00,901.5256848686812,76.48156754230416,73.22258573925728,974.7482706079385,76.48156754230416,0,0.8,1200.0,1200.0,evening_hedge,898.2667030656344,0.0,0.0,10050.0,10050.0,0.0,0.0
2025-01-26,42,2025-01-26 00:00:00,2025-01-26 00:00:00,902.4951985091849,98.89973532607998,73.22258573925728,975.7177842484422,98.89973532607998,0,0.8,1200.0,1200.0,evening_hedge,876.8180489223622,0.0,0.0,10050.0,10050.0,0.0,0.0
2025-01-26,43,2025-01-26 00:00:00,2025-01-26 00:00:00,893.7447483281486,123.88971909625391,58.37531361413428,952.1200619422829,123.88971909625391,0,0.8,1200.0,1200.0,evening_hedge,828.230342846029,0.0,0.0,10050.0,10050.0,0.0,0.0
2025-01-26,44,2025-01-26 00:00:00,2025-01-26 00:00:00,886.5796504120784,151.43979347595823,58.37531361413428,944.9549640262127,151.43979347595823,0,0.8,1200.0,1200.0,evening_hedge,793.5151705502544,0.0,0.0,10050.0,10050.0,0.0,0.0
2025-01-26,45,2025-01-26 00:00:00,2025-01-26 00:00:00,869.8439318190606,181.50653081165783,58.37531361413428,928.2192454331948,181.50653081165783,0,0.8,1200.0,1200.0,evening_hedge,746.712714621537,0.0,0.0,10050.0,10050.0,0.0,0.0
2025-01-26,46,2025-01-26 00:00:00,2025-01-26 00:00:00,847.9831083714967,214.01395052320404,58.37531361413428,906.3584219856309,214.01395052320404,0,0.8,1200.0,1200.0,evening_hedge,1525.67780479576,833.3333333333333,0.0,10050.0,10800.0,0.0,1.0
2025-01-26,47,2025-01-26 00:00:00,2025-01-26 00:00:00,997.3238335403635,248.85311950997198,58.37531361413428,1055.6991471544977,248.85311950997198,0,0.8,1200.0,1200.0,evening_hedge,806.8460276445257,0.0,0.0,10800.0,10800.0,0.0,0.0
2025-01-26,48,2025-01-26 00:00:00,2025-01-26 00:00:00,1209.6071384475758,285.8822202579589,58.37531361413428,1267.98245206171,285.8822202579589,0,0.8,1200.0,1200.0,evening_hedge,148.7668984704179,0.0,833.3333333333333,10800.0,9874.074074074075,0.0,0.0
2025-01-26,49,2025-01-26 00:00:00,2025-01-26 00:00:00,1184.8105628565556,324.927096077618,-7.310625495749203,1177.4999373608064,324.927096077618,0,0.8,1200.0,1200.0,evening_hedge,19.239507949855124,0.0,833.3333333333333,9874.074074074075,8948.14814814815,0.0,0.0
2025-01-26,50,2025-01-26 00:00:00,2025-01-26 00:00:00,1154.78493467714,365.782275450922,-7.310625495749203,1147.4743091813907,365.782275450922,0,0.8,1200.0,1200.0,evening_hedge,0.0,0.0,781.6920337304687,8948.14814814815,8079.601444003184,0.0,0.0
2025-01-26,51,2025-01-26 00:00:00,2025-01-26 00:00:00,1199.9917845590592,408.2124699006909,-7.310625495749203,1192.68115906331,408.2124699006909,0,0.8,1200.0,1200.0,evening_hedge,0.0,0.0,784.4686891626191,8079.601444003184,7207.969567155829,0.0,0.0
2025-01-26,52,2025-01-26 00:00:00,2025-01-26 00:00:00,1170.611336826338,451.9545322400679,-7.310625495749203,1163.3007113305887,451.9545322400679,0,0.8,1200.0,1200.0,evening_hedge,0.0,0.0,711.3461790905208,7207.969567155829,6417.584923721917,0.0,0.0
2025-01-26,53,2025-01-26 00:00:00,2025-01-26 00:00:00,1143.6145836831322,496.71985464013295,-7.310625495749203,1136.303958187383,496.71985464013295,0,0.8,1200.0,1200.0,evening_hedge,0.0,0.0,639.5841035472499,6417.584923721917,5706.935919780528,0.0,0.0
2025-01-26,54,2025-01-26 00:00:00,2025-01-26 00:00:00,1166.4941909767706,542.1971787924123,-7.310625495749203,1159.1835654810213,542.1971787924123,0,0.8,1200.0,1200.0,evening_hedge,0.0,0.0,616.9863866886091,5706.935919780528,5021.395490126518,0.0,0.0
2025-01-26,55,2025-01-26 00:00:00,2025-01-26 00:00:00,1196.8573503695993,588.055783659948,3.7187375568838155,1200.576087926483,588.055783659948,0,0.8,1200.0,1200.0,evening_hedge,0.0,0.0,612.520304266535,5021.395490126518,4340.817374274812,0.0,0.0
2025-01-26,56,2025-01-26 00:00:00,2025-01-26 00:00:00,1192.3940666976791,633.9490100196214,3.7187375568838155,1196.112804254563,633.9490100196214,0,0.8,1200.0,1200.0,evening_hedge,0.0,0.0,562.1637942349415,4340.817374274812,3716.1909362359884,0.0,0.0
2025-01-26,57,2025-01-26 00:00:00,2025-01-26 00:00:00,1163.281251685833,679.518075305649,3.7187375568838155,1166.9999892427168,679.518075305649,0,0.8,1200.0,1200.0,evening_hedge,0.0,0.0,487.4819139370678,3716.1909362359884,3174.5443651948017,0.0,0.0
2025-01-26,58,2025-01-26 00:00:00,2025-01-26 00:00:00,1159.455449748099,724.3961272663237,3.7187375568838155,1163.1741873049828,724.3961272663237,0,0.8,1200.0,1200.0,evening_hedge,438.7780600386591,0.0,0.0,3174.5443651948017,3174.5443651948017,0.0,0.0
2025-01-26,59,2025-01-26 00:00:00,2025-01-26 00:00:00,1182.7064968808577,768.2124807287056,3.7187375568838155,1186.4252344377414,768.2124807287056,0,0.8,1200.0,1200.0,evening_hedge,0.0,0.0,418.21275370903584,3174.5443651948017,2709.8635277403173,0.0,0.0
2025-01-26,60,2025-01-26 00:00:00,2025-01-26 00:00:00,1193.848262644302,810.596978402007,3.7187375568838155,1197.5670002011857,810.596978402007,0,0.8,1200.0,1200.0,evening_hedge,0.0,0.0,386.97002179917865,2709.8635277403173,2279.896836852341,0.0,0.0
2025-01-26,61,2025-01-26 00:00:00,2025-01-26 00:00:00,1155.119172657529,851.1844141990105,32.27892896974421,1187.398101627273,851.1844141990105,0,0.8,1200.0,1200.0,evening_hedge,0.0,0.0,336.2136874282626,2279.896836852341,1906.3260730431602,0.0,0.0
2025-01-26,62,2025-01-26 00:00:00,2025-01-26 00:00:00,1143.854067247652,889.6189560601744,32.27892896974421,1176.132996217396,889.6189560601744,0,0.8,1200.0,1200.0,evening_hedge,0.0,0.0,286.51404015722176,1906.3260730431602,1587.977139535136,0.0,0.0
2025-01-26,63,2025-01-26 00:00:00,2025-01-26 00:00:00,1173.2925665509197,925.5585047557829,32.27892896974421,1205.5714955206638,925.5585047557829,0,0.8,1200.0,1200.0,evening_hedge,187.3609868103673,0.0,92.6520039545136,1587.977139535136,1485.0304684745654,0.0,0.0
2025-01-26,64,2025-01-26 00:00:00,2025-01-26 00:00:00,1182.9274182872723,958.6789256299077,32.27892896974421,1215.2063472570164,958.6789256299077,0,0.8,1200.0,1200.0,evening_hedge,0.0,0.0,256.52742162710877,1485.0304684745654,1200.0,0.0,0.0
2025-01-26,65,2025-01-26 00:00:00,2025-01-26 00:00:00,1188.1228310463414,988.6780917321844,32.27892896974421,1220.4017600160855,988.6780917321844,0,0.8,1200.0,1200.0,evening_hedge,231.72366828390113,0.0,0.0,1200.0,1200.0,0.0,0.0
2025-01-26,66,2025-01-26 00:00:00,2025-01-26 00:00:00,1181.787159823971,1015.2796792390611,32.27892896974421,1214.0660887937152,1015.2796792390611,0,0.8,1200.0,1200.0,evening_hedge,1032.1197428879873,833.3333333333333,0.0,1200.0,1950.0,0.0,1.0
2025-01-26,67,2025-01-26 00:00:00,2025-01-26 00:00:00,1140.5375144369548,1038.2366594588727,70.03801619349056,1210.5755306304454,1038.2366594588727,0,0.8,1200.0,1200.0,evening_hedge,1005.672204504906,833.3333333333333,0.0,1950.0,2700.0,0.0,1.0
2025-01-26,68,2025-01-26 00:00:00,2025-01-26 00:00:00,1140.754614184418,1057.334435992983,70.03801619349056,1210.7926303779086,1057.334435992983,0,0.8,1200.0,1200.0,evening_hedge,986.791527718259,833.3333333333333,0.0,2700.0,3450.0,0.0,1.0
2025-01-26,69,2025-01-26 00:00:00,2025-01-26 00:00:00,1173.6204713197847,1072.393580721763,70.03801619349056,1243.6584875132753,1072.393580721763,0,0.8,1200.0,1200.0,evening_hedge,1004.5982401248455,833.3333333333333,0.0,3450.0,4200.0,0.0,1.0
2025-01-26,70,2025-01-26 00:00:00,2025-01-26 00:00:00,1153.0547378681556,1083.2721281193676,70.03801619349056,1223.0927540616462,1083.2721281193676,0,0.8,1200.0,1200.0,evening_hedge,973.1539592756119,833.3333333333333,0.0,4200.0,4950.0,0.0,1.0
2025-01-26,71,2025-01-26 00:00:00,2025-01-26 00:00:00,1123.4860373931988,1089.8673938827526,70.03801619349056,1193.5240535866894,1089.8673938827526,0,0.8,1200.0,1200.0,evening_hedge,936.9899930372701,833.3333333333333,0.0,4950.0,5700.0,0.0,1.0
2025-01-26,72,2025-01-26 00:00:00,2025-01-26 00:00:00,1097.9833353913464,1092.1172908852693,70.03801619349056,1168.021351584837,1092.1172908852693,0,0.8,1200.0,1200.0,evening_hedge,909.237394032901,833.3333333333333,0.0,5700.0,6450.0,0.0,1.0
2025-01-26,73,2025-01-26 00:00:00,2025-01-26 00:00:00,1048.8235474688686,1090.0011229214012,79.60364274934987,1128.4271902182184,1090.0011229214012,0,0.8,1200.0,1200.0,evening_hedge,871.7594006301504,833.3333333333333,0.0,6450.0,7200.0,0.0,1.0
2025-01-26,74,2025-01-26 00:00:00,2025-01-26 00:00:00,1041.5813319213648,1083.5398444776613,79.60364274934987,1121.1849746707146,1083.5398444776613,0,0.8,1200.0,1200.0,evening_hedge,870.9784635263866,833.3333333333333,0.0,7200.0,7950.0,0.0,1.0
2025-01-26,75,2025-01-26 00:00:00,2025-01-26 00:00:00,1067.0638092995084,1072.7957827210541,79.60364274934987,1146.6674520488582,1072.7957827210541,0,0.8,1200.0,1200.0,evening_hedge,907.2050026611373,833.3333333333333,0.0,7950.0,8700.0,0.0,1.0
2025-01-26,76,2025-01-26 00:00:00,2025-01-26 00:00:00,1054.1712280277366,1057.8718259133348,79.60364274934987,1133.7748707770863,1057.8718259133348,0,0.8,1200.0,1200.0,evening_hedge,909.2363781970848,833.3333333333333,0.0,8700.0,9450.0,0.0,1.0
2025-01-26,77,2025-01-26 00:00:00,2025-01-26 00:00:00,1074.3118702770903,1038.9100904081963,79.60364274934987,1153.91551302644,1038.9100904081963,0,0.8,1200.0,1200.0,evening_hedge,948.338755951577,833.3333333333333,0.0,9450.0,10200.0,0.0,1.0
2025-01-26,78,2025-01-26 00:00:00,2025-01-26 00:00:00,1119.6210019027128,1016.0900861421359,79.60364274934987,1199.2246446520626,1016.0900861421359,0,0.8,1200.0,1200.0,evening_hedge,183.1345585099267,0.0,0.0,10200.0,10200.0,0.0,0.0
2025-01-26,79,2025-01-26 00:00:00,2025-01-26 00:00:00,1106.1964593392515,989.6264079640866,40.935169623415334,1147.1316289626668,989.6264079640866,0,0.8,1200.0,1200.0,evening_hedge,157.50522099858017,0.0,0.0,10200.0,10200.0,0.0,0.0
2025-01-26,80,2025-01-26 00:00:00,2025-01-26 00:00:00,1105.5484509729295,959.7659871451364,40.935169623415334,1146.4836205963447,959.7659871451364,0,0.8,1200.0,1200.0,evening_hedge,186.71763345120837,0.0,0.0,10200.0,10200.0,0.0,0.0
2025-01-26,81,2025-01-26 00:00:00,2025-01-26 00:00:00,1129.632469402008,926.7849438563896,40.935169623415334,1170.5676390254232,926.7849438563896,0,0.8,1200.0,1200.0,evening_hedge,243.78269516903356,0.0,0.0,10200.0,10200.0,0.0,0.0
2025-01-26,82,2025-01-26 00:00:00,2025-01-26 00:00:00,1115.0591480954488,890.9850871978016,40.935169623415334,1155.994317718864,890.9850871978016,0,0.8,1200.0,1200.0,evening_hedge,265.0092305210625,0.0,0.0,10200.0,10200.0,0.0,0.0
2025-01-26,83,2025-01-26 00:00:00,2025-01-26 00:00:00,1094.1452032493962,852.6901144121618,40.935169623415334,1135.0803728728115,852.6901144121618,0,0.8,1200.0,1200.0,evening_hedge,282.39025846064965,0.0,0.0,10200.0,10200.0,0.0,-0.0
2025-01-26,84,2025-01-26 00:00:00,2025-01-26 00:00:00,1086.8155771068232,812.2415651469993,40.935169623415334,1127.7507467302385,812.2415651469993,0,0.8,1200.0,1200.0,evening_hedge,0.0,0.0,315.5091815832392,10200.0,9849.434242685289,0.0,0.0
2025-01-26,85,2025-01-26 00:00:00,2025-01-26 00:00:00,1079.3034182894587,769.9945899674581,11.353688471328837,1090.6571067607874,769.9945899674581,0,0.8,1200.0,1200.0,evening_hedge,0.0,0.0,320.66251679332936,9849.434242685289,9493.142557359368,0.0,0.0
2025-01-26,86,2025-01-26 00:00:00,2025-01-26 00:00:00,1072.5650254154034,726.313594724196,11.353688471328837,1083.9187138867323,726.313594724196,0,0.8,1200.0,1200.0,evening_hedge,0.0,0.0,357.6051191625363,9493.142557359368,9095.80353606766,0.0,0.0
2025-01-26,87,2025-01-26 00:00:00,2025-01-26 00:00:00,1067.9086364221123,681.5678238066538,11.353688471328837,1079.262324893441,681.5678238066538,0,0.8,1200.0,1200.0,evening_hedge,0.0,0.0,397.6945010867872,9095.80353606766,8653.920757082342,0.0,0.0
2025-01-26,88,2025-01-26 00:00:00,2025-01-26 00:00:00,1066.3242584347965,636.1269457443276,11.353688471328837,1077.6779469061253,636.1269457443276,0,0.8,1200.0,1200.0,evening_hedge,0.0,0.0,441.55100116179767,8653.920757082342,8163.308533569233,0.0,0.0
2025-01-26,89,2025-01-26 00:00:00,2025-01-26 00:00:00,1080.8453943254042,590.3567040539488,11.353688471328837,1092.199082796733,590.3567040539488,0,0.8,1200.0,1200.0,evening_hedge,0.0,0.0,501.84237874278415,8163.308533569233,7605.705890521695,0.0,0.0
2025-01-26,90,2025-01-26 00:00:00,2025-01-26 00:00:00,1090.1643242092912,544.6146946821609,11.353688471328837,1101.51801268062,544.6146946821609,0,0.8,1200.0,1200.0,evening_hedge,1390.2366513317922,833.3333333333333,0.0,7605.705890521695,8355.705890521695,0.0,1.0
2025-01-26,91,2025-01-26 00:00:00,2025-01-26 00:00:00,1056.6158114166328,499.24632889094795,0.8372538886293254,1057.453065305262,499.24632889094795,0,0.8,1200.0,1200.0,evening_hedge,1391.5400697476473,833.3333333333333,0.0,8355.705890521695,9105.705890521695,0.0,1.0
2025-01-26,92,2025-01-26 00:00:00,2025-01-26 00:00:00,1025.0197733187774,454.5810370218665,0.8372538886293254,1025.8570272074066,454.5810370218665,0,0.8,1200.0,1200.0,evening_hedge,1404.6093235188735,833.3333333333333,0.0,9105.705890521695,9855.705890521695,0.0,1.0
2025-01-26,93,2025-01-26 00:00:00,2025-01-26 00:00:00,1023.5151904810446,410.9287643149938,0.8372538886293254,1024.3524443696738,410.9287643149938,0,0.8,1200.0,1200.0,evening_hedge,1446.757013388013,833.3333333333333,0.0,9855.705890521695,10605.705890521695,0.0,1.0
2025-01-26,94,2025-01-26 00:00:00,2025-01-26 00:00:00,1040.7773153051348,368.57680492322186,0.8372538886293254,1041.614569193764,368.57680492322186,0,0.8,1200.0,1200.0,evening_hedge,888.920108135326,215.88234386478385,0.0,10605.705890521695,10800.0,0.0,0.9999999999999931
2025-01-26,95,2025-01-26 00:00:00,2025-01-26 00:00:00,1058.4541471149068,327.7870145383217,0.8372538886293254,1059.291401003536,327.7870145383217,0,0.8,1200.0,1200.0,evening_hedge,731.5043864652143,0.0,0.0,10800.0,10800.0,0.0,0.0
2025-01-26,96,2025-01-26 00:00:00,2025-01-26 00:00:00,1056.2935790792217,288.79343572934437,0.8372538886293254,1057.130832967851,288.79343572934437,0,0.8,1200.0,1200.0,evening_hedge,768.3373972385066,0.0,0.0,10800.0,10800.0,0.0,0.0
2025-01-26,97,2025-01-26 00:00:00,2025-01-26 00:00:00,1027.7084108951565,251.80036329309362,69.17176970409231,1096.880180599249,251.80036329309362,0,0.8,1200.0,1200.0,evening_hedge,845.0798173061553,0.0,0.0,10800.0,10800.0,0.0,0.0
2025-01-26,98,2025-01-26 00:00:00,2025-01-26 00:00:00,1020.6825198136263,216.9808697447877,69.17176970409231,1089.8542895177186,216.9808697447877,0,0.8,1200.0,1200.0,evening_hedge,872.8734197729309,0.0,0.0,10800.0,10800.0,0.0,-0.0
2025-01-26,99,2025-01-26 00:00:00,2025-01-26 00:00:00,1044.0885476682154,184.47580365446973,69.17176970409231,1113.2603173723078,184.47580365446973,0,0.8,1200.0,1200.0,evening_hedge,928.7845137178381,0.0,0.0,10800.0,10800.0,0.0,0.0
2025-01-26,100,2025-01-26 00:00:00,2025-01-26 00:00:00,1055.2142014177846,154.3932659846237,69.17176970409231,1124.385971121877,154.3932659846237,0,0.8,1200.0,1200.0,evening_hedge,969.9927051372533,0.0,0.0,10800.0,10800.0,0.0,0.0
2025-01-26,101,2025-01-26 00:00:00,2025-01-26 00:00:00,1019.1582978182596,126.80856203179614,69.17176970409231,1088.330067522352,126.80856203179614,0,0.8,1200.0,1200.0,evening_hedge,961.5215054905559,0.0,0.0,10800.0,10800.0,0.0,0.0
2025-01-26,102,2025-01-26 00:00:00,2025-01-26 00:00:00,974.3203706588007,101.76461914407197,69.17176970409231,1043.492140362893,101.76461914407197,0,0.8,1200.0,1200.0,evening_hedge,941.727521218821,0.0,0.0,10800.0,10800.0,0.0,0.0
2025-01-26,103,2025-01-26 00:00:00,2025-01-26 00:00:00,993.3579764339456,79.27285319869824,61.76295487524451,1055.1209313091902,79.27285319869824,0,0.8,1200.0,1200.0,evening_hedge,975.8480781104919,0.0,0.0,10800.0,10800.0,0.0,0.0
2025-01-26,104,2025-01-26 00:00:00,2025-01-26 00:00:00,1007.2853481323691,59.314459996935526,61.76295487524451,1069.0483030076136,59.314459996935526,0,0.8,1200.0,1200.0,evening_hedge,1009.7338430106781,0.0,0.0,10800.0,10800.0,0.0,0.0
2025-01-26,105,2025-01-26 00:00:00,2025-01-26 00:00:00,1010.9695766307917,41.84210137651798,61.76295487524451,1072.7325315060361,41.84210137651798,0,0.8,1200.0,1200.0,evening_hedge,1030.890430129518,0.0,0.0,10800.0,10800.0,0.0,0.0
2025-01-26,106,2025-01-26 00:00:00,2025-01-26 00:00:00,1043.7170946720946,26.781950057720756,61.76295487524451,1105.4800495473391,26.781950057720756,0,0.8,1200.0,1200.0,evening_hedge,1078.6980994896185,0.0,0.0,10800.0,10800.0,0.0,0.0
2025-01-26,107,2025-01-26 00:00:00,2025-01-26 00:00:00,934.8793291227632,14.036052118430169,61.76295487524451,996.6422839980078,14.036052118430169,0,0.8,1200.0,1200.0,evening_hedge,982.6062318795776,0.0,-0.0,10800.0,10800.0,0.0,0.0
2025-01-26,108,2025-01-26 00:00:00,2025-01-26 00:00:00,743.5249468251792,3.4849616166357866,61.76295487524451,805.2879017004237,3.4849616166357866,0,0.8,1200.0,1200.0,evening_hedge,801.8029400837879,0.0,-0.0,10800.0,10800.0,0.0,0.0
2025-01-26,109,2025-01-26 00:00:00,2025-01-26 00:00:00,720.8972098932968,0.0,44.09092552558529,764.988135418882,0.0,0,0.9,1200.0,1200.0,evening_hedge,764.988135418882,0.0,-0.0,10800.0,10800.0,0.0,0.0
2025-01-26,110,2025-01-26 00:00:00,2025-01-26 00:00:00,757.9355619346223,0.0,44.09092552558529,802.0264874602076,0.0,0,0.9,1200.0,1200.0,evening_hedge,802.0264874602076,0.0,0.0,10800.0,10800.0,0.0,0.0
2025-01-26,111,2025-01-26 00:00:00,2025-01-26 00:00:00,748.3770479208454,0.0,44.09092552558529,792.4679734464306,0.0,0,0.9,1200.0,1200.0,evening_hedge,792.4679734464306,0.0,0.0,10800.0,10800.0,0.0,0.0
2025-01-26,112,2025-01-26 00:00:00,2025-01-26 00:00:00,703.4341320838341,0.0,44.09092552558529,747.5250576094194,0.0,0,0.9,1200.0,1200.0,evening_hedge,747.5250576094194,0.0,0.0,10800.0,10800.0,0.0,0.0
2025-01-26,113,2025-01-26 00:00:00,2025-01-26 00:00:00,714.3885673160986,0.0,44.09092552558529,758.4794928416839,0.0,0,0.9,1200.0,1200.0,evening_hedge,692.0935330435266,0.0,66.38595979815727,10800.0,10726.237822446492,0.0,0.0
2025-01-26,114,2025-01-26 00:00:00,2025-01-26 00:00:00,757.6059136163103,0.0,44.09092552558529,801.6968391418956,0.0,0,0.9,1200.0,1200.0,evening_hedge,0.0,0.0,801.6968391418956,10726.237822446492,9835.463556733275,0.0,0.0
2025-01-26,115,2025-01-26 00:00:00,2025-01-26 00:00:00,725.2658936900111,0.0,43.84754166666666,769.1134353566778,0.0,0,0.9,1200.0,1200.0,evening_hedge,0.0,0.0,769.1134353566778,9835.463556733275,8980.893073003634,0.0,0.0
2025-01-26,116,2025-01-26 00:00:00,2025-01-26 00:00:00,703.9281061555175,0.0,43.84754166666666,747.7756478221842,0.0,0,0.9,1200.0,1200.0,evening_hedge,0.0,0.0,747.7756478221842,8980.893073003634,8150.0312420900955,0.0,0.0
2025-01-26,117,2025-01-26 00:00:00,2025-01-26 00:00:00,730.2956348461403,0.0,43.84754166666666,774.1431765128069,0.0,0,0.9,1200.0,1200.0,evening_hedge,0.0,0.0,774.1431765128069,8150.0312420900955,7289.872157075865,0.0,0.0
2025-01-26,118,2025-01-26 00:00:00,2025-01-26 00:00:00,749.4300885238159,0.0,43.84754166666666,793.2776301904826,0.0,0,0.9,1200.0,1200.0,evening_hedge,0.0,0.0,793.2776301904826,7289.872157075865,6408.452567975329,0.0,0.0
2025-01-26,119,2025-01-26 00:00:00,2025-01-26 00:00:00,740.4439941680333,0.0,43.84754166666666,784.2915358347,0.0,0,0.9,1200.0,1200.0,evening_hedge,0.0,0.0,784.2915358347,6408.452567975329,5537.017528158995,0.0,0.0
2025-01-26,120,2025-01-26 00:00:00,2025-01-26 00:00:00,713.1232747543975,0.0,43.84754166666666,756.9708164210641,0.0,0,0.9,1200.0,1200.0,evening_hedge,0.0,0.0,756.9708164210641,5537.017528158995,4695.938843246702,0.0,0.0
2025-01-26,121,2025-01-26 00:00:00,2025-01-26 00:00:00,699.1898303819285,0.0,44.79980384154713,743.9896342234756,0.0,0,0.9,1200.0,1200.0,evening_hedge,0.0,0.0,743.9896342234756,4695.938843246702,3869.2836941095075,0.0,0.0
2025-01-26,122,2025-01-26 00:00:00,2025-01-26 00:00:00,730.9900846993594,0.0,44.79980384154713,775.7898885409065,0.0,0,0.9,1200.0,1200.0,evening_hedge,0.0,0.0,775.7898885409065,3869.2836941095075,3007.294929064056,0.0,0.0
2025-01-26,123,2025-01-26 00:00:00,2025-01-26 00:00:00,775.5324210038679,0.0,44.79980384154713,820.332224845415,0.0,0,0.9,1200.0,1200.0,evening_hedge,0.0,0.0,820.332224845415,3007.294929064056,2095.814679235817,0.0,0.0
2025-01-26,124,2025-01-26 00:00:00,2025-01-26 00:00:00,761.433407470688,0.0,44.79980384154713,806.2332113122352,0.0,0,0.9,1200.0,1200.0,evening_hedge,0.0,0.0,806.2332113122352,2095.814679235817,1200.0,0.0,0.0
2025-01-26,125,2025-01-26 00:00:00,2025-01-26 00:00:00,724.3109278198715,1.3580766277821132,44.79980384154713,769.1107316614186,1.3580766277821132,0,0.9,1200.0,1200.0,evening_hedge,767.7526550336365,0.0,-0.0,1200.0,1200.0,0.0,0.0
2025-01-26,126,2025-01-26 00:00:00,2025-01-26 00:00:00,716.2809400043712,3.150326979870653,44.79980384154713,761.0807438459184,3.150326979870653,0,0.9,1200.0,1200.0,evening_hedge,757.9304168660477,0.0,0.0,1200.0,1200.0,0.0,0.0
2025-01-26,127,2025-01-26 00:00:00,2025-01-26 00:00:00,752.6995565774029,4.575026851275227,57.357901535119055,810.0574581125219,4.575026851275227,0,0.9,1200.0,1200.0,evening_hedge,805.4824312612467,0.0,0.0,1200.0,1200.0,0.0,0.0
2025-01-26,128,2025-01-26 00:00:00,2025-01-26 00:00:00,751.0571078112808,5.618866814823015,57.357901535119055,808.4150093463999,5.618866814823015,0,0.9,1200.0,1200.0,evening_hedge,802.7961425315768,0.0,0.0,1200.0,1200.0,0.0,0.0
2025-01-26,129,2025-01-26 00:00:00,2025-01-26 00:00:00,724.9833612070561,6.2833003890344905,57.357901535119055,782.3412627421751,6.2833003890344905,0,0.9,1200.0,1200.0,evening_hedge,776.0579623531406,0.0,0.0,1200.0,1200.0,0.0,0.0
2025-01-26,130,2025-01-26 00:00:00,2025-01-26 00:00:00,752.4323765416694,6.5832096922460375,57.357901535119055,809.7902780767885,6.5832096922460375,0,0.9,1200.0,1200.0,evening_hedge,803.2070683845425,0.0,-0.0,1200.0,1200.0,0.0,0.0
2025-01-26,131,2025-01-26 00:00:00,2025-01-26 00:00:00,695.9173984440816,6.5453472112979965,57.357901535119055,753.2752999792007,6.5453472112979965,0,0.9,1200.0,1200.0,evening_hedge,746.7299527679027,-0.0,0.0,1200.0,1200.0,0.0,-0.0
2025-01-26,132,2025-01-26 00:00:00,2025-01-26 00:00:00,572.1467040719558,6.20659236850368,57.357901535119055,629.5046056070748,6.20659236850368,0,0.9,1200.0,1200.0,evening_hedge,623.2980132385711,0.0,0.0,1200.0,1200.0,0.0,0.0
2025-01-26,133,2025-01-26 00:00:00,2025-01-26 00:00:00,552.1024844165183,5.612064487530184,36.81169334087136,588.9141777573897,5.612064487530184,0,0.8,1200.0,1200.0,evening_hedge,583.3021132698594,0.0,0.0,1200.0,1200.0,0.0,0.0
2025-01-26,134,2025-01-26 00:00:00,2025-01-26 00:00:00,587.8087596041453,4.813135870586083,36.81169334087136,624.6204529450166,4.813135870586083,0,0.8,1200.0,1200.0,evening_hedge,619.8073170744306,0.0,-0.0,1200.0,1200.0,0.0,0.0
2025-01-26,135,2025-01-26 00:00:00,2025-01-26 00:00:00,607.5301227276258,3.8653899726503074,36.81169334087136,644.3418160684971,3.8653899726503074,0,0.8,1200.0,1200.0,evening_hedge,640.4764260958468,0.0,0.0,1200.0,1200.0,0.0,0.0
2025-01-26,136,2025-01-26 00:00:00,2025-01-26 00:00:00,590.934144859029,2.826570075126125,36.81169334087136,627.7458381999003,2.826570075126125,0,0.8,1200.0,1200.0,evening_hedge,624.9192681247741,0.0,0.0,1200.0,1200.0,0.0,0.0
2025-01-26,137,2025-01-26 00:00:00,2025-01-26 00:00:00,587.6440761426531,1.754563418410353,36.81169334087136,624.4557694835245,1.754563418410353,0,0.8,1200.0,1200.0,evening_hedge,622.7012060651141,0.0,0.0,1200.0,1200.0,0.0,0.0
2025-01-26,138,2025-01-26 00:00:00,2025-01-26 00:00:00,606.7900308709691,0.7054644627841029,36.81169334087136,643.6017242118404,0.7054644627841029,0,0.8,1200.0,1200.0,evening_hedge,642.8962597490563,0.0,0.0,1200.0,1200.0,0.0,0.0
2025-01-26,139,2025-01-26 00:00:00,2025-01-26 00:00:00,609.7697544585171,0.0,22.9797831186451,632.7495375771622,0.0,0,0.8,1200.0,1200.0,evening_hedge,632.7495375771622,0.0,0.0,1200.0,1200.0,0.0,0.0
2025-01-26,140,2025-01-26 00:00:00,2025-01-26 00:00:00,597.3986197579123,0.0,22.9797831186451,620.3784028765574,0.0,0,0.8,1200.0,1200.0,evening_hedge,620.3784028765574,0.0,0.0,1200.0,1200.0,0.0,0.0
2025-01-26,141,2025-01-26 00:00:00,2025-01-26 00:00:00,578.2978879206103,0.0,22.9797831186451,601.2776710392553,0.0,0,0.8,1200.0,1200.0,evening_hedge,601.2776710392553,0.0,0.0,1200.0,1200.0,0.0,0.0
2025-01-26,142,2025-01-26 00:00:00,2025-01-26 00:00:00,563.8798512692841,0.0,22.9797831186451,586.8596343879292,0.0,0,0.8,1200.0,1200.0,evening_hedge,586.8596343879292,0.0,0.0,1200.0,1200.0,0.0,0.0
2025-01-26,143,2025-01-26 00:00:00,2025-01-26 00:00:00,584.987400231681,0.0,22.9797831186451,607.9671833503261,0.0,0,0.8,1200.0,1200.0,evening_hedge,607.9671833503261,0.0,0.0,1200.0,1200.0,0.0,0.0
2025-01-26,144,2025-01-26 00:00:00,2025-01-26 00:00:00,621.3698999013835,0.0,22.9797831186451,644.3496830200286,0.0,0,0.8,1200.0,1200.0,evening_hedge,644.3496830200286,0.0,0.0,1200.0,1200.0,0.0,0.0
