policy,date,profile,scenario_count,selected_index
T_day_trim,2025-02-01,day_trim,30,0
T_day_trim,2025-02-02,day_trim,31,0
T_day_trim,2025-02-03,day_trim,32,0
T_day_trim,2025-02-04,day_trim,33,0
T_day_trim,2025-02-05,day_trim,34,0
T_day_trim,2025-02-06,day_trim,35,0
T_day_trim,2025-02-07,day_trim,36,0
T_day_trim,2025-02-08,day_trim,37,0
T_day_trim,2025-02-09,day_trim,38,0
T_day_trim,2025-02-10,day_trim,39,0
T_day_trim,2025-02-11,day_trim,40,0
T_day_trim,2025-02-12,day_trim,41,0
T_day_trim,2025-02-13,day_trim,42,0
T_day_trim,2025-02-14,day_trim,43,0
T_day_trim,2025-02-15,day_trim,44,0
T_day_trim,2025-02-16,day_trim,45,0
T_day_trim,2025-02-17,day_trim,46,0
T_day_trim,2025-02-18,day_trim,47,0
T_day_trim,2025-02-19,day_trim,48,0
T_day_trim,2025-02-20,day_trim,49,0
T_day_trim,2025-02-21,day_trim,50,0
T_day_trim,2025-02-22,day_trim,51,0
T_day_trim,2025-02-23,day_trim,52,0
T_day_trim,2025-02-24,day_trim,53,0
T_day_trim,2025-02-25,day_trim,54,0
T_day_trim,2025-02-26,day_trim,55,0
T_day_trim,2025-02-27,day_trim,56,0
T_day_trim,2025-02-28,day_trim,56,0
T_day_trim,2025-03-01,day_trim,56,0
T_day_trim,2025-03-02,day_trim,56,0
T_day_trim,2025-03-03,day_trim,56,0
T_day_trim,2025-03-04,day_trim,56,0
T_day_trim,2025-03-05,day_trim,56,0
T_day_trim,2025-03-06,day_trim,56,0
T_day_trim,2025-03-07,day_trim,56,0
T_day_trim,2025-03-08,day_trim,56,0
T_day_trim,2025-03-09,day_trim,56,0
T_day_trim,2025-03-10,day_trim,56,0
T_day_trim,2025-03-11,day_trim,56,0
T_day_trim,2025-03-12,day_trim,56,0
T_day_trim,2025-03-13,day_trim,56,0
T_day_trim,2025-03-14,day_trim,56,0
T_day_trim,2025-03-15,day_trim,56,0
T_day_trim,2025-03-16,day_trim,56,0
T_day_trim,2025-03-17,day_trim,56,0
T_day_trim,2025-03-18,day_trim,56,0
T_day_trim,2025-03-19,day_trim,56,0
T_day_trim,2025-03-20,day_trim,56,0
T_day_trim,2025-03-21,day_trim,56,0
T_day_trim,2025-03-22,day_trim,56,0
T_day_trim,2025-03-23,day_trim,56,0
T_day_trim,2025-03-24,day_trim,56,0
T_day_trim,2025-03-25,day_trim,56,0
T_day_trim,2025-03-26,day_trim,56,0
T_day_trim,2025-03-27,day_trim,56,0
T_day_trim,2025-03-28,day_trim,56,0
T_day_trim,2025-03-29,day_trim,56,0
T_day_trim,2025-03-30,day_trim,56,0
T_day_trim,2025-03-31,day_trim,56,0
T_day_trim,2025-04-01,day_trim,56,0
T_day_trim,2025-04-02,day_trim,56,0
T_day_trim,2025-04-03,day_trim,56,0
T_day_trim,2025-04-04,day_trim,56,0
T_day_trim,2025-04-05,day_trim,56,0
T_day_trim,2025-04-06,day_trim,56,0
T_day_trim,2025-04-07,day_trim,56,0
T_day_trim,2025-04-08,day_trim,56,0
T_day_trim,2025-04-09,day_trim,56,0
T_day_trim,2025-04-10,day_trim,56,0
T_day_trim,2025-04-11,day_trim,56,0
T_day_trim,2025-04-12,day_trim,56,0
T_day_trim,2025-04-13,day_trim,56,0
T_day_trim,2025-04-14,day_trim,56,0
T_day_trim,2025-04-15,day_trim,56,0
T_day_trim,2025-04-16,day_trim,56,0
T_day_trim,2025-04-17,day_trim,56,0
T_day_trim,2025-04-18,day_trim,56,0
T_day_trim,2025-04-19,day_trim,56,0
T_day_trim,2025-04-20,day_trim,56,0
T_day_trim,2025-04-21,day_trim,56,0
T_day_trim,2025-04-22,day_trim,56,0
T_day_trim,2025-04-23,day_trim,56,0
T_day_trim,2025-04-24,day_trim,56,0
T_day_trim,2025-04-25,day_trim,56,0
T_day_trim,2025-04-26,day_trim,56,0
T_day_trim,2025-04-27,day_trim,56,0
T_day_trim,2025-04-28,day_trim,56,0
T_day_trim,2025-04-29,day_trim,56,0
T_day_trim,2025-04-30,day_trim,56,0
T_day_trim,2025-05-01,day_trim,56,0
T_day_trim,2025-05-02,day_trim,56,0
T_day_trim,2025-05-03,day_trim,56,0
T_day_trim,2025-05-04,day_trim,56,0
T_day_trim,2025-05-05,day_trim,56,0
T_day_trim,2025-05-06,day_trim,56,0
T_day_trim,2025-05-07,day_trim,56,0
T_day_trim,2025-05-08,day_trim,56,0
T_day_trim,2025-05-09,day_trim,56,0
T_day_trim,2025-05-10,day_trim,56,0
T_day_trim,2025-05-11,day_trim,56,0
T_day_trim,2025-05-12,day_trim,56,0
T_day_trim,2025-05-13,day_trim,56,0
T_day_trim,2025-05-14,day_trim,56,0
T_day_trim,2025-05-15,day_trim,56,0
T_day_trim,2025-05-16,day_trim,56,0
T_day_trim,2025-05-17,day_trim,56,0
T_day_trim,2025-05-18,day_trim,56,0
T_day_trim,2025-05-19,day_trim,56,0
T_day_trim,2025-05-20,day_trim,56,0
T_day_trim,2025-05-21,day_trim,56,0
T_day_trim,2025-05-22,day_trim,56,0
T_day_trim,2025-05-23,day_trim,56,0
T_day_trim,2025-05-24,day_trim,56,0
T_day_trim,2025-05-25,day_trim,56,0
T_day_trim,2025-05-26,day_trim,56,0
T_day_trim,2025-05-27,day_trim,56,0
T_day_trim,2025-05-28,day_trim,56,0
T_day_trim,2025-05-29,day_trim,56,0
T_day_trim,2025-05-30,day_trim,56,0
T_day_trim,2025-05-31,day_trim,56,0
T_day_trim,2025-06-01,day_trim,56,0
T_day_trim,2025-06-02,day_trim,56,0
T_day_trim,2025-06-03,day_trim,56,0
T_day_trim,2025-06-04,day_trim,56,0
T_day_trim,2025-06-05,day_trim,56,0
T_day_trim,2025-06-06,day_trim,56,0
T_day_trim,2025-06-07,day_trim,56,0
T_day_trim,2025-06-08,day_trim,56,0
T_day_trim,2025-06-09,day_trim,56,0
T_day_trim,2025-06-10,day_trim,56,0
T_day_trim,2025-06-11,day_trim,56,0
T_day_trim,2025-06-12,day_trim,56,0
T_day_trim,2025-06-13,day_trim,56,0
T_day_trim,2025-06-14,day_trim,56,0
T_day_trim,2025-06-15,day_trim,56,0
T_day_trim,2025-06-16,day_trim,56,0
T_day_trim,2025-06-17,day_trim,56,0
T_day_trim,2025-06-18,day_trim,56,0
T_day_trim,2025-06-19,day_trim,56,0
T_day_trim,2025-06-20,day_trim,56,0
T_day_trim,2025-06-21,day_trim,56,0
T_day_trim,2025-06-22,day_trim,56,0
T_day_trim,2025-06-23,day_trim,56,0
T_day_trim,2025-06-24,day_trim,56,0
T_day_trim,2025-06-25,day_trim,56,0
T_day_trim,2025-06-26,day_trim,56,0
T_day_trim,2025-06-27,day_trim,56,0
T_day_trim,2025-06-28,day_trim,56,0
T_day_trim,2025-06-29,day_trim,56,0
T_day_trim,2025-06-30,day_trim,56,0
T_day_trim,2025-07-01,day_trim,56,0
T_day_trim,2025-07-02,day_trim,56,0
T_day_trim,2025-07-03,day_trim,56,0
T_day_trim,2025-07-04,day_trim,56,0
T_day_trim,2025-07-05,day_trim,56,0
T_day_trim,2025-07-06,day_trim,56,0
T_day_trim,2025-07-07,day_trim,56,0
T_day_trim,2025-07-08,day_trim,56,0
T_day_trim,2025-07-09,day_trim,56,0
T_day_trim,2025-07-10,day_trim,56,0
T_day_trim,2025-07-11,day_trim,56,0
T_day_trim,2025-07-12,day_trim,56,0
T_day_trim,2025-07-13,day_trim,56,0
T_day_trim,2025-07-14,day_trim,56,0
T_day_trim,2025-07-15,day_trim,56,0
T_day_trim,2025-07-16,day_trim,56,0
T_day_trim,2025-07-17,day_trim,56,0
T_day_trim,2025-07-18,day_trim,56,0
T_day_trim,2025-07-19,day_trim,56,0
T_day_trim,2025-07-20,day_trim,56,0
T_day_trim,2025-07-21,day_trim,56,0
T_day_trim,2025-07-22,day_trim,56,0
T_day_trim,2025-07-23,day_trim,56,0
T_day_trim,2025-07-24,day_trim,56,0
T_day_trim,2025-07-25,day_trim,56,0
T_day_trim,2025-07-26,day_trim,56,0
T_day_trim,2025-07-27,day_trim,56,0
T_day_trim,2025-07-28,day_trim,56,0
T_day_trim,2025-07-29,day_trim,56,0
T_day_trim,2025-07-30,day_trim,56,0
T_day_trim,2025-07-31,day_trim,56,0
T_day_trim,2025-08-01,day_trim,56,0
T_day_trim,2025-08-02,day_trim,56,0
T_day_trim,2025-08-03,day_trim,56,0
T_day_trim,2025-08-04,day_trim,56,0
T_day_trim,2025-08-05,day_trim,56,0
T_day_trim,2025-08-06,day_trim,56,0
T_day_trim,2025-08-07,day_trim,56,0
T_day_trim,2025-08-08,day_trim,56,0
T_day_trim,2025-08-09,day_trim,56,0
T_day_trim,2025-08-10,day_trim,56,0
T_day_trim,2025-08-11,day_trim,56,0
T_day_trim,2025-08-12,day_trim,56,0
T_day_trim,2025-08-13,day_trim,56,0
T_day_trim,2025-08-14,day_trim,56,0
T_day_trim,2025-08-15,day_trim,56,0
T_day_trim,2025-08-16,day_trim,56,0
T_day_trim,2025-08-17,day_trim,56,0
T_day_trim,2025-08-18,day_trim,56,0
T_day_trim,2025-08-19,day_trim,56,0
T_day_trim,2025-08-20,day_trim,56,0
T_day_trim,2025-08-21,day_trim,56,0
T_day_trim,2025-08-22,day_trim,56,0
T_day_trim,2025-08-23,day_trim,56,0
T_day_trim,2025-08-24,day_trim,56,0
T_day_trim,2025-08-25,day_trim,56,0
T_day_trim,2025-08-26,day_trim,56,0
T_day_trim,2025-08-27,day_trim,56,0
T_day_trim,2025-08-28,day_trim,56,0
T_day_trim,2025-08-29,day_trim,56,0
T_day_trim,2025-08-30,day_trim,56,0
T_day_trim,2025-08-31,day_trim,56,0
T_day_trim,2025-09-01,day_trim,56,0
T_day_trim,2025-09-02,day_trim,56,0
T_day_trim,2025-09-03,day_trim,56,0
T_day_trim,2025-09-04,day_trim,56,0
T_day_trim,2025-09-05,day_trim,56,0
T_day_trim,2025-09-06,day_trim,56,0
T_day_trim,2025-09-07,day_trim,56,0
T_day_trim,2025-09-08,day_trim,56,0
T_day_trim,2025-09-09,day_trim,56,0
T_day_trim,2025-09-10,day_trim,56,0
T_day_trim,2025-09-11,day_trim,56,0
T_day_trim,2025-09-12,day_trim,56,0
T_day_trim,2025-09-13,day_trim,56,0
T_day_trim,2025-09-14,day_trim,56,0
T_day_trim,2025-09-15,day_trim,56,0
T_day_trim,2025-09-16,day_trim,56,0
T_day_trim,2025-09-17,day_trim,56,0
T_day_trim,2025-09-18,day_trim,56,0
T_day_trim,2025-09-19,day_trim,56,0
T_day_trim,2025-09-20,day_trim,56,0
T_day_trim,2025-09-21,day_trim,56,0
T_day_trim,2025-09-22,day_trim,56,0
T_day_trim,2025-09-23,day_trim,56,0
T_day_trim,2025-09-24,day_trim,56,0
T_day_trim,2025-09-25,day_trim,56,0
T_day_trim,2025-09-26,day_trim,56,0
T_day_trim,2025-09-27,day_trim,56,0
T_day_trim,2025-09-28,day_trim,56,0
T_day_trim,2025-09-29,day_trim,56,0
T_day_trim,2025-09-30,day_trim,56,0
T_day_trim,2025-10-01,day_trim,56,0
T_day_trim,2025-10-02,day_trim,56,0
T_day_trim,2025-10-03,day_trim,56,0
T_day_trim,2025-10-04,day_trim,56,0
T_day_trim,2025-10-05,day_trim,56,0
T_day_trim,2025-10-06,day_trim,56,0
T_day_trim,2025-10-07,day_trim,56,0
T_day_trim,2025-10-08,day_trim,56,0
T_day_trim,2025-10-09,day_trim,56,0
T_day_trim,2025-10-10,day_trim,56,0
T_day_trim,2025-10-11,day_trim,56,0
T_day_trim,2025-10-12,day_trim,56,0
T_day_trim,2025-10-13,day_trim,56,0
T_day_trim,2025-10-14,day_trim,56,0
T_day_trim,2025-10-15,day_trim,56,0
T_day_trim,2025-10-16,day_trim,56,0
T_day_trim,2025-10-17,day_trim,56,0
T_day_trim,2025-10-18,day_trim,56,0
T_day_trim,2025-10-19,day_trim,56,0
T_day_trim,2025-10-20,day_trim,56,0
T_day_trim,2025-10-21,day_trim,56,0
T_day_trim,2025-10-22,day_trim,56,0
T_day_trim,2025-10-23,day_trim,56,0
T_day_trim,2025-10-24,day_trim,56,0
T_day_trim,2025-10-25,day_trim,56,0
T_day_trim,2025-10-26,day_trim,56,0
T_day_trim,2025-10-27,day_trim,56,0
T_day_trim,2025-10-28,day_trim,56,0
T_day_trim,2025-10-29,day_trim,56,0
T_day_trim,2025-10-30,day_trim,56,0
T_day_trim,2025-10-31,day_trim,56,0
T_day_trim,2025-11-01,day_trim,56,0
T_day_trim,2025-11-02,day_trim,56,0
T_day_trim,2025-11-03,day_trim,56,0
T_day_trim,2025-11-04,day_trim,56,0
T_day_trim,2025-11-05,day_trim,56,0
T_day_trim,2025-11-06,day_trim,56,0
T_day_trim,2025-11-07,day_trim,56,0
T_day_trim,2025-11-08,day_trim,56,0
T_day_trim,2025-11-09,day_trim,56,0
T_day_trim,2025-11-10,day_trim,56,0
T_day_trim,2025-11-11,day_trim,56,0
T_day_trim,2025-11-12,day_trim,56,0
T_day_trim,2025-11-13,day_trim,56,0
T_day_trim,2025-11-14,day_trim,56,0
T_day_trim,2025-11-15,day_trim,56,0
T_day_trim,2025-11-16,day_trim,56,0
T_day_trim,2025-11-17,day_trim,56,0
T_day_trim,2025-11-18,day_trim,56,0
T_day_trim,2025-11-19,day_trim,56,0
T_day_trim,2025-11-20,day_trim,56,0
T_day_trim,2025-11-21,day_trim,56,0
T_day_trim,2025-11-22,day_trim,56,0
T_day_trim,2025-11-23,day_trim,56,0
T_day_trim,2025-11-24,day_trim,56,0
T_day_trim,2025-11-25,day_trim,56,0
T_day_trim,2025-11-26,day_trim,56,0
T_day_trim,2025-11-27,day_trim,56,0
T_day_trim,2025-11-28,day_trim,56,0
T_day_trim,2025-11-29,day_trim,56,0
T_day_trim,2025-11-30,day_trim,56,0
T_day_trim,2025-12-01,day_trim,56,0
T_day_trim,2025-12-02,day_trim,56,0
T_day_trim,2025-12-03,day_trim,56,0
T_day_trim,2025-12-04,day_trim,56,0
T_day_trim,2025-12-05,day_trim,56,0
T_day_trim,2025-12-06,day_trim,56,0
T_day_trim,2025-12-07,day_trim,56,0
T_day_trim,2025-12-08,day_trim,56,0
T_day_trim,2025-12-09,day_trim,56,0
T_day_trim,2025-12-10,day_trim,56,0
T_day_trim,2025-12-11,day_trim,56,0
T_day_trim,2025-12-12,day_trim,56,0
T_day_trim,2025-12-13,day_trim,56,0
T_day_trim,2025-12-14,day_trim,56,0
T_day_trim,2025-12-15,day_trim,56,0
T_day_trim,2025-12-16,day_trim,56,0
T_day_trim,2025-12-17,day_trim,56,0
T_day_trim,2025-12-18,day_trim,56,0
T_day_trim,2025-12-19,day_trim,56,0
T_day_trim,2025-12-20,day_trim,56,0
T_day_trim,2025-12-21,day_trim,56,0
T_day_trim,2025-12-22,day_trim,56,0
T_day_trim,2025-12-23,day_trim,56,0
T_day_trim,2025-12-24,day_trim,56,0
T_day_trim,2025-12-25,day_trim,56,0
T_day_trim,2025-12-26,day_trim,56,0
T_day_trim,2025-12-27,day_trim,56,0
T_day_trim,2025-12-28,day_trim,56,0
T_day_trim,2025-12-29,day_trim,56,0
T_day_trim,2025-12-30,day_trim,56,0
T_day_trim,2025-12-31,day_trim,56,0
T_evening_hedge,2025-02-01,evening_hedge,30,0
T_evening_hedge,2025-02-02,evening_hedge,31,0
T_evening_hedge,2025-02-03,evening_hedge,32,0
T_evening_hedge,2025-02-04,evening_hedge,33,0
T_evening_hedge,2025-02-05,evening_hedge,34,0
T_evening_hedge,2025-02-06,evening_hedge,35,0
T_evening_hedge,2025-02-07,evening_hedge,36,0
T_evening_hedge,2025-02-08,evening_hedge,37,0
T_evening_hedge,2025-02-09,evening_hedge,38,0
T_evening_hedge,2025-02-10,evening_hedge,39,0
T_evening_hedge,2025-02-11,evening_hedge,40,0
T_evening_hedge,2025-02-12,evening_hedge,41,0
T_evening_hedge,2025-02-13,evening_hedge,42,0
T_evening_hedge,2025-02-14,evening_hedge,43,0
T_evening_hedge,2025-02-15,evening_hedge,44,0
T_evening_hedge,2025-02-16,evening_hedge,45,0
T_evening_hedge,2025-02-17,evening_hedge,46,0
T_evening_hedge,2025-02-18,evening_hedge,47,0
T_evening_hedge,2025-02-19,evening_hedge,48,0
T_evening_hedge,2025-02-20,evening_hedge,49,0
T_evening_hedge,2025-02-21,evening_hedge,50,0
T_evening_hedge,2025-02-22,evening_hedge,51,0
T_evening_hedge,2025-02-23,evening_hedge,52,0
T_evening_hedge,2025-02-24,evening_hedge,53,0
T_evening_hedge,2025-02-25,evening_hedge,54,0
T_evening_hedge,2025-02-26,evening_hedge,55,0
T_evening_hedge,2025-02-27,evening_hedge,56,0
T_evening_hedge,2025-02-28,evening_hedge,56,0
T_evening_hedge,2025-03-01,evening_hedge,56,0
T_evening_hedge,2025-03-02,evening_hedge,56,0
T_evening_hedge,2025-03-03,evening_hedge,56,0
T_evening_hedge,2025-03-04,evening_hedge,56,0
T_evening_hedge,2025-03-05,evening_hedge,56,0
T_evening_hedge,2025-03-06,evening_hedge,56,0
T_evening_hedge,2025-03-07,evening_hedge,56,0
T_evening_hedge,2025-03-08,evening_hedge,56,0
T_evening_hedge,2025-03-09,evening_hedge,56,0
T_evening_hedge,2025-03-10,evening_hedge,56,0
T_evening_hedge,2025-03-11,evening_hedge,56,0
T_evening_hedge,2025-03-12,evening_hedge,56,0
T_evening_hedge,2025-03-13,evening_hedge,56,0
T_evening_hedge,2025-03-14,evening_hedge,56,0
T_evening_hedge,2025-03-15,evening_hedge,56,0
T_evening_hedge,2025-03-16,evening_hedge,56,0
T_evening_hedge,2025-03-17,evening_hedge,56,0
T_evening_hedge,2025-03-18,evening_hedge,56,0
T_evening_hedge,2025-03-19,evening_hedge,56,0
T_evening_hedge,2025-03-20,evening_hedge,56,0
T_evening_hedge,2025-03-21,evening_hedge,56,0
T_evening_hedge,2025-03-22,evening_hedge,56,0
T_evening_hedge,2025-03-23,evening_hedge,56,0
T_evening_hedge,2025-03-24,evening_hedge,56,0
T_evening_hedge,2025-03-25,evening_hedge,56,0
T_evening_hedge,2025-03-26,evening_hedge,56,0
T_evening_hedge,2025-03-27,evening_hedge,56,0
T_evening_hedge,2025-03-28,evening_hedge,56,0
T_evening_hedge,2025-03-29,evening_hedge,56,0
T_evening_hedge,2025-03-30,evening_hedge,56,0
T_evening_hedge,2025-03-31,evening_hedge,56,0
T_evening_hedge,2025-04-01,evening_hedge,56,0
T_evening_hedge,2025-04-02,evening_hedge,56,0
T_evening_hedge,2025-04-03,evening_hedge,56,0
T_evening_hedge,2025-04-04,evening_hedge,56,0
T_evening_hedge,2025-04-05,evening_hedge,56,0
T_evening_hedge,2025-04-06,evening_hedge,56,0
T_evening_hedge,2025-04-07,evening_hedge,56,0
T_evening_hedge,2025-04-08,evening_hedge,56,0
T_evening_hedge,2025-04-09,evening_hedge,56,0
T_evening_hedge,2025-04-10,evening_hedge,56,0
T_evening_hedge,2025-04-11,evening_hedge,56,0
T_evening_hedge,2025-04-12,evening_hedge,56,0
T_evening_hedge,2025-04-13,evening_hedge,56,0
T_evening_hedge,2025-04-14,evening_hedge,56,0
T_evening_hedge,2025-04-15,evening_hedge,56,0
T_evening_hedge,2025-04-16,evening_hedge,56,0
T_evening_hedge,2025-04-17,evening_hedge,56,0
T_evening_hedge,2025-04-18,evening_hedge,56,0
T_evening_hedge,2025-04-19,evening_hedge,56,0
T_evening_hedge,2025-04-20,evening_hedge,56,0
T_evening_hedge,2025-04-21,evening_hedge,56,0
T_evening_hedge,2025-04-22,evening_hedge,56,0
T_evening_hedge,2025-04-23,evening_hedge,56,0
T_evening_hedge,2025-04-24,evening_hedge,56,0
T_evening_hedge,2025-04-25,evening_hedge,56,0
T_evening_hedge,2025-04-26,evening_hedge,56,0
T_evening_hedge,2025-04-27,evening_hedge,56,0
T_evening_hedge,2025-04-28,evening_hedge,56,0
T_evening_hedge,2025-04-29,evening_hedge,56,0
T_evening_hedge,2025-04-30,evening_hedge,56,0
T_evening_hedge,2025-05-01,evening_hedge,56,0
T_evening_hedge,2025-05-02,evening_hedge,56,0
T_evening_hedge,2025-05-03,evening_hedge,56,0
T_evening_hedge,2025-05-04,evening_hedge,56,0
T_evening_hedge,2025-05-05,evening_hedge,56,0
T_evening_hedge,2025-05-06,evening_hedge,56,0
T_evening_hedge,2025-05-07,evening_hedge,56,0
T_evening_hedge,2025-05-08,evening_hedge,56,0
T_evening_hedge,2025-05-09,evening_hedge,56,0
T_evening_hedge,2025-05-10,evening_hedge,56,0
T_evening_hedge,2025-05-11,evening_hedge,56,0
T_evening_hedge,2025-05-12,evening_hedge,56,0
T_evening_hedge,2025-05-13,evening_hedge,56,0
T_evening_hedge,2025-05-14,evening_hedge,56,0
T_evening_hedge,2025-05-15,evening_hedge,56,0
T_evening_hedge,2025-05-16,evening_hedge,56,0
T_evening_hedge,2025-05-17,evening_hedge,56,0
T_evening_hedge,2025-05-18,evening_hedge,56,0
T_evening_hedge,2025-05-19,evening_hedge,56,0
T_evening_hedge,2025-05-20,evening_hedge,56,0
T_evening_hedge,2025-05-21,evening_hedge,56,0
T_evening_hedge,2025-05-22,evening_hedge,56,0
T_evening_hedge,2025-05-23,evening_hedge,56,0
T_evening_hedge,2025-05-24,evening_hedge,56,0
T_evening_hedge,2025-05-25,evening_hedge,56,0
T_evening_hedge,2025-05-26,evening_hedge,56,0
T_evening_hedge,2025-05-27,evening_hedge,56,0
T_evening_hedge,2025-05-28,evening_hedge,56,0
T_evening_hedge,2025-05-29,evening_hedge,56,0
T_evening_hedge,2025-05-30,evening_hedge,56,0
T_evening_hedge,2025-05-31,evening_hedge,56,0
T_evening_hedge,2025-06-01,evening_hedge,56,0
T_evening_hedge,2025-06-02,evening_hedge,56,0
T_evening_hedge,2025-06-03,evening_hedge,56,0
T_evening_hedge,2025-06-04,evening_hedge,56,0
T_evening_hedge,2025-06-05,evening_hedge,56,0
T_evening_hedge,2025-06-06,evening_hedge,56,0
T_evening_hedge,2025-06-07,evening_hedge,56,0
T_evening_hedge,2025-06-08,evening_hedge,56,0
T_evening_hedge,2025-06-09,evening_hedge,56,0
T_evening_hedge,2025-06-10,evening_hedge,56,0
T_evening_hedge,2025-06-11,evening_hedge,56,0
T_evening_hedge,2025-06-12,evening_hedge,56,0
T_evening_hedge,2025-06-13,evening_hedge,56,0
T_evening_hedge,2025-06-14,evening_hedge,56,0
T_evening_hedge,2025-06-15,evening_hedge,56,0
T_evening_hedge,2025-06-16,evening_hedge,56,0
T_evening_hedge,2025-06-17,evening_hedge,56,0
T_evening_hedge,2025-06-18,evening_hedge,56,0
T_evening_hedge,2025-06-19,evening_hedge,56,0
T_evening_hedge,2025-06-20,evening_hedge,56,0
T_evening_hedge,2025-06-21,evening_hedge,56,0
T_evening_hedge,2025-06-22,evening_hedge,56,0
T_evening_hedge,2025-06-23,evening_hedge,56,0
T_evening_hedge,2025-06-24,evening_hedge,56,0
T_evening_hedge,2025-06-25,evening_hedge,56,0
T_evening_hedge,2025-06-26,evening_hedge,56,0
T_evening_hedge,2025-06-27,evening_hedge,56,0
T_evening_hedge,2025-06-28,evening_hedge,56,0
T_evening_hedge,2025-06-29,evening_hedge,56,0
T_evening_hedge,2025-06-30,evening_hedge,56,0
T_evening_hedge,2025-07-01,evening_hedge,56,0
T_evening_hedge,2025-07-02,evening_hedge,56,0
T_evening_hedge,2025-07-03,evening_hedge,56,0
T_evening_hedge,2025-07-04,evening_hedge,56,0
T_evening_hedge,2025-07-05,evening_hedge,56,0
T_evening_hedge,2025-07-06,evening_hedge,56,0
T_evening_hedge,2025-07-07,evening_hedge,56,0
T_evening_hedge,2025-07-08,evening_hedge,56,0
T_evening_hedge,2025-07-09,evening_hedge,56,0
T_evening_hedge,2025-07-10,evening_hedge,56,0
T_evening_hedge,2025-07-11,evening_hedge,56,0
T_evening_hedge,2025-07-12,evening_hedge,56,0
T_evening_hedge,2025-07-13,evening_hedge,56,0
T_evening_hedge,2025-07-14,evening_hedge,56,0
T_evening_hedge,2025-07-15,evening_hedge,56,0
T_evening_hedge,2025-07-16,evening_hedge,56,0
T_evening_hedge,2025-07-17,evening_hedge,56,0
T_evening_hedge,2025-07-18,evening_hedge,56,0
T_evening_hedge,2025-07-19,evening_hedge,56,0
T_evening_hedge,2025-07-20,evening_hedge,56,0
T_evening_hedge,2025-07-21,evening_hedge,56,0
T_evening_hedge,2025-07-22,evening_hedge,56,0
T_evening_hedge,2025-07-23,evening_hedge,56,0
T_evening_hedge,2025-07-24,evening_hedge,56,0
T_evening_hedge,2025-07-25,evening_hedge,56,0
T_evening_hedge,2025-07-26,evening_hedge,56,0
T_evening_hedge,2025-07-27,evening_hedge,56,0
T_evening_hedge,2025-07-28,evening_hedge,56,0
T_evening_hedge,2025-07-29,evening_hedge,56,0
T_evening_hedge,2025-07-30,evening_hedge,56,0
T_evening_hedge,2025-07-31,evening_hedge,56,0
T_evening_hedge,2025-08-01,evening_hedge,56,0
T_evening_hedge,2025-08-02,evening_hedge,56,0
T_evening_hedge,2025-08-03,evening_hedge,56,0
T_evening_hedge,2025-08-04,evening_hedge,56,0
T_evening_hedge,2025-08-05,evening_hedge,56,0
T_evening_hedge,2025-08-06,evening_hedge,56,0
T_evening_hedge,2025-08-07,evening_hedge,56,0
T_evening_hedge,2025-08-08,evening_hedge,56,0
T_evening_hedge,2025-08-09,evening_hedge,56,0
T_evening_hedge,2025-08-10,evening_hedge,56,0
T_evening_hedge,2025-08-11,evening_hedge,56,0
T_evening_hedge,2025-08-12,evening_hedge,56,0
T_evening_hedge,2025-08-13,evening_hedge,56,0
T_evening_hedge,2025-08-14,evening_hedge,56,0
T_evening_hedge,2025-08-15,evening_hedge,56,0
T_evening_hedge,2025-08-16,evening_hedge,56,0
T_evening_hedge,2025-08-17,evening_hedge,56,0
T_evening_hedge,2025-08-18,evening_hedge,56,0
T_evening_hedge,2025-08-19,evening_hedge,56,0
T_evening_hedge,2025-08-20,evening_hedge,56,0
T_evening_hedge,2025-08-21,evening_hedge,56,0
T_evening_hedge,2025-08-22,evening_hedge,56,0
T_evening_hedge,2025-08-23,evening_hedge,56,0
T_evening_hedge,2025-08-24,evening_hedge,56,0
T_evening_hedge,2025-08-25,evening_hedge,56,0
T_evening_hedge,2025-08-26,evening_hedge,56,0
T_evening_hedge,2025-08-27,evening_hedge,56,0
T_evening_hedge,2025-08-28,evening_hedge,56,0
T_evening_hedge,2025-08-29,evening_hedge,56,0
T_evening_hedge,2025-08-30,evening_hedge,56,0
T_evening_hedge,2025-08-31,evening_hedge,56,0
T_evening_hedge,2025-09-01,evening_hedge,56,0
T_evening_hedge,2025-09-02,evening_hedge,56,0
T_evening_hedge,2025-09-03,evening_hedge,56,0
T_evening_hedge,2025-09-04,evening_hedge,56,0
T_evening_hedge,2025-09-05,evening_hedge,56,0
T_evening_hedge,2025-09-06,evening_hedge,56,0
T_evening_hedge,2025-09-07,evening_hedge,56,0
T_evening_hedge,2025-09-08,evening_hedge,56,0
T_evening_hedge,2025-09-09,evening_hedge,56,0
T_evening_hedge,2025-09-10,evening_hedge,56,0
T_evening_hedge,2025-09-11,evening_hedge,56,0
T_evening_hedge,2025-09-12,evening_hedge,56,0
T_evening_hedge,2025-09-13,evening_hedge,56,0
T_evening_hedge,2025-09-14,evening_hedge,56,0
T_evening_hedge,2025-09-15,evening_hedge,56,0
T_evening_hedge,2025-09-16,evening_hedge,56,0
T_evening_hedge,2025-09-17,evening_hedge,56,0
T_evening_hedge,2025-09-18,evening_hedge,56,0
T_evening_hedge,2025-09-19,evening_hedge,56,0
T_evening_hedge,2025-09-20,evening_hedge,56,0
T_evening_hedge,2025-09-21,evening_hedge,56,0
T_evening_hedge,2025-09-22,evening_hedge,56,0
T_evening_hedge,2025-09-23,evening_hedge,56,0
T_evening_hedge,2025-09-24,evening_hedge,56,0
T_evening_hedge,2025-09-25,evening_hedge,56,0
T_evening_hedge,2025-09-26,evening_hedge,56,0
T_evening_hedge,2025-09-27,evening_hedge,56,0
T_evening_hedge,2025-09-28,evening_hedge,56,0
T_evening_hedge,2025-09-29,evening_hedge,56,0
T_evening_hedge,2025-09-30,evening_hedge,56,0
T_evening_hedge,2025-10-01,evening_hedge,56,0
T_evening_hedge,2025-10-02,evening_hedge,56,0
T_evening_hedge,2025-10-03,evening_hedge,56,0
T_evening_hedge,2025-10-04,evening_hedge,56,0
T_evening_hedge,2025-10-05,evening_hedge,56,0
T_evening_hedge,2025-10-06,evening_hedge,56,0
T_evening_hedge,2025-10-07,evening_hedge,56,0
T_evening_hedge,2025-10-08,evening_hedge,56,0
T_evening_hedge,2025-10-09,evening_hedge,56,0
T_evening_hedge,2025-10-10,evening_hedge,56,0
T_evening_hedge,2025-10-11,evening_hedge,56,0
T_evening_hedge,2025-10-12,evening_hedge,56,0
T_evening_hedge,2025-10-13,evening_hedge,56,0
T_evening_hedge,2025-10-14,evening_hedge,56,0
T_evening_hedge,2025-10-15,evening_hedge,56,0
T_evening_hedge,2025-10-16,evening_hedge,56,0
T_evening_hedge,2025-10-17,evening_hedge,56,0
T_evening_hedge,2025-10-18,evening_hedge,56,0
T_evening_hedge,2025-10-19,evening_hedge,56,0
T_evening_hedge,2025-10-20,evening_hedge,56,0
T_evening_hedge,2025-10-21,evening_hedge,56,0
T_evening_hedge,2025-10-22,evening_hedge,56,0
T_evening_hedge,2025-10-23,evening_hedge,56,0
T_evening_hedge,2025-10-24,evening_hedge,56,0
T_evening_hedge,2025-10-25,evening_hedge,56,0
T_evening_hedge,2025-10-26,evening_hedge,56,0
T_evening_hedge,2025-10-27,evening_hedge,56,0
T_evening_hedge,2025-10-28,evening_hedge,56,0
T_evening_hedge,2025-10-29,evening_hedge,56,0
T_evening_hedge,2025-10-30,evening_hedge,56,0
T_evening_hedge,2025-10-31,evening_hedge,56,0
T_evening_hedge,2025-11-01,evening_hedge,56,0
T_evening_hedge,2025-11-02,evening_hedge,56,0
T_evening_hedge,2025-11-03,evening_hedge,56,0
T_evening_hedge,2025-11-04,evening_hedge,56,0
T_evening_hedge,2025-11-05,evening_hedge,56,0
T_evening_hedge,2025-11-06,evening_hedge,56,0
T_evening_hedge,2025-11-07,evening_hedge,56,0
T_evening_hedge,2025-11-08,evening_hedge,56,0
T_evening_hedge,2025-11-09,evening_hedge,56,0
T_evening_hedge,2025-11-10,evening_hedge,56,0
T_evening_hedge,2025-11-11,evening_hedge,56,0
T_evening_hedge,2025-11-12,evening_hedge,56,0
T_evening_hedge,2025-11-13,evening_hedge,56,0
T_evening_hedge,2025-11-14,evening_hedge,56,0
T_evening_hedge,2025-11-15,evening_hedge,56,0
T_evening_hedge,2025-11-16,evening_hedge,56,0
T_evening_hedge,2025-11-17,evening_hedge,56,0
T_evening_hedge,2025-11-18,evening_hedge,56,0
T_evening_hedge,2025-11-19,evening_hedge,56,0
T_evening_hedge,2025-11-20,evening_hedge,56,0
T_evening_hedge,2025-11-21,evening_hedge,56,0
T_evening_hedge,2025-11-22,evening_hedge,56,0
T_evening_hedge,2025-11-23,evening_hedge,56,0
T_evening_hedge,2025-11-24,evening_hedge,56,0
T_evening_hedge,2025-11-25,evening_hedge,56,0
T_evening_hedge,2025-11-26,evening_hedge,56,0
T_evening_hedge,2025-11-27,evening_hedge,56,0
T_evening_hedge,2025-11-28,evening_hedge,56,0
T_evening_hedge,2025-11-29,evening_hedge,56,0
T_evening_hedge,2025-11-30,evening_hedge,56,0
T_evening_hedge,2025-12-01,evening_hedge,56,0
T_evening_hedge,2025-12-02,evening_hedge,56,0
T_evening_hedge,2025-12-03,evening_hedge,56,0
T_evening_hedge,2025-12-04,evening_hedge,56,0
T_evening_hedge,2025-12-05,evening_hedge,56,0
T_evening_hedge,2025-12-06,evening_hedge,56,0
T_evening_hedge,2025-12-07,evening_hedge,56,0
T_evening_hedge,2025-12-08,evening_hedge,56,0
T_evening_hedge,2025-12-09,evening_hedge,56,0
T_evening_hedge,2025-12-10,evening_hedge,56,0
T_evening_hedge,2025-12-11,evening_hedge,56,0
T_evening_hedge,2025-12-12,evening_hedge,56,0
T_evening_hedge,2025-12-13,evening_hedge,56,0
T_evening_hedge,2025-12-14,evening_hedge,56,0
T_evening_hedge,2025-12-15,evening_hedge,56,0
T_evening_hedge,2025-12-16,evening_hedge,56,0
T_evening_hedge,2025-12-17,evening_hedge,56,0
T_evening_hedge,2025-12-18,evening_hedge,56,0
T_evening_hedge,2025-12-19,evening_hedge,56,0
T_evening_hedge,2025-12-20,evening_hedge,56,0
T_evening_hedge,2025-12-21,evening_hedge,56,0
T_evening_hedge,2025-12-22,evening_hedge,56,0
T_evening_hedge,2025-12-23,evening_hedge,56,0
T_evening_hedge,2025-12-24,evening_hedge,56,0
T_evening_hedge,2025-12-25,evening_hedge,56,0
T_evening_hedge,2025-12-26,evening_hedge,56,0
T_evening_hedge,2025-12-27,evening_hedge,56,0
T_evening_hedge,2025-12-28,evening_hedge,56,0
T_evening_hedge,2025-12-29,evening_hedge,56,0
T_evening_hedge,2025-12-30,evening_hedge,56,0
T_evening_hedge,2025-12-31,evening_hedge,56,0
T_rebalance,2025-02-01,rebalance,30,0
T_rebalance,2025-02-02,rebalance,31,0
T_rebalance,2025-02-03,rebalance,32,0
T_rebalance,2025-02-04,rebalance,33,0
T_rebalance,2025-02-05,rebalance,34,0
T_rebalance,2025-02-06,rebalance,35,0
T_rebalance,2025-02-07,rebalance,36,0
T_rebalance,2025-02-08,rebalance,37,0
T_rebalance,2025-02-09,rebalance,38,0
T_rebalance,2025-02-10,rebalance,39,0
T_rebalance,2025-02-11,rebalance,40,0
T_rebalance,2025-02-12,rebalance,41,0
T_rebalance,2025-02-13,rebalance,42,0
T_rebalance,2025-02-14,rebalance,43,0
T_rebalance,2025-02-15,rebalance,44,0
T_rebalance,2025-02-16,rebalance,45,0
T_rebalance,2025-02-17,rebalance,46,0
T_rebalance,2025-02-18,rebalance,47,0
T_rebalance,2025-02-19,rebalance,48,0
T_rebalance,2025-02-20,rebalance,49,0
T_rebalance,2025-02-21,rebalance,50,0
T_rebalance,2025-02-22,rebalance,51,0
T_rebalance,2025-02-23,rebalance,52,0
T_rebalance,2025-02-24,rebalance,53,0
T_rebalance,2025-02-25,rebalance,54,0
T_rebalance,2025-02-26,rebalance,55,0
T_rebalance,2025-02-27,rebalance,56,0
T_rebalance,2025-02-28,rebalance,56,0
T_rebalance,2025-03-01,rebalance,56,0
T_rebalance,2025-03-02,rebalance,56,0
T_rebalance,2025-03-03,rebalance,56,0
T_rebalance,2025-03-04,rebalance,56,0
T_rebalance,2025-03-05,rebalance,56,0
T_rebalance,2025-03-06,rebalance,56,0
T_rebalance,2025-03-07,rebalance,56,0
T_rebalance,2025-03-08,rebalance,56,0
T_rebalance,2025-03-09,rebalance,56,0
T_rebalance,2025-03-10,rebalance,56,0
T_rebalance,2025-03-11,rebalance,56,0
T_rebalance,2025-03-12,rebalance,56,0
T_rebalance,2025-03-13,rebalance,56,0
T_rebalance,2025-03-14,rebalance,56,0
T_rebalance,2025-03-15,rebalance,56,0
T_rebalance,2025-03-16,rebalance,56,0
T_rebalance,2025-03-17,rebalance,56,0
T_rebalance,2025-03-18,rebalance,56,0
T_rebalance,2025-03-19,rebalance,56,0
T_rebalance,2025-03-20,rebalance,56,0
T_rebalance,2025-03-21,rebalance,56,0
T_rebalance,2025-03-22,rebalance,56,0
T_rebalance,2025-03-23,rebalance,56,0
T_rebalance,2025-03-24,rebalance,56,0
T_rebalance,2025-03-25,rebalance,56,0
T_rebalance,2025-03-26,rebalance,56,0
T_rebalance,2025-03-27,rebalance,56,0
T_rebalance,2025-03-28,rebalance,56,0
T_rebalance,2025-03-29,rebalance,56,0
T_rebalance,2025-03-30,rebalance,56,0
T_rebalance,2025-03-31,rebalance,56,0
T_rebalance,2025-04-01,rebalance,56,0
T_rebalance,2025-04-02,rebalance,56,0
T_rebalance,2025-04-03,rebalance,56,0
T_rebalance,2025-04-04,rebalance,56,0
T_rebalance,2025-04-05,rebalance,56,0
T_rebalance,2025-04-06,rebalance,56,0
T_rebalance,2025-04-07,rebalance,56,0
T_rebalance,2025-04-08,rebalance,56,0
T_rebalance,2025-04-09,rebalance,56,0
T_rebalance,2025-04-10,rebalance,56,0
T_rebalance,2025-04-11,rebalance,56,0
T_rebalance,2025-04-12,rebalance,56,0
T_rebalance,2025-04-13,rebalance,56,0
T_rebalance,2025-04-14,rebalance,56,0
T_rebalance,2025-04-15,rebalance,56,0
T_rebalance,2025-04-16,rebalance,56,0
T_rebalance,2025-04-17,rebalance,56,0
T_rebalance,2025-04-18,rebalance,56,0
T_rebalance,2025-04-19,rebalance,56,0
T_rebalance,2025-04-20,rebalance,56,0
T_rebalance,2025-04-21,rebalance,56,0
T_rebalance,2025-04-22,rebalance,56,0
T_rebalance,2025-04-23,rebalance,56,0
T_rebalance,2025-04-24,rebalance,56,0
T_rebalance,2025-04-25,rebalance,56,0
T_rebalance,2025-04-26,rebalance,56,0
T_rebalance,2025-04-27,rebalance,56,0
T_rebalance,2025-04-28,rebalance,56,0
T_rebalance,2025-04-29,rebalance,56,0
T_rebalance,2025-04-30,rebalance,56,0
T_rebalance,2025-05-01,rebalance,56,0
T_rebalance,2025-05-02,rebalance,56,0
T_rebalance,2025-05-03,rebalance,56,0
T_rebalance,2025-05-04,rebalance,56,0
T_rebalance,2025-05-05,rebalance,56,0
T_rebalance,2025-05-06,rebalance,56,0
T_rebalance,2025-05-07,rebalance,56,0
T_rebalance,2025-05-08,rebalance,56,0
T_rebalance,2025-05-09,rebalance,56,0
T_rebalance,2025-05-10,rebalance,56,0
T_rebalance,2025-05-11,rebalance,56,0
T_rebalance,2025-05-12,rebalance,56,0
T_rebalance,2025-05-13,rebalance,56,0
T_rebalance,2025-05-14,rebalance,56,0
T_rebalance,2025-05-15,rebalance,56,0
T_rebalance,2025-05-16,rebalance,56,0
T_rebalance,2025-05-17,rebalance,56,0
T_rebalance,2025-05-18,rebalance,56,0
T_rebalance,2025-05-19,rebalance,56,0
T_rebalance,2025-05-20,rebalance,56,0
T_rebalance,2025-05-21,rebalance,56,0
T_rebalance,2025-05-22,rebalance,56,0
T_rebalance,2025-05-23,rebalance,56,0
T_rebalance,2025-05-24,rebalance,56,0
T_rebalance,2025-05-25,rebalance,56,0
T_rebalance,2025-05-26,rebalance,56,0
T_rebalance,2025-05-27,rebalance,56,0
T_rebalance,2025-05-28,rebalance,56,0
T_rebalance,2025-05-29,rebalance,56,0
T_rebalance,2025-05-30,rebalance,56,0
T_rebalance,2025-05-31,rebalance,56,0
T_rebalance,2025-06-01,rebalance,56,0
T_rebalance,2025-06-02,rebalance,56,0
T_rebalance,2025-06-03,rebalance,56,0
T_rebalance,2025-06-04,rebalance,56,0
T_rebalance,2025-06-05,rebalance,56,0
T_rebalance,2025-06-06,rebalance,56,0
T_rebalance,2025-06-07,rebalance,56,0
T_rebalance,2025-06-08,rebalance,56,0
T_rebalance,2025-06-09,rebalance,56,0
T_rebalance,2025-06-10,rebalance,56,0
T_rebalance,2025-06-11,rebalance,56,0
T_rebalance,2025-06-12,rebalance,56,0
T_rebalance,2025-06-13,rebalance,56,0
T_rebalance,2025-06-14,rebalance,56,0
T_rebalance,2025-06-15,rebalance,56,0
T_rebalance,2025-06-16,rebalance,56,0
T_rebalance,2025-06-17,rebalance,56,0
T_rebalance,2025-06-18,rebalance,56,0
T_rebalance,2025-06-19,rebalance,56,0
T_rebalance,2025-06-20,rebalance,56,0
T_rebalance,2025-06-21,rebalance,56,0
T_rebalance,2025-06-22,rebalance,56,0
T_rebalance,2025-06-23,rebalance,56,0
T_rebalance,2025-06-24,rebalance,56,0
T_rebalance,2025-06-25,rebalance,56,0
T_rebalance,2025-06-26,rebalance,56,0
T_rebalance,2025-06-27,rebalance,56,0
T_rebalance,2025-06-28,rebalance,56,0
T_rebalance,2025-06-29,rebalance,56,0
T_rebalance,2025-06-30,rebalance,56,0
T_rebalance,2025-07-01,rebalance,56,0
T_rebalance,2025-07-02,rebalance,56,0
T_rebalance,2025-07-03,rebalance,56,0
T_rebalance,2025-07-04,rebalance,56,0
T_rebalance,2025-07-05,rebalance,56,0
T_rebalance,2025-07-06,rebalance,56,0
T_rebalance,2025-07-07,rebalance,56,0
T_rebalance,2025-07-08,rebalance,56,0
T_rebalance,2025-07-09,rebalance,56,0
T_rebalance,2025-07-10,rebalance,56,0
T_rebalance,2025-07-11,rebalance,56,0
T_rebalance,2025-07-12,rebalance,56,0
T_rebalance,2025-07-13,rebalance,56,0
T_rebalance,2025-07-14,rebalance,56,0
T_rebalance,2025-07-15,rebalance,56,0
T_rebalance,2025-07-16,rebalance,56,0
T_rebalance,2025-07-17,rebalance,56,0
T_rebalance,2025-07-18,rebalance,56,0
T_rebalance,2025-07-19,rebalance,56,0
T_rebalance,2025-07-20,rebalance,56,0
T_rebalance,2025-07-21,rebalance,56,0
T_rebalance,2025-07-22,rebalance,56,0
T_rebalance,2025-07-23,rebalance,56,0
T_rebalance,2025-07-24,rebalance,56,0
T_rebalance,2025-07-25,rebalance,56,0
T_rebalance,2025-07-26,rebalance,56,0
T_rebalance,2025-07-27,rebalance,56,0
T_rebalance,2025-07-28,rebalance,56,0
T_rebalance,2025-07-29,rebalance,56,0
T_rebalance,2025-07-30,rebalance,56,0
T_rebalance,2025-07-31,rebalance,56,0
T_rebalance,2025-08-01,rebalance,56,0
T_rebalance,2025-08-02,rebalance,56,0
T_rebalance,2025-08-03,rebalance,56,0
T_rebalance,2025-08-04,rebalance,56,0
T_rebalance,2025-08-05,rebalance,56,0
T_rebalance,2025-08-06,rebalance,56,0
T_rebalance,2025-08-07,rebalance,56,0
T_rebalance,2025-08-08,rebalance,56,0
T_rebalance,2025-08-09,rebalance,56,0
T_rebalance,2025-08-10,rebalance,56,0
T_rebalance,2025-08-11,rebalance,56,0
T_rebalance,2025-08-12,rebalance,56,0
T_rebalance,2025-08-13,rebalance,56,0
T_rebalance,2025-08-14,rebalance,56,0
T_rebalance,2025-08-15,rebalance,56,0
T_rebalance,2025-08-16,rebalance,56,0
T_rebalance,2025-08-17,rebalance,56,0
T_rebalance,2025-08-18,rebalance,56,0
T_rebalance,2025-08-19,rebalance,56,0
T_rebalance,2025-08-20,rebalance,56,0
T_rebalance,2025-08-21,rebalance,56,0
T_rebalance,2025-08-22,rebalance,56,0
T_rebalance,2025-08-23,rebalance,56,0
T_rebalance,2025-08-24,rebalance,56,0
T_rebalance,2025-08-25,rebalance,56,0
T_rebalance,2025-08-26,rebalance,56,0
T_rebalance,2025-08-27,rebalance,56,0
T_rebalance,2025-08-28,rebalance,56,0
T_rebalance,2025-08-29,rebalance,56,0
T_rebalance,2025-08-30,rebalance,56,0
T_rebalance,2025-08-31,rebalance,56,0
T_rebalance,2025-09-01,rebalance,56,0
T_rebalance,2025-09-02,rebalance,56,0
T_rebalance,2025-09-03,rebalance,56,0
T_rebalance,2025-09-04,rebalance,56,0
T_rebalance,2025-09-05,rebalance,56,0
T_rebalance,2025-09-06,rebalance,56,0
T_rebalance,2025-09-07,rebalance,56,0
T_rebalance,2025-09-08,rebalance,56,0
T_rebalance,2025-09-09,rebalance,56,0
T_rebalance,2025-09-10,rebalance,56,0
T_rebalance,2025-09-11,rebalance,56,0
T_rebalance,2025-09-12,rebalance,56,0
T_rebalance,2025-09-13,rebalance,56,0
T_rebalance,2025-09-14,rebalance,56,0
T_rebalance,2025-09-15,rebalance,56,0
T_rebalance,2025-09-16,rebalance,56,0
T_rebalance,2025-09-17,rebalance,56,0
T_rebalance,2025-09-18,rebalance,56,0
T_rebalance,2025-09-19,rebalance,56,0
T_rebalance,2025-09-20,rebalance,56,0
T_rebalance,2025-09-21,rebalance,56,0
T_rebalance,2025-09-22,rebalance,56,0
T_rebalance,2025-09-23,rebalance,56,0
T_rebalance,2025-09-24,rebalance,56,0
T_rebalance,2025-09-25,rebalance,56,0
T_rebalance,2025-09-26,rebalance,56,0
T_rebalance,2025-09-27,rebalance,56,0
T_rebalance,2025-09-28,rebalance,56,0
T_rebalance,2025-09-29,rebalance,56,0
T_rebalance,2025-09-30,rebalance,56,0
T_rebalance,2025-10-01,rebalance,56,0
T_rebalance,2025-10-02,rebalance,56,0
T_rebalance,2025-10-03,rebalance,56,0
T_rebalance,2025-10-04,rebalance,56,0
T_rebalance,2025-10-05,rebalance,56,0
T_rebalance,2025-10-06,rebalance,56,0
T_rebalance,2025-10-07,rebalance,56,0
T_rebalance,2025-10-08,rebalance,56,0
T_rebalance,2025-10-09,rebalance,56,0
T_rebalance,2025-10-10,rebalance,56,0
T_rebalance,2025-10-11,rebalance,56,0
T_rebalance,2025-10-12,rebalance,56,0
T_rebalance,2025-10-13,rebalance,56,0
T_rebalance,2025-10-14,rebalance,56,0
T_rebalance,2025-10-15,rebalance,56,0
T_rebalance,2025-10-16,rebalance,56,0
T_rebalance,2025-10-17,rebalance,56,0
T_rebalance,2025-10-18,rebalance,56,0
T_rebalance,2025-10-19,rebalance,56,0
T_rebalance,2025-10-20,rebalance,56,0
T_rebalance,2025-10-21,rebalance,56,0
T_rebalance,2025-10-22,rebalance,56,0
T_rebalance,2025-10-23,rebalance,56,0
T_rebalance,2025-10-24,rebalance,56,0
T_rebalance,2025-10-25,rebalance,56,0
T_rebalance,2025-10-26,rebalance,56,0
T_rebalance,2025-10-27,rebalance,56,0
T_rebalance,2025-10-28,rebalance,56,0
T_rebalance,2025-10-29,rebalance,56,0
T_rebalance,2025-10-30,rebalance,56,0
T_rebalance,2025-10-31,rebalance,56,0
T_rebalance,2025-11-01,rebalance,56,0
T_rebalance,2025-11-02,rebalance,56,0
T_rebalance,2025-11-03,rebalance,56,0
T_rebalance,2025-11-04,rebalance,56,0
T_rebalance,2025-11-05,rebalance,56,0
T_rebalance,2025-11-06,rebalance,56,0
T_rebalance,2025-11-07,rebalance,56,0
T_rebalance,2025-11-08,rebalance,56,0
T_rebalance,2025-11-09,rebalance,56,0
T_rebalance,2025-11-10,rebalance,56,0
T_rebalance,2025-11-11,rebalance,56,0
T_rebalance,2025-11-12,rebalance,56,0
T_rebalance,2025-11-13,rebalance,56,0
T_rebalance,2025-11-14,rebalance,56,0
T_rebalance,2025-11-15,rebalance,56,0
T_rebalance,2025-11-16,rebalance,56,0
T_rebalance,2025-11-17,rebalance,56,0
T_rebalance,2025-11-18,rebalance,56,0
T_rebalance,2025-11-19,rebalance,56,0
T_rebalance,2025-11-20,rebalance,56,0
T_rebalance,2025-11-21,rebalance,56,0
T_rebalance,2025-11-22,rebalance,56,0
T_rebalance,2025-11-23,rebalance,56,0
T_rebalance,2025-11-24,rebalance,56,0
T_rebalance,2025-11-25,rebalance,56,0
T_rebalance,2025-11-26,rebalance,56,0
T_rebalance,2025-11-27,rebalance,56,0
T_rebalance,2025-11-28,rebalance,56,0
T_rebalance,2025-11-29,rebalance,56,0
T_rebalance,2025-11-30,rebalance,56,0
T_rebalance,2025-12-01,rebalance,56,0
T_rebalance,2025-12-02,rebalance,56,0
T_rebalance,2025-12-03,rebalance,56,0
T_rebalance,2025-12-04,rebalance,56,0
T_rebalance,2025-12-05,rebalance,56,0
T_rebalance,2025-12-06,rebalance,56,0
T_rebalance,2025-12-07,rebalance,56,0
T_rebalance,2025-12-08,rebalance,56,0
T_rebalance,2025-12-09,rebalance,56,0
T_rebalance,2025-12-10,rebalance,56,0
T_rebalance,2025-12-11,rebalance,56,0
T_rebalance,2025-12-12,rebalance,56,0
T_rebalance,2025-12-13,rebalance,56,0
T_rebalance,2025-12-14,rebalance,56,0
T_rebalance,2025-12-15,rebalance,56,0
T_rebalance,2025-12-16,rebalance,56,0
T_rebalance,2025-12-17,rebalance,56,0
T_rebalance,2025-12-18,rebalance,56,0
T_rebalance,2025-12-19,rebalance,56,0
T_rebalance,2025-12-20,rebalance,56,0
T_rebalance,2025-12-21,rebalance,56,0
T_rebalance,2025-12-22,rebalance,56,0
T_rebalance,2025-12-23,rebalance,56,0
T_rebalance,2025-12-24,rebalance,56,0
T_rebalance,2025-12-25,rebalance,56,0
T_rebalance,2025-12-26,rebalance,56,0
T_rebalance,2025-12-27,rebalance,56,0
T_rebalance,2025-12-28,rebalance,56,0
T_rebalance,2025-12-29,rebalance,56,0
T_rebalance,2025-12-30,rebalance,56,0
T_rebalance,2025-12-31,rebalance,56,0
T_soft,2025-02-01,soft,30,0
T_soft,2025-02-02,soft,31,0
T_soft,2025-02-03,soft,32,0
T_soft,2025-02-04,soft,33,0
T_soft,2025-02-05,soft,34,0
T_soft,2025-02-06,soft,35,0
T_soft,2025-02-07,soft,36,0
T_soft,2025-02-08,soft,37,0
T_soft,2025-02-09,soft,38,0
T_soft,2025-02-10,soft,39,0
T_soft,2025-02-11,soft,40,0
T_soft,2025-02-12,soft,41,0
T_soft,2025-02-13,soft,42,0
T_soft,2025-02-14,soft,43,0
T_soft,2025-02-15,soft,44,0
T_soft,2025-02-16,soft,45,0
T_soft,2025-02-17,soft,46,0
T_soft,2025-02-18,soft,47,0
T_soft,2025-02-19,soft,48,0
T_soft,2025-02-20,soft,49,0
T_soft,2025-02-21,soft,50,0
T_soft,2025-02-22,soft,51,0
T_soft,2025-02-23,soft,52,0
T_soft,2025-02-24,soft,53,0
T_soft,2025-02-25,soft,54,0
T_soft,2025-02-26,soft,55,0
T_soft,2025-02-27,soft,56,0
T_soft,2025-02-28,soft,56,0
T_soft,2025-03-01,soft,56,0
T_soft,2025-03-02,soft,56,0
T_soft,2025-03-03,soft,56,0
T_soft,2025-03-04,soft,56,0
T_soft,2025-03-05,soft,56,0
T_soft,2025-03-06,soft,56,0
T_soft,2025-03-07,soft,56,0
T_soft,2025-03-08,soft,56,0
T_soft,2025-03-09,soft,56,0
T_soft,2025-03-10,soft,56,0
T_soft,2025-03-11,soft,56,0
T_soft,2025-03-12,soft,56,0
T_soft,2025-03-13,soft,56,0
T_soft,2025-03-14,soft,56,0
T_soft,2025-03-15,soft,56,0
T_soft,2025-03-16,soft,56,0
T_soft,2025-03-17,soft,56,0
T_soft,2025-03-18,soft,56,0
T_soft,2025-03-19,soft,56,0
T_soft,2025-03-20,soft,56,0
T_soft,2025-03-21,soft,56,0
T_soft,2025-03-22,soft,56,0
T_soft,2025-03-23,soft,56,0
T_soft,2025-03-24,soft,56,0
T_soft,2025-03-25,soft,56,0
T_soft,2025-03-26,soft,56,0
T_soft,2025-03-27,soft,56,0
T_soft,2025-03-28,soft,56,0
T_soft,2025-03-29,soft,56,0
T_soft,2025-03-30,soft,56,0
T_soft,2025-03-31,soft,56,0
T_soft,2025-04-01,soft,56,0
T_soft,2025-04-02,soft,56,0
T_soft,2025-04-03,soft,56,0
T_soft,2025-04-04,soft,56,0
T_soft,2025-04-05,soft,56,0
T_soft,2025-04-06,soft,56,0
T_soft,2025-04-07,soft,56,0
T_soft,2025-04-08,soft,56,0
T_soft,2025-04-09,soft,56,0
T_soft,2025-04-10,soft,56,0
T_soft,2025-04-11,soft,56,0
T_soft,2025-04-12,soft,56,0
T_soft,2025-04-13,soft,56,0
T_soft,2025-04-14,soft,56,0
T_soft,2025-04-15,soft,56,0
T_soft,2025-04-16,soft,56,0
T_soft,2025-04-17,soft,56,0
T_soft,2025-04-18,soft,56,0
T_soft,2025-04-19,soft,56,0
T_soft,2025-04-20,soft,56,0
T_soft,2025-04-21,soft,56,0
T_soft,2025-04-22,soft,56,0
T_soft,2025-04-23,soft,56,0
T_soft,2025-04-24,soft,56,0
T_soft,2025-04-25,soft,56,0
T_soft,2025-04-26,soft,56,0
T_soft,2025-04-27,soft,56,0
T_soft,2025-04-28,soft,56,0
T_soft,2025-04-29,soft,56,0
T_soft,2025-04-30,soft,56,0
T_soft,2025-05-01,soft,56,0
T_soft,2025-05-02,soft,56,0
T_soft,2025-05-03,soft,56,0
T_soft,2025-05-04,soft,56,0
T_soft,2025-05-05,soft,56,0
T_soft,2025-05-06,soft,56,0
T_soft,2025-05-07,soft,56,0
T_soft,2025-05-08,soft,56,0
T_soft,2025-05-09,soft,56,0
T_soft,2025-05-10,soft,56,0
T_soft,2025-05-11,soft,56,0
T_soft,2025-05-12,soft,56,0
T_soft,2025-05-13,soft,56,0
T_soft,2025-05-14,soft,56,0
T_soft,2025-05-15,soft,56,0
T_soft,2025-05-16,soft,56,0
T_soft,2025-05-17,soft,56,0
T_soft,2025-05-18,soft,56,0
T_soft,2025-05-19,soft,56,0
T_soft,2025-05-20,soft,56,0
T_soft,2025-05-21,soft,56,0
T_soft,2025-05-22,soft,56,0
T_soft,2025-05-23,soft,56,0
T_soft,2025-05-24,soft,56,0
T_soft,2025-05-25,soft,56,0
T_soft,2025-05-26,soft,56,0
T_soft,2025-05-27,soft,56,0
T_soft,2025-05-28,soft,56,0
T_soft,2025-05-29,soft,56,0
T_soft,2025-05-30,soft,56,0
T_soft,2025-05-31,soft,56,0
T_soft,2025-06-01,soft,56,0
T_soft,2025-06-02,soft,56,0
T_soft,2025-06-03,soft,56,0
T_soft,2025-06-04,soft,56,0
T_soft,2025-06-05,soft,56,0
T_soft,2025-06-06,soft,56,0
T_soft,2025-06-07,soft,56,0
T_soft,2025-06-08,soft,56,0
T_soft,2025-06-09,soft,56,0
T_soft,2025-06-10,soft,56,0
T_soft,2025-06-11,soft,56,0
T_soft,2025-06-12,soft,56,0
T_soft,2025-06-13,soft,56,0
T_soft,2025-06-14,soft,56,0
T_soft,2025-06-15,soft,56,0
T_soft,2025-06-16,soft,56,0
T_soft,2025-06-17,soft,56,0
T_soft,2025-06-18,soft,56,0
T_soft,2025-06-19,soft,56,0
T_soft,2025-06-20,soft,56,0
T_soft,2025-06-21,soft,56,0
T_soft,2025-06-22,soft,56,0
T_soft,2025-06-23,soft,56,0
T_soft,2025-06-24,soft,56,0
T_soft,2025-06-25,soft,56,0
T_soft,2025-06-26,soft,56,0
T_soft,2025-06-27,soft,56,0
T_soft,2025-06-28,soft,56,0
T_soft,2025-06-29,soft,56,0
T_soft,2025-06-30,soft,56,0
T_soft,2025-07-01,soft,56,0
T_soft,2025-07-02,soft,56,0
T_soft,2025-07-03,soft,56,0
T_soft,2025-07-04,soft,56,0
T_soft,2025-07-05,soft,56,0
T_soft,2025-07-06,soft,56,0
T_soft,2025-07-07,soft,56,0
T_soft,2025-07-08,soft,56,0
T_soft,2025-07-09,soft,56,0
T_soft,2025-07-10,soft,56,0
T_soft,2025-07-11,soft,56,0
T_soft,2025-07-12,soft,56,0
T_soft,2025-07-13,soft,56,0
T_soft,2025-07-14,soft,56,0
T_soft,2025-07-15,soft,56,0
T_soft,2025-07-16,soft,56,0
T_soft,2025-07-17,soft,56,0
T_soft,2025-07-18,soft,56,0
T_soft,2025-07-19,soft,56,0
T_soft,2025-07-20,soft,56,0
T_soft,2025-07-21,soft,56,0
T_soft,2025-07-22,soft,56,0
T_soft,2025-07-23,soft,56,0
T_soft,2025-07-24,soft,56,0
T_soft,2025-07-25,soft,56,0
T_soft,2025-07-26,soft,56,0
T_soft,2025-07-27,soft,56,0
T_soft,2025-07-28,soft,56,0
T_soft,2025-07-29,soft,56,0
T_soft,2025-07-30,soft,56,0
T_soft,2025-07-31,soft,56,0
T_soft,2025-08-01,soft,56,0
T_soft,2025-08-02,soft,56,0
T_soft,2025-08-03,soft,56,0
T_soft,2025-08-04,soft,56,0
T_soft,2025-08-05,soft,56,0
T_soft,2025-08-06,soft,56,0
T_soft,2025-08-07,soft,56,0
T_soft,2025-08-08,soft,56,0
T_soft,2025-08-09,soft,56,0
T_soft,2025-08-10,soft,56,0
T_soft,2025-08-11,soft,56,0
T_soft,2025-08-12,soft,56,0
T_soft,2025-08-13,soft,56,0
T_soft,2025-08-14,soft,56,0
T_soft,2025-08-15,soft,56,0
T_soft,2025-08-16,soft,56,0
T_soft,2025-08-17,soft,56,0
T_soft,2025-08-18,soft,56,0
T_soft,2025-08-19,soft,56,0
T_soft,2025-08-20,soft,56,0
T_soft,2025-08-21,soft,56,0
T_soft,2025-08-22,soft,56,0
T_soft,2025-08-23,soft,56,0
T_soft,2025-08-24,soft,56,0
T_soft,2025-08-25,soft,56,0
T_soft,2025-08-26,soft,56,0
T_soft,2025-08-27,soft,56,0
T_soft,2025-08-28,soft,56,0
T_soft,2025-08-29,soft,56,0
T_soft,2025-08-30,soft,56,0
T_soft,2025-08-31,soft,56,0
T_soft,2025-09-01,soft,56,0
T_soft,2025-09-02,soft,56,0
T_soft,2025-09-03,soft,56,0
T_soft,2025-09-04,soft,56,0
T_soft,2025-09-05,soft,56,0
T_soft,2025-09-06,soft,56,0
T_soft,2025-09-07,soft,56,0
T_soft,2025-09-08,soft,56,0
T_soft,2025-09-09,soft,56,0
T_soft,2025-09-10,soft,56,0
T_soft,2025-09-11,soft,56,0
T_soft,2025-09-12,soft,56,0
T_soft,2025-09-13,soft,56,0
T_soft,2025-09-14,soft,56,0
T_soft,2025-09-15,soft,56,0
T_soft,2025-09-16,soft,56,0
T_soft,2025-09-17,soft,56,0
T_soft,2025-09-18,soft,56,0
T_soft,2025-09-19,soft,56,0
T_soft,2025-09-20,soft,56,0
T_soft,2025-09-21,soft,56,0
T_soft,2025-09-22,soft,56,0
T_soft,2025-09-23,soft,56,0
T_soft,2025-09-24,soft,56,0
T_soft,2025-09-25,soft,56,0
T_soft,2025-09-26,soft,56,0
T_soft,2025-09-27,soft,56,0
T_soft,2025-09-28,soft,56,0
T_soft,2025-09-29,soft,56,0
T_soft,2025-09-30,soft,56,0
T_soft,2025-10-01,soft,56,0
T_soft,2025-10-02,soft,56,0
T_soft,2025-10-03,soft,56,0
T_soft,2025-10-04,soft,56,0
T_soft,2025-10-05,soft,56,0
T_soft,2025-10-06,soft,56,0
T_soft,2025-10-07,soft,56,0
T_soft,2025-10-08,soft,56,0
T_soft,2025-10-09,soft,56,0
T_soft,2025-10-10,soft,56,0
T_soft,2025-10-11,soft,56,0
T_soft,2025-10-12,soft,56,0
T_soft,2025-10-13,soft,56,0
T_soft,2025-10-14,soft,56,0
T_soft,2025-10-15,soft,56,0
T_soft,2025-10-16,soft,56,0
T_soft,2025-10-17,soft,56,0
T_soft,2025-10-18,soft,56,0
T_soft,2025-10-19,soft,56,0
T_soft,2025-10-20,soft,56,0
T_soft,2025-10-21,soft,56,0
T_soft,2025-10-22,soft,56,0
T_soft,2025-10-23,soft,56,0
T_soft,2025-10-24,soft,56,0
T_soft,2025-10-25,soft,56,0
T_soft,2025-10-26,soft,56,0
T_soft,2025-10-27,soft,56,0
T_soft,2025-10-28,soft,56,0
T_soft,2025-10-29,soft,56,0
T_soft,2025-10-30,soft,56,0
T_soft,2025-10-31,soft,56,0
T_soft,2025-11-01,soft,56,0
T_soft,2025-11-02,soft,56,0
T_soft,2025-11-03,soft,56,0
T_soft,2025-11-04,soft,56,0
T_soft,2025-11-05,soft,56,0
T_soft,2025-11-06,soft,56,0
T_soft,2025-11-07,soft,56,0
T_soft,2025-11-08,soft,56,0
T_soft,2025-11-09,soft,56,0
T_soft,2025-11-10,soft,56,0
T_soft,2025-11-11,soft,56,0
T_soft,2025-11-12,soft,56,0
T_soft,2025-11-13,soft,56,0
T_soft,2025-11-14,soft,56,0
T_soft,2025-11-15,soft,56,0
T_soft,2025-11-16,soft,56,0
T_soft,2025-11-17,soft,56,0
T_soft,2025-11-18,soft,56,0
T_soft,2025-11-19,soft,56,0
T_soft,2025-11-20,soft,56,0
T_soft,2025-11-21,soft,56,0
T_soft,2025-11-22,soft,56,0
T_soft,2025-11-23,soft,56,0
T_soft,2025-11-24,soft,56,0
T_soft,2025-11-25,soft,56,0
T_soft,2025-11-26,soft,56,0
T_soft,2025-11-27,soft,56,0
T_soft,2025-11-28,soft,56,0
T_soft,2025-11-29,soft,56,0
T_soft,2025-11-30,soft,56,0
T_soft,2025-12-01,soft,56,0
T_soft,2025-12-02,soft,56,0
T_soft,2025-12-03,soft,56,0
T_soft,2025-12-04,soft,56,0
T_soft,2025-12-05,soft,56,0
T_soft,2025-12-06,soft,56,0
T_soft,2025-12-07,soft,56,0
T_soft,2025-12-08,soft,56,0
T_soft,2025-12-09,soft,56,0
T_soft,2025-12-10,soft,56,0
T_soft,2025-12-11,soft,56,0
T_soft,2025-12-12,soft,56,0
T_soft,2025-12-13,soft,56,0
T_soft,2025-12-14,soft,56,0
T_soft,2025-12-15,soft,56,0
T_soft,2025-12-16,soft,56,0
T_soft,2025-12-17,soft,56,0
T_soft,2025-12-18,soft,56,0
T_soft,2025-12-19,soft,56,0
T_soft,2025-12-20,soft,56,0
T_soft,2025-12-21,soft,56,0
T_soft,2025-12-22,soft,56,0
T_soft,2025-12-23,soft,56,0
T_soft,2025-12-24,soft,56,0
T_soft,2025-12-25,soft,56,0
T_soft,2025-12-26,soft,56,0
T_soft,2025-12-27,soft,56,0
T_soft,2025-12-28,soft,56,0
T_soft,2025-12-29,soft,56,0
T_soft,2025-12-30,soft,56,0
T_soft,2025-12-31,soft,56,0
T_strong,2025-02-01,strong,30,0
T_strong,2025-02-02,strong,31,0
T_strong,2025-02-03,strong,32,0
T_strong,2025-02-04,strong,33,0
T_strong,2025-02-05,strong,34,0
T_strong,2025-02-06,strong,35,0
T_strong,2025-02-07,strong,36,0
T_strong,2025-02-08,strong,37,0
T_strong,2025-02-09,strong,38,0
T_strong,2025-02-10,strong,39,0
T_strong,2025-02-11,strong,40,0
T_strong,2025-02-12,strong,41,0
T_strong,2025-02-13,strong,42,0
T_strong,2025-02-14,strong,43,0
T_strong,2025-02-15,strong,44,0
T_strong,2025-02-16,strong,45,0
T_strong,2025-02-17,strong,46,0
T_strong,2025-02-18,strong,47,0
T_strong,2025-02-19,strong,48,0
T_strong,2025-02-20,strong,49,0
T_strong,2025-02-21,strong,50,0
T_strong,2025-02-22,strong,51,0
T_strong,2025-02-23,strong,52,0
T_strong,2025-02-24,strong,53,0
T_strong,2025-02-25,strong,54,0
T_strong,2025-02-26,strong,55,0
T_strong,2025-02-27,strong,56,0
T_strong,2025-02-28,strong,56,0
T_strong,2025-03-01,strong,56,0
T_strong,2025-03-02,strong,56,0
T_strong,2025-03-03,strong,56,0
T_strong,2025-03-04,strong,56,0
T_strong,2025-03-05,strong,56,0
T_strong,2025-03-06,strong,56,0
T_strong,2025-03-07,strong,56,0
T_strong,2025-03-08,strong,56,0
T_strong,2025-03-09,strong,56,0
T_strong,2025-03-10,strong,56,0
T_strong,2025-03-11,strong,56,0
T_strong,2025-03-12,strong,56,0
T_strong,2025-03-13,strong,56,0
T_strong,2025-03-14,strong,56,0
T_strong,2025-03-15,strong,56,0
T_strong,2025-03-16,strong,56,0
T_strong,2025-03-17,strong,56,0
T_strong,2025-03-18,strong,56,0
T_strong,2025-03-19,strong,56,0
T_strong,2025-03-20,strong,56,0
T_strong,2025-03-21,strong,56,0
T_strong,2025-03-22,strong,56,0
T_strong,2025-03-23,strong,56,0
T_strong,2025-03-24,strong,56,0
T_strong,2025-03-25,strong,56,0
T_strong,2025-03-26,strong,56,0
T_strong,2025-03-27,strong,56,0
T_strong,2025-03-28,strong,56,0
T_strong,2025-03-29,strong,56,0
T_strong,2025-03-30,strong,56,0
T_strong,2025-03-31,strong,56,0
T_strong,2025-04-01,strong,56,0
T_strong,2025-04-02,strong,56,0
T_strong,2025-04-03,strong,56,0
T_strong,2025-04-04,strong,56,0
T_strong,2025-04-05,strong,56,0
T_strong,2025-04-06,strong,56,0
T_strong,2025-04-07,strong,56,0
T_strong,2025-04-08,strong,56,0
T_strong,2025-04-09,strong,56,0
T_strong,2025-04-10,strong,56,0
T_strong,2025-04-11,strong,56,0
T_strong,2025-04-12,strong,56,0
T_strong,2025-04-13,strong,56,0
T_strong,2025-04-14,strong,56,0
T_strong,2025-04-15,strong,56,0
T_strong,2025-04-16,strong,56,0
T_strong,2025-04-17,strong,56,0
T_strong,2025-04-18,strong,56,0
T_strong,2025-04-19,strong,56,0
T_strong,2025-04-20,strong,56,0
T_strong,2025-04-21,strong,56,0
T_strong,2025-04-22,strong,56,0
T_strong,2025-04-23,strong,56,0
T_strong,2025-04-24,strong,56,0
T_strong,2025-04-25,strong,56,0
T_strong,2025-04-26,strong,56,0
T_strong,2025-04-27,strong,56,0
T_strong,2025-04-28,strong,56,0
T_strong,2025-04-29,strong,56,0
T_strong,2025-04-30,strong,56,0
T_strong,2025-05-01,strong,56,0
T_strong,2025-05-02,strong,56,0
T_strong,2025-05-03,strong,56,0
T_strong,2025-05-04,strong,56,0
T_strong,2025-05-05,strong,56,0
T_strong,2025-05-06,strong,56,0
T_strong,2025-05-07,strong,56,0
T_strong,2025-05-08,strong,56,0
T_strong,2025-05-09,strong,56,0
T_strong,2025-05-10,strong,56,0
T_strong,2025-05-11,strong,56,0
T_strong,2025-05-12,strong,56,0
T_strong,2025-05-13,strong,56,0
T_strong,2025-05-14,strong,56,0
T_strong,2025-05-15,strong,56,0
T_strong,2025-05-16,strong,56,0
T_strong,2025-05-17,strong,56,0
T_strong,2025-05-18,strong,56,0
T_strong,2025-05-19,strong,56,0
T_strong,2025-05-20,strong,56,0
T_strong,2025-05-21,strong,56,0
T_strong,2025-05-22,strong,56,0
T_strong,2025-05-23,strong,56,0
T_strong,2025-05-24,strong,56,0
T_strong,2025-05-25,strong,56,0
T_strong,2025-05-26,strong,56,0
T_strong,2025-05-27,strong,56,0
T_strong,2025-05-28,strong,56,0
T_strong,2025-05-29,strong,56,0
T_strong,2025-05-30,strong,56,0
T_strong,2025-05-31,strong,56,0
T_strong,2025-06-01,strong,56,0
T_strong,2025-06-02,strong,56,0
T_strong,2025-06-03,strong,56,0
T_strong,2025-06-04,strong,56,0
T_strong,2025-06-05,strong,56,0
T_strong,2025-06-06,strong,56,0
T_strong,2025-06-07,strong,56,0
T_strong,2025-06-08,strong,56,0
T_strong,2025-06-09,strong,56,0
T_strong,2025-06-10,strong,56,0
T_strong,2025-06-11,strong,56,0
T_strong,2025-06-12,strong,56,0
T_strong,2025-06-13,strong,56,0
T_strong,2025-06-14,strong,56,0
T_strong,2025-06-15,strong,56,0
T_strong,2025-06-16,strong,56,0
T_strong,2025-06-17,strong,56,0
T_strong,2025-06-18,strong,56,0
T_strong,2025-06-19,strong,56,0
T_strong,2025-06-20,strong,56,0
T_strong,2025-06-21,strong,56,0
T_strong,2025-06-22,strong,56,0
T_strong,2025-06-23,strong,56,0
T_strong,2025-06-24,strong,56,0
T_strong,2025-06-25,strong,56,0
T_strong,2025-06-26,strong,56,0
T_strong,2025-06-27,strong,56,0
T_strong,2025-06-28,strong,56,0
T_strong,2025-06-29,strong,56,0
T_strong,2025-06-30,strong,56,0
T_strong,2025-07-01,strong,56,0
T_strong,2025-07-02,strong,56,0
T_strong,2025-07-03,strong,56,0
T_strong,2025-07-04,strong,56,0
T_strong,2025-07-05,strong,56,0
T_strong,2025-07-06,strong,56,0
T_strong,2025-07-07,strong,56,0
T_strong,2025-07-08,strong,56,0
T_strong,2025-07-09,strong,56,0
T_strong,2025-07-10,strong,56,0
T_strong,2025-07-11,strong,56,0
T_strong,2025-07-12,strong,56,0
T_strong,2025-07-13,strong,56,0
T_strong,2025-07-14,strong,56,0
T_strong,2025-07-15,strong,56,0
T_strong,2025-07-16,strong,56,0
T_strong,2025-07-17,strong,56,0
T_strong,2025-07-18,strong,56,0
T_strong,2025-07-19,strong,56,0
T_strong,2025-07-20,strong,56,0
T_strong,2025-07-21,strong,56,0
T_strong,2025-07-22,strong,56,0
T_strong,2025-07-23,strong,56,0
T_strong,2025-07-24,strong,56,0
T_strong,2025-07-25,strong,56,0
T_strong,2025-07-26,strong,56,0
T_strong,2025-07-27,strong,56,0
T_strong,2025-07-28,strong,56,0
T_strong,2025-07-29,strong,56,0
T_strong,2025-07-30,strong,56,0
T_strong,2025-07-31,strong,56,0
T_strong,2025-08-01,strong,56,0
T_strong,2025-08-02,strong,56,0
T_strong,2025-08-03,strong,56,0
T_strong,2025-08-04,strong,56,0
T_strong,2025-08-05,strong,56,0
T_strong,2025-08-06,strong,56,0
T_strong,2025-08-07,strong,56,0
T_strong,2025-08-08,strong,56,0
T_strong,2025-08-09,strong,56,0
T_strong,2025-08-10,strong,56,0
T_strong,2025-08-11,strong,56,0
T_strong,2025-08-12,strong,56,0
T_strong,2025-08-13,strong,56,0
T_strong,2025-08-14,strong,56,0
T_strong,2025-08-15,strong,56,0
T_strong,2025-08-16,strong,56,0
T_strong,2025-08-17,strong,56,0
T_strong,2025-08-18,strong,56,0
T_strong,2025-08-19,strong,56,0
T_strong,2025-08-20,strong,56,0
T_strong,2025-08-21,strong,56,0
T_strong,2025-08-22,strong,56,0
T_strong,2025-08-23,strong,56,0
T_strong,2025-08-24,strong,56,0
T_strong,2025-08-25,strong,56,0
T_strong,2025-08-26,strong,56,0
T_strong,2025-08-27,strong,56,0
T_strong,2025-08-28,strong,56,0
T_strong,2025-08-29,strong,56,0
T_strong,2025-08-30,strong,56,0
T_strong,2025-08-31,strong,56,0
T_strong,2025-09-01,strong,56,0
T_strong,2025-09-02,strong,56,0
T_strong,2025-09-03,strong,56,0
T_strong,2025-09-04,strong,56,0
T_strong,2025-09-05,strong,56,0
T_strong,2025-09-06,strong,56,0
T_strong,2025-09-07,strong,56,0
T_strong,2025-09-08,strong,56,0
T_strong,2025-09-09,strong,56,0
T_strong,2025-09-10,strong,56,0
T_strong,2025-09-11,strong,56,0
T_strong,2025-09-12,strong,56,0
T_strong,2025-09-13,strong,56,0
T_strong,2025-09-14,strong,56,0
T_strong,2025-09-15,strong,56,0
T_strong,2025-09-16,strong,56,0
T_strong,2025-09-17,strong,56,0
T_strong,2025-09-18,strong,56,0
T_strong,2025-09-19,strong,56,0
T_strong,2025-09-20,strong,56,0
T_strong,2025-09-21,strong,56,0
T_strong,2025-09-22,strong,56,0
T_strong,2025-09-23,strong,56,0
T_strong,2025-09-24,strong,56,0
T_strong,2025-09-25,strong,56,0
T_strong,2025-09-26,strong,56,0
T_strong,2025-09-27,strong,56,0
T_strong,2025-09-28,strong,56,0
T_strong,2025-09-29,strong,56,0
T_strong,2025-09-30,strong,56,0
T_strong,2025-10-01,strong,56,0
T_strong,2025-10-02,strong,56,0
T_strong,2025-10-03,strong,56,0
T_strong,2025-10-04,strong,56,0
T_strong,2025-10-05,strong,56,0
T_strong,2025-10-06,strong,56,0
T_strong,2025-10-07,strong,56,0
T_strong,2025-10-08,strong,56,0
T_strong,2025-10-09,strong,56,0
T_strong,2025-10-10,strong,56,0
T_strong,2025-10-11,strong,56,0
T_strong,2025-10-12,strong,56,0
T_strong,2025-10-13,strong,56,0
T_strong,2025-10-14,strong,56,0
T_strong,2025-10-15,strong,56,0
T_strong,2025-10-16,strong,56,0
T_strong,2025-10-17,strong,56,0
T_strong,2025-10-18,strong,56,0
T_strong,2025-10-19,strong,56,0
T_strong,2025-10-20,strong,56,0
T_strong,2025-10-21,strong,56,0
T_strong,2025-10-22,strong,56,0
T_strong,2025-10-23,strong,56,0
T_strong,2025-10-24,strong,56,0
T_strong,2025-10-25,strong,56,0
T_strong,2025-10-26,strong,56,0
T_strong,2025-10-27,strong,56,0
T_strong,2025-10-28,strong,56,0
T_strong,2025-10-29,strong,56,0
T_strong,2025-10-30,strong,56,0
T_strong,2025-10-31,strong,56,0
T_strong,2025-11-01,strong,56,0
T_strong,2025-11-02,strong,56,0
T_strong,2025-11-03,strong,56,0
T_strong,2025-11-04,strong,56,0
T_strong,2025-11-05,strong,56,0
T_strong,2025-11-06,strong,56,0
T_strong,2025-11-07,strong,56,0
T_strong,2025-11-08,strong,56,0
T_strong,2025-11-09,strong,56,0
T_strong,2025-11-10,strong,56,0
T_strong,2025-11-11,strong,56,0
T_strong,2025-11-12,strong,56,0
T_strong,2025-11-13,strong,56,0
T_strong,2025-11-14,strong,56,0
T_strong,2025-11-15,strong,56,0
T_strong,2025-11-16,strong,56,0
T_strong,2025-11-17,strong,56,0
T_strong,2025-11-18,strong,56,0
T_strong,2025-11-19,strong,56,0
T_strong,2025-11-20,strong,56,0
T_strong,2025-11-21,strong,56,0
T_strong,2025-11-22,strong,56,0
T_strong,2025-11-23,strong,56,0
T_strong,2025-11-24,strong,56,0
T_strong,2025-11-25,strong,56,0
T_strong,2025-11-26,strong,56,0
T_strong,2025-11-27,strong,56,0
T_strong,2025-11-28,strong,56,0
T_strong,2025-11-29,strong,56,0
T_strong,2025-11-30,strong,56,0
T_strong,2025-12-01,strong,56,0
T_strong,2025-12-02,strong,56,0
T_strong,2025-12-03,strong,56,0
T_strong,2025-12-04,strong,56,0
T_strong,2025-12-05,strong,56,0
T_strong,2025-12-06,strong,56,0
T_strong,2025-12-07,strong,56,0
T_strong,2025-12-08,strong,56,0
T_strong,2025-12-09,strong,56,0
T_strong,2025-12-10,strong,56,0
T_strong,2025-12-11,strong,56,0
T_strong,2025-12-12,strong,56,0
T_strong,2025-12-13,strong,56,0
T_strong,2025-12-14,strong,56,0
T_strong,2025-12-15,strong,56,0
T_strong,2025-12-16,strong,56,0
T_strong,2025-12-17,strong,56,0
T_strong,2025-12-18,strong,56,0
T_strong,2025-12-19,strong,56,0
T_strong,2025-12-20,strong,56,0
T_strong,2025-12-21,strong,56,0
T_strong,2025-12-22,strong,56,0
T_strong,2025-12-23,strong,56,0
T_strong,2025-12-24,strong,56,0
T_strong,2025-12-25,strong,56,0
T_strong,2025-12-26,strong,56,0
T_strong,2025-12-27,strong,56,0
T_strong,2025-12-28,strong,56,0
T_strong,2025-12-29,strong,56,0
T_strong,2025-12-30,strong,56,0
T_strong,2025-12-31,strong,56,0
T_morning_hedge,2025-02-01,morning_hedge,30,0
T_morning_hedge,2025-02-02,morning_hedge,31,0
T_morning_hedge,2025-02-03,morning_hedge,32,0
T_morning_hedge,2025-02-04,morning_hedge,33,0
T_morning_hedge,2025-02-05,morning_hedge,34,0
T_morning_hedge,2025-02-06,morning_hedge,35,0
T_morning_hedge,2025-02-07,morning_hedge,36,0
T_morning_hedge,2025-02-08,morning_hedge,37,0
T_morning_hedge,2025-02-09,morning_hedge,38,0
T_morning_hedge,2025-02-10,morning_hedge,39,0
T_morning_hedge,2025-02-11,morning_hedge,40,0
T_morning_hedge,2025-02-12,morning_hedge,41,0
T_morning_hedge,2025-02-13,morning_hedge,42,0
T_morning_hedge,2025-02-14,morning_hedge,43,0
T_morning_hedge,2025-02-15,morning_hedge,44,0
T_morning_hedge,2025-02-16,morning_hedge,45,0
T_morning_hedge,2025-02-17,morning_hedge,46,0
T_morning_hedge,2025-02-18,morning_hedge,47,0
T_morning_hedge,2025-02-19,morning_hedge,48,0
T_morning_hedge,2025-02-20,morning_hedge,49,0
T_morning_hedge,2025-02-21,morning_hedge,50,0
T_morning_hedge,2025-02-22,morning_hedge,51,0
T_morning_hedge,2025-02-23,morning_hedge,52,0
T_morning_hedge,2025-02-24,morning_hedge,53,0
T_morning_hedge,2025-02-25,morning_hedge,54,0
T_morning_hedge,2025-02-26,morning_hedge,55,0
T_morning_hedge,2025-02-27,morning_hedge,56,0
T_morning_hedge,2025-02-28,morning_hedge,56,0
T_morning_hedge,2025-03-01,morning_hedge,56,0
T_morning_hedge,2025-03-02,morning_hedge,56,0
T_morning_hedge,2025-03-03,morning_hedge,56,0
T_morning_hedge,2025-03-04,morning_hedge,56,0
T_morning_hedge,2025-03-05,morning_hedge,56,0
T_morning_hedge,2025-03-06,morning_hedge,56,0
T_morning_hedge,2025-03-07,morning_hedge,56,0
T_morning_hedge,2025-03-08,morning_hedge,56,0
T_morning_hedge,2025-03-09,morning_hedge,56,0
T_morning_hedge,2025-03-10,morning_hedge,56,0
T_morning_hedge,2025-03-11,morning_hedge,56,0
T_morning_hedge,2025-03-12,morning_hedge,56,0
T_morning_hedge,2025-03-13,morning_hedge,56,0
T_morning_hedge,2025-03-14,morning_hedge,56,0
T_morning_hedge,2025-03-15,morning_hedge,56,0
T_morning_hedge,2025-03-16,morning_hedge,56,0
T_morning_hedge,2025-03-17,morning_hedge,56,0
T_morning_hedge,2025-03-18,morning_hedge,56,0
T_morning_hedge,2025-03-19,morning_hedge,56,0
T_morning_hedge,2025-03-20,morning_hedge,56,0
T_morning_hedge,2025-03-21,morning_hedge,56,0
T_morning_hedge,2025-03-22,morning_hedge,56,0
T_morning_hedge,2025-03-23,morning_hedge,56,0
T_morning_hedge,2025-03-24,morning_hedge,56,0
T_morning_hedge,2025-03-25,morning_hedge,56,0
T_morning_hedge,2025-03-26,morning_hedge,56,0
T_morning_hedge,2025-03-27,morning_hedge,56,0
T_morning_hedge,2025-03-28,morning_hedge,56,0
T_morning_hedge,2025-03-29,morning_hedge,56,0
T_morning_hedge,2025-03-30,morning_hedge,56,0
T_morning_hedge,2025-03-31,morning_hedge,56,0
T_morning_hedge,2025-04-01,morning_hedge,56,0
T_morning_hedge,2025-04-02,morning_hedge,56,0
T_morning_hedge,2025-04-03,morning_hedge,56,0
T_morning_hedge,2025-04-04,morning_hedge,56,0
T_morning_hedge,2025-04-05,morning_hedge,56,0
T_morning_hedge,2025-04-06,morning_hedge,56,0
T_morning_hedge,2025-04-07,morning_hedge,56,0
T_morning_hedge,2025-04-08,morning_hedge,56,0
T_morning_hedge,2025-04-09,morning_hedge,56,0
T_morning_hedge,2025-04-10,morning_hedge,56,0
T_morning_hedge,2025-04-11,morning_hedge,56,0
T_morning_hedge,2025-04-12,morning_hedge,56,0
T_morning_hedge,2025-04-13,morning_hedge,56,0
T_morning_hedge,2025-04-14,morning_hedge,56,0
T_morning_hedge,2025-04-15,morning_hedge,56,0
T_morning_hedge,2025-04-16,morning_hedge,56,0
T_morning_hedge,2025-04-17,morning_hedge,56,0
T_morning_hedge,2025-04-18,morning_hedge,56,0
T_morning_hedge,2025-04-19,morning_hedge,56,0
T_morning_hedge,2025-04-20,morning_hedge,56,0
T_morning_hedge,2025-04-21,morning_hedge,56,0
T_morning_hedge,2025-04-22,morning_hedge,56,0
T_morning_hedge,2025-04-23,morning_hedge,56,0
T_morning_hedge,2025-04-24,morning_hedge,56,0
T_morning_hedge,2025-04-25,morning_hedge,56,0
T_morning_hedge,2025-04-26,morning_hedge,56,0
T_morning_hedge,2025-04-27,morning_hedge,56,0
T_morning_hedge,2025-04-28,morning_hedge,56,0
T_morning_hedge,2025-04-29,morning_hedge,56,0
T_morning_hedge,2025-04-30,morning_hedge,56,0
T_morning_hedge,2025-05-01,morning_hedge,56,0
T_morning_hedge,2025-05-02,morning_hedge,56,0
T_morning_hedge,2025-05-03,morning_hedge,56,0
T_morning_hedge,2025-05-04,morning_hedge,56,0
T_morning_hedge,2025-05-05,morning_hedge,56,0
T_morning_hedge,2025-05-06,morning_hedge,56,0
T_morning_hedge,2025-05-07,morning_hedge,56,0
T_morning_hedge,2025-05-08,morning_hedge,56,0
T_morning_hedge,2025-05-09,morning_hedge,56,0
T_morning_hedge,2025-05-10,morning_hedge,56,0
T_morning_hedge,2025-05-11,morning_hedge,56,0
T_morning_hedge,2025-05-12,morning_hedge,56,0
T_morning_hedge,2025-05-13,morning_hedge,56,0
T_morning_hedge,2025-05-14,morning_hedge,56,0
T_morning_hedge,2025-05-15,morning_hedge,56,0
T_morning_hedge,2025-05-16,morning_hedge,56,0
T_morning_hedge,2025-05-17,morning_hedge,56,0
T_morning_hedge,2025-05-18,morning_hedge,56,0
T_morning_hedge,2025-05-19,morning_hedge,56,0
T_morning_hedge,2025-05-20,morning_hedge,56,0
T_morning_hedge,2025-05-21,morning_hedge,56,0
T_morning_hedge,2025-05-22,morning_hedge,56,0
T_morning_hedge,2025-05-23,morning_hedge,56,0
T_morning_hedge,2025-05-24,morning_hedge,56,0
T_morning_hedge,2025-05-25,morning_hedge,56,0
T_morning_hedge,2025-05-26,morning_hedge,56,0
T_morning_hedge,2025-05-27,morning_hedge,56,0
T_morning_hedge,2025-05-28,morning_hedge,56,0
T_morning_hedge,2025-05-29,morning_hedge,56,0
T_morning_hedge,2025-05-30,morning_hedge,56,0
T_morning_hedge,2025-05-31,morning_hedge,56,0
T_morning_hedge,2025-06-01,morning_hedge,56,0
T_morning_hedge,2025-06-02,morning_hedge,56,0
T_morning_hedge,2025-06-03,morning_hedge,56,0
T_morning_hedge,2025-06-04,morning_hedge,56,0
T_morning_hedge,2025-06-05,morning_hedge,56,0
T_morning_hedge,2025-06-06,morning_hedge,56,0
T_morning_hedge,2025-06-07,morning_hedge,56,0
T_morning_hedge,2025-06-08,morning_hedge,56,0
T_morning_hedge,2025-06-09,morning_hedge,56,0
T_morning_hedge,2025-06-10,morning_hedge,56,0
T_morning_hedge,2025-06-11,morning_hedge,56,0
T_morning_hedge,2025-06-12,morning_hedge,56,0
T_morning_hedge,2025-06-13,morning_hedge,56,0
T_morning_hedge,2025-06-14,morning_hedge,56,0
T_morning_hedge,2025-06-15,morning_hedge,56,0
T_morning_hedge,2025-06-16,morning_hedge,56,0
T_morning_hedge,2025-06-17,morning_hedge,56,0
T_morning_hedge,2025-06-18,morning_hedge,56,0
T_morning_hedge,2025-06-19,morning_hedge,56,0
T_morning_hedge,2025-06-20,morning_hedge,56,0
T_morning_hedge,2025-06-21,morning_hedge,56,0
T_morning_hedge,2025-06-22,morning_hedge,56,0
T_morning_hedge,2025-06-23,morning_hedge,56,0
T_morning_hedge,2025-06-24,morning_hedge,56,0
T_morning_hedge,2025-06-25,morning_hedge,56,0
T_morning_hedge,2025-06-26,morning_hedge,56,0
T_morning_hedge,2025-06-27,morning_hedge,56,0
T_morning_hedge,2025-06-28,morning_hedge,56,0
T_morning_hedge,2025-06-29,morning_hedge,56,0
T_morning_hedge,2025-06-30,morning_hedge,56,0
T_morning_hedge,2025-07-01,morning_hedge,56,0
T_morning_hedge,2025-07-02,morning_hedge,56,0
T_morning_hedge,2025-07-03,morning_hedge,56,0
T_morning_hedge,2025-07-04,morning_hedge,56,0
T_morning_hedge,2025-07-05,morning_hedge,56,0
T_morning_hedge,2025-07-06,morning_hedge,56,0
T_morning_hedge,2025-07-07,morning_hedge,56,0
T_morning_hedge,2025-07-08,morning_hedge,56,0
T_morning_hedge,2025-07-09,morning_hedge,56,0
T_morning_hedge,2025-07-10,morning_hedge,56,0
T_morning_hedge,2025-07-11,morning_hedge,56,0
T_morning_hedge,2025-07-12,morning_hedge,56,0
T_morning_hedge,2025-07-13,morning_hedge,56,0
T_morning_hedge,2025-07-14,morning_hedge,56,0
T_morning_hedge,2025-07-15,morning_hedge,56,0
T_morning_hedge,2025-07-16,morning_hedge,56,0
T_morning_hedge,2025-07-17,morning_hedge,56,0
T_morning_hedge,2025-07-18,morning_hedge,56,0
T_morning_hedge,2025-07-19,morning_hedge,56,0
T_morning_hedge,2025-07-20,morning_hedge,56,0
T_morning_hedge,2025-07-21,morning_hedge,56,0
T_morning_hedge,2025-07-22,morning_hedge,56,0
T_morning_hedge,2025-07-23,morning_hedge,56,0
T_morning_hedge,2025-07-24,morning_hedge,56,0
T_morning_hedge,2025-07-25,morning_hedge,56,0
T_morning_hedge,2025-07-26,morning_hedge,56,0
T_morning_hedge,2025-07-27,morning_hedge,56,0
T_morning_hedge,2025-07-28,morning_hedge,56,0
T_morning_hedge,2025-07-29,morning_hedge,56,0
T_morning_hedge,2025-07-30,morning_hedge,56,0
T_morning_hedge,2025-07-31,morning_hedge,56,0
T_morning_hedge,2025-08-01,morning_hedge,56,0
T_morning_hedge,2025-08-02,morning_hedge,56,0
T_morning_hedge,2025-08-03,morning_hedge,56,0
T_morning_hedge,2025-08-04,morning_hedge,56,0
T_morning_hedge,2025-08-05,morning_hedge,56,0
T_morning_hedge,2025-08-06,morning_hedge,56,0
T_morning_hedge,2025-08-07,morning_hedge,56,0
T_morning_hedge,2025-08-08,morning_hedge,56,0
T_morning_hedge,2025-08-09,morning_hedge,56,0
T_morning_hedge,2025-08-10,morning_hedge,56,0
T_morning_hedge,2025-08-11,morning_hedge,56,0
T_morning_hedge,2025-08-12,morning_hedge,56,0
T_morning_hedge,2025-08-13,morning_hedge,56,0
T_morning_hedge,2025-08-14,morning_hedge,56,0
T_morning_hedge,2025-08-15,morning_hedge,56,0
T_morning_hedge,2025-08-16,morning_hedge,56,0
T_morning_hedge,2025-08-17,morning_hedge,56,0
T_morning_hedge,2025-08-18,morning_hedge,56,0
T_morning_hedge,2025-08-19,morning_hedge,56,0
T_morning_hedge,2025-08-20,morning_hedge,56,0
T_morning_hedge,2025-08-21,morning_hedge,56,0
T_morning_hedge,2025-08-22,morning_hedge,56,0
T_morning_hedge,2025-08-23,morning_hedge,56,0
T_morning_hedge,2025-08-24,morning_hedge,56,0
T_morning_hedge,2025-08-25,morning_hedge,56,0
T_morning_hedge,2025-08-26,morning_hedge,56,0
T_morning_hedge,2025-08-27,morning_hedge,56,0
T_morning_hedge,2025-08-28,morning_hedge,56,0
T_morning_hedge,2025-08-29,morning_hedge,56,0
T_morning_hedge,2025-08-30,morning_hedge,56,0
T_morning_hedge,2025-08-31,morning_hedge,56,0
T_morning_hedge,2025-09-01,morning_hedge,56,0
T_morning_hedge,2025-09-02,morning_hedge,56,0
T_morning_hedge,2025-09-03,morning_hedge,56,0
T_morning_hedge,2025-09-04,morning_hedge,56,0
T_morning_hedge,2025-09-05,morning_hedge,56,0
T_morning_hedge,2025-09-06,morning_hedge,56,0
T_morning_hedge,2025-09-07,morning_hedge,56,0
T_morning_hedge,2025-09-08,morning_hedge,56,0
T_morning_hedge,2025-09-09,morning_hedge,56,0
T_morning_hedge,2025-09-10,morning_hedge,56,0
T_morning_hedge,2025-09-11,morning_hedge,56,0
T_morning_hedge,2025-09-12,morning_hedge,56,0
T_morning_hedge,2025-09-13,morning_hedge,56,0
T_morning_hedge,2025-09-14,morning_hedge,56,0
T_morning_hedge,2025-09-15,morning_hedge,56,0
T_morning_hedge,2025-09-16,morning_hedge,56,0
T_morning_hedge,2025-09-17,morning_hedge,56,0
T_morning_hedge,2025-09-18,morning_hedge,56,0
T_morning_hedge,2025-09-19,morning_hedge,56,0
T_morning_hedge,2025-09-20,morning_hedge,56,0
T_morning_hedge,2025-09-21,morning_hedge,56,0
T_morning_hedge,2025-09-22,morning_hedge,56,0
T_morning_hedge,2025-09-23,morning_hedge,56,0
T_morning_hedge,2025-09-24,morning_hedge,56,0
T_morning_hedge,2025-09-25,morning_hedge,56,0
T_morning_hedge,2025-09-26,morning_hedge,56,0
T_morning_hedge,2025-09-27,morning_hedge,56,0
T_morning_hedge,2025-09-28,morning_hedge,56,0
T_morning_hedge,2025-09-29,morning_hedge,56,0
T_morning_hedge,2025-09-30,morning_hedge,56,0
T_morning_hedge,2025-10-01,morning_hedge,56,0
T_morning_hedge,2025-10-02,morning_hedge,56,0
T_morning_hedge,2025-10-03,morning_hedge,56,0
T_morning_hedge,2025-10-04,morning_hedge,56,0
T_morning_hedge,2025-10-05,morning_hedge,56,0
T_morning_hedge,2025-10-06,morning_hedge,56,0
T_morning_hedge,2025-10-07,morning_hedge,56,0
T_morning_hedge,2025-10-08,morning_hedge,56,0
T_morning_hedge,2025-10-09,morning_hedge,56,0
T_morning_hedge,2025-10-10,morning_hedge,56,0
T_morning_hedge,2025-10-11,morning_hedge,56,0
T_morning_hedge,2025-10-12,morning_hedge,56,0
T_morning_hedge,2025-10-13,morning_hedge,56,0
T_morning_hedge,2025-10-14,morning_hedge,56,0
T_morning_hedge,2025-10-15,morning_hedge,56,0
T_morning_hedge,2025-10-16,morning_hedge,56,0
T_morning_hedge,2025-10-17,morning_hedge,56,0
T_morning_hedge,2025-10-18,morning_hedge,56,0
T_morning_hedge,2025-10-19,morning_hedge,56,0
T_morning_hedge,2025-10-20,morning_hedge,56,0
T_morning_hedge,2025-10-21,morning_hedge,56,0
T_morning_hedge,2025-10-22,morning_hedge,56,0
T_morning_hedge,2025-10-23,morning_hedge,56,0
T_morning_hedge,2025-10-24,morning_hedge,56,0
T_morning_hedge,2025-10-25,morning_hedge,56,0
T_morning_hedge,2025-10-26,morning_hedge,56,0
T_morning_hedge,2025-10-27,morning_hedge,56,0
T_morning_hedge,2025-10-28,morning_hedge,56,0
T_morning_hedge,2025-10-29,morning_hedge,56,0
T_morning_hedge,2025-10-30,morning_hedge,56,0
T_morning_hedge,2025-10-31,morning_hedge,56,0
T_morning_hedge,2025-11-01,morning_hedge,56,0
T_morning_hedge,2025-11-02,morning_hedge,56,0
T_morning_hedge,2025-11-03,morning_hedge,56,0
T_morning_hedge,2025-11-04,morning_hedge,56,0
T_morning_hedge,2025-11-05,morning_hedge,56,0
T_morning_hedge,2025-11-06,morning_hedge,56,0
T_morning_hedge,2025-11-07,morning_hedge,56,0
T_morning_hedge,2025-11-08,morning_hedge,56,0
T_morning_hedge,2025-11-09,morning_hedge,56,0
T_morning_hedge,2025-11-10,morning_hedge,56,0
T_morning_hedge,2025-11-11,morning_hedge,56,0
T_morning_hedge,2025-11-12,morning_hedge,56,0
T_morning_hedge,2025-11-13,morning_hedge,56,0
T_morning_hedge,2025-11-14,morning_hedge,56,0
T_morning_hedge,2025-11-15,morning_hedge,56,0
T_morning_hedge,2025-11-16,morning_hedge,56,0
T_morning_hedge,2025-11-17,morning_hedge,56,0
T_morning_hedge,2025-11-18,morning_hedge,56,0
T_morning_hedge,2025-11-19,morning_hedge,56,0
T_morning_hedge,2025-11-20,morning_hedge,56,0
T_morning_hedge,2025-11-21,morning_hedge,56,0
T_morning_hedge,2025-11-22,morning_hedge,56,0
T_morning_hedge,2025-11-23,morning_hedge,56,0
T_morning_hedge,2025-11-24,morning_hedge,56,0
T_morning_hedge,2025-11-25,morning_hedge,56,0
T_morning_hedge,2025-11-26,morning_hedge,56,0
T_morning_hedge,2025-11-27,morning_hedge,56,0
T_morning_hedge,2025-11-28,morning_hedge,56,0
T_morning_hedge,2025-11-29,morning_hedge,56,0
T_morning_hedge,2025-11-30,morning_hedge,56,0
T_morning_hedge,2025-12-01,morning_hedge,56,0
T_morning_hedge,2025-12-02,morning_hedge,56,0
T_morning_hedge,2025-12-03,morning_hedge,56,0
T_morning_hedge,2025-12-04,morning_hedge,56,0
T_morning_hedge,2025-12-05,morning_hedge,56,0
T_morning_hedge,2025-12-06,morning_hedge,56,0
T_morning_hedge,2025-12-07,morning_hedge,56,0
T_morning_hedge,2025-12-08,morning_hedge,56,0
T_morning_hedge,2025-12-09,morning_hedge,56,0
T_morning_hedge,2025-12-10,morning_hedge,56,0
T_morning_hedge,2025-12-11,morning_hedge,56,0
T_morning_hedge,2025-12-12,morning_hedge,56,0
T_morning_hedge,2025-12-13,morning_hedge,56,0
T_morning_hedge,2025-12-14,morning_hedge,56,0
T_morning_hedge,2025-12-15,morning_hedge,56,0
T_morning_hedge,2025-12-16,morning_hedge,56,0
T_morning_hedge,2025-12-17,morning_hedge,56,0
T_morning_hedge,2025-12-18,morning_hedge,56,0
T_morning_hedge,2025-12-19,morning_hedge,56,0
T_morning_hedge,2025-12-20,morning_hedge,56,0
T_morning_hedge,2025-12-21,morning_hedge,56,0
T_morning_hedge,2025-12-22,morning_hedge,56,0
T_morning_hedge,2025-12-23,morning_hedge,56,0
T_morning_hedge,2025-12-24,morning_hedge,56,0
T_morning_hedge,2025-12-25,morning_hedge,56,0
T_morning_hedge,2025-12-26,morning_hedge,56,0
T_morning_hedge,2025-12-27,morning_hedge,56,0
T_morning_hedge,2025-12-28,morning_hedge,56,0
T_morning_hedge,2025-12-29,morning_hedge,56,0
T_morning_hedge,2025-12-30,morning_hedge,56,0
T_morning_hedge,2025-12-31,morning_hedge,56,0
R_guard,2025-02-01,anchor,30,0
R_guard,2025-02-02,anchor,31,0
R_guard,2025-02-03,anchor,32,0
R_guard,2025-02-04,anchor,33,0
R_guard,2025-02-05,anchor,34,0
R_guard,2025-02-06,anchor,35,0
R_guard,2025-02-07,anchor,36,0
R_guard,2025-02-08,anchor,37,0
R_guard,2025-02-09,anchor,38,0
R_guard,2025-02-10,anchor,39,0
R_guard,2025-02-11,anchor,40,0
R_guard,2025-02-12,anchor,41,0
R_guard,2025-02-13,anchor,42,0
R_guard,2025-02-14,anchor,43,0
R_guard,2025-02-15,anchor,44,0
R_guard,2025-02-16,anchor,45,0
R_guard,2025-02-17,anchor,46,0
R_guard,2025-02-18,anchor,47,0
R_guard,2025-02-19,anchor,48,0
R_guard,2025-02-20,anchor,49,0
R_guard,2025-02-21,anchor,50,0
R_guard,2025-02-22,anchor,51,0
R_guard,2025-02-23,anchor,52,0
R_guard,2025-02-24,anchor,53,0
R_guard,2025-02-25,anchor,54,0
R_guard,2025-02-26,anchor,55,0
R_guard,2025-02-27,anchor,56,0
R_guard,2025-02-28,anchor,56,0
R_guard,2025-03-01,anchor,56,0
R_guard,2025-03-02,anchor,56,0
R_guard,2025-03-03,anchor,56,0
R_guard,2025-03-04,anchor,56,0
R_guard,2025-03-05,anchor,56,0
R_guard,2025-03-06,anchor,56,0
R_guard,2025-03-07,soft,56,4
R_guard,2025-03-08,anchor,56,0
R_guard,2025-03-09,anchor,56,0
R_guard,2025-03-10,anchor,56,0
R_guard,2025-03-11,anchor,56,0
R_guard,2025-03-12,anchor,56,0
R_guard,2025-03-13,anchor,56,0
R_guard,2025-03-14,anchor,56,0
R_guard,2025-03-15,anchor,56,0
R_guard,2025-03-16,anchor,56,0
R_guard,2025-03-17,anchor,56,0
R_guard,2025-03-18,anchor,56,0
R_guard,2025-03-19,anchor,56,0
R_guard,2025-03-20,anchor,56,0
R_guard,2025-03-21,anchor,56,0
R_guard,2025-03-22,anchor,56,0
R_guard,2025-03-23,anchor,56,0
R_guard,2025-03-24,anchor,56,0
R_guard,2025-03-25,anchor,56,0
R_guard,2025-03-26,anchor,56,0
R_guard,2025-03-27,anchor,56,0
R_guard,2025-03-28,anchor,56,0
R_guard,2025-03-29,anchor,56,0
R_guard,2025-03-30,anchor,56,0
R_guard,2025-03-31,anchor,56,0
R_guard,2025-04-01,anchor,56,0
R_guard,2025-04-02,anchor,56,0
R_guard,2025-04-03,anchor,56,0
R_guard,2025-04-04,anchor,56,0
R_guard,2025-04-05,anchor,56,0
R_guard,2025-04-06,anchor,56,0
R_guard,2025-04-07,anchor,56,0
R_guard,2025-04-08,anchor,56,0
R_guard,2025-04-09,anchor,56,0
R_guard,2025-04-10,anchor,56,0
R_guard,2025-04-11,anchor,56,0
R_guard,2025-04-12,anchor,56,0
R_guard,2025-04-13,anchor,56,0
R_guard,2025-04-14,anchor,56,0
R_guard,2025-04-15,anchor,56,0
R_guard,2025-04-16,anchor,56,0
R_guard,2025-04-17,anchor,56,0
R_guard,2025-04-18,anchor,56,0
R_guard,2025-04-19,soft,56,4
R_guard,2025-04-20,anchor,56,0
R_guard,2025-04-21,anchor,56,0
R_guard,2025-04-22,anchor,56,0
R_guard,2025-04-23,anchor,56,0
R_guard,2025-04-24,anchor,56,0
R_guard,2025-04-25,anchor,56,0
R_guard,2025-04-26,anchor,56,0
R_guard,2025-04-27,anchor,56,0
R_guard,2025-04-28,anchor,56,0
R_guard,2025-04-29,anchor,56,0
R_guard,2025-04-30,anchor,56,0
R_guard,2025-05-01,anchor,56,0
R_guard,2025-05-02,anchor,56,0
R_guard,2025-05-03,anchor,56,0
R_guard,2025-05-04,anchor,56,0
R_guard,2025-05-05,anchor,56,0
R_guard,2025-05-06,anchor,56,0
R_guard,2025-05-07,anchor,56,0
R_guard,2025-05-08,anchor,56,0
R_guard,2025-05-09,anchor,56,0
R_guard,2025-05-10,anchor,56,0
R_guard,2025-05-11,anchor,56,0
R_guard,2025-05-12,anchor,56,0
R_guard,2025-05-13,anchor,56,0
R_guard,2025-05-14,anchor,56,0
R_guard,2025-05-15,anchor,56,0
R_guard,2025-05-16,anchor,56,0
R_guard,2025-05-17,anchor,56,0
R_guard,2025-05-18,anchor,56,0
R_guard,2025-05-19,anchor,56,0
R_guard,2025-05-20,anchor,56,0
R_guard,2025-05-21,anchor,56,0
R_guard,2025-05-22,anchor,56,0
R_guard,2025-05-23,anchor,56,0
R_guard,2025-05-24,anchor,56,0
R_guard,2025-05-25,anchor,56,0
R_guard,2025-05-26,anchor,56,0
R_guard,2025-05-27,anchor,56,0
R_guard,2025-05-28,anchor,56,0
R_guard,2025-05-29,anchor,56,0
R_guard,2025-05-30,anchor,56,0
R_guard,2025-05-31,anchor,56,0
R_guard,2025-06-01,anchor,56,0
R_guard,2025-06-02,anchor,56,0
R_guard,2025-06-03,anchor,56,0
R_guard,2025-06-04,anchor,56,0
R_guard,2025-06-05,anchor,56,0
R_guard,2025-06-06,anchor,56,0
R_guard,2025-06-07,anchor,56,0
R_guard,2025-06-08,anchor,56,0
R_guard,2025-06-09,anchor,56,0
R_guard,2025-06-10,anchor,56,0
R_guard,2025-06-11,anchor,56,0
R_guard,2025-06-12,anchor,56,0
R_guard,2025-06-13,anchor,56,0
R_guard,2025-06-14,anchor,56,0
R_guard,2025-06-15,anchor,56,0
R_guard,2025-06-16,anchor,56,0
R_guard,2025-06-17,anchor,56,0
R_guard,2025-06-18,anchor,56,0
R_guard,2025-06-19,anchor,56,0
R_guard,2025-06-20,anchor,56,0
R_guard,2025-06-21,anchor,56,0
R_guard,2025-06-22,anchor,56,0
R_guard,2025-06-23,anchor,56,0
R_guard,2025-06-24,anchor,56,0
R_guard,2025-06-25,anchor,56,0
R_guard,2025-06-26,anchor,56,0
R_guard,2025-06-27,anchor,56,0
R_guard,2025-06-28,anchor,56,0
R_guard,2025-06-29,anchor,56,0
R_guard,2025-06-30,anchor,56,0
R_guard,2025-07-01,anchor,56,0
R_guard,2025-07-02,anchor,56,0
R_guard,2025-07-03,anchor,56,0
R_guard,2025-07-04,anchor,56,0
R_guard,2025-07-05,anchor,56,0
R_guard,2025-07-06,anchor,56,0
R_guard,2025-07-07,anchor,56,0
R_guard,2025-07-08,anchor,56,0
R_guard,2025-07-09,anchor,56,0
R_guard,2025-07-10,anchor,56,0
R_guard,2025-07-11,anchor,56,0
R_guard,2025-07-12,anchor,56,0
R_guard,2025-07-13,anchor,56,0
R_guard,2025-07-14,anchor,56,0
R_guard,2025-07-15,anchor,56,0
R_guard,2025-07-16,anchor,56,0
R_guard,2025-07-17,anchor,56,0
R_guard,2025-07-18,anchor,56,0
R_guard,2025-07-19,anchor,56,0
R_guard,2025-07-20,anchor,56,0
R_guard,2025-07-21,anchor,56,0
R_guard,2025-07-22,anchor,56,0
R_guard,2025-07-23,anchor,56,0
R_guard,2025-07-24,anchor,56,0
R_guard,2025-07-25,anchor,56,0
R_guard,2025-07-26,anchor,56,0
R_guard,2025-07-27,anchor,56,0
R_guard,2025-07-28,anchor,56,0
R_guard,2025-07-29,anchor,56,0
R_guard,2025-07-30,anchor,56,0
R_guard,2025-07-31,anchor,56,0
R_guard,2025-08-01,anchor,56,0
R_guard,2025-08-02,anchor,56,0
R_guard,2025-08-03,anchor,56,0
R_guard,2025-08-04,anchor,56,0
R_guard,2025-08-05,anchor,56,0
R_guard,2025-08-06,anchor,56,0
R_guard,2025-08-07,anchor,56,0
R_guard,2025-08-08,anchor,56,0
R_guard,2025-08-09,anchor,56,0
R_guard,2025-08-10,anchor,56,0
R_guard,2025-08-11,anchor,56,0
R_guard,2025-08-12,anchor,56,0
R_guard,2025-08-13,anchor,56,0
R_guard,2025-08-14,anchor,56,0
R_guard,2025-08-15,anchor,56,0
R_guard,2025-08-16,anchor,56,0
R_guard,2025-08-17,anchor,56,0
R_guard,2025-08-18,anchor,56,0
R_guard,2025-08-19,anchor,56,0
R_guard,2025-08-20,anchor,56,0
R_guard,2025-08-21,anchor,56,0
R_guard,2025-08-22,anchor,56,0
R_guard,2025-08-23,anchor,56,0
R_guard,2025-08-24,anchor,56,0
R_guard,2025-08-25,anchor,56,0
R_guard,2025-08-26,anchor,56,0
R_guard,2025-08-27,anchor,56,0
R_guard,2025-08-28,anchor,56,0
R_guard,2025-08-29,anchor,56,0
R_guard,2025-08-30,anchor,56,0
R_guard,2025-08-31,anchor,56,0
R_guard,2025-09-01,soft,56,4
R_guard,2025-09-02,anchor,56,0
R_guard,2025-09-03,anchor,56,0
R_guard,2025-09-04,anchor,56,0
R_guard,2025-09-05,anchor,56,0
R_guard,2025-09-06,anchor,56,0
R_guard,2025-09-07,anchor,56,0
R_guard,2025-09-08,anchor,56,0
R_guard,2025-09-09,anchor,56,0
R_guard,2025-09-10,anchor,56,0
R_guard,2025-09-11,anchor,56,0
R_guard,2025-09-12,anchor,56,0
R_guard,2025-09-13,anchor,56,0
R_guard,2025-09-14,anchor,56,0
R_guard,2025-09-15,anchor,56,0
R_guard,2025-09-16,anchor,56,0
R_guard,2025-09-17,anchor,56,0
R_guard,2025-09-18,anchor,56,0
R_guard,2025-09-19,anchor,56,0
R_guard,2025-09-20,anchor,56,0
R_guard,2025-09-21,anchor,56,0
R_guard,2025-09-22,anchor,56,0
R_guard,2025-09-23,anchor,56,0
R_guard,2025-09-24,anchor,56,0
R_guard,2025-09-25,anchor,56,0
R_guard,2025-09-26,anchor,56,0
R_guard,2025-09-27,anchor,56,0
R_guard,2025-09-28,anchor,56,0
R_guard,2025-09-29,anchor,56,0
R_guard,2025-09-30,anchor,56,0
R_guard,2025-10-01,anchor,56,0
R_guard,2025-10-02,anchor,56,0
R_guard,2025-10-03,anchor,56,0
R_guard,2025-10-04,anchor,56,0
R_guard,2025-10-05,anchor,56,0
R_guard,2025-10-06,anchor,56,0
R_guard,2025-10-07,anchor,56,0
R_guard,2025-10-08,anchor,56,0
R_guard,2025-10-09,anchor,56,0
R_guard,2025-10-10,anchor,56,0
R_guard,2025-10-11,anchor,56,0
R_guard,2025-10-12,anchor,56,0
R_guard,2025-10-13,anchor,56,0
R_guard,2025-10-14,anchor,56,0
R_guard,2025-10-15,anchor,56,0
R_guard,2025-10-16,anchor,56,0
R_guard,2025-10-17,anchor,56,0
R_guard,2025-10-18,anchor,56,0
R_guard,2025-10-19,anchor,56,0
R_guard,2025-10-20,anchor,56,0
R_guard,2025-10-21,anchor,56,0
R_guard,2025-10-22,anchor,56,0
R_guard,2025-10-23,anchor,56,0
R_guard,2025-10-24,anchor,56,0
R_guard,2025-10-25,anchor,56,0
R_guard,2025-10-26,anchor,56,0
R_guard,2025-10-27,anchor,56,0
R_guard,2025-10-28,anchor,56,0
R_guard,2025-10-29,anchor,56,0
R_guard,2025-10-30,anchor,56,0
R_guard,2025-10-31,anchor,56,0
R_guard,2025-11-01,anchor,56,0
R_guard,2025-11-02,anchor,56,0
R_guard,2025-11-03,anchor,56,0
R_guard,2025-11-04,anchor,56,0
R_guard,2025-11-05,anchor,56,0
R_guard,2025-11-06,anchor,56,0
R_guard,2025-11-07,anchor,56,0
R_guard,2025-11-08,anchor,56,0
R_guard,2025-11-09,anchor,56,0
R_guard,2025-11-10,morning_hedge,56,6
R_guard,2025-11-11,anchor,56,0
R_guard,2025-11-12,anchor,56,0
R_guard,2025-11-13,anchor,56,0
R_guard,2025-11-14,anchor,56,0
R_guard,2025-11-15,anchor,56,0
R_guard,2025-11-16,anchor,56,0
R_guard,2025-11-17,anchor,56,0
R_guard,2025-11-18,anchor,56,0
R_guard,2025-11-19,anchor,56,0
R_guard,2025-11-20,anchor,56,0
R_guard,2025-11-21,rebalance,56,3
R_guard,2025-11-22,strong,56,5
R_guard,2025-11-23,anchor,56,0
R_guard,2025-11-24,anchor,56,0
R_guard,2025-11-25,anchor,56,0
R_guard,2025-11-26,anchor,56,0
R_guard,2025-11-27,anchor,56,0
R_guard,2025-11-28,strong,56,5
R_guard,2025-11-29,strong,56,5
R_guard,2025-11-30,anchor,56,0
R_guard,2025-12-01,anchor,56,0
R_guard,2025-12-02,anchor,56,0
R_guard,2025-12-03,anchor,56,0
R_guard,2025-12-04,anchor,56,0
R_guard,2025-12-05,anchor,56,0
R_guard,2025-12-06,anchor,56,0
R_guard,2025-12-07,anchor,56,0
R_guard,2025-12-08,anchor,56,0
R_guard,2025-12-09,anchor,56,0
R_guard,2025-12-10,anchor,56,0
R_guard,2025-12-11,anchor,56,0
R_guard,2025-12-12,anchor,56,0
R_guard,2025-12-13,anchor,56,0
R_guard,2025-12-14,anchor,56,0
R_guard,2025-12-15,anchor,56,0
R_guard,2025-12-16,anchor,56,0
R_guard,2025-12-17,anchor,56,0
R_guard,2025-12-18,anchor,56,0
R_guard,2025-12-19,anchor,56,0
R_guard,2025-12-20,anchor,56,0
R_guard,2025-12-21,anchor,56,0
R_guard,2025-12-22,anchor,56,0
R_guard,2025-12-23,anchor,56,0
R_guard,2025-12-24,anchor,56,0
R_guard,2025-12-25,anchor,56,0
R_guard,2025-12-26,anchor,56,0
R_guard,2025-12-27,anchor,56,0
R_guard,2025-12-28,anchor,56,0
R_guard,2025-12-29,anchor,56,0
R_guard,2025-12-30,anchor,56,0
R_guard,2025-12-31,anchor,56,0
R_mean,2025-02-01,anchor,30,0
R_mean,2025-02-02,anchor,31,0
R_mean,2025-02-03,anchor,32,0
R_mean,2025-02-04,anchor,33,0
R_mean,2025-02-05,anchor,34,0
R_mean,2025-02-06,anchor,35,0
R_mean,2025-02-07,anchor,36,0
R_mean,2025-02-08,anchor,37,0
R_mean,2025-02-09,anchor,38,0
R_mean,2025-02-10,anchor,39,0
R_mean,2025-02-11,anchor,40,0
R_mean,2025-02-12,anchor,41,0
R_mean,2025-02-13,anchor,42,0
R_mean,2025-02-14,anchor,43,0
R_mean,2025-02-15,anchor,44,0
R_mean,2025-02-16,anchor,45,0
R_mean,2025-02-17,anchor,46,0
R_mean,2025-02-18,anchor,47,0
R_mean,2025-02-19,anchor,48,0
R_mean,2025-02-20,anchor,49,0
R_mean,2025-02-21,anchor,50,0
R_mean,2025-02-22,anchor,51,0
R_mean,2025-02-23,anchor,52,0
R_mean,2025-02-24,anchor,53,0
R_mean,2025-02-25,anchor,54,0
R_mean,2025-02-26,anchor,55,0
R_mean,2025-02-27,anchor,56,0
R_mean,2025-02-28,anchor,56,0
R_mean,2025-03-01,anchor,56,0
R_mean,2025-03-02,anchor,56,0
R_mean,2025-03-03,anchor,56,0
R_mean,2025-03-04,anchor,56,0
R_mean,2025-03-05,anchor,56,0
R_mean,2025-03-06,anchor,56,0
R_mean,2025-03-07,soft,56,4
R_mean,2025-03-08,anchor,56,0
R_mean,2025-03-09,anchor,56,0
R_mean,2025-03-10,anchor,56,0
R_mean,2025-03-11,anchor,56,0
R_mean,2025-03-12,anchor,56,0
R_mean,2025-03-13,anchor,56,0
R_mean,2025-03-14,anchor,56,0
R_mean,2025-03-15,anchor,56,0
R_mean,2025-03-16,anchor,56,0
R_mean,2025-03-17,anchor,56,0
R_mean,2025-03-18,anchor,56,0
R_mean,2025-03-19,anchor,56,0
R_mean,2025-03-20,anchor,56,0
R_mean,2025-03-21,anchor,56,0
R_mean,2025-03-22,anchor,56,0
R_mean,2025-03-23,anchor,56,0
R_mean,2025-03-24,anchor,56,0
R_mean,2025-03-25,anchor,56,0
R_mean,2025-03-26,anchor,56,0
R_mean,2025-03-27,anchor,56,0
R_mean,2025-03-28,anchor,56,0
R_mean,2025-03-29,anchor,56,0
R_mean,2025-03-30,anchor,56,0
R_mean,2025-03-31,anchor,56,0
R_mean,2025-04-01,anchor,56,0
R_mean,2025-04-02,anchor,56,0
R_mean,2025-04-03,anchor,56,0
R_mean,2025-04-04,anchor,56,0
R_mean,2025-04-05,anchor,56,0
R_mean,2025-04-06,anchor,56,0
R_mean,2025-04-07,anchor,56,0
R_mean,2025-04-08,anchor,56,0
R_mean,2025-04-09,anchor,56,0
R_mean,2025-04-10,anchor,56,0
R_mean,2025-04-11,anchor,56,0
R_mean,2025-04-12,anchor,56,0
R_mean,2025-04-13,anchor,56,0
R_mean,2025-04-14,anchor,56,0
R_mean,2025-04-15,anchor,56,0
R_mean,2025-04-16,anchor,56,0
R_mean,2025-04-17,anchor,56,0
R_mean,2025-04-18,anchor,56,0
R_mean,2025-04-19,soft,56,4
R_mean,2025-04-20,anchor,56,0
R_mean,2025-04-21,anchor,56,0
R_mean,2025-04-22,anchor,56,0
R_mean,2025-04-23,anchor,56,0
R_mean,2025-04-24,anchor,56,0
R_mean,2025-04-25,anchor,56,0
R_mean,2025-04-26,anchor,56,0
R_mean,2025-04-27,anchor,56,0
R_mean,2025-04-28,anchor,56,0
R_mean,2025-04-29,anchor,56,0
R_mean,2025-04-30,anchor,56,0
R_mean,2025-05-01,anchor,56,0
R_mean,2025-05-02,anchor,56,0
R_mean,2025-05-03,anchor,56,0
R_mean,2025-05-04,anchor,56,0
R_mean,2025-05-05,anchor,56,0
R_mean,2025-05-06,anchor,56,0
R_mean,2025-05-07,anchor,56,0
R_mean,2025-05-08,anchor,56,0
R_mean,2025-05-09,anchor,56,0
R_mean,2025-05-10,anchor,56,0
R_mean,2025-05-11,soft,56,4
R_mean,2025-05-12,soft,56,4
R_mean,2025-05-13,anchor,56,0
R_mean,2025-05-14,anchor,56,0
R_mean,2025-05-15,anchor,56,0
R_mean,2025-05-16,anchor,56,0
R_mean,2025-05-17,anchor,56,0
R_mean,2025-05-18,soft,56,4
R_mean,2025-05-19,anchor,56,0
R_mean,2025-05-20,soft,56,4
R_mean,2025-05-21,soft,56,4
R_mean,2025-05-22,soft,56,4
R_mean,2025-05-23,anchor,56,0
R_mean,2025-05-24,anchor,56,0
R_mean,2025-05-25,soft,56,4
R_mean,2025-05-26,soft,56,4
R_mean,2025-05-27,soft,56,4
R_mean,2025-05-28,soft,56,4
R_mean,2025-05-29,soft,56,4
R_mean,2025-05-30,anchor,56,0
R_mean,2025-05-31,anchor,56,0
R_mean,2025-06-01,anchor,56,0
R_mean,2025-06-02,morning_hedge,56,6
R_mean,2025-06-03,morning_hedge,56,6
R_mean,2025-06-04,anchor,56,0
R_mean,2025-06-05,anchor,56,0
R_mean,2025-06-06,anchor,56,0
R_mean,2025-06-07,anchor,56,0
R_mean,2025-06-08,anchor,56,0
R_mean,2025-06-09,anchor,56,0
R_mean,2025-06-10,anchor,56,0
R_mean,2025-06-11,anchor,56,0
R_mean,2025-06-12,anchor,56,0
R_mean,2025-06-13,anchor,56,0
R_mean,2025-06-14,anchor,56,0
R_mean,2025-06-15,anchor,56,0
R_mean,2025-06-16,anchor,56,0
R_mean,2025-06-17,anchor,56,0
R_mean,2025-06-18,anchor,56,0
R_mean,2025-06-19,anchor,56,0
R_mean,2025-06-20,anchor,56,0
R_mean,2025-06-21,anchor,56,0
R_mean,2025-06-22,anchor,56,0
R_mean,2025-06-23,anchor,56,0
R_mean,2025-06-24,anchor,56,0
R_mean,2025-06-25,anchor,56,0
R_mean,2025-06-26,anchor,56,0
R_mean,2025-06-27,anchor,56,0
R_mean,2025-06-28,anchor,56,0
R_mean,2025-06-29,anchor,56,0
R_mean,2025-06-30,anchor,56,0
R_mean,2025-07-01,anchor,56,0
R_mean,2025-07-02,anchor,56,0
R_mean,2025-07-03,anchor,56,0
R_mean,2025-07-04,anchor,56,0
R_mean,2025-07-05,anchor,56,0
R_mean,2025-07-06,anchor,56,0
R_mean,2025-07-07,anchor,56,0
R_mean,2025-07-08,anchor,56,0
R_mean,2025-07-09,anchor,56,0
R_mean,2025-07-10,anchor,56,0
R_mean,2025-07-11,anchor,56,0
R_mean,2025-07-12,anchor,56,0
R_mean,2025-07-13,anchor,56,0
R_mean,2025-07-14,anchor,56,0
R_mean,2025-07-15,anchor,56,0
R_mean,2025-07-16,anchor,56,0
R_mean,2025-07-17,anchor,56,0
R_mean,2025-07-18,anchor,56,0
R_mean,2025-07-19,anchor,56,0
R_mean,2025-07-20,anchor,56,0
R_mean,2025-07-21,anchor,56,0
R_mean,2025-07-22,anchor,56,0
R_mean,2025-07-23,anchor,56,0
R_mean,2025-07-24,anchor,56,0
R_mean,2025-07-25,anchor,56,0
R_mean,2025-07-26,anchor,56,0
R_mean,2025-07-27,anchor,56,0
R_mean,2025-07-28,anchor,56,0
R_mean,2025-07-29,anchor,56,0
R_mean,2025-07-30,anchor,56,0
R_mean,2025-07-31,anchor,56,0
R_mean,2025-08-01,anchor,56,0
R_mean,2025-08-02,anchor,56,0
R_mean,2025-08-03,anchor,56,0
R_mean,2025-08-04,anchor,56,0
R_mean,2025-08-05,anchor,56,0
R_mean,2025-08-06,anchor,56,0
R_mean,2025-08-07,anchor,56,0
R_mean,2025-08-08,anchor,56,0
R_mean,2025-08-09,anchor,56,0
R_mean,2025-08-10,anchor,56,0
R_mean,2025-08-11,anchor,56,0
R_mean,2025-08-12,anchor,56,0
R_mean,2025-08-13,anchor,56,0
R_mean,2025-08-14,anchor,56,0
R_mean,2025-08-15,anchor,56,0
R_mean,2025-08-16,anchor,56,0
R_mean,2025-08-17,anchor,56,0
R_mean,2025-08-18,soft,56,4
R_mean,2025-08-19,anchor,56,0
R_mean,2025-08-20,morning_hedge,56,6
R_mean,2025-08-21,anchor,56,0
R_mean,2025-08-22,anchor,56,0
R_mean,2025-08-23,anchor,56,0
R_mean,2025-08-24,anchor,56,0
R_mean,2025-08-25,anchor,56,0
R_mean,2025-08-26,anchor,56,0
R_mean,2025-08-27,anchor,56,0
R_mean,2025-08-28,anchor,56,0
R_mean,2025-08-29,anchor,56,0
R_mean,2025-08-30,anchor,56,0
R_mean,2025-08-31,soft,56,4
R_mean,2025-09-01,rebalance,56,3
R_mean,2025-09-02,soft,56,4
R_mean,2025-09-03,soft,56,4
R_mean,2025-09-04,soft,56,4
R_mean,2025-09-05,anchor,56,0
R_mean,2025-09-06,anchor,56,0
R_mean,2025-09-07,soft,56,4
R_mean,2025-09-08,anchor,56,0
R_mean,2025-09-09,anchor,56,0
R_mean,2025-09-10,anchor,56,0
R_mean,2025-09-11,anchor,56,0
R_mean,2025-09-12,anchor,56,0
R_mean,2025-09-13,anchor,56,0
R_mean,2025-09-14,anchor,56,0
R_mean,2025-09-15,anchor,56,0
R_mean,2025-09-16,anchor,56,0
R_mean,2025-09-17,anchor,56,0
R_mean,2025-09-18,anchor,56,0
R_mean,2025-09-19,anchor,56,0
R_mean,2025-09-20,anchor,56,0
R_mean,2025-09-21,anchor,56,0
R_mean,2025-09-22,anchor,56,0
R_mean,2025-09-23,anchor,56,0
R_mean,2025-09-24,anchor,56,0
R_mean,2025-09-25,anchor,56,0
R_mean,2025-09-26,anchor,56,0
R_mean,2025-09-27,anchor,56,0
R_mean,2025-09-28,anchor,56,0
R_mean,2025-09-29,anchor,56,0
R_mean,2025-09-30,anchor,56,0
R_mean,2025-10-01,anchor,56,0
R_mean,2025-10-02,anchor,56,0
R_mean,2025-10-03,anchor,56,0
R_mean,2025-10-04,anchor,56,0
R_mean,2025-10-05,anchor,56,0
R_mean,2025-10-06,anchor,56,0
R_mean,2025-10-07,anchor,56,0
R_mean,2025-10-08,anchor,56,0
R_mean,2025-10-09,anchor,56,0
R_mean,2025-10-10,anchor,56,0
R_mean,2025-10-11,anchor,56,0
R_mean,2025-10-12,anchor,56,0
R_mean,2025-10-13,anchor,56,0
R_mean,2025-10-14,anchor,56,0
R_mean,2025-10-15,anchor,56,0
R_mean,2025-10-16,anchor,56,0
R_mean,2025-10-17,anchor,56,0
R_mean,2025-10-18,anchor,56,0
R_mean,2025-10-19,anchor,56,0
R_mean,2025-10-20,anchor,56,0
R_mean,2025-10-21,anchor,56,0
R_mean,2025-10-22,anchor,56,0
R_mean,2025-10-23,anchor,56,0
R_mean,2025-10-24,anchor,56,0
R_mean,2025-10-25,anchor,56,0
R_mean,2025-10-26,anchor,56,0
R_mean,2025-10-27,anchor,56,0
R_mean,2025-10-28,anchor,56,0
R_mean,2025-10-29,anchor,56,0
R_mean,2025-10-30,anchor,56,0
R_mean,2025-10-31,anchor,56,0
R_mean,2025-11-01,anchor,56,0
R_mean,2025-11-02,morning_hedge,56,6
R_mean,2025-11-03,morning_hedge,56,6
R_mean,2025-11-04,strong,56,5
R_mean,2025-11-05,strong,56,5
R_mean,2025-11-06,strong,56,5
R_mean,2025-11-07,anchor,56,0
R_mean,2025-11-08,anchor,56,0
R_mean,2025-11-09,strong,56,5
R_mean,2025-11-10,strong,56,5
R_mean,2025-11-11,strong,56,5
R_mean,2025-11-12,rebalance,56,3
R_mean,2025-11-13,soft,56,4
R_mean,2025-11-14,anchor,56,0
R_mean,2025-11-15,anchor,56,0
R_mean,2025-11-16,anchor,56,0
R_mean,2025-11-17,morning_hedge,56,6
R_mean,2025-11-18,morning_hedge,56,6
R_mean,2025-11-19,morning_hedge,56,6
R_mean,2025-11-20,morning_hedge,56,6
R_mean,2025-11-21,rebalance,56,3
R_mean,2025-11-22,strong,56,5
R_mean,2025-11-23,anchor,56,0
R_mean,2025-11-24,morning_hedge,56,6
R_mean,2025-11-25,anchor,56,0
R_mean,2025-11-26,anchor,56,0
R_mean,2025-11-27,strong,56,5
R_mean,2025-11-28,strong,56,5
R_mean,2025-11-29,strong,56,5
R_mean,2025-11-30,strong,56,5
R_mean,2025-12-01,strong,56,5
R_mean,2025-12-02,strong,56,5
R_mean,2025-12-03,strong,56,5
R_mean,2025-12-04,strong,56,5
R_mean,2025-12-05,strong,56,5
R_mean,2025-12-06,strong,56,5
R_mean,2025-12-07,strong,56,5
R_mean,2025-12-08,strong,56,5
R_mean,2025-12-09,rebalance,56,3
R_mean,2025-12-10,morning_hedge,56,6
R_mean,2025-12-11,anchor,56,0
R_mean,2025-12-12,strong,56,5
R_mean,2025-12-13,anchor,56,0
R_mean,2025-12-14,morning_hedge,56,6
R_mean,2025-12-15,morning_hedge,56,6
R_mean,2025-12-16,morning_hedge,56,6
R_mean,2025-12-17,morning_hedge,56,6
R_mean,2025-12-18,soft,56,4
R_mean,2025-12-19,morning_hedge,56,6
R_mean,2025-12-20,anchor,56,0
R_mean,2025-12-21,anchor,56,0
R_mean,2025-12-22,anchor,56,0
R_mean,2025-12-23,anchor,56,0
R_mean,2025-12-24,anchor,56,0
R_mean,2025-12-25,anchor,56,0
R_mean,2025-12-26,anchor,56,0
R_mean,2025-12-27,anchor,56,0
R_mean,2025-12-28,anchor,56,0
R_mean,2025-12-29,anchor,56,0
R_mean,2025-12-30,anchor,56,0
R_mean,2025-12-31,anchor,56,0
R_cost,2025-02-01,day_trim,30,1
R_cost,2025-02-02,day_trim,31,1
R_cost,2025-02-03,soft,32,4
R_cost,2025-02-04,soft,33,4
R_cost,2025-02-05,soft,34,4
R_cost,2025-02-06,soft,35,4
R_cost,2025-02-07,day_trim,36,1
R_cost,2025-02-08,day_trim,37,1
R_cost,2025-02-09,soft,38,4
R_cost,2025-02-10,soft,39,4
R_cost,2025-02-11,soft,40,4
R_cost,2025-02-12,soft,41,4
R_cost,2025-02-13,soft,42,4
R_cost,2025-02-14,day_trim,43,1
R_cost,2025-02-15,day_trim,44,1
R_cost,2025-02-16,soft,45,4
R_cost,2025-02-17,soft,46,4
R_cost,2025-02-18,soft,47,4
R_cost,2025-02-19,day_trim,48,1
R_cost,2025-02-20,morning_hedge,49,6
R_cost,2025-02-21,day_trim,50,1
R_cost,2025-02-22,day_trim,51,1
R_cost,2025-02-23,day_trim,52,1
R_cost,2025-02-24,soft,53,4
R_cost,2025-02-25,soft,54,4
R_cost,2025-02-26,soft,55,4
R_cost,2025-02-27,soft,56,4
R_cost,2025-02-28,day_trim,56,1
R_cost,2025-03-01,day_trim,56,1
R_cost,2025-03-02,day_trim,56,1
R_cost,2025-03-03,day_trim,56,1
R_cost,2025-03-04,day_trim,56,1
R_cost,2025-03-05,day_trim,56,1
R_cost,2025-03-06,day_trim,56,1
R_cost,2025-03-07,day_trim,56,1
R_cost,2025-03-08,day_trim,56,1
R_cost,2025-03-09,day_trim,56,1
R_cost,2025-03-10,day_trim,56,1
R_cost,2025-03-11,day_trim,56,1
R_cost,2025-03-12,day_trim,56,1
R_cost,2025-03-13,day_trim,56,1
R_cost,2025-03-14,day_trim,56,1
R_cost,2025-03-15,day_trim,56,1
R_cost,2025-03-16,day_trim,56,1
R_cost,2025-03-17,day_trim,56,1
R_cost,2025-03-18,day_trim,56,1
R_cost,2025-03-19,day_trim,56,1
R_cost,2025-03-20,day_trim,56,1
R_cost,2025-03-21,day_trim,56,1
R_cost,2025-03-22,day_trim,56,1
R_cost,2025-03-23,day_trim,56,1
R_cost,2025-03-24,day_trim,56,1
R_cost,2025-03-25,day_trim,56,1
R_cost,2025-03-26,day_trim,56,1
R_cost,2025-03-27,day_trim,56,1
R_cost,2025-03-28,day_trim,56,1
R_cost,2025-03-29,day_trim,56,1
R_cost,2025-03-30,day_trim,56,1
R_cost,2025-03-31,day_trim,56,1
R_cost,2025-04-01,day_trim,56,1
R_cost,2025-04-02,day_trim,56,1
R_cost,2025-04-03,day_trim,56,1
R_cost,2025-04-04,day_trim,56,1
R_cost,2025-04-05,day_trim,56,1
R_cost,2025-04-06,day_trim,56,1
R_cost,2025-04-07,day_trim,56,1
R_cost,2025-04-08,day_trim,56,1
R_cost,2025-04-09,day_trim,56,1
R_cost,2025-04-10,day_trim,56,1
R_cost,2025-04-11,day_trim,56,1
R_cost,2025-04-12,day_trim,56,1
R_cost,2025-04-13,day_trim,56,1
R_cost,2025-04-14,day_trim,56,1
R_cost,2025-04-15,day_trim,56,1
R_cost,2025-04-16,soft,56,4
R_cost,2025-04-17,day_trim,56,1
R_cost,2025-04-18,day_trim,56,1
R_cost,2025-04-19,day_trim,56,1
R_cost,2025-04-20,day_trim,56,1
R_cost,2025-04-21,day_trim,56,1
R_cost,2025-04-22,day_trim,56,1
R_cost,2025-04-23,day_trim,56,1
R_cost,2025-04-24,day_trim,56,1
R_cost,2025-04-25,day_trim,56,1
R_cost,2025-04-26,day_trim,56,1
R_cost,2025-04-27,soft,56,4
R_cost,2025-04-28,day_trim,56,1
R_cost,2025-04-29,day_trim,56,1
R_cost,2025-04-30,day_trim,56,1
R_cost,2025-05-01,day_trim,56,1
R_cost,2025-05-02,day_trim,56,1
R_cost,2025-05-03,day_trim,56,1
R_cost,2025-05-04,day_trim,56,1
R_cost,2025-05-05,day_trim,56,1
R_cost,2025-05-06,day_trim,56,1
R_cost,2025-05-07,day_trim,56,1
R_cost,2025-05-08,day_trim,56,1
R_cost,2025-05-09,day_trim,56,1
R_cost,2025-05-10,day_trim,56,1
R_cost,2025-05-11,day_trim,56,1
R_cost,2025-05-12,day_trim,56,1
R_cost,2025-05-13,day_trim,56,1
R_cost,2025-05-14,day_trim,56,1
R_cost,2025-05-15,day_trim,56,1
R_cost,2025-05-16,day_trim,56,1
R_cost,2025-05-17,day_trim,56,1
R_cost,2025-05-18,day_trim,56,1
R_cost,2025-05-19,day_trim,56,1
R_cost,2025-05-20,day_trim,56,1
R_cost,2025-05-21,day_trim,56,1
R_cost,2025-05-22,day_trim,56,1
R_cost,2025-05-23,day_trim,56,1
R_cost,2025-05-24,day_trim,56,1
R_cost,2025-05-25,day_trim,56,1
R_cost,2025-05-26,day_trim,56,1
R_cost,2025-05-27,day_trim,56,1
R_cost,2025-05-28,day_trim,56,1
R_cost,2025-05-29,day_trim,56,1
R_cost,2025-05-30,day_trim,56,1
R_cost,2025-05-31,day_trim,56,1
R_cost,2025-06-01,strong,56,5
R_cost,2025-06-02,strong,56,5
R_cost,2025-06-03,strong,56,5
R_cost,2025-06-04,strong,56,5
R_cost,2025-06-05,strong,56,5
R_cost,2025-06-06,strong,56,5
R_cost,2025-06-07,rebalance,56,3
R_cost,2025-06-08,evening_hedge,56,2
R_cost,2025-06-09,evening_hedge,56,2
R_cost,2025-06-10,evening_hedge,56,2
R_cost,2025-06-11,evening_hedge,56,2
R_cost,2025-06-12,evening_hedge,56,2
R_cost,2025-06-13,evening_hedge,56,2
R_cost,2025-06-14,soft,56,4
R_cost,2025-06-15,evening_hedge,56,2
R_cost,2025-06-16,evening_hedge,56,2
R_cost,2025-06-17,evening_hedge,56,2
R_cost,2025-06-18,evening_hedge,56,2
R_cost,2025-06-19,evening_hedge,56,2
R_cost,2025-06-20,evening_hedge,56,2
R_cost,2025-06-21,evening_hedge,56,2
R_cost,2025-06-22,evening_hedge,56,2
R_cost,2025-06-23,evening_hedge,56,2
R_cost,2025-06-24,evening_hedge,56,2
R_cost,2025-06-25,evening_hedge,56,2
R_cost,2025-06-26,evening_hedge,56,2
R_cost,2025-06-27,evening_hedge,56,2
R_cost,2025-06-28,soft,56,4
R_cost,2025-06-29,rebalance,56,3
R_cost,2025-06-30,rebalance,56,3
R_cost,2025-07-01,soft,56,4
R_cost,2025-07-02,evening_hedge,56,2
R_cost,2025-07-03,evening_hedge,56,2
R_cost,2025-07-04,evening_hedge,56,2
R_cost,2025-07-05,evening_hedge,56,2
R_cost,2025-07-06,evening_hedge,56,2
R_cost,2025-07-07,evening_hedge,56,2
R_cost,2025-07-08,evening_hedge,56,2
R_cost,2025-07-09,evening_hedge,56,2
R_cost,2025-07-10,evening_hedge,56,2
R_cost,2025-07-11,evening_hedge,56,2
R_cost,2025-07-12,evening_hedge,56,2
R_cost,2025-07-13,evening_hedge,56,2
R_cost,2025-07-14,evening_hedge,56,2
R_cost,2025-07-15,evening_hedge,56,2
R_cost,2025-07-16,evening_hedge,56,2
R_cost,2025-07-17,evening_hedge,56,2
R_cost,2025-07-18,evening_hedge,56,2
R_cost,2025-07-19,evening_hedge,56,2
R_cost,2025-07-20,evening_hedge,56,2
R_cost,2025-07-21,evening_hedge,56,2
R_cost,2025-07-22,evening_hedge,56,2
R_cost,2025-07-23,evening_hedge,56,2
R_cost,2025-07-24,evening_hedge,56,2
R_cost,2025-07-25,evening_hedge,56,2
R_cost,2025-07-26,evening_hedge,56,2
R_cost,2025-07-27,evening_hedge,56,2
R_cost,2025-07-28,evening_hedge,56,2
R_cost,2025-07-29,evening_hedge,56,2
R_cost,2025-07-30,evening_hedge,56,2
R_cost,2025-07-31,strong,56,5
R_cost,2025-08-01,rebalance,56,3
R_cost,2025-08-02,day_trim,56,1
R_cost,2025-08-03,strong,56,5
R_cost,2025-08-04,strong,56,5
R_cost,2025-08-05,strong,56,5
R_cost,2025-08-06,evening_hedge,56,2
R_cost,2025-08-07,evening_hedge,56,2
R_cost,2025-08-08,day_trim,56,1
R_cost,2025-08-09,day_trim,56,1
R_cost,2025-08-10,evening_hedge,56,2
R_cost,2025-08-11,evening_hedge,56,2
R_cost,2025-08-12,evening_hedge,56,2
R_cost,2025-08-13,evening_hedge,56,2
R_cost,2025-08-14,evening_hedge,56,2
R_cost,2025-08-15,rebalance,56,3
R_cost,2025-08-16,strong,56,5
R_cost,2025-08-17,evening_hedge,56,2
R_cost,2025-08-18,evening_hedge,56,2
R_cost,2025-08-19,evening_hedge,56,2
R_cost,2025-08-20,morning_hedge,56,6
R_cost,2025-08-21,strong,56,5
R_cost,2025-08-22,rebalance,56,3
R_cost,2025-08-23,soft,56,4
R_cost,2025-08-24,strong,56,5
R_cost,2025-08-25,strong,56,5
R_cost,2025-08-26,rebalance,56,3
R_cost,2025-08-27,soft,56,4
R_cost,2025-08-28,rebalance,56,3
R_cost,2025-08-29,day_trim,56,1
R_cost,2025-08-30,day_trim,56,1
R_cost,2025-08-31,day_trim,56,1
R_cost,2025-09-01,day_trim,56,1
R_cost,2025-09-02,day_trim,56,1
R_cost,2025-09-03,day_trim,56,1
R_cost,2025-09-04,day_trim,56,1
R_cost,2025-09-05,day_trim,56,1
R_cost,2025-09-06,day_trim,56,1
R_cost,2025-09-07,day_trim,56,1
R_cost,2025-09-08,day_trim,56,1
R_cost,2025-09-09,day_trim,56,1
R_cost,2025-09-10,day_trim,56,1
R_cost,2025-09-11,day_trim,56,1
R_cost,2025-09-12,day_trim,56,1
R_cost,2025-09-13,day_trim,56,1
R_cost,2025-09-14,day_trim,56,1
R_cost,2025-09-15,day_trim,56,1
R_cost,2025-09-16,day_trim,56,1
R_cost,2025-09-17,day_trim,56,1
R_cost,2025-09-18,day_trim,56,1
R_cost,2025-09-19,day_trim,56,1
R_cost,2025-09-20,day_trim,56,1
R_cost,2025-09-21,day_trim,56,1
R_cost,2025-09-22,day_trim,56,1
R_cost,2025-09-23,day_trim,56,1
R_cost,2025-09-24,day_trim,56,1
R_cost,2025-09-25,day_trim,56,1
R_cost,2025-09-26,day_trim,56,1
R_cost,2025-09-27,day_trim,56,1
R_cost,2025-09-28,day_trim,56,1
R_cost,2025-09-29,day_trim,56,1
R_cost,2025-09-30,day_trim,56,1
R_cost,2025-10-01,day_trim,56,1
R_cost,2025-10-02,day_trim,56,1
R_cost,2025-10-03,day_trim,56,1
R_cost,2025-10-04,day_trim,56,1
R_cost,2025-10-05,day_trim,56,1
R_cost,2025-10-06,day_trim,56,1
R_cost,2025-10-07,day_trim,56,1
R_cost,2025-10-08,day_trim,56,1
R_cost,2025-10-09,day_trim,56,1
R_cost,2025-10-10,day_trim,56,1
R_cost,2025-10-11,day_trim,56,1
R_cost,2025-10-12,day_trim,56,1
R_cost,2025-10-13,day_trim,56,1
R_cost,2025-10-14,day_trim,56,1
R_cost,2025-10-15,day_trim,56,1
R_cost,2025-10-16,day_trim,56,1
R_cost,2025-10-17,day_trim,56,1
R_cost,2025-10-18,day_trim,56,1
R_cost,2025-10-19,rebalance,56,3
R_cost,2025-10-20,soft,56,4
R_cost,2025-10-21,rebalance,56,3
R_cost,2025-10-22,rebalance,56,3
R_cost,2025-10-23,rebalance,56,3
R_cost,2025-10-24,rebalance,56,3
R_cost,2025-10-25,rebalance,56,3
R_cost,2025-10-26,evening_hedge,56,2
R_cost,2025-10-27,evening_hedge,56,2
R_cost,2025-10-28,evening_hedge,56,2
R_cost,2025-10-29,evening_hedge,56,2
R_cost,2025-10-30,evening_hedge,56,2
R_cost,2025-10-31,strong,56,5
R_cost,2025-11-01,strong,56,5
R_cost,2025-11-02,morning_hedge,56,6
R_cost,2025-11-03,strong,56,5
R_cost,2025-11-04,strong,56,5
R_cost,2025-11-05,strong,56,5
R_cost,2025-11-06,strong,56,5
R_cost,2025-11-07,rebalance,56,3
R_cost,2025-11-08,rebalance,56,3
R_cost,2025-11-09,strong,56,5
R_cost,2025-11-10,strong,56,5
R_cost,2025-11-11,strong,56,5
R_cost,2025-11-12,strong,56,5
R_cost,2025-11-13,strong,56,5
R_cost,2025-11-14,rebalance,56,3
R_cost,2025-11-15,rebalance,56,3
R_cost,2025-11-16,strong,56,5
R_cost,2025-11-17,strong,56,5
R_cost,2025-11-18,strong,56,5
R_cost,2025-11-19,strong,56,5
R_cost,2025-11-20,strong,56,5
R_cost,2025-11-21,strong,56,5
R_cost,2025-11-22,strong,56,5
R_cost,2025-11-23,strong,56,5
R_cost,2025-11-24,strong,56,5
R_cost,2025-11-25,strong,56,5
R_cost,2025-11-26,strong,56,5
R_cost,2025-11-27,strong,56,5
R_cost,2025-11-28,strong,56,5
R_cost,2025-11-29,strong,56,5
R_cost,2025-11-30,strong,56,5
R_cost,2025-12-01,strong,56,5
R_cost,2025-12-02,strong,56,5
R_cost,2025-12-03,strong,56,5
R_cost,2025-12-04,strong,56,5
R_cost,2025-12-05,strong,56,5
R_cost,2025-12-06,strong,56,5
R_cost,2025-12-07,strong,56,5
R_cost,2025-12-08,strong,56,5
R_cost,2025-12-09,strong,56,5
R_cost,2025-12-10,strong,56,5
R_cost,2025-12-11,strong,56,5
R_cost,2025-12-12,strong,56,5
R_cost,2025-12-13,rebalance,56,3
R_cost,2025-12-14,strong,56,5
R_cost,2025-12-15,strong,56,5
R_cost,2025-12-16,strong,56,5
R_cost,2025-12-17,strong,56,5
R_cost,2025-12-18,rebalance,56,3
R_cost,2025-12-19,rebalance,56,3
R_cost,2025-12-20,rebalance,56,3
R_cost,2025-12-21,rebalance,56,3
R_cost,2025-12-22,rebalance,56,3
R_cost,2025-12-23,rebalance,56,3
R_cost,2025-12-24,rebalance,56,3
R_cost,2025-12-25,day_trim,56,1
R_cost,2025-12-26,day_trim,56,1
R_cost,2025-12-27,day_trim,56,1
R_cost,2025-12-28,soft,56,4
R_cost,2025-12-29,soft,56,4
R_cost,2025-12-30,anchor,56,0
R_cost,2025-12-31,anchor,56,0
R_w28,2025-02-01,anchor,28,0
R_w28,2025-02-02,anchor,28,0
R_w28,2025-02-03,anchor,28,0
R_w28,2025-02-04,anchor,28,0
R_w28,2025-02-05,anchor,28,0
R_w28,2025-02-06,anchor,28,0
R_w28,2025-02-07,rebalance,28,3
R_w28,2025-02-08,rebalance,28,3
R_w28,2025-02-09,anchor,28,0
R_w28,2025-02-10,anchor,28,0
R_w28,2025-02-11,anchor,28,0
R_w28,2025-02-12,anchor,28,0
R_w28,2025-02-13,anchor,28,0
R_w28,2025-02-14,anchor,28,0
R_w28,2025-02-15,anchor,28,0
R_w28,2025-02-16,anchor,28,0
R_w28,2025-02-17,anchor,28,0
R_w28,2025-02-18,anchor,28,0
R_w28,2025-02-19,anchor,28,0
R_w28,2025-02-20,anchor,28,0
R_w28,2025-02-21,anchor,28,0
R_w28,2025-02-22,anchor,28,0
R_w28,2025-02-23,anchor,28,0
R_w28,2025-02-24,anchor,28,0
R_w28,2025-02-25,anchor,28,0
R_w28,2025-02-26,anchor,28,0
R_w28,2025-02-27,anchor,28,0
R_w28,2025-02-28,soft,28,4
R_w28,2025-03-01,soft,28,4
R_w28,2025-03-02,anchor,28,0
R_w28,2025-03-03,anchor,28,0
R_w28,2025-03-04,anchor,28,0
R_w28,2025-03-05,anchor,28,0
R_w28,2025-03-06,anchor,28,0
R_w28,2025-03-07,soft,28,4
R_w28,2025-03-08,anchor,28,0
R_w28,2025-03-09,anchor,28,0
R_w28,2025-03-10,anchor,28,0
R_w28,2025-03-11,anchor,28,0
R_w28,2025-03-12,anchor,28,0
R_w28,2025-03-13,anchor,28,0
R_w28,2025-03-14,anchor,28,0
R_w28,2025-03-15,anchor,28,0
R_w28,2025-03-16,anchor,28,0
R_w28,2025-03-17,anchor,28,0
R_w28,2025-03-18,anchor,28,0
R_w28,2025-03-19,anchor,28,0
R_w28,2025-03-20,anchor,28,0
R_w28,2025-03-21,anchor,28,0
R_w28,2025-03-22,anchor,28,0
R_w28,2025-03-23,anchor,28,0
R_w28,2025-03-24,anchor,28,0
R_w28,2025-03-25,anchor,28,0
R_w28,2025-03-26,anchor,28,0
R_w28,2025-03-27,anchor,28,0
R_w28,2025-03-28,anchor,28,0
R_w28,2025-03-29,anchor,28,0
R_w28,2025-03-30,anchor,28,0
R_w28,2025-03-31,anchor,28,0
R_w28,2025-04-01,anchor,28,0
R_w28,2025-04-02,anchor,28,0
R_w28,2025-04-03,anchor,28,0
R_w28,2025-04-04,anchor,28,0
R_w28,2025-04-05,anchor,28,0
R_w28,2025-04-06,anchor,28,0
R_w28,2025-04-07,anchor,28,0
R_w28,2025-04-08,anchor,28,0
R_w28,2025-04-09,anchor,28,0
R_w28,2025-04-10,soft,28,4
R_w28,2025-04-11,anchor,28,0
R_w28,2025-04-12,anchor,28,0
R_w28,2025-04-13,anchor,28,0
R_w28,2025-04-14,anchor,28,0
R_w28,2025-04-15,anchor,28,0
R_w28,2025-04-16,anchor,28,0
R_w28,2025-04-17,soft,28,4
R_w28,2025-04-18,anchor,28,0
R_w28,2025-04-19,soft,28,4
R_w28,2025-04-20,anchor,28,0
R_w28,2025-04-21,anchor,28,0
R_w28,2025-04-22,anchor,28,0
R_w28,2025-04-23,anchor,28,0
R_w28,2025-04-24,anchor,28,0
R_w28,2025-04-25,anchor,28,0
R_w28,2025-04-26,anchor,28,0
R_w28,2025-04-27,anchor,28,0
R_w28,2025-04-28,anchor,28,0
R_w28,2025-04-29,anchor,28,0
R_w28,2025-04-30,anchor,28,0
R_w28,2025-05-01,anchor,28,0
R_w28,2025-05-02,anchor,28,0
R_w28,2025-05-03,anchor,28,0
R_w28,2025-05-04,anchor,28,0
R_w28,2025-05-05,anchor,28,0
R_w28,2025-05-06,anchor,28,0
R_w28,2025-05-07,anchor,28,0
R_w28,2025-05-08,anchor,28,0
R_w28,2025-05-09,anchor,28,0
R_w28,2025-05-10,anchor,28,0
R_w28,2025-05-11,anchor,28,0
R_w28,2025-05-12,anchor,28,0
R_w28,2025-05-13,anchor,28,0
R_w28,2025-05-14,anchor,28,0
R_w28,2025-05-15,anchor,28,0
R_w28,2025-05-16,anchor,28,0
R_w28,2025-05-17,anchor,28,0
R_w28,2025-05-18,anchor,28,0
R_w28,2025-05-19,anchor,28,0
R_w28,2025-05-20,anchor,28,0
R_w28,2025-05-21,anchor,28,0
R_w28,2025-05-22,anchor,28,0
R_w28,2025-05-23,anchor,28,0
R_w28,2025-05-24,anchor,28,0
R_w28,2025-05-25,anchor,28,0
R_w28,2025-05-26,anchor,28,0
R_w28,2025-05-27,anchor,28,0
R_w28,2025-05-28,anchor,28,0
R_w28,2025-05-29,anchor,28,0
R_w28,2025-05-30,anchor,28,0
R_w28,2025-05-31,anchor,28,0
R_w28,2025-06-01,rebalance,28,3
R_w28,2025-06-02,anchor,28,0
R_w28,2025-06-03,anchor,28,0
R_w28,2025-06-04,anchor,28,0
R_w28,2025-06-05,anchor,28,0
R_w28,2025-06-06,anchor,28,0
R_w28,2025-06-07,anchor,28,0
R_w28,2025-06-08,anchor,28,0
R_w28,2025-06-09,anchor,28,0
R_w28,2025-06-10,anchor,28,0
R_w28,2025-06-11,anchor,28,0
R_w28,2025-06-12,anchor,28,0
R_w28,2025-06-13,anchor,28,0
R_w28,2025-06-14,anchor,28,0
R_w28,2025-06-15,anchor,28,0
R_w28,2025-06-16,anchor,28,0
R_w28,2025-06-17,anchor,28,0
R_w28,2025-06-18,anchor,28,0
R_w28,2025-06-19,anchor,28,0
R_w28,2025-06-20,anchor,28,0
R_w28,2025-06-21,anchor,28,0
R_w28,2025-06-22,anchor,28,0
R_w28,2025-06-23,anchor,28,0
R_w28,2025-06-24,anchor,28,0
R_w28,2025-06-25,anchor,28,0
R_w28,2025-06-26,anchor,28,0
R_w28,2025-06-27,anchor,28,0
R_w28,2025-06-28,anchor,28,0
R_w28,2025-06-29,anchor,28,0
R_w28,2025-06-30,anchor,28,0
R_w28,2025-07-01,anchor,28,0
R_w28,2025-07-02,anchor,28,0
R_w28,2025-07-03,anchor,28,0
R_w28,2025-07-04,anchor,28,0
R_w28,2025-07-05,anchor,28,0
R_w28,2025-07-06,anchor,28,0
R_w28,2025-07-07,anchor,28,0
R_w28,2025-07-08,anchor,28,0
R_w28,2025-07-09,anchor,28,0
R_w28,2025-07-10,anchor,28,0
R_w28,2025-07-11,anchor,28,0
R_w28,2025-07-12,anchor,28,0
R_w28,2025-07-13,anchor,28,0
R_w28,2025-07-14,anchor,28,0
R_w28,2025-07-15,anchor,28,0
R_w28,2025-07-16,anchor,28,0
R_w28,2025-07-17,anchor,28,0
R_w28,2025-07-18,anchor,28,0
R_w28,2025-07-19,anchor,28,0
R_w28,2025-07-20,anchor,28,0
R_w28,2025-07-21,anchor,28,0
R_w28,2025-07-22,anchor,28,0
R_w28,2025-07-23,anchor,28,0
R_w28,2025-07-24,anchor,28,0
R_w28,2025-07-25,anchor,28,0
R_w28,2025-07-26,anchor,28,0
R_w28,2025-07-27,anchor,28,0
R_w28,2025-07-28,anchor,28,0
R_w28,2025-07-29,anchor,28,0
R_w28,2025-07-30,anchor,28,0
R_w28,2025-07-31,anchor,28,0
R_w28,2025-08-01,anchor,28,0
R_w28,2025-08-02,anchor,28,0
R_w28,2025-08-03,anchor,28,0
R_w28,2025-08-04,anchor,28,0
R_w28,2025-08-05,anchor,28,0
R_w28,2025-08-06,anchor,28,0
R_w28,2025-08-07,anchor,28,0
R_w28,2025-08-08,anchor,28,0
R_w28,2025-08-09,anchor,28,0
R_w28,2025-08-10,anchor,28,0
R_w28,2025-08-11,anchor,28,0
R_w28,2025-08-12,anchor,28,0
R_w28,2025-08-13,anchor,28,0
R_w28,2025-08-14,anchor,28,0
R_w28,2025-08-15,anchor,28,0
R_w28,2025-08-16,anchor,28,0
R_w28,2025-08-17,anchor,28,0
R_w28,2025-08-18,anchor,28,0
R_w28,2025-08-19,anchor,28,0
R_w28,2025-08-20,anchor,28,0
R_w28,2025-08-21,anchor,28,0
R_w28,2025-08-22,anchor,28,0
R_w28,2025-08-23,anchor,28,0
R_w28,2025-08-24,anchor,28,0
R_w28,2025-08-25,anchor,28,0
R_w28,2025-08-26,anchor,28,0
R_w28,2025-08-27,anchor,28,0
R_w28,2025-08-28,anchor,28,0
R_w28,2025-08-29,anchor,28,0
R_w28,2025-08-30,anchor,28,0
R_w28,2025-08-31,anchor,28,0
R_w28,2025-09-01,anchor,28,0
R_w28,2025-09-02,anchor,28,0
R_w28,2025-09-03,anchor,28,0
R_w28,2025-09-04,anchor,28,0
R_w28,2025-09-05,anchor,28,0
R_w28,2025-09-06,anchor,28,0
R_w28,2025-09-07,anchor,28,0
R_w28,2025-09-08,anchor,28,0
R_w28,2025-09-09,anchor,28,0
R_w28,2025-09-10,anchor,28,0
R_w28,2025-09-11,anchor,28,0
R_w28,2025-09-12,anchor,28,0
R_w28,2025-09-13,anchor,28,0
R_w28,2025-09-14,anchor,28,0
R_w28,2025-09-15,anchor,28,0
R_w28,2025-09-16,anchor,28,0
R_w28,2025-09-17,anchor,28,0
R_w28,2025-09-18,anchor,28,0
R_w28,2025-09-19,anchor,28,0
R_w28,2025-09-20,anchor,28,0
R_w28,2025-09-21,anchor,28,0
R_w28,2025-09-22,anchor,28,0
R_w28,2025-09-23,anchor,28,0
R_w28,2025-09-24,anchor,28,0
R_w28,2025-09-25,anchor,28,0
R_w28,2025-09-26,anchor,28,0
R_w28,2025-09-27,anchor,28,0
R_w28,2025-09-28,anchor,28,0
R_w28,2025-09-29,anchor,28,0
R_w28,2025-09-30,anchor,28,0
R_w28,2025-10-01,anchor,28,0
R_w28,2025-10-02,anchor,28,0
R_w28,2025-10-03,anchor,28,0
R_w28,2025-10-04,anchor,28,0
R_w28,2025-10-05,anchor,28,0
R_w28,2025-10-06,anchor,28,0
R_w28,2025-10-07,anchor,28,0
R_w28,2025-10-08,anchor,28,0
R_w28,2025-10-09,anchor,28,0
R_w28,2025-10-10,anchor,28,0
R_w28,2025-10-11,anchor,28,0
R_w28,2025-10-12,anchor,28,0
R_w28,2025-10-13,anchor,28,0
R_w28,2025-10-14,anchor,28,0
R_w28,2025-10-15,anchor,28,0
R_w28,2025-10-16,anchor,28,0
R_w28,2025-10-17,anchor,28,0
R_w28,2025-10-18,anchor,28,0
R_w28,2025-10-19,anchor,28,0
R_w28,2025-10-20,anchor,28,0
R_w28,2025-10-21,anchor,28,0
R_w28,2025-10-22,anchor,28,0
R_w28,2025-10-23,anchor,28,0
R_w28,2025-10-24,anchor,28,0
R_w28,2025-10-25,anchor,28,0
R_w28,2025-10-26,anchor,28,0
R_w28,2025-10-27,anchor,28,0
R_w28,2025-10-28,anchor,28,0
R_w28,2025-10-29,anchor,28,0
R_w28,2025-10-30,anchor,28,0
R_w28,2025-10-31,anchor,28,0
R_w28,2025-11-01,anchor,28,0
R_w28,2025-11-02,anchor,28,0
R_w28,2025-11-03,anchor,28,0
R_w28,2025-11-04,anchor,28,0
R_w28,2025-11-05,anchor,28,0
R_w28,2025-11-06,anchor,28,0
R_w28,2025-11-07,anchor,28,0
R_w28,2025-11-08,anchor,28,0
R_w28,2025-11-09,anchor,28,0
R_w28,2025-11-10,anchor,28,0
R_w28,2025-11-11,anchor,28,0
R_w28,2025-11-12,anchor,28,0
R_w28,2025-11-13,anchor,28,0
R_w28,2025-11-14,anchor,28,0
R_w28,2025-11-15,anchor,28,0
R_w28,2025-11-16,anchor,28,0
R_w28,2025-11-17,anchor,28,0
R_w28,2025-11-18,anchor,28,0
R_w28,2025-11-19,anchor,28,0
R_w28,2025-11-20,anchor,28,0
R_w28,2025-11-21,rebalance,28,3
R_w28,2025-11-22,strong,28,5
R_w28,2025-11-23,anchor,28,0
R_w28,2025-11-24,anchor,28,0
R_w28,2025-11-25,anchor,28,0
R_w28,2025-11-26,anchor,28,0
R_w28,2025-11-27,strong,28,5
R_w28,2025-11-28,strong,28,5
R_w28,2025-11-29,strong,28,5
R_w28,2025-11-30,strong,28,5
R_w28,2025-12-01,strong,28,5
R_w28,2025-12-02,anchor,28,0
R_w28,2025-12-03,anchor,28,0
R_w28,2025-12-04,anchor,28,0
R_w28,2025-12-05,anchor,28,0
R_w28,2025-12-06,anchor,28,0
R_w28,2025-12-07,anchor,28,0
R_w28,2025-12-08,anchor,28,0
R_w28,2025-12-09,anchor,28,0
R_w28,2025-12-10,anchor,28,0
R_w28,2025-12-11,anchor,28,0
R_w28,2025-12-12,anchor,28,0
R_w28,2025-12-13,anchor,28,0
R_w28,2025-12-14,anchor,28,0
R_w28,2025-12-15,anchor,28,0
R_w28,2025-12-16,anchor,28,0
R_w28,2025-12-17,anchor,28,0
R_w28,2025-12-18,anchor,28,0
R_w28,2025-12-19,anchor,28,0
R_w28,2025-12-20,anchor,28,0
R_w28,2025-12-21,anchor,28,0
R_w28,2025-12-22,anchor,28,0
R_w28,2025-12-23,anchor,28,0
R_w28,2025-12-24,anchor,28,0
R_w28,2025-12-25,anchor,28,0
R_w28,2025-12-26,anchor,28,0
R_w28,2025-12-27,anchor,28,0
R_w28,2025-12-28,anchor,28,0
R_w28,2025-12-29,anchor,28,0
R_w28,2025-12-30,anchor,28,0
R_w28,2025-12-31,anchor,28,0
