date,slot_id,load_actual_kw,interval_end,interval_start,load_raw_time_label,load_source_row,load_source_column,pv_actual_kw,pv_raw_time_label,pv_source_row,pv_source_column,actual_price_yuan_per_kwh,price_raw_time_label,price_source_row,price_source_column,fixed_price_yuan_per_kwh,load_actual_kwh,pv_actual_kwh,net_load_actual_kw,net_load_actual_kwh,available_time,issue_time,forecast_history_end,dispatch_time,decision_input_cutoff,price_yuan_per_kwh,load_forecast_kwh,pv_forecast_kwh,grid_plan_kwh,selected_index,selected_candidate,risk_delta_kwh,charge_actual_kwh,discharge_actual_kwh,emergency_kwh,surplus_kwh,unused_grid_kwh,pv_curtailment_kwh,energy_start_actual_kwh,energy_end_actual_kwh,forecast_emergency_kwh,forecast_charge_kwh,forecast_discharge_kwh,forecast_energy_start_kwh,forecast_energy_end_kwh,forecast_surplus_kwh,planned_cost_yuan,emergency_cost_yuan,total_cost_yuan
2025-01-24,1,2454.856,2025-01-24T00:10:00,2025-01-24T00:00:00,00:10:00,25,B,0.0,00:10:00,25,B,0.3048,00:10:00,25,B,0.4248,409.1426666666667,0.0,2454.856,409.1426666666667,2025-01-24T00:10:00,2025-01-24 00:00:00,2025-01-24 00:00:00,2025-01-24T00:10:00,2025-01-24T00:10:00,0.4248,364.8331256277157,0.09863773620576857,523.4996741864616,4,point_incumbent,27.280378734877683,114.35700751979488,0.0,0.0,0.0,0.0,0.0,6000.0,6102.921306767816,0.0,158.76518629495166,0.0,6000.0,6142.8886676654565,0.0,222.3826615944089,0.0,222.3826615944089
2025-01-24,2,2503.1642,2025-01-24T00:20:00,2025-01-24T00:10:00,00:20:00,25,C,0.0,00:20:00,25,C,0.3072,00:20:00,25,C,0.4245,417.1940333333334,0.0,2503.1642,417.1940333333334,2025-01-24T00:20:00,2025-01-24 00:00:00,2025-01-24 00:00:00,2025-01-24T00:20:00,2025-01-24T00:20:00,0.4245,386.25626117631026,0.3633251256183183,538.9449271214046,4,point_incumbent,27.280378734877683,121.75089378807121,0.0,0.0,0.0,0.0,0.0,6102.921306767816,6212.49711117708,0.0,153.05199107071263,0.0,6142.8886676654565,6280.635459629098,0.0,228.78212156303624,0.0,228.78212156303624
2025-01-24,3,2653.22,2025-01-24T00:30:00,2025-01-24T00:20:00,00:30:00,25,D,0.0,00:30:00,25,D,0.3419,00:30:00,25,D,0.4269,442.2033333333333,0.0,2653.22,442.2033333333333,2025-01-24T00:30:00,2025-01-24 00:00:00,2025-01-24 00:00:00,2025-01-24T00:30:00,2025-01-24T00:30:00,0.4269,450.1290119811034,0.7809283067332312,610.8397267938884,4,point_incumbent,27.280378734877683,168.6363934605551,0.0,0.0,0.0,0.0,0.0,6212.49711117708,6364.26986529158,0.0,161.49164311951824,0.0,6280.635459629098,6425.977938436664,0.0,260.76747936831094,0.0,260.76747936831094
2025-01-24,4,2860.271,2025-01-24T00:40:00,2025-01-24T00:30:00,00:40:00,25,E,0.0,00:40:00,25,E,0.3798,00:40:00,25,E,0.4272,476.71183333333335,0.0,2860.271,476.71183333333335,2025-01-24T00:40:00,2025-01-24 00:00:00,2025-01-24 00:00:00,2025-01-24T00:40:00,2025-01-24T00:40:00,0.4272,472.3553626435992,1.3300803799677872,658.0162436838849,4,point_incumbent,27.280378734877683,181.30441035055156,0.0,0.0,0.0,0.0,0.0,6364.26986529158,6527.4438346070765,0.0,186.99096142025343,0.0,6425.977938436664,6594.269803714892,0.0,281.10453930175566,0.0,281.10453930175566
2025-01-24,5,2880.7933,2025-01-24T00:50:00,2025-01-24T00:40:00,00:50:00,25,F,0.0,00:50:00,25,F,0.3823,00:50:00,25,F,0.4271,480.13221666666664,0.0,2880.7933,480.13221666666664,2025-01-24T00:50:00,2025-01-24 00:00:00,2025-01-24 00:00:00,2025-01-24T00:50:00,2025-01-24T00:50:00,0.4271,440.6535371995405,1.9818428152590795,631.5922350059409,4,point_incumbent,27.280378734877683,151.46001833927426,0.0,0.0,0.0,0.0,0.0,6527.4438346070765,6663.757851112423,0.0,192.92054062165943,0.0,6594.269803714892,6767.8982902743855,0.0,269.7530435710373,0.0,269.7530435710373
2025-01-24,6,2778.73,2025-01-24T01:00:00,2025-01-24T00:50:00,01:00:00,25,G,0.0,01:00:00,25,G,0.3679,01:00:00,25,G,0.4285,463.12166666666667,0.0,2778.73,463.12166666666667,2025-01-24T01:00:00,2025-01-24 00:00:00,2025-01-24 00:00:00,2025-01-24T01:00:00,2025-01-24T01:00:00,0.4285,407.36622335525476,2.70061099385335,563.0819800439715,4,point_incumbent,27.280378734877683,99.96031337730483,0.0,0.0,0.0,0.0,0.0,6663.757851112423,6753.722133151998,0.0,158.41636768257013,0.0,6767.8982902743855,6910.473021188699,0.0,241.28062844884178,0.0,241.28062844884178
2025-01-24,7,2843.3884,2025-01-24T01:10:00,2025-01-24T01:00:00,01:10:00,25,H,0.0,01:10:00,25,H,0.3868,01:10:00,25,H,0.4311,473.89806666666664,0.0,2843.3884,473.89806666666664,2025-01-24T01:10:00,2025-01-24 00:00:00,2025-01-24 00:00:00,2025-01-24T01:10:00,2025-01-24T01:10:00,0.4311,434.8804923953798,3.445244772951057,570.8701123228057,4,point_incumbent,35.880152311859355,96.97204565613902,0.0,0.0,0.0,0.0,0.0,6753.722133151998,6840.996974242523,0.0,139.43486470037686,0.0,6910.473021188699,7035.964399419038,0.0,246.10210542236152,0.0,246.10210542236152
2025-01-24,8,2844.8353,2025-01-24T01:20:00,2025-01-24T01:10:00,01:20:00,25,I,0.0,01:20:00,25,I,0.3812,01:20:00,25,I,0.4302,474.1392166666667,0.0,2844.8353,474.1392166666667,2025-01-24T01:20:00,2025-01-24 00:00:00,2025-01-24 00:00:00,2025-01-24T01:20:00,2025-01-24T01:20:00,0.4302,446.2478219025699,4.170400126898761,577.4574045189095,4,point_incumbent,35.880152311859355,103.31818785224277,0.0,0.0,0.0,0.0,0.0,6840.996974242523,6933.983343309541,0.0,135.37998274323837,0.0,7035.964399419038,7157.8063838879525,0.0,248.42217542403486,0.0,248.42217542403486
2025-01-24,9,2777.55,2025-01-24T01:30:00,2025-01-24T01:20:00,01:30:00,25,J,0.0,01:30:00,25,J,0.3569,01:30:00,25,J,0.4279,462.925,0.0,2777.55,462.925,2025-01-24T01:30:00,2025-01-24 00:00:00,2025-01-24 00:00:00,2025-01-24T01:30:00,2025-01-24T01:30:00,0.4279,431.59004468751533,4.8280335296093035,591.1848727975209,4,point_incumbent,35.880152311859355,128.25987279752093,0.0,0.0,0.0,0.0,0.0,6933.983343309541,7049.417228827309,0.0,164.42286163961495,0.0,7157.8063838879525,7305.786959363606,0.0,252.9680070700592,0.0,252.9680070700592
2025-01-24,10,2879.605,2025-01-24T01:40:00,2025-01-24T01:30:00,01:40:00,25,K,0.0,01:40:00,25,K,0.3801,01:40:00,25,K,0.4312,479.93416666666667,0.0,2879.605,479.93416666666667,2025-01-24T01:40:00,2025-01-24 00:00:00,2025-01-24 00:00:00,2025-01-24T01:40:00,2025-01-24T01:40:00,0.4312,454.1731454657523,5.369046882431862,583.3348574347053,4,point_incumbent,35.880152311859355,103.40069076803866,0.0,0.0,0.0,0.0,0.0,7049.417228827309,7142.477850518544,0.0,134.53075885138492,0.0,7305.786959363606,7426.864642329852,0.0,251.53399052584496,0.0,251.53399052584496
2025-01-24,11,2944.2292,2025-01-24T01:50:00,2025-01-24T01:40:00,01:50:00,25,L,0.0,01:50:00,25,L,0.3962,01:50:00,25,L,0.4333,490.7048666666667,0.0,2944.2292,490.7048666666667,2025-01-24T01:50:00,2025-01-24 00:00:00,2025-01-24 00:00:00,2025-01-24T01:50:00,2025-01-24T01:50:00,0.4333,463.43828865003985,5.745037532978908,580.1998717802035,4,point_incumbent,35.880152311859355,89.49500511353676,0.0,0.0,0.0,0.0,0.0,7142.477850518544,7223.0233551207275,0.0,122.50662066314254,0.0,7426.864642329852,7537.120600926681,0.0,251.40060444236218,0.0,251.40060444236218
2025-01-24,12,2955.71,2025-01-24T02:00:00,2025-01-24T01:50:00,02:00:00,25,M,0.0,02:00:00,25,M,0.3893,02:00:00,25,M,0.4311,492.61833333333334,0.0,2955.71,492.61833333333334,2025-01-24T02:00:00,2025-01-24 00:00:00,2025-01-24 00:00:00,2025-01-24T02:00:00,2025-01-24T02:00:00,0.4311,452.8988398427091,5.910115335972038,625.3959876830017,4,point_incumbent,35.880152311859355,132.7776543496684,0.0,0.0,0.0,0.0,0.0,7223.0233551207275,7342.523244035429,0.0,178.40726317626468,0.0,7537.120600926681,7697.687137785319,0.0,269.60821029014204,0.0,269.60821029014204
2025-01-24,13,3094.5401,2025-01-24T02:10:00,2025-01-24T02:00:00,02:10:00,25,N,0.0,02:10:00,25,N,0.3995,02:10:00,25,N,0.4293,515.7566833333334,0.0,3094.5401,515.7566833333334,2025-01-24T02:10:00,2025-01-24 00:00:00,2025-01-24 00:00:00,2025-01-24T02:10:00,2025-01-24T02:10:00,0.4293,467.9351850535983,5.822746827686159,653.3342549553353,4,point_incumbent,28.913712388967923,137.57757162200187,0.0,0.0,0.0,0.0,0.0,7342.523244035429,7466.343058495231,0.0,191.22181672942315,0.0,7697.687137785319,7869.7867728418,0.0,280.47639565232544,0.0,280.47639565232544
2025-01-24,14,3118.238,2025-01-24T02:20:00,2025-01-24T02:10:00,02:20:00,25,O,0.0,02:20:00,25,O,0.4138,02:20:00,25,O,0.4324,519.7063333333333,0.0,3118.238,519.7063333333333,2025-01-24T02:20:00,2025-01-24 00:00:00,2025-01-24 00:00:00,2025-01-24T02:20:00,2025-01-24T02:20:00,0.4324,469.546626583901,5.447585459048031,625.9481726168399,4,point_incumbent,28.913712388967923,106.24183928350658,0.0,0.0,0.0,0.0,0.0,7466.343058495231,7561.960713850387,0.0,161.8491314919869,0.0,7869.7867728418,8015.450991184588,0.0,270.6599898395216,0.0,270.6599898395216
2025-01-24,15,3062.58,2025-01-24T02:30:00,2025-01-24T02:20:00,02:30:00,25,P,0.0,02:30:00,25,P,0.4104,02:30:00,25,P,0.4367,510.43,0.0,3062.58,510.43,2025-01-24T02:30:00,2025-01-24 00:00:00,2025-01-24 00:00:00,2025-01-24T02:30:00,2025-01-24T02:30:00,0.4367,459.7433614267102,4.75724648343453,599.8926948021593,4,point_incumbent,28.913712388967923,89.46269480215932,0.0,0.0,0.0,0.0,0.0,7561.960713850387,7642.477139172331,0.0,144.90657985888367,0.0,8015.450991184588,8145.866913057584,0.0,261.973139820103,0.0,261.973139820103
2025-01-24,16,3215.9765,2025-01-24T02:40:00,2025-01-24T02:30:00,02:40:00,25,Q,0.0,02:40:00,25,Q,0.3868,02:40:00,25,Q,0.4348,535.9960833333333,0.0,3215.9765,535.9960833333333,2025-01-24T02:40:00,2025-01-24 00:00:00,2025-01-24 00:00:00,2025-01-24T02:40:00,2025-01-24T02:40:00,0.4348,481.18143773613787,3.733985534404695,641.6430517155385,4,point_incumbent,28.913712388967923,105.64696838220516,0.0,0.0,0.0,0.0,0.0,7642.477139172331,7737.559410716315,0.0,164.19559951380535,0.0,8145.866913057584,8293.642952620008,0.0,278.9863988859162,0.0,278.9863988859162
2025-01-24,17,3338.5043,2025-01-24T02:50:00,2025-01-24T02:40:00,02:50:00,25,R,0.0,02:50:00,25,R,0.3922,02:50:00,25,R,0.4335,556.4173833333333,0.0,3338.5043,556.4173833333333,2025-01-24T02:50:00,2025-01-24 00:00:00,2025-01-24 00:00:00,2025-01-24T02:50:00,2025-01-24T02:50:00,0.4335,490.07942354686577,2.371241152573848,649.1059734279747,4,point_incumbent,28.913712388967923,92.68859009464143,0.0,0.0,0.0,0.0,0.0,7737.559410716315,7820.979141801492,0.0,161.39779103368278,0.0,8293.642952620008,8438.900964550323,0.0,281.38743948102706,0.0,281.38743948102706
2025-01-24,18,3294.94,2025-01-24T03:00:00,2025-01-24T02:50:00,03:00:00,25,S,0.0,03:00:00,25,S,0.4124,03:00:00,25,S,0.4357,549.1566666666666,0.0,3294.94,549.1566666666666,2025-01-24T03:00:00,2025-01-24 00:00:00,2025-01-24 00:00:00,2025-01-24T03:00:00,2025-01-24T03:00:00,0.4357,480.45378313594796,0.6750035121063512,635.8204711546615,4,point_incumbent,28.913712388967923,86.66380448799487,0.0,0.0,0.0,0.0,0.0,7820.979141801492,7898.976565840688,0.0,156.04169153081995,0.0,8438.900964550323,8579.338486928062,0.0,277.026979282086,0.0,277.026979282086
2025-01-24,19,3183.0556,2025-01-24T03:10:00,2025-01-24T03:00:00,03:10:00,25,T,0.0,03:10:00,25,T,0.3857,03:10:00,25,T,0.4374,530.5092666666667,0.0,3183.0556,530.5092666666667,2025-01-24T03:10:00,2025-01-24 00:00:00,2025-01-24 00:00:00,2025-01-24T03:10:00,2025-01-24T03:10:00,0.4374,493.0575253621851,0.0,630.1783112762794,4,point_incumbent,29.83681761070172,99.66904460961268,0.0,0.0,0.0,0.0,0.0,7898.976565840688,7988.6787059893395,0.0,137.12078591409426,0.0,8579.338486928062,8702.747194250747,0.0,275.63999335224463,0.0,275.63999335224463
2025-01-24,20,3069.2598,2025-01-24T03:20:00,2025-01-24T03:10:00,03:20:00,25,U,0.0,03:20:00,25,U,0.3623,03:20:00,25,U,0.4371,511.5433,0.0,3069.2598,511.5433,2025-01-24T03:20:00,2025-01-24 00:00:00,2025-01-24 00:00:00,2025-01-24T03:20:00,2025-01-24T03:20:00,0.4371,515.371430570438,0.0,628.0453258193925,4,point_incumbent,29.83681761070172,116.50202581939249,0.0,0.0,0.0,0.0,0.0,7988.6787059893395,8093.530529226793,0.0,112.67389524895452,0.0,8702.747194250747,8804.153699974806,0.0,274.51861191565644,0.0,274.51861191565644
2025-01-24,21,3027.99,2025-01-24T03:30:00,2025-01-24T03:20:00,03:30:00,25,V,0.0,03:30:00,25,V,0.3704,03:30:00,25,V,0.4356,504.66499999999996,0.0,3027.99,504.66499999999996,2025-01-24T03:30:00,2025-01-24 00:00:00,2025-01-24 00:00:00,2025-01-24T03:30:00,2025-01-24T03:30:00,0.4356,524.8920729214589,0.0,648.9737203086435,4,point_incumbent,29.83681761070172,144.3087203086435,0.0,0.0,0.0,0.0,0.0,8093.530529226793,8223.408377504573,0.0,124.0816473871846,0.0,8804.153699974806,8915.827182623272,0.0,282.69295256644506,0.0,282.69295256644506
2025-01-24,22,3093.0213,2025-01-24T03:40:00,2025-01-24T03:30:00,03:40:00,25,W,0.0,03:40:00,25,W,0.3866,03:40:00,25,W,0.4353,515.50355,0.0,3093.0213,515.50355,2025-01-24T03:40:00,2025-01-24 00:00:00,2025-01-24 00:00:00,2025-01-24T03:40:00,2025-01-24T03:40:00,0.4353,514.1328803834693,0.0,653.5484088079195,4,point_incumbent,29.83681761070172,138.04485880791947,0.0,0.0,0.0,0.0,0.0,8223.408377504573,8347.648750431701,0.0,139.41552842445014,0.0,8915.827182623272,9041.301158205277,0.0,284.4896223540874,0.0,284.4896223540874
2025-01-24,23,3075.6669,2025-01-24T03:50:00,2025-01-24T03:40:00,03:50:00,25,X,0.0,03:50:00,25,X,0.39,03:50:00,25,X,0.436,512.6111500000001,0.0,3075.6669,512.6111500000001,2025-01-24T03:50:00,2025-01-24 00:00:00,2025-01-24 00:00:00,2025-01-24T03:50:00,2025-01-24T03:50:00,0.436,518.0575986006235,0.0,653.7498422714417,4,point_incumbent,29.83681761070172,141.13869227144164,0.0,0.0,0.0,0.0,0.0,8347.648750431701,8474.673573475999,0.0,135.69224367081824,0.0,9041.301158205277,9163.424177509014,0.0,285.0349312303486,0.0,285.0349312303486
2025-01-24,24,3055.87,2025-01-24T04:00:00,2025-01-24T03:50:00,04:00:00,25,Y,0.0,04:00:00,25,Y,0.3982,04:00:00,25,Y,0.4378,509.31166666666667,0.0,3055.87,509.31166666666667,2025-01-24T04:00:00,2025-01-24 00:00:00,2025-01-24 00:00:00,2025-01-24T04:00:00,2025-01-24T04:00:00,0.4378,544.89121972492,0.0,697.8925843549802,4,point_incumbent,29.83681761070172,188.5809176883135,0.0,0.0,0.0,0.0,0.0,8474.673573475999,8644.39639939548,0.0,153.00136463006015,0.0,9163.424177509014,9301.125405676068,0.0,305.53737343061033,0.0,305.53737343061033
2025-01-24,25,3266.4209,2025-01-24T04:10:00,2025-01-24T04:00:00,04:10:00,25,Z,0.0,04:10:00,25,Z,0.4381,04:10:00,25,Z,0.4401,544.4034833333334,0.0,3266.4209,544.4034833333334,2025-01-24T04:10:00,2025-01-24 00:00:00,2025-01-24 00:00:00,2025-01-24T04:10:00,2025-01-24T04:10:00,0.4401,563.9477200786023,0.0,716.5829281419026,4,point_incumbent,30.58728081236607,172.1794448085692,0.0,0.0,0.0,0.0,0.0,8644.39639939548,8799.357899723193,0.0,152.6352080633003,0.0,9301.125405676068,9438.497092933037,0.0,315.3681466752513,0.0,315.3681466752513
2025-01-24,26,3282.1619,2025-01-24T04:20:00,2025-01-24T04:10:00,04:20:00,25,AA,0.0,04:20:00,25,AA,0.4328,04:20:00,25,AA,0.4389,547.0269833333333,0.0,3282.1619,547.0269833333333,2025-01-24T04:20:00,2025-01-24 00:00:00,2025-01-24 00:00:00,2025-01-24T04:20:00,2025-01-24T04:20:00,0.4389,541.1821295663854,0.0,683.7274065038339,4,point_incumbent,30.58728081236607,136.70042317050059,0.0,0.0,0.0,0.0,0.0,8799.357899723193,8922.388280576643,0.0,142.54527693744853,0.0,9438.497092933037,9566.787842176742,0.0,300.0879587145327,0.0,300.0879587145327
2025-01-24,27,3157.29,2025-01-24T04:30:00,2025-01-24T04:20:00,04:30:00,25,AB,0.0,04:30:00,25,AB,0.4071,04:30:00,25,AB,0.4364,526.215,0.0,3157.29,526.215,2025-01-24T04:30:00,2025-01-24 00:00:00,2025-01-24 00:00:00,2025-01-24T04:30:00,2025-01-24T04:30:00,0.4364,511.6217660671065,0.0,608.5464919957573,4,point_incumbent,30.58728081236607,82.33149199575723,0.0,0.0,0.0,0.0,0.0,8922.388280576643,8996.486623372824,0.0,96.92472592865079,0.0,9566.787842176742,9654.020095512527,0.0,265.5696891069485,0.0,265.5696891069485
2025-01-24,28,3351.218,2025-01-24T04:40:00,2025-01-24T04:30:00,04:40:00,25,AC,0.0,04:40:00,25,AC,0.4567,04:40:00,25,AC,0.4393,558.5363333333333,0.0,3351.218,558.5363333333333,2025-01-24T04:40:00,2025-01-24 00:00:00,2025-01-24 00:00:00,2025-01-24T04:40:00,2025-01-24T04:40:00,0.4393,545.0643868236592,0.0,689.9760007634214,4,point_incumbent,30.58728081236607,131.4396674300881,0.0,0.0,0.0,0.0,0.0,8996.486623372824,9114.782324059905,0.0,144.91161393976222,0.0,9654.020095512527,9784.440548058314,0.0,303.10645713537104,0.0,303.10645713537104
2025-01-24,29,3384.5866,2025-01-24T04:50:00,2025-01-24T04:40:00,04:50:00,25,AD,0.0,04:50:00,25,AD,0.4565,04:50:00,25,AD,0.4422,564.0977666666666,0.0,3384.5866,564.0977666666666,2025-01-24T04:50:00,2025-01-24 00:00:00,2025-01-24 00:00:00,2025-01-24T04:50:00,2025-01-24T04:50:00,0.4422,575.3106733874862,0.0,721.5459130337446,4,point_incumbent,30.58728081236607,157.44814636707792,0.0,0.0,0.0,0.0,0.0,9114.782324059905,9256.485655790275,0.0,146.23523964625838,0.0,9784.440548058314,9916.052263739946,0.0,319.06760274352183,0.0,319.06760274352183
2025-01-24,30,3218.64,2025-01-24T05:00:00,2025-01-24T04:50:00,05:00:00,25,AE,0.0,05:00:00,25,AE,0.4046,05:00:00,25,AE,0.4395,536.4399999999999,0.0,3218.64,536.4399999999999,2025-01-24T05:00:00,2025-01-24 00:00:00,2025-01-24 00:00:00,2025-01-24T05:00:00,2025-01-24T05:00:00,0.4395,568.0319029782489,0.0,703.5560100139112,4,point_incumbent,30.58728081236607,167.11601001391125,0.0,0.0,0.0,0.0,0.0,9256.485655790275,9406.890064802796,0.0,135.52410703566227,0.0,9916.052263739946,10038.023960072042,0.0,309.21286640111396,0.0,309.21286640111396
2025-01-24,31,3295.7538,2025-01-24T05:10:00,2025-01-24T05:00:00,05:10:00,25,AF,0.0,05:10:00,25,AF,0.4218,05:10:00,25,AF,0.4333,549.2923,0.0,3295.7538,549.2923,2025-01-24T05:10:00,2025-01-24 00:00:00,2025-01-24 00:00:00,2025-01-24T05:10:00,2025-01-24T05:10:00,0.4333,551.3839114097603,0.0,646.3895268632275,4,point_incumbent,31.155157164484898,97.09722686322755,0.0,0.0,0.0,0.0,0.0,9406.890064802796,9494.2775689797,0.0,95.00561545346716,0.0,10038.023960072042,10123.529013980162,0.0,280.0805819898365,0.0,280.0805819898365
2025-01-24,32,3277.9747,2025-01-24T05:20:00,2025-01-24T05:10:00,05:20:00,25,AG,0.012,05:20:00,25,AG,0.4053,05:20:00,25,AG,0.4439,546.3291166666667,0.002,3277.9627,546.3271166666667,2025-01-24T05:20:00,2025-01-24 00:00:00,2025-01-24 00:00:00,2025-01-24T05:20:00,2025-01-24T05:20:00,0.4439,537.2383168525473,0.0,605.758900278123,4,point_incumbent,31.155157164484898,59.43178361145624,0.0,0.0,0.0,0.0,0.0,9494.2775689797,9547.76617423001,0.0,68.52058342557564,0.0,10123.529013980162,10185.19753906318,0.0,268.89637583345876,0.0,268.89637583345876
2025-01-24,33,3188.72,2025-01-24T05:30:00,2025-01-24T05:20:00,05:30:00,25,AH,0.0,05:30:00,25,AH,0.3375,05:30:00,25,AH,0.4301,531.4533333333333,0.0,3188.72,531.4533333333333,2025-01-24T05:30:00,2025-01-24 00:00:00,2025-01-24 00:00:00,2025-01-24T05:30:00,2025-01-24T05:30:00,0.4301,539.7592492298817,0.0,650.444907051809,4,point_incumbent,31.155157164484898,118.9915737184757,0.0,0.0,0.0,0.0,0.0,9547.76617423001,9654.858590576638,0.0,110.6856578219273,0.0,10185.19753906318,10284.814631102914,0.0,279.75635452298303,0.0,279.75635452298303
2025-01-24,34,3391.4893,2025-01-24T05:40:00,2025-01-24T05:30:00,05:40:00,25,AI,0.0,05:40:00,25,AI,0.3468,05:40:00,25,AI,0.3713,565.2482166666667,0.0,3391.4893,565.2482166666667,2025-01-24T05:40:00,2025-01-24 00:00:00,2025-01-24 00:00:00,2025-01-24T05:40:00,2025-01-24T05:40:00,0.3713,565.3927994992434,0.0,911.7013693100542,4,point_incumbent,31.155157164484898,346.4531526433875,0.0,0.0,0.0,0.0,0.0,9654.858590576638,9966.666427955686,0.0,346.3085698108108,0.0,10284.814631102914,10596.492343932643,0.0,338.5147184248232,0.0,338.5147184248232
2025-01-24,35,3387.4373,2025-01-24T05:50:00,2025-01-24T05:40:00,05:50:00,25,AJ,0.1676,05:50:00,25,AJ,0.5612,05:50:00,25,AJ,0.5708,564.5728833333334,0.027933333333333334,3387.2697,564.5449500000001,2025-01-24T05:50:00,2025-01-24 00:00:00,2025-01-24 00:00:00,2025-01-24T05:50:00,2025-01-24T05:50:00,0.5708,564.332372415609,0.0,588.5838410716538,4,point_incumbent,31.155157164484898,24.038891071653666,0.0,0.0,0.0,0.0,0.0,9966.666427955686,9988.301429920175,0.0,24.25146865604472,0.0,10596.492343932643,10618.318665723084,0.0,335.96365648369994,0.0,335.96365648369994
2025-01-24,36,3209.63,2025-01-24T06:00:00,2025-01-24T05:50:00,06:00:00,25,AK,0.0,06:00:00,25,AK,0.8204,06:00:00,25,AK,0.9099,534.9383333333334,0.0,3209.63,534.9383333333334,2025-01-24T06:00:00,2025-01-24 00:00:00,2025-01-24 00:00:00,2025-01-24T06:00:00,2025-01-24T06:00:00,0.9099,540.9390921569852,4.630848890139772,0.0,4,point_incumbent,31.155157164484898,0.0,534.9383333333334,0.0,0.0,0.0,0.0,9988.301429920175,9393.925503994249,0.0,0.0,536.3082432668455,10618.318665723084,10022.420617648811,0.0,0.0,0.0,0.0
2025-01-24,37,3386.3735,2025-01-24T06:10:00,2025-01-24T06:00:00,06:10:00,25,AL,0.0,06:10:00,25,AL,0.8152,06:10:00,25,AL,0.9368,564.3955833333333,0.0,3386.3735,564.3955833333333,2025-01-24T06:10:00,2025-01-24 00:00:00,2025-01-24 00:00:00,2025-01-24T06:10:00,2025-01-24T06:10:00,0.9368,548.0252245181522,15.423502505100382,0.0,4,point_incumbent,74.29184191749144,0.0,564.3955833333333,0.0,0.0,0.0,0.0,9393.925503994249,8766.819300290545,0.0,0.0,532.6017220130518,10022.420617648811,9430.640926523198,0.0,0.0,0.0,0.0
2025-01-24,38,3439.5712,2025-01-24T06:20:00,2025-01-24T06:10:00,06:20:00,25,AM,2.3343,06:20:00,25,AM,0.7736,06:20:00,25,AM,0.8758,573.2618666666666,0.38904999999999995,3437.2369,572.8728166666666,2025-01-24T06:20:00,2025-01-24 00:00:00,2025-01-24 00:00:00,2025-01-24T06:20:00,2025-01-24T06:20:00,0.8758,560.1184044600623,28.337106461966464,0.24429571922549237,4,point_incumbent,74.29184191749144,0.0,572.6285209474411,0.0,0.0,0.0,0.0,8766.819300290545,8130.565388126721,0.0,0.0,531.5370022788703,9430.640926523198,8840.044257324453,0.0,0.21395419089768622,0.0,0.21395419089768622
2025-01-24,39,3254.97,2025-01-24T06:30:00,2025-01-24T06:20:00,06:30:00,25,AN,0.0,06:30:00,25,AN,0.8045,06:30:00,25,AN,0.8759,542.495,0.0,3254.97,542.495,2025-01-24T06:30:00,2025-01-24 00:00:00,2025-01-24 00:00:00,2025-01-24T06:30:00,2025-01-24T06:30:00,0.8759,557.4976557229558,43.47874033032225,0.0,4,point_incumbent,74.29184191749144,0.0,542.495,0.0,0.0,0.0,0.0,8130.565388126721,7527.793165904499,0.0,0.0,514.0189153926335,8840.044257324453,8268.912129110415,0.0,0.0,0.0,0.0
2025-01-24,40,3261.4341,2025-01-24T06:40:00,2025-01-24T06:30:00,06:40:00,25,AO,0.0,06:40:00,25,AO,0.8067,06:40:00,25,AO,0.8601,543.57235,0.0,3261.4341,543.57235,2025-01-24T06:40:00,2025-01-24 00:00:00,2025-01-24 00:00:00,2025-01-24T06:40:00,2025-01-24T06:40:00,0.8601,553.8168061422176,60.93488327211576,0.0,4,point_incumbent,74.29184191749144,0.0,543.57235,0.0,0.0,0.0,0.0,7527.793165904499,6923.823888126721,0.0,0.0,492.88192287010185,8268.912129110415,7721.265548143635,0.0,0.0,0.0,0.0
2025-01-24,41,3552.7944,2025-01-24T06:50:00,2025-01-24T06:40:00,06:50:00,25,AP,40.2337,06:50:00,25,AP,0.8559,06:50:00,25,AP,0.8442,592.1324000000001,6.705616666666667,3512.5607,585.4267833333334,2025-01-24T06:50:00,2025-01-24 00:00:00,2025-01-24 00:00:00,2025-01-24T06:50:00,2025-01-24T06:50:00,0.8442,588.9032891997839,80.76900838649226,0.0,4,point_incumbent,74.29184191749144,0.0,585.4267833333334,0.0,0.0,0.0,0.0,6923.823888126721,6273.349684423017,0.0,0.0,508.13428081329164,7721.265548143635,7156.671902795533,0.0,0.0,0.0,0.0
2025-01-24,42,3845.75,2025-01-24T07:00:00,2025-01-24T06:50:00,07:00:00,25,AQ,208.4625,07:00:00,25,AQ,0.9114,07:00:00,25,AQ,0.8334,640.9583333333334,34.74375,3637.2875,606.2145833333334,2025-01-24T07:00:00,2025-01-24 00:00:00,2025-01-24 00:00:00,2025-01-24T07:00:00,2025-01-24T07:00:00,0.8334,639.8452174722172,103.01943462686047,11.62083996894361,4,point_incumbent,74.29184191749144,0.0,594.5937433643898,0.0,0.0,0.0,0.0,6273.349684423017,5612.689969573695,0.0,0.0,525.2049428764132,7156.671902795533,6573.110855155074,0.0,9.684808030117605,0.0,9.684808030117605
2025-01-24,43,3775.2195,2025-01-24T07:10:00,2025-01-24T07:00:00,07:10:00,25,AR,472.7753,07:10:00,25,AR,0.8439,07:10:00,25,AR,0.8092,629.20325,78.79588333333334,3302.4442,550.4073666666667,2025-01-24T07:10:00,2025-01-24 00:00:00,2025-01-24 00:00:00,2025-01-24T07:10:00,2025-01-24T07:10:00,0.8092,641.9862740700199,127.69747790320861,24.99630846772111,4,point_incumbent,60.793833295904825,0.0,525.4110581989456,0.0,0.0,0.0,0.0,5612.689969573695,5028.8999049081995,0.0,0.0,489.2924876990902,6573.110855155074,6029.452535489419,0.0,20.227012812079924,0.0,20.227012812079924
2025-01-24,44,3772.9415,2025-01-24T07:20:00,2025-01-24T07:10:00,07:20:00,25,AS,736.2829,07:20:00,25,AS,0.811,07:20:00,25,AS,0.7972,628.8235833333333,122.71381666666667,3036.6585999999998,506.10976666666664,2025-01-24T07:20:00,2025-01-24 00:00:00,2025-01-24 00:00:00,2025-01-24T07:20:00,2025-01-24T07:20:00,0.7972,637.4567579267766,154.78593888679976,44.530636069409624,4,point_incumbent,60.793833295904825,0.0,461.579130597257,0.0,0.0,0.0,0.0,5028.8999049081995,4516.034204244581,0.0,0.0,438.14018297056725,6029.452535489419,5542.630109966566,0.0,35.49982307453335,0.0,35.49982307453335
2025-01-24,45,3969.4,2025-01-24T07:30:00,2025-01-24T07:20:00,07:30:00,25,AT,965.0625,07:30:00,25,AT,0.8202,07:30:00,25,AT,0.7644,661.5666666666667,160.84375,3004.3375,500.7229166666667,2025-01-24T07:30:00,2025-01-24 00:00:00,2025-01-24 00:00:00,2025-01-24T07:30:00,2025-01-24T07:30:00,0.7644,645.3298705666051,184.23796025790918,162.76802692943207,4,point_incumbent,60.793833295904825,0.0,337.9548897372347,0.0,0.0,0.0,0.0,4516.034204244581,4140.528771203209,0.0,0.0,298.32388337926386,5542.630109966566,5211.159128434051,0.0,124.41987978485787,0.0,124.41987978485787
2025-01-24,46,4044.2727,2025-01-24T07:40:00,2025-01-24T07:30:00,07:40:00,25,AU,1204.5033,07:40:00,25,AU,0.7526,07:40:00,25,AU,0.6899,674.04545,200.75055,2839.7694,473.2949,2025-01-24T07:40:00,2025-01-24 00:00:00,2025-01-24 00:00:00,2025-01-24T07:40:00,2025-01-24T07:40:00,0.6899,645.9836730886184,215.97628075434736,328.1725257938614,4,point_incumbent,60.793833295904825,0.0,145.1223742061386,0.0,0.0,0.0,0.0,4140.528771203209,3979.2816887519434,0.0,0.0,101.83486654040962,5211.159128434051,5098.009276722485,0.0,226.40622554518495,0.0,226.40622554518495
2025-01-24,47,3898.5619,2025-01-24T07:50:00,2025-01-24T07:40:00,07:50:00,25,AV,1487.9674,07:50:00,25,AV,0.8594,07:50:00,25,AV,0.86,649.7603166666667,247.99456666666666,2410.5945,401.76575,2025-01-24T07:50:00,2025-01-24 00:00:00,2025-01-24 00:00:00,2025-01-24T07:50:00,2025-01-24T07:50:00,0.86,664.8855505451613,249.89290747408586,0.3350105660099896,4,point_incumbent,60.793833295904825,0.0,401.43073943398997,0.0,0.0,0.0,0.0,3979.2816887519434,3533.247533825288,0.0,0.0,414.65763250506546,5098.009276722485,4637.278573939079,0.0,0.28810908676859104,0.0,0.28810908676859104
2025-01-24,48,3724.3,2025-01-24T08:00:00,2025-01-24T07:50:00,08:00:00,25,AW,1806.9,08:00:00,25,AW,1.0798,08:00:00,25,AW,1.1617,620.7166666666667,301.15000000000003,1917.4,319.56666666666666,2025-01-24T08:00:00,2025-01-24 00:00:00,2025-01-24 00:00:00,2025-01-24T08:00:00,2025-01-24T08:00:00,1.1617,689.7817210241786,285.8492215535213,0.0,4,point_incumbent,60.793833295904825,0.0,319.56666666666666,0.0,0.0,0.0,0.0,3533.247533825288,3178.173459751214,0.0,0.0,403.9324994706573,4637.278573939079,4188.464685638349,0.0,0.0,0.0,0.0
2025-01-24,49,3779.7769,2025-01-24T08:10:00,2025-01-24T08:00:00,08:10:00,25,AX,2107.7502,08:10:00,25,AX,1.0715,08:10:00,25,AX,1.1683,629.9628166666666,351.2917,1672.0267,278.67111666666665,2025-01-24T08:10:00,2025-01-24 00:00:00,2025-01-24 00:00:00,2025-01-24T08:10:00,2025-01-24T08:10:00,1.1683,677.4614867966599,323.67652568579905,0.0,4,point_incumbent,-6.053815690735632,0.0,278.67111666666665,0.0,0.0,0.0,0.0,3178.173459751214,2868.53888567714,0.0,0.0,353.7849611108608,4188.464685638349,3795.370284404059,0.0,0.0,0.0,0.0
2025-01-24,50,3694.1788,2025-01-24T08:20:00,2025-01-24T08:10:00,08:20:00,25,AY,2315.4938,08:20:00,25,AY,0.9856,08:20:00,25,AY,1.0956,615.6964666666667,385.91563333333335,1378.685,229.7808333333333,2025-01-24T08:20:00,2025-01-24 00:00:00,2025-01-24 00:00:00,2025-01-24T08:20:00,2025-01-24T08:20:00,1.0956,657.7084476639583,363.1770350691645,0.0,4,point_incumbent,-6.053815690735632,0.0,229.7808333333333,0.0,0.0,0.0,0.0,2868.53888567714,2613.226848640103,0.0,0.0,294.5314125947938,3795.370284404059,3468.1131592987326,0.0,0.0,0.0,0.0
2025-01-24,51,3540.43,2025-01-24T08:30:00,2025-01-24T08:20:00,08:30:00,25,AZ,2497.3875,08:30:00,25,AZ,0.9666,08:30:00,25,AZ,1.0849,590.0716666666666,416.23125,1043.0425,173.8404166666666,2025-01-24T08:30:00,2025-01-24 00:00:00,2025-01-24 00:00:00,2025-01-24T08:30:00,2025-01-24T08:30:00,1.0849,647.8835132113484,404.1253063958288,0.0,4,point_incumbent,-6.053815690735632,0.0,173.8404166666666,0.0,0.0,0.0,0.0,2613.226848640103,2420.0708301215845,0.0,0.0,243.7582068155196,3468.1131592987326,3197.2707072814887,0.0,0.0,0.0,0.0
2025-01-24,52,3796.1381,2025-01-24T08:40:00,2025-01-24T08:30:00,08:40:00,25,BA,2806.4668,08:40:00,25,BA,1.0005,08:40:00,25,BA,1.061,632.6896833333334,467.7444666666667,989.6713,164.94521666666668,2025-01-24T08:40:00,2025-01-24 00:00:00,2025-01-24 00:00:00,2025-01-24T08:40:00,2025-01-24T08:40:00,1.061,646.9669819881185,446.2700925220049,0.0,4,point_incumbent,-6.053815690735632,0.0,164.94521666666668,0.0,0.0,0.0,0.0,2420.0708301215845,2236.7983671586217,0.0,0.0,200.6968894661136,3197.2707072814887,2974.2741634302515,0.0,0.0,0.0,0.0
2025-01-24,53,4154.1112,2025-01-24T08:50:00,2025-01-24T08:40:00,08:50:00,25,BB,3152.2764,08:50:00,25,BB,0.9837,08:50:00,25,BB,1.043,692.3518666666668,525.3794,1001.8348000000001,166.97246666666672,2025-01-24T08:50:00,2025-01-24 00:00:00,2025-01-24 00:00:00,2025-01-24T08:50:00,2025-01-24T08:50:00,1.043,701.2259335782875,489.33660361466434,0.0,4,point_incumbent,-6.053815690735632,0.0,166.97246666666672,0.0,0.0,0.0,0.0,2236.7983671586217,2051.2734041956587,0.0,0.0,211.88932996362314,2974.2741634302515,2738.8415745817815,0.0,0.0,0.0,0.0
2025-01-24,54,4346.33,2025-01-24T09:00:00,2025-01-24T08:50:00,09:00:00,25,BC,3434.7,09:00:00,25,BC,0.9332,09:00:00,25,BC,1.036,724.3883333333333,572.4499999999999,911.6300000000001,151.9383333333334,2025-01-24T09:00:00,2025-01-24 00:00:00,2025-01-24 00:00:00,2025-01-24T09:00:00,2025-01-24T09:00:00,1.036,776.853748054634,533.029148963917,0.0,4,point_incumbent,-6.053815690735632,0.0,151.9383333333334,0.0,0.0,0.0,0.0,2051.2734041956587,1882.4530338252882,0.0,0.0,243.82459909071702,2738.8415745817815,2467.925353369874,0.0,0.0,0.0,0.0
2025-01-24,55,4396.8721,2025-01-24T09:10:00,2025-01-24T09:00:00,09:10:00,25,BD,3642.6815,09:10:00,25,BD,0.9562,09:10:00,25,BD,1.0147,732.8120166666666,607.1135833333334,754.1905999999994,125.69843333333324,2025-01-24T09:10:00,2025-01-24 00:00:00,2025-01-24 00:00:00,2025-01-24T09:10:00,2025-01-24T09:10:00,1.0147,782.1381847239238,577.0341273918481,0.0,4,point_incumbent,20.520131908670006,0.0,125.69843333333324,0.0,0.0,0.0,0.0,1882.4530338252882,1742.7881078993623,0.0,0.0,205.10405733207574,2467.925353369874,2240.031956334234,0.0,0.0,0.0,0.0
2025-01-24,56,4516.8168,2025-01-24T09:20:00,2025-01-24T09:10:00,09:20:00,25,BE,3904.2178,09:20:00,25,BE,0.9596,09:20:00,25,BE,0.9922,752.8027999999999,650.7029666666666,612.5989999999997,102.09983333333332,2025-01-24T09:20:00,2025-01-24 00:00:00,2025-01-24 00:00:00,2025-01-24T09:20:00,2025-01-24T09:20:00,0.9922,760.9701568074257,621.0233283842194,0.0,4,point_incumbent,20.520131908670006,0.0,102.09983333333332,0.0,0.0,0.0,0.0,1742.7881078993623,1629.343848640103,0.0,0.0,139.94682842320628,2240.031956334234,2084.535480308449,0.0,0.0,0.0,0.0
2025-01-24,57,4657.18,2025-01-24T09:30:00,2025-01-24T09:20:00,09:30:00,25,BF,4247.8875,09:30:00,25,BF,0.9043,09:30:00,25,BF,0.97,776.1966666666667,707.9812499999999,409.2925000000005,68.21541666666678,2025-01-24T09:30:00,2025-01-24 00:00:00,2025-01-24 00:00:00,2025-01-24T09:30:00,2025-01-24T09:30:00,0.97,752.8552712966525,664.6575008185388,0.0,4,point_incumbent,20.520131908670006,0.0,68.21541666666678,0.0,0.0,0.0,0.0,1629.343848640103,1553.5489412326956,0.0,0.0,88.19777047811374,2084.535480308449,1986.5379575549896,0.0,0.0,0.0,0.0
2025-01-24,58,4563.795,2025-01-24T09:40:00,2025-01-24T09:30:00,09:40:00,25,BG,4582.7713,09:40:00,25,BG,0.8646,09:40:00,25,BG,0.9422,760.6325,763.7952166666668,-18.976300000000265,-3.162716666666711,2025-01-24T09:40:00,2025-01-24 00:00:00,2025-01-24 00:00:00,2025-01-24T09:40:00,2025-01-24T09:40:00,0.9422,757.1395482034186,707.5901415498239,0.0,4,point_incumbent,20.520131908670006,3.162716666666711,0.0,0.0,0.0,0.0,0.0,1553.5489412326956,1556.3953862326957,0.0,0.0,49.5494066535947,1986.5379575549896,1931.4830612732178,0.0,0.0,0.0,0.0
2025-01-24,59,4376.9656,2025-01-24T09:50:00,2025-01-24T09:40:00,09:50:00,25,BH,4877.0873,09:50:00,25,BH,0.9386,09:50:00,25,BH,0.9569,729.4942666666667,812.8478833333334,-500.1216999999997,-83.35361666666665,2025-01-24T09:50:00,2025-01-24 00:00:00,2025-01-24 00:00:00,2025-01-24T09:50:00,2025-01-24T09:50:00,0.9569,769.1318060521763,749.4714522229472,0.0,4,point_incumbent,20.520131908670006,83.35361666666665,0.0,0.0,0.0,0.0,0.0,1556.3953862326957,1631.4136412326957,0.0,0.0,19.660353829229166,1931.4830612732178,1909.6382236851855,0.0,0.0,0.0,0.0
2025-01-24,60,4306.72,2025-01-24T10:00:00,2025-01-24T09:50:00,10:00:00,25,BI,5177.25,10:00:00,25,BI,1.0746,10:00:00,25,BI,0.9977,717.7866666666667,862.875,-870.5299999999997,-145.08833333333325,2025-01-24T10:00:00,2025-01-24 00:00:00,2025-01-24 00:00:00,2025-01-24T10:00:00,2025-01-24T10:00:00,0.9977,769.9658471795794,789.9524095751049,0.0,4,point_incumbent,20.520131908670006,145.08833333333325,0.0,0.0,0.0,0.0,0.0,1631.4136412326957,1761.9931412326955,0.0,19.986562395525425,0.0,1909.6382236851855,1927.6261298411584,0.0,0.0,0.0,0.0
2025-01-24,61,4427.8864,2025-01-24T10:10:00,2025-01-24T10:00:00,10:10:00,25,BJ,5559.208,10:10:00,25,BJ,1.1073,10:10:00,25,BJ,0.9919,737.9810666666667,926.5346666666666,-1131.3215999999993,-188.55359999999985,2025-01-24T10:10:00,2025-01-24 00:00:00,2025-01-24 00:00:00,2025-01-24T10:10:00,2025-01-24T10:10:00,0.9919,744.3948672284923,828.6888922284039,0.0,4,point_incumbent,44.13737180227932,188.55359999999985,0.0,0.0,0.0,0.0,0.0,1761.9931412326955,1931.6913812326954,0.0,84.29402499991158,0.0,1927.6261298411584,2003.4907523410789,0.0,0.0,0.0,0.0
2025-01-24,62,4422.9429,2025-01-24T10:20:00,2025-01-24T10:10:00,10:20:00,25,BK,5962.6624,10:20:00,25,BK,1.0437,10:20:00,25,BK,0.9588,737.15715,993.7770666666667,-1539.7195000000002,-256.61991666666665,2025-01-24T10:20:00,2025-01-24 00:00:00,2025-01-24 00:00:00,2025-01-24T10:20:00,2025-01-24T10:20:00,0.9588,742.8189582583643,865.3458055916897,0.0,4,point_incumbent,44.13737180227932,256.61991666666665,0.0,0.0,0.0,0.0,0.0,1931.6913812326954,2162.6493062326954,0.0,122.52684733332535,0.0,2003.4907523410789,2113.7649149410718,0.0,0.0,0.0,0.0
2025-01-24,63,4320.47,2025-01-24T10:30:00,2025-01-24T10:20:00,10:30:00,25,BL,6142.2375,10:30:00,25,BL,1.0175,10:30:00,25,BL,0.9549,720.0783333333334,1023.7062500000001,-1821.7675,-303.6279166666667,2025-01-24T10:30:00,2025-01-24 00:00:00,2025-01-24 00:00:00,2025-01-24T10:30:00,2025-01-24T10:30:00,0.9549,758.9254531993212,899.6011460192377,0.0,4,point_incumbent,44.13737180227932,303.6279166666667,0.0,0.0,0.0,0.0,0.0,2162.6493062326954,2435.9144312326953,0.0,140.67569281991655,0.0,2113.7649149410718,2240.3730384789965,0.0,0.0,0.0,0.0
2025-01-24,64,4437.9774,2025-01-24T10:40:00,2025-01-24T10:30:00,10:40:00,25,BM,5924.5654,10:40:00,25,BM,1.106,10:40:00,25,BM,0.9839,739.6628999999999,987.4275666666667,-1486.5880000000006,-247.7646666666668,2025-01-24T10:40:00,2025-01-24 00:00:00,2025-01-24 00:00:00,2025-01-24T10:40:00,2025-01-24T10:40:00,0.9839,739.3078878975565,931.149945823296,0.0,4,point_incumbent,44.13737180227932,247.7646666666668,0.0,0.0,0.0,0.0,0.0,2435.9144312326953,2658.9026312326955,0.0,191.84205792573948,0.0,2240.3730384789965,2413.030890612162,0.0,0.0,0.0,0.0
2025-01-24,65,4489.0141,2025-01-24T10:50:00,2025-01-24T10:40:00,10:50:00,25,BN,5990.103,10:50:00,25,BN,0.8628,10:50:00,25,BN,0.799,748.1690166666667,998.3505,-1501.0888999999997,-250.1814833333333,2025-01-24T10:50:00,2025-01-24 00:00:00,2025-01-24 00:00:00,2025-01-24T10:50:00,2025-01-24T10:50:00,0.799,731.9432984072738,959.7080421044478,0.0,4,point_incumbent,44.13737180227932,250.1814833333333,0.0,0.0,0.0,0.0,0.0,2658.9026312326955,2884.0659662326952,0.0,227.76474369717403,0.0,2413.030890612162,2618.0191599396185,0.0,0.0,0.0,0.0
2025-01-24,66,4387.56,2025-01-24T11:00:00,2025-01-24T10:50:00,11:00:00,25,BO,6425.775,11:00:00,25,BO,0.42,11:00:00,25,BO,0.5025,731.2600000000001,1070.9624999999999,-2038.2149999999992,-339.70249999999976,2025-01-24T11:00:00,2025-01-24 00:00:00,2025-01-24 00:00:00,2025-01-24T11:00:00,2025-01-24T11:00:00,0.5025,735.0411675639707,985.0156146296958,9.979309370256594,4,point_incumbent,44.13737180227932,349.68180937025625,0.0,0.0,0.0,0.0,0.0,2884.0659662326952,3198.7795946659257,0.0,259.95375643598175,0.0,2618.0191599396185,2851.977540732002,0.0,5.014602958553938,0.0,5.014602958553938
2025-01-24,67,4322.5609,2025-01-24T11:10:00,2025-01-24T11:00:00,11:10:00,25,BP,6648.7357,11:10:00,25,BP,0.3833,11:10:00,25,BP,0.4662,720.4268166666667,1108.1226166666668,-2326.1748,-387.6958000000001,2025-01-24T11:10:00,2025-01-24 00:00:00,2025-01-24 00:00:00,2025-01-24T11:10:00,2025-01-24T11:10:00,0.4662,698.878181153828,1006.8404411198211,258.7135076851679,4,point_incumbent,42.88647603757751,646.4093076851681,0.0,0.0,0.0,0.0,0.0,3198.7795946659257,3780.547971582577,0.0,566.675767651161,0.0,2851.977540732002,3361.985731618047,0.0,120.61223728282526,0.0,120.61223728282526
2025-01-24,68,4169.8425,2025-01-24T11:20:00,2025-01-24T11:10:00,11:20:00,25,BQ,6636.9837,11:20:00,25,BQ,0.4276,11:20:00,25,BQ,0.5007,694.97375,1106.1639499999999,-2467.1412,-411.1901999999999,2025-01-24T11:20:00,2025-01-24 00:00:00,2025-01-24 00:00:00,2025-01-24T11:20:00,2025-01-24T11:20:00,0.5007,682.6655137777669,1024.9808222573174,16.890789892022205,4,point_incumbent,42.88647603757751,428.0809898920221,0.0,0.0,0.0,0.0,0.0,3780.547971582577,4165.820862485397,0.0,359.2060983715727,0.0,3361.985731618047,3685.2712201524623,0.0,8.457218498935518,0.0,8.457218498935518
2025-01-24,69,4000.8,2025-01-24T11:30:00,2025-01-24T11:20:00,11:30:00,25,BR,6639.675,11:30:00,25,BR,0.3576,11:30:00,25,BR,0.4827,666.8000000000001,1106.6125,-2638.875,-439.8124999999999,2025-01-24T11:30:00,2025-01-24 00:00:00,2025-01-24 00:00:00,2025-01-24T11:30:00,2025-01-24T11:30:00,0.4827,705.2310987428875,1039.2681334329402,88.19953623087191,4,point_incumbent,42.88647603757751,528.0120362308718,0.0,0.0,0.0,0.0,0.0,4165.820862485397,4641.031695093181,0.0,422.2365709209246,0.0,3685.2712201524623,4065.2841339812944,0.0,42.57391613864188,0.0,42.57391613864188
2025-01-24,70,4058.7394,2025-01-24T11:40:00,2025-01-24T11:30:00,11:40:00,25,BS,6864.9669,11:40:00,25,BS,0.3215,11:40:00,25,BS,0.4785,676.4565666666666,1144.1611500000001,-2806.2275000000004,-467.7045833333335,2025-01-24T11:40:00,2025-01-24 00:00:00,2025-01-24 00:00:00,2025-01-24T11:40:00,2025-01-24T11:40:00,0.4785,723.8338958817802,1049.568965639062,529.8356726485495,4,point_incumbent,42.88647603757751,833.3333333333334,0.0,0.0,164.2069226485496,164.2069226485496,0.0,4641.031695093181,5391.031695093181,0.0,833.3333333333334,0.0,4065.2841339812944,4815.284133981295,22.23740907249794,253.5263693623309,0.0,253.5263693623309
2025-01-24,71,4167.761,2025-01-24T11:50:00,2025-01-24T11:40:00,11:50:00,25,BT,6893.0015,11:50:00,25,BT,0.358,11:50:00,25,BT,0.4662,694.6268333333334,1148.8335833333333,-2725.2405,-454.20674999999994,2025-01-24T11:50:00,2025-01-24 00:00:00,2025-01-24 00:00:00,2025-01-24T11:50:00,2025-01-24T11:50:00,0.4662,723.9865517255754,1055.7868239066509,583.3821301089943,4,point_incumbent,42.88647603757751,833.3333333333334,0.0,0.0,204.25554677566072,204.25554677566072,0.0,5391.031695093181,6141.031695093181,0.0,833.3333333333334,0.0,4815.284133981295,5565.284133981295,81.84906895673635,271.97274905681314,0.0,271.97274905681314
2025-01-24,72,4139.86,2025-01-24T12:00:00,2025-01-24T11:50:00,12:00:00,25,BU,6696.675,12:00:00,25,BU,0.3961,12:00:00,25,BU,0.4432,689.9766666666666,1116.1125,-2556.8150000000005,-426.1358333333334,2025-01-24T12:00:00,2025-01-24 00:00:00,2025-01-24 00:00:00,2025-01-24T12:00:00,2025-01-24T12:00:00,0.4432,715.511545343531,1057.8633581750169,584.1038146392405,4,point_incumbent,42.88647603757751,833.3333333333334,0.0,0.0,176.90631463924046,176.90631463924046,0.0,6141.031695093181,6891.031695093181,0.0,833.3333333333334,0.0,5565.284133981295,6315.284133981295,93.12229413739294,258.87481064811135,0.0,258.87481064811135
2025-01-24,73,3989.7687,2025-01-24T12:10:00,2025-01-24T12:00:00,12:10:00,25,BV,6664.3785,12:10:00,25,BV,0.3467,12:10:00,25,BV,0.4411,664.96145,1110.72975,-2674.6097999999997,-445.76829999999995,2025-01-24T12:10:00,2025-01-24 00:00:00,2025-01-24 00:00:00,2025-01-24T12:10:00,2025-01-24T12:10:00,0.4411,712.5891134680415,1055.7791083763311,628.729817780548,4,point_incumbent,48.23194513331235,833.3333333333334,0.0,0.0,241.16478444721463,241.16478444721463,0.0,6891.031695093181,7641.031695093181,0.0,833.3333333333334,0.0,6315.284133981295,7065.284133981295,138.58647935550425,277.3327226229997,0.0,277.3327226229997
2025-01-24,74,4130.1387,2025-01-24T12:20:00,2025-01-24T12:10:00,12:20:00,25,BW,6651.7654,12:20:00,25,BW,0.349,12:20:00,25,BW,0.4551,688.3564500000001,1108.6275666666668,-2521.6267,-420.27111666666667,2025-01-24T12:20:00,2025-01-24 00:00:00,2025-01-24 00:00:00,2025-01-24T12:20:00,2025-01-24T12:20:00,0.4551,683.6617635201139,1049.5537527005245,621.0322436285758,4,point_incumbent,48.23194513331235,833.3333333333334,0.0,0.0,207.97002696190896,207.97002696190896,0.0,7641.031695093181,8391.031695093181,0.0,833.3333333333334,0.0,7065.284133981295,7815.284133981295,153.59089947565292,282.63177407536483,0.0,282.63177407536483
2025-01-24,75,4388.77,2025-01-24T12:30:00,2025-01-24T12:20:00,12:30:00,25,BX,6595.425,12:30:00,25,BX,0.391,12:30:00,25,BX,0.4463,731.4616666666667,1099.2375,-2206.6549999999997,-367.77583333333325,2025-01-24T12:30:00,2025-01-24 00:00:00,2025-01-24 00:00:00,2025-01-24T12:30:00,2025-01-24T12:30:00,0.4463,649.4446384572874,1039.245855365976,576.169621474195,4,point_incumbent,48.23194513331235,833.3333333333334,0.0,0.0,110.61212147419474,110.61212147419474,0.0,8391.031695093181,9141.031695093181,0.0,833.3333333333334,0.0,7815.284133981295,8565.284133981295,132.6375050495501,257.1445020639332,0.0,257.1445020639332
2025-01-24,76,4189.95,2025-01-24T12:40:00,2025-01-24T12:30:00,12:40:00,25,BY,6583.1818,12:40:00,25,BY,0.3529,12:40:00,25,BY,0.4113,698.3249999999999,1097.1969666666666,-2393.2318000000005,-398.8719666666667,2025-01-24T12:40:00,2025-01-24 00:00:00,2025-01-24 00:00:00,2025-01-24T12:40:00,2025-01-24T12:40:00,0.4113,665.9811058167933,1024.9521176398039,642.478786550252,4,point_incumbent,48.23194513331235,833.3333333333334,0.0,0.0,208.01741988358538,208.01741988358538,0.0,9141.031695093181,9891.031695093181,0.0,833.3333333333334,0.0,8565.284133981295,9315.284133981295,168.11646503992938,264.25152490811865,0.0,264.25152490811865
2025-01-24,77,4047.8194,2025-01-24T12:50:00,2025-01-24T12:40:00,12:50:00,25,BZ,6436.8995,12:50:00,25,BZ,0.5027,12:50:00,25,BZ,0.5682,674.6365666666667,1072.8165833333335,-2389.0801000000006,-398.1800166666668,2025-01-24T12:50:00,2025-01-24 00:00:00,2025-01-24 00:00:00,2025-01-24T12:50:00,2025-01-24T12:50:00,0.5682,678.2032693308511,1006.8061432101716,53.29357224096197,4,point_incumbent,48.23194513331235,451.4735889076288,0.0,0.0,0.0,0.0,0.0,9891.031695093181,10297.357925110047,0.0,381.89644612028246,0.0,9315.284133981295,9658.99093548955,0.0,30.281407747314596,0.0,30.281407747314596
2025-01-24,78,4091.83,2025-01-24T13:00:00,2025-01-24T12:50:00,13:00:00,25,CA,6132.6,13:00:00,25,CA,0.7718,13:00:00,25,CA,0.8279,681.9716666666667,1022.1,-2040.7700000000004,-340.12833333333333,2025-01-24T13:00:00,2025-01-24 00:00:00,2025-01-24 00:00:00,2025-01-24T13:00:00,2025-01-24T13:00:00,0.8279,673.7472425157843,984.9767361942671,0.0,4,point_incumbent,48.23194513331235,340.12833333333333,0.0,0.0,0.0,0.0,0.0,10297.357925110047,10603.473425110047,0.0,311.22949367848287,0.0,9658.99093548955,9939.097479800184,0.0,0.0,0.0,0.0
2025-01-24,79,3945.0531,2025-01-24T13:10:00,2025-01-24T13:00:00,13:10:00,25,CB,5848.8193,13:10:00,25,CB,0.7961,13:10:00,25,CB,0.8636,657.50885,974.8032166666667,-1903.7662,-317.29436666666663,2025-01-24T13:10:00,2025-01-24 00:00:00,2025-01-24 00:00:00,2025-01-24T13:10:00,2025-01-24T13:10:00,0.8636,689.1760421311737,959.6657569549751,0.0,4,point_incumbent,6.929206078742837,218.36286098883647,0.0,0.0,98.93150567783016,0.0,98.93150567783016,10603.473425110047,10800.0,0.0,270.48971482380136,0.0,9939.097479800184,10182.538223141606,0.0,0.0,0.0,0.0
2025-01-24,80,3850.5206,2025-01-24T13:20:00,2025-01-24T13:10:00,13:20:00,25,CC,5676.17,13:20:00,25,CC,0.7634,13:20:00,25,CC,0.8416,641.7534333333333,946.0283333333333,-1825.6494000000002,-304.2749,2025-01-24T13:20:00,2025-01-24 00:00:00,2025-01-24 00:00:00,2025-01-24T13:20:00,2025-01-24T13:20:00,0.8416,675.5293503622884,931.1055673870093,0.0,4,point_incumbent,6.929206078742837,0.0,0.0,0.0,304.2749,0.0,304.2749,10800.0,10800.0,0.0,255.5762170247209,0.0,10182.538223141606,10412.556818463854,0.0,0.0,0.0,0.0
2025-01-24,81,3914.19,2025-01-24T13:30:00,2025-01-24T13:20:00,13:30:00,25,CD,5550.9,13:30:00,25,CD,0.7966,13:30:00,25,CD,0.8618,652.365,925.15,-1636.7099999999996,-272.78499999999997,2025-01-24T13:30:00,2025-01-24 00:00:00,2025-01-24 00:00:00,2025-01-24T13:30:00,2025-01-24T13:30:00,0.8618,641.409071583746,899.5561033163472,0.0,4,point_incumbent,6.929206078742837,0.0,0.0,0.0,272.78499999999997,0.0,272.78499999999997,10800.0,10800.0,0.0,258.14703173260114,0.0,10412.556818463854,10644.889147023196,0.0,0.0,0.0,0.0
2025-01-24,82,3975.3644,2025-01-24T13:40:00,2025-01-24T13:30:00,13:40:00,25,CE,5339.5745,13:40:00,25,CE,0.8352,13:40:00,25,CE,0.8623,662.5607333333334,889.9290833333333,-1364.2100999999998,-227.36834999999996,2025-01-24T13:40:00,2025-01-24 00:00:00,2025-01-24 00:00:00,2025-01-24T13:40:00,2025-01-24T13:40:00,0.8623,648.696717383897,865.3016170404785,0.0,4,point_incumbent,6.929206078742837,0.0,0.0,0.0,227.36834999999996,0.0,227.36834999999996,10800.0,10800.0,0.0,172.3453921964493,0.0,10644.889147023196,10800.0,44.259507460132255,0.0,0.0,0.0
2025-01-24,83,4003.2024,2025-01-24T13:50:00,2025-01-24T13:40:00,13:50:00,25,CF,5142.2597,13:50:00,25,CF,0.9123,13:50:00,25,CF,0.9026,667.2004000000001,857.0432833333333,-1139.0572999999995,-189.84288333333325,2025-01-24T13:50:00,2025-01-24 00:00:00,2025-01-24 00:00:00,2025-01-24T13:50:00,2025-01-24T13:50:00,0.9026,655.8223251626777,828.6471377364952,0.0,4,point_incumbent,6.929206078742837,0.0,0.0,0.0,189.84288333333325,0.0,189.84288333333325,10800.0,10800.0,0.0,0.0,0.0,10800.0,10800.0,172.82481257381755,0.0,0.0,0.0
2025-01-24,84,3979.89,2025-01-24T14:00:00,2025-01-24T13:50:00,14:00:00,25,CG,4948.2375,14:00:00,25,CG,1.0157,14:00:00,25,CG,0.9754,663.3149999999999,824.7062500000001,-968.3475000000003,-161.39125000000013,2025-01-24T14:00:00,2025-01-24 00:00:00,2025-01-24 00:00:00,2025-01-24T14:00:00,2025-01-24T14:00:00,0.9754,647.5110176419613,789.9147014058613,0.0,4,point_incumbent,6.929206078742837,0.0,0.0,0.0,161.39125000000013,0.0,161.39125000000013,10800.0,10800.0,0.0,0.0,0.0,10800.0,10800.0,142.40368376389995,0.0,0.0,0.0
2025-01-24,85,3895.5604,2025-01-24T14:10:00,2025-01-24T14:00:00,14:10:00,25,CH,4642.4082,14:10:00,25,CH,1.0766,14:10:00,25,CH,1.0002,649.2600666666666,773.7347,-746.8478,-124.47463333333337,2025-01-24T14:10:00,2025-01-24 00:00:00,2025-01-24 00:00:00,2025-01-24T14:10:00,2025-01-24T14:10:00,1.0002,649.4859317056754,749.4394051479156,0.0,4,point_incumbent,-17.26122081652088,0.0,0.0,0.0,124.47463333333337,0.0,124.47463333333337,10800.0,10800.0,0.0,0.0,0.0,10800.0,10800.0,99.95347344224024,0.0,0.0,0.0
2025-01-24,86,3855.53,2025-01-24T14:20:00,2025-01-24T14:10:00,14:20:00,25,CI,4367.0315,14:20:00,25,CI,1.0873,14:20:00,25,CI,0.9978,642.5883333333334,727.8385833333333,-511.50149999999985,-85.25024999999994,2025-01-24T14:20:00,2025-01-24 00:00:00,2025-01-24 00:00:00,2025-01-24T14:20:00,2025-01-24T14:20:00,0.9978,641.4109835363378,707.5653428113,0.0,4,point_incumbent,-17.26122081652088,0.0,0.0,0.0,85.25024999999994,0.0,85.25024999999994,10800.0,10800.0,0.0,0.0,0.0,10800.0,10800.0,66.15435927496219,0.0,0.0,0.0
2025-01-24,87,3823.29,2025-01-24T14:30:00,2025-01-24T14:20:00,14:30:00,25,CJ,4160.7375,14:30:00,25,CJ,1.1133,14:30:00,25,CJ,1.0271,637.215,693.4562500000001,-337.4475000000002,-56.241250000000036,2025-01-24T14:30:00,2025-01-24 00:00:00,2025-01-24 00:00:00,2025-01-24T14:30:00,2025-01-24T14:30:00,1.0271,638.2804175794457,664.6414804303785,0.0,4,point_incumbent,-17.26122081652088,0.0,0.0,0.0,56.241250000000036,0.0,56.241250000000036,10800.0,10800.0,0.0,0.0,0.0,10800.0,10800.0,26.36106285093274,0.0,0.0,0.0
2025-01-24,88,3693.1359,2025-01-24T14:40:00,2025-01-24T14:30:00,14:40:00,25,CK,3937.5997,14:40:00,25,CK,1.1806,14:40:00,25,CK,1.0906,615.52265,656.2666166666667,-244.4638,-40.743966666666665,2025-01-24T14:40:00,2025-01-24 00:00:00,2025-01-24 00:00:00,2025-01-24T14:40:00,2025-01-24T14:40:00,1.0906,674.1017763391947,621.0175302940189,0.0,4,point_incumbent,-17.26122081652088,0.0,0.0,0.0,40.743966666666665,0.0,40.743966666666665,10800.0,10800.0,0.0,0.0,53.084246045175746,10800.0,10741.017504394249,0.0,0.0,0.0,0.0
2025-01-24,89,3743.1837,2025-01-24T14:50:00,2025-01-24T14:40:00,14:50:00,25,CL,3784.119,14:50:00,25,CL,0.954,14:50:00,25,CL,0.9376,623.86395,630.6865,-40.9353000000001,-6.822549999999978,2025-01-24T14:50:00,2025-01-24 00:00:00,2025-01-24 00:00:00,2025-01-24T14:50:00,2025-01-24T14:50:00,0.9376,674.0260544486445,577.0398820135098,0.0,4,point_incumbent,-17.26122081652088,0.0,0.0,0.0,6.822549999999978,0.0,6.822549999999978,10800.0,10800.0,0.0,0.0,96.98617243513468,10741.017504394249,10633.255090577433,0.0,0.0,0.0,0.0
2025-01-24,90,3828.88,2025-01-24T15:00:00,2025-01-24T14:50:00,15:00:00,25,CM,3633.3,15:00:00,25,CM,0.5816,15:00:00,25,CM,0.6694,638.1466666666666,605.5500000000001,195.57999999999993,32.59666666666658,2025-01-24T15:00:00,2025-01-24 00:00:00,2025-01-24 00:00:00,2025-01-24T15:00:00,2025-01-24T15:00:00,0.6694,644.7174223417516,533.0476475667322,177.44161241973555,4,point_incumbent,-17.26122081652088,0.0,0.0,0.0,144.84494575306894,144.84494575306894,0.0,10800.0,10800.0,0.0,65.77183764471613,0.0,10633.255090577433,10692.449744457677,0.0,118.77941535377097,0.0,118.77941535377097
2025-01-24,91,3546.159,2025-01-24T15:10:00,2025-01-24T15:00:00,15:10:00,25,CN,3307.742,15:10:00,25,CN,0.582,15:10:00,25,CN,0.66,591.0265,551.2903333333334,238.41699999999992,39.73616666666669,2025-01-24T15:10:00,2025-01-24 00:00:00,2025-01-24 00:00:00,2025-01-24T15:10:00,2025-01-24T15:10:00,0.66,663.1501081502316,489.3688750237281,197.21724275033523,4,point_incumbent,-22.489300092898546,0.0,0.0,0.0,157.48107608366854,157.48107608366854,0.0,10800.0,10800.0,0.0,23.436009623831637,0.0,10692.449744457677,10713.542153119126,0.0,130.16338021522125,0.0,130.16338021522125
2025-01-24,92,3500.5605,2025-01-24T15:20:00,2025-01-24T15:10:00,15:20:00,25,CO,2975.0701,15:20:00,25,CO,0.6723,15:20:00,25,CO,0.7217,583.42675,495.84501666666665,525.4904000000001,87.58173333333332,2025-01-24T15:20:00,2025-01-24 00:00:00,2025-01-24 00:00:00,2025-01-24T15:20:00,2025-01-24T15:20:00,0.7217,655.0041909393316,446.31698254559484,154.4496589407169,4,point_incumbent,-22.489300092898546,0.0,0.0,0.0,66.86792560738354,66.86792560738354,0.0,10800.0,10800.0,0.0,0.0,54.237549453019824,10713.542153119126,10653.278209282436,0.0,111.46631885751538,0.0,111.46631885751538
2025-01-24,93,3774.15,2025-01-24T15:30:00,2025-01-24T15:20:00,15:30:00,25,CP,2726.8875,15:30:00,25,CP,0.676,15:30:00,25,CP,0.7308,629.025,454.48125,1047.2625000000003,174.54375,2025-01-24T15:30:00,2025-01-24 00:00:00,2025-01-24 00:00:00,2025-01-24T15:30:00,2025-01-24T15:30:00,0.7308,608.3910579186313,404.18746034895673,180.60919597932931,4,point_incumbent,-22.489300092898546,0.0,0.0,0.0,6.065445979329297,6.065445979329297,0.0,10800.0,10800.0,0.0,0.0,23.594401590345228,10653.278209282436,10627.062207515386,0.0,131.98920042169385,0.0,131.98920042169385
2025-01-24,94,3819.2749,2025-01-24T15:40:00,2025-01-24T15:30:00,15:40:00,25,CQ,2484.1469,15:40:00,25,CQ,0.6958,15:40:00,25,CQ,0.7534,636.5458166666666,414.02448333333336,1335.1279999999997,222.52133333333325,2025-01-24T15:40:00,2025-01-24 00:00:00,2025-01-24 00:00:00,2025-01-24T15:40:00,2025-01-24T15:40:00,0.7534,592.7588761990371,363.2548837096806,211.3241678829287,4,point_incumbent,-22.489300092898546,0.0,11.197165450404555,0.0,0.0,0.0,0.0,10800.0,10787.558705055106,0.0,0.0,18.179824606427815,10627.062207515386,10606.862402397133,0.0,159.21162808299846,0.0,159.21162808299846
2025-01-24,95,3695.0751,2025-01-24T15:50:00,2025-01-24T15:40:00,15:50:00,25,CR,2150.4263,15:50:00,25,CR,0.7034,15:50:00,25,CR,0.7823,615.84585,358.4043833333333,1544.6488,257.4414666666667,2025-01-24T15:50:00,2025-01-24 00:00:00,2025-01-24 00:00:00,2025-01-24T15:50:00,2025-01-24T15:50:00,0.7823,597.423836391282,323.7702748210831,279.495431286737,4,point_incumbent,-22.489300092898546,13.823661049882503,0.0,0.0,8.230303570187857,8.230303570187857,0.0,10787.558705055106,10800.0,0.0,5.841869716538099,0.0,10606.862402397133,10612.120085142018,0.0,218.64927589561438,0.0,218.64927589561438
2025-01-24,96,3604.61,2025-01-24T16:00:00,2025-01-24T15:50:00,16:00:00,25,CS,1794.9,16:00:00,25,CS,0.7057,16:00:00,25,CS,0.8055,600.7683333333333,299.15000000000003,1809.71,301.6183333333333,2025-01-24T16:00:00,2025-01-24 00:00:00,2025-01-24 00:00:00,2025-01-24T16:00:00,2025-01-24T16:00:00,0.8055,598.335379966698,285.95884551291186,336.73559273265994,4,point_incumbent,-22.489300092898546,0.0,0.0,0.0,35.1172593993266,35.1172593993266,0.0,10800.0,10800.0,0.0,24.359058278873704,0.0,10612.120085142018,10634.043237593005,0.0,271.2405199461576,0.0,271.2405199461576
2025-01-24,97,3640.2181,2025-01-24T16:10:00,2025-01-24T16:00:00,16:10:00,25,CT,1575.5901,16:10:00,25,CT,0.7555,16:10:00,25,CT,0.8271,606.7030166666667,262.59835,2064.628,344.10466666666673,2025-01-24T16:10:00,2025-01-24 00:00:00,2025-01-24 00:00:00,2025-01-24T16:10:00,2025-01-24T16:10:00,0.8271,587.1676945370535,250.01814657590785,339.1041994908516,4,point_incumbent,56.08894109138805,0.0,5.000467175815061,0.0,0.0,0.0,0.0,10800.0,10794.443925360205,0.0,1.954651529705984,0.0,10634.043237593005,10635.80242396974,0.0,280.4730833988834,0.0,280.4730833988834
2025-01-24,98,3536.7839,2025-01-24T16:20:00,2025-01-24T16:10:00,16:20:00,25,CU,1341.1802,16:20:00,25,CU,0.8064,16:20:00,25,CU,0.8519,589.4639833333333,223.53003333333334,2195.6036999999997,365.93395,2025-01-24T16:20:00,2025-01-24 00:00:00,2025-01-24 00:00:00,2025-01-24T16:20:00,2025-01-24T16:20:00,0.8519,586.4182819350293,216.1166428277655,411.88429689798113,4,point_incumbent,56.08894109138805,6.173416266438936,0.0,0.0,39.776930631542214,39.776930631542214,0.0,10794.443925360205,10800.0,0.0,41.58265779071735,0.0,10635.80242396974,10673.226815981387,0.0,350.8842325273901,0.0,350.8842325273901
2025-01-24,99,3394.05,2025-01-24T16:30:00,2025-01-24T16:20:00,16:30:00,25,CV,1038.675,16:30:00,25,CV,0.8366,16:30:00,25,CV,0.8791,565.6750000000001,173.11249999999998,2355.375,392.5625000000001,2025-01-24T16:30:00,2025-01-24 00:00:00,2025-01-24 00:00:00,2025-01-24T16:30:00,2025-01-24T16:30:00,0.8791,604.5699366520646,184.39272621010832,483.3854328752031,4,point_incumbent,56.08894109138805,0.0,0.0,0.0,90.82293287520304,90.82293287520304,0.0,10800.0,10800.0,0.0,63.208222433246874,0.0,10673.226815981387,10730.114216171309,0.0,424.94413404059105,0.0,424.94413404059105
2025-01-24,100,3499.1378,2025-01-24T16:40:00,2025-01-24T16:30:00,16:40:00,25,CW,761.8907,16:40:00,25,CW,0.8531,16:40:00,25,CW,0.9024,583.1896333333333,126.98178333333334,2737.2471,456.20784999999995,2025-01-24T16:40:00,2025-01-24 00:00:00,2025-01-24 00:00:00,2025-01-24T16:40:00,2025-01-24T16:40:00,0.9024,616.0291775248547,154.95417223631145,554.5566216842557,4,point_incumbent,56.08894109138805,0.0,0.0,0.0,98.34877168425567,98.34877168425567,0.0,10800.0,10800.0,0.0,77.65087092076809,0.0,10730.114216171309,10800.0,15.830745474944337,500.43189540787233,0.0,500.43189540787233
2025-01-24,101,3127.3168,2025-01-24T16:50:00,2025-01-24T16:40:00,16:50:00,25,CX,484.9956,16:50:00,25,CX,0.7807,16:50:00,25,CX,0.9163,521.2194666666667,80.8326,2642.3212,440.38686666666666,2025-01-24T16:50:00,2025-01-24 00:00:00,2025-01-24 00:00:00,2025-01-24T16:50:00,2025-01-24T16:50:00,0.9163,551.2211246029781,127.87803813180805,508.6786751483221,4,point_incumbent,56.08894109138805,0.0,0.0,0.0,68.29180848165538,68.29180848165538,0.0,10800.0,10800.0,0.0,0.0,0.0,10800.0,10800.0,85.33558867715203,466.10227003840754,0.0,466.10227003840754
2025-01-24,102,2542.59,2025-01-24T17:00:00,2025-01-24T16:50:00,17:00:00,25,CY,221.2125,17:00:00,25,CY,0.6863,17:00:00,25,CY,0.9264,423.76500000000004,36.86875,2321.3775,386.89625000000007,2025-01-24T17:00:00,2025-01-24 00:00:00,2025-01-24 00:00:00,2025-01-24T17:00:00,2025-01-24T17:00:00,0.9264,461.40152439835657,103.21099413650364,431.4754712781109,4,point_incumbent,56.08894109138805,0.0,0.0,0.0,44.57922127811082,44.57922127811082,0.0,10800.0,10800.0,0.0,0.0,0.0,10800.0,10800.0,73.28494101625796,399.7188765920419,0.0,399.7188765920419
2025-01-24,103,2767.0596,2025-01-24T17:10:00,2025-01-24T17:00:00,17:10:00,25,CZ,44.5401,17:10:00,25,CZ,0.7272,17:10:00,25,CZ,0.9462,461.1766,7.42335,2722.5195,453.75325,2025-01-24T17:10:00,2025-01-24 00:00:00,2025-01-24 00:00:00,2025-01-24T17:10:00,2025-01-24T17:10:00,0.9462,471.75808413586856,80.97007278536296,425.3198735707464,4,point_incumbent,42.647921022526,0.0,28.4333764292536,0.0,0.0,0.0,0.0,10800.0,10768.407359523051,0.0,0.0,0.0,10800.0,10800.0,34.53186222024078,402.43766437264026,0.0,402.43766437264026
2025-01-24,104,2916.6364,2025-01-24T17:20:00,2025-01-24T17:10:00,17:20:00,25,DA,0.0,17:20:00,25,DA,0.7771,17:20:00,25,DA,0.9742,486.10606666666666,0.0,2916.6364,486.10606666666666,2025-01-24T17:20:00,2025-01-24 00:00:00,2025-01-24 00:00:00,2025-01-24T17:20:00,2025-01-24T17:20:00,0.9742,482.3625346599746,61.143814656142666,458.5592633853676,4,point_incumbent,42.647921022526,0.0,27.54680328129905,0.0,0.0,0.0,0.0,10768.407359523051,10737.799800321607,0.0,0.0,0.0,10800.0,10800.0,37.34054338153567,446.7284343900251,0.0,446.7284343900251
2025-01-24,105,2712.48,2025-01-24T17:30:00,2025-01-24T17:20:00,17:30:00,25,DB,0.0,17:30:00,25,DB,0.7591,17:30:00,25,DB,0.9862,452.08,0.0,2712.48,452.08,2025-01-24T17:30:00,2025-01-24 00:00:00,2025-01-24 00:00:00,2025-01-24T17:30:00,2025-01-24T17:30:00,0.9862,460.89807724972405,43.69378317442467,462.0092272999649,4,point_incumbent,42.647921022526,9.929227299964907,0.0,0.0,0.0,0.0,0.0,10737.799800321607,10746.736104891575,0.0,0.0,0.0,10800.0,10800.0,44.80493322466549,455.63349996322535,0.0,455.63349996322535
2025-01-24,106,2738.4986,2025-01-24T17:40:00,2025-01-24T17:30:00,17:40:00,25,DC,2.6096,17:40:00,25,DC,0.7446,17:40:00,25,DC,0.976,456.4164333333333,0.43493333333333334,2735.889,455.9815,2025-01-24T17:40:00,2025-01-24 00:00:00,2025-01-24 00:00:00,2025-01-24T17:40:00,2025-01-24T17:40:00,0.976,471.7230143446838,28.556415689760957,505.007904354006,4,point_incumbent,42.647921022526,49.02640435400599,0.0,0.0,0.0,0.0,0.0,10746.736104891575,10790.859868810181,0.0,0.0,0.0,10800.0,10800.0,61.84130569908308,492.8877146495098,0.0,492.8877146495098
2025-01-24,107,2673.5839,2025-01-24T17:50:00,2025-01-24T17:40:00,17:50:00,25,DD,0.0,17:50:00,25,DD,0.8958,17:50:00,25,DD,1.0742,445.5973166666667,0.0,2673.5839,445.5973166666667,2025-01-24T17:50:00,2025-01-24 00:00:00,2025-01-24 00:00:00,2025-01-24T17:50:00,2025-01-24T17:50:00,1.0742,467.7592037173272,15.645173267583028,447.4937512328871,4,point_incumbent,42.647921022526,1.896434566220421,0.0,0.0,0.0,0.0,0.0,10790.859868810181,10792.56665991978,0.0,0.0,4.620279216857057,10800.0,10794.866356425715,0.0,480.69778757436734,0.0,480.69778757436734
2025-01-24,108,2549.2,2025-01-24T18:00:00,2025-01-24T17:50:00,18:00:00,25,DE,0.0,18:00:00,25,DE,1.1097,18:00:00,25,DE,1.2313,424.8666666666666,0.0,2549.2,424.8666666666666,2025-01-24T18:00:00,2025-01-24 00:00:00,2025-01-24 00:00:00,2025-01-24T18:00:00,2025-01-24T18:00:00,1.2313,445.697328844647,4.852947553649886,26.21904029294698,4,point_incumbent,42.647921022526,0.0,398.6476263737196,0.0,0.0,0.0,0.0,10792.56665991978,10349.62485283787,0.0,0.0,414.62534099805015,10794.866356425715,10334.171533094548,0.0,32.28350431270562,0.0,32.28350431270562
2025-01-24,109,2763.8894,2025-01-24T18:10:00,2025-01-24T18:00:00,18:10:00,25,DF,0.1874,18:10:00,25,DF,1.1122,18:10:00,25,DF,1.2561,460.64823333333334,0.031233333333333335,2763.702,460.617,2025-01-24T18:10:00,2025-01-24 00:00:00,2025-01-24 00:00:00,2025-01-24T18:10:00,2025-01-24T18:10:00,1.2561,453.76772525159544,0.0,12.647037747782065,4,point_incumbent,54.403606508753136,0.0,447.96996225221795,0.0,0.0,0.0,0.0,10349.62485283787,9851.880450335404,0.0,0.0,441.1206875038134,10334.171533094548,9844.03743586809,0.0,15.885944114989051,0.0,15.885944114989051
2025-01-24,110,2848.8452,2025-01-24T18:20:00,2025-01-24T18:10:00,18:20:00,25,DG,0.0,18:20:00,25,DG,1.0816,18:20:00,25,DG,1.2447,474.80753333333337,0.0,2848.8452,474.80753333333337,2025-01-24T18:20:00,2025-01-24 00:00:00,2025-01-24 00:00:00,2025-01-24T18:20:00,2025-01-24T18:20:00,1.2447,456.28765683773713,0.0,3.7138241856578333,4,point_incumbent,54.403606508753136,0.0,471.09370914767555,0.0,0.0,0.0,0.0,9851.880450335404,9328.442995726875,0.0,0.0,452.5738326520793,9844.03743586809,9341.177621810224,0.0,4.622596963888305,0.0,4.622596963888305
2025-01-24,111,2744.34,2025-01-24T18:30:00,2025-01-24T18:20:00,18:30:00,25,DH,0.0,18:30:00,25,DH,1.1017,18:30:00,25,DH,1.2545,457.39000000000004,0.0,2744.34,457.39000000000004,2025-01-24T18:30:00,2025-01-24 00:00:00,2025-01-24 00:00:00,2025-01-24T18:30:00,2025-01-24T18:30:00,1.2545,440.14814093367954,0.0,15.143957090609787,4,point_incumbent,54.403606508753136,0.0,442.24604290939027,0.0,0.0,0.0,0.0,9328.442995726875,8837.05850360533,0.0,0.0,425.00418384306977,9341.177621810224,8868.95075087348,0.0,18.998094170169978,0.0,18.998094170169978
2025-01-24,112,2845.1956,2025-01-24T18:40:00,2025-01-24T18:30:00,18:40:00,25,DI,0.0135,18:40:00,25,DI,1.0982,18:40:00,25,DI,1.2522,474.1992666666667,0.00225,2845.1821,474.1970166666667,2025-01-24T18:40:00,2025-01-24 00:00:00,2025-01-24 00:00:00,2025-01-24T18:40:00,2025-01-24T18:40:00,1.2522,433.5452880749628,0.0,16.249647895982964,4,point_incumbent,54.403606508753136,0.0,457.94736877068374,0.0,0.0,0.0,0.0,8837.05850360533,8328.228093860127,0.0,0.0,417.29564017897985,8868.95075087348,8405.288928452392,0.0,20.347809095349866,0.0,20.347809095349866
2025-01-24,113,2854.3145,2025-01-24T18:50:00,2025-01-24T18:40:00,18:50:00,25,DJ,0.0,18:50:00,25,DJ,1.1949,18:50:00,25,DJ,1.2881,475.71908333333334,0.0,2854.3145,475.71908333333334,2025-01-24T18:50:00,2025-01-24 00:00:00,2025-01-24 00:00:00,2025-01-24T18:50:00,2025-01-24T18:50:00,1.2881,451.1730479040455,0.0,0.0019361756533693576,4,point_incumbent,54.403606508753136,0.0,475.71714715767996,0.0,0.0,0.0,0.0,8328.228093860127,7799.653485907149,0.0,0.0,451.17111172839213,8405.288928452392,7903.987693198623,0.0,0.0024939878591050697,0.0,0.0024939878591050697
2025-01-24,114,2738.85,2025-01-24T19:00:00,2025-01-24T18:50:00,19:00:00,25,DK,0.0,19:00:00,25,DK,1.3404,19:00:00,25,DK,1.3466,456.47499999999997,0.0,2738.85,456.47499999999997,2025-01-24T19:00:00,2025-01-24 00:00:00,2025-01-24 00:00:00,2025-01-24T19:00:00,2025-01-24T19:00:00,1.3466,474.1585756433203,0.0,0.0005556213551956122,4,point_incumbent,54.403606508753136,0.0,456.47444437864476,0.0,0.0,0.0,0.0,7799.653485907149,7292.4596588197655,0.0,0.0,474.1580200219651,7903.987693198623,7377.145448729772,0.0,0.0007481997169064115,0.0,0.0007481997169064115
2025-01-24,115,2773.9649,2025-01-24T19:10:00,2025-01-24T19:00:00,19:10:00,25,DL,0.0,19:10:00,25,DL,1.3362,19:10:00,25,DL,1.3523,462.3274833333333,0.0,2773.9649,462.3274833333333,2025-01-24T19:10:00,2025-01-24 00:00:00,2025-01-24 00:00:00,2025-01-24T19:10:00,2025-01-24T19:10:00,1.3523,470.9182021935095,0.0,0.0004616979752653267,4,point_incumbent,53.75457832682348,0.0,462.32702163535805,0.0,0.0,0.0,0.0,7292.4596588197655,6778.762968113812,0.0,0.0,470.91774049553425,7377.145448729772,6853.903514845845,0.0,0.0006243541719513013,0.0,0.0006243541719513013
2025-01-24,116,2707.4422,2025-01-24T19:20:00,2025-01-24T19:10:00,19:20:00,25,DM,0.0,19:20:00,25,DM,1.2988,19:20:00,25,DM,1.3445,451.24036666666666,0.0,2707.4422,451.24036666666666,2025-01-24T19:20:00,2025-01-24 00:00:00,2025-01-24 00:00:00,2025-01-24T19:20:00,2025-01-24T19:20:00,1.3445,475.58493276821724,0.0,0.0005902247056962469,4,point_incumbent,53.75457832682348,0.0,451.23977644196094,0.0,0.0,0.0,0.0,6778.762968113812,6277.385438733856,0.0,0.0,475.5843425435115,6853.903514845845,6325.476467575277,0.0,0.0007935571168086039,0.0,0.0007935571168086039
2025-01-24,117,2544.01,2025-01-24T19:30:00,2025-01-24T19:20:00,19:30:00,25,DN,0.0,19:30:00,25,DN,1.3188,19:30:00,25,DN,1.3483,424.0016666666667,0.0,2544.01,424.0016666666667,2025-01-24T19:30:00,2025-01-24 00:00:00,2025-01-24 00:00:00,2025-01-24T19:30:00,2025-01-24T19:30:00,1.3483,487.7336137602333,0.0,0.0005276091190760532,4,point_incumbent,53.75457832682348,0.0,424.0011390575476,0.0,0.0,0.0,0.0,6277.385438733856,5806.273062003248,0.0,0.0,487.7330861511142,6325.476467575277,5783.550816296261,0.0,0.0007113753752502426,0.0,0.0007113753752502426
2025-01-24,118,2573.4613,2025-01-24T19:40:00,2025-01-24T19:30:00,19:40:00,25,DO,0.0,19:40:00,25,DO,1.3658,19:40:00,25,DO,1.349,428.91021666666666,0.0,2573.4613,428.91021666666666,2025-01-24T19:40:00,2025-01-24 00:00:00,2025-01-24 00:00:00,2025-01-24T19:40:00,2025-01-24T19:40:00,1.349,473.47530757280055,0.0,0.0005160746689091782,4,point_incumbent,53.75457832682348,0.0,428.90970059199776,0.0,0.0,0.0,0.0,5806.273062003248,5329.706728012139,0.0,0.0,473.47479149813165,5783.550816296261,5257.46771463167,0.0,0.0006961847283584814,0.0,0.0006961847283584814
2025-01-24,119,2658.8762,2025-01-24T19:50:00,2025-01-24T19:40:00,19:50:00,25,DP,0.0,19:50:00,25,DP,1.3557,19:50:00,25,DP,1.3473,443.1460333333334,0.0,2658.8762,443.1460333333334,2025-01-24T19:50:00,2025-01-24 00:00:00,2025-01-24 00:00:00,2025-01-24T19:50:00,2025-01-24T19:50:00,1.3473,467.97783971570163,0.0,0.0005440869050287372,4,point_incumbent,53.75457832682348,0.0,443.1454892464283,0.0,0.0,0.0,0.0,5329.706728012139,4837.3228510716635,0.0,0.0,467.9772956287966,5257.46771463167,4737.492941710785,0.0,0.0007330482871452176,0.0,0.0007330482871452176
2025-01-24,120,2727.71,2025-01-24T20:00:00,2025-01-24T19:50:00,20:00:00,25,DQ,0.0,20:00:00,25,DQ,1.3097,20:00:00,25,DQ,1.3482,454.61833333333334,0.0,2727.71,454.61833333333334,2025-01-24T20:00:00,2025-01-24 00:00:00,2025-01-24 00:00:00,2025-01-24T20:00:00,2025-01-24T20:00:00,1.3482,470.9225432968216,0.0,0.0005292568976713198,4,point_incumbent,53.75457832682348,0.0,454.6178040764357,0.0,0.0,0.0,0.0,4837.3228510716635,4332.191957653402,0.0,0.0,470.9220140399239,4737.492941710785,4214.246259444203,0.0,0.0007135441494404734,0.0,0.0007135441494404734
2025-01-24,121,2838.0265,2025-01-24T20:10:00,2025-01-24T20:00:00,20:10:00,25,DR,0.0,20:10:00,25,DR,1.3226,20:10:00,25,DR,1.3513,473.00441666666666,0.0,2838.0265,473.00441666666666,2025-01-24T20:10:00,2025-01-24 00:00:00,2025-01-24 00:00:00,2025-01-24T20:10:00,2025-01-24T20:10:00,1.3513,446.71120336041076,0.0,0.00047817576121801083,4,point_incumbent,75.01912638071926,0.0,473.00393849090545,0.0,0.0,0.0,0.0,4332.191957653402,3806.63202599684,0.0,0.0,446.71072518464956,4214.246259444203,3717.901009239037,0.0,0.000646158906133898,0.0,0.000646158906133898
2025-01-24,122,2872.5661,2025-01-24T20:20:00,2025-01-24T20:10:00,20:20:00,25,DS,0.0,20:20:00,25,DS,1.32,20:20:00,25,DS,1.34,478.76101666666665,0.0,2872.5661,478.76101666666665,2025-01-24T20:20:00,2025-01-24 00:00:00,2025-01-24 00:00:00,2025-01-24T20:20:00,2025-01-24T20:20:00,1.34,430.56150781887493,0.0,0.0006643747424833109,4,point_incumbent,75.01912638071926,0.0,478.76035229192416,0.0,0.0,0.0,0.0,3806.63202599684,3274.6760790058133,0.0,0.0,430.56084344413244,3717.901009239037,3239.5000720788903,0.0,0.0008902621549276366,0.0,0.0008902621549276366
2025-01-24,123,2753.91,2025-01-24T20:30:00,2025-01-24T20:20:00,20:30:00,25,DT,0.0,20:30:00,25,DT,1.3301,20:30:00,25,DT,1.3489,458.98499999999996,0.0,2753.91,458.98499999999996,2025-01-24T20:30:00,2025-01-24 00:00:00,2025-01-24 00:00:00,2025-01-24T20:30:00,2025-01-24T20:30:00,1.3489,445.86584890997443,0.0,0.0005177224475044447,4,point_incumbent,75.01912638071926,0.0,458.98448227755244,0.0,0.0,0.0,0.0,3274.6760790058133,2764.693320919644,0.0,0.0,445.8653311875269,3239.5000720788903,2744.0941485371936,0.0,0.0006983558094387454,0.0,0.0006983558094387454
2025-01-24,124,2572.7107,2025-01-24T20:40:00,2025-01-24T20:30:00,20:40:00,25,DU,0.0,20:40:00,25,DU,1.4135,20:40:00,25,DU,1.3952,428.7851166666667,0.0,2572.7107,428.7851166666667,2025-01-24T20:40:00,2025-01-24 00:00:00,2025-01-24 00:00:00,2025-01-24T20:40:00,2025-01-24T20:40:00,1.3952,477.2515546434282,0.0,0.0,4,point_incumbent,75.01912638071926,0.0,428.7851166666667,0.0,0.0,0.0,0.0,2764.693320919644,2288.2654135122366,0.0,0.0,477.2515546434282,2744.0941485371936,2213.814643377829,0.0,0.0,0.0,0.0
2025-01-24,125,2720.2863,2025-01-24T20:50:00,2025-01-24T20:40:00,20:50:00,25,DV,0.0,20:50:00,25,DV,1.2049,20:50:00,25,DV,1.2226,453.38105,0.0,2720.2863,453.38105,2025-01-24T20:50:00,2025-01-24 00:00:00,2025-01-24 00:00:00,2025-01-24T20:50:00,2025-01-24T20:50:00,1.2226,477.76981864635195,0.0,94.75776950804807,4,point_incumbent,75.01912638071926,0.0,358.62328049195196,0.0,0.0,0.0,0.0,2288.2654135122366,1889.7951018545123,0.0,0.0,383.0120491383039,2213.814643377829,1788.2456998908244,0.0,115.85084900053957,0.0,115.85084900053957
2025-01-24,126,2997.41,2025-01-24T21:00:00,2025-01-24T20:50:00,21:00:00,25,DW,0.0,21:00:00,25,DW,0.8203,21:00:00,25,DW,0.9332,499.5683333333333,0.0,2997.41,499.5683333333333,2025-01-24T21:00:00,2025-01-24 00:00:00,2025-01-24 00:00:00,2025-01-24T21:00:00,2025-01-24T21:00:00,0.9332,461.6944784454267,0.7072356950279863,438.09800968105264,4,point_incumbent,75.01912638071926,0.0,61.47032365228068,0.0,0.0,0.0,0.0,1889.7951018545123,1821.494742240867,0.0,0.0,22.889233069346062,1788.2456998908244,1762.8132187026622,0.0,408.8330626343583,0.0,408.8330626343583
2025-01-24,127,2839.3916,2025-01-24T21:10:00,2025-01-24T21:00:00,21:10:00,25,DX,0.0,21:10:00,25,DX,0.7707,21:10:00,25,DX,0.9068,473.2319333333333,0.0,2839.3916,473.2319333333333,2025-01-24T21:10:00,2025-01-24 00:00:00,2025-01-24 00:00:00,2025-01-24T21:10:00,2025-01-24T21:10:00,0.9068,480.6549223405948,2.3950660922418883,504.5058216541475,4,point_incumbent,77.28320733406856,31.273888320814194,0.0,0.0,0.0,0.0,0.0,1821.494742240867,1849.6412417295999,0.0,26.245965405794607,0.0,1762.8132187026622,1786.4345875678773,0.0,457.48587907598096,0.0,457.48587907598096
2025-01-24,128,2844.18,2025-01-24T21:20:00,2025-01-24T21:10:00,21:20:00,25,DY,0.0,21:20:00,25,DY,0.7997,21:20:00,25,DY,0.9371,474.03,0.0,2844.18,474.03,2025-01-24T21:20:00,2025-01-24 00:00:00,2025-01-24 00:00:00,2025-01-24T21:20:00,2025-01-24T21:20:00,0.9371,466.1928381948067,3.7510819606481425,479.6340229349564,4,point_incumbent,77.28320733406856,5.604022934956447,0.0,0.0,0.0,0.0,0.0,1849.6412417295999,1854.6848623710607,0.0,17.19226670079786,0.0,1786.4345875678773,1801.9076275985954,0.0,449.4650428923477,0.0,449.4650428923477
2025-01-24,129,3120.71,2025-01-24T21:30:00,2025-01-24T21:20:00,21:30:00,25,DZ,0.0,21:30:00,25,DZ,0.794,21:30:00,25,DZ,0.9371,520.1183333333333,0.0,3120.71,520.1183333333333,2025-01-24T21:30:00,2025-01-24 00:00:00,2025-01-24 00:00:00,2025-01-24T21:30:00,2025-01-24T21:30:00,0.9371,447.21598174712904,4.769436236647833,431.0843164136249,4,point_incumbent,77.28320733406856,0.0,89.03401691970845,0.0,0.0,0.0,0.0,1854.6848623710607,1755.758176904718,0.0,0.0,11.36222909685631,1801.9076275985954,1789.2829286020883,0.0,403.9691129112079,0.0,403.9691129112079
2025-01-24,130,3097.8301,2025-01-24T21:40:00,2025-01-24T21:30:00,21:40:00,25,EA,0.0,21:40:00,25,EA,0.8585,21:40:00,25,EA,0.9871,516.3050166666667,0.0,3097.8301,516.3050166666667,2025-01-24T21:40:00,2025-01-24 00:00:00,2025-01-24 00:00:00,2025-01-24T21:40:00,2025-01-24T21:40:00,0.9871,512.7567661459408,5.456805401265778,475.06187948981477,4,point_incumbent,77.28320733406856,0.0,41.24313717685192,0.0,0.0,0.0,0.0,1755.758176904718,1709.932468930438,0.0,0.0,32.23808125486022,1789.2829286020883,1753.4628383189104,0.0,468.9335812443961,0.0,468.9335812443961
2025-01-24,131,2651.0909,2025-01-24T21:50:00,2025-01-24T21:40:00,21:50:00,25,EB,0.0,21:50:00,25,EB,0.6338,21:50:00,25,EB,0.7764,441.8484833333334,0.0,2651.0909,441.8484833333334,2025-01-24T21:50:00,2025-01-24 00:00:00,2025-01-24 00:00:00,2025-01-24T21:50:00,2025-01-24T21:50:00,0.7764,490.61520240409726,5.831018965336594,503.6303093911493,4,point_incumbent,77.28320733406856,61.78182605781592,0.0,0.0,0.0,0.0,0.0,1709.932468930438,1765.5361123824723,0.0,18.846125952388604,0.0,1753.4628383189104,1770.42435167606,0.0,391.0185722112883,0.0,391.0185722112883
2025-01-24,132,2211.69,2025-01-24T22:00:00,2025-01-24T21:50:00,22:00:00,25,EC,0.0,22:00:00,25,EC,0.2582,22:00:00,25,EC,0.4209,368.615,0.0,2211.69,368.615,2025-01-24T22:00:00,2025-01-24 00:00:00,2025-01-24 00:00:00,2025-01-24T22:00:00,2025-01-24T22:00:00,0.4209,388.58583920406926,5.91951566132479,446.9639725688332,4,point_incumbent,77.28320733406856,78.34897256883318,0.0,0.0,0.0,0.0,0.0,1765.5361123824723,1836.0501876944222,0.0,64.29764902608872,0.0,1770.42435167606,1828.2922357995399,0.0,188.1271360542219,0.0,188.1271360542219
2025-01-24,133,2369.9225,2025-01-24T22:10:00,2025-01-24T22:00:00,22:10:00,25,ED,0.0,22:10:00,25,ED,0.2732,22:10:00,25,ED,0.3859,394.9870833333334,0.0,2369.9225,394.9870833333334,2025-01-24T22:10:00,2025-01-24 00:00:00,2025-01-24 00:00:00,2025-01-24T22:10:00,2025-01-24T22:10:00,0.3859,389.89281876807263,5.757664113670149,448.8167546963366,4,point_incumbent,36.0957981978251,53.82967136300323,0.0,0.0,0.0,0.0,0.0,1836.0501876944222,1884.496891921125,0.0,64.68160004193413,0.0,1828.2922357995399,1886.5056758372805,0.0,173.1983856373163,0.0,173.1983856373163
2025-01-24,134,2631.298,2025-01-24T22:20:00,2025-01-24T22:10:00,22:20:00,25,EE,0.0,22:20:00,25,EE,0.3771,22:20:00,25,EE,0.4368,438.5496666666666,0.0,2631.298,438.5496666666666,2025-01-24T22:20:00,2025-01-24 00:00:00,2025-01-24 00:00:00,2025-01-24T22:20:00,2025-01-24T22:20:00,0.4368,398.15853484110244,5.3869877418615735,422.1155596382875,4,point_incumbent,36.0957981978251,0.0,16.434107028379117,0.0,0.0,0.0,0.0,1884.496891921125,1866.2367730007038,0.0,29.344012539046616,0.0,1886.5056758372805,1912.9152871224223,0.0,184.380076450004,0.0,184.380076450004
2025-01-24,135,2682.97,2025-01-24T22:30:00,2025-01-24T22:20:00,22:30:00,25,EF,0.0,22:30:00,25,EF,0.3706,22:30:00,25,EF,0.4198,447.16166666666663,0.0,2682.97,447.16166666666663,2025-01-24T22:30:00,2025-01-24 00:00:00,2025-01-24 00:00:00,2025-01-24T22:30:00,2025-01-24T22:30:00,0.4198,370.0506871817987,4.853334865232674,368.93360295422605,4,point_incumbent,36.0957981978251,0.0,78.22806371244059,0.0,0.0,0.0,0.0,1866.2367730007038,1779.3167022091031,0.0,3.736250637660021,0.0,1912.9152871224223,1916.2779126963164,0.0,154.8783265201841,0.0,154.8783265201841
2025-01-24,136,2647.7992,2025-01-24T22:40:00,2025-01-24T22:30:00,22:40:00,25,EG,0.0,22:40:00,25,EG,0.3541,22:40:00,25,EG,0.4186,441.2998666666667,0.0,2647.7992,441.2998666666667,2025-01-24T22:40:00,2025-01-24 00:00:00,2025-01-24 00:00:00,2025-01-24T22:40:00,2025-01-24T22:40:00,0.4186,373.4557093852641,4.2050354083836785,376.1375137754331,4,point_incumbent,36.0957981978251,0.0,65.16235289123358,0.0,0.0,0.0,0.0,1779.3167022091031,1706.9140878855103,0.0,6.886839798552671,0.0,1916.2779126963164,1922.4760685150138,0.0,157.4511632663963,0.0,157.4511632663963
2025-01-24,137,2563.1294,2025-01-24T22:50:00,2025-01-24T22:40:00,22:50:00,25,EH,0.0,22:50:00,25,EH,0.3467,22:50:00,25,EH,0.4241,427.1882333333333,0.0,2563.1294,427.1882333333333,2025-01-24T22:50:00,2025-01-24 00:00:00,2025-01-24 00:00:00,2025-01-24T22:50:00,2025-01-24T22:50:00,0.4241,416.6255126851717,3.491085247961289,401.15589775150966,4,point_incumbent,36.0957981978251,0.0,26.032335581823645,0.0,0.0,0.0,0.0,1706.9140878855103,1677.989270572373,0.0,0.0,11.978529685700778,1922.4760685150138,1909.1665910864574,0.0,170.13021623641524,0.0,170.13021623641524
2025-01-24,138,2488.8,2025-01-24T23:00:00,2025-01-24T22:50:00,23:00:00,25,EI,0.0,23:00:00,25,EI,0.3522,23:00:00,25,EI,0.4237,414.8,0.0,2488.8,414.8,2025-01-24T23:00:00,2025-01-24 00:00:00,2025-01-24 00:00:00,2025-01-24T23:00:00,2025-01-24T23:00:00,0.4237,448.70556039160545,2.7593981060373793,417.07848323701637,4,point_incumbent,36.0957981978251,2.27848323701636,0.0,0.0,0.0,0.0,0.0,1677.989270572373,1680.0399054856878,0.0,0.0,28.86767904855168,1909.1665910864574,1877.0913921436222,0.0,176.71615334752386,0.0,176.71615334752386
2025-01-24,139,2476.4154,2025-01-24T23:10:00,2025-01-24T23:00:00,23:10:00,25,EJ,0.0,23:10:00,25,EJ,0.365,23:10:00,25,EJ,0.4248,412.73589999999996,0.0,2476.4154,412.73589999999996,2025-01-24T23:10:00,2025-01-24 00:00:00,2025-01-24 00:00:00,2025-01-24T23:10:00,2025-01-24T23:10:00,0.4248,415.1888354900551,2.0551630073153624,403.1735564572954,4,point_incumbent,24.180916237290226,0.0,9.562343542704582,0.0,0.0,0.0,0.0,1680.0399054856878,1669.4150793271272,0.0,0.0,9.960116025444393,1877.0913921436222,1866.024596559795,0.0,171.26812678305907,0.0,171.26812678305907
2025-01-24,140,2364.5323,2025-01-24T23:20:00,2025-01-24T23:10:00,23:20:00,25,EK,0.0,23:20:00,25,EK,0.313,23:20:00,25,EK,0.424,394.08871666666664,0.0,2364.5323,394.08871666666664,2025-01-24T23:20:00,2025-01-24 00:00:00,2025-01-24 00:00:00,2025-01-24T23:20:00,2025-01-24T23:20:00,0.424,412.53416876480026,1.4193427149190203,410.3070895152608,4,point_incumbent,24.180916237290226,16.218372848594186,0.0,0.0,0.0,0.0,0.0,1669.4150793271272,1684.011614890862,0.0,0.0,0.8077365346204033,1866.024596559795,1865.127111521328,0.0,173.97020595447057,0.0,173.97020595447057
2025-01-24,141,2290.71,2025-01-24T23:30:00,2025-01-24T23:20:00,23:30:00,25,EL,0.0,23:30:00,25,EL,0.2657,23:30:00,25,EL,0.422,381.785,0.0,2290.71,381.785,2025-01-24T23:30:00,2025-01-24 00:00:00,2025-01-24 00:00:00,2025-01-24T23:30:00,2025-01-24T23:30:00,0.422,445.904917080376,0.8873452934686401,434.9532256848578,4,point_incumbent,24.180916237290226,53.16822568485776,0.0,0.0,0.0,0.0,0.0,1684.011614890862,1731.863018007234,0.0,0.0,10.06434610204957,1865.127111521328,1853.944504741273,0.0,183.55026123900998,0.0,183.55026123900998
2025-01-24,142,2558.4689,2025-01-24T23:40:00,2025-01-24T23:30:00,23:40:00,25,EM,0.0,23:40:00,25,EM,0.3584,23:40:00,25,EM,0.424,426.4114833333333,0.0,2558.4689,426.4114833333333,2025-01-24T23:40:00,2025-01-24 00:00:00,2025-01-24 00:00:00,2025-01-24T23:40:00,2025-01-24T23:40:00,0.424,426.90920645110407,0.48789708114741703,406.3411608233937,4,point_incumbent,24.180916237290226,0.0,20.070322509939615,0.0,0.0,0.0,0.0,1731.863018007234,1709.5626596628565,0.0,0.0,20.080148546562953,1853.944504741273,1831.6332285784254,0.0,172.28865218911892,0.0,172.28865218911892
2025-01-24,143,2744.8498,2025-01-24T23:50:00,2025-01-24T23:40:00,23:50:00,25,EN,0.0,23:50:00,25,EN,0.3708,23:50:00,25,EN,0.4271,457.47496666666666,0.0,2744.8498,457.47496666666666,2025-01-24T23:50:00,2025-01-24 00:00:00,2025-01-24 00:00:00,2025-01-24T23:50:00,2025-01-24T23:50:00,0.4271,408.1888440963466,0.24214095782112705,400.8432934283097,4,point_incumbent,24.180916237290226,0.0,56.63167323835694,0.0,0.0,0.0,0.0,1709.5626596628565,1646.6385782869042,0.0,0.0,7.103409710215772,1831.6332285784254,1823.74055112263,0.0,171.20017062323106,0.0,171.20017062323106
2025-01-24,144,2716.52,2025-01-25T00:00:00,2025-01-24T23:50:00,0:00+1,25,EO,0.0,0:00+1,25,EO,0.2955,0:00+1,25,EO,0.4276,452.75333333333333,0.0,2716.52,452.75333333333333,2025-01-25T00:00:00,2025-01-24 00:00:00,2025-01-24 00:00:00,2025-01-25T00:00:00,2025-01-25T00:00:00,0.4276,415.93839336365,0.16297895667600348,370.09334298237366,4,point_incumbent,24.180916237290226,0.0,82.65999035095967,0.0,0.0,0.0,0.0,1646.6385782869042,1554.7941445636156,0.0,0.0,45.68207142460034,1823.74055112263,1772.982693984185,0.0,158.25191345926297,0.0,158.25191345926297
2025-01-25,1,2725.9526,2025-01-25T00:10:00,2025-01-25T00:00:00,00:10:00,26,B,0.0,00:10:00,26,B,0.3381,00:10:00,26,B,0.4248,454.32543333333336,0.0,2725.9526,454.32543333333336,2025-01-25T00:10:00,2025-01-25 00:00:00,2025-01-25 00:00:00,2025-01-25T00:10:00,2025-01-25T00:10:00,0.4248,442.2229268220739,0.08836594368507145,1147.7958008499809,1,profile_incumbent,29.448530043806457,693.4703675166475,0.0,0.0,0.0,0.0,0.0,1554.7941445636156,2178.9174753285984,0.0,705.6612399715922,0.0,1554.7941445636156,2189.889260538049,0.0,487.5836562010719,0.0,487.5836562010719
2025-01-25,2,2680.0361,2025-01-25T00:20:00,2025-01-25T00:10:00,00:20:00,26,C,0.0,00:20:00,26,C,0.3528,00:20:00,26,C,0.4245,446.6726833333333,0.0,2680.0361,446.6726833333333,2025-01-25T00:20:00,2025-01-25 00:00:00,2025-01-25 00:00:00,2025-01-25T00:20:00,2025-01-25T00:20:00,0.4245,441.1392385788028,0.3828467907187587,1137.8897839025096,1,profile_incumbent,29.448530043806457,691.2171005691764,0.0,0.0,0.0,0.0,0.0,2178.9174753285984,2801.012865840857,0.0,697.1333921144255,0.0,2189.889260538049,2817.309313441032,0.0,483.0342132666153,0.0,483.0342132666153
2025-01-25,3,2659.84,2025-01-25T00:30:00,2025-01-25T00:20:00,00:30:00,26,D,0.0,00:30:00,26,D,0.3008,00:30:00,26,D,0.4269,443.3066666666667,0.0,2659.84,443.3066666666667,2025-01-25T00:30:00,2025-01-25 00:00:00,2025-01-25 00:00:00,2025-01-25T00:30:00,2025-01-25T00:30:00,0.4269,439.3923228745218,0.8682258593510845,936.1190919882141,1,profile_incumbent,29.448530043806457,492.81242532154744,0.0,0.0,0.0,0.0,0.0,2801.012865840857,3244.5440486302496,0.0,497.5949949730434,0.0,2817.309313441032,3265.144808916771,0.0,399.6292403697686,0.0,399.6292403697686
2025-01-25,4,2861.9215,2025-01-25T00:40:00,2025-01-25T00:30:00,00:40:00,26,E,0.0,00:40:00,26,E,0.3039,00:40:00,26,E,0.4272,476.9869166666667,0.0,2861.9215,476.9869166666667,2025-01-25T00:40:00,2025-01-25 00:00:00,2025-01-25 00:00:00,2025-01-25T00:40:00,2025-01-25T00:40:00,0.4272,445.36206114244584,1.5203128876964604,893.4189462252141,1,profile_incumbent,29.448530043806457,416.4320295585474,0.0,0.0,0.0,0.0,0.0,3244.5440486302496,3619.332875232942,0.0,449.57719797046474,0.0,3265.144808916771,3669.7642870901896,0.0,381.6685738274115,0.0,381.6685738274115
2025-01-25,5,2905.6089,2025-01-25T00:50:00,2025-01-25T00:40:00,00:50:00,26,F,0.0,00:50:00,26,F,0.3343,00:50:00,26,F,0.4271,484.26815000000005,0.0,2905.6089,484.26815000000005,2025-01-25T00:50:00,2025-01-25 00:00:00,2025-01-25 00:00:00,2025-01-25T00:50:00,2025-01-25T00:50:00,0.4271,482.1477055856635,2.3066561247199697,930.3751364504271,1,profile_incumbent,29.448530043806457,446.1069864504271,0.0,0.0,0.0,0.0,0.0,3619.332875232942,4020.8291630383264,0.0,450.5340869894836,0.0,3669.7642870901896,4075.244965380725,0.0,397.3632207779774,0.0,397.3632207779774
2025-01-25,6,2809.25,2025-01-25T01:00:00,2025-01-25T00:50:00,01:00:00,26,G,0.0,01:00:00,26,G,0.3558,01:00:00,26,G,0.4285,468.2083333333333,0.0,2809.25,468.2083333333333,2025-01-25T01:00:00,2025-01-25 00:00:00,2025-01-25 00:00:00,2025-01-25T01:00:00,2025-01-25T01:00:00,0.4285,509.975526823071,3.187512228607022,943.9256553176394,1,profile_incumbent,29.448530043806457,475.7173219843061,0.0,0.0,0.0,0.0,0.0,4020.8291630383264,4448.974752824202,0.0,437.1376407231755,0.0,4075.244965380725,4468.668842031583,0.0,404.4721433036085,0.0,404.4721433036085
2025-01-25,7,2942.6338,2025-01-25T01:10:00,2025-01-25T01:00:00,01:10:00,26,H,0.0,01:10:00,26,H,0.3641,01:10:00,26,H,0.4311,490.43896666666666,0.0,2942.6338,490.43896666666666,2025-01-25T01:10:00,2025-01-25 00:00:00,2025-01-25 00:00:00,2025-01-25T01:10:00,2025-01-25T01:10:00,0.4311,462.09065095783046,4.117053703527183,578.0651198083821,1,profile_incumbent,38.032959102270794,87.6261531417154,0.0,0.0,0.0,0.0,0.0,4448.974752824202,4527.838290651746,0.0,120.09152255407878,0.0,4468.668842031583,4576.751212330254,0.0,249.2038731493935,0.0,249.2038731493935
2025-01-25,8,2923.2679,2025-01-25T01:20:00,2025-01-25T01:10:00,01:20:00,26,I,0.0,01:20:00,26,I,0.3577,01:20:00,26,I,0.4302,487.2113166666666,0.0,2923.2679,487.2113166666666,2025-01-25T01:20:00,2025-01-25 00:00:00,2025-01-25 00:00:00,2025-01-25T01:20:00,2025-01-25T01:20:00,0.4302,426.01752974285233,5.04478854239381,910.5759845583977,1,profile_incumbent,38.032959102270794,423.36466789173113,0.0,0.0,0.0,0.0,0.0,4527.838290651746,4908.866491754305,0.0,489.6032433579392,0.0,4576.751212330254,5017.394131352399,0.0,391.72978855702274,0.0,391.72978855702274
2025-01-25,9,2787.63,2025-01-25T01:30:00,2025-01-25T01:20:00,01:30:00,26,J,0.0,01:30:00,26,J,0.3605,01:30:00,26,J,0.4279,464.605,0.0,2787.63,464.605,2025-01-25T01:30:00,2025-01-25 00:00:00,2025-01-25 00:00:00,2025-01-25T01:30:00,2025-01-25T01:30:00,0.4279,436.0388630545882,5.917162150005009,984.7554730727638,1,profile_incumbent,38.032959102270794,520.1504730727638,0.0,0.0,0.0,0.0,0.0,4908.866491754305,5377.001917519792,0.0,554.6337721681806,0.0,5017.394131352399,5516.564526303761,0.0,421.37686692783564,0.0,421.37686692783564
2025-01-25,10,2965.6344,2025-01-25T01:40:00,2025-01-25T01:30:00,01:40:00,26,K,0.0,01:40:00,26,K,0.393,01:40:00,26,K,0.4312,494.2724,0.0,2965.6344,494.2724,2025-01-25T01:40:00,2025-01-25 00:00:00,2025-01-25 00:00:00,2025-01-25T01:40:00,2025-01-25T01:40:00,0.4312,450.1906684821416,6.679307584115121,619.1120934035017,1,profile_incumbent,38.032959102270794,124.83969340350171,0.0,0.0,0.0,0.0,0.0,5377.001917519792,5489.357641582944,0.0,175.60073250547526,0.0,5516.564526303761,5674.605185558689,0.0,266.96113467558996,0.0,266.96113467558996
2025-01-25,11,3034.1367,2025-01-25T01:50:00,2025-01-25T01:40:00,01:50:00,26,L,0.0,01:50:00,26,L,0.3685,01:50:00,26,L,0.4333,505.68945,0.0,3034.1367,505.68945,2025-01-25T01:50:00,2025-01-25 00:00:00,2025-01-25 00:00:00,2025-01-25T01:50:00,2025-01-25T01:50:00,0.4333,488.6763027784576,7.276906747853199,637.506048180828,1,profile_incumbent,38.032959102270794,131.81659818082795,0.0,0.0,0.0,0.0,0.0,5489.357641582944,5607.992579945689,0.0,156.10665215022357,0.0,5674.605185558689,5815.101172493891,0.0,276.23137067675276,0.0,276.23137067675276
2025-01-25,12,2927.02,2025-01-25T02:00:00,2025-01-25T01:50:00,02:00:00,26,M,0.0,02:00:00,26,M,0.3052,02:00:00,26,M,0.4311,487.83666666666664,0.0,2927.02,487.83666666666664,2025-01-25T02:00:00,2025-01-25 00:00:00,2025-01-25 00:00:00,2025-01-25T02:00:00,2025-01-25T02:00:00,0.4311,519.5990069035049,7.658122460576662,877.0293456397133,1,profile_incumbent,38.032959102270794,389.1926789730466,0.0,0.0,0.0,0.0,0.0,5607.992579945689,5958.265991021431,0.0,365.08846119678503,0.0,5815.101172493891,6143.680787570997,0.0,378.08735090528035,0.0,378.08735090528035
2025-01-25,13,3011.4346,2025-01-25T02:10:00,2025-01-25T02:00:00,02:10:00,26,N,0.0,02:10:00,26,N,0.3159,02:10:00,26,N,0.4293,501.9057666666667,0.0,3011.4346,501.9057666666667,2025-01-25T02:10:00,2025-01-25 00:00:00,2025-01-25 00:00:00,2025-01-25T02:10:00,2025-01-25T02:10:00,0.4293,482.19886787945194,7.775559378435289,1000.868437643582,1,profile_incumbent,32.707075987603616,498.96267097691526,0.0,0.0,0.0,0.0,0.0,5958.265991021431,6407.332394900654,0.0,526.4451291425653,0.0,6143.680787570997,6617.4814037993065,0.0,429.6728202803898,0.0,429.6728202803898
2025-01-25,14,3089.5616,2025-01-25T02:20:00,2025-01-25T02:10:00,02:20:00,26,O,0.0,02:20:00,26,O,0.3649,02:20:00,26,O,0.4324,514.9269333333333,0.0,3089.5616,514.9269333333333,2025-01-25T02:20:00,2025-01-25 00:00:00,2025-01-25 00:00:00,2025-01-25T02:20:00,2025-01-25T02:20:00,0.4324,469.8407645753864,7.588210570000462,663.3510146078952,1,profile_incumbent,32.707075987603616,148.4240812745619,0.0,0.0,0.0,0.0,0.0,6407.332394900654,6540.91406804776,0.0,201.09846060250925,0.0,6617.4814037993065,6798.470018341564,0.0,286.8329787164539,0.0,286.8329787164539
2025-01-25,15,3045.26,2025-01-25T02:30:00,2025-01-25T02:20:00,02:30:00,26,P,0.0,02:30:00,26,P,0.3905,02:30:00,26,P,0.4367,507.54333333333335,0.0,3045.26,507.54333333333335,2025-01-25T02:30:00,2025-01-25 00:00:00,2025-01-25 00:00:00,2025-01-25T02:30:00,2025-01-25T02:30:00,0.4367,500.10823869103547,7.0633462015997,649.9331418219259,1,profile_incumbent,32.707075987603616,142.38980848859256,0.0,0.0,0.0,0.0,0.0,6540.91406804776,6669.064895687494,0.0,156.8882493324902,0.0,6798.470018341564,6939.669442740806,0.0,283.82580303363505,0.0,283.82580303363505
2025-01-25,16,2987.7561,2025-01-25T02:40:00,2025-01-25T02:30:00,02:40:00,26,Q,0.0,02:40:00,26,Q,0.37,02:40:00,26,Q,0.4348,497.95935000000003,0.0,2987.7561,497.95935000000003,2025-01-25T02:40:00,2025-01-25 00:00:00,2025-01-25 00:00:00,2025-01-25T02:40:00,2025-01-25T02:40:00,0.4348,500.83901800692274,6.178301262266864,683.5704315220739,1,profile_incumbent,32.707075987603616,185.6110815220739,0.0,0.0,0.0,0.0,0.0,6669.064895687494,6836.11486905736,0.0,188.909714777418,0.0,6939.669442740806,7109.688186040482,0.0,297.21642362579774,0.0,297.21642362579774
2025-01-25,17,3006.3681,2025-01-25T02:50:00,2025-01-25T02:40:00,02:50:00,26,R,0.0,02:50:00,26,R,0.3817,02:50:00,26,R,0.4335,501.06135,0.0,3006.3681,501.06135,2025-01-25T02:50:00,2025-01-25 00:00:00,2025-01-25 00:00:00,2025-01-25T02:50:00,2025-01-25T02:50:00,0.4335,499.44557255902305,4.922120555506874,698.6815728644821,1,profile_incumbent,32.707075987603616,197.62022286448206,0.0,0.0,0.0,0.0,0.0,6836.11486905736,7013.973069635394,0.0,204.15812086096594,0.0,7109.688186040482,7293.430494815351,0.0,302.878461836753,0.0,302.878461836753
2025-01-25,18,3084.35,2025-01-25T03:00:00,2025-01-25T02:50:00,03:00:00,26,S,0.0,03:00:00,26,S,0.4212,03:00:00,26,S,0.4357,514.0583333333333,0.0,3084.35,514.0583333333333,2025-01-25T03:00:00,2025-01-25 00:00:00,2025-01-25 00:00:00,2025-01-25T03:00:00,2025-01-25T03:00:00,0.4357,510.5858854511745,3.297021285680932,681.020877161973,1,profile_incumbent,32.707075987603616,166.9625438286397,0.0,0.0,0.0,0.0,0.0,7013.973069635394,7164.239359081169,0.0,173.7320129964794,0.0,7293.430494815351,7449.7893065121825,0.0,296.7207961794716,0.0,296.7207961794716
2025-01-25,19,3126.3068,2025-01-25T03:10:00,2025-01-25T03:00:00,03:10:00,26,T,0.0,03:10:00,26,T,0.4101,03:10:00,26,T,0.4374,521.0511333333333,0.0,3126.3068,521.0511333333333,2025-01-25T03:10:00,2025-01-25 00:00:00,2025-01-25 00:00:00,2025-01-25T03:10:00,2025-01-25T03:10:00,0.4374,512.7405034609693,1.3196364376364036,675.9921819866912,1,profile_incumbent,28.945987902198993,154.94104865335794,0.0,0.0,0.0,0.0,0.0,7164.239359081169,7303.686302869191,0.0,164.5713149633583,0.0,7449.7893065121825,7597.903489979205,0.0,295.67898040097873,0.0,295.67898040097873
2025-01-25,20,3116.9757,2025-01-25T03:20:00,2025-01-25T03:10:00,03:20:00,26,U,0.0,03:20:00,26,U,0.402,03:20:00,26,U,0.4371,519.49595,0.0,3116.9757,519.49595,2025-01-25T03:20:00,2025-01-25 00:00:00,2025-01-25 00:00:00,2025-01-25T03:20:00,2025-01-25T03:20:00,0.4371,496.28479538731506,0.0,628.5160126993699,1,profile_incumbent,28.945987902198993,109.02006269936987,0.0,0.0,0.0,0.0,0.0,7303.686302869191,7401.804359298624,0.0,132.2312173120548,0.0,7597.903489979205,7716.911585560054,0.0,274.72434915089457,0.0,274.72434915089457
2025-01-25,21,3072.66,2025-01-25T03:30:00,2025-01-25T03:20:00,03:30:00,26,V,0.0,03:30:00,26,V,0.4175,03:30:00,26,V,0.4356,512.11,0.0,3072.66,512.11,2025-01-25T03:30:00,2025-01-25 00:00:00,2025-01-25 00:00:00,2025-01-25T03:30:00,2025-01-25T03:30:00,0.4356,476.7115227435195,0.0,630.5798661128914,1,profile_incumbent,28.945987902198993,118.4698661128914,0.0,0.0,0.0,0.0,0.0,7401.804359298624,7508.427238800226,0.0,153.86834336937193,0.0,7716.911585560054,7855.3930945924885,0.0,274.6805896787755,0.0,274.6805896787755
2025-01-25,22,3032.6936,2025-01-25T03:40:00,2025-01-25T03:30:00,03:40:00,26,W,0.0,03:40:00,26,W,0.4191,03:40:00,26,W,0.4353,505.44893333333334,0.0,3032.6936,505.44893333333334,2025-01-25T03:40:00,2025-01-25 00:00:00,2025-01-25 00:00:00,2025-01-25T03:40:00,2025-01-25T03:40:00,0.4353,485.4841195294827,0.0,642.3015846383554,1,profile_incumbent,28.945987902198993,136.85265130502205,0.0,0.0,0.0,0.0,0.0,7508.427238800226,7631.594624974747,0.0,156.81746510887268,0.0,7855.3930945924885,7996.528813190474,0.0,279.5938797930761,0.0,279.5938797930761
2025-01-25,23,3080.0636,2025-01-25T03:50:00,2025-01-25T03:40:00,03:50:00,26,X,0.0,03:50:00,26,X,0.4048,03:50:00,26,X,0.436,513.3439333333333,0.0,3080.0636,513.3439333333333,2025-01-25T03:50:00,2025-01-25 00:00:00,2025-01-25 00:00:00,2025-01-25T03:50:00,2025-01-25T03:50:00,0.436,529.2614710175767,0.0,684.4891531785973,1,profile_incumbent,28.945987902198993,171.14521984526402,0.0,0.0,0.0,0.0,0.0,7631.594624974747,7785.625322835484,0.0,155.22768216102065,0.0,7996.528813190474,8136.233727135392,0.0,298.43727078586846,0.0,298.43727078586846
2025-01-25,24,3156.82,2025-01-25T04:00:00,2025-01-25T03:50:00,04:00:00,26,Y,0.0,04:00:00,26,Y,0.3922,04:00:00,26,Y,0.4378,526.1366666666667,0.0,3156.82,526.1366666666667,2025-01-25T04:00:00,2025-01-25 00:00:00,2025-01-25 00:00:00,2025-01-25T04:00:00,2025-01-25T04:00:00,0.4378,566.7966864774486,0.0,732.9153313317896,1,profile_incumbent,28.945987902198993,206.77866466512296,0.0,0.0,0.0,0.0,0.0,7785.625322835484,7971.726121034095,0.0,166.11864485434103,0.0,8136.233727135392,8285.740507504299,0.0,320.8703320570575,0.0,320.8703320570575
2025-01-25,25,3125.5784,2025-01-25T04:10:00,2025-01-25T04:00:00,04:10:00,26,Z,0.0,04:10:00,26,Z,0.3983,04:10:00,26,Z,0.4401,520.9297333333333,0.0,3125.5784,520.9297333333333,2025-01-25T04:10:00,2025-01-25 00:00:00,2025-01-25 00:00:00,2025-01-25T04:10:00,2025-01-25T04:10:00,0.4401,543.2116999027439,0.0,721.4869520392405,1,profile_incumbent,30.075169103764964,200.5572187059072,0.0,0.0,0.0,0.0,0.0,7971.726121034095,8152.227617869411,0.0,178.27525213649653,0.0,8285.740507504299,8446.188234427145,0.0,317.5264075924697,0.0,317.5264075924697
2025-01-25,26,3130.4829,2025-01-25T04:20:00,2025-01-25T04:10:00,04:20:00,26,AA,0.0,04:20:00,26,AA,0.3977,04:20:00,26,AA,0.4389,521.74715,0.0,3130.4829,521.74715,2025-01-25T04:20:00,2025-01-25 00:00:00,2025-01-25 00:00:00,2025-01-25T04:20:00,2025-01-25T04:20:00,0.4389,513.2861208598001,0.0,583.0925691992921,1,profile_incumbent,30.075169103764964,61.34541919929211,0.0,0.0,0.0,0.0,0.0,8152.227617869411,8207.438495148774,0.0,69.80644833949202,0.0,8446.188234427145,8509.014037932688,0.0,255.91932862156932,0.0,255.91932862156932
2025-01-25,27,3213.03,2025-01-25T04:30:00,2025-01-25T04:20:00,04:30:00,26,AB,0.0,04:30:00,26,AB,0.3819,04:30:00,26,AB,0.4364,535.505,0.0,3213.03,535.505,2025-01-25T04:30:00,2025-01-25 00:00:00,2025-01-25 00:00:00,2025-01-25T04:30:00,2025-01-25T04:30:00,0.4364,521.4052190189681,0.0,668.4121386995392,1,profile_incumbent,30.075169103764964,132.90713869953925,0.0,0.0,0.0,0.0,0.0,8207.438495148774,8327.054919978358,0.0,147.00691968057117,0.0,8509.014037932688,8641.320265645201,0.0,291.6950573284789,0.0,291.6950573284789
2025-01-25,28,3270.1602,2025-01-25T04:40:00,2025-01-25T04:30:00,04:40:00,26,AC,0.0,04:40:00,26,AC,0.3738,04:40:00,26,AC,0.4393,545.0267,0.0,3270.1602,545.0267,2025-01-25T04:40:00,2025-01-25 00:00:00,2025-01-25 00:00:00,2025-01-25T04:40:00,2025-01-25T04:40:00,0.4393,559.6919049040363,0.0,733.7006943581738,1,profile_incumbent,30.075169103764964,188.6739943581738,0.0,0.0,0.0,0.0,0.0,8327.054919978358,8496.861514900715,0.0,174.0087894541375,0.0,8641.320265645201,8797.928176153924,0.0,322.31471503154575,0.0,322.31471503154575
2025-01-25,29,3315.7504,2025-01-25T04:50:00,2025-01-25T04:40:00,04:50:00,26,AD,0.001,04:50:00,26,AD,0.4078,04:50:00,26,AD,0.4422,552.6250666666666,0.00016666666666666666,3315.7493999999997,552.6248999999999,2025-01-25T04:50:00,2025-01-25 00:00:00,2025-01-25 00:00:00,2025-01-25T04:50:00,2025-01-25T04:50:00,0.4422,567.7025542816648,0.0,779.0166556802335,1,profile_incumbent,30.075169103764964,226.3917556802336,0.0,0.0,0.0,0.0,0.0,8496.861514900715,8700.614095012925,0.0,211.3141013985687,0.0,8797.928176153924,8988.110867412635,0.0,344.48116514179924,0.0,344.48116514179924
2025-01-25,30,3312.33,2025-01-25T05:00:00,2025-01-25T04:50:00,05:00:00,26,AE,0.0,05:00:00,26,AE,0.4431,05:00:00,26,AE,0.4395,552.055,0.0,3312.33,552.055,2025-01-25T05:00:00,2025-01-25 00:00:00,2025-01-25 00:00:00,2025-01-25T05:00:00,2025-01-25T05:00:00,0.4395,550.1956853234135,0.0,727.7441647272204,1,profile_incumbent,30.075169103764964,175.6891647272205,0.0,0.0,0.0,0.0,0.0,8700.614095012925,8858.734343267422,0.0,177.54847940380694,0.0,8988.110867412635,9147.904498876062,0.0,319.8435603976134,0.0,319.8435603976134
2025-01-25,31,3207.5332,2025-01-25T05:10:00,2025-01-25T05:00:00,05:10:00,26,AF,0.0,05:10:00,26,AF,0.4078,05:10:00,26,AF,0.4333,534.5888666666666,0.0,3207.5332,534.5888666666666,2025-01-25T05:10:00,2025-01-25 00:00:00,2025-01-25 00:00:00,2025-01-25T05:10:00,2025-01-25T05:10:00,0.4333,563.3720396135766,0.0,686.9198040103712,1,profile_incumbent,29.100699999999996,152.3309373437046,0.0,0.0,0.0,0.0,0.0,8858.734343267422,8995.832186876756,0.0,123.5477643967946,0.0,9147.904498876062,9259.097486833176,0.0,297.64235107769383,0.0,297.64235107769383
2025-01-25,32,3209.2912,2025-01-25T05:20:00,2025-01-25T05:10:00,05:20:00,26,AG,0.0144,05:20:00,26,AG,0.411,05:20:00,26,AG,0.4439,534.8818666666667,0.0024,3209.2768,534.8794666666668,2025-01-25T05:20:00,2025-01-25 00:00:00,2025-01-25 00:00:00,2025-01-25T05:20:00,2025-01-25T05:20:00,0.4439,560.5561577020263,0.0,652.8968352452735,1,profile_incumbent,29.100699999999996,118.01736857860669,0.0,0.0,0.0,0.0,0.0,8995.832186876756,9102.047818597503,0.0,92.34067754324712,0.0,9259.097486833176,9342.204096622097,0.0,289.82090516537687,0.0,289.82090516537687
2025-01-25,33,3361.11,2025-01-25T05:30:00,2025-01-25T05:20:00,05:30:00,26,AH,0.0,05:30:00,26,AH,0.4424,05:30:00,26,AH,0.4301,560.1850000000001,0.0,3361.11,560.1850000000001,2025-01-25T05:30:00,2025-01-25 00:00:00,2025-01-25 00:00:00,2025-01-25T05:30:00,2025-01-25T05:30:00,0.4301,537.8381607642265,0.0,1110.1207715923142,1,profile_incumbent,29.100699999999996,549.9357715923142,0.0,0.0,0.0,0.0,0.0,9102.047818597503,9596.990013030585,0.0,572.2826108280877,0.0,9342.204096622097,9857.258446367376,0.0,477.46294386185434,0.0,477.46294386185434
2025-01-25,34,3477.1944,2025-01-25T05:40:00,2025-01-25T05:30:00,05:40:00,26,AI,0.0,05:40:00,26,AI,0.415,05:40:00,26,AI,0.3713,579.5323999999999,0.0,3477.1944,579.5323999999999,2025-01-25T05:40:00,2025-01-25 00:00:00,2025-01-25 00:00:00,2025-01-25T05:40:00,2025-01-25T05:40:00,0.3713,543.3917841739333,0.0,1365.7680904492377,1,profile_incumbent,29.100699999999996,786.2356904492377,0.0,0.0,0.0,0.0,0.0,9596.990013030585,10304.6021344349,0.0,822.3763062753044,0.0,9857.258446367376,10597.397122015149,0.0,507.10969198380195,0.0,507.10969198380195
2025-01-25,35,3389.6322,2025-01-25T05:50:00,2025-01-25T05:40:00,05:50:00,26,AJ,0.2004,05:50:00,26,AJ,0.5778,05:50:00,26,AJ,0.5708,564.9387,0.0334,3389.4318,564.9053,2025-01-25T05:50:00,2025-01-25 00:00:00,2025-01-25 00:00:00,2025-01-25T05:50:00,2025-01-25T05:50:00,0.5708,557.2151992484601,0.0,580.1697345249714,1,profile_incumbent,29.100699999999996,15.26443452497142,0.0,0.0,0.0,0.0,0.0,10304.6021344349,10318.340125507373,0.0,22.954535276511365,0.0,10597.397122015149,10618.056203764008,0.0,331.1608844668537,0.0,331.1608844668537
2025-01-25,36,3243.73,2025-01-25T06:00:00,2025-01-25T05:50:00,06:00:00,26,AK,0.0,06:00:00,26,AK,0.8628,06:00:00,26,AK,0.9099,540.6216666666667,0.0,3243.73,540.6216666666667,2025-01-25T06:00:00,2025-01-25 00:00:00,2025-01-25 00:00:00,2025-01-25T06:00:00,2025-01-25T06:00:00,0.9099,560.9294838347603,3.0358736745240495,0.0,1,profile_incumbent,29.100699999999996,0.0,540.6216666666667,0.0,0.0,0.0,0.0,10318.340125507373,9717.649384766632,0.0,0.0,557.8936101602362,10618.056203764008,9998.17441469708,0.0,0.0,0.0,0.0
2025-01-25,37,3336.766,2025-01-25T06:10:00,2025-01-25T06:00:00,06:10:00,26,AL,0.0,06:10:00,26,AL,0.9186,06:10:00,26,AL,0.9368,556.1276666666666,0.0,3336.766,556.1276666666666,2025-01-25T06:10:00,2025-01-25 00:00:00,2025-01-25 00:00:00,2025-01-25T06:10:00,2025-01-25T06:10:00,0.9368,555.6891932985351,13.569525121126338,0.0,1,profile_incumbent,73.75721382837436,0.0,556.1276666666666,0.0,0.0,0.0,0.0,9717.649384766632,9099.729755137001,0.0,0.0,542.1196681774087,9998.17441469708,9395.819227833292,0.0,0.0,0.0,0.0
2025-01-25,38,3366.626,2025-01-25T06:20:00,2025-01-25T06:10:00,06:20:00,26,AM,2.7909,06:20:00,26,AM,0.8652,06:20:00,26,AM,0.8758,561.1043333333333,0.46515,3363.8351000000002,560.6391833333333,2025-01-25T06:20:00,2025-01-25 00:00:00,2025-01-25 00:00:00,2025-01-25T06:20:00,2025-01-25T06:20:00,0.8758,543.4818806593606,26.266895643253076,0.0,1,profile_incumbent,73.75721382837436,0.0,560.6391833333333,0.0,0.0,0.0,0.0,9099.729755137001,8476.797329211075,0.0,0.0,517.2149850161076,9395.819227833292,8821.135911148727,0.0,0.0,0.0,0.0
2025-01-25,39,3278.07,2025-01-25T06:30:00,2025-01-25T06:20:00,06:30:00,26,AN,0.0,06:30:00,26,AN,0.827,06:30:00,26,AN,0.8759,546.345,0.0,3278.07,546.345,2025-01-25T06:30:00,2025-01-25 00:00:00,2025-01-25 00:00:00,2025-01-25T06:30:00,2025-01-25T06:30:00,0.8759,535.7160551299113,41.24175803283718,0.0,1,profile_incumbent,73.75721382837436,0.0,546.345,0.0,0.0,0.0,0.0,8476.797329211075,7869.747329211074,0.0,0.0,494.4742970970741,8821.135911148727,8271.720025485312,0.0,0.0,0.0,0.0
2025-01-25,40,3360.0772,2025-01-25T06:40:00,2025-01-25T06:30:00,06:40:00,26,AO,0.0,06:40:00,26,AO,0.8144,06:40:00,26,AO,0.8601,560.0128666666667,0.0,3360.0772,560.0128666666667,2025-01-25T06:40:00,2025-01-25 00:00:00,2025-01-25 00:00:00,2025-01-25T06:40:00,2025-01-25T06:40:00,0.8601,550.00940096928,58.58671217738204,0.0,1,profile_incumbent,73.75721382837436,0.0,560.0128666666667,0.0,0.0,0.0,0.0,7869.747329211074,7247.510810692556,0.0,0.0,491.422688791898,8271.720025485312,7725.694815716537,0.0,0.0,0.0,0.0
2025-01-25,41,3665.4689,2025-01-25T06:50:00,2025-01-25T06:40:00,06:50:00,26,AP,46.8087,06:50:00,26,AP,0.847,06:50:00,26,AP,0.8442,610.9114833333333,7.80145,3618.6602,603.1100333333333,2025-01-25T06:50:00,2025-01-25 00:00:00,2025-01-25 00:00:00,2025-01-25T06:50:00,2025-01-25T06:50:00,0.8442,590.4705325384748,78.37066368508019,0.0,1,profile_incumbent,73.75721382837436,0.0,603.1100333333333,0.0,0.0,0.0,0.0,7247.510810692556,6577.388551433297,0.0,0.0,512.0998688533946,7725.694815716537,7156.694961434988,0.0,0.0,0.0,0.0
2025-01-25,42,3894.99,2025-01-25T07:00:00,2025-01-25T06:50:00,07:00:00,26,AQ,214.275,07:00:00,26,AQ,0.8765,07:00:00,26,AQ,0.8334,649.165,35.7125,3680.7149999999997,613.4525,2025-01-25T07:00:00,2025-01-25 00:00:00,2025-01-25 00:00:00,2025-01-25T07:00:00,2025-01-25T07:00:00,0.8334,643.143920544883,100.63656988938168,0.0,1,profile_incumbent,73.75721382837436,0.0,613.4525,0.0,0.0,0.0,0.0,6577.388551433297,5895.774662544408,0.0,0.0,542.5073506555013,7156.694961434988,6553.909016262209,0.0,0.0,0.0,0.0
2025-01-25,43,3712.6548,2025-01-25T07:10:00,2025-01-25T07:00:00,07:10:00,26,AR,437.6595,07:10:00,26,AR,0.8308,07:10:00,26,AR,0.8092,618.7758,72.94324999999999,3274.9952999999996,545.83255,2025-01-25T07:10:00,2025-01-25 00:00:00,2025-01-25 00:00:00,2025-01-25T07:10:00,2025-01-25T07:10:00,0.8092,678.4381945617955,125.39949672151987,0.0,1,profile_incumbent,58.559194757389626,0.0,545.83255,0.0,0.0,0.0,0.0,5895.774662544408,5289.294051433297,0.0,0.0,553.0386978402756,6553.909016262209,5939.421574217458,0.0,0.0,0.0,0.0
2025-01-25,44,3753.1081,2025-01-25T07:20:00,2025-01-25T07:10:00,07:20:00,26,AS,704.4992,07:20:00,26,AS,0.8187,07:20:00,26,AS,0.7972,625.5180166666667,117.41653333333333,3048.6089,508.1014833333333,2025-01-25T07:20:00,2025-01-25 00:00:00,2025-01-25 00:00:00,2025-01-25T07:20:00,2025-01-25T07:20:00,0.7972,665.0000225667582,152.64502565859536,0.0,1,profile_incumbent,58.559194757389626,0.0,508.1014833333333,0.0,0.0,0.0,0.0,5289.294051433297,4724.736847729593,0.0,0.0,512.3549969081628,5939.421574217458,5370.1382443195,0.0,0.0,0.0,0.0
2025-01-25,45,4054.89,2025-01-25T07:30:00,2025-01-25T07:20:00,07:30:00,26,AT,977.2875,07:30:00,26,AT,0.8326,07:30:00,26,AT,0.7644,675.8149999999999,162.88125,3077.6025,512.9337499999999,2025-01-25T07:30:00,2025-01-25 00:00:00,2025-01-25 00:00:00,2025-01-25T07:30:00,2025-01-25T07:30:00,0.7644,626.899160094139,182.328044963868,5.128659468858855,1,profile_incumbent,58.559194757389626,0.0,507.8050905311411,0.0,0.0,0.0,0.0,4724.736847729593,4160.508969361658,0.0,0.0,439.44245566141217,5370.1382443195,4881.868849140153,0.0,3.9203472979957086,0.0,3.9203472979957086
2025-01-25,46,4015.2966,2025-01-25T07:40:00,2025-01-25T07:30:00,07:40:00,26,AU,1215.2429,07:40:00,26,AU,0.7834,07:40:00,26,AU,0.6899,669.2161,202.54048333333333,2800.0537000000004,466.67561666666666,2025-01-25T07:40:00,2025-01-25 00:00:00,2025-01-25 00:00:00,2025-01-25T07:40:00,2025-01-25T07:40:00,0.6899,623.4397372510765,214.37195381259355,219.054819966815,1,profile_incumbent,58.559194757389626,0.0,247.62079669985167,0.0,0.0,0.0,0.0,4160.508969361658,3885.3747508062675,0.0,0.0,190.01296347166794,4881.868849140153,4670.743334171632,0.0,151.12592029510566,0.0,151.12592029510566
2025-01-25,47,3827.522,2025-01-25T07:50:00,2025-01-25T07:40:00,07:50:00,26,AV,1500.2126,07:50:00,26,AV,0.8891,07:50:00,26,AV,0.86,637.9203333333334,250.03543333333334,2327.3094,387.8849,2025-01-25T07:50:00,2025-01-25 00:00:00,2025-01-25 00:00:00,2025-01-25T07:50:00,2025-01-25T07:50:00,0.86,632.9165324445192,248.66830173002472,0.0,1,profile_incumbent,58.559194757389626,0.0,387.8849,0.0,0.0,0.0,0.0,3885.3747508062675,3454.3915285840453,0.0,0.0,384.2482307144945,4670.743334171632,4243.800855599971,0.0,0.0,0.0,0.0
2025-01-25,48,3736.9,2025-01-25T08:00:00,2025-01-25T07:50:00,08:00:00,26,AW,1827.8625,08:00:00,26,AW,1.0877,08:00:00,26,AW,1.1617,622.8166666666667,304.64375,1909.0375000000001,318.1729166666667,2025-01-25T08:00:00,2025-01-25 00:00:00,2025-01-25 00:00:00,2025-01-25T08:00:00,2025-01-25T08:00:00,1.1617,632.472409613695,285.07687915661046,0.0,1,profile_incumbent,58.559194757389626,0.0,318.1729166666667,0.0,0.0,0.0,0.0,3454.3915285840453,3100.8660656210823,0.0,0.0,347.3955304570846,4243.800855599971,3857.8058217587663,0.0,0.0,0.0,0.0
2025-01-25,49,3788.9,2025-01-25T08:10:00,2025-01-25T08:00:00,08:10:00,26,AX,2111.779,08:10:00,26,AX,1.0753,08:10:00,26,AX,1.1683,631.4833333333333,351.96316666666667,1677.121,279.5201666666667,2025-01-25T08:10:00,2025-01-25 00:00:00,2025-01-25 00:00:00,2025-01-25T08:10:00,2025-01-25T08:10:00,1.1683,624.7459762580935,323.42626800569747,0.0,1,profile_incumbent,-6.868361004197084,0.0,279.5201666666667,0.0,0.0,0.0,0.0,3100.8660656210823,2790.2881026581194,0.0,0.0,301.319708252396,3857.8058217587663,3523.006145922771,0.0,0.0,0.0,0.0
2025-01-25,50,3858.0465,2025-01-25T08:20:00,2025-01-25T08:10:00,08:20:00,26,AY,2402.4714,08:20:00,26,AY,1.008,08:20:00,26,AY,1.0956,643.00775,400.4119,1455.5751,242.59584999999998,2025-01-25T08:20:00,2025-01-25 00:00:00,2025-01-25 00:00:00,2025-01-25T08:20:00,2025-01-25T08:20:00,1.0956,633.7867169770456,363.5148539040753,0.0,1,profile_incumbent,-6.868361004197084,0.0,242.59584999999998,0.0,0.0,0.0,0.0,2790.2881026581194,2520.737158213675,0.0,0.0,270.27186307297023,3523.006145922771,3222.704075841693,0.0,0.0,0.0,0.0
2025-01-25,51,3872.56,2025-01-25T08:30:00,2025-01-25T08:20:00,08:30:00,26,AZ,2702.7375,08:30:00,26,AZ,0.9948,08:30:00,26,AZ,1.0849,645.4266666666666,450.45625,1169.8224999999998,194.9704166666666,2025-01-25T08:30:00,2025-01-25 00:00:00,2025-01-25 00:00:00,2025-01-25T08:30:00,2025-01-25T08:30:00,1.0849,649.6101401796165,405.1122945228864,0.0,1,profile_incumbent,-6.868361004197084,0.0,194.9704166666666,0.0,0.0,0.0,0.0,2520.737158213675,2304.1033619173786,0.0,0.0,244.49784565673008,3222.704075841693,2951.0398028897707,0.0,0.0,0.0,0.0
2025-01-25,52,3877.6081,2025-01-25T08:40:00,2025-01-25T08:30:00,08:40:00,26,BA,2966.6458,08:40:00,26,BA,0.9864,08:40:00,26,BA,1.061,646.2680166666667,494.4409666666666,910.9623000000001,151.82705000000004,2025-01-25T08:40:00,2025-01-25 00:00:00,2025-01-25 00:00:00,2025-01-25T08:40:00,2025-01-25T08:40:00,1.061,644.7894458410218,447.9614311355404,0.0,1,profile_incumbent,-6.868361004197084,0.0,151.82705000000004,0.0,0.0,0.0,0.0,2304.1033619173786,2135.406639695156,0.0,0.0,196.8280147054814,2951.0398028897707,2732.342008772569,0.0,0.0,0.0,0.0
2025-01-25,53,4000.7483,2025-01-25T08:50:00,2025-01-25T08:40:00,08:50:00,26,BB,3281.0183,08:50:00,26,BB,0.9659,08:50:00,26,BB,1.043,666.7913833333333,546.8363833333334,719.73,119.95499999999993,2025-01-25T08:50:00,2025-01-25 00:00:00,2025-01-25 00:00:00,2025-01-25T08:50:00,2025-01-25T08:50:00,1.043,675.2484804044568,491.78062340050957,0.0,1,profile_incumbent,-6.868361004197084,0.0,119.95499999999993,0.0,0.0,0.0,0.0,2135.406639695156,2002.1233063618229,0.0,0.0,183.46785700394724,2732.342008772569,2528.488834323739,0.0,0.0,0.0,0.0
2025-01-25,54,4240.59,2025-01-25T09:00:00,2025-01-25T08:50:00,09:00:00,26,BC,3647.325,09:00:00,26,BC,0.9624,09:00:00,26,BC,1.036,706.765,607.8874999999999,593.2650000000003,98.87750000000005,2025-01-25T09:00:00,2025-01-25 00:00:00,2025-01-25 00:00:00,2025-01-25T09:00:00,2025-01-25T09:00:00,1.036,737.1766167410261,536.2664804789223,0.0,1,profile_incumbent,-6.868361004197084,0.0,98.87750000000005,0.0,0.0,0.0,0.0,2002.1233063618229,1892.2594174729338,0.0,0.0,200.91013626210383,2528.488834323739,2305.255349588068,0.0,0.0,0.0,0.0
2025-01-25,55,4437.5166,2025-01-25T09:10:00,2025-01-25T09:00:00,09:10:00,26,BD,3971.2547,09:10:00,26,BD,1.0042,09:10:00,26,BD,1.0147,739.5861,661.8757833333333,466.26189999999997,77.7103166666667,2025-01-25T09:10:00,2025-01-25 00:00:00,2025-01-25 00:00:00,2025-01-25T09:10:00,2025-01-25T09:10:00,1.0147,762.0126802437785,581.0969550746217,0.0,1,profile_incumbent,17.165873811311158,0.0,77.7103166666667,0.0,0.0,0.0,0.0,1892.2594174729338,1805.9146211766374,0.0,0.0,180.91572516915676,2305.255349588068,2104.2378771778936,0.0,0.0,0.0,0.0
2025-01-25,56,4407.4568,2025-01-25T09:20:00,2025-01-25T09:10:00,09:20:00,26,BE,4252.9685,09:20:00,26,BE,0.9788,09:20:00,26,BE,0.9922,734.5761333333334,708.8280833333333,154.48829999999998,25.748050000000035,2025-01-25T09:20:00,2025-01-25 00:00:00,2025-01-25 00:00:00,2025-01-25T09:20:00,2025-01-25T09:20:00,0.9922,747.1782658681143,625.9347609373783,0.0,1,profile_incumbent,17.165873811311158,0.0,25.748050000000035,0.0,0.0,0.0,0.0,1805.9146211766374,1777.305676732193,0.0,0.0,121.24350493073598,2104.2378771778936,1969.522871699298,0.0,0.0,0.0,0.0
2025-01-25,57,4290.19,2025-01-25T09:30:00,2025-01-25T09:20:00,09:30:00,26,BF,4512.4125,09:30:00,26,BF,0.8845,09:30:00,26,BF,0.97,715.0316666666666,752.06875,-222.22250000000076,-37.037083333333385,2025-01-25T09:30:00,2025-01-25 00:00:00,2025-01-25 00:00:00,2025-01-25T09:30:00,2025-01-25T09:30:00,0.97,729.6605476420001,670.4310689002125,0.0,1,profile_incumbent,17.165873811311158,37.037083333333385,0.0,0.0,0.0,0.0,0.0,1777.305676732193,1810.639051732193,0.0,0.0,59.2294787417876,1969.522871699298,1903.7123397639784,0.0,0.0,0.0,0.0
2025-01-25,58,4408.5137,2025-01-25T09:40:00,2025-01-25T09:30:00,09:40:00,26,BG,4755.859,09:40:00,26,BG,0.8496,09:40:00,26,BG,0.9422,734.7522833333334,792.6431666666667,-347.34529999999995,-57.89088333333336,2025-01-25T09:40:00,2025-01-25 00:00:00,2025-01-25 00:00:00,2025-01-25T09:40:00,2025-01-25T09:40:00,0.9422,744.6087093932044,714.2294317222542,0.0,1,profile_incumbent,17.165873811311158,57.89088333333336,0.0,0.0,0.0,0.0,0.0,1810.639051732193,1862.740846732193,0.0,0.0,30.379277670950273,1903.7123397639784,1869.957586796256,0.0,0.0,0.0,0.0
2025-01-25,59,4513.921,2025-01-25T09:50:00,2025-01-25T09:40:00,09:50:00,26,BH,4958.9544,09:50:00,26,BH,0.9332,09:50:00,26,BH,0.9569,752.3201666666668,826.4924,-445.03339999999935,-74.17223333333322,2025-01-25T09:50:00,2025-01-25 00:00:00,2025-01-25 00:00:00,2025-01-25T09:50:00,2025-01-25T09:50:00,0.9569,734.6543536094866,756.9698839613952,0.0,1,profile_incumbent,17.165873811311158,74.17223333333322,0.0,0.0,0.0,0.0,0.0,1862.740846732193,1929.4958567321928,0.0,22.315530351908592,0.0,1869.957586796256,1890.0415641129737,0.0,0.0,0.0,0.0
2025-01-25,60,4437.97,2025-01-25T10:00:00,2025-01-25T09:50:00,10:00:00,26,BI,5169.075,10:00:00,26,BI,1.0579,10:00:00,26,BI,0.9977,739.6616666666667,861.5124999999999,-731.1049999999996,-121.85083333333318,2025-01-25T10:00:00,2025-01-25 00:00:00,2025-01-25 00:00:00,2025-01-25T10:00:00,2025-01-25T10:00:00,0.9977,699.8928458725226,798.2931598762576,0.0,1,profile_incumbent,17.165873811311158,121.85083333333318,0.0,0.0,0.0,0.0,0.0,1929.4958567321928,2039.1616067321927,0.0,98.40031400373505,0.0,1890.0415641129737,1978.6018467163353,0.0,0.0,0.0,0.0
2025-01-25,61,4286.0237,2025-01-25T10:10:00,2025-01-25T10:00:00,10:10:00,26,BJ,5469.5743,10:10:00,26,BJ,1.0779,10:10:00,26,BJ,0.9919,714.3372833333333,911.5957166666667,-1183.5506000000005,-197.25843333333341,2025-01-25T10:10:00,2025-01-25 00:00:00,2025-01-25 00:00:00,2025-01-25T10:10:00,2025-01-25T10:10:00,0.9919,702.3265894076734,837.8449700113985,0.0,1,profile_incumbent,43.12846507077418,197.25843333333341,0.0,0.0,0.0,0.0,0.0,2039.1616067321927,2216.6941967321927,0.0,135.51838060372506,0.0,1978.6018467163353,2100.568389259688,0.0,0.0,0.0,0.0
2025-01-25,62,4334.2227,2025-01-25T10:20:00,2025-01-25T10:10:00,10:20:00,26,BK,5772.859,10:20:00,26,BK,1.0419,10:20:00,26,BK,0.9588,722.37045,962.1431666666667,-1438.6363000000001,-239.77271666666672,2025-01-25T10:20:00,2025-01-25 00:00:00,2025-01-25 00:00:00,2025-01-25T10:20:00,2025-01-25T10:20:00,0.9588,728.1855526563181,875.280275695606,0.0,1,profile_incumbent,43.12846507077418,239.77271666666672,0.0,0.0,0.0,0.0,0.0,2216.6941967321927,2432.489641732193,0.0,147.09472303928783,0.0,2100.568389259688,2232.953639995047,0.0,0.0,0.0,0.0
2025-01-25,63,4479.23,2025-01-25T10:30:00,2025-01-25T10:20:00,10:30:00,26,BL,6003.75,10:30:00,26,BL,1.0423,10:30:00,26,BL,0.9549,746.5383333333333,1000.625,-1524.5200000000004,-254.0866666666667,2025-01-25T10:30:00,2025-01-25 00:00:00,2025-01-25 00:00:00,2025-01-25T10:30:00,2025-01-25T10:30:00,0.9549,742.6579716645663,910.2675002079807,0.0,1,profile_incumbent,43.12846507077418,254.0866666666667,0.0,0.0,0.0,0.0,0.0,2432.489641732193,2661.167641732193,0.0,167.6095285434144,0.0,2232.953639995047,2383.80221568412,0.0,0.0,0.0,0.0
2025-01-25,64,4368.0102,2025-01-25T10:40:00,2025-01-25T10:30:00,10:40:00,26,BM,6140.174,10:40:00,26,BM,1.0756,10:40:00,26,BM,0.9839,728.0016999999999,1023.3623333333334,-1772.1638000000003,-295.36063333333345,2025-01-25T10:40:00,2025-01-25 00:00:00,2025-01-25 00:00:00,2025-01-25T10:40:00,2025-01-25T10:40:00,0.9839,721.5016474412449,942.4926158519594,0.0,1,profile_incumbent,43.12846507077418,295.36063333333345,0.0,0.0,0.0,0.0,0.0,2661.167641732193,2926.992211732193,0.0,220.99096841071446,0.0,2383.80221568412,2582.694087253763,0.0,0.0,0.0,0.0
2025-01-25,65,4310.2467,2025-01-25T10:50:00,2025-01-25T10:40:00,10:50:00,26,BN,6157.2768,10:50:00,26,BN,0.8057,10:50:00,26,BN,0.799,718.3744499999999,1026.2128,-1847.0301,-307.8383500000001,2025-01-25T10:50:00,2025-01-25 00:00:00,2025-01-25 00:00:00,2025-01-25T10:50:00,2025-01-25T10:50:00,0.799,687.8552922948599,971.6630476196129,0.0,1,profile_incumbent,43.12846507077418,307.8383500000001,0.0,0.0,0.0,0.0,0.0,2926.992211732193,3204.0467267321933,0.0,283.8077553247531,0.0,2582.694087253763,2838.121067046041,0.0,0.0,0.0,0.0
2025-01-25,66,4394.17,2025-01-25T11:00:00,2025-01-25T10:50:00,11:00:00,26,BO,6231.075,11:00:00,26,BO,0.3884,11:00:00,26,BO,0.5025,732.3616666666667,1038.5125,-1836.9049999999997,-306.15083333333337,2025-01-25T11:00:00,2025-01-25 00:00:00,2025-01-25 00:00:00,2025-01-25T11:00:00,2025-01-25T11:00:00,0.5025,682.6669549856874,997.5113365076517,0.0,1,profile_incumbent,43.12846507077418,306.15083333333337,0.0,0.0,0.0,0.0,0.0,3204.0467267321933,3479.5824767321933,0.0,314.84438152196424,0.0,2838.121067046041,3121.4810104158087,0.0,0.0,0.0,0.0
2025-01-25,67,4369.3618,2025-01-25T11:10:00,2025-01-25T11:00:00,11:10:00,26,BP,6537.7781,11:10:00,26,BP,0.35,11:10:00,26,BP,0.4662,728.2269666666666,1089.6296833333333,-2168.416300000001,-361.4027166666667,2025-01-25T11:10:00,2025-01-25 00:00:00,2025-01-25 00:00:00,2025-01-25T11:10:00,2025-01-25T11:10:00,0.4662,724.042085556878,1019.7985088274289,85.2947066498331,1,profile_incumbent,42.300849196785116,446.6974233164999,0.0,0.0,0.0,0.0,0.0,3479.5824767321933,3881.6101577170434,0.0,381.051129920384,0.0,3121.4810104158087,3464.4270273441543,0.0,39.76439224015219,0.0,39.76439224015219
2025-01-25,68,4206.5277,2025-01-25T11:20:00,2025-01-25T11:10:00,11:20:00,26,BQ,6485.7099,11:20:00,26,BQ,0.4148,11:20:00,26,BQ,0.5007,701.08795,1080.95165,-2279.1822,-379.8637,2025-01-25T11:20:00,2025-01-25 00:00:00,2025-01-25 00:00:00,2025-01-25T11:20:00,2025-01-25T11:20:00,0.5007,720.6031476415571,1038.317101983809,0.0,1,profile_incumbent,42.300849196785116,379.8637,0.0,0.0,0.0,0.0,0.0,3881.6101577170434,4223.487487717043,0.0,317.7139543422518,0.0,3464.4270273441543,3750.369586252181,0.0,0.0,0.0,0.0
2025-01-25,69,4134.8,2025-01-25T11:30:00,2025-01-25T11:20:00,11:30:00,26,BR,6200.5125,11:30:00,26,BR,0.4112,11:30:00,26,BR,0.4827,689.1333333333333,1033.41875,-2065.7124999999996,-344.2854166666667,2025-01-25T11:30:00,2025-01-25 00:00:00,2025-01-25 00:00:00,2025-01-25T11:30:00,2025-01-25T11:30:00,0.4827,682.998616088749,1052.8938021178926,16.317556908846697,1,profile_incumbent,42.300849196785116,360.6029735755134,0.0,0.0,0.0,0.0,0.0,4223.487487717043,4548.0301639350055,0.0,386.21274293799024,0.0,3750.369586252181,4097.961054896372,0.0,7.876484719900301,0.0,7.876484719900301
2025-01-25,70,4371.2835,2025-01-25T11:40:00,2025-01-25T11:30:00,11:40:00,26,BS,6414.4954,11:40:00,26,BS,0.4374,11:40:00,26,BS,0.4785,728.54725,1069.0825666666667,-2043.2119000000002,-340.53531666666674,2025-01-25T11:40:00,2025-01-25 00:00:00,2025-01-25 00:00:00,2025-01-25T11:40:00,2025-01-25T11:40:00,0.4785,710.0046072943769,1063.391654639158,479.1575085498761,1,profile_incumbent,42.300849196785116,819.6928252165429,0.0,0.0,0.0,0.0,0.0,4548.0301639350055,5285.753706629894,0.0,832.5445558946574,0.0,4097.961054896372,4847.251155201564,0.0,229.27686784111572,0.0,229.27686784111572
2025-01-25,71,4324.9891,2025-01-25T11:50:00,2025-01-25T11:40:00,11:50:00,26,BT,6662.8437,11:50:00,26,BT,0.4288,11:50:00,26,BT,0.4662,720.8315166666666,1110.47395,-2337.8546000000006,-389.64243333333343,2025-01-25T11:50:00,2025-01-25 00:00:00,2025-01-25 00:00:00,2025-01-25T11:50:00,2025-01-25T11:50:00,0.4662,737.919549577359,1069.7118149246066,573.6969050566701,1,profile_incumbent,42.300849196785116,833.3333333333334,0.0,0.0,130.00600505667,130.00600505667,0.0,5285.753706629894,6035.753706629894,0.0,833.3333333333334,0.0,4847.251155201564,5597.251155201564,72.1558370705842,267.4574971374196,0.0,267.4574971374196
2025-01-25,72,4005.61,2025-01-25T12:00:00,2025-01-25T11:50:00,12:00:00,26,BU,6677.6625,12:00:00,26,BU,0.3788,12:00:00,26,BU,0.4432,667.6016666666667,1112.9437500000001,-2672.0525000000002,-445.34208333333345,2025-01-25T12:00:00,2025-01-25 00:00:00,2025-01-25 00:00:00,2025-01-25T12:00:00,2025-01-25T12:00:00,0.4432,726.0653163323226,1071.794813236872,574.905392119739,1,profile_incumbent,42.300849196785116,833.3333333333334,0.0,0.0,186.91414211973904,186.91414211973904,0.0,6035.753706629894,6785.753706629894,0.0,833.3333333333334,0.0,5597.251155201564,6347.251155201564,87.30155569095496,254.7980697874683,0.0,254.7980697874683
2025-01-25,73,4010.5176,2025-01-25T12:10:00,2025-01-25T12:00:00,12:10:00,26,BV,6651.3779,12:10:00,26,BV,0.3606,12:10:00,26,BV,0.4411,668.4196000000001,1108.5629833333335,-2640.8603000000003,-440.1433833333334,2025-01-25T12:10:00,2025-01-25 00:00:00,2025-01-25 00:00:00,2025-01-25T12:10:00,2025-01-25T12:10:00,0.4411,699.8316664820442,1069.621315102016,600.0607938683747,1,profile_incumbent,41.89604727703916,833.3333333333334,0.0,0.0,206.8708438683749,206.8708438683749,0.0,6785.753706629894,7535.753706629894,0.0,833.3333333333334,0.0,6347.251155201564,7097.251155201564,136.51710915501326,264.6868161753401,0.0,264.6868161753401
2025-01-25,74,4082.2261,2025-01-25T12:20:00,2025-01-25T12:10:00,12:20:00,26,BW,6597.6234,12:20:00,26,BW,0.3588,12:20:00,26,BW,0.4551,680.3710166666666,1099.6039,-2515.3973000000005,-419.23288333333346,2025-01-25T12:20:00,2025-01-25 00:00:00,2025-01-25 00:00:00,2025-01-25T12:20:00,2025-01-25T12:20:00,0.4551,687.3209930106738,1063.2123658762368,616.0972215484963,1,profile_incumbent,41.89604727703916,833.3333333333334,0.0,0.0,201.99677154849644,201.99677154849644,0.0,7535.753706629894,8285.753706629894,0.0,833.3333333333334,0.0,7097.251155201564,7847.251155201564,158.65526108072618,280.3858455267207,0.0,280.3858455267207
2025-01-25,75,4059.06,2025-01-25T12:30:00,2025-01-25T12:20:00,12:30:00,26,BX,6588.8625,12:30:00,26,BX,0.3527,12:30:00,26,BX,0.4463,676.51,1098.14375,-2529.8025000000002,-421.63374999999996,2025-01-25T12:30:00,2025-01-25 00:00:00,2025-01-25 00:00:00,2025-01-25T12:30:00,2025-01-25T12:30:00,0.4463,687.1040062378733,1052.6291158992356,606.2939273366375,1,profile_incumbent,41.89604727703916,833.3333333333334,0.0,0.0,194.59434400330417,194.59434400330417,0.0,8285.753706629894,9035.753706629894,0.0,833.3333333333334,0.0,7847.251155201564,8597.251155201564,138.48570366466652,270.58897977034127,0.0,270.58897977034127
2025-01-25,76,4063.6281,2025-01-25T12:40:00,2025-01-25T12:30:00,12:40:00,26,BY,6736.3169,12:40:00,26,BY,0.3644,12:40:00,26,BY,0.4113,677.27135,1122.7194833333333,-2672.6888,-445.4481333333333,2025-01-25T12:40:00,2025-01-25 00:00:00,2025-01-25 00:00:00,2025-01-25T12:40:00,2025-01-25T12:40:00,0.4113,678.8220197893796,1037.9720303578276,601.261399896003,1,profile_incumbent,41.89604727703916,833.3333333333334,0.0,0.0,213.37619989600296,213.37619989600296,0.0,9035.753706629894,9785.753706629894,0.0,833.3333333333334,0.0,8597.251155201564,9347.251155201564,127.07807713111765,247.29881377722603,0.0,247.29881377722603
2025-01-25,77,4084.3251,2025-01-25T12:50:00,2025-01-25T12:40:00,12:50:00,26,BZ,6875.2554,12:50:00,26,BZ,0.5034,12:50:00,26,BZ,0.5682,680.72085,1145.8759,-2790.9303,-465.15504999999996,2025-01-25T12:50:00,2025-01-25 00:00:00,2025-01-25 00:00:00,2025-01-25T12:50:00,2025-01-25T12:50:00,0.5682,682.846129932696,1019.379595642967,0.0,1,profile_incumbent,41.89604727703916,465.15504999999996,0.0,0.0,0.0,0.0,0.0,9785.753706629894,10204.393251629894,0.0,336.533465710271,0.0,9347.251155201564,9650.131274340807,0.0,0.0,0.0,0.0
2025-01-25,78,4120.89,2025-01-25T13:00:00,2025-01-25T12:50:00,13:00:00,26,CA,6893.025,13:00:00,26,CA,0.7008,13:00:00,26,CA,0.8279,686.815,1148.8374999999999,-2772.1349999999993,-462.0224999999998,2025-01-25T13:00:00,2025-01-25 00:00:00,2025-01-25 00:00:00,2025-01-25T13:00:00,2025-01-25T13:00:00,0.8279,695.1983206420387,997.0265414541052,0.0,1,profile_incumbent,41.89604727703916,462.0224999999998,0.0,0.0,0.0,0.0,0.0,10204.393251629894,10620.213501629894,0.0,301.82822081206655,0.0,9650.131274340807,9921.776673071667,0.0,0.0,0.0,0.0
2025-01-25,79,4172.4181,2025-01-25T13:10:00,2025-01-25T13:00:00,13:10:00,26,CB,6798.1902,13:10:00,26,CB,0.7507,13:10:00,26,CB,0.8636,695.4030166666666,1133.0317,-2625.7721,-437.62868333333336,2025-01-25T13:10:00,2025-01-25 00:00:00,2025-01-25 00:00:00,2025-01-25T13:10:00,2025-01-25T13:10:00,0.8636,685.9871775535214,971.1216050673729,0.0,1,profile_incumbent,-1.4946924308973906,199.762775966784,0.0,0.0,237.86590736654935,0.0,237.86590736654935,10620.213501629894,10800.0,0.0,285.1344275138515,0.0,9921.776673071667,10178.397657834133,0.0,0.0,0.0,0.0
2025-01-25,80,4057.988,2025-01-25T13:20:00,2025-01-25T13:10:00,13:20:00,26,CC,6598.0992,13:20:00,26,CC,0.6988,13:20:00,26,CC,0.8416,676.3313333333333,1099.6832,-2540.1112,-423.35186666666664,2025-01-25T13:20:00,2025-01-25 00:00:00,2025-01-25 00:00:00,2025-01-25T13:20:00,2025-01-25T13:20:00,0.8416,661.4694906074945,941.9048709241621,0.0,1,profile_incumbent,-1.4946924308973906,0.0,0.0,0.0,423.35186666666664,0.0,423.35186666666664,10800.0,10800.0,0.0,280.43538031666753,0.0,10178.397657834133,10430.789500119134,0.0,0.0,0.0,0.0
2025-01-25,81,3918.32,2025-01-25T13:30:00,2025-01-25T13:20:00,13:30:00,26,CD,6366.1125,13:30:00,26,CD,0.6596,13:30:00,26,CD,0.8618,653.0533333333334,1061.01875,-2447.7925,-407.96541666666656,2025-01-25T13:30:00,2025-01-25 00:00:00,2025-01-25 00:00:00,2025-01-25T13:30:00,2025-01-25T13:30:00,0.8618,645.9552202943561,909.6447249070259,0.0,1,profile_incumbent,-1.4946924308973906,0.0,0.0,0.0,407.96541666666656,0.0,407.96541666666656,10800.0,10800.0,0.0,263.6895046126698,0.0,10430.789500119134,10668.110054270537,0.0,0.0,0.0,0.0
2025-01-25,82,4063.8793,2025-01-25T13:40:00,2025-01-25T13:30:00,13:40:00,26,CE,6180.5931,13:40:00,26,CE,0.7169,13:40:00,26,CE,0.8623,677.3132166666667,1030.09885,-2116.7138,-352.7856333333334,2025-01-25T13:40:00,2025-01-25 00:00:00,2025-01-25 00:00:00,2025-01-25T13:40:00,2025-01-25T13:40:00,0.8623,660.9522138031443,874.6344682519114,0.0,1,profile_incumbent,-1.4946924308973906,0.0,0.0,0.0,352.7856333333334,0.0,352.7856333333334,10800.0,10800.0,0.0,146.54438414384762,0.0,10668.110054270537,10800.0,67.1378703049194,0.0,0.0,0.0
2025-01-25,83,4042.9883,2025-01-25T13:50:00,2025-01-25T13:40:00,13:50:00,26,CF,5880.8233,13:50:00,26,CF,0.8205,13:50:00,26,CF,0.9026,673.8313833333333,980.1372166666666,-1837.835,-306.30583333333334,2025-01-25T13:50:00,2025-01-25 00:00:00,2025-01-25 00:00:00,2025-01-25T13:50:00,2025-01-25T13:50:00,0.9026,682.5804739156696,837.1886409115472,0.0,1,profile_incumbent,-1.4946924308973906,0.0,0.0,0.0,306.30583333333334,0.0,306.30583333333334,10800.0,10800.0,0.0,0.0,0.0,10800.0,10800.0,154.60816699587758,0.0,0.0,0.0
2025-01-25,84,3837.06,2025-01-25T14:00:00,2025-01-25T13:50:00,14:00:00,26,CG,5508.3375,14:00:00,26,CG,0.9261,14:00:00,26,CG,0.9754,639.51,918.05625,-1671.2774999999997,-278.54625,2025-01-25T14:00:00,2025-01-25 00:00:00,2025-01-25 00:00:00,2025-01-25T14:00:00,2025-01-25T14:00:00,0.9754,683.5354854406559,797.6391082580216,0.0,1,profile_incumbent,-1.4946924308973906,0.0,0.0,0.0,278.54625,0.0,278.54625,10800.0,10800.0,0.0,0.0,0.0,10800.0,10800.0,114.1036228173657,0.0,0.0,0.0
2025-01-25,85,3865.4845,2025-01-25T14:10:00,2025-01-25T14:00:00,14:10:00,26,CH,5263.72,14:10:00,26,CH,1.0206,14:10:00,26,CH,1.0002,644.2474166666667,877.2866666666667,-1398.2355000000002,-233.03925000000004,2025-01-25T14:10:00,2025-01-25 00:00:00,2025-01-25 00:00:00,2025-01-25T14:10:00,2025-01-25T14:10:00,1.0002,654.5040505814083,756.3309682301796,0.0,1,profile_incumbent,-22.027101579767404,0.0,0.0,0.0,233.03925000000004,0.0,233.03925000000004,10800.0,10800.0,0.0,0.0,0.0,10800.0,10800.0,101.82691764877131,0.0,0.0,0.0
2025-01-25,86,3810.1825,2025-01-25T14:20:00,2025-01-25T14:10:00,14:20:00,26,CI,4948.1813,14:20:00,26,CI,1.0622,14:20:00,26,CI,0.9978,635.0304166666666,824.6968833333334,-1137.9988000000003,-189.6664666666668,2025-01-25T14:20:00,2025-01-25 00:00:00,2025-01-25 00:00:00,2025-01-25T14:20:00,2025-01-25T14:20:00,0.9978,625.358789575938,713.6183383444107,0.0,1,profile_incumbent,-22.027101579767404,0.0,0.0,0.0,189.6664666666668,0.0,189.6664666666668,10800.0,10800.0,0.0,0.0,0.0,10800.0,10800.0,88.25954876847277,0.0,0.0,0.0
2025-01-25,87,3645.61,2025-01-25T14:30:00,2025-01-25T14:20:00,14:30:00,26,CJ,4612.575,14:30:00,26,CJ,1.0917,14:30:00,26,CJ,1.0271,607.6016666666667,768.7624999999999,-966.9649999999997,-161.16083333333324,2025-01-25T14:30:00,2025-01-25 00:00:00,2025-01-25 00:00:00,2025-01-25T14:30:00,2025-01-25T14:30:00,1.0271,619.5276806995992,669.8600833616431,0.0,1,profile_incumbent,-22.027101579767404,0.0,0.0,0.0,161.16083333333324,0.0,161.16083333333324,10800.0,10800.0,0.0,0.0,0.0,10800.0,10800.0,50.33240266204393,0.0,0.0,0.0
2025-01-25,88,3679.5471,2025-01-25T14:40:00,2025-01-25T14:30:00,14:40:00,26,CK,4497.2351,14:40:00,26,CK,1.146,14:40:00,26,CK,1.0906,613.25785,749.5391833333333,-817.6880000000001,-136.28133333333335,2025-01-25T14:40:00,2025-01-25 00:00:00,2025-01-25 00:00:00,2025-01-25T14:40:00,2025-01-25T14:40:00,1.0906,634.8022095607297,625.4155448203774,0.0,1,profile_incumbent,-22.027101579767404,0.0,0.0,0.0,136.28133333333335,0.0,136.28133333333335,10800.0,10800.0,0.0,0.0,9.38666474035233,10800.0,10789.57037251072,0.0,0.0,0.0,0.0
2025-01-25,89,3639.056,2025-01-25T14:50:00,2025-01-25T14:40:00,14:50:00,26,CL,4214.5559,14:50:00,26,CL,0.9135,14:50:00,26,CL,0.9376,606.5093333333333,702.4259833333334,-575.4999000000003,-95.91665000000012,2025-01-25T14:50:00,2025-01-25 00:00:00,2025-01-25 00:00:00,2025-01-25T14:50:00,2025-01-25T14:50:00,0.9376,633.1791383999523,580.6403331025302,0.0,1,profile_incumbent,-22.027101579767404,0.0,0.0,0.0,95.91665000000012,0.0,95.91665000000012,10800.0,10800.0,0.0,0.0,52.53880529742207,10789.57037251072,10731.193922180251,0.0,0.0,0.0,0.0
2025-01-25,90,3582.69,2025-01-25T15:00:00,2025-01-25T14:50:00,15:00:00,26,CM,3753.7875,15:00:00,26,CM,0.5321,15:00:00,26,CM,0.6694,597.115,625.63125,-171.09749999999985,-28.516250000000014,2025-01-25T15:00:00,2025-01-25 00:00:00,2025-01-25 00:00:00,2025-01-25T15:00:00,2025-01-25T15:00:00,0.6694,616.5503170812706,535.8822412086556,148.7199172760901,1,profile_incumbent,-22.027101579767404,0.0,0.0,0.0,177.2361672760901,148.7199172760901,28.516250000000014,10800.0,10800.0,0.0,68.05184140347512,0.0,10731.193922180251,10792.440579443379,0.0,99.5531126246147,0.0,99.5531126246147
2025-01-25,91,3831.8668,2025-01-25T15:10:00,2025-01-25T15:00:00,15:10:00,26,CN,3482.18,15:10:00,26,CN,0.4975,15:10:00,26,CN,0.66,638.6444666666666,580.3633333333333,349.68679999999995,58.28113333333329,2025-01-25T15:10:00,2025-01-25 00:00:00,2025-01-25 00:00:00,2025-01-25T15:10:00,2025-01-25T15:10:00,0.66,619.6333935051462,491.4773370102916,138.10920003020675,1,profile_incumbent,-22.307818519864732,0.0,0.0,0.0,79.82806669687352,79.82806669687352,0.0,10800.0,10800.0,0.0,8.399356174023625,0.0,10792.440579443379,10800.0,1.553787361328558,91.15207201993645,0.0,91.15207201993645
2025-01-25,92,3861.2116,2025-01-25T15:20:00,2025-01-25T15:10:00,15:20:00,26,CO,3147.1682,15:20:00,26,CO,0.5951,15:20:00,26,CO,0.7217,643.5352666666666,524.5280333333334,714.0434,119.00723333333326,2025-01-25T15:20:00,2025-01-25 00:00:00,2025-01-25 00:00:00,2025-01-25T15:20:00,2025-01-25T15:20:00,0.7217,616.0571948568227,447.7462874631786,107.20187929509385,1,profile_incumbent,-22.307818519864732,0.0,11.805354038239443,0.0,0.0,0.0,0.0,10800.0,10786.882939957512,0.0,0.0,61.1090280985502,10800.0,10732.101079890499,0.0,77.36759628726924,0.0,77.36759628726924
2025-01-25,93,3603.96,2025-01-25T15:30:00,2025-01-25T15:20:00,15:30:00,26,CP,2768.4,15:30:00,26,CP,0.6319,15:30:00,26,CP,0.7308,600.66,461.40000000000003,835.56,139.25999999999993,2025-01-25T15:30:00,2025-01-25 00:00:00,2025-01-25 00:00:00,2025-01-25T15:30:00,2025-01-25T15:30:00,0.7308,615.3496217130614,404.99096416366035,192.20030137465693,1,profile_incumbent,-22.307818519864732,14.574511158320496,0.0,0.0,38.3657902163365,38.3657902163365,0.0,10786.882939957512,10800.0,0.0,0.0,18.158356174744085,10732.101079890499,10711.925128585228,0.0,140.45998024459928,0.0,140.45998024459928
2025-01-25,94,3529.2409,2025-01-25T15:40:00,2025-01-25T15:30:00,15:40:00,26,CQ,2630.1852,15:40:00,26,CQ,0.6274,15:40:00,26,CQ,0.7534,588.2068166666667,438.3642,899.0556999999999,149.8426166666667,2025-01-25T15:40:00,2025-01-25 00:00:00,2025-01-25 00:00:00,2025-01-25T15:40:00,2025-01-25T15:40:00,0.7534,653.0903435645625,363.4913747826911,267.3613342506031,1,profile_incumbent,-22.307818519864732,0.0,0.0,0.0,117.51871758393634,117.51871758393634,0.0,10800.0,10800.0,0.0,0.0,22.23763453126844,10711.925128585228,10687.216645772707,0.0,201.43002922440434,0.0,201.43002922440434
2025-01-25,95,3550.8973,2025-01-25T15:50:00,2025-01-25T15:40:00,15:50:00,26,CR,2364.4055,15:50:00,26,CR,0.6317,15:50:00,26,CR,0.7823,591.8162166666667,394.0675833333333,1186.4918000000002,197.74863333333343,2025-01-25T15:50:00,2025-01-25 00:00:00,2025-01-25 00:00:00,2025-01-25T15:50:00,2025-01-25T15:50:00,0.7823,665.3239475234044,323.50295940056645,347.99112688272976,1,profile_incumbent,-22.307818519864732,0.0,0.0,0.0,150.24249354939627,150.24249354939627,0.0,10800.0,10800.0,0.0,6.170138759891756,0.0,10687.216645772707,10692.76977065661,0.0,272.2334585603595,0.0,272.2334585603595
2025-01-25,96,3517.55,2025-01-25T16:00:00,2025-01-25T15:50:00,16:00:00,26,CS,1918.05,16:00:00,26,CS,0.6658,16:00:00,26,CS,0.8055,586.2583333333333,319.675,1599.5000000000002,266.5833333333333,2025-01-25T16:00:00,2025-01-25 00:00:00,2025-01-25 00:00:00,2025-01-25T16:00:00,2025-01-25T16:00:00,0.8055,632.7557781766153,285.2542846843548,312.5095146598732,1,profile_incumbent,-22.307818519864732,0.0,0.0,0.0,45.926181326539904,45.926181326539904,0.0,10800.0,10800.0,0.0,0.0,34.991978832387304,10692.76977065661,10653.88979417618,0.0,251.72641405852787,0.0,251.72641405852787
2025-01-25,97,3413.9279,2025-01-25T16:10:00,2025-01-25T16:00:00,16:10:00,26,CT,1611.5037,16:10:00,26,CT,0.7145,16:10:00,26,CT,0.8271,568.9879833333333,268.58395,1802.4242000000002,300.4040333333333,2025-01-25T16:10:00,2025-01-25 00:00:00,2025-01-25 00:00:00,2025-01-25T16:10:00,2025-01-25T16:10:00,0.8271,601.9766127817661,248.9451623017088,353.6152640410869,1,profile_incumbent,53.90432532366335,0.0,0.0,0.0,53.21123070775354,53.21123070775354,0.0,10800.0,10800.0,0.0,0.5838135610296149,0.0,10653.88979417618,10654.415226381107,0.0,292.47518488838296,0.0,292.47518488838296
2025-01-25,98,3434.0292,2025-01-25T16:20:00,2025-01-25T16:10:00,16:20:00,26,CU,1333.7967,16:20:00,26,CU,0.7548,16:20:00,26,CU,0.8519,572.3382,222.29945,2100.2325,350.03875000000005,2025-01-25T16:20:00,2025-01-25 00:00:00,2025-01-25 00:00:00,2025-01-25T16:20:00,2025-01-25T16:20:00,0.8519,601.043073337073,214.74521105916432,430.5524784245478,1,profile_incumbent,53.90432532366335,0.0,0.0,0.0,80.51372842454782,80.51372842454782,0.0,10800.0,10800.0,0.0,44.25461614663914,0.0,10654.415226381107,10694.244380913082,0.0,366.78765636987225,0.0,366.78765636987225
2025-01-25,99,3571.47,2025-01-25T16:30:00,2025-01-25T16:20:00,16:30:00,26,CV,1019.0625,16:30:00,26,CV,0.7742,16:30:00,26,CV,0.8791,595.245,169.84375,2552.4075,425.40125,2025-01-25T16:30:00,2025-01-25 00:00:00,2025-01-25 00:00:00,2025-01-25T16:30:00,2025-01-25T16:30:00,0.8791,615.634331217422,182.79287510551322,503.2439140357198,1,profile_incumbent,53.90432532366335,0.0,0.0,0.0,77.84266403571985,77.84266403571985,0.0,10800.0,10800.0,0.0,70.40245792381108,0.0,10694.244380913082,10757.606593044511,0.0,442.40172482880126,0.0,442.40172482880126
2025-01-25,100,3567.5467,2025-01-25T16:40:00,2025-01-25T16:30:00,16:40:00,26,CW,738.049,16:40:00,26,CW,0.7791,16:40:00,26,CW,0.9024,594.5911166666666,123.00816666666667,2829.4977,471.5829499999999,2025-01-25T16:40:00,2025-01-25 00:00:00,2025-01-25 00:00:00,2025-01-25T16:40:00,2025-01-25T16:40:00,0.9024,600.9779591465178,153.19490327010118,531.415300569239,1,profile_incumbent,53.90432532366335,0.0,0.0,0.0,59.832350569239,59.832350569239,0.0,10800.0,10800.0,0.0,47.103785506098774,0.0,10757.606593044511,10800.0,36.528459186723495,479.54916723368126,0.0,479.54916723368126
2025-01-25,101,3184.5084,2025-01-25T16:50:00,2025-01-25T16:40:00,16:50:00,26,CX,476.5634,16:50:00,26,CX,0.8002,16:50:00,26,CX,0.9163,530.7514,79.42723333333333,2707.945,451.32416666666666,2025-01-25T16:50:00,2025-01-25 00:00:00,2025-01-25 00:00:00,2025-01-25T16:50:00,2025-01-25T16:50:00,0.9163,540.5794465064679,126.02628733222954,506.4526499650919,1,profile_incumbent,53.90432532366335,0.0,0.0,0.0,55.128483298425294,55.128483298425294,0.0,10800.0,10800.0,0.0,0.0,0.0,10800.0,10800.0,91.89949079085352,464.0625631630137,0.0,464.0625631630137
2025-01-25,102,2715.7,2025-01-25T17:00:00,2025-01-25T16:50:00,17:00:00,26,CY,233.8875,17:00:00,26,CY,0.8094,17:00:00,26,CY,0.9264,452.6166666666666,38.981249999999996,2481.8125,413.63541666666663,2025-01-25T17:00:00,2025-01-25 00:00:00,2025-01-25 00:00:00,2025-01-25T17:00:00,2025-01-25T17:00:00,0.9264,475.25941068993603,101.33064986078823,483.39383517879986,1,profile_incumbent,53.90432532366335,0.0,0.0,0.0,69.75841851213323,69.75841851213323,0.0,10800.0,10800.0,0.0,0.0,0.0,10800.0,10800.0,109.46507434965207,447.8160489096402,0.0,447.8160489096402
2025-01-25,103,2721.0976,2025-01-25T17:10:00,2025-01-25T17:00:00,17:10:00,26,CZ,50.6916,17:10:00,26,CZ,0.7591,17:10:00,26,CZ,0.9462,453.5162666666667,8.4486,2670.406,445.0676666666667,2025-01-25T17:10:00,2025-01-25 00:00:00,2025-01-25 00:00:00,2025-01-25T17:10:00,2025-01-25T17:10:00,0.9462,467.9741361038916,79.12106533990726,448.16494773985704,1,profile_incumbent,42.530545784831254,0.0,0.0,0.0,3.097281073190345,3.097281073190345,0.0,10800.0,10800.0,0.0,0.0,0.0,10800.0,10800.0,59.31187697587268,424.05367355145273,0.0,424.05367355145273
2025-01-25,104,2758.5335,2025-01-25T17:20:00,2025-01-25T17:10:00,17:20:00,26,DA,0.0,17:20:00,26,DA,0.7702,17:20:00,26,DA,0.9742,459.75558333333333,0.0,2758.5335,459.75558333333333,2025-01-25T17:20:00,2025-01-25 00:00:00,2025-01-25 00:00:00,2025-01-25T17:20:00,2025-01-25T17:20:00,0.9742,473.0159352033214,59.38129171932349,449.77497211773635,1,profile_incumbent,42.530545784831254,0.0,9.98061121559698,0.0,0.0,0.0,0.0,10800.0,10788.91043198267,0.0,0.0,0.0,10800.0,10800.0,36.14032863373842,438.17077783709874,0.0,438.17077783709874
2025-01-25,105,2668.58,2025-01-25T17:30:00,2025-01-25T17:20:00,17:30:00,26,DB,0.0,17:30:00,26,DB,0.8053,17:30:00,26,DB,0.9862,444.7633333333333,0.0,2668.58,444.7633333333333,2025-01-25T17:30:00,2025-01-25 00:00:00,2025-01-25 00:00:00,2025-01-25T17:30:00,2025-01-25T17:30:00,0.9862,465.8913711231343,42.06738340330533,475.6176648089768,1,profile_incumbent,42.530545784831254,12.321742241478608,0.0,0.0,18.532589234164895,18.532589234164895,0.0,10788.91043198267,10800.0,0.0,0.0,0.0,10800.0,10800.0,51.79367708914782,469.05414103461294,0.0,469.05414103461294
2025-01-25,106,2719.4226,2025-01-25T17:40:00,2025-01-25T17:30:00,17:40:00,26,DC,3.0176,17:40:00,26,DC,0.7382,17:40:00,26,DC,0.976,453.2371,0.5029333333333333,2716.4049999999997,452.7341666666667,2025-01-25T17:40:00,2025-01-25 00:00:00,2025-01-25 00:00:00,2025-01-25T17:40:00,2025-01-25T17:40:00,0.976,464.6642296932481,27.109651117342956,503.21473988009114,1,profile_incumbent,42.530545784831254,0.0,0.0,0.0,50.480573213424464,50.480573213424464,0.0,10800.0,10800.0,0.0,0.0,0.0,10800.0,10800.0,65.66016130418598,491.13758612296897,0.0,491.13758612296897
2025-01-25,107,2743.7553,2025-01-25T17:50:00,2025-01-25T17:40:00,17:50:00,26,DD,0.0,17:50:00,26,DD,0.8726,17:50:00,26,DD,1.0742,457.29254999999995,0.0,2743.7553,457.29254999999995,2025-01-25T17:50:00,2025-01-25 00:00:00,2025-01-25 00:00:00,2025-01-25T17:50:00,2025-01-25T17:50:00,1.0742,462.83518573916945,14.414929155383197,436.13161630050934,1,profile_incumbent,42.530545784831254,0.0,21.160933699490613,0.0,0.0,0.0,0.0,10800.0,10776.48785144501,0.0,0.0,12.28864028327689,10800.0,10786.345955240804,0.0,468.49258223000714,0.0,468.49258223000714
2025-01-25,108,2690.45,2025-01-25T18:00:00,2025-01-25T17:50:00,18:00:00,26,DE,0.0,18:00:00,26,DE,1.145,18:00:00,26,DE,1.2313,448.4083333333333,0.0,2690.45,448.4083333333333,2025-01-25T18:00:00,2025-01-25 00:00:00,2025-01-25 00:00:00,2025-01-25T18:00:00,2025-01-25T18:00:00,1.2313,468.16160459318496,3.869106289021327,51.99007597041128,1,profile_incumbent,42.530545784831254,0.0,396.418257362922,0.0,0.0,0.0,0.0,10776.48785144501,10336.023121041764,0.0,0.0,412.30242233375236,10786.345955240804,10328.232152647746,0.0,64.01538054236741,0.0,64.01538054236741
2025-01-25,109,2703.5,2025-01-25T18:10:00,2025-01-25T18:00:00,18:10:00,26,DF,0.2167,18:10:00,26,DF,1.1657,18:10:00,26,DF,1.2561,450.5833333333333,0.036116666666666665,2703.2833,450.54721666666666,2025-01-25T18:10:00,2025-01-25 00:00:00,2025-01-25 00:00:00,2025-01-25T18:10:00,2025-01-25T18:10:00,1.2561,492.97373603756796,0.0,0.0,1,profile_incumbent,53.57564661402886,0.0,450.54721666666666,0.0,0.0,0.0,0.0,10336.023121041764,9835.415102523246,0.0,0.0,492.97373603756796,10328.232152647746,9780.48355705045,0.0,0.0,0.0,0.0
2025-01-25,110,2782.238,2025-01-25T18:20:00,2025-01-25T18:10:00,18:20:00,26,DG,0.0,18:20:00,26,DG,1.1371,18:20:00,26,DG,1.2447,463.7063333333333,0.0,2782.238,463.7063333333333,2025-01-25T18:20:00,2025-01-25 00:00:00,2025-01-25 00:00:00,2025-01-25T18:20:00,2025-01-25T18:20:00,1.2447,487.1064618534804,0.0,30.012447105028613,1,profile_incumbent,53.57564661402886,0.0,433.6938862283047,0.0,0.0,0.0,0.0,9835.415102523246,9353.533006714018,0.0,0.0,457.0940147484518,9780.48355705045,9272.601318441059,0.0,37.35649291162911,0.0,37.35649291162911
2025-01-25,111,2858.84,2025-01-25T18:30:00,2025-01-25T18:20:00,18:30:00,26,DH,0.0,18:30:00,26,DH,1.1599,18:30:00,26,DH,1.2545,476.47333333333336,0.0,2858.84,476.47333333333336,2025-01-25T18:30:00,2025-01-25 00:00:00,2025-01-25 00:00:00,2025-01-25T18:30:00,2025-01-25T18:30:00,1.2545,451.74437275262846,0.0,2.131011187354428,1,profile_incumbent,53.57564661402886,0.0,474.3423221459789,0.0,0.0,0.0,0.0,9353.533006714018,8826.485982107375,0.0,0.0,449.61336156527403,9272.601318441059,8773.030916701866,0.0,2.6733535345361297,0.0,2.6733535345361297
2025-01-25,112,2884.2639,2025-01-25T18:40:00,2025-01-25T18:30:00,18:40:00,26,DI,0.0156,18:40:00,26,DI,1.1397,18:40:00,26,DI,1.2522,480.71065,0.0026,2884.2482999999997,480.70805,2025-01-25T18:40:00,2025-01-25 00:00:00,2025-01-25 00:00:00,2025-01-25T18:40:00,2025-01-25T18:40:00,1.2522,440.98128242738943,0.0,9.470796140439099,1,profile_incumbent,53.57564661402886,0.0,471.2372538595609,0.0,0.0,0.0,0.0,8826.485982107375,8302.88903337453,0.0,0.0,431.5104862869503,8773.030916701866,8293.574820827476,0.0,11.859330927057838,0.0,11.859330927057838
2025-01-25,113,2984.8855,2025-01-25T18:50:00,2025-01-25T18:40:00,18:50:00,26,DJ,0.0,18:50:00,26,DJ,1.213,18:50:00,26,DJ,1.2881,497.48091666666664,0.0,2984.8855,497.48091666666664,2025-01-25T18:50:00,2025-01-25 00:00:00,2025-01-25 00:00:00,2025-01-25T18:50:00,2025-01-25T18:50:00,1.2881,451.2186108172441,0.0,0.0,1,profile_incumbent,53.57564661402886,0.0,497.48091666666664,0.0,0.0,0.0,0.0,8302.88903337453,7750.132459300456,0.0,0.0,451.2186108172441,8293.574820827476,7792.220808808316,0.0,0.0,0.0,0.0
2025-01-25,114,3023.65,2025-01-25T19:00:00,2025-01-25T18:50:00,19:00:00,26,DK,0.0,19:00:00,26,DK,1.3527,19:00:00,26,DK,1.3466,503.94166666666666,0.0,3023.65,503.94166666666666,2025-01-25T19:00:00,2025-01-25 00:00:00,2025-01-25 00:00:00,2025-01-25T19:00:00,2025-01-25T19:00:00,1.3466,451.98440108126175,0.0,0.0,1,profile_incumbent,53.57564661402886,0.0,503.94166666666666,0.0,0.0,0.0,0.0,7750.132459300456,7190.19727411527,0.0,0.0,451.98440108126175,7792.220808808316,7290.015918718025,0.0,0.0,0.0,0.0
2025-01-25,115,2730.4273,2025-01-25T19:10:00,2025-01-25T19:00:00,19:10:00,26,DL,0.0011,19:10:00,26,DL,1.3722,19:10:00,26,DL,1.3523,455.07121666666666,0.00018333333333333334,2730.4262,455.07103333333333,2025-01-25T19:10:00,2025-01-25 00:00:00,2025-01-25 00:00:00,2025-01-25T19:10:00,2025-01-25T19:10:00,1.3523,424.96123139726467,0.0,0.0,1,profile_incumbent,52.91790202648357,0.0,455.07103333333333,0.0,0.0,0.0,0.0,7190.19727411527,6684.562792633789,0.0,0.0,424.96123139726467,7290.015918718025,6817.836772721064,0.0,0.0,0.0,0.0
2025-01-25,116,2515.4751,2025-01-25T19:20:00,2025-01-25T19:10:00,19:20:00,26,DM,0.0,19:20:00,26,DM,1.3405,19:20:00,26,DM,1.3445,419.24585,0.0,2515.4751,419.24585,2025-01-25T19:20:00,2025-01-25 00:00:00,2025-01-25 00:00:00,2025-01-25T19:20:00,2025-01-25T19:20:00,1.3445,442.18814841757245,0.0,0.0,1,profile_incumbent,52.91790202648357,0.0,419.24585,0.0,0.0,0.0,0.0,6684.562792633789,6218.734070411567,0.0,0.0,442.18814841757245,6817.836772721064,6326.51660781265,0.0,0.0,0.0,0.0
2025-01-25,117,2559.75,2025-01-25T19:30:00,2025-01-25T19:20:00,19:30:00,26,DN,0.0,19:30:00,26,DN,1.3251,19:30:00,26,DN,1.3483,426.625,0.0,2559.75,426.625,2025-01-25T19:30:00,2025-01-25 00:00:00,2025-01-25 00:00:00,2025-01-25T19:30:00,2025-01-25T19:30:00,1.3483,482.2060166487936,0.0,0.0,1,profile_incumbent,52.91790202648357,0.0,426.625,0.0,0.0,0.0,0.0,6218.734070411567,5744.706292633789,0.0,0.0,482.2060166487936,6326.51660781265,5790.732144869547,0.0,0.0,0.0,0.0
2025-01-25,118,2676.3603,2025-01-25T19:40:00,2025-01-25T19:30:00,19:40:00,26,DO,0.0,19:40:00,26,DO,1.324,19:40:00,26,DO,1.349,446.06005,0.0,2676.3603,446.06005,2025-01-25T19:40:00,2025-01-25 00:00:00,2025-01-25 00:00:00,2025-01-25T19:40:00,2025-01-25T19:40:00,1.349,453.09503205002034,0.0,0.0,1,profile_incumbent,52.91790202648357,0.0,446.06005,0.0,0.0,0.0,0.0,5744.706292633789,5249.084014856012,0.0,0.0,453.09503205002034,5790.732144869547,5287.293220369524,0.0,0.0,0.0,0.0
2025-01-25,119,2816.0299,2025-01-25T19:50:00,2025-01-25T19:40:00,19:50:00,26,DP,0.0,19:50:00,26,DP,1.3285,19:50:00,26,DP,1.3473,469.3383166666667,0.0,2816.0299,469.3383166666667,2025-01-25T19:50:00,2025-01-25 00:00:00,2025-01-25 00:00:00,2025-01-25T19:50:00,2025-01-25T19:50:00,1.3473,441.22232852178723,0.0,0.0,1,profile_incumbent,52.91790202648357,0.0,469.3383166666667,0.0,0.0,0.0,0.0,5249.084014856012,4727.596996337494,0.0,0.0,441.22232852178723,5287.293220369524,4797.046188678649,0.0,0.0,0.0,0.0
2025-01-25,120,2920.46,2025-01-25T20:00:00,2025-01-25T19:50:00,20:00:00,26,DQ,0.0,20:00:00,26,DQ,1.3443,20:00:00,26,DQ,1.3482,486.74333333333334,0.0,2920.46,486.74333333333334,2025-01-25T20:00:00,2025-01-25 00:00:00,2025-01-25 00:00:00,2025-01-25T20:00:00,2025-01-25T20:00:00,1.3482,471.0963198750394,0.0,0.0,1,profile_incumbent,52.91790202648357,0.0,486.74333333333334,0.0,0.0,0.0,0.0,4727.596996337494,4186.771070411568,0.0,0.0,471.0963198750394,4797.046188678649,4273.605833261939,0.0,0.0,0.0,0.0
2025-01-25,121,2918.1476,2025-01-25T20:10:00,2025-01-25T20:00:00,20:10:00,26,DR,0.0,20:10:00,26,DR,1.3733,20:10:00,26,DR,1.3513,486.3579333333333,0.0,2918.1476,486.3579333333333,2025-01-25T20:10:00,2025-01-25 00:00:00,2025-01-25 00:00:00,2025-01-25T20:10:00,2025-01-25T20:10:00,1.3513,477.04765775633473,0.0,0.0,1,profile_incumbent,71.0034443761421,0.0,486.3579333333333,0.0,0.0,0.0,0.0,4186.771070411568,3646.373366707864,0.0,0.0,477.04765775633473,4273.605833261939,3743.5528801993446,0.0,0.0,0.0,0.0
2025-01-25,122,2873.215,2025-01-25T20:20:00,2025-01-25T20:10:00,20:20:00,26,DS,0.0,20:20:00,26,DS,1.3446,20:20:00,26,DS,1.34,478.8691666666667,0.0,2873.215,478.8691666666667,2025-01-25T20:20:00,2025-01-25 00:00:00,2025-01-25 00:00:00,2025-01-25T20:20:00,2025-01-25T20:20:00,1.34,463.50610892591305,0.0,0.0,1,profile_incumbent,71.0034443761421,0.0,478.8691666666667,0.0,0.0,0.0,0.0,3646.373366707864,3114.2965148560124,0.0,0.0,463.50610892591305,3743.5528801993446,3228.5460925038856,0.0,0.0,0.0,0.0
2025-01-25,123,2816.72,2025-01-25T20:30:00,2025-01-25T20:20:00,20:30:00,26,DT,0.0,20:30:00,26,DT,1.3228,20:30:00,26,DT,1.3489,469.4533333333333,0.0,2816.72,469.4533333333333,2025-01-25T20:30:00,2025-01-25 00:00:00,2025-01-25 00:00:00,2025-01-25T20:30:00,2025-01-25T20:30:00,1.3489,453.1547965217852,0.0,0.0,1,profile_incumbent,71.0034443761421,0.0,469.4533333333333,0.0,0.0,0.0,0.0,3114.2965148560124,2592.6817000411975,0.0,0.0,453.1547965217852,3228.5460925038856,2725.040763035235,0.0,0.0,0.0,0.0
2025-01-25,124,2761.3788,2025-01-25T20:40:00,2025-01-25T20:30:00,20:40:00,26,DU,0.0,20:40:00,26,DU,1.4005,20:40:00,26,DU,1.3952,460.2298,0.0,2761.3788,460.2298,2025-01-25T20:40:00,2025-01-25 00:00:00,2025-01-25 00:00:00,2025-01-25T20:40:00,2025-01-25T20:40:00,1.3952,464.92877393492745,0.0,0.0,1,profile_incumbent,71.0034443761421,0.0,460.2298,0.0,0.0,0.0,0.0,2592.6817000411975,2081.315255596753,0.0,0.0,464.92877393492745,2725.040763035235,2208.4532364408715,0.0,0.0,0.0,0.0
2025-01-25,125,2900.4206,2025-01-25T20:50:00,2025-01-25T20:40:00,20:50:00,26,DV,0.0,20:50:00,26,DV,1.1964,20:50:00,26,DV,1.2226,483.40343333333334,0.0,2900.4206,483.40343333333334,2025-01-25T20:50:00,2025-01-25 00:00:00,2025-01-25 00:00:00,2025-01-25T20:50:00,2025-01-25T20:50:00,1.2226,502.902614108207,0.3606433689314348,45.07448907073878,1,profile_incumbent,71.0034443761421,0.0,438.3289442625946,0.0,0.0,0.0,0.0,2081.315255596753,1594.2830953049813,0.0,0.0,457.4674816685368,2208.4532364408715,1700.1560345869418,0.0,55.10807033788522,0.0,55.10807033788522
2025-01-25,126,3106.5,2025-01-25T21:00:00,2025-01-25T20:50:00,21:00:00,26,DW,0.0,21:00:00,26,DW,0.8153,21:00:00,26,DW,0.9332,517.75,0.0,3106.5,517.75,2025-01-25T21:00:00,2025-01-25 00:00:00,2025-01-25 00:00:00,2025-01-25T21:00:00,2025-01-25T21:00:00,0.9332,529.023897621497,2.2189672074061404,518.6240468479415,1,profile_incumbent,71.0034443761421,0.8740468479414858,0.0,0.0,0.0,0.0,0.0,1594.2830953049813,1595.0697374681286,0.0,0.0,8.180883566149305,1700.1560345869418,1691.066163957887,0.0,483.979960518499,0.0,483.979960518499
2025-01-25,127,3020.6067,2025-01-25T21:10:00,2025-01-25T21:00:00,21:10:00,26,DX,0.0,21:10:00,26,DX,0.7737,21:10:00,26,DX,0.9068,503.43444999999997,0.0,3020.6067,503.43444999999997,2025-01-25T21:10:00,2025-01-25 00:00:00,2025-01-25 00:00:00,2025-01-25T21:10:00,2025-01-25T21:10:00,0.9068,495.8555023724392,3.7334046936433225,483.1470056303902,1,profile_incumbent,78.31439486150137,0.0,20.287444369609773,0.0,0.0,0.0,0.0,1595.0697374681286,1572.5281326130066,0.0,0.0,8.975092048405713,1691.066163957887,1681.0938394596585,0.0,438.11770470563783,0.0,438.11770470563783
2025-01-25,128,2820.061,2025-01-25T21:20:00,2025-01-25T21:10:00,21:20:00,26,DY,0.0,21:20:00,26,DY,0.8236,21:20:00,26,DY,0.9371,470.0101666666667,0.0,2820.061,470.0101666666667,2025-01-25T21:20:00,2025-01-25 00:00:00,2025-01-25 00:00:00,2025-01-25T21:20:00,2025-01-25T21:20:00,0.9371,469.16927801486963,4.888467008957955,474.54762185476966,1,profile_incumbent,78.31439486150137,4.537455188102967,0.0,0.0,0.0,0.0,0.0,1572.5281326130066,1576.6118422822992,0.0,10.266810848857972,0.0,1681.0938394596585,1690.3339692236307,0.0,444.69857644010466,0.0,444.69857644010466
2025-01-25,129,2756.77,2025-01-25T21:30:00,2025-01-25T21:20:00,21:30:00,26,DZ,0.0,21:30:00,26,DZ,0.8235,21:30:00,26,DZ,0.9371,459.46166666666664,0.0,2756.77,459.46166666666664,2025-01-25T21:30:00,2025-01-25 00:00:00,2025-01-25 00:00:00,2025-01-25T21:30:00,2025-01-25T21:30:00,0.9371,477.0398827562178,5.682890126644594,459.449881102837,1,profile_incumbent,78.31439486150137,0.0,0.01178556382961915,0.0,0.0,0.0,0.0,1576.6118422822992,1576.5987472113775,0.0,0.0,11.90711152673623,1690.3339692236307,1677.1038453050348,0.0,430.5504835814686,0.0,430.5504835814686
2025-01-25,130,2895.4313,2025-01-25T21:40:00,2025-01-25T21:30:00,21:40:00,26,EA,0.0,21:40:00,26,EA,0.8482,21:40:00,26,EA,0.9871,482.57188333333335,0.0,2895.4313,482.57188333333335,2025-01-25T21:40:00,2025-01-25 00:00:00,2025-01-25 00:00:00,2025-01-25T21:40:00,2025-01-25T21:40:00,0.9871,482.1460337248336,6.128374280500925,464.260078216239,1,profile_incumbent,78.31439486150137,0.0,18.311805117094366,0.0,0.0,0.0,0.0,1576.5987472113775,1556.2522970812727,0.0,0.0,11.757581228093727,1677.1038453050348,1664.0398661627084,0.0,458.2711232072495,0.0,458.2711232072495
2025-01-25,131,2827.9101,2025-01-25T21:50:00,2025-01-25T21:40:00,21:50:00,26,EB,0.0,21:50:00,26,EB,0.6408,21:50:00,26,EB,0.7764,471.31835,0.0,2827.9101,471.31835,2025-01-25T21:50:00,2025-01-25 00:00:00,2025-01-25 00:00:00,2025-01-25T21:50:00,2025-01-25T21:50:00,0.7764,453.5680072221513,6.248107720418898,465.0053964981887,1,profile_incumbent,78.31439486150137,0.0,6.312953501811307,0.0,0.0,0.0,0.0,1556.2522970812727,1549.2379043014823,0.0,17.685496996456266,0.0,1664.0398661627084,1679.956813459519,0.0,361.0301898411937,0.0,361.0301898411937
2025-01-25,132,2527.15,2025-01-25T22:00:00,2025-01-25T21:50:00,22:00:00,26,EC,0.0,22:00:00,26,EC,0.3085,22:00:00,26,EC,0.4209,421.19166666666666,0.0,2527.15,421.19166666666666,2025-01-25T22:00:00,2025-01-25 00:00:00,2025-01-25 00:00:00,2025-01-25T22:00:00,2025-01-25T22:00:00,0.4209,415.0083137114738,6.075111787940316,472.0300082357216,1,profile_incumbent,78.31439486150137,50.83834156905493,0.0,0.0,0.0,0.0,0.0,1549.2379043014823,1594.9924117136318,0.0,63.09680631218811,0.0,1679.956813459519,1736.7439391404882,0.0,198.67743046641522,0.0,198.67743046641522
2025-01-25,133,2387.1465,2025-01-25T22:10:00,2025-01-25T22:00:00,22:10:00,26,ED,0.0,22:10:00,26,ED,0.2605,22:10:00,26,ED,0.3859,397.85774999999995,0.0,2387.1465,397.85774999999995,2025-01-25T22:10:00,2025-01-25 00:00:00,2025-01-25 00:00:00,2025-01-25T22:10:00,2025-01-25T22:10:00,0.3859,421.31680637746035,5.650447151865199,497.134252584989,1,profile_incumbent,38.872692364208106,99.27650258498903,0.0,0.0,0.0,0.0,0.0,1594.9924117136318,1684.3412640401218,0.0,81.46789335939383,0.0,1736.7439391404882,1810.0650431639426,0.0,191.84410807254727,0.0,191.84410807254727
2025-01-25,134,2484.5415,2025-01-25T22:20:00,2025-01-25T22:10:00,22:20:00,26,EE,0.0,22:20:00,26,EE,0.3204,22:20:00,26,EE,0.4368,414.09024999999997,0.0,2484.5415,414.09024999999997,2025-01-25T22:20:00,2025-01-25 00:00:00,2025-01-25 00:00:00,2025-01-25T22:20:00,2025-01-25T22:20:00,0.4368,443.51232761499534,5.021323078108335,456.6183742531397,1,profile_incumbent,38.872692364208106,42.52812425313971,0.0,0.0,0.0,0.0,0.0,1684.3412640401218,1722.6165758679476,0.0,18.127369716252645,0.0,1810.0650431639426,1826.37967590857,0.0,199.45090587377143,0.0,199.45090587377143
2025-01-25,135,2647.18,2025-01-25T22:30:00,2025-01-25T22:20:00,22:30:00,26,EF,0.0,22:30:00,26,EF,0.3296,22:30:00,26,EF,0.4198,441.19666666666666,0.0,2647.18,441.19666666666666,2025-01-25T22:30:00,2025-01-25 00:00:00,2025-01-25 00:00:00,2025-01-25T22:30:00,2025-01-25T22:30:00,0.4198,448.07686740320344,4.239152837044168,441.63132526773467,1,profile_incumbent,38.872692364208106,0.43465860106800847,0.0,0.0,0.0,0.0,0.0,1722.6165758679476,1723.007768608909,0.0,0.0,2.2063892984245967,1826.37967590857,1823.9281322436539,0.0,185.39683034739502,0.0,185.39683034739502
2025-01-25,136,2621.5043,2025-01-25T22:40:00,2025-01-25T22:30:00,22:40:00,26,EG,0.0,22:40:00,26,EG,0.3061,22:40:00,26,EG,0.4186,436.91738333333336,0.0,2621.5043,436.91738333333336,2025-01-25T22:40:00,2025-01-25 00:00:00,2025-01-25 00:00:00,2025-01-25T22:40:00,2025-01-25T22:40:00,0.4186,426.1148261027311,3.3575987580097078,420.5797204062912,1,profile_incumbent,38.872692364208106,0.0,16.337662927042174,0.0,0.0,0.0,0.0,1723.007768608909,1704.8548098010842,0.0,0.0,2.177506938430213,1823.9281322436539,1821.5086800898425,0.0,176.05467096207352,0.0,176.05467096207352
2025-01-25,137,2483.2034,2025-01-25T22:50:00,2025-01-25T22:40:00,22:50:00,26,EH,0.0,22:50:00,26,EH,0.2963,22:50:00,26,EH,0.4241,413.86723333333333,0.0,2483.2034,413.86723333333333,2025-01-25T22:50:00,2025-01-25 00:00:00,2025-01-25 00:00:00,2025-01-25T22:50:00,2025-01-25T22:50:00,0.4241,399.16732646352375,2.430650021708223,387.6046006752868,1,profile_incumbent,38.872692364208106,0.0,26.262632658046527,0.0,0.0,0.0,0.0,1704.8548098010842,1675.6741068476992,0.0,0.0,9.132075766528715,1821.5086800898425,1811.361929238144,0.0,164.38311114638913,0.0,164.38311114638913
2025-01-25,138,2367.89,2025-01-25T23:00:00,2025-01-25T22:50:00,23:00:00,26,EI,0.0,23:00:00,26,EI,0.3014,23:00:00,26,EI,0.4237,394.6483333333333,0.0,2367.89,394.6483333333333,2025-01-25T23:00:00,2025-01-25 00:00:00,2025-01-25 00:00:00,2025-01-25T23:00:00,2025-01-25T23:00:00,0.4237,394.58924391461267,1.5107750488415146,360.3227616068706,1,profile_incumbent,38.872692364208106,0.0,34.32557172646273,0.0,0.0,0.0,0.0,1675.6741068476992,1637.534582707185,0.0,0.0,32.75570725890054,1811.361929238144,1774.9666989504767,0.0,152.66875409283108,0.0,152.66875409283108
2025-01-25,139,2362.2724,2025-01-25T23:10:00,2025-01-25T23:00:00,23:10:00,26,EJ,0.0,23:10:00,26,EJ,0.2952,23:10:00,26,EJ,0.4248,393.71206666666666,0.0,2362.2724,393.71206666666666,2025-01-25T23:10:00,2025-01-25 00:00:00,2025-01-25 00:00:00,2025-01-25T23:10:00,2025-01-25T23:10:00,0.4248,422.9812080022745,0.6471883239336353,416.58019426524953,1,profile_incumbent,24.848130478318037,22.868127598582873,0.0,0.0,0.0,0.0,0.0,1637.534582707185,1658.1158975459098,0.0,0.0,5.753825413091363,1774.9666989504767,1768.5735596025975,0.0,176.96326652387802,0.0,176.96326652387802
2025-01-25,140,2451.694,2025-01-25T23:20:00,2025-01-25T23:10:00,23:20:00,26,EK,0.0,23:20:00,26,EK,0.3396,23:20:00,26,EK,0.424,408.61566666666664,0.0,2451.694,408.61566666666664,2025-01-25T23:20:00,2025-01-25 00:00:00,2025-01-25 00:00:00,2025-01-25T23:20:00,2025-01-25T23:20:00,0.424,436.4238712766424,0.0,438.123460847059,1,profile_incumbent,24.848130478318037,29.507794180392352,0.0,0.0,0.0,0.0,0.0,1658.1158975459098,1684.672912308263,0.0,1.699589570416606,0.0,1768.5735596025975,1770.1031902159725,0.0,185.764347399153,0.0,185.764347399153
2025-01-25,141,2539.45,2025-01-25T23:30:00,2025-01-25T23:20:00,23:30:00,26,EL,0.0,23:30:00,26,EL,0.3992,23:30:00,26,EL,0.422,423.2416666666666,0.0,2539.45,423.2416666666666,2025-01-25T23:30:00,2025-01-25 00:00:00,2025-01-25 00:00:00,2025-01-25T23:30:00,2025-01-25T23:30:00,0.422,419.31147392287585,0.0,412.9598970084611,1,profile_incumbent,24.848130478318037,0.0,10.28176965820552,0.0,0.0,0.0,0.0,1684.672912308263,1673.2487237991459,0.0,0.0,6.35157691441475,1770.1031902159725,1763.0458825332894,0.0,174.26907653757058,0.0,174.26907653757058
2025-01-25,142,2578.0459,2025-01-25T23:40:00,2025-01-25T23:30:00,23:40:00,26,EM,0.0,23:40:00,26,EM,0.3718,23:40:00,26,EM,0.424,429.6743166666667,0.0,2578.0459,429.6743166666667,2025-01-25T23:40:00,2025-01-25 00:00:00,2025-01-25 00:00:00,2025-01-25T23:40:00,2025-01-25T23:40:00,0.424,413.8750932293674,0.0,400.02317352273667,1,profile_incumbent,24.848130478318037,0.0,29.651143143930028,0.0,0.0,0.0,0.0,1673.2487237991459,1640.3030091947792,0.0,0.0,13.851919706630724,1763.0458825332894,1747.654860637033,0.0,169.60982557364034,0.0,169.60982557364034
2025-01-25,143,2919.4172,2025-01-25T23:50:00,2025-01-25T23:40:00,23:50:00,26,EN,0.0,23:50:00,26,EN,0.3638,23:50:00,26,EN,0.4271,486.5695333333333,0.0,2919.4172,486.5695333333333,2025-01-25T23:50:00,2025-01-25 00:00:00,2025-01-25 00:00:00,2025-01-25T23:50:00,2025-01-25T23:50:00,0.4271,499.4976487212519,0.0,493.5243495363903,1,profile_incumbent,24.848130478318037,6.954816203056964,0.0,0.0,0.0,0.0,0.0,1640.3030091947792,1646.5623437775305,0.0,0.0,5.973299184861617,1747.654860637033,1741.0178615427421,0.0,210.78424968699227,0.0,210.78424968699227
2025-01-25,144,3440.36,2025-01-26T00:00:00,2025-01-25T23:50:00,0:00+1,26,EO,0.0,0:00+1,26,EO,0.4179,0:00+1,26,EO,0.4276,573.3933333333333,0.0,3440.36,573.3933333333333,2025-01-26T00:00:00,2025-01-25 00:00:00,2025-01-25 00:00:00,2025-01-26T00:00:00,2025-01-26T00:00:00,0.4276,616.6461991881629,0.0,570.6136885645028,1,profile_incumbent,24.848130478318037,0.0,2.779644768830508,0.0,0.0,0.0,0.0,1646.5623437775305,1643.473849589941,0.0,0.0,46.03251062366007,1741.0178615427421,1689.8706275164532,0.0,243.99441323018138,0.0,243.99441323018138
2025-01-26,1,3618.1419,2025-01-26T00:10:00,2025-01-26T00:00:00,00:10:00,27,B,0.0,00:10:00,27,B,0.4597,00:10:00,27,B,0.4248,603.02365,0.0,3618.1419,603.02365,2025-01-26T00:10:00,2025-01-26 00:00:00,2025-01-26 00:00:00,2025-01-26T00:10:00,2025-01-26T00:10:00,0.4248,640.4820693277484,0.09347043577059644,1394.2103407498498,1,profile_incumbent,29.277821522591303,791.1866907498498,0.0,0.0,0.0,0.0,0.0,1643.473849589941,2355.541871264806,0.0,753.821741857872,0.0,1643.473849589941,2321.9134172620256,0.0,592.2605527505362,0.0,592.2605527505362
2025-01-26,2,3625.0328,2025-01-26T00:20:00,2025-01-26T00:10:00,00:20:00,27,C,0.0,00:20:00,27,C,0.4207,00:20:00,27,C,0.4245,604.1721333333334,0.0,3625.0328,604.1721333333334,2025-01-26T00:20:00,2025-01-26 00:00:00,2025-01-26 00:00:00,2025-01-26T00:20:00,2025-01-26T00:20:00,0.4245,603.3091827966045,0.42157631987980215,1375.7201319321196,1,profile_incumbent,29.277821522591303,771.5479985987862,0.0,0.0,0.0,0.0,0.0,2355.541871264806,3049.935070003714,0.0,772.8325254553947,0.0,2321.9134172620256,3017.462690171881,0.0,583.9931960051847,0.0,583.9931960051847
2025-01-26,3,3600.12,2025-01-26T00:30:00,2025-01-26T00:20:00,00:30:00,27,D,0.0,00:30:00,27,D,0.3577,00:30:00,27,D,0.4269,600.02,0.0,3600.12,600.02,2025-01-26T00:30:00,2025-01-26 00:00:00,2025-01-26 00:00:00,2025-01-26T00:30:00,2025-01-26T00:30:00,0.4269,600.8375015941186,0.9676963230694429,1270.7215928059497,1,profile_incumbent,29.277821522591303,670.7015928059498,0.0,0.0,0.0,0.0,0.0,3049.935070003714,3653.5665035290685,0.0,670.8517875349006,0.0,3017.462690171881,3621.2292989532916,0.0,542.4710479688599,0.0,542.4710479688599
2025-01-26,4,3525.664,2025-01-26T00:40:00,2025-01-26T00:30:00,00:40:00,27,E,0.0,00:40:00,27,E,0.3976,00:40:00,27,E,0.4272,587.6106666666667,0.0,3525.664,587.6106666666667,2025-01-26T00:40:00,2025-01-26 00:00:00,2025-01-26 00:00:00,2025-01-26T00:40:00,2025-01-26T00:40:00,0.4272,626.8266431244555,1.7056218267090388,1311.9284053745382,1,profile_incumbent,29.277821522591303,724.3177387078715,0.0,0.0,0.0,0.0,0.0,3653.5665035290685,4305.452468366153,0.0,686.8073840767919,0.0,3621.2292989532916,4239.355944622404,0.0,560.4558147760027,0.0,560.4558147760027
2025-01-26,5,3596.9321,2025-01-26T00:50:00,2025-01-26T00:40:00,00:50:00,27,F,0.0,00:50:00,27,F,0.4572,00:50:00,27,F,0.4271,599.4886833333334,0.0,3596.9321,599.4886833333334,2025-01-26T00:50:00,2025-01-26 00:00:00,2025-01-26 00:00:00,2025-01-26T00:50:00,2025-01-26T00:50:00,0.4271,636.2454435461567,2.6003048245636586,1306.694498813646,1,profile_incumbent,29.277821522591303,707.2058154803127,0.0,0.0,0.0,0.0,0.0,4305.452468366153,4941.9377022984345,0.0,673.049360092053,0.0,4239.355944622404,4845.100368705253,0.0,558.0892204433082,0.0,558.0892204433082
2025-01-26,6,3775.4,2025-01-26T01:00:00,2025-01-26T00:50:00,01:00:00,27,G,0.0,01:00:00,27,G,0.4766,01:00:00,27,G,0.4285,629.2333333333333,0.0,3775.4,629.2333333333333,2025-01-26T01:00:00,2025-01-26 00:00:00,2025-01-26 00:00:00,2025-01-26T01:00:00,2025-01-26T01:00:00,0.4285,628.1000753428667,3.6088761147770154,1215.09658267013,1,profile_incumbent,29.277821522591303,585.8632493367966,0.0,0.0,0.0,0.0,0.0,4941.9377022984345,5469.214626701551,0.0,590.6053834420403,0.0,4845.100368705253,5376.645213803089,0.0,520.6688856741507,0.0,520.6688856741507
2025-01-26,7,3818.2361,2025-01-26T01:10:00,2025-01-26T01:00:00,01:10:00,27,H,0.0,01:10:00,27,H,0.4717,01:10:00,27,H,0.4311,636.3726833333334,0.0,3818.2361,636.3726833333334,2025-01-26T01:10:00,2025-01-26 00:00:00,2025-01-26 00:00:00,2025-01-26T01:10:00,2025-01-26T01:10:00,0.4311,639.587509749676,4.681912647272526,760.4160524800155,1,profile_incumbent,39.564868165421196,124.04336914668215,0.0,0.0,0.0,0.0,0.0,5469.214626701551,5580.853658933565,0.0,125.51045537761206,0.0,5376.645213803089,5489.60462364294,0.0,327.8153602241347,0.0,327.8153602241347
2025-01-26,8,3816.2744,2025-01-26T01:20:00,2025-01-26T01:10:00,01:20:00,27,I,0.0,01:20:00,27,I,0.4524,01:20:00,27,I,0.4302,636.0457333333333,0.0,3816.2744,636.0457333333333,2025-01-26T01:20:00,2025-01-26 00:00:00,2025-01-26 00:00:00,2025-01-26T01:20:00,2025-01-26T01:20:00,0.4302,649.7810905417329,5.764927608042438,1273.3056034376857,1,profile_incumbent,39.564868165421196,637.2598701043524,0.0,0.0,0.0,0.0,0.0,5580.853658933565,6154.387542027483,0.0,629.2894405039953,0.0,5489.60462364294,6055.965120096536,0.0,547.7760705988924,0.0,547.7760705988924
2025-01-26,9,3795.64,2025-01-26T01:30:00,2025-01-26T01:20:00,01:30:00,27,J,0.0,01:30:00,27,J,0.4494,01:30:00,27,J,0.4279,632.6066666666667,0.0,3795.64,632.6066666666667,2025-01-26T01:30:00,2025-01-26 00:00:00,2025-01-26 00:00:00,2025-01-26T01:30:00,2025-01-26T01:30:00,0.4279,647.3864883256846,6.800052027309854,1237.1890579650958,1,profile_incumbent,39.564868165421196,604.5823912984291,0.0,0.0,0.0,0.0,0.0,6154.387542027483,6698.511694196069,0.0,596.6026216667211,0.0,6055.965120096536,6592.907479596585,0.0,529.3931979032645,0.0,529.3931979032645
2025-01-26,10,3687.2824,2025-01-26T01:40:00,2025-01-26T01:30:00,01:40:00,27,K,0.0,01:40:00,27,K,0.4907,01:40:00,27,K,0.4312,614.5470666666666,0.0,3687.2824,614.5470666666666,2025-01-26T01:40:00,2025-01-26 00:00:00,2025-01-26 00:00:00,2025-01-26T01:40:00,2025-01-26T01:40:00,0.4312,645.0490524950003,7.7278724830980705,801.3964395045571,1,profile_incumbent,39.564868165421196,186.84937283789043,0.0,0.0,0.0,0.0,0.0,6698.511694196069,6866.67612975017,0.0,164.07525949265482,0.0,6592.907479596585,6740.575213139975,0.0,345.56214471436505,0.0,345.56214471436505
2025-01-26,11,3642.2271,2025-01-26T01:50:00,2025-01-26T01:40:00,01:50:00,27,L,0.0,01:50:00,27,L,0.505,01:50:00,27,L,0.4333,607.03785,0.0,3642.2271,607.03785,2025-01-26T01:50:00,2025-01-26 00:00:00,2025-01-26 00:00:00,2025-01-26T01:50:00,2025-01-26T01:50:00,0.4333,651.6628725028798,8.48938591486898,785.9274489584358,1,profile_incumbent,39.564868165421196,178.88959895843573,0.0,0.0,0.0,0.0,0.0,6866.67612975017,7027.676768812762,0.0,142.75396237042492,0.0,6740.575213139975,6869.053779273358,0.0,340.54236363369023,0.0,340.54236363369023
2025-01-26,12,3767.05,2025-01-26T02:00:00,2025-01-26T01:50:00,02:00:00,27,M,0.0,02:00:00,27,M,0.4862,02:00:00,27,M,0.4311,627.8416666666667,0.0,3767.05,627.8416666666667,2025-01-26T02:00:00,2025-01-26 00:00:00,2025-01-26 00:00:00,2025-01-26T02:00:00,2025-01-26T02:00:00,0.4311,662.9106936776473,9.028029731468042,1152.6320695888178,1,profile_incumbent,39.564868165421196,524.7904029221511,0.0,0.0,0.0,0.0,0.0,7027.676768812762,7499.988131442698,0.0,498.7494056426385,0.0,6869.053779273358,7317.928244351732,0.0,496.89968519973934,0.0,496.89968519973934
2025-01-26,13,4013.0514,2025-01-26T02:10:00,2025-01-26T02:00:00,02:10:00,27,N,0.0,02:10:00,27,N,0.4951,02:10:00,27,N,0.4293,668.8419,0.0,4013.0514,668.8419,2025-01-26T02:10:00,2025-01-26 00:00:00,2025-01-26 00:00:00,2025-01-26T02:10:00,2025-01-26T02:10:00,0.4293,668.6219874560642,9.291743348615128,1338.283186342078,1,profile_incumbent,32.455514498143295,669.4412863420779,0.0,0.0,0.0,0.0,0.0,7499.988131442698,8102.485289150569,0.0,678.952942234629,0.0,7317.928244351732,7928.985892362898,0.0,574.524971896654,0.0,574.524971896654
2025-01-26,14,4125.9305,2025-01-26T02:20:00,2025-01-26T02:10:00,02:20:00,27,O,0.0,02:20:00,27,O,0.5023,02:20:00,27,O,0.4324,687.6550833333334,0.0,4125.9305,687.6550833333334,2025-01-26T02:20:00,2025-01-26 00:00:00,2025-01-26 00:00:00,2025-01-26T02:20:00,2025-01-26T02:20:00,0.4324,681.6594467805838,9.235016064721227,809.4294801901146,1,profile_incumbent,32.455514498143295,121.77439685678121,0.0,0.0,0.0,0.0,0.0,8102.485289150569,8212.082246321672,0.0,137.00504947425202,0.0,7928.985892362898,8052.290436889725,0.0,349.99730723420555,0.0,349.99730723420555
2025-01-26,15,4050.77,2025-01-26T02:30:00,2025-01-26T02:20:00,02:30:00,27,P,0.0,02:30:00,27,P,0.4963,02:30:00,27,P,0.4367,675.1283333333333,0.0,4050.77,675.1283333333333,2025-01-26T02:30:00,2025-01-26 00:00:00,2025-01-26 00:00:00,2025-01-26T02:30:00,2025-01-26T02:30:00,0.4367,685.2872747962494,8.820875806368813,736.7900063097129,1,profile_incumbent,32.455514498143295,61.66167297637958,0.0,0.0,0.0,0.0,0.0,8212.082246321672,8267.577752000414,0.0,60.32360731983226,0.0,8052.290436889725,8106.581683477574,0.0,321.7561957554516,0.0,321.7561957554516
2025-01-26,16,3939.5538,2025-01-26T02:40:00,2025-01-26T02:30:00,02:40:00,27,Q,0.0,02:40:00,27,Q,0.4928,02:40:00,27,Q,0.4348,656.5923,0.0,3939.5538,656.5923,2025-01-26T02:40:00,2025-01-26 00:00:00,2025-01-26 00:00:00,2025-01-26T02:40:00,2025-01-26T02:40:00,0.4348,650.6863141067979,8.022773757722259,759.4888496657335,1,profile_incumbent,32.455514498143295,102.89654966573346,0.0,0.0,0.0,0.0,0.0,8267.577752000414,8360.184646699574,0.0,116.82530931665781,0.0,8106.581683477574,8211.724461862566,0.0,330.2257518346609,0.0,330.2257518346609
2025-01-26,17,3780.2709,2025-01-26T02:50:00,2025-01-26T02:40:00,02:50:00,27,R,0.0,02:50:00,27,R,0.4534,02:50:00,27,R,0.4335,630.04515,0.0,3780.2709,630.04515,2025-01-26T02:50:00,2025-01-26 00:00:00,2025-01-26 00:00:00,2025-01-26T02:50:00,2025-01-26T02:50:00,0.4335,639.7373036744563,6.826321227445719,783.9702262573797,1,profile_incumbent,32.455514498143295,153.92507625737971,0.0,0.0,0.0,0.0,0.0,8360.184646699574,8498.717215331215,0.0,151.05924381036925,0.0,8211.724461862566,8347.677781291899,0.0,339.8510930825741,0.0,339.8510930825741
2025-01-26,18,3678.5,2025-01-26T03:00:00,2025-01-26T02:50:00,03:00:00,27,S,0.0,03:00:00,27,S,0.4145,03:00:00,27,S,0.4357,613.0833333333334,0.0,3678.5,613.0833333333334,2025-01-26T03:00:00,2025-01-26 00:00:00,2025-01-26 00:00:00,2025-01-26T03:00:00,2025-01-26T03:00:00,0.4357,670.9239268248054,5.230837283075974,725.9320797768514,1,profile_incumbent,32.455514498143295,112.84874644351805,0.0,0.0,0.0,0.0,0.0,8498.717215331215,8600.281087130381,0.0,60.238990235121946,0.0,8347.677781291899,8401.89287250351,0.0,316.28860715877414,0.0,316.28860715877414
2025-01-26,19,3824.2939,2025-01-26T03:10:00,2025-01-26T03:00:00,03:10:00,27,T,0.0,03:10:00,27,T,0.4545,03:10:00,27,T,0.4374,637.3823166666667,0.0,3824.2939,637.3823166666667,2025-01-26T03:10:00,2025-01-26 00:00:00,2025-01-26 00:00:00,2025-01-26T03:10:00,2025-01-26T03:10:00,0.4374,699.9083988687071,3.2506686619035365,758.4119224676784,1,profile_incumbent,28.05515819369627,121.02960580101171,0.0,0.0,0.0,0.0,0.0,8600.281087130381,8709.207732351291,0.0,61.7541922608749,0.0,8401.89287250351,8457.471645538297,0.0,331.72937488736255,0.0,331.72937488736255
2025-01-26,20,4098.0264,2025-01-26T03:20:00,2025-01-26T03:10:00,03:20:00,27,U,0.0,03:20:00,27,U,0.4691,03:20:00,27,U,0.4371,683.0043999999999,0.0,4098.0264,683.0043999999999,2025-01-26T03:20:00,2025-01-26 00:00:00,2025-01-26 00:00:00,2025-01-26T03:20:00,2025-01-26T03:20:00,0.4371,698.0841665278585,0.9162472004672866,759.085495953626,1,profile_incumbent,28.05515819369627,76.08109595362612,0.0,0.0,0.0,0.0,0.0,8709.207732351291,8777.680718709555,0.0,61.91757662623479,0.0,8457.471645538297,8513.197464501907,0.0,331.79627028132995,0.0,331.79627028132995
2025-01-26,21,4249.84,2025-01-26T03:30:00,2025-01-26T03:20:00,03:30:00,27,V,0.0,03:30:00,27,V,0.4431,03:30:00,27,V,0.4356,708.3066666666667,0.0,4249.84,708.3066666666667,2025-01-26T03:30:00,2025-01-26 00:00:00,2025-01-26 00:00:00,2025-01-26T03:30:00,2025-01-26T03:30:00,0.4356,668.1144937536884,0.0,754.2298813555966,1,profile_incumbent,28.05515819369627,45.923214688929875,0.0,0.0,0.0,0.0,0.0,8777.680718709555,8819.01161192959,0.0,86.1153876019082,0.0,8513.197464501907,8590.701313343625,0.0,328.54253631849787,0.0,328.54253631849787
2025-01-26,22,4114.7502,2025-01-26T03:40:00,2025-01-26T03:30:00,03:40:00,27,W,0.0,03:40:00,27,W,0.4651,03:40:00,27,W,0.4353,685.7917000000001,0.0,4114.7502,685.7917000000001,2025-01-26T03:40:00,2025-01-26 00:00:00,2025-01-26 00:00:00,2025-01-26T03:40:00,2025-01-26T03:40:00,0.4353,642.1687874805374,0.0,755.774497545746,1,profile_incumbent,28.05515819369627,69.98279754574594,0.0,0.0,0.0,0.0,0.0,8819.01161192959,8881.996129720763,0.0,113.60571006520865,0.0,8590.701313343625,8692.946452402313,0.0,328.98863878166327,0.0,328.98863878166327
2025-01-26,23,4054.354,2025-01-26T03:50:00,2025-01-26T03:40:00,03:50:00,27,X,0.0,03:50:00,27,X,0.499,03:50:00,27,X,0.436,675.7256666666666,0.0,4054.354,675.7256666666666,2025-01-26T03:50:00,2025-01-26 00:00:00,2025-01-26 00:00:00,2025-01-26T03:50:00,2025-01-26T03:50:00,0.436,660.8791257198726,0.0,823.0997641440159,1,profile_incumbent,28.05515819369627,147.37409747734932,0.0,0.0,0.0,0.0,0.0,8881.996129720763,9014.632817450378,0.0,162.22063842414332,0.0,8692.946452402313,8838.945026984042,0.0,358.87149716679096,0.0,358.87149716679096
2025-01-26,24,4174.14,2025-01-26T04:00:00,2025-01-26T03:50:00,04:00:00,27,Y,0.0,04:00:00,27,Y,0.5063,04:00:00,27,Y,0.4378,695.69,0.0,4174.14,695.69,2025-01-26T04:00:00,2025-01-26 00:00:00,2025-01-26 00:00:00,2025-01-26T04:00:00,2025-01-26T04:00:00,0.4378,695.3587484906643,0.0,819.0902056352669,1,profile_incumbent,28.05515819369627,123.40020563526684,0.0,0.0,0.0,0.0,0.0,9014.632817450378,9125.693002522117,0.0,123.73145714460259,0.0,8838.945026984042,8950.303338414184,0.0,358.5976920271199,0.0,358.5976920271199
2025-01-26,25,4234.8671,2025-01-26T04:10:00,2025-01-26T04:00:00,04:10:00,27,Z,0.0,04:10:00,27,Z,0.4909,04:10:00,27,Z,0.4401,705.8111833333334,0.0,4234.8671,705.8111833333334,2025-01-26T04:10:00,2025-01-26 00:00:00,2025-01-26 00:00:00,2025-01-26T04:10:00,2025-01-26T04:10:00,0.4401,678.5503232157714,0.0,752.207936864553,1,profile_incumbent,29.40251577706311,46.39675353121959,0.0,0.0,0.0,0.0,0.0,9125.693002522117,9167.450080700215,0.0,73.65761364878153,0.0,8950.303338414184,9016.595190698086,0.0,331.04671301408973,0.0,331.04671301408973
2025-01-26,26,4178.5459,2025-01-26T04:20:00,2025-01-26T04:10:00,04:20:00,27,AA,0.0,04:20:00,27,AA,0.5034,04:20:00,27,AA,0.4389,696.4243166666666,0.0,4178.5459,696.4243166666666,2025-01-26T04:20:00,2025-01-26 00:00:00,2025-01-26 00:00:00,2025-01-26T04:20:00,2025-01-26T04:20:00,0.4389,672.6353163106769,0.0,720.9790154901,1,profile_incumbent,29.40251577706311,24.55469882343334,0.0,0.0,0.0,0.0,0.0,9167.450080700215,9189.549309641305,0.0,48.34369917942308,0.0,9016.595190698086,9060.104519959566,0.0,316.4376898986049,0.0,316.4376898986049
2025-01-26,27,4154.1,2025-01-26T04:30:00,2025-01-26T04:20:00,04:30:00,27,AB,0.0,04:30:00,27,AB,0.5451,04:30:00,27,AB,0.4364,692.35,0.0,4154.1,692.35,2025-01-26T04:30:00,2025-01-26 00:00:00,2025-01-26 00:00:00,2025-01-26T04:30:00,2025-01-26T04:30:00,0.4364,694.4681589588525,0.0,821.5508069092785,1,profile_incumbent,29.40251577706311,129.20080690927853,0.0,0.0,0.0,0.0,0.0,9189.549309641305,9305.830035859655,0.0,127.08264795042601,0.0,9060.104519959566,9174.47890311495,0.0,358.52477213520916,0.0,358.52477213520916
2025-01-26,28,4322.8401,2025-01-26T04:40:00,2025-01-26T04:30:00,04:40:00,27,AC,0.0,04:40:00,27,AC,0.5649,04:40:00,27,AC,0.4393,720.4733500000001,0.0,4322.8401,720.4733500000001,2025-01-26T04:40:00,2025-01-26 00:00:00,2025-01-26 00:00:00,2025-01-26T04:40:00,2025-01-26T04:40:00,0.4393,696.4551743701127,0.0,803.8560785564655,1,profile_incumbent,29.40251577706311,83.3827285564654,0.0,0.0,0.0,0.0,0.0,9305.830035859655,9380.874491560475,0.0,107.40090418635282,0.0,9174.47890311495,9271.139716882668,0.0,353.1339753098553,0.0,353.1339753098553
2025-01-26,29,4292.6064,2025-01-26T04:50:00,2025-01-26T04:40:00,04:50:00,27,AD,0.0011,04:50:00,27,AD,0.5459,04:50:00,27,AD,0.4422,715.4344,0.00018333333333333334,4292.605299999999,715.4342166666667,2025-01-26T04:50:00,2025-01-26 00:00:00,2025-01-26 00:00:00,2025-01-26T04:50:00,2025-01-26T04:50:00,0.4422,686.8447241176971,0.0,751.1486160687682,1,profile_incumbent,29.40251577706311,35.71439940210155,0.0,0.0,0.0,0.0,0.0,9380.874491560475,9413.017451022366,0.0,64.30389195107114,0.0,9271.139716882668,9329.013219638631,0.0,332.15791802560926,0.0,332.15791802560926
2025-01-26,30,4129.71,2025-01-26T05:00:00,2025-01-26T04:50:00,05:00:00,27,AE,0.0,05:00:00,27,AE,0.5124,05:00:00,27,AE,0.4395,688.285,0.0,4129.71,688.285,2025-01-26T05:00:00,2025-01-26 00:00:00,2025-01-26 00:00:00,2025-01-26T05:00:00,2025-01-26T05:00:00,0.4395,687.599031331939,0.0,743.0386853401455,1,profile_incumbent,29.40251577706311,54.75368534014558,0.0,0.0,0.0,0.0,0.0,9413.017451022366,9462.295767828497,0.0,55.4396540082065,0.0,9329.013219638631,9378.908908246018,0.0,326.565502206994,0.0,326.565502206994
2025-01-26,31,4281.1493,2025-01-26T05:10:00,2025-01-26T05:00:00,05:10:00,27,AF,0.0,05:10:00,27,AF,0.5099,05:10:00,27,AF,0.4333,713.5248833333334,0.0,4281.1493,713.5248833333334,2025-01-26T05:10:00,2025-01-26 00:00:00,2025-01-26 00:00:00,2025-01-26T05:10:00,2025-01-26T05:10:00,0.4333,710.9219260984413,0.0,797.4536339626899,1,profile_incumbent,28.812716666666674,83.9287506293565,0.0,0.0,0.0,0.0,0.0,9462.295767828497,9537.831643394917,0.0,86.53170786424857,0.0,9378.908908246018,9456.787445323842,0.0,345.53665959603353,0.0,345.53665959603353
2025-01-26,32,4345.1844,2025-01-26T05:20:00,2025-01-26T05:10:00,05:20:00,27,AG,0.0155,05:20:00,27,AG,0.5354,05:20:00,27,AG,0.4439,724.1974,0.0025833333333333333,4345.1689,724.1948166666667,2025-01-26T05:20:00,2025-01-26 00:00:00,2025-01-26 00:00:00,2025-01-26T05:20:00,2025-01-26T05:20:00,0.4439,734.2104273780002,0.0,763.7930244091988,1,profile_incumbent,28.812716666666674,39.598207742532054,0.0,0.0,0.0,0.0,0.0,9537.831643394917,9573.470030363196,0.0,29.58259703119859,0.0,9456.787445323842,9483.411782651921,0.0,339.04772353524334,0.0,339.04772353524334
2025-01-26,33,4219.63,2025-01-26T05:30:00,2025-01-26T05:20:00,05:30:00,27,AH,0.0,05:30:00,27,AH,0.5161,05:30:00,27,AH,0.4301,703.2716666666666,0.0,4219.63,703.2716666666666,2025-01-26T05:30:00,2025-01-26 00:00:00,2025-01-26 00:00:00,2025-01-26T05:30:00,2025-01-26T05:30:00,0.4301,721.4620075884645,0.0,1324.022191309728,1,profile_incumbent,28.812716666666674,620.7505246430613,0.0,0.0,0.0,0.0,0.0,9573.470030363196,10132.145502541951,0.0,602.5601837212635,0.0,9483.411782651921,10025.715948001058,0.0,569.461944482314,0.0,569.461944482314
2025-01-26,34,4292.2109,2025-01-26T05:40:00,2025-01-26T05:30:00,05:40:00,27,AI,0.0,05:40:00,27,AI,0.4308,05:40:00,27,AI,0.3713,715.3684833333333,0.0,4292.2109,715.3684833333333,2025-01-26T05:40:00,2025-01-26 00:00:00,2025-01-26 00:00:00,2025-01-26T05:40:00,2025-01-26T05:40:00,0.3713,672.9196435543305,0.0,1495.5344899584668,1,profile_incumbent,28.812716666666674,742.0605527311657,0.0,0.0,38.10545389396782,38.10545389396782,0.0,10132.145502541951,10800.0,0.0,822.6148464041363,0.0,10025.715948001058,10766.06930976478,0.0,555.2919561215788,0.0,555.2919561215788
2025-01-26,35,4811.7339,2025-01-26T05:50:00,2025-01-26T05:40:00,05:50:00,27,AJ,0.2158,05:50:00,27,AJ,0.6677,05:50:00,27,AJ,0.5708,801.95565,0.03596666666666667,4811.5181,801.9196833333333,2025-01-26T05:50:00,2025-01-26 00:00:00,2025-01-26 00:00:00,2025-01-26T05:50:00,2025-01-26T05:50:00,0.5708,742.2272673884881,0.0,761.9840288664265,1,profile_incumbent,28.812716666666674,0.0,39.93565446690684,0.0,0.0,0.0,0.0,10800.0,10755.627050592326,0.0,19.756761477938312,0.0,10766.06930976478,10783.850395094925,0.0,434.9404836769562,0.0,434.9404836769562
2025-01-26,36,5411.14,2025-01-26T06:00:00,2025-01-26T05:50:00,06:00:00,27,AK,0.0,06:00:00,27,AK,1.0718,06:00:00,27,AK,0.9099,901.8566666666667,0.0,5411.14,901.8566666666667,2025-01-26T06:00:00,2025-01-26 00:00:00,2025-01-26 00:00:00,2025-01-26T06:00:00,2025-01-26T06:00:00,0.9099,884.3390000342871,1.3523203824965133,747.4854001647252,1,profile_incumbent,28.812716666666674,0.0,154.37126650194148,0.0,0.0,0.0,0.0,10755.627050592326,10584.103421145724,0.0,0.0,135.5012794870654,10783.850395094925,10633.293417887075,0.0,680.1369656098835,0.0,680.1369656098835
2025-01-26,37,5444.9027,2025-01-26T06:10:00,2025-01-26T06:00:00,06:10:00,27,AL,0.0,06:10:00,27,AL,1.0761,06:10:00,27,AL,0.9368,907.4837833333332,0.0,5444.9027,907.4837833333332,2025-01-26T06:10:00,2025-01-26 00:00:00,2025-01-26 00:00:00,2025-01-26T06:10:00,2025-01-26T06:10:00,0.9368,897.0665782931097,11.734406332798747,191.22614743222968,1,profile_incumbent,73.22258573925728,0.0,716.2576359011035,0.0,0.0,0.0,0.0,10584.103421145724,9788.261603477831,0.0,0.0,694.1060245280813,10633.293417887075,9862.064501744762,0.0,179.14065491451277,0.0,179.14065491451277
2025-01-26,38,5425.9845,2025-01-26T06:20:00,2025-01-26T06:10:00,06:20:00,27,AM,3.0054,06:20:00,27,AM,1.0301,06:20:00,27,AM,0.8758,904.33075,0.5009,5422.9791,903.82985,2025-01-26T06:20:00,2025-01-26 00:00:00,2025-01-26 00:00:00,2025-01-26T06:20:00,2025-01-26T06:20:00,0.8758,891.7789456401088,24.329269703938678,879.1641795792599,1,profile_incumbent,73.22258573925728,0.0,24.66567042074007,0.0,0.0,0.0,0.0,9788.261603477831,9760.855303010343,0.0,11.714503643089756,0.0,9862.064501744762,9872.607555023544,0.0,769.9719884755158,0.0,769.9719884755158
2025-01-26,39,5494.45,2025-01-26T06:30:00,2025-01-26T06:20:00,06:30:00,27,AN,0.0,06:30:00,27,AN,1.0849,06:30:00,27,AN,0.8759,915.7416666666667,0.0,5494.45,915.7416666666667,2025-01-26T06:30:00,2025-01-26 00:00:00,2025-01-26 00:00:00,2025-01-26T06:30:00,2025-01-26T06:30:00,0.8759,918.859071606151,39.257136900980925,902.1953972995577,1,profile_incumbent,73.22258573925728,0.0,13.546269367108948,0.0,0.0,0.0,0.0,9760.855303010343,9745.803892602444,0.0,22.593462594387574,0.0,9872.607555023544,9892.941671358492,0.0,790.2329484946827,0.0,790.2329484946827
2025-01-26,40,5321.7277,2025-01-26T06:40:00,2025-01-26T06:30:00,06:40:00,27,AO,0.0,06:40:00,27,AO,1.0386,06:40:00,27,AO,0.8601,886.9546166666668,0.0,5321.7277,886.9546166666668,2025-01-26T06:40:00,2025-01-26 00:00:00,2025-01-26 00:00:00,2025-01-26T06:40:00,2025-01-26T06:40:00,0.8601,911.6713208850362,56.61651704464835,910.3442589293192,1,profile_incumbent,73.22258573925728,23.389642262652387,0.0,0.0,0.0,0.0,0.0,9745.803892602444,9766.85457063883,0.0,55.28945508893139,0.0,9892.941671358492,9942.702180938531,0.0,782.9870971051074,0.0,782.9870971051074
2025-01-26,41,5352.1961,2025-01-26T06:50:00,2025-01-26T06:40:00,06:50:00,27,AP,50.3848,06:50:00,27,AP,1.0074,06:50:00,27,AP,0.8442,892.0326833333334,8.397466666666666,5301.8113,883.6352166666667,2025-01-26T06:50:00,2025-01-26 00:00:00,2025-01-26 00:00:00,2025-01-26T06:50:00,2025-01-26T06:50:00,0.8442,901.5256848686812,76.48156754230416,883.8275817201521,1,profile_incumbent,73.22258573925728,0.19236505348544597,0.0,0.0,0.0,0.0,0.0,9766.85457063883,9767.027699186967,0.0,58.783464393775034,0.0,9942.702180938531,9995.607298892928,0.0,746.1272444881524,0.0,746.1272444881524
2025-01-26,42,5596.52,2025-01-26T07:00:00,2025-01-26T06:50:00,07:00:00,27,AQ,230.175,07:00:00,27,AQ,1.0551,07:00:00,27,AQ,0.8334,932.7533333333334,38.362500000000004,5366.345,894.3908333333335,2025-01-26T07:00:00,2025-01-26 00:00:00,2025-01-26 00:00:00,2025-01-26T07:00:00,2025-01-26T07:00:00,0.8334,902.4951985091849,98.89973532607998,890.9002816958694,1,profile_incumbent,73.22258573925728,0.0,3.4905516374641365,0.0,0.0,0.0,0.0,9767.027699186967,9763.149308478673,0.0,87.30481851276443,0.0,9995.607298892928,10074.181635554416,0.0,742.4762947653376,0.0,742.4762947653376
2025-01-26,43,5612.9403,2025-01-26T07:10:00,2025-01-26T07:00:00,07:10:00,27,AR,461.7418,07:10:00,27,AR,1.1035,07:10:00,27,AR,0.8092,935.49005,76.95696666666667,5151.1985,858.5330833333334,2025-01-26T07:10:00,2025-01-26 00:00:00,2025-01-26 00:00:00,2025-01-26T07:10:00,2025-01-26T07:10:00,0.8092,893.7447483281486,123.88971909625391,856.3579194860886,1,profile_incumbent,58.37531361413428,0.0,2.1751638472447894,0.0,0.0,0.0,0.0,9763.149308478673,9760.732459759512,0.0,86.50289025419386,0.0,10074.181635554416,10152.03423678319,0.0,692.964828448143,0.0,692.964828448143
2025-01-26,44,5662.4424,2025-01-26T07:20:00,2025-01-26T07:10:00,07:20:00,27,AS,699.7212,07:20:00,27,AS,1.0597,07:20:00,27,AS,0.7972,943.7404,116.6202,4962.7212,827.1202000000001,2025-01-26T07:20:00,2025-01-26 00:00:00,2025-01-26 00:00:00,2025-01-26T07:20:00,2025-01-26T07:20:00,0.7972,886.5796504120784,151.43979347595823,819.9809778770127,1,profile_incumbent,58.37531361413428,0.0,7.1392221229873485,0.0,0.0,0.0,0.0,9760.732459759512,9752.79999073397,0.0,84.84112094089255,0.0,10152.03423678319,10228.391245629995,0.0,653.6888355635546,0.0,653.6888355635546
2025-01-26,45,5625.31,2025-01-26T07:30:00,2025-01-26T07:20:00,07:30:00,27,AT,950.1,07:30:00,27,AT,0.93,07:30:00,27,AT,0.7644,937.5516666666667,158.35,4675.21,779.2016666666667,2025-01-26T07:30:00,2025-01-26 00:00:00,2025-01-26 00:00:00,2025-01-26T07:30:00,2025-01-26T07:30:00,0.7644,869.8439318190606,181.50653081165783,801.3489846566447,1,profile_incumbent,58.37531361413428,22.147317989977978,0.0,0.0,0.0,0.0,0.0,9752.79999073397,9772.732576924951,0.0,113.01158364924197,0.0,10228.391245629995,10330.101670914313,0.0,612.5511638715392,0.0,612.5511638715392
2025-01-26,46,5259.8909,2025-01-26T07:40:00,2025-01-26T07:30:00,07:40:00,27,AU,1248.3314,07:40:00,27,AU,0.8571,07:40:00,27,AU,0.6899,876.6484833333334,208.05523333333335,4011.5595000000003,668.59325,2025-01-26T07:40:00,2025-01-26 00:00:00,2025-01-26 00:00:00,2025-01-26T07:40:00,2025-01-26T07:40:00,0.6899,847.9831083714967,214.01395052320404,1401.9526235876413,1,profile_incumbent,58.37531361413428,733.3593735876411,0.0,0.0,0.0,0.0,0.0,9772.732576924951,10432.756013153828,0.0,522.1092545396519,0.0,10330.101670914313,10800.0,245.8742111996968,967.2071150131136,0.0,967.2071150131136
2025-01-26,47,5988.936,2025-01-26T07:50:00,2025-01-26T07:40:00,07:50:00,27,AV,1563.9047,07:50:00,27,AV,1.0971,07:50:00,27,AV,0.86,998.156,260.6507833333333,4425.0313,737.5052166666667,2025-01-26T07:50:00,2025-01-26 00:00:00,2025-01-26 00:00:00,2025-01-26T07:50:00,2025-01-26T07:50:00,0.86,997.3238335403635,248.85311950997198,751.6055768388202,1,profile_incumbent,58.37531361413428,14.100360172153614,0.0,0.0,0.0,0.0,0.0,10432.756013153828,10445.446337308767,0.0,0.0,0.0,10800.0,10800.0,3.134862808428693,646.3807960813854,0.0,646.3807960813854
2025-01-26,48,7353.2,2025-01-26T08:00:00,2025-01-26T07:50:00,08:00:00,27,AW,1889.1375,08:00:00,27,AW,1.4478,08:00:00,27,AW,1.1617,1225.5333333333333,314.85625,5464.0625,910.6770833333333,2025-01-26T08:00:00,2025-01-26 00:00:00,2025-01-26 00:00:00,2025-01-26T08:00:00,2025-01-26T08:00:00,1.1617,1209.6071384475758,285.8822202579589,123.62877136003726,1,profile_incumbent,58.37531361413428,0.0,787.048311973296,0.0,0.0,0.0,0.0,10445.446337308767,9570.948212893994,0.0,0.0,800.0961468295797,10800.0,9911.004281300467,0.0,143.61954368895528,0.0,143.61954368895528
2025-01-26,49,7377.7838,2025-01-26T08:10:00,2025-01-26T08:00:00,08:10:00,27,AX,2235.8738,08:10:00,27,AX,1.4264,08:10:00,27,AX,1.1683,1229.6306333333334,372.6456333333333,5141.91,856.9850000000001,2025-01-26T08:10:00,2025-01-26 00:00:00,2025-01-26 00:00:00,2025-01-26T08:10:00,2025-01-26T08:10:00,1.1683,1184.8105628565556,324.927096077618,86.87938921689211,1,profile_incumbent,-7.310625495749203,0.0,770.105610783108,0.0,0.0,0.0,0.0,9570.948212893994,8715.275312023874,0.0,0.0,773.0040775620455,9911.004281300467,9052.110861787083,0.0,101.50119042209504,0.0,101.50119042209504
2025-01-26,50,7185.2959,2025-01-26T08:20:00,2025-01-26T08:10:00,08:20:00,27,AY,2540.3734,08:20:00,27,AY,1.3558,08:20:00,27,AY,1.0956,1197.5493166666668,423.39556666666664,4644.922500000001,774.1537500000002,2025-01-26T08:20:00,2025-01-26 00:00:00,2025-01-26 00:00:00,2025-01-26T08:20:00,2025-01-26T08:20:00,1.0956,1154.78493467714,365.782275450922,23.05123838922734,1,profile_incumbent,-7.310625495749203,0.0,751.1025116107728,0.0,0.0,0.0,0.0,8715.275312023874,7880.716965789682,0.0,0.0,765.9514208369906,9052.110861787083,8201.05372752376,0.0,25.25493677923747,0.0,25.25493677923747
2025-01-26,51,7400.64,2025-01-26T08:30:00,2025-01-26T08:20:00,08:30:00,27,AZ,2847.5625,08:30:00,27,AZ,1.3878,08:30:00,27,AZ,1.0849,1233.44,474.59375,4553.0775,758.84625,2025-01-26T08:30:00,2025-01-26 00:00:00,2025-01-26 00:00:00,2025-01-26T08:30:00,2025-01-26T08:30:00,1.0849,1199.9917845590592,408.2124699006909,0.0,1,profile_incumbent,-7.310625495749203,0.0,758.84625,0.0,0.0,0.0,0.0,7880.716965789682,7037.554465789682,0.0,0.0,791.7793146583683,8201.05372752376,7321.2989334589065,0.0,0.0,0.0,0.0
2025-01-26,52,7465.2636,2025-01-26T08:40:00,2025-01-26T08:30:00,08:40:00,27,BA,3251.1256,08:40:00,27,BA,1.3498,08:40:00,27,BA,1.061,1244.2106,541.8542666666666,4214.138000000001,702.3563333333335,2025-01-26T08:40:00,2025-01-26 00:00:00,2025-01-26 00:00:00,2025-01-26T08:40:00,2025-01-26T08:40:00,1.061,1170.611336826338,451.9545322400679,0.0,1,profile_incumbent,-7.310625495749203,0.0,702.3563333333335,0.0,0.0,0.0,0.0,7037.554465789682,6257.158539863755,0.0,0.0,718.65680458627,7321.2989334589065,6522.7913728074955,0.0,0.0,0.0,0.0
2025-01-26,53,7285.5238,2025-01-26T08:50:00,2025-01-26T08:40:00,08:50:00,27,BB,3540.7874,08:50:00,27,BB,1.2843,08:50:00,27,BB,1.043,1214.2539666666667,590.1312333333334,3744.7364,624.1227333333333,2025-01-26T08:50:00,2025-01-26 00:00:00,2025-01-26 00:00:00,2025-01-26T08:50:00,2025-01-26T08:50:00,1.043,1143.6145836831322,496.71985464013295,0.0,1,profile_incumbent,-7.310625495749203,0.0,624.1227333333333,0.0,0.0,0.0,0.0,6257.158539863755,5563.688836160051,0.0,0.0,646.8947290429992,6522.7913728074955,5804.019451648607,0.0,0.0,0.0,0.0
2025-01-26,54,7105.67,2025-01-26T09:00:00,2025-01-26T08:50:00,09:00:00,27,BC,3724.7625,09:00:00,27,BC,1.2435,09:00:00,27,BC,1.036,1184.2783333333334,620.7937499999999,3380.9075000000003,563.4845833333335,2025-01-26T09:00:00,2025-01-26 00:00:00,2025-01-26 00:00:00,2025-01-26T09:00:00,2025-01-26T09:00:00,1.036,1166.4941909767706,542.1971787924123,0.0,1,profile_incumbent,-7.310625495749203,0.0,563.4845833333335,0.0,0.0,0.0,0.0,5563.688836160051,4937.594854678569,0.0,0.0,624.2970121843583,5804.019451648607,5110.356104777098,0.0,0.0,0.0,0.0
2025-01-26,55,7211.8964,2025-01-26T09:10:00,2025-01-26T09:00:00,09:10:00,27,BD,4030.9373,09:10:00,27,BD,1.2241,09:10:00,27,BD,1.0147,1201.9827333333333,671.8228833333334,3180.9590999999996,530.1598499999999,2025-01-26T09:10:00,2025-01-26 00:00:00,2025-01-26 00:00:00,2025-01-26T09:10:00,2025-01-26T09:10:00,1.0147,1196.8573503695993,588.055783659948,0.03548746684293923,1,profile_incumbent,14.400833745018483,0.0,530.124362533157,0.0,0.0,0.0,0.0,4937.594854678569,4348.567785197284,0.0,0.0,608.7660792428084,5110.356104777098,4433.949350062867,0.0,0.03600913260553043,0.0,0.03600913260553043
2025-01-26,56,7248.4039,2025-01-26T09:20:00,2025-01-26T09:10:00,09:20:00,27,BE,4385.3183,09:20:00,27,BE,1.1924,09:20:00,27,BE,0.9922,1208.0673166666668,730.8863833333334,2863.0856000000003,477.1809333333334,2025-01-26T09:20:00,2025-01-26 00:00:00,2025-01-26 00:00:00,2025-01-26T09:20:00,2025-01-26T09:20:00,0.9922,1192.3940666976791,633.9490100196214,0.3625335606826815,1,profile_incumbent,14.400833745018483,0.0,476.81839977265076,0.0,0.0,0.0,0.0,4348.567785197284,3818.7695632276723,0.0,0.0,558.0825231173751,4433.949350062867,3813.8576577102276,0.0,0.35970579890935656,0.0,0.35970579890935656
2025-01-26,57,7148.44,2025-01-26T09:30:00,2025-01-26T09:20:00,09:30:00,27,BF,4702.95,09:30:00,27,BF,1.1515,09:30:00,27,BF,0.97,1191.4066666666665,783.8249999999999,2445.49,407.5816666666666,2025-01-26T09:30:00,2025-01-26 00:00:00,2025-01-26 00:00:00,2025-01-26T09:30:00,2025-01-26T09:30:00,0.97,1163.281251685833,679.518075305649,62.513142597255964,1,profile_incumbent,14.400833745018483,0.0,345.0685240694106,0.0,0.0,0.0,0.0,3818.7695632276723,3435.3600920394383,0.0,0.0,421.2500337829281,3813.8576577102276,3345.8020646180853,0.0,60.637748319338286,0.0,60.637748319338286
2025-01-26,58,7178.7695,2025-01-26T09:40:00,2025-01-26T09:30:00,09:40:00,27,BG,4941.3036,09:40:00,27,BG,1.1509,09:40:00,27,BG,0.9422,1196.4615833333335,823.5506,2237.4659,372.91098333333343,2025-01-26T09:40:00,2025-01-26 00:00:00,2025-01-26 00:00:00,2025-01-26T09:40:00,2025-01-26T09:40:00,0.9422,1159.455449748099,724.3961272663237,399.8679316786457,1,profile_incumbent,14.400833745018483,26.956948345312185,0.0,0.0,0.0,0.0,0.0,3435.3600920394383,3459.6213455502193,0.0,0.0,35.19139080312971,3345.8020646180853,3306.7005192812744,0.0,376.75556522761997,0.0,376.75556522761997
2025-01-26,59,7147.823,2025-01-26T09:50:00,2025-01-26T09:40:00,09:50:00,27,BH,4970.6734,09:50:00,27,BH,1.2458,09:50:00,27,BH,0.9569,1191.3038333333334,828.4455666666667,2177.1496000000006,362.85826666666674,2025-01-26T09:50:00,2025-01-26 00:00:00,2025-01-26 00:00:00,2025-01-26T09:50:00,2025-01-26T09:50:00,0.9569,1182.7064968808577,768.2124807287056,116.28295290396265,1,profile_incumbent,14.400833745018483,0.0,246.57531376270413,0.0,0.0,0.0,0.0,3459.6213455502193,3185.6487747027704,0.0,0.0,298.2110632481895,3306.7005192812744,2975.3548934499527,0.0,111.27115763380186,0.0,111.27115763380186
2025-01-26,60,7083.24,2025-01-26T10:00:00,2025-01-26T09:50:00,10:00:00,27,BI,4960.8,10:00:00,27,BI,1.372,10:00:00,27,BI,0.9977,1180.54,826.8000000000001,2122.4399999999996,353.7399999999999,2025-01-26T10:00:00,2025-01-26 00:00:00,2025-01-26 00:00:00,2025-01-26T10:00:00,2025-01-26T10:00:00,0.9977,1193.848262644302,810.596978402007,0.0,1,profile_incumbent,14.400833745018483,0.0,353.7399999999999,0.0,0.0,0.0,0.0,3185.6487747027704,2792.604330258326,0.0,0.0,383.2512842422949,2975.3548934499527,2549.520133180736,0.0,0.0,0.0,0.0
2025-01-26,61,7200.7589,2025-01-26T10:10:00,2025-01-26T10:00:00,10:10:00,27,BJ,5250.0225,10:10:00,27,BJ,1.3876,10:10:00,27,BJ,0.9919,1200.1264833333332,875.00375,1950.7363999999998,325.12273333333326,2025-01-26T10:10:00,2025-01-26 00:00:00,2025-01-26 00:00:00,2025-01-26T10:10:00,2025-01-26T10:10:00,0.9919,1155.119172657529,851.1844141990105,0.039639231397373825,1,profile_incumbent,40.57024919838457,0.0,325.0830941019359,0.0,0.0,0.0,0.0,2792.604330258326,2431.4008923672864,0.0,0.0,303.8951192271211,2549.520133180736,2211.858889595046,0.0,0.039318153623055095,0.0,0.039318153623055095
2025-01-26,62,7140.1234,2025-01-26T10:20:00,2025-01-26T10:10:00,10:20:00,27,BK,5572.6935,10:20:00,27,BK,1.327,10:20:00,27,BK,0.9588,1190.0205666666668,928.7822500000001,1567.4299,261.2383166666667,2025-01-26T10:20:00,2025-01-26 00:00:00,2025-01-26 00:00:00,2025-01-26T10:20:00,2025-01-26T10:20:00,0.9588,1143.854067247652,889.6189560601744,108.48427812665368,1,profile_incumbent,40.57024919838457,0.0,152.75403854001297,0.0,0.0,0.0,0.0,2431.4008923672864,2261.674182878383,0.0,0.0,145.750833060824,2211.858889595046,2049.913519527464,0.0,104.01472586783555,0.0,104.01472586783555
2025-01-26,63,6999.44,2025-01-26T10:30:00,2025-01-26T10:20:00,10:30:00,27,BL,5726.1375,10:30:00,27,BL,1.3136,10:30:00,27,BL,0.9549,1166.5733333333333,954.3562499999999,1273.3024999999998,212.21708333333333,2025-01-26T10:30:00,2025-01-26 00:00:00,2025-01-26 00:00:00,2025-01-26T10:30:00,2025-01-26T10:30:00,0.9549,1173.2925665509197,925.5585047557829,133.57306053686642,1,profile_incumbent,40.57024919838457,0.0,78.64402279646697,0.0,0.0,0.0,0.0,2261.674182878383,2174.291935326753,0.0,0.0,114.16100125827029,2049.913519527464,1923.0679625738303,0.0,127.54891550665374,0.0,127.54891550665374
2025-01-26,64,7201.8835,2025-01-26T10:40:00,2025-01-26T10:30:00,10:40:00,27,BM,5752.2131,10:40:00,27,BM,1.395,10:40:00,27,BM,0.9839,1200.3139166666667,958.7021833333333,1449.6704,241.6117333333334,2025-01-26T10:40:00,2025-01-26 00:00:00,2025-01-26 00:00:00,2025-01-26T10:40:00,2025-01-26T10:40:00,0.9839,1182.9274182872723,958.6789256299077,5.88719148626857,1,profile_incumbent,40.57024919838457,0.0,235.72454184706487,0.0,0.0,0.0,0.0,2174.291935326753,1912.375777718903,0.0,0.0,218.3613011710961,1923.0679625738303,1680.4442946059457,0.0,5.792407703339646,0.0,5.792407703339646
2025-01-26,65,7090.4166,2025-01-26T10:50:00,2025-01-26T10:40:00,10:50:00,27,BN,5796.5841,10:50:00,27,BN,1.1666,10:50:00,27,BN,0.799,1181.7360999999999,966.09735,1293.8324999999995,215.63874999999985,2025-01-26T10:50:00,2025-01-26 00:00:00,2025-01-26 00:00:00,2025-01-26T10:50:00,2025-01-26T10:50:00,0.799,1188.1228310463414,988.6780917321844,234.0937592640177,1,profile_incumbent,40.57024919838457,18.455009264017917,0.0,0.0,0.0,0.0,0.0,1912.375777718903,1928.985286056519,0.0,34.64901994986076,0.0,1680.4442946059457,1711.6284125608204,0.0,187.04091365195015,0.0,187.04091365195015
2025-01-26,66,6728.9,2025-01-26T11:00:00,2025-01-26T10:50:00,11:00:00,27,BO,5930.5875,11:00:00,27,BO,0.7551,11:00:00,27,BO,0.5025,1121.4833333333333,988.43125,798.3125,133.05208333333337,2025-01-26T11:00:00,2025-01-26 00:00:00,2025-01-26 00:00:00,2025-01-26T11:00:00,2025-01-26T11:00:00,0.5025,1181.787159823971,1015.2796792390611,1033.640790895219,1,profile_incumbent,40.57024919838457,833.3333333333334,0.0,0.0,67.25537422855211,67.25537422855211,0.0,1928.985286056519,2678.985286056519,0.0,833.3333333333334,0.0,1711.6284125608204,2461.6284125608204,33.7999769769757,519.4044974248475,0.0,519.4044974248475
2025-01-26,67,6864.4274,2025-01-26T11:10:00,2025-01-26T11:00:00,11:10:00,27,BP,6081.515,11:10:00,27,BP,0.7166,11:10:00,27,BP,0.4662,1144.0712333333333,1013.5858333333334,782.9123999999993,130.4853999999999,2025-01-26T11:10:00,2025-01-26 00:00:00,2025-01-26 00:00:00,2025-01-26T11:10:00,2025-01-26T11:10:00,0.4662,1140.5375144369548,1038.2366594588727,965.5412098421748,1,profile_incumbent,39.568339316313434,833.3333333333334,0.0,0.0,1.7224765088416234,1.7224765088416234,0.0,2678.985286056519,3428.985286056519,0.0,833.3333333333334,0.0,2461.6284125608204,3211.6284125608204,29.90702153075938,450.1353120284219,0.0,450.1353120284219
2025-01-26,68,7011.2867,2025-01-26T11:20:00,2025-01-26T11:10:00,11:20:00,27,BQ,6009.6757,11:20:00,27,BQ,0.7603,11:20:00,27,BQ,0.5007,1168.5477833333332,1001.6126166666667,1001.6109999999999,166.93516666666653,2025-01-26T11:20:00,2025-01-26 00:00:00,2025-01-26 00:00:00,2025-01-26T11:20:00,2025-01-26T11:20:00,0.5007,1140.754614184418,1057.334435992983,949.1960880702134,1,profile_incumbent,39.568339316313434,782.2609214035467,0.0,0.0,0.0,0.0,0.0,3428.985286056519,4133.02011531971,0.0,833.3333333333334,0.0,3211.6284125608204,3961.6284125608204,32.44257654544492,475.2624812967559,0.0,475.2624812967559
2025-01-26,69,6926.72,2025-01-26T11:30:00,2025-01-26T11:20:00,11:30:00,27,BR,5836.1625,11:30:00,27,BR,0.7201,11:30:00,27,BR,0.4827,1154.4533333333334,972.69375,1090.5575,181.75958333333335,2025-01-26T11:30:00,2025-01-26 00:00:00,2025-01-26 00:00:00,2025-01-26T11:30:00,2025-01-26T11:30:00,0.4827,1173.6204713197847,1072.393580721763,993.7208174138146,1,profile_incumbent,39.568339316313434,811.9612340804813,0.0,0.0,0.0,0.0,0.0,4133.02011531971,4863.785225992144,0.0,833.3333333333334,0.0,3961.6284125608204,4711.62841256082,59.1605934824596,479.66903856564835,0.0,479.66903856564835
2025-01-26,70,6851.8199,2025-01-26T11:40:00,2025-01-26T11:30:00,11:40:00,27,BS,5924.7996,11:40:00,27,BS,0.728,11:40:00,27,BS,0.4785,1141.9699833333334,987.4666000000001,927.0203000000001,154.50338333333332,2025-01-26T11:40:00,2025-01-26 00:00:00,2025-01-26 00:00:00,2025-01-26T11:40:00,2025-01-26T11:40:00,0.4785,1153.0547378681556,1083.2721281193676,984.3408062003124,1,profile_incumbent,39.568339316313434,829.8374228669791,0.0,0.0,0.0,0.0,0.0,4863.785225992144,5610.638906572425,0.0,833.3333333333334,0.0,4711.62841256082,5461.62841256082,81.22486311819091,471.0070757668495,0.0,471.0070757668495
2025-01-26,71,6722.5178,2025-01-26T11:50:00,2025-01-26T11:40:00,11:50:00,27,BT,6015.0132,11:50:00,27,BT,0.735,11:50:00,27,BT,0.4662,1120.4196333333332,1002.5022,707.5045999999993,117.91743333333318,2025-01-26T11:50:00,2025-01-26 00:00:00,2025-01-26 00:00:00,2025-01-26T11:50:00,2025-01-26T11:50:00,0.4662,1123.4860373931988,1089.8673938827526,968.2777642733402,1,profile_incumbent,39.568339316313434,833.3333333333334,0.0,0.0,17.026997606673717,17.026997606673717,0.0,5610.638906572425,6360.638906572425,0.0,833.3333333333334,0.0,5461.62841256082,6211.62841256082,101.32578742956059,451.4110937042312,0.0,451.4110937042312
2025-01-26,72,6572.18,2025-01-26T12:00:00,2025-01-26T11:50:00,12:00:00,27,BU,5924.4,12:00:00,27,BU,0.7126,12:00:00,27,BU,0.4432,1095.3633333333335,987.4,647.7800000000007,107.96333333333348,2025-01-26T12:00:00,2025-01-26 00:00:00,2025-01-26 00:00:00,2025-01-26T12:00:00,2025-01-26T12:00:00,0.4432,1097.9833353913464,1092.1172908852693,931.1812502738163,1,profile_incumbent,39.568339316313434,823.2179169404828,0.0,0.0,0.0,0.0,0.0,6360.638906572425,7101.535031818859,0.0,833.3333333333334,0.0,6211.62841256082,6961.62841256082,91.981872434406,412.6995301213554,0.0,412.6995301213554
2025-01-26,73,6548.9194,2025-01-26T12:10:00,2025-01-26T12:00:00,12:10:00,27,BV,5721.8894,12:10:00,27,BV,0.7032,12:10:00,27,BV,0.4411,1091.4865666666667,953.6482333333333,827.0299999999997,137.83833333333337,2025-01-26T12:10:00,2025-01-26 00:00:00,2025-01-26 00:00:00,2025-01-26T12:10:00,2025-01-26T12:10:00,0.4411,1048.8235474688686,1090.0011229214012,926.8962526205395,1,profile_incumbent,33.07703563812466,789.0579192872062,0.0,0.0,0.0,0.0,0.0,7101.535031818859,7811.687159177345,0.0,833.3333333333334,0.0,6961.62841256082,7711.62841256082,134.74049473973866,408.85393703091995,0.0,408.85393703091995
2025-01-26,74,6544.766,2025-01-26T12:20:00,2025-01-26T12:10:00,12:20:00,27,BW,5523.8424,12:20:00,27,BW,0.7485,12:20:00,27,BW,0.4551,1090.7943333333333,920.6404000000001,1020.9235999999992,170.15393333333316,2025-01-26T12:20:00,2025-01-26 00:00:00,2025-01-26 00:00:00,2025-01-26T12:20:00,2025-01-26T12:20:00,0.4551,1041.5813319213648,1083.5398444776613,950.153761973788,1,profile_incumbent,33.07703563812466,779.9998286404548,0.0,0.0,0.0,0.0,0.0,7811.687159177345,8513.687004953754,0.0,833.3333333333334,0.0,7711.62841256082,8461.62841256082,158.77894119675113,432.41497707427095,0.0,432.41497707427095
2025-01-26,75,6489.0,2025-01-26T12:30:00,2025-01-26T12:20:00,12:30:00,27,BX,5383.6875,12:30:00,27,BX,0.7614,12:30:00,27,BX,0.4463,1081.5,897.28125,1105.3125,184.21875,2025-01-26T12:30:00,2025-01-26 00:00:00,2025-01-26 00:00:00,2025-01-26T12:30:00,2025-01-26T12:30:00,0.4463,1067.0638092995084,1072.7957827210541,987.9893716950971,1,profile_incumbent,33.07703563812466,803.7706216950971,0.0,0.0,0.0,0.0,0.0,8513.687004953754,9237.080564479342,0.0,833.3333333333334,0.0,8461.62841256082,9211.62841256082,160.38801178330948,440.9396565875218,0.0,440.9396565875218
2025-01-26,76,6434.0775,2025-01-26T12:40:00,2025-01-26T12:30:00,12:40:00,27,BY,5279.5415,12:40:00,27,BY,0.6478,12:40:00,27,BY,0.4113,1072.34625,879.9235833333333,1154.536,192.42266666666671,2025-01-26T12:40:00,2025-01-26 00:00:00,2025-01-26 00:00:00,2025-01-26T12:40:00,2025-01-26T12:40:00,0.4113,1054.1712280277366,1057.8718259133348,1040.9539473950022,1,profile_incumbent,33.07703563812466,833.3333333333334,0.0,0.0,15.197947395001961,15.197947395001961,0.0,9237.080564479342,9987.080564479342,0.0,833.3333333333334,0.0,9211.62841256082,9961.62841256082,211.321211947267,428.14435856356437,0.0,428.14435856356437
2025-01-26,77,6501.8355,2025-01-26T12:50:00,2025-01-26T12:40:00,12:50:00,27,BZ,5180.5962,12:50:00,27,BZ,0.7753,12:50:00,27,BZ,0.5682,1083.63925,863.4327,1321.2393000000002,220.20655,2025-01-26T12:50:00,2025-01-26 00:00:00,2025-01-26 00:00:00,2025-01-26T12:50:00,2025-01-26T12:50:00,0.5682,1074.3118702770903,1038.9100904081963,702.8980405760067,1,profile_incumbent,33.07703563812466,482.6914905760066,0.0,0.0,0.0,0.0,0.0,9987.080564479342,10421.502905997748,0.0,667.4962607071127,0.0,9961.62841256082,10562.375047197222,0.0,399.386666655287,0.0,399.386666655287
2025-01-26,78,6595.33,2025-01-26T13:00:00,2025-01-26T12:50:00,13:00:00,27,CA,5137.6875,13:00:00,27,CA,1.076,13:00:00,27,CA,0.8279,1099.2216666666666,856.28125,1457.6425,242.94041666666658,2025-01-26T13:00:00,2025-01-26 00:00:00,2025-01-26 00:00:00,2025-01-26T13:00:00,2025-01-26T13:00:00,0.8279,1119.6210019027128,1016.0900861421359,178.97602258685663,1,profile_incumbent,33.07703563812466,0.0,63.964394079809836,0.0,0.0,0.0,0.0,10421.502905997748,10350.431357020181,0.0,75.4451068262797,0.0,10562.375047197222,10630.275643340874,0.0,148.1742490996586,0.0,148.1742490996586
2025-01-26,79,6510.4485,2025-01-26T13:10:00,2025-01-26T13:00:00,13:10:00,27,CB,5234.2792,13:10:00,27,CB,1.1008,13:10:00,27,CB,0.8636,1085.07475,872.3798666666667,1276.1693000000005,212.69488333333334,2025-01-26T13:10:00,2025-01-26 00:00:00,2025-01-26 00:00:00,2025-01-26T13:10:00,2025-01-26T13:10:00,0.8636,1106.1964593392515,989.6264079640866,164.85957835568456,1,profile_incumbent,-6.547290924014594,0.0,47.835304977648775,0.0,0.0,0.0,0.0,10350.431357020181,10297.281018156127,0.0,48.28952698051967,0.0,10630.275643340874,10673.736217623342,0.0,142.37273186796918,0.0,142.37273186796918
2025-01-26,80,6536.379,2025-01-26T13:20:00,2025-01-26T13:10:00,13:20:00,27,CC,5355.0476,13:20:00,27,CC,1.0711,13:20:00,27,CC,0.8416,1089.3965,892.5079333333333,1181.3314,196.88856666666675,2025-01-26T13:20:00,2025-01-26 00:00:00,2025-01-26 00:00:00,2025-01-26T13:20:00,2025-01-26T13:20:00,0.8416,1105.5484509729295,959.7659871451364,206.9263747943266,1,profile_incumbent,-6.547290924014594,10.0378081276599,0.0,0.0,0.0,0.0,0.0,10297.281018156127,10306.315045471021,0.0,61.14391096653344,0.0,10673.736217623342,10728.765737493222,0.0,174.14923702690527,0.0,174.14923702690527
2025-01-26,81,6678.91,2025-01-26T13:30:00,2025-01-26T13:20:00,13:30:00,27,CD,5403.0,13:30:00,27,CD,1.1028,13:30:00,27,CD,0.8618,1113.1516666666666,900.5,1275.9099999999999,212.65166666666664,2025-01-26T13:30:00,2025-01-26 00:00:00,2025-01-26 00:00:00,2025-01-26T13:30:00,2025-01-26T13:30:00,0.8618,1129.632469402008,926.7849438563896,256.9253320238594,1,profile_incumbent,-6.547290924014594,44.27366535719284,0.0,0.0,0.0,0.0,0.0,10306.315045471021,10346.161344292495,0.0,54.0778064782412,0.0,10728.765737493222,10777.43576332364,0.0,221.41825113816205,0.0,221.41825113816205
2025-01-26,82,6638.954,2025-01-26T13:40:00,2025-01-26T13:30:00,13:40:00,27,CE,5342.8487,13:40:00,27,CE,1.0911,13:40:00,27,CE,0.8623,1106.4923333333334,890.4747833333332,1296.1053000000002,216.01755000000014,2025-01-26T13:40:00,2025-01-26 00:00:00,2025-01-26 00:00:00,2025-01-26T13:40:00,2025-01-26T13:40:00,0.8623,1115.0591480954488,890.9850871978016,255.0982947054775,1,profile_incumbent,-6.547290924014594,39.0807447054774,0.0,0.0,0.0,0.0,0.0,10346.161344292495,10381.334014527425,0.0,25.071374084844944,0.0,10777.43576332364,10800.0,5.952859722985398,219.97125952453325,0.0,219.97125952453325
2025-01-26,83,6533.0109,2025-01-26T13:50:00,2025-01-26T13:40:00,13:50:00,27,CF,5117.6526,13:50:00,27,CF,1.1579,13:50:00,27,CF,0.9026,1088.83515,852.9421000000001,1415.3582999999999,235.89305000000002,2025-01-26T13:50:00,2025-01-26 00:00:00,2025-01-26 00:00:00,2025-01-26T13:50:00,2025-01-26T13:50:00,0.9026,1094.1452032493962,852.6901144121618,89.79421942354044,1,profile_incumbent,-6.547290924014594,0.0,146.0988305764596,0.0,0.0,0.0,0.0,10381.334014527425,10219.001980553581,0.0,0.0,151.66086941369394,10800.0,10631.487922873674,0.0,81.04826245168759,0.0,81.04826245168759
2025-01-26,84,6537.31,2025-01-26T14:00:00,2025-01-26T13:50:00,14:00:00,27,CG,4830.075,14:00:00,27,CG,1.3079,14:00:00,27,CG,0.9754,1089.5516666666667,805.0124999999999,1707.2350000000006,284.5391666666668,2025-01-26T14:00:00,2025-01-26 00:00:00,2025-01-26 00:00:00,2025-01-26T14:00:00,2025-01-26T14:00:00,0.9754,1086.8155771068232,812.2415651469993,0.0,1,profile_incumbent,-6.547290924014594,0.0,284.5391666666668,0.0,0.0,0.0,0.0,10219.001980553581,9902.847350923952,0.0,0.0,274.5740119598239,10631.487922873674,10326.405687362758,0.0,0.0,0.0,0.0
2025-01-26,85,6699.2269,2025-01-26T14:10:00,2025-01-26T14:00:00,14:10:00,27,CH,4659.9127,14:10:00,27,CH,1.3976,14:10:00,27,CH,1.0002,1116.5378166666667,776.6521166666666,2039.3141999999998,339.88570000000004,2025-01-26T14:10:00,2025-01-26 00:00:00,2025-01-26 00:00:00,2025-01-26T14:10:00,2025-01-26T14:10:00,1.0002,1079.3034182894587,769.9945899674581,0.0160067887130457,1,profile_incumbent,-26.19358671481554,0.0,339.869693211287,0.0,0.0,0.0,0.0,9902.847350923952,9525.214358466967,0.0,0.0,309.29282153328757,10326.405687362758,9982.746996770216,0.0,0.016009990070788307,0.0,0.016009990070788307
2025-01-26,86,6754.1937,2025-01-26T14:20:00,2025-01-26T14:10:00,14:20:00,27,CI,4442.815,14:20:00,27,CI,1.3991,14:20:00,27,CI,0.9978,1125.69895,740.4691666666666,2311.3787,385.22978333333333,2025-01-26T14:20:00,2025-01-26 00:00:00,2025-01-26 00:00:00,2025-01-26T14:20:00,2025-01-26T14:20:00,0.9978,1072.5650254154034,726.313594724196,0.0,1,profile_incumbent,-26.19358671481554,0.0,385.22978333333333,0.0,0.0,0.0,0.0,9525.214358466967,9097.181265874375,0.0,0.0,346.25143069120736,9982.746996770216,9598.023184891097,0.0,0.0,0.0,0.0
2025-01-26,87,6560.6,2025-01-26T14:30:00,2025-01-26T14:20:00,14:30:00,27,CJ,4163.6625,14:30:00,27,CJ,1.3938,14:30:00,27,CJ,1.0271,1093.4333333333334,693.94375,2396.9375,399.48958333333337,2025-01-26T14:30:00,2025-01-26 00:00:00,2025-01-26 00:00:00,2025-01-26T14:30:00,2025-01-26T14:30:00,1.0271,1067.9086364221123,681.5678238066538,0.0,1,profile_incumbent,-26.19358671481554,0.0,399.48958333333337,0.0,0.0,0.0,0.0,9097.181265874375,8653.303951059559,0.0,0.0,386.3408126154585,9598.023184891097,9168.755615318365,0.0,0.0,0.0,0.0
2025-01-26,88,6244.0654,2025-01-26T14:40:00,2025-01-26T14:30:00,14:40:00,27,CK,3960.095,14:40:00,27,CK,1.4409,14:40:00,27,CK,1.0906,1040.6775666666667,660.0158333333333,2283.9704000000006,380.6617333333335,2025-01-26T14:40:00,2025-01-26 00:00:00,2025-01-26 00:00:00,2025-01-26T14:40:00,2025-01-26T14:40:00,1.0906,1066.3242584347965,636.1269457443276,0.0,1,profile_incumbent,-26.19358671481554,0.0,380.6617333333335,0.0,0.0,0.0,0.0,8653.303951059559,8230.346469578077,0.0,0.0,430.19731269046895,9168.755615318365,8690.758601217844,0.0,0.0,0.0,0.0
2025-01-26,89,6177.8737,2025-01-26T14:50:00,2025-01-26T14:40:00,14:50:00,27,CL,3648.2948,14:50:00,27,CL,1.2231,14:50:00,27,CL,0.9376,1029.6456166666667,608.0491333333333,2529.5789,421.59648333333337,2025-01-26T14:50:00,2025-01-26 00:00:00,2025-01-26 00:00:00,2025-01-26T14:50:00,2025-01-26T14:50:00,0.9376,1080.8453943254042,590.3567040539488,0.06066641271564614,1,profile_incumbent,-26.19358671481554,0.0,421.5358169206178,0.0,0.0,0.0,0.0,8230.346469578077,7761.97333966628,0.0,0.0,490.42802385873983,8690.758601217844,8145.838574708133,0.0,0.056880828562189824,0.0,0.056880828562189824
2025-01-26,90,6348.59,2025-01-26T15:00:00,2025-01-26T14:50:00,15:00:00,27,CM,3322.4625,15:00:00,27,CM,0.8793,15:00:00,27,CM,0.6694,1058.0983333333334,553.74375,3026.1275,504.3545833333334,2025-01-26T15:00:00,2025-01-26 00:00:00,2025-01-26 00:00:00,2025-01-26T15:00:00,2025-01-26T15:00:00,0.6694,1090.1643242092912,544.6146946821609,1374.8813822601583,1,profile_incumbent,-26.19358671481554,833.3333333333334,0.0,0.0,37.193465593491624,37.193465593491624,0.0,7761.97333966628,8511.97333966628,0.0,829.331752733028,0.0,8145.838574708133,8892.237152167858,0.0,920.3455972849499,0.0,920.3455972849499
2025-01-26,91,6409.0876,2025-01-26T15:10:00,2025-01-26T15:00:00,15:10:00,27,CN,3269.7712,15:10:00,27,CN,0.8918,15:10:00,27,CN,0.66,1068.1812666666667,544.9618666666667,3139.3163999999997,523.2194000000001,2025-01-26T15:10:00,2025-01-26 00:00:00,2025-01-26 00:00:00,2025-01-26T15:10:00,2025-01-26T15:10:00,0.66,1056.6158114166328,499.24632889094795,1327.7534091128002,1,profile_incumbent,-23.253216905418522,804.5340091128003,0.0,0.0,0.0,0.0,0.0,8511.97333966628,9236.0539478678,0.0,770.3839265871154,0.0,8892.237152167858,9585.582686096262,0.0,876.3172500144482,0.0,876.3172500144482
2025-01-26,92,6455.315,2025-01-26T15:20:00,2025-01-26T15:10:00,15:20:00,27,CO,3124.0471,15:20:00,27,CO,0.9318,15:20:00,27,CO,0.7217,1075.8858333333333,520.6745166666666,3331.2679,555.2113166666667,2025-01-26T15:20:00,2025-01-26 00:00:00,2025-01-26 00:00:00,2025-01-26T15:20:00,2025-01-26T15:20:00,0.7217,1025.0197733187774,454.5810370218665,1155.5406189247144,1,profile_incumbent,-23.253216905418522,600.3293022580478,0.0,0.0,0.0,0.0,0.0,9236.0539478678,9776.350319900042,0.0,585.1018826278034,0.0,9585.582686096262,10112.174380461285,0.0,833.9536646779663,0.0,833.9536646779663
2025-01-26,93,6519.47,2025-01-26T15:30:00,2025-01-26T15:20:00,15:30:00,27,CP,2777.55,15:30:00,27,CP,0.8725,15:30:00,27,CP,0.7308,1086.5783333333334,462.925,3741.92,623.6533333333334,2025-01-26T15:30:00,2025-01-26 00:00:00,2025-01-26 00:00:00,2025-01-26T15:30:00,2025-01-26T15:30:00,0.7308,1023.5151904810446,410.9287643149938,1182.9315852764407,1,profile_incumbent,-23.253216905418522,559.2782519431073,0.0,0.0,0.0,0.0,0.0,9776.350319900042,10279.70074664884,0.0,570.3451591103899,0.0,10112.174380461285,10625.485023660636,0.0,864.4864025200229,0.0,864.4864025200229
2025-01-26,94,6493.2366,2025-01-26T15:40:00,2025-01-26T15:30:00,15:40:00,27,CQ,2478.6093,15:40:00,27,CQ,0.9206,15:40:00,27,CQ,0.7534,1082.2061,413.10155000000003,4014.6273,669.10455,2025-01-26T15:40:00,2025-01-26 00:00:00,2025-01-26 00:00:00,2025-01-26T15:40:00,2025-01-26T15:40:00,0.7534,1040.7773153051348,368.57680492322186,669.0699582518424,1,profile_incumbent,-23.253216905418522,0.0,0.034591748157708935,0.0,0.0,0.0,0.0,10279.70074664884,10279.66231137311,0.0,0.0,3.130552130070555,10625.485023660636,10622.006632405002,0.0,504.0773065469381,0.0,504.0773065469381
2025-01-26,95,6423.1929,2025-01-26T15:50:00,2025-01-26T15:40:00,15:50:00,27,CR,2199.6109,15:50:00,27,CR,0.9765,15:50:00,27,CR,0.7823,1070.53215,366.6018166666667,4223.582,703.9303333333332,2025-01-26T15:50:00,2025-01-26 00:00:00,2025-01-26 00:00:00,2025-01-26T15:50:00,2025-01-26T15:50:00,0.7823,1058.4541471149068,327.7870145383217,748.1374406155086,1,profile_incumbent,-23.253216905418522,44.20710728217523,0.0,0.0,0.0,0.0,0.0,10279.66231137311,10319.448707927068,0.0,17.470308038923577,0.0,10622.006632405002,10637.729909640033,0.0,585.2679197935123,0.0,585.2679197935123
2025-01-26,96,6379.48,2025-01-26T16:00:00,2025-01-26T15:50:00,16:00:00,27,CS,1901.325,16:00:00,27,CS,0.9937,16:00:00,27,CS,0.8055,1063.2466666666667,316.8875,4478.155,746.3591666666666,2025-01-26T16:00:00,2025-01-26 00:00:00,2025-01-26 00:00:00,2025-01-26T16:00:00,2025-01-26T16:00:00,0.8055,1056.2935790792217,288.79343572934437,812.5146561690466,1,profile_incumbent,-23.253216905418522,66.15548950237985,0.0,0.0,0.0,0.0,0.0,10319.448707927068,10378.98864847921,0.0,45.01451281916934,0.0,10637.729909640033,10678.242971177286,0.0,654.480555544167,0.0,654.480555544167
2025-01-26,97,6379.6147,2025-01-26T16:10:00,2025-01-26T16:00:00,16:10:00,27,CT,1604.6432,16:10:00,27,CT,1.0342,16:10:00,27,CT,0.8271,1063.2691166666666,267.44053333333335,4774.9715,795.8285833333332,2025-01-26T16:10:00,2025-01-26 00:00:00,2025-01-26 00:00:00,2025-01-26T16:10:00,2025-01-26T16:10:00,0.8271,1027.7084108951565,251.80036329309362,785.4259350217218,1,profile_incumbent,53.39404099498989,0.0,10.402648311611529,0.0,0.0,0.0,0.0,10378.98864847921,10367.430150355196,0.0,9.517887419659019,0.0,10678.242971177286,10686.809069854979,0.0,649.6257908564661,0.0,649.6257908564661
2025-01-26,98,6308.7459,2025-01-26T16:20:00,2025-01-26T16:10:00,16:20:00,27,CU,1322.4186,16:20:00,27,CU,1.0631,16:20:00,27,CU,0.8519,1051.45765,220.4031,4986.3273,831.0545500000001,2025-01-26T16:20:00,2025-01-26 00:00:00,2025-01-26 00:00:00,2025-01-26T16:20:00,2025-01-26T16:20:00,0.8519,1020.6825198136263,216.9808697447877,833.9362447377351,1,profile_incumbent,53.39404099498989,2.881694737735188,0.0,0.0,0.0,0.0,0.0,10367.430150355196,10370.023675619157,0.0,30.23459466889642,0.0,10686.809069854979,10714.020205056986,0.0,710.4302868920765,0.0,710.4302868920765
2025-01-26,99,6237.55,2025-01-26T16:30:00,2025-01-26T16:20:00,16:30:00,27,CV,1057.2375,16:30:00,27,CV,1.0598,16:30:00,27,CV,0.8791,1039.5916666666667,176.20624999999998,5180.3125,863.3854166666667,2025-01-26T16:30:00,2025-01-26 00:00:00,2025-01-26 00:00:00,2025-01-26T16:30:00,2025-01-26T16:30:00,0.8791,1044.0885476682154,184.47580365446973,928.5031596014076,1,profile_incumbent,53.39404099498989,65.11774293474082,0.0,0.0,0.0,0.0,0.0,10370.023675619157,10428.629644260423,0.0,68.89041558766189,0.0,10714.020205056986,10776.021579085882,0.0,816.2471276055974,0.0,816.2471276055974
2025-01-26,100,6346.2556,2025-01-26T16:40:00,2025-01-26T16:30:00,16:40:00,27,CW,799.2803,16:40:00,27,CW,1.0476,16:40:00,27,CW,0.9024,1057.7092666666667,133.21338333333333,5546.9753,924.4958833333334,2025-01-26T16:40:00,2025-01-26 00:00:00,2025-01-26 00:00:00,2025-01-26T16:40:00,2025-01-26T16:40:00,0.9024,1055.2142014177846,154.3932659846237,1000.769652420681,1,profile_incumbent,53.39404099498989,76.27376908734755,0.0,0.0,0.0,0.0,0.0,10428.629644260423,10497.276036439036,0.0,26.64268990457559,0.0,10776.021579085882,10800.0,73.30602708294454,903.0945343444225,0.0,903.0945343444225
2025-01-26,101,6391.0395,2025-01-26T16:50:00,2025-01-26T16:40:00,16:50:00,27,CX,521.7963,16:50:00,27,CX,1.0618,16:50:00,27,CX,0.9163,1065.17325,86.96605,5869.2432,978.2072000000001,2025-01-26T16:50:00,2025-01-26 00:00:00,2025-01-26 00:00:00,2025-01-26T16:50:00,2025-01-26T16:50:00,0.9163,1019.1582978182596,126.80856203179614,985.0538288830485,1,profile_incumbent,53.39404099498989,6.8466288830484245,0.0,0.0,0.0,0.0,0.0,10497.276036439036,10503.438002433779,0.0,0.0,0.0,10800.0,10800.0,92.70409309658498,902.6048234055373,0.0,902.6048234055373
2025-01-26,102,6280.41,2025-01-26T17:00:00,2025-01-26T16:50:00,17:00:00,27,CY,248.325,17:00:00,27,CY,1.0888,17:00:00,27,CY,0.9264,1046.735,41.387499999999996,6032.085,1005.3474999999999,2025-01-26T17:00:00,2025-01-26 00:00:00,2025-01-26 00:00:00,2025-01-26T17:00:00,2025-01-26T17:00:00,0.9264,974.3203706588007,101.76461914407197,981.9569928561161,1,profile_incumbent,53.39404099498989,0.0,23.390507143883724,0.0,0.0,0.0,0.0,10503.438002433779,10477.448550051686,0.0,0.0,0.0,10800.0,10800.0,109.40124134138739,909.684958181906,0.0,909.684958181906
2025-01-26,103,6172.7032,2025-01-26T17:10:00,2025-01-26T17:00:00,17:10:00,27,CZ,52.0281,17:10:00,27,CZ,1.0898,17:10:00,27,CZ,0.9462,1028.7838666666667,8.67135,6120.6750999999995,1020.1125166666667,2025-01-26T17:10:00,2025-01-26 00:00:00,2025-01-26 00:00:00,2025-01-26T17:10:00,2025-01-26T17:10:00,0.9462,993.3579764339456,79.27285319869824,971.7661641884703,1,profile_incumbent,42.42546703216793,0.0,48.34635247819642,0.0,0.0,0.0,0.0,10477.448550051686,10423.730380631467,0.0,0.0,0.0,10800.0,10800.0,57.68104095322292,919.4851445551307,0.0,919.4851445551307
2025-01-26,104,6180.7322,2025-01-26T17:20:00,2025-01-26T17:10:00,17:20:00,27,DA,0.0,17:20:00,27,DA,1.1248,17:20:00,27,DA,0.9742,1030.1220333333333,0.0,6180.7322,1030.1220333333333,2025-01-26T17:20:00,2025-01-26 00:00:00,2025-01-26 00:00:00,2025-01-26T17:20:00,2025-01-26T17:20:00,0.9742,1007.2853481323691,59.314459996935526,987.3375863950502,1,profile_incumbent,42.42546703216793,0.0,42.78444693828317,0.0,0.0,0.0,0.0,10423.730380631467,10376.192106255596,0.0,0.0,0.0,10800.0,10800.0,39.36669825961667,961.8642766660578,0.0,961.8642766660578
2025-01-26,105,6360.94,2025-01-26T17:30:00,2025-01-26T17:20:00,17:30:00,27,DB,0.0,17:30:00,27,DB,1.1613,17:30:00,27,DB,0.9862,1060.1566666666665,0.0,6360.94,1060.1566666666665,2025-01-26T17:30:00,2025-01-26 00:00:00,2025-01-26 00:00:00,2025-01-26T17:30:00,2025-01-26T17:30:00,0.9862,1010.9695766307917,41.84210137651798,1020.6620066772165,1,profile_incumbent,42.42546703216793,0.0,39.49465998945004,0.0,0.0,0.0,0.0,10376.192106255596,10332.309150711762,0.0,0.0,0.0,10800.0,10800.0,51.53453142294268,1006.5768709850709,0.0,1006.5768709850709
2025-01-26,106,6509.0941,2025-01-26T17:40:00,2025-01-26T17:30:00,17:40:00,27,DC,3.0751,17:40:00,27,DC,1.1112,17:40:00,27,DC,0.976,1084.8490166666668,0.5125166666666666,6506.019,1084.3365000000001,2025-01-26T17:40:00,2025-01-26 00:00:00,2025-01-26 00:00:00,2025-01-26T17:40:00,2025-01-26T17:40:00,0.976,1043.7170946720946,26.781950057720756,1082.5557553304868,1,profile_incumbent,42.42546703216793,0.0,1.7807446695132967,0.0,0.0,0.0,0.0,10332.309150711762,10330.330545523415,0.0,0.0,0.0,10800.0,10800.0,65.62061071611288,1056.5744172025552,0.0,1056.5744172025552
2025-01-26,107,5626.3481,2025-01-26T17:50:00,2025-01-26T17:40:00,17:50:00,27,DD,0.0,17:50:00,27,DD,1.1297,17:50:00,27,DD,1.0742,937.7246833333334,0.0,5626.3481,937.7246833333334,2025-01-26T17:50:00,2025-01-26 00:00:00,2025-01-26 00:00:00,2025-01-26T17:50:00,2025-01-26T17:50:00,1.0742,934.8793291227632,14.036052118430169,921.7131676623196,1,profile_incumbent,42.42546703216793,0.0,16.01151567101374,0.0,0.0,0.0,0.0,10330.330545523415,10312.539972555622,0.0,0.0,0.0,10800.0,10800.0,0.8698906579865024,990.1042847028638,0.0,990.1042847028638
2025-01-26,108,4326.35,2025-01-26T18:00:00,2025-01-26T17:50:00,18:00:00,27,DE,0.0,18:00:00,27,DE,1.2474,18:00:00,27,DE,1.2313,721.0583333333334,0.0,4326.35,721.0583333333334,2025-01-26T18:00:00,2025-01-26 00:00:00,2025-01-26 00:00:00,2025-01-26T18:00:00,2025-01-26T18:00:00,1.2313,743.5249468251792,3.4849616166357866,713.0711311330344,1,profile_incumbent,42.42546703216793,0.0,7.9872022002989524,0.0,0.0,0.0,0.0,10312.539972555622,10303.665303444179,0.0,0.0,26.968854075508943,10800.0,10770.034606582767,0.0,878.0044837641053,0.0,878.0044837641053
2025-01-26,109,4313.8513,2025-01-26T18:10:00,2025-01-26T18:00:00,18:10:00,27,DF,0.2208,18:10:00,27,DF,1.3315,18:10:00,27,DF,1.2561,718.9752166666667,0.0368,4313.6305,718.9384166666667,2025-01-26T18:10:00,2025-01-26 00:00:00,2025-01-26 00:00:00,2025-01-26T18:10:00,2025-01-26T18:10:00,1.2561,720.8972098932968,0.0,725.3674283967005,1,profile_incumbent,52.98100650447741,6.4290117300337215,0.0,0.0,0.0,0.0,0.0,10303.665303444179,10309.451414001209,0.0,4.4702185034036575,0.0,10770.034606582767,10774.05780323583,0.0,911.1340268090954,0.0,911.1340268090954
2025-01-26,110,4475.2435,2025-01-26T18:20:00,2025-01-26T18:10:00,18:20:00,27,DG,0.0,18:20:00,27,DG,1.3475,18:20:00,27,DG,1.2447,745.8739166666666,0.0,4475.2435,745.8739166666666,2025-01-26T18:20:00,2025-01-26 00:00:00,2025-01-26 00:00:00,2025-01-26T18:20:00,2025-01-26T18:20:00,1.2447,757.9355619346223,0.0,772.6620665284329,1,profile_incumbent,52.98100650447741,26.78814986176633,0.0,0.0,0.0,0.0,0.0,10309.451414001209,10333.560748876798,0.0,14.726504593810546,0.0,10774.05780323583,10787.31165737026,0.0,961.7324742079403,0.0,961.7324742079403
2025-01-26,111,4336.63,2025-01-26T18:30:00,2025-01-26T18:20:00,18:30:00,27,DH,0.0,18:30:00,27,DH,1.3148,18:30:00,27,DH,1.2545,722.7716666666666,0.0,4336.63,722.7716666666666,2025-01-26T18:30:00,2025-01-26 00:00:00,2025-01-26 00:00:00,2025-01-26T18:30:00,2025-01-26T18:30:00,1.2545,748.3770479208454,0.0,732.6632098861762,1,profile_incumbent,52.98100650447741,9.891543219509572,0.0,0.0,0.0,0.0,0.0,10333.560748876798,10342.463137774357,0.0,0.0,15.713838034669152,10787.31165737026,10769.851837331738,0.0,919.1259968022081,0.0,919.1259968022081
2025-01-26,112,4518.2502,2025-01-26T18:40:00,2025-01-26T18:30:00,18:40:00,27,DI,0.0159,18:40:00,27,DI,1.2924,18:40:00,27,DI,1.2522,753.0417000000001,0.00265,4518.2343,753.0390500000001,2025-01-26T18:40:00,2025-01-26 00:00:00,2025-01-26 00:00:00,2025-01-26T18:40:00,2025-01-26T18:40:00,1.2522,703.4341320838341,0.0,664.8872933724995,1,profile_incumbent,52.98100650447741,0.0,88.15175662750062,0.0,0.0,0.0,0.0,10342.463137774357,10244.516741521578,0.0,0.0,38.54683871133466,10769.851837331738,10727.022016541367,0.0,832.5718687610438,0.0,832.5718687610438
2025-01-26,113,4585.4478,2025-01-26T18:50:00,2025-01-26T18:40:00,18:50:00,27,DJ,0.0,18:50:00,27,DJ,1.3773,18:50:00,27,DJ,1.2881,764.2413,0.0,4585.4478,764.2413,2025-01-26T18:50:00,2025-01-26 00:00:00,2025-01-26 00:00:00,2025-01-26T18:50:00,2025-01-26T18:50:00,1.2881,714.3885673160986,0.0,671.6609125524305,1,profile_incumbent,52.98100650447741,0.0,92.58038744756948,0.0,0.0,0.0,0.0,10244.516741521578,10141.649644357612,0.0,0.0,42.727654763668056,10727.022016541367,10679.546844581735,0.0,865.1664214587857,0.0,865.1664214587857
2025-01-26,114,4401.7,2025-01-26T19:00:00,2025-01-26T18:50:00,19:00:00,27,DK,0.0,19:00:00,27,DK,1.5098,19:00:00,27,DK,1.3466,733.6166666666667,0.0,4401.7,733.6166666666667,2025-01-26T19:00:00,2025-01-26 00:00:00,2025-01-26 00:00:00,2025-01-26T19:00:00,2025-01-26T19:00:00,1.3466,757.6059136163103,0.0,0.05485654597265823,1,profile_incumbent,52.98100650447741,0.0,733.561810120694,0.0,0.0,0.0,0.0,10141.649644357612,9326.58096644573,0.0,0.0,757.5510570703376,10679.546844581735,9837.823447836916,0.0,0.07386982480678157,0.0,0.07386982480678157
2025-01-26,115,4302.4635,2025-01-26T19:10:00,2025-01-26T19:00:00,19:10:00,27,DL,0.0011,19:10:00,27,DL,1.5277,19:10:00,27,DL,1.3523,717.0772499999999,0.00018333333333333334,4302.462399999999,717.0770666666666,2025-01-26T19:10:00,2025-01-26 00:00:00,2025-01-26 00:00:00,2025-01-26T19:10:00,2025-01-26T19:10:00,1.3523,725.2658936900111,0.0,0.0,1,profile_incumbent,52.148249294866524,0.0,717.0770666666666,0.0,0.0,0.0,0.0,9326.58096644573,8529.828670149434,0.0,0.0,725.2658936900111,9837.823447836916,9031.972454848015,0.0,0.0,0.0,0.0
2025-01-26,116,4215.1705,2025-01-26T19:20:00,2025-01-26T19:10:00,19:20:00,27,DM,0.0,19:20:00,27,DM,1.5146,19:20:00,27,DM,1.3445,702.5284166666667,0.0,4215.1705,702.5284166666667,2025-01-26T19:20:00,2025-01-26 00:00:00,2025-01-26 00:00:00,2025-01-26T19:20:00,2025-01-26T19:20:00,1.3445,703.9281061555175,0.0,8.1190508191175,1,profile_incumbent,52.148249294866524,0.0,694.4093658475491,0.0,0.0,0.0,0.0,8529.828670149434,7758.262708096602,0.0,0.0,695.8090553364,9031.972454848015,8258.851282252015,0.0,10.91606382630348,0.0,10.91606382630348
2025-01-26,117,4219.54,2025-01-26T19:30:00,2025-01-26T19:20:00,19:30:00,27,DN,0.0,19:30:00,27,DN,1.53,19:30:00,27,DN,1.3483,703.2566666666667,0.0,4219.54,703.2566666666667,2025-01-26T19:30:00,2025-01-26 00:00:00,2025-01-26 00:00:00,2025-01-26T19:30:00,2025-01-26T19:30:00,1.3483,730.2956348461403,0.0,8.64061569278428,1,profile_incumbent,52.148249294866524,0.0,694.6160509738824,0.0,0.0,0.0,0.0,7758.262708096602,6986.467095903399,0.0,0.0,721.655019153356,8258.851282252015,7457.01237208162,0.0,11.650142138581046,0.0,11.650142138581046
2025-01-26,118,4476.5425,2025-01-26T19:40:00,2025-01-26T19:30:00,19:40:00,27,DO,0.0,19:40:00,27,DO,1.5429,19:40:00,27,DO,1.349,746.0904166666666,0.0,4476.5425,746.0904166666666,2025-01-26T19:40:00,2025-01-26 00:00:00,2025-01-26 00:00:00,2025-01-26T19:40:00,2025-01-26T19:40:00,1.349,749.4300885238159,0.0,0.028001262888985454,1,profile_incumbent,52.148249294866524,0.0,746.0624154037775,0.0,0.0,0.0,0.0,6986.467095903399,6157.508856565869,0.0,0.0,749.4020872609269,7457.01237208162,6624.343386236145,0.0,0.037773703637241376,0.0,0.037773703637241376
2025-01-26,119,4462.8371,2025-01-26T19:50:00,2025-01-26T19:40:00,19:50:00,27,DP,0.0,19:50:00,27,DP,1.5156,19:50:00,27,DP,1.3473,743.8061833333333,0.0,4462.8371,743.8061833333333,2025-01-26T19:50:00,2025-01-26 00:00:00,2025-01-26 00:00:00,2025-01-26T19:50:00,2025-01-26T19:50:00,1.3473,740.4439941680333,0.0,0.05649178825364723,1,profile_incumbent,52.148249294866524,0.0,743.7496915450796,0.0,0.0,0.0,0.0,6157.508856565869,5331.120310404669,0.0,0.0,740.3875023797797,6624.343386236145,5801.690605814168,0.0,0.07611138631413891,0.0,0.07611138631413891
2025-01-26,120,4236.61,2025-01-26T20:00:00,2025-01-26T19:50:00,20:00:00,27,DQ,0.0,20:00:00,27,DQ,1.4899,20:00:00,27,DQ,1.3482,706.1016666666666,0.0,4236.61,706.1016666666666,2025-01-26T20:00:00,2025-01-26 00:00:00,2025-01-26 00:00:00,2025-01-26T20:00:00,2025-01-26T20:00:00,1.3482,713.1232747543975,0.0,3.6567923889965472,1,profile_incumbent,52.148249294866524,0.0,702.44487427767,0.0,0.0,0.0,0.0,5331.120310404669,4550.626005651702,0.0,0.0,709.4664823654009,5801.690605814168,5013.394514297055,0.0,4.930087498845145,0.0,4.930087498845145
2025-01-26,121,4361.7801,2025-01-26T20:10:00,2025-01-26T20:00:00,20:10:00,27,DR,0.0,20:10:00,27,DR,1.5391,20:10:00,27,DR,1.3513,726.96335,0.0,4361.7801,726.96335,2025-01-26T20:10:00,2025-01-26 00:00:00,2025-01-26 00:00:00,2025-01-26T20:10:00,2025-01-26T20:10:00,1.3513,699.1898303819285,0.0,6.453204056379318,1,profile_incumbent,67.5161101572709,0.0,720.5101459436207,0.0,0.0,0.0,0.0,4550.626005651702,3750.059176825457,0.0,0.0,692.7366263255492,5013.394514297055,4243.687151713111,0.0,8.720214641385372,0.0,8.720214641385372
2025-01-26,122,4428.4876,2025-01-26T20:20:00,2025-01-26T20:10:00,20:20:00,27,DS,0.0,20:20:00,27,DS,1.5503,20:20:00,27,DS,1.34,738.0812666666667,0.0,4428.4876,738.0812666666667,2025-01-26T20:20:00,2025-01-26 00:00:00,2025-01-26 00:00:00,2025-01-26T20:20:00,2025-01-26T20:20:00,1.34,730.9900846993594,0.0,3.7902953059014495,1,profile_incumbent,67.5161101572709,0.0,734.2909713607653,0.0,0.0,0.0,0.0,3750.059176825457,2934.18031975794,0.0,0.0,727.199789393458,4243.687151713111,3435.68738572038,0.0,5.078995709907943,0.0,5.078995709907943
2025-01-26,123,4347.72,2025-01-26T20:30:00,2025-01-26T20:20:00,20:30:00,27,DT,0.0,20:30:00,27,DT,1.543,20:30:00,27,DT,1.3489,724.62,0.0,4347.72,724.62,2025-01-26T20:30:00,2025-01-26 00:00:00,2025-01-26 00:00:00,2025-01-26T20:30:00,2025-01-26T20:30:00,1.3489,775.5324210038679,0.0,15.056850960176053,1,profile_incumbent,67.5161101572709,0.0,709.563149039824,0.0,0.0,0.0,0.0,2934.18031975794,2145.7768208248026,0.0,0.0,760.4755700436918,3435.68738572038,2590.714530116278,0.0,20.310186260181478,0.0,20.310186260181478
2025-01-26,124,4450.2024,2025-01-26T20:40:00,2025-01-26T20:30:00,20:40:00,27,DU,0.0,20:40:00,27,DU,1.6006,20:40:00,27,DU,1.3952,741.7004000000001,0.0,4450.2024,741.7004000000001,2025-01-26T20:40:00,2025-01-26 00:00:00,2025-01-26 00:00:00,2025-01-26T20:40:00,2025-01-26T20:40:00,1.3952,761.433407470688,0.0,0.0,1,profile_incumbent,67.5161101572709,0.0,741.7004000000001,0.0,0.0,0.0,0.0,2145.7768208248026,1321.665265269247,0.0,0.0,761.433407470688,2590.714530116278,1744.6774107044025,0.0,0.0,0.0,0.0
2025-01-26,125,4471.745,2025-01-26T20:50:00,2025-01-26T20:40:00,20:50:00,27,DV,0.0,20:50:00,27,DV,1.3692,20:50:00,27,DV,1.2226,745.2908333333334,0.0,4471.745,745.2908333333334,2025-01-26T20:50:00,2025-01-26 00:00:00,2025-01-26 00:00:00,2025-01-26T20:50:00,2025-01-26T20:50:00,1.2226,724.3109278198715,1.3580766277821132,684.6085334937985,1,profile_incumbent,67.5161101572709,0.0,60.682299839534835,0.0,0.0,0.0,0.0,1321.665265269247,1254.2404876697638,0.0,0.0,38.344317698290865,1744.6774107044025,1702.0726132618572,0.0,837.002393049518,0.0,837.002393049518
2025-01-26,126,4368.77,2025-01-26T21:00:00,2025-01-26T20:50:00,21:00:00,27,DW,0.0,21:00:00,27,DW,0.9782,21:00:00,27,DW,0.9332,728.1283333333334,0.0,4368.77,728.1283333333334,2025-01-26T21:00:00,2025-01-26 00:00:00,2025-01-26 00:00:00,2025-01-26T21:00:00,2025-01-26T21:00:00,0.9332,716.2809400043712,3.150326979870653,669.6548252596968,1,profile_incumbent,67.5161101572709,0.0,48.816438902787375,9.65706917084922,0.0,0.0,0.0,1254.2404876697638,1200.0,0.0,0.0,43.47578776480373,1702.0726132618572,1653.7661824120753,0.0,624.9218829323491,45.05988475118246,669.9817676835316
2025-01-26,127,4374.9575,2025-01-26T21:10:00,2025-01-26T21:00:00,21:10:00,27,DX,0.0,21:10:00,27,DX,0.9453,21:10:00,27,DX,0.9068,729.1595833333334,0.0,4374.9575,729.1595833333334,2025-01-26T21:10:00,2025-01-26 00:00:00,2025-01-26 00:00:00,2025-01-26T21:10:00,2025-01-26T21:10:00,0.9068,752.6995565774029,4.575026851275227,752.3816678126636,1,profile_incumbent,77.04004193065272,23.222084479330192,0.0,0.0,0.0,0.0,0.0,1200.0,1220.899876031397,0.0,4.257138086535974,0.0,1653.7661824120753,1657.5976066899577,0.0,682.2596963725234,0.0,682.2596963725234
2025-01-26,128,4343.0202,2025-01-26T21:20:00,2025-01-26T21:10:00,21:20:00,27,DY,0.0,21:20:00,27,DY,0.9771,21:20:00,27,DY,0.9371,723.8367,0.0,4343.0202,723.8367,2025-01-26T21:20:00,2025-01-26 00:00:00,2025-01-26 00:00:00,2025-01-26T21:20:00,2025-01-26T21:20:00,0.9371,751.0571078112808,5.618866814823015,750.7592923082146,1,profile_incumbent,77.04004193065272,26.92259230821469,0.0,0.0,0.0,0.0,0.0,1220.899876031397,1245.1302091087903,0.0,5.3210513117568325,0.0,1657.5976066899577,1662.386552870539,0.0,703.536532822028,0.0,703.536532822028
2025-01-26,129,4311.41,2025-01-26T21:30:00,2025-01-26T21:20:00,21:30:00,27,DZ,0.0,21:30:00,27,DZ,0.9387,21:30:00,27,DZ,0.9371,718.5683333333333,0.0,4311.41,718.5683333333333,2025-01-26T21:30:00,2025-01-26 00:00:00,2025-01-26 00:00:00,2025-01-26T21:30:00,2025-01-26T21:30:00,0.9371,724.9833612070561,6.2833003890344905,723.1216281705898,1,profile_incumbent,77.04004193065272,4.553294837256544,0.0,0.0,0.0,0.0,0.0,1245.1302091087903,1249.2281744623212,0.0,4.421567352568218,0.0,1662.386552870539,1666.3659634878504,0.0,677.6372777586597,0.0,677.6372777586597
2025-01-26,130,4409.9237,2025-01-26T21:40:00,2025-01-26T21:30:00,21:40:00,27,EA,0.0,21:40:00,27,EA,0.9565,21:40:00,27,EA,0.9871,734.9872833333334,0.0,4409.9237,734.9872833333334,2025-01-26T21:40:00,2025-01-26 00:00:00,2025-01-26 00:00:00,2025-01-26T21:40:00,2025-01-26T21:40:00,0.9871,752.4323765416694,6.5832096922460375,737.218558341256,1,profile_incumbent,77.04004193065272,2.2312750079225907,0.0,0.0,0.0,0.0,0.0,1249.2281744623212,1251.2363219694516,0.0,0.0,8.630608508167484,1666.3659634878504,1656.7763984787755,0.0,727.7084389386538,0.0,727.7084389386538
2025-01-26,131,4036.2212,2025-01-26T21:50:00,2025-01-26T21:40:00,21:50:00,27,EB,0.0,21:50:00,27,EB,0.7537,21:50:00,27,EB,0.7764,672.7035333333333,0.0,4036.2212,672.7035333333333,2025-01-26T21:50:00,2025-01-26 00:00:00,2025-01-26 00:00:00,2025-01-26T21:50:00,2025-01-26T21:50:00,0.7764,695.9173984440816,6.5453472112979965,692.0776528745766,1,profile_incumbent,77.04004193065272,19.374119541243317,0.0,0.0,0.0,0.0,0.0,1251.2363219694516,1268.6730295565706,0.0,2.7056016417930095,0.0,1656.7763984787755,1659.2114399563893,0.0,537.3290896918213,0.0,537.3290896918213
2025-01-26,132,3378.17,2025-01-26T22:00:00,2025-01-26T21:50:00,22:00:00,27,EC,0.0,22:00:00,27,EC,0.4187,22:00:00,27,EC,0.4209,563.0283333333333,0.0,3378.17,563.0283333333333,2025-01-26T22:00:00,2025-01-26 00:00:00,2025-01-26 00:00:00,2025-01-26T22:00:00,2025-01-26T22:00:00,0.4209,572.1467040719558,6.20659236850368,628.1653391581792,1,profile_incumbent,77.04004193065272,65.13700582484591,0.0,0.0,0.0,0.0,0.0,1268.6730295565706,1327.2963347989319,0.0,62.22522745472713,0.0,1659.2114399563893,1715.2141446656437,0.0,264.39479125167765,0.0,264.39479125167765
2025-01-26,133,3285.6804,2025-01-26T22:10:00,2025-01-26T22:00:00,22:10:00,27,ED,0.0,22:10:00,27,ED,0.3611,22:10:00,27,ED,0.3859,547.6134000000001,0.0,3285.6804,547.6134000000001,2025-01-26T22:10:00,2025-01-26 00:00:00,2025-01-26 00:00:00,2025-01-26T22:10:00,2025-01-26T22:10:00,0.3859,552.1024844165183,5.612064487530184,617.1936876883616,1,profile_incumbent,36.81169334087136,69.58028768836152,0.0,0.0,0.0,0.0,0.0,1327.2963347989319,1389.9185937184573,0.0,70.70326775937349,0.0,1715.2141446656437,1778.8470856490799,0.0,238.17504407893875,0.0,238.17504407893875
2025-01-26,134,3371.3467,2025-01-26T22:20:00,2025-01-26T22:10:00,22:20:00,27,EE,0.0,22:20:00,27,EE,0.4026,22:20:00,27,EE,0.4368,561.8911166666667,0.0,3371.3467,561.8911166666667,2025-01-26T22:20:00,2025-01-26 00:00:00,2025-01-26 00:00:00,2025-01-26T22:20:00,2025-01-26T22:20:00,0.4368,587.8087596041453,4.813135870586083,604.2357560231972,1,profile_incumbent,36.81169334087136,42.34463935653048,0.0,0.0,0.0,0.0,0.0,1389.9185937184573,1428.0287691393346,0.0,21.240132289637927,0.0,1778.8470856490799,1797.963204709754,0.0,263.93017823093254,0.0,263.93017823093254
2025-01-26,135,3382.94,2025-01-26T22:30:00,2025-01-26T22:20:00,22:30:00,27,EF,0.0,22:30:00,27,EF,0.4102,22:30:00,27,EF,0.4198,563.8233333333334,0.0,3382.94,563.8233333333334,2025-01-26T22:30:00,2025-01-26 00:00:00,2025-01-26 00:00:00,2025-01-26T22:30:00,2025-01-26T22:30:00,0.4198,607.5301227276258,3.8653899726503074,603.8872881118837,1,profile_incumbent,36.81169334087136,40.06395477855028,0.0,0.0,0.0,0.0,0.0,1428.0287691393346,1464.0863284400298,0.0,0.22255535690817396,0.0,1797.963204709754,1798.1635045309715,0.0,253.51188354936878,0.0,253.51188354936878
2025-01-26,136,3462.0232,2025-01-26T22:40:00,2025-01-26T22:30:00,22:40:00,27,EG,0.0,22:40:00,27,EG,0.4273,22:40:00,27,EG,0.4186,577.0038666666667,0.0,3462.0232,577.0038666666667,2025-01-26T22:40:00,2025-01-26 00:00:00,2025-01-26 00:00:00,2025-01-26T22:40:00,2025-01-26T22:40:00,0.4186,590.934144859029,2.826570075126125,581.6322016607182,1,profile_incumbent,36.81169334087136,4.628334994051556,0.0,0.0,0.0,0.0,0.0,1464.0863284400298,1468.2518299346762,0.0,0.0,6.475373123184568,1798.1635045309715,1790.9686455052108,0.0,243.47123961517667,0.0,243.47123961517667
2025-01-26,137,3509.1319,2025-01-26T22:50:00,2025-01-26T22:40:00,22:50:00,27,EH,0.0,22:50:00,27,EH,0.4207,22:50:00,27,EH,0.4241,584.8553166666667,0.0,3509.1319,584.8553166666667,2025-01-26T22:50:00,2025-01-26 00:00:00,2025-01-26 00:00:00,2025-01-26T22:50:00,2025-01-26T22:50:00,0.4241,587.6440761426531,1.754563418410353,578.7304232560087,1,profile_incumbent,36.81169334087136,0.0,6.124893410657933,0.0,0.0,0.0,0.0,1468.2518299346762,1461.446392811723,0.0,0.0,7.159089468234015,1790.9686455052108,1783.0141016516175,0.0,245.4395725028733,0.0,245.4395725028733
2025-01-26,138,3467.56,2025-01-26T23:00:00,2025-01-26T22:50:00,23:00:00,27,EI,0.0,23:00:00,27,EI,0.3977,23:00:00,27,EI,0.4237,577.9266666666666,0.0,3467.56,577.9266666666666,2025-01-26T23:00:00,2025-01-26 00:00:00,2025-01-26 00:00:00,2025-01-26T23:00:00,2025-01-26T23:00:00,0.4237,606.7900308709691,0.7054644627841029,568.3170391573949,1,profile_incumbent,36.81169334087136,0.0,9.609627509271718,0.0,0.0,0.0,0.0,1461.446392811723,1450.7690289125321,0.0,0.0,37.76752725079007,1783.0141016516175,1741.050182484073,0.0,240.79592949098824,0.0,240.79592949098824
2025-01-26,139,3420.1911,2025-01-26T23:10:00,2025-01-26T23:00:00,23:10:00,27,EJ,0.0,23:10:00,27,EJ,0.407,23:10:00,27,EJ,0.4248,570.03185,0.0,3420.1911,570.03185,2025-01-26T23:10:00,2025-01-26 00:00:00,2025-01-26 00:00:00,2025-01-26T23:10:00,2025-01-26T23:10:00,0.4248,609.7697544585171,0.0,600.9696521527918,1,profile_incumbent,22.9797831186451,30.937802152791846,0.0,0.0,0.0,0.0,0.0,1450.7690289125321,1478.6130508500448,0.0,0.0,8.800102305725318,1741.050182484073,1731.272291033267,0.0,255.29190823450597,0.0,255.29190823450597
2025-01-26,140,3559.2156,2025-01-26T23:20:00,2025-01-26T23:10:00,23:20:00,27,EK,0.0,23:20:00,27,EK,0.4134,23:20:00,27,EK,0.424,593.2026,0.0,3559.2156,593.2026,2025-01-26T23:20:00,2025-01-26 00:00:00,2025-01-26 00:00:00,2025-01-26T23:20:00,2025-01-26T23:20:00,0.424,597.3986197579123,0.0,600.1036565876067,1,profile_incumbent,22.9797831186451,6.901056587606718,0.0,0.0,0.0,0.0,0.0,1478.6130508500448,1484.8240017788908,0.0,2.705036829694336,0.0,1731.272291033267,1733.706824179992,0.0,254.44395039314523,0.0,254.44395039314523
2025-01-26,141,3716.63,2025-01-26T23:30:00,2025-01-26T23:20:00,23:30:00,27,EL,0.0,23:30:00,27,EL,0.4125,23:30:00,27,EL,0.422,619.4383333333334,0.0,3716.63,619.4383333333334,2025-01-26T23:30:00,2025-01-26 00:00:00,2025-01-26 00:00:00,2025-01-26T23:30:00,2025-01-26T23:30:00,0.422,578.2978879206103,0.0,575.8074027591441,1,profile_incumbent,22.9797831186451,0.0,43.63093057418928,0.0,0.0,0.0,0.0,1484.8240017788908,1436.3451900297916,0.0,0.0,2.490485161466154,1733.706824179992,1730.9396184450297,0.0,242.9907239643588,0.0,242.9907239643588
2025-01-26,142,3554.2886,2025-01-26T23:40:00,2025-01-26T23:30:00,23:40:00,27,EM,0.0,23:40:00,27,EM,0.4408,23:40:00,27,EM,0.424,592.3814333333333,0.0,3554.2886,592.3814333333333,2025-01-26T23:40:00,2025-01-26 00:00:00,2025-01-26 00:00:00,2025-01-26T23:40:00,2025-01-26T23:40:00,0.424,563.8798512692841,0.0,555.9222795686961,1,profile_incumbent,22.9797831186451,0.0,36.45915376463722,0.0,0.0,0.0,0.0,1436.3451900297916,1395.8350191801946,0.0,0.0,7.957571700588005,1730.9396184450297,1722.097872111043,0.0,235.71104653712715,0.0,235.71104653712715
2025-01-26,143,3566.3998,2025-01-26T23:50:00,2025-01-26T23:40:00,23:50:00,27,EN,0.0,23:50:00,27,EN,0.4878,23:50:00,27,EN,0.4271,594.3999666666667,0.0,3566.3998,594.3999666666667,2025-01-26T23:50:00,2025-01-26 00:00:00,2025-01-26 00:00:00,2025-01-26T23:50:00,2025-01-26T23:50:00,0.4271,584.987400231681,0.0,574.7799975045125,1,profile_incumbent,22.9797831186451,0.0,19.619969162154234,0.0,0.0,0.0,0.0,1395.8350191801946,1374.0350534444676,0.0,0.0,10.207402727168528,1722.097872111043,1710.7563135253001,0.0,245.48853693417726,0.0,245.48853693417726
2025-01-26,144,3722.21,2025-01-27T00:00:00,2025-01-26T23:50:00,0:00+1,27,EO,0.0,0:00+1,27,EO,0.5059,0:00+1,27,EO,0.4276,620.3683333333333,0.0,3722.21,620.3683333333333,2025-01-27T00:00:00,2025-01-26 00:00:00,2025-01-26 00:00:00,2025-01-27T00:00:00,2025-01-27T00:00:00,0.4276,621.3698999013835,0.0,579.115097684096,1,profile_incumbent,22.9797831186451,0.0,41.253235649237354,0.0,0.0,0.0,0.0,1374.0350534444676,1328.198124945315,0.0,0.0,42.25480221728753,1710.7563135253001,1663.8065332838696,0.0,247.62961576971944,0.0,247.62961576971944
