date,issue_hour,issue_time,slot_id,interval_start,interval_end,grid_original_kwh,grid_kwh,reserve_original_kwh,reserve_threshold_kwh,load_forecast_kwh,pv_forecast_kwh,pv_raw_forecast_kwh,price_forecast_yuan_per_kwh,selected_index
2025-03-20,0,2025-03-20 00:00:00,1,2025-03-20 00:00:00,2025-03-20 00:10:00,1397.1009421723943,1397.1009421723943,2753.5921633326852,2753.5921633326852,599.953889516172,0.6881231779921642,0.6881231779921642,0.4248,7
2025-03-20,0,2025-03-20 00:00:00,2,2025-03-20 00:10:00,2025-03-20 00:20:00,1404.0445266895758,1404.0445266895758,3503.5921633326852,3503.5921633326852,593.4156177461416,0.7635675828808566,0.7635675828808566,0.4245,7
2025-03-20,0,2025-03-20 00:00:00,3,2025-03-20 00:20:00,2025-03-20 00:30:00,1333.8795241718728,1333.8795241718728,4253.592163332685,4253.592163332685,580.4393460126182,0.23923107243809127,0.23923107243809127,0.4269,7
2025-03-20,0,2025-03-20 00:00:00,4,2025-03-20 00:30:00,2025-03-20 00:40:00,1349.8848423258928,1349.8848423258928,5003.592163332685,5003.592163332685,589.9157636485189,0.0,0.0,0.4272,7
2025-03-20,0,2025-03-20 00:00:00,5,2025-03-20 00:40:00,2025-03-20 00:50:00,1330.720040731614,1330.720040731614,5753.592163332685,5753.592163332685,585.7067371611821,0.0,0.0,0.4271,7
2025-03-20,0,2025-03-20 00:00:00,6,2025-03-20 00:50:00,2025-03-20 01:00:00,1305.500701397848,1305.500701397848,6503.592163332685,6503.592163332685,563.8726304229446,0.0,0.0,0.4285,7
2025-03-20,0,2025-03-20 00:00:00,7,2025-03-20 01:00:00,2025-03-20 01:10:00,739.8395146905225,739.8395146905225,6487.951802149964,6487.951802149964,557.0724677171621,0.0,0.0,0.4311,7
2025-03-20,0,2025-03-20 00:00:00,8,2025-03-20 01:10:00,2025-03-20 01:20:00,1201.245439280521,1201.245439280521,7253.592163332685,7253.592163332685,550.5681314738787,0.0,0.0,0.4302,7
2025-03-20,0,2025-03-20 00:00:00,9,2025-03-20 01:20:00,2025-03-20 01:30:00,1325.8636788008373,1325.8636788008373,8003.592163332685,8003.592163332685,543.8389841690238,0.0,0.0,0.4279,7
2025-03-20,0,2025-03-20 00:00:00,10,2025-03-20 01:30:00,2025-03-20 01:40:00,756.1754407123019,756.1754407123019,7978.567136644531,7978.567136644531,557.3656575097407,0.0,0.0,0.4312,7
2025-03-20,0,2025-03-20 00:00:00,11,2025-03-20 01:40:00,2025-03-20 01:50:00,647.2385108689282,647.2385108689282,7932.543883036082,7932.543883036082,588.2676114808643,0.0,0.0,0.4333,7
2025-03-20,0,2025-03-20 00:00:00,12,2025-03-20 01:50:00,2025-03-20 02:00:00,1301.0590385815183,1301.0590385815183,8550.0,8550.0,605.7743003520009,0.0,0.0,0.4311,7
2025-03-20,0,2025-03-20 00:00:00,13,2025-03-20 02:00:00,2025-03-20 02:10:00,1283.8016125835193,1283.8016125835193,9300.0,9300.0,579.812873446548,0.0,0.0,0.4293,7
2025-03-20,0,2025-03-20 00:00:00,14,2025-03-20 02:10:00,2025-03-20 02:20:00,624.8227553405244,624.8227553405244,9295.285853564943,9295.285853564943,567.2884952341019,0.0,0.0,0.4324,7
2025-03-20,0,2025-03-20 00:00:00,15,2025-03-20 02:20:00,2025-03-20 02:30:00,648.2615769842971,648.2615769842971,9284.481713202615,9284.481713202615,582.4368955126206,0.0,0.0,0.4367,7
2025-03-20,0,2025-03-20 00:00:00,16,2025-03-20 02:30:00,2025-03-20 02:40:00,650.9646787708314,650.9646787708314,9307.166335755284,9307.166335755284,588.9575058896943,0.0,0.0,0.4348,7
2025-03-20,0,2025-03-20 00:00:00,17,2025-03-20 02:40:00,2025-03-20 02:50:00,670.867994062738,670.867994062738,9263.90801226626,9263.90801226626,605.0273060057,0.0,0.0,0.4335,7
2025-03-20,0,2025-03-20 00:00:00,18,2025-03-20 02:50:00,2025-03-20 03:00:00,691.0111771044449,691.0111771044449,9300.279993629783,9300.279993629783,617.8962883585447,0.0,0.0,0.4357,7
2025-03-20,0,2025-03-20 00:00:00,19,2025-03-20 03:00:00,2025-03-20 03:10:00,654.3263655702738,654.3263655702738,9255.306281062012,9255.306281062012,590.9784768140113,0.0,0.0,0.4374,7
2025-03-20,0,2025-03-20 00:00:00,20,2025-03-20 03:10:00,2025-03-20 03:20:00,622.3506023278147,622.3506023278147,9285.059598450676,9285.059598450676,571.3753669727259,0.0,0.0,0.4371,7
2025-03-20,0,2025-03-20 00:00:00,21,2025-03-20 03:20:00,2025-03-20 03:30:00,656.6026699532514,656.6026699532514,9287.321012674016,9287.321012674016,582.1965844906113,0.0,0.0,0.4356,7
2025-03-20,0,2025-03-20 00:00:00,22,2025-03-20 03:30:00,2025-03-20 03:40:00,646.4619582094356,646.4619582094356,9299.645671694798,9299.645671694798,598.5719226682493,0.0,0.0,0.4353,7
2025-03-20,0,2025-03-20 00:00:00,23,2025-03-20 03:40:00,2025-03-20 03:50:00,646.4995837523472,646.4995837523472,9192.00455775451,9192.00455775451,587.7170802904814,0.0,0.0,0.436,7
2025-03-20,0,2025-03-20 00:00:00,24,2025-03-20 03:50:00,2025-03-20 04:00:00,612.569250892678,612.569250892678,9174.98167976088,9174.98167976088,569.081414200039,0.0,0.0,0.4378,7
2025-03-20,0,2025-03-20 00:00:00,25,2025-03-20 04:00:00,2025-03-20 04:10:00,605.7644204455421,605.7644204455421,9204.40068113995,9204.40068113995,590.3901091987302,0.0,0.0,0.4401,7
2025-03-20,0,2025-03-20 00:00:00,26,2025-03-20 04:10:00,2025-03-20 04:20:00,627.8614944133868,627.8614944133868,9157.205840761126,9157.205840761126,600.5223649414061,0.0,0.0,0.4389,7
2025-03-20,0,2025-03-20 00:00:00,27,2025-03-20 04:20:00,2025-03-20 04:30:00,639.4715408047072,639.4715408047072,9246.243624303956,9246.243624303956,589.1130267412383,0.0,0.0,0.4364,7
2025-03-20,0,2025-03-20 00:00:00,28,2025-03-20 04:30:00,2025-03-20 04:40:00,609.5846730103456,609.5846730103456,9255.593579508462,9255.593579508462,597.6227134516096,0.0,0.0,0.4393,7
2025-03-20,0,2025-03-20 00:00:00,29,2025-03-20 04:40:00,2025-03-20 04:50:00,631.6231016002098,631.6231016002098,9257.170818547866,9257.170818547866,611.107323222797,0.0,0.0,0.4422,7
2025-03-20,0,2025-03-20 00:00:00,30,2025-03-20 04:50:00,2025-03-20 05:00:00,641.9020655668917,641.9020655668917,9173.794435086387,9173.794435086387,611.6607905722681,0.0,0.0,0.4395,7
2025-03-20,0,2025-03-20 00:00:00,31,2025-03-20 05:00:00,2025-03-20 05:10:00,640.9617064023302,640.9617064023302,9285.500183700016,9285.500183700016,599.1561161990837,0.0,0.0,0.4333,7
2025-03-20,0,2025-03-20 00:00:00,32,2025-03-20 05:10:00,2025-03-20 05:20:00,625.3178301088597,625.3178301088597,9273.88454100881,9273.88454100881,595.6880744112012,9.644241165202487,9.644241165202487,0.4439,7
2025-03-20,0,2025-03-20 00:00:00,33,2025-03-20 05:20:00,2025-03-20 05:30:00,707.1768615689327,707.1768615689327,10050.0,10050.0,596.1520324756543,26.00796567508641,26.00796567508641,0.4301,7
2025-03-20,0,2025-03-20 00:00:00,34,2025-03-20 05:30:00,2025-03-20 05:40:00,1373.8180540292967,1373.8180540292967,10800.0,10800.0,592.2762809978091,44.45465481276,44.45465481276,0.3713,7
2025-03-20,0,2025-03-20 00:00:00,35,2025-03-20 05:40:00,2025-03-20 05:50:00,656.767420507847,656.767420507847,10588.518260448958,10588.518260448958,685.2995551461622,65.02940614155527,65.02940614155527,0.5708,7
2025-03-20,0,2025-03-20 00:00:00,36,2025-03-20 05:50:00,2025-03-20 06:00:00,189.17619445405327,189.17619445405327,9440.645822142764,9440.645822142764,814.9485983550097,87.76278368085913,87.76278368085913,0.9099,7
2025-03-20,0,2025-03-20 00:00:00,37,2025-03-20 06:00:00,2025-03-20 06:10:00,8.321655896697575,8.321655896697575,8526.170426346329,8526.170426346329,808.0845398807209,112.66976366516711,112.66976366516711,0.9368,7
2025-03-20,0,2025-03-20 00:00:00,38,2025-03-20 06:10:00,2025-03-20 06:20:00,105.46893742836302,105.46893742836302,7829.6641944750945,7829.6641944750945,790.3286619102174,139.7487872116033,139.7487872116033,0.8758,7
2025-03-20,0,2025-03-20 00:00:00,39,2025-03-20 06:20:00,2025-03-20 06:30:00,5.029543815626582,5.029543815626582,7052.377982903615,7052.377982903615,810.0582363572546,168.98093698264913,168.98093698264913,0.8759,7
2025-03-20,0,2025-03-20 00:00:00,40,2025-03-20 06:30:00,2025-03-20 06:40:00,13.797887434521115,13.797887434521115,6324.967133643352,6324.967133643352,791.9734799292931,200.32925401669297,200.32925401669297,0.8601,7
2025-03-20,0,2025-03-20 00:00:00,41,2025-03-20 06:40:00,2025-03-20 06:50:00,28.95825923929797,28.95825923929797,5720.574386220631,5720.574386220631,779.4284161387284,233.73820970081255,233.73820970081255,0.8442,7
2025-03-20,0,2025-03-20 00:00:00,42,2025-03-20 06:50:00,2025-03-20 07:00:00,319.0283795656894,319.0283795656894,5476.781225616826,5476.781225616826,785.8759216710522,269.1333463892925,269.1333463892925,0.8334,7
2025-03-20,0,2025-03-20 00:00:00,43,2025-03-20 07:00:00,2025-03-20 07:10:00,386.68494899545277,386.68494899545277,5343.839489596721,5343.839489596721,781.8467836703625,306.42109844390535,306.42109844390535,0.8092,7
2025-03-20,0,2025-03-20 00:00:00,44,2025-03-20 07:10:00,2025-03-20 07:20:00,409.97197328935806,409.97197328935806,5165.156335384315,5165.156335384315,806.9522345008436,345.4888035085916,345.4888035085916,0.7972,7
2025-03-20,0,2025-03-20 00:00:00,45,2025-03-20 07:20:00,2025-03-20 07:30:00,463.55061102806025,463.55061102806025,5582.284225421829,5582.284225421829,821.8544153293124,386.2049116569023,386.2049116569023,0.7644,7
2025-03-20,0,2025-03-20 00:00:00,46,2025-03-20 07:30:00,2025-03-20 07:40:00,383.83126302365883,383.83126302365883,5522.543757607904,5522.543757607904,769.2327595360191,428.4193976942397,428.4193976942397,0.6899,7
2025-03-20,0,2025-03-20 00:00:00,47,2025-03-20 07:40:00,2025-03-20 07:50:00,0.0,0.0,4845.235083052575,4845.235083052575,889.9482754292046,471.96437939101486,471.96437939101486,0.86,7
2025-03-20,0,2025-03-20 00:00:00,48,2025-03-20 07:50:00,2025-03-20 08:00:00,0.0,0.0,4146.770747675878,4146.770747675878,1103.3278164755502,516.6549418026264,516.6549418026264,1.1617,7
2025-03-20,0,2025-03-20 00:00:00,49,2025-03-20 08:00:00,2025-03-20 08:10:00,0.0,0.0,3822.8152104933056,3822.8152104933056,1074.1666133610602,562.2901651355692,562.2901651355692,1.1683,7
2025-03-20,0,2025-03-20 00:00:00,50,2025-03-20 08:10:00,2025-03-20 08:20:00,0.0,0.0,3394.8280399152563,3394.8280399152563,1026.1359268453969,608.6543508856197,608.6543508856197,1.0956,7
2025-03-20,0,2025-03-20 00:00:00,51,2025-03-20 08:20:00,2025-03-20 08:30:00,0.0,0.0,2945.059463856509,2945.059463856509,1063.6578851506144,655.5184382448607,655.5184382448607,1.0849,7
2025-03-20,0,2025-03-20 00:00:00,52,2025-03-20 08:30:00,2025-03-20 08:40:00,0.0,0.0,2614.714619295175,2614.714619295175,1067.3728631325378,702.6416000907786,702.6416000907786,1.061,7
2025-03-20,0,2025-03-20 00:00:00,53,2025-03-20 08:40:00,2025-03-20 08:50:00,0.0,0.0,2313.9142380172284,2313.9142380172284,1073.1547508666379,749.7730052741236,749.7730052741236,1.043,7
2025-03-20,0,2025-03-20 00:00:00,54,2025-03-20 08:50:00,2025-03-20 09:00:00,0.0,0.0,2120.2730868499193,2120.2730868499193,1091.035568252453,796.653731453365,796.653731453365,1.036,7
2025-03-20,0,2025-03-20 00:00:00,55,2025-03-20 09:00:00,2025-03-20 09:10:00,0.0,0.0,1864.1544356951995,1864.1544356951995,1082.071490035864,843.0188104214316,843.0188104214316,1.0147,7
2025-03-20,0,2025-03-20 00:00:00,56,2025-03-20 09:10:00,2025-03-20 09:20:00,0.0,0.0,1669.868923528239,1669.868923528239,1079.4962542139626,888.599385772216,888.599385772216,0.9922,7
2025-03-20,0,2025-03-20 00:00:00,57,2025-03-20 09:20:00,2025-03-20 09:30:00,0.0,0.0,1562.9409775315776,1562.9409775315776,1087.6620232924852,933.1249608943216,933.1249608943216,0.97,7
2025-03-20,0,2025-03-20 00:00:00,58,2025-03-20 09:30:00,2025-03-20 09:40:00,0.0,0.0,1474.9415851271729,1474.9415851271729,1078.299152356892,976.3257136888898,976.3257136888898,0.9422,7
2025-03-20,0,2025-03-20 00:00:00,59,2025-03-20 09:40:00,2025-03-20 09:50:00,0.0,0.0,1344.3946814640735,1344.3946814640735,1081.3044243291793,1017.9348531143504,1017.9348531143504,0.9569,7
2025-03-20,0,2025-03-20 00:00:00,60,2025-03-20 09:50:00,2025-03-20 10:00:00,0.0,0.0,1200.0,1200.0,1095.6988532165467,1057.6909916866093,1057.6909916866093,0.9977,7
2025-03-20,0,2025-03-20 00:00:00,61,2025-03-20 10:00:00,2025-03-20 10:10:00,0.0,0.0,1406.7337118613214,1406.7337118613214,1087.820254885192,1095.340507426903,1095.340507426903,0.9919,7
2025-03-20,0,2025-03-20 00:00:00,62,2025-03-20 10:10:00,2025-03-20 10:20:00,0.0,0.0,1358.0599371874534,1358.0599371874534,1075.9191410391854,1130.6398684646065,1130.6398684646065,0.9588,7
2025-03-20,0,2025-03-20 00:00:00,63,2025-03-20 10:20:00,2025-03-20 10:30:00,0.0,0.0,1434.581277784002,1434.581277784002,1066.268983276223,1163.3578935769133,1163.3578935769133,0.9549,7
2025-03-20,0,2025-03-20 00:00:00,64,2025-03-20 10:30:00,2025-03-20 10:40:00,0.0,0.0,1439.2096230270427,1439.2096230270427,1049.9747461769787,1193.2779223840496,1193.2779223840496,0.9839,7
2025-03-20,0,2025-03-20 00:00:00,65,2025-03-20 10:40:00,2025-03-20 10:50:00,0.0,0.0,1486.9546321766957,1486.9546321766957,1057.2555725835477,1220.1998697149431,1220.1998697149431,0.799,7
2025-03-20,0,2025-03-20 00:00:00,66,2025-03-20 10:50:00,2025-03-20 11:00:00,680.9640159216365,680.9640159216365,2078.404700590022,2078.404700590022,1081.7048589777048,1243.9421398056525,1243.9421398056525,0.5025,7
2025-03-20,0,2025-03-20 00:00:00,67,2025-03-20 11:00:00,2025-03-20 11:10:00,681.8013708763161,681.8013708763161,2828.404700590022,2828.404700590022,1080.5913972481883,1264.343377477833,1264.343377477833,0.4662,7
2025-03-20,0,2025-03-20 00:00:00,68,2025-03-20 11:10:00,2025-03-20 11:20:00,604.6457451633822,604.6457451633822,3578.404700590022,3578.404700590022,1053.6247482345966,1281.2640352482579,1281.2640352482579,0.5007,7
2025-03-20,0,2025-03-20 00:00:00,69,2025-03-20 11:20:00,2025-03-20 11:30:00,663.3437050470421,663.3437050470421,4328.404700590022,4328.404700590022,1034.4431646058285,1294.587737419195,1294.587737419195,0.4827,7
2025-03-20,0,2025-03-20 00:00:00,70,2025-03-20 11:30:00,2025-03-20 11:40:00,714.2573967975922,714.2573967975922,5078.404700590022,5078.404700590022,1054.3599060788574,1304.222424565025,1304.222424565025,0.4785,7
2025-03-20,0,2025-03-20 00:00:00,71,2025-03-20 11:40:00,2025-03-20 11:50:00,674.882795113031,674.882795113031,5828.404700590022,5828.404700590022,1047.7774438638846,1310.1012644304506,1310.1012644304506,0.4662,7
2025-03-20,0,2025-03-20 00:00:00,72,2025-03-20 11:50:00,2025-03-20 12:00:00,604.2995328867147,604.2995328867147,6578.404700590022,6578.404700590022,1006.7831300474571,1312.183318053981,1312.183318053981,0.4432,7
2025-03-20,0,2025-03-20 00:00:00,73,2025-03-20 12:00:00,2025-03-20 12:10:00,619.5417016969741,619.5417016969741,7328.404700590022,7328.404700590022,990.4076364196217,1310.4539528879027,1310.4539528879027,0.4411,7
2025-03-20,0,2025-03-20 00:00:00,74,2025-03-20 12:10:00,2025-03-20 12:20:00,602.3253292645285,602.3253292645285,8078.404700590022,8078.404700590022,996.6372812513645,1304.9249977611337,1304.9249977611337,0.4551,7
2025-03-20,0,2025-03-20 00:00:00,75,2025-03-20 12:20:00,2025-03-20 12:30:00,608.298798074471,608.298798074471,8828.404700590021,8828.404700590021,1003.539601637798,1295.6346376807128,1295.6346376807128,0.4463,7
2025-03-20,0,2025-03-20 00:00:00,76,2025-03-20 12:30:00,2025-03-20 12:40:00,636.5178003527882,636.5178003527882,9578.404700590021,9578.404700590021,996.6709858620831,1282.6470496465745,1282.6470496465745,0.4113,7
2025-03-20,0,2025-03-20 00:00:00,77,2025-03-20 12:40:00,2025-03-20 12:50:00,0.0,0.0,10123.215489161543,10123.215489161543,1005.1475691695919,1266.051783817704,1266.051783817704,0.5682,7
2025-03-20,0,2025-03-20 00:00:00,78,2025-03-20 12:50:00,2025-03-20 13:00:00,0.0,0.0,10265.411511184426,10265.411511184426,1036.8281240761144,1245.9628974708082,1245.9628974708082,0.8279,7
2025-03-20,0,2025-03-20 00:00:00,79,2025-03-20 13:00:00,2025-03-20 13:10:00,0.0,0.0,10404.758545900124,10404.758545900124,1065.9480323955067,1222.5178521914436,1222.5178521914436,0.8636,7
2025-03-20,0,2025-03-20 00:00:00,80,2025-03-20 13:10:00,2025-03-20 13:20:00,0.0,0.0,10522.642971379431,10522.642971379431,1063.153711389808,1195.8761875897565,1195.8761875897565,0.8416,7
2025-03-20,0,2025-03-20 00:00:00,81,2025-03-20 13:20:00,2025-03-20 13:30:00,0.0,0.0,10627.94553090404,10627.94553090404,1047.4753623594008,1166.217987498573,1166.217987498573,0.8618,7
2025-03-20,0,2025-03-20 00:00:00,82,2025-03-20 13:30:00,2025-03-20 13:40:00,0.0,0.0,10310.197727479175,10310.197727479175,1060.883750120316,1133.7421570534048,1133.7421570534048,0.8623,7
2025-03-20,0,2025-03-20 00:00:00,83,2025-03-20 13:40:00,2025-03-20 13:50:00,0.0,0.0,10620.864630081689,10620.864630081689,1045.606152511255,1098.6645312382777,1098.6645312382777,0.9026,7
2025-03-20,0,2025-03-20 00:00:00,84,2025-03-20 13:50:00,2025-03-20 14:00:00,0.0,0.0,10479.922147893683,10479.922147893683,1014.0174231679301,1061.2158373784243,1061.2158373784243,0.9754,7
2025-03-20,0,2025-03-20 00:00:00,85,2025-03-20 14:00:00,2025-03-20 14:10:00,0.0,0.0,10369.261810992723,10369.261810992723,1036.743301345186,1021.6395356455337,1021.6395356455337,1.0002,7
2025-03-20,0,2025-03-20 00:00:00,86,2025-03-20 14:10:00,2025-03-20 14:20:00,0.0,0.0,10137.02480201165,10137.02480201165,1039.5791927416178,980.189562892904,980.189562892904,0.9978,7
2025-03-20,0,2025-03-20 00:00:00,87,2025-03-20 14:20:00,2025-03-20 14:30:00,0.0,0.0,10051.855879419225,10051.855879419225,1016.865502964137,937.1280060410921,937.1280060410921,1.0271,7
2025-03-20,0,2025-03-20 00:00:00,88,2025-03-20 14:30:00,2025-03-20 14:40:00,0.0,0.0,9457.904287151245,9457.904287151245,1039.2483045720944,892.7227317794712,892.7227317794712,1.0906,7
2025-03-20,0,2025-03-20 00:00:00,89,2025-03-20 14:40:00,2025-03-20 14:50:00,0.0,0.0,9610.898495238578,9610.898495238578,1061.463506360353,847.2449995308459,847.2449995308459,0.9376,7
2025-03-20,0,2025-03-20 00:00:00,90,2025-03-20 14:50:00,2025-03-20 15:00:00,230.50420218727382,230.50420218727382,9622.143554266579,9622.143554266579,1055.4308752196514,800.9670844458093,800.9670844458093,0.6694,7
2025-03-20,0,2025-03-20 00:00:00,91,2025-03-20 15:00:00,2025-03-20 15:10:00,715.5097446143635,715.5097446143635,10800.0,10800.0,1039.1888291860998,754.1599366572397,754.1599366572397,0.66,7
2025-03-20,0,2025-03-20 00:00:00,92,2025-03-20 15:10:00,2025-03-20 15:20:00,235.09869048696325,235.09869048696325,10317.325420835516,10317.325420835516,1025.932789402387,707.0909021448454,707.0909021448454,0.7217,7
2025-03-20,0,2025-03-20 00:00:00,93,2025-03-20 15:20:00,2025-03-20 15:30:00,358.5725803332185,358.5725803332185,10529.96951380814,10529.96951380814,1026.6474956332588,660.0215293517458,660.0215293517458,0.7308,7
2025-03-20,0,2025-03-20 00:00:00,94,2025-03-20 15:30:00,2025-03-20 15:40:00,428.8304031694116,428.8304031694116,10558.016921196986,10558.016921196986,1039.737859721638,613.2054841812936,613.2054841812936,0.7534,7
2025-03-20,0,2025-03-20 00:00:00,95,2025-03-20 15:40:00,2025-03-20 15:50:00,449.15306209828645,449.15306209828645,10489.544377969705,10489.544377969705,1018.5864707219037,566.8865942087047,566.8865942087047,0.7823,7
2025-03-20,0,2025-03-20 00:00:00,96,2025-03-20 15:50:00,2025-03-20 16:00:00,424.06969933955764,424.06969933955764,9955.804487927877,9955.804487927877,982.1685031432592,521.2970408985124,521.2970408985124,0.8055,7
2025-03-20,0,2025-03-20 00:00:00,97,2025-03-20 16:00:00,2025-03-20 16:10:00,496.47696959794166,496.47696959794166,10374.43367417049,10374.43367417049,997.1322952305377,476.6557163588939,476.6557163588939,0.8271,7
2025-03-20,0,2025-03-20 00:00:00,98,2025-03-20 16:10:00,2025-03-20 16:20:00,493.1157379350584,493.1157379350584,9966.423868985983,9966.423868985983,1015.6908742698067,433.1667587238666,433.1667587238666,0.8519,7
2025-03-20,0,2025-03-20 00:00:00,99,2025-03-20 16:20:00,2025-03-20 16:30:00,687.3070855561197,687.3070855561197,10624.478030959877,10624.478030959877,1011.6343906531529,391.0182776729373,391.0182776729373,0.8791,7
2025-03-20,0,2025-03-20 00:00:00,100,2025-03-20 16:30:00,2025-03-20 16:40:00,716.9027339284871,716.9027339284871,10519.792644554193,10519.792644554193,1006.6450627307177,350.3812789153077,350.3812789153077,0.9024,7
2025-03-20,0,2025-03-20 00:00:00,101,2025-03-20 16:40:00,2025-03-20 16:50:00,768.1480077516211,768.1480077516211,10435.729669055632,10435.729669055632,1009.9118438147989,311.40879372365526,311.40879372365526,0.9163,7
2025-03-20,0,2025-03-20 00:00:00,102,2025-03-20 16:50:00,2025-03-20 17:00:00,810.5787945675361,810.5787945675361,9689.402704710561,9689.402704710561,1028.2995876293267,274.2352168424208,274.2352168424208,0.9264,7
2025-03-20,0,2025-03-20 00:00:00,103,2025-03-20 17:00:00,2025-03-20 17:10:00,872.5953259526547,872.5953259526547,10188.545918886462,10188.545918886462,1054.5518305044452,238.97585335887877,238.97585335887877,0.9462,7
2025-03-20,0,2025-03-20 00:00:00,104,2025-03-20 17:10:00,2025-03-20 17:20:00,876.1074929317648,876.1074929317648,9864.862818866131,9864.862818866131,1025.0996585695195,205.7266724524441,205.7266724524441,0.9742,7
2025-03-20,0,2025-03-20 00:00:00,105,2025-03-20 17:20:00,2025-03-20 17:30:00,899.5581718285547,899.5581718285547,10242.662638094129,10242.662638094129,989.9770699803444,174.5642633673232,174.5642633673232,0.9862,7
2025-03-20,0,2025-03-20 00:00:00,106,2025-03-20 17:30:00,2025-03-20 17:40:00,1007.2612745603901,1007.2612745603901,10491.104867223292,10491.104867223292,1040.5749875279337,145.54598652235808,145.54598652235808,0.976,7
2025-03-20,0,2025-03-20 00:00:00,107,2025-03-20 17:40:00,2025-03-20 17:50:00,825.5730595957534,825.5730595957534,10059.94100952892,10059.94100952892,938.9211835534213,118.710310413298,118.710310413298,1.0742,7
2025-03-20,0,2025-03-20 00:00:00,108,2025-03-20 17:50:00,2025-03-20 18:00:00,728.5905389490042,728.5905389490042,10730.278106447524,10730.278106447524,727.1457563042566,94.07732290719906,94.07732290719906,1.2313,7
2025-03-20,0,2025-03-20 00:00:00,109,2025-03-20 18:00:00,2025-03-20 18:10:00,564.9012850088079,564.9012850088079,9673.351830035392,9673.351830035392,701.8792937774591,71.64940370270372,71.64940370270372,1.2561,7
2025-03-20,0,2025-03-20 00:00:00,110,2025-03-20 18:10:00,2025-03-20 18:20:00,734.8983468000628,734.8983468000628,10690.747482181103,10690.747482181103,729.2942393688489,51.41204315598476,51.41204315598476,1.2447,7
2025-03-20,0,2025-03-20 00:00:00,111,2025-03-20 18:20:00,2025-03-20 18:30:00,660.9695126865693,660.9695126865693,10043.360357397163,10043.360357397163,721.5022981294178,33.33479136804575,33.33479136804575,1.2545,7
2025-03-20,0,2025-03-20 00:00:00,112,2025-03-20 18:30:00,2025-03-20 18:40:00,681.3194723101243,681.3194723101243,10205.434314768932,10205.434314768932,728.9145336937953,17.372320408010893,17.372320408010893,1.2522,7
2025-03-20,0,2025-03-20 00:00:00,113,2025-03-20 18:40:00,2025-03-20 18:50:00,686.0935511679162,686.0935511679162,9846.364473507962,9846.364473507962,727.0505180597081,3.465581817292361,3.465581817292361,1.2881,7
2025-03-20,0,2025-03-20 00:00:00,114,2025-03-20 18:50:00,2025-03-20 19:00:00,39.293453598667455,39.293453598667455,9352.801234430619,9352.801234430619,719.1927923782297,0.0,0.0,1.3466,7
2025-03-20,0,2025-03-20 00:00:00,115,2025-03-20 19:00:00,2025-03-20 19:10:00,0.12094119560364926,0.12094119560364926,8497.150137184537,8497.150137184537,737.7335269153341,0.0,0.0,1.3523,7
2025-03-20,0,2025-03-20 00:00:00,116,2025-03-20 19:10:00,2025-03-20 19:20:00,0.22748689372968137,0.22748689372968137,7660.393398890551,7660.393398890551,741.58026886971,0.0,0.0,1.3445,7
2025-03-20,0,2025-03-20 00:00:00,117,2025-03-20 19:20:00,2025-03-20 19:30:00,0.0,0.0,6852.4128239323745,6852.4128239323745,737.759758959681,0.0,0.0,1.3483,7
2025-03-20,0,2025-03-20 00:00:00,118,2025-03-20 19:30:00,2025-03-20 19:40:00,5.193745754903062,5.193745754903062,6008.924464261426,6008.924464261426,770.4005375784776,0.0,0.0,1.349,7
2025-03-20,0,2025-03-20 00:00:00,119,2025-03-20 19:40:00,2025-03-20 19:50:00,0.00022476766515529658,0.00022476766515529658,5181.843527416186,5181.843527416186,768.5193003056326,0.0,0.0,1.3473,7
2025-03-20,0,2025-03-20 00:00:00,120,2025-03-20 19:50:00,2025-03-20 20:00:00,0.0,0.0,4382.765219257599,4382.765219257599,735.3988567745278,0.0,0.0,1.3482,7
2025-03-20,0,2025-03-20 00:00:00,121,2025-03-20 20:00:00,2025-03-20 20:10:00,0.01660284243348939,0.01660284243348939,3521.2269640989757,3521.2269640989757,743.6281093779335,0.0,0.0,1.3513,7
2025-03-20,0,2025-03-20 00:00:00,122,2025-03-20 20:10:00,2025-03-20 20:20:00,0.0674879817000742,0.0674879817000742,2758.055956028722,2758.055956028722,732.1426956964058,0.0,0.0,1.34,7
2025-03-20,0,2025-03-20 00:00:00,123,2025-03-20 20:20:00,2025-03-20 20:30:00,0.022401961036701886,0.022401961036701886,2028.2631208196385,2028.2631208196385,701.8885938722632,0.0,0.0,1.3489,7
2025-03-20,0,2025-03-20 00:00:00,124,2025-03-20 20:30:00,2025-03-20 20:40:00,0.0,0.0,1200.0,1200.0,722.089073308746,0.0,0.0,1.3952,7
2025-03-20,0,2025-03-20 00:00:00,125,2025-03-20 20:40:00,2025-03-20 20:50:00,685.9987167775694,685.9987167775694,1200.0,1200.0,750.188279241814,0.0,0.0,1.2226,7
2025-03-20,0,2025-03-20 00:00:00,126,2025-03-20 20:50:00,2025-03-20 21:00:00,764.4179288401045,764.4179288401045,1226.4244446213618,1226.4244446213618,745.7602092803735,0.0,0.0,0.9332,7
2025-03-20,0,2025-03-20 00:00:00,127,2025-03-20 21:00:00,2025-03-20 21:10:00,724.1045644143416,724.1045644143416,1227.3191530879062,1227.3191530879062,713.0984879029229,0.0,0.0,0.9068,7
2025-03-20,0,2025-03-20 00:00:00,128,2025-03-20 21:10:00,2025-03-20 21:20:00,707.2167304186788,707.2167304186788,1215.295551921598,1215.295551921598,708.0021399837443,0.0,0.0,0.9371,7
2025-03-20,0,2025-03-20 00:00:00,129,2025-03-20 21:20:00,2025-03-20 21:30:00,735.2780912683822,735.2780912683822,1250.815940605399,1250.815940605399,734.4190213861469,0.0,0.0,0.9371,7
2025-03-20,0,2025-03-20 00:00:00,130,2025-03-20 21:30:00,2025-03-20 21:40:00,712.6270591713011,712.6270591713011,1200.0,1200.0,733.3651323534065,0.0,0.0,0.9871,7
2025-03-20,0,2025-03-20 00:00:00,131,2025-03-20 21:40:00,2025-03-20 21:50:00,645.1871460814785,645.1871460814785,1200.0,1200.0,656.2618139056309,0.0,0.0,0.7764,7
2025-03-20,0,2025-03-20 00:00:00,132,2025-03-20 21:50:00,2025-03-20 22:00:00,608.0711092586495,608.0711092586495,1200.0,1200.0,562.3002979310363,0.0,0.0,0.4209,7
2025-03-20,0,2025-03-20 00:00:00,133,2025-03-20 22:00:00,2025-03-20 22:10:00,871.9303634690887,871.9303634690887,1201.2034592741652,1201.2034592741652,564.5884429584306,0.0,0.0,0.3859,7
2025-03-20,0,2025-03-20 00:00:00,134,2025-03-20 22:10:00,2025-03-20 22:20:00,568.8967781195511,568.8967781195511,1200.0,1200.0,578.2916625060527,4.0045912647368285,4.0045912647368285,0.4368,7
2025-03-20,0,2025-03-20 00:00:00,135,2025-03-20 22:20:00,2025-03-20 22:30:00,563.58497132512,563.58497132512,1207.725434682631,1207.725434682631,564.2995774098935,8.536163070850138,8.536163070850138,0.4198,7
2025-03-20,0,2025-03-20 00:00:00,136,2025-03-20 22:30:00,2025-03-20 22:40:00,562.5675585904244,562.5675585904244,1200.6121502186738,1200.6121502186738,563.975723545709,12.759152280736911,12.759152280736911,0.4186,7
2025-03-20,0,2025-03-20 00:00:00,137,2025-03-20 22:40:00,2025-03-20 22:50:00,550.1825153836935,550.1825153836935,1200.1555041126132,1200.1555041126132,557.1386435192198,16.614878345800904,16.614878345800904,0.4241,7
2025-03-20,0,2025-03-20 00:00:00,138,2025-03-20 22:50:00,2025-03-20 23:00:00,544.597231208894,544.597231208894,1201.581674345593,1201.581674345593,552.4416765686943,20.051746195804633,20.051746195804633,0.4237,7
2025-03-20,0,2025-03-20 00:00:00,139,2025-03-20 23:00:00,2025-03-20 23:10:00,569.2998341014829,569.2998341014829,1200.013763336405,1200.013763336405,581.0922788633163,23.025271076022708,23.025271076022708,0.4248,7
2025-03-20,0,2025-03-20 00:00:00,140,2025-03-20 23:10:00,2025-03-20 23:20:00,573.5988473840351,573.5988473840351,1201.5861626887254,1201.5861626887254,586.8685626000226,25.498079251819767,25.498079251819767,0.424,7
2025-03-20,0,2025-03-20 00:00:00,141,2025-03-20 23:20:00,2025-03-20 23:30:00,564.8782624985884,564.8782624985884,1200.0868499848186,1200.0868499848186,570.2318275438008,27.439891600381443,27.439891600381443,0.422,7
2025-03-20,0,2025-03-20 00:00:00,142,2025-03-20 23:30:00,2025-03-20 23:40:00,563.0231369072045,563.0231369072045,1200.2507826210958,1200.2507826210958,576.328117448737,28.827496419027135,28.827496419027135,0.424,7
2025-03-20,0,2025-03-20 00:00:00,143,2025-03-20 23:40:00,2025-03-20 23:50:00,493.4835448517104,493.4835448517104,1203.5726346488823,1203.5726346488823,519.176111542547,29.644716932900415,29.644716932900415,0.4271,7
2025-03-20,0,2025-03-20 00:00:00,144,2025-03-20 23:50:00,2025-03-21 00:00:00,400.32751999734734,400.32751999734734,1200.0,1200.0,422.1384874225724,29.88237800455177,29.88237800455177,0.4276,7
2025-06-21,0,2025-06-21 00:00:00,1,2025-06-21 00:00:00,2025-06-21 00:10:00,606.852724321198,606.852724321198,3185.7451956935247,3185.7451956935247,548.1673706492941,2.9584015389047487,2.9584015389047487,0.4248,7
2025-06-21,0,2025-06-21 00:00:00,2,2025-06-21 00:10:00,2025-06-21 00:20:00,571.6366576779424,571.6366576779424,3219.3796950714213,3219.3796950714213,533.7440957531344,4.817945899263012,4.817945899263012,0.4245,7
2025-06-21,0,2025-06-21 00:00:00,3,2025-06-21 00:20:00,2025-06-21 00:30:00,542.4325820218713,542.4325820218713,3203.601304991308,3203.601304991308,516.1181115193499,5.6067502480862075,5.6067502480862075,0.4269,7
2025-06-21,0,2025-06-21 00:00:00,4,2025-06-21 00:30:00,2025-06-21 00:40:00,541.9193598413692,541.9193598413692,3187.361370620879,3187.361370620879,522.993737845903,5.369586728659755,5.369586728659755,0.4272,7
2025-06-21,0,2025-06-21 00:00:00,5,2025-06-21 00:40:00,2025-06-21 00:50:00,544.179316662579,544.179316662579,3187.6040874954483,3187.6040874954483,526.4533150778775,4.16777744303797,4.16777744303797,0.4271,7
2025-06-21,0,2025-06-21 00:00:00,6,2025-06-21 00:50:00,2025-06-21 01:00:00,543.9168836331951,543.9168836331951,3181.1211871733476,3181.1211871733476,520.2259065962041,2.0788415222044954,2.0788415222044954,0.4285,7
2025-06-21,0,2025-06-21 00:00:00,7,2025-06-21 01:00:00,2025-06-21 01:10:00,541.6055934869617,541.6055934869617,3188.437001843002,3188.437001843002,521.9905119006283,0.0,0.0,0.4311,7
2025-06-21,0,2025-06-21 00:00:00,8,2025-06-21 01:10:00,2025-06-21 01:20:00,520.08340943958,520.08340943958,3190.3885540311753,3190.3885540311753,504.57480129054414,0.0,0.0,0.4302,7
2025-06-21,0,2025-06-21 00:00:00,9,2025-06-21 01:20:00,2025-06-21 01:30:00,503.04968915085425,503.04968915085425,3183.117952544968,3183.117952544968,484.0911596370474,0.0,0.0,0.4279,7
2025-06-21,0,2025-06-21 00:00:00,10,2025-06-21 01:30:00,2025-06-21 01:40:00,522.1153701836616,522.1153701836616,3227.8309767839746,3227.8309767839746,501.37234667709487,0.0,0.0,0.4312,7
2025-06-21,0,2025-06-21 00:00:00,11,2025-06-21 01:40:00,2025-06-21 01:50:00,496.4772802496523,496.4772802496523,3186.0874337568534,3186.0874337568534,482.0647613128047,0.0,0.0,0.4333,7
2025-06-21,0,2025-06-21 00:00:00,12,2025-06-21 01:50:00,2025-06-21 02:00:00,468.94375550868216,468.94375550868216,3186.335585085881,3186.335585085881,447.4134431464742,0.0,0.0,0.4311,7
2025-06-21,0,2025-06-21 00:00:00,13,2025-06-21 02:00:00,2025-06-21 02:10:00,511.74186710875637,511.74186710875637,3198.627628053301,3198.627628053301,490.66620868642593,0.0,0.0,0.4293,7
2025-06-21,0,2025-06-21 00:00:00,14,2025-06-21 02:10:00,2025-06-21 02:20:00,524.9501007736534,524.9501007736534,3194.443723079743,3194.443723079743,499.73580764667804,0.0,0.0,0.4324,7
2025-06-21,0,2025-06-21 00:00:00,15,2025-06-21 02:20:00,2025-06-21 02:30:00,469.70498315793077,469.70498315793077,3186.1571300930445,3186.1571300930445,461.0562630053967,0.0,0.0,0.4367,7
2025-06-21,0,2025-06-21 00:00:00,16,2025-06-21 02:30:00,2025-06-21 02:40:00,486.5562757538617,486.5562757538617,3185.6672721871373,3185.6672721871373,471.8847201695005,0.0,0.0,0.4348,7
2025-06-21,0,2025-06-21 00:00:00,17,2025-06-21 02:40:00,2025-06-21 02:50:00,489.89525060559913,489.89525060559913,3173.1208588615937,3173.1208588615937,471.78985938914843,0.0,0.0,0.4335,7
2025-06-21,0,2025-06-21 00:00:00,18,2025-06-21 02:50:00,2025-06-21 03:00:00,459.43404860887347,459.43404860887347,3205.0626090382057,3205.0626090382057,448.7526345589911,0.0,0.0,0.4357,7
2025-06-21,0,2025-06-21 00:00:00,19,2025-06-21 03:00:00,2025-06-21 03:10:00,455.26061400140736,455.26061400140736,3184.532082043678,3184.532082043678,457.8576564547201,0.0,0.0,0.4374,7
2025-06-21,0,2025-06-21 00:00:00,20,2025-06-21 03:10:00,2025-06-21 03:20:00,477.50053875481933,477.50053875481933,3146.0858414506984,3146.0858414506984,466.63219101842407,0.0,0.0,0.4371,7
2025-06-21,0,2025-06-21 00:00:00,21,2025-06-21 03:20:00,2025-06-21 03:30:00,458.8977170351951,458.8977170351951,3172.4718829832673,3172.4718829832673,465.5276949910321,0.0,0.0,0.4356,7
2025-06-21,0,2025-06-21 00:00:00,22,2025-06-21 03:30:00,2025-06-21 03:40:00,498.89004691187404,498.89004691187404,3241.4151160320234,3241.4151160320234,479.6589541034965,0.0,0.0,0.4353,7
2025-06-21,0,2025-06-21 00:00:00,23,2025-06-21 03:40:00,2025-06-21 03:50:00,501.1996372174803,501.1996372174803,3235.467379071076,3235.467379071076,489.9974247346458,0.0,0.0,0.436,7
2025-06-21,0,2025-06-21 00:00:00,24,2025-06-21 03:50:00,2025-06-21 04:00:00,469.7039112981104,469.7039112981104,3149.3040994676685,3149.3040994676685,474.8829713917944,0.0,0.0,0.4378,7
2025-06-21,0,2025-06-21 00:00:00,25,2025-06-21 04:00:00,2025-06-21 04:10:00,428.7281809709114,428.7281809709114,3111.289138750113,3111.289138750113,436.7978612978053,0.0,0.0,0.4401,7
2025-06-21,0,2025-06-21 00:00:00,26,2025-06-21 04:10:00,2025-06-21 04:20:00,431.609700851333,431.609700851333,3082.7612136051202,3082.7612136051202,435.51018446185344,0.0,0.0,0.4389,7
2025-06-21,0,2025-06-21 00:00:00,27,2025-06-21 04:20:00,2025-06-21 04:30:00,479.4615441597769,479.4615441597769,3162.98593028678,3162.98593028678,461.87675223240313,0.0,0.0,0.4364,7
2025-06-21,0,2025-06-21 00:00:00,28,2025-06-21 04:30:00,2025-06-21 04:40:00,453.4325747194553,453.4325747194553,3101.7378143965284,3101.7378143965284,450.20887895152697,12.21424887628083,12.21424887628083,0.4393,7
2025-06-21,0,2025-06-21 00:00:00,29,2025-06-21 04:40:00,2025-06-21 04:50:00,433.69308335364394,433.69308335364394,3146.204471623905,3146.204471623905,438.72297016254504,28.3919328944722,28.3919328944722,0.4422,7
2025-06-21,0,2025-06-21 00:00:00,30,2025-06-21 04:50:00,2025-06-21 05:00:00,421.67582923787916,421.67582923787916,3171.712123533661,3171.712123533661,436.73393874292555,46.65068616124662,46.65068616124662,0.4395,7
2025-06-21,0,2025-06-21 00:00:00,31,2025-06-21 05:00:00,2025-06-21 05:10:00,387.49910262326506,387.49910262326506,3107.647351437134,3107.647351437134,417.55995842453325,66.98027840117798,66.98027840117798,0.4333,7
2025-06-21,0,2025-06-21 00:00:00,32,2025-06-21 05:10:00,2025-06-21 05:20:00,381.7116474102882,381.7116474102882,3083.2210692511835,3083.2210692511835,430.40486956818233,89.35113481994951,89.35113481994951,0.4439,7
2025-06-21,0,2025-06-21 00:00:00,33,2025-06-21 05:20:00,2025-06-21 05:30:00,406.7041035445806,406.7041035445806,3177.386403384401,3177.386403384401,469.1468676088172,113.7146373995042,113.7146373995042,0.4301,7
2025-06-21,0,2025-06-21 00:00:00,34,2025-06-21 05:30:00,2025-06-21 05:40:00,1013.051931172152,1013.051931172152,3611.7211339416162,3611.7211339416162,472.7683408674783,140.00364382772108,140.00364382772108,0.3713,7
2025-06-21,0,2025-06-21 00:00:00,35,2025-06-21 05:40:00,2025-06-21 05:50:00,0.0,0.0,3294.533920152564,3294.533920152564,459.8187537524208,168.13321395927062,168.13321395927062,0.5708,7
2025-06-21,0,2025-06-21 00:00:00,36,2025-06-21 05:50:00,2025-06-21 06:00:00,0.0,0.0,2818.310485916185,2818.310485916185,458.40405159822404,198.00153091682557,198.00153091682557,0.9099,7
2025-06-21,0,2025-06-21 00:00:00,37,2025-06-21 06:00:00,2025-06-21 06:10:00,0.0,0.0,2397.5615245188524,2397.5615245188524,473.6819230320887,229.49100138963857,229.49100138963857,0.9368,7
2025-06-21,0,2025-06-21 00:00:00,38,2025-06-21 06:10:00,2025-06-21 06:20:00,0.0,0.0,2059.220981335677,2059.220981335677,465.99767543152853,262.4695174071563,262.4695174071563,0.8758,7
2025-06-21,0,2025-06-21 00:00:00,39,2025-06-21 06:20:00,2025-06-21 06:30:00,0.0,0.0,1821.8773107499865,1821.8773107499865,438.0086477651955,296.7918598915964,296.7918598915964,0.8759,7
2025-06-21,0,2025-06-21 00:00:00,40,2025-06-21 06:30:00,2025-06-21 06:40:00,0.0,0.0,1642.298235916243,1642.298235916243,437.1702629933772,332.3012226528321,332.3012226528321,0.8601,7
2025-06-21,0,2025-06-21 00:00:00,41,2025-06-21 06:40:00,2025-06-21 06:50:00,0.0,0.0,1456.7234572033892,1456.7234572033892,475.2815807188668,368.8308342033623,368.8308342033623,0.8442,7
2025-06-21,0,2025-06-21 00:00:00,42,2025-06-21 06:50:00,2025-06-21 07:00:00,0.0,0.0,1291.541048089825,1291.541048089825,525.551744306038,406.2056538564824,406.2056538564824,0.8334,7
2025-06-21,0,2025-06-21 00:00:00,43,2025-06-21 07:00:00,2025-06-21 07:10:00,0.0,0.0,1204.0487490714931,1204.0487490714931,544.6115108898315,444.2441180366863,444.2441180366863,0.8092,7
2025-06-21,0,2025-06-21 00:00:00,44,2025-06-21 07:10:00,2025-06-21 07:20:00,0.0,0.0,1200.0,1200.0,539.1937409732561,482.7599125810931,482.7599125810931,0.7972,7
2025-06-21,0,2025-06-21 00:00:00,45,2025-06-21 07:20:00,2025-06-21 07:30:00,0.0,0.0,1234.5545099707597,1234.5545099707597,530.2303106512974,521.5637470413232,521.5637470413232,0.7644,7
2025-06-21,0,2025-06-21 00:00:00,46,2025-06-21 07:30:00,2025-06-21 07:40:00,0.0,0.0,1201.8674001874444,1201.8674001874444,532.92252438573,560.4651075973683,560.4651075973683,0.6899,7
2025-06-21,0,2025-06-21 00:00:00,47,2025-06-21 07:40:00,2025-06-21 07:50:00,0.0,0.0,1200.0,1200.0,534.9079013423324,599.2739661533226,599.2739661533226,0.86,7
2025-06-21,0,2025-06-21 00:00:00,48,2025-06-21 07:50:00,2025-06-21 08:00:00,0.0,0.0,1200.0,1200.0,534.5248909262978,637.802424478143,637.802424478143,1.1617,7
2025-06-21,0,2025-06-21 00:00:00,49,2025-06-21 08:00:00,2025-06-21 08:10:00,0.0,0.0,1200.0,1200.0,540.8160407378639,675.8662738564752,675.8662738564752,1.1683,7
2025-06-21,0,2025-06-21 00:00:00,50,2025-06-21 08:10:00,2025-06-21 08:20:00,0.0,0.0,1200.0,1200.0,536.3563744549227,713.2864525935726,713.2864525935726,1.0956,7
2025-06-21,0,2025-06-21 00:00:00,51,2025-06-21 08:20:00,2025-06-21 08:30:00,0.0,0.0,1261.4376783622301,1261.4376783622301,522.9241025932259,749.8903858387948,749.8903858387948,1.0849,7
2025-06-21,0,2025-06-21 00:00:00,52,2025-06-21 08:30:00,2025-06-21 08:40:00,0.0,0.0,1429.7609724152985,1429.7609724152985,526.4198278446803,785.5131945147277,785.5131945147277,1.061,7
2025-06-21,0,2025-06-21 00:00:00,53,2025-06-21 08:40:00,2025-06-21 08:50:00,0.0,0.0,1595.5543080498292,1595.5543080498292,563.7164608606718,819.9987626212328,819.9987626212328,1.043,7
2025-06-21,0,2025-06-21 00:00:00,54,2025-06-21 08:50:00,2025-06-21 09:00:00,0.0,0.0,1744.306427538649,1744.306427538649,615.8530376270033,853.2006547812189,853.2006547812189,1.036,7
2025-06-21,0,2025-06-21 00:00:00,55,2025-06-21 09:00:00,2025-06-21 09:10:00,0.0,0.0,1854.3528349402588,1854.3528349402588,642.1433448631116,884.9828785614694,884.9828785614694,1.0147,7
2025-06-21,0,2025-06-21 00:00:00,56,2025-06-21 09:10:00,2025-06-21 09:20:00,0.0,0.0,1986.552163695136,1986.552163695136,647.766598033343,915.2204887908865,915.2204887908865,0.9922,7
2025-06-21,0,2025-06-21 00:00:00,57,2025-06-21 09:20:00,2025-06-21 09:30:00,0.0,0.0,2150.8484880705696,2150.8484880705696,640.6828145385562,943.8000337633847,943.8000337633847,0.97,7
2025-06-21,0,2025-06-21 00:00:00,58,2025-06-21 09:30:00,2025-06-21 09:40:00,0.0,0.0,2353.983455291664,2353.983455291664,624.34857897674,970.6198458078583,970.6198458078583,0.9422,7
2025-06-21,0,2025-06-21 00:00:00,59,2025-06-21 09:40:00,2025-06-21 09:50:00,0.0,0.0,2583.794815121907,2583.794815121907,619.6784781257456,995.590181189251,995.590181189251,0.9569,7
2025-06-21,0,2025-06-21 00:00:00,60,2025-06-21 09:50:00,2025-06-21 10:00:00,0.0,0.0,2820.2433816088883,2820.2433816088883,635.3468395048714,1018.6332166314195,1018.6332166314195,0.9977,7
2025-06-21,0,2025-06-21 00:00:00,61,2025-06-21 10:00:00,2025-06-21 10:10:00,0.0,0.0,3020.6551634829143,3020.6551634829143,656.4105472516372,1039.6829118859853,1039.6829118859853,0.9919,7
2025-06-21,0,2025-06-21 00:00:00,62,2025-06-21 10:10:00,2025-06-21 10:20:00,0.0,0.0,3250.09570999051,3250.09570999051,643.158202116776,1058.6847496773125,1058.6847496773125,0.9588,7
2025-06-21,0,2025-06-21 00:00:00,63,2025-06-21 10:20:00,2025-06-21 10:30:00,0.0,0.0,3519.6528994196883,3519.6528994196883,615.4947707510047,1075.5953660021885,1075.5953660021885,0.9549,7
2025-06-21,0,2025-06-21 00:00:00,64,2025-06-21 10:30:00,2025-06-21 10:40:00,0.0,0.0,3788.3405616705595,3788.3405616705595,631.2476311865798,1090.3820851285334,1090.3820851285334,0.9839,7
2025-06-21,0,2025-06-21 00:00:00,65,2025-06-21 10:40:00,2025-06-21 10:50:00,0.0,0.0,4060.6417645256274,4060.6417645256274,639.872875643053,1103.0223747007808,1103.0223747007808,0.799,7
2025-06-21,0,2025-06-21 00:00:00,66,2025-06-21 10:50:00,2025-06-21 11:00:00,0.0,0.0,4361.619726116829,4361.619726116829,618.490672786106,1113.5032371062043,1113.5032371062043,0.5025,7
2025-06-21,0,2025-06-21 00:00:00,67,2025-06-21 11:00:00,2025-06-21 11:10:00,0.0,0.0,4748.283225371688,4748.283225371688,598.2076752301878,1121.8205536780183,1121.8205536780183,0.4662,7
2025-06-21,0,2025-06-21 00:00:00,68,2025-06-21 11:10:00,2025-06-21 11:20:00,0.0,0.0,5136.316997335683,5136.316997335683,602.8429947249109,1127.9783984051146,1127.9783984051146,0.5007,7
2025-06-21,0,2025-06-21 00:00:00,69,2025-06-21 11:20:00,2025-06-21 11:30:00,0.0,0.0,5509.175086904441,5509.175086904441,623.7148032360827,1131.9883375882453,1131.9883375882453,0.4827,7
2025-06-21,0,2025-06-21 00:00:00,70,2025-06-21 11:30:00,2025-06-21 11:40:00,0.0,0.0,5877.212669185149,5877.212669185149,630.9513161944603,1133.8687313376786,1133.8687313376786,0.4785,7
2025-06-21,0,2025-06-21 00:00:00,71,2025-06-21 11:40:00,2025-06-21 11:50:00,0.0,0.0,6245.87894848096,6245.87894848096,630.0280845804974,1133.6440519627197,1133.6440519627197,0.4662,7
2025-06-21,0,2025-06-21 00:00:00,72,2025-06-21 11:50:00,2025-06-21 12:00:00,0.0,0.0,6610.966436084659,6610.966436084659,631.7047010105969,1131.34423317936,1131.34423317936,0.4432,7
2025-06-21,0,2025-06-21 00:00:00,73,2025-06-21 12:00:00,2025-06-21 12:10:00,0.0,0.0,6959.501125435189,6959.501125435189,638.6810039248611,1127.0040626838609,1127.0040626838609,0.4411,7
2025-06-21,0,2025-06-21 00:00:00,74,2025-06-21 12:10:00,2025-06-21 12:20:00,0.0,0.0,7303.004002447071,7303.004002447071,637.930472876564,1120.662629037065,1120.662629037065,0.4551,7
2025-06-21,0,2025-06-21 00:00:00,75,2025-06-21 12:20:00,2025-06-21 12:30:00,0.0,0.0,7641.836597975271,7641.836597975271,634.8198774982409,1112.362832010207,1112.362832010207,0.4463,7
2025-06-21,0,2025-06-21 00:00:00,76,2025-06-21 12:30:00,2025-06-21 12:40:00,0.0,0.0,7960.658971618331,7960.658971618331,646.841588955367,1102.1509635949556,1102.1509635949556,0.4113,7
2025-06-21,0,2025-06-21 00:00:00,77,2025-06-21 12:40:00,2025-06-21 12:50:00,0.0,0.0,8263.882741879299,8263.882741879299,652.0987717139263,1090.0763648178577,1090.0763648178577,0.5682,7
2025-06-21,0,2025-06-21 00:00:00,78,2025-06-21 12:50:00,2025-06-21 13:00:00,0.0,0.0,8559.418173302725,8559.418173302725,646.7561669681677,1076.1911613637183,1076.1911613637183,0.8279,7
2025-06-21,0,2025-06-21 00:00:00,79,2025-06-21 13:00:00,2025-06-21 13:10:00,0.0,0.0,8852.651870463602,8852.651870463602,648.6673555172184,1060.5500788462812,1060.5500788462812,0.8636,7
2025-06-21,0,2025-06-21 00:00:00,80,2025-06-21 13:10:00,2025-06-21 13:20:00,0.0,0.0,9128.66433700128,9128.66433700128,650.4623137742518,1043.2103364108732,1043.2103364108732,0.8416,7
2025-06-21,0,2025-06-21 00:00:00,81,2025-06-21 13:20:00,2025-06-21 13:30:00,0.0,0.0,9385.652608877039,9385.652608877039,652.6215866870563,1024.2316152548767,1024.2316152548767,0.8618,7
2025-06-21,0,2025-06-21 00:00:00,82,2025-06-21 13:30:00,2025-06-21 13:40:00,0.0,0.0,9614.144248605406,9614.144248605406,663.7289926898094,1003.6760966494176,1003.6760966494176,0.8623,7
2025-06-21,0,2025-06-21 00:00:00,83,2025-06-21 13:40:00,2025-06-21 13:50:00,0.0,0.0,9819.066593497575,9819.066593497575,667.849563592807,981.6085621788624,981.6085621788624,0.9026,7
2025-06-21,0,2025-06-21 00:00:00,84,2025-06-21 13:50:00,2025-06-21 14:00:00,0.0,0.0,10006.339965116485,10006.339965116485,663.9475189379469,958.0965472203812,958.0965472203812,0.9754,7
2025-06-21,0,2025-06-21 00:00:00,85,2025-06-21 14:00:00,2025-06-21 14:10:00,0.0,0.0,10191.401271317482,10191.401271317482,665.7585831716751,933.2105371974244,933.2105371974244,1.0002,7
2025-06-21,0,2025-06-21 00:00:00,86,2025-06-21 14:10:00,2025-06-21 14:20:00,0.0,0.0,10356.14559750677,10356.14559750677,662.1466630974744,907.0241948879934,907.0241948879934,0.9978,7
2025-06-21,0,2025-06-21 00:00:00,87,2025-06-21 14:20:00,2025-06-21 14:30:00,0.0,0.0,10503.931736395527,10503.931736395527,653.5795046195743,879.614606076171,879.614606076171,1.0271,7
2025-06-21,0,2025-06-21 00:00:00,88,2025-06-21 14:30:00,2025-06-21 14:40:00,0.0,0.0,10623.399531344496,10623.399531344496,656.4922552668526,851.0625301236838,851.0625301236838,1.0906,7
2025-06-21,0,2025-06-21 00:00:00,89,2025-06-21 14:40:00,2025-06-21 14:50:00,0.0,0.0,10696.885187246291,10696.885187246291,677.9736323733492,821.4526416222091,821.4526416222091,0.9376,7
2025-06-21,0,2025-06-21 00:00:00,90,2025-06-21 14:50:00,2025-06-21 15:00:00,0.0,0.0,10703.256029280195,10703.256029280195,699.8792003095275,790.8737491760456,790.8737491760456,0.6694,7
2025-06-21,0,2025-06-21 00:00:00,91,2025-06-21 15:00:00,2025-06-21 15:10:00,0.0,0.0,10768.465460888734,10768.465460888734,692.0320945430801,759.4189775623016,759.4189775623016,0.66,7
2025-06-21,0,2025-06-21 00:00:00,92,2025-06-21 15:10:00,2025-06-21 15:20:00,0.0,0.0,10800.0,10800.0,667.4183233510865,727.1859000197029,727.1859000197029,0.7217,7
2025-06-21,0,2025-06-21 00:00:00,93,2025-06-21 15:20:00,2025-06-21 15:30:00,0.0,0.0,10609.208030544632,10609.208030544632,661.4376834448244,694.2766082195448,694.2766082195448,0.7308,7
2025-06-21,0,2025-06-21 00:00:00,94,2025-06-21 15:30:00,2025-06-21 15:40:00,0.0,0.0,10463.096333198035,10463.096333198035,698.5229501209379,660.7977085596161,660.7977085596161,0.7534,7
2025-06-21,0,2025-06-21 00:00:00,95,2025-06-21 15:40:00,2025-06-21 15:50:00,35.029540050275976,35.029540050275976,10418.314100921269,10418.314100921269,717.1628489860539,626.8602347751024,626.8602347751024,0.7823,7
2025-06-21,0,2025-06-21 00:00:00,96,2025-06-21 15:50:00,2025-06-21 16:00:00,62.633075564593504,62.633075564593504,10362.535812911517,10362.535812911517,712.0055643113861,592.579468455429,592.579468455429,0.8055,7
2025-06-21,0,2025-06-21 00:00:00,97,2025-06-21 16:00:00,2025-06-21 16:10:00,81.7459099705167,81.7459099705167,10353.642755523499,10353.642755523499,728.1035394236874,558.0746608639924,558.0746608639924,0.8271,7
2025-06-21,0,2025-06-21 00:00:00,98,2025-06-21 16:10:00,2025-06-21 16:20:00,215.59634513732004,215.59634513732004,10559.657131040663,10559.657131040663,706.3905647664639,523.4686514458455,523.4686514458455,0.8519,7
2025-06-21,0,2025-06-21 00:00:00,99,2025-06-21 16:20:00,2025-06-21 16:30:00,162.47378499636667,162.47378499636667,10390.270976163127,10390.270976163127,682.5409659818948,488.887380540139,488.887380540139,0.8791,7
2025-06-21,0,2025-06-21 00:00:00,100,2025-06-21 16:30:00,2025-06-21 16:40:00,295.19985467865934,295.19985467865934,10306.983923875205,10306.983923875205,745.6835095892781,454.45929605006165,454.45929605006165,0.9024,7
2025-06-21,0,2025-06-21 00:00:00,101,2025-06-21 16:40:00,2025-06-21 16:50:00,350.9209280010064,350.9209280010064,10503.020478097093,10503.020478097093,722.912083757607,420.31465612151646,420.31465612151646,0.9163,7
2025-06-21,0,2025-06-21 00:00:00,102,2025-06-21 16:50:00,2025-06-21 17:00:00,252.05285055588993,252.05285055588993,10345.06141062204,10345.06141062204,616.6936384720387,386.5847321996163,386.5847321996163,0.9264,7
2025-06-21,0,2025-06-21 00:00:00,103,2025-06-21 17:00:00,2025-06-21 17:10:00,263.7735292941836,263.7735292941836,10305.305550738596,10305.305550738596,607.3621471140248,353.40091912539367,353.40091912539367,0.9462,7
2025-06-21,0,2025-06-21 00:00:00,104,2025-06-21 17:10:00,2025-06-21 17:20:00,371.75196977280405,371.75196977280405,10511.154699225312,10511.154699225312,621.7616503252844,320.8937611600871,320.8937611600871,0.9742,7
2025-06-21,0,2025-06-21 00:00:00,105,2025-06-21 17:20:00,2025-06-21 17:30:00,375.5640700029678,375.5640700029678,10306.826714023995,10306.826714023995,609.7800053163553,289.19190493790046,289.19190493790046,0.9862,7
2025-06-21,0,2025-06-21 00:00:00,106,2025-06-21 17:30:00,2025-06-21 17:40:00,426.97052563922034,426.97052563922034,10442.747318249307,10442.747318249307,602.6908711593439,258.42099230892546,258.42099230892546,0.976,7
2025-06-21,0,2025-06-21 00:00:00,107,2025-06-21 17:40:00,2025-06-21 17:50:00,422.81794064944506,422.81794064944506,10261.941109691767,10261.941109691767,601.3615955391865,228.7025078028384,228.7025078028384,1.0742,7
2025-06-21,0,2025-06-21 00:00:00,108,2025-06-21 17:50:00,2025-06-21 18:00:00,394.9258807103341,394.9258807103341,9957.389006177062,9957.389006177062,606.3221451666017,200.15259698513967,200.15259698513967,1.2313,7
2025-06-21,0,2025-06-21 00:00:00,109,2025-06-21 18:00:00,2025-06-21 18:10:00,294.50672311032577,294.50672311032577,9909.256932192358,9909.256932192358,620.2416875621733,172.88087325879687,172.88087325879687,1.2561,7
2025-06-21,0,2025-06-21 00:00:00,110,2025-06-21 18:10:00,2025-06-21 18:20:00,537.5216658530055,537.5216658530055,10115.234690015457,10115.234690015457,622.6575543872254,146.98923165729218,146.98923165729218,1.2447,7
2025-06-21,0,2025-06-21 00:00:00,111,2025-06-21 18:20:00,2025-06-21 18:30:00,590.4452627480895,590.4452627480895,10339.873443755796,10339.873443755796,616.438378750639,122.57068885718127,122.57068885718127,1.2545,7
2025-06-21,0,2025-06-21 00:00:00,112,2025-06-21 18:30:00,2025-06-21 18:40:00,561.3708431904087,561.3708431904087,10021.884433260291,10021.884433260291,623.2467936057639,99.7082689915607,99.7082689915607,1.2522,7
2025-06-21,0,2025-06-21 00:00:00,113,2025-06-21 18:40:00,2025-06-21 18:50:00,191.22929732157246,191.22929732157246,9489.513025831588,9489.513025831588,624.5080857895767,78.47395485817768,78.47395485817768,1.2881,7
2025-06-21,0,2025-06-21 00:00:00,114,2025-06-21 18:50:00,2025-06-21 19:00:00,0.0,0.0,8781.470344025722,8781.470344025722,623.2542538153498,58.92772378104949,58.92772378104949,1.3466,7
2025-06-21,0,2025-06-21 00:00:00,115,2025-06-21 19:00:00,2025-06-21 19:10:00,0.0,0.0,7921.847235552972,7921.847235552972,641.4871158631313,41.11668670218751,41.11668670218751,1.3523,7
2025-06-21,0,2025-06-21 00:00:00,116,2025-06-21 19:10:00,2025-06-21 19:20:00,0.0,0.0,7356.0929305719055,7356.0929305719055,650.3274333317947,25.074348056240336,25.074348056240336,1.3445,7
2025-06-21,0,2025-06-21 00:00:00,117,2025-06-21 19:20:00,2025-06-21 19:30:00,0.0,0.0,6591.506586347137,6591.506586347137,634.8447538118457,10.820002627514446,10.820002627514446,1.3483,7
2025-06-21,0,2025-06-21 00:00:00,118,2025-06-21 19:30:00,2025-06-21 19:40:00,0.0,0.0,5853.773358572006,5853.773358572006,609.2152319103272,0.0,0.0,1.349,7
2025-06-21,0,2025-06-21 00:00:00,119,2025-06-21 19:40:00,2025-06-21 19:50:00,0.0,0.0,5139.178750284122,5139.178750284122,595.6007495324454,0.0,0.0,1.3473,7
2025-06-21,0,2025-06-21 00:00:00,120,2025-06-21 19:50:00,2025-06-21 20:00:00,0.0,0.0,4422.1974192641865,4422.1974192641865,609.7125529987345,0.0,0.0,1.3482,7
2025-06-21,0,2025-06-21 00:00:00,121,2025-06-21 20:00:00,2025-06-21 20:10:00,0.0,0.0,3626.737938725007,3626.737938725007,646.2259476075925,0.0,0.0,1.3513,7
2025-06-21,0,2025-06-21 00:00:00,122,2025-06-21 20:10:00,2025-06-21 20:20:00,0.0,0.0,2814.486493233837,2814.486493233837,651.5921873237537,0.0,0.0,1.34,7
2025-06-21,0,2025-06-21 00:00:00,123,2025-06-21 20:20:00,2025-06-21 20:30:00,0.0,0.0,1991.187513700026,1991.187513700026,635.8020059963436,0.0,0.0,1.3489,7
2025-06-21,0,2025-06-21 00:00:00,124,2025-06-21 20:30:00,2025-06-21 20:40:00,0.0,0.0,1200.0,1200.0,658.7912482896742,0.0,0.0,1.3952,7
2025-06-21,0,2025-06-21 00:00:00,125,2025-06-21 20:40:00,2025-06-21 20:50:00,76.80098134966774,76.80098134966774,1200.0,1200.0,679.6934547164777,0.0,0.0,1.2226,7
2025-06-21,0,2025-06-21 00:00:00,126,2025-06-21 20:50:00,2025-06-21 21:00:00,674.9329099496287,674.9329099496287,1212.5845851622728,1212.5845851622728,664.3902372296194,0.0,0.0,0.9332,7
2025-06-21,0,2025-06-21 00:00:00,127,2025-06-21 21:00:00,2025-06-21 21:10:00,636.3252476561677,636.3252476561677,1204.6442368321477,1204.6442368321477,619.4449321919864,0.0,0.0,0.9068,7
2025-06-21,0,2025-06-21 00:00:00,128,2025-06-21 21:10:00,2025-06-21 21:20:00,607.9378521229987,607.9378521229987,1231.9468215551492,1231.9468215551492,582.2088820049432,0.0,0.0,0.9371,7
2025-06-21,0,2025-06-21 00:00:00,129,2025-06-21 21:20:00,2025-06-21 21:30:00,585.995791825436,585.995791825436,1246.5805445745393,1246.5805445745393,578.5953863184261,0.0,0.0,0.9371,7
2025-06-21,0,2025-06-21 00:00:00,130,2025-06-21 21:30:00,2025-06-21 21:40:00,597.6466961807649,597.6466961807649,1200.0,1200.0,601.7175683075108,0.0,0.0,0.9871,7
2025-06-21,0,2025-06-21 00:00:00,131,2025-06-21 21:40:00,2025-06-21 21:50:00,604.3105749655656,604.3105749655656,1200.0,1200.0,591.998840727297,0.0,0.0,0.7764,7
2025-06-21,0,2025-06-21 00:00:00,132,2025-06-21 21:50:00,2025-06-21 22:00:00,679.6495646156669,679.6495646156669,1200.0956634493023,1200.0956634493023,554.5147463283381,0.0,0.0,0.4209,7
2025-06-21,0,2025-06-21 00:00:00,133,2025-06-21 22:00:00,2025-06-21 22:10:00,1314.2243240455578,1314.2243240455578,1205.121944095505,1205.121944095505,548.6887148467114,0.0,0.0,0.3859,7
2025-06-21,0,2025-06-21 00:00:00,134,2025-06-21 22:10:00,2025-06-21 22:20:00,562.9711047246167,562.9711047246167,1200.0,1200.0,543.3506929094851,0.0,0.0,0.4368,7
2025-06-21,0,2025-06-21 00:00:00,135,2025-06-21 22:20:00,2025-06-21 22:30:00,591.0208148832127,591.0208148832127,1201.3001974049216,1201.3001974049216,540.4310662249106,0.0,0.0,0.4198,7
2025-06-21,0,2025-06-21 00:00:00,136,2025-06-21 22:30:00,2025-06-21 22:40:00,609.972399843652,609.972399843652,1200.9338283931777,1200.9338283931777,576.6444980074301,4.034942200053126,4.034942200053126,0.4186,7
2025-06-21,0,2025-06-21 00:00:00,137,2025-06-21 22:40:00,2025-06-21 22:50:00,642.4189916761939,642.4189916761939,1200.0,1200.0,602.8511919027334,9.624375448246107,9.624375448246107,0.4241,7
2025-06-21,0,2025-06-21 00:00:00,138,2025-06-21 22:50:00,2025-06-21 23:00:00,620.4426458269116,620.4426458269116,1205.5840850888947,1205.5840850888947,580.0341795808991,14.856048032945308,14.856048032945308,0.4237,7
2025-06-21,0,2025-06-21 00:00:00,139,2025-06-21 23:00:00,2025-06-21 23:10:00,547.3011589385909,547.3011589385909,1201.4247396020776,1201.4247396020776,519.3239296796842,19.614657312196677,19.614657312196677,0.4248,7
2025-06-21,0,2025-06-21 00:00:00,140,2025-06-21 23:10:00,2025-06-21 23:20:00,529.5447192836479,529.5447192836479,1204.7606168409075,1204.7606168409075,499.64079001720904,23.796761097388732,23.796761097388732,0.424,7
2025-06-21,0,2025-06-21 00:00:00,141,2025-06-21 23:20:00,2025-06-21 23:30:00,563.7560541964493,563.7560541964493,1205.2048483161816,1205.2048483161816,526.2722967206099,27.312235314326642,27.312235314326642,0.422,7
2025-06-21,0,2025-06-21 00:00:00,142,2025-06-21 23:30:00,2025-06-21 23:40:00,575.1996659295518,575.1996659295518,1205.7709658134186,1205.7709658134186,539.5465017132791,30.08557135616174,30.08557135616174,0.424,7
2025-06-21,0,2025-06-21 00:00:00,143,2025-06-21 23:40:00,2025-06-21 23:50:00,607.5955750833314,607.5955750833314,1202.1736726006807,1202.1736726006807,577.785588503953,32.05699352722994,32.05699352722994,0.4271,7
2025-06-21,0,2025-06-21 00:00:00,144,2025-06-21 23:50:00,2025-06-22 00:00:00,659.0991392323377,659.0991392323377,1200.0,1200.0,634.880711669421,33.183379341076595,33.183379341076595,0.4276,7
2025-09-23,0,2025-09-23 00:00:00,1,2025-09-23 00:00:00,2025-09-23 00:10:00,1427.1861116392536,1427.1861116392536,2895.7601897646773,2895.7601897646773,631.4073338183621,1.5052178713259252,1.5052178713259252,0.4248,7
2025-09-23,0,2025-09-23 00:00:00,2,2025-09-23 00:10:00,2025-09-23 00:20:00,1414.593820271527,1414.593820271527,3645.7601897646773,3645.7601897646773,634.3156006390212,2.2754667566647484,2.2754667566647484,0.4245,7
2025-09-23,0,2025-09-23 00:00:00,3,2025-09-23 00:20:00,2025-09-23 00:30:00,1383.813158108783,1383.813158108783,4395.760189764677,4395.760189764677,592.810113665206,2.3311656038014874,2.3311656038014874,0.4269,7
2025-09-23,0,2025-09-23 00:00:00,4,2025-09-23 00:30:00,2025-09-23 00:40:00,1398.3359148706738,1398.3359148706738,5145.760189764677,5145.760189764677,578.897118429304,1.7000264214239884,1.7000264214239884,0.4272,7
2025-09-23,0,2025-09-23 00:00:00,5,2025-09-23 00:40:00,2025-09-23 00:50:00,1350.8553344133786,1350.8553344133786,5895.760189764677,5895.760189764677,571.2842110457367,0.4170476667353,0.4170476667353,0.4271,7
2025-09-23,0,2025-09-23 00:00:00,6,2025-09-23 00:50:00,2025-09-23 01:00:00,1286.2284644106817,1286.2284644106817,6645.760189764677,6645.760189764677,561.6943163816796,0.0,0.0,0.4285,7
2025-09-23,0,2025-09-23 00:00:00,7,2025-09-23 01:00:00,2025-09-23 01:10:00,652.5123988563545,652.5123988563545,6536.867309369779,6536.867309369779,568.2791411237623,0.0,0.0,0.4311,7
2025-09-23,0,2025-09-23 00:00:00,8,2025-09-23 01:10:00,2025-09-23 01:20:00,1176.6012400362797,1176.6012400362797,7395.760189764677,7395.760189764677,567.0066462084405,0.0,0.0,0.4302,7
2025-09-23,0,2025-09-23 00:00:00,9,2025-09-23 01:20:00,2025-09-23 01:30:00,1385.7389682351543,1385.7389682351543,8145.760189764677,8145.760189764677,558.4936776451751,0.0,0.0,0.4279,7
2025-09-23,0,2025-09-23 00:00:00,10,2025-09-23 01:30:00,2025-09-23 01:40:00,680.8914298023706,680.8914298023706,8114.101561790352,8114.101561790352,569.951803356556,0.0,0.0,0.4312,7
2025-09-23,0,2025-09-23 00:00:00,11,2025-09-23 01:40:00,2025-09-23 01:50:00,655.3727149435122,655.3727149435122,8113.428078302467,8113.428078302467,592.2237249415078,0.0,0.0,0.4333,7
2025-09-23,0,2025-09-23 00:00:00,12,2025-09-23 01:50:00,2025-09-23 02:00:00,1339.2334860858034,1339.2334860858034,8550.0,8550.0,599.2589197933457,0.0,0.0,0.4311,7
2025-09-23,0,2025-09-23 00:00:00,13,2025-09-23 02:00:00,2025-09-23 02:10:00,1390.2104529260184,1390.2104529260184,9300.0,9300.0,573.8667704134418,0.0,0.0,0.4293,7
2025-09-23,0,2025-09-23 00:00:00,14,2025-09-23 02:10:00,2025-09-23 02:20:00,618.2703862827876,618.2703862827876,9251.468557074713,9251.468557074713,562.0552561869009,0.0,0.0,0.4324,7
2025-09-23,0,2025-09-23 00:00:00,15,2025-09-23 02:20:00,2025-09-23 02:30:00,675.8077999574813,675.8077999574813,9260.712820123379,9260.712820123379,582.9429710820172,0.0,0.0,0.4367,7
2025-09-23,0,2025-09-23 00:00:00,16,2025-09-23 02:30:00,2025-09-23 02:40:00,678.0555505130163,678.0555505130163,9295.61649099547,9295.61649099547,609.8284638065127,0.0,0.0,0.4348,7
2025-09-23,0,2025-09-23 00:00:00,17,2025-09-23 02:40:00,2025-09-23 02:50:00,675.6218190432828,675.6218190432828,9277.835151383217,9277.835151383217,606.2665614212085,0.0,0.0,0.4335,7
2025-09-23,0,2025-09-23 00:00:00,18,2025-09-23 02:50:00,2025-09-23 03:00:00,680.9531131774578,680.9531131774578,9225.56817094024,9225.56817094024,589.680346292795,0.0,0.0,0.4357,7
2025-09-23,0,2025-09-23 00:00:00,19,2025-09-23 03:00:00,2025-09-23 03:10:00,729.1599627502187,729.1599627502187,9299.941034597541,9299.941034597541,607.2056895750735,0.0,0.0,0.4374,7
2025-09-23,0,2025-09-23 00:00:00,20,2025-09-23 03:10:00,2025-09-23 03:20:00,666.7770841671014,666.7770841671014,9310.21516844919,9310.21516844919,604.9293115349354,0.0,0.0,0.4371,7
2025-09-23,0,2025-09-23 00:00:00,21,2025-09-23 03:20:00,2025-09-23 03:30:00,686.1873321953506,686.1873321953506,9242.659846151297,9242.659846151297,581.2338985439543,0.0,0.0,0.4356,7
2025-09-23,0,2025-09-23 00:00:00,22,2025-09-23 03:30:00,2025-09-23 03:40:00,670.8864235516401,670.8864235516401,9322.064950014155,9322.064950014155,590.8804903758991,0.0,0.0,0.4353,7
2025-09-23,0,2025-09-23 00:00:00,23,2025-09-23 03:40:00,2025-09-23 03:50:00,649.4304545225914,649.4304545225914,9286.41463091834,9286.41463091834,603.4077351539221,0.0,0.0,0.436,7
2025-09-23,0,2025-09-23 00:00:00,24,2025-09-23 03:50:00,2025-09-23 04:00:00,723.1863621559506,723.1863621559506,9301.171882728944,9301.171882728944,610.5912649563505,0.0,0.0,0.4378,7
2025-09-23,0,2025-09-23 00:00:00,25,2025-09-23 04:00:00,2025-09-23 04:10:00,630.1593334665196,630.1593334665196,9257.281848281065,9257.281848281065,633.2708698276911,0.0,0.0,0.4401,7
2025-09-23,0,2025-09-23 00:00:00,26,2025-09-23 04:10:00,2025-09-23 04:20:00,636.9214312717386,636.9214312717386,9190.441869990216,9190.441869990216,633.4424761424444,0.0,0.0,0.4389,7
2025-09-23,0,2025-09-23 00:00:00,27,2025-09-23 04:20:00,2025-09-23 04:30:00,714.8526077972009,714.8526077972009,9302.361013373844,9302.361013373844,614.9140385418804,0.0,0.0,0.4364,7
2025-09-23,0,2025-09-23 00:00:00,28,2025-09-23 04:30:00,2025-09-23 04:40:00,731.8541893881505,731.8541893881505,9292.328107402942,9292.328107402942,619.6207364858583,0.0,0.0,0.4393,7
2025-09-23,0,2025-09-23 00:00:00,29,2025-09-23 04:40:00,2025-09-23 04:50:00,592.7465293640167,592.7465293640167,9309.799097686344,9309.799097686344,615.9097152095816,0.0,0.0,0.4422,7
2025-09-23,0,2025-09-23 00:00:00,30,2025-09-23 04:50:00,2025-09-23 05:00:00,565.7896721616402,565.7896721616402,9292.73214002437,9292.73214002437,597.3968285757005,0.0,0.0,0.4395,7
2025-09-23,0,2025-09-23 00:00:00,31,2025-09-23 05:00:00,2025-09-23 05:10:00,507.88735485723646,507.88735485723646,9281.368685437279,9281.368685437279,595.8052080353784,7.448103452521093,7.448103452521093,0.4333,7
2025-09-23,0,2025-09-23 00:00:00,32,2025-09-23 05:10:00,2025-09-23 05:20:00,623.310262017154,623.310262017154,9138.965329229499,9138.965329229499,616.8309739047264,23.427404661806122,23.427404661806122,0.4439,7
2025-09-23,0,2025-09-23 00:00:00,33,2025-09-23 05:20:00,2025-09-23 05:30:00,1363.7860495890047,1363.7860495890047,10050.0,10050.0,629.8827080917612,41.59804055565624,41.59804055565624,0.4301,7
2025-09-23,0,2025-09-23 00:00:00,34,2025-09-23 05:30:00,2025-09-23 05:40:00,1446.1469780279317,1446.1469780279317,10800.0,10800.0,610.1151098636097,62.02048285743029,62.02048285743029,0.3713,7
2025-09-23,0,2025-09-23 00:00:00,35,2025-09-23 05:40:00,2025-09-23 05:50:00,660.0708763265513,660.0708763265513,10629.86458503666,10629.86458503666,665.7267990627726,84.74064677499886,84.74064677499886,0.5708,7
2025-09-23,0,2025-09-23 00:00:00,36,2025-09-23 05:50:00,2025-09-23 06:00:00,0.0,0.0,8844.63268302545,8844.63268302545,776.594183080564,109.78870362861919,109.78870362861919,0.9099,7
2025-09-23,0,2025-09-23 00:00:00,37,2025-09-23 06:00:00,2025-09-23 06:10:00,0.0,0.0,8101.176538307733,8101.176538307733,805.3167650925668,137.17798971816794,137.17798971816794,0.9368,7
2025-09-23,0,2025-09-23 00:00:00,38,2025-09-23 06:10:00,2025-09-23 06:20:00,93.89351798216555,93.89351798216555,7526.264818963504,7526.264818963504,791.4042597452913,166.90402982040314,166.90402982040314,0.8758,7
2025-09-23,0,2025-09-23 00:00:00,39,2025-09-23 06:20:00,2025-09-23 06:30:00,0.0,0.0,6859.1851775456735,6859.1851775456735,783.9178891837659,198.94369304294702,198.94369304294702,0.8759,7
2025-09-23,0,2025-09-23 00:00:00,40,2025-09-23 06:30:00,2025-09-23 06:40:00,1.173603137136178,1.173603137136178,6206.232774682466,6206.232774682466,790.2015864359578,233.2544977967398,233.2544977967398,0.8601,7
2025-09-23,0,2025-09-23 00:00:00,41,2025-09-23 06:40:00,2025-09-23 06:50:00,60.79881394678806,60.79881394678806,5643.071190008996,5643.071190008996,796.9619429332358,269.7740813893606,269.7740813893606,0.8442,7
2025-09-23,0,2025-09-23 00:00:00,42,2025-09-23 06:50:00,2025-09-23 07:00:00,32.818821673712506,32.818821673712506,5098.434177283476,5098.434177283476,795.4876620088683,308.4198481994854,308.4198481994854,0.8334,7
2025-09-23,0,2025-09-23 00:00:00,43,2025-09-23 07:00:00,2025-09-23 07:10:00,401.50255914373514,401.50255914373514,5013.656993646371,5013.656993646371,791.8577896782537,349.0888085845135,349.0888085845135,0.8092,7
2025-09-23,0,2025-09-23 00:00:00,44,2025-09-23 07:10:00,2025-09-23 07:20:00,385.3980458391826,385.3980458391826,4961.5380524419925,4961.5380524419925,811.4704380433491,391.65761862031576,391.65761862031576,0.7972,7
2025-09-23,0,2025-09-23 00:00:00,45,2025-09-23 07:20:00,2025-09-23 07:30:00,383.50950131864147,383.50950131864147,5208.066835008411,5208.066835008411,828.0549898940342,435.9828285000394,435.9828285000394,0.7644,7
2025-09-23,0,2025-09-23 00:00:00,46,2025-09-23 07:30:00,2025-09-23 07:40:00,391.83761714137825,391.83761714137825,5402.133784775374,5402.133784775374,807.4664247632818,481.90134495775214,481.90134495775214,0.6899,7
2025-09-23,0,2025-09-23 00:00:00,47,2025-09-23 07:40:00,2025-09-23 07:50:00,0.0004503446501831528,0.0004503446501831528,4538.968409057795,4538.968409057795,899.3558925579615,529.2311104660313,529.2311104660313,0.86,7
2025-09-23,0,2025-09-23 00:00:00,48,2025-09-23 07:50:00,2025-09-23 08:00:00,0.0,0.0,4078.2392436969662,4078.2392436969662,1065.8490302486114,577.7719992209982,577.7719992209982,1.1617,7
2025-09-23,0,2025-09-23 00:00:00,49,2025-09-23 08:00:00,2025-09-23 08:10:00,0.0,0.0,3465.5406271804436,3465.5406271804436,1104.310588646817,627.3069271130463,627.3069271130463,1.1683,7
2025-09-23,0,2025-09-23 00:00:00,50,2025-09-23 08:10:00,2025-09-23 08:20:00,0.0,0.0,2964.9571967516376,2964.9571967516376,1085.9971310957294,677.6031700277673,677.6031700277673,1.0956,7
2025-09-23,0,2025-09-23 00:00:00,51,2025-09-23 08:20:00,2025-09-23 08:30:00,0.0,0.0,2545.0391461073295,2545.0391461073295,1074.9131017841767,728.4138819718365,728.4138819718365,1.0849,7
2025-09-23,0,2025-09-23 00:00:00,52,2025-09-23 08:30:00,2025-09-23 08:40:00,0.0,0.0,2320.4220687982533,2320.4220687982533,1061.9220118038522,779.4798017159985,779.4798017159985,1.061,7
2025-09-23,0,2025-09-23 00:00:00,53,2025-09-23 08:40:00,2025-09-23 08:50:00,0.0,0.0,1968.4315453842223,1968.4315453842223,1057.9722426545213,830.5311339347827,830.5311339347827,1.043,7
2025-09-23,0,2025-09-23 00:00:00,54,2025-09-23 08:50:00,2025-09-23 09:00:00,0.0,0.0,1591.915848741877,1591.915848741877,1067.5767305717854,881.2895882425504,881.2895882425504,1.036,7
2025-09-23,0,2025-09-23 00:00:00,55,2025-09-23 09:00:00,2025-09-23 09:10:00,0.0,0.0,1200.0,1200.0,1081.1318554426239,931.4705571185837,931.4705571185837,1.0147,7
2025-09-23,0,2025-09-23 00:00:00,56,2025-09-23 09:10:00,2025-09-23 09:20:00,0.0,0.0,1200.0,1200.0,1082.263237341353,980.785411518999,980.785411518999,0.9922,7
2025-09-23,0,2025-09-23 00:00:00,57,2025-09-23 09:20:00,2025-09-23 09:30:00,0.0,0.0,1200.0,1200.0,1062.755683403318,1028.9438910260915,1028.9438910260915,0.97,7
2025-09-23,0,2025-09-23 00:00:00,58,2025-09-23 09:30:00,2025-09-23 09:40:00,0.0,0.0,1200.0,1200.0,1033.4198279220348,1075.656563718864,1075.656563718864,0.9422,7
2025-09-23,0,2025-09-23 00:00:00,59,2025-09-23 09:40:00,2025-09-23 09:50:00,0.0,0.0,1290.3642925617723,1290.3642925617723,1039.5661777975236,1120.6373295905476,1120.6373295905476,0.9569,7
2025-09-23,0,2025-09-23 00:00:00,60,2025-09-23 09:50:00,2025-09-23 10:00:00,0.0,0.0,1200.0,1200.0,1072.757877823106,1163.6059403140437,1163.6059403140437,0.9977,7
2025-09-23,0,2025-09-23 00:00:00,61,2025-09-23 10:00:00,2025-09-23 10:10:00,0.0,0.0,1297.0854395494966,1297.0854395494966,1079.29874356649,1204.2905074837931,1204.2905074837931,0.9919,7
2025-09-23,0,2025-09-23 00:00:00,62,2025-09-23 10:10:00,2025-09-23 10:20:00,0.0,0.0,1200.0,1200.0,1072.8305563175031,1242.4299711566725,1242.4299711566725,0.9588,7
2025-09-23,0,2025-09-23 00:00:00,63,2025-09-23 10:20:00,2025-09-23 10:30:00,0.0,0.0,1319.4379904828781,1319.4379904828781,1068.8817334335538,1277.7765005840108,1277.7765005840108,0.9549,7
2025-09-23,0,2025-09-23 00:00:00,64,2025-09-23 10:30:00,2025-09-23 10:40:00,0.0,0.0,1426.91638790425,1426.91638790425,1067.0850020310972,1310.0977994746063,1310.0977994746063,0.9839,7
2025-09-23,0,2025-09-23 00:00:00,65,2025-09-23 10:40:00,2025-09-23 10:50:00,0.0,0.0,1561.5135606806407,1561.5135606806407,1066.0345188920953,1339.1792889522917,1339.1792889522917,0.799,7
2025-09-23,0,2025-09-23 00:00:00,66,2025-09-23 10:50:00,2025-09-23 11:00:00,1.5833877177249536,1.5833877177249536,1720.4972157974325,1720.4972157974325,1064.5852810131796,1364.8261425627106,1364.8261425627106,0.5025,7
2025-09-23,0,2025-09-23 00:00:00,67,2025-09-23 11:00:00,2025-09-23 11:10:00,557.0942035531662,557.0942035531662,2470.4972157974325,2470.4972157974325,1063.3101552292048,1386.8651492287224,1386.8651492287224,0.4662,7
2025-09-23,0,2025-09-23 00:00:00,68,2025-09-23 11:10:00,2025-09-23 11:20:00,1.3083564570825243,1.3083564570825243,2971.6056833566417,2971.6056833566417,1067.7428300278418,1405.1463819328765,1405.1463819328765,0.5007,7
2025-09-23,0,2025-09-23 00:00:00,69,2025-09-23 11:20:00,2025-09-23 11:30:00,466.25441722093507,466.25441722093507,3721.6056833566417,3721.6056833566417,1072.920802523681,1419.544652094303,1419.544652094303,0.4827,7
2025-09-23,0,2025-09-23 00:00:00,70,2025-09-23 11:30:00,2025-09-23 11:40:00,499.7465547116911,499.7465547116911,4471.605683356642,4471.605683356642,1063.978782175505,1429.9607320769207,1429.9607320769207,0.4785,7
2025-09-23,0,2025-09-23 00:00:00,71,2025-09-23 11:40:00,2025-09-23 11:50:00,467.92658229607645,467.92658229607645,5221.605683356642,5221.605683356642,1034.0907148034794,1436.3223309825282,1436.3223309825282,0.4662,7
2025-09-23,0,2025-09-23 00:00:00,72,2025-09-23 11:50:00,2025-09-23 12:00:00,437.44857989418415,437.44857989418415,5971.605683356642,5971.605683356642,994.9493523782187,1438.5848118087627,1438.5848118087627,0.4432,7
2025-09-23,0,2025-09-23 00:00:00,73,2025-09-23 12:00:00,2025-09-23 12:10:00,405.02815489580297,405.02815489580297,6721.605683356642,6721.605683356642,973.4450956953243,1436.7316411474415,1436.7316411474415,0.4411,7
2025-09-23,0,2025-09-23 00:00:00,74,2025-09-23 12:10:00,2025-09-23 12:20:00,430.81575615759493,430.81575615759493,7471.605683356642,7471.605683356642,989.7531253588335,1430.7745658202246,1430.7745658202246,0.4551,7
2025-09-23,0,2025-09-23 00:00:00,75,2025-09-23 12:20:00,2025-09-23 12:30:00,491.4862777817276,491.4862777817276,8221.605683356642,8221.605683356642,1017.0149379506249,1420.7535141505712,1420.7535141505712,0.4463,7
2025-09-23,0,2025-09-23 00:00:00,76,2025-09-23 12:30:00,2025-09-23 12:40:00,511.3758846463442,511.3758846463442,8971.605683356642,8971.605683356642,1007.0693577596718,1406.7362229072385,1406.7362229072385,0.4113,7
2025-09-23,0,2025-09-23 00:00:00,77,2025-09-23 12:40:00,2025-09-23 12:50:00,0.0,0.0,9255.637131150408,9255.637131150408,1004.8888787920068,1388.8175942779135,1388.8175942779135,0.5682,7
2025-09-23,0,2025-09-23 00:00:00,78,2025-09-23 12:50:00,2025-09-23 13:00:00,0.0,0.0,9501.456867287223,9501.456867287223,1025.6475324059656,1367.1187904952649,1367.1187904952649,0.8279,7
2025-09-23,0,2025-09-23 00:00:00,79,2025-09-23 13:00:00,2025-09-23 13:10:00,0.0,0.0,9744.802410670316,9744.802410670316,1034.8810357856582,1341.7860768957544,1341.7860768957544,0.8636,7
2025-09-23,0,2025-09-23 00:00:00,80,2025-09-23 13:10:00,2025-09-23 13:20:00,0.0,0.0,9979.517388973249,9979.517388973249,1015.6739028452727,1312.9894271996347,1312.9894271996347,0.8416,7
2025-09-23,0,2025-09-23 00:00:00,81,2025-09-23 13:20:00,2025-09-23 13:30:00,0.0,0.0,10202.378803080888,10202.378803080888,996.7760101460168,1280.9209076167208,1280.9209076167208,0.8618,7
2025-09-23,0,2025-09-23 00:00:00,82,2025-09-23 13:30:00,2025-09-23 13:40:00,0.0,0.0,10370.674655248406,10370.674655248406,1022.2763636526377,1245.7928589676483,1245.7928589676483,0.8623,7
2025-09-23,0,2025-09-23 00:00:00,83,2025-09-23 13:40:00,2025-09-23 13:50:00,0.0,0.0,10521.92390896002,10521.92390896002,1037.301537825792,1207.8358983289859,1207.8358983289859,0.9026,7
2025-09-23,0,2025-09-23 00:00:00,84,2025-09-23 13:50:00,2025-09-23 14:00:00,0.0,0.0,10592.706711031671,10592.706711031671,1017.2723106749569,1167.296763731274,1167.296763731274,0.9754,7
2025-09-23,0,2025-09-23 00:00:00,85,2025-09-23 14:00:00,2025-09-23 14:10:00,0.0,0.0,10710.235496283187,10710.235496283187,993.1372490091484,1124.4360271350242,1124.4360271350242,1.0002,7
2025-09-23,0,2025-09-23 00:00:00,86,2025-09-23 14:10:00,2025-09-23 14:20:00,0.0,0.0,10671.705690284882,10671.705690284882,994.4942635345647,1079.5257022590945,1079.5257022590945,0.9978,7
2025-09-23,0,2025-09-23 00:00:00,87,2025-09-23 14:20:00,2025-09-23 14:30:00,0.0,0.0,10174.651801154812,10174.651801154812,1015.0887555276588,1032.8467748219878,1032.8467748219878,1.0271,7
2025-09-23,0,2025-09-23 00:00:00,88,2025-09-23 14:30:00,2025-09-23 14:40:00,0.0,0.0,9703.67998095144,9703.67998095144,1022.3245332838405,984.6866833685613,984.6866833685613,1.0906,7
2025-09-23,0,2025-09-23 00:00:00,89,2025-09-23 14:40:00,2025-09-23 14:50:00,0.0,0.0,9802.92618453019,9802.92618453019,1017.7683383742902,935.3367790869424,935.3367790869424,0.9376,7
2025-09-23,0,2025-09-23 00:00:00,90,2025-09-23 14:50:00,2025-09-23 15:00:00,49.820900538749726,49.820900538749726,9801.99793756643,9801.99793756643,1009.8320924181827,885.089792873476,885.089792873476,0.6694,7
2025-09-23,0,2025-09-23 00:00:00,91,2025-09-23 15:00:00,2025-09-23 15:10:00,269.38250642770157,269.38250642770157,10663.621111201805,10663.621111201805,1008.7148134173377,834.237337383329,834.237337383329,0.66,7
2025-09-23,0,2025-09-23 00:00:00,92,2025-09-23 15:10:00,2025-09-23 15:20:00,311.9401442245416,311.9401442245416,10640.42528925525,10640.42528925525,1037.7322429291107,783.0674709225606,783.0674709225606,0.7217,7
2025-09-23,0,2025-09-23 00:00:00,93,2025-09-23 15:20:00,2025-09-23 15:30:00,362.99606544031707,362.99606544031707,10445.986805187427,10445.986805187427,1070.0825012923303,731.8623488108898,731.8623488108898,0.7308,7
2025-09-23,0,2025-09-23 00:00:00,94,2025-09-23 15:30:00,2025-09-23 15:40:00,420.16103741894386,420.16103741894386,10380.431279852131,10380.431279852131,1049.0096572517396,680.8959862951206,680.8959862951206,0.7534,7
2025-09-23,0,2025-09-23 00:00:00,95,2025-09-23 15:40:00,2025-09-23 15:50:00,414.5393594119055,414.5393594119055,10468.649883593429,10468.649883593429,1011.0398149218586,630.4321552477574,630.4321552477574,0.7823,7
2025-09-23,0,2025-09-23 00:00:00,96,2025-09-23 15:50:00,2025-09-23 16:00:00,392.3188030807956,392.3188030807956,9962.60331320199,9962.60331320199,1003.4024204846183,580.7224347746428,580.7224347746428,0.8055,7
2025-09-23,0,2025-09-23 00:00:00,97,2025-09-23 16:00:00,2025-09-23 16:10:00,543.9873375818277,543.9873375818277,10336.214417257243,10336.214417257243,1039.8420757268032,532.0044335139047,532.0044335139047,0.8271,7
2025-09-23,0,2025-09-23 00:00:00,98,2025-09-23 16:10:00,2025-09-23 16:20:00,614.0442646894699,614.0442646894699,10401.331946187933,10401.331946187933,1056.0041458279234,484.50019887378056,484.50019887378056,0.8519,7
2025-09-23,0,2025-09-23 00:00:00,99,2025-09-23 16:20:00,2025-09-23 16:30:00,648.6589548292288,648.6589548292288,10288.235813763715,10288.235813763715,1036.9418312724097,438.41482576899745,438.41482576899745,0.8791,7
2025-09-23,0,2025-09-23 00:00:00,100,2025-09-23 16:30:00,2025-09-23 16:40:00,705.2221108855617,705.2221108855617,10800.0,10800.0,1028.2567281629326,393.93527461623137,393.93527461623137,0.9024,7
2025-09-23,0,2025-09-23 00:00:00,101,2025-09-23 16:40:00,2025-09-23 16:50:00,724.8284966699097,724.8284966699097,10200.036556663379,10200.036556663379,1041.544547970405,351.2294054818101,351.2294054818101,0.9163,7
2025-09-23,0,2025-09-23 00:00:00,102,2025-09-23 16:50:00,2025-09-23 17:00:00,802.3483198638158,802.3483198638158,10223.241995128916,10223.241995128916,1055.2677761687714,310.44523238262394,310.44523238262394,0.9264,7
2025-09-23,0,2025-09-23 00:00:00,103,2025-09-23 17:00:00,2025-09-23 17:10:00,759.2851144890968,759.2851144890968,9884.991117039006,9884.991117039006,1040.026108942102,271.71039886738697,271.71039886738697,0.9462,7
2025-09-23,0,2025-09-23 00:00:00,104,2025-09-23 17:10:00,2025-09-23 17:20:00,926.0656955272483,926.0656955272483,10719.434581824175,10719.434581824175,1029.4158304379152,235.1318731922215,235.1318731922215,0.9742,7
2025-09-23,0,2025-09-23 00:00:00,105,2025-09-23 17:20:00,2025-09-23 17:30:00,889.919498263469,889.919498263469,9803.776461559111,9803.776461559111,1049.0351428786687,200.79585869247677,200.79585869247677,0.9862,7
2025-09-23,0,2025-09-23 00:00:00,106,2025-09-23 17:30:00,2025-09-23 17:40:00,1004.2292426032456,1004.2292426032456,10437.750675041274,10437.750675041274,1071.9255755110482,168.76791238022247,168.76791238022247,0.976,7
2025-09-23,0,2025-09-23 00:00:00,107,2025-09-23 17:40:00,2025-09-23 17:50:00,839.3736128955418,839.3736128955418,9777.038573155138,9777.038573155138,966.4931227992026,139.09326239930414,139.09326239930414,1.0742,7
2025-09-23,0,2025-09-23 00:00:00,108,2025-09-23 17:50:00,2025-09-23 18:00:00,607.2546469777907,607.2546469777907,9433.832213633767,9433.832213633767,792.5679744191319,111.79731277937543,111.79731277937543,1.2313,7
2025-09-23,0,2025-09-23 00:00:00,109,2025-09-23 18:00:00,2025-09-23 18:10:00,805.4881684040027,805.4881684040027,10301.142191689703,10301.142191689703,755.3486078393819,86.8863219750672,86.8863219750672,1.2561,7
2025-09-23,0,2025-09-23 00:00:00,110,2025-09-23 18:10:00,2025-09-23 18:20:00,713.6798352238919,713.6798352238919,9494.404648113908,9494.404648113908,776.0860433557668,64.34823998031851,64.34823998031851,1.2447,7
2025-09-23,0,2025-09-23 00:00:00,111,2025-09-23 18:20:00,2025-09-23 18:30:00,794.0284389544227,794.0284389544227,9811.666644597677,9811.666644597677,790.3947278361926,44.15368739014421,44.15368739014421,1.2545,7
2025-09-23,0,2025-09-23 00:00:00,112,2025-09-23 18:30:00,2025-09-23 18:40:00,794.9774697232032,794.9774697232032,9708.357791433202,9708.357791433202,808.3088761500844,26.257058657130713,26.257058657130713,1.2522,7
2025-09-23,0,2025-09-23 00:00:00,113,2025-09-23 18:40:00,2025-09-23 18:50:00,785.9094225300862,785.9094225300862,9513.101956076354,9513.101956076354,790.1025731753238,10.597730967054199,10.597730967054199,1.2881,7
2025-09-23,0,2025-09-23 00:00:00,114,2025-09-23 18:50:00,2025-09-23 19:00:00,674.8867701190859,674.8867701190859,9010.637415819157,9010.637415819157,762.6037694475907,0.0,0.0,1.3466,7
2025-09-23,0,2025-09-23 00:00:00,115,2025-09-23 19:00:00,2025-09-23 19:10:00,96.42785620841819,96.42785620841819,8382.575682657764,8382.575682657764,794.818730303227,0.0,0.0,1.3523,7
2025-09-23,0,2025-09-23 00:00:00,116,2025-09-23 19:10:00,2025-09-23 19:20:00,151.10641850487943,151.10641850487943,7704.557995480956,7704.557995480956,808.9882425535212,0.0,0.0,1.3445,7
2025-09-23,0,2025-09-23 00:00:00,117,2025-09-23 19:20:00,2025-09-23 19:30:00,44.50337319529291,44.50337319529291,6893.4010721103205,6893.4010721103205,788.8263278366487,0.0,0.0,1.3483,7
2025-09-23,0,2025-09-23 00:00:00,118,2025-09-23 19:30:00,2025-09-23 19:40:00,46.91663427392587,46.91663427392587,6097.191827573808,6097.191827573808,795.2353934406457,0.0,0.0,1.349,7
2025-09-23,0,2025-09-23 00:00:00,119,2025-09-23 19:40:00,2025-09-23 19:50:00,69.74113019162361,69.74113019162361,5212.603423617261,5212.603423617261,802.949733567782,0.0,0.0,1.3473,7
2025-09-23,0,2025-09-23 00:00:00,120,2025-09-23 19:50:00,2025-09-23 20:00:00,28.39170970595357,28.39170970595357,4313.664489582929,4313.664489582929,792.5423980124566,0.0,0.0,1.3482,7
2025-09-23,0,2025-09-23 00:00:00,121,2025-09-23 20:00:00,2025-09-23 20:10:00,43.021378639752605,43.021378639752605,3389.9196202731155,3389.9196202731155,775.1638807183456,0.0,0.0,1.3513,7
2025-09-23,0,2025-09-23 00:00:00,122,2025-09-23 20:10:00,2025-09-23 20:20:00,141.3568135087064,141.3568135087064,2803.7009944966817,2803.7009944966817,769.7730601168577,0.0,0.0,1.34,7
2025-09-23,0,2025-09-23 00:00:00,123,2025-09-23 20:20:00,2025-09-23 20:30:00,51.20499610401,51.20499610401,2033.5160473083613,2033.5160473083613,782.7505340407048,0.0,0.0,1.3489,7
2025-09-23,0,2025-09-23 00:00:00,124,2025-09-23 20:30:00,2025-09-23 20:40:00,52.997403393647694,52.997403393647694,1200.0,1200.0,800.5194708264501,0.0,0.0,1.3952,7
2025-09-23,0,2025-09-23 00:00:00,125,2025-09-23 20:40:00,2025-09-23 20:50:00,779.1999363636382,779.1999363636382,1200.0,1200.0,789.2813379609235,0.0,0.0,1.2226,7
2025-09-23,0,2025-09-23 00:00:00,126,2025-09-23 20:50:00,2025-09-23 21:00:00,825.9181521949158,825.9181521949158,1200.0,1200.0,772.6281358306803,0.0,0.0,0.9332,7
2025-09-23,0,2025-09-23 00:00:00,127,2025-09-23 21:00:00,2025-09-23 21:10:00,829.271807828557,829.271807828557,1239.366429967503,1239.366429967503,800.4097767221174,0.0,0.0,0.9068,7
2025-09-23,0,2025-09-23 00:00:00,128,2025-09-23 21:10:00,2025-09-23 21:20:00,811.7427234181808,811.7427234181808,1246.5186060727642,1246.5186060727642,784.7583638533242,0.0,0.0,0.9371,7
2025-09-23,0,2025-09-23 00:00:00,129,2025-09-23 21:20:00,2025-09-23 21:30:00,786.9168259276762,786.9168259276762,1261.2805874526127,1261.2805874526127,748.5022233595141,0.0,0.0,0.9371,7
2025-09-23,0,2025-09-23 00:00:00,130,2025-09-23 21:30:00,2025-09-23 21:40:00,779.7010394823039,779.7010394823039,1200.0,1200.0,792.1033005950926,0.0,0.0,0.9871,7
2025-09-23,0,2025-09-23 00:00:00,131,2025-09-23 21:40:00,2025-09-23 21:50:00,767.1536801194258,767.1536801194258,1200.0,1200.0,753.2294208460175,0.0,0.0,0.7764,7
2025-09-23,0,2025-09-23 00:00:00,132,2025-09-23 21:50:00,2025-09-23 22:00:00,751.0196891183595,751.0196891183595,1202.0853371985322,1202.0853371985322,627.7534940333716,0.0,0.0,0.4209,7
2025-09-23,0,2025-09-23 00:00:00,133,2025-09-23 22:00:00,2025-09-23 22:10:00,1285.9415195304225,1285.9415195304225,1210.327073580287,1210.327073580287,585.328578315095,0.0,0.0,0.3859,7
2025-09-23,0,2025-09-23 00:00:00,134,2025-09-23 22:10:00,2025-09-23 22:20:00,587.2753096881502,587.2753096881502,1200.0,1200.0,590.4863796773569,4.010843467485227,4.010843467485227,0.4368,7
2025-09-23,0,2025-09-23 00:00:00,135,2025-09-23 22:20:00,2025-09-23 22:30:00,643.9141406897487,643.9141406897487,1204.7547849403095,1204.7547849403095,594.5347974281922,8.820542630518373,8.820542630518373,0.4198,7
2025-09-23,0,2025-09-23 00:00:00,136,2025-09-23 22:30:00,2025-09-23 22:40:00,634.197549363508,634.197549363508,1207.4965892231314,1207.4965892231314,594.1884372841696,13.307688066851666,13.307688066851666,0.4186,7
2025-09-23,0,2025-09-23 00:00:00,137,2025-09-23 22:40:00,2025-09-23 22:50:00,632.306521540077,632.306521540077,1202.2397313339757,1202.2397313339757,604.2902266421167,17.407155484858457,17.407155484858457,0.4241,7
2025-09-23,0,2025-09-23 00:00:00,138,2025-09-23 22:50:00,2025-09-23 23:00:00,647.9949911880531,647.9949911880531,1202.8320900583815,1202.8320900583815,612.8235179869583,21.061649380160556,21.061649380160556,0.4237,7
2025-09-23,0,2025-09-23 00:00:00,139,2025-09-23 23:00:00,2025-09-23 23:10:00,626.6113790263082,626.6113790263082,1203.033396432467,1203.033396432467,595.8575807797296,24.221760467277438,24.221760467277438,0.4248,7
2025-09-23,0,2025-09-23 00:00:00,140,2025-09-23 23:10:00,2025-09-23 23:20:00,635.1781997855104,635.1781997855104,1204.6288108776148,1204.6288108776148,602.0945551280415,26.84599276300481,26.84599276300481,0.424,7
2025-09-23,0,2025-09-23 00:00:00,141,2025-09-23 23:20:00,2025-09-23 23:30:00,668.9673201268934,668.9673201268934,1208.445330209295,1208.445330209295,619.214043251434,28.900767454214918,28.900767454214918,0.422,7
2025-09-23,0,2025-09-23 00:00:00,142,2025-09-23 23:30:00,2025-09-23 23:40:00,628.8512778589724,628.8512778589724,1205.5166097369977,1205.5166097369977,589.9575325093008,30.3604100205363,30.3604100205363,0.424,7
2025-09-23,0,2025-09-23 00:00:00,143,2025-09-23 23:40:00,2025-09-23 23:50:00,623.3857307586284,623.3857307586284,1201.4031296046994,1201.4031296046994,590.4128636970394,31.20712625747632,31.20712625747632,0.4271,7
2025-09-23,0,2025-09-23 00:00:00,144,2025-09-23 23:50:00,2025-09-24 00:00:00,639.4095445930359,639.4095445930359,1200.0,1200.0,617.4774962189933,31.430971880946114,31.430971880946114,0.4276,7
2025-12-21,0,2025-12-21 00:00:00,1,2025-12-21 00:00:00,2025-12-21 00:10:00,1434.7800840975437,1434.7800840975437,3872.0673607346075,3872.0673607346075,616.2793970973721,0.0,0.0,0.4248,7
2025-12-21,0,2025-12-21 00:00:00,2,2025-12-21 00:10:00,2025-12-21 00:20:00,1263.33627085666,1263.33627085666,4622.067360734607,4622.067360734607,590.2234332883246,0.0,0.0,0.4245,7
2025-12-21,0,2025-12-21 00:00:00,3,2025-12-21 00:20:00,2025-12-21 00:30:00,1248.4719380535573,1248.4719380535573,5372.067360734607,5372.067360734607,596.5927402013191,0.3749877506193373,0.3749877506193373,0.4269,7
2025-12-21,0,2025-12-21 00:00:00,4,2025-12-21 00:30:00,2025-12-21 00:40:00,1343.1540476783864,1343.1540476783864,6122.067360734607,6122.067360734607,633.2857617928803,1.0022368920543934,1.0022368920543934,0.4272,7
2025-12-21,0,2025-12-21 00:00:00,5,2025-12-21 00:40:00,2025-12-21 00:50:00,1395.5233388529673,1395.5233388529673,6872.067360734607,6872.067360734607,647.4755365574257,1.8311568859035607,1.8311568859035607,0.4271,7
2025-12-21,0,2025-12-21 00:00:00,6,2025-12-21 00:50:00,2025-12-21 01:00:00,1428.5677235787932,1428.5677235787932,7622.067360734607,7622.067360734607,633.1286393593334,2.81890155866656,2.81890155866656,0.4285,7
2025-12-21,0,2025-12-21 00:00:00,7,2025-12-21 01:00:00,2025-12-21 01:10:00,827.330748782907,827.330748782907,7608.148312218585,7608.148312218585,630.4151194814187,3.9154372690887578,3.9154372690887578,0.4311,7
2025-12-21,0,2025-12-21 00:00:00,8,2025-12-21 01:10:00,2025-12-21 01:20:00,1310.108241347573,1310.108241347573,7800.0,7800.0,629.5866393611959,5.06499476171928,5.06499476171928,0.4302,7
2025-12-21,0,2025-12-21 00:00:00,9,2025-12-21 01:20:00,2025-12-21 01:30:00,1447.3236435883107,1447.3236435883107,8550.0,8550.0,626.6557530394315,6.207718516137166,6.207718516137166,0.4279,7
2025-12-21,0,2025-12-21 00:00:00,10,2025-12-21 01:30:00,2025-12-21 01:40:00,897.7390465327755,897.7390465327755,8542.32564294946,8542.32564294946,632.4301929373703,7.28147911945245,7.28147911945245,0.4312,7
2025-12-21,0,2025-12-21 00:00:00,11,2025-12-21 01:40:00,2025-12-21 01:50:00,661.223104416426,661.223104416426,8607.692194855252,8607.692194855252,641.4956589589251,8.22381057013218,8.22381057013218,0.4333,7
2025-12-21,0,2025-12-21 00:00:00,12,2025-12-21 01:50:00,2025-12-21 02:00:00,657.4430781559386,657.4430781559386,8608.876763320906,8608.876763320906,647.5443654161735,8.973931508841629,8.973931508841629,0.4311,7
2025-12-21,0,2025-12-21 00:00:00,13,2025-12-21 02:00:00,2025-12-21 02:10:00,1369.0685538571963,1369.0685538571963,9300.0,9300.0,650.8279101240591,9.474807222805449,9.474807222805449,0.4293,7
2025-12-21,0,2025-12-21 00:00:00,14,2025-12-21 02:10:00,2025-12-21 02:20:00,756.1875677945941,756.1875677945941,9300.16616470407,9300.16616470407,663.5301247939377,9.67520792664462,9.67520792664462,0.4324,7
2025-12-21,0,2025-12-21 00:00:00,15,2025-12-21 02:20:00,2025-12-21 02:30:00,704.4983497901011,704.4983497901011,9289.938744850982,9289.938744850982,681.9662843163254,9.531718312877194,9.531718312877194,0.4367,7
2025-12-21,0,2025-12-21 00:00:00,16,2025-12-21 02:30:00,2025-12-21 02:40:00,707.4279055768217,707.4279055768217,9228.441888617515,9228.441888617515,688.6198901158447,9.010653702615507,9.010653702615507,0.4348,7
2025-12-21,0,2025-12-21 00:00:00,17,2025-12-21 02:40:00,2025-12-21 02:50:00,729.3027792440427,729.3027792440427,9302.462560929784,9302.462560929784,685.7633789646883,8.089839309690985,8.089839309690985,0.4335,7
2025-12-21,0,2025-12-21 00:00:00,18,2025-12-21 02:50:00,2025-12-21 03:00:00,689.1089370689132,689.1089370689132,9302.973737096758,9302.973737096758,677.5967008526554,6.7602111426417455,6.7602111426417455,0.4357,7
2025-12-21,0,2025-12-21 00:00:00,19,2025-12-21 03:00:00,2025-12-21 03:10:00,684.4466893618901,684.4466893618901,9236.60701684402,9236.60701684402,669.6836293312866,5.0271998770400455,5.0271998770400455,0.4374,7
2025-12-21,0,2025-12-21 00:00:00,20,2025-12-21 03:10:00,2025-12-21 03:20:00,717.8797692620863,717.8797692620863,9300.583895362499,9300.583895362499,683.8796884741139,2.9118625895347803,2.9118625895347803,0.4371,7
2025-12-21,0,2025-12-21 00:00:00,21,2025-12-21 03:20:00,2025-12-21 03:30:00,715.4621999795778,715.4621999795778,9240.246335330861,9240.246335330861,699.0624595458352,0.4517314952315261,0.4517314952315261,0.4356,7
2025-12-21,0,2025-12-21 00:00:00,22,2025-12-21 03:30:00,2025-12-21 03:40:00,679.0643765255733,679.0643765255733,9316.657167748785,9316.657167748785,673.6568390525738,0.0,0.0,0.4353,7
2025-12-21,0,2025-12-21 00:00:00,23,2025-12-21 03:40:00,2025-12-21 03:50:00,668.7522758215589,668.7522758215589,9313.66202774286,9313.66202774286,669.1610108864958,0.0,0.0,0.436,7
2025-12-21,0,2025-12-21 00:00:00,24,2025-12-21 03:50:00,2025-12-21 04:00:00,697.485244439446,697.485244439446,9252.6962994699,9252.6962994699,694.608048556891,0.0,0.0,0.4378,7
2025-12-21,0,2025-12-21 00:00:00,25,2025-12-21 04:00:00,2025-12-21 04:10:00,704.4433562528944,704.4433562528944,9234.22715951613,9234.22715951613,699.4926433678131,0.0,0.0,0.4401,7
2025-12-21,0,2025-12-21 00:00:00,26,2025-12-21 04:10:00,2025-12-21 04:20:00,735.164364918556,735.164364918556,9273.932592035308,9273.932592035308,708.751156180192,0.0,0.0,0.4389,7
2025-12-21,0,2025-12-21 00:00:00,27,2025-12-21 04:20:00,2025-12-21 04:30:00,747.2182022676375,747.2182022676375,9256.436071361186,9256.436071361186,735.0143113130092,0.0,0.0,0.4364,7
2025-12-21,0,2025-12-21 00:00:00,28,2025-12-21 04:30:00,2025-12-21 04:40:00,782.4619200510738,782.4619200510738,9277.1765658455,9277.1765658455,756.2867482031897,0.0,0.0,0.4393,7
2025-12-21,0,2025-12-21 00:00:00,29,2025-12-21 04:40:00,2025-12-21 04:50:00,745.7655147045098,745.7655147045098,9266.348082425966,9266.348082425966,742.5036370096578,0.0,0.0,0.4422,7
2025-12-21,0,2025-12-21 00:00:00,30,2025-12-21 04:50:00,2025-12-21 05:00:00,727.7932239084129,727.7932239084129,9261.617657124032,9261.617657124032,714.4652952942575,0.0,0.0,0.4395,7
2025-12-21,0,2025-12-21 00:00:00,31,2025-12-21 05:00:00,2025-12-21 05:10:00,743.2536786816416,743.2536786816416,9398.36576681984,9398.36576681984,722.4629463097564,0.0,0.0,0.4333,7
2025-12-21,0,2025-12-21 00:00:00,32,2025-12-21 05:10:00,2025-12-21 05:20:00,736.4103990738696,736.4103990738696,9230.001157903747,9230.001157903747,726.8503445035492,0.0,0.0,0.4439,7
2025-12-21,0,2025-12-21 00:00:00,33,2025-12-21 05:20:00,2025-12-21 05:30:00,1443.9694175201819,1443.9694175201819,10050.0,10050.0,715.4380940188167,0.0,0.0,0.4301,7
2025-12-21,0,2025-12-21 00:00:00,34,2025-12-21 05:30:00,2025-12-21 05:40:00,1580.1422052438486,1580.1422052438486,10800.0,10800.0,726.1617984818521,0.0,0.0,0.3713,7
2025-12-21,0,2025-12-21 00:00:00,35,2025-12-21 05:40:00,2025-12-21 05:50:00,863.0866395156393,863.0866395156393,10543.28517085153,10543.28517085153,792.4426276851627,0.0,0.0,0.5708,7
2025-12-21,0,2025-12-21 00:00:00,36,2025-12-21 05:50:00,2025-12-21 06:00:00,887.6022959088937,887.6022959088937,9559.963862991648,9559.963862991648,879.1283262318776,0.0,0.0,0.9099,7
2025-12-21,0,2025-12-21 00:00:00,37,2025-12-21 06:00:00,2025-12-21 06:10:00,227.30689827521292,227.30689827521292,9028.861230435581,9028.861230435581,908.6528954557709,3.931429169172668,3.931429169172668,0.9368,7
2025-12-21,0,2025-12-21 00:00:00,38,2025-12-21 06:10:00,2025-12-21 06:20:00,981.5575066189704,981.5575066189704,9472.319804615787,9472.319804615787,900.9893771310469,14.741085378989338,14.741085378989338,0.8758,7
2025-12-21,0,2025-12-21 00:00:00,39,2025-12-21 06:20:00,2025-12-21 06:30:00,947.5739812265988,947.5739812265988,9576.779610190839,9576.779610190839,892.9239681959596,27.732590194249834,27.732590194249834,0.8759,7
2025-12-21,0,2025-12-21 00:00:00,40,2025-12-21 06:30:00,2025-12-21 06:40:00,954.3389982723085,954.3389982723085,9585.096822561323,9585.096822561323,905.105293339259,43.00821806703582,43.00821806703582,0.8601,7
2025-12-21,0,2025-12-21 00:00:00,41,2025-12-21 06:40:00,2025-12-21 06:50:00,959.75259242048,959.75259242048,9776.611899655509,9776.611899655509,926.6054381013327,60.647373451725834,60.647373451725834,0.8442,7
2025-12-21,0,2025-12-21 00:00:00,42,2025-12-21 06:50:00,2025-12-21 07:00:00,920.6269967785993,920.6269967785993,9558.916419852521,9558.916419852521,932.942732649948,80.70422518357698,80.70422518357698,0.8334,7
2025-12-21,0,2025-12-21 00:00:00,43,2025-12-21 07:00:00,2025-12-21 07:10:00,863.8879539257189,863.8879539257189,9574.98312313971,9574.98312313971,909.2688151410429,103.20564515122472,103.20564515122472,0.8092,7
2025-12-21,0,2025-12-21 00:00:00,44,2025-12-21 07:10:00,2025-12-21 07:20:00,834.50854379868,834.50854379868,9541.361787601616,9541.361787601616,899.7354357322146,128.1494921440739,128.1494921440739,0.7972,7
2025-12-21,0,2025-12-21 00:00:00,45,2025-12-21 07:20:00,2025-12-21 07:30:00,821.6744695920614,821.6744695920614,9957.361023065036,9957.361023065036,905.5987468282137,155.50327680670412,155.50327680670412,0.7644,7
2025-12-21,0,2025-12-21 00:00:00,46,2025-12-21 07:30:00,2025-12-21 07:40:00,1518.461665141036,1518.461665141036,10800.0,10800.0,902.7005750179503,185.20323802435922,185.20323802435922,0.6899,7
2025-12-21,0,2025-12-21 00:00:00,47,2025-12-21 07:40:00,2025-12-21 07:50:00,799.0035860250218,799.0035860250218,10495.658933994326,10495.658933994326,988.9165242063947,217.15385488533622,217.15385488533622,0.86,7
2025-12-21,0,2025-12-21 00:00:00,48,2025-12-21 07:50:00,2025-12-21 08:00:00,104.13949082056213,104.13949082056213,8617.257976306902,8617.257976306902,1130.7359649938414,251.2278117166582,251.2278117166582,1.1617,7
2025-12-21,0,2025-12-21 00:00:00,49,2025-12-21 08:00:00,2025-12-21 08:10:00,118.22602284647655,118.22602284647655,7675.4466591315995,7675.4466591315995,1179.5544433568634,287.266426676433,287.266426676433,1.1683,7
2025-12-21,0,2025-12-21 00:00:00,50,2025-12-21 08:10:00,2025-12-21 08:20:00,75.37801704817052,75.37801704817052,7165.375977736915,7165.375977736915,1174.9682678499496,325.08054712400485,325.08054712400485,1.0956,7
2025-12-21,0,2025-12-21 00:00:00,51,2025-12-21 08:20:00,2025-12-21 08:30:00,28.82965678411396,28.82965678411396,6375.209576258756,6375.209576258756,1170.3871675329112,364.451907596475,364.451907596475,1.0849,7
2025-12-21,0,2025-12-21 00:00:00,52,2025-12-21 08:30:00,2025-12-21 08:40:00,2.8610628544225216,2.8610628544225216,5527.314427130431,5527.314427130431,1178.5748682264984,405.1349388192598,405.1349388192598,1.061,7
2025-12-21,0,2025-12-21 00:00:00,53,2025-12-21 08:40:00,2025-12-21 08:50:00,0.0,0.0,4681.756787676994,4681.756787676994,1189.9291655120248,446.85900889161906,446.85900889161906,1.043,7
2025-12-21,0,2025-12-21 00:00:00,54,2025-12-21 08:50:00,2025-12-21 09:00:00,19.779545116270185,19.779545116270185,3878.607832260808,3878.607832260808,1192.523964459205,489.3310707368771,489.3310707368771,1.036,7
2025-12-21,0,2025-12-21 00:00:00,55,2025-12-21 09:00:00,2025-12-21 09:10:00,2.405325782164131,2.405325782164131,3185.988465465525,3185.988465465525,1184.6464253470372,532.2386832091458,532.2386832091458,1.0147,7
2025-12-21,0,2025-12-21 00:00:00,56,2025-12-21 09:10:00,2025-12-21 09:20:00,83.5268610844478,83.5268610844478,2507.3642738690032,2507.3642738690032,1192.015991263363,575.2533670163799,575.2533670163799,0.9922,7
2025-12-21,0,2025-12-21 00:00:00,57,2025-12-21 09:20:00,2025-12-21 09:30:00,603.1630834551429,603.1630834551429,2474.517623098345,2474.517623098345,1204.197783010264,618.0342509587148,618.0342509587148,0.97,7
2025-12-21,0,2025-12-21 00:00:00,58,2025-12-21 09:30:00,2025-12-21 09:40:00,546.0160692209342,546.0160692209342,2490.4917034895047,2490.4917034895047,1184.6880121342203,660.2319589874546,660.2319589874546,0.9422,7
2025-12-21,0,2025-12-21 00:00:00,59,2025-12-21 09:40:00,2025-12-21 09:50:00,533.9370395072805,533.9370395072805,2825.3505255814657,2825.3505255814657,1163.5157114312397,701.4926843492643,701.4926843492643,0.9569,7
2025-12-21,0,2025-12-21 00:00:00,60,2025-12-21 09:50:00,2025-12-21 10:00:00,0.24571010437201418,0.24571010437201418,1813.447633483403,1813.447633483403,1162.452055992799,741.4623936653411,741.4623936653411,0.9977,7
2025-12-21,0,2025-12-21 00:00:00,61,2025-12-21 10:00:00,2025-12-21 10:10:00,1.6830203266105919,1.6830203266105919,1241.9086635422466,1241.9086635422466,1175.3260588255193,779.791101266495,779.791101266495,0.9919,7
2025-12-21,0,2025-12-21 00:00:00,62,2025-12-21 10:10:00,2025-12-21 10:20:00,422.0318712625306,422.0318712625306,1560.4268998062867,1560.4268998062867,1185.6150086161479,816.1371525074895,816.1371525074895,0.9588,7
2025-12-21,0,2025-12-21 00:00:00,63,2025-12-21 10:20:00,2025-12-21 10:30:00,368.61407855031644,368.61407855031644,1400.1577188125057,1400.1577188125057,1173.6482595447392,850.17145414791,850.17145414791,0.9549,7
2025-12-21,0,2025-12-21 00:00:00,64,2025-12-21 10:30:00,2025-12-21 10:40:00,17.874753332420745,17.874753332420745,1200.0,1200.0,1138.854356318649,881.5815902264776,881.5815902264776,0.9839,7
2025-12-21,0,2025-12-21 00:00:00,65,2025-12-21 10:40:00,2025-12-21 10:50:00,282.4770775369799,282.4770775369799,1593.4693551220555,1593.4693551220555,1155.0337124442049,910.0757631694719,910.0757631694719,0.799,7
2025-12-21,0,2025-12-21 00:00:00,66,2025-12-21 10:50:00,2025-12-21 11:00:00,1128.0237853393778,1128.0237853393778,1950.0,1950.0,1192.2107157002679,935.386502143932,935.386502143932,0.5025,7
2025-12-21,0,2025-12-21 00:00:00,67,2025-12-21 11:00:00,2025-12-21 11:10:00,1047.3985543347007,1047.3985543347007,2700.0,2700.0,1146.0126031036025,957.2740838589895,957.2740838589895,0.4662,7
2025-12-21,0,2025-12-21 00:00:00,68,2025-12-21 11:10:00,2025-12-21 11:20:00,982.8394953119112,982.8394953119112,3450.0,3450.0,1100.490472150075,975.5296150852162,975.5296150852162,0.5007,7
2025-12-21,0,2025-12-21 00:00:00,69,2025-12-21 11:20:00,2025-12-21 11:30:00,991.1054469595022,991.1054469595022,4200.0,4200.0,1108.5093855243417,989.9777310388947,989.9777310388947,0.4827,7
2025-12-21,0,2025-12-21 00:00:00,70,2025-12-21 11:30:00,2025-12-21 11:40:00,1040.9657451304054,1040.9657451304054,4950.0,4950.0,1137.12745034968,1000.4788693889162,1000.4788693889162,0.4785,7
2025-12-21,0,2025-12-21 00:00:00,71,2025-12-21 11:40:00,2025-12-21 11:50:00,1039.947158893688,1039.947158893688,5700.0,5700.0,1131.226830118026,1006.9310858996155,1006.9310858996155,0.4662,7
2025-12-21,0,2025-12-21 00:00:00,72,2025-12-21 11:50:00,2025-12-21 12:00:00,983.106317353508,983.106317353508,6450.0,6450.0,1087.9936328066394,1009.271384523683,1009.271384523683,0.4432,7
2025-12-21,0,2025-12-21 00:00:00,73,2025-12-21 12:00:00,2025-12-21 12:10:00,956.192517857684,956.192517857684,7200.0,7200.0,1056.2902790553565,1007.476541996609,1007.476541996609,0.4411,7
2025-12-21,0,2025-12-21 00:00:00,74,2025-12-21 12:10:00,2025-12-21 12:20:00,949.4887447004387,949.4887447004387,7950.0,7950.0,1061.4225869236764,1001.5634145420338,1001.5634145420338,0.4551,7
2025-12-21,0,2025-12-21 00:00:00,75,2025-12-21 12:20:00,2025-12-21 12:30:00,904.23685346195,904.23685346195,8700.0,8700.0,1068.2461487840362,991.5887220545915,991.5887220545915,0.4463,7
2025-12-21,0,2025-12-21 00:00:00,76,2025-12-21 12:30:00,2025-12-21 12:40:00,963.0531630303597,963.0531630303597,9450.0,9450.0,1027.5774128117973,977.6483129587903,977.6483129587903,0.4113,7
2025-12-21,0,2025-12-21 00:00:00,77,2025-12-21 12:40:00,2025-12-21 12:50:00,718.6171037246604,718.6171037246604,10200.0,10200.0,1043.2987757088874,959.8759207233328,959.8759207233328,0.5682,7
2025-12-21,0,2025-12-21 00:00:00,78,2025-12-21 12:50:00,2025-12-21 13:00:00,256.5562075748868,256.5562075748868,10093.5111351581,10093.5111351581,1109.8672013053833,938.4414306150715,938.4414306150715,0.8279,7
2025-12-21,0,2025-12-21 00:00:00,79,2025-12-21 13:00:00,2025-12-21 13:10:00,290.8925184253476,290.8925184253476,10141.843861398378,10141.843861398378,1113.6455483975542,913.5486825834643,913.5486825834643,0.8636,7
2025-12-21,0,2025-12-21 00:00:00,80,2025-12-21 13:10:00,2025-12-21 13:20:00,312.45837060815586,312.45837060815586,10212.257646721899,10212.257646721899,1099.2461130531358,885.4328430578372,885.4328430578372,0.8416,7
2025-12-21,0,2025-12-21 00:00:00,81,2025-12-21 13:20:00,2025-12-21 13:30:00,342.7196353366561,342.7196353366561,10216.750479370436,10216.750479370436,1095.307000964523,854.3573848057723,854.3573848057723,0.8618,7
2025-12-21,0,2025-12-21 00:00:00,82,2025-12-21 13:30:00,2025-12-21 13:40:00,342.5143965036973,342.5143965036973,10156.90599484208,10156.90599484208,1080.808789514196,820.6107197400235,820.6107197400235,0.8623,7
2025-12-21,0,2025-12-21 00:00:00,83,2025-12-21 13:40:00,2025-12-21 13:50:00,347.1170241669786,347.1170241669786,9822.940230142727,9822.940230142727,1064.507008898196,784.5025345824596,784.5025345824596,0.9026,7
2025-12-21,0,2025-12-21 00:00:00,84,2025-12-21 13:50:00,2025-12-21 14:00:00,43.3078570541874,43.3078570541874,9118.402914739389,9118.402914739389,1057.333953656472,746.3598835174326,746.3598835174326,0.9754,7
2025-12-21,0,2025-12-21 00:00:00,85,2025-12-21 14:00:00,2025-12-21 14:10:00,0.0,0.0,8585.394053141492,8585.394053141492,1064.054828503539,706.5230953277404,706.5230953277404,1.0002,7
2025-12-21,0,2025-12-21 00:00:00,86,2025-12-21 14:10:00,2025-12-21 14:20:00,0.0,0.0,8171.054548080337,8171.054548080337,1086.968172590273,665.341554952315,665.341554952315,0.9978,7
2025-12-21,0,2025-12-21 00:00:00,87,2025-12-21 14:20:00,2025-12-21 14:30:00,0.0,0.0,7521.2753909260855,7521.2753909260855,1096.43722634587,623.1694208993525,623.1694208993525,1.0271,7
2025-12-21,0,2025-12-21 00:00:00,88,2025-12-21 14:30:00,2025-12-21 14:40:00,0.0,0.0,6704.804806236456,6704.804806236456,1059.2718030333338,580.3613404710444,580.3613404710444,1.0906,7
2025-12-21,0,2025-12-21 00:00:00,89,2025-12-21 14:40:00,2025-12-21 14:50:00,27.9883521139868,27.9883521139868,6482.262538629057,6482.262538629057,1049.554121700158,537.268224301543,537.268224301543,0.9376,7
2025-12-21,0,2025-12-21 00:00:00,90,2025-12-21 14:50:00,2025-12-21 15:00:00,1397.5356082082185,1397.5356082082185,8046.081533221621,8046.081533221621,1076.4578330292347,494.2331402896077,494.2331402896077,0.6694,7
2025-12-21,0,2025-12-21 00:00:00,91,2025-12-21 15:00:00,2025-12-21 15:10:00,1438.8385675846466,1438.8385675846466,8796.08153322162,8796.08153322162,1074.2519245033177,451.58738464873517,451.58738464873517,0.66,7
2025-12-21,0,2025-12-21 00:00:00,92,2025-12-21 15:10:00,2025-12-21 15:20:00,1429.2758102088,1429.2758102088,9546.08153322162,9546.08153322162,1046.663132084464,409.6467845430238,409.6467845430238,0.7217,7
2025-12-21,0,2025-12-21 00:00:00,93,2025-12-21 15:20:00,2025-12-21 15:30:00,1468.1590479237764,1468.1590479237764,10296.08153322162,10296.08153322162,1033.7606743497388,368.70828268372577,368.70828268372577,0.7308,7
2025-12-21,0,2025-12-21 00:00:00,94,2025-12-21 15:30:00,2025-12-21 15:40:00,770.0221969947643,770.0221969947643,10575.524556877994,10575.524556877994,1065.9851809901206,329.0468494002881,329.0468494002881,0.7534,7
2025-12-21,0,2025-12-21 00:00:00,95,2025-12-21 15:40:00,2025-12-21 15:50:00,829.0233045649155,829.0233045649155,10588.81899979012,10588.81899979012,1067.3267718706088,290.91276215394106,290.91276215394106,0.7823,7
2025-12-21,0,2025-12-21 00:00:00,96,2025-12-21 15:50:00,2025-12-21 16:00:00,819.8959221768426,819.8959221768426,10503.866130614464,10503.866130614464,1024.3561431720552,254.5292863258023,254.5292863258023,0.8055,7
2025-12-21,0,2025-12-21 00:00:00,97,2025-12-21 16:00:00,2025-12-21 16:10:00,840.9165823263593,840.9165823263593,10505.01232679738,10505.01232679738,998.7866189926806,220.09078448876727,220.09078448876727,0.8271,7
2025-12-21,0,2025-12-21 00:00:00,98,2025-12-21 16:10:00,2025-12-21 16:20:00,872.2889905972487,872.2889905972487,10640.184284774577,10640.184284774577,995.7224151095816,187.76127437439908,187.76127437439908,0.8519,7
2025-12-21,0,2025-12-21 00:00:00,99,2025-12-21 16:20:00,2025-12-21 16:30:00,938.9383987194606,938.9383987194606,10497.175248589265,10497.175248589265,1013.8427563638874,157.67344848972093,157.67344848972093,0.8791,7
2025-12-21,0,2025-12-21 00:00:00,100,2025-12-21 16:30:00,2025-12-21 16:40:00,997.9719752989139,997.9719752989139,10247.571690106653,10247.571690106653,1045.30352581104,129.928160945019,129.928160945019,0.9024,7
2025-12-21,0,2025-12-21 00:00:00,101,2025-12-21 16:40:00,2025-12-21 16:50:00,1006.0797799876915,1006.0797799876915,10184.96734983042,10184.96734983042,1025.9151453877364,104.59437964507653,104.59437964507653,0.9163,7
2025-12-21,0,2025-12-21 00:00:00,102,2025-12-21 16:50:00,2025-12-21 17:00:00,1006.2782075537384,1006.2782075537384,10475.505477874458,10475.505477874458,981.6489070397907,81.70959469482041,81.70959469482041,0.9264,7
2025-12-21,0,2025-12-21 00:00:00,103,2025-12-21 17:00:00,2025-12-21 17:10:00,1040.7614272324872,1040.7614272324872,10028.665076083253,10028.665076083253,1001.9352421431593,61.28066679597596,61.28066679597596,0.9462,7
2025-12-21,0,2025-12-21 00:00:00,104,2025-12-21 17:10:00,2025-12-21 17:20:00,1065.5276635530877,1065.5276635530877,10078.027913044083,10078.027913044083,1016.8557290902332,43.28509267941366,43.28509267941366,0.9742,7
2025-12-21,0,2025-12-21 00:00:00,105,2025-12-21 17:20:00,2025-12-21 17:30:00,1101.189683097104,1101.189683097104,10232.38941824803,10232.38941824803,1010.7468835821171,27.672658337391677,27.672658337391677,0.9862,7
2025-12-21,0,2025-12-21 00:00:00,106,2025-12-21 17:30:00,2025-12-21 17:40:00,1125.4121568684213,1125.4121568684213,10071.177090906853,10071.177090906853,1017.4894220272225,14.367445091806875,14.367445091806875,0.976,7
2025-12-21,0,2025-12-21 00:00:00,107,2025-12-21 17:40:00,2025-12-21 17:50:00,996.7096429299818,996.7096429299818,10005.659827025826,10005.659827025826,899.324721164282,3.270148449837593,3.270148449837593,1.0742,7
2025-12-21,0,2025-12-21 00:00:00,108,2025-12-21 17:50:00,2025-12-21 18:00:00,767.110253675994,767.110253675994,9897.340915347691,9897.340915347691,727.9401835593786,0.0,0.0,1.2313,7
2025-12-21,0,2025-12-21 00:00:00,109,2025-12-21 18:00:00,2025-12-21 18:10:00,706.9025189290937,706.9025189290937,9585.078417400939,9585.078417400939,730.7546719740922,0.0,0.0,1.2561,7
2025-12-21,0,2025-12-21 00:00:00,110,2025-12-21 18:10:00,2025-12-21 18:20:00,721.4504086954627,721.4504086954627,9474.288500544822,9474.288500544822,752.3166839839009,0.0,0.0,1.2447,7
2025-12-21,0,2025-12-21 00:00:00,111,2025-12-21 18:20:00,2025-12-21 18:30:00,716.1430507189439,716.1430507189439,9199.108844976581,9199.108844976581,716.4278862488143,0.0,0.0,1.2545,7
2025-12-21,0,2025-12-21 00:00:00,112,2025-12-21 18:30:00,2025-12-21 18:40:00,697.8161824175212,697.8161824175212,9267.206609777408,9267.206609777408,704.222053435437,0.0,0.0,1.2522,7
2025-12-21,0,2025-12-21 00:00:00,113,2025-12-21 18:40:00,2025-12-21 18:50:00,693.5989411339832,693.5989411339832,9211.85202483827,9211.85202483827,715.3086913219316,0.0,0.0,1.2881,7
2025-12-21,0,2025-12-21 00:00:00,114,2025-12-21 18:50:00,2025-12-21 19:00:00,527.5391443595314,527.5391443595314,9062.134936525894,9062.134936525894,730.8190025049934,0.0,0.0,1.3466,7
2025-12-21,0,2025-12-21 00:00:00,115,2025-12-21 19:00:00,2025-12-21 19:10:00,0.1994087582796956,0.1994087582796956,8363.155673214558,8363.155673214558,739.8125345515886,0.0,0.0,1.3523,7
2025-12-21,0,2025-12-21 00:00:00,116,2025-12-21 19:10:00,2025-12-21 19:20:00,40.689738674838445,40.689738674838445,7622.863149179901,7622.863149179901,746.976401077864,0.0,0.0,1.3445,7
2025-12-21,0,2025-12-21 00:00:00,117,2025-12-21 19:20:00,2025-12-21 19:30:00,0.443281385442419,0.443281385442419,6602.169743435477,6602.169743435477,745.8045429548841,0.0,0.0,1.3483,7
2025-12-21,0,2025-12-21 00:00:00,118,2025-12-21 19:30:00,2025-12-21 19:40:00,0.10145120556955123,0.10145120556955123,5797.3695634234255,5797.3695634234255,726.2933664987712,0.0,0.0,1.349,7
2025-12-21,0,2025-12-21 00:00:00,119,2025-12-21 19:40:00,2025-12-21 19:50:00,2.4135681568956353,2.4135681568956353,5104.241604504257,5104.241604504257,723.0748244177994,0.0,0.0,1.3473,7
2025-12-21,0,2025-12-21 00:00:00,120,2025-12-21 19:50:00,2025-12-21 20:00:00,0.8045263907388005,0.8045263907388005,4251.154228479203,4251.154228479203,745.5924399664601,0.0,0.0,1.3482,7
2025-12-21,0,2025-12-21 00:00:00,121,2025-12-21 20:00:00,2025-12-21 20:10:00,0.20055795268295762,0.20055795268295762,3364.289911282217,3364.289911282217,765.0478378509772,0.0,0.0,1.3513,7
2025-12-21,0,2025-12-21 00:00:00,122,2025-12-21 20:10:00,2025-12-21 20:20:00,66.04875366509025,66.04875366509025,2569.4231317429358,2569.4231317429358,748.0482424446537,0.0,0.0,1.34,7
2025-12-21,0,2025-12-21 00:00:00,123,2025-12-21 20:20:00,2025-12-21 20:30:00,2.0181015828527396,2.0181015828527396,1979.1838507000139,1979.1838507000139,713.2723845141114,0.0,0.0,1.3489,7
2025-12-21,0,2025-12-21 00:00:00,124,2025-12-21 20:30:00,2025-12-21 20:40:00,0.0,0.0,1200.0,1200.0,713.6809589512576,1.4956293622385086,1.4956293622385086,1.3952,7
2025-12-21,0,2025-12-21 00:00:00,125,2025-12-21 20:40:00,2025-12-21 20:50:00,714.8953076589952,714.8953076589952,1200.0,1200.0,728.8124776520657,3.6842753120772804,3.6842753120772804,1.2226,7
2025-12-21,0,2025-12-21 00:00:00,126,2025-12-21 20:50:00,2025-12-21 21:00:00,780.9801567760409,780.9801567760409,1200.0,1200.0,735.7660811128901,5.481282547576489,5.481282547576489,0.9332,7
2025-12-21,0,2025-12-21 00:00:00,127,2025-12-21 21:00:00,2025-12-21 21:10:00,753.1890941116778,753.1890941116778,1256.6937412426353,1256.6937412426353,731.7876682002219,6.862058640706153,6.862058640706153,0.9068,7
2025-12-21,0,2025-12-21 00:00:00,128,2025-12-21 21:10:00,2025-12-21 21:20:00,747.1157260402891,747.1157260402891,1219.0904454916274,1219.0904454916274,728.6094267039766,7.817908839648149,7.817908839648149,0.9371,7
2025-12-21,0,2025-12-21 00:00:00,129,2025-12-21 21:20:00,2025-12-21 21:30:00,745.1141385299841,745.1141385299841,1253.0180000421406,1253.0180000421406,738.8041753819107,8.354955567257637,8.354955567257637,0.9371,7
2025-12-21,0,2025-12-21 00:00:00,130,2025-12-21 21:30:00,2025-12-21 21:40:00,714.0726361615563,714.0726361615563,1200.0,1200.0,753.4407920645351,8.492798661015502,8.492798661015502,0.9871,7
2025-12-21,0,2025-12-21 00:00:00,131,2025-12-21 21:40:00,2025-12-21 21:50:00,688.953968740732,688.953968740732,1200.0,1200.0,693.7341636581708,8.26295070234008,8.26295070234008,0.7764,7
2025-12-21,0,2025-12-21 00:00:00,132,2025-12-21 21:50:00,2025-12-21 22:00:00,643.2724343332524,643.2724343332524,1200.0,1200.0,594.5814537190272,7.707085485837162,7.707085485837162,0.4209,7
2025-12-21,0,2025-12-21 00:00:00,133,2025-12-21 22:00:00,2025-12-21 22:10:00,1224.3408946282848,1224.3408946282848,1202.7461380124914,1202.7461380124914,577.9005120078128,6.8751406412161,6.8751406412161,0.3859,7
2025-12-21,0,2025-12-21 00:00:00,134,2025-12-21 22:10:00,2025-12-21 22:20:00,583.5664527149277,583.5664527149277,1200.0,1200.0,591.4139704294245,5.823317593502917,5.823317593502917,0.4368,7
2025-12-21,0,2025-12-21 00:00:00,135,2025-12-21 22:20:00,2025-12-21 22:30:00,597.2388221832397,597.2388221832397,1200.616768511859,1200.616768511859,587.7038422156498,4.612023396331677,4.612023396331677,0.4198,7
2025-12-21,0,2025-12-21 00:00:00,136,2025-12-21 22:30:00,2025-12-21 22:40:00,592.3300015481939,592.3300015481939,1205.5223666878935,1205.5223666878935,573.58817932402,3.303799478692068,3.303799478692068,0.4186,7
2025-12-21,0,2025-12-21 00:00:00,137,2025-12-21 22:40:00,2025-12-21 22:50:00,591.2209889275867,591.2209889275867,1202.8051994422785,1202.8051994422785,572.3825468863686,1.961282002903801,1.961282002903801,0.4241,7
2025-12-21,0,2025-12-21 00:00:00,138,2025-12-21 22:50:00,2025-12-21 23:00:00,605.4721328816161,605.4721328816161,1203.0852485299365,1203.0852485299365,587.0811712606018,0.6452373510945167,0.6452373510945167,0.4237,7
2025-12-21,0,2025-12-21 00:00:00,139,2025-12-21 23:00:00,2025-12-21 23:10:00,620.9141731444441,620.9141731444441,1203.096208447532,1203.096208447532,600.0254766775632,0.0,0.0,0.4248,7
2025-12-21,0,2025-12-21 00:00:00,140,2025-12-21 23:10:00,2025-12-21 23:20:00,628.6364183348876,628.6364183348876,1203.12024196546,1203.12024196546,606.3067706551496,0.0,0.0,0.424,7
2025-12-21,0,2025-12-21 00:00:00,141,2025-12-21 23:20:00,2025-12-21 23:30:00,623.2802451199532,623.2802451199532,1204.5276434010752,1204.5276434010752,599.2220955659535,0.0,0.0,0.422,7
2025-12-21,0,2025-12-21 00:00:00,142,2025-12-21 23:30:00,2025-12-21 23:40:00,605.602544912957,605.602544912957,1203.7558025708097,1203.7558025708097,580.7525938188251,0.0,0.0,0.424,7
2025-12-21,0,2025-12-21 00:00:00,143,2025-12-21 23:40:00,2025-12-21 23:50:00,623.0292516223972,623.0292516223972,1203.3134911989785,1203.3134911989785,604.435740954466,0.0,0.0,0.4271,7
2025-12-21,0,2025-12-21 00:00:00,144,2025-12-21 23:50:00,2025-12-22 00:00:00,663.7782236087443,663.7782236087443,1200.0,1200.0,642.1781433018607,0.0,0.0,0.4276,7
