date,slot_id,interval_end,interval_start,load_actual_kwh,pv_actual_kwh,available_time,issue_time,price_yuan_per_kwh,load_forecast_kwh,pv_forecast_kwh,grid_plan_kwh,charge_plan_kwh,discharge_plan_kwh,energy_start_plan_kwh,energy_end_plan_kwh,pv_curtailment_plan_kwh,charge_mode_plan,charge_actual_kwh,discharge_actual_kwh,emergency_kwh,surplus_kwh,unused_grid_kwh,pv_curtailment_kwh,energy_start_actual_kwh,energy_end_actual_kwh,planned_cost_yuan,emergency_cost_yuan,total_cost_yuan
2025-01-15,1,2025-01-15 00:10:00,2025-01-15 00:00:00,603.4397666666667,0.0,2025-01-15T00:10:00,2025-01-15 00:00:00,0.4248,630.0752870030816,0.0,1463.408620336415,833.3333333333333,0.0,6841.831117592594,7591.831117592594,0.0,1.0,833.3333333333334,0.0,0.0,26.635520336414857,26.635520336414857,0.0,6841.831117592594,7591.831117592594,621.6559819189091,0.0,621.6559819189091
2025-01-15,2,2025-01-15 00:20:00,2025-01-15 00:10:00,618.0562833333333,0.0,2025-01-15T00:20:00,2025-01-15 00:00:00,0.4245,647.1065007593129,0.0,1480.4398340926462,833.3333333333333,0.0,7591.831117592594,8341.831117592594,0.0,1.0,833.3333333333334,0.0,0.0,29.05021742597944,29.05021742597944,0.0,7591.831117592594,8341.831117592594,628.4467095723282,0.0,628.4467095723282
2025-01-15,3,2025-01-15 00:30:00,2025-01-15 00:20:00,639.72,0.0,2025-01-15T00:30:00,2025-01-15 00:00:00,0.4269,622.8566449032713,0.0,1456.1899782366045,833.3333333333333,0.0,8341.831117592594,9091.831117592594,0.0,1.0,816.4699782366044,0.0,0.0,0.0,0.0,0.0,8341.831117592594,9076.654098005538,621.6475017092065,0.0,621.6475017092065
2025-01-15,4,2025-01-15 00:40:00,2025-01-15 00:30:00,616.2570833333333,0.0,2025-01-15T00:40:00,2025-01-15 00:00:00,0.4272,569.7139183371559,0.0,801.0126765676073,231.2987582304514,0.0,9091.831117592594,9300.0,0.0,1.0,184.755593234274,0.0,0.0,0.0,0.0,0.0,9076.654098005538,9242.934131916385,342.19261542968184,0.0,342.19261542968184
2025-01-15,5,2025-01-15 00:50:00,2025-01-15 00:40:00,602.7091833333333,0.0,2025-01-15T00:50:00,2025-01-15 00:00:00,0.4271,570.8342660767677,0.0,1404.167599410101,833.3333333333333,0.0,9300.0,10050.0,0.0,1.0,801.4584160767678,0.0,0.0,0.0,0.0,0.0,9242.934131916385,9964.246706385477,599.7199817080541,0.0,599.7199817080541
2025-01-15,6,2025-01-15 01:00:00,2025-01-15 00:50:00,621.71,0.0,2025-01-15T01:00:00,2025-01-15 00:00:00,0.4285,618.2787886482676,0.0,618.2787886482676,0.0,0.0,10050.0,10050.0,0.0,0.0,0.0,3.431211351732486,0.0,0.0,0.0,0.0,9964.246706385477,9960.434249327996,264.9324609357826,0.0,264.9324609357826
2025-01-15,7,2025-01-15 01:10:00,2025-01-15 01:00:00,641.1512666666666,0.0,2025-01-15T01:10:00,2025-01-15 00:00:00,0.4311,622.4263619024687,0.0,622.4263619024687,0.0,0.0,10050.0,10050.0,0.0,0.0,0.0,18.72490476419796,0.0,0.0,0.0,0.0,9960.434249327996,9939.628799589998,268.32800461615426,0.0,268.32800461615426
2025-01-15,8,2025-01-15 01:20:00,2025-01-15 01:10:00,649.754,0.0,2025-01-15T01:20:00,2025-01-15 00:00:00,0.4302,601.1626183292444,0.0,601.1626183292444,0.0,0.0,10050.0,10050.0,0.0,0.0,0.0,48.591381670755595,0.0,0.0,0.0,0.0,9939.628799589998,9885.63837551138,258.62015840524094,0.0,258.62015840524094
2025-01-15,9,2025-01-15 01:30:00,2025-01-15 01:20:00,645.8683333333333,0.0,2025-01-15T01:30:00,2025-01-15 00:00:00,0.4279,604.0383747809832,0.0,604.0383747809832,0.0,0.0,10050.0,10050.0,0.0,-0.0,0.0,41.82995855235015,0.0,0.0,0.0,0.0,9885.63837551138,9839.160643786547,258.4680205687827,0.0,258.4680205687827
2025-01-15,10,2025-01-15 01:40:00,2025-01-15 01:30:00,635.8463333333333,0.0,2025-01-15T01:40:00,2025-01-15 00:00:00,0.4312,652.9862389252431,0.0,652.9862389252431,0.0,0.0,10050.0,10050.0,0.0,0.0,17.139905591909837,0.0,0.0,0.0,0.0,0.0,9839.160643786547,9854.586558819265,281.56766622456485,0.0,281.56766622456485
2025-01-15,11,2025-01-15 01:50:00,2025-01-15 01:40:00,641.68255,0.0,2025-01-15T01:50:00,2025-01-15 00:00:00,0.4333,651.6859621541051,0.0,651.6859621541051,0.0,0.0,10050.0,10050.0,0.0,0.0,10.003412154105149,0.0,0.0,0.0,0.0,0.0,9854.586558819265,9863.589629757958,282.37552740137374,0.0,282.37552740137374
2025-01-15,12,2025-01-15 02:00:00,2025-01-15 01:50:00,659.4066666666666,0.0,2025-01-15T02:00:00,2025-01-15 00:00:00,0.4311,624.4484190023111,0.0,624.4484190023111,0.0,0.0,10050.0,10050.0,0.0,0.0,0.0,34.958247664355554,0.0,0.0,0.0,0.0,9863.589629757958,9824.747132353119,269.19971343189627,0.0,269.19971343189627
2025-01-15,13,2025-01-15 02:10:00,2025-01-15 02:00:00,661.5856,0.0,2025-01-15T02:10:00,2025-01-15 00:00:00,0.4293,681.4600964834445,0.0,681.4600964834445,0.0,0.0,10050.0,10050.0,0.0,0.0,19.874496483444545,0.0,0.0,0.0,0.0,0.0,9824.747132353119,9842.634179188219,292.55081942034275,0.0,292.55081942034275
2025-01-15,14,2025-01-15 02:20:00,2025-01-15 02:10:00,646.9661,0.0,2025-01-15T02:20:00,2025-01-15 00:00:00,0.4324,684.3332571459677,0.0,684.3332571459677,0.0,0.0,10050.0,10050.0,0.0,0.0,37.36715714596767,0.0,0.0,0.0,0.0,0.0,9842.634179188219,9876.26462061959,295.90570038991643,0.0,295.90570038991643
2025-01-15,15,2025-01-15 02:30:00,2025-01-15 02:20:00,636.9616666666667,0.0,2025-01-15T02:30:00,2025-01-15 00:00:00,0.4367,632.4299327794276,0.0,632.4299327794276,0.0,0.0,10050.0,10050.0,0.0,0.0,0.0,4.5317338872390565,0.0,0.0,0.0,0.0,9876.26462061959,9871.22936074488,276.182151644776,0.0,276.182151644776
2025-01-15,16,2025-01-15 02:40:00,2025-01-15 02:30:00,652.3050833333333,0.0,2025-01-15T02:40:00,2025-01-15 00:00:00,0.4348,667.0804190979807,0.0,667.0804190979807,0.0,0.0,10050.0,10050.0,0.0,0.0,14.775335764647366,0.0,0.0,0.0,0.0,0.0,9871.22936074488,9884.527162933062,290.046566223802,0.0,290.046566223802
2025-01-15,17,2025-01-15 02:50:00,2025-01-15 02:40:00,650.74815,0.0,2025-01-15T02:50:00,2025-01-15 00:00:00,0.4335,696.1711908705863,0.0,696.1711908705863,0.0,0.0,10050.0,10050.0,0.0,0.0,45.423040870586306,0.0,0.0,0.0,0.0,0.0,9884.527162933062,9925.407899716589,301.79021124239915,0.0,301.79021124239915
2025-01-15,18,2025-01-15 03:00:00,2025-01-15 02:50:00,640.5066666666667,0.0,2025-01-15T03:00:00,2025-01-15 00:00:00,0.4357,677.5761181193602,0.0,677.5761181193602,0.0,0.0,10050.0,10050.0,0.0,0.0,37.069451452693556,0.0,0.0,0.0,0.0,0.0,9925.407899716589,9958.770406024014,295.21991466460526,0.0,295.21991466460526
2025-01-15,19,2025-01-15 03:10:00,2025-01-15 03:00:00,672.9660833333334,0.0,2025-01-15T03:10:00,2025-01-15 00:00:00,0.4374,669.4333048764702,0.0,669.4333048764702,0.0,0.0,10050.0,10050.0,0.0,0.0,0.0,3.532778456863184,0.0,0.0,0.0,0.0,9958.770406024014,9954.8450966275,292.8101275529681,0.0,292.8101275529681
2025-01-15,20,2025-01-15 03:20:00,2025-01-15 03:10:00,707.8384500000001,0.0,2025-01-15T03:20:00,2025-01-15 00:00:00,0.4371,687.6619323954565,0.0,687.6619323954565,0.0,0.0,10050.0,10050.0,0.0,0.0,0.0,20.17651760454362,0.0,0.0,0.0,0.0,9954.8450966275,9932.426743733562,300.577030650054,0.0,300.577030650054
2025-01-15,21,2025-01-15 03:30:00,2025-01-15 03:20:00,708.0066666666667,0.0,2025-01-15T03:30:00,2025-01-15 00:00:00,0.4356,713.1305048997435,0.0,713.1305048997435,0.0,0.0,10050.0,10050.0,0.0,0.0,5.123838233076867,0.0,0.0,0.0,0.0,0.0,9932.426743733562,9937.038198143331,310.63964793432825,0.0,310.63964793432825
2025-01-15,22,2025-01-15 03:40:00,2025-01-15 03:30:00,678.3172166666667,0.0,2025-01-15T03:40:00,2025-01-15 00:00:00,0.4353,716.9774424428987,0.0,716.9774424428987,0.0,0.0,10050.0,10050.0,0.0,0.0,38.66022577623198,0.0,0.0,0.0,0.0,0.0,9937.038198143331,9971.83240134194,312.1002806953938,0.0,312.1002806953938
2025-01-15,23,2025-01-15 03:50:00,2025-01-15 03:40:00,680.6562833333334,0.0,2025-01-15T03:50:00,2025-01-15 00:00:00,0.436,723.194959889401,0.0,723.194959889401,0.0,0.0,10050.0,10050.0,0.0,0.0,42.538676556067685,0.0,0.0,0.0,0.0,0.0,9971.83240134194,10010.1172102424,315.31300251177885,0.0,315.31300251177885
2025-01-15,24,2025-01-15 04:00:00,2025-01-15 03:50:00,710.3466666666667,0.0,2025-01-15T04:00:00,2025-01-15 00:00:00,0.4378,738.5302121648973,0.0,738.5302121648973,0.0,0.0,10050.0,10050.0,0.0,0.0,28.183545498230615,0.0,0.0,0.0,0.0,0.0,10010.1172102424,10035.482401190808,323.32852688579203,0.0,323.32852688579203
2025-01-15,25,2025-01-15 04:10:00,2025-01-15 04:00:00,705.1456333333334,0.0,2025-01-15T04:10:00,2025-01-15 00:00:00,0.4401,740.4159956553312,0.0,740.4159956553312,0.0,0.0,10050.0,10050.0,0.0,0.0,35.27036232199782,0.0,0.0,0.0,0.0,0.0,10035.482401190808,10067.225727280605,325.85707968791127,0.0,325.85707968791127
2025-01-15,26,2025-01-15 04:20:00,2025-01-15 04:10:00,693.1804666666667,0.0,2025-01-15T04:20:00,2025-01-15 00:00:00,0.4389,713.8402557408727,0.0,713.8402557408727,0.0,0.0,10050.0,10050.0,0.0,0.0,20.65978907420606,0.0,0.0,0.0,0.0,0.0,10067.225727280605,10085.81953744739,313.3044882446691,0.0,313.3044882446691
2025-01-15,27,2025-01-15 04:30:00,2025-01-15 04:20:00,692.3333333333334,0.0,2025-01-15T04:30:00,2025-01-15 00:00:00,0.4364,690.5069283622396,0.0,690.5069283622396,0.0,0.0,10050.0,10050.0,0.0,0.0,0.0,1.8264049710937797,0.0,0.0,0.0,0.0,10085.81953744739,10083.79019859062,301.3372235372814,0.0,301.3372235372814
2025-01-15,28,2025-01-15 04:40:00,2025-01-15 04:30:00,691.5618666666666,0.0,2025-01-15T04:40:00,2025-01-15 00:00:00,0.4393,717.675825852214,0.0,717.675825852214,0.0,0.0,10050.0,10050.0,0.0,0.0,26.1139591855474,0.0,0.0,0.0,0.0,0.0,10083.79019859062,10107.292761857612,315.2749902968776,0.0,315.2749902968776
2025-01-15,29,2025-01-15 04:50:00,2025-01-15 04:40:00,698.3777,0.0,2025-01-15T04:50:00,2025-01-15 00:00:00,0.4422,730.1232385563275,0.0,730.1232385563275,0.0,0.0,10050.0,10050.0,0.0,0.0,31.74553855632746,0.0,0.0,0.0,0.0,0.0,10107.292761857612,10135.863746558307,322.860496089608,0.0,322.860496089608
2025-01-15,30,2025-01-15 05:00:00,2025-01-15 04:50:00,710.7800000000001,0.0,2025-01-15T05:00:00,2025-01-15 00:00:00,0.4395,707.9881051432527,0.0,707.9881051432527,0.0,0.0,10050.0,10050.0,0.0,0.0,0.0,2.7918948567473763,0.0,0.0,0.0,0.0,10135.863746558307,10132.76164116192,311.1607722104596,0.0,311.1607722104596
2025-01-15,31,2025-01-15 05:10:00,2025-01-15 05:00:00,718.7302166666667,0.0,2025-01-15T05:10:00,2025-01-15 00:00:00,0.4333,695.3202050591428,0.0,695.3202050591428,0.0,0.0,10050.0,10050.0,0.0,0.0,0.0,23.41001160752387,0.0,0.0,0.0,0.0,10132.76164116192,10106.75051715356,301.2822448521266,0.0,301.2822448521266
2025-01-15,32,2025-01-15 05:20:00,2025-01-15 05:10:00,735.6534833333334,0.00035,2025-01-15T05:20:00,2025-01-15 00:00:00,0.4439,695.7829240667202,0.0,695.7829240667202,0.0,0.0,10050.0,10050.0,0.0,0.0,0.0,39.87020926661319,0.0,0.0,0.0,0.0,10106.75051715356,10062.4502846351,308.8580399932171,0.0,308.8580399932171
2025-01-15,33,2025-01-15 05:30:00,2025-01-15 05:20:00,724.77,0.0,2025-01-15T05:30:00,2025-01-15 00:00:00,0.4301,698.9458835278274,0.0,698.9458835278274,0.0,0.0,10050.0,10050.0,0.0,0.0,0.0,25.82411647217259,0.0,0.0,0.0,0.0,10062.4502846351,10033.756821888242,300.61662450531855,0.0,300.61662450531855
2025-01-15,34,2025-01-15 05:40:00,2025-01-15 05:30:00,657.20925,0.0,2025-01-15T05:40:00,2025-01-15 00:00:00,0.3713,711.7679290967397,0.0,1545.101262430073,833.3333333333333,0.0,10050.0,10800.0,0.0,1.0,833.3333333333334,0.0,0.0,54.558679096739525,54.558679096739525,0.0,10033.756821888242,10783.756821888242,573.6960987402861,0.0,573.6960987402861
2025-01-15,35,2025-01-15 05:50:00,2025-01-15 05:40:00,745.7387833333333,0.004816666666666666,2025-01-15T05:50:00,2025-01-15 00:00:00,0.5708,815.9502052808413,0.0,815.9502052808413,0.0,-0.0,10800.0,10800.0,0.0,0.0,18.047975679730573,0.0,0.0,52.168262934444016,52.168262934444016,0.0,10783.756821888242,10800.0,465.7443771743042,0.0,465.7443771743042
2025-01-15,36,2025-01-15 06:00:00,2025-01-15 05:50:00,924.7166666666667,0.0,2025-01-15T06:00:00,2025-01-15 00:00:00,0.9099,940.1078441156117,0.0,940.1078441156117,0.0,0.0,10800.0,10800.0,0.0,0.0,0.0,0.0,0.0,15.391177448944973,15.391177448944973,0.0,10800.0,10800.0,855.4041273607951,0.0,855.4041273607951
2025-01-15,37,2025-01-15 06:10:00,2025-01-15 06:00:00,909.3155833333334,0.0,2025-01-15T06:10:00,2025-01-15 00:00:00,0.9368,920.8207773779607,0.00205,245.8187273779606,0.0,675.0,10800.0,10050.0,0.0,0.0,0.0,663.4968559553728,0.0,0.0,0.0,0.0,10800.0,10062.781271160697,230.2829838076735,0.0,230.2829838076735
2025-01-15,38,2025-01-15 06:20:00,2025-01-15 06:10:00,885.5596333333333,0.067,2025-01-15T06:20:00,2025-01-15 00:00:00,0.8758,905.6541280452036,0.0,905.6541280452036,0.0,0.0,10050.0,10050.0,0.0,0.0,20.16149471187032,0.0,0.0,0.0,0.0,0.0,10062.781271160697,10080.92661640138,793.1718853419893,0.0,793.1718853419893
2025-01-15,39,2025-01-15 06:30:00,2025-01-15 06:20:00,929.8933333333333,0.0,2025-01-15T06:30:00,2025-01-15 00:00:00,0.8759,937.5261437216043,0.0,937.5261437216043,0.0,0.0,10050.0,10050.0,0.0,0.0,7.632810388270968,0.0,0.0,0.0,0.0,0.0,10080.92661640138,10087.796145750825,821.1791492857532,0.0,821.1791492857532
2025-01-15,40,2025-01-15 06:40:00,2025-01-15 06:30:00,923.5810166666666,0.0,2025-01-15T06:40:00,2025-01-15 00:00:00,0.8601,916.6445596399079,0.028483333333333333,916.6160763065745,0.0,0.0,10050.0,10050.0,0.0,0.0,0.0,6.9649403600921005,0.0,0.0,0.0,0.0,10087.796145750825,10080.0573231285,788.3814872312847,0.0,788.3814872312847
2025-01-15,41,2025-01-15 06:50:00,2025-01-15 06:40:00,890.5133999999999,1.4877166666666666,2025-01-15T06:50:00,2025-01-15 00:00:00,0.8442,905.4616391980263,0.4016166666666667,905.0600225313597,0.0,0.0,10050.0,10050.0,0.0,0.0,16.034339198026373,0.0,0.0,0.0,0.0,0.0,10080.0573231285,10094.488228406724,764.0516710209738,0.0,764.0516710209738
2025-01-15,42,2025-01-15 07:00:00,2025-01-15 06:50:00,875.8850000000001,14.975,2025-01-15T07:00:00,2025-01-15 00:00:00,0.8334,917.1506814696099,12.7875,904.3631814696099,0.0,0.0,10050.0,10050.0,0.0,0.0,43.45318146960983,0.0,0.0,0.0,0.0,0.0,10094.488228406724,10133.596091729372,753.6962754367729,0.0,753.6962754367729
2025-01-15,43,2025-01-15 07:10:00,2025-01-15 07:00:00,895.7419,50.04215,2025-01-15T07:10:00,2025-01-15 00:00:00,0.8092,901.2790309607441,51.26291666666666,850.0161142940774,0.0,0.0,10050.0,10050.0,0.0,0.0,4.3163642940774025,0.0,0.0,0.0,0.0,0.0,10133.596091729372,10137.480819594042,687.8330396867675,0.0,687.8330396867675
2025-01-15,44,2025-01-15 07:20:00,2025-01-15 07:10:00,916.9153333333334,94.42913333333333,2025-01-15T07:20:00,2025-01-15 00:00:00,0.7972,915.7047870052542,95.35843333333334,820.3463536719208,0.0,0.0,10050.0,10050.0,0.0,0.0,0.0,2.1398463280792157,0.0,0.0,0.0,0.0,10137.480819594042,10135.103212562843,653.9801131472553,0.0,653.9801131472553
2025-01-15,45,2025-01-15 07:30:00,2025-01-15 07:20:00,889.8633333333333,139.88750000000002,2025-01-15T07:30:00,2025-01-15 00:00:00,0.7644,938.4007662234106,136.25,802.1507662234106,0.0,0.0,10050.0,10050.0,0.0,0.0,52.17493289007734,0.0,0.0,0.0,0.0,0.0,10135.103212562843,10182.060652163913,613.164045701175,0.0,613.164045701175
2025-01-15,46,2025-01-15 07:40:00,2025-01-15 07:30:00,824.3265,186.65878333333333,2025-01-15T07:40:00,2025-01-15 00:00:00,0.6899,906.379980239976,183.5329833333333,1556.180330239976,833.3333333333333,0.0,10050.0,10800.0,0.0,1.0,686.5992753734301,0.0,0.0,231.91333819987915,231.91333819987915,0.0,10182.060652163913,10800.0,1073.6088098325595,0.0,1073.6088098325595
2025-01-15,47,2025-01-15 07:50:00,2025-01-15 07:40:00,966.80785,230.75015,2025-01-15T07:50:00,2025-01-15 00:00:00,0.86,1011.246349035918,238.76118333333332,772.4851657025847,0.0,0.0,10800.0,10800.0,0.0,0.0,0.0,0.0,0.0,36.42746570258464,36.42746570258464,0.0,10800.0,10800.0,664.3372425042228,0.0,664.3372425042228
2025-01-15,48,2025-01-15 08:00:00,2025-01-15 07:50:00,1227.46,274.6125,2025-01-15T08:00:00,2025-01-15 00:00:00,1.1617,1203.6769838259827,299.06874999999997,71.27490049264952,0.0,833.3333333333333,10800.0,9874.074074074075,0.0,0.0,0.0,833.3333333333334,48.23926617401719,0.0,0.0,0.0,10800.0,9874.074074074075,82.80005190231094,280.19777757177883,362.99782947408977
2025-01-15,49,2025-01-15 08:10:00,2025-01-15 08:00:00,1251.2875666666666,327.1257,2025-01-15T08:10:00,2025-01-15 00:00:00,1.1683,1225.7629381966722,356.8407833333333,35.58882153000559,0.0,833.3333333333333,9874.074074074075,8948.14814814815,0.0,0.0,0.0,833.3333333333334,55.23971180332762,0.0,0.0,0.0,9874.074074074075,8948.14814814815,41.57842019350553,322.6827764991383,364.2611966926438
2025-01-15,50,2025-01-15 08:20:00,2025-01-15 08:10:00,1197.7863333333332,391.51206666666667,2025-01-15T08:20:00,2025-01-15 00:00:00,1.0956,1201.8367651433273,395.36296666666664,0.0,0.0,806.4737984766607,8948.14814814815,8052.066149840749,0.0,0.0,0.0,806.2742666666666,0.0,0.0,0.0,0.0,8948.14814814815,8052.287851851854,0.0,0.0,0.0
2025-01-15,51,2025-01-15 08:30:00,2025-01-15 08:20:00,1194.0716666666667,448.09375,2025-01-15T08:30:00,2025-01-15 00:00:00,1.0849,1208.227651136736,421.9875,0.0,0.0,786.2401511367361,8052.066149840749,7178.465981911042,0.0,0.0,0.0,745.9779166666667,0.0,0.0,0.0,0.0,8052.287851851854,7223.423500000002,0.0,0.0,0.0
2025-01-15,52,2025-01-15 08:40:00,2025-01-15 08:30:00,1205.3559333333333,470.7354666666667,2025-01-15T08:40:00,2025-01-15 00:00:00,1.061,1193.7566828388378,463.08979999999997,0.0,0.0,730.6668828388379,7178.465981911042,6366.613889867889,0.0,0.0,0.0,734.6204666666665,0.0,0.0,0.0,0.0,7223.423500000002,6407.178537037039,0.0,0.0,0.0
2025-01-15,53,2025-01-15 08:50:00,2025-01-15 08:40:00,1211.0691,491.75441666666666,2025-01-15T08:50:00,2025-01-15 00:00:00,1.043,1183.5938194411133,515.3344833333333,0.0,0.0,668.25933610778,6366.613889867889,5624.103516414801,0.0,0.0,0.0,719.3146833333333,0.0,0.0,0.0,0.0,6407.178537037039,5607.940000000002,0.0,0.0,0.0
2025-01-15,54,2025-01-15 09:00:00,2025-01-15 08:50:00,1205.7566666666667,528.1374999999999,2025-01-15T09:00:00,2025-01-15 00:00:00,1.036,1193.7201293729481,555.5124999999999,0.0,0.0,638.2076293729482,5624.103516414801,4914.983928222636,0.0,0.0,0.0,677.6191666666667,0.0,0.0,0.0,0.0,5607.940000000002,4855.029814814817,0.0,0.0,0.0
2025-01-15,55,2025-01-15 09:10:00,2025-01-15 09:00:00,1196.86125,568.54715,2025-01-15T09:10:00,2025-01-15 00:00:00,1.0147,1206.1997781390228,567.4740333333333,0.0,0.0,638.7257448056895,4914.983928222636,4205.288656216314,0.0,0.0,0.0,628.3140999999999,0.0,0.0,0.0,0.0,4855.029814814817,4156.903037037039,0.0,0.0,0.0
2025-01-15,56,2025-01-15 09:20:00,2025-01-15 09:10:00,1203.06635,609.60545,2025-01-15T09:20:00,2025-01-15 00:00:00,0.9922,1189.0922270572025,608.3691333333334,0.0,0.0,580.7230937238692,4205.288656216314,3560.0407743009036,0.0,0.0,0.0,593.4609,0.0,0.0,0.0,0.0,4156.903037037039,3497.5020370370394,0.0,0.0,0.0
2025-01-15,57,2025-01-15 09:30:00,2025-01-15 09:20:00,1214.5616666666667,662.6125000000001,2025-01-15T09:30:00,2025-01-15 00:00:00,0.97,1155.065446491825,672.71875,0.0,0.0,482.346696491825,3560.0407743009036,3024.1000004210982,0.0,0.0,0.0,551.9491666666667,0.0,0.0,0.0,0.0,3497.5020370370394,2884.2251851851875,0.0,0.0,0.0
2025-01-15,58,2025-01-15 09:40:00,2025-01-15 09:30:00,1205.7861666666665,735.2740333333333,2025-01-15T09:40:00,2025-01-15 00:00:00,0.9422,1151.0241748367678,699.59695,451.4272248367678,0.0,0.0,3024.1000004210982,3024.1000004210982,0.0,0.0,0.0,19.084908496565504,0.0,0.0,0.0,0.0,2884.2251851851875,2863.0197313001145,425.33473124120263,0.0,425.33473124120263
2025-01-15,59,2025-01-15 09:50:00,2025-01-15 09:40:00,1210.33085,774.9026166666666,2025-01-15T09:50:00,2025-01-15 00:00:00,0.9569,1169.37930920909,728.7238000000001,35.38246282080894,0.0,405.273046388281,3024.1000004210982,2573.7966155452305,0.0,0.0,0.0,400.04577051252454,0.0,0.0,0.0,0.0,2863.0197313001145,2418.524430730643,33.85747867323207,0.0,33.85747867323207
2025-01-15,60,2025-01-15 10:00:00,2025-01-15 09:50:00,1217.02,791.1687499999999,2025-01-15T10:00:00,2025-01-15 00:00:00,0.9977,1181.2082434582514,782.2687500000001,0.0,0.0,398.9394934582514,2573.7966155452305,2130.5305117027287,0.0,0.0,0.0,425.85125000000005,0.0,0.0,0.0,0.0,2418.524430730643,1945.3563751750874,0.0,0.0,0.0
2025-01-15,61,2025-01-15 10:10:00,2025-01-15 10:00:00,1182.6364,842.9839333333333,2025-01-15T10:10:00,2025-01-15 00:00:00,0.9919,1166.09584151646,840.1320833333333,0.0,0.0,325.96375818312674,2130.5305117027287,1768.348558165921,0.0,0.0,0.0,339.6524666666668,0.0,0.0,0.0,0.0,1945.3563751750874,1567.9647455454576,0.0,0.0,0.0
2025-01-15,62,2025-01-15 10:20:00,2025-01-15 10:10:00,1171.4165666666665,878.5017666666666,2025-01-15T10:20:00,2025-01-15 00:00:00,0.9588,1164.1453256767886,887.8587666666667,0.0,0.0,276.2865590101219,1768.348558165921,1461.363492599119,0.0,0.0,0.0,292.9147999999999,0.0,0.0,0.0,0.0,1567.9647455454576,1242.5038566565688,0.0,0.0,0.0
2025-01-15,63,2025-01-15 10:30:00,2025-01-15 10:20:00,1184.78,877.53125,2025-01-15T10:30:00,2025-01-15 00:00:00,0.9549,1179.4471462356842,919.9,259.5471462356842,0.0,0.0,1461.363492599119,1461.363492599119,0.0,0.0,0.0,38.253470990911936,9.44813277340397,0.0,0.0,0.0,1242.5038566565688,1200.0,247.8415699404548,45.11010992661725,292.9516798670721
2025-01-15,64,2025-01-15 10:40:00,2025-01-15 10:30:00,1160.7840333333334,876.0261666666667,2025-01-15T10:40:00,2025-01-15 00:00:00,0.9839,1176.3434933392068,941.1163499999999,0.0,0.0,235.22714333920692,1461.363492599119,1200.0,0.0,0.0,0.0,0.0,284.7578666666667,0.0,0.0,0.0,1200.0,1200.0,0.0,1400.8663250666668,1400.8663250666668
2025-01-15,65,2025-01-15 10:50:00,2025-01-15 10:40:00,1143.33815,892.6540333333334,2025-01-15T10:50:00,2025-01-15 00:00:00,0.799,1164.81251962576,968.7511,196.06141962575998,0.0,0.0,1200.0,1200.0,0.0,0.0,0.0,0.0,54.62269704090659,0.0,0.0,0.0,1200.0,1200.0,156.65307428098222,218.21767467842182,374.87074895940407
2025-01-15,66,2025-01-15 11:00:00,2025-01-15 10:50:00,1157.0883333333334,916.63125,2025-01-15T11:00:00,2025-01-15 00:00:00,0.5025,1160.9739095377158,995.9625,998.3447428710491,833.3333333333333,0.0,1200.0,1950.0,0.0,1.0,757.8876595377158,0.0,0.0,0.0,0.0,0.0,1200.0,1882.0988935839441,501.6682332927021,0.0,501.6682332927021
2025-01-15,67,2025-01-15 11:10:00,2025-01-15 11:00:00,1178.5028666666667,924.6773666666667,2025-01-15T11:10:00,2025-01-15 00:00:00,0.4662,1168.5818070067241,997.3388166666667,1004.5763236733907,833.3333333333333,0.0,1950.0,2700.0,0.0,1.0,750.7508236733906,0.0,0.0,0.0,0.0,0.0,1882.0988935839441,2557.7746348899955,468.33348209653474,0.0,468.33348209653474
2025-01-15,68,2025-01-15 11:20:00,2025-01-15 11:10:00,1179.8953166666668,940.3977,2025-01-15T11:20:00,2025-01-15 00:00:00,0.5007,1166.2138527158552,981.7414833333333,1017.8057027158551,833.3333333333333,0.0,2700.0,3450.0,0.0,1.0,778.3080860491884,0.0,0.0,0.0,0.0,0.0,2557.7746348899955,3258.251912334265,509.6153153498287,0.0,509.6153153498287
2025-01-15,69,2025-01-15 11:30:00,2025-01-15 11:20:00,1171.2483333333332,976.6687499999999,2025-01-15T11:30:00,2025-01-15 00:00:00,0.4827,1148.1541385084524,970.06875,1011.4187218417857,833.3333333333333,0.0,3450.0,4200.0,0.0,1.0,816.8391385084524,0.0,0.0,0.0,0.0,0.0,3258.251912334265,3993.407136991872,488.21181703302994,0.0,488.21181703302994
2025-01-15,70,2025-01-15 11:40:00,2025-01-15 11:30:00,1179.6424666666667,1015.5962666666666,2025-01-15T11:40:00,2025-01-15 00:00:00,0.4785,1131.6375406408415,981.3202500000001,983.6506239741747,833.3333333333333,0.0,4200.0,4950.0,0.0,1.0,819.6044239741746,0.0,0.0,0.0,0.0,0.0,3993.407136991872,4731.051118568629,470.67682357164256,0.0,470.67682357164256
2025-01-15,71,2025-01-15 11:50:00,2025-01-15 11:40:00,1151.9896833333335,1010.3395666666667,2025-01-15T11:50:00,2025-01-15 00:00:00,0.4662,1136.1851444059905,1013.2634666666667,956.2550110726571,833.3333333333333,0.0,4950.0,5700.0,0.0,1.0,814.6048944059903,0.0,0.0,0.0,0.0,0.0,4731.051118568629,5464.19552353402,445.80608616207275,0.0,445.80608616207275
2025-01-15,72,2025-01-15 12:00:00,2025-01-15 11:50:00,1110.6933333333334,981.225,2025-01-15T12:00:00,2025-01-15 00:00:00,0.4432,1141.3669705827072,1036.5874999999999,938.1128039160405,833.3333333333333,0.0,5700.0,6450.0,0.0,1.0,808.6444705827073,0.0,0.0,0.0,0.0,0.0,5464.19552353402,6191.975547058457,415.77159469558916,0.0,415.77159469558916
2025-01-15,73,2025-01-15 12:10:00,2025-01-15 12:00:00,1131.4048500000001,994.0265833333333,2025-01-15T12:10:00,2025-01-15 00:00:00,0.4411,1107.4681969005949,1020.2415666666667,920.5599635672614,833.3333333333333,0.0,6450.0,7200.0,0.0,1.0,783.1816969005947,0.0,0.0,0.0,0.0,0.0,6191.975547058457,6896.839074268992,406.058999929519,0.0,406.058999929519
2025-01-15,74,2025-01-15 12:20:00,2025-01-15 12:10:00,1123.8438666666666,1002.2950999999999,2025-01-15T12:20:00,2025-01-15 00:00:00,0.4551,1076.874660339662,1010.64845,899.5595436729951,833.3333333333333,0.0,7200.0,7950.0,0.0,1.0,778.0107770063285,0.0,0.0,0.0,0.0,0.0,6896.839074268992,7597.048773574687,409.3895483255801,0.0,409.3895483255801
2025-01-15,75,2025-01-15 12:30:00,2025-01-15 12:20:00,1066.3999999999999,989.90625,2025-01-15T12:30:00,2025-01-15 00:00:00,0.4463,1070.0313883688293,1016.7687500000001,886.5959717021625,833.3333333333333,0.0,7950.0,8700.0,0.0,1.0,810.1022217021625,0.0,0.0,0.0,0.0,0.0,7597.048773574687,8326.140773106634,395.6877821706751,0.0,395.6877821706751
2025-01-15,76,2025-01-15 12:40:00,2025-01-15 12:30:00,1037.0257166666668,989.1074166666667,2025-01-15T12:40:00,2025-01-15 00:00:00,0.4113,1071.0612424454987,1003.4630166666667,900.9315591121652,833.3333333333333,0.0,8700.0,9450.0,0.0,1.0,833.3333333333334,0.0,0.0,19.679925778831944,19.679925778831944,0.0,8326.140773106634,9076.140773106634,370.5531502628336,0.0,370.5531502628336
2025-01-15,77,2025-01-15 12:50:00,2025-01-15 12:40:00,1065.3875666666665,988.84875,2025-01-15T12:50:00,2025-01-15 00:00:00,0.5682,1089.22857729065,986.9233666666668,935.6385439573165,833.3333333333333,0.0,9450.0,10200.0,0.0,1.0,833.3333333333334,0.0,0.0,25.76639395731661,25.76639395731661,0.0,9076.140773106634,9826.140773106634,531.6298206765473,0.0,531.6298206765473
2025-01-15,78,2025-01-15 13:00:00,2025-01-15 12:50:00,1129.0049999999999,966.5749999999999,2025-01-15T13:00:00,2025-01-15 00:00:00,0.8279,1113.1577454431826,984.38125,128.77649544318263,0.0,0.0,10200.0,10200.0,0.0,0.0,0.0,33.653504556817325,0.0,0.0,0.0,0.0,9826.140773106634,9788.747990265725,106.6140605774109,0.0,106.6140605774109
2025-01-15,79,2025-01-15 13:10:00,2025-01-15 13:00:00,1169.4396166666668,910.4545666666667,2025-01-15T13:10:00,2025-01-15 00:00:00,0.8636,1116.182589414529,991.4334333333333,124.74915608119579,0.0,0.0,10200.0,10200.0,0.0,0.0,0.0,134.23589391880432,0.0,0.0,0.0,0.0,9788.747990265725,9639.596997022609,107.73337119172069,0.0,107.73337119172069
2025-01-15,80,2025-01-15 13:20:00,2025-01-15 13:10:00,1143.2497,850.8616166666667,2025-01-15T13:20:00,2025-01-15 00:00:00,0.8416,1118.7748803041402,968.8066666666667,149.96821363747347,0.0,0.0,10200.0,10200.0,0.0,-0.0,0.0,142.41986969585992,0.0,0.0,0.0,0.0,9639.596997022609,9481.352697360542,126.21324859729768,0.0,126.21324859729768
2025-01-15,81,2025-01-15 13:30:00,2025-01-15 13:20:00,1088.835,810.275,2025-01-15T13:30:00,2025-01-15 00:00:00,0.8618,1124.19493916836,913.8249999999999,210.36993916836002,0.0,0.0,10200.0,10200.0,0.0,0.0,0.0,68.19006083164004,0.0,0.0,0.0,0.0,9481.352697360542,9405.585963103164,181.29681357529267,0.0,181.29681357529267
2025-01-15,82,2025-01-15 13:40:00,2025-01-15 13:30:00,1091.8318,788.1631333333333,2025-01-15T13:40:00,2025-01-15 00:00:00,0.8623,1112.3707918707582,861.83205,250.53874187075826,0.0,0.0,10200.0,10200.0,0.0,0.0,0.0,53.12992479590821,0.0,0.0,0.0,0.0,9405.585963103164,9346.552713329933,216.03955711515482,0.0,216.03955711515482
2025-01-15,83,2025-01-15 13:50:00,2025-01-15 13:40:00,1117.1900833333334,766.4114833333333,2025-01-15T13:50:00,2025-01-15 00:00:00,0.9026,1087.225266005139,819.5171166666668,267.70814933847225,0.0,0.0,10200.0,10200.0,0.0,0.0,0.0,83.07045066152796,0.0,0.0,0.0,0.0,9346.552713329933,9254.252212594902,241.63337559290505,0.0,241.63337559290505
2025-01-15,84,2025-01-15 14:00:00,2025-01-15 13:50:00,1122.2416666666666,737.9625,2025-01-15T14:00:00,2025-01-15 00:00:00,0.9754,1062.0992606649818,785.46875,0.0,0.0,276.6305106649818,10200.0,9892.632765927798,0.0,0.0,0.0,384.2791666666666,0.0,0.0,0.0,0.0,9254.252212594902,8827.27536074305,0.0,0.0,0.0
2025-01-15,85,2025-01-15 14:10:00,2025-01-15 14:00:00,1101.2202333333332,710.7455333333334,2025-01-15T14:10:00,2025-01-15 00:00:00,1.0002,1051.4181565423996,756.7791000000001,0.0,0.0,294.63905654239954,9892.632765927798,9565.256036436243,0.0,0.0,0.0,390.47469999999987,0.0,0.0,0.0,0.0,8827.27536074305,8393.414582965272,0.0,0.0,0.0
2025-01-15,86,2025-01-15 14:20:00,2025-01-15 14:10:00,1099.5821666666668,691.0889666666667,2025-01-15T14:20:00,2025-01-15 00:00:00,0.9978,1061.0833359707008,726.4573166666668,0.0,0.0,334.626019304034,9565.256036436243,9193.44934832065,0.0,0.0,0.0,408.4932000000001,0.0,0.0,0.0,0.0,8393.414582965272,7939.533249631938,0.0,0.0,0.0
2025-01-15,87,2025-01-15 14:30:00,2025-01-15 14:20:00,1112.595,672.275,2025-01-15T14:30:00,2025-01-15 00:00:00,1.0271,1084.088806074754,689.6687499999999,0.0,0.0,394.42005607475414,9193.44934832065,8755.204841570923,0.0,0.0,0.0,440.32000000000005,0.0,0.0,0.0,0.0,7939.533249631938,7450.288805187493,0.0,0.0,0.0
2025-01-15,88,2025-01-15 14:40:00,2025-01-15 14:30:00,1095.6596666666667,639.9993000000001,2025-01-15T14:40:00,2025-01-15 00:00:00,1.0906,1102.7240906872178,645.9061166666667,0.0,0.0,456.8179740205511,8755.204841570923,8247.629314881422,0.0,0.0,0.0,455.6603666666666,0.0,0.0,0.0,0.0,7450.288805187493,6943.999508891197,0.0,0.0,0.0
2025-01-15,89,2025-01-15 14:50:00,2025-01-15 14:40:00,1092.3110166666668,599.6563333333334,2025-01-15T14:50:00,2025-01-15 00:00:00,0.9376,1100.362365502463,599.1498333333333,0.0,0.0,501.21253216912976,8247.629314881422,7690.726501360166,0.0,0.0,0.0,492.6546833333334,0.0,0.0,0.0,0.0,6943.999508891197,6396.605416298605,0.0,0.0,0.0
2025-01-15,90,2025-01-15 15:00:00,2025-01-15 14:50:00,1092.6266666666668,564.6875,2025-01-15T15:00:00,2025-01-15 00:00:00,0.6694,1081.9816029698993,551.4375,1363.8774363032326,833.3333333333333,0.0,7690.726501360166,8440.726501360166,0.0,1.0,833.3333333333334,0.0,0.0,2.604936303232421,2.604936303232421,0.0,6396.605416298605,7146.605416298605,912.9795558613839,0.0,912.9795558613839
2025-01-15,91,2025-01-15 15:10:00,2025-01-15 15:00:00,1045.0969333333335,541.8687,2025-01-15T15:10:00,2025-01-15 00:00:00,0.66,1067.6729356469034,503.9868666666667,1397.01940231357,833.3333333333333,0.0,8440.726501360166,9190.726501360166,0.0,1.0,833.3333333333334,0.0,0.0,60.45783564690316,60.45783564690316,0.0,7146.605416298605,7896.605416298605,922.0328055269563,0.0,922.0328055269563
2025-01-15,92,2025-01-15 15:20:00,2025-01-15 15:10:00,1032.0354333333332,501.01635000000005,2025-01-15T15:20:00,2025-01-15 00:00:00,0.7217,1053.4613188461562,466.1007,1420.6939521794895,833.3333333333333,0.0,9190.726501360166,9940.726501360166,0.0,1.0,833.3333333333334,0.0,0.0,56.34153551282304,56.34153551282304,0.0,7896.605416298605,8646.605416298604,1025.3148252879375,0.0,1025.3148252879375
2025-01-15,93,2025-01-15 15:30:00,2025-01-15 15:20:00,1066.5766666666666,440.05,2025-01-15T15:30:00,2025-01-15 00:00:00,0.7308,1036.9489803844383,431.96250000000003,1438.3198137177715,833.3333333333333,0.0,9940.726501360166,10690.726501360166,0.0,1.0,811.7931470511048,0.0,0.0,0.0,0.0,0.0,8646.605416298604,9377.219248644598,1051.1241198649475,0.0,1051.1241198649475
2025-01-15,94,2025-01-15 15:40:00,2025-01-15 15:30:00,1075.9077666666667,386.8847166666667,2025-01-15T15:40:00,2025-01-15 00:00:00,0.7534,1028.5752029050832,385.10836666666665,764.8818347271206,121.41499848870403,0.0,10690.726501360166,10800.0,0.0,0.9999999999999878,75.85878472712056,0.0,0.0,0.0,0.0,0.0,9377.219248644598,9445.492154899006,576.2619742834127,0.0,576.2619742834127
2025-01-15,95,2025-01-15 15:50:00,2025-01-15 15:40:00,1057.7969833333334,340.10565,2025-01-15T15:50:00,2025-01-15 00:00:00,0.7823,1055.6825699697463,334.8437833333333,720.838786636413,0.0,0.0,10800.0,10800.0,0.0,-0.0,3.147453303079601,0.0,0.0,0.0,0.0,0.0,9445.492154899006,9448.324862871777,563.9121827856659,0.0,563.9121827856659
2025-01-15,96,2025-01-15 16:00:00,2025-01-15 15:50:00,1039.7683333333332,294.90625,2025-01-15T16:00:00,2025-01-15 00:00:00,0.8055,1078.385958044932,289.45,788.935958044932,0.0,0.0,10800.0,10800.0,0.0,0.0,44.07387471159882,0.0,0.0,0.0,0.0,0.0,9448.324862871777,9487.991350112216,635.4879142051927,0.0,635.4879142051927
2025-01-15,97,2025-01-15 16:10:00,2025-01-15 16:00:00,1049.137,250.40318333333335,2025-01-15T16:10:00,2025-01-15 00:00:00,0.8271,1027.2857452727953,247.36225000000002,779.9234952727953,0.0,0.0,10800.0,10800.0,0.0,0.0,0.0,18.81032139387139,0.0,0.0,0.0,0.0,9487.991350112216,9467.090993007914,645.0747229401289,0.0,645.0747229401289
2025-01-15,98,2025-01-15 16:20:00,2025-01-15 16:10:00,1068.7731,204.10495,2025-01-15T16:20:00,2025-01-15 00:00:00,0.8519,996.0306516779962,198.87696666666668,797.1536850113295,0.0,0.0,10800.0,10800.0,0.0,0.0,0.0,67.51446498867062,0.0,0.0,0.0,0.0,9467.090993007914,9392.07492079828,679.0952242611515,0.0,679.0952242611515
2025-01-15,99,2025-01-15 16:30:00,2025-01-15 16:20:00,1076.77,155.45000000000002,2025-01-15T16:30:00,2025-01-15 00:00:00,0.8791,1020.5275529295575,146.53125,873.9963029295575,0.0,0.0,10800.0,10800.0,0.0,0.0,0.0,47.32369707044245,0.0,0.0,0.0,0.0,9392.07492079828,9339.493035164456,768.330149905374,0.0,768.330149905374
2025-01-15,100,2025-01-15 16:40:00,2025-01-15 16:30:00,1066.2334,105.90393333333333,2025-01-15T16:40:00,2025-01-15 00:00:00,0.9024,1042.4698277944212,101.73058333333334,940.7392444610879,0.0,0.0,10800.0,10800.0,0.0,0.0,0.0,19.59022220557881,0.0,0.0,0.0,0.0,9339.493035164456,9317.726121602702,848.9230942016857,0.0,848.9230942016857
2025-01-15,101,2025-01-15 16:50:00,2025-01-15 16:40:00,1063.0829166666667,55.979899999999994,2025-01-15T16:50:00,2025-01-15 00:00:00,0.9163,1026.8831006118953,55.531083333333335,971.352017278562,0.0,0.0,10800.0,10800.0,0.0,0.0,0.0,35.750999388104674,0.0,0.0,0.0,0.0,9317.726121602702,9278.002788949252,890.0498534323464,0.0,890.0498534323464
2025-01-15,102,2025-01-15 17:00:00,2025-01-15 16:50:00,1069.1833333333334,16.35625,2025-01-15T17:00:00,2025-01-15 00:00:00,0.9264,1014.726540891453,15.19375,999.532790891453,0.0,0.0,10800.0,10800.0,0.0,0.0,0.0,53.294292441880316,0.0,0.0,0.0,0.0,9278.002788949252,9218.786908458274,925.9671774818421,0.0,925.9671774818421
2025-01-15,103,2025-01-15 17:10:00,2025-01-15 17:00:00,1060.4871666666666,1.4994666666666667,2025-01-15T17:10:00,2025-01-15 00:00:00,0.9462,1068.6995143248907,0.9846499999999999,1067.7148643248906,0.0,-0.0,10800.0,10800.0,0.0,0.0,8.727164324890737,0.0,0.0,0.0,0.0,0.0,9218.786908458274,9226.641356350676,1010.2718046242115,0.0,1010.2718046242115
2025-01-15,104,2025-01-15 17:20:00,2025-01-15 17:10:00,1039.3981833333335,0.0,2025-01-15T17:20:00,2025-01-15 00:00:00,0.9742,1069.9794934319086,0.0,1069.9794934319086,-0.0,0.0,10800.0,10800.0,0.0,0.0,30.58131009857516,0.0,0.0,0.0,0.0,0.0,9226.641356350676,9254.164535439393,1042.3740225013653,0.0,1042.3740225013653
2025-01-15,105,2025-01-15 17:30:00,2025-01-15 17:20:00,1046.0266666666666,0.0,2025-01-15T17:30:00,2025-01-15 00:00:00,0.9862,1025.481722661595,0.0,1025.481722661595,0.0,0.0,10800.0,10800.0,0.0,0.0,0.0,20.544944005071557,0.0,0.0,0.0,0.0,9254.164535439393,9231.336819878203,1011.330074888865,0.0,1011.330074888865
2025-01-15,106,2025-01-15 17:40:00,2025-01-15 17:30:00,1091.8651666666667,0.06416666666666666,2025-01-15T17:40:00,2025-01-15 00:00:00,0.976,1037.0515512533234,0.030299999999999997,1037.0212512533235,0.0,0.0,10800.0,10800.0,0.0,0.0,0.0,54.77974874667643,0.0,0.0,0.0,0.0,9231.336819878203,9170.470432381895,1012.1327412232437,0.0,1012.1327412232437
2025-01-15,107,2025-01-15 17:50:00,2025-01-15 17:40:00,965.6812833333333,0.0,2025-01-15T17:50:00,2025-01-15 00:00:00,1.0742,912.833606417399,0.0,912.833606417399,0.0,0.0,10800.0,10800.0,0.0,0.0,0.0,52.84767691593436,0.0,0.0,0.0,0.0,9170.470432381895,9111.75079136419,980.56586001357,0.0,980.56586001357
2025-01-15,108,2025-01-15 18:00:00,2025-01-15 17:50:00,734.79,0.0,2025-01-15T18:00:00,2025-01-15 00:00:00,1.2313,706.1056200860662,0.0,706.1056200860662,0.0,0.0,10800.0,10800.0,0.0,0.0,0.0,28.684379913933753,0.0,0.0,0.0,0.0,9111.75079136419,9079.879258126486,869.4278500119734,0.0,869.4278500119734
2025-01-15,109,2025-01-15 18:10:00,2025-01-15 18:00:00,694.8607499999999,0.0046,2025-01-15T18:10:00,2025-01-15 00:00:00,1.2561,688.2775440145064,0.0021666666666666666,688.2753773478397,0.0,-0.0,10800.0,10800.0,0.0,0.0,0.0,6.580772652160249,0.0,0.0,0.0,0.0,9079.879258126486,9072.567288512975,864.5427014866215,0.0,864.5427014866215
2025-01-15,110,2025-01-15 18:20:00,2025-01-15 18:10:00,722.4920666666667,0.0,2025-01-15T18:20:00,2025-01-15 00:00:00,1.2447,727.6815557960377,0.0,727.6815557960377,0.0,0.0,10800.0,10800.0,0.0,0.0,5.189489129371054,0.0,0.0,0.0,0.0,0.0,9072.567288512975,9077.237828729409,905.7452324993282,0.0,905.7452324993282
2025-01-15,111,2025-01-15 18:30:00,2025-01-15 18:20:00,717.2633333333333,0.0,2025-01-15T18:30:00,2025-01-15 00:00:00,1.2545,728.9911154303701,0.0,728.9911154303701,0.0,0.0,10800.0,10800.0,0.0,0.0,11.727782097036766,0.0,0.0,0.0,0.0,0.0,9077.237828729409,9087.792832616742,914.5193543073992,0.0,914.5193543073992
2025-01-15,112,2025-01-15 18:40:00,2025-01-15 18:30:00,707.6481,0.0003333333333333333,2025-01-15T18:40:00,2025-01-15 00:00:00,1.2522,727.4762388666555,0.0,727.4762388666555,0.0,0.0,10800.0,10800.0,0.0,0.0,19.828472199988823,0.0,0.0,0.0,0.0,0.0,9087.792832616742,9105.638457596731,910.9457463088261,0.0,910.9457463088261
2025-01-15,113,2025-01-15 18:50:00,2025-01-15 18:40:00,711.4607500000001,0.0,2025-01-15T18:50:00,2025-01-15 00:00:00,1.2881,719.1638006037691,0.0,84.02187112007732,0.0,635.1419294836918,10800.0,10094.28674501812,0.0,0.0,0.0,627.4388788799228,0.0,0.0,0.0,0.0,9105.638457596731,8408.48414773015,108.2285721897716,0.0,108.2285721897716
2025-01-15,114,2025-01-15 19:00:00,2025-01-15 18:50:00,730.2233333333334,0.0,2025-01-15T19:00:00,2025-01-15 00:00:00,1.3466,709.1803523732923,0.0,0.0,0.0,709.1803523732923,10094.28674501812,9306.308575714462,0.0,0.0,0.0,730.2233333333334,0.0,0.0,0.0,0.0,8408.48414773015,7597.124888470891,0.0,0.0,0.0
2025-01-15,115,2025-01-15 19:10:00,2025-01-15 19:00:00,749.2222,0.0,2025-01-15T19:10:00,2025-01-15 00:00:00,1.3523,715.160685671081,0.0,0.0,0.0,715.160685671081,9306.308575714462,8511.685591635483,0.0,0.0,0.0,749.2222,0.0,0.0,0.0,0.0,7597.124888470891,6764.65577735978,0.0,0.0,0.0
2025-01-15,116,2025-01-15 19:20:00,2025-01-15 19:10:00,739.8300333333333,0.0,2025-01-15T19:20:00,2025-01-15 00:00:00,1.3445,723.3796234646336,0.0,0.0,0.0,723.3796234646336,8511.685591635483,7707.930454452558,0.0,0.0,0.0,739.8300333333333,0.0,0.0,0.0,0.0,6764.65577735978,5942.62240698941,0.0,0.0,0.0
2025-01-15,117,2025-01-15 19:30:00,2025-01-15 19:20:00,722.305,0.0,2025-01-15T19:30:00,2025-01-15 00:00:00,1.3483,721.8343255291167,0.0,0.0,0.0,721.8343255291167,7707.930454452558,6905.892314975761,0.0,0.0,0.0,722.305,0.0,0.0,0.0,0.0,5942.62240698941,5140.061295878299,0.0,0.0,0.0
2025-01-15,118,2025-01-15 19:40:00,2025-01-15 19:30:00,743.1292666666667,0.0,2025-01-15T19:40:00,2025-01-15 00:00:00,1.349,715.0419400487681,0.0,0.0,0.0,715.0419400487681,6905.892314975761,6111.401270477129,0.0,0.0,0.0,743.1292666666667,0.0,0.0,0.0,0.0,5140.061295878299,4314.362110693113,0.0,0.0,0.0
2025-01-15,119,2025-01-15 19:50:00,2025-01-15 19:40:00,748.2340333333333,0.0,2025-01-15T19:50:00,2025-01-15 00:00:00,1.3473,732.1224255439039,0.0,0.0,0.0,732.1224255439039,6111.401270477129,5297.9319087616805,0.0,0.0,0.0,748.2340333333333,0.0,0.0,0.0,0.0,4314.362110693113,3482.990962544965,0.0,0.0,0.0
2025-01-15,120,2025-01-15 20:00:00,2025-01-15 19:50:00,736.8616666666667,0.0,2025-01-15T20:00:00,2025-01-15 00:00:00,1.3482,755.258914348276,0.0,0.0,0.0,755.258914348276,5297.9319087616805,4458.755337263596,0.0,0.0,0.0,736.8616666666667,0.0,0.0,0.0,0.0,3482.990962544965,2664.25577735978,0.0,0.0,0.0
2025-01-15,121,2025-01-15 20:10:00,2025-01-15 20:00:00,764.5076833333333,0.0,2025-01-15T20:10:00,2025-01-15 00:00:00,1.3513,735.9957505418193,0.0,0.0,0.0,735.9957505418193,4458.755337263596,3640.982281106019,0.0,0.0,0.0,764.5076833333333,0.0,0.0,0.0,0.0,2664.25577735978,1814.8027958782986,0.0,0.0,0.0
2025-01-15,122,2025-01-15 20:20:00,2025-01-15 20:10:00,796.3999833333334,0.0,2025-01-15T20:20:00,2025-01-15 00:00:00,1.34,714.0187732775554,0.0,0.0,0.0,714.0187732775554,3640.982281106019,2847.6280885754018,0.0,0.0,0.0,553.3225162904688,243.07746704286455,0.0,0.0,0.0,1814.8027958782986,1200.0,0.0,1628.6190291871926,1628.6190291871926
2025-01-15,123,2025-01-15 20:30:00,2025-01-15 20:20:00,792.8000000000001,0.0,2025-01-15T20:30:00,2025-01-15 00:00:00,1.3489,723.8043966261467,0.0,0.0,0.0,723.8043966261467,2847.6280885754018,2043.4009812130166,0.0,0.0,0.0,0.0,792.8000000000001,0.0,0.0,0.0,1200.0,1200.0,0.0,5347.039600000001,5347.039600000001
2025-01-15,124,2025-01-15 20:40:00,2025-01-15 20:30:00,752.6728666666667,0.0,2025-01-15T20:40:00,2025-01-15 00:00:00,1.3952,759.0608830917148,0.0,0.0,0.0,759.0608830917148,2043.4009812130166,1200.0,0.0,0.0,0.0,0.0,752.6728666666667,0.0,0.0,0.0,1200.0,1200.0,0.0,5250.645917866666,5250.645917866666
2025-01-15,125,2025-01-15 20:50:00,2025-01-15 20:40:00,751.1731833333333,0.0,2025-01-15T20:50:00,2025-01-15 00:00:00,1.2226,764.9362227412902,0.0,764.9362227412902,0.0,0.0,1200.0,1200.0,0.0,0.0,13.763039407956853,0.0,0.0,0.0,0.0,0.0,1200.0,1212.386735467161,935.2110259235013,0.0,935.2110259235013
2025-01-15,126,2025-01-15 21:00:00,2025-01-15 20:50:00,774.2233333333334,0.0,2025-01-15T21:00:00,2025-01-15 00:00:00,0.9332,747.6451752775152,0.0,747.6451752775152,-0.0,0.0,1200.0,1200.0,0.0,-0.0,0.0,11.14806192044498,15.430096135373129,0.0,0.0,0.0,1212.386735467161,1200.0,697.7024775689772,71.99682856765102,769.6993061366283
2025-01-15,127,2025-01-15 21:10:00,2025-01-15 21:00:00,742.54675,0.0,2025-01-15T21:10:00,2025-01-15 00:00:00,0.9068,758.3877991464743,0.0,758.3877991464743,0.0,0.0,1200.0,1200.0,0.0,0.0,15.841049146474347,0.0,0.0,0.0,0.0,0.0,1200.0,1214.256944231827,687.706056266023,0.0,687.706056266023
2025-01-15,128,2025-01-15 21:20:00,2025-01-15 21:10:00,742.8491166666666,0.0,2025-01-15T21:20:00,2025-01-15 00:00:00,0.9371,741.4044584055985,0.0,741.4044584055985,0.0,0.0,1200.0,1200.0,0.0,0.0,0.0,1.4446582610681844,0.0,0.0,0.0,0.0,1214.256944231827,1212.6517683861957,694.7701179718864,0.0,694.7701179718864
2025-01-15,129,2025-01-15 21:30:00,2025-01-15 21:20:00,778.7483333333333,0.0,2025-01-15T21:30:00,2025-01-15 00:00:00,0.9371,720.4041217812311,0.0,720.4041217812311,0.0,0.0,1200.0,1200.0,0.0,0.0,0.0,11.386591547576154,46.9576200045261,0.0,0.0,0.0,1212.6517683861957,1200.0,675.0907025211917,220.01992853120706,895.1106310523987
2025-01-15,130,2025-01-15 21:40:00,2025-01-15 21:30:00,752.3233833333334,0.0,2025-01-15T21:40:00,2025-01-15 00:00:00,0.9871,762.4917248930917,0.0,762.4917248930917,0.0,-0.0,1200.0,1200.0,0.0,0.0,10.168341559758346,0.0,0.0,0.0,0.0,0.0,1200.0,1209.1515074037825,752.6555816419708,0.0,752.6555816419708
2025-01-15,131,2025-01-15 21:50:00,2025-01-15 21:40:00,664.3000499999999,0.0,2025-01-15T21:50:00,2025-01-15 00:00:00,0.7764,691.9860862503368,0.0,691.9860862503368,-0.0,0.0,1200.0,1200.0,0.0,-0.0,27.686036250336883,0.0,0.0,0.0,0.0,0.0,1209.1515074037825,1234.0689400290858,537.2579973647615,0.0,537.2579973647615
2025-01-15,132,2025-01-15 22:00:00,2025-01-15 21:50:00,580.5366666666666,0.0,2025-01-15T22:00:00,2025-01-15 00:00:00,0.4209,536.798839423913,0.0,1370.1321727572463,833.3333333333333,0.0,1200.0,1950.0,0.0,1.0,789.5955060905796,0.0,0.0,0.0,0.0,0.0,1234.0689400290858,1944.7048955106075,576.6886315135249,0.0,576.6886315135249
2025-01-15,133,2025-01-15 22:10:00,2025-01-15 22:00:00,573.7712166666666,0.0,2025-01-15T22:10:00,2025-01-15 00:00:00,0.3859,515.1386806616556,0.0,1348.4720139949889,833.3333333333333,0.0,1950.0,2700.0,0.0,1.0,774.7007973283222,0.0,0.0,0.0,0.0,0.0,1944.7048955106075,2641.9356131060977,520.3753502006663,0.0,520.3753502006663
2025-01-15,134,2025-01-15 22:20:00,2025-01-15 22:10:00,589.6589333333333,0.0,2025-01-15T22:20:00,2025-01-15 00:00:00,0.4368,547.8643109995616,0.0,547.8643109995616,0.0,0.0,2700.0,2700.0,0.0,0.0,0.0,41.79462233377171,0.0,0.0,0.0,0.0,2641.9356131060977,2595.4971438463513,239.3071310446085,0.0,239.3071310446085
2025-01-15,135,2025-01-15 22:30:00,2025-01-15 22:20:00,581.5666666666667,0.0,2025-01-15T22:30:00,2025-01-15 00:00:00,0.4198,554.1675372456635,0.0,1387.500870578997,833.3333333333333,0.0,2700.0,3450.0,0.0,1.0,805.9342039123302,0.0,0.0,0.0,0.0,0.0,2595.4971438463513,3320.837927367448,582.4728654690629,0.0,582.4728654690629
2025-01-15,136,2025-01-15 22:40:00,2025-01-15 22:30:00,551.2475499999999,0.0,2025-01-15T22:40:00,2025-01-15 00:00:00,0.4186,540.771084731843,0.0,1374.104418065176,833.3333333333333,0.0,3450.0,4200.0,0.0,1.0,822.8568680651762,0.0,0.0,0.0,0.0,0.0,3320.837927367448,4061.409108626107,575.2001094020827,0.0,575.2001094020827
2025-01-15,137,2025-01-15 22:50:00,2025-01-15 22:40:00,533.1689333333334,0.0,2025-01-15T22:50:00,2025-01-15 00:00:00,0.4241,558.6931516386679,0.0,558.6931516386679,0.0,0.0,4200.0,4200.0,0.0,0.0,25.524218305334557,0.0,0.0,0.0,0.0,0.0,4061.409108626107,4084.380905100908,236.94176560995905,0.0,236.94176560995905
2025-01-15,138,2025-01-15 23:00:00,2025-01-15 22:50:00,542.6066666666667,0.0,2025-01-15T23:00:00,2025-01-15 00:00:00,0.4237,590.0910793489618,0.0,1423.424412682295,833.3333333333333,0.0,4200.0,4950.0,0.0,1.0,833.3333333333334,0.0,0.0,47.48441268229499,47.48441268229499,0.0,4084.380905100908,4834.380905100908,603.1049236534884,0.0,603.1049236534884
2025-01-15,139,2025-01-15 23:10:00,2025-01-15 23:00:00,565.7428,0.0,2025-01-15T23:10:00,2025-01-15 00:00:00,0.4248,571.315855275419,0.0,571.315855275419,0.0,0.0,4950.0,4950.0,0.0,-0.0,5.573055275419051,0.0,0.0,0.0,0.0,0.0,4834.380905100908,4839.396654848785,242.69497532099803,0.0,242.69497532099803
2025-01-15,140,2025-01-15 23:20:00,2025-01-15 23:10:00,581.1533333333333,0.0,2025-01-15T23:20:00,2025-01-15 00:00:00,0.424,568.2096726221265,0.0,1401.5430059554596,833.3333333333331,0.0,4950.0,5700.0,0.0,1.0,820.3896726221263,0.0,0.0,0.0,0.0,0.0,4839.396654848785,5577.747360208699,594.2542345251148,0.0,594.2542345251148
2025-01-15,141,2025-01-15 23:30:00,2025-01-15 23:20:00,589.5483333333333,0.0,2025-01-15T23:30:00,2025-01-15 00:00:00,0.422,595.6769417338651,0.0,1429.0102750671983,833.3333333333333,0.0,5700.0,6450.0,0.0,1.0,833.3333333333334,0.0,0.0,6.128608400531675,6.128608400531675,0.0,5577.747360208699,6327.747360208699,603.0423360783577,0.0,603.0423360783577
2025-01-15,142,2025-01-15 23:40:00,2025-01-15 23:30:00,603.82045,0.0,2025-01-15T23:40:00,2025-01-15 00:00:00,0.424,602.2294731079045,0.0,1037.5973815441198,435.36790843621526,0.0,6450.0,6841.831117592594,0.0,1.0,433.77693154411975,0.0,0.0,0.0,0.0,0.0,6327.747360208699,6718.146598598407,439.9412897747068,0.0,439.9412897747068
2025-01-15,143,2025-01-15 23:50:00,2025-01-15 23:40:00,593.1068333333334,0.0,2025-01-15T23:50:00,2025-01-15 00:00:00,0.4271,606.0061223927613,0.0,606.0061223927613,0.0,0.0,6841.831117592594,6841.831117592594,0.0,0.0,12.899289059427929,0.0,0.0,0.0,0.0,0.0,6718.146598598407,6729.755958751892,258.82521487394837,0.0,258.82521487394837
2025-01-15,144,2025-01-16 00:00:00,2025-01-15 23:50:00,571.6,0.0,2025-01-16T00:00:00,2025-01-15 00:00:00,0.4276,608.8534468104859,0.0,608.8534468104859,0.0,0.0,6841.831117592594,6841.831117592594,0.0,0.0,37.25344681048591,0.0,0.0,0.0,0.0,0.0,6729.755958751892,6763.284060881329,260.34573385616375,0.0,260.34573385616375
2025-01-16,1,2025-01-16 00:10:00,2025-01-16 00:00:00,587.8245166666667,0.0,2025-01-16T00:10:00,2025-01-16 00:00:00,0.4248,593.1706283163162,0.0,1426.5039616496495,833.3333333333333,0.0,6763.284060881329,7513.284060881329,0.0,1.0,833.3333333333334,0.0,0.0,5.346111649649401,5.346111649649401,0.0,6763.284060881329,7513.284060881329,605.9788829087711,0.0,605.9788829087711
2025-01-16,2,2025-01-16 00:20:00,2025-01-16 00:10:00,604.4712000000001,0.0,2025-01-16T00:20:00,2025-01-16 00:00:00,0.4245,599.5532501217142,0.0,1432.8865834550475,833.3333333333333,0.0,7513.284060881329,8263.28406088133,0.0,1.0,828.4153834550474,0.0,0.0,0.0,0.0,0.0,7513.284060881329,8258.857905990872,608.2603546766676,0.0,608.2603546766676
2025-01-16,3,2025-01-16 00:30:00,2025-01-16 00:20:00,604.4316666666667,0.0,2025-01-16T00:30:00,2025-01-16 00:00:00,0.4269,625.8587231208181,0.0,1459.1920564541515,833.3333333333333,0.0,8263.28406088133,9013.28406088133,0.0,1.0,833.3333333333334,0.0,0.0,21.427056454151398,21.427056454151398,0.0,8258.857905990872,9008.857905990872,622.9290889002773,0.0,622.9290889002773
2025-01-16,4,2025-01-16 00:40:00,2025-01-16 00:30:00,606.8383166666666,0.0,2025-01-16T00:40:00,2025-01-16 00:00:00,0.4272,629.3391097868725,0.0,947.9123754742843,318.5732656874117,0.0,9013.28406088133,9300.0,0.0,0.9999999999999973,341.0740588076177,0.0,0.0,0.0,0.0,0.0,9008.857905990872,9315.824558917728,404.9481668026143,0.0,404.9481668026143
2025-01-16,5,2025-01-16 00:50:00,2025-01-16 00:40:00,607.9121833333334,0.0,2025-01-16T00:50:00,2025-01-16 00:00:00,0.4271,635.8637055328716,0.0,1469.1970388662048,833.3333333333333,0.0,9300.0,10050.0,0.0,1.0,833.3333333333334,0.0,0.0,27.95152219953809,27.95152219953809,0.0,9315.824558917728,10065.824558917728,627.494055299756,0.0,627.494055299756
2025-01-16,6,2025-01-16 01:00:00,2025-01-16 00:50:00,625.785,0.0,2025-01-16T01:00:00,2025-01-16 00:00:00,0.4285,652.4359793258052,0.0,652.4359793258052,0.0,0.0,10050.0,10050.0,0.0,0.0,26.650979325805224,0.0,0.0,0.0,0.0,0.0,10065.824558917728,10089.810440310952,279.5688171411075,0.0,279.5688171411075
2025-01-16,7,2025-01-16 01:10:00,2025-01-16 01:00:00,675.8950333333333,0.0,2025-01-16T01:10:00,2025-01-16 00:00:00,0.4311,657.3827828000447,0.0,657.3827828000447,0.0,0.0,10050.0,10050.0,0.0,0.0,0.0,18.512250533288693,0.0,0.0,0.0,0.0,10089.810440310952,10069.241273051743,283.39771766509926,0.0,283.39771766509926
2025-01-16,8,2025-01-16 01:20:00,2025-01-16 01:10:00,657.8231833333333,0.0,2025-01-16T01:20:00,2025-01-16 00:00:00,0.4302,660.0214598665805,0.0,660.0214598665805,0.0,0.0,10050.0,10050.0,0.0,0.0,2.198276533247167,0.0,0.0,0.0,0.0,0.0,10069.241273051743,10071.219721931666,283.94123203460293,0.0,283.94123203460293
2025-01-16,9,2025-01-16 01:30:00,2025-01-16 01:20:00,608.6233333333333,0.0,2025-01-16T01:30:00,2025-01-16 00:00:00,0.4279,656.5632911164772,0.0,656.5632911164772,0.0,0.0,10050.0,10050.0,0.0,0.0,47.93995778314388,0.0,0.0,0.0,0.0,0.0,10071.219721931666,10114.365683936496,280.9434322687406,0.0,280.9434322687406
2025-01-16,10,2025-01-16 01:40:00,2025-01-16 01:30:00,658.57385,0.0,2025-01-16T01:40:00,2025-01-16 00:00:00,0.4312,637.2945167054743,0.0,637.2945167054743,0.0,0.0,10050.0,10050.0,0.0,0.0,0.0,21.279333294525713,0.0,0.0,0.0,0.0,10114.365683936496,10090.721980275912,274.8013956034005,0.0,274.8013956034005
2025-01-16,11,2025-01-16 01:50:00,2025-01-16 01:40:00,653.84325,0.0,2025-01-16T01:50:00,2025-01-16 00:00:00,0.4333,650.3183578796736,0.0,650.3183578796736,0.0,0.0,10050.0,10050.0,0.0,0.0,0.0,3.524892120326399,0.0,0.0,0.0,0.0,10090.721980275912,10086.805433475549,281.7829444692626,0.0,281.7829444692626
2025-01-16,12,2025-01-16 02:00:00,2025-01-16 01:50:00,594.715,0.0,2025-01-16T02:00:00,2025-01-16 00:00:00,0.4311,678.5903123921297,0.0,678.5903123921297,0.0,0.0,10050.0,10050.0,0.0,0.0,83.87531239212967,0.0,0.0,0.0,0.0,0.0,10086.805433475549,10162.293214628466,292.5402836722471,0.0,292.5402836722471
2025-01-16,13,2025-01-16 02:10:00,2025-01-16 02:00:00,640.4675166666667,0.0,2025-01-16T02:10:00,2025-01-16 00:00:00,0.4293,658.5912577465967,0.0,658.5912577465967,0.0,0.0,10050.0,10050.0,0.0,0.0,18.123741079930028,0.0,0.0,0.0,0.0,0.0,10162.293214628466,10178.604581600403,282.733226950614,0.0,282.733226950614
2025-01-16,14,2025-01-16 02:20:00,2025-01-16 02:10:00,683.9615833333334,0.0,2025-01-16T02:20:00,2025-01-16 00:00:00,0.4324,655.9545118525161,0.0,655.9545118525161,0.0,0.0,10050.0,10050.0,0.0,0.0,0.0,28.007071480817217,0.0,0.0,0.0,0.0,10178.604581600403,10147.485613288383,283.634730925028,0.0,283.634730925028
2025-01-16,15,2025-01-16 02:30:00,2025-01-16 02:20:00,674.1283333333333,0.0,2025-01-16T02:30:00,2025-01-16 00:00:00,0.4367,671.860700767768,0.0,671.860700767768,0.0,0.0,10050.0,10050.0,0.0,0.0,0.0,2.26763256556535,0.0,0.0,0.0,0.0,10147.485613288383,10144.966021548866,293.40156802528423,0.0,293.40156802528423
2025-01-16,16,2025-01-16 02:40:00,2025-01-16 02:30:00,672.4852666666667,0.0,2025-01-16T02:40:00,2025-01-16 00:00:00,0.4348,645.662400844688,0.0,645.662400844688,0.0,0.0,10050.0,10050.0,0.0,0.0,0.0,26.822865821978667,0.0,0.0,0.0,0.0,10144.966021548866,10115.162837302223,280.73401188727036,0.0,280.73401188727036
2025-01-16,17,2025-01-16 02:50:00,2025-01-16 02:40:00,689.0236833333333,0.0,2025-01-16T02:50:00,2025-01-16 00:00:00,0.4335,654.8146145779427,0.0,654.8146145779427,0.0,0.0,10050.0,10050.0,0.0,0.0,0.0,34.209068755390604,0.0,0.0,0.0,0.0,10115.162837302223,10077.152760907346,283.86213541953816,0.0,283.86213541953816
2025-01-16,18,2025-01-16 03:00:00,2025-01-16 02:50:00,692.2783333333333,0.0,2025-01-16T03:00:00,2025-01-16 00:00:00,0.4357,697.3032554560173,0.0,697.3032554560173,0.0,0.0,10050.0,10050.0,0.0,0.0,5.024922122683961,0.0,0.0,0.0,0.0,0.0,10077.152760907346,10081.675190817761,303.8150284021867,0.0,303.8150284021867
2025-01-16,19,2025-01-16 03:10:00,2025-01-16 03:00:00,654.2623666666667,0.0,2025-01-16T03:10:00,2025-01-16 00:00:00,0.4374,690.2839156759255,0.0,690.2839156759255,0.0,0.0,10050.0,10050.0,0.0,0.0,36.02154900925882,0.0,0.0,0.0,0.0,0.0,10081.675190817761,10114.094584926093,301.9301847166498,0.0,301.9301847166498
2025-01-16,20,2025-01-16 03:20:00,2025-01-16 03:10:00,663.99055,0.0,2025-01-16T03:20:00,2025-01-16 00:00:00,0.4371,684.6272860805348,0.0,684.6272860805348,0.0,0.0,10050.0,10050.0,0.0,0.0,20.636736080534774,0.0,0.0,0.0,0.0,0.0,10114.094584926093,10132.667647398575,299.25058674580174,0.0,299.25058674580174
2025-01-16,21,2025-01-16 03:30:00,2025-01-16 03:20:00,710.125,0.0,2025-01-16T03:30:00,2025-01-16 00:00:00,0.4356,692.3301486491422,0.0,692.3301486491422,0.0,0.0,10050.0,10050.0,0.0,0.0,0.0,17.79485135085781,0.0,0.0,0.0,0.0,10132.667647398575,10112.895590342066,301.5790127515663,0.0,301.5790127515663
2025-01-16,22,2025-01-16 03:40:00,2025-01-16 03:30:00,692.4751166666666,0.0,2025-01-16T03:40:00,2025-01-16 00:00:00,0.4353,672.7918188508331,0.0,672.7918188508331,0.0,0.0,10050.0,10050.0,0.0,0.0,0.0,19.683297815833498,0.0,0.0,0.0,0.0,10112.895590342066,10091.025259435584,292.86627874576766,0.0,292.86627874576766
2025-01-16,23,2025-01-16 03:50:00,2025-01-16 03:40:00,671.6990166666667,0.0,2025-01-16T03:50:00,2025-01-16 00:00:00,0.436,667.0523349032337,0.0,667.0523349032337,0.0,0.0,10050.0,10050.0,0.0,0.0,0.0,4.64668176343298,0.0,0.0,0.0,0.0,10091.025259435584,10085.862279698436,290.8348180178099,0.0,290.8348180178099
2025-01-16,24,2025-01-16 04:00:00,2025-01-16 03:50:00,673.915,0.0,2025-01-16T04:00:00,2025-01-16 00:00:00,0.4378,686.4687423193483,0.0,686.4687423193483,0.0,0.0,10050.0,10050.0,0.0,0.0,12.553742319348316,0.0,0.0,0.0,0.0,0.0,10085.862279698436,10097.16064778585,300.5360153874107,0.0,300.5360153874107
2025-01-16,25,2025-01-16 04:10:00,2025-01-16 04:00:00,666.2950333333333,0.0,2025-01-16T04:10:00,2025-01-16 00:00:00,0.4401,697.2619169871111,0.0,697.2619169871111,0.0,0.0,10050.0,10050.0,0.0,0.0,30.966883653777813,0.0,0.0,0.0,0.0,0.0,10097.16064778585,10125.03084307425,306.8649696660276,0.0,306.8649696660276
2025-01-16,26,2025-01-16 04:20:00,2025-01-16 04:10:00,682.2612166666667,0.0,2025-01-16T04:20:00,2025-01-16 00:00:00,0.4389,689.37701039815,0.0,689.37701039815,0.0,0.0,10050.0,10050.0,0.0,0.0,7.115793731483336,0.0,0.0,0.0,0.0,0.0,10125.03084307425,10131.435057432585,302.567569863748,0.0,302.567569863748
2025-01-16,27,2025-01-16 04:30:00,2025-01-16 04:20:00,711.5983333333334,0.0,2025-01-16T04:30:00,2025-01-16 00:00:00,0.4364,674.3357166310873,0.0,674.3357166310873,0.0,0.0,10050.0,10050.0,0.0,0.0,0.0,37.26261670224608,0.0,0.0,0.0,0.0,10131.435057432585,10090.032149985645,294.2801067378065,0.0,294.2801067378065
2025-01-16,28,2025-01-16 04:40:00,2025-01-16 04:30:00,706.8581166666667,0.0,2025-01-16T04:40:00,2025-01-16 00:00:00,0.4393,674.3977138346062,0.0,674.3977138346062,0.0,0.0,10050.0,10050.0,0.0,0.0,0.0,32.46040283206048,0.0,0.0,0.0,0.0,10090.032149985645,10053.9650357278,296.2629156875425,0.0,296.2629156875425
2025-01-16,29,2025-01-16 04:50:00,2025-01-16 04:40:00,712.7656999999999,0.0,2025-01-16T04:50:00,2025-01-16 00:00:00,0.4422,693.7447756068306,0.0,693.7447756068306,0.0,0.0,10050.0,10050.0,0.0,0.0,0.0,19.020924393169366,0.0,0.0,0.0,0.0,10053.9650357278,10032.830675290947,306.7739397733405,0.0,306.7739397733405
2025-01-16,30,2025-01-16 05:00:00,2025-01-16 04:50:00,728.5483333333333,0.0,2025-01-16T05:00:00,2025-01-16 00:00:00,0.4395,716.2749767823267,0.0,716.2749767823267,0.0,0.0,10050.0,10050.0,0.0,0.0,0.0,12.2733565510066,0.0,0.0,0.0,0.0,10032.830675290947,10019.193612456495,314.80285229583257,0.0,314.80285229583257
2025-01-16,31,2025-01-16 05:10:00,2025-01-16 05:00:00,708.3519833333334,0.0,2025-01-16T05:10:00,2025-01-16 00:00:00,0.4333,721.9694656569445,0.0,721.9694656569445,0.0,0.0,10050.0,10050.0,0.0,0.0,13.61748232361117,0.0,0.0,0.0,0.0,0.0,10019.193612456495,10031.449346547744,312.8293694691541,0.0,312.8293694691541
2025-01-16,32,2025-01-16 05:20:00,2025-01-16 05:10:00,700.0168333333332,0.0006166666666666667,2025-01-16T05:20:00,2025-01-16 00:00:00,0.4439,734.5758580434702,0.00035,734.5755080434702,0.0,0.0,10050.0,10050.0,0.0,0.0,34.559291376803685,0.0,0.0,0.0,0.0,0.0,10031.449346547744,10062.552708786869,326.07806802049646,0.0,326.07806802049646
2025-01-16,33,2025-01-16 05:30:00,2025-01-16 05:20:00,711.215,0.0,2025-01-16T05:30:00,2025-01-16 00:00:00,0.4301,721.621715162971,0.0,721.621715162971,0.0,0.0,10050.0,10050.0,0.0,0.0,10.406715162970954,0.0,0.0,0.0,0.0,0.0,10062.552708786869,10071.918752433543,310.36949969159383,0.0,310.36949969159383
2025-01-16,34,2025-01-16 05:40:00,2025-01-16 05:30:00,714.5808833333334,0.0,2025-01-16T05:40:00,2025-01-16 00:00:00,0.3713,651.0147299018221,0.0,1484.3480632351552,833.3333333333333,0.0,10050.0,10800.0,0.0,1.0,769.7671799018218,0.0,0.0,0.0,0.0,0.0,10071.918752433543,10764.709214345183,551.1384358792131,0.0,551.1384358792131
2025-01-16,35,2025-01-16 05:50:00,2025-01-16 05:40:00,793.5419,0.008499999999999999,2025-01-16T05:50:00,2025-01-16 00:00:00,0.5708,745.9967885237987,0.004816666666666666,745.9919718571321,0.0,-0.0,10800.0,10800.0,0.0,0.0,0.0,47.54142814286797,0.0,0.0,0.0,0.0,10764.709214345183,10711.885405297551,425.812217536051,0.0,425.812217536051
2025-01-16,36,2025-01-16 06:00:00,2025-01-16 05:50:00,912.8583333333332,0.0,2025-01-16T06:00:00,2025-01-16 00:00:00,0.9099,941.3402389539721,0.0,941.3402389539721,0.0,-0.0,10800.0,10800.0,0.0,0.0,28.481905620638827,0.0,0.0,0.0,0.0,0.0,10711.885405297551,10737.519120356126,856.5254834242193,0.0,856.5254834242193
2025-01-16,37,2025-01-16 06:10:00,2025-01-16 06:00:00,939.9650333333334,0.0,2025-01-16T06:10:00,2025-01-16 00:00:00,0.9368,936.2174020598386,0.0,261.2174020598386,0.0,675.0,10800.0,10050.0,0.0,0.0,0.0,678.7476312734948,0.0,0.0,0.0,0.0,10737.519120356126,9983.355085607798,244.7084622496568,0.0,244.7084622496568
2025-01-16,38,2025-01-16 06:20:00,2025-01-16 06:10:00,937.5749166666666,0.11848333333333333,2025-01-16T06:20:00,2025-01-16 00:00:00,0.8758,891.4683802702401,0.067,891.4013802702401,0.0,0.0,10050.0,10050.0,0.0,0.0,0.0,46.05505306309317,0.0,0.0,0.0,0.0,9983.355085607798,9932.182804426584,780.6893288406764,0.0,780.6893288406764
2025-01-16,39,2025-01-16 06:30:00,2025-01-16 06:20:00,934.4366666666666,0.0,2025-01-16T06:30:00,2025-01-16 00:00:00,0.8759,902.8528012037102,0.0,902.8528012037102,0.0,0.0,10050.0,10050.0,0.0,0.0,0.0,31.583865462956396,0.0,0.0,0.0,0.0,9932.182804426584,9897.089620578854,790.8087685743297,0.0,790.8087685743297
2025-01-16,40,2025-01-16 06:40:00,2025-01-16 06:30:00,899.2186333333334,0.0,2025-01-16T06:40:00,2025-01-16 00:00:00,0.8601,901.1964057087702,0.0,901.1964057087702,0.0,0.0,10050.0,10050.0,0.0,0.0,1.977772375436757,0.0,0.0,0.0,0.0,0.0,9897.089620578854,9898.869615716747,775.1190285501132,0.0,775.1190285501132
2025-01-16,41,2025-01-16 06:50:00,2025-01-16 06:40:00,894.3400666666666,2.2529333333333335,2025-01-16T06:50:00,2025-01-16 00:00:00,0.8442,894.4845244941324,1.4877166666666666,892.9968078274658,0.0,0.0,10050.0,10050.0,0.0,0.0,0.9096744941324459,0.0,0.0,0.0,0.0,0.0,9898.869615716747,9899.688322761465,753.8679051679466,0.0,753.8679051679466
2025-01-16,42,2025-01-16 07:00:00,2025-01-16 06:50:00,926.3433333333334,16.275000000000002,2025-01-16T07:00:00,2025-01-16 00:00:00,0.8334,898.0692934203718,14.975,883.0942934203717,0.0,0.0,10050.0,10050.0,0.0,0.0,0.0,26.974039912961643,0.0,0.0,0.0,0.0,9899.688322761465,9869.717167302619,735.9707841365379,0.0,735.9707841365379
2025-01-16,43,2025-01-16 07:10:00,2025-01-16 07:00:00,937.8076666666666,47.76085,2025-01-16T07:10:00,2025-01-16 00:00:00,0.8092,912.2013367664931,50.04215,862.1591867664931,0.0,0.0,10050.0,10050.0,0.0,0.0,0.0,27.887629900173465,0.0,0.0,0.0,0.0,9869.717167302619,9838.730911857981,697.6592139314463,0.0,697.6592139314463
2025-01-16,44,2025-01-16 07:20:00,2025-01-16 07:10:00,934.8981666666667,88.89581666666668,2025-01-16T07:20:00,2025-01-16 00:00:00,0.7972,931.7423889380066,94.42913333333333,837.3132556046733,0.0,0.0,10050.0,10050.0,0.0,0.0,0.0,8.689094395326833,0.0,0.0,0.0,0.0,9838.730911857981,9829.07636252984,667.5061273680456,0.0,667.5061273680456
2025-01-16,45,2025-01-16 07:30:00,2025-01-16 07:20:00,905.7433333333333,131.82500000000002,2025-01-16T07:30:00,2025-01-16 00:00:00,0.7644,932.6326072022555,139.88750000000002,792.7451072022554,0.0,0.0,10050.0,10050.0,0.0,0.0,18.826773868922146,0.0,0.0,0.0,0.0,0.0,9829.07636252984,9846.02045901187,605.974359945404,0.0,605.974359945404
2025-01-16,46,2025-01-16 07:40:00,2025-01-16 07:30:00,854.9562999999999,173.47975,2025-01-16T07:40:00,2025-01-16 00:00:00,0.6899,915.6555486866326,186.65878333333333,1562.3300986866325,833.3333333333333,0.0,10050.0,10800.0,0.0,1.0,833.3333333333334,0.0,0.0,47.520215353299136,47.520215353299136,0.0,9846.02045901187,10596.02045901187,1077.8515350839077,0.0,1077.8515350839077
2025-01-16,47,2025-01-16 07:50:00,2025-01-16 07:40:00,978.5328666666666,215.77241666666666,2025-01-16T07:50:00,2025-01-16 00:00:00,0.86,1039.3835754580768,230.75015,808.6334254580769,0.0,0.0,10800.0,10800.0,0.0,0.0,45.872975458076894,0.0,0.0,0.0,0.0,0.0,10596.02045901187,10637.306136924139,695.4247458939461,0.0,695.4247458939461
2025-01-16,48,2025-01-16 08:00:00,2025-01-16 07:50:00,1206.39,260.49375000000003,2025-01-16T08:00:00,2025-01-16 00:00:00,1.1617,1217.7748530542763,274.6125,109.82901972094305,0.0,833.3333333333333,10800.0,9874.074074074075,0.0,0.0,0.0,833.3333333333334,2.733896945723586,0.0,0.0,0.0,10637.306136924139,9711.380210998213,127.58837220981954,15.879840409235449,143.46821261905498
2025-01-16,49,2025-01-16 08:10:00,2025-01-16 08:00:00,1254.06675,305.51286666666664,2025-01-16T08:10:00,2025-01-16 00:00:00,1.1683,1195.718604625111,327.1257,35.259571291777775,0.0,833.3333333333333,9874.074074074075,8948.14814814815,0.0,0.0,0.0,833.3333333333334,79.96097870822211,0.0,0.0,0.0,9711.380210998213,8785.454285072288,41.19375714018397,467.0920571240795,508.2858142642634
2025-01-16,50,2025-01-16 08:20:00,2025-01-16 08:10:00,1231.028,339.3194833333333,2025-01-16T08:20:00,2025-01-16 00:00:00,1.0956,1168.801793638271,391.51206666666667,0.0,0.0,777.2897269716043,8948.14814814815,8084.492895957478,0.0,0.0,0.0,833.3333333333334,58.375183333333325,0.0,0.0,0.0,8785.454285072288,7859.528359146362,0.0,319.77925429999993,319.77925429999993
2025-01-16,51,2025-01-16 08:30:00,2025-01-16 08:20:00,1216.9416666666666,370.7,2025-01-16T08:30:00,2025-01-16 00:00:00,1.0849,1219.7443991219593,448.09375,0.0,0.0,771.6506491219593,8084.492895957478,7227.103285821968,0.0,0.0,0.0,833.3333333333334,12.90833333333319,0.0,0.0,0.0,7859.528359146362,6933.602433220436,0.0,70.02125416666588,70.02125416666588
2025-01-16,52,2025-01-16 08:40:00,2025-01-16 08:30:00,1186.4278,422.60355,2025-01-16T08:40:00,2025-01-16 00:00:00,1.061,1232.481952827489,470.7354666666667,0.0,0.0,761.7464861608223,7227.103285821968,6380.718301198832,0.0,0.0,0.0,763.8242499999999,0.0,0.0,0.0,0.0,6933.602433220436,6084.908822109325,0.0,0.0,0.0
2025-01-16,53,2025-01-16 08:50:00,2025-01-16 08:40:00,1214.3366833333332,484.2694166666667,2025-01-16T08:50:00,2025-01-16 00:00:00,1.043,1210.6780812769332,491.75441666666666,0.0,0.0,718.9236646102665,6380.718301198832,5581.914229409646,0.0,0.0,0.0,730.0672666666665,0.0,0.0,0.0,0.0,6084.908822109325,5273.722970257473,0.0,0.0,0.0
2025-01-16,54,2025-01-16 09:00:00,2025-01-16 08:50:00,1253.9733333333334,539.59375,2025-01-16T09:00:00,2025-01-16 00:00:00,1.036,1195.1124723354312,528.1374999999999,0.0,0.0,666.9749723354313,5581.914229409646,4840.830926814722,0.0,0.0,0.0,714.3795833333334,0.0,0.0,0.0,0.0,5273.722970257473,4479.967877664881,0.0,0.0,0.0
2025-01-16,55,2025-01-16 09:10:00,2025-01-16 09:00:00,1185.5408333333332,580.2057833333333,2025-01-16T09:10:00,2025-01-16 00:00:00,1.0147,1211.3917901232091,568.54715,0.0,0.0,642.8446401232092,4840.830926814722,4126.559104455601,0.0,0.0,0.0,605.3350499999999,0.0,0.0,0.0,0.0,4479.967877664881,3807.3733776648805,0.0,0.0,0.0
2025-01-16,56,2025-01-16 09:20:00,2025-01-16 09:10:00,1178.7671,614.9460833333334,2025-01-16T09:20:00,2025-01-16 00:00:00,0.9922,1208.7341829910274,609.60545,0.0,0.0,599.1287329910274,4126.559104455601,3460.8605122433487,0.0,0.0,0.0,563.8210166666667,0.0,0.0,0.0,0.0,3807.3733776648805,3180.9055813685845,0.0,0.0,0.0
2025-01-16,57,2025-01-16 09:30:00,2025-01-16 09:20:00,1243.7733333333333,648.06875,2025-01-16T09:30:00,2025-01-16 00:00:00,0.97,1185.1956069152022,662.6125000000001,0.0,0.0,522.5831069152022,3460.8605122433487,2880.212615670902,0.0,0.0,0.0,595.7045833333333,0.0,0.0,0.0,0.0,3180.9055813685845,2519.0115998871033,0.0,0.0,0.0
2025-01-16,58,2025-01-16 09:40:00,2025-01-16 09:30:00,1219.6558,675.8628333333334,2025-01-16T09:40:00,2025-01-16 00:00:00,0.9422,1188.7236573035505,735.2740333333333,453.4496239702172,0.0,0.0,2880.212615670902,2880.212615670902,0.0,0.0,0.0,90.34334269644933,0.0,0.0,0.0,0.0,2519.0115998871033,2418.6301080021594,427.24023570473867,0.0,427.24023570473867
2025-01-16,59,2025-01-16 09:50:00,2025-01-16 09:40:00,1190.8384833333332,698.667,2025-01-16T09:50:00,2025-01-16 00:00:00,0.9569,1195.9514174953754,774.9026166666666,242.15048527699932,0.0,178.89831555170943,2880.212615670902,2681.436709502336,0.0,0.0,0.0,250.02099805633384,0.0,0.0,0.0,0.0,2418.6301080021594,2140.8289990506773,231.71379936156063,0.0,231.71379936156063
2025-01-16,60,2025-01-16 10:00:00,2025-01-16 09:50:00,1191.1633333333332,729.28125,2025-01-16T10:00:00,2025-01-16 00:00:00,0.9977,1189.1368346933061,791.1687499999999,0.0,0.0,397.9680846933062,2681.436709502336,2239.2499487319956,0.0,0.0,0.0,461.8820833333332,0.0,0.0,0.0,0.0,2140.8289990506773,1627.6266842358627,0.0,0.0,0.0
2025-01-16,61,2025-01-16 10:10:00,2025-01-16 10:00:00,1163.6018666666666,779.7632,2025-01-16T10:10:00,2025-01-16 00:00:00,0.9919,1177.3349689041522,842.9839333333333,0.0,0.0,334.3510355708189,2239.2499487319956,1867.7487980977521,0.0,0.0,0.0,383.83866666666665,0.0,0.0,0.0,0.0,1627.6266842358627,1201.1392768284554,0.0,0.0,0.0
2025-01-16,62,2025-01-16 10:20:00,2025-01-16 10:10:00,1144.0078166666667,815.7461,2025-01-16T10:20:00,2025-01-16 00:00:00,0.9588,1178.7842593823243,878.5017666666666,0.0,0.0,300.28249271565767,1867.7487980977521,1534.1015839692436,0.0,0.0,0.0,1.02534914560988,327.2363675210569,0.0,0.0,0.0,1201.1392768284554,1200.0,0.0,1568.7711458959466,1568.7711458959466
2025-01-16,63,2025-01-16 10:30:00,2025-01-16 10:20:00,1157.1933333333334,835.53125,2025-01-16T10:30:00,2025-01-16 00:00:00,0.9549,1186.3903661495474,877.53125,308.8591161495474,0.0,0.0,1534.1015839692436,1534.1015839692436,0.0,0.0,0.0,0.0,12.802967183785995,0.0,0.0,0.0,1200.0,1200.0,294.92957001120277,61.12776681898623,356.057336830189
2025-01-16,64,2025-01-16 10:40:00,2025-01-16 10:30:00,1183.8839166666667,871.4816999999999,2025-01-16T10:40:00,2025-01-16 00:00:00,0.9839,1176.7175922389858,876.0261666666667,0.0,0.0,300.6914255723192,1534.1015839692436,1200.0,0.0,0.0,0.0,0.0,312.40221666666673,0.0,0.0,0.0,1200.0,1200.0,0.0,1536.8627048916671,1536.8627048916671
2025-01-16,65,2025-01-16 10:50:00,2025-01-16 10:40:00,1173.8569666666667,914.9906833333333,2025-01-16T10:50:00,2025-01-16 00:00:00,0.799,1169.3632856848888,892.6540333333334,276.7092523515554,0.0,0.0,1200.0,1200.0,0.0,0.0,17.842969018221993,0.0,0.0,0.0,0.0,0.0,1200.0,1216.0586721163997,221.09069262889278,0.0,221.09069262889278
2025-01-16,66,2025-01-16 11:00:00,2025-01-16 10:50:00,1145.0166666666667,955.3375,2025-01-16T11:00:00,2025-01-16 00:00:00,0.5025,1171.0480380939762,916.63125,1087.7501214273093,833.3333333333333,0.0,1200.0,1950.0,0.0,1.0,833.3333333333334,0.0,0.0,64.73762142730936,64.73762142730936,0.0,1216.0586721163997,1966.0586721163997,546.5944360172228,0.0,546.5944360172228
2025-01-16,67,2025-01-16 11:10:00,2025-01-16 11:00:00,1159.36635,987.8862833333333,2025-01-16T11:10:00,2025-01-16 00:00:00,0.4662,1169.9502187768949,924.6773666666667,1078.6061854435616,833.3333333333333,0.0,1950.0,2700.0,0.0,1.0,833.3333333333334,0.0,0.0,73.79278544356146,73.79278544356146,0.0,1966.0586721163997,2716.0586721164,502.8462036537884,0.0,502.8462036537884
2025-01-16,68,2025-01-16 11:20:00,2025-01-16 11:10:00,1157.2411666666667,998.6749,2025-01-16T11:20:00,2025-01-16 00:00:00,0.5007,1175.0112068661526,940.3977,1067.946840199486,833.3333333333333,0.0,2700.0,3450.0,0.0,1.0,833.3333333333334,0.0,0.0,76.04724019948583,76.04724019948583,0.0,2716.0586721164,3466.0586721164,534.7209828878827,0.0,534.7209828878827
2025-01-16,69,2025-01-16 11:30:00,2025-01-16 11:20:00,1134.84,989.50625,2025-01-16T11:30:00,2025-01-16 00:00:00,0.4827,1182.1726360501839,976.6687499999999,1038.837219383517,833.3333333333333,0.0,3450.0,4200.0,0.0,1.0,833.3333333333334,0.0,0.0,60.170136050183714,60.170136050183714,0.0,3466.0586721164,4216.0586721164,501.4467257964237,0.0,501.4467257964237
2025-01-16,70,2025-01-16 11:40:00,2025-01-16 11:30:00,1149.0000333333335,980.0702666666666,2025-01-16T11:40:00,2025-01-16 00:00:00,0.4785,1173.9015903608804,1015.5962666666666,991.6386570275471,833.3333333333333,0.0,4200.0,4950.0,0.0,1.0,822.7088903608803,0.0,0.0,0.0,0.0,0.0,4216.0586721164,4956.496673441192,474.4990973876813,0.0,474.4990973876813
2025-01-16,71,2025-01-16 11:50:00,2025-01-16 11:40:00,1152.70115,988.04815,2025-01-16T11:50:00,2025-01-16 00:00:00,0.4662,1152.3376907027186,1010.3395666666667,975.3314573693852,833.3333333333333,0.0,4950.0,5700.0,0.0,1.0,810.6784573693851,0.0,0.0,0.0,0.0,0.0,4956.496673441192,5686.107285073638,454.6995254256074,0.0,454.6995254256074
2025-01-16,72,2025-01-16 12:00:00,2025-01-16 11:50:00,1118.1833333333334,1012.4125,2025-01-16T12:00:00,2025-01-16 00:00:00,0.4432,1119.2129754465825,981.225,971.3213087799157,833.3333333333333,0.0,5700.0,6450.0,0.0,1.0,833.3333333333334,0.0,0.0,32.217142113249,32.217142113249,0.0,5686.107285073638,6436.107285073638,430.48960405125865,0.0,430.48960405125865
2025-01-16,73,2025-01-16 12:10:00,2025-01-16 12:00:00,1071.9837333333332,1033.2191333333333,2025-01-16T12:10:00,2025-01-16 00:00:00,0.4411,1080.3104688838237,994.0265833333333,919.6172188838236,833.3333333333333,0.0,6450.0,7200.0,0.0,1.0,833.3333333333334,0.0,0.0,47.51928555049028,47.51928555049028,0.0,6436.107285073638,7186.107285073638,405.64315524965457,0.0,405.64315524965457
2025-01-16,74,2025-01-16 12:20:00,2025-01-16 12:10:00,1069.39345,1028.39155,2025-01-16T12:20:00,2025-01-16 00:00:00,0.4551,1076.6253218937268,1002.2950999999999,907.6635552270601,833.3333333333333,0.0,7200.0,7950.0,0.0,1.0,833.3333333333334,0.0,0.0,33.328321893726866,33.328321893726866,0.0,7186.107285073638,7936.107285073638,413.0776839838351,0.0,413.0776839838351
2025-01-16,75,2025-01-16 12:30:00,2025-01-16 12:20:00,1088.0266666666666,1009.8375,2025-01-16T12:30:00,2025-01-16 00:00:00,0.4463,1087.3491413761121,989.90625,930.7762247094454,833.3333333333333,0.0,7950.0,8700.0,0.0,1.0,833.3333333333334,0.0,0.0,19.253724709445237,19.253724709445237,0.0,7936.107285073638,8686.107285073638,415.40542908782544,0.0,415.40542908782544
2025-01-16,76,2025-01-16 12:40:00,2025-01-16 12:30:00,1060.6910500000001,1007.2538333333333,2025-01-16T12:40:00,2025-01-16 00:00:00,0.4113,1059.2461428713448,989.1074166666667,903.4720595380113,833.3333333333333,0.0,8700.0,9450.0,0.0,1.0,833.3333333333334,0.0,0.0,16.70150953801101,16.70150953801101,0.0,8686.107285073638,9436.107285073638,371.59805808798404,0.0,371.59805808798404
2025-01-16,77,2025-01-16 12:50:00,2025-01-16 12:40:00,1072.7609166666666,987.1761833333334,2025-01-16T12:50:00,2025-01-16 00:00:00,0.5682,1085.3117736780687,988.84875,929.7963570114019,833.3333333333333,0.0,9450.0,10200.0,0.0,1.0,833.3333333333334,0.0,0.0,10.87829034473532,10.87829034473532,0.0,9436.107285073638,10186.107285073638,528.3102900538786,0.0,528.3102900538786
2025-01-16,78,2025-01-16 13:00:00,2025-01-16 12:50:00,1120.3933333333332,967.3125,2025-01-16T13:00:00,2025-01-16 00:00:00,0.8279,1142.8052698884483,966.5749999999999,176.23026988844833,0.0,0.0,10200.0,10200.0,0.0,0.0,23.149436555115017,0.0,0.0,0.0,0.0,0.0,10186.107285073638,10206.941777973241,145.90104044064637,0.0,145.90104044064637
2025-01-16,79,2025-01-16 13:10:00,2025-01-16 13:00:00,1113.1078333333332,999.6104833333334,2025-01-16T13:10:00,2025-01-16 00:00:00,0.8636,1112.082293701353,910.4545666666667,201.62772703468625,0.0,0.0,10200.0,10200.0,0.0,0.0,88.13037703468649,0.0,0.0,0.0,0.0,0.0,10206.941777973241,10286.259117304458,174.12570506715505,0.0,174.12570506715505
2025-01-16,80,2025-01-16 13:20:00,2025-01-16 13:10:00,1122.4701333333335,1007.5572333333333,2025-01-16T13:20:00,2025-01-16 00:00:00,0.8416,1092.5171782771831,850.8616166666667,241.65556161051643,0.0,0.0,10200.0,10200.0,0.0,0.0,126.74266161051628,0.0,0.0,0.0,0.0,0.0,10286.259117304458,10400.327512753924,203.37732065141063,0.0,203.37732065141063
2025-01-16,81,2025-01-16 13:30:00,2025-01-16 13:20:00,1158.52,971.40625,2025-01-16T13:30:00,2025-01-16 00:00:00,0.8618,1111.3855999169452,810.275,301.11059991694526,0.0,0.0,10200.0,10200.0,0.0,0.0,113.9968499169454,0.0,0.0,0.0,0.0,0.0,10400.327512753924,10502.924677679175,259.4971150084234,0.0,259.4971150084234
2025-01-16,82,2025-01-16 13:40:00,2025-01-16 13:30:00,1153.8264833333333,946.4481999999999,2025-01-16T13:40:00,2025-01-16 00:00:00,0.8623,1097.658497272005,788.1631333333333,309.49536393867163,0.0,0.0,10200.0,10200.0,0.0,0.0,102.11708060533829,0.0,0.0,0.0,0.0,0.0,10502.924677679175,10594.83005022398,266.8778523243165,0.0,266.8778523243165
2025-01-16,83,2025-01-16 13:50:00,2025-01-16 13:40:00,1142.3772333333334,929.30215,2025-01-16T13:50:00,2025-01-16 00:00:00,0.9026,1097.8675519214232,766.4114833333333,331.4560685880899,0.0,0.0,10200.0,10200.0,0.0,0.0,118.38098525475652,0.0,0.0,0.0,0.0,0.0,10594.83005022398,10701.372936953261,299.17224750760994,0.0,299.17224750760994
2025-01-16,84,2025-01-16 14:00:00,2025-01-16 13:50:00,1128.05,893.3312500000001,2025-01-16T14:00:00,2025-01-16 00:00:00,0.9754,1112.8724315503416,737.9625,0.0,0.0,374.90993155034164,10200.0,9783.43340938851,0.0,0.0,0.0,234.7187499999999,0.0,0.0,0.0,0.0,10701.372936953261,10440.57432584215,0.0,0.0,0.0
2025-01-16,85,2025-01-16 14:10:00,2025-01-16 14:00:00,1084.1776666666667,821.5127666666667,2025-01-16T14:10:00,2025-01-16 00:00:00,1.0002,1091.4306069958295,710.7455333333334,0.0,0.0,380.68507366249617,9783.43340938851,9360.449994207958,0.0,0.0,0.0,262.6649,0.0,0.0,0.0,0.0,10440.57432584215,10148.724436953262,0.0,0.0,0.0
2025-01-16,86,2025-01-16 14:20:00,2025-01-16 14:10:00,1083.0568166666667,763.4274333333333,2025-01-16T14:20:00,2025-01-16 00:00:00,0.9978,1077.2456048962213,691.0889666666667,0.0,0.0,386.1566382295546,9360.449994207958,8931.387062841786,0.0,0.0,0.0,319.6293833333334,0.0,0.0,0.0,0.0,10148.724436953262,9793.580677694003,0.0,0.0,0.0
2025-01-16,87,2025-01-16 14:30:00,2025-01-16 14:20:00,1102.6416666666667,733.8562499999999,2025-01-16T14:30:00,2025-01-16 00:00:00,1.0271,1080.7301342891146,672.275,0.0,0.0,408.45513428911465,8931.387062841786,8477.54802474277,0.0,0.0,0.0,368.7854166666667,0.0,0.0,0.0,0.0,9793.580677694003,9383.819103619928,0.0,0.0,0.0
2025-01-16,88,2025-01-16 14:40:00,2025-01-16 14:30:00,1050.7556333333334,700.92585,2025-01-16T14:40:00,2025-01-16 00:00:00,1.0906,1069.143665817013,639.9993000000001,0.0,0.0,429.14436581701295,8477.54802474277,8000.720951612755,0.0,0.0,0.0,349.82978333333347,0.0,0.0,0.0,0.0,9383.819103619928,8995.119344360668,0.0,0.0,0.0
2025-01-16,89,2025-01-16 14:50:00,2025-01-16 14:40:00,1028.3424833333333,652.91165,2025-01-16T14:50:00,2025-01-16 00:00:00,0.9376,1067.1031926249946,599.6563333333334,0.0,0.0,467.4468592916612,8000.720951612755,7481.335552399798,0.0,0.0,0.0,375.43083333333334,0.0,0.0,0.0,0.0,8995.119344360668,8577.973973990298,0.0,0.0,0.0
2025-01-16,90,2025-01-16 15:00:00,2025-01-16 14:50:00,1068.1516666666666,598.00625,2025-01-16T15:00:00,2025-01-16 00:00:00,0.6694,1080.0779869010094,564.6875,1348.7238202343426,833.3333333333333,0.0,7481.335552399798,8231.335552399798,0.0,1.0,833.3333333333334,0.0,0.0,45.245070234342734,45.245070234342734,0.0,8577.973973990298,9327.973973990298,902.835725264869,0.0,902.835725264869
2025-01-16,91,2025-01-16 15:10:00,2025-01-16 15:00:00,1095.032,550.5675833333333,2025-01-16T15:10:00,2025-01-16 00:00:00,0.66,1083.1965205329473,541.8687,1374.6611538662805,833.3333333333333,0.0,8231.335552399798,8981.335552399798,0.0,1.0,830.1967371996141,0.0,0.0,0.0,0.0,0.0,9327.973973990298,10075.15103746995,907.2763615517451,0.0,907.2763615517451
2025-01-16,92,2025-01-16 15:20:00,2025-01-16 15:10:00,1075.5811,493.44921666666664,2025-01-16T15:20:00,2025-01-16 00:00:00,0.7217,1067.5462981463534,501.01635000000005,1399.8632814796865,833.3333333333333,0.0,8981.335552399798,9731.335552399798,0.0,1.0,805.3877361444999,0.0,0.0,12.343662001853204,12.343662001853204,0.0,10075.15103746995,10800.0,1010.2813302438898,0.0,1010.2813302438898
2025-01-16,93,2025-01-16 15:30:00,2025-01-16 15:20:00,1037.9933333333333,426.25,2025-01-16T15:30:00,2025-01-16 00:00:00,0.7308,1047.4603673211898,440.05,1440.743700654523,833.3333333333333,0.0,9731.335552399798,10481.335552399798,0.0,1.0,0.0,0.0,0.0,829.0003673211897,829.0003673211897,0.0,10800.0,10800.0,1052.8954964383254,0.0,1052.8954964383254
2025-01-16,94,2025-01-16 15:40:00,2025-01-16 15:30:00,1039.25035,369.4311333333333,2025-01-16T15:40:00,2025-01-16 00:00:00,0.7534,1047.8929187153094,386.8847166666667,1015.0798104933117,354.0716084446689,0.0,10481.335552399798,10800.0,0.0,0.9999999999999978,0.0,0.0,0.0,345.26059382664494,345.26059382664494,0.0,10800.0,10800.0,764.761129225661,0.0,764.761129225661
2025-01-16,95,2025-01-16 15:50:00,2025-01-16 15:40:00,1053.4327833333334,327.28878333333336,2025-01-16T15:50:00,2025-01-16 00:00:00,0.7823,1060.6528229929106,340.10565,720.5471729929106,0.0,0.0,10800.0,10800.0,0.0,0.0,0.0,5.5968270070893595,0.0,0.0,0.0,0.0,10800.0,10793.781303325457,563.684053432354,0.0,563.684053432354
2025-01-16,96,2025-01-16 16:00:00,2025-01-16 15:50:00,1065.4383333333333,288.425,2025-01-16T16:00:00,2025-01-16 00:00:00,0.8055,1066.6209166185592,294.90625,771.7146666185592,0.0,0.0,10800.0,10800.0,0.0,0.0,0.0,5.298666714774072,0.0,0.0,0.0,0.0,10793.781303325457,10787.893895864598,621.6161639612495,0.0,621.6161639612495
2025-01-16,97,2025-01-16 16:10:00,2025-01-16 16:00:00,1081.3271,237.46400000000003,2025-01-16T16:10:00,2025-01-16 00:00:00,0.8271,1054.1707762227552,250.40318333333335,803.7675928894218,0.0,0.0,10800.0,10800.0,0.0,1.1102230246251541e-16,0.0,40.09550711057818,0.0,0.0,0.0,0.0,10787.893895864598,10743.3433324084,664.7961760788407,0.0,664.7961760788407
2025-01-16,98,2025-01-16 16:20:00,2025-01-16 16:10:00,1066.1682,187.97323333333335,2025-01-16T16:20:00,2025-01-16 00:00:00,0.8519,1049.7182464145233,204.10495,845.6132964145232,0.0,0.0,10800.0,10800.0,0.0,0.0,0.0,32.58167025214357,0.0,0.0,0.0,0.0,10743.3433324084,10707.141476572684,720.3779672155323,0.0,720.3779672155323
2025-01-16,99,2025-01-16 16:30:00,2025-01-16 16:20:00,1036.3216666666667,145.69375,2025-01-16T16:30:00,2025-01-16 00:00:00,0.8791,1051.3120434473453,155.45000000000002,895.8620434473453,0.0,0.0,10800.0,10800.0,0.0,0.0,5.23412678067848,0.0,0.0,0.0,0.0,0.0,10707.141476572684,10711.852190675294,787.5523223945612,0.0,787.5523223945612
2025-01-16,100,2025-01-16 16:40:00,2025-01-16 16:30:00,1048.8946833333332,102.5988,2025-01-16T16:40:00,2025-01-16 00:00:00,0.9024,1034.0764341739368,105.90393333333333,928.1725008406036,-0.0,0.0,10800.0,10800.0,0.0,0.0,0.0,18.12338249272966,0.0,0.0,0.0,0.0,10711.852190675294,10691.715099016705,837.5828647585606,0.0,837.5828647585606
2025-01-16,101,2025-01-16 16:50:00,2025-01-16 16:40:00,1076.2546333333332,56.79583333333333,2025-01-16T16:50:00,2025-01-16 00:00:00,0.9163,1030.9285200236527,55.979899999999994,974.9486200236527,0.0,0.0,10800.0,10800.0,0.0,0.0,0.0,44.51017997634722,0.0,0.0,0.0,0.0,10691.715099016705,10642.25934348743,893.3454205276729,0.0,893.3454205276729
2025-01-16,102,2025-01-16 17:00:00,2025-01-16 16:50:00,1065.1916666666666,18.462500000000002,2025-01-16T17:00:00,2025-01-16 00:00:00,0.9264,1041.2569402094048,16.35625,1024.9006902094047,0.0,0.0,10800.0,10800.0,0.0,0.0,0.0,21.828476457261786,0.0,0.0,0.0,0.0,10642.25934348743,10618.00548075714,949.4679994099926,0.0,949.4679994099926
2025-01-16,103,2025-01-16 17:10:00,2025-01-16 17:00:00,996.2820499999999,2.243183333333333,2025-01-16T17:10:00,2025-01-16 00:00:00,0.9462,1031.6899750185048,1.4994666666666667,1030.1905083518382,0.0,0.0,10800.0,10800.0,0.0,0.0,36.15164168517151,0.0,0.0,0.0,0.0,0.0,10618.00548075714,10650.541958273794,974.7662590025093,0.0,974.7662590025093
2025-01-16,104,2025-01-16 17:20:00,2025-01-16 17:10:00,993.4857999999999,0.0,2025-01-16T17:20:00,2025-01-16 00:00:00,0.9742,1029.894905411276,0.0,1029.894905411276,0.0,0.0,10800.0,10800.0,0.0,0.0,36.40910541127619,0.0,0.0,0.0,0.0,0.0,10650.541958273794,10683.310153143942,1003.3236168516652,0.0,1003.3236168516652
2025-01-16,105,2025-01-16 17:30:00,2025-01-16 17:20:00,1066.2733333333333,0.0,2025-01-16T17:30:00,2025-01-16 00:00:00,0.9862,1045.379817280714,0.0,1045.379817280714,0.0,0.0,10800.0,10800.0,0.0,0.0,0.0,20.89351605261936,0.0,0.0,0.0,0.0,10683.310153143942,10660.095135307698,1030.95357580224,0.0,1030.95357580224
2025-01-16,106,2025-01-16 17:40:00,2025-01-16 17:30:00,1079.5379833333334,0.11196666666666666,2025-01-16T17:40:00,2025-01-16 00:00:00,0.976,1036.749149622419,0.06416666666666666,1036.6849829557523,0.0,0.0,10800.0,10800.0,0.0,0.0,0.0,42.74103371091451,0.0,0.0,0.0,0.0,10660.095135307698,10612.605097851127,1011.8045433648142,0.0,1011.8045433648142
2025-01-16,107,2025-01-16 17:50:00,2025-01-16 17:40:00,930.2628333333333,0.0,2025-01-16T17:50:00,2025-01-16 00:00:00,1.0742,903.4148941881746,0.0,903.4148941881746,0.0,0.0,10800.0,10800.0,0.0,0.0,0.0,26.84793914515876,0.0,0.0,0.0,0.0,10612.605097851127,10582.774054356505,970.4482793369372,0.0,970.4482793369372
2025-01-16,108,2025-01-16 18:00:00,2025-01-16 17:50:00,727.4200000000001,0.0,2025-01-16T18:00:00,2025-01-16 00:00:00,1.2313,726.4634527222697,0.0,726.4634527222697,0.0,0.0,10800.0,10800.0,0.0,0.0,0.0,0.9565472777303512,0.0,0.0,0.0,0.0,10582.774054356505,10581.711224047916,894.4944493369308,0.0,894.4944493369308
2025-01-16,109,2025-01-16 18:10:00,2025-01-16 18:00:00,697.9706166666666,0.008033333333333333,2025-01-16T18:10:00,2025-01-16 00:00:00,1.2561,706.6174962953748,0.0046,706.6128962953749,0.0,-0.0,10800.0,10800.0,0.0,0.0,8.65031296204154,0.0,0.0,0.0,0.0,0.0,10581.711224047916,10589.496505713754,887.5764590366203,0.0,887.5764590366203
2025-01-16,110,2025-01-16 18:20:00,2025-01-16 18:10:00,735.9949499999999,0.0,2025-01-16T18:20:00,2025-01-16 00:00:00,1.2447,742.7946286412841,0.0,742.7946286412841,0.0,0.0,10800.0,10800.0,0.0,0.0,6.799678641284231,0.0,0.0,0.0,0.0,0.0,10589.496505713754,10595.61621649091,924.5564742698062,0.0,924.5564742698062
2025-01-16,111,2025-01-16 18:30:00,2025-01-16 18:20:00,750.6783333333333,0.0,2025-01-16T18:30:00,2025-01-16 00:00:00,1.2545,748.3829021815532,0.0,748.3829021815532,0.0,0.0,10800.0,10800.0,0.0,0.0,0.0,2.2954311517801216,0.0,0.0,0.0,0.0,10595.61621649091,10593.065737433375,938.8463507867584,0.0,938.8463507867584
2025-01-16,112,2025-01-16 18:40:00,2025-01-16 18:30:00,748.7222,0.0005833333333333334,2025-01-16T18:40:00,2025-01-16 00:00:00,1.2522,733.9499229963607,0.0003333333333333333,733.9495896630274,0.0,0.0,10800.0,10800.0,0.0,0.0,0.0,14.772027003639323,0.0,0.0,0.0,0.0,10593.065737433375,10576.652374095998,919.0516761760429,0.0,919.0516761760429
2025-01-16,113,2025-01-16 18:50:00,2025-01-16 18:40:00,726.16315,0.0,2025-01-16T18:50:00,2025-01-16 00:00:00,1.2881,729.0080330162773,0.0,116.08147174499902,0.0,612.9265612712783,10800.0,10118.970487476357,0.0,0.0,0.0,610.081678255001,0.0,0.0,0.0,0.0,10576.652374095998,9898.783842701552,149.52454375473323,0.0,149.52454375473323
2025-01-16,114,2025-01-16 19:00:00,2025-01-16 18:50:00,708.585,0.0,2025-01-16T19:00:00,2025-01-16 00:00:00,1.3466,733.42730665968,0.0,0.0,0.0,733.42730665968,10118.970487476357,9304.051257854491,0.0,0.0,0.0,708.585,0.0,0.0,0.0,0.0,9898.783842701552,9111.467176034885,0.0,0.0,0.0
2025-01-16,115,2025-01-16 19:10:00,2025-01-16 19:00:00,734.0395666666667,0.0,2025-01-16T19:10:00,2025-01-16 00:00:00,1.3523,724.8972934208307,0.0,0.0,0.0,724.8972934208307,9304.051257854491,8498.609820720236,0.0,0.0,0.0,734.0395666666667,0.0,0.0,0.0,0.0,9111.467176034885,8295.867657516366,0.0,0.0,0.0
2025-01-16,116,2025-01-16 19:20:00,2025-01-16 19:10:00,758.7002666666667,0.0,2025-01-16T19:20:00,2025-01-16 00:00:00,1.3445,724.6080843985574,0.0,0.0,0.0,724.6080843985574,8498.609820720236,7693.489726944062,0.0,0.0,0.0,758.7002666666667,0.0,0.0,0.0,0.0,8295.867657516366,7452.86736122007,0.0,0.0,0.0
2025-01-16,117,2025-01-16 19:30:00,2025-01-16 19:20:00,752.5583333333334,0.0,2025-01-16T19:30:00,2025-01-16 00:00:00,1.3483,736.6914773828968,0.0,0.0,0.0,736.6914773828968,7693.489726944062,6874.943640963065,0.0,0.0,0.0,752.5583333333334,0.0,0.0,0.0,0.0,7452.86736122007,6616.691435294144,0.0,0.0,0.0
2025-01-16,118,2025-01-16 19:40:00,2025-01-16 19:30:00,728.09315,0.0,2025-01-16T19:40:00,2025-01-16 00:00:00,1.349,741.4532116096518,0.0,0.0,0.0,741.4532116096518,6874.943640963065,6051.106739174563,0.0,0.0,0.0,728.09315,0.0,0.0,0.0,0.0,6616.691435294144,5807.699046405255,0.0,0.0,0.0
2025-01-16,119,2025-01-16 19:50:00,2025-01-16 19:40:00,727.0870166666667,0.0,2025-01-16T19:50:00,2025-01-16 00:00:00,1.3473,737.0790536841433,0.0,0.0,0.0,737.0790536841433,6051.106739174563,5232.130012858848,0.0,0.0,0.0,727.0870166666667,0.0,0.0,0.0,0.0,5807.699046405255,4999.824583442292,0.0,0.0,0.0
2025-01-16,120,2025-01-16 20:00:00,2025-01-16 19:50:00,751.9499999999999,0.0,2025-01-16T20:00:00,2025-01-16 00:00:00,1.3482,726.1566698945871,0.0,0.0,0.0,726.1566698945871,5232.130012858848,4425.289268531529,0.0,0.0,0.0,751.9499999999999,0.0,0.0,0.0,0.0,4999.824583442292,4164.324583442292,0.0,0.0,0.0
2025-01-16,121,2025-01-16 20:10:00,2025-01-16 20:00:00,763.3121333333333,0.0,2025-01-16T20:10:00,2025-01-16 00:00:00,1.3513,714.9906595363382,0.0,0.0,0.0,714.9906595363382,4425.289268531529,3630.855202380042,0.0,0.0,0.0,763.3121333333333,0.0,0.0,0.0,0.0,4164.324583442292,3316.1999908497,0.0,0.0,0.0
2025-01-16,122,2025-01-16 20:20:00,2025-01-16 20:10:00,741.8044333333333,0.0,2025-01-16T20:20:00,2025-01-16 00:00:00,1.34,724.4951182882561,0.0,0.0,0.0,724.4951182882561,3630.855202380042,2825.860626504202,0.0,0.0,0.0,741.8044333333333,0.0,0.0,0.0,0.0,3316.1999908497,2491.972842701552,0.0,0.0,0.0
2025-01-16,123,2025-01-16 20:30:00,2025-01-16 20:20:00,715.7083333333334,0.0,2025-01-16T20:30:00,2025-01-16 00:00:00,1.3489,738.8781561565376,0.0,0.0,0.0,738.8781561565376,2825.860626504202,2004.8848974413827,0.0,0.0,0.0,715.7083333333334,0.0,0.0,0.0,0.0,2491.972842701552,1696.7413612200705,0.0,0.0,0.0
2025-01-16,124,2025-01-16 20:40:00,2025-01-16 20:30:00,733.7681166666666,0.0,2025-01-16T20:40:00,2025-01-16 00:00:00,1.3952,724.3964076972445,0.0,0.0,0.0,724.3964076972445,2004.8848974413827,1200.0,0.0,0.0,0.0,447.0672250980635,286.70089156860314,0.0,0.0,0.0,1696.7413612200705,1200.0,0.0,2000.0254195825755,2000.0254195825755
2025-01-16,125,2025-01-16 20:50:00,2025-01-16 20:40:00,759.1978,0.0,2025-01-16T20:50:00,2025-01-16 00:00:00,1.2226,733.8046159323673,0.0,733.8046159323673,0.0,0.0,1200.0,1200.0,0.0,0.0,0.0,0.0,25.393184067632774,0.0,0.0,0.0,1200.0,1200.0,897.1495234389122,155.22853420543913,1052.3780576443514
2025-01-16,126,2025-01-16 21:00:00,2025-01-16 20:50:00,760.2783333333333,0.0,2025-01-16T21:00:00,2025-01-16 00:00:00,0.9332,770.3530169789443,0.0,770.3530169789443,0.0,0.0,1200.0,1200.0,0.0,0.0,10.074683645611003,0.0,0.0,0.0,0.0,0.0,1200.0,1209.0672152810498,718.8934354447508,0.0,718.8934354447508
2025-01-16,127,2025-01-16 21:10:00,2025-01-16 21:00:00,739.4905333333332,0.0,2025-01-16T21:10:00,2025-01-16 00:00:00,0.9068,777.8723337252499,0.0,777.8723337252499,0.0,0.0,1200.0,1200.0,0.0,0.0,38.38180039191661,0.0,0.0,0.0,0.0,0.0,1209.0672152810498,1243.6108356337747,705.3746322220566,0.0,705.3746322220566
2025-01-16,128,2025-01-16 21:20:00,2025-01-16 21:10:00,727.8466,0.0,2025-01-16T21:20:00,2025-01-16 00:00:00,0.9371,750.5947618975874,0.0,750.5947618975874,0.0,0.0,1200.0,1200.0,0.0,0.0,22.748161897587465,0.0,0.0,0.0,0.0,0.0,1243.6108356337747,1264.0841813416034,703.3823513742292,0.0,703.3823513742292
2025-01-16,129,2025-01-16 21:30:00,2025-01-16 21:20:00,749.1466666666666,0.0,2025-01-16T21:30:00,2025-01-16 00:00:00,0.9371,736.8480603858195,0.0,736.8480603858195,0.0,0.0,1200.0,1200.0,0.0,0.0,0.0,12.298606280847139,0.0,0.0,0.0,0.0,1264.0841813416034,1250.4190632517732,690.5003173875515,0.0,690.5003173875515
2025-01-16,130,2025-01-16 21:40:00,2025-01-16 21:30:00,779.7671833333334,0.0,2025-01-16T21:40:00,2025-01-16 00:00:00,0.9871,773.4981441320715,0.0,773.4981441320715,0.0,-0.0,1200.0,1200.0,0.0,0.0,0.0,6.269039201261876,0.0,0.0,0.0,0.0,1250.4190632517732,1243.45346413926,763.5200180727678,0.0,763.5200180727678
2025-01-16,131,2025-01-16 21:50:00,2025-01-16 21:40:00,674.22085,0.0,2025-01-16T21:50:00,2025-01-16 00:00:00,0.7764,699.5191585371906,0.0,699.5191585371906,0.0,-0.0,1200.0,1200.0,0.0,0.0,25.298308537190564,0.0,0.0,0.0,0.0,0.0,1243.45346413926,1266.2219418227314,543.1066746882748,0.0,543.1066746882748
2025-01-16,132,2025-01-16 22:00:00,2025-01-16 21:50:00,521.3916666666667,0.0,2025-01-16T22:00:00,2025-01-16 00:00:00,0.4209,549.4394736514382,0.0,1382.7728069847715,833.3333333333333,0.0,1200.0,1950.0,0.0,1.0,833.3333333333334,0.0,0.0,28.047806984771455,28.047806984771455,0.0,1266.2219418227314,2016.2219418227314,582.0090744598903,0.0,582.0090744598903
2025-01-16,133,2025-01-16 22:10:00,2025-01-16 22:00:00,564.4336166666667,0.0,2025-01-16T22:10:00,2025-01-16 00:00:00,0.3859,528.8062655789402,0.0,1362.1395989122734,833.3333333333333,0.0,1950.0,2700.0,0.0,1.0,797.7059822456067,0.0,0.0,0.0,0.0,0.0,2016.2219418227314,2734.1573258437775,525.6496712202463,0.0,525.6496712202463
2025-01-16,134,2025-01-16 22:20:00,2025-01-16 22:10:00,614.1435,0.0,2025-01-16T22:20:00,2025-01-16 00:00:00,0.4368,550.0193335251652,0.0,550.0193335251652,0.0,0.0,2700.0,2700.0,0.0,0.0,0.0,64.12416647483485,0.0,0.0,0.0,0.0,2734.1573258437775,2662.90825198285,240.24844488379216,0.0,240.24844488379216
2025-01-16,135,2025-01-16 22:30:00,2025-01-16 22:20:00,581.77,0.0,2025-01-16T22:30:00,2025-01-16 00:00:00,0.4198,555.8645487327071,0.0,1389.1978820660404,833.3333333333333,0.0,2700.0,3450.0,0.0,1.0,807.4278820660404,0.0,0.0,0.0,0.0,0.0,2662.90825198285,3389.593345842286,583.1852708913237,0.0,583.1852708913237
2025-01-16,136,2025-01-16 22:40:00,2025-01-16 22:30:00,567.621,0.0,2025-01-16T22:40:00,2025-01-16 00:00:00,0.4186,581.9956887811401,0.0,1415.3290221144734,833.3333333333333,0.0,3450.0,4200.0,0.0,1.0,833.3333333333334,0.0,0.0,14.374688781140094,14.374688781140094,0.0,3389.593345842286,4139.593345842286,592.4567286571187,0.0,592.4567286571187
2025-01-16,137,2025-01-16 22:50:00,2025-01-16 22:40:00,581.6968333333333,0.0,2025-01-16T22:50:00,2025-01-16 00:00:00,0.4241,610.2051169041778,0.0,610.2051169041778,0.0,0.0,4200.0,4200.0,0.0,0.0,28.50828357084447,0.0,0.0,0.0,0.0,0.0,4139.593345842286,4165.250801056046,258.7879900790618,0.0,258.7879900790618
2025-01-16,138,2025-01-16 23:00:00,2025-01-16 22:50:00,592.1416666666667,0.0,2025-01-16T23:00:00,2025-01-16 00:00:00,0.4237,611.0263105962092,0.0,1444.3596439295425,833.3333333333333,0.0,4200.0,4950.0,0.0,1.0,833.3333333333334,0.0,0.0,18.88464392954245,18.88464392954245,0.0,4165.250801056046,4915.250801056046,611.9751811329472,0.0,611.9751811329472
2025-01-16,139,2025-01-16 23:10:00,2025-01-16 23:00:00,573.2504666666667,0.0,2025-01-16T23:10:00,2025-01-16 00:00:00,0.4248,576.7817414362755,0.0,576.7817414362755,0.0,0.0,4950.0,4950.0,0.0,0.0,3.5312747696087854,0.0,0.0,0.0,0.0,0.0,4915.250801056046,4918.428948348694,245.01688376212985,0.0,245.01688376212985
2025-01-16,140,2025-01-16 23:20:00,2025-01-16 23:10:00,588.03735,0.0,2025-01-16T23:20:00,2025-01-16 00:00:00,0.424,570.4471184580334,0.0,1403.7804517913667,833.3333333333333,0.0,4950.0,5700.0,0.0,1.0,815.7431017913667,0.0,0.0,0.0,0.0,0.0,4918.428948348694,5652.597739960924,595.2029115595394,0.0,595.2029115595394
2025-01-16,141,2025-01-16 23:30:00,2025-01-16 23:20:00,637.5533333333334,0.0,2025-01-16T23:30:00,2025-01-16 00:00:00,0.422,604.3487774661355,0.0,1437.6821107994688,833.3333333333333,0.0,5700.0,6450.0,0.0,1.0,800.1287774661354,0.0,0.0,0.0,0.0,0.0,5652.597739960924,6372.713639680445,606.7018507573758,0.0,606.7018507573758
2025-01-16,142,2025-01-16 23:40:00,2025-01-16 23:30:00,645.6154,0.0,2025-01-16T23:40:00,2025-01-16 00:00:00,0.424,620.7228377338785,0.0,968.8162387131333,348.0934009792549,0.0,6450.0,6763.284060881329,0.0,1.0,323.2008387131333,0.0,0.0,0.0,0.0,0.0,6372.713639680445,6663.594394522265,410.7780852143685,0.0,410.7780852143685
2025-01-16,143,2025-01-16 23:50:00,2025-01-16 23:40:00,567.7601666666667,0.0,2025-01-16T23:50:00,2025-01-16 00:00:00,0.4271,559.1949021212922,0.0,559.1949021212922,0.0,0.0,6763.284060881329,6763.284060881329,0.0,0.0,0.0,8.565264545374475,0.0,0.0,0.0,0.0,6663.594394522265,6654.077433916294,238.8321426960039,0.0,238.8321426960039
2025-01-16,144,2025-01-17 00:00:00,2025-01-16 23:50:00,444.33833333333337,0.0,2025-01-17T00:00:00,2025-01-16 00:00:00,0.4276,465.2313045012207,0.0,465.2313045012207,0.0,0.0,6763.284060881329,6763.284060881329,0.0,-0.0,20.89297116788731,0.0,0.0,0.0,0.0,0.0,6654.077433916294,6672.881107967392,198.93290580472194,0.0,198.93290580472194
2025-01-17,1,2025-01-17 00:10:00,2025-01-17 00:00:00,376.2127666666667,0.0,2025-01-17T00:10:00,2025-01-17 00:00:00,0.4248,411.1261890078015,0.0,1244.4595223411347,833.3333333333333,0.0,6672.881107967392,7422.881107967392,0.0,1.0,833.3333333333334,0.0,0.0,34.913422341134606,34.913422341134606,0.0,6672.881107967392,7422.881107967392,528.646405090514,0.0,528.646405090514
2025-01-17,2,2025-01-17 00:20:00,2025-01-17 00:10:00,399.6171,0.0,2025-01-17T00:20:00,2025-01-17 00:00:00,0.4245,421.9475924739509,0.0,1255.2809258072841,833.3333333333333,0.0,7422.881107967392,8172.881107967392,0.0,1.0,833.3333333333334,0.0,0.0,22.330492473950812,22.330492473950812,0.0,7422.881107967392,8172.881107967392,532.8667530051921,0.0,532.8667530051921
2025-01-17,3,2025-01-17 00:30:00,2025-01-17 00:20:00,468.99499999999995,0.0,2025-01-17T00:30:00,2025-01-17 00:00:00,0.4269,423.53721302281605,0.0,1256.8705463561494,833.3333333333333,0.0,8172.881107967392,8922.881107967392,0.0,1.0,787.8755463561495,0.0,0.0,0.0,0.0,0.0,8172.881107967392,8881.969099687927,536.5580362394402,0.0,536.5580362394402
2025-01-17,4,2025-01-17 00:40:00,2025-01-17 00:30:00,492.8495833333333,0.0,2025-01-17T00:40:00,2025-01-17 00:00:00,0.4272,428.9512454186729,0.0,847.9722365660147,419.02099114734176,0.0,8922.881107967392,9300.0,0.0,0.9999999999999987,355.12265323268133,0.0,0.0,0.0,0.0,0.0,8881.969099687927,9201.57948759734,362.2537394610015,0.0,362.2537394610015
2025-01-17,5,2025-01-17 00:50:00,2025-01-17 00:40:00,457.38273333333336,0.0,2025-01-17T00:50:00,2025-01-17 00:00:00,0.4271,424.06716825204256,0.0,1257.4005015853759,833.3333333333333,0.0,9300.0,10050.0,0.0,1.0,800.0177682520425,0.0,0.0,0.0,0.0,0.0,9201.57948759734,9921.59547902418,537.035754227114,0.0,537.035754227114
2025-01-17,6,2025-01-17 01:00:00,2025-01-17 00:50:00,420.545,0.0,2025-01-17T01:00:00,2025-01-17 00:00:00,0.4285,423.84522568966224,0.0,423.84522568966224,0.0,0.0,10050.0,10050.0,0.0,-0.0,3.300225689662227,0.0,0.0,0.0,0.0,0.0,9921.59547902418,9924.565682144876,181.61767920802026,0.0,181.61767920802026
2025-01-17,7,2025-01-17 01:10:00,2025-01-17 01:00:00,451.5339833333333,0.0,2025-01-17T01:10:00,2025-01-17 00:00:00,0.4311,456.3891015657552,0.0,456.3891015657552,0.0,0.0,10050.0,10050.0,0.0,0.0,4.855118232421887,0.0,0.0,0.0,0.0,0.0,9924.565682144876,9928.935288554056,196.74934168499706,0.0,196.74934168499706
2025-01-17,8,2025-01-17 01:20:00,2025-01-17 01:10:00,463.21575,0.0,2025-01-17T01:20:00,2025-01-17 00:00:00,0.4302,460.3928809338545,0.0,460.3928809338545,0.0,0.0,10050.0,10050.0,0.0,0.0,0.0,2.822869066145529,0.0,0.0,0.0,0.0,9928.935288554056,9925.79876736945,198.0610173777442,0.0,198.0610173777442
2025-01-17,9,2025-01-17 01:30:00,2025-01-17 01:20:00,445.46000000000004,0.0,2025-01-17T01:30:00,2025-01-17 00:00:00,0.4279,442.7062713806713,0.0,442.7062713806713,0.0,0.0,10050.0,10050.0,0.0,-0.0,0.0,2.75372861932874,0.0,0.0,0.0,0.0,9925.79876736945,9922.73906890353,189.43401352378925,0.0,189.43401352378925
2025-01-17,10,2025-01-17 01:40:00,2025-01-17 01:30:00,470.9112666666667,0.0,2025-01-17T01:40:00,2025-01-17 00:00:00,0.4312,469.7598822460662,0.0,469.7598822460662,0.0,0.0,10050.0,10050.0,0.0,0.0,0.0,1.1513844206004933,0.0,0.0,0.0,0.0,9922.73906890353,9921.459752880639,202.56046122450374,0.0,202.56046122450374
2025-01-17,11,2025-01-17 01:50:00,2025-01-17 01:40:00,480.5105833333334,0.0,2025-01-17T01:50:00,2025-01-17 00:00:00,0.4333,485.48234723270895,0.0,485.48234723270895,0.0,0.0,10050.0,10050.0,0.0,0.0,4.97176389937556,0.0,0.0,0.0,0.0,0.0,9921.459752880639,9925.934340390077,210.35950105593278,0.0,210.35950105593278
2025-01-17,12,2025-01-17 02:00:00,2025-01-17 01:50:00,467.70666666666665,0.0,2025-01-17T02:00:00,2025-01-17 00:00:00,0.4311,466.12455168753644,0.0,466.12455168753644,0.0,0.0,10050.0,10050.0,0.0,0.0,0.0,1.5821149791302105,0.0,0.0,0.0,0.0,9925.934340390077,9924.176434857709,200.94629423249694,0.0,200.94629423249694
2025-01-17,13,2025-01-17 02:10:00,2025-01-17 02:00:00,486.57621666666665,0.0,2025-01-17T02:10:00,2025-01-17 00:00:00,0.4293,449.6024201341136,0.0,449.6024201341136,0.0,0.0,10050.0,10050.0,0.0,0.0,0.0,36.97379653255308,0.0,0.0,0.0,0.0,9924.176434857709,9883.094438710428,193.01431896357496,0.0,193.01431896357496
2025-01-17,14,2025-01-17 02:20:00,2025-01-17 02:10:00,490.0801166666667,0.0,2025-01-17T02:20:00,2025-01-17 00:00:00,0.4324,462.95954938912996,0.0,462.95954938912996,0.0,0.0,10050.0,10050.0,0.0,0.0,0.0,27.120567277536736,0.0,0.0,0.0,0.0,9883.094438710428,9852.960475068721,200.1837091558598,0.0,200.1837091558598
2025-01-17,15,2025-01-17 02:30:00,2025-01-17 02:20:00,478.5116666666667,0.0,2025-01-17T02:30:00,2025-01-17 00:00:00,0.4367,490.10247783364883,0.0,490.10247783364883,0.0,0.0,10050.0,10050.0,0.0,0.0,11.590811166982121,0.0,0.0,0.0,0.0,0.0,9852.960475068721,9863.392205119006,214.02775206995443,0.0,214.02775206995443
2025-01-17,16,2025-01-17 02:40:00,2025-01-17 02:30:00,500.55743333333334,0.0,2025-01-17T02:40:00,2025-01-17 00:00:00,0.4348,490.2325435664782,0.0,490.2325435664782,0.0,0.0,10050.0,10050.0,0.0,0.0,0.0,10.324889766855108,0.0,0.0,0.0,0.0,9863.392205119006,9851.920105378056,213.15310994270473,0.0,213.15310994270473
2025-01-17,17,2025-01-17 02:50:00,2025-01-17 02:40:00,507.27771666666666,0.0,2025-01-17T02:50:00,2025-01-17 00:00:00,0.4335,482.1511151385465,0.0,482.1511151385465,0.0,0.0,10050.0,10050.0,0.0,0.0,0.0,25.126601528120148,0.0,0.0,0.0,0.0,9851.920105378056,9824.0016592357,209.01250841255992,0.0,209.01250841255992
2025-01-17,18,2025-01-17 03:00:00,2025-01-17 02:50:00,494.0933333333333,0.0,2025-01-17T03:00:00,2025-01-17 00:00:00,0.4357,489.89368257173294,0.0,489.89368257173294,0.0,0.0,10050.0,10050.0,0.0,0.0,0.0,4.199650761600367,0.0,0.0,0.0,0.0,9824.0016592357,9819.3353806117,213.44667749650404,0.0,213.44667749650404
2025-01-17,19,2025-01-17 03:10:00,2025-01-17 03:00:00,509.24713333333335,0.0,2025-01-17T03:10:00,2025-01-17 00:00:00,0.4374,516.2062235657055,0.0,516.2062235657055,0.0,0.0,10050.0,10050.0,0.0,0.0,6.959090232372148,0.0,0.0,0.0,0.0,0.0,9819.3353806117,9825.598561820834,225.78860218763958,0.0,225.78860218763958
2025-01-17,20,2025-01-17 03:20:00,2025-01-17 03:10:00,534.38945,0.0,2025-01-17T03:20:00,2025-01-17 00:00:00,0.4371,520.8447233407242,0.0,520.8447233407242,0.0,0.0,10050.0,10050.0,0.0,0.0,0.0,13.544726659275852,0.0,0.0,0.0,0.0,9825.598561820834,9810.54886553275,227.66122857223053,0.0,227.66122857223053
2025-01-17,21,2025-01-17 03:30:00,2025-01-17 03:20:00,543.3266666666667,0.0,2025-01-17T03:30:00,2025-01-17 00:00:00,0.4356,492.94138183719537,0.0,492.94138183719537,0.0,0.0,10050.0,10050.0,0.0,0.0,0.0,50.385284829471345,0.0,0.0,0.0,0.0,9810.54886553275,9754.565215722227,214.72526592828228,0.0,214.72526592828228
2025-01-17,22,2025-01-17 03:40:00,2025-01-17 03:30:00,530.68945,0.0,2025-01-17T03:40:00,2025-01-17 00:00:00,0.4353,465.3263906157229,0.0,465.3263906157229,0.0,0.0,10050.0,10050.0,0.0,0.0,0.0,65.36305938427705,0.0,0.0,0.0,0.0,9754.565215722227,9681.939594184141,202.5565778350242,0.0,202.5565778350242
2025-01-17,23,2025-01-17 03:50:00,2025-01-17 03:40:00,534.3720666666667,0.0,2025-01-17T03:50:00,2025-01-17 00:00:00,0.436,482.5957961467439,0.0,482.5957961467439,0.0,0.0,10050.0,10050.0,0.0,0.0,0.0,51.776270519922775,0.0,0.0,0.0,0.0,9681.939594184141,9624.41040471756,210.41176711998034,0.0,210.41176711998034
2025-01-17,24,2025-01-17 04:00:00,2025-01-17 03:50:00,562.975,0.0,2025-01-17T04:00:00,2025-01-17 00:00:00,0.4378,524.1684973663985,0.0,524.1684973663985,0.0,0.0,10050.0,10050.0,0.0,0.0,0.0,38.80650263360155,0.0,0.0,0.0,0.0,9624.41040471756,9581.292068458004,229.48096814700926,0.0,229.48096814700926
2025-01-17,25,2025-01-17 04:10:00,2025-01-17 04:00:00,583.4893833333333,0.0,2025-01-17T04:10:00,2025-01-17 00:00:00,0.4401,522.9170069021097,0.0,522.9170069021097,0.0,0.0,10050.0,10050.0,0.0,0.0,0.0,60.572376431223574,0.0,0.0,0.0,0.0,9581.292068458004,9513.989427978866,230.13577473761848,0.0,230.13577473761848
2025-01-17,26,2025-01-17 04:20:00,2025-01-17 04:10:00,559.6822,0.0,2025-01-17T04:20:00,2025-01-17 00:00:00,0.4389,496.62095573761843,0.0,496.62095573761843,0.0,0.0,10050.0,10050.0,0.0,0.0,0.0,63.061244262381535,0.0,0.0,0.0,0.0,9513.989427978866,9443.921378798443,217.96693747324073,0.0,217.96693747324073
2025-01-17,27,2025-01-17 04:30:00,2025-01-17 04:20:00,527.635,0.0,2025-01-17T04:30:00,2025-01-17 00:00:00,0.4364,493.6047690550312,0.0,493.6047690550312,0.0,0.0,10050.0,10050.0,0.0,0.0,0.0,34.030230944968764,0.0,0.0,0.0,0.0,9443.921378798443,9406.110011081812,215.40912121561564,0.0,215.40912121561564
2025-01-17,28,2025-01-17 04:40:00,2025-01-17 04:30:00,560.4015,0.0,2025-01-17T04:40:00,2025-01-17 00:00:00,0.4393,542.879702880287,0.0,542.879702880287,0.0,0.0,10050.0,10050.0,0.0,0.0,0.0,17.521797119713028,0.0,0.0,0.0,0.0,9406.110011081812,9386.641347615463,238.4870534753101,0.0,238.4870534753101
2025-01-17,29,2025-01-17 04:50:00,2025-01-17 04:40:00,591.1446500000001,0.0,2025-01-17T04:50:00,2025-01-17 00:00:00,0.4422,565.9763342262028,0.0,565.9763342262028,0.0,0.0,10050.0,10050.0,0.0,0.0,0.0,25.168315773797303,0.0,0.0,0.0,0.0,9386.641347615463,9358.676552311244,250.27473499482684,0.0,250.27473499482684
2025-01-17,30,2025-01-17 05:00:00,2025-01-17 04:50:00,584.2333333333333,0.0,2025-01-17T05:00:00,2025-01-17 00:00:00,0.4395,550.0427444554057,0.0,550.0427444554057,0.0,0.0,10050.0,10050.0,0.0,0.0,0.0,34.19058887792767,0.0,0.0,0.0,0.0,9358.676552311244,9320.687009113548,241.7437861881508,0.0,241.7437861881508
2025-01-17,31,2025-01-17 05:10:00,2025-01-17 05:00:00,566.7357000000001,0.0,2025-01-17T05:10:00,2025-01-17 00:00:00,0.4333,554.8149449544229,0.0,554.8149449544229,0.0,0.0,10050.0,10050.0,0.0,0.0,0.0,11.920755045577152,0.0,0.0,0.0,0.0,9320.687009113548,9307.441725729574,240.40131564875145,0.0,240.40131564875145
2025-01-17,32,2025-01-17 05:20:00,2025-01-17 05:10:00,549.1604833333333,0.0007166666666666667,2025-01-17T05:20:00,2025-01-17 00:00:00,0.4439,561.0496895091326,0.0006166666666666667,561.0490728424659,0.0,0.0,10050.0,10050.0,0.0,0.0,11.88930617579922,0.0,0.0,0.0,0.0,0.0,9307.441725729574,9318.142101287793,249.0496834347706,0.0,249.0496834347706
2025-01-17,33,2025-01-17 05:30:00,2025-01-17 05:20:00,549.7133333333334,0.0,2025-01-17T05:30:00,2025-01-17 00:00:00,0.4301,551.413755644583,0.0,551.413755644583,0.0,0.0,10050.0,10050.0,0.0,0.0,1.7004223112496675,0.0,0.0,0.0,0.0,0.0,9318.142101287793,9319.672481367917,237.16305630273516,0.0,237.16305630273516
2025-01-17,34,2025-01-17 05:40:00,2025-01-17 05:30:00,579.4430333333333,0.0,2025-01-17T05:40:00,2025-01-17 00:00:00,0.3713,536.5143263453377,0.0,1369.8476596786709,833.3333333333333,0.0,10050.0,10800.0,0.0,1.0,790.4046263453375,0.0,0.0,0.0,0.0,0.0,9319.672481367917,10031.03664507872,508.62443603869053,0.0,508.62443603869053
2025-01-17,35,2025-01-17 05:50:00,2025-01-17 05:40:00,574.3602999999999,0.010083333333333333,2025-01-17T05:50:00,2025-01-17 00:00:00,0.5708,546.2752525911427,0.008499999999999999,546.2667525911427,0.0,-0.0,10800.0,10800.0,0.0,0.0,0.0,28.08346407552392,0.0,0.0,0.0,0.0,10031.03664507872,9999.832796105917,311.8090623790242,0.0,311.8090623790242
2025-01-17,36,2025-01-17 06:00:00,2025-01-17 05:50:00,539.8566666666667,0.0,2025-01-17T06:00:00,2025-01-17 00:00:00,0.9099,575.2375099292136,0.0,0.0,0.0,575.2375099292136,10800.0,10160.847211189763,0.0,0.0,0.0,539.8566666666667,0.0,0.0,0.0,0.0,9999.832796105917,9399.992055365175,0.0,0.0,0.0
2025-01-17,37,2025-01-17 06:10:00,2025-01-17 06:00:00,544.4665833333333,0.0,2025-01-17T06:10:00,2025-01-17 00:00:00,0.9368,587.1824010403124,0.0,0.0,0.0,587.1824010403124,10160.847211189763,9508.422321144972,0.0,0.0,0.0,544.4665833333333,0.0,0.0,0.0,0.0,9399.992055365175,8795.029184994804,0.0,0.0,0.0
2025-01-17,38,2025-01-17 06:20:00,2025-01-17 06:10:00,557.5819833333334,0.14055,2025-01-17T06:20:00,2025-01-17 00:00:00,0.8758,582.7081952269074,0.11848333333333333,0.0,0.0,582.5897118935741,9508.422321144972,8861.100419041,0.0,0.0,0.0,557.4414333333334,0.0,0.0,0.0,0.0,8795.029184994804,8175.649814624434,0.0,0.0,0.0
2025-01-17,39,2025-01-17 06:30:00,2025-01-17 06:20:00,554.68,0.0,2025-01-17T06:30:00,2025-01-17 00:00:00,0.8759,572.1493177516386,0.0,0.0,0.0,572.1493177516386,8861.100419041,8225.378954872513,0.0,0.0,0.0,554.68,0.0,0.0,0.0,0.0,8175.649814624434,7559.338703513323,0.0,0.0,0.0
2025-01-17,40,2025-01-17 06:40:00,2025-01-17 06:30:00,550.8620333333333,0.0,2025-01-17T06:40:00,2025-01-17 00:00:00,0.8601,567.1437775989883,0.0,0.0,0.0,567.1437775989883,8225.378954872513,7595.219201984748,0.0,0.0,0.0,550.8620333333333,0.0,0.0,0.0,0.0,7559.338703513323,6947.269777587397,0.0,0.0,0.0
2025-01-17,41,2025-01-17 06:50:00,2025-01-17 06:40:00,589.0881166666667,2.7070000000000003,2025-01-17T06:50:00,2025-01-17 00:00:00,0.8442,583.3904386654458,2.2529333333333335,0.0,0.0,581.1375053321125,7595.219201984748,6949.5108627268455,0.0,0.0,0.0,586.3811166666667,0.0,0.0,0.0,0.0,6947.269777587397,6295.735203513323,0.0,0.0,0.0
2025-01-17,42,2025-01-17 07:00:00,2025-01-17 06:50:00,644.4333333333333,20.23125,2025-01-17T07:00:00,2025-01-17 00:00:00,0.8334,619.7961218829435,16.275000000000002,0.0,0.0,603.5211218829435,6949.5108627268455,6278.931838412464,0.0,0.0,0.0,624.2020833333332,0.0,0.0,0.0,0.0,6295.735203513323,5602.177333142952,0.0,0.0,0.0
2025-01-17,43,2025-01-17 07:10:00,2025-01-17 07:00:00,646.6724833333334,59.57095,2025-01-17T07:10:00,2025-01-17 00:00:00,0.8092,657.4149829789234,47.76085,0.0,0.0,609.6541329789234,6278.931838412464,5601.538357324771,0.0,0.0,0.0,587.1015333333334,0.0,0.0,0.0,0.0,5602.177333142952,4949.842296105915,0.0,0.0,0.0
2025-01-17,44,2025-01-17 07:20:00,2025-01-17 07:10:00,640.1483833333333,106.5477,2025-01-17T07:20:00,2025-01-17 00:00:00,0.7972,677.505572687349,88.89581666666668,0.0,0.0,588.6097560206823,5601.538357324771,4947.527517301791,0.0,0.0,0.0,533.6006833333333,0.0,0.0,0.0,0.0,4949.842296105915,4356.952647957767,0.0,0.0,0.0
2025-01-17,45,2025-01-17 07:30:00,2025-01-17 07:20:00,647.9433333333333,151.9,2025-01-17T07:30:00,2025-01-17 00:00:00,0.7644,670.4547003084588,131.82500000000002,507.60056946432286,0.0,31.02913084413585,4947.527517301791,4913.050705252751,0.0,0.0,11.557236130989622,0.0,0.0,0.0,0.0,0.0,4356.952647957767,4367.354160475657,388.00987529852836,0.0,388.00987529852836
2025-01-17,46,2025-01-17 07:40:00,2025-01-17 07:30:00,651.0206833333333,197.40436666666668,2025-01-17T07:40:00,2025-01-17 00:00:00,0.6899,644.7330208385291,173.47975,471.25327083852915,0.0,0.0,4913.050705252751,4913.050705252751,0.0,0.0,17.6369541718625,0.0,0.0,0.0,0.0,0.0,4367.354160475657,4383.227419230334,325.11763155150123,0.0,325.11763155150123
2025-01-17,47,2025-01-17 07:50:00,2025-01-17 07:40:00,663.3539666666667,247.04808333333335,2025-01-17T07:50:00,2025-01-17 00:00:00,0.86,643.3557637232901,215.77241666666666,0.0,0.0,427.58334705662344,4913.050705252751,4437.958097412058,0.0,0.0,0.0,416.3058833333333,0.0,0.0,0.0,0.0,4383.227419230334,3920.665326637741,0.0,0.0,0.0
2025-01-17,48,2025-01-17 08:00:00,2025-01-17 07:50:00,675.9016666666666,301.5,2025-01-17T08:00:00,2025-01-17 00:00:00,1.1617,666.33957373539,260.49375000000003,0.0,0.0,405.84582373538996,4437.958097412058,3987.0182932616244,0.0,0.0,0.0,374.40166666666664,0.0,0.0,0.0,0.0,3920.665326637741,3504.6634747858893,0.0,0.0,0.0
2025-01-17,49,2025-01-17 08:10:00,2025-01-17 08:00:00,660.73175,356.0339333333333,2025-01-17T08:10:00,2025-01-17 00:00:00,1.1683,675.9392216159347,305.51286666666664,0.0,0.0,370.42635494926805,3987.0182932616244,3575.433454429104,0.0,0.0,0.0,304.6978166666667,0.0,0.0,0.0,0.0,3504.6634747858893,3166.1103451562594,0.0,0.0,0.0
2025-01-17,50,2025-01-17 08:20:00,2025-01-17 08:10:00,640.667,400.11740000000003,2025-01-17T08:20:00,2025-01-17 00:00:00,1.0956,688.090953069401,339.3194833333333,0.0,0.0,348.77146973606773,3575.433454429104,3187.909599166807,0.0,0.0,0.0,240.5496,0.0,0.0,0.0,0.0,3166.1103451562594,2898.833011822926,0.0,0.0,0.0
2025-01-17,51,2025-01-17 08:30:00,2025-01-17 08:20:00,629.21,438.83125,2025-01-17T08:30:00,2025-01-17 00:00:00,1.0849,700.4149956489131,370.7,0.0,0.0,329.7149956489131,3187.909599166807,2821.559604001348,0.0,0.0,0.0,190.37875000000003,0.0,0.0,0.0,0.0,2898.833011822926,2687.3010673784815,0.0,0.0,0.0
2025-01-17,52,2025-01-17 08:40:00,2025-01-17 08:30:00,629.6717333333333,487.46166666666664,2025-01-17T08:40:00,2025-01-17 00:00:00,1.061,695.7416433679624,422.60355,0.0,0.0,273.1380933679624,2821.559604001348,2518.0728335925005,0.0,0.0,0.0,142.2100666666667,0.0,0.0,0.0,0.0,2687.3010673784815,2529.2898821932963,0.0,0.0,0.0
2025-01-17,53,2025-01-17 08:50:00,2025-01-17 08:40:00,689.7615333333333,534.67655,2025-01-17T08:50:00,2025-01-17 00:00:00,1.043,723.530326413631,484.2694166666667,0.0,0.0,239.26090974696427,2518.0728335925005,2252.227378318096,0.0,0.0,0.0,155.0849833333333,0.0,0.0,0.0,0.0,2529.2898821932963,2356.9732340451483,0.0,0.0,0.0
2025-01-17,54,2025-01-17 09:00:00,2025-01-17 08:50:00,771.3816666666667,577.1999999999999,2025-01-17T09:00:00,2025-01-17 00:00:00,1.036,772.4004045455306,539.59375,0.0,0.0,232.8066545455306,2252.227378318096,1993.5533177119507,0.0,0.0,0.0,194.18166666666673,0.0,0.0,0.0,0.0,2356.9732340451483,2141.215826637741,0.0,0.0,0.0
2025-01-17,55,2025-01-17 09:10:00,2025-01-17 09:00:00,776.3566833333333,625.0233333333333,2025-01-17T09:10:00,2025-01-17 00:00:00,1.0147,778.6608897495554,580.2057833333333,0.0,0.0,198.45510641622207,1993.5533177119507,1773.0476439161484,0.0,0.0,0.0,151.33335,0.0,0.0,0.0,0.0,2141.215826637741,1973.0676599710744,0.0,0.0,0.0
2025-01-17,56,2025-01-17 09:20:00,2025-01-17 09:10:00,752.9481166666666,681.1773,2025-01-17T09:20:00,2025-01-17 00:00:00,0.9922,778.6608758762089,614.9460833333334,0.0,0.0,163.71479254287556,1773.0476439161484,1591.142318868509,0.0,0.0,0.0,71.77081666666663,0.0,0.0,0.0,0.0,1973.0676599710744,1893.3223081192225,0.0,0.0,0.0
2025-01-17,57,2025-01-17 09:30:00,2025-01-17 09:20:00,744.7583333333333,736.8125,2025-01-17T09:30:00,2025-01-17 00:00:00,0.97,786.1993710699799,648.06875,0.0,0.0,138.13062106997984,1591.142318868509,1437.6638510129758,0.0,0.0,0.0,7.945833333333326,0.0,0.0,0.0,0.0,1893.3223081192225,1884.4936044155188,0.0,0.0,0.0
2025-01-17,58,2025-01-17 09:40:00,2025-01-17 09:30:00,751.2196166666666,775.3630166666667,2025-01-17T09:40:00,2025-01-17 00:00:00,0.9422,777.4306565047699,675.8628333333334,0.0,0.0,101.56782317143654,1437.6638510129758,1324.8107141558241,0.0,0.0,24.143400000000042,0.0,0.0,0.0,0.0,0.0,1884.4936044155188,1906.222664415519,0.0,0.0,0.0
2025-01-17,59,2025-01-17 09:50:00,2025-01-17 09:40:00,764.0121666666668,790.9223666666667,2025-01-17T09:50:00,2025-01-17 00:00:00,0.9569,770.5017031891156,698.667,0.0,0.0,71.83470318911554,1324.8107141558241,1244.994377279029,0.0,0.0,26.910199999999918,0.0,0.0,0.0,0.0,0.0,1906.222664415519,1930.4418444155187,0.0,0.0,0.0
2025-01-17,60,2025-01-17 10:00:00,2025-01-17 09:50:00,763.8816666666667,817.225,2025-01-17T10:00:00,2025-01-17 00:00:00,0.9977,769.7761895511262,729.28125,0.0,0.0,40.49493955112621,1244.994377279029,1200.0,0.0,0.0,53.34333333333336,0.0,0.0,0.0,0.0,0.0,1930.4418444155187,1978.4508444155188,0.0,0.0,0.0
2025-01-17,61,2025-01-17 10:10:00,2025-01-17 10:00:00,738.6057166666666,895.9088833333334,2025-01-17T10:10:00,2025-01-17 00:00:00,0.9919,761.7913114085535,779.7632,0.0,17.971888591446486,0.0,1200.0,1216.1746997323019,0.0,1.0,157.3031666666668,0.0,0.0,0.0,0.0,0.0,1978.4508444155188,2120.023694415519,0.0,0.0,0.0
2025-01-17,62,2025-01-17 10:20:00,2025-01-17 10:10:00,738.6536333333333,955.5129000000001,2025-01-17T10:20:00,2025-01-17 00:00:00,0.9588,759.9474618696435,815.7461,0.0,55.798638130356494,0.0,1216.1746997323019,1266.3934740496227,0.0,1.0,216.8592666666667,0.0,0.0,0.0,0.0,0.0,2120.023694415519,2315.197034415519,0.0,0.0,0.0
2025-01-17,63,2025-01-17 10:30:00,2025-01-17 10:20:00,755.5916666666667,958.5187500000001,2025-01-17T10:30:00,2025-01-17 00:00:00,0.9549,759.9436916086505,835.53125,0.0,75.58755839134949,0.0,1266.3934740496227,1334.4222766018372,0.0,1.0,202.92708333333337,0.0,0.0,0.0,0.0,0.0,2315.197034415519,2497.831409415519,0.0,0.0,0.0
2025-01-17,64,2025-01-17 10:40:00,2025-01-17 10:30:00,734.1440666666667,935.0578833333334,2025-01-17T10:40:00,2025-01-17 00:00:00,0.9839,742.7204715596224,871.4816999999999,0.0,128.76122844037752,0.0,1334.4222766018372,1450.307382198177,0.0,1.0,200.91381666666666,0.0,0.0,0.0,0.0,0.0,2497.831409415519,2678.653844415519,0.0,0.0,0.0
2025-01-17,65,2025-01-17 10:50:00,2025-01-17 10:40:00,726.6918000000001,933.16575,2025-01-17T10:50:00,2025-01-17 00:00:00,0.799,728.135854404748,914.9906833333333,0.0,186.85482892858533,0.0,1450.307382198177,1618.476728233904,0.0,1.0,206.47394999999995,0.0,0.0,0.0,0.0,0.0,2678.653844415519,2864.480399415519,0.0,0.0,0.0
2025-01-17,66,2025-01-17 11:00:00,2025-01-17 10:50:00,729.2816666666666,954.5124999999999,2025-01-17T11:00:00,2025-01-17 00:00:00,0.5025,727.6927975248391,955.3375,0.0,227.6447024751609,0.0,1618.476728233904,1823.3569604615489,0.0,1.0,225.2308333333333,0.0,0.0,0.0,0.0,0.0,2864.480399415519,3067.188149415519,0.0,0.0,0.0
2025-01-17,67,2025-01-17 11:10:00,2025-01-17 11:00:00,686.2932000000001,961.9274999999999,2025-01-17T11:10:00,2025-01-17 00:00:00,0.4662,732.4570088353829,987.8862833333333,577.9040588353829,833.3333333333333,0.0,1823.3569604615489,2573.3569604615486,0.0,1.0,833.3333333333334,0.0,0.0,20.205025502049352,20.205025502049352,0.0,3067.188149415519,3817.188149415519,269.4188722290555,0.0,269.4188722290555
2025-01-17,68,2025-01-17 11:20:00,2025-01-17 11:10:00,668.1034,962.6507499999999,2025-01-17T11:20:00,2025-01-17 00:00:00,0.5007,726.1171953290713,998.6749,0.0,272.55770467092873,0.0,2573.3569604615486,2818.6588946653847,0.0,1.0,294.54734999999994,0.0,0.0,0.0,0.0,0.0,3817.188149415519,4082.280764415519,0.0,0.0,0.0
2025-01-17,69,2025-01-17 11:30:00,2025-01-17 11:20:00,695.3983333333334,956.49375,2025-01-17T11:30:00,2025-01-17 00:00:00,0.4827,712.3023183924611,989.50625,98.03781665976112,375.24174826730007,0.0,2818.6588946653847,3156.3764681059547,0.0,0.9999999999999936,359.1332333264278,0.0,0.0,0.0,0.0,0.0,4082.280764415519,4405.500674409304,47.32285410166669,0.0,47.32285410166669
2025-01-17,70,2025-01-17 11:40:00,2025-01-17 11:30:00,716.4474166666668,937.4035833333334,2025-01-17T11:40:00,2025-01-17 00:00:00,0.4785,709.4656300808626,980.0702666666666,562.7286967475293,833.3333333333333,0.0,3156.3764681059547,3906.3764681059547,0.0,1.0,783.6848634141958,0.0,0.0,0.0,0.0,0.0,4405.500674409304,5110.81705148208,269.2656813936928,0.0,269.2656813936928
2025-01-17,71,2025-01-17 11:50:00,2025-01-17 11:40:00,718.8371000000001,948.8863666666666,2025-01-17T11:50:00,2025-01-17 00:00:00,0.4662,709.2954437729085,988.04815,554.5806271062418,833.3333333333333,0.0,3906.3764681059547,4656.376468105955,0.0,1.0,784.6298937729083,0.0,0.0,0.0,0.0,0.0,5110.81705148208,5816.983955877698,258.5454883569299,0.0,258.5454883569299
2025-01-17,72,2025-01-17 12:00:00,2025-01-17 11:50:00,712.8766666666667,971.6999999999999,2025-01-17T12:00:00,2025-01-17 00:00:00,0.4432,702.6714128057439,1012.4125,523.5922461390771,833.3333333333333,0.0,4656.376468105955,5406.376468105955,0.0,1.0,782.4155794724105,0.0,0.0,0.0,0.0,0.0,5816.983955877698,6521.157977402867,232.05608348883896,0.0,232.05608348883896
2025-01-17,73,2025-01-17 12:10:00,2025-01-17 12:00:00,709.3880833333333,946.0235166666666,2025-01-17T12:10:00,2025-01-17 00:00:00,0.4411,691.4673417576817,1033.2191333333333,491.58154175768163,833.3333333333333,0.0,5406.376468105955,6156.376468105955,0.0,1.0,728.216975091015,0.0,0.0,0.0,0.0,0.0,6521.157977402867,7176.55325498478,216.83661806931337,0.0,216.83661806931337
2025-01-17,74,2025-01-17 12:20:00,2025-01-17 12:10:00,676.2895333333333,946.8049666666667,2025-01-17T12:20:00,2025-01-17 00:00:00,0.4551,695.4914567549075,1028.39155,500.4332400882407,833.3333333333333,0.0,6156.376468105955,6906.376468105955,0.0,1.0,770.9486734215741,0.0,0.0,0.0,0.0,0.0,7176.55325498478,7870.4070610641975,227.74716756415836,0.0,227.74716756415836
2025-01-17,75,2025-01-17 12:30:00,2025-01-17 12:20:00,639.1333333333333,985.5375,2025-01-17T12:30:00,2025-01-17 00:00:00,0.4463,703.4147145874017,1009.8375,526.910547920735,833.3333333333333,0.0,6906.376468105955,7656.376468105955,0.0,1.0,833.3333333333334,0.0,0.0,39.98138125406831,39.98138125406831,0.0,7870.4070610641975,8620.407061064197,235.160177537024,0.0,235.160177537024
2025-01-17,76,2025-01-17 12:40:00,2025-01-17 12:30:00,659.5924,994.0101333333333,2025-01-17T12:40:00,2025-01-17 00:00:00,0.4113,687.772765910294,1007.2538333333333,513.8522659102939,833.3333333333333,0.0,7656.376468105955,8406.376468105955,0.0,1.0,833.3333333333334,0.0,0.0,14.936665910293982,14.936665910293982,0.0,8620.407061064197,9370.407061064197,211.34743696890388,0.0,211.34743696890388
2025-01-17,77,2025-01-17 12:50:00,2025-01-17 12:40:00,673.4614166666667,977.0920833333333,2025-01-17T12:50:00,2025-01-17 00:00:00,0.5682,695.4921571760377,987.1761833333334,0.0,291.68402615729565,0.0,8406.376468105955,8668.89209164752,0.0,1.0,303.6306666666667,0.0,0.0,0.0,0.0,0.0,9370.407061064197,9643.674661064197,0.0,0.0,0.0
2025-01-17,78,2025-01-17 13:00:00,2025-01-17 12:50:00,666.3633333333333,958.9187499999999,2025-01-17T13:00:00,2025-01-17 00:00:00,0.8279,717.8135593317214,967.3125,0.0,249.49894066827858,0.0,8668.89209164752,8893.44113824897,0.0,1.0,292.5554166666666,0.0,0.0,0.0,0.0,0.0,9643.674661064197,9906.974536064197,0.0,0.0,0.0
2025-01-17,79,2025-01-17 13:10:00,2025-01-17 13:00:00,681.5246833333333,951.12275,2025-01-17T13:10:00,2025-01-17 00:00:00,0.8636,695.6130287568905,999.6104833333334,0.0,303.9974545764429,0.0,8893.44113824897,9167.038847367769,0.0,1.0,269.5980666666667,0.0,0.0,0.0,0.0,0.0,9906.974536064197,10149.612796064197,0.0,0.0,0.0
2025-01-17,80,2025-01-17 13:20:00,2025-01-17 13:10:00,668.0419666666667,918.2442,2025-01-17T13:20:00,2025-01-17 00:00:00,0.8416,665.8412562222728,1007.5572333333333,0.0,341.7159771110605,0.0,9167.038847367769,9474.583226767723,0.0,1.0,250.2022333333333,0.0,0.0,0.0,0.0,0.0,10149.612796064197,10374.794806064197,0.0,0.0,0.0
2025-01-17,81,2025-01-17 13:30:00,2025-01-17 13:20:00,633.7816666666666,872.11875,2025-01-17T13:30:00,2025-01-17 00:00:00,0.8618,663.8082463334741,971.40625,0.0,307.59800366652587,0.0,9474.583226767723,9751.421430067596,0.0,1.0,238.33708333333334,0.0,0.0,0.0,0.0,0.0,10374.794806064197,10589.298181064198,0.0,0.0,0.0
2025-01-17,82,2025-01-17 13:40:00,2025-01-17 13:30:00,642.3919666666667,860.53965,2025-01-17T13:40:00,2025-01-17 00:00:00,0.8623,684.8406848658756,946.4481999999999,0.0,261.60751513412436,0.0,9751.421430067596,9986.868193688308,0.0,1.0,218.14768333333336,0.0,0.0,0.0,0.0,0.0,10589.298181064198,10785.631096064199,0.0,0.0,0.0
2025-01-17,83,2025-01-17 13:50:00,2025-01-17 13:40:00,650.2510666666667,841.0417000000001,2025-01-17T13:50:00,2025-01-17 00:00:00,0.9026,673.678182746495,929.30215,0.0,255.62396725350493,0.0,9986.868193688308,10216.929764216462,0.0,1.0,15.96544881755714,0.0,0.0,174.82518451577627,0.0,174.82518451577627,10785.631096064199,10800.0,0.0,0.0,0.0
2025-01-17,84,2025-01-17 14:00:00,2025-01-17 13:50:00,641.0533333333334,797.6,2025-01-17T14:00:00,2025-01-17 00:00:00,0.9754,640.651543943314,893.3312500000001,0.0,252.6797060566861,0.0,10216.929764216462,10444.34149966748,0.0,1.0,0.0,0.0,0.0,156.54666666666662,0.0,156.54666666666662,10800.0,10800.0,0.0,0.0,0.0
2025-01-17,85,2025-01-17 14:10:00,2025-01-17 14:00:00,641.7311666666667,757.9667333333333,2025-01-17T14:10:00,2025-01-17 00:00:00,1.0002,651.4788733431081,821.5127666666667,0.0,170.03389332355857,0.0,10444.34149966748,10597.372003658682,0.0,1.0,0.0,0.0,0.0,116.23556666666661,0.0,116.23556666666661,10800.0,10800.0,0.0,0.0,0.0
2025-01-17,86,2025-01-17 14:20:00,2025-01-17 14:10:00,633.9927166666666,726.6912833333334,2025-01-17T14:20:00,2025-01-17 00:00:00,0.9978,681.6150691141313,763.4274333333333,0.0,81.81236421920198,0.0,10597.372003658682,10671.003131455964,0.0,1.0,0.0,0.0,0.0,92.6985666666668,0.0,92.6985666666668,10800.0,10800.0,0.0,0.0,0.0
2025-01-17,87,2025-01-17 14:30:00,2025-01-17 14:20:00,633.485,708.9,2025-01-17T14:30:00,2025-01-17 00:00:00,1.0271,682.5409951634275,733.8562499999999,0.0,51.31525483657242,0.0,10671.003131455964,10717.186860808879,0.0,1.0,0.0,0.0,0.0,75.41499999999996,0.0,75.41499999999996,10800.0,10800.0,0.0,0.0,0.0
2025-01-17,88,2025-01-17 14:40:00,2025-01-17 14:30:00,672.4984000000001,703.4768833333333,2025-01-17T14:40:00,2025-01-17 00:00:00,1.0906,634.2617675311625,700.92585,0.0,66.66408246883748,0.0,10717.186860808879,10777.184535030832,0.0,1.0,0.0,0.0,0.0,30.9784833333332,0.0,30.9784833333332,10800.0,10800.0,0.0,0.0,0.0
2025-01-17,89,2025-01-17 14:50:00,2025-01-17 14:40:00,671.6356333333333,659.8197666666666,2025-01-17T14:50:00,2025-01-17 00:00:00,0.9376,627.5611333675917,652.91165,0.0,25.350516632408358,0.0,10777.184535030832,10800.0,0.0,1.0,0.0,11.815866666666693,0.0,0.0,0.0,0.0,10800.0,10786.87125925926,0.0,0.0,0.0
2025-01-17,90,2025-01-17 15:00:00,2025-01-17 14:50:00,639.9733333333334,587.15625,2025-01-17T15:00:00,2025-01-17 00:00:00,0.6694,655.2281310379134,598.00625,57.22188103791336,0.0,-0.0,10800.0,10800.0,0.0,0.0,4.404797704580005,0.0,0.0,0.0,0.0,0.0,10786.87125925926,10790.835577193382,38.3043271667792,0.0,38.3043271667792
2025-01-17,91,2025-01-17 15:10:00,2025-01-17 15:00:00,661.0485333333334,543.01995,2025-01-17T15:10:00,2025-01-17 00:00:00,0.66,627.8444091361422,550.5675833333333,77.27682580280884,0.0,0.0,10800.0,10800.0,0.0,0.0,0.0,40.751757530524515,0.0,0.0,0.0,0.0,10790.835577193382,10745.555846603911,51.00270502985384,0.0,51.00270502985384
2025-01-17,92,2025-01-17 15:20:00,2025-01-17 15:10:00,653.4660333333334,491.54956666666664,2025-01-17T15:20:00,2025-01-17 00:00:00,0.7217,624.7535169861694,493.44921666666664,131.30430031950277,0.0,-0.0,10800.0,10800.0,0.0,0.0,0.0,30.61216634716402,0.0,0.0,0.0,0.0,10745.555846603911,10711.542328440395,94.76231354058515,0.0,94.76231354058515
2025-01-17,93,2025-01-17 15:30:00,2025-01-17 15:20:00,603.0783333333333,429.39375,2025-01-17T15:30:00,2025-01-17 00:00:00,0.7308,650.7973671072757,426.25,224.5473671072757,0.0,0.0,10800.0,10800.0,0.0,0.0,50.8627837739424,0.0,0.0,0.0,0.0,0.0,10711.542328440395,10757.318833836944,164.09921588199708,0.0,164.09921588199708
2025-01-17,94,2025-01-17 15:40:00,2025-01-17 15:30:00,584.6588666666667,393.0156666666667,2025-01-17T15:40:00,2025-01-17 00:00:00,0.7534,630.5524036459452,369.4311333333333,261.1212703126119,0.0,-0.0,10800.0,10800.0,0.0,0.0,47.42351795895148,0.0,0.0,22.054552353660384,22.054552353660384,0.0,10757.318833836944,10800.0,196.72876505352178,0.0,196.72876505352178
2025-01-17,95,2025-01-17 15:50:00,2025-01-17 15:40:00,589.7957666666667,353.1442833333333,2025-01-17T15:50:00,2025-01-17 00:00:00,0.7823,635.1079604702367,327.28878333333336,307.8191771369033,0.0,0.0,10800.0,10800.0,0.0,0.0,0.0,0.0,0.0,71.16769380356993,71.16769380356993,0.0,10800.0,10800.0,240.80694227419946,0.0,240.80694227419946
2025-01-17,96,2025-01-17 16:00:00,2025-01-17 15:50:00,592.4433333333333,300.3,2025-01-17T16:00:00,2025-01-17 00:00:00,0.8055,666.1356096012644,288.425,377.71060960126437,0.0,-0.0,10800.0,10800.0,0.0,0.0,0.0,0.0,0.0,85.5672762679311,85.5672762679311,0.0,10800.0,10800.0,304.24589603381844,0.0,304.24589603381844
2025-01-17,97,2025-01-17 16:10:00,2025-01-17 16:00:00,580.4638166666667,254.02235,2025-01-17T16:10:00,2025-01-17 00:00:00,0.8271,645.4307964565521,237.46400000000003,407.96679645655206,0.0,-0.0,10800.0,10800.0,0.0,0.0,0.0,0.0,0.0,81.52532978988529,81.52532978988529,0.0,10800.0,10800.0,337.42933734921417,0.0,337.42933734921417
2025-01-17,98,2025-01-17 16:20:00,2025-01-17 16:10:00,578.8598333333333,203.43091666666666,2025-01-17T16:20:00,2025-01-17 00:00:00,0.8519,604.2281580304922,187.97323333333335,416.2549246971588,0.0,-0.0,10800.0,10800.0,0.0,0.0,0.0,0.0,0.0,40.826008030492176,40.826008030492176,0.0,10800.0,10800.0,354.60757034950956,0.0,354.60757034950956
2025-01-17,99,2025-01-17 16:30:00,2025-01-17 16:20:00,598.7466666666667,149.9625,2025-01-17T16:30:00,2025-01-17 00:00:00,0.8791,592.5186664061179,145.69375,446.82491640611784,0.0,-0.0,10800.0,10800.0,0.0,0.0,0.0,1.9592502605488562,0.0,0.0,0.0,0.0,10800.0,10797.823055266057,392.80378401261817,0.0,392.80378401261817
2025-01-17,100,2025-01-17 16:40:00,2025-01-17 16:30:00,613.0644666666667,108.04936666666667,2025-01-17T16:40:00,2025-01-17 00:00:00,0.9024,620.2401469880423,102.5988,517.6413469880423,0.0,0.0,10800.0,10800.0,0.0,0.0,2.418827482158829,0.0,0.0,10.207419505883397,10.207419505883397,0.0,10797.823055266057,10800.0,467.1195515220094,0.0,467.1195515220094
2025-01-17,101,2025-01-17 16:50:00,2025-01-17 16:40:00,541.20565,63.90158333333333,2025-01-17T16:50:00,2025-01-17 00:00:00,0.9163,582.905520399793,56.79583333333333,526.1096870664596,0.0,-0.0,10800.0,10800.0,0.0,0.0,0.0,0.0,0.0,48.80562039979293,48.80562039979293,0.0,10800.0,10800.0,482.07430625899696,0.0,482.07430625899696
2025-01-17,102,2025-01-17 17:00:00,2025-01-17 16:50:00,440.84666666666664,21.575,2025-01-17T17:00:00,2025-01-17 00:00:00,0.9264,498.9412086772337,18.462500000000002,480.4787086772337,0.0,-0.0,10800.0,10800.0,0.0,0.0,0.0,0.0,0.0,61.20704201056708,61.20704201056708,0.0,10800.0,10800.0,445.1154757185893,0.0,445.1154757185893
2025-01-17,103,2025-01-17 17:10:00,2025-01-17 17:00:00,454.9803,2.7392333333333334,2025-01-17T17:10:00,2025-01-17 00:00:00,0.9462,492.22723612115703,2.243183333333333,489.9840527878237,0.0,0.0,10800.0,10800.0,0.0,0.0,0.0,0.0,0.0,37.74298612115706,37.74298612115706,0.0,10800.0,10800.0,463.62291074783883,0.0,463.62291074783883
2025-01-17,104,2025-01-17 17:20:00,2025-01-17 17:10:00,468.4820833333333,0.0,2025-01-17T17:20:00,2025-01-17 00:00:00,0.9742,505.6576277356205,0.0,505.6576277356205,0.0,-0.0,10800.0,10800.0,0.0,0.0,0.0,0.0,0.0,37.17554440228719,37.17554440228719,0.0,10800.0,10800.0,492.6116609400415,0.0,492.6116609400415
2025-01-17,105,2025-01-17 17:30:00,2025-01-17 17:20:00,443.0183333333334,0.0,2025-01-17T17:30:00,2025-01-17 00:00:00,0.9862,500.0144238017374,0.0,500.0144238017374,0.0,-0.0,10800.0,10800.0,0.0,0.0,0.0,0.0,0.0,56.99609046840402,56.99609046840402,0.0,10800.0,10800.0,493.1142247532734,0.0,493.1142247532734
2025-01-17,106,2025-01-17 17:40:00,2025-01-17 17:30:00,453.55400000000003,0.1393,2025-01-17T17:40:00,2025-01-17 00:00:00,0.976,495.72925412697975,0.11196666666666666,495.6172874603131,0.0,0.0,10800.0,10800.0,0.0,0.0,0.0,0.0,0.0,42.202587460313055,42.202587460313055,0.0,10800.0,10800.0,483.7224725612656,0.0,483.7224725612656
2025-01-17,107,2025-01-17 17:50:00,2025-01-17 17:40:00,459.0084,0.0,2025-01-17T17:50:00,2025-01-17 00:00:00,1.0742,492.34168706332787,0.0,116.92749710515642,0.0,375.41418995817145,10800.0,10382.873122268698,0.0,0.0,0.0,342.0809028948436,0.0,0.0,0.0,0.0,10800.0,10419.910107894619,125.60351739035903,0.0,125.60351739035903
2025-01-17,108,2025-01-17 18:00:00,2025-01-17 17:50:00,449.04833333333335,0.0,2025-01-17T18:00:00,2025-01-17 00:00:00,1.2313,476.70518184785345,0.0,-0.0,0.0,476.70518184785345,10382.873122268698,9853.200697993305,0.0,0.0,0.0,449.04833333333335,0.0,0.0,0.0,0.0,10419.910107894619,9920.967515302025,-0.0,0.0,0.0
2025-01-17,109,2025-01-17 18:10:00,2025-01-17 18:00:00,458.5579666666667,0.01,2025-01-17T18:10:00,2025-01-17 00:00:00,1.2561,442.00375448733166,0.008033333333333333,0.0,0.0,441.9957211539983,9853.200697993305,9362.094341155529,0.0,0.0,0.0,458.5479666666667,0.0,0.0,0.0,0.0,9920.967515302025,9411.469774561285,0.0,0.0,0.0
2025-01-17,110,2025-01-17 18:20:00,2025-01-17 18:10:00,459.5538166666667,0.0,2025-01-17T18:20:00,2025-01-17 00:00:00,1.2447,431.40506108978894,0.0,0.0,0.0,431.40506108978894,9362.094341155529,8882.755384389096,0.0,0.0,0.0,459.5538166666667,0.0,0.0,0.0,0.0,9411.469774561285,8900.854422709433,0.0,0.0,0.0
2025-01-17,111,2025-01-17 18:30:00,2025-01-17 18:20:00,443.69166666666666,0.0,2025-01-17T18:30:00,2025-01-17 00:00:00,1.2545,447.34928502751416,0.0,0.0,0.0,447.34928502751416,8882.755384389096,8385.700623247414,0.0,0.0,0.0,443.69166666666666,0.0,0.0,0.0,0.0,8900.854422709433,8407.863681968693,0.0,0.0,0.0
2025-01-17,112,2025-01-17 18:40:00,2025-01-17 18:30:00,436.72929999999997,0.0007166666666666667,2025-01-17T18:40:00,2025-01-17 00:00:00,1.2522,450.93859081436415,0.0005833333333333334,0.0,0.0,450.9380074810308,8385.700623247414,7884.658392712935,0.0,0.0,0.0,436.7285833333333,0.0,0.0,0.0,0.0,8407.863681968693,7922.609700487211,0.0,0.0,0.0
2025-01-17,113,2025-01-17 18:50:00,2025-01-17 18:40:00,455.29676666666666,0.0,2025-01-17T18:50:00,2025-01-17 00:00:00,1.2881,450.7212214483691,0.0,0.0,0.0,450.7212214483691,7884.658392712935,7383.857035548081,0.0,0.0,0.0,455.29676666666666,0.0,0.0,0.0,0.0,7922.609700487211,7416.724404190914,0.0,0.0,0.0
2025-01-17,114,2025-01-17 19:00:00,2025-01-17 18:50:00,481.145,0.0,2025-01-17T19:00:00,2025-01-17 00:00:00,1.3466,458.7678297130921,0.0,0.0,0.0,458.7678297130921,7383.857035548081,6874.115002533534,0.0,0.0,0.0,481.145,0.0,0.0,0.0,0.0,7416.724404190914,6882.1188486353585,0.0,0.0,0.0
2025-01-17,115,2025-01-17 19:10:00,2025-01-17 19:00:00,480.78665,0.0,2025-01-17T19:10:00,2025-01-17 00:00:00,1.3523,474.9982219463776,0.0,0.0,0.0,474.9982219463776,6874.115002533534,6346.339200370892,0.0,0.0,0.0,480.78665,0.0,0.0,0.0,0.0,6882.1188486353585,6347.9114597464695,0.0,0.0,0.0
2025-01-17,116,2025-01-17 19:20:00,2025-01-17 19:10:00,486.3923666666667,0.0,2025-01-17T19:20:00,2025-01-17 00:00:00,1.3445,486.78138239587486,0.0,0.0,0.0,486.78138239587486,6346.339200370892,5805.47099770881,0.0,0.0,0.0,486.3923666666667,0.0,0.0,0.0,0.0,6347.9114597464695,5807.475496783507,0.0,0.0,0.0
2025-01-17,117,2025-01-17 19:30:00,2025-01-17 19:20:00,496.9866666666667,0.0,2025-01-17T19:30:00,2025-01-17 00:00:00,1.3483,486.48284649126595,0.0,0.0,0.0,486.48284649126595,5805.47099770881,5264.934501607403,0.0,0.0,0.0,496.9866666666667,0.0,0.0,0.0,0.0,5807.475496783507,5255.2680893761,0.0,0.0,0.0
2025-01-17,118,2025-01-17 19:40:00,2025-01-17 19:30:00,480.12083333333334,0.0,2025-01-17T19:40:00,2025-01-17 00:00:00,1.349,474.98823942028264,0.0,-0.0,0.0,474.98823942028264,5264.934501607403,4737.169791140423,0.0,0.0,0.0,480.12083333333334,0.0,0.0,0.0,0.0,5255.2680893761,4721.800496783508,-0.0,0.0,0.0
2025-01-17,119,2025-01-17 19:50:00,2025-01-17 19:40:00,474.52818333333335,0.0,2025-01-17T19:50:00,2025-01-17 00:00:00,1.3473,455.67153196850705,0.0,0.0,0.0,455.67153196850705,4737.169791140423,4230.8680889531925,0.0,0.0,0.0,474.52818333333335,0.0,0.0,0.0,0.0,4721.800496783508,4194.546959746471,0.0,0.0,0.0
2025-01-17,120,2025-01-17 20:00:00,2025-01-17 19:50:00,478.5116666666667,0.0,2025-01-17T20:00:00,2025-01-17 00:00:00,1.3482,445.0085848992307,0.0,0.0,0.0,445.0085848992307,4230.8680889531925,3736.414105731825,0.0,0.0,0.0,478.5116666666667,0.0,0.0,0.0,0.0,4194.546959746471,3662.867330116841,0.0,0.0,0.0
2025-01-17,121,2025-01-17 20:10:00,2025-01-17 20:00:00,451.8723333333333,0.0,2025-01-17T20:10:00,2025-01-17 00:00:00,1.3513,457.857548796757,0.0,0.0,0.0,457.857548796757,3736.414105731825,3227.683495957651,0.0,0.0,0.0,451.8723333333333,0.0,0.0,0.0,0.0,3662.867330116841,3160.7869597464705,0.0,0.0,0.0
2025-01-17,122,2025-01-17 20:20:00,2025-01-17 20:10:00,434.00123333333335,0.0,2025-01-17T20:20:00,2025-01-17 00:00:00,1.34,454.88093887999145,0.0,0.0,0.0,454.88093887999145,3227.683495957651,2722.260230535438,0.0,0.0,0.0,434.00123333333335,0.0,0.0,0.0,0.0,3160.7869597464705,2678.563367153878,0.0,0.0,0.0
2025-01-17,123,2025-01-17 20:30:00,2025-01-17 20:20:00,450.72,0.0,2025-01-17T20:30:00,2025-01-17 00:00:00,1.3489,441.01567329982566,0.0,0.0,0.0,441.01567329982566,2722.260230535438,2232.242815757854,0.0,0.0,0.0,450.72,0.0,0.0,0.0,0.0,2678.563367153878,2177.763367153878,0.0,0.0,0.0
2025-01-17,124,2025-01-17 20:40:00,2025-01-17 20:30:00,484.62968333333333,0.0,2025-01-17T20:40:00,2025-01-17 00:00:00,1.3952,458.7130201170042,0.0,-0.0,0.0,458.7130201170042,2232.242815757854,1722.5616822945158,0.0,0.0,0.0,484.62968333333333,0.0,0.0,0.0,0.0,2177.763367153878,1639.285941227952,-0.0,0.0,0.0
2025-01-17,125,2025-01-17 20:50:00,2025-01-17 20:40:00,485.17803333333336,0.0,2025-01-17T20:50:00,2025-01-17 00:00:00,1.2226,470.30551406506413,0.0,0.0,0.0,470.30551406506413,1722.5616822945158,1200.0,0.0,0.0,0.0,395.3573471051568,89.82068622817656,0.0,0.0,0.0,1639.285941227952,1200.0,0.0,549.0738549128432,549.0738549128432
2025-01-17,126,2025-01-17 21:00:00,2025-01-17 20:50:00,468.47166666666664,0.0,2025-01-17T21:00:00,2025-01-17 00:00:00,0.9332,455.44147817533786,0.0,455.44147817533786,0.0,0.0,1200.0,1200.0,0.0,0.0,0.0,0.0,13.030188491328772,0.0,0.0,0.0,1200.0,1200.0,425.0179874332253,60.798859500540054,485.81684693376536
2025-01-17,127,2025-01-17 21:10:00,2025-01-17 21:00:00,490.4889666666666,0.0,2025-01-17T21:10:00,2025-01-17 00:00:00,0.9068,437.189841309155,0.0,437.189841309155,0.0,0.0,1200.0,1200.0,0.0,0.0,0.0,0.0,53.29912535751163,0.0,0.0,0.0,1200.0,1200.0,396.44374809914177,241.65823437095776,638.1019824700995
2025-01-17,128,2025-01-17 21:20:00,2025-01-17 21:10:00,474.6709166666667,0.0,2025-01-17T21:20:00,2025-01-17 00:00:00,0.9371,457.60538304700435,0.0,457.60538304700435,0.0,0.0,1200.0,1200.0,0.0,0.0,0.0,0.0,17.065533619662347,0.0,0.0,0.0,1200.0,1200.0,428.8220044533478,79.96055777492793,508.78256222827576
2025-01-17,129,2025-01-17 21:30:00,2025-01-17 21:20:00,453.02,0.0,2025-01-17T21:30:00,2025-01-17 00:00:00,0.9371,500.12681952264495,0.0,500.12681952264495,0.0,0.0,1200.0,1200.0,0.0,0.0,47.10681952264497,0.0,0.0,0.0,0.0,0.0,1200.0,1242.3961375703805,468.6688425746706,0.0,468.6688425746706
2025-01-17,130,2025-01-17 21:40:00,2025-01-17 21:30:00,525.5826333333333,0.0,2025-01-17T21:40:00,2025-01-17 00:00:00,0.9871,501.4107678406238,0.0,501.4107678406238,0.0,-0.0,1200.0,1200.0,0.0,0.0,0.0,24.171865492709514,0.0,0.0,0.0,0.0,1242.3961375703805,1215.5385092451477,494.94256893547976,0.0,494.94256893547976
2025-01-17,131,2025-01-17 21:50:00,2025-01-17 21:40:00,506.17530000000005,0.0,2025-01-17T21:50:00,2025-01-17 00:00:00,0.7764,463.1528831510803,0.0,463.1528831510803,0.0,-0.0,1200.0,1200.0,0.0,0.0,0.0,13.984658320632912,29.03775852828685,0.0,0.0,0.0,1215.5385092451477,1200.0,359.5918984784987,112.72457860680954,472.31647708530824
2025-01-17,132,2025-01-17 22:00:00,2025-01-17 21:50:00,400.655,0.0,2025-01-17T22:00:00,2025-01-17 00:00:00,0.4209,412.8060305527045,0.0,1246.1393638860377,833.3333333333333,0.0,1200.0,1950.0,0.0,1.0,833.3333333333334,0.0,0.0,12.151030552704356,12.151030552704356,0.0,1200.0,1950.0,524.5000582596333,0.0,524.5000582596333
2025-01-17,133,2025-01-17 22:10:00,2025-01-17 22:00:00,403.77119999999996,0.0,2025-01-17T22:10:00,2025-01-17 00:00:00,0.3859,381.6662935877798,0.0,1214.999626921113,833.3333333333333,0.0,1950.0,2700.0,0.0,1.0,811.2284269211132,0.0,0.0,0.0,0.0,0.0,1950.0,2680.105584229002,468.86835602885753,0.0,468.86835602885753
2025-01-17,134,2025-01-17 22:20:00,2025-01-17 22:10:00,411.2597166666667,0.0,2025-01-17T22:20:00,2025-01-17 00:00:00,0.4368,380.3449774079355,0.0,380.3449774079355,0.0,0.0,2700.0,2700.0,0.0,0.0,0.0,30.914739258731174,0.0,0.0,0.0,0.0,2680.105584229002,2645.755873941523,166.13468613178625,0.0,166.13468613178625
2025-01-17,135,2025-01-17 22:30:00,2025-01-17 22:20:00,379.3533333333333,0.0,2025-01-17T22:30:00,2025-01-17 00:00:00,0.4198,395.19708748005365,0.0,1228.5304208133869,833.3333333333333,0.0,2700.0,3450.0,0.0,1.0,833.3333333333334,0.0,0.0,15.843754146720244,15.843754146720244,0.0,2645.755873941523,3395.755873941523,515.7370706574598,0.0,515.7370706574598
2025-01-17,136,2025-01-17 22:40:00,2025-01-17 22:30:00,385.0471,0.0,2025-01-17T22:40:00,2025-01-17 00:00:00,0.4186,399.6168767318745,0.0,1232.9502100652078,833.3333333333333,0.0,3450.0,4200.0,0.0,1.0,833.3333333333334,0.0,0.0,14.569776731874413,14.569776731874413,0.0,3395.755873941523,4145.7558739415235,516.112957933296,0.0,516.112957933296
2025-01-17,137,2025-01-17 22:50:00,2025-01-17 22:40:00,433.85195,0.0,2025-01-17T22:50:00,2025-01-17 00:00:00,0.4241,391.90082247803446,0.0,391.90082247803446,0.0,0.0,4200.0,4200.0,0.0,0.0,0.0,41.95112752196553,0.0,0.0,0.0,0.0,4145.7558739415235,4099.143510028229,166.2051388129344,0.0,166.2051388129344
2025-01-17,138,2025-01-17 23:00:00,2025-01-17 22:50:00,469.2083333333333,0.0,2025-01-17T23:00:00,2025-01-17 00:00:00,0.4237,394.7940214685524,0.0,1228.1273548018858,833.3333333333333,0.0,4200.0,4950.0,0.0,1.0,758.9190214685525,0.0,0.0,0.0,0.0,0.0,4099.143510028229,4782.1706293499265,520.357560229559,0.0,520.357560229559
2025-01-17,139,2025-01-17 23:10:00,2025-01-17 23:00:00,433.62255,0.0,2025-01-17T23:10:00,2025-01-17 00:00:00,0.4248,427.9008142411818,0.0,427.9008142411818,0.0,0.0,4950.0,4950.0,0.0,0.0,0.0,5.72173575881817,0.0,0.0,0.0,0.0,4782.1706293499265,4775.813145173462,181.77226588965405,0.0,181.77226588965405
2025-01-17,140,2025-01-17 23:20:00,2025-01-17 23:10:00,430.48171666666667,0.0,2025-01-17T23:20:00,2025-01-17 00:00:00,0.424,429.6548279428605,0.0,1262.9881612761938,833.3333333333333,0.0,4950.0,5700.0,0.0,1.0,832.5064446095271,0.0,0.0,0.0,0.0,0.0,4775.813145173462,5525.068945322036,535.5069803811061,0.0,535.5069803811061
2025-01-17,141,2025-01-17 23:30:00,2025-01-17 23:20:00,464.91,0.0,2025-01-17T23:30:00,2025-01-17 00:00:00,0.422,396.48057520546564,0.0,1229.8139085387988,833.3333333333333,0.0,5700.0,6450.0,0.0,1.0,764.9039085387988,0.0,0.0,0.0,0.0,0.0,5525.068945322036,6213.482463006954,518.9814694033731,0.0,518.9814694033731
2025-01-17,142,2025-01-17 23:40:00,2025-01-17 23:30:00,442.9361166666667,0.0,2025-01-17T23:40:00,2025-01-17 00:00:00,0.424,386.4549186415692,0.0,634.100594160894,247.64567551932487,0.0,6450.0,6672.881107967392,0.0,0.9999999999999991,191.16447749422736,0.0,0.0,0.0,0.0,0.0,6213.482463006954,6385.530492751759,268.8586519242191,0.0,268.8586519242191
2025-01-17,143,2025-01-17 23:50:00,2025-01-17 23:40:00,426.6559833333333,0.0,2025-01-17T23:50:00,2025-01-17 00:00:00,0.4271,390.7973077183335,0.0,390.7973077183335,0.0,0.0,6672.881107967392,6672.881107967392,0.0,8.881784197001252e-16,0.0,35.85867561499981,0.0,0.0,0.0,0.0,6385.530492751759,6345.687519846204,166.90953012650024,0.0,166.90953012650024
2025-01-17,144,2025-01-18 00:00:00,2025-01-17 23:50:00,442.2833333333333,0.0,2025-01-18T00:00:00,2025-01-17 00:00:00,0.4276,393.61063861921957,0.0,393.61063861921957,0.0,0.0,6672.881107967392,6672.881107967392,0.0,0.0,0.0,48.67269471411373,0.0,0.0,0.0,0.0,6345.687519846204,6291.606747941633,168.3079090735783,0.0,168.3079090735783
2025-01-18,1,2025-01-18 00:10:00,2025-01-18 00:00:00,449.57113333333336,0.0,2025-01-18T00:10:00,2025-01-18 00:00:00,0.4248,429.060521622986,0.0,1262.3938549563193,833.3333333333333,0.0,6291.606747941633,7041.606747941633,0.0,1.0,812.8227216229859,0.0,0.0,0.0,0.0,0.0,6291.606747941633,7023.147197402321,536.2649095854445,0.0,536.2649095854445
2025-01-18,2,2025-01-18 00:20:00,2025-01-18 00:10:00,448.0010666666667,0.0,2025-01-18T00:20:00,2025-01-18 00:00:00,0.4245,451.25893886933585,0.0,1284.5922722026692,833.3333333333333,0.0,7041.606747941633,7791.606747941634,0.0,1.0,833.3333333333334,0.0,0.0,3.257872202669091,3.257872202669091,0.0,7023.147197402321,7773.147197402321,545.309419550033,0.0,545.309419550033
2025-01-18,3,2025-01-18 00:30:00,2025-01-18 00:20:00,444.8233333333333,0.0,2025-01-18T00:30:00,2025-01-18 00:00:00,0.4269,473.51553570878883,0.0,1306.848869042122,833.3333333333333,0.0,7791.606747941634,8541.606747941634,0.0,1.0,833.3333333333334,0.0,0.0,28.692202375455395,28.692202375455395,0.0,7773.147197402321,8523.14719740232,557.893782194082,0.0,557.893782194082
2025-01-18,4,2025-01-18 00:40:00,2025-01-18 00:30:00,449.54838333333333,0.0,2025-01-18T00:40:00,2025-01-18 00:00:00,0.4272,454.73783035470194,0.0,1288.071163688035,833.3333333333333,0.0,8541.606747941634,9291.606747941634,0.0,1.0,833.3333333333334,0.0,0.0,5.189447021368437,5.189447021368437,0.0,8523.14719740232,9273.14719740232,550.2640011275287,0.0,550.2640011275287
2025-01-18,5,2025-01-18 00:50:00,2025-01-18 00:40:00,489.41889999999995,0.0,2025-01-18T00:50:00,2025-01-18 00:00:00,0.4271,438.84444447826803,0.0,1272.1777778116013,833.3333333333333,0.0,9291.606747941634,10041.606747941634,0.0,1.0,782.7588778116015,0.0,0.0,0.0,0.0,0.0,9273.14719740232,9977.630187432762,543.3471289033349,0.0,543.3471289033349
2025-01-18,6,2025-01-18 01:00:00,2025-01-18 00:50:00,520.5583333333333,0.0,2025-01-18T01:00:00,2025-01-18 00:00:00,0.4285,452.318096169977,0.0,452.318096169977,0.0,0.0,10041.606747941634,10041.606747941634,0.0,-0.0,0.0,68.24023716335626,0.0,0.0,0.0,0.0,9977.630187432762,9901.8077016957,193.81830420883514,0.0,193.81830420883514
2025-01-18,7,2025-01-18 01:10:00,2025-01-18 01:00:00,467.77285,0.0,2025-01-18T01:10:00,2025-01-18 00:00:00,0.4311,478.3553093269429,0.0,478.3553093269429,0.0,0.0,10041.606747941634,10041.606747941634,0.0,0.0,10.58245932694291,0.0,0.0,0.0,0.0,0.0,9901.8077016957,9911.331915089948,206.2189738508451,0.0,206.2189738508451
2025-01-18,8,2025-01-18 01:20:00,2025-01-18 01:10:00,428.3751333333333,0.0,2025-01-18T01:20:00,2025-01-18 00:00:00,0.4302,485.41698439261495,0.0,485.41698439261495,0.0,0.0,10041.606747941634,10041.606747941634,0.0,0.0,57.04185105928167,0.0,0.0,0.0,0.0,0.0,9911.331915089948,9962.669581043301,208.82638668570297,0.0,208.82638668570297
2025-01-18,9,2025-01-18 01:30:00,2025-01-18 01:20:00,439.76,0.0,2025-01-18T01:30:00,2025-01-18 00:00:00,0.4279,476.863032105207,0.0,486.1888677256134,9.3258356204064,0.0,10041.606747941634,10050.0,0.0,1.0,46.42886772561343,0.0,0.0,0.0,0.0,0.0,9962.669581043301,10004.455561996354,208.04021649978998,0.0,208.04021649978998
2025-01-18,10,2025-01-18 01:40:00,2025-01-18 01:30:00,454.17875000000004,0.0,2025-01-18T01:40:00,2025-01-18 00:00:00,0.4312,484.49967788000987,0.0,484.49967788000987,0.0,0.0,10050.0,10050.0,0.0,0.0,30.320927880009833,0.0,0.0,0.0,0.0,0.0,10004.455561996354,10031.744397088363,208.91626110186027,0.0,208.91626110186027
2025-01-18,11,2025-01-18 01:50:00,2025-01-18 01:40:00,495.4059333333333,0.0,2025-01-18T01:50:00,2025-01-18 00:00:00,0.4333,501.2384337303457,0.0,501.2384337303457,0.0,0.0,10050.0,10050.0,0.0,0.0,5.8325003970124385,0.0,0.0,0.0,0.0,0.0,10031.744397088363,10036.993647445674,217.1866133353588,0.0,217.1866133353588
2025-01-18,12,2025-01-18 02:00:00,2025-01-18 01:50:00,528.8266666666667,0.0,2025-01-18T02:00:00,2025-01-18 00:00:00,0.4311,508.2303134124595,0.0,508.2303134124595,0.0,0.0,10050.0,10050.0,0.0,0.0,0.0,20.5963532542072,0.0,0.0,0.0,0.0,10036.993647445674,10014.108810496555,219.0980881121113,0.0,219.0980881121113
2025-01-18,13,2025-01-18 02:10:00,2025-01-18 02:00:00,486.70741666666663,0.0,2025-01-18T02:10:00,2025-01-18 00:00:00,0.4293,496.0083408941717,0.0,496.0083408941717,0.0,0.0,10050.0,10050.0,0.0,0.0,9.30092422750505,0.0,0.0,0.0,0.0,0.0,10014.108810496555,10022.479642301309,212.93638074586792,0.0,212.93638074586792
2025-01-18,14,2025-01-18 02:20:00,2025-01-18 02:10:00,472.83113333333336,0.0,2025-01-18T02:20:00,2025-01-18 00:00:00,0.4324,497.1538837156312,0.0,497.1538837156312,0.0,0.0,10050.0,10050.0,0.0,0.0,24.32275038229784,0.0,0.0,0.0,0.0,0.0,10022.479642301309,10044.370117645376,214.96933931863893,0.0,214.96933931863893
2025-01-18,15,2025-01-18 02:30:00,2025-01-18 02:20:00,506.04833333333335,0.0,2025-01-18T02:30:00,2025-01-18 00:00:00,0.4367,510.41459081698326,0.0,510.41459081698326,0.0,0.0,10050.0,10050.0,0.0,0.0,4.3662574836499175,0.0,0.0,0.0,0.0,0.0,10044.370117645376,10048.299749380662,222.89805180977658,0.0,222.89805180977658
2025-01-18,16,2025-01-18 02:40:00,2025-01-18 02:30:00,505.2827,0.0,2025-01-18T02:40:00,2025-01-18 00:00:00,0.4348,505.71789181231696,0.0,505.71789181231696,0.0,0.0,10050.0,10050.0,0.0,0.0,0.43519181231698667,0.0,0.0,0.0,0.0,0.0,10048.299749380662,10048.691422011747,219.88613935999544,0.0,219.88613935999544
2025-01-18,17,2025-01-18 02:50:00,2025-01-18 02:40:00,502.44605,0.0,2025-01-18T02:50:00,2025-01-18 00:00:00,0.4335,512.9687074735768,0.0,512.9687074735768,0.0,0.0,10050.0,10050.0,0.0,0.0,10.522657473576828,0.0,0.0,0.0,0.0,0.0,10048.691422011747,10058.161813737966,222.37193468979555,0.0,222.37193468979555
2025-01-18,18,2025-01-18 03:00:00,2025-01-18 02:50:00,514.6616666666666,0.0,2025-01-18T03:00:00,2025-01-18 00:00:00,0.4357,527.6059720713171,0.0,527.6059720713171,0.0,0.0,10050.0,10050.0,0.0,-0.0,12.944305404650436,0.0,0.0,0.0,0.0,0.0,10058.161813737966,10069.811688602153,229.87792203147282,0.0,229.87792203147282
2025-01-18,19,2025-01-18 03:10:00,2025-01-18 03:00:00,517.6518666666667,0.0,2025-01-18T03:10:00,2025-01-18 00:00:00,0.4374,517.5063235022926,0.0,517.5063235022926,0.0,0.0,10050.0,10050.0,0.0,0.0,0.0,0.14554316437408943,0.0,0.0,0.0,0.0,10069.811688602153,10069.64997397507,226.35726589990279,0.0,226.35726589990279
2025-01-18,20,2025-01-18 03:20:00,2025-01-18 03:10:00,500.36518333333333,0.0,2025-01-18T03:20:00,2025-01-18 00:00:00,0.4371,535.948174758249,0.0,535.948174758249,0.0,0.0,10050.0,10050.0,0.0,0.0,35.58299142491569,0.0,0.0,0.0,0.0,0.0,10069.64997397507,10101.674666257495,234.26294718683064,0.0,234.26294718683064
2025-01-18,21,2025-01-18 03:30:00,2025-01-18 03:20:00,479.045,0.0,2025-01-18T03:30:00,2025-01-18 00:00:00,0.4356,563.9106553060657,0.0,563.9106553060657,0.0,0.0,10050.0,10050.0,0.0,0.0,84.86565530606566,0.0,0.0,0.0,0.0,0.0,10101.674666257495,10178.053756032954,245.6394814513222,0.0,245.6394814513222
2025-01-18,22,2025-01-18 03:40:00,2025-01-18 03:30:00,487.68058333333335,0.0,2025-01-18T03:40:00,2025-01-18 00:00:00,0.4353,526.7988137463759,0.0,526.7988137463759,0.0,0.0,10050.0,10050.0,0.0,0.0,39.11823041304257,0.0,0.0,0.0,0.0,0.0,10178.053756032954,10213.260163404691,229.31552362379745,0.0,229.31552362379745
2025-01-18,23,2025-01-18 03:50:00,2025-01-18 03:40:00,535.1377166666667,0.0,2025-01-18T03:50:00,2025-01-18 00:00:00,0.436,500.87629171091976,0.0,500.87629171091976,0.0,0.0,10050.0,10050.0,0.0,0.0,0.0,34.261424955746975,0.0,0.0,0.0,0.0,10213.260163404691,10175.191913453862,218.38206318596102,0.0,218.38206318596102
2025-01-18,24,2025-01-18 04:00:00,2025-01-18 03:50:00,575.8000000000001,0.0,2025-01-18T04:00:00,2025-01-18 00:00:00,0.4378,518.3672425676046,0.0,518.3672425676046,0.0,0.0,10050.0,10050.0,0.0,0.0,0.0,57.43275743239542,0.0,0.0,0.0,0.0,10175.191913453862,10111.377738528978,226.94117879609732,0.0,226.94117879609732
2025-01-18,25,2025-01-18 04:10:00,2025-01-18 04:00:00,547.8964333333333,0.0,2025-01-18T04:10:00,2025-01-18 00:00:00,0.4401,535.3772242836012,0.0,535.3772242836012,0.0,0.0,10050.0,10050.0,0.0,0.0,0.0,12.519209049732126,0.0,0.0,0.0,0.0,10111.377738528978,10097.467506251498,235.6195164072129,0.0,235.6195164072129
2025-01-18,26,2025-01-18 04:20:00,2025-01-18 04:10:00,514.735,0.0,2025-01-18T04:20:00,2025-01-18 00:00:00,0.4389,535.3900426439832,0.0,535.3900426439832,0.0,0.0,10050.0,10050.0,0.0,-0.0,20.655042643983165,0.0,0.0,0.0,0.0,0.0,10097.467506251498,10116.057044631083,234.9826897164442,0.0,234.9826897164442
2025-01-18,27,2025-01-18 04:30:00,2025-01-18 04:20:00,524.2083333333334,0.0,2025-01-18T04:30:00,2025-01-18 00:00:00,0.4364,525.4547272599619,0.0,525.4547272599619,0.0,0.0,10050.0,10050.0,0.0,0.0,1.2463939266285706,0.0,0.0,0.0,0.0,0.0,10116.057044631083,10117.178799165049,229.3084429762474,0.0,229.3084429762474
2025-01-18,28,2025-01-18 04:40:00,2025-01-18 04:30:00,563.8148666666667,0.0,2025-01-18T04:40:00,2025-01-18 00:00:00,0.4393,524.8010477448926,0.0,524.8010477448926,0.0,0.0,10050.0,10050.0,0.0,0.0,0.0,39.013818921774146,0.0,0.0,0.0,0.0,10117.178799165049,10073.830111474188,230.54510027433133,0.0,230.54510027433133
2025-01-18,29,2025-01-18 04:50:00,2025-01-18 04:40:00,571.79945,0.0,2025-01-18T04:50:00,2025-01-18 00:00:00,0.4422,537.3851230069918,0.0,537.3851230069918,0.0,0.0,10050.0,10050.0,0.0,0.0,0.0,34.41432699300822,0.0,0.0,0.0,0.0,10073.830111474188,10035.591970370846,237.63170139369174,0.0,237.63170139369174
2025-01-18,30,2025-01-18 05:00:00,2025-01-18 04:50:00,553.6783333333334,0.0,2025-01-18T05:00:00,2025-01-18 00:00:00,0.4395,546.0292013950018,0.0,546.0292013950018,0.0,0.0,10050.0,10050.0,0.0,0.0,0.0,7.649131938331607,0.0,0.0,0.0,0.0,10035.591970370846,10027.09293488381,239.9798340131033,0.0,239.9798340131033
2025-01-18,31,2025-01-18 05:10:00,2025-01-18 05:00:00,566.90295,0.0,2025-01-18T05:10:00,2025-01-18 00:00:00,0.4333,533.9928061944831,0.0,533.9928061944831,0.0,0.0,10050.0,10050.0,0.0,0.0,0.0,32.910143805516896,0.0,0.0,0.0,0.0,10027.09293488381,9990.526108433236,231.37908292406956,0.0,231.37908292406956
2025-01-18,32,2025-01-18 05:20:00,2025-01-18 05:10:00,563.51055,0.0010166666666666668,2025-01-18T05:20:00,2025-01-18 00:00:00,0.4439,551.4568070897819,0.0007166666666666667,551.4560904231153,0.0,0.0,10050.0,10050.0,0.0,0.0,0.0,12.053442910217996,0.0,0.0,0.0,0.0,9990.526108433236,9977.133394088549,244.79135853882087,0.0,244.79135853882087
2025-01-18,33,2025-01-18 05:30:00,2025-01-18 05:20:00,539.0433333333334,0.0,2025-01-18T05:30:00,2025-01-18 00:00:00,0.4301,588.2845615398672,0.0,588.2845615398672,0.0,0.0,10050.0,10050.0,0.0,0.0,49.24122820653383,0.0,0.0,0.0,0.0,0.0,9977.133394088549,10021.45049947443,253.0211899182969,0.0,253.0211899182969
2025-01-18,34,2025-01-18 05:40:00,2025-01-18 05:30:00,542.8813666666666,0.0,2025-01-18T05:40:00,2025-01-18 00:00:00,0.3713,579.3706244977276,0.0,1412.703957831061,833.3333333333333,0.0,10050.0,10800.0,0.0,1.0,833.3333333333334,0.0,0.0,36.48925783106097,36.48925783106097,0.0,10021.45049947443,10771.45049947443,524.536979542673,0.0,524.536979542673
2025-01-18,35,2025-01-18 05:50:00,2025-01-18 05:40:00,557.494,0.014166666666666668,2025-01-18T05:50:00,2025-01-18 00:00:00,0.5708,548.5248218900939,0.010083333333333333,548.5147385567606,0.0,-0.0,10800.0,10800.0,0.0,0.0,0.0,8.965094776572755,0.0,0.0,0.0,0.0,10771.45049947443,10761.489283056015,313.0922127681989,0.0,313.0922127681989
2025-01-18,36,2025-01-18 06:00:00,2025-01-18 05:50:00,562.5783333333333,0.0,2025-01-18T06:00:00,2025-01-18 00:00:00,0.9099,539.1286351041024,0.0,0.0,0.0,539.1286351041024,10800.0,10200.968183217665,0.0,0.0,0.0,562.5783333333333,0.0,0.0,0.0,0.0,10761.489283056015,10136.402246018977,0.0,0.0,0.0
2025-01-18,37,2025-01-18 06:10:00,2025-01-18 06:00:00,554.8842833333333,0.0,2025-01-18T06:10:00,2025-01-18 00:00:00,0.9368,569.1567047813494,0.0,0.0,0.0,569.1567047813494,10200.968183217665,9568.571844571721,0.0,0.0,0.0,554.8842833333333,0.0,0.0,0.0,0.0,10136.402246018977,9519.864153426384,0.0,0.0,0.0
2025-01-18,38,2025-01-18 06:20:00,2025-01-18 06:10:00,540.6596833333333,0.1974,2025-01-18T06:20:00,2025-01-18 00:00:00,0.8758,572.9386933766212,0.14055,0.0,0.0,572.7981433766213,9568.571844571721,8932.129463042142,0.0,0.0,0.0,540.4622833333333,0.0,0.0,0.0,0.0,9519.864153426384,8919.350505278237,0.0,0.0,0.0
2025-01-18,39,2025-01-18 06:30:00,2025-01-18 06:20:00,533.3100000000001,0.0,2025-01-18T06:30:00,2025-01-18 00:00:00,0.8759,553.988286543178,0.0,0.0,0.0,553.988286543178,8932.129463042142,8316.58692243861,0.0,0.0,0.0,533.3100000000001,0.0,0.0,0.0,0.0,8919.350505278237,8326.783838611569,0.0,0.0,0.0
2025-01-18,40,2025-01-18 06:40:00,2025-01-18 06:30:00,548.3691166666666,0.0,2025-01-18T06:40:00,2025-01-18 00:00:00,0.8601,578.663797171729,0.0,0.0,0.0,578.663797171729,8316.58692243861,7673.627147803355,0.0,0.0,0.0,548.3691166666666,0.0,0.0,0.0,0.0,8326.783838611569,7717.484820093051,0.0,0.0,0.0
2025-01-18,41,2025-01-18 06:50:00,2025-01-18 06:40:00,589.5136666666666,3.5925666666666665,2025-01-18T06:50:00,2025-01-18 00:00:00,0.8442,606.6806532940932,2.7070000000000003,0.0,0.0,603.9736532940932,7673.627147803355,7002.545310809918,0.0,0.0,0.0,585.9210999999999,0.0,0.0,0.0,0.0,7717.484820093051,7066.461375648607,0.0,0.0,0.0
2025-01-18,42,2025-01-18 07:00:00,2025-01-18 06:50:00,643.96,22.7625,2025-01-18T07:00:00,2025-01-18 00:00:00,0.8334,620.2823915441921,20.23125,0.0,0.0,600.0511415441921,7002.545310809918,6335.82182020526,0.0,0.0,0.0,621.1975,0.0,0.0,0.0,0.0,7066.461375648607,6376.241931204162,0.0,0.0,0.0
2025-01-18,43,2025-01-18 07:10:00,2025-01-18 07:00:00,682.58855,61.66313333333333,2025-01-18T07:10:00,2025-01-18 00:00:00,0.8092,640.8059791141907,59.57095,0.0,0.0,581.2350291141906,6335.82182020526,5690.005121189493,0.0,0.0,0.0,620.9254166666667,0.0,0.0,0.0,0.0,6376.241931204162,5686.324801574532,0.0,0.0,0.0
2025-01-18,44,2025-01-18 07:20:00,2025-01-18 07:10:00,667.5586999999999,110.80363333333334,2025-01-18T07:20:00,2025-01-18 00:00:00,0.7972,646.920232686147,106.5477,0.0,0.0,540.372532686147,5690.005121189493,5089.5911959826635,0.0,0.0,0.0,556.7550666666666,0.0,0.0,0.0,0.0,5686.324801574532,5067.708060833791,0.0,0.0,0.0
2025-01-18,45,2025-01-18 07:30:00,2025-01-18 07:20:00,623.98,163.86249999999998,2025-01-18T07:30:00,2025-01-18 00:00:00,0.7644,644.1152334717337,151.9,0.0,0.0,492.21523347173377,5089.5911959826635,4542.68538101407,0.0,0.0,0.0,460.11750000000006,0.0,0.0,0.0,0.0,5067.708060833791,4556.466394167124,0.0,0.0,0.0
2025-01-18,46,2025-01-18 07:40:00,2025-01-18 07:30:00,619.1948,219.14728333333335,2025-01-18T07:40:00,2025-01-18 00:00:00,0.6899,660.4951203537016,197.40436666666668,0.0,0.0,463.090753687035,4542.68538101407,4028.1400991395867,0.0,0.0,0.0,400.04751666666664,0.0,0.0,0.0,0.0,4556.466394167124,4111.969153426384,0.0,0.0,0.0
2025-01-18,47,2025-01-18 07:50:00,2025-01-18 07:40:00,630.4033333333333,266.78135000000003,2025-01-18T07:50:00,2025-01-18 00:00:00,0.86,664.3347188750886,247.04808333333335,0.0,0.0,417.28663554175523,4028.1400991395867,3564.48828187097,0.0,0.0,0.0,363.6219833333333,0.0,0.0,0.0,0.0,4111.969153426384,3707.944727500458,0.0,0.0,0.0
2025-01-18,48,2025-01-18 08:00:00,2025-01-18 07:50:00,631.0666666666667,311.1875,2025-01-18T08:00:00,2025-01-18 00:00:00,1.1617,651.1457261508019,301.5,0.0,0.0,349.6457261508019,3564.48828187097,3175.993030592301,0.0,0.0,0.0,319.8791666666667,0.0,0.0,0.0,0.0,3707.944727500458,3352.5234312041616,0.0,0.0,0.0
2025-01-18,49,2025-01-18 08:10:00,2025-01-18 08:00:00,621.8556833333333,366.0738833333333,2025-01-18T08:10:00,2025-01-18 00:00:00,1.1683,649.7418163162346,356.0339333333333,0.0,0.0,293.70788298290125,3175.993030592301,2849.650938389077,0.0,0.0,0.0,255.78180000000003,0.0,0.0,0.0,0.0,3352.5234312041616,3068.3214312041614,0.0,0.0,0.0
2025-01-18,50,2025-01-18 08:20:00,2025-01-18 08:10:00,632.1364166666666,417.5146,2025-01-18T08:20:00,2025-01-18 00:00:00,1.0956,652.0294623633099,400.11740000000003,0.0,0.0,251.91206236330987,2849.650938389077,2569.748646874288,0.0,0.0,0.0,214.62181666666663,0.0,0.0,0.0,0.0,3068.3214312041614,2829.852746018976,0.0,0.0,0.0
2025-01-18,51,2025-01-18 08:30:00,2025-01-18 08:20:00,650.41,465.15625,2025-01-18T08:30:00,2025-01-18 00:00:00,1.0849,647.8011487993792,438.83125,0.0,0.0,208.96989879937922,2569.748646874288,2337.5598704305335,0.0,0.0,0.0,185.25374999999997,0.0,0.0,0.0,0.0,2829.852746018976,2624.015246018976,0.0,0.0,0.0
2025-01-18,52,2025-01-18 08:40:00,2025-01-18 08:30:00,642.7212499999999,519.66545,2025-01-18T08:40:00,2025-01-18 00:00:00,1.061,641.6126621037554,487.46166666666664,0.0,0.0,154.15099543708874,2337.5598704305335,2166.280986611546,0.0,0.0,0.0,123.05579999999998,0.0,0.0,0.0,0.0,2624.015246018976,2487.2865793523097,0.0,0.0,0.0
2025-01-18,53,2025-01-18 08:50:00,2025-01-18 08:40:00,672.6172666666666,554.914,2025-01-18T08:50:00,2025-01-18 00:00:00,1.043,664.9702718823206,534.67655,0.0,0.0,130.2937218823206,2166.280986611546,2021.5101845200784,0.0,0.0,0.0,117.70326666666665,0.0,0.0,0.0,0.0,2487.2865793523097,2356.5051719449025,0.0,0.0,0.0
2025-01-18,54,2025-01-18 09:00:00,2025-01-18 08:50:00,738.235,575.63125,2025-01-18T09:00:00,2025-01-18 00:00:00,1.036,715.5848253384173,577.1999999999999,0.0,0.0,138.3848253384174,2021.5101845200784,1867.7492674773923,0.0,0.0,0.0,162.60375,0.0,0.0,0.0,0.0,2356.5051719449025,2175.8343386115694,0.0,0.0,0.0
2025-01-18,55,2025-01-18 09:10:00,2025-01-18 09:00:00,764.67775,617.0472333333333,2025-01-18T09:10:00,2025-01-18 00:00:00,1.0147,753.9775681279319,625.0233333333333,0.0,0.0,128.95423479459862,1867.7492674773923,1724.4667843722827,0.0,0.0,0.0,147.6305166666666,0.0,0.0,0.0,0.0,2175.8343386115694,2011.8004312041621,0.0,0.0,0.0
2025-01-18,56,2025-01-18 09:20:00,2025-01-18 09:10:00,747.3351666666667,674.86915,2025-01-18T09:20:00,2025-01-18 00:00:00,0.9922,755.6090867874069,681.1773,0.0,0.0,74.43178678740696,1724.4667843722827,1641.7647990529417,0.0,0.0,0.0,72.46601666666675,0.0,0.0,0.0,0.0,2011.8004312041621,1931.2826349078657,0.0,0.0,0.0
2025-01-18,57,2025-01-18 09:30:00,2025-01-18 09:20:00,726.9200000000001,725.5500000000001,2025-01-18T09:30:00,2025-01-18 00:00:00,0.97,743.3063345618827,736.8125,0.0,0.0,6.49383456188275,1641.7647990529417,1634.5494273175163,0.0,0.0,0.0,1.3700000000000045,0.0,0.0,0.0,0.0,1931.2826349078657,1929.7604126856436,0.0,0.0,0.0
2025-01-18,58,2025-01-18 09:40:00,2025-01-18 09:30:00,743.89395,746.0417833333332,2025-01-18T09:40:00,2025-01-18 00:00:00,0.9422,760.796712587498,775.3630166666667,0.0,14.56630407916873,0.0,1634.5494273175163,1647.6591009887682,0.0,1.0,2.1478333333332102,0.0,0.0,0.0,0.0,0.0,1929.7604126856436,1931.6934626856435,0.0,0.0,0.0
2025-01-18,59,2025-01-18 09:50:00,2025-01-18 09:40:00,734.5613833333333,750.9942500000001,2025-01-18T09:50:00,2025-01-18 00:00:00,0.9569,764.8097786612374,790.9223666666667,0.0,26.112588005429302,0.0,1647.6591009887682,1671.1604301936545,0.0,1.0,16.43286666666677,0.0,0.0,0.0,0.0,0.0,1931.6934626856435,1946.4830426856436,0.0,0.0,0.0
2025-01-18,60,2025-01-18 10:00:00,2025-01-18 09:50:00,697.2333333333332,764.0749999999999,2025-01-18T10:00:00,2025-01-18 00:00:00,0.9977,738.7331955276023,817.225,0.0,78.49180447239769,0.0,1671.1604301936545,1741.8030542188123,0.0,1.0,66.8416666666667,0.0,0.0,0.0,0.0,0.0,1946.4830426856436,2006.6405426856436,0.0,0.0,0.0
2025-01-18,61,2025-01-18 10:10:00,2025-01-18 10:00:00,698.8172666666666,798.3806,2025-01-18T10:10:00,2025-01-18 00:00:00,0.9919,712.7884553177181,895.9088833333334,0.0,183.1204280156153,0.0,1741.8030542188123,1906.611439432866,0.0,1.0,99.56333333333339,0.0,0.0,0.0,0.0,0.0,2006.6405426856436,2096.2475426856436,0.0,0.0,0.0
2025-01-18,62,2025-01-18 10:20:00,2025-01-18 10:10:00,727.0218833333333,828.198,2025-01-18T10:20:00,2025-01-18 00:00:00,0.9588,707.7717191809459,955.5129000000001,0.0,247.7411808190542,0.0,1906.611439432866,2129.578502170015,0.0,1.0,101.17611666666664,0.0,0.0,0.0,0.0,0.0,2096.2475426856436,2187.3060476856435,0.0,0.0,0.0
2025-01-18,63,2025-01-18 10:30:00,2025-01-18 10:20:00,743.6783333333333,851.2375000000001,2025-01-18T10:30:00,2025-01-18 00:00:00,0.9549,713.5461586181833,958.5187500000001,0.0,244.97259138181676,0.0,2129.578502170015,2350.05383441365,0.0,1.0,107.55916666666678,0.0,0.0,0.0,0.0,0.0,2187.3060476856435,2284.1092976856435,0.0,0.0,0.0
2025-01-18,64,2025-01-18 10:40:00,2025-01-18 10:30:00,719.6660833333334,883.57515,2025-01-18T10:40:00,2025-01-18 00:00:00,0.9839,705.3596346107607,935.0578833333334,0.0,229.69824872257266,0.0,2350.05383441365,2556.782258263965,0.0,1.0,163.9090666666666,0.0,0.0,0.0,0.0,0.0,2284.1092976856435,2431.6274576856435,0.0,0.0,0.0
2025-01-18,65,2025-01-18 10:50:00,2025-01-18 10:40:00,682.6373,885.2261,2025-01-18T10:50:00,2025-01-18 00:00:00,0.799,710.5364014888256,933.16575,0.0,222.62934851117438,0.0,2556.782258263965,2757.148671924022,0.0,1.0,202.5888,0.0,0.0,0.0,0.0,0.0,2431.6274576856435,2613.9573776856437,0.0,0.0,0.0
2025-01-18,66,2025-01-18 11:00:00,2025-01-18 10:50:00,677.9350000000001,869.1062499999999,2025-01-18T11:00:00,2025-01-18 00:00:00,0.5025,732.8634853122041,954.5124999999999,0.0,221.64901468779578,0.0,2757.148671924022,2956.6327851430383,0.0,1.0,191.17124999999987,0.0,0.0,0.0,0.0,0.0,2613.9573776856437,2786.011502685644,0.0,0.0,0.0
2025-01-18,67,2025-01-18 11:10:00,2025-01-18 11:00:00,723.6699833333333,894.25785,2025-01-18T11:10:00,2025-01-18 00:00:00,0.4662,741.3766004943959,961.9274999999999,536.104312909493,756.655212415097,0.0,2956.6327851430383,3637.6224763166256,0.0,0.9999999999999986,706.6921795761597,0.0,0.0,0.0,0.0,0.0,2786.011502685644,3422.0344643041876,249.93183067840565,0.0,249.93183067840565
2025-01-18,68,2025-01-18 11:20:00,2025-01-18 11:10:00,721.3532166666668,935.6315666666666,2025-01-18T11:20:00,2025-01-18 00:00:00,0.5007,715.8201628317859,962.6507499999999,0.0,246.83058716821404,0.0,3637.6224763166256,3859.770004768018,0.0,1.0,214.27834999999982,0.0,0.0,0.0,0.0,0.0,3422.0344643041876,3614.8849793041873,0.0,0.0,0.0
2025-01-18,69,2025-01-18 11:30:00,2025-01-18 11:20:00,681.975,958.30625,2025-01-18T11:30:00,2025-01-18 00:00:00,0.4827,690.3454147154393,956.49375,0.0,266.14833528456063,0.0,3859.770004768018,4099.303506524123,0.0,1.0,276.33124999999995,0.0,0.0,0.0,0.0,0.0,3614.8849793041873,3863.583104304187,0.0,0.0,0.0
2025-01-18,70,2025-01-18 11:40:00,2025-01-18 11:30:00,711.0658166666667,950.3349333333334,2025-01-18T11:40:00,2025-01-18 00:00:00,0.4785,717.9938284391643,937.4035833333334,0.0,219.40975489416905,0.0,4099.303506524123,4296.772285928875,0.0,1.0,239.26911666666672,0.0,0.0,0.0,0.0,0.0,3863.583104304187,4078.925309304187,0.0,0.0,0.0
2025-01-18,71,2025-01-18 11:50:00,2025-01-18 11:40:00,740.7286,942.8706833333334,2025-01-18T11:50:00,2025-01-18 00:00:00,0.4662,725.9487255855239,948.8863666666666,610.3956922521905,833.3333333333333,0.0,4296.772285928875,5046.772285928875,0.0,1.0,812.537775585524,0.0,0.0,0.0,0.0,0.0,4078.925309304187,4810.209307331159,284.56647172797125,0.0,284.56647172797125
2025-01-18,72,2025-01-18 12:00:00,2025-01-18 11:50:00,728.2516666666667,949.6125000000001,2025-01-18T12:00:00,2025-01-18 00:00:00,0.4432,697.607456056328,971.6999999999999,559.2407893896614,833.3333333333333,0.0,5046.772285928875,5796.772285928875,0.0,1.0,780.6016227229946,0.0,0.0,0.0,0.0,0.0,4810.209307331159,5512.750767781854,247.85551785749792,0.0,247.85551785749792
2025-01-18,73,2025-01-18 12:10:00,2025-01-18 12:00:00,701.1681666666667,960.4332666666666,2025-01-18T12:10:00,2025-01-18 00:00:00,0.4411,688.9829742011965,946.0235166666666,576.2927908678631,833.3333333333333,0.0,5796.772285928875,6546.772285928875,0.0,1.0,833.3333333333334,0.0,0.0,2.2245575345295947,2.2245575345295947,0.0,5512.750767781854,6262.750767781854,254.2027500518144,0.0,254.2027500518144
2025-01-18,74,2025-01-18 12:20:00,2025-01-18 12:10:00,686.56985,981.4428333333334,2025-01-18T12:20:00,2025-01-18 00:00:00,0.4551,694.0990290340452,946.8049666666667,580.6273957007118,833.3333333333333,0.0,6546.772285928875,7296.772285928875,0.0,1.0,833.3333333333334,0.0,0.0,42.1670457007117,42.1670457007117,0.0,6262.750767781854,7012.750767781854,264.2435277833939,0.0,264.2435277833939
2025-01-18,75,2025-01-18 12:30:00,2025-01-18 12:20:00,684.3683333333333,1003.7375000000001,2025-01-18T12:30:00,2025-01-18 00:00:00,0.4463,702.3152258962591,985.5375,550.1110592295923,833.3333333333333,0.0,7296.772285928875,8046.772285928875,0.0,1.0,833.3333333333334,0.0,0.0,36.1468925629257,36.1468925629257,0.0,7012.750767781854,7762.750767781854,245.51456573416704,0.0,245.51456573416704
2025-01-18,76,2025-01-18 12:40:00,2025-01-18 12:30:00,677.2975333333333,1006.1721833333332,2025-01-18T12:40:00,2025-01-18 00:00:00,0.4113,709.6455687448802,994.0101333333333,548.9687687448801,833.3333333333333,0.0,8046.772285928875,8796.772285928875,0.0,1.0,833.3333333333334,0.0,0.0,44.5100854115467,44.5100854115467,0.0,7762.750767781854,8512.750767781854,225.7908545847692,0.0,225.7908545847692
2025-01-18,77,2025-01-18 12:50:00,2025-01-18 12:40:00,683.1602666666666,996.4612666666667,2025-01-18T12:50:00,2025-01-18 00:00:00,0.5682,693.1894840247807,977.0920833333333,0.0,283.9025993085527,0.0,8796.772285928875,9052.284625306573,0.0,1.0,313.30100000000004,0.0,0.0,0.0,0.0,0.0,8512.750767781854,8794.721667781854,0.0,0.0,0.0
2025-01-18,78,2025-01-18 13:00:00,2025-01-18 12:50:00,696.5166666666668,996.53125,2025-01-18T13:00:00,2025-01-18 00:00:00,0.8279,663.390157028324,958.9187499999999,0.0,295.52859297167595,0.0,9052.284625306573,9318.26035898108,0.0,1.0,300.01458333333323,0.0,0.0,0.0,0.0,0.0,8794.721667781854,9064.734792781854,0.0,0.0,0.0
2025-01-18,79,2025-01-18 13:10:00,2025-01-18 13:00:00,688.0187666666667,1015.1251333333333,2025-01-18T13:10:00,2025-01-18 00:00:00,0.8636,656.0439235371131,951.12275,0.0,295.0788264628869,0.0,9318.26035898108,9583.831302797678,0.0,1.0,327.10636666666664,0.0,0.0,0.0,0.0,0.0,9064.734792781854,9359.130522781854,0.0,0.0,0.0
2025-01-18,80,2025-01-18 13:20:00,2025-01-18 13:10:00,662.4071833333334,985.1408333333334,2025-01-18T13:20:00,2025-01-18 00:00:00,0.8416,656.5280264944195,918.2442,0.0,261.7161735055805,0.0,9583.831302797678,9819.3758589527,0.0,1.0,322.73365,0.0,0.0,0.0,0.0,0.0,9359.130522781854,9649.590807781853,0.0,0.0,0.0
2025-01-18,81,2025-01-18 13:30:00,2025-01-18 13:20:00,645.26,912.025,2025-01-18T13:30:00,2025-01-18 00:00:00,0.8618,659.4190383814808,872.11875,0.0,212.69971161851913,0.0,9819.3758589527,10010.805599409368,0.0,1.0,266.765,0.0,0.0,0.0,0.0,0.0,9649.590807781853,9889.679307781853,0.0,0.0,0.0
2025-01-18,82,2025-01-18 13:40:00,2025-01-18 13:30:00,661.3787666666666,871.3019666666668,2025-01-18T13:40:00,2025-01-18 00:00:00,0.8623,673.985796220812,860.53965,0.0,186.5538537791881,0.0,10010.805599409368,10178.704067810637,0.0,1.0,209.92320000000018,0.0,0.0,0.0,0.0,0.0,9889.679307781853,10078.610187781853,0.0,0.0,0.0
2025-01-18,83,2025-01-18 13:50:00,2025-01-18 13:40:00,685.0104166666666,852.7453,2025-01-18T13:50:00,2025-01-18 00:00:00,0.9026,680.1931973289658,841.0417000000001,0.0,160.84850267103434,0.0,10178.704067810637,10323.467720214569,0.0,1.0,167.7348833333334,0.0,0.0,0.0,0.0,0.0,10078.610187781853,10229.571582781853,0.0,0.0,0.0
2025-01-18,84,2025-01-18 14:00:00,2025-01-18 13:50:00,686.56,829.9875000000001,2025-01-18T14:00:00,2025-01-18 00:00:00,0.9754,669.1436052481682,797.6,0.0,128.4563947518318,0.0,10323.467720214569,10439.078475491217,0.0,1.0,143.42750000000012,0.0,0.0,0.0,0.0,0.0,10229.571582781853,10358.656332781853,0.0,0.0,0.0
2025-01-18,85,2025-01-18 14:10:00,2025-01-18 14:00:00,655.9648,791.9124499999999,2025-01-18T14:10:00,2025-01-18 00:00:00,1.0002,649.6995031672496,757.9667333333333,0.0,108.26723016608366,0.0,10439.078475491217,10536.518982640691,0.0,1.0,135.94764999999995,0.0,0.0,0.0,0.0,0.0,10358.656332781853,10481.009217781853,0.0,0.0,0.0
2025-01-18,86,2025-01-18 14:20:00,2025-01-18 14:10:00,624.8686166666666,761.6870666666667,2025-01-18T14:20:00,2025-01-18 00:00:00,0.9978,627.3093955333197,726.6912833333334,0.0,99.38188780001371,0.0,10536.518982640691,10625.962681660703,0.0,1.0,136.8184500000001,0.0,0.0,0.0,0.0,0.0,10481.009217781853,10604.145822781853,0.0,0.0,0.0
2025-01-18,87,2025-01-18 14:30:00,2025-01-18 14:20:00,619.105,736.63125,2025-01-18T14:30:00,2025-01-18 00:00:00,1.0271,614.9185743998864,708.9,0.0,93.98142560011354,0.0,10625.962681660703,10710.545964700805,0.0,1.0,117.52625,0.0,0.0,0.0,0.0,0.0,10604.145822781853,10709.919447781853,0.0,0.0,0.0
2025-01-18,88,2025-01-18 14:40:00,2025-01-18 14:30:00,637.1694,691.7595333333334,2025-01-18T14:40:00,2025-01-18 00:00:00,1.0906,625.4966684336963,703.4768833333333,0.0,77.98021489963696,0.0,10710.545964700805,10780.728158110478,0.0,1.0,54.59013333333337,0.0,0.0,0.0,0.0,0.0,10709.919447781853,10759.050567781853,0.0,0.0,0.0
2025-01-18,89,2025-01-18 14:50:00,2025-01-18 14:40:00,635.2857833333334,648.8711166666667,2025-01-18T14:50:00,2025-01-18 00:00:00,0.9376,638.4066090116424,659.8197666666666,0.0,21.41315765502418,0.0,10780.728158110478,10800.0,0.0,1.0,13.585333333333324,0.0,0.0,0.0,0.0,0.0,10759.050567781853,10771.277367781853,0.0,0.0,0.0
2025-01-18,90,2025-01-18 15:00:00,2025-01-18 14:50:00,616.7483333333333,610.25625,2025-01-18T15:00:00,2025-01-18 00:00:00,0.6694,636.3404776177692,587.15625,49.18422761776924,0.0,-0.0,10800.0,10800.0,0.0,0.0,31.91403579794092,0.0,0.0,10.778108486495007,10.778108486495007,0.0,10771.277367781853,10800.0,32.92392196733473,0.0,32.92392196733473
2025-01-18,91,2025-01-18 15:10:00,2025-01-18 15:00:00,622.8273833333334,554.53245,2025-01-18T15:10:00,2025-01-18 00:00:00,0.66,623.3281070034521,543.01995,80.30815700345215,0.0,0.0,10800.0,10800.0,0.0,0.0,0.0,0.0,0.0,12.013223670118805,12.013223670118805,0.0,10800.0,10800.0,53.00338362227842,0.0,53.00338362227842
2025-01-18,92,2025-01-18 15:20:00,2025-01-18 15:10:00,619.6244333333333,491.6920333333333,2025-01-18T15:20:00,2025-01-18 00:00:00,0.7217,638.4196928247636,491.54956666666664,146.87012615809698,0.0,-0.0,10800.0,10800.0,0.0,0.0,0.0,0.0,0.0,18.937726158097007,18.937726158097007,0.0,10800.0,10800.0,105.9961700482986,0.0,105.9961700482986
2025-01-18,93,2025-01-18 15:30:00,2025-01-18 15:20:00,616.8183333333333,433.91249999999997,2025-01-18T15:30:00,2025-01-18 00:00:00,0.7308,660.3197569950254,429.39375,230.92600699502538,0.0,-0.0,10800.0,10800.0,0.0,0.0,0.0,0.0,0.0,48.02017366169207,48.02017366169207,0.0,10800.0,10800.0,168.76072591196456,0.0,168.76072591196456
2025-01-18,94,2025-01-18 15:40:00,2025-01-18 15:30:00,657.84435,385.0182,2025-01-18T15:40:00,2025-01-18 00:00:00,0.7534,629.2117251809665,393.0156666666667,236.1960585142998,0.0,-0.0,10800.0,10800.0,0.0,0.0,0.0,36.63009148570018,0.0,0.0,0.0,0.0,10800.0,10759.299898349222,177.95011048467347,0.0,177.95011048467347
2025-01-18,95,2025-01-18 15:50:00,2025-01-18 15:40:00,672.5232833333333,339.51321666666666,2025-01-18T15:50:00,2025-01-18 00:00:00,0.7823,603.8309372732415,353.1442833333333,250.68665393990818,0.0,-0.0,10800.0,10800.0,0.0,0.0,0.0,82.32341272675842,0.0,0.0,0.0,0.0,10759.299898349222,10667.829439763935,196.11216937719018,0.0,196.11216937719018
2025-01-18,96,2025-01-18 16:00:00,2025-01-18 15:50:00,638.1016666666667,291.23125,2025-01-18T16:00:00,2025-01-18 00:00:00,0.8055,599.4347053100062,300.3,299.13470531000615,0.0,-0.0,10800.0,10800.0,0.0,0.0,0.0,47.735711356660545,0.0,0.0,0.0,0.0,10667.829439763935,10614.789760478756,240.95300512720996,0.0,240.95300512720996
2025-01-18,97,2025-01-18 16:10:00,2025-01-18 16:00:00,604.5478166666667,237.46826666666666,2025-01-18T16:10:00,2025-01-18 00:00:00,0.8271,576.9123690531441,254.02235,322.8900190531441,0.0,-0.0,10800.0,10800.0,0.0,0.0,0.0,44.18953094685594,0.0,0.0,0.0,0.0,10614.789760478756,10565.690281648916,267.06233475885546,0.0,267.06233475885546
2025-01-18,98,2025-01-18 16:20:00,2025-01-18 16:10:00,604.6898666666667,183.01651666666666,2025-01-18T16:20:00,2025-01-18 00:00:00,0.8519,573.0316997475533,203.43091666666666,369.6007830808866,0.0,-0.0,10800.0,10800.0,0.0,0.0,0.0,52.072566919113456,0.0,0.0,0.0,0.0,10565.690281648916,10507.831873961013,314.8629071066073,0.0,314.8629071066073
2025-01-18,99,2025-01-18 16:30:00,2025-01-18 16:20:00,622.0749999999999,135.0375,2025-01-18T16:30:00,2025-01-18 00:00:00,0.8791,595.5331081588275,149.9625,445.57060815882755,0.0,-0.0,10800.0,10800.0,0.0,0.0,0.0,41.466891841172355,0.0,0.0,0.0,0.0,10507.831873961013,10461.757549693044,391.7011216324253,0.0,391.7011216324253
2025-01-18,100,2025-01-18 16:40:00,2025-01-18 16:30:00,605.4765833333333,97.13158333333332,2025-01-18T16:40:00,2025-01-18 00:00:00,0.9024,601.2383032648654,108.04936666666667,493.1889365981987,0.0,-0.0,10800.0,10800.0,0.0,0.0,0.0,15.156063401801248,0.0,0.0,0.0,0.0,10461.757549693044,10444.917479246598,445.05369638621454,0.0,445.05369638621454
2025-01-18,101,2025-01-18 16:50:00,2025-01-18 16:40:00,543.1114,57.471016666666664,2025-01-18T16:50:00,2025-01-18 00:00:00,0.9163,542.4647578996911,63.90158333333333,478.56317456635776,0.0,-0.0,10800.0,10800.0,0.0,0.0,0.0,7.077208766975559,0.0,0.0,0.0,0.0,10444.917479246598,10437.05391394996,438.5074368551536,0.0,438.5074368551536
2025-01-18,102,2025-01-18 17:00:00,2025-01-18 16:50:00,477.19666666666666,20.099999999999998,2025-01-18T17:00:00,2025-01-18 00:00:00,0.9264,460.47051042118005,21.575,438.89551042118006,0.0,-0.0,10800.0,10800.0,0.0,0.0,0.0,18.201156245486573,0.0,0.0,0.0,0.0,10437.05391394996,10416.83040701053,406.59280085418123,0.0,406.59280085418123
2025-01-18,103,2025-01-18 17:10:00,2025-01-18 17:00:00,467.5936166666667,2.7629,2025-01-18T17:10:00,2025-01-18 00:00:00,0.9462,452.0233131603121,2.7392333333333334,449.28407982697877,0.0,-0.0,10800.0,10800.0,0.0,0.0,0.0,15.546636839687949,0.0,0.0,0.0,0.0,10416.83040701053,10399.556366077542,425.11259633228735,0.0,425.11259633228735
2025-01-18,104,2025-01-18 17:20:00,2025-01-18 17:10:00,472.0541333333333,0.0,2025-01-18T17:20:00,2025-01-18 00:00:00,0.9742,479.02112035925035,0.0,479.02112035925035,0.0,-0.0,10800.0,10800.0,0.0,0.0,6.966987025917035,0.0,0.0,0.0,0.0,0.0,10399.556366077542,10405.826654400867,466.66237545398167,0.0,466.66237545398167
2025-01-18,105,2025-01-18 17:30:00,2025-01-18 17:20:00,466.27500000000003,0.0,2025-01-18T17:30:00,2025-01-18 00:00:00,0.9862,496.2494394262776,0.0,496.2494394262776,0.0,0.0,10800.0,10800.0,0.0,0.0,29.97443942627757,0.0,0.0,0.0,0.0,0.0,10405.826654400867,10432.803649884518,489.40119716219493,0.0,489.40119716219493
2025-01-18,106,2025-01-18 17:40:00,2025-01-18 17:30:00,464.9513,0.14491666666666667,2025-01-18T17:40:00,2025-01-18 00:00:00,0.976,491.1283176107657,0.1393,490.9890176107657,0.0,0.0,10800.0,10800.0,0.0,0.0,26.182634277432385,0.0,0.0,0.0,0.0,0.0,10432.803649884518,10456.368020734208,479.20528118810734,0.0,479.20528118810734
2025-01-18,107,2025-01-18 17:50:00,2025-01-18 17:40:00,463.7437333333333,0.0,2025-01-18T17:50:00,2025-01-18 00:00:00,1.0742,471.7323464521518,0.0,289.04591332839516,0.0,182.68643312375661,10800.0,10597.015074306937,0.0,0.0,0.0,174.69782000493814,0.0,0.0,0.0,0.0,10456.368020734208,10262.259331839832,310.49312009736207,0.0,310.49312009736207
2025-01-18,108,2025-01-18 18:00:00,2025-01-18 17:50:00,470.83500000000004,0.0,2025-01-18T18:00:00,2025-01-18 00:00:00,1.2313,461.7231910803355,0.0,-0.0,0.0,461.7231910803355,10597.015074306937,10083.989306439898,0.0,0.0,0.0,470.83500000000004,0.0,0.0,0.0,0.0,10262.259331839832,9739.109331839833,-0.0,0.0,0.0
2025-01-18,109,2025-01-18 18:10:00,2025-01-18 18:00:00,496.25628333333333,0.0104,2025-01-18T18:10:00,2025-01-18 00:00:00,1.2561,477.8569400570999,0.01,0.0,0.0,477.8469400570999,10083.989306439898,9553.04826193201,0.0,0.0,0.0,496.2458833333333,0.0,0.0,0.0,0.0,9739.109331839833,9187.725017025017,0.0,0.0,0.0
2025-01-18,110,2025-01-18 18:20:00,2025-01-18 18:10:00,489.35885,0.0,2025-01-18T18:20:00,2025-01-18 00:00:00,1.2447,469.7634693750158,0.0,0.0,0.0,469.7634693750158,9553.04826193201,9031.088851515326,0.0,0.0,0.0,489.35885,0.0,0.0,0.0,0.0,9187.725017025017,8643.992961469461,0.0,0.0,0.0
2025-01-18,111,2025-01-18 18:30:00,2025-01-18 18:20:00,451.9433333333333,0.0,2025-01-18T18:30:00,2025-01-18 00:00:00,1.2545,447.5840557955154,0.0,0.0,0.0,447.5840557955154,9031.088851515326,8533.773233964754,0.0,0.0,0.0,451.9433333333333,0.0,0.0,0.0,0.0,8643.992961469461,8141.833702210202,0.0,0.0,0.0
2025-01-18,112,2025-01-18 18:40:00,2025-01-18 18:30:00,439.5705666666667,0.0007499999999999999,2025-01-18T18:40:00,2025-01-18 00:00:00,1.2522,468.9510591664148,0.0007166666666666667,0.0,0.0,468.9503424997481,8533.773233964754,8012.717297853923,0.0,0.0,0.0,439.5698166666667,0.0,0.0,0.0,0.0,8141.833702210202,7653.422794802795,0.0,0.0,0.0
2025-01-18,113,2025-01-18 18:50:00,2025-01-18 18:40:00,450.85645,0.0,2025-01-18T18:50:00,2025-01-18 00:00:00,1.2881,475.1835883605579,0.0,0.0,0.0,475.1835883605579,8012.717297853923,7484.7355330088585,0.0,0.0,0.0,450.85645,0.0,0.0,0.0,0.0,7653.422794802795,7152.471183691683,0.0,0.0,0.0
2025-01-18,114,2025-01-18 19:00:00,2025-01-18 18:50:00,452.885,0.0,2025-01-18T19:00:00,2025-01-18 00:00:00,1.3466,454.2387117864523,0.0,0.0,0.0,454.2387117864523,7484.7355330088585,6980.025853246134,0.0,0.0,0.0,452.885,0.0,0.0,0.0,0.0,7152.471183691683,6649.265628136128,0.0,0.0,0.0
2025-01-18,115,2025-01-18 19:10:00,2025-01-18 19:00:00,423.35245000000003,0.0,2025-01-18T19:10:00,2025-01-18 00:00:00,1.3523,454.36981053590375,0.0,0.0,0.0,454.36981053590375,6980.025853246134,6475.170508206241,0.0,0.0,0.0,423.35245000000003,0.0,0.0,0.0,0.0,6649.265628136128,6178.874017025017,0.0,0.0,0.0
2025-01-18,116,2025-01-18 19:20:00,2025-01-18 19:10:00,442.8923666666667,0.0,2025-01-18T19:20:00,2025-01-18 00:00:00,1.3445,460.11479158066436,0.0,0.0,0.0,460.11479158066436,6475.170508206241,5963.931850894392,0.0,0.0,0.0,442.8923666666667,0.0,0.0,0.0,0.0,6178.874017025017,5686.771387395387,0.0,0.0,0.0
2025-01-18,117,2025-01-18 19:30:00,2025-01-18 19:20:00,488.08666666666664,0.0,2025-01-18T19:30:00,2025-01-18 00:00:00,1.3483,470.3438560417037,0.0,0.0,0.0,470.3438560417037,5963.931850894392,5441.32756640361,0.0,0.0,0.0,488.08666666666664,0.0,0.0,0.0,0.0,5686.771387395387,5144.452868876869,0.0,0.0,0.0
2025-01-18,118,2025-01-18 19:40:00,2025-01-18 19:30:00,456.32301666666666,0.0,2025-01-18T19:40:00,2025-01-18 00:00:00,1.349,498.0880912267897,0.0,-0.0,0.0,498.0880912267897,5441.32756640361,4887.896353929399,0.0,0.0,0.0,456.32301666666666,0.0,0.0,0.0,0.0,5144.452868876869,4637.427294802795,-0.0,0.0,0.0
2025-01-18,119,2025-01-18 19:50:00,2025-01-18 19:40:00,442.85996666666665,0.0,2025-01-18T19:50:00,2025-01-18 00:00:00,1.3473,491.76332435561966,0.0,0.0,0.0,491.76332435561966,4887.896353929399,4341.492660200933,0.0,0.0,0.0,442.85996666666665,0.0,0.0,0.0,0.0,4637.427294802795,4145.360665173165,0.0,0.0,0.0
2025-01-18,120,2025-01-18 20:00:00,2025-01-18 19:50:00,475.01666666666665,0.0,2025-01-18T20:00:00,2025-01-18 00:00:00,1.3482,454.9783820677901,0.0,0.0,0.0,454.9783820677901,4341.492660200933,3835.9611245700544,0.0,0.0,0.0,475.01666666666665,0.0,0.0,0.0,0.0,4145.360665173165,3617.5643688768687,0.0,0.0,0.0
2025-01-18,121,2025-01-18 20:10:00,2025-01-18 20:00:00,480.7563,0.0,2025-01-18T20:10:00,2025-01-18 00:00:00,1.3513,446.6062634546777,0.0,0.0,0.0,446.6062634546777,3835.9611245700544,3339.7319429537456,0.0,0.0,0.0,480.7563,0.0,0.0,0.0,0.0,3617.5643688768687,3083.390702210202,0.0,0.0,0.0
2025-01-18,122,2025-01-18 20:20:00,2025-01-18 20:10:00,465.9056,0.0,2025-01-18T20:20:00,2025-01-18 00:00:00,1.34,460.1184658336641,0.0,0.0,0.0,460.1184658336641,3339.7319429537456,2828.4892031385634,0.0,0.0,0.0,465.9056,0.0,0.0,0.0,0.0,3083.390702210202,2565.7178133213133,0.0,0.0,0.0
2025-01-18,123,2025-01-18 20:30:00,2025-01-18 20:20:00,455.83666666666664,0.0,2025-01-18T20:30:00,2025-01-18 00:00:00,1.3489,478.58688754962117,0.0,0.0,0.0,478.58688754962117,2828.4892031385634,2296.725994750095,0.0,0.0,0.0,455.83666666666664,0.0,0.0,0.0,0.0,2565.7178133213133,2059.2326281361284,0.0,0.0,0.0
2025-01-18,124,2025-01-18 20:40:00,2025-01-18 20:30:00,470.4037166666667,0.0,2025-01-18T20:40:00,2025-01-18 00:00:00,1.3952,492.394572820524,0.0,-0.0,0.0,492.394572820524,2296.725994750095,1749.6209138384017,0.0,0.0,0.0,470.4037166666667,0.0,0.0,0.0,0.0,2059.2326281361284,1536.561831839832,-0.0,0.0,0.0
2025-01-18,125,2025-01-18 20:50:00,2025-01-18 20:40:00,510.70525,0.0,2025-01-18T20:50:00,2025-01-18 00:00:00,1.2226,494.65882245456146,0.0,0.0,0.0,494.65882245456146,1749.6209138384017,1200.0,0.0,0.0,0.0,302.9056486558488,207.7996013441512,0.0,0.0,0.0,1536.561831839832,1200.0,0.0,1270.2789630167963,1270.2789630167963
2025-01-18,126,2025-01-18 21:00:00,2025-01-18 20:50:00,536.9866666666667,0.0,2025-01-18T21:00:00,2025-01-18 00:00:00,0.9332,489.2104657354206,0.0,489.2104657354206,0.0,0.0,1200.0,1200.0,0.0,0.0,0.0,0.0,47.77620093124608,0.0,0.0,0.0,1200.0,1200.0,456.5312066242945,222.92375354519422,679.4549601694887
2025-01-18,127,2025-01-18 21:10:00,2025-01-18 21:00:00,502.38898333333333,0.0,2025-01-18T21:10:00,2025-01-18 00:00:00,0.9068,485.81038396368666,0.0,485.81038396368666,0.0,0.0,1200.0,1200.0,0.0,0.0,0.0,0.0,16.578599369646668,0.0,0.0,0.0,1200.0,1200.0,440.53285617827106,75.167369541978,515.700225720249
2025-01-18,128,2025-01-18 21:20:00,2025-01-18 21:10:00,473.46075,0.0,2025-01-18T21:20:00,2025-01-18 00:00:00,0.9371,478.557742562715,0.0,478.557742562715,0.0,0.0,1200.0,1200.0,0.0,0.0,5.096992562715002,0.0,0.0,0.0,0.0,0.0,1200.0,1204.5872933064436,448.45646055552027,0.0,448.45646055552027
2025-01-18,129,2025-01-18 21:30:00,2025-01-18 21:20:00,479.8566666666666,0.0,2025-01-18T21:30:00,2025-01-18 00:00:00,0.9371,481.0542327151429,0.0,481.0542327151429,0.0,0.0,1200.0,1200.0,0.0,0.0,1.1975660484762898,0.0,0.0,0.0,0.0,0.0,1204.5872933064436,1205.6651027500723,450.7959214773604,0.0,450.7959214773604
2025-01-18,130,2025-01-18 21:40:00,2025-01-18 21:30:00,485.7930833333333,0.0,2025-01-18T21:40:00,2025-01-18 00:00:00,0.9871,505.2212779882175,0.0,505.2212779882175,0.0,-0.0,1200.0,1200.0,0.0,0.0,19.42819465488418,0.0,0.0,0.0,0.0,0.0,1205.6651027500723,1223.150477939468,498.70392350216946,0.0,498.70392350216946
2025-01-18,131,2025-01-18 21:50:00,2025-01-18 21:40:00,458.64730000000003,0.0,2025-01-18T21:50:00,2025-01-18 00:00:00,0.7764,467.6304486657374,0.0,467.6304486657374,0.0,-0.0,1200.0,1200.0,0.0,0.0,8.98314866573736,0.0,0.0,0.0,0.0,0.0,1223.150477939468,1231.2353117386315,363.0682803440785,0.0,363.0682803440785
2025-01-18,132,2025-01-18 22:00:00,2025-01-18 21:50:00,420.56,0.0,2025-01-18T22:00:00,2025-01-18 00:00:00,0.4209,385.59374498443634,0.0,1218.9270783177697,833.3333333333333,0.0,1200.0,1950.0,0.0,1.0,798.3670783177697,0.0,0.0,0.0,0.0,0.0,1231.2353117386315,1949.7656822246242,513.0464072639493,0.0,513.0464072639493
2025-01-18,133,2025-01-18 22:10:00,2025-01-18 22:00:00,426.2462,0.0,2025-01-18T22:10:00,2025-01-18 00:00:00,0.3859,371.2423452091664,0.0,1204.5756785424996,833.3333333333333,0.0,1950.0,2700.0,0.0,1.0,778.3294785424996,0.0,0.0,0.0,0.0,0.0,1949.7656822246242,2650.262212912874,464.84575434955065,0.0,464.84575434955065
2025-01-18,134,2025-01-18 22:20:00,2025-01-18 22:10:00,448.35355,0.0,2025-01-18T22:20:00,2025-01-18 00:00:00,0.4368,415.49592471512693,0.0,415.49592471512693,0.0,0.0,2700.0,2700.0,0.0,0.0,0.0,32.85762528487305,0.0,0.0,0.0,0.0,2650.262212912874,2613.753740374126,181.48861991556745,0.0,181.48861991556745
2025-01-18,135,2025-01-18 22:30:00,2025-01-18 22:20:00,453.03666666666663,0.0,2025-01-18T22:30:00,2025-01-18 00:00:00,0.4198,451.61322737797997,0.0,1284.9465607113132,833.3333333333333,0.0,2700.0,3450.0,0.0,1.0,831.9098940446465,0.0,0.0,0.0,0.0,0.0,2613.753740374126,3362.472645014308,539.4205661866092,0.0,539.4205661866092
2025-01-18,136,2025-01-18 22:40:00,2025-01-18 22:30:00,429.5550666666666,0.0,2025-01-18T22:40:00,2025-01-18 00:00:00,0.4186,423.0495203975557,0.0,1256.3828537308889,833.3333333333333,0.0,3450.0,4200.0,0.0,1.0,826.8277870642223,0.0,0.0,0.0,0.0,0.0,3362.472645014308,4106.617653372108,525.9218625717501,0.0,525.9218625717501
2025-01-18,137,2025-01-18 22:50:00,2025-01-18 22:40:00,401.05643333333336,0.0,2025-01-18T22:50:00,2025-01-18 00:00:00,0.4241,413.1953402231257,0.0,413.1953402231257,0.0,0.0,4200.0,4200.0,0.0,0.0,12.138906889792338,0.0,0.0,0.0,0.0,0.0,4106.617653372108,4117.542669572921,175.2361437886276,0.0,175.2361437886276
2025-01-18,138,2025-01-18 23:00:00,2025-01-18 22:50:00,396.83,0.0,2025-01-18T23:00:00,2025-01-18 00:00:00,0.4237,431.6071984716428,0.0,1264.940531804976,833.3333333333333,0.0,4200.0,4950.0,0.0,1.0,833.3333333333334,0.0,0.0,34.77719847164269,34.77719847164269,0.0,4117.542669572921,4867.542669572921,535.9553033257683,0.0,535.9553033257683
2025-01-18,139,2025-01-18 23:10:00,2025-01-18 23:00:00,427.9829333333333,0.0,2025-01-18T23:10:00,2025-01-18 00:00:00,0.4248,410.3214643466704,0.0,410.3214643466704,0.0,0.0,4950.0,4950.0,0.0,0.0,0.0,17.661468986662896,0.0,0.0,0.0,0.0,4867.542669572921,4847.918815143295,174.3045580544656,0.0,174.3045580544656
2025-01-18,140,2025-01-18 23:20:00,2025-01-18 23:10:00,443.68833333333333,0.0,2025-01-18T23:20:00,2025-01-18 00:00:00,0.424,404.391413529037,0.0,1061.7322445752961,657.3408310462593,0.0,4950.0,5541.606747941633,0.0,1.0,618.0439112419629,0.0,0.0,0.0,0.0,0.0,4847.918815143295,5404.158335261062,450.17447169992556,0.0,450.17447169992556
2025-01-18,141,2025-01-18 23:30:00,2025-01-18 23:20:00,425.77,0.0,2025-01-18T23:30:00,2025-01-18 00:00:00,0.422,425.38458985943186,0.0,1258.717923192765,833.3333333333333,0.0,5541.606747941633,6291.606747941633,0.0,1.0,832.9479231927651,0.0,0.0,0.0,0.0,0.0,5404.158335261062,6153.811466134551,531.1789635873469,0.0,531.1789635873469
2025-01-18,142,2025-01-18 23:40:00,2025-01-18 23:30:00,417.64348333333334,0.0,2025-01-18T23:40:00,2025-01-18 00:00:00,0.424,435.433899479274,0.0,435.433899479274,0.0,0.0,6291.606747941633,6291.606747941633,0.0,0.0,17.79041614594064,0.0,0.0,0.0,0.0,0.0,6153.811466134551,6169.822840665897,184.62397337921217,0.0,184.62397337921217
2025-01-18,143,2025-01-18 23:50:00,2025-01-18 23:40:00,509.3992166666667,0.0,2025-01-18T23:50:00,2025-01-18 00:00:00,0.4271,496.2436881847102,0.0,496.2436881847102,0.0,0.0,6291.606747941633,6291.606747941633,0.0,0.0,0.0,13.15552848195648,0.0,0.0,0.0,0.0,6169.822840665897,6155.205586797057,211.94567922368972,0.0,211.94567922368972
2025-01-18,144,2025-01-19 00:00:00,2025-01-18 23:50:00,637.3183333333333,0.0,2025-01-19T00:00:00,2025-01-18 00:00:00,0.4276,594.0946173666715,0.0,594.0946173666715,0.0,0.0,6291.606747941633,6291.606747941633,0.0,-0.0,0.0,43.22371596666176,0.0,0.0,0.0,0.0,6155.205586797057,6107.179235722988,254.03485838598874,0.0,254.03485838598874
2025-01-19,1,2025-01-19 00:10:00,2025-01-19 00:00:00,636.8644666666667,0.0,2025-01-19T00:10:00,2025-01-19 00:00:00,0.4248,658.3781337871513,0.0,1491.7114671204845,833.3333333333333,0.0,6107.179235722988,6857.179235722988,0.0,1.0,833.3333333333334,0.0,0.0,21.513667120484456,21.513667120484456,0.0,6107.179235722988,6857.179235722988,633.6790312327819,0.0,633.6790312327819
2025-01-19,2,2025-01-19 00:20:00,2025-01-19 00:10:00,596.6740666666667,0.0,2025-01-19T00:20:00,2025-01-19 00:00:00,0.4245,637.6520138173013,0.0,1470.9853471506344,833.3333333333331,0.0,6857.179235722988,7607.179235722988,0.0,0.9999999999999999,833.3333333333334,0.0,0.0,40.97794715063435,40.97794715063435,0.0,6857.179235722988,7607.179235722988,624.4332798654443,0.0,624.4332798654443
2025-01-19,3,2025-01-19 00:30:00,2025-01-19 00:20:00,594.1733333333333,0.0,2025-01-19T00:30:00,2025-01-19 00:00:00,0.4269,608.8636784049326,0.0,1442.1970117382657,833.3333333333333,0.0,7607.179235722988,8357.179235722988,0.0,1.0,833.3333333333334,0.0,0.0,14.69034507159904,14.69034507159904,0.0,7607.179235722988,8357.179235722988,615.6739043110656,0.0,615.6739043110656
2025-01-19,4,2025-01-19 00:40:00,2025-01-19 00:30:00,620.6631,0.0,2025-01-19T00:40:00,2025-01-19 00:00:00,0.4272,630.3043711376829,0.0,1463.6377044710161,833.3333333333333,0.0,8357.179235722988,9107.179235722988,0.0,1.0000000000000004,833.3333333333334,0.0,0.0,9.641271137682793,9.641271137682793,0.0,8357.179235722988,9107.179235722988,625.2660273500181,0.0,625.2660273500181
2025-01-19,5,2025-01-19 00:50:00,2025-01-19 00:40:00,630.5256,0.0,2025-01-19T00:50:00,2025-01-19 00:00:00,0.4271,633.2183804345569,0.0,1466.5517137678903,833.3333333333333,0.0,9107.179235722988,9857.179235722988,0.0,1.0,833.3333333333334,0.0,0.0,2.69278043455688,2.69278043455688,0.0,9107.179235722988,9857.179235722988,626.3642369502659,0.0,626.3642369502659
2025-01-19,6,2025-01-19 01:00:00,2025-01-19 00:50:00,622.4983333333333,0.0,2025-01-19T01:00:00,2025-01-19 00:00:00,0.4285,605.3392515733075,0.0,605.3392515733075,0.0,0.0,9857.179235722988,9857.179235722988,0.0,0.0,0.0,17.159081760025856,0.0,0.0,0.0,0.0,9857.179235722988,9838.113589322958,259.3878692991623,0.0,259.3878692991623
2025-01-19,7,2025-01-19 01:10:00,2025-01-19 01:00:00,633.7338833333333,0.0,2025-01-19T01:10:00,2025-01-19 00:00:00,0.4311,608.1780365848908,0.0,608.1780365848908,0.0,0.0,9857.179235722988,9857.179235722988,0.0,0.0,0.0,25.55584674844249,0.0,0.0,0.0,0.0,9838.113589322958,9809.71820404691,262.18555157174643,0.0,262.18555157174643
2025-01-19,8,2025-01-19 01:20:00,2025-01-19 01:10:00,644.9927,0.0,2025-01-19T01:20:00,2025-01-19 00:00:00,0.4302,642.8913660815012,0.0,642.8913660815012,0.0,0.0,9857.179235722988,9857.179235722988,0.0,0.0,0.0,2.101333918498767,0.0,0.0,0.0,0.0,9809.71820404691,9807.383388581911,276.5718656882619,0.0,276.5718656882619
2025-01-19,9,2025-01-19 01:30:00,2025-01-19 01:20:00,643.5749999999999,0.0,2025-01-19T01:30:00,2025-01-19 00:00:00,0.4279,675.6016908388087,0.0,889.8469844799333,214.2452936411246,0.0,9857.179235722988,10050.0,0.0,0.9999999999999996,246.2719844799334,0.0,0.0,0.0,0.0,0.0,9807.383388581911,10029.028174613852,380.7655246589635,0.0,380.7655246589635
2025-01-19,10,2025-01-19 01:40:00,2025-01-19 01:30:00,639.2107166666666,0.0,2025-01-19T01:40:00,2025-01-19 00:00:00,0.4312,667.5020701271811,0.0,667.5020701271811,0.0,0.0,10050.0,10050.0,0.0,0.0,28.29135346051453,0.0,0.0,0.0,0.0,0.0,10029.028174613852,10054.490392728314,287.82689263884055,0.0,287.82689263884055
2025-01-19,11,2025-01-19 01:50:00,2025-01-19 01:40:00,645.6600500000001,0.0,2025-01-19T01:50:00,2025-01-19 00:00:00,0.4333,636.1460940117033,0.0,636.1460940117033,0.0,0.0,10050.0,10050.0,0.0,0.0,0.0,9.513955988296743,0.0,0.0,0.0,0.0,10054.490392728314,10043.919330519095,275.6421025352711,0.0,275.6421025352711
2025-01-19,12,2025-01-19 02:00:00,2025-01-19 01:50:00,658.8316666666666,0.0,2025-01-19T02:00:00,2025-01-19 00:00:00,0.4311,617.7708229418273,0.0,617.7708229418273,0.0,0.0,10050.0,10050.0,0.0,0.0,0.0,41.06084372483929,0.0,0.0,0.0,0.0,10043.919330519095,9998.29617082483,266.32100177022176,0.0,266.32100177022176
2025-01-19,13,2025-01-19 02:10:00,2025-01-19 02:00:00,664.1026666666667,0.0,2025-01-19T02:10:00,2025-01-19 00:00:00,0.4293,635.9634918314024,0.0,635.9634918314024,0.0,0.0,10050.0,10050.0,0.0,0.0,0.0,28.13917483526427,0.0,0.0,0.0,0.0,9998.29617082483,9967.030421007868,273.01912704322103,0.0,273.01912704322103
2025-01-19,14,2025-01-19 02:20:00,2025-01-19 02:10:00,677.4254666666667,0.0,2025-01-19T02:20:00,2025-01-19 00:00:00,0.4324,648.7983700510362,0.0,648.7983700510362,0.0,0.0,10050.0,10050.0,0.0,0.0,0.0,28.627096615630535,0.0,0.0,0.0,0.0,9967.030421007868,9935.22253587939,280.54041521006803,0.0,280.54041521006803
2025-01-19,15,2025-01-19 02:30:00,2025-01-19 02:20:00,681.605,0.0,2025-01-19T02:30:00,2025-01-19 00:00:00,0.4367,657.6649639403201,0.0,657.6649639403201,0.0,0.0,10050.0,10050.0,0.0,0.0,0.0,23.94003605967987,0.0,0.0,0.0,0.0,9935.22253587939,9908.622495813079,287.2022897527378,0.0,287.2022897527378
2025-01-19,16,2025-01-19 02:40:00,2025-01-19 02:30:00,644.0834166666667,0.0,2025-01-19T02:40:00,2025-01-19 00:00:00,0.4348,700.0127193417824,0.0,700.0127193417824,0.0,0.0,10050.0,10050.0,0.0,0.0,55.92930267511565,0.0,0.0,0.0,0.0,0.0,9908.622495813079,9958.958868220683,304.365530369807,0.0,304.365530369807
2025-01-19,17,2025-01-19 02:50:00,2025-01-19 02:40:00,631.6821833333333,0.0,2025-01-19T02:50:00,2025-01-19 00:00:00,0.4335,720.9930564175218,0.0,720.9930564175218,0.0,0.0,10050.0,10050.0,0.0,0.0,89.31087308418842,0.0,0.0,0.0,0.0,0.0,9958.958868220683,10039.338653996452,312.5504899569957,0.0,312.5504899569957
2025-01-19,18,2025-01-19 03:00:00,2025-01-19 02:50:00,664.775,0.0,2025-01-19T03:00:00,2025-01-19 00:00:00,0.4357,697.2758966652036,0.0,697.2758966652036,0.0,0.0,10050.0,10050.0,0.0,0.0,32.50089666520364,0.0,0.0,0.0,0.0,0.0,10039.338653996452,10068.589460995136,303.8031081770292,0.0,303.8031081770292
2025-01-19,19,2025-01-19 03:10:00,2025-01-19 03:00:00,695.7839,0.0,2025-01-19T03:10:00,2025-01-19 00:00:00,0.4374,665.0562526807956,0.0,665.0562526807956,0.0,0.0,10050.0,10050.0,0.0,0.0,0.0,30.72764731920438,0.0,0.0,0.0,0.0,10068.589460995136,10034.447630640465,290.89560492258,0.0,290.89560492258
2025-01-19,20,2025-01-19 03:20:00,2025-01-19 03:10:00,693.5707666666667,0.0,2025-01-19T03:20:00,2025-01-19 00:00:00,0.4371,674.2112952450997,0.0,674.2112952450997,0.0,0.0,10050.0,10050.0,0.0,0.0,0.0,19.359471421567036,0.0,0.0,0.0,0.0,10034.447630640465,10012.937106838725,294.6977571516331,0.0,294.6977571516331
2025-01-19,21,2025-01-19 03:30:00,2025-01-19 03:20:00,660.8933333333333,0.0,2025-01-19T03:30:00,2025-01-19 00:00:00,0.4356,699.6286324175647,0.0,699.6286324175647,0.0,0.0,10050.0,10050.0,0.0,0.0,38.73529908423143,0.0,0.0,0.0,0.0,0.0,10012.937106838725,10047.798876014533,304.7582322810912,0.0,304.7582322810912
2025-01-19,22,2025-01-19 03:40:00,2025-01-19 03:30:00,632.5577999999999,0.0,2025-01-19T03:40:00,2025-01-19 00:00:00,0.4353,672.9606436248462,0.0,672.9606436248462,0.0,0.0,10050.0,10050.0,0.0,0.0,40.40284362484624,0.0,0.0,0.0,0.0,0.0,10047.798876014533,10084.161435276894,292.93976816989556,0.0,292.93976816989556
2025-01-19,23,2025-01-19 03:50:00,2025-01-19 03:40:00,652.2090833333333,0.0,2025-01-19T03:50:00,2025-01-19 00:00:00,0.436,660.7335719062074,0.0,660.7335719062074,0.0,0.0,10050.0,10050.0,0.0,0.0,8.524488572874134,0.0,0.0,0.0,0.0,0.0,10084.161435276894,10091.83347499248,288.07983735110645,0.0,288.07983735110645
2025-01-19,24,2025-01-19 04:00:00,2025-01-19 03:50:00,688.81,0.0,2025-01-19T04:00:00,2025-01-19 00:00:00,0.4378,686.7598439101815,0.0,686.7598439101815,0.0,0.0,10050.0,10050.0,0.0,0.0,0.0,2.0501560898184152,0.0,0.0,0.0,0.0,10091.83347499248,10089.55552378157,300.66345966387746,0.0,300.66345966387746
2025-01-19,25,2025-01-19 04:10:00,2025-01-19 04:00:00,670.3374,0.0,2025-01-19T04:10:00,2025-01-19 00:00:00,0.4401,706.4504164101871,0.0,706.4504164101871,0.0,0.0,10050.0,10050.0,0.0,0.0,36.11301641018713,0.0,0.0,0.0,0.0,0.0,10089.55552378157,10122.057238550738,310.90882826212334,0.0,310.90882826212334
2025-01-19,26,2025-01-19 04:20:00,2025-01-19 04:10:00,663.4198666666667,0.0,2025-01-19T04:20:00,2025-01-19 00:00:00,0.4389,710.9008541049678,0.0,710.9008541049678,0.0,0.0,10050.0,10050.0,0.0,0.0,47.4809874383011,0.0,0.0,0.0,0.0,0.0,10122.057238550738,10164.790127245209,312.0143848666704,0.0,312.0143848666704
2025-01-19,27,2025-01-19 04:30:00,2025-01-19 04:20:00,686.0949999999999,0.0,2025-01-19T04:30:00,2025-01-19 00:00:00,0.4364,704.1939055522037,0.0,704.1939055522037,0.0,0.0,10050.0,10050.0,0.0,0.0,18.098905552203746,0.0,0.0,0.0,0.0,0.0,10164.790127245209,10181.079142242192,307.3102203829817,0.0,307.3102203829817
2025-01-19,28,2025-01-19 04:40:00,2025-01-19 04:30:00,687.2981333333333,0.0,2025-01-19T04:40:00,2025-01-19 00:00:00,0.4393,695.4571089892432,0.0,695.4571089892432,0.0,0.0,10050.0,10050.0,0.0,0.0,8.158975655909899,0.0,0.0,0.0,0.0,0.0,10181.079142242192,10188.42222033251,305.51430797897456,0.0,305.51430797897456
2025-01-19,29,2025-01-19 04:50:00,2025-01-19 04:40:00,675.9187333333333,0.0,2025-01-19T04:50:00,2025-01-19 00:00:00,0.4422,700.0791236779746,0.0,700.0791236779746,0.0,0.0,10050.0,10050.0,0.0,0.0,24.160390344641314,0.0,0.0,0.0,0.0,0.0,10188.42222033251,10210.166571642687,309.57498849040036,0.0,309.57498849040036
2025-01-19,30,2025-01-19 05:00:00,2025-01-19 04:50:00,676.3333333333334,0.0,2025-01-19T05:00:00,2025-01-19 00:00:00,0.4395,711.0590363466612,0.0,711.0590363466612,0.0,0.0,10050.0,10050.0,0.0,0.0,34.7257030133278,0.0,0.0,0.0,0.0,0.0,10210.166571642687,10241.419704354681,312.5104464743576,0.0,312.5104464743576
2025-01-19,31,2025-01-19 05:10:00,2025-01-19 05:00:00,702.3887500000001,0.0,2025-01-19T05:10:00,2025-01-19 00:00:00,0.4333,710.3598134366292,0.0,710.3598134366292,0.0,0.0,10050.0,10050.0,0.0,0.0,7.9710634366291515,0.0,0.0,0.0,0.0,0.0,10241.419704354681,10248.593661447647,307.79890716209144,0.0,307.79890716209144
2025-01-19,32,2025-01-19 05:20:00,2025-01-19 05:10:00,727.3856000000001,0.0011166666666666666,2025-01-19T05:20:00,2025-01-19 00:00:00,0.4439,728.3798018962385,0.0010166666666666668,728.3787852295718,0.0,0.0,10050.0,10050.0,0.0,0.0,0.9943018962384258,0.0,0.0,0.0,0.0,0.0,10248.593661447647,10249.488533154261,323.32734276340693,0.0,323.32734276340693
2025-01-19,33,2025-01-19 05:30:00,2025-01-19 05:20:00,711.5383333333333,0.0,2025-01-19T05:30:00,2025-01-19 00:00:00,0.4301,737.4085661952455,0.0,737.4085661952455,0.0,0.0,10050.0,10050.0,0.0,0.0,25.8702328619122,0.0,0.0,0.0,0.0,0.0,10249.488533154261,10272.771742729981,317.15942432057506,0.0,317.15942432057506
2025-01-19,34,2025-01-19 05:40:00,2025-01-19 05:30:00,656.88555,0.0,2025-01-19T05:40:00,2025-01-19 00:00:00,0.3713,692.6681573256968,0.0,1526.00149065903,833.3333333333333,0.0,10050.0,10800.0,0.0,1.0,585.8091747444653,0.0,0.0,283.3067659145647,283.3067659145647,0.0,10272.771742729981,10800.0,566.6043534816979,0.0,566.6043534816979
2025-01-19,35,2025-01-19 05:50:00,2025-01-19 05:40:00,733.0547,0.015600000000000001,2025-01-19T05:50:00,2025-01-19 00:00:00,0.5708,752.7316408754256,0.014166666666666668,752.7174742087589,0.0,-0.0,10800.0,10800.0,0.0,0.0,0.0,0.0,0.0,19.678374208758783,19.678374208758783,0.0,10800.0,10800.0,429.65113427835956,0.0,429.65113427835956
2025-01-19,36,2025-01-19 06:00:00,2025-01-19 05:50:00,889.4,0.0,2025-01-19T06:00:00,2025-01-19 00:00:00,0.9099,893.4440492766067,0.0,893.4440492766067,0.0,-0.0,10800.0,10800.0,0.0,0.0,0.0,0.0,0.0,4.044049276606756,4.044049276606756,0.0,10800.0,10800.0,812.9447404367845,0.0,812.9447404367845
2025-01-19,37,2025-01-19 06:10:00,2025-01-19 06:00:00,901.9759333333333,0.0,2025-01-19T06:10:00,2025-01-19 00:00:00,0.9368,922.0584291937641,0.0,247.05842919376414,0.0,675.0,10800.0,10050.0,0.0,0.0,0.0,654.9175041395691,0.0,0.0,0.0,0.0,10800.0,10072.313884289368,231.44433646871823,0.0,231.44433646871823
2025-01-19,38,2025-01-19 06:20:00,2025-01-19 06:10:00,895.45745,0.21725000000000003,2025-01-19T06:20:00,2025-01-19 00:00:00,0.8758,905.617147655024,0.1974,905.419747655024,0.0,0.0,10050.0,10050.0,0.0,0.0,10.179547655024066,0.0,0.0,0.0,0.0,0.0,10072.313884289368,10081.475477178888,792.9666149962701,0.0,792.9666149962701
2025-01-19,39,2025-01-19 06:30:00,2025-01-19 06:20:00,925.4716666666667,0.0,2025-01-19T06:30:00,2025-01-19 00:00:00,0.8759,905.7941858422083,0.0,905.7941858422083,0.0,0.0,10050.0,10050.0,0.0,0.0,0.0,19.67748082445837,0.0,0.0,0.0,0.0,10081.475477178888,10059.611609596157,793.3851273791903,0.0,793.3851273791903
2025-01-19,40,2025-01-19 06:40:00,2025-01-19 06:30:00,916.3925333333333,0.0,2025-01-19T06:40:00,2025-01-19 00:00:00,0.8601,909.0521158563296,0.0,909.0521158563296,0.0,0.0,10050.0,10050.0,0.0,0.0,0.0,7.340417477003712,0.0,0.0,0.0,0.0,10059.611609596157,10051.455590177264,781.875724848029,0.0,781.875724848029
2025-01-19,41,2025-01-19 06:50:00,2025-01-19 06:40:00,901.9587166666666,3.9136666666666664,2025-01-19T06:50:00,2025-01-19 00:00:00,0.8442,894.031457590125,3.5925666666666665,890.4388909234583,0.0,0.0,10050.0,10050.0,0.0,0.0,0.0,7.606159076541644,0.0,0.0,0.0,0.0,10051.455590177264,10043.004302314439,751.7085117175834,0.0,751.7085117175834
2025-01-19,42,2025-01-19 07:00:00,2025-01-19 06:50:00,900.415,23.96875,2025-01-19T07:00:00,2025-01-19 00:00:00,0.8334,871.4331693063159,22.7625,848.6706693063159,0.0,0.0,10050.0,10050.0,0.0,0.0,0.0,27.775580693684105,0.0,0.0,0.0,0.0,10043.004302314439,10012.142545988123,707.2821357998837,0.0,707.2821357998837
2025-01-19,43,2025-01-19 07:10:00,2025-01-19 07:00:00,892.1807333333333,62.713166666666666,2025-01-19T07:10:00,2025-01-19 00:00:00,0.8092,877.1729076463021,61.66313333333333,815.5097743129687,0.0,0.0,10050.0,10050.0,0.0,0.0,0.0,13.957792353697869,0.0,0.0,0.0,0.0,10012.142545988123,9996.633887817348,659.9105093740543,0.0,659.9105093740543
2025-01-19,44,2025-01-19 07:20:00,2025-01-19 07:10:00,883.5705666666667,107.29915,2025-01-19T07:20:00,2025-01-19 00:00:00,0.7972,913.3954801465504,110.80363333333334,802.5918468132171,0.0,0.0,10050.0,10050.0,0.0,0.0,26.320430146550393,0.0,0.0,0.0,0.0,0.0,9996.633887817348,10020.322274949243,639.8262202794967,0.0,639.8262202794967
2025-01-19,45,2025-01-19 07:30:00,2025-01-19 07:20:00,862.0183333333333,153.2125,2025-01-19T07:30:00,2025-01-19 00:00:00,0.7644,933.1746878344104,163.86249999999998,769.3121878344105,0.0,0.0,10050.0,10050.0,0.0,0.0,60.50635450107711,0.0,0.0,0.0,0.0,0.0,10020.322274949243,10074.777994000213,588.0622363806233,0.0,588.0622363806233
2025-01-19,46,2025-01-19 07:40:00,2025-01-19 07:30:00,838.1328333333332,203.96576666666667,2025-01-19T07:40:00,2025-01-19 00:00:00,0.6899,904.0113035469768,219.14728333333335,1518.1973535469767,833.3333333333333,0.0,10050.0,10800.0,0.0,1.0,805.8022288886524,0.0,0.0,78.2280579916578,78.2280579916578,0.0,10074.777994000213,10800.0,1047.4043542120592,0.0,1047.4043542120592
2025-01-19,47,2025-01-19 07:50:00,2025-01-19 07:40:00,1002.9044,246.14671666666666,2025-01-19T07:50:00,2025-01-19 00:00:00,0.86,999.994203432047,266.78135000000003,733.212853432047,0.0,0.0,10800.0,10800.0,0.0,0.0,0.0,23.544829901286334,0.0,0.0,0.0,0.0,10800.0,10773.83907788746,630.5630539515604,0.0,630.5630539515604
2025-01-19,48,2025-01-19 08:00:00,2025-01-19 07:50:00,1235.6033333333332,281.73125,2025-01-19T08:00:00,2025-01-19 00:00:00,1.1617,1170.3752604558313,311.1875,25.85442712249801,0.0,833.3333333333333,10800.0,9874.074074074075,0.0,0.0,0.0,833.3333333333334,94.68432287750181,0.0,0.0,0.0,10773.83907788746,9847.913151961535,30.035087988205937,549.9738894339692,580.0089774221752
2025-01-19,49,2025-01-19 08:10:00,2025-01-19 08:00:00,1207.69265,328.42235,2025-01-19T08:10:00,2025-01-19 00:00:00,1.1683,1181.258120157933,366.0738833333333,0.0,0.0,815.1842368245998,9874.074074074075,8968.313810935631,0.0,0.0,0.0,833.3333333333334,45.936966666666535,0.0,0.0,0.0,9847.913151961535,8921.98722603561,0.0,268.3407907833326,268.3407907833326
2025-01-19,50,2025-01-19 08:20:00,2025-01-19 08:10:00,1173.9216666666666,387.58026666666666,2025-01-19T08:20:00,2025-01-19 00:00:00,1.0956,1166.8449698922136,417.5146,0.0,0.0,749.3303698922136,8968.313810935631,8135.724511055394,0.0,0.0,0.0,786.3414,0.0,0.0,0.0,0.0,8921.98722603561,8048.274559368943,0.0,0.0,0.0
2025-01-19,51,2025-01-19 08:30:00,2025-01-19 08:20:00,1222.9683333333335,451.1375,2025-01-19T08:30:00,2025-01-19 00:00:00,1.0849,1196.8174958867812,465.15625,0.0,0.0,731.6612458867812,8135.724511055394,7322.767571181193,0.0,0.0,0.0,771.8308333333334,0.0,0.0,0.0,0.0,8048.274559368943,7190.684744554128,0.0,0.0,0.0
2025-01-19,52,2025-01-19 08:40:00,2025-01-19 08:30:00,1190.5599166666666,508.62269999999995,2025-01-19T08:40:00,2025-01-19 00:00:00,1.061,1201.7222160376107,519.66545,0.0,0.0,682.0567660376107,7322.767571181193,6564.926720028292,0.0,0.0,0.0,681.9372166666667,0.0,0.0,0.0,0.0,7190.684744554128,6432.976726035609,0.0,0.0,0.0
2025-01-19,53,2025-01-19 08:50:00,2025-01-19 08:40:00,1159.6565333333333,560.2037,2025-01-19T08:50:00,2025-01-19 00:00:00,1.043,1192.9112813288812,554.914,0.0,0.0,637.9972813288812,6564.926720028292,5856.040851885091,0.0,0.0,0.0,599.4528333333333,0.0,0.0,0.0,0.0,6432.976726035609,5766.918022331905,0.0,0.0,0.0
2025-01-19,54,2025-01-19 09:00:00,2025-01-19 08:50:00,1182.21,603.1875,2025-01-19T09:00:00,2025-01-19 00:00:00,1.036,1180.7825955041337,575.63125,0.0,0.0,605.1513455041337,5856.040851885091,5183.650467991609,0.0,0.0,0.0,579.0225,0.0,0.0,0.0,0.0,5766.918022331905,5123.559688998572,0.0,0.0,0.0
2025-01-19,55,2025-01-19 09:10:00,2025-01-19 09:00:00,1213.3816833333333,632.8914166666667,2025-01-19T09:10:00,2025-01-19 00:00:00,1.0147,1159.5752255554091,617.0472333333333,0.0,0.0,542.5279922220758,5183.650467991609,4580.841587744858,0.0,0.0,0.0,580.4902666666666,0.0,0.0,0.0,0.0,5123.559688998572,4478.5705038133865,0.0,0.0,0.0
2025-01-19,56,2025-01-19 09:20:00,2025-01-19 09:10:00,1208.6565333333333,658.8009833333333,2025-01-19T09:20:00,2025-01-19 00:00:00,0.9922,1149.400410182911,674.86915,0.0,0.0,474.53126018291096,4580.841587744858,4053.584631986068,0.0,0.0,0.0,549.85555,0.0,0.0,0.0,0.0,4478.5705038133865,3867.619892702275,0.0,0.0,0.0
2025-01-19,57,2025-01-19 09:30:00,2025-01-19 09:20:00,1177.8316666666667,689.88125,2025-01-19T09:30:00,2025-01-19 00:00:00,0.97,1151.3889080621104,725.5500000000001,0.0,0.0,425.83890806211036,4053.584631986068,3580.4302896948343,0.0,0.0,0.0,487.9504166666667,0.0,0.0,0.0,0.0,3867.619892702275,3325.4527630726457,0.0,0.0,0.0
2025-01-19,58,2025-01-19 09:40:00,2025-01-19 09:30:00,1172.4404333333334,727.9133833333334,2025-01-19T09:40:00,2025-01-19 00:00:00,0.9422,1148.6940848435004,746.0417833333332,287.69116879433506,0.0,114.96113271583208,3580.4302896948343,3452.695697788354,0.0,0.0,0.0,156.83588120566492,0.0,0.0,0.0,0.0,3325.4527630726457,3151.190672844129,271.0626192380225,0.0,271.0626192380225
2025-01-19,59,2025-01-19 09:50:00,2025-01-19 09:40:00,1196.8093000000001,762.8245333333333,2025-01-19T09:50:00,2025-01-19 00:00:00,0.9569,1154.0676325550787,750.9942500000001,0.0,0.0,403.07338255507864,3452.695697788354,3004.836383838267,0.0,0.0,0.0,433.9847666666668,0.0,0.0,0.0,0.0,3151.190672844129,2668.9853765478324,0.0,0.0,0.0
2025-01-19,60,2025-01-19 10:00:00,2025-01-19 09:50:00,1209.69,790.4187499999999,2025-01-19T10:00:00,2025-01-19 00:00:00,0.9977,1158.529892470948,764.0749999999999,0.0,0.0,394.45489247094804,3004.836383838267,2566.553169981658,0.0,0.0,0.0,419.2712500000001,0.0,0.0,0.0,0.0,2668.9853765478324,2203.1284321033877,0.0,0.0,0.0
2025-01-19,61,2025-01-19 10:10:00,2025-01-19 10:00:00,1168.7817499999999,814.8189000000001,2025-01-19T10:10:00,2025-01-19 00:00:00,0.9919,1140.467858975918,798.3806,0.0,0.0,342.0872589759181,2566.553169981658,2186.456215563971,0.0,0.0,0.0,353.9628499999998,0.0,0.0,0.0,0.0,2203.1284321033877,1809.8363765478325,0.0,0.0,0.0
2025-01-19,62,2025-01-19 10:20:00,2025-01-19 10:10:00,1156.0250166666667,838.6614333333333,2025-01-19T10:20:00,2025-01-19 00:00:00,0.9588,1142.5989869971445,828.198,0.0,0.0,314.4009869971445,2186.456215563971,1837.121785567144,0.0,0.0,0.0,317.3635833333334,0.0,0.0,0.0,0.0,1809.8363765478325,1457.2101728441287,0.0,0.0,0.0
2025-01-19,63,2025-01-19 10:30:00,2025-01-19 10:20:00,1186.8833333333334,873.6437500000001,2025-01-19T10:30:00,2025-01-19 00:00:00,0.9549,1160.5774400741936,851.2375000000001,0.0,0.0,309.3399400741936,1837.121785567144,1493.410741040262,0.0,0.0,0.0,231.48915555971584,81.75042777361753,0.0,0.0,0.0,1457.2101728441287,1200.0,0.0,390.3174174051369,390.3174174051369
2025-01-19,64,2025-01-19 10:40:00,2025-01-19 10:30:00,1198.5510166666666,929.2312666666667,2025-01-19T10:40:00,2025-01-19 00:00:00,0.9839,1147.6448169362359,883.57515,0.0,0.0,264.0696669362359,1493.410741040262,1200.0,0.0,0.0,0.0,0.0,269.3197499999999,0.0,0.0,0.0,1200.0,1200.0,0.0,1324.9185101249996,1324.9185101249996
2025-01-19,65,2025-01-19 10:50:00,2025-01-19 10:40:00,1204.87735,969.5083500000001,2025-01-19T10:50:00,2025-01-19 00:00:00,0.799,1138.9223151224526,885.2261,253.6962151224526,0.0,0.0,1200.0,1200.0,0.0,0.0,18.32721512245257,0.0,0.0,0.0,0.0,0.0,1200.0,1216.4944936102074,202.70327588283965,0.0,202.70327588283965
2025-01-19,66,2025-01-19 11:00:00,2025-01-19 10:50:00,1197.265,984.9625,2025-01-19T11:00:00,2025-01-19 00:00:00,0.5025,1137.3144303657834,869.1062499999999,1101.5415136991169,833.3333333333333,0.0,1200.0,1950.0,0.0,1.0,833.3333333333334,0.0,0.0,55.905680365783496,55.905680365783496,0.0,1216.4944936102074,1966.4944936102074,553.5246106338062,0.0,553.5246106338062
2025-01-19,67,2025-01-19 11:10:00,2025-01-19 11:00:00,1152.5289166666666,997.9167333333334,2025-01-19T11:10:00,2025-01-19 00:00:00,0.4662,1116.1023330913545,894.25785,1055.1778164246878,833.3333333333333,0.0,1950.0,2700.0,0.0,1.0,833.3333333333334,0.0,0.0,67.23229975802099,67.23229975802099,0.0,1966.4944936102074,2716.4944936102074,491.92389801718946,0.0,491.92389801718946
2025-01-19,68,2025-01-19 11:20:00,2025-01-19 11:10:00,1154.4774,1007.0467333333332,2025-01-19T11:20:00,2025-01-19 00:00:00,0.5007,1138.7253133353036,935.6315666666666,1036.4270800019704,833.3333333333333,0.0,2700.0,3450.0,0.0,1.0,833.3333333333334,0.0,0.0,55.663080001970116,55.663080001970116,0.0,2716.4944936102074,3466.4944936102074,518.9390389569866,0.0,518.9390389569866
2025-01-19,69,2025-01-19 11:30:00,2025-01-19 11:20:00,1191.2816666666665,1014.31875,2025-01-19T11:30:00,2025-01-19 00:00:00,0.4827,1180.618509075117,958.30625,1055.6455924084503,833.3333333333333,0.0,3450.0,4200.0,0.0,1.0,833.3333333333334,0.0,0.0,45.3493424084503,45.3493424084503,0.0,3466.4944936102074,4216.494493610207,509.560127455559,0.0,509.560127455559
2025-01-19,70,2025-01-19 11:40:00,2025-01-19 11:30:00,1166.7334,1027.4644666666666,2025-01-19T11:40:00,2025-01-19 00:00:00,0.4785,1144.1959802588758,950.3349333333334,1027.1943802588758,833.3333333333333,0.0,4200.0,4950.0,0.0,1.0,833.3333333333334,0.0,0.0,54.59211359220865,54.59211359220865,0.0,4216.494493610207,4966.494493610207,491.51251095387204,0.0,491.51251095387204
2025-01-19,71,2025-01-19 11:50:00,2025-01-19 11:40:00,1135.05275,1038.9538166666666,2025-01-19T11:50:00,2025-01-19 00:00:00,0.4662,1083.1180462031086,942.8706833333334,973.5806962031085,833.3333333333333,0.0,4950.0,5700.0,0.0,1.0,833.3333333333334,0.0,0.0,44.14842953644154,44.14842953644154,0.0,4966.494493610207,5716.494493610207,453.8833205698892,0.0,453.8833205698892
2025-01-19,72,2025-01-19 12:00:00,2025-01-19 11:50:00,1110.4383333333333,1040.7375,2025-01-19T12:00:00,2025-01-19 00:00:00,0.4432,1062.9960738274044,949.6125000000001,946.7169071607376,833.3333333333333,0.0,5700.0,6450.0,0.0,1.0,833.3333333333334,0.0,0.0,43.6827404940708,43.6827404940708,0.0,5716.494493610207,6466.494493610207,419.5849332536389,0.0,419.5849332536389
2025-01-19,73,2025-01-19 12:10:00,2025-01-19 12:00:00,1056.8759499999999,1031.6048333333333,2025-01-19T12:10:00,2025-01-19 00:00:00,0.4411,1098.355309497997,960.4332666666666,971.2553761646637,833.3333333333333,0.0,6450.0,7200.0,0.0,1.0,833.3333333333334,0.0,0.0,112.6509261646637,112.6509261646637,0.0,6466.494493610207,7216.494493610207,428.42074642623317,0.0,428.42074642623317
2025-01-19,74,2025-01-19 12:20:00,2025-01-19 12:10:00,1048.5315,1023.1428999999999,2025-01-19T12:20:00,2025-01-19 00:00:00,0.4551,1111.219357612779,981.4428333333334,963.1098576127789,833.3333333333333,0.0,7200.0,7950.0,0.0,1.0,833.3333333333334,0.0,0.0,104.38792427944543,104.38792427944543,0.0,7216.494493610207,7966.494493610207,438.3112961995757,0.0,438.3112961995757
2025-01-19,75,2025-01-19 12:30:00,2025-01-19 12:20:00,1076.8916666666667,1008.50625,2025-01-19T12:30:00,2025-01-19 00:00:00,0.4463,1080.776757255218,1003.7375000000001,910.3725905885511,833.3333333333333,0.0,7950.0,8700.0,0.0,1.0,833.3333333333334,0.0,0.0,8.653840588551134,8.653840588551134,0.0,7966.494493610207,8716.494493610207,406.29928717967033,0.0,406.29928717967033
2025-01-19,76,2025-01-19 12:40:00,2025-01-19 12:30:00,1063.03155,971.0726500000001,2025-01-19T12:40:00,2025-01-19 00:00:00,0.4113,1059.9153630119079,1006.1721833333332,887.0765130119079,833.3333333333333,0.0,8700.0,9450.0,0.0,1.0,795.1176130119081,0.0,0.0,0.0,0.0,0.0,8716.494493610207,9432.100345320925,364.8545698017977,0.0,364.8545698017977
2025-01-19,77,2025-01-19 12:50:00,2025-01-19 12:40:00,1085.1525666666666,939.9261,2025-01-19T12:50:00,2025-01-19 00:00:00,0.5682,1074.8941811258273,996.4612666666667,911.7662477924939,833.3333333333333,0.0,9450.0,10200.0,0.0,1.0,766.5397811258272,0.0,0.0,0.0,0.0,0.0,9432.100345320925,10121.98614833417,518.0655819956951,0.0,518.0655819956951
2025-01-19,78,2025-01-19 13:00:00,2025-01-19 12:50:00,1134.655,920.21875,2025-01-19T13:00:00,2025-01-19 00:00:00,0.8279,1111.333053397842,996.53125,114.80180339784192,0.0,0.0,10200.0,10200.0,0.0,0.0,0.0,99.63444660215805,0.0,0.0,0.0,0.0,10121.98614833417,10011.281207665106,95.04441303307333,0.0,95.04441303307333
2025-01-19,79,2025-01-19 13:10:00,2025-01-19 13:00:00,1119.7907333333333,891.8814166666666,2025-01-19T13:10:00,2025-01-19 00:00:00,0.8636,1127.3910911280705,1015.1251333333333,112.26595779473712,0.0,0.0,10200.0,10200.0,0.0,0.0,0.0,115.64335887192954,0.0,0.0,0.0,0.0,10011.281207665106,9882.788586696295,96.95288115153498,0.0,96.95288115153498
2025-01-19,80,2025-01-19 13:20:00,2025-01-19 13:10:00,1120.4868333333334,874.5335166666667,2025-01-19T13:20:00,2025-01-19 00:00:00,0.8416,1105.7341732878567,985.1408333333334,120.59333995452334,0.0,0.0,10200.0,10200.0,0.0,0.0,0.0,125.3599767121433,0.0,0.0,0.0,0.0,9882.788586696295,9743.499723682802,101.49135490572685,0.0,101.49135490572685
2025-01-19,81,2025-01-19 13:30:00,2025-01-19 13:20:00,1148.4750000000001,856.9562500000001,2025-01-19T13:30:00,2025-01-19 00:00:00,0.8618,1079.611602044632,912.025,167.58660204463206,0.0,0.0,10200.0,10200.0,0.0,0.0,0.0,123.93214795536801,0.0,0.0,0.0,0.0,9743.499723682802,9605.797337065727,144.42613364206392,0.0,144.42613364206392
2025-01-19,82,2025-01-19 13:40:00,2025-01-19 13:30:00,1131.4715666666666,807.1357833333333,2025-01-19T13:40:00,2025-01-19 00:00:00,0.8623,1097.916668322983,871.3019666666668,226.61470165631624,0.0,0.0,10200.0,10200.0,0.0,0.0,0.0,97.72108167701708,0.0,0.0,0.0,0.0,9605.797337065727,9497.218357424597,195.40985723824147,0.0,195.40985723824147
2025-01-19,83,2025-01-19 13:50:00,2025-01-19 13:40:00,1109.1229166666667,771.8305999999999,2025-01-19T13:50:00,2025-01-19 00:00:00,0.9026,1099.0499575000383,852.7453,0.0,0.0,246.30465750003827,10200.0,9926.32815833329,0.0,0.0,0.0,337.2923166666668,0.0,0.0,0.0,0.0,9497.218357424597,9122.449116683856,0.0,0.0,0.0
2025-01-19,84,2025-01-19 14:00:00,2025-01-19 13:50:00,1103.395,757.5812500000001,2025-01-19T14:00:00,2025-01-19 00:00:00,0.9754,1068.447076229092,829.9875000000001,0.0,0.0,238.45957622909202,9926.32815833329,9661.373073634299,0.0,0.0,0.0,345.8137499999999,0.0,0.0,0.0,0.0,9122.449116683856,8738.211616683857,0.0,0.0,0.0
2025-01-19,85,2025-01-19 14:10:00,2025-01-19 14:00:00,1095.23305,724.3495833333333,2025-01-19T14:10:00,2025-01-19 00:00:00,1.0002,1054.9193403905458,791.9124499999999,0.0,0.0,263.0068903905459,9661.373073634299,9369.14319542258,0.0,0.0,0.0,370.8834666666668,0.0,0.0,0.0,0.0,8738.211616683857,8326.118875943115,0.0,0.0,0.0
2025-01-19,86,2025-01-19 14:20:00,2025-01-19 14:10:00,1088.7142000000001,686.2887000000001,2025-01-19T14:20:00,2025-01-19 00:00:00,0.9978,1059.9677274447013,761.6870666666667,0.0,0.0,298.28066077803453,9369.14319542258,9037.720239002543,0.0,0.0,0.0,402.42550000000006,0.0,0.0,0.0,0.0,8326.118875943115,7878.97943149867,0.0,0.0,0.0
2025-01-19,87,2025-01-19 14:30:00,2025-01-19 14:20:00,1085.5116666666665,650.2125,2025-01-19T14:30:00,2025-01-19 00:00:00,1.0271,1066.9317996232103,736.63125,0.0,0.0,330.30054962321026,9037.720239002543,8670.719628310088,0.0,0.0,0.0,435.29916666666657,0.0,0.0,0.0,0.0,7878.97943149867,7395.31369075793,0.0,0.0,0.0
2025-01-19,88,2025-01-19 14:40:00,2025-01-19 14:30:00,1083.773,605.9846,2025-01-19T14:40:00,2025-01-19 00:00:00,1.0906,1059.0242394837483,691.7595333333334,0.0,0.0,367.2647061504149,8670.719628310088,8262.647732587404,0.0,0.0,0.0,477.7883999999999,0.0,0.0,0.0,0.0,7395.31369075793,6864.43769075793,0.0,0.0,0.0
2025-01-19,89,2025-01-19 14:50:00,2025-01-19 14:40:00,1100.3528166666667,561.8226833333333,2025-01-19T14:50:00,2025-01-19 00:00:00,0.9376,1041.083314347153,648.8711166666667,0.0,0.0,392.21219768048627,8262.647732587404,7826.856401831308,0.0,0.0,0.0,538.5301333333334,0.0,0.0,0.0,0.0,6864.43769075793,6266.0708759431145,0.0,0.0,0.0
2025-01-19,90,2025-01-19 15:00:00,2025-01-19 14:50:00,1111.39,529.7312499999999,2025-01-19T15:00:00,2025-01-19 00:00:00,0.6694,1025.7024328416346,610.25625,1248.7795161749677,833.3333333333333,0.0,7826.856401831308,8576.856401831308,0.0,1.0,667.1207661749675,0.0,0.0,0.0,0.0,0.0,6266.0708759431145,6866.4795655005855,835.9330081275234,0.0,835.9330081275234
2025-01-19,91,2025-01-19 15:10:00,2025-01-19 15:00:00,1072.6289333333334,512.4389,2025-01-19T15:10:00,2025-01-19 00:00:00,0.66,1024.025080906975,554.53245,1302.8259642403082,833.3333333333333,0.0,8576.856401831308,9326.856401831308,0.0,1.0,742.6359309069749,0.0,0.0,0.0,0.0,0.0,6866.4795655005855,7534.851903316863,859.8651363986035,0.0,859.8651363986035
2025-01-19,92,2025-01-19 15:20:00,2025-01-19 15:10:00,1038.0926833333333,481.01425,2025-01-19T15:20:00,2025-01-19 00:00:00,0.7217,1032.4855101846056,491.6920333333333,1374.1268101846056,833.3333333333333,0.0,9326.856401831308,10076.856401831308,0.0,1.0,817.0483768512722,0.0,0.0,0.0,0.0,0.0,7534.851903316863,8270.195442483007,991.7073189102299,0.0,991.7073189102299
2025-01-19,93,2025-01-19 15:30:00,2025-01-19 15:20:00,1039.19,427.95625,2025-01-19T15:30:00,2025-01-19 00:00:00,0.7308,1049.3482075715897,433.91249999999997,1418.9285944256917,803.492886854102,0.0,10076.856401831308,10800.0,0.0,0.9999999999999971,807.6948444256916,0.0,0.0,0.0,0.0,0.0,8270.195442483007,8997.12080246613,1036.9530168062954,0.0,1036.9530168062954
2025-01-19,94,2025-01-19 15:40:00,2025-01-19 15:30:00,1059.0632833333334,373.12401666666665,2025-01-19T15:40:00,2025-01-19 00:00:00,0.7534,1069.8209393863694,385.0182,684.8027393863695,0.0,0.0,10800.0,10800.0,0.0,0.0,0.0,1.1365272802972868,0.0,0.0,0.0,0.0,8997.12080246613,8995.857994376911,515.9303838536907,0.0,515.9303838536907
2025-01-19,95,2025-01-19 15:50:00,2025-01-19 15:40:00,1078.4637833333334,327.90091666666666,2025-01-19T15:50:00,2025-01-19 00:00:00,0.7823,1057.5265774365428,339.51321666666666,718.013360769876,0.0,0.0,10800.0,10800.0,0.0,0.0,0.0,32.549505896790606,0.0,0.0,0.0,0.0,8995.857994376911,8959.69187671381,561.701852130274,0.0,561.701852130274
2025-01-19,96,2025-01-19 16:00:00,2025-01-19 15:50:00,1076.6866666666667,288.00624999999997,2025-01-19T16:00:00,2025-01-19 00:00:00,0.8055,1031.2217745931355,291.23125,739.9905245931354,0.0,0.0,10800.0,10800.0,0.0,0.0,0.0,48.68989207353138,0.0,0.0,0.0,0.0,8959.69187671381,8905.591996632109,596.0623675597706,0.0,596.0623675597706
2025-01-19,97,2025-01-19 16:10:00,2025-01-19 16:00:00,1046.67355,241.0789,2025-01-19T16:10:00,2025-01-19 00:00:00,0.8271,1046.0982980609294,237.46826666666666,808.6300313942628,0.0,0.0,10800.0,10800.0,0.0,0.0,3.035381394262913,0.0,0.0,0.0,0.0,0.0,8905.591996632109,8908.323839886945,668.8178989661948,0.0,668.8178989661948
2025-01-19,98,2025-01-19 16:20:00,2025-01-19 16:10:00,1039.0500166666668,194.86941666666667,2025-01-19T16:20:00,2025-01-19 00:00:00,0.8519,1053.2363238663909,183.01651666666666,870.2198071997242,0.0,0.0,10800.0,10800.0,0.0,0.0,26.03920719972416,0.0,0.0,0.0,0.0,0.0,8908.323839886945,8931.759126366696,741.340253753445,0.0,741.340253753445
2025-01-19,99,2025-01-19 16:30:00,2025-01-19 16:20:00,1063.58,151.89374999999998,2025-01-19T16:30:00,2025-01-19 00:00:00,0.8791,1034.1193695130785,135.0375,899.0818695130785,-0.0,0.0,10800.0,10800.0,0.0,0.0,0.0,12.6043804869214,0.0,0.0,0.0,0.0,8931.759126366696,8917.754259159006,790.3828714889472,0.0,790.3828714889472
2025-01-19,100,2025-01-19 16:40:00,2025-01-19 16:30:00,1076.0196833333332,106.29951666666666,2025-01-19T16:40:00,2025-01-19 00:00:00,0.9024,1021.326431848183,97.13158333333332,924.1948485148497,0.0,0.0,10800.0,10800.0,0.0,0.0,0.0,45.52531815181692,0.0,0.0,0.0,0.0,8917.754259159006,8867.170572323654,833.9934312998004,0.0,833.9934312998004
2025-01-19,101,2025-01-19 16:50:00,2025-01-19 16:40:00,1040.4678000000001,60.56548333333333,2025-01-19T16:50:00,2025-01-19 00:00:00,0.9163,1022.936311688278,57.471016666666664,965.4652950216114,0.0,0.0,10800.0,10800.0,0.0,0.0,0.0,14.437021645055438,0.0,0.0,0.0,0.0,8867.170572323654,8851.12943716248,884.6558498283025,0.0,884.6558498283025
2025-01-19,102,2025-01-19 17:00:00,2025-01-19 16:50:00,996.1216666666666,23.3125,2025-01-19T17:00:00,2025-01-19 00:00:00,0.9264,1031.539504177041,20.099999999999998,1011.4395041770409,0.0,0.0,10800.0,10800.0,0.0,0.0,38.63033751037426,0.0,0.0,0.0,0.0,0.0,8851.12943716248,8885.896740921818,936.9975566696107,0.0,936.9975566696107
2025-01-19,103,2025-01-19 17:10:00,2025-01-19 17:00:00,1017.1013333333334,3.898816666666667,2025-01-19T17:10:00,2025-01-19 00:00:00,0.9462,1033.6556135618762,2.7629,1030.8927135618762,0.0,0.0,10800.0,10800.0,0.0,0.0,17.690196895209397,0.0,0.0,0.0,0.0,0.0,8885.896740921818,8901.817918127506,975.4306855722473,0.0,975.4306855722473
2025-01-19,104,2025-01-19 17:20:00,2025-01-19 17:10:00,1032.1796,0.0,2025-01-19T17:20:00,2025-01-19 00:00:00,0.9742,1027.069409301871,0.0,1027.069409301871,0.0,0.0,10800.0,10800.0,0.0,0.0,0.0,5.110190698128918,0.0,0.0,0.0,0.0,8901.817918127506,8896.139928462919,1000.5710185418827,0.0,1000.5710185418827
2025-01-19,105,2025-01-19 17:30:00,2025-01-19 17:20:00,1037.2633333333333,0.0,2025-01-19T17:30:00,2025-01-19 00:00:00,0.9862,1026.271699442184,0.0,1026.271699442184,0.0,0.0,10800.0,10800.0,0.0,0.0,0.0,10.991633891149377,0.0,0.0,0.0,0.0,8896.139928462919,8883.927001917196,1012.1091499898818,0.0,1012.1091499898818
2025-01-19,106,2025-01-19 17:40:00,2025-01-19 17:30:00,1072.7817,0.21793333333333334,2025-01-19T17:40:00,2025-01-19 00:00:00,0.976,1029.2648879946364,0.14491666666666667,1029.1199713279698,-0.0,0.0,10800.0,10800.0,0.0,0.0,0.0,43.44379533869687,0.0,0.0,0.0,0.0,8883.927001917196,8835.656118207533,1004.4210920160984,0.0,1004.4210920160984
2025-01-19,107,2025-01-19 17:50:00,2025-01-19 17:40:00,953.7088,0.0,2025-01-19T17:50:00,2025-01-19 00:00:00,1.0742,921.4336619104549,0.0,921.4336619104549,0.0,0.0,10800.0,10800.0,0.0,0.0,0.0,32.27513808954507,0.0,0.0,0.0,0.0,8835.656118207533,8799.794853663594,989.8040396242108,0.0,989.8040396242108
2025-01-19,108,2025-01-19 18:00:00,2025-01-19 17:50:00,745.13,0.0,2025-01-19T18:00:00,2025-01-19 00:00:00,1.2313,753.4834310459887,0.0,753.4834310459887,0.0,0.0,10800.0,10800.0,0.0,0.0,8.353431045988714,0.0,0.0,0.0,0.0,0.0,8799.794853663594,8807.312941604983,927.764148646926,0.0,927.764148646926
2025-01-19,109,2025-01-19 18:10:00,2025-01-19 18:00:00,720.4326833333333,0.01565,2025-01-19T18:10:00,2025-01-19 00:00:00,1.2561,706.8912441164962,0.0104,706.8808441164962,0.0,-0.0,10800.0,10800.0,0.0,0.0,0.0,13.536189216837101,0.0,0.0,0.0,0.0,8807.312941604983,8792.272731364053,887.9130282947308,0.0,887.9130282947308
2025-01-19,110,2025-01-19 18:20:00,2025-01-19 18:10:00,760.35505,0.0,2025-01-19T18:20:00,2025-01-19 00:00:00,1.2447,715.1271307124241,0.0,715.1271307124241,0.0,0.0,10800.0,10800.0,0.0,0.0,0.0,45.2279192875759,0.0,0.0,0.0,0.0,8792.272731364053,8742.019487711192,890.1187395977543,0.0,890.1187395977543
2025-01-19,111,2025-01-19 18:30:00,2025-01-19 18:20:00,749.335,0.0,2025-01-19T18:30:00,2025-01-19 00:00:00,1.2545,725.1843563624058,0.0,725.1843563624058,0.0,0.0,10800.0,10800.0,0.0,0.0,0.0,24.15064363759427,0.0,0.0,0.0,0.0,8742.019487711192,8715.185439224975,909.743775056638,0.0,909.743775056638
2025-01-19,112,2025-01-19 18:40:00,2025-01-19 18:30:00,700.1025166666667,0.0011166666666666666,2025-01-19T18:40:00,2025-01-19 00:00:00,1.2522,750.1183607053385,0.0007499999999999999,750.1176107053385,0.0,0.0,10800.0,10800.0,0.0,0.0,50.016210705338494,0.0,0.0,0.0,0.0,0.0,8715.185439224975,8760.20002885978,939.2972721252248,0.0,939.2972721252248
2025-01-19,113,2025-01-19 18:50:00,2025-01-19 18:40:00,711.2790333333334,0.0,2025-01-19T18:50:00,2025-01-19 00:00:00,1.2881,758.2210152520286,0.0,87.94803892734365,0.0,670.2729763246849,10800.0,10055.252248528128,0.0,0.0,0.0,623.3309944059897,0.0,0.0,0.0,0.0,8760.20002885978,8067.610035075346,113.28586894231135,0.0,113.28586894231135
2025-01-19,114,2025-01-19 19:00:00,2025-01-19 18:50:00,758.3249999999999,0.0,2025-01-19T19:00:00,2025-01-19 00:00:00,1.3466,742.1231125088982,0.0,0.0,0.0,742.1231125088982,10055.252248528128,9230.67101240713,0.0,0.0,0.0,758.3249999999999,0.0,0.0,0.0,0.0,8067.610035075346,7225.026701742013,0.0,0.0,0.0
2025-01-19,115,2025-01-19 19:10:00,2025-01-19 19:00:00,725.9038666666667,0.0,2025-01-19T19:10:00,2025-01-19 00:00:00,1.3523,728.3175896866242,0.0,0.0,0.0,728.3175896866242,9230.67101240713,8421.429246088659,0.0,0.0,0.0,725.9038666666667,0.0,0.0,0.0,0.0,7225.026701742013,6418.466849890161,0.0,0.0,0.0
2025-01-19,116,2025-01-19 19:20:00,2025-01-19 19:10:00,704.7665000000001,0.0,2025-01-19T19:20:00,2025-01-19 00:00:00,1.3445,731.7851185321632,0.0,0.0,0.0,731.7851185321632,8421.429246088659,7608.334669941812,0.0,0.0,0.0,704.7665000000001,0.0,0.0,0.0,0.0,6418.466849890161,5635.392961001272,0.0,0.0,0.0
2025-01-19,117,2025-01-19 19:30:00,2025-01-19 19:20:00,733.3266666666667,0.0,2025-01-19T19:30:00,2025-01-19 00:00:00,1.3483,731.735998672804,0.0,0.0,0.0,731.735998672804,7608.334669941812,6795.294671416474,0.0,0.0,0.0,733.3266666666667,0.0,0.0,0.0,0.0,5635.392961001272,4820.5855535938645,0.0,0.0,0.0
2025-01-19,118,2025-01-19 19:40:00,2025-01-19 19:30:00,753.2858166666666,0.0,2025-01-19T19:40:00,2025-01-19 00:00:00,1.349,697.9973317892199,0.0,0.0,0.0,697.9973317892199,6795.294671416474,6019.742080539562,0.0,0.0,0.0,753.2858166666666,0.0,0.0,0.0,0.0,4820.5855535938645,3983.601312853124,0.0,0.0,0.0
2025-01-19,119,2025-01-19 19:50:00,2025-01-19 19:40:00,742.2715,0.0,2025-01-19T19:50:00,2025-01-19 00:00:00,1.3473,689.7719361236864,0.0,0.0,0.0,689.7719361236864,6019.742080539562,5253.328818179911,0.0,0.0,0.0,742.2715,0.0,0.0,0.0,0.0,3983.601312853124,3158.855201742013,0.0,0.0,0.0
2025-01-19,120,2025-01-19 20:00:00,2025-01-19 19:50:00,711.5416666666666,0.0,2025-01-19T20:00:00,2025-01-19 00:00:00,1.3482,719.3070075501515,0.0,0.0,0.0,719.3070075501515,5253.328818179911,4454.098809790854,0.0,0.0,0.0,711.5416666666666,0.0,0.0,0.0,0.0,3158.855201742013,2368.253349890161,0.0,0.0,0.0
2025-01-19,121,2025-01-19 20:10:00,2025-01-19 20:00:00,696.4692833333334,0.0,2025-01-19T20:10:00,2025-01-19 00:00:00,1.3513,737.8752359715529,0.0,0.0,0.0,737.8752359715529,4454.098809790854,3634.2374364891284,0.0,0.0,0.0,696.4692833333334,0.0,0.0,0.0,0.0,2368.253349890161,1594.398590630902,0.0,0.0,0.0
2025-01-19,122,2025-01-19 20:20:00,2025-01-19 20:10:00,731.8172666666666,0.0,2025-01-19T20:20:00,2025-01-19 00:00:00,1.34,732.4594543821898,0.0,0.0,0.0,732.4594543821898,3634.2374364891284,2820.393598286695,0.0,0.0,0.0,354.95873156781175,376.8585350988548,0.0,0.0,0.0,1594.398590630902,1200.0,0.0,2524.952185162327,2524.952185162327
2025-01-19,123,2025-01-19 20:30:00,2025-01-19 20:20:00,781.21,0.0,2025-01-19T20:30:00,2025-01-19 00:00:00,1.3489,722.0776847366958,0.0,0.0,0.0,722.0776847366958,2820.393598286695,2018.0850596903665,0.0,0.0,0.0,0.0,781.21,0.0,0.0,0.0,1200.0,1200.0,0.0,5268.870845,5268.870845
2025-01-19,124,2025-01-19 20:40:00,2025-01-19 20:30:00,766.4613666666668,0.0,2025-01-19T20:40:00,2025-01-19 00:00:00,1.3952,736.27655372133,0.0,0.0,0.0,736.27655372133,2018.0850596903665,1200.0,0.0,0.0,0.0,0.0,766.4613666666668,0.0,0.0,0.0,1200.0,1200.0,0.0,5346.834493866668,5346.834493866668
2025-01-19,125,2025-01-19 20:50:00,2025-01-19 20:40:00,724.6809333333334,0.0,2025-01-19T20:50:00,2025-01-19 00:00:00,1.2226,757.4579867710556,0.0,757.4579867710556,0.0,0.0,1200.0,1200.0,0.0,0.0,32.7770534377222,0.0,0.0,0.0,0.0,0.0,1200.0,1229.49934809395,926.0681346262926,0.0,926.0681346262926
2025-01-19,126,2025-01-19 21:00:00,2025-01-19 20:50:00,714.0766666666667,0.0,2025-01-19T21:00:00,2025-01-19 00:00:00,0.9332,758.4841901969577,0.0,758.4841901969577,0.0,0.0,1200.0,1200.0,0.0,0.0,44.40752353029097,0.0,0.0,0.0,0.0,0.0,1229.49934809395,1269.466119271212,707.8174462918009,0.0,707.8174462918009
2025-01-19,127,2025-01-19 21:10:00,2025-01-19 21:00:00,754.86445,0.0,2025-01-19T21:10:00,2025-01-19 00:00:00,0.9068,730.0000623005614,0.0,730.0000623005614,0.0,0.0,1200.0,1200.0,0.0,0.0,0.0,24.86438769943868,0.0,0.0,0.0,0.0,1269.466119271212,1241.8390218273912,661.9640564941491,0.0,661.9640564941491
2025-01-19,128,2025-01-19 21:20:00,2025-01-19 21:10:00,755.121,0.0,2025-01-19T21:20:00,2025-01-19 00:00:00,0.9371,721.4893614913693,0.0,721.4893614913693,0.0,0.0,1200.0,1200.0,0.0,0.0,0.0,33.63163850863066,0.0,0.0,0.0,0.0,1241.8390218273912,1204.4705345955795,676.1076806535622,0.0,676.1076806535622
2025-01-19,129,2025-01-19 21:30:00,2025-01-19 21:20:00,727.35,0.0,2025-01-19T21:30:00,2025-01-19 00:00:00,0.9371,744.2476856393316,0.0,744.2476856393316,0.0,0.0,1200.0,1200.0,0.0,0.0,16.8976856393316,0.0,0.0,0.0,0.0,0.0,1204.4705345955795,1219.678451670978,697.4345062126177,0.0,697.4345062126177
2025-01-19,130,2025-01-19 21:40:00,2025-01-19 21:30:00,756.1848666666666,0.0,2025-01-19T21:40:00,2025-01-19 00:00:00,0.9871,750.8529005728258,0.0,750.8529005728258,0.0,-0.0,1200.0,1200.0,0.0,0.0,0.0,5.331966093840833,0.0,0.0,0.0,0.0,1219.678451670978,1213.7540449000437,741.1668981554363,0.0,741.1668981554363
2025-01-19,131,2025-01-19 21:50:00,2025-01-19 21:40:00,695.1605500000001,0.0,2025-01-19T21:50:00,2025-01-19 00:00:00,0.7764,675.8542807386233,0.0,675.8542807386233,0.0,-0.0,1200.0,1200.0,0.0,0.0,0.0,12.378640410039338,6.927628851337431,0.0,0.0,0.0,1213.7540449000437,1200.0,524.7332635654672,26.893055200891904,551.6263187663591
2025-01-19,132,2025-01-19 22:00:00,2025-01-19 21:50:00,562.8066666666667,0.0,2025-01-19T22:00:00,2025-01-19 00:00:00,0.4209,571.8162995923313,0.0,1405.1496329256647,833.3333333333333,0.0,1200.0,1950.0,0.0,1.0,833.3333333333334,0.0,0.0,9.009632925664619,9.009632925664619,0.0,1200.0,1950.0,591.4274804984123,0.0,591.4274804984123
2025-01-19,133,2025-01-19 22:10:00,2025-01-19 22:00:00,542.3526833333334,0.0,2025-01-19T22:10:00,2025-01-19 00:00:00,0.3859,563.4716241403498,0.0,1396.804957473683,833.3333333333333,0.0,1950.0,2700.0,0.0,1.0,833.3333333333334,0.0,0.0,21.118940807016315,21.118940807016315,0.0,1950.0,2700.0,539.0270330890943,0.0,539.0270330890943
2025-01-19,134,2025-01-19 22:20:00,2025-01-19 22:10:00,580.6007833333333,0.0,2025-01-19T22:20:00,2025-01-19 00:00:00,0.4368,579.9941031594577,0.0,579.9941031594577,0.0,0.0,2700.0,2700.0,0.0,-0.0,0.0,0.6066801738755885,0.0,0.0,0.0,0.0,2700.0,2699.325910917916,253.34142426005116,0.0,253.34142426005116
2025-01-19,135,2025-01-19 22:30:00,2025-01-19 22:20:00,600.7416666666667,0.0,2025-01-19T22:30:00,2025-01-19 00:00:00,0.4198,580.7240196946075,0.0,1414.0573530279407,833.3333333333333,0.0,2700.0,3450.0,0.0,1.0,813.3156863612741,0.0,0.0,0.0,0.0,0.0,2699.325910917916,3431.3100286430627,593.6212768011295,0.0,593.6212768011295
2025-01-19,136,2025-01-19 22:40:00,2025-01-19 22:30:00,582.9563333333333,0.0,2025-01-19T22:40:00,2025-01-19 00:00:00,0.4186,591.8260268490675,0.0,1425.1593601824006,833.3333333333331,0.0,3450.0,4200.0,0.0,1.0,833.3333333333334,0.0,0.0,8.869693515733957,8.869693515733957,0.0,3431.3100286430627,4181.310028643063,596.5717081723529,0.0,596.5717081723529
2025-01-19,137,2025-01-19 22:50:00,2025-01-19 22:40:00,580.7904333333333,0.0,2025-01-19T22:50:00,2025-01-19 00:00:00,0.4241,587.6282938860384,0.0,587.6282938860384,0.0,0.0,4200.0,4200.0,0.0,0.0,6.837860552705024,0.0,0.0,0.0,0.0,0.0,4181.310028643063,4187.464103140497,249.21315943706887,0.0,249.21315943706887
2025-01-19,138,2025-01-19 23:00:00,2025-01-19 22:50:00,602.9350000000001,0.0,2025-01-19T23:00:00,2025-01-19 00:00:00,0.4237,584.3726576555591,0.0,1417.7059909888924,833.3333333333333,0.0,4200.0,4950.0,0.0,1.0,814.7709909888923,0.0,0.0,0.0,0.0,0.0,4187.464103140497,4920.757995030501,600.6820283819937,0.0,600.6820283819937
2025-01-19,139,2025-01-19 23:10:00,2025-01-19 23:00:00,606.3471333333333,0.0,2025-01-19T23:10:00,2025-01-19 00:00:00,0.4248,620.1930026522903,0.0,620.1930026522903,0.0,0.0,4950.0,4950.0,0.0,-0.0,13.845869318956943,0.0,0.0,0.0,0.0,0.0,4920.757995030501,4933.219277417562,263.45798752669293,0.0,263.45798752669293
2025-01-19,140,2025-01-19 23:20:00,2025-01-19 23:10:00,592.0573833333334,0.0,2025-01-19T23:20:00,2025-01-19 00:00:00,0.424,604.3380050827136,0.0,604.3380050827136,0.0,0.0,4950.0,4950.0,0.0,0.0,12.280621749380202,0.0,0.0,0.0,0.0,0.0,4933.219277417562,4944.271836992004,256.2393141550706,0.0,256.2393141550706
2025-01-19,141,2025-01-19 23:30:00,2025-01-19 23:20:00,570.415,0.0,2025-01-19T23:30:00,2025-01-19 00:00:00,0.422,562.7277598243459,0.0,1396.0610931576791,833.3333333333333,0.0,4950.0,5700.0,0.0,1.0,825.6460931576792,0.0,0.0,0.0,0.0,0.0,4944.271836992004,5687.353320833915,589.1377813125406,0.0,589.1377813125406
2025-01-19,142,2025-01-19 23:40:00,2025-01-19 23:30:00,554.35235,0.0,2025-01-19T23:40:00,2025-01-19 00:00:00,0.424,609.6654853586712,0.0,1062.0868583842132,452.42137302554204,0.0,5700.0,6107.179235722988,0.0,1.0,507.7345083842132,0.0,0.0,0.0,0.0,0.0,5687.353320833915,6144.314378379707,450.32482795490637,0.0,450.32482795490637
2025-01-19,143,2025-01-19 23:50:00,2025-01-19 23:40:00,574.2431666666666,0.0,2025-01-19T23:50:00,2025-01-19 00:00:00,0.4271,622.5663321810617,0.0,622.5663321810617,0.0,0.0,6107.179235722988,6107.179235722988,0.0,0.0,48.3231655143951,0.0,0.0,0.0,0.0,0.0,6144.314378379707,6187.805227342662,265.89808047453147,0.0,265.89808047453147
2025-01-19,144,2025-01-20 00:00:00,2025-01-19 23:50:00,609.115,0.0,2025-01-20T00:00:00,2025-01-19 00:00:00,0.4276,590.9083368320793,0.0,590.9083368320793,0.0,0.0,6107.179235722988,6107.179235722988,0.0,0.0,0.0,18.206663167920738,0.0,0.0,0.0,0.0,6187.805227342662,6167.575601600528,252.6724048293971,0.0,252.6724048293971
2025-01-20,1,2025-01-20 00:10:00,2025-01-20 00:00:00,606.2207999999999,0.0,2025-01-20T00:10:00,2025-01-20 00:00:00,0.4248,615.5162410625566,0.0,1448.8495743958897,833.3333333333333,0.0,6167.575601600528,6917.575601600528,0.0,1.0,833.3333333333334,0.0,0.0,9.295441062556392,9.295441062556392,0.0,6167.575601600528,6917.575601600528,615.471299203374,0.0,615.471299203374
2025-01-20,2,2025-01-20 00:20:00,2025-01-20 00:10:00,606.2697166666667,0.0,2025-01-20T00:20:00,2025-01-20 00:00:00,0.4245,633.9659848216461,0.0,1467.2993181549793,833.3333333333333,0.0,6917.575601600528,7667.575601600529,0.0,1.0,833.3333333333334,0.0,0.0,27.696268154979293,27.696268154979293,0.0,6917.575601600528,7667.575601600528,622.8685605567887,0.0,622.8685605567887
2025-01-20,3,2025-01-20 00:30:00,2025-01-20 00:20:00,619.885,0.0,2025-01-20T00:30:00,2025-01-20 00:00:00,0.4269,609.8300420455053,0.0,1443.1633753788385,833.3333333333333,0.0,7667.575601600529,8417.575601600529,0.0,1.0,823.2783753788385,0.0,0.0,0.0,0.0,0.0,7667.575601600528,8408.526139441483,616.0864449492261,0.0,616.0864449492261
2025-01-20,4,2025-01-20 00:40:00,2025-01-20 00:30:00,618.2137833333334,0.0,2025-01-20T00:40:00,2025-01-20 00:00:00,0.4272,608.1288294877875,0.0,1441.4621628211207,833.3333333333333,0.0,8417.575601600529,9167.575601600529,0.0,1.0,823.2483794877874,0.0,0.0,0.0,0.0,0.0,8408.526139441483,9149.449680980491,615.7926359571828,0.0,615.7926359571828
2025-01-20,5,2025-01-20 00:50:00,2025-01-20 00:40:00,629.0592166666667,0.0,2025-01-20T00:50:00,2025-01-20 00:00:00,0.4271,589.9990261326104,0.0,1423.3323594659437,833.3333333333333,0.0,9167.575601600529,9917.575601600529,0.0,1.0,794.273142799277,0.0,0.0,0.0,0.0,0.0,9149.449680980491,9864.295509499842,607.9052507279046,0.0,607.9052507279046
2025-01-20,6,2025-01-20 01:00:00,2025-01-20 00:50:00,656.5516666666666,0.0,2025-01-20T01:00:00,2025-01-20 00:00:00,0.4285,580.4210215670333,0.0,580.4210215670333,0.0,0.0,9917.575601600529,9917.575601600529,0.0,0.0,0.0,76.13064509963328,0.0,0.0,0.0,0.0,9864.295509499842,9779.705903833583,248.71040774147377,0.0,248.71040774147377
2025-01-20,7,2025-01-20 01:10:00,2025-01-20 01:00:00,668.98675,0.0,2025-01-20T01:10:00,2025-01-20 00:00:00,0.4311,647.7977926586975,0.0,647.7977926586975,0.0,0.0,9917.575601600529,9917.575601600529,0.0,0.0,0.0,21.188957341302512,0.0,0.0,0.0,0.0,9779.705903833583,9756.162617898803,279.2656284151645,0.0,279.2656284151645
2025-01-20,8,2025-01-20 01:20:00,2025-01-20 01:10:00,646.8283333333333,0.0,2025-01-20T01:20:00,2025-01-20 00:00:00,0.4302,676.096012896295,0.0,676.096012896295,0.0,0.0,9917.575601600529,9917.575601600529,0.0,0.0,29.26767956296169,0.0,0.0,0.0,0.0,0.0,9756.162617898803,9782.503529505468,290.8565047479861,0.0,290.8565047479861
2025-01-20,9,2025-01-20 01:30:00,2025-01-20 01:20:00,614.585,0.0,2025-01-20T01:30:00,2025-01-20 00:00:00,0.4279,644.7939273584602,0.0,791.932147802317,147.13822044385677,0.0,9917.575601600529,10050.0,0.0,1.0,177.34714780231695,0.0,0.0,0.0,0.0,0.0,9782.503529505468,9942.115962527552,338.8677660446114,0.0,338.8677660446114
2025-01-20,10,2025-01-20 01:40:00,2025-01-20 01:30:00,620.72175,0.0,2025-01-20T01:40:00,2025-01-20 00:00:00,0.4312,644.6246475409725,0.0,644.6246475409725,0.0,0.0,10050.0,10050.0,0.0,0.0,23.902897540972504,0.0,0.0,0.0,0.0,0.0,9942.115962527552,9963.628570314428,277.9621480196674,0.0,277.9621480196674
2025-01-20,11,2025-01-20 01:50:00,2025-01-20 01:40:00,647.7761666666667,0.0,2025-01-20T01:50:00,2025-01-20 00:00:00,0.4333,643.4585013909534,0.0,643.4585013909534,0.0,0.0,10050.0,10050.0,0.0,0.0,0.0,4.317665275713239,0.0,0.0,0.0,0.0,9963.628570314428,9958.831164452524,278.8105686527001,0.0,278.8105686527001
2025-01-20,12,2025-01-20 02:00:00,2025-01-20 01:50:00,674.2816666666666,0.0,2025-01-20T02:00:00,2025-01-20 00:00:00,0.4311,636.1369038421241,0.0,636.1369038421241,0.0,0.0,10050.0,10050.0,0.0,0.0,0.0,38.14476282454257,0.0,0.0,0.0,0.0,9958.831164452524,9916.448094647476,274.2386192463397,0.0,274.2386192463397
2025-01-20,13,2025-01-20 02:10:00,2025-01-20 02:00:00,690.5031333333333,0.0,2025-01-20T02:10:00,2025-01-20 00:00:00,0.4293,656.0583023686427,0.0,656.0583023686427,0.0,0.0,10050.0,10050.0,0.0,0.0,0.0,34.444830964690595,0.0,0.0,0.0,0.0,9916.448094647476,9878.176060242264,281.6458292068583,0.0,281.6458292068583
2025-01-20,14,2025-01-20 02:20:00,2025-01-20 02:10:00,682.9346833333334,0.0,2025-01-20T02:20:00,2025-01-20 00:00:00,0.4324,657.0276644346739,0.0,657.0276644346739,0.0,0.0,10050.0,10050.0,0.0,0.0,0.0,25.907018898659544,0.0,0.0,0.0,0.0,9878.176060242264,9849.390483688197,284.09876210155295,0.0,284.09876210155295
2025-01-20,15,2025-01-20 02:30:00,2025-01-20 02:20:00,659.6866666666666,0.0,2025-01-20T02:30:00,2025-01-20 00:00:00,0.4367,644.9734605578044,0.0,644.9734605578044,0.0,0.0,10050.0,10050.0,0.0,0.0,0.0,14.71320610886221,0.0,0.0,0.0,0.0,9849.390483688197,9833.042476900573,281.6599102255932,0.0,281.6599102255932
2025-01-20,16,2025-01-20 02:40:00,2025-01-20 02:30:00,647.1163166666666,0.0,2025-01-20T02:40:00,2025-01-20 00:00:00,0.4348,673.030449035238,0.0,673.030449035238,0.0,0.0,10050.0,10050.0,0.0,0.0,25.91413236857136,0.0,0.0,0.0,0.0,0.0,9833.042476900573,9856.365196032288,292.6336392405215,0.0,292.6336392405215
2025-01-20,17,2025-01-20 02:50:00,2025-01-20 02:40:00,652.9966000000001,0.0,2025-01-20T02:50:00,2025-01-20 00:00:00,0.4335,694.8221652875574,0.0,694.8221652875574,0.0,0.0,10050.0,10050.0,0.0,0.0,41.82556528755731,0.0,0.0,0.0,0.0,0.0,9856.365196032288,9894.00820479109,301.2054086521561,0.0,301.2054086521561
2025-01-20,18,2025-01-20 03:00:00,2025-01-20 02:50:00,662.73,0.0,2025-01-20T03:00:00,2025-01-20 00:00:00,0.4357,691.889968964596,0.0,691.889968964596,0.0,0.0,10050.0,10050.0,0.0,0.0,29.159968964596032,0.0,0.0,0.0,0.0,0.0,9894.00820479109,9920.252176859225,301.4564594778745,0.0,301.4564594778745
2025-01-20,19,2025-01-20 03:10:00,2025-01-20 03:00:00,656.1070333333333,0.0,2025-01-20T03:10:00,2025-01-20 00:00:00,0.4374,690.5475044120141,0.0,690.5475044120141,0.0,0.0,10050.0,10050.0,0.0,0.0,34.44047107868073,0.0,0.0,0.0,0.0,0.0,9920.252176859225,9951.248600830038,302.045478429815,0.0,302.045478429815
2025-01-20,20,2025-01-20 03:20:00,2025-01-20 03:10:00,658.4682333333334,0.0,2025-01-20T03:20:00,2025-01-20 00:00:00,0.4371,682.7564461104994,0.0,682.7564461104994,0.0,0.0,10050.0,10050.0,0.0,0.0,24.288212777165995,0.0,0.0,0.0,0.0,0.0,9951.248600830038,9973.107992329487,298.4328425948993,0.0,298.4328425948993
2025-01-20,21,2025-01-20 03:30:00,2025-01-20 03:20:00,663.47,0.0,2025-01-20T03:30:00,2025-01-20 00:00:00,0.4356,672.5885275489064,0.0,672.5885275489064,0.0,0.0,10050.0,10050.0,0.0,0.0,9.1185275489064,0.0,0.0,0.0,0.0,0.0,9973.107992329487,9981.314667123503,292.9795626003036,0.0,292.9795626003036
2025-01-20,22,2025-01-20 03:40:00,2025-01-20 03:30:00,642.2942833333333,0.0,2025-01-20T03:40:00,2025-01-20 00:00:00,0.4353,679.4625390041609,0.0,679.4625390041609,0.0,0.0,10050.0,10050.0,0.0,0.0,37.16825567082765,0.0,0.0,0.0,0.0,0.0,9981.314667123503,10014.766097227248,295.77004322851127,0.0,295.77004322851127
2025-01-20,23,2025-01-20 03:50:00,2025-01-20 03:40:00,646.3615666666667,0.0,2025-01-20T03:50:00,2025-01-20 00:00:00,0.436,698.704786158756,0.0,698.704786158756,0.0,0.0,10050.0,10050.0,0.0,0.0,52.34321949208925,0.0,0.0,0.0,0.0,0.0,10014.766097227248,10061.874994770129,304.6352867652176,0.0,304.6352867652176
2025-01-20,24,2025-01-20 04:00:00,2025-01-20 03:50:00,681.2383333333333,0.0,2025-01-20T04:00:00,2025-01-20 00:00:00,0.4378,711.8045401544595,0.0,711.8045401544595,0.0,0.0,10050.0,10050.0,0.0,0.0,30.566206821126116,0.0,0.0,0.0,0.0,0.0,10061.874994770129,10089.384580909142,311.6280276796224,0.0,311.6280276796224
2025-01-20,25,2025-01-20 04:10:00,2025-01-20 04:00:00,699.7870166666667,0.0,2025-01-20T04:10:00,2025-01-20 00:00:00,0.4401,701.5465772479259,0.0,701.5465772479259,0.0,0.0,10050.0,10050.0,0.0,0.0,1.7595605812592794,0.0,0.0,0.0,0.0,0.0,10089.384580909142,10090.968185432275,308.7506486468122,0.0,308.7506486468122
2025-01-20,26,2025-01-20 04:20:00,2025-01-20 04:10:00,708.74455,0.0,2025-01-20T04:20:00,2025-01-20 00:00:00,0.4389,686.0395038705144,0.0,686.0395038705144,0.0,0.0,10050.0,10050.0,0.0,0.0,0.0,22.705046129485595,0.0,0.0,0.0,0.0,10090.968185432275,10065.740356399514,301.1027382487688,0.0,301.1027382487688
2025-01-20,27,2025-01-20 04:30:00,2025-01-20 04:20:00,709.3433333333334,0.0,2025-01-20T04:30:00,2025-01-20 00:00:00,0.4364,688.2513819679108,0.0,688.2513819679108,0.0,0.0,10050.0,10050.0,0.0,0.0,0.0,21.091951365422574,0.0,0.0,0.0,0.0,10065.740356399514,10042.304854882377,300.3529030907963,0.0,300.3529030907963
2025-01-20,28,2025-01-20 04:40:00,2025-01-20 04:30:00,691.8148333333334,0.0,2025-01-20T04:40:00,2025-01-20 00:00:00,0.4393,714.3663270005749,0.0,714.3663270005749,0.0,0.0,10050.0,10050.0,0.0,0.0,22.551493667241516,0.0,0.0,0.0,0.0,0.0,10042.304854882377,10062.601199182895,313.82112745135254,0.0,313.82112745135254
2025-01-20,29,2025-01-20 04:50:00,2025-01-20 04:40:00,680.4421333333333,0.0,2025-01-20T04:50:00,2025-01-20 00:00:00,0.4422,722.346142813269,0.0,722.346142813269,0.0,0.0,10050.0,10050.0,0.0,0.0,41.90400947993567,0.0,0.0,0.0,0.0,0.0,10062.601199182895,10100.314807714836,319.42146435202756,0.0,319.42146435202756
2025-01-20,30,2025-01-20 05:00:00,2025-01-20 04:50:00,691.0516666666667,0.0,2025-01-20T05:00:00,2025-01-20 00:00:00,0.4395,719.4422558291424,0.0,719.4422558291424,0.0,0.0,10050.0,10050.0,0.0,0.0,28.390589162475635,0.0,0.0,0.0,0.0,0.0,10100.314807714836,10125.866337961064,316.19487143690804,0.0,316.19487143690804
2025-01-20,31,2025-01-20 05:10:00,2025-01-20 05:00:00,716.6586166666666,0.0,2025-01-20T05:10:00,2025-01-20 00:00:00,0.4333,748.960472877189,0.0,748.960472877189,0.0,0.0,10050.0,10050.0,0.0,0.0,32.301856210522374,0.0,0.0,0.0,0.0,0.0,10125.866337961064,10154.938008550535,324.52457289768597,0.0,324.52457289768597
2025-01-20,32,2025-01-20 05:20:00,2025-01-20 05:10:00,728.5863666666668,0.0013,2025-01-20T05:20:00,2025-01-20 00:00:00,0.4439,755.7192883406755,0.0011166666666666666,755.7181716740088,0.0,0.0,10050.0,10050.0,0.0,0.0,27.13310500734201,0.0,0.0,0.0,0.0,0.0,10154.938008550535,10179.357803057143,335.4632964060925,0.0,335.4632964060925
2025-01-20,33,2025-01-20 05:30:00,2025-01-20 05:20:00,711.3266666666667,0.0,2025-01-20T05:30:00,2025-01-20 00:00:00,0.4301,716.0652018258176,0.0,716.0652018258176,0.0,0.0,10050.0,10050.0,0.0,0.0,4.7385351591508424,0.0,0.0,0.0,0.0,0.0,10179.357803057143,10183.622484700378,307.9796433052841,0.0,307.9796433052841
2025-01-20,34,2025-01-20 05:40:00,2025-01-20 05:30:00,690.44895,0.0,2025-01-20T05:40:00,2025-01-20 00:00:00,0.3713,680.2926386632091,0.0,1513.6259719965424,833.3333333333333,0.0,10050.0,10800.0,0.0,1.0,684.8639058884692,0.0,0.0,138.31311610807325,138.31311610807325,0.0,10183.622484700378,10800.0,562.0093234023162,0.0,562.0093234023162
2025-01-20,35,2025-01-20 05:50:00,2025-01-20 05:40:00,774.0390166666666,0.0182,2025-01-20T05:50:00,2025-01-20 00:00:00,0.5708,759.1559130851653,0.015600000000000001,759.1403130851653,0.0,-0.0,10800.0,10800.0,0.0,0.0,0.0,14.88050358150133,0.0,0.0,0.0,0.0,10800.0,10783.466107131666,433.31729070901235,0.0,433.31729070901235
2025-01-20,36,2025-01-20 06:00:00,2025-01-20 05:50:00,904.4050000000001,0.0,2025-01-20T06:00:00,2025-01-20 00:00:00,0.9099,895.0341482237393,0.0,895.0341482237393,0.0,-0.0,10800.0,10800.0,0.0,0.0,0.0,9.370851776260793,0.0,0.0,0.0,0.0,10783.466107131666,10773.054049602488,814.3915714687804,0.0,814.3915714687804
2025-01-20,37,2025-01-20 06:10:00,2025-01-20 06:00:00,909.1213333333334,0.0,2025-01-20T06:10:00,2025-01-20 00:00:00,0.9368,912.2046306320873,0.0,237.2046306320873,0.0,675.0,10800.0,10050.0,0.0,0.0,0.0,671.9167027012461,0.0,0.0,0.0,0.0,10773.054049602488,10026.479935489991,222.21329797613936,0.0,222.21329797613936
2025-01-20,38,2025-01-20 06:20:00,2025-01-20 06:10:00,896.4892,0.25353333333333333,2025-01-20T06:20:00,2025-01-20 00:00:00,0.8758,890.6405742067561,0.21725000000000003,890.4233242067561,0.0,0.0,10050.0,10050.0,0.0,0.0,0.0,5.81234245991061,0.0,0.0,0.0,0.0,10026.479935489991,10020.021777201202,779.832747340277,0.0,779.832747340277
2025-01-20,39,2025-01-20 06:30:00,2025-01-20 06:20:00,929.7216666666667,0.0,2025-01-20T06:30:00,2025-01-20 00:00:00,0.8759,899.8099156577545,0.0,899.8099156577545,0.0,0.0,10050.0,10050.0,0.0,0.0,0.0,29.911751008912233,0.0,0.0,0.0,0.0,10020.021777201202,9986.78649830241,788.1435051246272,0.0,788.1435051246272
2025-01-20,40,2025-01-20 06:40:00,2025-01-20 06:30:00,957.1146166666667,0.0,2025-01-20T06:40:00,2025-01-20 00:00:00,0.8601,922.597519716741,0.0,922.597519716741,0.0,0.0,10050.0,10050.0,0.0,0.0,0.0,34.51709694992576,0.0,0.0,0.0,0.0,9986.78649830241,9948.434168358048,793.5261267083689,0.0,793.5261267083689
2025-01-20,41,2025-01-20 06:50:00,2025-01-20 06:40:00,939.4489166666667,4.46085,2025-01-20T06:50:00,2025-01-20 00:00:00,0.8442,905.3673766088752,3.9136666666666664,901.4537099422085,0.0,0.0,10050.0,10050.0,0.0,0.0,0.0,33.53435672445812,0.0,0.0,0.0,0.0,9948.434168358048,9911.173771997539,761.0072219332125,0.0,761.0072219332125
2025-01-20,42,2025-01-20 07:00:00,2025-01-20 06:50:00,907.6633333333333,25.099999999999998,2025-01-20T07:00:00,2025-01-20 00:00:00,0.8334,878.4747616548137,23.96875,854.5060116548137,0.0,0.0,10050.0,10050.0,0.0,0.0,0.0,28.057321678519543,0.0,0.0,0.0,0.0,9911.173771997539,9879.998970132518,712.1453101131218,0.0,712.1453101131218
2025-01-20,43,2025-01-20 07:10:00,2025-01-20 07:00:00,928.2303166666667,61.12701666666666,2025-01-20T07:10:00,2025-01-20 00:00:00,0.8092,922.9130704095077,62.713166666666666,860.199903742841,0.0,0.0,10050.0,10050.0,0.0,0.0,0.0,6.903396257158988,0.0,0.0,0.0,0.0,9879.998970132518,9872.328529846785,696.073762108707,0.0,696.073762108707
2025-01-20,44,2025-01-20 07:20:00,2025-01-20 07:10:00,947.8763,98.61829999999999,2025-01-20T07:20:00,2025-01-20 00:00:00,0.7972,955.9482508768833,107.29915,848.6491008768833,0.0,0.0,10050.0,10050.0,0.0,0.0,0.0,0.6088991231167711,0.0,0.0,0.0,0.0,9872.328529846785,9871.651975265544,676.5430632190513,0.0,676.5430632190513
2025-01-20,45,2025-01-20 07:30:00,2025-01-20 07:20:00,907.8966666666666,134.6875,2025-01-20T07:30:00,2025-01-20 00:00:00,0.7644,917.6599184256588,153.2125,764.4474184256588,0.0,0.0,10050.0,10050.0,0.0,0.0,0.0,8.761748241007808,0.0,0.0,0.0,0.0,9871.651975265544,9861.916699442201,584.3436066445736,0.0,584.3436066445736
2025-01-20,46,2025-01-20 07:40:00,2025-01-20 07:30:00,834.0919,177.02301666666665,2025-01-20T07:40:00,2025-01-20 00:00:00,0.6899,857.644557141476,203.96576666666667,1487.0121238081424,833.3333333333333,0.0,10050.0,10800.0,0.0,1.0,829.9432404748089,0.0,0.0,0.0,0.0,0.0,9861.916699442201,10608.865615869528,1025.8896642152374,0.0,1025.8896642152374
2025-01-20,47,2025-01-20 07:50:00,2025-01-20 07:40:00,972.00265,217.63145,2025-01-20T07:50:00,2025-01-20 00:00:00,0.86,989.117863134341,246.14671666666666,742.9711464676743,0.0,0.0,10800.0,10800.0,0.0,0.0,0.0,11.400053532325728,0.0,0.0,0.0,0.0,10608.865615869528,10596.1988897225,638.9551859622,0.0,638.9551859622
2025-01-20,48,2025-01-20 08:00:00,2025-01-20 07:50:00,1226.6966666666667,257.2,2025-01-20T08:00:00,2025-01-20 00:00:00,1.1617,1214.9104876663316,281.73125,99.84590433299832,0.0,833.3333333333333,10800.0,9874.074074074075,0.0,0.0,0.0,833.3333333333334,36.31742900033498,0.0,0.0,0.0,10596.1988897225,9670.272963796575,115.99098706364414,210.94978634844574,326.94077341208987
2025-01-20,49,2025-01-20 08:10:00,2025-01-20 08:00:00,1242.5369833333332,304.6535833333333,2025-01-20T08:10:00,2025-01-20 00:00:00,1.1683,1214.1130668639482,328.42235,52.357383530614925,0.0,833.3333333333333,9874.074074074075,8948.14814814815,0.0,0.0,0.0,833.3333333333334,52.19268313605164,0.0,0.0,0.0,9670.272963796575,8744.34703787065,61.16913117881741,304.88355853924566,366.05268971806305
2025-01-20,50,2025-01-20 08:20:00,2025-01-20 08:10:00,1193.3836333333334,351.27098333333333,2025-01-20T08:20:00,2025-01-20 00:00:00,1.0956,1165.0215798462473,387.58026666666666,0.0,0.0,777.4413131795807,8948.14814814815,8084.324466837505,0.0,0.0,0.0,833.3333333333334,8.77931666666666,0.0,0.0,0.0,8744.34703787065,7818.421111944724,0.0,48.09309669999996,48.09309669999996
2025-01-20,51,2025-01-20 08:30:00,2025-01-20 08:20:00,1203.1000000000001,394.03749999999997,2025-01-20T08:30:00,2025-01-20 00:00:00,1.0849,1189.238758574261,451.1375,0.0,0.0,738.101258574261,8084.324466837505,7264.211957310548,0.0,0.0,0.0,809.0625000000002,0.0,0.0,0.0,0.0,7818.421111944724,6919.46277861139,0.0,0.0,0.0
2025-01-20,52,2025-01-20 08:40:00,2025-01-20 08:30:00,1217.66505,438.76321666666666,2025-01-20T08:40:00,2025-01-20 00:00:00,1.061,1226.40611107223,508.62269999999995,0.0,0.0,717.7834110722301,7264.211957310548,6466.674833896959,0.0,0.0,0.0,778.9018333333333,0.0,0.0,0.0,0.0,6919.46277861139,6054.016297129909,0.0,0.0,0.0
2025-01-20,53,2025-01-20 08:50:00,2025-01-20 08:40:00,1218.7967,485.68548333333337,2025-01-20T08:50:00,2025-01-20 00:00:00,1.043,1231.7025267759227,560.2037,0.0,0.0,671.4988267759227,6466.674833896959,5720.565026368156,0.0,0.0,0.0,733.1112166666667,0.0,0.0,0.0,0.0,6054.016297129909,5239.44827861139,0.0,0.0,0.0
2025-01-20,54,2025-01-20 09:00:00,2025-01-20 08:50:00,1208.8566666666668,537.1999999999999,2025-01-20T09:00:00,2025-01-20 00:00:00,1.036,1211.5866345537186,603.1875,0.0,0.0,608.3991345537186,5720.565026368156,5044.565987975136,0.0,0.0,0.0,671.6566666666669,0.0,0.0,0.0,0.0,5239.44827861139,4493.163093426205,0.0,0.0,0.0
2025-01-20,55,2025-01-20 09:10:00,2025-01-20 09:00:00,1197.7176333333334,593.8009333333333,2025-01-20T09:10:00,2025-01-20 00:00:00,1.0147,1208.9713566811859,632.8914166666667,0.0,0.0,576.0799400145191,5044.565987975136,4404.477165736781,0.0,0.0,0.0,603.9167000000001,0.0,0.0,0.0,0.0,4493.163093426205,3822.1445378706494,0.0,0.0,0.0
2025-01-20,56,2025-01-20 09:20:00,2025-01-20 09:10:00,1187.0372666666667,635.0544,2025-01-20T09:20:00,2025-01-20 00:00:00,0.9922,1229.5793625457254,658.8009833333333,0.0,0.0,570.7783792123921,4404.477165736781,3770.2789666119006,0.0,0.0,0.0,551.9828666666667,0.0,0.0,0.0,0.0,3822.1445378706494,3208.830241574353,0.0,0.0,0.0
2025-01-20,57,2025-01-20 09:30:00,2025-01-20 09:20:00,1184.73,665.6374999999999,2025-01-20T09:30:00,2025-01-20 00:00:00,0.97,1233.546666906328,689.88125,0.0,0.0,543.665416906328,3770.2789666119006,3166.206281160425,0.0,0.0,0.0,519.0925000000001,0.0,0.0,0.0,0.0,3208.830241574353,2632.060797129908,0.0,0.0,0.0
2025-01-20,58,2025-01-20 09:40:00,2025-01-20 09:30:00,1197.4941999999999,712.5952166666666,2025-01-20T09:40:00,2025-01-20 00:00:00,0.9422,1181.0688925029226,727.9133833333334,453.1555091695892,0.0,0.0,3166.206281160425,3166.206281160425,0.0,0.0,0.0,31.743474163744168,0.0,0.0,0.0,0.0,2632.060797129908,2596.7902702813035,426.963120739587,0.0,426.963120739587
2025-01-20,59,2025-01-20 09:50:00,2025-01-20 09:40:00,1195.3148666666666,770.8485833333334,2025-01-20T09:50:00,2025-01-20 00:00:00,0.9569,1170.0688091831091,762.8245333333333,35.12858875518657,0.0,372.11568709458925,3166.206281160425,2752.7444066108815,0.0,0.0,0.0,389.3376945781466,0.0,0.0,0.0,0.0,2596.7902702813035,2164.192831861141,33.61454657983803,0.0,33.61454657983803
2025-01-20,60,2025-01-20 10:00:00,2025-01-20 09:50:00,1180.25,825.53125,2025-01-20T10:00:00,2025-01-20 00:00:00,0.9977,1204.2123808550225,790.4187499999999,0.0,0.0,413.79363085502257,2752.7444066108815,2292.9737056608565,0.0,0.0,0.0,354.71875,0.0,0.0,0.0,0.0,2164.192831861141,1770.0608874166965,0.0,0.0,0.0
2025-01-20,61,2025-01-20 10:10:00,2025-01-20 10:00:00,1183.5146166666666,861.4814666666666,2025-01-20T10:10:00,2025-01-20 00:00:00,0.9919,1193.9873659940868,814.8189000000001,0.0,0.0,379.16846599408666,2292.9737056608565,1871.6754101118713,0.0,0.0,0.0,322.03315,0.0,0.0,0.0,0.0,1770.0608874166965,1412.2462763055853,0.0,0.0,0.0
2025-01-20,62,2025-01-20 10:20:00,2025-01-20 10:10:00,1188.6488666666667,869.8732,2025-01-20T10:20:00,2025-01-20 00:00:00,0.9588,1190.0998372307658,838.6614333333333,0.0,0.0,351.4384038974325,1871.6754101118713,1481.1882946702797,0.0,0.0,0.0,191.02164867502677,127.7540179916399,0.0,0.0,0.0,1412.2462763055853,1200.0,0.0,612.4527622519216,612.4527622519216
2025-01-20,63,2025-01-20 10:30:00,2025-01-20 10:20:00,1191.2216666666666,885.05625,2025-01-20T10:30:00,2025-01-20 00:00:00,0.9549,1202.4611631030061,873.6437500000001,328.81741310300606,0.0,0.0,1481.1882946702797,1481.1882946702797,0.0,0.0,22.65199643633946,0.0,0.0,0.0,0.0,0.0,1200.0,1220.3867967927056,313.98774777206046,0.0,313.98774777206046
2025-01-20,64,2025-01-20 10:40:00,2025-01-20 10:30:00,1202.5027833333334,949.8770333333333,2025-01-20T10:40:00,2025-01-20 00:00:00,0.9839,1182.3007318699183,929.2312666666667,0.0,0.0,253.06946520325164,1481.1882946702797,1200.0,0.0,0.0,0.0,18.348117113435023,234.27763288656502,0.0,0.0,0.0,1220.3867967927056,1200.0,0.0,1152.5288149854566,1152.5288149854566
2025-01-20,65,2025-01-20 10:50:00,2025-01-20 10:40:00,1200.3031666666668,979.81275,2025-01-20T10:50:00,2025-01-20 00:00:00,0.799,1155.0177304341587,969.5083500000001,185.50938043415863,0.0,0.0,1200.0,1200.0,0.0,0.0,0.0,0.0,34.98103623250813,0.0,0.0,0.0,1200.0,1200.0,148.22199496689277,139.74923974887,287.97123471576276
2025-01-20,66,2025-01-20 11:00:00,2025-01-20 10:50:00,1184.41,970.6437500000001,2025-01-20T11:00:00,2025-01-20 00:00:00,0.5025,1161.4614984535924,984.9625,1009.8323317869257,833.3333333333333,0.0,1200.0,1950.0,0.0,1.0,796.0660817869257,0.0,0.0,0.0,0.0,0.0,1200.0,1916.459473608233,507.4407467229301,0.0,507.4407467229301
2025-01-20,67,2025-01-20 11:10:00,2025-01-20 11:00:00,1177.5071500000001,998.1872666666667,2025-01-20T11:10:00,2025-01-20 00:00:00,0.4662,1209.1898920100004,997.9167333333334,1044.6064920100002,833.3333333333333,0.0,1950.0,2700.0,0.0,1.0,833.3333333333334,0.0,0.0,31.95327534333353,31.95327534333353,0.0,1916.459473608233,2666.459473608233,486.9955465750621,0.0,486.9955465750621
2025-01-20,68,2025-01-20 11:20:00,2025-01-20 11:10:00,1171.89395,1011.1469666666667,2025-01-20T11:20:00,2025-01-20 00:00:00,0.5007,1195.177139138903,1007.0467333333332,1021.463739138903,833.3333333333333,0.0,2700.0,3450.0,0.0,1.0,833.3333333333334,0.0,0.0,27.383422472236248,27.383422472236248,0.0,2666.459473608233,3416.459473608233,511.44689418684874,0.0,511.44689418684874
2025-01-20,69,2025-01-20 11:30:00,2025-01-20 11:20:00,1162.5183333333332,996.8312500000001,2025-01-20T11:30:00,2025-01-20 00:00:00,0.4827,1143.8868946454825,1014.31875,962.9014779788157,833.3333333333333,0.0,3450.0,4200.0,0.0,1.0,797.2143946454826,0.0,0.0,0.0,0.0,0.0,3416.459473608233,4133.952428789167,464.7925434203744,0.0,464.7925434203744
2025-01-20,70,2025-01-20 11:40:00,2025-01-20 11:30:00,1152.41775,1006.4735000000001,2025-01-20T11:40:00,2025-01-20 00:00:00,0.4785,1170.5847890642276,1027.4644666666666,976.4536557308943,833.3333333333333,0.0,4200.0,4950.0,0.0,1.0,830.5094057308943,0.0,0.0,0.0,0.0,0.0,4133.952428789167,4881.4108939469725,467.2330742672329,0.0,467.2330742672329
2025-01-20,71,2025-01-20 11:50:00,2025-01-20 11:40:00,1135.1177,1057.8823333333332,2025-01-20T11:50:00,2025-01-20 00:00:00,0.4662,1142.1195591785468,1038.9538166666666,936.4990758452134,833.3333333333333,0.0,4950.0,5700.0,0.0,1.0,833.3333333333334,0.0,0.0,25.930375845213234,25.930375845213234,0.0,4881.4108939469725,5631.4108939469725,436.5958691590385,0.0,436.5958691590385
2025-01-20,72,2025-01-20 12:00:00,2025-01-20 11:50:00,1111.985,1099.60625,2025-01-20T12:00:00,2025-01-20 00:00:00,0.4432,1060.4495415219267,1040.7375,853.04537485526,833.3333333333333,0.0,5700.0,6450.0,0.0,1.0,833.3333333333334,0.0,0.0,7.333291521926753,7.333291521926753,0.0,5631.4108939469725,6381.4108939469725,378.0697101358512,0.0,378.0697101358512
2025-01-20,73,2025-01-20 12:10:00,2025-01-20 12:00:00,1093.1939166666666,1059.4625833333332,2025-01-20T12:10:00,2025-01-20 00:00:00,0.4411,1067.814422655267,1031.6048333333333,869.5429226552669,833.3333333333333,0.0,6450.0,7200.0,0.0,1.0,833.3333333333334,0.0,0.0,2.4782559886001536,2.4782559886001536,0.0,6381.4108939469725,7131.4108939469725,383.55538318323823,0.0,383.55538318323823
2025-01-20,74,2025-01-20 12:20:00,2025-01-20 12:10:00,1082.3126,1019.1896499999999,2025-01-20T12:20:00,2025-01-20 00:00:00,0.4551,1077.0340988018972,1023.1428999999999,887.2245321352306,833.3333333333333,0.0,7200.0,7950.0,0.0,1.0,824.1015821352305,0.0,0.0,0.0,0.0,0.0,7131.4108939469725,7873.10231786868,403.77588457474343,0.0,403.77588457474343
2025-01-20,75,2025-01-20 12:30:00,2025-01-20 12:20:00,1069.9183333333333,1017.275,2025-01-20T12:30:00,2025-01-20 00:00:00,0.4463,1058.0317797485764,1008.50625,882.8588630819096,833.3333333333333,0.0,7950.0,8700.0,0.0,1.0,830.2155297485763,0.0,0.0,0.0,0.0,0.0,7873.10231786868,8620.2962946424,394.01991059345625,0.0,394.01991059345625
2025-01-20,76,2025-01-20 12:40:00,2025-01-20 12:30:00,1050.2967833333335,1016.9914166666667,2025-01-20T12:40:00,2025-01-20 00:00:00,0.4113,1073.9764095594103,971.0726500000001,936.2370928927435,833.3333333333333,0.0,8700.0,9450.0,0.0,1.0,833.3333333333334,0.0,0.0,69.59839289274339,69.59839289274339,0.0,8620.2962946424,9370.2962946424,385.07431630678536,0.0,385.07431630678536
2025-01-20,77,2025-01-20 12:50:00,2025-01-20 12:40:00,1073.7709,1010.2652333333334,2025-01-20T12:50:00,2025-01-20 00:00:00,0.5682,1095.7823620147176,939.9261,989.1895953480508,833.3333333333333,0.0,9450.0,10200.0,0.0,1.0,833.3333333333334,0.0,0.0,92.35059534805089,92.35059534805089,0.0,9370.2962946424,10120.2962946424,562.0575280767625,0.0,562.0575280767625
2025-01-20,78,2025-01-20 13:00:00,2025-01-20 12:50:00,1120.635,995.8625000000001,2025-01-20T13:00:00,2025-01-20 00:00:00,0.8279,1100.4874910198014,920.21875,180.26874101980138,0.0,0.0,10200.0,10200.0,0.0,0.0,55.49624101980157,0.0,0.0,0.0,0.0,0.0,10120.2962946424,10170.24291156022,149.24449069029356,0.0,149.24449069029356
2025-01-20,79,2025-01-20 13:10:00,2025-01-20 13:00:00,1115.0412,975.5680000000001,2025-01-20T13:10:00,2025-01-20 00:00:00,0.8636,1101.984541346315,891.8814166666666,210.10312467964832,0.0,0.0,10200.0,10200.0,0.0,0.0,70.62992467964864,0.0,0.0,0.0,0.0,0.0,10170.24291156022,10233.809843771905,181.4450584733443,0.0,181.4450584733443
2025-01-20,80,2025-01-20 13:20:00,2025-01-20 13:10:00,1092.081,966.7533166666667,2025-01-20T13:20:00,2025-01-20 00:00:00,0.8416,1136.43027543807,874.5335166666667,261.89675877140337,0.0,0.0,10200.0,10200.0,0.0,0.0,136.56907543807006,0.0,0.0,0.0,0.0,0.0,10233.809843771905,10356.722011666168,220.41231218201307,0.0,220.41231218201307
2025-01-20,81,2025-01-20 13:30:00,2025-01-20 13:20:00,1089.6383333333333,958.75,2025-01-20T13:30:00,2025-01-20 00:00:00,0.8618,1170.5911179476639,856.9562500000001,313.6348679476638,0.0,0.0,10200.0,10200.0,0.0,0.0,182.74653461433036,0.0,0.0,0.0,0.0,0.0,10356.722011666168,10521.193892819065,270.2905291972967,0.0,270.2905291972967
2025-01-20,82,2025-01-20 13:40:00,2025-01-20 13:30:00,1110.4878333333334,921.0309166666666,2025-01-20T13:40:00,2025-01-20 00:00:00,0.8623,1133.6953679588323,807.1357833333333,326.55958462549904,0.0,0.0,10200.0,10200.0,0.0,0.0,137.1026679588324,0.0,0.0,0.0,0.0,0.0,10521.193892819065,10644.586293982014,281.5923298225678,0.0,281.5923298225678
2025-01-20,83,2025-01-20 13:50:00,2025-01-20 13:40:00,1121.5805666666668,870.7207333333334,2025-01-20T13:50:00,2025-01-20 00:00:00,0.9026,1099.785285709398,771.8305999999999,327.9546857093982,0.0,0.0,10200.0,10200.0,0.0,0.0,77.09485237606486,0.0,0.0,0.0,0.0,0.0,10644.586293982014,10713.971661120473,296.0118993213028,0.0,296.0118993213028
2025-01-20,84,2025-01-20 14:00:00,2025-01-20 13:50:00,1107.2250000000001,820.9562500000001,2025-01-20T14:00:00,2025-01-20 00:00:00,0.9754,1099.8476308173465,757.5812500000001,0.0,0.0,342.26638081734643,10200.0,9819.704021314059,0.0,0.0,0.0,286.26875000000007,0.0,0.0,0.0,0.0,10713.971661120473,10395.895272231584,0.0,0.0,0.0
2025-01-20,85,2025-01-20 14:10:00,2025-01-20 14:00:00,1079.2582,770.2869000000001,2025-01-20T14:10:00,2025-01-20 00:00:00,1.0002,1093.4888246326036,724.3495833333333,0.0,0.0,369.13924129927034,9819.704021314059,9409.549308759315,0.0,0.0,0.0,308.9712999999999,0.0,0.0,0.0,0.0,10395.895272231584,10052.59382778714,0.0,0.0,0.0
2025-01-20,86,2025-01-20 14:20:00,2025-01-20 14:10:00,1055.7111166666666,723.9499000000001,2025-01-20T14:20:00,2025-01-20 00:00:00,0.9978,1075.9118398748185,686.2887000000001,0.0,0.0,389.62313987481843,9409.549308759315,8976.634708898406,0.0,0.0,0.0,331.76121666666654,0.0,0.0,0.0,0.0,10052.59382778714,9683.970253713065,0.0,0.0,0.0
2025-01-20,87,2025-01-20 14:30:00,2025-01-20 14:20:00,1060.3233333333333,689.7125,2025-01-20T14:30:00,2025-01-20 00:00:00,1.0271,1070.3517231011679,650.2125,0.0,0.0,420.1392231011679,8976.634708898406,8509.813349897107,0.0,0.0,0.0,370.6108333333333,0.0,0.0,0.0,0.0,9683.970253713065,9272.180438898251,0.0,0.0,0.0
2025-01-20,88,2025-01-20 14:40:00,2025-01-20 14:30:00,1099.3048666666666,668.8171333333333,2025-01-20T14:40:00,2025-01-20 00:00:00,1.0906,1098.5113278245622,605.9846,0.0,0.0,492.52672782456216,8509.813349897107,7962.561430092039,0.0,0.0,0.0,430.48773333333327,0.0,0.0,0.0,0.0,9272.180438898251,8793.860735194547,0.0,0.0,0.0
2025-01-20,89,2025-01-20 14:50:00,2025-01-20 14:40:00,1095.8432333333333,635.0513666666667,2025-01-20T14:50:00,2025-01-20 00:00:00,0.9376,1105.6316735082694,561.8226833333333,0.0,0.0,543.8089901749361,7962.561430092039,7358.3292187865545,0.0,0.0,0.0,460.7918666666666,0.0,0.0,0.0,0.0,8793.860735194547,8281.869772231585,0.0,0.0,0.0
2025-01-20,90,2025-01-20 15:00:00,2025-01-20 14:50:00,1063.3483333333334,586.3312500000001,2025-01-20T15:00:00,2025-01-20 00:00:00,0.6694,1078.5777188980733,529.7312499999999,1382.1798022314065,833.3333333333333,0.0,7358.3292187865545,8108.3292187865545,0.0,1.0,833.3333333333334,0.0,0.0,71.82938556473994,71.82938556473994,0.0,8281.869772231585,9031.869772231585,925.2311596137035,0.0,925.2311596137035
2025-01-20,91,2025-01-20 15:10:00,2025-01-20 15:00:00,1084.8805333333332,543.7303,2025-01-20T15:10:00,2025-01-20 00:00:00,0.66,1057.3431703850965,512.4389,1378.23760371843,833.3333333333333,0.0,8108.3292187865545,8858.329218786555,0.0,1.0,833.3333333333334,0.0,0.0,3.7540370517634756,3.7540370517634756,0.0,9031.869772231585,9781.869772231585,909.6368184541637,0.0,909.6368184541637
2025-01-20,92,2025-01-20 15:20:00,2025-01-20 15:10:00,1083.1513,497.73575,2025-01-20T15:20:00,2025-01-20 00:00:00,0.7217,1050.6456780519395,481.01425,1402.9647613852728,833.3333333333333,0.0,8858.329218786555,9608.329218786555,0.0,1.0,817.5492113852729,0.0,0.0,0.0,0.0,0.0,9781.869772231585,10517.66406247833,1012.5196682917514,0.0,1012.5196682917514
2025-01-20,93,2025-01-20 15:30:00,2025-01-20 15:20:00,1056.875,448.64375,2025-01-20T15:30:00,2025-01-20 00:00:00,0.7308,1057.9971360303514,427.95625,1463.3742193636847,833.3333333333333,0.0,9608.329218786555,10358.329218786555,0.0,1.0,313.70659724629957,0.0,0.0,541.4363721173851,541.4363721173851,0.0,10517.66406247833,10800.0,1069.433879510981,0.0,1069.433879510981
2025-01-20,94,2025-01-20 15:40:00,2025-01-20 15:30:00,1080.7998833333334,408.5393166666667,2025-01-20T15:40:00,2025-01-20 00:00:00,0.7534,1070.5600030065236,373.12401666666665,1188.1812987992398,490.74531245938283,0.0,10358.329218786555,10800.0,0.0,1.0,0.0,0.0,0.0,515.9207321325732,515.9207321325732,0.0,10800.0,10800.0,895.1757905153472,0.0,895.1757905153472
2025-01-20,95,2025-01-20 15:50:00,2025-01-20 15:40:00,1070.3165999999999,365.92366666666663,2025-01-20T15:50:00,2025-01-20 00:00:00,0.7823,1052.0334217144828,327.90091666666666,724.132505047816,0.0,0.0,10800.0,10800.0,0.0,0.0,0.0,0.0,0.0,19.739571714482736,19.739571714482736,0.0,10800.0,10800.0,566.4888586989065,0.0,566.4888586989065
2025-01-20,96,2025-01-20 16:00:00,2025-01-20 15:50:00,1030.4366666666667,313.34375,2025-01-20T16:00:00,2025-01-20 00:00:00,0.8055,1029.0266731881088,288.00624999999997,741.0204231881089,0.0,0.0,10800.0,10800.0,0.0,0.0,0.0,0.0,0.0,23.927506521442183,23.927506521442183,0.0,10800.0,10800.0,596.8919508780217,0.0,596.8919508780217
2025-01-20,97,2025-01-20 16:10:00,2025-01-20 16:00:00,1056.1585333333335,255.58538333333334,2025-01-20T16:10:00,2025-01-20 00:00:00,0.8271,1063.281594779173,241.0789,822.202694779173,0.0,0.0,10800.0,10800.0,0.0,0.0,0.0,0.0,0.0,21.629544779172875,21.629544779172875,0.0,10800.0,10800.0,680.043848851854,0.0,680.043848851854
2025-01-20,98,2025-01-20 16:20:00,2025-01-20 16:10:00,1082.1533666666667,205.2141,2025-01-20T16:20:00,2025-01-20 00:00:00,0.8519,1081.57064607095,194.86941666666667,886.7012294042834,0.0,0.0,10800.0,10800.0,0.0,0.0,0.0,0.0,0.0,9.761962737616614,9.761962737616614,0.0,10800.0,10800.0,755.380777329509,0.0,755.380777329509
2025-01-20,99,2025-01-20 16:30:00,2025-01-20 16:20:00,1063.5016666666668,162.36875,2025-01-20T16:30:00,2025-01-20 00:00:00,0.8791,1057.4322624053443,151.89374999999998,905.5385124053444,-0.0,0.0,10800.0,10800.0,0.0,0.0,0.0,0.0,0.0,4.405595738677675,4.405595738677675,0.0,10800.0,10800.0,796.0589062555382,0.0,796.0589062555382
2025-01-20,100,2025-01-20 16:40:00,2025-01-20 16:30:00,1025.7288166666667,115.89486666666666,2025-01-20T16:40:00,2025-01-20 00:00:00,0.9024,1036.7160205087473,106.29951666666666,930.4165038420806,0.0,0.0,10800.0,10800.0,0.0,0.0,0.0,0.0,0.0,20.582553842080642,20.582553842080642,0.0,10800.0,10800.0,839.6078530670935,0.0,839.6078530670935
2025-01-20,101,2025-01-20 16:50:00,2025-01-20 16:40:00,1025.4214833333333,66.77845,2025-01-20T16:50:00,2025-01-20 00:00:00,0.9163,1028.8427902177484,60.56548333333333,968.2773068844151,0.0,0.0,10800.0,10800.0,0.0,0.0,0.0,0.0,0.0,9.634273551081833,9.634273551081833,0.0,10800.0,10800.0,887.2324962981895,0.0,887.2324962981895
2025-01-20,102,2025-01-20 17:00:00,2025-01-20 16:50:00,1057.8566666666668,25.39375,2025-01-20T17:00:00,2025-01-20 00:00:00,0.9264,1020.1862793108654,23.3125,996.8737793108654,0.0,0.0,10800.0,10800.0,0.0,0.0,0.0,35.58913735580143,0.0,0.0,0.0,0.0,10800.0,10760.45651404911,923.5038691535857,0.0,923.5038691535857
2025-01-20,103,2025-01-20 17:10:00,2025-01-20 17:00:00,1062.6916166666667,4.1436166666666665,2025-01-20T17:10:00,2025-01-20 00:00:00,0.9462,997.8280569566184,3.898816666666667,993.9292402899517,0.0,0.0,10800.0,10800.0,0.0,0.0,0.0,64.61875971004838,0.0,0.0,0.0,0.0,10760.45651404911,10688.657892149056,940.4558471623524,0.0,940.4558471623524
2025-01-20,104,2025-01-20 17:20:00,2025-01-20 17:10:00,1032.8423,0.0,2025-01-20T17:20:00,2025-01-20 00:00:00,0.9742,1001.9349775568621,0.0,1001.9349775568621,0.0,0.0,10800.0,10800.0,0.0,0.0,0.0,30.9073224431379,0.0,0.0,0.0,0.0,10688.657892149056,10654.316422767792,976.085055135895,0.0,976.085055135895
2025-01-20,105,2025-01-20 17:30:00,2025-01-20 17:20:00,1024.42,0.0,2025-01-20T17:30:00,2025-01-20 00:00:00,0.9862,1042.1053114492086,0.0,1042.1053114492086,0.0,0.0,10800.0,10800.0,0.0,0.0,17.685311449208484,0.0,0.0,0.0,0.0,0.0,10654.316422767792,10670.233203072079,1027.7242581512094,0.0,1027.7242581512094
2025-01-20,106,2025-01-20 17:40:00,2025-01-20 17:30:00,1070.9409,0.22996666666666665,2025-01-20T17:40:00,2025-01-20 00:00:00,0.976,1062.5495622921064,0.21793333333333334,1062.331628958773,-0.0,0.0,10800.0,10800.0,0.0,0.0,0.0,8.379304374560206,0.0,0.0,0.0,0.0,10670.233203072079,10660.922864878123,1036.8356698637624,0.0,1036.8356698637624
2025-01-20,107,2025-01-20 17:50:00,2025-01-20 17:40:00,936.1628666666667,0.0,2025-01-20T17:50:00,2025-01-20 00:00:00,1.0742,932.3805654391441,0.0,932.3805654391441,0.0,0.0,10800.0,10800.0,0.0,0.0,0.0,3.7823012275225665,0.0,0.0,0.0,0.0,10660.922864878123,10656.720307958652,1001.5632033947286,0.0,1001.5632033947286
2025-01-20,108,2025-01-20 18:00:00,2025-01-20 17:50:00,705.7733333333334,0.0,2025-01-20T18:00:00,2025-01-20 00:00:00,1.2313,741.752143386437,0.0,741.752143386437,0.0,0.0,10800.0,10800.0,0.0,0.0,35.97881005310353,0.0,0.0,0.0,0.0,0.0,10656.720307958652,10689.101237006445,913.3194141517199,0.0,913.3194141517199
2025-01-20,109,2025-01-20 18:10:00,2025-01-20 18:00:00,714.52015,0.016516666666666666,2025-01-20T18:10:00,2025-01-20 00:00:00,1.2561,726.7640581662392,0.01565,726.7484081662392,0.0,-0.0,10800.0,10800.0,0.0,0.0,12.244774832905932,0.0,0.0,0.0,0.0,0.0,10689.101237006445,10700.121534356062,912.868675497613,0.0,912.868675497613
2025-01-20,110,2025-01-20 18:20:00,2025-01-20 18:10:00,745.4868,0.0,2025-01-20T18:20:00,2025-01-20 00:00:00,1.2447,755.8643141017975,0.0,755.8643141017975,0.0,0.0,10800.0,10800.0,0.0,0.0,10.377514101797487,0.0,0.0,0.0,0.0,0.0,10700.121534356062,10709.46129704768,940.8243117625073,0.0,940.8243117625073
2025-01-20,111,2025-01-20 18:30:00,2025-01-20 18:20:00,706.4250000000001,0.0,2025-01-20T18:30:00,2025-01-20 00:00:00,1.2545,737.0096283085612,0.0,737.0096283085612,0.0,0.0,10800.0,10800.0,0.0,0.0,30.58462830856115,0.0,0.0,0.0,0.0,0.0,10709.46129704768,10736.987462525383,924.57857871309,0.0,924.57857871309
2025-01-20,112,2025-01-20 18:40:00,2025-01-20 18:30:00,726.7895166666667,0.0011833333333333333,2025-01-20T18:40:00,2025-01-20 00:00:00,1.2522,709.6262174981522,0.0011166666666666666,709.6251008314855,0.0,0.0,10800.0,10800.0,0.0,0.0,0.0,17.163232501847915,0.0,0.0,0.0,0.0,10736.987462525383,10717.917204189996,888.5925512611861,0.0,888.5925512611861
2025-01-20,113,2025-01-20 18:50:00,2025-01-20 18:40:00,758.0099166666668,0.0,2025-01-20T18:50:00,2025-01-20 00:00:00,1.2881,702.0883836842523,0.0,177.23118448459547,0.0,524.8571991996569,10800.0,10216.825334222603,0.0,0.0,0.0,580.7787321820713,0.0,0.0,0.0,0.0,10717.917204189996,10072.607501765473,228.29148873460744,0.0,228.29148873460744
2025-01-20,114,2025-01-20 19:00:00,2025-01-20 18:50:00,764.1033333333334,0.0,2025-01-20T19:00:00,2025-01-20 00:00:00,1.3466,722.0929326634059,0.0,0.0,0.0,722.0929326634059,10216.825334222603,9414.499853485486,0.0,0.0,0.0,764.1033333333334,0.0,0.0,0.0,0.0,10072.607501765473,9223.60379806177,0.0,0.0,0.0
2025-01-20,115,2025-01-20 19:10:00,2025-01-20 19:00:00,761.5394500000001,0.0,2025-01-20T19:10:00,2025-01-20 00:00:00,1.3523,752.0808941754661,0.0,0.0,0.0,752.0808941754661,9414.499853485486,8578.854415512746,0.0,0.0,0.0,761.5394500000001,0.0,0.0,0.0,0.0,9223.60379806177,8377.448853617325,0.0,0.0,0.0
2025-01-20,116,2025-01-20 19:20:00,2025-01-20 19:10:00,737.8616999999999,0.0,2025-01-20T19:20:00,2025-01-20 00:00:00,1.3445,742.696440716908,0.0,0.0,0.0,742.696440716908,8578.854415512746,7753.636148049514,0.0,0.0,0.0,737.8616999999999,0.0,0.0,0.0,0.0,8377.448853617325,7557.602520283992,0.0,0.0,0.0
2025-01-20,117,2025-01-20 19:30:00,2025-01-20 19:20:00,703.8766666666667,0.0,2025-01-20T19:30:00,2025-01-20 00:00:00,1.3483,715.5418262854151,0.0,0.0,0.0,715.5418262854151,7753.636148049514,6958.589674399053,0.0,0.0,0.0,703.8766666666667,0.0,0.0,0.0,0.0,7557.602520283992,6775.517335098807,0.0,0.0,0.0
2025-01-20,118,2025-01-20 19:40:00,2025-01-20 19:30:00,695.5520499999999,0.0,2025-01-20T19:40:00,2025-01-20 00:00:00,1.349,738.223038485587,0.0,0.0,0.0,738.223038485587,6958.589674399053,6138.341853859512,0.0,0.0,0.0,695.5520499999999,0.0,0.0,0.0,0.0,6775.517335098807,6002.681723987696,0.0,0.0,0.0
2025-01-20,119,2025-01-20 19:50:00,2025-01-20 19:40:00,723.0578,0.0,2025-01-20T19:50:00,2025-01-20 00:00:00,1.3473,750.8160285837022,0.0,0.0,0.0,750.8160285837022,6138.341853859512,5304.101822099843,0.0,0.0,0.0,723.0578,0.0,0.0,0.0,0.0,6002.681723987696,5199.284168432141,0.0,0.0,0.0
2025-01-20,120,2025-01-20 20:00:00,2025-01-20 19:50:00,748.2633333333333,0.0,2025-01-20T20:00:00,2025-01-20 00:00:00,1.3482,737.1186087342168,0.0,0.0,0.0,737.1186087342168,5304.101822099843,4485.081145728491,0.0,0.0,0.0,748.2633333333333,0.0,0.0,0.0,0.0,5199.284168432141,4367.880464728438,0.0,0.0,0.0
2025-01-20,121,2025-01-20 20:10:00,2025-01-20 20:00:00,722.8110833333334,0.0,2025-01-20T20:10:00,2025-01-20 00:00:00,1.3513,741.2337508630402,0.0,0.0,0.0,741.2337508630402,4485.081145728491,3661.488089214002,0.0,0.0,0.0,722.8110833333334,0.0,0.0,0.0,0.0,4367.880464728438,3564.757038802512,0.0,0.0,0.0
2025-01-20,122,2025-01-20 20:20:00,2025-01-20 20:10:00,719.3642833333333,0.0,2025-01-20T20:20:00,2025-01-20 00:00:00,1.34,743.8447939849655,0.0,0.0,0.0,743.8447939849655,3661.488089214002,2834.993873675151,0.0,0.0,0.0,719.3642833333333,0.0,0.0,0.0,0.0,3564.757038802512,2765.463390654364,0.0,0.0,0.0
2025-01-20,123,2025-01-20 20:30:00,2025-01-20 20:20:00,747.89,0.0,2025-01-20T20:30:00,2025-01-20 00:00:00,1.3489,737.1082882115737,0.0,0.0,0.0,737.1082882115737,2834.993873675151,2015.9846645511802,0.0,0.0,0.0,747.89,0.0,0.0,0.0,0.0,2765.463390654364,1934.4745017654752,0.0,0.0,0.0
2025-01-20,124,2025-01-20 20:40:00,2025-01-20 20:30:00,746.0286833333333,0.0,2025-01-20T20:40:00,2025-01-20 00:00:00,1.3952,734.3861980960621,0.0,0.0,0.0,734.3861980960621,2015.9846645511802,1200.0,0.0,0.0,0.0,661.0270515889277,85.00163174440559,0.0,0.0,0.0,1934.4745017654752,1200.0,0.0,592.9713830489734,592.9713830489734
2025-01-20,125,2025-01-20 20:50:00,2025-01-20 20:40:00,734.74755,0.0,2025-01-20T20:50:00,2025-01-20 00:00:00,1.2226,723.2456598447928,0.0,723.2456598447928,0.0,0.0,1200.0,1200.0,0.0,0.0,0.0,0.0,11.501890155207207,0.0,0.0,0.0,1200.0,1200.0,884.2401437262437,70.31105451878165,954.5511982450253
2025-01-20,126,2025-01-20 21:00:00,2025-01-20 20:50:00,734.19,0.0,2025-01-20T21:00:00,2025-01-20 00:00:00,0.9332,731.2930011678095,0.0,731.2930011678095,0.0,0.0,1200.0,1200.0,0.0,0.0,0.0,0.0,2.8969988321905475,0.0,0.0,0.0,1200.0,1200.0,682.4426286897999,13.517396551001095,695.960025240801
2025-01-20,127,2025-01-20 21:10:00,2025-01-20 21:00:00,739.0307833333333,0.0,2025-01-20T21:10:00,2025-01-20 00:00:00,0.9068,793.6889857421002,0.0,793.6889857421002,0.0,0.0,1200.0,1200.0,0.0,0.0,54.6582024087669,0.0,0.0,0.0,0.0,0.0,1200.0,1249.1923821678902,719.7171722709364,0.0,719.7171722709364
2025-01-20,128,2025-01-20 21:20:00,2025-01-20 21:10:00,734.4167833333332,0.0,2025-01-20T21:20:00,2025-01-20 00:00:00,0.9371,796.170132888798,0.0,796.170132888798,0.0,0.0,1200.0,1200.0,0.0,0.0,61.75334955546475,0.0,0.0,0.0,0.0,0.0,1249.1923821678902,1304.7703967678085,746.0910315300927,0.0,746.0910315300927
2025-01-20,129,2025-01-20 21:30:00,2025-01-20 21:20:00,740.19,0.0,2025-01-20T21:30:00,2025-01-20 00:00:00,0.9371,758.3038880307798,0.0,758.3038880307798,0.0,0.0,1200.0,1200.0,0.0,0.0,18.113888030779776,0.0,0.0,0.0,0.0,0.0,1304.7703967678085,1321.0728959955104,710.6065734736438,0.0,710.6065734736438
2025-01-20,130,2025-01-20 21:40:00,2025-01-20 21:30:00,772.3453166666667,0.0,2025-01-20T21:40:00,2025-01-20 00:00:00,0.9871,793.7318762028674,0.0,793.7318762028674,0.0,-0.0,1200.0,1200.0,0.0,0.0,21.386559536200707,0.0,0.0,0.0,0.0,0.0,1321.0728959955104,1340.320799578091,783.4927349998504,0.0,783.4927349998504
2025-01-20,131,2025-01-20 21:50:00,2025-01-20 21:40:00,693.95745,0.0,2025-01-20T21:50:00,2025-01-20 00:00:00,0.7764,718.5671659177311,0.0,718.5671659177311,0.0,-0.0,1200.0,1200.0,0.0,0.0,24.609715917731137,0.0,0.0,0.0,0.0,0.0,1340.320799578091,1362.469543904049,557.8955476185264,0.0,557.8955476185264
2025-01-20,132,2025-01-20 22:00:00,2025-01-20 21:50:00,551.9616666666667,0.0,2025-01-20T22:00:00,2025-01-20 00:00:00,0.4209,567.9481788106729,0.0,1401.2815121440062,833.3333333333333,0.0,1200.0,1950.0,0.0,1.0,833.3333333333334,0.0,0.0,15.986512144006156,15.986512144006156,0.0,1362.469543904049,2112.469543904049,589.7993884614123,0.0,589.7993884614123
2025-01-20,133,2025-01-20 22:10:00,2025-01-20 22:00:00,542.7839833333334,0.0,2025-01-20T22:10:00,2025-01-20 00:00:00,0.3859,573.3733064179695,0.0,1406.7066397513026,833.3333333333333,0.0,1950.0,2700.0,0.0,1.0,833.3333333333334,0.0,0.0,30.589323084635907,30.589323084635907,0.0,2112.469543904049,2862.469543904049,542.8480922800277,0.0,542.8480922800277
2025-01-20,134,2025-01-20 22:20:00,2025-01-20 22:10:00,574.9994833333334,0.0,2025-01-20T22:20:00,2025-01-20 00:00:00,0.4368,579.7784860380052,0.0,579.7784860380052,0.0,0.0,2700.0,2700.0,0.0,0.0,4.779002704671825,0.0,0.0,0.0,0.0,0.0,2862.469543904049,2866.7706463382533,253.2472427014007,0.0,253.2472427014007
2025-01-20,135,2025-01-20 22:30:00,2025-01-20 22:20:00,577.5783333333333,0.0,2025-01-20T22:30:00,2025-01-20 00:00:00,0.4198,540.946824562147,0.0,1374.2801578954802,833.3333333333333,0.0,2700.0,3450.0,0.0,1.0,796.701824562147,0.0,0.0,0.0,0.0,0.0,2866.7706463382533,3583.8022884441857,576.9228102845226,0.0,576.9228102845226
2025-01-20,136,2025-01-20 22:40:00,2025-01-20 22:30:00,569.1000166666666,0.0,2025-01-20T22:40:00,2025-01-20 00:00:00,0.4186,574.2689562600249,0.0,1407.6022895933581,833.3333333333333,0.0,3450.0,4200.0,0.0,1.0,833.3333333333334,0.0,0.0,5.168939593358118,5.168939593358118,0.0,3583.8022884441857,4333.802288444185,589.2223184237797,0.0,589.2223184237797
2025-01-20,137,2025-01-20 22:50:00,2025-01-20 22:40:00,548.6373833333333,0.0,2025-01-20T22:50:00,2025-01-20 00:00:00,0.4241,618.6632876474263,0.0,618.6632876474263,0.0,0.0,4200.0,4200.0,0.0,0.0,70.02590431409294,0.0,0.0,0.0,0.0,0.0,4333.802288444185,4396.825602326869,262.37510029127344,0.0,262.37510029127344
2025-01-20,138,2025-01-20 23:00:00,2025-01-20 22:50:00,538.1783333333334,0.0,2025-01-20T23:00:00,2025-01-20 00:00:00,0.4237,612.2839168142476,0.0,1445.6172501475808,833.3333333333333,0.0,4200.0,4950.0,0.0,1.0,833.3333333333334,0.0,0.0,74.10558348091399,74.10558348091399,0.0,4396.825602326869,5146.825602326869,612.50802888753,0.0,612.50802888753
2025-01-20,139,2025-01-20 23:10:00,2025-01-20 23:00:00,567.4134833333334,0.0,2025-01-20T23:10:00,2025-01-20 00:00:00,0.4248,565.0059694079288,0.0,565.0059694079288,0.0,0.0,4950.0,4950.0,0.0,0.0,0.0,2.4075139254046007,0.0,0.0,0.0,0.0,5146.825602326869,5144.150586854197,240.01453580448816,0.0,240.01453580448816
2025-01-20,140,2025-01-20 23:20:00,2025-01-20 23:10:00,584.2978166666667,0.0,2025-01-20T23:20:00,2025-01-20 00:00:00,0.424,582.603825092633,0.0,1102.1322713154418,519.5284462228088,0.0,4950.0,5417.575601600528,0.0,1.0,517.8344546487751,0.0,0.0,0.0,0.0,0.0,5144.150586854197,5610.201596038095,467.3040830377473,0.0,467.3040830377473
2025-01-20,141,2025-01-20 23:30:00,2025-01-20 23:20:00,579.4533333333333,0.0,2025-01-20T23:30:00,2025-01-20 00:00:00,0.422,648.8510255468294,0.0,1482.1843588801626,833.3333333333331,0.0,5417.575601600528,6167.575601600528,0.0,0.9999999999999999,833.3333333333334,0.0,0.0,69.39769221349593,69.39769221349593,0.0,5610.201596038095,6360.201596038095,625.4817994474286,0.0,625.4817994474286
2025-01-20,142,2025-01-20 23:40:00,2025-01-20 23:30:00,593.5180833333333,0.0,2025-01-20T23:40:00,2025-01-20 00:00:00,0.424,643.2925295625276,0.0,643.2925295625276,-0.0,0.0,6167.575601600528,6167.575601600528,0.0,0.0,49.77444622919438,0.0,0.0,0.0,0.0,0.0,6360.201596038095,6404.9985976443695,272.7560325345117,0.0,272.7560325345117
2025-01-20,143,2025-01-20 23:50:00,2025-01-20 23:40:00,613.7404333333333,0.0,2025-01-20T23:50:00,2025-01-20 00:00:00,0.4271,608.9936388384826,0.0,608.9936388384826,0.0,0.0,6167.575601600528,6167.575601600528,0.0,0.0,0.0,4.746794494850633,0.0,0.0,0.0,0.0,6404.9985976443695,6399.72438153898,260.10118314791595,0.0,260.10118314791595
2025-01-20,144,2025-01-21 00:00:00,2025-01-20 23:50:00,618.2516666666667,0.0,2025-01-21T00:00:00,2025-01-20 00:00:00,0.4276,598.7490081161166,0.0,598.7490081161166,0.0,0.0,6167.575601600528,6167.575601600528,0.0,0.0,0.0,19.50265855055011,0.0,0.0,0.0,0.0,6399.72438153898,6378.054760927258,256.0250758704514,0.0,256.0250758704514
2025-01-21,1,2025-01-21 00:10:00,2025-01-21 00:00:00,602.3762666666667,0.0,2025-01-21T00:10:00,2025-01-21 00:00:00,0.4248,618.599242178311,0.0,1451.9325755116442,833.3333333333333,0.0,6378.054760927258,7128.054760927258,0.0,1.0,833.3333333333334,0.0,0.0,16.222975511644222,16.222975511644222,0.0,6378.054760927258,7128.054760927258,616.7809580773464,0.0,616.7809580773464
2025-01-21,2,2025-01-21 00:20:00,2025-01-21 00:10:00,607.7250666666666,0.0,2025-01-21T00:20:00,2025-01-21 00:00:00,0.4245,626.1312932539973,0.0,1459.4646265873307,833.3333333333333,0.0,7128.054760927258,7878.054760927258,0.0,1.0,833.3333333333334,0.0,0.0,18.406226587330707,18.406226587330707,0.0,7128.054760927258,7878.054760927258,619.5427339863219,0.0,619.5427339863219
2025-01-21,3,2025-01-21 00:30:00,2025-01-21 00:20:00,624.24,0.0,2025-01-21T00:30:00,2025-01-21 00:00:00,0.4269,615.0256425222664,0.0,1448.3589758555995,833.3333333333333,0.0,7878.054760927258,8628.054760927258,0.0,1.0,824.1189758555995,0.0,0.0,0.0,0.0,0.0,7878.054760927258,8619.761839197297,618.3044467927555,0.0,618.3044467927555
2025-01-21,4,2025-01-21 00:40:00,2025-01-21 00:30:00,604.1699333333333,0.0,2025-01-21T00:40:00,2025-01-21 00:00:00,0.4272,617.3992463612898,0.0,1364.0050675532252,746.6058211919355,0.0,8628.054760927258,9300.0,0.0,0.9999999999999993,759.8351342198919,0.0,0.0,0.0,0.0,0.0,8619.761839197297,9303.6134599952,582.7029648587378,0.0,582.7029648587378
2025-01-21,5,2025-01-21 00:50:00,2025-01-21 00:40:00,598.60095,0.0,2025-01-21T00:50:00,2025-01-21 00:00:00,0.4271,618.3773398441573,0.0,1451.7106731774907,833.3333333333333,0.0,9300.0,10050.0,0.0,1.0,833.3333333333334,0.0,0.0,19.77638984415728,19.77638984415728,0.0,9303.6134599952,10053.6134599952,620.0256285141062,0.0,620.0256285141062
2025-01-21,6,2025-01-21 01:00:00,2025-01-21 00:50:00,612.6683333333334,0.0,2025-01-21T01:00:00,2025-01-21 00:00:00,0.4285,625.6085290358169,0.0,625.6085290358169,0.0,0.0,10050.0,10050.0,0.0,0.0,12.940195702483493,0.0,0.0,0.0,0.0,0.0,10053.6134599952,10065.259636127435,268.0732546918475,0.0,268.0732546918475
2025-01-21,7,2025-01-21 01:10:00,2025-01-21 01:00:00,605.3798,0.0,2025-01-21T01:10:00,2025-01-21 00:00:00,0.4311,659.563935296395,0.0,659.563935296395,0.0,0.0,10050.0,10050.0,0.0,0.0,54.18413529639497,0.0,0.0,0.0,0.0,0.0,10065.259636127435,10114.02535789419,284.3380125062759,0.0,284.3380125062759
2025-01-21,8,2025-01-21 01:20:00,2025-01-21 01:10:00,632.3933000000001,0.0,2025-01-21T01:20:00,2025-01-21 00:00:00,0.4302,656.9232568745832,0.0,656.9232568745832,0.0,0.0,10050.0,10050.0,0.0,0.0,24.52995687458315,0.0,0.0,0.0,0.0,0.0,10114.02535789419,10136.102319081316,282.6083851074457,0.0,282.6083851074457
2025-01-21,9,2025-01-21 01:30:00,2025-01-21 01:20:00,677.4516666666667,0.0,2025-01-21T01:30:00,2025-01-21 00:00:00,0.4279,628.5124631835042,0.0,628.5124631835042,0.0,0.0,10050.0,10050.0,0.0,-0.0,0.0,48.93920348316249,0.0,0.0,0.0,0.0,10136.102319081316,10081.725426322246,268.9404829962215,0.0,268.9404829962215
2025-01-21,10,2025-01-21 01:40:00,2025-01-21 01:30:00,660.3152,0.0,2025-01-21T01:40:00,2025-01-21 00:00:00,0.4312,649.8749474809588,0.0,649.8749474809588,0.0,0.0,10050.0,10050.0,0.0,0.0,0.0,10.440252519041223,0.0,0.0,0.0,0.0,10081.725426322246,10070.125145745533,280.22607735378944,0.0,280.22607735378944
2025-01-21,11,2025-01-21 01:50:00,2025-01-21 01:40:00,630.4236,0.0,2025-01-21T01:50:00,2025-01-21 00:00:00,0.4333,675.7448012639549,0.0,675.7448012639549,0.0,0.0,10050.0,10050.0,0.0,0.0,45.32120126395489,0.0,0.0,0.0,0.0,0.0,10070.125145745533,10110.914226883093,292.8002223876716,0.0,292.8002223876716
2025-01-21,12,2025-01-21 02:00:00,2025-01-21 01:50:00,628.8883333333333,0.0,2025-01-21T02:00:00,2025-01-21 00:00:00,0.4311,680.2976085890785,0.0,680.2976085890785,0.0,0.0,10050.0,10050.0,0.0,0.0,51.40927525574523,0.0,0.0,0.0,0.0,0.0,10110.914226883093,10157.182574613264,293.2762990627518,0.0,293.2762990627518
2025-01-21,13,2025-01-21 02:10:00,2025-01-21 02:00:00,649.2637666666667,0.0,2025-01-21T02:10:00,2025-01-21 00:00:00,0.4293,682.0691493063044,0.0,682.0691493063044,0.0,0.0,10050.0,10050.0,0.0,0.0,32.80538263963774,0.0,0.0,0.0,0.0,0.0,10157.182574613264,10186.707418988937,292.8122857971965,0.0,292.8122857971965
2025-01-21,14,2025-01-21 02:20:00,2025-01-21 02:10:00,663.2285666666667,0.0,2025-01-21T02:20:00,2025-01-21 00:00:00,0.4324,675.0646778735269,0.0,675.0646778735269,0.0,0.0,10050.0,10050.0,0.0,0.0,11.83611120686021,0.0,0.0,0.0,0.0,0.0,10186.707418988937,10197.359919075112,291.89796671251304,0.0,291.89796671251304
2025-01-21,15,2025-01-21 02:30:00,2025-01-21 02:20:00,662.5366666666666,0.0,2025-01-21T02:30:00,2025-01-21 00:00:00,0.4367,664.8104970292965,0.0,664.8104970292965,0.0,0.0,10050.0,10050.0,0.0,0.0,2.2738303626298375,0.0,0.0,0.0,0.0,0.0,10197.359919075112,10199.40636640148,290.32274405269374,0.0,290.32274405269374
2025-01-21,16,2025-01-21 02:40:00,2025-01-21 02:30:00,659.7484499999999,0.0,2025-01-21T02:40:00,2025-01-21 00:00:00,0.4348,668.10795287485,0.0,668.10795287485,0.0,0.0,10050.0,10050.0,0.0,0.0,8.359502874850023,0.0,0.0,0.0,0.0,0.0,10199.40636640148,10206.929918988844,290.4933379099848,0.0,290.4933379099848
2025-01-21,17,2025-01-21 02:50:00,2025-01-21 02:40:00,650.8556666666667,0.0,2025-01-21T02:50:00,2025-01-21 00:00:00,0.4335,674.4807272155194,0.0,674.4807272155194,0.0,0.0,10050.0,10050.0,0.0,0.0,23.62506054885273,0.0,0.0,0.0,0.0,0.0,10206.929918988844,10228.192473482812,292.38739524792766,0.0,292.38739524792766
2025-01-21,18,2025-01-21 03:00:00,2025-01-21 02:50:00,639.8283333333333,0.0,2025-01-21T03:00:00,2025-01-21 00:00:00,0.4357,677.0041939579795,0.0,677.0041939579795,0.0,0.0,10050.0,10050.0,0.0,0.0,37.17586062464625,0.0,0.0,0.0,0.0,0.0,10228.192473482812,10261.650748044993,294.97072730749164,0.0,294.97072730749164
2025-01-21,19,2025-01-21 03:10:00,2025-01-21 03:00:00,643.4924666666667,0.0,2025-01-21T03:10:00,2025-01-21 00:00:00,0.4374,681.4750953925105,0.0,681.4750953925105,0.0,0.0,10050.0,10050.0,0.0,0.0,37.982628725843824,0.0,0.0,0.0,0.0,0.0,10261.650748044993,10295.835113898253,298.0772067246841,0.0,298.0772067246841
2025-01-21,20,2025-01-21 03:20:00,2025-01-21 03:10:00,678.1066833333333,0.0,2025-01-21T03:20:00,2025-01-21 00:00:00,0.4371,700.9488099981495,0.0,700.9488099981495,0.0,0.0,10050.0,10050.0,0.0,0.0,22.842126664816192,0.0,0.0,0.0,0.0,0.0,10295.835113898253,10316.393027896587,306.38472485019116,0.0,306.38472485019116
2025-01-21,21,2025-01-21 03:30:00,2025-01-21 03:20:00,704.8883333333333,0.0,2025-01-21T03:30:00,2025-01-21 00:00:00,0.4356,719.6497172603194,0.0,719.6497172603194,0.0,0.0,10050.0,10050.0,0.0,0.0,14.761383926986127,0.0,0.0,0.0,0.0,0.0,10316.393027896587,10329.678273430874,313.47941683859517,0.0,313.47941683859517
2025-01-21,22,2025-01-21 03:40:00,2025-01-21 03:30:00,670.2434999999999,0.0,2025-01-21T03:40:00,2025-01-21 00:00:00,0.4353,708.2144479854603,0.0,708.2144479854603,0.0,0.0,10050.0,10050.0,0.0,0.0,37.970947985460384,0.0,0.0,0.0,0.0,0.0,10329.678273430874,10363.852126617789,308.2857492080709,0.0,308.2857492080709
2025-01-21,23,2025-01-21 03:50:00,2025-01-21 03:40:00,674.5888,0.0,2025-01-21T03:50:00,2025-01-21 00:00:00,0.436,703.1880191512154,0.0,703.1880191512154,0.0,0.0,10050.0,10050.0,0.0,0.0,28.59921915121538,0.0,0.0,0.0,0.0,0.0,10363.852126617789,10389.591423853883,306.5899763499299,0.0,306.5899763499299
2025-01-21,24,2025-01-21 04:00:00,2025-01-21 03:50:00,725.5616666666666,0.0,2025-01-21T04:00:00,2025-01-21 00:00:00,0.4378,715.6501270975597,0.0,715.6501270975597,0.0,0.0,10050.0,10050.0,0.0,0.0,0.0,9.911539569106935,0.0,0.0,0.0,0.0,10389.591423853883,10378.57860211043,313.31162564331163,0.0,313.31162564331163
2025-01-21,25,2025-01-21 04:10:00,2025-01-21 04:00:00,730.5302166666667,0.0,2025-01-21T04:10:00,2025-01-21 00:00:00,0.4401,716.6492214872662,0.0,716.6492214872662,0.0,0.0,10050.0,10050.0,0.0,0.0,0.0,13.88099517940043,0.0,0.0,0.0,0.0,10378.57860211043,10363.155274133318,315.39732237654584,0.0,315.39732237654584
2025-01-21,26,2025-01-21 04:20:00,2025-01-21 04:10:00,720.8597666666666,0.0,2025-01-21T04:20:00,2025-01-21 00:00:00,0.4389,688.3401917507634,0.0,688.3401917507634,0.0,0.0,10050.0,10050.0,0.0,0.0,0.0,32.51957491590315,0.0,0.0,0.0,0.0,10363.155274133318,10327.022413115648,302.1125101594101,0.0,302.1125101594101
2025-01-21,27,2025-01-21 04:30:00,2025-01-21 04:20:00,704.41,0.0,2025-01-21T04:30:00,2025-01-21 00:00:00,0.4364,664.343858466715,0.0,664.343858466715,0.0,0.0,10050.0,10050.0,0.0,0.0,0.0,40.06614153328496,0.0,0.0,0.0,0.0,10327.022413115648,10282.504478078665,289.91965983487444,0.0,289.91965983487444
2025-01-21,28,2025-01-21 04:40:00,2025-01-21 04:30:00,658.8190333333333,0.0,2025-01-21T04:40:00,2025-01-21 00:00:00,0.4393,698.5248265857261,0.0,698.5248265857261,0.0,0.0,10050.0,10050.0,0.0,0.0,39.70579325239282,0.0,0.0,0.0,0.0,0.0,10282.504478078665,10318.239692005818,306.86195631910954,0.0,306.86195631910954
2025-01-21,29,2025-01-21 04:50:00,2025-01-21 04:40:00,660.0759333333333,0.0,2025-01-21T04:50:00,2025-01-21 00:00:00,0.4422,734.75494011258,0.0,734.75494011258,0.0,0.0,10050.0,10050.0,0.0,0.0,74.67900677924672,0.0,0.0,0.0,0.0,0.0,10318.239692005818,10385.45079810714,324.90863451778284,0.0,324.90863451778284
2025-01-21,30,2025-01-21 05:00:00,2025-01-21 04:50:00,705.18,0.0,2025-01-21T05:00:00,2025-01-21 00:00:00,0.4395,732.8046065155066,0.0,732.8046065155066,0.0,0.0,10050.0,10050.0,0.0,0.0,27.624606515506684,0.0,0.0,0.0,0.0,0.0,10385.45079810714,10410.312943971096,322.0676245635652,0.0,322.0676245635652
2025-01-21,31,2025-01-21 05:10:00,2025-01-21 05:00:00,716.4424166666666,0.0,2025-01-21T05:10:00,2025-01-21 00:00:00,0.4333,706.5200676788972,0.0,706.5200676788972,0.0,0.0,10050.0,10050.0,0.0,0.0,0.0,9.922348987769396,0.0,0.0,0.0,0.0,10410.312943971096,10399.288111762464,306.1351453252662,0.0,306.1351453252662
2025-01-21,32,2025-01-21 05:20:00,2025-01-21 05:10:00,730.7619166666667,0.0012833333333333334,2025-01-21T05:20:00,2025-01-21 00:00:00,0.4439,707.0144593962775,0.0013,707.0131593962775,0.0,0.0,10050.0,10050.0,0.0,0.0,0.0,23.747473937055815,0.0,0.0,0.0,0.0,10399.288111762464,10372.902029610179,313.8431414560076,0.0,313.8431414560076
2025-01-21,33,2025-01-21 05:30:00,2025-01-21 05:20:00,736.8083333333334,0.0,2025-01-21T05:30:00,2025-01-21 00:00:00,0.4301,718.4951699018178,0.0,718.4951699018178,0.0,0.0,10050.0,10050.0,0.0,0.0,0.0,18.31316343151559,0.0,0.0,0.0,0.0,10372.902029610179,10352.554070241828,309.0247725747718,0.0,309.0247725747718
2025-01-21,34,2025-01-21 05:40:00,2025-01-21 05:30:00,700.0888666666666,0.0,2025-01-21T05:40:00,2025-01-21 00:00:00,0.3713,696.5330288598153,0.0,1529.8663621931487,833.3333333333333,0.0,10050.0,10800.0,0.0,1.0,497.1621441757472,0.0,0.0,332.6153513507349,332.6153513507349,0.0,10352.554070241828,10800.0,568.0393802823162,0.0,568.0393802823162
2025-01-21,35,2025-01-21 05:50:00,2025-01-21 05:40:00,792.66345,0.017866666666666666,2025-01-21T05:50:00,2025-01-21 00:00:00,0.5708,775.356732979826,0.0182,775.338532979826,0.0,-0.0,10800.0,10800.0,0.0,0.0,0.0,17.307050353507293,0.0,0.0,0.0,0.0,10800.0,10780.769944051659,442.56323462488467,0.0,442.56323462488467
2025-01-21,36,2025-01-21 06:00:00,2025-01-21 05:50:00,946.0749999999999,0.0,2025-01-21T06:00:00,2025-01-21 00:00:00,0.9099,912.7689147039451,0.0,912.7689147039451,0.0,-0.0,10800.0,10800.0,0.0,0.0,0.0,33.30608529605479,0.0,0.0,0.0,0.0,10780.769944051659,10743.763182611598,830.5284354891197,0.0,830.5284354891197
2025-01-21,37,2025-01-21 06:10:00,2025-01-21 06:00:00,909.1154333333334,0.0,2025-01-21T06:10:00,2025-01-21 00:00:00,0.9368,917.7424188612389,0.0,242.7424188612389,0.0,675.0,10800.0,10050.0,0.0,0.0,0.0,666.3730144720945,0.0,0.0,0.0,0.0,10743.763182611598,10003.348722087048,227.40109798920858,0.0,227.40109798920858
2025-01-21,38,2025-01-21 06:20:00,2025-01-21 06:10:00,862.9599333333334,0.2488,2025-01-21T06:20:00,2025-01-21 00:00:00,0.8758,887.8408312655532,0.25353333333333333,887.5872979322199,0.0,0.0,10050.0,10050.0,0.0,0.0,24.876164598886476,0.0,0.0,0.0,0.0,0.0,10003.348722087048,10025.737270226045,777.3489555290382,0.0,777.3489555290382
2025-01-21,39,2025-01-21 06:30:00,2025-01-21 06:20:00,903.015,0.0,2025-01-21T06:30:00,2025-01-21 00:00:00,0.8759,909.1762334090246,0.0,909.1762334090246,0.0,0.0,10050.0,10050.0,0.0,0.0,6.1612334090245895,0.0,0.0,0.0,0.0,0.0,10025.737270226045,10031.282380294168,796.3474628429647,0.0,796.3474628429647
2025-01-21,40,2025-01-21 06:40:00,2025-01-21 06:30:00,942.1395000000001,0.0,2025-01-21T06:40:00,2025-01-21 00:00:00,0.8601,963.0087027607328,0.0,963.0087027607328,0.0,0.0,10050.0,10050.0,0.0,0.0,20.86920276073272,0.0,0.0,0.0,0.0,0.0,10031.282380294168,10050.064662778826,828.2837852445062,0.0,828.2837852445062
2025-01-21,41,2025-01-21 06:50:00,2025-01-21 06:40:00,951.5553333333334,4.446833333333333,2025-01-21T06:50:00,2025-01-21 00:00:00,0.8442,960.3134920383745,4.46085,955.8526420383745,0.0,0.0,10050.0,10050.0,0.0,0.0,8.744142038374434,0.0,0.0,0.0,0.0,0.0,10050.064662778826,10057.934390613364,806.9308004087957,0.0,806.9308004087957
2025-01-21,42,2025-01-21 07:00:00,2025-01-21 06:50:00,924.1466666666666,26.5,2025-01-21T07:00:00,2025-01-21 00:00:00,0.8334,908.5474073829766,25.099999999999998,883.4474073829766,0.0,0.0,10050.0,10050.0,0.0,0.0,0.0,14.199259283690026,0.0,0.0,0.0,0.0,10057.934390613364,10042.157435853707,736.2650693129727,0.0,736.2650693129727
2025-01-21,43,2025-01-21 07:10:00,2025-01-21 07:00:00,875.2837333333333,67.76038333333334,2025-01-21T07:10:00,2025-01-21 00:00:00,0.8092,901.4642998862356,61.12701666666666,840.3372832195689,0.0,0.0,10050.0,10050.0,0.0,0.0,32.81393321956898,0.0,0.0,0.0,0.0,0.0,10042.157435853707,10071.68997575132,680.0009295812752,0.0,680.0009295812752
2025-01-21,44,2025-01-21 07:20:00,2025-01-21 07:10:00,884.9663166666666,113.47770000000001,2025-01-21T07:20:00,2025-01-21 00:00:00,0.7972,924.9809420374102,98.61829999999999,826.3626420374102,0.0,0.0,10050.0,10050.0,0.0,0.0,54.87402537074365,0.0,0.0,0.0,0.0,0.0,10071.68997575132,10121.07659858499,658.7762982322234,0.0,658.7762982322234
2025-01-21,45,2025-01-21 07:30:00,2025-01-21 07:20:00,919.82,158.1625,2025-01-21T07:30:00,2025-01-21 00:00:00,0.7644,923.2565184465027,134.6875,788.5690184465027,0.0,0.0,10050.0,10050.0,0.0,0.0,26.91151844650267,0.0,0.0,0.0,0.0,0.0,10121.07659858499,10145.296965186842,602.7821577005067,0.0,602.7821577005067
2025-01-21,46,2025-01-21 07:40:00,2025-01-21 07:30:00,893.4370833333334,207.6299,2025-01-21T07:40:00,2025-01-21 00:00:00,0.6899,885.0383728610246,177.02301666666665,1541.3486895276912,833.3333333333333,0.0,10050.0,10800.0,0.0,1.0,727.4478164590639,0.0,0.0,128.09368973529388,128.09368973529388,0.0,10145.296965186842,10800.0,1063.376460905154,0.0,1063.376460905154
2025-01-21,47,2025-01-21 07:50:00,2025-01-21 07:40:00,1010.4537666666666,258.4823333333333,2025-01-21T07:50:00,2025-01-21 00:00:00,0.86,1016.4936828904039,217.63145,798.8622328904039,0.0,0.0,10800.0,10800.0,0.0,0.0,0.0,0.0,0.0,46.890799557070636,46.890799557070636,0.0,10800.0,10800.0,687.0215202857473,0.0,687.0215202857473
2025-01-21,48,2025-01-21 08:00:00,2025-01-21 07:50:00,1214.4950000000001,310.99375000000003,2025-01-21T08:00:00,2025-01-21 00:00:00,1.1617,1233.529376254174,257.2,142.99604292084064,0.0,833.3333333333333,10800.0,9874.074074074075,0.0,0.0,0.0,760.5052070791594,0.0,0.0,0.0,0.0,10800.0,9954.99421435649,166.11850306114056,0.0,166.11850306114056
2025-01-21,49,2025-01-21 08:10:00,2025-01-21 08:00:00,1222.68405,368.9858166666667,2025-01-21T08:10:00,2025-01-21 00:00:00,1.1683,1231.1299042627425,304.6535833333333,93.14298759607595,0.0,833.3333333333333,9874.074074074075,8948.14814814815,0.0,0.0,0.0,760.5552457372573,0.0,0.0,0.0,0.0,9954.99421435649,9109.932830203981,108.81895240849553,0.0,108.81895240849553
2025-01-21,50,2025-01-21 08:20:00,2025-01-21 08:10:00,1180.1796333333334,426.5235333333333,2025-01-21T08:20:00,2025-01-21 00:00:00,1.0956,1190.2697870917937,351.27098333333333,5.665470425127069,0.0,833.3333333333333,8948.14814814815,8022.2222222222235,0.0,0.0,0.0,747.9906295748731,0.0,0.0,0.0,0.0,9109.932830203981,8278.832130676345,6.207089397769216,0.0,6.207089397769216
2025-01-21,51,2025-01-21 08:30:00,2025-01-21 08:20:00,1189.5316666666665,487.7375,2025-01-21T08:30:00,2025-01-21 00:00:00,1.0849,1203.8888496472737,394.03749999999997,0.0,0.0,809.8513496472738,8022.2222222222235,7122.387389280808,0.0,0.0,0.0,701.7941666666666,0.0,0.0,0.0,0.0,8278.832130676345,7499.060834380049,0.0,0.0,0.0
2025-01-21,52,2025-01-21 08:40:00,2025-01-21 08:30:00,1205.2338,558.7849666666667,2025-01-21T08:40:00,2025-01-21 00:00:00,1.061,1187.4046851151384,438.76321666666666,0.0,0.0,748.6414684484716,7122.387389280808,6290.563535449172,0.0,0.0,0.0,646.4488333333333,0.0,0.0,0.0,0.0,7499.060834380049,6780.784352898567,0.0,0.0,0.0
2025-01-21,53,2025-01-21 08:50:00,2025-01-21 08:40:00,1204.0758333333333,605.8012166666666,2025-01-21T08:50:00,2025-01-21 00:00:00,1.043,1195.0478958047593,485.68548333333337,0.0,0.0,709.3624124714258,6290.563535449172,5502.383077147588,0.0,0.0,0.0,598.2746166666667,0.0,0.0,0.0,0.0,6780.784352898567,6116.034778824493,0.0,0.0,0.0
2025-01-21,54,2025-01-21 09:00:00,2025-01-21 08:50:00,1200.0666666666666,633.9187499999999,2025-01-21T09:00:00,2025-01-21 00:00:00,1.036,1218.4278283602052,537.1999999999999,0.0,0.0,681.2278283602053,5502.383077147588,4745.46326785847,0.0,0.0,0.0,566.1479166666667,0.0,0.0,0.0,0.0,6116.034778824493,5486.981538083752,0.0,0.0,0.0
2025-01-21,55,2025-01-21 09:10:00,2025-01-21 09:00:00,1216.5696166666667,680.1670333333333,2025-01-21T09:10:00,2025-01-21 00:00:00,1.0147,1185.493355017675,593.8009333333333,0.0,0.0,591.6924216843416,4745.46326785847,4088.0272437647573,0.0,0.0,0.0,536.4025833333334,0.0,0.0,0.0,0.0,5486.981538083752,4890.978667713382,0.0,0.0,0.0
2025-01-21,56,2025-01-21 09:20:00,2025-01-21 09:10:00,1198.1406,714.5665166666666,2025-01-21T09:20:00,2025-01-21 00:00:00,0.9922,1164.8664909560846,635.0544,0.0,0.0,529.8120909560846,4088.0272437647573,3499.347142702441,0.0,0.0,0.0,483.5740833333333,0.0,0.0,0.0,0.0,4890.978667713382,4353.674130676344,0.0,0.0,0.0
2025-01-21,57,2025-01-21 09:30:00,2025-01-21 09:20:00,1151.5916666666667,734.56875,2025-01-21T09:30:00,2025-01-21 00:00:00,0.97,1185.0041174370695,665.6374999999999,0.0,0.0,519.3666174370695,3499.347142702441,2922.273123327919,0.0,0.0,0.0,417.0229166666667,0.0,0.0,0.0,0.0,4353.674130676344,3890.3153343800477,0.0,0.0,0.0
2025-01-21,58,2025-01-21 09:40:00,2025-01-21 09:30:00,1149.3555333333334,773.4791833333334,2025-01-21T09:40:00,2025-01-21 00:00:00,0.9422,1203.3890125199503,712.5952166666666,490.79379585328365,0.0,0.0,2922.273123327919,2922.273123327919,0.0,0.0,114.91744585328365,0.0,0.0,0.0,0.0,0.0,3890.3153343800477,3993.741035648003,462.42591445296387,0.0,462.42591445296387
2025-01-21,59,2025-01-21 09:50:00,2025-01-21 09:40:00,1195.4661166666667,829.0085666666668,2025-01-21T09:50:00,2025-01-21 00:00:00,0.9569,1200.5242407216092,770.8485833333334,133.88173783012672,0.0,295.79391955814907,2922.273123327919,2593.6132127077535,0.0,0.0,0.0,232.5758121698732,0.0,0.0,0.0,0.0,3993.741035648003,3735.3234665703662,128.11143492964825,0.0,128.11143492964825
2025-01-21,60,2025-01-21 10:00:00,2025-01-21 09:50:00,1236.535,886.8125,2025-01-21T10:00:00,2025-01-21 00:00:00,0.9977,1190.8621463825405,825.53125,0.0,0.0,365.33089638254046,2593.6132127077535,2187.689994504931,0.0,0.0,0.0,349.7225000000001,0.0,0.0,0.0,0.0,3735.3234665703662,3346.7429110148105,0.0,0.0,0.0
2025-01-21,61,2025-01-21 10:10:00,2025-01-21 10:00:00,1211.3386166666667,934.09325,2025-01-21T10:10:00,2025-01-21 00:00:00,0.9919,1201.6918121509418,861.4814666666666,0.0,0.0,340.2103454842752,2187.689994504931,1809.6784995224027,0.0,0.0,0.0,277.24536666666665,0.0,0.0,0.0,0.0,3346.7429110148105,3038.692503607403,0.0,0.0,0.0
2025-01-21,62,2025-01-21 10:20:00,2025-01-21 10:10:00,1181.9455500000001,974.1188333333333,2025-01-21T10:20:00,2025-01-21 00:00:00,0.9588,1203.5881923806437,869.8732,0.0,0.0,333.7149923806437,1809.6784995224027,1438.8840635439096,0.0,0.0,0.0,207.8267166666668,0.0,0.0,0.0,0.0,3038.692503607403,2807.773929533329,0.0,0.0,0.0
2025-01-21,63,2025-01-21 10:30:00,2025-01-21 10:20:00,1172.4983333333332,996.4499999999999,2025-01-21T10:30:00,2025-01-21 00:00:00,0.9549,1183.512696138031,885.05625,298.4564461380311,0.0,0.0,1438.8840635439096,1438.8840635439096,0.0,0.0,122.4081128046978,0.0,0.0,0.0,0.0,0.0,2807.773929533329,2917.941231057557,284.99606041720585,0.0,284.99606041720585
2025-01-21,64,2025-01-21 10:40:00,2025-01-21 10:30:00,1154.1555833333334,990.6205666666666,2025-01-21T10:40:00,2025-01-21 00:00:00,0.9839,1164.872690522852,949.8770333333333,0.0,0.0,214.99565718951874,1438.8840635439096,1200.0,0.0,0.0,0.0,163.53501666666682,0.0,0.0,0.0,0.0,2917.941231057557,2736.235656983483,0.0,0.0,0.0
2025-01-21,65,2025-01-21 10:50:00,2025-01-21 10:40:00,1160.0931166666667,1014.2280999999999,2025-01-21T10:50:00,2025-01-21 00:00:00,0.799,1189.7299259710892,979.81275,209.91717597108914,0.0,0.0,1200.0,1200.0,0.0,0.0,64.0521593044225,0.0,0.0,0.0,0.0,0.0,2736.235656983483,2793.882600357463,167.72382360090023,0.0,167.72382360090023
2025-01-21,66,2025-01-21 11:00:00,2025-01-21 10:50:00,1176.6033333333332,1077.45625,2025-01-21T11:00:00,2025-01-21 00:00:00,0.5025,1221.0433697102396,970.6437500000001,1083.7329530435727,833.3333333333333,0.0,1200.0,1950.0,0.0,1.0,833.3333333333334,0.0,0.0,151.25253637690628,151.25253637690628,0.0,2793.882600357463,3543.882600357463,544.5758089043952,0.0,544.5758089043952
2025-01-21,67,2025-01-21 11:10:00,2025-01-21 11:00:00,1152.5735666666667,1134.5871166666668,2025-01-21T11:10:00,2025-01-21 00:00:00,0.4662,1179.8812873287472,998.1872666666667,1015.0273539954138,833.3333333333333,0.0,1950.0,2700.0,0.0,1.0,833.3333333333334,0.0,0.0,163.70757066208068,163.70757066208068,0.0,3543.882600357463,4293.882600357463,473.20575243266194,0.0,473.20575243266194
2025-01-21,68,2025-01-21 11:20:00,2025-01-21 11:10:00,1137.1097666666667,1174.6662,2025-01-21T11:20:00,2025-01-21 00:00:00,0.5007,1149.5285381938274,1011.1469666666667,971.714904860494,833.3333333333333,0.0,2700.0,3450.0,0.0,1.0,833.3333333333334,0.0,0.0,175.93800486049383,175.93800486049383,0.0,4293.882600357463,5043.882600357463,486.5376528636494,0.0,486.5376528636494
2025-01-21,69,2025-01-21 11:30:00,2025-01-21 11:20:00,1142.4216666666666,1193.1875,2025-01-21T11:30:00,2025-01-21 00:00:00,0.4827,1165.3407943529987,996.8312500000001,1001.8428776863319,833.3333333333333,0.0,3450.0,4200.0,0.0,1.0,833.3333333333334,0.0,0.0,219.27537768633204,219.27537768633204,0.0,5043.882600357463,5793.882600357463,483.58955705919243,0.0,483.58955705919243
2025-01-21,70,2025-01-21 11:40:00,2025-01-21 11:30:00,1127.2828666666667,1187.34995,2025-01-21T11:40:00,2025-01-21 00:00:00,0.4785,1172.3342574314686,1006.4735000000001,999.1940907648018,833.3333333333333,0.0,4200.0,4950.0,0.0,1.0,833.3333333333334,0.0,0.0,225.927840764802,225.927840764802,0.0,5793.882600357463,6543.882600357463,478.11437243095764,0.0,478.11437243095764
2025-01-21,71,2025-01-21 11:50:00,2025-01-21 11:40:00,1088.1384833333334,1172.6857333333335,2025-01-21T11:50:00,2025-01-21 00:00:00,0.4662,1116.3786681603722,1057.8823333333332,891.8296681603722,833.3333333333333,0.0,4950.0,5700.0,0.0,1.0,833.3333333333334,0.0,0.0,143.0435848270389,143.0435848270389,0.0,6543.882600357463,7293.882600357463,415.77099129636554,0.0,415.77099129636554
2025-01-21,72,2025-01-21 12:00:00,2025-01-21 11:50:00,1050.5883333333334,1162.59375,2025-01-21T12:00:00,2025-01-21 00:00:00,0.4432,1049.4421325372648,1099.60625,783.169215870598,833.3333333333333,0.0,5700.0,6450.0,0.0,1.0,833.3333333333334,0.0,0.0,61.84129920393127,61.84129920393127,0.0,7293.882600357463,8043.882600357463,347.100596473849,0.0,347.100596473849
2025-01-21,73,2025-01-21 12:10:00,2025-01-21 12:00:00,1046.4406333333334,1162.7233166666667,2025-01-21T12:10:00,2025-01-21 00:00:00,0.4411,1073.7413472093767,1059.4625833333332,847.6120972093768,833.3333333333333,0.0,6450.0,7200.0,0.0,1.0,833.3333333333334,0.0,0.0,130.56144720937675,130.56144720937675,0.0,8043.882600357463,8793.882600357463,373.8816960790561,0.0,373.8816960790561
2025-01-21,74,2025-01-21 12:20:00,2025-01-21 12:10:00,1056.8272833333333,1173.80925,2025-01-21T12:20:00,2025-01-21 00:00:00,0.4551,1078.9432740006753,1019.1896499999999,893.0869573340086,833.3333333333333,0.0,7200.0,7950.0,0.0,1.0,833.3333333333334,0.0,0.0,176.73559066734185,176.73559066734185,0.0,8793.882600357463,9543.882600357463,406.4438742827073,0.0,406.4438742827073
2025-01-21,75,2025-01-21 12:30:00,2025-01-21 12:20:00,1065.5566666666666,1174.6812499999999,2025-01-21T12:30:00,2025-01-21 00:00:00,0.4463,1038.421044132066,1017.275,854.4793774653994,833.3333333333333,0.0,7950.0,8700.0,0.0,1.0,833.3333333333334,0.0,0.0,130.27062746539912,130.27062746539912,0.0,9543.882600357463,10293.882600357463,381.3541461628077,0.0,381.3541461628077
2025-01-21,76,2025-01-21 12:40:00,2025-01-21 12:30:00,1072.8366166666667,1140.1619166666667,2025-01-21T12:40:00,2025-01-21 00:00:00,0.4113,1039.0108142149663,1016.9914166666667,855.3527308816329,833.3333333333333,0.0,8700.0,9450.0,0.0,1.0,562.3526662694853,0.0,0.0,360.3253646121475,360.3253646121475,0.0,10293.882600357463,10800.0,351.8065782116156,0.0,351.8065782116156
2025-01-21,77,2025-01-21 12:50:00,2025-01-21 12:40:00,1082.0754,1109.9187333333332,2025-01-21T12:50:00,2025-01-21 00:00:00,0.5682,1069.5773232155416,1010.2652333333334,892.6454232155414,833.3333333333333,0.0,9450.0,10200.0,0.0,1.0,0.0,0.0,0.0,920.4887565488746,892.6454232155414,27.843333333333135,10800.0,10800.0,507.20112947107066,0.0,507.20112947107066
2025-01-21,78,2025-01-21 13:00:00,2025-01-21 12:50:00,1093.26,1091.6187499999999,2025-01-21T13:00:00,2025-01-21 00:00:00,0.8279,1096.6585635866545,995.8625000000001,100.79606358665444,0.0,0.0,10200.0,10200.0,0.0,0.0,0.0,0.0,0.0,99.15481358665443,99.15481358665443,0.0,10800.0,10800.0,83.44906104339121,0.0,83.44906104339121
2025-01-21,79,2025-01-21 13:10:00,2025-01-21 13:00:00,1102.4355,1054.1222666666665,2025-01-21T13:10:00,2025-01-21 00:00:00,0.8636,1099.7077560436387,975.5680000000001,124.13975604363861,0.0,0.0,10200.0,10200.0,0.0,0.0,0.0,0.0,0.0,75.8265227103052,75.8265227103052,0.0,10800.0,10800.0,107.20709331928632,0.0,107.20709331928632
2025-01-21,80,2025-01-21 13:20:00,2025-01-21 13:10:00,1105.6931,1005.2541833333333,2025-01-21T13:20:00,2025-01-21 00:00:00,0.8416,1094.5347554694488,966.7533166666667,127.78143880278208,0.0,0.0,10200.0,10200.0,0.0,0.0,0.0,0.0,0.0,27.34252213611535,27.34252213611535,0.0,10800.0,10800.0,107.5408588964214,0.0,107.5408588964214
2025-01-21,81,2025-01-21 13:30:00,2025-01-21 13:20:00,1090.355,972.9625,2025-01-21T13:30:00,2025-01-21 00:00:00,0.8618,1092.9302392398947,958.75,134.18023923989472,0.0,0.0,10200.0,10200.0,0.0,0.0,0.0,0.0,0.0,16.787739239894563,16.787739239894563,0.0,10800.0,10800.0,115.63653017694126,0.0,115.63653017694126
2025-01-21,82,2025-01-21 13:40:00,2025-01-21 13:30:00,1053.0855666666666,976.3797666666666,2025-01-21T13:40:00,2025-01-21 00:00:00,0.8623,1096.3825070681216,921.0309166666666,175.35159040145504,0.0,0.0,10200.0,10200.0,0.0,0.0,0.0,0.0,0.0,98.64579040145509,98.64579040145509,0.0,10800.0,10800.0,151.20567640317466,0.0,151.20567640317466
2025-01-21,83,2025-01-21 13:50:00,2025-01-21 13:40:00,1059.2457333333334,962.49465,2025-01-21T13:50:00,2025-01-21 00:00:00,0.9026,1115.7515898619315,870.7207333333334,245.03085652859806,0.0,0.0,10200.0,10200.0,0.0,0.0,0.0,0.0,0.0,148.27977319526462,148.27977319526462,0.0,10800.0,10800.0,221.1648511027126,0.0,221.1648511027126
2025-01-21,84,2025-01-21 14:00:00,2025-01-21 13:50:00,1101.1016666666667,917.4125,2025-01-21T14:00:00,2025-01-21 00:00:00,0.9754,1125.9375034215284,820.9562500000001,0.0,0.0,304.9812534215283,10200.0,9861.131940642746,0.0,0.0,0.0,183.68916666666667,0.0,0.0,0.0,0.0,10800.0,10595.900925925926,0.0,0.0,0.0
2025-01-21,85,2025-01-21 14:10:00,2025-01-21 14:00:00,1106.1867333333332,870.8613166666668,2025-01-21T14:10:00,2025-01-21 00:00:00,1.0002,1091.943981102674,770.2869000000001,0.0,0.0,321.6570811026738,9861.131940642746,9503.735183861998,0.0,0.0,0.0,235.32541666666646,0.0,0.0,0.0,0.0,10595.900925925926,10334.42824074074,0.0,0.0,0.0
2025-01-21,86,2025-01-21 14:20:00,2025-01-21 14:10:00,1102.6892,800.4657666666667,2025-01-21T14:20:00,2025-01-21 00:00:00,0.9978,1088.6409436047445,723.9499000000001,0.0,0.0,364.69104360474444,9503.735183861998,9098.52291319006,0.0,0.0,0.0,302.22343333333333,0.0,0.0,0.0,0.0,10334.42824074074,9998.624425925926,0.0,0.0,0.0
2025-01-21,87,2025-01-21 14:30:00,2025-01-21 14:20:00,1102.2366666666667,725.9250000000001,2025-01-21T14:30:00,2025-01-21 00:00:00,1.0271,1120.170148456619,689.7125,0.0,0.0,430.45764845661904,9098.52291319006,8620.23663712715,0.0,0.0,0.0,376.3116666666666,0.0,0.0,0.0,0.0,9998.624425925926,9580.500351851852,0.0,0.0,0.0
2025-01-21,88,2025-01-21 14:40:00,2025-01-21 14:30:00,1084.1248666666668,698.4458500000001,2025-01-21T14:40:00,2025-01-21 00:00:00,1.0906,1113.5919556725773,668.8171333333333,0.0,0.0,444.774822339244,8620.23663712715,8126.042390083545,0.0,0.0,0.0,385.6790166666667,0.0,0.0,0.0,0.0,9580.500351851852,9151.968111111111,0.0,0.0,0.0
2025-01-21,89,2025-01-21 14:50:00,2025-01-21 14:40:00,1068.3042666666668,674.1968666666667,2025-01-21T14:50:00,2025-01-21 00:00:00,0.9376,1082.1905608312834,635.0513666666667,0.0,0.0,447.1391941646167,8126.042390083545,7629.221063233971,0.0,0.0,0.0,394.1074000000001,0.0,0.0,0.0,0.0,9151.968111111111,8714.071,0.0,0.0,0.0
2025-01-21,90,2025-01-21 15:00:00,2025-01-21 14:50:00,1065.18,627.0500000000001,2025-01-21T15:00:00,2025-01-21 00:00:00,0.6694,1063.7215373849008,586.3312500000001,1310.723620718234,833.3333333333333,0.0,7629.221063233971,8379.22106323397,0.0,1.0,833.3333333333334,0.0,0.0,39.260287384900835,39.260287384900835,0.0,8714.071,9464.071,877.3983917087859,0.0,877.3983917087859
2025-01-21,91,2025-01-21 15:10:00,2025-01-21 15:00:00,1068.2598666666665,569.6959499999999,2025-01-21T15:10:00,2025-01-21 00:00:00,0.66,1078.8867923982705,543.7303,1368.4898257316036,833.3333333333333,0.0,8379.22106323397,9129.22106323397,0.0,1.0,833.3333333333334,0.0,0.0,36.59257573160346,36.59257573160346,0.0,9464.071,10214.071,903.2032849828583,0.0,903.2032849828583
2025-01-21,92,2025-01-21 15:20:00,2025-01-21 15:10:00,1083.23185,502.22496666666666,2025-01-21T15:20:00,2025-01-21 00:00:00,0.7217,1075.7297413663973,497.73575,1411.3273246997305,833.3333333333333,0.0,9129.22106323397,9879.22106323397,0.0,1.0,651.0322222222223,0.0,0.0,179.28821914417495,179.28821914417495,0.0,10214.071,10800.0,1018.5549302357955,0.0,1018.5549302357955
2025-01-21,93,2025-01-21 15:30:00,2025-01-21 15:20:00,1097.5683333333334,430.80625000000003,2025-01-21T15:30:00,2025-01-21 00:00:00,0.7308,1049.6930371409908,448.64375,1434.382620474324,833.3333333333333,0.0,9879.22106323397,10629.22106323397,0.0,1.0,0.0,0.0,0.0,767.6205371409908,767.6205371409908,0.0,10800.0,10800.0,1048.2468190426362,0.0,1048.2468190426362
2025-01-21,94,2025-01-21 15:40:00,2025-01-21 15:30:00,1085.3857833333334,369.2254666666667,2025-01-21T15:40:00,2025-01-21 00:00:00,0.7534,1045.2279835693062,408.5393166666667,826.443041087117,189.75437418447754,0.0,10629.22106323397,10800.0,0.0,0.9999999999999951,0.0,0.0,0.0,110.28272442045022,110.28272442045022,0.0,10800.0,10800.0,622.6421871550339,0.0,622.6421871550339
2025-01-21,95,2025-01-21 15:50:00,2025-01-21 15:40:00,1053.6657166666666,322.54995,2025-01-21T15:50:00,2025-01-21 00:00:00,0.7823,1042.0379905114237,365.92366666666663,676.1143238447571,0.0,0.0,10800.0,10800.0,0.0,0.0,0.0,55.00144282190945,0.0,0.0,0.0,0.0,10800.0,10738.887285753433,528.9242355437535,0.0,528.9242355437535
2025-01-21,96,2025-01-21 16:00:00,2025-01-21 15:50:00,1026.015,284.03749999999997,2025-01-21T16:00:00,2025-01-21 00:00:00,0.8055,1038.2562513831278,313.34375,724.9125013831278,0.0,0.0,10800.0,10800.0,0.0,0.0,0.0,17.064998616872344,0.0,0.0,0.0,0.0,10738.887285753433,10719.926176179131,583.9170198641094,0.0,583.9170198641094
2025-01-21,97,2025-01-21 16:10:00,2025-01-21 16:00:00,1026.82835,241.13928333333334,2025-01-21T16:10:00,2025-01-21 00:00:00,0.8271,1054.8641455563472,255.58538333333334,799.2787622230139,0.0,0.0,10800.0,10800.0,0.0,-0.0,13.589695556347351,0.0,0.0,0.0,0.0,0.0,10719.926176179131,10732.156902179844,661.0834642346548,0.0,661.0834642346548
2025-01-21,98,2025-01-21 16:20:00,2025-01-21 16:10:00,1050.2959,196.05728333333332,2025-01-21T16:20:00,2025-01-21 00:00:00,0.8519,1063.9122696869586,205.2141,858.6981696869585,0.0,0.0,10800.0,10800.0,0.0,0.0,4.459553020291878,0.0,0.0,0.0,0.0,0.0,10732.156902179844,10736.170499898108,731.5249707563199,0.0,731.5249707563199
2025-01-21,99,2025-01-21 16:30:00,2025-01-21 16:20:00,1067.8466666666666,152.13125,2025-01-21T16:30:00,2025-01-21 00:00:00,0.8791,1048.1786383985077,162.36875,885.8098883985077,0.0,0.0,10800.0,10800.0,0.0,0.0,0.0,29.905528268158832,0.0,0.0,0.0,0.0,10736.170499898108,10702.942135155708,778.7154728911281,0.0,778.7154728911281
2025-01-21,100,2025-01-21 16:40:00,2025-01-21 16:30:00,1051.1191833333335,109.42035,2025-01-21T16:40:00,2025-01-21 00:00:00,0.9024,1020.1335062044328,115.89486666666666,904.2386395377662,-0.0,0.0,10800.0,10800.0,0.0,0.0,0.0,37.46019379556731,0.0,0.0,0.0,0.0,10702.942135155708,10661.319697605079,815.9849483188801,0.0,815.9849483188801
2025-01-21,101,2025-01-21 16:50:00,2025-01-21 16:40:00,1031.7794833333335,65.84911666666666,2025-01-21T16:50:00,2025-01-21 00:00:00,0.9163,1015.865101500998,66.77845,949.086651500998,0.0,0.0,10800.0,10800.0,0.0,0.0,0.0,16.84371516566887,0.0,0.0,0.0,0.0,10661.319697605079,10642.604458532112,869.6480987703644,0.0,869.6480987703644
2025-01-21,102,2025-01-21 17:00:00,2025-01-21 16:50:00,1027.2983333333334,27.25,2025-01-21T17:00:00,2025-01-21 00:00:00,0.9264,1037.140807197917,25.39375,1011.747057197917,0.0,0.0,10800.0,10800.0,0.0,0.0,11.698723864583599,0.0,0.0,0.0,0.0,0.0,10642.604458532112,10653.133310010238,937.2824737881504,0.0,937.2824737881504
2025-01-21,103,2025-01-21 17:10:00,2025-01-21 17:00:00,1027.0610666666666,4.9521500000000005,2025-01-21T17:10:00,2025-01-21 00:00:00,0.9462,1050.0859663166589,4.1436166666666665,1045.9423496499921,0.0,0.0,10800.0,10800.0,0.0,0.0,23.833432983325565,0.0,0.0,0.0,0.0,0.0,10653.133310010238,10674.583399695231,989.6706512388226,0.0,989.6706512388226
2025-01-21,104,2025-01-21 17:20:00,2025-01-21 17:10:00,1026.2390833333334,0.0,2025-01-21T17:20:00,2025-01-21 00:00:00,0.9742,1039.8299322920334,0.0,1039.8299322920334,0.0,0.0,10800.0,10800.0,0.0,0.0,13.590848958700008,0.0,0.0,0.0,0.0,0.0,10674.583399695231,10686.815163758061,1013.0023200388989,0.0,1013.0023200388989
2025-01-21,105,2025-01-21 17:30:00,2025-01-21 17:20:00,1036.6683333333333,0.0,2025-01-21T17:30:00,2025-01-21 00:00:00,0.9862,1035.3110476513868,0.0,1035.3110476513868,0.0,0.0,10800.0,10800.0,0.0,0.0,0.0,1.3572856819464505,0.0,0.0,0.0,0.0,10686.815163758061,10685.307068555898,1021.0237551937977,0.0,1021.0237551937977
2025-01-21,106,2025-01-21 17:40:00,2025-01-21 17:30:00,1051.7018333333333,0.2830833333333333,2025-01-21T17:40:00,2025-01-21 00:00:00,0.976,1055.485874436791,0.22996666666666665,1055.2559077701242,0.0,0.0,10800.0,10800.0,0.0,0.0,3.837157770124122,0.0,0.0,0.0,0.0,0.0,10685.307068555898,10688.76051054901,1029.9297659836411,0.0,1029.9297659836411
2025-01-21,107,2025-01-21 17:50:00,2025-01-21 17:40:00,940.8711833333333,0.0,2025-01-21T17:50:00,2025-01-21 00:00:00,1.0742,936.6679812648423,0.0,936.6679812648423,0.0,0.0,10800.0,10800.0,0.0,0.0,0.0,4.203202068491009,0.0,0.0,0.0,0.0,10688.76051054901,10684.090286028464,1006.1687454746937,0.0,1006.1687454746937
2025-01-21,108,2025-01-21 18:00:00,2025-01-21 17:50:00,763.0633333333334,0.0,2025-01-21T18:00:00,2025-01-21 00:00:00,1.2313,736.6008056789426,0.0,736.6008056789426,0.0,0.0,10800.0,10800.0,0.0,0.0,0.0,26.462527654390783,0.0,0.0,0.0,0.0,10684.090286028464,10654.687477523585,906.9765720324821,0.0,906.9765720324821
2025-01-21,109,2025-01-21 18:10:00,2025-01-21 18:00:00,720.1234833333333,0.020316666666666667,2025-01-21T18:10:00,2025-01-21 00:00:00,1.2561,697.4031379700328,0.016516666666666666,697.3866213033662,0.0,-0.0,10800.0,10800.0,0.0,0.0,0.0,22.716545363300497,0.0,0.0,0.0,0.0,10654.687477523585,10629.446871564362,875.9873350191582,0.0,875.9873350191582
2025-01-21,110,2025-01-21 18:20:00,2025-01-21 18:10:00,709.9260333333333,0.0,2025-01-21T18:20:00,2025-01-21 00:00:00,1.2447,732.2300051178847,0.0,732.2300051178847,0.0,0.0,10800.0,10800.0,0.0,0.0,22.303971784551436,0.0,0.0,0.0,0.0,0.0,10629.446871564362,10649.520446170458,911.4066873702311,0.0,911.4066873702311
2025-01-21,111,2025-01-21 18:30:00,2025-01-21 18:20:00,690.565,0.0,2025-01-21T18:30:00,2025-01-21 00:00:00,1.2545,750.8493595702662,0.0,750.8493595702662,0.0,0.0,10800.0,10800.0,0.0,0.0,60.28435957026613,0.0,0.0,0.0,0.0,0.0,10649.520446170458,10703.776369783698,941.9405215808989,0.0,941.9405215808989
2025-01-21,112,2025-01-21 18:40:00,2025-01-21 18:30:00,722.3166500000001,0.0014666666666666667,2025-01-21T18:40:00,2025-01-21 00:00:00,1.2522,749.5304393206922,0.0011833333333333333,749.5292559873589,0.0,0.0,10800.0,10800.0,0.0,0.0,27.214072654025472,0.0,0.0,0.0,0.0,0.0,10703.776369783698,10728.269035172321,938.5605343473708,0.0,938.5605343473708
2025-01-21,113,2025-01-21 18:50:00,2025-01-21 18:40:00,724.61985,0.0,2025-01-21T18:50:00,2025-01-21 00:00:00,1.2881,743.075113231157,0.0,298.98746746048766,0.0,444.0876457706694,10800.0,10306.569282477034,0.0,0.0,0.0,425.6323825395124,0.0,0.0,0.0,0.0,10728.269035172321,10255.344165683975,385.1257568358542,0.0,385.1257568358542
2025-01-21,114,2025-01-21 19:00:00,2025-01-21 18:50:00,693.3533333333334,0.0,2025-01-21T19:00:00,2025-01-21 00:00:00,1.3466,743.2225701719374,0.0,0.0,0.0,743.2225701719374,10306.569282477034,9480.766426730437,0.0,0.0,0.0,693.3533333333334,0.0,0.0,0.0,0.0,10255.344165683975,9484.951573091383,0.0,0.0,0.0
2025-01-21,115,2025-01-21 19:10:00,2025-01-21 19:00:00,707.1670833333333,0.0,2025-01-21T19:10:00,2025-01-21 00:00:00,1.3523,749.2879081780935,0.0,0.0,0.0,749.2879081780935,9480.766426730437,8648.224306532555,0.0,0.0,0.0,707.1670833333333,0.0,0.0,0.0,0.0,9484.951573091383,8699.21036938768,0.0,0.0,0.0
2025-01-21,116,2025-01-21 19:20:00,2025-01-21 19:10:00,725.1707166666666,0.0,2025-01-21T19:20:00,2025-01-21 00:00:00,1.3445,739.7713507375112,0.0,0.0,0.0,739.7713507375112,8648.224306532555,7826.256139046432,0.0,0.0,0.0,725.1707166666666,0.0,0.0,0.0,0.0,8699.21036938768,7893.465128646939,0.0,0.0,0.0
2025-01-21,117,2025-01-21 19:30:00,2025-01-21 19:20:00,722.3216666666667,0.0,2025-01-21T19:30:00,2025-01-21 00:00:00,1.3483,726.5801971794965,0.0,0.0,0.0,726.5801971794965,7826.256139046432,7018.944808846991,0.0,0.0,0.0,722.3216666666667,0.0,0.0,0.0,0.0,7893.465128646939,7090.8854990173095,0.0,0.0,0.0
2025-01-21,118,2025-01-21 19:40:00,2025-01-21 19:30:00,718.5804499999999,0.0,2025-01-21T19:40:00,2025-01-21 00:00:00,1.349,741.7873264416568,0.0,0.0,0.0,741.7873264416568,7018.944808846991,6194.736668356261,0.0,0.0,0.0,718.5804499999999,0.0,0.0,0.0,0.0,7090.8854990173095,6292.462776795088,0.0,0.0,0.0
2025-01-21,119,2025-01-21 19:50:00,2025-01-21 19:40:00,724.9895666666666,0.0,2025-01-21T19:50:00,2025-01-21 00:00:00,1.3473,746.2273941987733,0.0,0.0,0.0,746.2273941987733,6194.736668356261,5365.595119246514,0.0,0.0,0.0,724.9895666666666,0.0,0.0,0.0,0.0,6292.462776795088,5486.918813832125,0.0,0.0,0.0
2025-01-21,120,2025-01-21 20:00:00,2025-01-21 19:50:00,726.5500000000001,0.0,2025-01-21T20:00:00,2025-01-21 00:00:00,1.3482,733.5553773354142,0.0,0.0,0.0,733.5553773354142,5365.595119246514,4550.533588873831,0.0,0.0,0.0,726.5500000000001,0.0,0.0,0.0,0.0,5486.918813832125,4679.641036054347,0.0,0.0,0.0
2025-01-21,121,2025-01-21 20:10:00,2025-01-21 20:00:00,702.7431666666666,0.0,2025-01-21T20:10:00,2025-01-21 00:00:00,1.3513,738.0573988116513,0.0,0.0,0.0,738.0573988116513,4550.533588873831,3730.4698124164406,0.0,0.0,0.0,702.7431666666666,0.0,0.0,0.0,0.0,4679.641036054347,3898.815295313606,0.0,0.0,0.0
2025-01-21,122,2025-01-21 20:20:00,2025-01-21 20:10:00,701.4849166666667,0.0,2025-01-21T20:20:00,2025-01-21 00:00:00,1.34,752.5252950587933,0.0,0.0,0.0,752.5252950587933,3730.4698124164406,2894.330595684448,0.0,0.0,0.0,701.4849166666667,0.0,0.0,0.0,0.0,3898.815295313606,3119.387610128421,0.0,0.0,0.0
2025-01-21,123,2025-01-21 20:30:00,2025-01-21 20:20:00,727.2950000000001,0.0,2025-01-21T20:30:00,2025-01-21 00:00:00,1.3489,763.2334063418334,0.0,0.0,0.0,763.2334063418334,2894.330595684448,2046.2934775268552,0.0,0.0,0.0,727.2950000000001,0.0,0.0,0.0,0.0,3119.387610128421,2311.2820545728655,0.0,0.0,0.0
2025-01-21,124,2025-01-21 20:40:00,2025-01-21 20:30:00,736.7568666666666,0.0,2025-01-21T20:40:00,2025-01-21 00:00:00,1.3952,761.6641297741696,0.0,0.0,0.0,761.6641297741696,2046.2934775268552,1200.0,0.0,0.0,0.0,736.7568666666666,0.0,0.0,0.0,0.0,2311.2820545728655,1492.663313832125,0.0,0.0,0.0
2025-01-21,125,2025-01-21 20:50:00,2025-01-21 20:40:00,737.5447166666667,0.0,2025-01-21T20:50:00,2025-01-21 00:00:00,1.2226,743.3656530382964,0.0,743.3656530382964,0.0,0.0,1200.0,1200.0,0.0,0.0,5.8209363716297275,0.0,0.0,0.0,0.0,0.0,1492.663313832125,1497.9021565665917,908.8388474046211,0.0,908.8388474046211
2025-01-21,126,2025-01-21 21:00:00,2025-01-21 20:50:00,746.0766666666667,0.0,2025-01-21T21:00:00,2025-01-21 00:00:00,0.9332,725.3887333687272,0.0,725.3887333687272,0.0,0.0,1200.0,1200.0,0.0,0.0,0.0,20.68793329793948,0.0,0.0,0.0,0.0,1497.9021565665917,1474.9155640133256,676.9327659796962,0.0,676.9327659796962
2025-01-21,127,2025-01-21 21:10:00,2025-01-21 21:00:00,762.9402666666666,0.0,2025-01-21T21:10:00,2025-01-21 00:00:00,0.9068,732.6959661011921,0.0,732.6959661011921,0.0,0.0,1200.0,1200.0,0.0,0.0,0.0,30.244300565474532,0.0,0.0,0.0,0.0,1474.9155640133256,1441.3107856072427,664.408702060561,0.0,664.408702060561
2025-01-21,128,2025-01-21 21:20:00,2025-01-21 21:10:00,747.7406,0.0,2025-01-21T21:20:00,2025-01-21 00:00:00,0.9371,741.1379871484803,0.0,741.1379871484803,0.0,0.0,1200.0,1200.0,0.0,0.0,0.0,6.602612851519666,0.0,0.0,0.0,0.0,1441.3107856072427,1433.9745491055542,694.5204077568409,0.0,694.5204077568409
2025-01-21,129,2025-01-21 21:30:00,2025-01-21 21:20:00,730.7466666666666,0.0,2025-01-21T21:30:00,2025-01-21 00:00:00,0.9371,745.4426994526003,0.0,745.4426994526003,0.0,0.0,1200.0,1200.0,0.0,0.0,14.696032785933767,0.0,0.0,0.0,0.0,0.0,1433.9745491055542,1447.2009786128945,698.5543536570318,0.0,698.5543536570318
2025-01-21,130,2025-01-21 21:40:00,2025-01-21 21:30:00,766.1499166666667,0.0,2025-01-21T21:40:00,2025-01-21 00:00:00,0.9871,747.7377663304874,0.0,747.7377663304874,0.0,-0.0,1200.0,1200.0,0.0,0.0,0.0,18.412150336179366,0.0,0.0,0.0,0.0,1447.2009786128945,1426.7430337949174,738.0919491448241,0.0,738.0919491448241
2025-01-21,131,2025-01-21 21:50:00,2025-01-21 21:40:00,691.4811833333333,0.0,2025-01-21T21:50:00,2025-01-21 00:00:00,0.7764,661.9310880743596,0.0,661.9310880743596,0.0,-0.0,1200.0,1200.0,0.0,0.0,0.0,29.55009525897367,0.0,0.0,0.0,0.0,1426.7430337949174,1393.90959461828,513.9232967809328,0.0,513.9232967809328
2025-01-21,132,2025-01-21 22:00:00,2025-01-21 21:50:00,541.3149999999999,0.0,2025-01-21T22:00:00,2025-01-21 00:00:00,0.4209,554.8138095067113,0.0,1388.1471428400446,833.3333333333333,0.0,1200.0,1950.0,0.0,1.0,833.3333333333334,0.0,0.0,13.498809506711268,13.498809506711268,0.0,1393.90959461828,2143.9095946182797,584.2711324213748,0.0,584.2711324213748
2025-01-21,133,2025-01-21 22:10:00,2025-01-21 22:00:00,525.76545,0.0,2025-01-21T22:10:00,2025-01-21 00:00:00,0.3859,586.8074702438548,0.0,1420.140803577188,833.3333333333333,0.0,1950.0,2700.0,0.0,1.0,833.3333333333334,0.0,0.0,61.04202024385472,61.04202024385472,0.0,2143.9095946182797,2893.9095946182797,548.032336100437,0.0,548.032336100437
2025-01-21,134,2025-01-21 22:20:00,2025-01-21 22:10:00,553.44885,0.0,2025-01-21T22:20:00,2025-01-21 00:00:00,0.4368,600.473181227386,0.0,600.473181227386,0.0,0.0,2700.0,2700.0,0.0,0.0,47.02433122738603,0.0,0.0,0.0,0.0,0.0,2893.9095946182797,2936.231492722927,262.28668556012224,0.0,262.28668556012224
2025-01-21,135,2025-01-21 22:30:00,2025-01-21 22:20:00,562.5216666666666,0.0,2025-01-21T22:30:00,2025-01-21 00:00:00,0.4198,556.0499374493131,0.0,1389.3832707826464,833.3333333333333,0.0,2700.0,3450.0,0.0,1.0,826.8616041159797,0.0,0.0,0.0,0.0,0.0,2936.231492722927,3680.406936427309,583.2630970745549,0.0,583.2630970745549
2025-01-21,136,2025-01-21 22:40:00,2025-01-21 22:30:00,579.8782166666666,0.0,2025-01-21T22:40:00,2025-01-21 00:00:00,0.4186,573.2871966851313,0.0,1406.6205300184647,833.3333333333333,0.0,3450.0,4200.0,0.0,1.0,826.7423133517981,0.0,0.0,0.0,0.0,0.0,3680.406936427309,4424.475018443927,588.8113538657294,0.0,588.8113538657294
2025-01-21,137,2025-01-21 22:50:00,2025-01-21 22:40:00,560.8851833333333,0.0,2025-01-21T22:50:00,2025-01-21 00:00:00,0.4241,614.8744562303114,0.0,614.8744562303114,0.0,0.0,4200.0,4200.0,0.0,0.0,53.989272896978036,0.0,0.0,0.0,0.0,0.0,4424.475018443927,4473.065364051207,260.768256887275,0.0,260.768256887275
2025-01-21,138,2025-01-21 23:00:00,2025-01-21 22:50:00,538.775,0.0,2025-01-21T23:00:00,2025-01-21 00:00:00,0.4237,628.7705556501543,0.0,1462.1038889834876,833.3333333333333,0.0,4200.0,4950.0,0.0,1.0,833.3333333333334,0.0,0.0,89.9955556501543,89.9955556501543,0.0,4473.065364051207,5223.065364051207,619.4934177623037,0.0,619.4934177623037
2025-01-21,139,2025-01-21 23:10:00,2025-01-21 23:00:00,591.6654333333333,0.0,2025-01-21T23:10:00,2025-01-21 00:00:00,0.4248,606.7341464642943,0.0,606.7341464642943,0.0,0.0,4950.0,4950.0,0.0,0.0,15.068713130960987,0.0,0.0,0.0,0.0,0.0,5223.065364051207,5236.627205869072,257.7406654180322,0.0,257.7406654180322
2025-01-21,140,2025-01-21 23:20:00,2025-01-21 23:10:00,597.3510333333334,0.0,2025-01-21T23:20:00,2025-01-21 00:00:00,0.424,605.69302849312,0.0,605.6930284931138,-6.164631453831593e-12,0.0,4950.0,4949.9999999999945,0.0,-7.397557744597912e-15,8.341995159780481,0.0,0.0,0.0,0.0,0.0,5236.627205869072,5244.135001512875,256.8138440810803,0.0,256.8138440810803
2025-01-21,141,2025-01-21 23:30:00,2025-01-21 23:20:00,561.285,0.0,2025-01-21T23:30:00,2025-01-21 00:00:00,0.422,627.0714592983916,0.0,1460.4047926317248,833.3333333333333,0.0,4949.9999999999945,5699.9999999999945,0.0,1.0,833.3333333333334,0.0,0.0,65.78645929839149,65.78645929839149,0.0,5244.135001512875,5994.135001512875,616.2908224905879,0.0,616.2908224905879
2025-01-21,142,2025-01-21 23:40:00,2025-01-21 23:30:00,607.7586833333334,0.0,2025-01-21T23:40:00,2025-01-21 00:00:00,0.424,620.6709205331423,0.0,1374.065099341213,753.3941788080707,0.0,5699.9999999999945,6378.054760927258,0.0,1.0000000000000082,766.3064160078796,0.0,0.0,0.0,0.0,0.0,5994.135001512875,6683.8107759199665,582.6036021206743,0.0,582.6036021206743
2025-01-21,143,2025-01-21 23:50:00,2025-01-21 23:40:00,627.2609166666667,0.0,2025-01-21T23:50:00,2025-01-21 00:00:00,0.4271,614.0676905563803,0.0,614.0676905563803,0.0,0.0,6378.054760927258,6378.054760927258,0.0,0.0,0.0,13.193226110286446,0.0,0.0,0.0,0.0,6683.8107759199665,6669.151635797426,262.26831063663,0.0,262.26831063663
2025-01-21,144,2025-01-22 00:00:00,2025-01-21 23:50:00,587.8000000000001,0.0,2025-01-22T00:00:00,2025-01-21 00:00:00,0.4276,615.4158930080933,0.0,615.4158930080933,0.0,0.0,6378.054760927258,6378.054760927258,0.0,0.0,27.61589300809328,0.0,0.0,0.0,0.0,0.0,6669.151635797426,6694.00593950471,263.1518358502607,0.0,263.1518358502607
2025-01-22,1,2025-01-22 00:10:00,2025-01-22 00:00:00,574.18485,0.0,2025-01-22T00:10:00,2025-01-22 00:00:00,0.4248,603.3327383211246,0.0,1436.666071654458,833.3333333333333,0.0,6694.00593950471,7444.00593950471,0.0,1.0,833.3333333333334,0.0,0.0,29.147888321124583,29.147888321124583,0.0,6694.00593950471,7444.00593950471,610.2957472388138,0.0,610.2957472388138
2025-01-22,2,2025-01-22 00:20:00,2025-01-22 00:10:00,586.2798333333334,0.0,2025-01-22T00:20:00,2025-01-22 00:00:00,0.4245,616.9506279421614,0.0,1450.2839612754947,833.3333333333333,0.0,7444.00593950471,8194.00593950471,0.0,1.0,833.3333333333334,0.0,0.0,30.67079460882792,30.67079460882792,0.0,7444.00593950471,8194.00593950471,615.6455415614474,0.0,615.6455415614474
2025-01-22,3,2025-01-22 00:30:00,2025-01-22 00:20:00,591.9283333333334,0.0,2025-01-22T00:30:00,2025-01-22 00:00:00,0.4269,637.6204723001383,0.0,1470.9538056334716,833.3333333333333,0.0,8194.00593950471,8944.00593950471,0.0,1.0,833.3333333333334,0.0,0.0,45.692138966804805,45.692138966804805,0.0,8194.00593950471,8944.00593950471,627.950179624929,0.0,627.950179624929
2025-01-22,4,2025-01-22 00:40:00,2025-01-22 00:30:00,573.0724166666666,0.0,2025-01-22T00:40:00,2025-01-22 00:00:00,0.4272,615.0781768960392,0.0,1010.6271330019168,395.54895610587766,0.0,8944.00593950471,9300.0,0.0,0.9999999999999998,437.5547163352502,0.0,0.0,0.0,0.0,0.0,8944.00593950471,9337.805184206436,431.7399112184189,0.0,431.7399112184189
2025-01-22,5,2025-01-22 00:50:00,2025-01-22 00:40:00,600.2665666666667,0.0,2025-01-22T00:50:00,2025-01-22 00:00:00,0.4271,602.3891723486294,0.0,1435.7225056819625,833.3333333333333,0.0,9300.0,10050.0,0.0,1.0,833.3333333333334,0.0,0.0,2.1226056819624546,2.1226056819624546,0.0,9337.805184206436,10087.805184206436,613.1970821767661,0.0,613.1970821767661
2025-01-22,6,2025-01-22 01:00:00,2025-01-22 00:50:00,655.79,0.0,2025-01-22T01:00:00,2025-01-22 00:00:00,0.4285,620.5551375390052,0.0,620.5551375390052,0.0,0.0,10050.0,10050.0,0.0,0.0,0.0,35.234862460994805,0.0,0.0,0.0,0.0,10087.805184206436,10048.655337027552,265.9078764354637,0.0,265.9078764354637
2025-01-22,7,2025-01-22 01:10:00,2025-01-22 01:00:00,649.0018333333334,0.0,2025-01-22T01:10:00,2025-01-22 00:00:00,0.4311,638.0437367180273,0.0,638.0437367180273,0.0,0.0,10050.0,10050.0,0.0,0.0,0.0,10.95809661530609,0.0,0.0,0.0,0.0,10048.655337027552,10036.479674121656,275.0606548991415,0.0,275.0606548991415
2025-01-22,8,2025-01-22 01:20:00,2025-01-22 01:10:00,636.5256833333334,0.0,2025-01-22T01:20:00,2025-01-22 00:00:00,0.4302,647.3971723516134,0.0,647.3971723516134,0.0,0.0,10050.0,10050.0,0.0,0.0,10.871489018280045,0.0,0.0,0.0,0.0,0.0,10036.479674121656,10046.264014238108,278.51026354566415,0.0,278.51026354566415
2025-01-22,9,2025-01-22 01:30:00,2025-01-22 01:20:00,640.7666666666667,0.0,2025-01-22T01:30:00,2025-01-22 00:00:00,0.4279,646.2647103828264,0.0,646.2647103828264,0.0,0.0,10050.0,10050.0,0.0,0.0,5.498043716159714,0.0,0.0,0.0,0.0,0.0,10046.264014238108,10051.212253582651,276.5366695728114,0.0,276.5366695728114
2025-01-22,10,2025-01-22 01:40:00,2025-01-22 01:30:00,628.515,0.0,2025-01-22T01:40:00,2025-01-22 00:00:00,0.4312,636.3216679557308,0.0,636.3216679557308,0.0,0.0,10050.0,10050.0,0.0,0.0,7.806667955730859,0.0,0.0,0.0,0.0,0.0,10051.212253582651,10058.23825474281,274.38190322251114,0.0,274.38190322251114
2025-01-22,11,2025-01-22 01:50:00,2025-01-22 01:40:00,630.77035,0.0,2025-01-22T01:50:00,2025-01-22 00:00:00,0.4333,640.2720210408266,0.0,640.2720210408266,0.0,0.0,10050.0,10050.0,0.0,0.0,9.501671040826636,0.0,0.0,0.0,0.0,0.0,10058.23825474281,10066.789758679553,277.4298667169902,0.0,277.4298667169902
2025-01-22,12,2025-01-22 02:00:00,2025-01-22 01:50:00,642.42,0.0,2025-01-22T02:00:00,2025-01-22 00:00:00,0.4311,656.6019704661031,0.0,656.6019704661031,0.0,0.0,10050.0,10050.0,0.0,0.0,14.181970466103166,0.0,0.0,0.0,0.0,0.0,10066.789758679553,10079.553532099046,283.06110946793706,0.0,283.06110946793706
2025-01-22,13,2025-01-22 02:10:00,2025-01-22 02:00:00,627.6588166666667,0.0,2025-01-22T02:10:00,2025-01-22 00:00:00,0.4293,659.8460161058108,0.0,659.8460161058108,0.0,0.0,10050.0,10050.0,0.0,0.0,32.18719943914414,0.0,0.0,0.0,0.0,0.0,10079.553532099046,10108.522011594276,283.2718947142246,0.0,283.2718947142246
2025-01-22,14,2025-01-22 02:20:00,2025-01-22 02:10:00,636.3426333333333,0.0,2025-01-22T02:20:00,2025-01-22 00:00:00,0.4324,647.3930770556051,0.0,647.3930770556051,0.0,0.0,10050.0,10050.0,0.0,0.0,11.05044372227178,0.0,0.0,0.0,0.0,0.0,10108.522011594276,10118.46741094432,279.93276651884366,0.0,279.93276651884366
2025-01-22,15,2025-01-22 02:30:00,2025-01-22 02:20:00,662.8716666666667,0.0,2025-01-22T02:30:00,2025-01-22 00:00:00,0.4367,638.4348066906782,0.0,638.4348066906782,0.0,0.0,10050.0,10050.0,0.0,0.0,0.0,24.436859975988455,0.0,0.0,0.0,0.0,10118.46741094432,10091.315344304334,278.8044800818192,0.0,278.8044800818192
2025-01-22,16,2025-01-22 02:40:00,2025-01-22 02:30:00,650.8473166666666,0.0,2025-01-22T02:40:00,2025-01-22 00:00:00,0.4348,652.6137686265821,0.0,652.6137686265821,0.0,0.0,10050.0,10050.0,0.0,2.3389920250646453e-16,1.7664519599154573,0.0,0.0,0.0,0.0,0.0,10091.315344304334,10092.905151068258,283.7564665988379,0.0,283.7564665988379
2025-01-22,17,2025-01-22 02:50:00,2025-01-22 02:40:00,647.6905666666667,0.0,2025-01-22T02:50:00,2025-01-22 00:00:00,0.4335,651.0171091599553,0.0,651.0171091599553,0.0,0.0,10050.0,10050.0,0.0,0.0,3.3265424932886845,0.0,0.0,0.0,0.0,0.0,10092.905151068258,10095.899039312219,282.2159168208406,0.0,282.2159168208406
2025-01-22,18,2025-01-22 03:00:00,2025-01-22 02:50:00,663.9966666666667,0.0,2025-01-22T03:00:00,2025-01-22 00:00:00,0.4357,641.3761109180346,0.0,641.3761109180346,0.0,0.0,10050.0,10050.0,0.0,0.0,0.0,22.620555748632114,0.0,0.0,0.0,0.0,10095.899039312219,10070.765088480404,279.44757152698764,0.0,279.44757152698764
2025-01-22,19,2025-01-22 03:10:00,2025-01-22 03:00:00,664.1129999999999,0.0,2025-01-22T03:10:00,2025-01-22 00:00:00,0.4374,671.635474429367,0.0,671.635474429367,0.0,0.0,10050.0,10050.0,0.0,0.0,7.522474429367094,0.0,0.0,0.0,0.0,0.0,10070.765088480404,10077.535315466836,293.77335651540517,0.0,293.77335651540517
2025-01-22,20,2025-01-22 03:20:00,2025-01-22 03:10:00,679.3531166666667,0.0,2025-01-22T03:20:00,2025-01-22 00:00:00,0.4371,705.7246423918705,0.0,705.7246423918705,0.0,0.0,10050.0,10050.0,0.0,0.0,26.37152572520381,0.0,0.0,0.0,0.0,0.0,10077.535315466836,10101.269688619519,308.47224118948657,0.0,308.47224118948657
2025-01-22,21,2025-01-22 03:30:00,2025-01-22 03:20:00,700.0100000000001,0.0,2025-01-22T03:30:00,2025-01-22 00:00:00,0.4356,707.6349647880759,0.0,707.6349647880759,0.0,0.0,10050.0,10050.0,0.0,0.0,7.624964788075772,0.0,0.0,0.0,0.0,0.0,10101.269688619519,10108.132156928787,308.2457906616858,0.0,308.2457906616858
2025-01-22,22,2025-01-22 03:40:00,2025-01-22 03:30:00,682.9182833333333,0.0,2025-01-22T03:40:00,2025-01-22 00:00:00,0.4353,679.0372560601784,0.0,679.0372560601784,0.0,0.0,10050.0,10050.0,0.0,0.0,0.0,3.8810272731549276,0.0,0.0,0.0,0.0,10108.132156928787,10103.819904403059,295.58491756299566,0.0,295.58491756299566
2025-01-22,23,2025-01-22 03:50:00,2025-01-22 03:40:00,681.7737166666667,0.0,2025-01-22T03:50:00,2025-01-22 00:00:00,0.436,681.8134340137398,0.0,681.8134340137398,0.0,0.0,10050.0,10050.0,0.0,0.0,0.03971734707306496,0.0,0.0,0.0,0.0,0.0,10103.819904403059,10103.855650015425,297.27065722999055,0.0,297.27065722999055
2025-01-22,24,2025-01-22 04:00:00,2025-01-22 03:50:00,703.4549999999999,0.0,2025-01-22T04:00:00,2025-01-22 00:00:00,0.4378,712.0717030808422,0.0,712.0717030808422,0.0,0.0,10050.0,10050.0,0.0,0.0,8.616703080842285,0.0,0.0,0.0,0.0,0.0,10103.855650015425,10111.610682788183,311.74499160879276,0.0,311.74499160879276
2025-01-22,25,2025-01-22 04:10:00,2025-01-22 04:00:00,702.4732666666667,0.0,2025-01-22T04:10:00,2025-01-22 00:00:00,0.4401,708.0029958230574,0.0,708.0029958230574,0.0,0.0,10050.0,10050.0,0.0,0.0,5.529729156390658,0.0,0.0,0.0,0.0,0.0,10111.610682788183,10116.587439028935,311.5921184617276,0.0,311.5921184617276
2025-01-22,26,2025-01-22 04:20:00,2025-01-22 04:10:00,708.5874,0.0,2025-01-22T04:20:00,2025-01-22 00:00:00,0.4389,696.9944509885297,0.0,696.9944509885297,0.0,0.0,10050.0,10050.0,0.0,0.0,0.0,11.592949011470296,0.0,0.0,0.0,0.0,10116.587439028935,10103.706384571746,305.9108645388657,0.0,305.9108645388657
2025-01-22,27,2025-01-22 04:30:00,2025-01-22 04:20:00,726.0799999999999,0.0,2025-01-22T04:30:00,2025-01-22 00:00:00,0.4364,695.8330626048361,0.0,695.8330626048361,0.0,0.0,10050.0,10050.0,0.0,0.0,0.0,30.246937395163854,0.0,0.0,0.0,0.0,10103.706384571746,10070.098676354897,303.66154852075044,0.0,303.66154852075044
2025-01-22,28,2025-01-22 04:40:00,2025-01-22 04:30:00,720.1700000000001,0.0,2025-01-22T04:40:00,2025-01-22 00:00:00,0.4393,693.2458115599266,0.0,693.2458115599266,0.0,0.0,10050.0,10050.0,0.0,0.0,0.0,26.92418844007352,0.0,0.0,0.0,0.0,10070.098676354897,10040.182911421482,304.54288501827574,0.0,304.54288501827574
2025-01-22,29,2025-01-22 04:50:00,2025-01-22 04:40:00,682.4008166666666,0.0,2025-01-22T04:50:00,2025-01-22 00:00:00,0.4422,700.037609552098,0.0,700.037609552098,0.0,0.0,10050.0,10050.0,0.0,0.0,17.63679288543142,0.0,0.0,0.0,0.0,0.0,10040.182911421482,10056.05602501837,309.55663094393776,0.0,309.55663094393776
2025-01-22,30,2025-01-22 05:00:00,2025-01-22 04:50:00,663.1750000000001,0.0,2025-01-22T05:00:00,2025-01-22 00:00:00,0.4395,714.218663790562,0.0,714.218663790562,0.0,0.0,10050.0,10050.0,0.0,0.0,51.043663790561936,0.0,0.0,0.0,0.0,0.0,10056.05602501837,10101.995322429875,313.899102735952,0.0,313.899102735952
2025-01-22,31,2025-01-22 05:10:00,2025-01-22 05:00:00,724.4543166666667,0.0,2025-01-22T05:10:00,2025-01-22 00:00:00,0.4333,722.5777502694232,0.0,722.5777502694232,0.0,0.0,10050.0,10050.0,0.0,0.0,0.0,1.8765663972435505,0.0,0.0,0.0,0.0,10101.995322429875,10099.91024865516,313.0929391917411,0.0,313.0929391917411
2025-01-22,32,2025-01-22 05:20:00,2025-01-22 05:10:00,770.8445666666667,0.0015833333333333333,2025-01-22T05:20:00,2025-01-22 00:00:00,0.4439,739.3182035443939,0.0012833333333333334,739.3169202110605,0.0,0.0,10050.0,10050.0,0.0,0.0,0.0,31.52606312227283,0.0,0.0,0.0,0.0,10099.91024865516,10064.881289630412,328.1827808816898,0.0,328.1827808816898
2025-01-22,33,2025-01-22 05:30:00,2025-01-22 05:20:00,747.5300000000001,0.0,2025-01-22T05:30:00,2025-01-22 00:00:00,0.4301,730.1574377757557,0.0,730.1574377757557,0.0,0.0,10050.0,10050.0,0.0,0.0,0.0,17.372562224244348,0.0,0.0,0.0,0.0,10064.881289630412,10045.578442714585,314.04071398735255,0.0,314.04071398735255
2025-01-22,34,2025-01-22 05:40:00,2025-01-22 05:30:00,701.5329666666667,0.0,2025-01-22T05:40:00,2025-01-22 00:00:00,0.3713,666.862509779012,0.0,1500.1958431123453,833.3333333333333,0.0,10050.0,10800.0,0.0,1.0,798.6628764456786,0.0,0.0,0.0,0.0,0.0,10045.578442714585,10764.375031515696,557.0227165476139,0.0,557.0227165476139
2025-01-22,35,2025-01-22 05:50:00,2025-01-22 05:40:00,757.6382,0.02211666666666667,2025-01-22T05:50:00,2025-01-22 00:00:00,0.5708,753.2438018190654,0.017866666666666666,753.2259351523987,-0.0,0.0,10800.0,10800.0,0.0,-0.0,0.0,4.390148180934602,0.0,0.0,0.0,0.0,10764.375031515696,10759.497089092436,429.94136378498916,0.0,429.94136378498916
2025-01-22,36,2025-01-22 06:00:00,2025-01-22 05:50:00,885.2833333333333,0.0,2025-01-22T06:00:00,2025-01-22 00:00:00,0.9099,925.6262622036111,0.0,798.2693922679853,0.0,127.35686993562575,10800.0,10658.492366738194,0.0,0.0,0.0,87.01394106534804,0.0,0.0,0.0,0.0,10759.497089092436,10662.81493235316,726.3453200246398,0.0,726.3453200246398
2025-01-22,37,2025-01-22 06:10:00,2025-01-22 06:00:00,925.7947166666667,0.0,2025-01-22T06:10:00,2025-01-22 00:00:00,0.9368,910.0907458208301,0.0,76.75741248749682,0.0,833.3333333333333,10658.492366738194,9732.566440812268,0.0,0.0,0.0,833.3333333333334,15.703970845836466,0.0,0.0,0.0,10662.81493235316,9736.889006427235,71.90634401828702,73.55739944189801,145.46374346018501
2025-01-22,38,2025-01-22 06:20:00,2025-01-22 06:10:00,903.4825999999999,0.30798333333333333,2025-01-22T06:20:00,2025-01-22 00:00:00,0.8758,886.4177054777567,0.2488,886.1689054777568,0.0,0.0,9732.566440812268,9732.566440812268,0.0,0.0,0.0,17.0057111889098,0.0,0.0,0.0,0.0,9736.889006427235,9717.99377177289,776.1067274174194,0.0,776.1067274174194
2025-01-22,39,2025-01-22 06:30:00,2025-01-22 06:20:00,886.1233333333333,0.0,2025-01-22T06:30:00,2025-01-22 00:00:00,0.8759,929.5671824269857,0.0,929.5671824269857,0.0,0.0,9732.566440812268,9732.566440812268,0.0,0.0,43.443849093652375,0.0,0.0,0.0,0.0,0.0,9717.99377177289,9757.093235957176,814.2078950877968,0.0,814.2078950877968
2025-01-22,40,2025-01-22 06:40:00,2025-01-22 06:30:00,911.3681666666666,0.0,2025-01-22T06:40:00,2025-01-22 00:00:00,0.8601,926.2578259178229,0.0,926.2578259178229,0.0,0.0,9732.566440812268,9732.566440812268,0.0,0.0,14.889659251156218,0.0,0.0,0.0,0.0,0.0,9757.093235957176,9770.493929283217,796.6743560719194,0.0,796.6743560719194
2025-01-22,41,2025-01-22 06:50:00,2025-01-22 06:40:00,916.3569166666666,5.389633333333333,2025-01-22T06:50:00,2025-01-22 00:00:00,0.8442,896.8888247099518,4.446833333333333,892.4419913766185,0.0,0.0,9732.566440812268,9732.566440812268,0.0,0.0,0.0,18.525291956714796,0.0,0.0,0.0,0.0,9770.493929283217,9749.910271553534,753.3995291201413,0.0,753.3995291201413
2025-01-22,42,2025-01-22 07:00:00,2025-01-22 06:50:00,886.5300000000001,29.7,2025-01-22T07:00:00,2025-01-22 00:00:00,0.8334,882.4956088666778,26.5,855.9956088666778,0.0,0.0,9732.566440812268,9732.566440812268,0.0,0.0,0.0,0.8343911333222422,0.0,0.0,0.0,0.0,9749.910271553534,9748.983170294287,713.3867404294894,0.0,713.3867404294894
2025-01-22,43,2025-01-22 07:10:00,2025-01-22 07:00:00,877.5594500000001,72.22711666666667,2025-01-22T07:10:00,2025-01-22 00:00:00,0.8092,898.5710107191113,67.76038333333334,830.8106273857779,0.0,0.0,9732.566440812268,9732.566440812268,0.0,0.0,25.47829405244454,0.0,0.0,0.0,0.0,0.0,9748.983170294287,9771.913634941486,672.2919596805715,0.0,672.2919596805715
2025-01-22,44,2025-01-22 07:20:00,2025-01-22 07:10:00,927.696,122.24303333333334,2025-01-22T07:20:00,2025-01-22 00:00:00,0.7972,918.8583338913594,113.47770000000001,805.3806338913594,0.0,0.0,9732.566440812268,9732.566440812268,0.0,0.0,0.0,0.07233277530735904,0.0,0.0,0.0,0.0,9771.913634941486,9771.833265191144,642.0494413381917,0.0,642.0494413381917
2025-01-22,45,2025-01-22 07:30:00,2025-01-22 07:20:00,960.415,170.89374999999998,2025-01-22T07:30:00,2025-01-22 00:00:00,0.7644,896.2449397487385,158.1625,738.0824397487385,0.0,0.0,9732.566440812268,9732.566440812268,0.0,0.0,0.0,51.43881025126154,0.0,0.0,0.0,0.0,9771.833265191144,9714.679031578631,564.1902169439356,0.0,564.1902169439356
2025-01-22,46,2025-01-22 07:40:00,2025-01-22 07:30:00,883.4682166666666,216.44985,2025-01-22T07:40:00,2025-01-22 00:00:00,0.6899,835.1903161425333,207.6299,1460.8937494758666,833.3333333333333,0.0,9732.566440812268,10482.566440812268,0.0,1.0,793.8753828091999,0.0,0.0,0.0,0.0,0.0,9714.679031578631,10429.16687610691,1007.8705977634003,0.0,1007.8705977634003
2025-01-22,47,2025-01-22 07:50:00,2025-01-22 07:40:00,963.1933833333333,266.07896666666664,2025-01-22T07:50:00,2025-01-22 00:00:00,0.86,972.0946337718466,258.4823333333333,713.6123004385133,0.0,0.0,10482.566440812268,10482.566440812268,0.0,0.0,16.497883771846773,0.0,0.0,0.0,0.0,0.0,10429.16687610691,10444.014971501572,613.7065783771214,0.0,613.7065783771214
2025-01-22,48,2025-01-22 08:00:00,2025-01-22 07:50:00,1170.6200000000001,315.925,2025-01-22T08:00:00,2025-01-22 00:00:00,1.1617,1221.732099608997,310.99375000000003,77.40501627566368,0.0,833.3333333333333,10482.566440812268,9556.640514886343,0.0,0.0,0.0,777.2899837243365,0.0,0.0,0.0,0.0,10444.014971501572,9580.359434030088,89.9214074074385,0.0,89.9214074074385
2025-01-22,49,2025-01-22 08:10:00,2025-01-22 08:00:00,1202.53425,355.77956666666665,2025-01-22T08:10:00,2025-01-22 00:00:00,1.1683,1244.264899502451,368.9858166666667,41.94574950245101,0.0,833.3333333333333,9556.640514886343,8630.714588960418,0.0,0.0,0.0,804.8089338308823,0.0,0.0,0.0,0.0,9580.359434030088,8686.127285329108,49.00521914371351,0.0,49.00521914371351
2025-01-22,50,2025-01-22 08:20:00,2025-01-22 08:10:00,1195.8467333333333,401.6345166666667,2025-01-22T08:20:00,2025-01-22 00:00:00,1.0956,1193.310541278253,426.5235333333333,0.0,0.0,766.7870079449197,8630.714588960418,7778.729024577175,0.0,0.0,0.0,794.2122166666666,0.0,0.0,0.0,0.0,8686.127285329108,7803.66926681059,0.0,0.0,0.0
2025-01-22,51,2025-01-22 08:30:00,2025-01-22 08:20:00,1230.2133333333334,449.47499999999997,2025-01-22T08:30:00,2025-01-22 00:00:00,1.0849,1190.620830207357,487.7375,0.0,0.0,702.883330207357,7778.729024577175,6997.747546569,0.0,0.0,0.0,780.7383333333335,0.0,0.0,0.0,0.0,7803.66926681059,6936.1822297735525,0.0,0.0,0.0
2025-01-22,52,2025-01-22 08:40:00,2025-01-22 08:30:00,1234.79855,480.85543333333334,2025-01-22T08:40:00,2025-01-22 00:00:00,1.061,1201.9743824265493,558.7849666666667,0.0,0.0,643.1894157598825,6997.747546569,6283.09264016913,0.0,0.0,0.0,753.9431166666666,0.0,0.0,0.0,0.0,6936.1822297735525,6098.467655699478,0.0,0.0,0.0
2025-01-22,53,2025-01-22 08:50:00,2025-01-22 08:40:00,1222.1721333333332,524.6172666666666,2025-01-22T08:50:00,2025-01-22 00:00:00,1.043,1207.326894970153,605.8012166666666,0.0,0.0,601.5256783034864,6283.09264016913,5614.730775387479,0.0,0.0,0.0,697.5548666666666,0.0,0.0,0.0,0.0,6098.467655699478,5323.406692736516,0.0,0.0,0.0
2025-01-22,54,2025-01-22 09:00:00,2025-01-22 08:50:00,1210.6666666666667,580.8249999999999,2025-01-22T09:00:00,2025-01-22 00:00:00,1.036,1202.4045626281131,633.9187499999999,0.0,0.0,568.4858126281132,5614.730775387479,4983.079872467353,0.0,0.0,0.0,629.8416666666668,0.0,0.0,0.0,0.0,5323.406692736516,4623.582618662442,0.0,0.0,0.0
2025-01-22,55,2025-01-22 09:10:00,2025-01-22 09:00:00,1201.2763666666667,621.84825,2025-01-22T09:10:00,2025-01-22 00:00:00,1.0147,1195.232461867297,680.1670333333333,0.0,0.0,515.0654285339637,4983.079872467353,4410.78495187406,0.0,0.0,0.0,579.4281166666667,0.0,0.0,0.0,0.0,4623.582618662442,3979.7736001439234,0.0,0.0,0.0
2025-01-22,56,2025-01-22 09:20:00,2025-01-22 09:10:00,1193.65515,671.0419833333334,2025-01-22T09:20:00,2025-01-22 00:00:00,0.9922,1200.0635808854556,714.5665166666666,0.0,0.0,485.497064218789,4410.78495187406,3871.3437694087393,0.0,0.0,0.0,522.6131666666666,0.0,0.0,0.0,0.0,3979.7736001439234,3399.092303847627,0.0,0.0,0.0
2025-01-22,57,2025-01-22 09:30:00,2025-01-22 09:20:00,1190.0316666666665,723.9125,2025-01-22T09:30:00,2025-01-22 00:00:00,0.97,1208.2622535582664,734.56875,0.0,0.0,473.69350355826634,3871.3437694087393,3345.017654343999,0.0,0.0,0.0,466.1191666666665,0.0,0.0,0.0,0.0,3399.092303847627,2881.182118662442,0.0,0.0,0.0
2025-01-22,58,2025-01-22 09:40:00,2025-01-22 09:30:00,1193.1845833333334,746.61415,2025-01-22T09:40:00,2025-01-22 00:00:00,0.9422,1200.1523931965726,773.4791833333334,0.0,0.0,426.6732098632392,3345.017654343999,2870.9363100515106,0.0,0.0,0.0,446.5704333333334,0.0,0.0,0.0,0.0,2881.182118662442,2384.9927482920716,0.0,0.0,0.0
2025-01-22,59,2025-01-22 09:50:00,2025-01-22 09:40:00,1197.5525,752.3535,2025-01-22T09:50:00,2025-01-22 00:00:00,0.9569,1206.7168348565779,829.0085666666668,0.0,0.0,377.7082681899111,2870.9363100515106,2451.260456507165,0.0,0.0,0.0,445.19899999999996,0.0,0.0,0.0,0.0,2384.9927482920716,1890.327192736516,0.0,0.0,0.0
2025-01-22,60,2025-01-22 10:00:00,2025-01-22 09:50:00,1203.4883333333335,772.99375,2025-01-22T10:00:00,2025-01-22 00:00:00,0.9977,1214.9599673351274,886.8125,0.0,0.0,328.14746733512743,2451.260456507165,2086.652159468135,0.0,0.0,0.0,430.4945833333335,0.0,0.0,0.0,0.0,1890.327192736516,1411.9998779217012,0.0,0.0,0.0
2025-01-22,61,2025-01-22 10:10:00,2025-01-22 10:00:00,1211.43895,831.0097999999999,2025-01-22T10:10:00,2025-01-22 00:00:00,0.9919,1182.127046320817,934.09325,0.0,0.0,248.03379632081703,2086.652159468135,1811.0590524450047,0.0,0.0,0.0,190.79989012953112,189.62925987046893,0.0,0.0,0.0,1411.9998779217012,1200.0,0.0,940.4663143275907,940.4663143275907
2025-01-22,62,2025-01-22 10:20:00,2025-01-22 10:10:00,1192.1108666666667,886.6982333333334,2025-01-22T10:20:00,2025-01-22 00:00:00,0.9588,1170.2744220692298,974.1188333333333,0.0,0.0,196.15558873589646,1811.0590524450047,1593.1083982940086,0.0,0.0,0.0,0.0,305.41263333333325,0.0,0.0,0.0,1200.0,1200.0,0.0,1464.1481641999994,1464.1481641999994
2025-01-22,63,2025-01-22 10:30:00,2025-01-22 10:20:00,1154.2166666666667,910.7875,2025-01-22T10:30:00,2025-01-22 00:00:00,0.9549,1181.9503460373364,996.4499999999999,0.0,0.0,185.5003460373365,1593.1083982940086,1386.996902696968,0.0,0.0,0.0,0.0,243.42916666666667,0.0,0.0,0.0,1200.0,1200.0,0.0,1162.25255625,1162.25255625
2025-01-22,64,2025-01-22 10:40:00,2025-01-22 10:30:00,1140.6711166666666,908.6717666666667,2025-01-22T10:40:00,2025-01-22 00:00:00,0.9839,1158.9177790939377,990.6205666666666,0.0,0.0,168.29721242727112,1386.996902696968,1200.0,0.0,0.0,0.0,0.0,231.99934999999994,0.0,0.0,0.0,1200.0,1200.0,0.0,1141.3208023249997,1141.3208023249997
2025-01-22,65,2025-01-22 10:50:00,2025-01-22 10:40:00,1148.8656166666667,918.2567833333333,2025-01-22T10:50:00,2025-01-22 00:00:00,0.799,1143.1185810990225,1014.2280999999999,128.89048109902262,0.0,0.0,1200.0,1200.0,0.0,0.0,0.0,0.0,101.71835223431094,0.0,0.0,0.0,1200.0,1200.0,102.98349439811908,406.3648171760722,509.3483115741913
2025-01-22,66,2025-01-22 11:00:00,2025-01-22 10:50:00,1159.4416666666666,940.65,2025-01-22T11:00:00,2025-01-22 00:00:00,0.5025,1156.4250315224444,1077.45625,912.3021148557777,833.3333333333333,0.0,1200.0,1950.0,0.0,1.0,693.5104481891112,0.0,0.0,0.0,0.0,0.0,1200.0,1824.1594033702002,458.4318127150283,0.0,458.4318127150283
2025-01-22,67,2025-01-22 11:10:00,2025-01-22 11:00:00,1156.4665833333333,946.3401,2025-01-22T11:10:00,2025-01-22 00:00:00,0.4662,1174.6398788455026,1134.5871166666668,873.386095512169,833.3333333333333,0.0,1950.0,2700.0,0.0,1.0,663.2596121788356,0.0,0.0,0.0,0.0,0.0,1824.1594033702002,2421.0930543311524,407.1725977277732,0.0,407.1725977277732
2025-01-22,68,2025-01-22 11:20:00,2025-01-22 11:10:00,1156.25685,959.8560666666667,2025-01-22T11:20:00,2025-01-22 00:00:00,0.5007,1174.9359927948124,1174.6662,833.6031261281457,833.3333333333333,0.0,2700.0,3450.0,0.0,1.0,637.2023427948125,0.0,0.0,0.0,0.0,0.0,2421.0930543311524,2994.5751628464836,417.3850852523626,0.0,417.3850852523626
2025-01-22,69,2025-01-22 11:30:00,2025-01-22 11:20:00,1162.0966666666666,973.2125,2025-01-22T11:30:00,2025-01-22 00:00:00,0.4827,1167.0907999867916,1193.1875,807.2366333201248,833.3333333333333,0.0,3450.0,4200.0,0.0,1.0,618.3524666534584,0.0,0.0,0.0,0.0,0.0,2994.5751628464836,3551.0923828345963,389.65312290362425,0.0,389.65312290362425
2025-01-22,70,2025-01-22 11:40:00,2025-01-22 11:30:00,1155.0759500000001,954.5582166666667,2025-01-22T11:40:00,2025-01-22 00:00:00,0.4785,1173.7858551666354,1187.34995,819.7692384999687,833.3333333333333,0.0,4200.0,4950.0,0.0,1.0,619.2515051666353,0.0,0.0,0.0,0.0,0.0,3551.0923828345963,4108.418737484568,392.259580622235,0.0,392.259580622235
2025-01-22,71,2025-01-22 11:50:00,2025-01-22 11:40:00,1114.2599666666667,959.1561666666666,2025-01-22T11:50:00,2025-01-22 00:00:00,0.4662,1146.2027233820947,1172.6857333333335,806.8503233820945,833.3333333333333,0.0,4950.0,5700.0,0.0,1.0,651.7465233820944,0.0,0.0,0.0,0.0,0.0,4108.418737484568,4694.990608528453,376.15362076073245,0.0,376.15362076073245
2025-01-22,72,2025-01-22 12:00:00,2025-01-22 11:50:00,1067.5783333333334,985.3312500000001,2025-01-22T12:00:00,2025-01-22 00:00:00,0.4432,1106.189666396662,1162.59375,776.9292497299953,833.3333333333333,0.0,5700.0,6450.0,0.0,1.0,694.6821663966621,0.0,0.0,0.0,0.0,0.0,4694.990608528453,5320.204558285449,344.33504348033387,0.0,344.33504348033387
2025-01-22,73,2025-01-22 12:10:00,2025-01-22 12:00:00,1067.8196333333333,977.82975,2025-01-22T12:10:00,2025-01-22 00:00:00,0.4411,1124.6984231393728,1162.7233166666667,795.3084398060394,833.3333333333333,0.0,6450.0,7200.0,0.0,1.0,705.3185564727062,0.0,0.0,0.0,0.0,0.0,5320.204558285449,5954.991259110884,350.81055279844395,0.0,350.81055279844395
2025-01-22,74,2025-01-22 12:20:00,2025-01-22 12:10:00,1073.0706,981.3263833333334,2025-01-22T12:20:00,2025-01-22 00:00:00,0.4551,1118.04621680736,1173.80925,777.5703001406932,833.3333333333333,0.0,7200.0,7950.0,0.0,1.0,685.8260834740267,0.0,0.0,0.0,0.0,0.0,5954.991259110884,6572.234734237508,353.8722435940295,0.0,353.8722435940295
2025-01-22,75,2025-01-22 12:30:00,2025-01-22 12:20:00,1072.1433333333332,1005.6437500000001,2025-01-22T12:30:00,2025-01-22 00:00:00,0.4463,1065.5999489827445,1174.6812499999999,724.2520323160779,833.3333333333333,0.0,7950.0,8700.0,0.0,1.0,657.7524489827449,0.0,0.0,0.0,0.0,0.0,6572.234734237508,7164.211938321978,323.23368202266556,0.0,323.23368202266556
2025-01-22,76,2025-01-22 12:40:00,2025-01-22 12:30:00,1095.1417166666668,1008.6700666666667,2025-01-22T12:40:00,2025-01-22 00:00:00,0.4113,1038.7872371691908,1140.1619166666667,731.9586538358574,833.3333333333333,0.0,8700.0,9450.0,0.0,1.0,645.4870038358574,0.0,0.0,0.0,0.0,0.0,7164.211938321978,7745.1502417742495,301.05459432268816,0.0,301.05459432268816
2025-01-22,77,2025-01-22 12:50:00,2025-01-22 12:40:00,1118.5897833333333,983.9940833333334,2025-01-22T12:50:00,2025-01-22 00:00:00,0.5682,1064.9642368433315,1109.9187333333332,788.3788368433316,833.3333333333333,0.0,9450.0,10200.0,0.0,1.0,653.7831368433317,0.0,0.0,0.0,0.0,0.0,7745.1502417742495,8333.555064933247,447.956855094381,0.0,447.956855094381
2025-01-22,78,2025-01-22 13:00:00,2025-01-22 12:50:00,1128.1333333333334,948.8625000000001,2025-01-22T13:00:00,2025-01-22 00:00:00,0.8279,1123.5362246432271,1091.6187499999999,31.91747464322725,0.0,0.0,10200.0,10200.0,0.0,0.0,0.0,147.35335869010612,0.0,0.0,0.0,0.0,8333.555064933247,8169.82911083313,26.42447725712784,0.0,26.42447725712784
2025-01-22,79,2025-01-22 13:10:00,2025-01-22 13:00:00,1126.1263666666666,924.2569833333333,2025-01-22T13:10:00,2025-01-22 00:00:00,0.8636,1160.7623476967055,1054.1222666666665,106.64008103003903,0.0,0.0,10200.0,10200.0,0.0,0.0,0.0,95.22930230329416,0.0,0.0,0.0,0.0,8169.82911083313,8064.01877494058,92.09437397754171,0.0,92.09437397754171
2025-01-22,80,2025-01-22 13:20:00,2025-01-22 13:10:00,1091.8262666666667,890.8607999999999,2025-01-22T13:20:00,2025-01-22 00:00:00,0.8416,1136.6431756464406,1005.2541833333333,131.38899231310722,0.0,0.0,10200.0,10200.0,0.0,0.0,0.0,69.57647435355955,0.0,0.0,0.0,0.0,8064.01877494058,7986.711581214403,110.57697593071104,0.0,110.57697593071104
2025-01-22,81,2025-01-22 13:30:00,2025-01-22 13:20:00,1056.5333333333333,842.4499999999999,2025-01-22T13:30:00,2025-01-22 00:00:00,0.8618,1085.7046832680678,972.9625,112.74218326806783,0.0,0.0,10200.0,10200.0,0.0,0.0,0.0,101.34115006526554,0.0,0.0,0.0,0.0,7986.711581214403,7874.1103033641075,97.16121354042086,0.0,97.16121354042086
2025-01-22,82,2025-01-22 13:40:00,2025-01-22 13:30:00,1081.6439666666668,794.6560833333333,2025-01-22T13:40:00,2025-01-22 00:00:00,0.8623,1086.2306744035639,976.3797666666666,109.85090773689728,0.0,0.0,10200.0,10200.0,0.0,0.0,0.0,177.13697559643617,0.0,0.0,0.0,0.0,7874.1103033641075,7677.29144159029,94.72443774152653,0.0,94.72443774152653
2025-01-22,83,2025-01-22 13:50:00,2025-01-22 13:40:00,1118.1821833333333,756.6756999999999,2025-01-22T13:50:00,2025-01-22 00:00:00,0.9026,1109.487354946615,962.49465,0.0,0.0,146.99270494661494,10200.0,10036.67477228154,0.0,0.0,0.0,361.50648333333345,0.0,0.0,0.0,0.0,7677.29144159029,7275.617571219919,0.0,0.0,0.0
2025-01-22,84,2025-01-22 14:00:00,2025-01-22 13:50:00,1123.6866666666667,722.8874999999999,2025-01-22T14:00:00,2025-01-22 00:00:00,0.9754,1115.9861362160893,917.4125,0.0,0.0,198.5736362160893,10036.67477228154,9816.037398708108,0.0,0.0,0.0,400.7991666666668,0.0,0.0,0.0,0.0,7275.617571219919,6830.285163812512,0.0,0.0,0.0
2025-01-22,85,2025-01-22 14:10:00,2025-01-22 14:00:00,1100.38085,685.0337666666666,2025-01-22T14:10:00,2025-01-22 00:00:00,1.0002,1096.7021936292713,870.8613166666668,0.0,0.0,225.8408769626045,9816.037398708108,9565.103090971881,0.0,0.0,0.0,415.34708333333344,0.0,0.0,0.0,0.0,6830.285163812512,6368.788404553253,0.0,0.0,0.0
2025-01-22,86,2025-01-22 14:20:00,2025-01-22 14:10:00,1088.1194666666668,673.8711166666667,2025-01-22T14:20:00,2025-01-22 00:00:00,0.9978,1094.736775912307,800.4657666666667,0.0,0.0,294.27100924564024,9565.103090971881,9238.13530292117,0.0,0.0,0.0,414.2483500000001,0.0,0.0,0.0,0.0,6368.788404553253,5908.512460108808,0.0,0.0,0.0
2025-01-22,87,2025-01-22 14:30:00,2025-01-22 14:20:00,1087.4716666666666,678.8249999999999,2025-01-22T14:30:00,2025-01-22 00:00:00,1.0271,1106.3555726055022,725.9250000000001,0.0,0.0,380.4305726055021,9238.13530292117,8815.434666692834,0.0,0.0,0.0,408.64666666666665,0.0,0.0,0.0,0.0,5908.512460108808,5454.460608256956,0.0,0.0,0.0
2025-01-22,88,2025-01-22 14:40:00,2025-01-22 14:30:00,1068.4849333333334,656.0776500000001,2025-01-22T14:40:00,2025-01-22 00:00:00,1.0906,1089.630761147006,698.4458500000001,0.0,0.0,391.184911147006,8815.434666692834,8380.784765418382,0.0,0.0,0.0,412.40728333333334,0.0,0.0,0.0,0.0,5454.460608256956,4996.230293442141,0.0,0.0,0.0
2025-01-22,89,2025-01-22 14:50:00,2025-01-22 14:40:00,1069.8579833333333,632.0391333333333,2025-01-22T14:50:00,2025-01-22 00:00:00,0.9376,1085.477436934857,674.1968666666667,0.0,0.0,411.28057026819033,8380.784765418382,7923.806354009282,0.0,0.0,0.0,437.81885,0.0,0.0,0.0,0.0,4996.230293442141,4509.764904553253,0.0,0.0,0.0
2025-01-22,90,2025-01-22 15:00:00,2025-01-22 14:50:00,1090.915,612.38125,2025-01-22T15:00:00,2025-01-22 00:00:00,0.6694,1085.3431749990336,627.0500000000001,1291.626508332367,833.3333333333333,0.0,7923.806354009282,8673.80635400928,0.0,1.0,813.0927583323669,0.0,0.0,0.0,0.0,0.0,4509.764904553253,5241.548387052383,864.6147846776864,0.0,864.6147846776864
2025-01-22,91,2025-01-22 15:10:00,2025-01-22 15:00:00,1088.9182166666667,570.6106166666667,2025-01-22T15:10:00,2025-01-22 00:00:00,0.66,1041.7028348578353,569.6959499999999,1305.3402181911688,833.3333333333333,0.0,8673.80635400928,9423.80635400928,0.0,1.0,787.0326181911689,0.0,0.0,0.0,0.0,0.0,5241.548387052383,5949.877743424435,861.5245440061715,0.0,861.5245440061715
2025-01-22,92,2025-01-22 15:20:00,2025-01-22 15:10:00,1080.4210166666667,507.59185,2025-01-22T15:20:00,2025-01-22 00:00:00,0.7217,1030.2614128193034,502.22496666666666,1361.36977948597,833.3333333333333,0.0,9423.80635400928,10173.80635400928,0.0,1.0,788.5406128193033,0.0,0.0,0.0,0.0,0.0,5949.877743424435,6659.564294961808,982.5005698550245,0.0,982.5005698550245
2025-01-22,93,2025-01-22 15:30:00,2025-01-22 15:20:00,1080.7183333333335,444.79375,2025-01-22T15:30:00,2025-01-22 00:00:00,0.7308,1062.4050862274964,430.80625000000003,1327.3695539949622,695.7707177674658,0.0,10173.80635400928,10800.0,0.0,0.9999999999999973,691.4449706616288,0.0,0.0,0.0,0.0,0.0,6659.564294961808,7281.864768557273,970.0416700595184,0.0,970.0416700595184
2025-01-22,94,2025-01-22 15:40:00,2025-01-22 15:30:00,1083.3101,405.7295,2025-01-22T15:40:00,2025-01-22 00:00:00,0.7534,1070.0901276323561,369.2254666666667,700.8646609656894,0.0,0.0,10800.0,10800.0,0.0,0.0,23.284060965689378,0.0,0.0,0.0,0.0,0.0,7281.864768557273,7302.820423426394,528.0314355715503,0.0,528.0314355715503
2025-01-22,95,2025-01-22 15:50:00,2025-01-22 15:40:00,1063.32675,369.6503666666667,2025-01-22T15:50:00,2025-01-22 00:00:00,0.7823,1051.6325359508085,322.54995,729.0825859508084,0.0,0.0,10800.0,10800.0,0.0,0.0,35.406202617475174,0.0,0.0,0.0,0.0,0.0,7302.820423426394,7334.686005782121,570.3613069893174,0.0,570.3613069893174
2025-01-22,96,2025-01-22 16:00:00,2025-01-22 15:50:00,1036.4633333333334,325.33125,2025-01-22T16:00:00,2025-01-22 00:00:00,0.8055,1033.4674389920463,284.03749999999997,749.4299389920463,0.0,0.0,10800.0,10800.0,0.0,0.0,38.29785565871293,0.0,0.0,0.0,0.0,0.0,7334.686005782121,7369.154075874963,603.6658158580933,0.0,603.6658158580933
2025-01-22,97,2025-01-22 16:10:00,2025-01-22 16:00:00,1044.944,279.76165,2025-01-22T16:10:00,2025-01-22 00:00:00,0.8271,1041.8792572497484,241.13928333333334,800.7399739164151,0.0,0.0,10800.0,10800.0,0.0,0.0,35.557623916415196,0.0,0.0,0.0,0.0,0.0,7369.154075874963,7401.155937399737,662.2920324262669,0.0,662.2920324262669
2025-01-22,98,2025-01-22 16:20:00,2025-01-22 16:10:00,1058.5720833333332,230.11620000000002,2025-01-22T16:20:00,2025-01-22 00:00:00,0.8519,1060.8742652492997,196.05728333333332,864.8169819159664,0.0,0.0,10800.0,10800.0,0.0,0.0,36.361098582633076,0.0,0.0,0.0,0.0,0.0,7401.155937399737,7433.880926124107,736.7375868942117,0.0,736.7375868942117
2025-01-22,99,2025-01-22 16:30:00,2025-01-22 16:20:00,1059.4116666666666,177.025,2025-01-22T16:30:00,2025-01-22 00:00:00,0.8791,1068.9068591376645,152.13125,916.7756091376644,0.0,0.0,10800.0,10800.0,0.0,0.0,34.38894247099779,0.0,0.0,0.0,0.0,0.0,7433.880926124107,7464.830974348005,805.9374379929208,0.0,805.9374379929208
2025-01-22,100,2025-01-22 16:40:00,2025-01-22 16:30:00,1057.93005,125.64858333333332,2025-01-22T16:40:00,2025-01-22 00:00:00,0.9024,1058.195618908407,109.42035,948.7752689084069,0.0,0.0,10800.0,10800.0,0.0,0.0,16.49380224174024,0.0,0.0,0.0,0.0,0.0,7464.830974348005,7479.675396365571,856.1748026629464,0.0,856.1748026629464
2025-01-22,101,2025-01-22 16:50:00,2025-01-22 16:40:00,1055.0228833333333,75.09148333333333,2025-01-22T16:50:00,2025-01-22 00:00:00,0.9163,1054.121732934941,65.84911666666666,988.2726162682744,0.0,0.0,10800.0,10800.0,0.0,0.0,8.341216268274366,0.0,0.0,0.0,0.0,0.0,7479.675396365571,7487.182491007018,905.5541982866199,0.0,905.5541982866199
2025-01-22,102,2025-01-22 17:00:00,2025-01-22 16:50:00,1054.685,31.3,2025-01-22T17:00:00,2025-01-22 00:00:00,0.9264,1059.2955059047235,27.25,1032.0455059047235,0.0,0.0,10800.0,10800.0,0.0,0.0,8.66050590472355,0.0,0.0,0.0,0.0,0.0,7487.182491007018,7494.97694632127,956.0869566701359,0.0,956.0869566701359
2025-01-22,103,2025-01-22 17:10:00,2025-01-22 17:00:00,1060.0607333333335,5.758466666666667,2025-01-22T17:10:00,2025-01-22 00:00:00,0.9462,1051.1372562346496,4.9521500000000005,1046.1851062346495,0.0,-0.0,10800.0,10800.0,0.0,0.0,0.0,8.117160432017272,0.0,0.0,0.0,0.0,7494.97694632127,7485.9578791745835,989.9003475192254,0.0,989.9003475192254
2025-01-22,104,2025-01-22 17:20:00,2025-01-22 17:10:00,1049.6658833333333,0.0,2025-01-22T17:20:00,2025-01-22 00:00:00,0.9742,1031.5992167620811,0.0,1031.5992167620811,0.0,0.0,10800.0,10800.0,0.0,0.0,0.0,18.0666665712522,0.0,0.0,0.0,0.0,7485.9578791745835,7465.883805206526,1004.9839569696194,0.0,1004.9839569696194
2025-01-22,105,2025-01-22 17:30:00,2025-01-22 17:20:00,1043.5283333333334,0.0,2025-01-22T17:30:00,2025-01-22 00:00:00,0.9862,1038.0388443844006,0.0,1038.0388443844006,0.0,-0.0,10800.0,10800.0,0.0,0.0,0.0,5.489488948932831,0.0,0.0,0.0,0.0,7465.883805206526,7459.784373041045,1023.7139083318958,0.0,1023.7139083318958
2025-01-22,106,2025-01-22 17:40:00,2025-01-22 17:30:00,1060.2211666666667,0.33021666666666666,2025-01-22T17:40:00,2025-01-22 00:00:00,0.976,1080.641018754748,0.2830833333333333,1080.3579354214148,0.0,0.0,10800.0,10800.0,0.0,0.0,20.466985421414847,0.0,0.0,0.0,0.0,0.0,7459.784373041045,7478.204659920319,1054.429344971301,0.0,1054.429344971301
2025-01-22,107,2025-01-22 17:50:00,2025-01-22 17:40:00,933.7647166666667,0.0,2025-01-22T17:50:00,2025-01-22 00:00:00,1.0742,959.1475105437647,0.0,959.1475105437647,0.0,0.0,10800.0,10800.0,0.0,0.0,25.382793877098038,0.0,0.0,0.0,0.0,0.0,7478.204659920319,7501.049174409707,1030.3162558261122,0.0,1030.3162558261122
2025-01-22,108,2025-01-22 18:00:00,2025-01-22 17:50:00,729.0566666666667,0.0,2025-01-22T18:00:00,2025-01-22 00:00:00,1.2313,738.2693257177203,0.0,738.2693257177203,0.0,-0.0,10800.0,10800.0,0.0,0.0,9.212659051053606,0.0,0.0,0.0,0.0,0.0,7501.049174409707,7509.340567555655,909.031020756229,0.0,909.031020756229
2025-01-22,109,2025-01-22 18:10:00,2025-01-22 18:00:00,694.8075666666667,0.0237,2025-01-22T18:10:00,2025-01-22 00:00:00,1.2561,699.3064260701244,0.020316666666666667,699.2861094034578,0.0,-0.0,10800.0,10800.0,0.0,0.0,4.502242736791004,0.0,0.0,0.0,0.0,0.0,7509.340567555655,7513.392586018767,878.3732820216833,0.0,878.3732820216833
2025-01-22,110,2025-01-22 18:20:00,2025-01-22 18:10:00,711.45645,0.0,2025-01-22T18:20:00,2025-01-22 00:00:00,1.2447,723.9301124560842,0.0,723.9301124560842,0.0,0.0,10800.0,10800.0,0.0,0.0,12.473662456084185,0.0,0.0,0.0,0.0,0.0,7513.392586018767,7524.618882229243,901.075810974088,0.0,901.075810974088
2025-01-22,111,2025-01-22 18:30:00,2025-01-22 18:20:00,715.3283333333334,0.0,2025-01-22T18:30:00,2025-01-22 00:00:00,1.2545,717.9758129607596,0.0,717.9758129607596,0.0,0.0,10800.0,10800.0,0.0,0.0,2.6474796274262644,0.0,0.0,0.0,0.0,0.0,7524.618882229243,7527.001613893927,900.7006573592729,0.0,900.7006573592729
2025-01-22,112,2025-01-22 18:40:00,2025-01-22 18:30:00,758.71155,0.0017000000000000001,2025-01-22T18:40:00,2025-01-22 00:00:00,1.2522,710.6421051007223,0.0014666666666666667,710.6406384340556,0.0,0.0,10800.0,10800.0,0.0,0.0,0.0,48.06921156594433,0.0,0.0,0.0,0.0,7527.001613893927,7473.591378820655,889.8642074471245,0.0,889.8642074471245
2025-01-22,113,2025-01-22 18:50:00,2025-01-22 18:40:00,759.0705166666667,0.0,2025-01-22T18:50:00,2025-01-22 00:00:00,1.2881,714.0879376315138,0.0,325.4005921108946,0.0,388.6873455206192,10800.0,10368.125171643756,0.0,0.0,0.0,433.66992455577207,0.0,0.0,0.0,0.0,7473.591378820655,6991.735907092019,419.14850269804333,0.0,419.14850269804333
2025-01-22,114,2025-01-22 19:00:00,2025-01-22 18:50:00,719.93,0.0,2025-01-22T19:00:00,2025-01-22 00:00:00,1.3466,729.4943940039593,0.0,0.0,0.0,729.4943940039593,10368.125171643756,9557.57584497269,0.0,0.0,0.0,719.93,0.0,0.0,0.0,0.0,6991.735907092019,6191.813684869797,0.0,0.0,0.0
2025-01-22,115,2025-01-22 19:10:00,2025-01-22 19:00:00,729.96585,0.0,2025-01-22T19:10:00,2025-01-22 00:00:00,1.3523,747.4436040890491,0.0,0.0,0.0,747.4436040890491,9557.57584497269,8727.082951540415,0.0,0.0,0.0,729.96585,0.0,0.0,0.0,0.0,6191.813684869797,5380.74051820313,0.0,0.0,0.0
2025-01-22,116,2025-01-22 19:20:00,2025-01-22 19:10:00,736.064,0.0,2025-01-22T19:20:00,2025-01-22 00:00:00,1.3445,739.5965139328802,0.0,0.0,0.0,739.5965139328802,8727.082951540415,7905.309047170548,0.0,0.0,0.0,736.064,0.0,0.0,0.0,0.0,5380.74051820313,4562.891629314241,0.0,0.0,0.0
2025-01-22,117,2025-01-22 19:30:00,2025-01-22 19:20:00,723.6033333333334,0.0,2025-01-22T19:30:00,2025-01-22 00:00:00,1.3483,723.2187177811514,0.0,0.0,0.0,723.2187177811514,7905.309047170548,7101.73269408038,0.0,0.0,0.0,723.6033333333334,0.0,0.0,0.0,0.0,4562.891629314241,3758.8879256105374,0.0,0.0,0.0
2025-01-22,118,2025-01-22 19:40:00,2025-01-22 19:30:00,734.9625833333333,0.0,2025-01-22T19:40:00,2025-01-22 00:00:00,1.349,741.9252236902901,0.0,0.0,0.0,741.9252236902901,7101.73269408038,6277.371334424502,0.0,0.0,0.0,734.9625833333333,0.0,0.0,0.0,0.0,3758.8879256105374,2942.262833017945,0.0,0.0,0.0
2025-01-22,119,2025-01-22 19:50:00,2025-01-22 19:40:00,741.5478833333333,0.0,2025-01-22T19:50:00,2025-01-22 00:00:00,1.3473,746.7515511699722,0.0,0.0,0.0,746.7515511699722,6277.371334424502,5447.647388680088,0.0,0.0,0.0,741.5478833333333,0.0,0.0,0.0,0.0,2942.262833017945,2118.3207404253526,0.0,0.0,0.0
2025-01-22,120,2025-01-22 20:00:00,2025-01-22 19:50:00,744.5799999999999,0.0,2025-01-22T20:00:00,2025-01-22 00:00:00,1.3482,736.228819353142,0.0,0.0,0.0,736.228819353142,5447.647388680088,4629.615367176597,0.0,0.0,0.0,744.5799999999999,0.0,0.0,0.0,0.0,2118.3207404253526,1291.0096293142415,0.0,0.0,0.0
2025-01-22,121,2025-01-22 20:10:00,2025-01-22 20:00:00,772.7663833333332,0.0,2025-01-22T20:10:00,2025-01-22 00:00:00,1.3513,760.1389983601124,0.0,0.0,0.0,760.1389983601124,4629.615367176597,3785.016480109805,0.0,0.0,0.0,81.90866638281732,690.857716950516,0.0,0.0,0.0,1291.0096293142415,1200.0,0.0,4667.780164576161,4667.780164576161
2025-01-22,122,2025-01-22 20:20:00,2025-01-22 20:10:00,774.0756333333334,0.0,2025-01-22T20:20:00,2025-01-22 00:00:00,1.34,789.1008986828065,0.0,0.0,0.0,789.1008986828065,3785.016480109805,2908.2377037955753,0.0,0.0,0.0,0.0,774.0756333333334,0.0,0.0,0.0,1200.0,1200.0,0.0,5186.3067433333335,5186.3067433333335
2025-01-22,123,2025-01-22 20:30:00,2025-01-22 20:20:00,740.6966666666667,0.0,2025-01-22T20:30:00,2025-01-22 00:00:00,1.3489,786.9419870847852,0.0,0.0,0.0,786.9419870847852,2908.2377037955753,2033.857718145814,0.0,0.0,0.0,0.0,740.6966666666667,0.0,0.0,0.0,1200.0,1200.0,0.0,4995.628668333334,4995.628668333334
2025-01-22,124,2025-01-22 20:40:00,2025-01-22 20:30:00,721.092,0.0,2025-01-22T20:40:00,2025-01-22 00:00:00,1.3952,750.4719463312326,0.0,0.0,0.0,750.4719463312326,2033.857718145814,1200.0,0.0,0.0,0.0,0.0,721.092,0.0,0.0,0.0,1200.0,1200.0,0.0,5030.337792,5030.337792
2025-01-22,125,2025-01-22 20:50:00,2025-01-22 20:40:00,728.3908833333334,0.0,2025-01-22T20:50:00,2025-01-22 00:00:00,1.2226,748.9397739704768,0.0,748.9397739704768,0.0,0.0,1200.0,1200.0,0.0,0.0,20.548890637143472,0.0,0.0,0.0,0.0,0.0,1200.0,1218.4940015734292,915.6537676563049,0.0,915.6537676563049
2025-01-22,126,2025-01-22 21:00:00,2025-01-22 20:50:00,750.6916666666666,0.0,2025-01-22T21:00:00,2025-01-22 00:00:00,0.9332,770.2968233740742,0.0,770.2968233740742,0.0,0.0,1200.0,1200.0,0.0,0.0,19.60515670740756,0.0,0.0,0.0,0.0,0.0,1218.4940015734292,1236.138642610096,718.840995572686,0.0,718.840995572686
2025-01-22,127,2025-01-22 21:10:00,2025-01-22 21:00:00,764.7712833333334,0.0,2025-01-22T21:10:00,2025-01-22 00:00:00,0.9068,741.9453910374053,0.0,741.9453910374053,0.0,0.0,1200.0,1200.0,0.0,0.0,0.0,22.825892295928043,0.0,0.0,0.0,0.0,1236.138642610096,1210.776540059065,672.7960805927191,0.0,672.7960805927191
2025-01-22,128,2025-01-22 21:20:00,2025-01-22 21:10:00,765.1856666666666,0.0,2025-01-22T21:20:00,2025-01-22 00:00:00,0.9371,741.2343517183904,0.0,741.2343517183904,0.0,0.0,1200.0,1200.0,0.0,0.0,0.0,9.698886053158436,14.252428895117827,0.0,0.0,0.0,1210.776540059065,1200.0,694.6107109953036,66.77975558807458,761.3904665833782
2025-01-22,129,2025-01-22 21:30:00,2025-01-22 21:20:00,776.7866666666667,0.0,2025-01-22T21:30:00,2025-01-22 00:00:00,0.9371,773.0423167249655,0.0,773.0423167249655,0.0,0.0,1200.0,1200.0,0.0,0.0,0.0,0.0,3.7443499417012163,0.0,0.0,0.0,1200.0,1200.0,724.4179550029652,17.544151651841048,741.9621066548062
2025-01-22,130,2025-01-22 21:40:00,2025-01-22 21:30:00,810.8727333333333,0.0,2025-01-22T21:40:00,2025-01-22 00:00:00,0.9871,750.4595443618246,0.0,750.4595443618246,0.0,-0.0,1200.0,1200.0,0.0,0.0,0.0,0.0,60.4131889715087,0.0,0.0,0.0,1200.0,1200.0,740.778616239557,298.1692941688812,1038.9479104084382
2025-01-22,131,2025-01-22 21:50:00,2025-01-22 21:40:00,731.2814166666667,0.0,2025-01-22T21:50:00,2025-01-22 00:00:00,0.7764,665.7601331086688,0.0,665.7601331086688,0.0,-0.0,1200.0,1200.0,0.0,0.0,0.0,0.0,65.52128355799789,0.0,0.0,0.0,1200.0,1200.0,516.8961673455705,254.3536227721478,771.2497901177182
2025-01-22,132,2025-01-22 22:00:00,2025-01-22 21:50:00,580.3149999999999,0.0,2025-01-22T22:00:00,2025-01-22 00:00:00,0.4209,581.0663540237236,0.0,1414.3996873570568,833.3333333333333,0.0,1200.0,1950.0,0.0,1.0,833.3333333333334,0.0,0.0,0.7513540237234793,0.7513540237234793,0.0,1200.0,1950.0,595.3208284085852,0.0,595.3208284085852
2025-01-22,133,2025-01-22 22:10:00,2025-01-22 22:00:00,552.19075,0.0,2025-01-22T22:10:00,2025-01-22 00:00:00,0.3859,573.8700249978007,0.0,1407.203358331134,833.3333333333333,0.0,1950.0,2700.0,0.0,1.0,833.3333333333334,0.0,0.0,21.67927499780069,21.67927499780069,0.0,1950.0,2700.0,543.0397759799847,0.0,543.0397759799847
2025-01-22,134,2025-01-22 22:20:00,2025-01-22 22:10:00,588.0205500000001,0.0,2025-01-22T22:20:00,2025-01-22 00:00:00,0.4368,589.6646164167515,0.0,589.6646164167515,0.0,0.0,2700.0,2700.0,0.0,0.0,1.644066416751457,0.0,0.0,0.0,0.0,0.0,2700.0,2701.4796597750765,257.56550445083707,0.0,257.56550445083707
2025-01-22,135,2025-01-22 22:30:00,2025-01-22 22:20:00,601.5683333333333,0.0,2025-01-22T22:30:00,2025-01-22 00:00:00,0.4198,582.5343521334956,0.0,1415.8676854668288,833.3333333333333,0.0,2700.0,3450.0,0.0,1.0,814.2993521334955,0.0,0.0,0.0,0.0,0.0,2701.4796597750765,3434.3490766952227,594.3812543589747,0.0,594.3812543589747
2025-01-22,136,2025-01-22 22:40:00,2025-01-22 22:30:00,570.3148,0.0,2025-01-22T22:40:00,2025-01-22 00:00:00,0.4186,555.4755689432941,0.0,1388.8089022766274,833.3333333333333,0.0,3450.0,4200.0,0.0,1.0,818.4941022766274,0.0,0.0,0.0,0.0,0.0,3434.3490766952227,4170.993768744187,581.3554064929963,0.0,581.3554064929963
2025-01-22,137,2025-01-22 22:50:00,2025-01-22 22:40:00,569.3074666666666,0.0,2025-01-22T22:50:00,2025-01-22 00:00:00,0.4241,537.7610403139967,0.0,537.7610403139967,0.0,0.0,4200.0,4200.0,0.0,0.0,0.0,31.546426352669982,0.0,0.0,0.0,0.0,4170.993768744187,4135.942183907887,228.06445719716598,0.0,228.06445719716598
2025-01-22,138,2025-01-22 23:00:00,2025-01-22 22:50:00,604.0783333333333,0.0,2025-01-22T23:00:00,2025-01-22 00:00:00,0.4237,545.1032548674754,0.0,1378.4365882008087,833.3333333333333,0.0,4200.0,4950.0,0.0,1.0,774.3582548674755,0.0,0.0,0.0,0.0,0.0,4135.942183907887,4832.864613288615,584.0435824206827,0.0,584.0435824206827
2025-01-22,139,2025-01-22 23:10:00,2025-01-22 23:00:00,606.8031,0.0,2025-01-22T23:10:00,2025-01-22 00:00:00,0.4248,568.879033698924,0.0,568.879033698924,0.0,0.0,4950.0,4950.0,0.0,0.0,0.0,37.92406630107598,0.0,0.0,0.0,0.0,4832.864613288615,4790.726761842975,241.65981351530291,0.0,241.65981351530291
2025-01-22,140,2025-01-22 23:20:00,2025-01-22 23:10:00,589.59335,0.0,2025-01-22T23:20:00,2025-01-22 00:00:00,0.424,583.1501392215199,0.0,854.267849782309,271.1177105607891,0.0,4950.0,5194.00593950471,0.0,1.0,264.674499782309,0.0,0.0,0.0,0.0,0.0,4790.726761842975,5028.9338116470535,362.209568307699,0.0,362.209568307699
2025-01-22,141,2025-01-22 23:30:00,2025-01-22 23:20:00,572.2783333333333,0.0,2025-01-22T23:30:00,2025-01-22 00:00:00,0.422,588.8499409007214,0.0,1422.1832742340548,833.3333333333333,0.0,5194.00593950471,5944.00593950471,0.0,1.0,833.3333333333334,0.0,0.0,16.571607567388128,16.571607567388128,0.0,5028.9338116470535,5778.9338116470535,600.1613417267711,0.0,600.1613417267711
2025-01-22,142,2025-01-22 23:40:00,2025-01-22 23:30:00,563.0160999999999,0.0,2025-01-22T23:40:00,2025-01-22 00:00:00,0.424,604.2108510280244,0.0,1437.5441843613576,833.3333333333333,0.0,5944.00593950471,6694.00593950471,0.0,1.0,833.3333333333334,0.0,0.0,41.19475102802426,41.19475102802426,0.0,5778.9338116470535,6528.9338116470535,609.5187341692156,0.0,609.5187341692156
2025-01-22,143,2025-01-22 23:50:00,2025-01-22 23:40:00,575.1908833333333,0.0,2025-01-22T23:50:00,2025-01-22 00:00:00,0.4271,595.3029435256565,0.0,595.3029435256565,0.0,0.0,6694.00593950471,6694.00593950471,0.0,0.0,20.112060192323156,0.0,0.0,0.0,0.0,0.0,6528.9338116470535,6547.034665820144,254.25388717980786,0.0,254.25388717980786
2025-01-22,144,2025-01-23 00:00:00,2025-01-22 23:50:00,594.895,0.0,2025-01-23T00:00:00,2025-01-22 00:00:00,0.4276,573.4773048423074,0.0,573.4773048423074,0.0,0.0,6694.00593950471,6694.00593950471,0.0,0.0,0.0,21.417695157692606,0.0,0.0,0.0,0.0,6547.034665820144,6523.237226756041,245.21889555057064,0.0,245.21889555057064
2025-01-23,1,2025-01-23 00:10:00,2025-01-23 00:00:00,593.6854833333333,0.0,2025-01-23T00:10:00,2025-01-23 00:00:00,0.4248,586.0214964896361,0.0,1419.3548298229694,833.3333333333333,0.0,6523.237226756041,7273.237226756041,0.0,1.0,825.669346489636,0.0,0.0,0.0,0.0,0.0,6523.237226756041,7266.3396385967135,602.9419317087974,0.0,602.9419317087974
2025-01-23,2,2025-01-23 00:20:00,2025-01-23 00:10:00,598.4678666666667,0.0,2025-01-23T00:20:00,2025-01-23 00:00:00,0.4245,601.7638759541287,0.0,1435.097209287462,833.3333333333333,0.0,7273.237226756041,8023.237226756042,0.0,1.0,833.3333333333334,0.0,0.0,3.2960092874618567,3.2960092874618567,0.0,7266.3396385967135,8016.3396385967135,609.1987653425276,0.0,609.1987653425276
2025-01-23,3,2025-01-23 00:30:00,2025-01-23 00:20:00,616.445,0.0,2025-01-23T00:30:00,2025-01-23 00:00:00,0.4269,601.991914887692,0.0,1435.3252482210253,833.3333333333333,0.0,8023.237226756042,8773.237226756042,0.0,1.0,818.8802482210252,0.0,0.0,0.0,0.0,0.0,8016.3396385967135,8753.331861995637,612.7403484655557,0.0,612.7403484655557
2025-01-23,4,2025-01-23 00:40:00,2025-01-23 00:30:00,627.1227166666666,0.0,2025-01-23T00:40:00,2025-01-23 00:00:00,0.4272,603.1447858628061,0.0,1188.4367561338704,585.2919702710642,0.0,8773.237226756042,9300.0,0.0,0.9999999999999993,561.3140394672038,0.0,0.0,0.0,0.0,0.0,8753.331861995637,9258.51449751612,507.7001822203895,0.0,507.7001822203895
2025-01-23,5,2025-01-23 00:50:00,2025-01-23 00:40:00,634.0951,0.0,2025-01-23T00:50:00,2025-01-23 00:00:00,0.4271,605.5993002335706,0.0,1438.9326335669039,833.3333333333333,0.0,9300.0,10050.0,0.0,1.0,804.8375335669039,0.0,0.0,0.0,0.0,0.0,9258.51449751612,9982.868277726333,614.5681277964246,0.0,614.5681277964246
2025-01-23,6,2025-01-23 01:00:00,2025-01-23 00:50:00,634.9216666666667,0.0,2025-01-23T01:00:00,2025-01-23 00:00:00,0.4285,624.9018406151614,0.0,624.9018406151614,0.0,0.0,10050.0,10050.0,0.0,0.0,0.0,10.019826051505333,0.0,0.0,0.0,0.0,9982.868277726333,9971.735137669104,267.77043870359665,0.0,267.77043870359665
2025-01-23,7,2025-01-23 01:10:00,2025-01-23 01:00:00,624.7802166666667,0.0,2025-01-23T01:10:00,2025-01-23 00:00:00,0.4311,670.2034984455528,0.0,670.2034984455528,0.0,0.0,10050.0,10050.0,0.0,0.0,45.42328177888612,0.0,0.0,0.0,0.0,0.0,9971.735137669104,10012.616091270102,288.9247281798778,0.0,288.9247281798778
2025-01-23,8,2025-01-23 01:20:00,2025-01-23 01:10:00,636.64795,0.0,2025-01-23T01:20:00,2025-01-23 00:00:00,0.4302,653.163360176856,0.0,653.163360176856,0.0,0.0,10050.0,10050.0,0.0,0.0,16.515410176855994,0.0,0.0,0.0,0.0,0.0,10012.616091270102,10027.479960429271,280.99087754808346,0.0,280.99087754808346
2025-01-23,9,2025-01-23 01:30:00,2025-01-23 01:20:00,658.76,0.0,2025-01-23T01:30:00,2025-01-23 00:00:00,0.4279,608.7208395904443,0.0,608.7208395904443,0.0,0.0,10050.0,10050.0,0.0,0.0,0.0,50.039160409555734,0.0,0.0,0.0,0.0,10027.479960429271,9971.880893307543,260.4716472607511,0.0,260.4716472607511
2025-01-23,10,2025-01-23 01:40:00,2025-01-23 01:30:00,648.7732500000001,0.0,2025-01-23T01:40:00,2025-01-23 00:00:00,0.4312,653.662575536654,0.0,653.662575536654,0.0,0.0,10050.0,10050.0,0.0,0.0,4.889325536653928,0.0,0.0,0.0,0.0,0.0,9971.880893307543,9976.281286290532,281.85930257140524,0.0,281.85930257140524
2025-01-23,11,2025-01-23 01:50:00,2025-01-23 01:40:00,655.75145,0.0,2025-01-23T01:50:00,2025-01-23 00:00:00,0.4333,649.6443754259775,0.0,649.6443754259775,0.0,0.0,10050.0,10050.0,0.0,0.0,0.0,6.1070745740224766,0.0,0.0,0.0,0.0,9976.281286290532,9969.495647874952,281.49090787207604,0.0,281.49090787207604
2025-01-23,12,2025-01-23 02:00:00,2025-01-23 01:50:00,670.4433333333333,0.0,2025-01-23T02:00:00,2025-01-23 00:00:00,0.4311,596.6478291785191,0.0,596.6478291785191,0.0,0.0,10050.0,10050.0,0.0,0.0,0.0,73.79550415481413,0.0,0.0,0.0,0.0,9969.495647874952,9887.500643258492,257.2148791588596,0.0,257.2148791588596
2025-01-23,13,2025-01-23 02:10:00,2025-01-23 02:00:00,632.6434333333333,0.0,2025-01-23T02:10:00,2025-01-23 00:00:00,0.4293,637.7153040535533,0.0,637.7153040535533,0.0,0.0,10050.0,10050.0,0.0,0.0,5.071870720219977,0.0,0.0,0.0,0.0,0.0,9887.500643258492,9892.06532690669,273.7711800301904,0.0,273.7711800301904
2025-01-23,14,2025-01-23 02:20:00,2025-01-23 02:10:00,602.6531333333334,0.0,2025-01-23T02:20:00,2025-01-23 00:00:00,0.4324,678.0222797134495,0.0,678.0222797134495,0.0,0.0,10050.0,10050.0,0.0,0.0,75.36914638011615,0.0,0.0,0.0,0.0,0.0,9892.06532690669,9959.897558648794,293.1768337480956,0.0,293.1768337480956
2025-01-23,15,2025-01-23 02:30:00,2025-01-23 02:20:00,609.6633333333333,0.0,2025-01-23T02:30:00,2025-01-23 00:00:00,0.4367,670.7815348659852,0.0,670.7815348659852,0.0,0.0,10050.0,10050.0,0.0,0.0,61.11820153265194,0.0,0.0,0.0,0.0,0.0,9959.897558648794,10014.90394002818,292.93029627597576,0.0,292.93029627597576
2025-01-23,16,2025-01-23 02:40:00,2025-01-23 02:30:00,629.5726333333333,0.0,2025-01-23T02:40:00,2025-01-23 00:00:00,0.4348,668.9371325761143,0.0,668.9371325761143,0.0,0.0,10050.0,10050.0,0.0,0.0,39.364499242780994,0.0,0.0,0.0,0.0,0.0,10014.90394002818,10050.331989346683,290.8538652440945,0.0,290.8538652440945
2025-01-23,17,2025-01-23 02:50:00,2025-01-23 02:40:00,671.5074333333333,0.0,2025-01-23T02:50:00,2025-01-23 00:00:00,0.4335,684.1472674231927,0.0,684.1472674231927,0.0,0.0,10050.0,10050.0,0.0,0.0,12.639834089859391,0.0,0.0,0.0,0.0,0.0,10050.331989346683,10061.707840027557,296.577840427954,0.0,296.577840427954
2025-01-23,18,2025-01-23 03:00:00,2025-01-23 02:50:00,704.7633333333333,0.0,2025-01-23T03:00:00,2025-01-23 00:00:00,0.4357,688.3437714569394,0.0,688.3437714569394,0.0,0.0,10050.0,10050.0,0.0,0.0,0.0,16.419561876393914,0.0,0.0,0.0,0.0,10061.707840027557,10043.46388238712,299.9113812237885,0.0,299.9113812237885
2025-01-23,19,2025-01-23 03:10:00,2025-01-23 03:00:00,680.1314666666666,0.0,2025-01-23T03:10:00,2025-01-23 00:00:00,0.4374,654.1233654254418,0.0,654.1233654254418,0.0,0.0,10050.0,10050.0,0.0,0.0,0.0,26.008101241224836,0.0,0.0,0.0,0.0,10043.46388238712,10014.56599211909,286.11356003708823,0.0,286.11356003708823
2025-01-23,20,2025-01-23 03:20:00,2025-01-23 03:10:00,666.2313333333333,0.0,2025-01-23T03:20:00,2025-01-23 00:00:00,0.4371,664.2016684382099,0.0,664.2016684382099,0.0,0.0,10050.0,10050.0,0.0,0.0,0.0,2.0296648951233465,0.0,0.0,0.0,0.0,10014.56599211909,10012.310808902288,290.32254927434155,0.0,290.32254927434155
2025-01-23,21,2025-01-23 03:30:00,2025-01-23 03:20:00,683.5083333333333,0.0,2025-01-23T03:30:00,2025-01-23 00:00:00,0.4356,707.7325405991851,0.0,707.7325405991851,0.0,0.0,10050.0,10050.0,0.0,0.0,24.22420726585176,0.0,0.0,0.0,0.0,0.0,10012.310808902288,10034.112595441555,308.28829468500504,0.0,308.28829468500504
2025-01-23,22,2025-01-23 03:40:00,2025-01-23 03:30:00,688.0935833333333,0.0,2025-01-23T03:40:00,2025-01-23 00:00:00,0.4353,691.1845512656506,0.0,691.1845512656506,0.0,0.0,10050.0,10050.0,0.0,0.0,3.0909679323173123,0.0,0.0,0.0,0.0,0.0,10034.112595441555,10036.894466580641,300.8726351659377,0.0,300.8726351659377
2025-01-23,23,2025-01-23 03:50:00,2025-01-23 03:40:00,690.7420999999999,0.0,2025-01-23T03:50:00,2025-01-23 00:00:00,0.436,672.6725206723515,0.0,672.6725206723515,0.0,0.0,10050.0,10050.0,0.0,0.0,0.0,18.0695793276484,0.0,0.0,0.0,0.0,10036.894466580641,10016.817156216588,293.28521901314525,0.0,293.28521901314525
2025-01-23,24,2025-01-23 04:00:00,2025-01-23 03:50:00,698.7583333333333,0.0,2025-01-23T04:00:00,2025-01-23 00:00:00,0.4378,676.3403706628012,0.0,676.3403706628012,0.0,0.0,10050.0,10050.0,0.0,0.0,0.0,22.41796267053212,0.0,0.0,0.0,0.0,10016.817156216588,9991.908308804886,296.10181427617437,0.0,296.10181427617437
2025-01-23,25,2025-01-23 04:10:00,2025-01-23 04:00:00,698.97145,0.0,2025-01-23T04:10:00,2025-01-23 00:00:00,0.4401,669.8456014826726,0.0,669.8456014826726,0.0,0.0,10050.0,10050.0,0.0,0.0,0.0,29.125848517327427,0.0,0.0,0.0,0.0,9991.908308804886,9959.546254896744,294.7990492125242,0.0,294.7990492125242
2025-01-23,26,2025-01-23 04:20:00,2025-01-23 04:10:00,670.8723833333333,0.0,2025-01-23T04:20:00,2025-01-23 00:00:00,0.4389,685.2173835486603,0.0,685.2173835486603,0.0,0.0,10050.0,10050.0,0.0,0.0,14.34500021532699,0.0,0.0,0.0,0.0,0.0,9959.546254896744,9972.45675509054,300.741909639507,0.0,300.741909639507
2025-01-23,27,2025-01-23 04:30:00,2025-01-23 04:20:00,653.7533333333333,0.0,2025-01-23T04:30:00,2025-01-23 00:00:00,0.4364,713.3873779760864,0.0,713.3873779760864,0.0,0.0,10050.0,10050.0,0.0,0.0,59.63404464275311,0.0,0.0,0.0,0.0,0.0,9972.45675509054,10026.127395269017,311.32225174876413,0.0,311.32225174876413
2025-01-23,28,2025-01-23 04:40:00,2025-01-23 04:30:00,708.3796666666667,0.0,2025-01-23T04:40:00,2025-01-23 00:00:00,0.4393,709.2842461808208,0.0,709.2842461808208,0.0,0.0,10050.0,10050.0,0.0,0.0,0.9045795141540793,0.0,0.0,0.0,0.0,0.0,10026.127395269017,10026.941516831756,311.58856934723457,0.0,311.58856934723457
2025-01-23,29,2025-01-23 04:50:00,2025-01-23 04:40:00,740.0459500000001,0.0,2025-01-23T04:50:00,2025-01-23 00:00:00,0.4422,713.1585114140285,0.0,713.1585114140285,0.0,0.0,10050.0,10050.0,0.0,0.0,0.0,26.88743858597161,0.0,0.0,0.0,0.0,10026.941516831756,9997.066585069564,315.3586937472834,0.0,315.3586937472834
2025-01-23,30,2025-01-23 05:00:00,2025-01-23 04:50:00,714.38,0.0,2025-01-23T05:00:00,2025-01-23 00:00:00,0.4395,727.0305598707141,0.0,727.0305598707141,0.0,0.0,10050.0,10050.0,0.0,0.0,12.650559870714119,0.0,0.0,0.0,0.0,0.0,9997.066585069564,10008.452088953207,319.5299310631789,0.0,319.5299310631789
2025-01-23,31,2025-01-23 05:10:00,2025-01-23 05:00:00,692.2970833333334,0.0,2025-01-23T05:10:00,2025-01-23 00:00:00,0.4333,712.5118650909743,0.0,712.5118650909743,0.0,0.0,10050.0,10050.0,0.0,0.0,20.214781757640935,0.0,0.0,0.0,0.0,0.0,10008.452088953207,10026.645392535083,308.73139114391915,0.0,308.73139114391915
2025-01-23,32,2025-01-23 05:20:00,2025-01-23 05:10:00,713.2022666666667,0.00185,2025-01-23T05:20:00,2025-01-23 00:00:00,0.4439,707.9866153533801,0.0015833333333333333,707.9850320200468,0.0,0.0,10050.0,10050.0,0.0,0.0,0.0,5.215384646619896,0.0,0.0,0.0,0.0,10026.645392535083,10020.850520705506,314.27455571369876,0.0,314.27455571369876
2025-01-23,33,2025-01-23 05:30:00,2025-01-23 05:20:00,738.225,0.0,2025-01-23T05:30:00,2025-01-23 00:00:00,0.4301,717.4715936771595,0.0,717.4715936771595,0.0,0.0,10050.0,10050.0,0.0,0.0,0.0,20.753406322840533,0.0,0.0,0.0,0.0,10020.850520705506,9997.791180346794,308.5845324405463,0.0,308.5845324405463
2025-01-23,34,2025-01-23 05:40:00,2025-01-23 05:30:00,707.8200333333333,0.0,2025-01-23T05:40:00,2025-01-23 00:00:00,0.3713,718.5988792272215,0.0,1551.9322125605547,833.3333333333333,0.0,10050.0,10800.0,0.0,1.0,833.3333333333334,0.0,0.0,10.778845893888047,10.778845893888047,0.0,9997.791180346794,10747.791180346794,576.232430523734,0.0,576.232430523734
2025-01-23,35,2025-01-23 05:50:00,2025-01-23 05:40:00,758.3790666666667,0.025716666666666665,2025-01-23T05:50:00,2025-01-23 00:00:00,0.5708,794.0522437670438,0.02211666666666667,794.0301271003772,0.0,-0.0,10800.0,10800.0,0.0,0.0,35.67677710037708,0.0,0.0,0.0,0.0,0.0,10747.791180346794,10779.900279737134,453.2323965488953,0.0,453.2323965488953
2025-01-23,36,2025-01-23 06:00:00,2025-01-23 05:50:00,881.1983333333333,0.0,2025-01-23T06:00:00,2025-01-23 00:00:00,0.9099,910.1008008643992,0.0,910.1008008643992,0.0,-0.0,10800.0,10800.0,0.0,0.0,22.333022514295507,0.0,0.0,6.569445016770388,6.569445016770388,0.0,10779.900279737134,10800.0,828.1007187065169,0.0,828.1007187065169
2025-01-23,37,2025-01-23 06:10:00,2025-01-23 06:00:00,921.3626333333333,0.0,2025-01-23T06:10:00,2025-01-23 00:00:00,0.9368,937.4976280475412,0.0,262.4976280475412,0.0,675.0,10800.0,10050.0,0.0,0.0,0.0,658.8650052857921,0.0,0.0,0.0,0.0,10800.0,10067.927771904675,245.90777795493656,0.0,245.90777795493656
2025-01-23,38,2025-01-23 06:20:00,2025-01-23 06:10:00,916.55215,0.35823333333333335,2025-01-23T06:20:00,2025-01-23 00:00:00,0.8758,934.6381106927622,0.30798333333333333,934.3301273594288,0.0,0.0,10050.0,10050.0,0.0,0.0,18.136210692762234,0.0,0.0,0.0,0.0,0.0,10067.927771904675,10084.25036152816,818.2863255413878,0.0,818.2863255413878
2025-01-23,39,2025-01-23 06:30:00,2025-01-23 06:20:00,908.4583333333334,0.0,2025-01-23T06:30:00,2025-01-23 00:00:00,0.8759,931.3533329565284,0.0,931.3533329565284,0.0,0.0,10050.0,10050.0,0.0,0.0,22.894999623195076,0.0,0.0,0.0,0.0,0.0,10084.25036152816,10104.855861189037,815.7723843366233,0.0,815.7723843366233
2025-01-23,40,2025-01-23 06:40:00,2025-01-23 06:30:00,896.70865,0.0,2025-01-23T06:40:00,2025-01-23 00:00:00,0.8601,901.1588076736367,0.0,901.1588076736367,0.0,0.0,10050.0,10050.0,0.0,0.0,4.4501576736366815,0.0,0.0,0.0,0.0,0.0,10104.855861189037,10108.86100309531,775.086690480095,0.0,775.086690480095
2025-01-23,41,2025-01-23 06:50:00,2025-01-23 06:40:00,896.6734166666666,6.152983333333334,2025-01-23T06:50:00,2025-01-23 00:00:00,0.8442,897.4686216952778,5.389633333333333,892.0789883619444,0.0,0.0,10050.0,10050.0,0.0,0.0,1.5585550286110674,0.0,0.0,0.0,0.0,0.0,10108.86100309531,10110.26370262106,753.0930819751535,0.0,753.0930819751535
2025-01-23,42,2025-01-23 07:00:00,2025-01-23 06:50:00,902.75,31.412499999999998,2025-01-23T07:00:00,2025-01-23 00:00:00,0.8334,925.4486578548411,29.7,895.7486578548411,0.0,0.0,10050.0,10050.0,0.0,0.0,24.41115785484112,0.0,0.0,0.0,0.0,0.0,10110.26370262106,10132.233744690417,746.5169314562246,0.0,746.5169314562246
2025-01-23,43,2025-01-23 07:10:00,2025-01-23 07:00:00,897.3829000000001,70.72971666666668,2025-01-23T07:10:00,2025-01-23 00:00:00,0.8092,935.84235079737,72.22711666666667,863.6152341307034,0.0,0.0,10050.0,10050.0,0.0,0.0,36.96205079737001,0.0,0.0,0.0,0.0,0.0,10132.233744690417,10165.49959040805,698.8374474585652,0.0,698.8374474585652
2025-01-23,44,2025-01-23 07:20:00,2025-01-23 07:10:00,913.5118166666666,112.4101,2025-01-23T07:20:00,2025-01-23 00:00:00,0.7972,936.3283736353575,122.24303333333334,814.0853403020242,0.0,0.0,10050.0,10050.0,0.0,0.0,12.983623635357617,0.0,0.0,0.0,0.0,0.0,10165.49959040805,10177.184851679871,648.9888332887737,0.0,648.9888332887737
2025-01-23,45,2025-01-23 07:30:00,2025-01-23 07:20:00,920.4899999999999,153.49375,2025-01-23T07:30:00,2025-01-23 00:00:00,0.7644,911.9611260690012,170.89374999999998,741.0673760690013,0.0,0.0,10050.0,10050.0,0.0,0.0,0.0,25.928873930998634,0.0,0.0,0.0,0.0,10177.184851679871,10148.374991756538,566.4719022671445,0.0,566.4719022671445
2025-01-23,46,2025-01-23 07:40:00,2025-01-23 07:30:00,878.52545,199.57706666666664,2025-01-23T07:40:00,2025-01-23 00:00:00,0.6899,861.9494764173904,216.44985,1478.8329597507236,833.3333333333333,0.0,10050.0,10800.0,0.0,1.0,724.0277869371797,0.0,0.0,75.85678948021064,75.85678948021064,0.0,10148.374991756538,10800.0,1020.2468589320241,0.0,1020.2468589320241
2025-01-23,47,2025-01-23 07:50:00,2025-01-23 07:40:00,1001.9632499999999,247.50738333333334,2025-01-23T07:50:00,2025-01-23 00:00:00,0.86,979.0955874685657,266.07896666666664,713.0166208018991,0.0,0.0,10800.0,10800.0,0.0,0.0,0.0,41.439245864767486,0.0,0.0,0.0,0.0,10800.0,10753.956393483591,613.1942938896332,0.0,613.1942938896332
2025-01-23,48,2025-01-23 08:00:00,2025-01-23 07:50:00,1222.8216666666667,297.28749999999997,2025-01-23T08:00:00,2025-01-23 00:00:00,1.1617,1198.0405281214166,315.925,48.782194788083416,0.0,833.3333333333333,10800.0,9874.074074074075,0.0,0.0,0.0,833.3333333333334,43.41863854525002,0.0,0.0,0.0,10753.956393483591,9828.030467557666,56.670275685316504,252.1971619900847,308.8674376754012
2025-01-23,49,2025-01-23 08:10:00,2025-01-23 08:00:00,1241.4583666666667,350.6774666666667,2025-01-23T08:10:00,2025-01-23 00:00:00,1.1683,1243.4628049493917,355.77956666666665,54.349904949391885,0.0,833.3333333333333,9874.074074074075,8948.14814814815,0.0,0.0,0.0,833.3333333333334,3.0976617172747183,0.0,0.0,0.0,9828.030467557666,8902.104541631741,63.49699395237453,18.094990921460266,81.5919848738348
2025-01-23,50,2025-01-23 08:20:00,2025-01-23 08:10:00,1210.3315,395.1239,2025-01-23T08:20:00,2025-01-23 00:00:00,1.0956,1222.403173939515,401.6345166666667,0.0,0.0,820.7686572728483,8948.14814814815,8036.1829734005405,0.0,0.0,0.0,815.2076,0.0,0.0,0.0,0.0,8902.104541631741,7996.318319409519,0.0,0.0,0.0
2025-01-23,51,2025-01-23 08:30:00,2025-01-23 08:20:00,1215.295,425.88124999999997,2025-01-23T08:30:00,2025-01-23 00:00:00,1.0849,1211.6843254165533,449.47499999999997,0.0,0.0,762.2093254165534,8036.1829734005405,7189.283722937704,0.0,0.0,0.0,789.4137500000002,0.0,0.0,0.0,0.0,7996.318319409519,7119.19193052063,0.0,0.0,0.0
2025-01-23,52,2025-01-23 08:40:00,2025-01-23 08:30:00,1189.1281833333335,451.7529333333334,2025-01-23T08:40:00,2025-01-23 00:00:00,1.061,1184.3735792100138,480.85543333333334,0.0,0.0,703.5181458766804,7189.283722937704,6407.596894185836,0.0,0.0,0.0,737.37525,0.0,0.0,0.0,0.0,7119.19193052063,6299.886097187296,0.0,0.0,0.0
2025-01-23,53,2025-01-23 08:50:00,2025-01-23 08:40:00,1182.9484833333333,489.05755,2025-01-23T08:50:00,2025-01-23 00:00:00,1.043,1209.2807738464721,524.6172666666666,0.0,0.0,684.6635071798055,6407.596894185836,5646.8596639860525,0.0,0.0,0.0,693.8909333333334,0.0,0.0,0.0,0.0,6299.886097187296,5528.896171261371,0.0,0.0,0.0
2025-01-23,54,2025-01-23 09:00:00,2025-01-23 08:50:00,1208.4683333333335,535.49375,2025-01-23T09:00:00,2025-01-23 00:00:00,1.036,1244.894323583819,580.8249999999999,0.0,0.0,664.069323583819,5646.8596639860525,4909.004860004032,0.0,0.0,0.0,672.9745833333335,0.0,0.0,0.0,0.0,5528.896171261371,4781.146634224334,0.0,0.0,0.0
2025-01-23,55,2025-01-23 09:10:00,2025-01-23 09:00:00,1218.9920666666667,575.7244166666667,2025-01-23T09:10:00,2025-01-23 00:00:00,1.0147,1182.226109505404,621.84825,0.0,0.0,560.3778595054041,4909.004860004032,4286.362793886916,0.0,0.0,0.0,643.26765,0.0,0.0,0.0,0.0,4781.146634224334,4066.4048008910004,0.0,0.0,0.0
2025-01-23,56,2025-01-23 09:20:00,2025-01-23 09:10:00,1217.5106,622.9164833333333,2025-01-23T09:20:00,2025-01-23 00:00:00,0.9922,1175.7476664036635,671.0419833333334,0.0,0.0,504.7056830703301,4286.362793886916,3725.578701586549,0.0,0.0,0.0,594.5941166666668,0.0,0.0,0.0,0.0,4066.4048008910004,3405.7446712613705,0.0,0.0,0.0
2025-01-23,57,2025-01-23 09:30:00,2025-01-23 09:20:00,1204.2466666666667,678.36875,2025-01-23T09:30:00,2025-01-23 00:00:00,0.97,1234.792301539588,723.9125,0.0,0.0,510.8798015395879,3725.578701586549,3157.9344776536736,0.0,0.0,0.0,525.8779166666667,0.0,0.0,0.0,0.0,3405.7446712613705,2821.435874965074,0.0,0.0,0.0
2025-01-23,58,2025-01-23 09:40:00,2025-01-23 09:30:00,1176.8578,725.8994666666667,2025-01-23T09:40:00,2025-01-23 00:00:00,0.9422,1213.0524772493295,746.61415,466.4383272493295,0.0,0.0,3157.9344776536736,3157.9344776536736,0.0,0.0,15.479993915996374,0.0,0.0,0.0,0.0,0.0,2821.435874965074,2835.367869489471,439.4781919343183,0.0,439.4781919343183
2025-01-23,59,2025-01-23 09:50:00,2025-01-23 09:40:00,1182.9232,757.1238166666667,2025-01-23T09:50:00,2025-01-23 00:00:00,0.9569,1187.0725439429416,752.3535,0.0,0.0,434.71904394294154,3157.9344776536736,2674.913317717072,0.0,0.0,0.0,425.79938333333325,0.0,0.0,0.0,0.0,2835.367869489471,2362.257443563545,0.0,0.0,0.0
2025-01-23,60,2025-01-23 10:00:00,2025-01-23 09:50:00,1198.5633333333333,785.0875,2025-01-23T10:00:00,2025-01-23 00:00:00,0.9977,1187.6759263591985,772.99375,0.0,0.0,414.6821763591985,2674.913317717072,2214.1553439846293,0.0,0.0,0.0,413.4758333333333,0.0,0.0,0.0,0.0,2362.257443563545,1902.8398509709527,0.0,0.0,0.0
2025-01-23,61,2025-01-23 10:10:00,2025-01-23 10:00:00,1153.89575,828.2179,2025-01-23T10:10:00,2025-01-23 00:00:00,0.9919,1162.978946380861,831.0097999999999,0.0,0.0,331.96914638086116,2214.1553439846293,1845.3007368947835,0.0,0.0,0.0,325.6778499999999,0.0,0.0,0.0,0.0,1902.8398509709527,1540.975573193175,0.0,0.0,0.0
2025-01-23,62,2025-01-23 10:20:00,2025-01-23 10:10:00,1127.3424499999999,851.40085,2025-01-23T10:20:00,2025-01-23 00:00:00,0.9588,1144.0331539924093,886.6982333333334,0.0,0.0,257.3349206590759,1845.3007368947835,1559.373047273588,0.0,0.0,0.0,275.9415999999999,0.0,0.0,0.0,0.0,1540.975573193175,1234.3737954153974,0.0,0.0,0.0
2025-01-23,63,2025-01-23 10:30:00,2025-01-23 10:20:00,1141.075,851.69375,2025-01-23T10:30:00,2025-01-23 00:00:00,0.9549,1153.895282349359,910.7875,188.3434376576574,0.0,54.76434469170149,1559.373047273588,1498.5237753939198,0.0,0.0,0.0,30.93641587385762,70.10139646848509,0.0,0.0,0.0,1234.3737954153974,1200.0,179.84914861929704,334.699117438782,514.5482660580791
2025-01-23,64,2025-01-23 10:40:00,2025-01-23 10:30:00,1139.1795833333333,865.31075,2025-01-23T10:40:00,2025-01-23 00:00:00,0.9839,1177.3431645211945,908.6717666666667,0.0,0.0,268.67139785452775,1498.5237753939198,1200.0,0.0,0.0,0.0,0.0,273.8688333333333,0.0,0.0,0.0,1200.0,1200.0,0.0,1347.2977255833334,1347.2977255833334
2025-01-23,65,2025-01-23 10:50:00,2025-01-23 10:40:00,1130.5698333333332,900.8378333333334,2025-01-23T10:50:00,2025-01-23 00:00:00,0.799,1168.5231591738677,918.2567833333333,250.26637584053447,0.0,0.0,1200.0,1200.0,0.0,0.0,20.534375840534494,0.0,0.0,0.0,0.0,0.0,1200.0,1218.480938256481,199.96283429658706,0.0,199.96283429658706
2025-01-23,66,2025-01-23 11:00:00,2025-01-23 10:50:00,1145.175,932.59375,2025-01-23T11:00:00,2025-01-23 00:00:00,0.5025,1142.686393453947,940.65,1035.3697267872803,833.3333333333333,0.0,1200.0,1950.0,0.0,1.0,822.7884767872804,0.0,0.0,0.0,0.0,0.0,1218.480938256481,1958.9905673650335,520.2732877106083,0.0,520.2732877106083
2025-01-23,67,2025-01-23 11:10:00,2025-01-23 11:00:00,1193.9189333333334,929.12215,2025-01-23T11:10:00,2025-01-23 00:00:00,0.4662,1155.409368025182,946.3401,1042.4026013585153,833.3333333333333,0.0,1950.0,2700.0,0.0,1.0,777.6058180251821,0.0,0.0,0.0,0.0,0.0,1958.9905673650335,2658.8358035876972,485.9680927533398,0.0,485.9680927533398
2025-01-23,68,2025-01-23 11:20:00,2025-01-23 11:10:00,1200.9674833333333,940.0169500000001,2025-01-23T11:20:00,2025-01-23 00:00:00,0.5007,1153.2675748802158,959.8560666666667,1026.7448415468823,833.3333333333333,0.0,2700.0,3450.0,0.0,1.0,765.7943082135489,0.0,0.0,0.0,0.0,0.0,2658.8358035876972,3348.0506809798912,514.091142162524,0.0,514.091142162524
2025-01-23,69,2025-01-23 11:30:00,2025-01-23 11:20:00,1167.8366666666668,960.85,2025-01-23T11:30:00,2025-01-23 00:00:00,0.4827,1132.9801899977433,973.2125,993.1010233310766,833.3333333333333,0.0,3450.0,4200.0,0.0,1.0,786.1143566644098,0.0,0.0,0.0,0.0,0.0,3348.0506809798912,4055.55360197786,479.3698639619107,0.0,479.3698639619107
2025-01-23,70,2025-01-23 11:40:00,2025-01-23 11:30:00,1163.3171666666667,940.3385166666667,2025-01-23T11:40:00,2025-01-23 00:00:00,0.4785,1145.2604980545302,954.5582166666667,1024.035614721197,833.3333333333333,0.0,4200.0,4950.0,0.0,1.0,801.0569647211969,0.0,0.0,0.0,0.0,0.0,4055.55360197786,4776.504870226938,490.0010416440927,0.0,490.0010416440927
2025-01-23,71,2025-01-23 11:50:00,2025-01-23 11:40:00,1133.1165333333333,934.5943333333333,2025-01-23T11:50:00,2025-01-23 00:00:00,0.4662,1146.1790757037245,959.1561666666666,1020.3562423703911,833.3333333333333,0.0,4950.0,5700.0,0.0,1.0,821.8340423703912,0.0,0.0,0.0,0.0,0.0,4776.504870226938,5516.15550836029,475.6900801930763,0.0,475.6900801930763
2025-01-23,72,2025-01-23 12:00:00,2025-01-23 11:50:00,1085.3266666666666,947.6437500000001,2025-01-23T12:00:00,2025-01-23 00:00:00,0.4432,1111.9800815084875,985.3312500000001,959.9821648418207,833.3333333333333,0.0,5700.0,6450.0,0.0,1.0,822.2992481751542,0.0,0.0,0.0,0.0,0.0,5516.15550836029,6256.224831717928,425.4640954578949,0.0,425.4640954578949
2025-01-23,73,2025-01-23 12:10:00,2025-01-23 12:00:00,1093.17485,927.4323166666667,2025-01-23T12:10:00,2025-01-23 00:00:00,0.4411,1069.6745542752792,977.82975,925.1781376086125,833.3333333333333,0.0,6450.0,7200.0,0.0,1.0,759.435604275279,0.0,0.0,0.0,0.0,0.0,6256.224831717928,6939.716875565679,408.096076499159,0.0,408.096076499159
2025-01-23,74,2025-01-23 12:20:00,2025-01-23 12:10:00,1114.8165166666665,914.4241333333333,2025-01-23T12:20:00,2025-01-23 00:00:00,0.4551,1067.324529524587,981.3263833333334,919.3314795245868,833.3333333333333,0.0,7200.0,7950.0,0.0,1.0,718.9390961912536,0.0,0.0,0.0,0.0,0.0,6939.716875565679,7586.762062137807,418.3877563316395,0.0,418.3877563316395
2025-01-23,75,2025-01-23 12:30:00,2025-01-23 12:20:00,1109.6016666666667,923.6374999999999,2025-01-23T12:30:00,2025-01-23 00:00:00,0.4463,1083.9503886316782,1005.6437500000001,911.6399719650113,833.3333333333333,0.0,7950.0,8700.0,0.0,1.0,725.6758052983446,0.0,0.0,0.0,0.0,0.0,7586.762062137807,8239.870286906318,406.86491948798454,0.0,406.86491948798454
2025-01-23,76,2025-01-23 12:40:00,2025-01-23 12:30:00,1080.5876833333334,926.4749333333333,2025-01-23T12:40:00,2025-01-23 00:00:00,0.4113,1060.02165663288,1008.6700666666667,884.6849232995465,833.3333333333333,0.0,8700.0,9450.0,0.0,1.0,730.5721732995464,0.0,0.0,0.0,0.0,0.0,8239.870286906318,8897.38524287591,363.8709089531035,0.0,363.8709089531035
2025-01-23,77,2025-01-23 12:50:00,2025-01-23 12:40:00,1079.3658,918.0123833333333,2025-01-23T12:50:00,2025-01-23 00:00:00,0.5682,1071.9798024978877,983.9940833333334,921.3190524978876,833.3333333333333,0.0,9450.0,10200.0,0.0,1.0,759.9656358312209,0.0,0.0,0.0,0.0,0.0,8897.38524287591,9581.354315124008,523.4934856292998,0.0,523.4934856292998
2025-01-23,78,2025-01-23 13:00:00,2025-01-23 12:50:00,1116.9216666666666,907.2624999999999,2025-01-23T13:00:00,2025-01-23 00:00:00,0.8279,1115.5520159371993,948.8625000000001,166.6895159371992,0.0,0.0,10200.0,10200.0,0.0,0.0,0.0,42.9696507294675,0.0,0.0,0.0,0.0,9581.354315124008,9533.610258757933,138.0022502444072,0.0,138.0022502444072
2025-01-23,79,2025-01-23 13:10:00,2025-01-23 13:00:00,1149.9257833333334,903.1456166666667,2025-01-23T13:10:00,2025-01-23 00:00:00,0.8636,1108.509589691869,924.2569833333333,184.25260635853567,0.0,0.0,10200.0,10200.0,0.0,-0.0,0.0,62.527560308131115,0.0,0.0,0.0,0.0,9533.610258757933,9464.1351917489,159.1205508512314,0.0,159.1205508512314
2025-01-23,80,2025-01-23 13:20:00,2025-01-23 13:10:00,1130.59115,885.56795,2025-01-23T13:20:00,2025-01-23 00:00:00,0.8416,1114.8727546056002,890.8607999999999,224.0119546056003,0.0,0.0,10200.0,10200.0,0.0,0.0,0.0,21.011245394399566,0.0,0.0,0.0,0.0,9464.1351917489,9440.7893635329,188.52846099607322,0.0,188.52846099607322
2025-01-23,81,2025-01-23 13:30:00,2025-01-23 13:20:00,1083.6083333333333,855.6437500000001,2025-01-23T13:30:00,2025-01-23 00:00:00,0.8618,1145.473860503959,842.4499999999999,303.0238605039591,0.0,0.0,10200.0,10200.0,0.0,0.0,75.05927717062582,0.0,0.0,0.0,0.0,0.0,9440.7893635329,9508.342712986463,261.14596298231197,0.0,261.14596298231197
2025-01-23,82,2025-01-23 13:40:00,2025-01-23 13:30:00,1079.7791333333332,835.1390333333334,2025-01-23T13:40:00,2025-01-23 00:00:00,0.8623,1142.2571984251429,794.6560833333333,347.60111509180956,0.0,0.0,10200.0,10200.0,0.0,0.0,102.96101509180971,0.0,0.0,0.0,0.0,0.0,9508.342712986463,9601.007626569091,299.73644154366735,0.0,299.73644154366735
2025-01-23,83,2025-01-23 13:50:00,2025-01-23 13:40:00,1084.6209166666665,814.8970666666668,2025-01-23T13:50:00,2025-01-23 00:00:00,0.9026,1133.5115063030612,756.6756999999999,376.8358063030613,0.0,0.0,10200.0,10200.0,0.0,0.0,107.11195630306156,0.0,0.0,0.0,0.0,0.0,9601.007626569091,9697.408387241847,340.13199876914314,0.0,340.13199876914314
2025-01-23,84,2025-01-23 14:00:00,2025-01-23 13:50:00,1089.6483333333333,792.3937500000001,2025-01-23T14:00:00,2025-01-23 00:00:00,0.9754,1120.4710413371295,722.8874999999999,0.0,0.0,397.58354133712953,10200.0,9758.240509625412,0.0,0.0,0.0,297.25458333333324,0.0,0.0,0.0,0.0,9697.408387241847,9367.125516871476,0.0,0.0,0.0
2025-01-23,85,2025-01-23 14:10:00,2025-01-23 14:00:00,1117.0901833333335,773.11915,2025-01-23T14:10:00,2025-01-23 00:00:00,1.0002,1078.9839018899452,685.0337666666666,0.0,0.0,393.9501352232786,9758.240509625412,9320.518137155103,0.0,0.0,0.0,343.9710333333335,0.0,0.0,0.0,0.0,9367.125516871476,8984.93547983444,0.0,0.0,0.0
2025-01-23,86,2025-01-23 14:20:00,2025-01-23 14:10:00,1103.8877,737.3382166666667,2025-01-23T14:20:00,2025-01-23 00:00:00,0.9978,1077.012172379134,673.8711166666667,0.0,0.0,403.1410557124673,9320.518137155103,8872.583630807916,0.0,0.0,0.0,366.54948333333334,0.0,0.0,0.0,0.0,8984.93547983444,8577.658276130736,0.0,0.0,0.0
2025-01-23,87,2025-01-23 14:30:00,2025-01-23 14:20:00,1063.785,691.2937499999999,2025-01-23T14:30:00,2025-01-23 00:00:00,1.0271,1094.5207304573391,678.8249999999999,0.0,0.0,415.6957304573392,8872.583630807916,8410.699485855317,0.0,0.0,0.0,372.49125000000015,0.0,0.0,0.0,0.0,8577.658276130736,8163.77910946407,0.0,0.0,0.0
2025-01-23,88,2025-01-23 14:40:00,2025-01-23 14:30:00,1076.4231,659.5374833333334,2025-01-23T14:40:00,2025-01-23 00:00:00,1.0906,1045.9891092959756,656.0776500000001,0.0,0.0,389.91145929597553,8410.699485855317,7977.464531082011,0.0,0.0,0.0,416.8856166666666,0.0,0.0,0.0,0.0,8163.77910946407,7700.5728687233295,0.0,0.0,0.0
2025-01-23,89,2025-01-23 14:50:00,2025-01-23 14:40:00,1092.6733166666666,612.1771,2025-01-23T14:50:00,2025-01-23 00:00:00,0.9376,1025.3918770489265,632.0391333333333,0.0,0.0,393.3527437155932,7977.464531082011,7540.405926953574,0.0,0.0,0.0,480.49621666666656,0.0,0.0,0.0,0.0,7700.5728687233295,7166.688183538145,0.0,0.0,0.0
2025-01-23,90,2025-01-23 15:00:00,2025-01-23 14:50:00,1086.4833333333333,553.1750000000001,2025-01-23T15:00:00,2025-01-23 00:00:00,0.6694,1062.5021221670518,612.38125,1283.454205500385,833.3333333333333,0.0,7540.405926953574,8290.405926953574,0.0,1.0,750.1458721670517,0.0,0.0,0.0,0.0,0.0,7166.688183538145,7841.819468488491,859.1442451619577,0.0,859.1442451619577
2025-01-23,91,2025-01-23 15:10:00,2025-01-23 15:00:00,1079.79465,519.2198166666667,2025-01-23T15:10:00,2025-01-23 00:00:00,0.66,1086.6045386793337,570.6106166666667,1349.3272553460001,833.3333333333333,0.0,8290.405926953574,9040.405926953574,0.0,1.0,788.7524220126668,0.0,0.0,0.0,0.0,0.0,7841.819468488491,8551.69664829989,890.5559885283601,0.0,890.5559885283601
2025-01-23,92,2025-01-23 15:20:00,2025-01-23 15:10:00,1062.6083166666667,487.61758333333336,2025-01-23T15:20:00,2025-01-23 00:00:00,0.7217,1068.1908849824786,507.59185,1393.9323683158118,833.3333333333333,0.0,9040.405926953574,9790.405926953574,0.0,1.0,818.9416349824785,0.0,0.0,0.0,0.0,0.0,8551.69664829989,9288.744119784122,1006.0009902135214,0.0,1006.0009902135214
2025-01-23,93,2025-01-23 15:30:00,2025-01-23 15:20:00,1050.4016666666666,443.09375,2025-01-23T15:30:00,2025-01-23 00:00:00,0.7308,1033.7515049253784,444.79375,1422.2910882587116,833.3333333333333,0.0,9790.405926953574,10540.405926953574,0.0,1.0,814.983171592045,0.0,0.0,0.0,0.0,0.0,9288.744119784122,10022.228974216961,1039.4103272994664,0.0,1039.4103272994664
2025-01-23,94,2025-01-23 15:40:00,2025-01-23 15:30:00,1072.00375,394.4701,2025-01-23T15:40:00,2025-01-23 00:00:00,0.7534,1034.8007997142931,405.7295,917.5091586547669,288.43785894047363,0.0,10540.405926953574,10800.0,0.0,0.9999999999999949,239.97550865476683,0.0,0.0,0.0,0.0,0.0,10022.228974216961,10238.206932006251,691.2514001305013,0.0,691.2514001305013
2025-01-23,95,2025-01-23 15:50:00,2025-01-23 15:40:00,1076.1403666666668,354.89006666666666,2025-01-23T15:50:00,2025-01-23 00:00:00,0.7823,1046.401289253691,369.6503666666667,676.7509225870242,0.0,0.0,10800.0,10800.0,0.0,0.0,0.0,44.499377412975946,0.0,0.0,0.0,0.0,10238.206932006251,10188.763179325166,529.422246739829,0.0,529.422246739829
2025-01-23,96,2025-01-23 16:00:00,2025-01-23 15:50:00,1055.1166666666666,317.83125,2025-01-23T16:00:00,2025-01-23 00:00:00,0.8055,1055.6550816798247,325.33125,730.3238316798247,0.0,0.0,10800.0,10800.0,0.0,0.0,0.0,6.961584986841899,0.0,0.0,0.0,0.0,10188.763179325166,10181.02808489534,588.2758464180988,0.0,588.2758464180988
2025-01-23,97,2025-01-23 16:10:00,2025-01-23 16:00:00,1053.5668166666667,264.2705833333333,2025-01-23T16:10:00,2025-01-23 00:00:00,0.8271,1070.3613905827715,279.76165,790.5997405827716,0.0,0.0,10800.0,10800.0,0.0,0.0,1.3035072494383257,0.0,0.0,0.0,0.0,0.0,10181.02808489534,10182.201241419834,653.9050454360104,0.0,653.9050454360104
2025-01-23,98,2025-01-23 16:20:00,2025-01-23 16:10:00,1069.0150666666666,206.73476666666667,2025-01-23T16:20:00,2025-01-23 00:00:00,0.8519,1057.0919142182906,230.11620000000002,826.9757142182906,0.0,0.0,10800.0,10800.0,0.0,0.0,0.0,35.30458578170942,0.0,0.0,0.0,0.0,10182.201241419834,10142.973923884601,704.5006109425617,0.0,704.5006109425617
2025-01-23,99,2025-01-23 16:30:00,2025-01-23 16:20:00,1074.955,156.0625,2025-01-23T16:30:00,2025-01-23 00:00:00,0.8791,1029.7674862638216,177.025,852.7424862638217,0.0,0.0,10800.0,10800.0,0.0,0.0,0.0,66.15001373617827,0.0,0.0,0.0,0.0,10142.973923884601,10069.473908622182,749.6459196745257,0.0,749.6459196745257
2025-01-23,100,2025-01-23 16:40:00,2025-01-23 16:30:00,1053.2505166666667,112.03448333333334,2025-01-23T16:40:00,2025-01-23 00:00:00,0.9024,1040.9338971352938,125.64858333333332,915.2853138019605,-0.0,0.0,10800.0,10800.0,0.0,0.0,0.0,25.930719531372915,0.0,0.0,0.0,0.0,10069.473908622182,10040.661998031766,825.953467174889,0.0,825.953467174889
2025-01-23,101,2025-01-23 16:50:00,2025-01-23 16:40:00,1061.3620666666668,69.76148333333333,2025-01-23T16:50:00,2025-01-23 00:00:00,0.9163,1065.4871815292859,75.09148333333333,990.3956981959525,0.0,0.0,10800.0,10800.0,0.0,0.0,0.0,1.2048851373808702,0.0,0.0,0.0,0.0,10040.661998031766,10039.32323676801,907.4995782569513,0.0,907.4995782569513
2025-01-23,102,2025-01-23 17:00:00,2025-01-23 16:50:00,1082.8383333333334,31.46875,2025-01-23T17:00:00,2025-01-23 00:00:00,0.9264,1055.2099613587468,31.3,1023.9099613587468,0.0,0.0,10800.0,10800.0,0.0,0.0,0.0,27.459621974586526,0.0,0.0,0.0,0.0,10039.32323676801,10008.812545685136,948.5501882027431,0.0,948.5501882027431
2025-01-23,103,2025-01-23 17:10:00,2025-01-23 17:00:00,1045.3176666666666,6.297366666666666,2025-01-23T17:10:00,2025-01-23 00:00:00,0.9462,992.591706856409,5.758466666666667,986.8332401897424,0.0,0.0,10800.0,10800.0,0.0,0.0,0.0,52.18705981025755,0.0,0.0,0.0,0.0,10008.812545685136,9950.826923673738,933.7416118675343,0.0,933.7416118675343
2025-01-23,104,2025-01-23 17:20:00,2025-01-23 17:10:00,1021.4821666666667,0.0,2025-01-23T17:20:00,2025-01-23 00:00:00,0.9742,989.301048916912,0.0,989.301048916912,0.0,0.0,10800.0,10800.0,0.0,0.0,0.0,32.18111774975466,0.0,0.0,0.0,0.0,9950.826923673738,9915.07012617401,963.7770818548556,0.0,963.7770818548556
2025-01-23,105,2025-01-23 17:30:00,2025-01-23 17:20:00,1051.5483333333334,0.0,2025-01-23T17:30:00,2025-01-23 00:00:00,0.9862,1055.040578106468,0.0,1055.040578106468,0.0,0.0,10800.0,10800.0,0.0,0.0,3.4922447731346438,0.0,0.0,0.0,0.0,0.0,9915.07012617401,9918.213146469832,1040.4810181285989,0.0,1040.4810181285989
2025-01-23,106,2025-01-23 17:40:00,2025-01-23 17:30:00,1076.3011833333333,0.36845,2025-01-23T17:40:00,2025-01-23 00:00:00,0.976,1067.8368976831182,0.33021666666666666,1067.5066810164515,0.0,0.0,10800.0,10800.0,0.0,0.0,0.0,8.42605231688185,0.0,0.0,0.0,0.0,9918.213146469832,9908.850866117742,1041.8865206720566,0.0,1041.8865206720566
2025-01-23,107,2025-01-23 17:50:00,2025-01-23 17:40:00,930.6285833333333,0.0,2025-01-23T17:50:00,2025-01-23 00:00:00,1.0742,924.9447838195956,0.0,924.9447838195956,0.0,0.0,10800.0,10800.0,0.0,0.0,0.0,5.683799513737654,0.0,0.0,0.0,0.0,9908.850866117742,9902.5355333247,993.5756867790096,0.0,993.5756867790096
2025-01-23,108,2025-01-23 18:00:00,2025-01-23 17:50:00,715.7516666666667,0.0,2025-01-23T18:00:00,2025-01-23 00:00:00,1.2313,729.0620687065559,0.0,729.0620687065559,0.0,0.0,10800.0,10800.0,0.0,0.0,13.310402039889254,0.0,0.0,0.0,0.0,0.0,9902.5355333247,9914.5148951606,897.6941251983824,0.0,897.6941251983824
2025-01-23,109,2025-01-23 18:10:00,2025-01-23 18:00:00,709.9707333333334,0.02645,2025-01-23T18:10:00,2025-01-23 00:00:00,1.2561,700.2234743670551,0.0237,700.1997743670552,0.0,-0.0,10800.0,10800.0,0.0,0.0,0.0,9.744508966278318,0.0,0.0,0.0,0.0,9914.5148951606,9903.687662975846,879.520936582458,0.0,879.520936582458
2025-01-23,110,2025-01-23 18:20:00,2025-01-23 18:10:00,740.3571333333333,0.0,2025-01-23T18:20:00,2025-01-23 00:00:00,1.2447,735.5519529295273,0.0,735.5519529295273,0.0,0.0,10800.0,10800.0,0.0,0.0,0.0,4.805180403806048,0.0,0.0,0.0,0.0,9903.687662975846,9898.348573638285,915.5415158113825,0.0,915.5415158113825
2025-01-23,111,2025-01-23 18:30:00,2025-01-23 18:20:00,714.0466666666666,0.0,2025-01-23T18:30:00,2025-01-23 00:00:00,1.2545,748.9417845810796,0.0,748.9417845810796,0.0,0.0,10800.0,10800.0,0.0,0.0,34.895117914412936,0.0,0.0,0.0,0.0,0.0,9898.348573638285,9929.754179761256,939.5474687569642,0.0,939.5474687569642
2025-01-23,112,2025-01-23 18:40:00,2025-01-23 18:30:00,712.4603000000001,0.0019,2025-01-23T18:40:00,2025-01-23 00:00:00,1.2522,749.3199458681137,0.0017000000000000001,749.3182458681136,0.0,0.0,10800.0,10800.0,0.0,0.0,36.85984586811355,0.0,0.0,0.0,0.0,0.0,9929.754179761256,9962.928041042558,938.2963074760519,0.0,938.2963074760519
2025-01-23,113,2025-01-23 18:50:00,2025-01-23 18:40:00,729.4405333333334,0.0,2025-01-23T18:50:00,2025-01-23 00:00:00,1.2881,728.6148014524523,0.0,194.48069653952086,0.0,534.1341049129314,10800.0,10206.517661207854,0.0,0.0,0.0,534.9598367938125,0.0,0.0,0.0,0.0,9962.928041042558,9368.528222382767,250.51058521255683,0.0,250.51058521255683
2025-01-23,114,2025-01-23 19:00:00,2025-01-23 18:50:00,725.7783333333333,0.0,2025-01-23T19:00:00,2025-01-23 00:00:00,1.3466,710.3034708173604,0.0,0.0,0.0,710.3034708173604,10206.517661207854,9417.291582521899,0.0,0.0,0.0,725.7783333333333,0.0,0.0,0.0,0.0,9368.528222382767,8562.107852012397,0.0,0.0,0.0
2025-01-23,115,2025-01-23 19:10:00,2025-01-23 19:00:00,680.5161666666667,0.0,2025-01-23T19:10:00,2025-01-23 00:00:00,1.3523,733.8167763489023,0.0,0.0,0.0,733.8167763489023,9417.291582521899,8601.939608800896,0.0,0.0,0.0,680.5161666666667,0.0,0.0,0.0,0.0,8562.107852012397,7805.978777938323,0.0,0.0,0.0
2025-01-23,116,2025-01-23 19:20:00,2025-01-23 19:10:00,677.2218333333334,0.0,2025-01-23T19:20:00,2025-01-23 00:00:00,1.3445,756.3900432216562,0.0,0.0,0.0,756.3900432216562,8601.939608800896,7761.5062274434995,0.0,0.0,0.0,677.2218333333334,0.0,0.0,0.0,0.0,7805.978777938323,7053.510074234619,0.0,0.0,0.0
2025-01-23,117,2025-01-23 19:30:00,2025-01-23 19:20:00,723.5666666666666,0.0,2025-01-23T19:30:00,2025-01-23 00:00:00,1.3483,749.9176675186305,0.0,0.0,0.0,749.9176675186305,7761.5062274434995,6928.264374645021,0.0,0.0,0.0,723.5666666666666,0.0,0.0,0.0,0.0,7053.510074234619,6249.547111271657,0.0,0.0,0.0
2025-01-23,118,2025-01-23 19:40:00,2025-01-23 19:30:00,744.2851,0.0,2025-01-23T19:40:00,2025-01-23 00:00:00,1.349,728.0503570449586,0.0,0.0,0.0,728.0503570449586,6928.264374645021,6119.319533483956,0.0,0.0,0.0,744.2851,0.0,0.0,0.0,0.0,6249.547111271657,5422.563666827213,0.0,0.0,0.0
2025-01-23,119,2025-01-23 19:50:00,2025-01-23 19:40:00,740.8114333333333,0.0,2025-01-23T19:50:00,2025-01-23 00:00:00,1.3473,727.2728742149211,0.0,0.0,0.0,727.2728742149211,6119.319533483956,5311.238562134044,0.0,0.0,0.0,740.8114333333333,0.0,0.0,0.0,0.0,5422.563666827213,4599.439852012398,0.0,0.0,0.0
2025-01-23,120,2025-01-23 20:00:00,2025-01-23 19:50:00,733.5283333333333,0.0,2025-01-23T20:00:00,2025-01-23 00:00:00,1.3482,749.8449655064921,0.0,0.0,0.0,749.8449655064921,5311.238562134044,4478.0774893490525,0.0,0.0,0.0,733.5283333333333,0.0,0.0,0.0,0.0,4599.439852012398,3784.4083705309163,0.0,0.0,0.0
2025-01-23,121,2025-01-23 20:10:00,2025-01-23 20:00:00,736.0074333333333,0.0,2025-01-23T20:10:00,2025-01-23 00:00:00,1.3513,761.4838349584694,0.0,0.0,0.0,761.4838349584694,4478.0774893490525,3631.9843393951974,0.0,0.0,0.0,736.0074333333333,0.0,0.0,0.0,0.0,3784.4083705309163,2966.6223334938795,0.0,0.0,0.0
2025-01-23,122,2025-01-23 20:20:00,2025-01-23 20:10:00,740.5466333333334,0.0,2025-01-23T20:20:00,2025-01-23 00:00:00,1.34,741.7457615004296,0.0,0.0,0.0,741.7457615004296,3631.9843393951974,2807.822382172498,0.0,0.0,0.0,740.5466333333334,0.0,0.0,0.0,0.0,2966.6223334938795,2143.792740901287,0.0,0.0,0.0
2025-01-23,123,2025-01-23 20:30:00,2025-01-23 20:20:00,747.2216666666667,0.0,2025-01-23T20:30:00,2025-01-23 00:00:00,1.3489,715.9510419827728,0.0,0.0,0.0,715.9510419827728,2807.822382172498,2012.3212244138613,0.0,0.0,0.0,747.2216666666667,0.0,0.0,0.0,0.0,2143.792740901287,1313.5464446049905,0.0,0.0,0.0
2025-01-23,124,2025-01-23 20:40:00,2025-01-23 20:30:00,762.4862166666667,0.0,2025-01-23T20:40:00,2025-01-23 00:00:00,1.3952,731.0891019724751,0.0,0.0,0.0,731.0891019724751,2012.3212244138613,1200.0,0.0,0.0,0.0,102.19180014449144,660.2944165221752,0.0,0.0,0.0,1313.5464446049905,1200.0,0.0,4606.213849658694,4606.213849658694
2025-01-23,125,2025-01-23 20:50:00,2025-01-23 20:40:00,766.8942666666667,0.0,2025-01-23T20:50:00,2025-01-23 00:00:00,1.2226,754.3870733050079,0.0,754.3870733050079,0.0,0.0,1200.0,1200.0,0.0,0.0,0.0,0.0,12.507193361658778,0.0,0.0,0.0,1200.0,1200.0,922.3136358227026,76.45647301982011,998.7701088425227
2025-01-23,126,2025-01-23 21:00:00,2025-01-23 20:50:00,755.1750000000001,0.0,2025-01-23T21:00:00,2025-01-23 00:00:00,0.9332,756.3305480248791,0.0,756.3305480248791,0.0,0.0,1200.0,1200.0,0.0,0.0,1.1555480248790673,0.0,0.0,0.0,0.0,0.0,1200.0,1201.039993222391,705.8076674168173,0.0,705.8076674168173
2025-01-23,127,2025-01-23 21:10:00,2025-01-23 21:00:00,742.83965,0.0,2025-01-23T21:10:00,2025-01-23 00:00:00,0.9068,737.9224355253681,0.0,737.9224355253681,0.0,0.0,1200.0,1200.0,0.0,0.0,0.0,0.9359939001519934,3.981220574479926,0.0,0.0,0.0,1201.039993222391,1200.0,669.1480645344038,18.050854084691988,687.1989186190958
2025-01-23,128,2025-01-23 21:20:00,2025-01-23 21:10:00,744.6625166666666,0.0,2025-01-23T21:20:00,2025-01-23 00:00:00,0.9371,727.0971329689555,0.0,727.0971329689555,0.0,0.0,1200.0,1200.0,0.0,0.0,0.0,0.0,17.565383697711127,0.0,0.0,0.0,1200.0,1200.0,681.3627233052083,82.30260531562548,763.6653286208337
2025-01-23,129,2025-01-23 21:30:00,2025-01-23 21:20:00,759.3249999999999,0.0,2025-01-23T21:30:00,2025-01-23 00:00:00,0.9371,746.862948246164,0.0,746.862948246164,0.0,0.0,1200.0,1200.0,0.0,0.0,0.0,0.0,12.462051753835908,0.0,0.0,0.0,1200.0,1200.0,699.8852688014804,58.39094349259815,758.2762122940785
2025-01-23,130,2025-01-23 21:40:00,2025-01-23 21:30:00,760.3273833333333,0.0,2025-01-23T21:40:00,2025-01-23 00:00:00,0.9871,776.3292034593568,0.0,776.3292034593568,0.0,-0.0,1200.0,1200.0,0.0,0.0,16.001820126023517,0.0,0.0,0.0,0.0,0.0,1200.0,1214.401638113421,766.3145567347311,0.0,766.3145567347311
2025-01-23,131,2025-01-23 21:50:00,2025-01-23 21:40:00,687.9770333333332,0.0,2025-01-23T21:50:00,2025-01-23 00:00:00,0.7764,675.7074769882977,0.0,675.7074769882977,0.0,-0.0,1200.0,1200.0,0.0,0.0,0.0,12.26955634503554,0.0,0.0,0.0,0.0,1214.401638113421,1200.7687977300482,524.6192851337144,0.0,524.6192851337144
2025-01-23,132,2025-01-23 22:00:00,2025-01-23 21:50:00,583.9083333333333,0.0,2025-01-23T22:00:00,2025-01-23 00:00:00,0.4209,528.1908248558021,0.0,1361.5241581891355,833.3333333333333,0.0,1200.0,1950.0,0.0,1.0,777.6158248558022,0.0,0.0,0.0,0.0,0.0,1200.7687977300482,1900.6230401002701,573.0655181818071,0.0,573.0655181818071
2025-01-23,133,2025-01-23 22:10:00,2025-01-23 22:00:00,562.41395,0.0,2025-01-23T22:10:00,2025-01-23 00:00:00,0.3859,565.6079457175473,0.0,1398.9412790508804,833.3333333333333,0.0,1950.0,2700.0,0.0,1.0,833.3333333333334,0.0,0.0,3.193995717547068,3.193995717547068,0.0,1900.6230401002701,2650.6230401002704,539.8514395857347,0.0,539.8514395857347
2025-01-23,134,2025-01-23 22:20:00,2025-01-23 22:10:00,590.9875166666667,0.0,2025-01-23T22:20:00,2025-01-23 00:00:00,0.4368,612.5584229356353,0.0,612.5584229356353,0.0,0.0,2700.0,2700.0,0.0,-0.0,21.570906268968656,0.0,0.0,0.0,0.0,0.0,2650.6230401002704,2670.036855742342,267.56551913828554,0.0,267.56551913828554
2025-01-23,135,2025-01-23 22:30:00,2025-01-23 22:20:00,607.8633333333333,0.0,2025-01-23T22:30:00,2025-01-23 00:00:00,0.4198,583.5964625965223,0.0,1416.9297959298556,833.3333333333333,0.0,2700.0,3450.0,0.0,1.0,809.0664625965222,0.0,0.0,0.0,0.0,0.0,2670.036855742342,3398.196672079212,594.8271283313534,0.0,594.8271283313534
2025-01-23,136,2025-01-23 22:40:00,2025-01-23 22:30:00,582.06035,0.0,2025-01-23T22:40:00,2025-01-23 00:00:00,0.4186,568.8080419300899,0.0,1402.141375263423,833.3333333333333,0.0,3450.0,4200.0,0.0,1.0,820.081025263423,0.0,0.0,0.0,0.0,0.0,3398.196672079212,4136.269594816293,586.9363796852689,0.0,586.9363796852689
2025-01-23,137,2025-01-23 22:50:00,2025-01-23 22:40:00,568.1048833333333,0.0,2025-01-23T22:50:00,2025-01-23 00:00:00,0.4241,581.3556371658817,0.0,581.3556371658817,0.0,0.0,4200.0,4200.0,0.0,-0.0,13.250753832548412,0.0,0.0,0.0,0.0,0.0,4136.269594816293,4148.195273265586,246.55292572205042,0.0,246.55292572205042
2025-01-23,138,2025-01-23 23:00:00,2025-01-23 22:50:00,572.2233333333334,0.0,2025-01-23T23:00:00,2025-01-23 00:00:00,0.4237,592.5439145965826,0.0,1425.877247929916,833.3333333333333,0.0,4200.0,4950.0,0.0,1.0,833.3333333333334,0.0,0.0,20.32058126324921,20.32058126324921,0.0,4148.195273265586,4898.195273265586,604.1441899479054,0.0,604.1441899479054
2025-01-23,139,2025-01-23 23:10:00,2025-01-23 23:00:00,553.6918333333333,0.0,2025-01-23T23:10:00,2025-01-23 00:00:00,0.4248,575.3090274730781,0.0,575.3090274730781,0.0,0.0,4950.0,4950.0,0.0,-0.0,21.61719413974481,0.0,0.0,0.0,0.0,0.0,4898.195273265586,4917.650747991357,244.3912748705636,0.0,244.3912748705636
2025-01-23,140,2025-01-23 23:20:00,2025-01-23 23:10:00,559.6259666666666,0.0,2025-01-23T23:20:00,2025-01-23 00:00:00,0.424,587.6642296352276,0.0,669.0389260308291,81.3746963956015,0.0,4950.0,5023.237226756041,0.0,1.0,109.41295936416248,0.0,0.0,0.0,0.0,0.0,4917.650747991357,5016.122411419104,283.67250463707154,0.0,283.67250463707154
2025-01-23,141,2025-01-23 23:30:00,2025-01-23 23:20:00,598.7416666666667,0.0,2025-01-23T23:30:00,2025-01-23 00:00:00,0.422,631.6399329761432,0.0,1464.9732663094765,833.3333333333333,0.0,5023.237226756041,5773.237226756041,0.0,1.0,833.3333333333334,0.0,0.0,32.89826630947641,32.89826630947641,0.0,5016.122411419104,5766.122411419104,618.218718382599,0.0,618.218718382599
2025-01-23,142,2025-01-23 23:40:00,2025-01-23 23:30:00,616.1648666666666,0.0,2025-01-23T23:40:00,2025-01-23 00:00:00,0.424,638.3351985482013,0.0,1471.6685318815346,833.3333333333333,0.0,5773.237226756041,6523.237226756041,0.0,1.0,833.3333333333334,0.0,0.0,22.170331881534594,22.170331881534594,0.0,5766.122411419104,6516.122411419104,623.9874575177706,0.0,623.9874575177706
2025-01-23,143,2025-01-23 23:50:00,2025-01-23 23:40:00,551.6382166666666,0.0,2025-01-23T23:50:00,2025-01-23 00:00:00,0.4271,568.0036081447565,0.0,568.0036081447565,0.0,0.0,6523.237226756041,6523.237226756041,0.0,0.0,16.36539147808992,0.0,0.0,0.0,0.0,0.0,6516.122411419104,6530.851263749385,242.5943410386255,0.0,242.5943410386255
2025-01-23,144,2025-01-24 00:00:00,2025-01-23 23:50:00,446.16166666666663,0.0,2025-01-24T00:00:00,2025-01-23 00:00:00,0.4276,456.62242914410257,0.0,456.62242914410257,0.0,0.0,6523.237226756041,6523.237226756041,0.0,-0.0,10.460762477435935,0.0,0.0,0.0,0.0,0.0,6530.851263749385,6540.265949979077,195.25175070201826,0.0,195.25175070201826
2025-01-24,1,2025-01-24 00:10:00,2025-01-24 00:00:00,409.1426666666667,0.0,2025-01-24T00:10:00,2025-01-24 00:00:00,0.4248,364.8331256277157,0.0,1198.1664589610489,833.3333333333333,0.0,6540.265949979077,7290.265949979077,0.0,1.0,789.0237922943822,0.0,0.0,0.0,0.0,0.0,6540.265949979077,7250.387363044021,508.98111176665356,0.0,508.98111176665356
2025-01-24,2,2025-01-24 00:20:00,2025-01-24 00:10:00,417.1940333333334,0.0,2025-01-24T00:20:00,2025-01-24 00:00:00,0.4245,386.25626117631026,0.0,1219.5895945096436,833.3333333333333,0.0,7290.265949979077,8040.265949979077,0.0,1.0,802.3955611763101,0.0,0.0,0.0,0.0,0.0,7250.387363044021,7972.543368102701,517.7157828693437,0.0,517.7157828693437
2025-01-24,3,2025-01-24 00:30:00,2025-01-24 00:20:00,442.2033333333333,0.0,2025-01-24T00:30:00,2025-01-24 00:00:00,0.4269,450.1290119811034,0.0,1283.4623453144368,833.3333333333333,0.0,8040.265949979077,8790.265949979077,0.0,1.0,833.3333333333334,0.0,0.0,7.925678647770042,7.925678647770042,0.0,7972.543368102701,8722.5433681027,547.9100752147331,0.0,547.9100752147331
2025-01-24,4,2025-01-24 00:40:00,2025-01-24 00:30:00,476.71183333333335,0.0,2025-01-24T00:40:00,2025-01-24 00:00:00,0.4272,472.3553626435992,0.0,1038.7265293335136,566.3711666899144,0.0,8790.265949979077,9300.0,0.0,0.9999999999999993,562.0146960001803,0.0,0.0,0.0,0.0,0.0,8722.5433681027,9228.356594502862,443.743973331277,0.0,443.743973331277
2025-01-24,5,2025-01-24 00:50:00,2025-01-24 00:40:00,480.13221666666664,0.0,2025-01-24T00:50:00,2025-01-24 00:00:00,0.4271,440.6535371995405,0.0,1273.9868705328738,833.3333333333333,0.0,9300.0,10050.0,0.0,1.0,793.8546538662072,0.0,0.0,0.0,0.0,0.0,9228.356594502862,9942.825782982449,544.1197924045904,0.0,544.1197924045904
2025-01-24,6,2025-01-24 01:00:00,2025-01-24 00:50:00,463.12166666666667,0.0,2025-01-24T01:00:00,2025-01-24 00:00:00,0.4285,407.36622335525476,0.0,407.36622335525476,0.0,0.0,10050.0,10050.0,0.0,-0.0,0.0,55.75544331141191,0.0,0.0,0.0,0.0,9942.825782982449,9880.875290414213,174.55642670772667,0.0,174.55642670772667
2025-01-24,7,2025-01-24 01:10:00,2025-01-24 01:00:00,473.89806666666664,0.0,2025-01-24T01:10:00,2025-01-24 00:00:00,0.4311,434.8804923953798,0.0,434.8804923953798,0.0,0.0,10050.0,10050.0,0.0,0.0,0.0,39.01757427128683,0.0,0.0,0.0,0.0,9880.875290414213,9837.522430112784,187.47698027164822,0.0,187.47698027164822
2025-01-24,8,2025-01-24 01:20:00,2025-01-24 01:10:00,474.1392166666667,0.0,2025-01-24T01:20:00,2025-01-24 00:00:00,0.4302,446.2478219025699,0.0,446.2478219025699,0.0,0.0,10050.0,10050.0,0.0,0.0,0.0,27.891394764096788,0.0,0.0,0.0,0.0,9837.522430112784,9806.53199148601,191.9758129824856,0.0,191.9758129824856
2025-01-24,9,2025-01-24 01:30:00,2025-01-24 01:20:00,462.925,0.0,2025-01-24T01:30:00,2025-01-24 00:00:00,0.4279,431.59004468751533,0.0,431.59004468751533,0.0,0.0,10050.0,10050.0,0.0,-0.0,0.0,31.33495531248468,0.0,0.0,0.0,0.0,9806.53199148601,9771.715374472138,184.67738012178782,0.0,184.67738012178782
2025-01-24,10,2025-01-24 01:40:00,2025-01-24 01:30:00,479.93416666666667,0.0,2025-01-24T01:40:00,2025-01-24 00:00:00,0.4312,454.1731454657523,0.0,454.1731454657523,0.0,0.0,10050.0,10050.0,0.0,0.0,0.0,25.761021200914342,0.0,0.0,0.0,0.0,9771.715374472138,9743.092017582234,195.83946032483243,0.0,195.83946032483243
2025-01-24,11,2025-01-24 01:50:00,2025-01-24 01:40:00,490.7048666666667,0.0,2025-01-24T01:50:00,2025-01-24 00:00:00,0.4333,463.43828865003985,0.0,463.43828865003985,0.0,0.0,10050.0,10050.0,0.0,0.0,0.0,27.266578016626852,0.0,0.0,0.0,0.0,9743.092017582234,9712.795819785983,200.80781047206227,0.0,200.80781047206227
2025-01-24,12,2025-01-24 02:00:00,2025-01-24 01:50:00,492.61833333333334,0.0,2025-01-24T02:00:00,2025-01-24 00:00:00,0.4311,452.8988398427091,0.0,452.8988398427091,0.0,0.0,10050.0,10050.0,0.0,0.0,0.0,39.719493490624245,0.0,0.0,0.0,0.0,9712.795819785983,9668.663049240844,195.24468985619188,0.0,195.24468985619188
2025-01-24,13,2025-01-24 02:10:00,2025-01-24 02:00:00,515.7566833333334,0.0,2025-01-24T02:10:00,2025-01-24 00:00:00,0.4293,467.9351850535983,0.0,467.9351850535983,0.0,0.0,10050.0,10050.0,0.0,-0.0,0.0,47.821498279735124,0.0,0.0,0.0,0.0,9668.663049240844,9615.528051152249,200.88457494350973,0.0,200.88457494350973
2025-01-24,14,2025-01-24 02:20:00,2025-01-24 02:10:00,519.7063333333333,0.0,2025-01-24T02:20:00,2025-01-24 00:00:00,0.4324,469.546626583901,0.0,469.546626583901,0.0,0.0,10050.0,10050.0,0.0,0.0,0.0,50.1597067494323,0.0,0.0,0.0,0.0,9615.528051152249,9559.795043652879,203.0319613348788,0.0,203.0319613348788
2025-01-24,15,2025-01-24 02:30:00,2025-01-24 02:20:00,510.43,0.0,2025-01-24T02:30:00,2025-01-24 00:00:00,0.4367,459.7433614267102,0.0,459.7433614267102,0.0,0.0,10050.0,10050.0,0.0,0.0,0.0,50.68663857328983,0.0,0.0,0.0,0.0,9559.795043652879,9503.476556349224,200.7699259350443,0.0,200.7699259350443
2025-01-24,16,2025-01-24 02:40:00,2025-01-24 02:30:00,535.9960833333333,0.0,2025-01-24T02:40:00,2025-01-24 00:00:00,0.4348,481.18143773613787,0.0,481.18143773613787,0.0,0.0,10050.0,10050.0,0.0,0.0,0.0,54.814645597195465,0.0,0.0,0.0,0.0,9503.476556349224,9442.571394574563,209.21768912767274,0.0,209.21768912767274
2025-01-24,17,2025-01-24 02:50:00,2025-01-24 02:40:00,556.4173833333333,0.0,2025-01-24T02:50:00,2025-01-24 00:00:00,0.4335,490.07942354686577,0.0,490.07942354686577,0.0,0.0,10050.0,10050.0,0.0,0.0,0.0,66.33795978646754,0.0,0.0,0.0,0.0,9442.571394574563,9368.862550367377,212.44943010756631,0.0,212.44943010756631
2025-01-24,18,2025-01-24 03:00:00,2025-01-24 02:50:00,549.1566666666666,0.0,2025-01-24T03:00:00,2025-01-24 00:00:00,0.4357,480.45378313594796,0.0,480.45378313594796,0.0,0.0,10050.0,10050.0,0.0,0.0,0.0,68.70288353071868,0.0,0.0,0.0,0.0,9368.862550367377,9292.526013111023,209.33371331233252,0.0,209.33371331233252
2025-01-24,19,2025-01-24 03:10:00,2025-01-24 03:00:00,530.5092666666667,0.0,2025-01-24T03:10:00,2025-01-24 00:00:00,0.4374,493.0575253621851,0.0,493.0575253621851,0.0,0.0,10050.0,10050.0,0.0,0.0,0.0,37.45174130448157,0.0,0.0,0.0,0.0,9292.526013111023,9250.912967217155,215.66336159341978,0.0,215.66336159341978
2025-01-24,20,2025-01-24 03:20:00,2025-01-24 03:10:00,511.5433,0.0,2025-01-24T03:20:00,2025-01-24 00:00:00,0.4371,515.371430570438,0.0,515.371430570438,0.0,0.0,10050.0,10050.0,0.0,0.0,3.8281305704379633,0.0,0.0,0.0,0.0,0.0,9250.912967217155,9254.35828473055,225.26885230233842,0.0,225.26885230233842
2025-01-24,21,2025-01-24 03:30:00,2025-01-24 03:20:00,504.66499999999996,0.0,2025-01-24T03:30:00,2025-01-24 00:00:00,0.4356,524.8920729214589,0.0,524.8920729214589,0.0,0.0,10050.0,10050.0,0.0,0.0,20.2270729214589,0.0,0.0,0.0,0.0,0.0,9254.35828473055,9272.562650359863,228.64298696458746,0.0,228.64298696458746
2025-01-24,22,2025-01-24 03:40:00,2025-01-24 03:30:00,515.50355,0.0,2025-01-24T03:40:00,2025-01-24 00:00:00,0.4353,514.1328803834693,0.0,514.1328803834693,0.0,0.0,10050.0,10050.0,0.0,0.0,0.0,1.3706696165306766,0.0,0.0,0.0,0.0,9272.562650359863,9271.039684119274,223.80204283092422,0.0,223.80204283092422
2025-01-24,23,2025-01-24 03:50:00,2025-01-24 03:40:00,512.6111500000001,0.0,2025-01-24T03:50:00,2025-01-24 00:00:00,0.436,518.0575986006235,0.0,518.0575986006235,0.0,0.0,10050.0,10050.0,0.0,0.0,5.446448600623398,0.0,0.0,0.0,0.0,0.0,9271.039684119274,9275.941487859835,225.87311298987183,0.0,225.87311298987183
2025-01-24,24,2025-01-24 04:00:00,2025-01-24 03:50:00,509.31166666666667,0.0,2025-01-24T04:00:00,2025-01-24 00:00:00,0.4378,544.89121972492,0.0,544.89121972492,0.0,0.0,10050.0,10050.0,0.0,0.0,35.57955305825334,0.0,0.0,0.0,0.0,0.0,9275.941487859835,9307.963085612262,238.55337599556998,0.0,238.55337599556998
2025-01-24,25,2025-01-24 04:10:00,2025-01-24 04:00:00,544.4034833333334,0.0,2025-01-24T04:10:00,2025-01-24 00:00:00,0.4401,563.9477200786023,0.0,563.9477200786023,0.0,0.0,10050.0,10050.0,0.0,0.0,19.544236745268904,0.0,0.0,0.0,0.0,0.0,9307.963085612262,9325.552898683005,248.19339160659285,0.0,248.19339160659285
2025-01-24,26,2025-01-24 04:20:00,2025-01-24 04:10:00,547.0269833333333,0.0,2025-01-24T04:20:00,2025-01-24 00:00:00,0.4389,541.1821295663854,0.0,541.1821295663854,0.0,0.0,10050.0,10050.0,0.0,0.0,0.0,5.844853766947949,0.0,0.0,0.0,0.0,9325.552898683005,9319.058616719729,237.52483666668655,0.0,237.52483666668655
2025-01-24,27,2025-01-24 04:30:00,2025-01-24 04:20:00,526.215,0.0,2025-01-24T04:30:00,2025-01-24 00:00:00,0.4364,511.6217660671065,0.0,511.6217660671065,0.0,0.0,10050.0,10050.0,0.0,0.0,0.0,14.593233932893554,0.0,0.0,0.0,0.0,9319.058616719729,9302.843912349847,223.27173871168526,0.0,223.27173871168526
2025-01-24,28,2025-01-24 04:40:00,2025-01-24 04:30:00,558.5363333333333,0.0,2025-01-24T04:40:00,2025-01-24 00:00:00,0.4393,545.0643868236592,0.0,545.0643868236592,0.0,0.0,10050.0,10050.0,0.0,0.0,0.0,13.471946509674126,0.0,0.0,0.0,0.0,9302.843912349847,9287.875082894652,239.4467851316335,0.0,239.4467851316335
2025-01-24,29,2025-01-24 04:50:00,2025-01-24 04:40:00,564.0977666666666,0.0,2025-01-24T04:50:00,2025-01-24 00:00:00,0.4422,575.3106733874862,0.0,575.3106733874862,0.0,0.0,10050.0,10050.0,0.0,0.0,11.212906720819547,0.0,0.0,0.0,0.0,0.0,9287.875082894652,9297.96669894339,254.40237977194639,0.0,254.40237977194639
2025-01-24,30,2025-01-24 05:00:00,2025-01-24 04:50:00,536.4399999999999,0.0,2025-01-24T05:00:00,2025-01-24 00:00:00,0.4395,568.0319029782489,0.0,568.0319029782489,0.0,0.0,10050.0,10050.0,0.0,0.0,31.59190297824898,0.0,0.0,0.0,0.0,0.0,9297.96669894339,9326.399411623814,249.6500213589404,0.0,249.6500213589404
2025-01-24,31,2025-01-24 05:10:00,2025-01-24 05:00:00,549.2923,0.0,2025-01-24T05:10:00,2025-01-24 00:00:00,0.4333,551.3839114097603,0.0,551.3839114097603,0.0,0.0,10050.0,10050.0,0.0,0.0,2.0916114097603895,0.0,0.0,0.0,0.0,0.0,9326.399411623814,9328.281861892598,238.91464881384917,0.0,238.91464881384917
2025-01-24,32,2025-01-24 05:20:00,2025-01-24 05:10:00,546.3291166666667,0.002,2025-01-24T05:20:00,2025-01-24 00:00:00,0.4439,537.2383168525473,0.00185,537.2364668525473,0.0,0.0,10050.0,10050.0,0.0,0.0,0.0,9.090649814119388,0.0,0.0,0.0,0.0,9328.281861892598,9318.18113987691,238.47926763584576,0.0,238.47926763584576
2025-01-24,33,2025-01-24 05:30:00,2025-01-24 05:20:00,531.4533333333333,0.0,2025-01-24T05:30:00,2025-01-24 00:00:00,0.4301,539.7592492298817,0.0,539.7592492298817,0.0,0.0,10050.0,10050.0,0.0,0.0,8.305915896548413,0.0,0.0,0.0,0.0,0.0,9318.18113987691,9325.656464183803,232.1504530937721,0.0,232.1504530937721
2025-01-24,34,2025-01-24 05:40:00,2025-01-24 05:30:00,565.2482166666667,0.0,2025-01-24T05:40:00,2025-01-24 00:00:00,0.3713,565.3927994992434,0.0,1398.7261328325767,833.3333333333333,0.0,10050.0,10800.0,0.0,1.0,833.3333333333334,0.0,0.0,0.14458283257658877,0.14458283257658877,0.0,9325.656464183803,10075.656464183803,519.3470131207357,0.0,519.3470131207357
2025-01-24,35,2025-01-24 05:50:00,2025-01-24 05:40:00,564.5728833333334,0.027933333333333334,2025-01-24T05:50:00,2025-01-24 00:00:00,0.5708,564.332372415609,0.025716666666666665,564.3066557489424,0.0,-0.0,10800.0,10800.0,0.0,0.0,0.0,0.23829425105770952,0.0,0.0,0.0,0.0,10075.656464183803,10075.391692793739,322.10623910149627,0.0,322.10623910149627
2025-01-24,36,2025-01-24 06:00:00,2025-01-24 05:50:00,534.9383333333334,0.0,2025-01-24T06:00:00,2025-01-24 00:00:00,0.9099,540.9390921569852,0.0,0.0,0.0,540.9390921569852,10800.0,10198.956564270016,0.0,0.0,0.0,534.9383333333334,0.0,0.0,0.0,0.0,10075.391692793739,9481.015766867813,0.0,0.0,0.0
2025-01-24,37,2025-01-24 06:10:00,2025-01-24 06:00:00,564.3955833333333,0.0,2025-01-24T06:10:00,2025-01-24 00:00:00,0.9368,548.0252245181522,0.0,0.0,0.0,548.0252245181522,10198.956564270016,9590.039648138736,0.0,0.0,0.0,564.3955833333333,0.0,0.0,0.0,0.0,9481.015766867813,8853.909563164108,0.0,0.0,0.0
2025-01-24,38,2025-01-24 06:20:00,2025-01-24 06:10:00,573.2618666666666,0.38904999999999995,2025-01-24T06:20:00,2025-01-24 00:00:00,0.8758,560.1184044600623,0.35823333333333335,0.0,0.0,559.7601711267289,9590.039648138736,8968.083902442371,0.0,0.0,0.0,572.8728166666666,0.0,0.0,0.0,0.0,8853.909563164108,8217.384211312257,0.0,0.0,0.0
2025-01-24,39,2025-01-24 06:30:00,2025-01-24 06:20:00,542.495,0.0,2025-01-24T06:30:00,2025-01-24 00:00:00,0.8759,557.4976557229558,0.0,0.0,0.0,557.4976557229558,8968.083902442371,8348.642062750198,0.0,0.0,0.0,542.495,0.0,0.0,0.0,0.0,8217.384211312257,7614.611989090035,0.0,0.0,0.0
2025-01-24,40,2025-01-24 06:40:00,2025-01-24 06:30:00,543.57235,0.0,2025-01-24T06:40:00,2025-01-24 00:00:00,0.8601,553.8168061422176,0.0,0.0,0.0,553.8168061422176,8348.642062750198,7733.290055925511,0.0,0.0,0.0,543.57235,0.0,0.0,0.0,0.0,7614.611989090035,7010.642711312257,0.0,0.0,0.0
2025-01-24,41,2025-01-24 06:50:00,2025-01-24 06:40:00,592.1324000000001,6.705616666666667,2025-01-24T06:50:00,2025-01-24 00:00:00,0.8442,588.9032891997839,6.152983333333334,0.0,0.0,582.7503058664506,7733.290055925511,7085.789716073899,0.0,0.0,0.0,585.4267833333334,0.0,0.0,0.0,0.0,7010.642711312257,6360.168507608553,0.0,0.0,0.0
2025-01-24,42,2025-01-24 07:00:00,2025-01-24 06:50:00,640.9583333333334,34.74375,2025-01-24T07:00:00,2025-01-24 00:00:00,0.8334,639.8452174722172,31.412499999999998,0.0,0.0,608.4327174722172,7085.789716073899,6409.753363326991,0.0,0.0,0.0,606.2145833333334,0.0,0.0,0.0,0.0,6360.168507608553,5686.596748349294,0.0,0.0,0.0
2025-01-24,43,2025-01-24 07:10:00,2025-01-24 07:00:00,629.20325,78.79588333333334,2025-01-24T07:10:00,2025-01-24 00:00:00,0.8092,641.9862740700199,70.72971666666668,0.0,0.0,571.2565574033532,6409.753363326991,5775.023855101043,0.0,0.0,0.0,550.4073666666667,0.0,0.0,0.0,0.0,5686.596748349294,5075.033007608554,0.0,0.0,0.0
2025-01-24,44,2025-01-24 07:20:00,2025-01-24 07:10:00,628.8235833333333,122.71381666666667,2025-01-24T07:20:00,2025-01-24 00:00:00,0.7972,637.4567579267766,112.4101,0.0,0.0,525.0466579267766,5775.023855101043,5191.638679626847,0.0,0.0,0.0,506.10976666666664,0.0,0.0,0.0,0.0,5075.033007608554,4512.688822423369,0.0,0.0,0.0
2025-01-24,45,2025-01-24 07:30:00,2025-01-24 07:20:00,661.5666666666667,160.84375,2025-01-24T07:30:00,2025-01-24 00:00:00,0.7644,645.3298705666051,153.49375,0.0,0.0,491.83612056660513,5191.638679626847,4645.154101219508,0.0,0.0,0.0,500.7229166666667,0.0,0.0,0.0,0.0,4512.688822423369,3956.3300261270724,0.0,0.0,0.0
2025-01-24,46,2025-01-24 07:40:00,2025-01-24 07:30:00,674.04545,200.75055,2025-01-24T07:40:00,2025-01-24 00:00:00,0.6899,645.9836730886184,199.57706666666664,77.95559860367155,0.0,368.45100781828023,4645.154101219508,4235.76409253253,0.0,0.0,0.0,395.33930139632844,0.0,0.0,0.0,0.0,3956.3300261270724,3517.0641356867077,53.781567476673,0.0,53.781567476673
2025-01-24,47,2025-01-24 07:50:00,2025-01-24 07:40:00,649.7603166666667,247.99456666666666,2025-01-24T07:50:00,2025-01-24 00:00:00,0.86,664.8855505451613,247.50738333333334,0.0,0.0,417.378167211828,4235.76409253253,3772.010573408277,0.0,0.0,0.0,401.76575,0.0,0.0,0.0,0.0,3517.0641356867077,3070.6577467978186,0.0,0.0,0.0
2025-01-24,48,2025-01-24 08:00:00,2025-01-24 07:50:00,620.7166666666667,301.15000000000003,2025-01-24T08:00:00,2025-01-24 00:00:00,1.1617,689.7817210241786,297.28749999999997,0.0,0.0,392.49422102417867,3772.010573408277,3335.905883381412,0.0,0.0,0.0,319.56666666666666,0.0,0.0,0.0,0.0,3070.6577467978186,2715.5836727237447,0.0,0.0,0.0
2025-01-24,49,2025-01-24 08:10:00,2025-01-24 08:00:00,629.9628166666666,351.2917,2025-01-24T08:10:00,2025-01-24 00:00:00,1.1683,677.4614867966599,350.6774666666667,0.0,0.0,326.78402012999317,3335.905883381412,2972.8125276814194,0.0,0.0,0.0,278.67111666666665,0.0,0.0,0.0,0.0,2715.5836727237447,2405.9490986496708,0.0,0.0,0.0
2025-01-24,50,2025-01-24 08:20:00,2025-01-24 08:10:00,615.6964666666667,385.91563333333335,2025-01-24T08:20:00,2025-01-24 00:00:00,1.0956,657.7084476639583,395.1239,0.0,0.0,262.5845476639583,2972.8125276814194,2681.05191916591,0.0,0.0,0.0,229.7808333333333,0.0,0.0,0.0,0.0,2405.9490986496708,2150.6370616126337,0.0,0.0,0.0
2025-01-24,51,2025-01-24 08:30:00,2025-01-24 08:20:00,590.0716666666666,416.23125,2025-01-24T08:30:00,2025-01-24 00:00:00,1.0849,647.8835132113484,425.88124999999997,0.0,0.0,222.0022632113484,2681.05191916591,2434.382737819967,0.0,0.0,0.0,173.8404166666666,0.0,0.0,0.0,0.0,2150.6370616126337,1957.4810430941152,0.0,0.0,0.0
2025-01-24,52,2025-01-24 08:40:00,2025-01-24 08:30:00,632.6896833333334,467.7444666666667,2025-01-24T08:40:00,2025-01-24 00:00:00,1.061,646.9669819881185,451.7529333333334,0.0,0.0,195.21404865478513,2434.382737819967,2217.47823931465,0.0,0.0,0.0,164.94521666666668,0.0,0.0,0.0,0.0,1957.4810430941152,1774.2085801311523,0.0,0.0,0.0
2025-01-24,53,2025-01-24 08:50:00,2025-01-24 08:40:00,692.3518666666668,525.3794,2025-01-24T08:50:00,2025-01-24 00:00:00,1.043,701.2259335782875,489.05755,0.0,0.0,212.1683835782875,2217.47823931465,1981.735590894331,0.0,0.0,0.0,166.97246666666672,0.0,0.0,0.0,0.0,1774.2085801311523,1588.6836171681894,0.0,0.0,0.0
2025-01-24,54,2025-01-24 09:00:00,2025-01-24 08:50:00,724.3883333333333,572.4499999999999,2025-01-24T09:00:00,2025-01-24 00:00:00,1.036,776.853748054634,535.49375,0.0,0.0,241.35999805463405,1981.735590894331,1713.5578152780708,0.0,0.0,0.0,151.9383333333334,0.0,0.0,0.0,0.0,1588.6836171681894,1419.8632467978189,0.0,0.0,0.0
2025-01-24,55,2025-01-24 09:10:00,2025-01-24 09:00:00,732.8120166666666,607.1135833333334,2025-01-24T09:10:00,2025-01-24 00:00:00,1.0147,782.1381847239238,575.7244166666667,0.0,0.0,206.41376805725713,1713.5578152780708,1484.2091841033407,0.0,0.0,0.0,125.69843333333324,0.0,0.0,0.0,0.0,1419.8632467978189,1280.198320871893,0.0,0.0,0.0
2025-01-24,56,2025-01-24 09:20:00,2025-01-24 09:10:00,752.8027999999999,650.7029666666666,2025-01-24T09:20:00,2025-01-24 00:00:00,0.9922,760.9701568074257,622.9164833333333,0.0,0.0,138.05367347409242,1484.2091841033407,1330.8162135765713,0.0,0.0,0.0,72.17848878470367,29.921344548629648,0.0,0.0,0.0,1280.198320871893,1200.0,0.0,148.4397903057517,148.4397903057517
2025-01-24,57,2025-01-24 09:30:00,2025-01-24 09:20:00,776.1966666666667,707.9812499999999,2025-01-24T09:30:00,2025-01-24 00:00:00,0.97,752.8552712966525,678.36875,0.0,0.0,74.48652129665254,1330.8162135765713,1248.0534121358462,0.0,0.0,0.0,0.0,68.21541666666678,0.0,0.0,0.0,1200.0,1200.0,0.0,330.8447708333339,330.8447708333339
2025-01-24,58,2025-01-24 09:40:00,2025-01-24 09:30:00,760.6325,763.7952166666668,2025-01-24T09:40:00,2025-01-24 00:00:00,0.9422,757.1395482034186,725.8994666666667,0.0,0.0,31.24008153675186,1248.0534121358462,1213.342210428344,0.0,0.0,3.162716666666711,0.0,0.0,0.0,0.0,0.0,1200.0,1202.8464450000001,0.0,0.0,0.0
2025-01-24,59,2025-01-24 09:50:00,2025-01-24 09:40:00,729.4942666666667,812.8478833333334,2025-01-24T09:50:00,2025-01-24 00:00:00,0.9569,769.1318060521763,757.1238166666667,0.0,0.0,12.007989385509632,1213.342210428344,1200.0,0.0,0.0,83.35361666666665,0.0,0.0,0.0,0.0,0.0,1202.8464450000001,1277.8647,0.0,0.0,0.0
2025-01-24,60,2025-01-24 10:00:00,2025-01-24 09:50:00,717.7866666666667,862.875,2025-01-24T10:00:00,2025-01-24 00:00:00,0.9977,769.9658471795794,785.0875,0.0,15.121652820420536,0.0,1200.0,1213.6094875383785,0.0,1.0,145.08833333333325,0.0,0.0,0.0,0.0,0.0,1277.8647,1408.4442,0.0,0.0,0.0
2025-01-24,61,2025-01-24 10:10:00,2025-01-24 10:00:00,737.9810666666667,926.5346666666666,2025-01-24T10:10:00,2025-01-24 00:00:00,0.9919,744.3948672284923,828.2179,0.0,83.82303277150766,0.0,1213.6094875383785,1289.0502170327354,0.0,1.0,188.55359999999985,0.0,0.0,0.0,0.0,0.0,1408.4442,1578.1424399999999,0.0,0.0,0.0
2025-01-24,62,2025-01-24 10:20:00,2025-01-24 10:10:00,737.15715,993.7770666666667,2025-01-24T10:20:00,2025-01-24 00:00:00,0.9588,742.8189582583643,851.40085,0.0,108.58189174163567,0.0,1289.0502170327354,1386.7739196002076,0.0,1.0,256.61991666666665,0.0,0.0,0.0,0.0,0.0,1578.1424399999999,1809.1003649999998,0.0,0.0,0.0
2025-01-24,63,2025-01-24 10:30:00,2025-01-24 10:20:00,720.0783333333334,1023.7062500000001,2025-01-24T10:30:00,2025-01-24 00:00:00,0.9549,758.9254531993212,851.69375,0.0,92.76829680067885,0.0,1386.7739196002076,1470.2653867208185,0.0,1.0,303.6279166666667,0.0,0.0,0.0,0.0,0.0,1809.1003649999998,2082.3654899999997,0.0,0.0,0.0
2025-01-24,64,2025-01-24 10:40:00,2025-01-24 10:30:00,739.6628999999999,987.4275666666667,2025-01-24T10:40:00,2025-01-24 00:00:00,0.9839,739.3078878975565,865.31075,0.0,126.00286210244349,0.0,1470.2653867208185,1583.6679626130176,0.0,1.0,247.7646666666668,0.0,0.0,0.0,0.0,0.0,2082.3654899999997,2305.35369,0.0,0.0,0.0
2025-01-24,65,2025-01-24 10:50:00,2025-01-24 10:40:00,748.1690166666667,998.3505,2025-01-24T10:50:00,2025-01-24 00:00:00,0.799,731.9432984072738,900.8378333333334,0.0,168.89453492605958,0.0,1583.6679626130176,1735.6730440464712,0.0,1.0,250.1814833333333,0.0,0.0,0.0,0.0,0.0,2305.35369,2530.517025,0.0,0.0,0.0
2025-01-24,66,2025-01-24 11:00:00,2025-01-24 10:50:00,731.2600000000001,1070.9624999999999,2025-01-24T11:00:00,2025-01-24 00:00:00,0.5025,735.0411675639707,932.59375,0.0,197.5525824360293,0.0,1735.6730440464712,1913.4703682388977,0.0,1.0,339.70249999999976,0.0,0.0,0.0,0.0,0.0,2530.517025,2836.249275,0.0,0.0,0.0
2025-01-24,67,2025-01-24 11:10:00,2025-01-24 11:00:00,720.4268166666667,1108.1226166666668,2025-01-24T11:10:00,2025-01-24 00:00:00,0.4662,698.878181153828,929.12215,603.0893644871612,833.3333333333333,0.0,1913.4703682388977,2663.4703682388977,0.0,1.0,833.3333333333334,0.0,0.0,157.45183115382792,157.45183115382792,0.0,2836.249275,3586.249275,281.1602617239146,0.0,281.1602617239146
2025-01-24,68,2025-01-24 11:20:00,2025-01-24 11:10:00,694.97375,1106.1639499999999,2025-01-24T11:20:00,2025-01-24 00:00:00,0.5007,682.6655137777669,940.0169500000001,242.0295791128313,499.38101533506443,0.0,2663.4703682388977,3112.9132820404557,0.0,1.0000000000000016,653.2197791128311,0.0,0.0,0.0,0.0,0.0,3586.249275,4174.147076201548,121.18421026179465,0.0,121.18421026179465
2025-01-24,69,2025-01-24 11:30:00,2025-01-24 11:20:00,666.8000000000001,1106.6125,2025-01-24T11:30:00,2025-01-24 00:00:00,0.4827,705.2310987428875,960.85,577.7144320762208,833.3333333333333,0.0,3112.9132820404557,3862.9132820404557,0.0,1.0,833.3333333333334,0.0,0.0,184.19359874288716,184.19359874288716,0.0,4174.147076201548,4924.147076201548,278.86275636319175,0.0,278.86275636319175
2025-01-24,70,2025-01-24 11:40:00,2025-01-24 11:30:00,676.4565666666666,1144.1611500000001,2025-01-24T11:40:00,2025-01-24 00:00:00,0.4785,723.8338958817802,940.3385166666667,616.8287125484468,833.3333333333333,0.0,3862.9132820404557,4612.913282040456,0.0,1.0,833.3333333333334,0.0,0.0,251.19996254844693,251.19996254844693,0.0,4924.147076201548,5674.147076201548,295.1525389544318,0.0,295.1525389544318
2025-01-24,71,2025-01-24 11:50:00,2025-01-24 11:40:00,694.6268333333334,1148.8335833333333,2025-01-24T11:50:00,2025-01-24 00:00:00,0.4662,723.9865517255754,934.5943333333333,622.7255517255753,833.3333333333333,0.0,4612.913282040456,5362.913282040456,0.0,1.0,833.3333333333334,0.0,0.0,243.59896839224177,243.59896839224177,0.0,5674.147076201548,6424.147076201548,290.3146522144632,0.0,290.3146522144632
2025-01-24,72,2025-01-24 12:00:00,2025-01-24 11:50:00,689.9766666666666,1116.1125,2025-01-24T12:00:00,2025-01-24 00:00:00,0.4432,715.511545343531,947.6437500000001,601.2011286768642,833.3333333333333,0.0,5362.913282040456,6112.913282040456,0.0,1.0,833.3333333333334,0.0,0.0,194.0036286768642,194.0036286768642,0.0,6424.147076201548,7174.147076201548,266.4523402295862,0.0,266.4523402295862
2025-01-24,73,2025-01-24 12:10:00,2025-01-24 12:00:00,664.96145,1110.72975,2025-01-24T12:10:00,2025-01-24 00:00:00,0.4411,712.5891134680415,927.4323166666667,618.4901301347081,833.3333333333333,0.0,6112.913282040456,6862.913282040456,0.0,1.0,833.3333333333334,0.0,0.0,230.9250968013747,230.9250968013747,0.0,7174.147076201548,7924.147076201548,272.8159964024197,0.0,272.8159964024197
2025-01-24,74,2025-01-24 12:20:00,2025-01-24 12:10:00,688.3564500000001,1108.6275666666668,2025-01-24T12:20:00,2025-01-24 00:00:00,0.4551,683.6617635201139,914.4241333333333,602.5709635201139,833.3333333333333,0.0,6862.913282040456,7612.913282040456,0.0,1.0,833.3333333333334,0.0,0.0,189.5087468534473,189.5087468534473,0.0,7924.147076201548,8674.147076201549,274.23004549800385,0.0,274.23004549800385
2025-01-24,75,2025-01-24 12:30:00,2025-01-24 12:20:00,731.4616666666667,1099.2375,2025-01-24T12:30:00,2025-01-24 00:00:00,0.4463,649.4446384572874,923.6374999999999,559.1404717906207,833.3333333333333,0.0,7612.913282040456,8362.913282040456,0.0,1.0,833.3333333333334,0.0,0.0,93.5829717906206,93.5829717906206,0.0,8674.147076201549,9424.147076201549,249.54439256015402,0.0,249.54439256015402
2025-01-24,76,2025-01-24 12:40:00,2025-01-24 12:30:00,698.3249999999999,1097.1969666666666,2025-01-24T12:40:00,2025-01-24 00:00:00,0.4113,665.9811058167933,926.4749333333333,572.8395058167932,833.3333333333333,0.0,8362.913282040456,9112.913282040456,0.0,1.0,833.3333333333334,0.0,0.0,138.37813915012657,138.37813915012657,0.0,9424.147076201549,10174.147076201549,235.60888874244705,0.0,235.60888874244705
2025-01-24,77,2025-01-24 12:50:00,2025-01-24 12:40:00,674.6365666666667,1072.8165833333335,2025-01-24T12:50:00,2025-01-24 00:00:00,0.5682,678.2032693308511,918.0123833333333,0.0,239.80911400248226,0.0,9112.913282040456,9328.74148464269,0.0,1.0,398.1800166666668,0.0,0.0,0.0,0.0,0.0,10174.147076201549,10532.50909120155,0.0,0.0,0.0
2025-01-24,78,2025-01-24 13:00:00,2025-01-24 12:50:00,681.9716666666667,1022.1,2025-01-24T13:00:00,2025-01-24 00:00:00,0.8279,673.7472425157843,907.2624999999999,0.0,233.51525748421568,0.0,9328.74148464269,9538.905216378484,0.0,1.0,297.2121208871674,0.0,0.0,42.91621244616596,0.0,42.91621244616596,10532.50909120155,10800.0,0.0,0.0,0.0
2025-01-24,79,2025-01-24 13:10:00,2025-01-24 13:00:00,657.50885,974.8032166666667,2025-01-24T13:10:00,2025-01-24 00:00:00,0.8636,689.1760421311737,903.1456166666667,0.0,213.96957453549294,0.0,9538.905216378484,9731.477833460427,0.0,1.0,0.0,0.0,0.0,317.29436666666663,0.0,317.29436666666663,10800.0,10800.0,0.0,0.0,0.0
2025-01-24,80,2025-01-24 13:20:00,2025-01-24 13:10:00,641.7534333333333,946.0283333333333,2025-01-24T13:20:00,2025-01-24 00:00:00,0.8416,675.5293503622884,885.56795,0.0,210.03859963771163,0.0,9731.477833460427,9920.512573134367,0.0,1.0,0.0,0.0,0.0,304.2749,0.0,304.2749,10800.0,10800.0,0.0,0.0,0.0
2025-01-24,81,2025-01-24 13:30:00,2025-01-24 13:20:00,652.365,925.15,2025-01-24T13:30:00,2025-01-24 00:00:00,0.8618,641.409071583746,855.6437500000001,0.0,214.23467841625404,0.0,9920.512573134367,10113.323783708996,0.0,1.0,0.0,0.0,0.0,272.78499999999997,0.0,272.78499999999997,10800.0,10800.0,0.0,0.0,0.0
2025-01-24,82,2025-01-24 13:40:00,2025-01-24 13:30:00,662.5607333333334,889.9290833333333,2025-01-24T13:40:00,2025-01-24 00:00:00,0.8623,648.696717383897,835.1390333333334,0.0,186.44231594943642,0.0,10113.323783708996,10281.121868063488,0.0,1.0,0.0,0.0,0.0,227.36834999999996,0.0,227.36834999999996,10800.0,10800.0,0.0,0.0,0.0
2025-01-24,83,2025-01-24 13:50:00,2025-01-24 13:40:00,667.2004000000001,857.0432833333333,2025-01-24T13:50:00,2025-01-24 00:00:00,0.9026,655.8223251626777,814.8970666666668,0.0,159.07474150398912,0.0,10281.121868063488,10424.289135417079,0.0,1.0,0.0,0.0,0.0,189.84288333333325,0.0,189.84288333333325,10800.0,10800.0,0.0,0.0,0.0
2025-01-24,84,2025-01-24 14:00:00,2025-01-24 13:50:00,663.3149999999999,824.7062500000001,2025-01-24T14:00:00,2025-01-24 00:00:00,0.9754,647.5110176419613,792.3937500000001,0.0,144.88273235803877,0.0,10424.289135417079,10554.683594539314,0.0,1.0,0.0,0.0,0.0,161.39125000000013,0.0,161.39125000000013,10800.0,10800.0,0.0,0.0,0.0
2025-01-24,85,2025-01-24 14:10:00,2025-01-24 14:00:00,649.2600666666666,773.7347,2025-01-24T14:10:00,2025-01-24 00:00:00,1.0002,649.4859317056754,773.11915,0.0,123.63321829432459,0.0,10554.683594539314,10665.953491004206,0.0,1.0,0.0,0.0,0.0,124.47463333333337,0.0,124.47463333333337,10800.0,10800.0,0.0,0.0,0.0
2025-01-24,86,2025-01-24 14:20:00,2025-01-24 14:10:00,642.5883333333334,727.8385833333333,2025-01-24T14:20:00,2025-01-24 00:00:00,0.9978,641.4109835363378,737.3382166666667,0.0,95.92723313032889,0.0,10665.953491004206,10752.288000821502,0.0,1.0,0.0,0.0,0.0,85.25024999999994,0.0,85.25024999999994,10800.0,10800.0,0.0,0.0,0.0
2025-01-24,87,2025-01-24 14:30:00,2025-01-24 14:20:00,637.215,693.4562500000001,2025-01-24T14:30:00,2025-01-24 00:00:00,1.0271,638.2804175794457,691.2937499999999,0.0,53.01333242055421,0.0,10752.288000821502,10800.0,0.0,1.0,0.0,0.0,0.0,56.241250000000036,0.0,56.241250000000036,10800.0,10800.0,0.0,0.0,0.0
2025-01-24,88,2025-01-24 14:40:00,2025-01-24 14:30:00,615.52265,656.2666166666667,2025-01-24T14:40:00,2025-01-24 00:00:00,1.0906,674.1017763391947,659.5374833333334,0.0,0.0,14.56429300586126,10800.0,10783.81745221571,0.0,0.0,0.0,0.0,0.0,40.743966666666665,0.0,40.743966666666665,10800.0,10800.0,0.0,0.0,0.0
2025-01-24,89,2025-01-24 14:50:00,2025-01-24 14:40:00,623.86395,630.6865,2025-01-24T14:50:00,2025-01-24 00:00:00,0.9376,674.0260544486445,612.1771,0.0,0.0,61.84895444864446,10783.81745221571,10715.096391717216,0.0,0.0,0.0,0.0,0.0,6.822549999999978,0.0,6.822549999999978,10800.0,10800.0,0.0,0.0,0.0
2025-01-24,90,2025-01-24 15:00:00,2025-01-24 14:50:00,638.1466666666666,605.5500000000001,2025-01-24T15:00:00,2025-01-24 00:00:00,0.6694,644.7174223417516,553.1750000000001,91.54242234175149,0.0,0.0,10715.096391717216,10715.096391717216,0.0,0.0,0.0,0.0,0.0,58.94575567508491,58.94575567508491,0.0,10800.0,10800.0,61.278497515568446,0.0,61.278497515568446
2025-01-24,91,2025-01-24 15:10:00,2025-01-24 15:00:00,591.0265,551.2903333333334,2025-01-24T15:10:00,2025-01-24 00:00:00,0.66,663.1501081502316,519.2198166666667,238.26763401999187,94.33734253642696,0.0,10715.096391717216,10800.0,0.0,1.0,0.0,0.0,0.0,198.53146735332518,198.53146735332518,0.0,10800.0,10800.0,157.25663845319465,0.0,157.25663845319465
2025-01-24,92,2025-01-24 15:20:00,2025-01-24 15:10:00,583.42675,495.84501666666665,2025-01-24T15:20:00,2025-01-24 00:00:00,0.7217,655.0041909393316,487.61758333333336,167.38660760599822,0.0,0.0,10800.0,10800.0,0.0,0.0,0.0,0.0,0.0,79.80487427266496,79.80487427266496,0.0,10800.0,10800.0,120.80291470924892,0.0,120.80291470924892
2025-01-24,93,2025-01-24 15:30:00,2025-01-24 15:20:00,629.025,454.48125,2025-01-24T15:30:00,2025-01-24 00:00:00,0.7308,608.3910579186313,443.09375,165.2973079186313,0.0,0.0,10800.0,10800.0,0.0,0.0,0.0,9.246442081368627,0.0,0.0,0.0,0.0,10800.0,10789.726175465146,120.79927262693576,0.0,120.79927262693576
2025-01-24,94,2025-01-24 15:40:00,2025-01-24 15:30:00,636.5458166666666,414.02448333333336,2025-01-24T15:40:00,2025-01-24 00:00:00,0.7534,592.7588761990371,394.4701,198.2887761990371,0.0,0.0,10800.0,10800.0,0.0,0.0,0.0,24.232557134296144,0.0,0.0,0.0,0.0,10789.726175465146,10762.801111982595,149.39076398835454,0.0,149.39076398835454
2025-01-24,95,2025-01-24 15:50:00,2025-01-24 15:40:00,615.84585,358.4043833333333,2025-01-24T15:50:00,2025-01-24 00:00:00,0.7823,597.423836391282,354.89006666666666,242.5337697246153,0.0,0.0,10800.0,10800.0,0.0,0.0,0.0,14.907696942051416,0.0,0.0,0.0,0.0,10762.801111982595,10746.237004269205,189.73416805556656,0.0,189.73416805556656
2025-01-24,96,2025-01-24 16:00:00,2025-01-24 15:50:00,600.7683333333333,299.15000000000003,2025-01-24T16:00:00,2025-01-24 00:00:00,0.8055,598.335379966698,317.83125,280.50412996669803,0.0,0.0,10800.0,10800.0,0.0,0.0,0.0,21.11420336663525,0.0,0.0,0.0,0.0,10746.237004269205,10722.776778306277,225.94607668817525,0.0,225.94607668817525
2025-01-24,97,2025-01-24 16:10:00,2025-01-24 16:00:00,606.7030166666667,262.59835,2025-01-24T16:10:00,2025-01-24 00:00:00,0.8271,587.1676945370535,264.2705833333333,322.8971112037202,0.0,-0.0,10800.0,10800.0,0.0,0.0,0.0,21.207555462946516,0.0,0.0,0.0,0.0,10722.776778306277,10699.212827791893,267.068200676597,0.0,267.068200676597
2025-01-24,98,2025-01-24 16:20:00,2025-01-24 16:10:00,589.4639833333333,223.53003333333334,2025-01-24T16:20:00,2025-01-24 00:00:00,0.8519,586.4182819350293,206.73476666666667,379.6835152683626,0.0,-0.0,10800.0,10800.0,0.0,0.0,13.74956526836263,0.0,0.0,0.0,0.0,0.0,10699.212827791893,10711.587436533418,323.4523866571181,0.0,323.4523866571181
2025-01-24,99,2025-01-24 16:30:00,2025-01-24 16:20:00,565.6750000000001,173.11249999999998,2025-01-24T16:30:00,2025-01-24 00:00:00,0.8791,604.5699366520646,156.0625,448.5074366520646,0.0,-0.0,10800.0,10800.0,0.0,0.0,55.944936652064484,0.0,0.0,0.0,0.0,0.0,10711.587436533418,10761.937879520276,394.28288756083,0.0,394.28288756083
2025-01-24,100,2025-01-24 16:40:00,2025-01-24 16:30:00,583.1896333333333,126.98178333333334,2025-01-24T16:40:00,2025-01-24 00:00:00,0.9024,616.0291775248547,112.03448333333334,503.9946941915214,0.0,-0.0,10800.0,10800.0,0.0,0.0,42.29124497747156,0.0,0.0,5.495599214049925,5.495599214049925,0.0,10761.937879520276,10800.0,454.8048120384289,0.0,454.8048120384289
2025-01-24,101,2025-01-24 16:50:00,2025-01-24 16:40:00,521.2194666666667,80.8326,2025-01-24T16:50:00,2025-01-24 00:00:00,0.9163,551.2211246029781,69.76148333333333,481.45964126964475,0.0,-0.0,10800.0,10800.0,0.0,0.0,0.0,0.0,0.0,41.07277460297803,41.07277460297803,0.0,10800.0,10800.0,441.16146929537547,0.0,441.16146929537547
2025-01-24,102,2025-01-24 17:00:00,2025-01-24 16:50:00,423.76500000000004,36.86875,2025-01-24T17:00:00,2025-01-24 00:00:00,0.9264,461.40152439835657,31.46875,429.93277439835657,0.0,-0.0,10800.0,10800.0,0.0,0.0,0.0,0.0,0.0,43.036524398356505,43.036524398356505,0.0,10800.0,10800.0,398.2897222026375,0.0,398.2897222026375
2025-01-24,103,2025-01-24 17:10:00,2025-01-24 17:00:00,461.1766,7.42335,2025-01-24T17:10:00,2025-01-24 00:00:00,0.9462,471.75808413586856,6.297366666666666,465.4607174692019,0.0,0.0,10800.0,10800.0,0.0,0.0,0.0,0.0,0.0,11.707467469201902,11.707467469201902,0.0,10800.0,10800.0,440.41893086935886,0.0,440.41893086935886
2025-01-24,104,2025-01-24 17:20:00,2025-01-24 17:10:00,486.10606666666666,0.0,2025-01-24T17:20:00,2025-01-24 00:00:00,0.9742,482.3625346599746,0.0,482.3625346599746,0.0,-0.0,10800.0,10800.0,0.0,0.0,0.0,3.743532006692078,0.0,0.0,0.0,0.0,10800.0,10795.840519992564,469.91758126574723,0.0,469.91758126574723
2025-01-24,105,2025-01-24 17:30:00,2025-01-24 17:20:00,452.08,0.0,2025-01-24T17:30:00,2025-01-24 00:00:00,0.9862,460.89807724972405,0.0,460.89807724972405,0.0,-0.0,10800.0,10800.0,0.0,0.0,4.621644452706985,0.0,0.0,4.196432797017085,4.196432797017085,0.0,10795.840519992564,10800.0,454.53768378367783,0.0,454.53768378367783
2025-01-24,106,2025-01-24 17:40:00,2025-01-24 17:30:00,456.4164333333333,0.43493333333333334,2025-01-24T17:40:00,2025-01-24 00:00:00,0.976,471.7230143446838,0.36845,471.3545643446838,0.0,0.0,10800.0,10800.0,0.0,0.0,0.0,0.0,0.0,15.373064344683826,15.373064344683826,0.0,10800.0,10800.0,460.0420548004114,0.0,460.0420548004114
2025-01-24,107,2025-01-24 17:50:00,2025-01-24 17:40:00,445.5973166666667,0.0,2025-01-24T17:50:00,2025-01-24 00:00:00,1.0742,467.7592037173272,0.0,107.28098989363951,0.0,360.47821382368767,10800.0,10399.468651307014,0.0,0.0,0.0,338.3163267730272,0.0,0.0,0.0,0.0,10800.0,10424.092970252192,115.24123934374757,0.0,115.24123934374757
2025-01-24,108,2025-01-24 18:00:00,2025-01-24 17:50:00,424.8666666666666,0.0,2025-01-24T18:00:00,2025-01-24 00:00:00,1.2313,445.697328844647,0.0,-0.0,0.0,445.697328844647,10399.468651307014,9904.249397035184,0.0,0.0,0.0,424.8666666666666,0.0,0.0,0.0,0.0,10424.092970252192,9952.018896178117,-0.0,0.0,0.0
2025-01-24,109,2025-01-24 18:10:00,2025-01-24 18:00:00,460.64823333333334,0.031233333333333335,2025-01-24T18:10:00,2025-01-24 00:00:00,1.2561,453.76772525159544,0.02645,0.0,0.0,453.7412752515954,9904.249397035184,9400.092424533412,0.0,0.0,0.0,460.617,0.0,0.0,0.0,0.0,9952.018896178117,9440.22222951145,0.0,0.0,0.0
2025-01-24,110,2025-01-24 18:20:00,2025-01-24 18:10:00,474.80753333333337,0.0,2025-01-24T18:20:00,2025-01-24 00:00:00,1.2447,456.28765683773713,0.0,0.0,0.0,456.28765683773713,9400.092424533412,8893.106139158148,0.0,0.0,0.0,474.80753333333337,0.0,0.0,0.0,0.0,9440.22222951145,8912.658303585524,0.0,0.0,0.0
2025-01-24,111,2025-01-24 18:30:00,2025-01-24 18:20:00,457.39000000000004,0.0,2025-01-24T18:30:00,2025-01-24 00:00:00,1.2545,440.14814093367954,0.0,0.0,0.0,440.14814093367954,8893.106139158148,8404.052649231837,0.0,0.0,0.0,457.39000000000004,0.0,0.0,0.0,0.0,8912.658303585524,8404.447192474412,0.0,0.0,0.0
2025-01-24,112,2025-01-24 18:40:00,2025-01-24 18:30:00,474.1992666666667,0.00225,2025-01-24T18:40:00,2025-01-24 00:00:00,1.2522,433.5452880749628,0.0019,0.0,0.0,433.5433880749628,8404.052649231837,7922.33777359299,0.0,0.0,0.0,474.1970166666667,0.0,0.0,0.0,0.0,8404.447192474412,7877.561618400338,0.0,0.0,0.0
2025-01-24,113,2025-01-24 18:50:00,2025-01-24 18:40:00,475.71908333333334,0.0,2025-01-24T18:50:00,2025-01-24 00:00:00,1.2881,451.1730479040455,0.0,0.0,0.0,451.1730479040455,7922.33777359299,7421.034387032939,0.0,0.0,0.0,475.71908333333334,0.0,0.0,0.0,0.0,7877.561618400338,7348.984859141079,0.0,0.0,0.0
2025-01-24,114,2025-01-24 19:00:00,2025-01-24 18:50:00,456.47499999999997,0.0,2025-01-24T19:00:00,2025-01-24 00:00:00,1.3466,474.1585756433203,0.0,0.0,0.0,474.1585756433203,7421.034387032939,6894.191525207028,0.0,0.0,0.0,456.47499999999997,0.0,0.0,0.0,0.0,7348.984859141079,6841.790414696635,0.0,0.0,0.0
2025-01-24,115,2025-01-24 19:10:00,2025-01-24 19:00:00,462.3274833333333,0.0,2025-01-24T19:10:00,2025-01-24 00:00:00,1.3523,470.9182021935095,0.0,0.0,0.0,470.9182021935095,6894.191525207028,6370.9490783253505,0.0,0.0,0.0,462.3274833333333,0.0,0.0,0.0,0.0,6841.790414696635,6328.093210992931,0.0,0.0,0.0
2025-01-24,116,2025-01-24 19:20:00,2025-01-24 19:10:00,451.24036666666666,0.0,2025-01-24T19:20:00,2025-01-24 00:00:00,1.3445,475.58493276821724,0.0,0.0,0.0,475.58493276821724,6370.9490783253505,5842.521375249554,0.0,0.0,0.0,451.24036666666666,0.0,0.0,0.0,0.0,6328.093210992931,5826.715025807745,0.0,0.0,0.0
2025-01-24,117,2025-01-24 19:30:00,2025-01-24 19:20:00,424.0016666666667,0.0,2025-01-24T19:30:00,2025-01-24 00:00:00,1.3483,487.7336137602333,0.0,0.0,0.0,487.7336137602333,5842.521375249554,5300.595137738183,0.0,0.0,0.0,424.0016666666667,0.0,0.0,0.0,0.0,5826.715025807745,5355.602062844782,0.0,0.0,0.0
2025-01-24,118,2025-01-24 19:40:00,2025-01-24 19:30:00,428.91021666666666,0.0,2025-01-24T19:40:00,2025-01-24 00:00:00,1.349,473.47530757280055,0.0,-0.0,0.0,473.47530757280055,5300.595137738183,4774.511462657294,0.0,0.0,0.0,428.91021666666666,0.0,0.0,0.0,0.0,5355.602062844782,4879.035155437375,-0.0,0.0,0.0
2025-01-24,119,2025-01-24 19:50:00,2025-01-24 19:40:00,443.1460333333334,0.0,2025-01-24T19:50:00,2025-01-24 00:00:00,1.3473,467.97783971570163,0.0,0.0,0.0,467.97783971570163,4774.511462657294,4254.536085195403,0.0,0.0,0.0,443.1460333333334,0.0,0.0,0.0,0.0,4879.035155437375,4386.650673955894,0.0,0.0,0.0
2025-01-24,120,2025-01-24 20:00:00,2025-01-24 19:50:00,454.61833333333334,0.0,2025-01-24T20:00:00,2025-01-24 00:00:00,1.3482,470.9225432968216,0.0,0.0,0.0,470.9225432968216,4254.536085195403,3731.2888148656007,0.0,0.0,0.0,454.61833333333334,0.0,0.0,0.0,0.0,4386.650673955894,3881.519192474412,0.0,0.0,0.0
2025-01-24,121,2025-01-24 20:10:00,2025-01-24 20:00:00,473.00441666666666,0.0,2025-01-24T20:10:00,2025-01-24 00:00:00,1.3513,446.71120336041076,0.0,0.0,0.0,446.71120336041076,3731.2888148656007,3234.943033354033,0.0,0.0,0.0,473.00441666666666,0.0,0.0,0.0,0.0,3881.519192474412,3355.9587295114493,0.0,0.0,0.0
2025-01-24,122,2025-01-24 20:20:00,2025-01-24 20:10:00,478.76101666666665,0.0,2025-01-24T20:20:00,2025-01-24 00:00:00,1.34,430.56150781887493,0.0,0.0,0.0,430.56150781887493,3234.943033354033,2756.5413579997276,0.0,0.0,0.0,478.76101666666665,0.0,0.0,0.0,0.0,3355.9587295114493,2824.0020443262642,0.0,0.0,0.0
2025-01-24,123,2025-01-24 20:30:00,2025-01-24 20:20:00,458.98499999999996,0.0,2025-01-24T20:30:00,2025-01-24 00:00:00,1.3489,445.86584890997443,0.0,0.0,0.0,445.86584890997443,2756.5413579997276,2261.134859210867,0.0,0.0,0.0,458.98499999999996,0.0,0.0,0.0,0.0,2824.0020443262642,2314.018710992931,0.0,0.0,0.0
2025-01-24,124,2025-01-24 20:40:00,2025-01-24 20:30:00,428.7851166666667,0.0,2025-01-24T20:40:00,2025-01-24 00:00:00,1.3952,477.2515546434282,0.0,-0.0,0.0,477.2515546434282,2261.134859210867,1730.8553540515022,0.0,0.0,0.0,428.7851166666667,0.0,0.0,0.0,0.0,2314.018710992931,1837.5908035855236,-0.0,0.0,0.0
2025-01-24,125,2025-01-24 20:50:00,2025-01-24 20:40:00,453.38105,0.0,2025-01-24T20:50:00,2025-01-24 00:00:00,1.2226,477.76981864635195,0.0,0.0,0.0,477.76981864635195,1730.8553540515022,1200.0,0.0,0.0,0.0,453.38105,0.0,0.0,0.0,0.0,1837.5908035855236,1333.8340813633015,0.0,0.0,0.0
2025-01-24,126,2025-01-24 21:00:00,2025-01-24 20:50:00,499.5683333333333,0.0,2025-01-24T21:00:00,2025-01-24 00:00:00,0.9332,461.6944784454267,0.0,461.6944784454267,0.0,0.0,1200.0,1200.0,0.0,0.0,0.0,37.873854887906646,0.0,0.0,0.0,0.0,1333.8340813633015,1291.7520203767385,430.8532872852722,0.0,430.8532872852722
2025-01-24,127,2025-01-24 21:10:00,2025-01-24 21:00:00,473.2319333333333,0.0,2025-01-24T21:10:00,2025-01-24 00:00:00,0.9068,480.6549223405948,0.0,480.6549223405948,0.0,0.0,1200.0,1200.0,0.0,0.0,7.422989007261492,0.0,0.0,0.0,0.0,0.0,1291.7520203767385,1298.432710483274,435.8578835784514,0.0,435.8578835784514
2025-01-24,128,2025-01-24 21:20:00,2025-01-24 21:10:00,474.03,0.0,2025-01-24T21:20:00,2025-01-24 00:00:00,0.9371,466.1928381948067,0.0,466.1928381948067,0.0,0.0,1200.0,1200.0,0.0,0.0,0.0,7.837161805193261,0.0,0.0,0.0,0.0,1298.432710483274,1289.724752921948,436.8693086723534,0.0,436.8693086723534
2025-01-24,129,2025-01-24 21:30:00,2025-01-24 21:20:00,520.1183333333333,0.0,2025-01-24T21:30:00,2025-01-24 00:00:00,0.9371,447.21598174712904,0.0,447.21598174712904,0.0,0.0,1200.0,1200.0,0.0,0.0,0.0,72.9023515862043,0.0,0.0,0.0,0.0,1289.724752921948,1208.7221400483877,419.08609649523464,0.0,419.08609649523464
2025-01-24,130,2025-01-24 21:40:00,2025-01-24 21:30:00,516.3050166666667,0.0,2025-01-24T21:40:00,2025-01-24 00:00:00,0.9871,512.7567661459408,0.0,512.7567661459408,0.0,-0.0,1200.0,1200.0,0.0,0.0,0.0,3.548250520725901,0.0,0.0,0.0,0.0,1208.7221400483877,1204.7796394698034,506.14220386265816,0.0,506.14220386265816
2025-01-24,131,2025-01-24 21:50:00,2025-01-24 21:40:00,441.8484833333334,0.0,2025-01-24T21:50:00,2025-01-24 00:00:00,0.7764,490.61520240409726,0.0,490.61520240409726,0.0,-0.0,1200.0,1200.0,0.0,0.0,48.766719070763884,0.0,0.0,0.0,0.0,0.0,1204.7796394698034,1248.669686633491,380.9136431465411,0.0,380.9136431465411
2025-01-24,132,2025-01-24 22:00:00,2025-01-24 21:50:00,368.615,0.0,2025-01-24T22:00:00,2025-01-24 00:00:00,0.4209,388.58583920406926,0.0,1221.9191725374026,833.3333333333333,0.0,1200.0,1950.0,0.0,1.0,833.3333333333334,0.0,0.0,19.970839204069193,19.970839204069193,0.0,1248.669686633491,1998.669686633491,514.3057797209927,0.0,514.3057797209927
2025-01-24,133,2025-01-24 22:10:00,2025-01-24 22:00:00,394.9870833333334,0.0,2025-01-24T22:10:00,2025-01-24 00:00:00,0.3859,389.89281876807263,0.0,1223.226152101406,833.3333333333333,0.0,1950.0,2700.0,0.0,1.0,828.2390687680725,0.0,0.0,0.0,0.0,0.0,1998.669686633491,2744.084848524756,472.04297209593256,0.0,472.04297209593256
2025-01-24,134,2025-01-24 22:20:00,2025-01-24 22:10:00,438.5496666666666,0.0,2025-01-24T22:20:00,2025-01-24 00:00:00,0.4368,398.15853484110244,0.0,398.15853484110244,0.0,0.0,2700.0,2700.0,0.0,0.0,0.0,40.39113182556417,0.0,0.0,0.0,0.0,2744.084848524756,2699.2058131630183,173.91564801859354,0.0,173.91564801859354
2025-01-24,135,2025-01-24 22:30:00,2025-01-24 22:20:00,447.16166666666663,0.0,2025-01-24T22:30:00,2025-01-24 00:00:00,0.4198,370.0506871817987,0.0,1203.3840205151319,833.3333333333333,0.0,2700.0,3450.0,0.0,1.0,756.2223538484652,0.0,0.0,0.0,0.0,0.0,2699.2058131630183,3379.805931626637,505.1806118122524,0.0,505.1806118122524
2025-01-24,136,2025-01-24 22:40:00,2025-01-24 22:30:00,441.2998666666667,0.0,2025-01-24T22:40:00,2025-01-24 00:00:00,0.4186,373.4557093852641,0.0,1206.7890427185973,833.3333333333333,0.0,3450.0,4200.0,0.0,1.0,765.4891760519306,0.0,0.0,0.0,0.0,0.0,3379.805931626637,4068.7461900733747,505.1618932820049,0.0,505.1618932820049
2025-01-24,137,2025-01-24 22:50:00,2025-01-24 22:40:00,427.1882333333333,0.0,2025-01-24T22:50:00,2025-01-24 00:00:00,0.4241,416.6255126851717,0.0,416.6255126851717,0.0,0.0,4200.0,4200.0,0.0,0.0,0.0,10.562720648161587,0.0,0.0,0.0,0.0,4068.7461900733747,4057.0098337976397,176.69087992978132,0.0,176.69087992978132
2025-01-24,138,2025-01-24 23:00:00,2025-01-24 22:50:00,414.8,0.0,2025-01-24T23:00:00,2025-01-24 00:00:00,0.4237,448.70556039160545,0.0,1282.0388937249386,833.3333333333333,0.0,4200.0,4950.0,0.0,1.0,833.3333333333334,0.0,0.0,33.90556039160526,33.90556039160526,0.0,4057.0098337976397,4807.00983379764,543.1998792712565,0.0,543.1998792712565
2025-01-24,139,2025-01-24 23:10:00,2025-01-24 23:00:00,412.73589999999996,0.0,2025-01-24T23:10:00,2025-01-24 00:00:00,0.4248,415.1888354900551,0.0,415.1888354900551,0.0,0.0,4950.0,4950.0,0.0,0.0,2.452935490055154,0.0,0.0,0.0,0.0,0.0,4807.00983379764,4809.217475738689,176.3722173161754,0.0,176.3722173161754
2025-01-24,140,2025-01-24 23:20:00,2025-01-24 23:10:00,394.08871666666664,0.0,2025-01-24T23:20:00,2025-01-24 00:00:00,0.424,412.53416876480026,0.0,1245.8675020981336,833.3333333333333,0.0,4950.0,5700.0,0.0,1.0,833.3333333333334,0.0,0.0,18.445452098133615,18.445452098133615,0.0,4809.217475738689,5559.217475738689,528.2478208896086,0.0,528.2478208896086
2025-01-24,141,2025-01-24 23:30:00,2025-01-24 23:20:00,381.785,0.0,2025-01-24T23:30:00,2025-01-24 00:00:00,0.422,445.904917080376,0.0,1279.2382504137092,833.3333333333333,0.0,5700.0,6450.0,0.0,1.0,833.3333333333334,0.0,0.0,64.11991708037579,64.11991708037579,0.0,5559.217475738689,6309.217475738689,539.8385416745853,0.0,539.8385416745853
2025-01-24,142,2025-01-24 23:40:00,2025-01-24 23:30:00,426.4114833333333,0.0,2025-01-24T23:40:00,2025-01-24 00:00:00,0.424,426.90920645110407,0.0,527.2047064278563,100.29549997675227,0.0,6450.0,6540.265949979077,0.0,0.9999999999999999,100.793223094523,0.0,0.0,0.0,0.0,0.0,6309.217475738689,6399.93137652376,223.53479552541106,0.0,223.53479552541106
2025-01-24,143,2025-01-24 23:50:00,2025-01-24 23:40:00,457.47496666666666,0.0,2025-01-24T23:50:00,2025-01-24 00:00:00,0.4271,408.1888440963466,0.0,408.1888440963466,0.0,0.0,6540.265949979077,6540.265949979077,0.0,0.0,0.0,49.28612257032006,0.0,0.0,0.0,0.0,6399.93137652376,6345.169018112293,174.3374553135496,0.0,174.3374553135496
2025-01-24,144,2025-01-25 00:00:00,2025-01-24 23:50:00,452.75333333333333,0.0,2025-01-25T00:00:00,2025-01-24 00:00:00,0.4276,415.93839336365,0.0,415.93839336365,0.0,0.0,6540.265949979077,6540.265949979077,0.0,0.0,0.0,36.81493996968334,0.0,0.0,0.0,0.0,6345.169018112293,6304.263529257089,177.85525700229672,0.0,177.85525700229672
2025-01-25,1,2025-01-25 00:10:00,2025-01-25 00:00:00,454.32543333333336,0.0,2025-01-25T00:10:00,2025-01-25 00:00:00,0.4248,442.2229268220739,0.0,1275.556260155407,833.3333333333333,0.0,6304.263529257089,7054.263529257089,0.0,1.0,821.2308268220736,0.0,0.0,0.0,0.0,0.0,6304.263529257089,7043.371273396956,541.856299314017,0.0,541.856299314017
2025-01-25,2,2025-01-25 00:20:00,2025-01-25 00:10:00,446.6726833333333,0.0,2025-01-25T00:20:00,2025-01-25 00:00:00,0.4245,441.1392385788028,0.0,1274.4725719121361,833.3333333333333,0.0,7054.263529257089,7804.2635292570885,0.0,1.0,827.7998885788029,0.0,0.0,0.0,0.0,0.0,7043.371273396956,7788.391173117879,541.0136067767017,0.0,541.0136067767017
2025-01-25,3,2025-01-25 00:30:00,2025-01-25 00:20:00,443.3066666666667,0.0,2025-01-25T00:30:00,2025-01-25 00:00:00,0.4269,439.3923228745218,0.0,1272.725656207855,833.3333333333333,0.0,7804.2635292570885,8554.263529257089,0.0,1.0,829.4189895411885,0.0,0.0,0.0,0.0,0.0,7788.391173117879,8534.868263704948,543.3265826351334,0.0,543.3265826351334
2025-01-25,4,2025-01-25 00:40:00,2025-01-25 00:30:00,476.9869166666667,0.0,2025-01-25T00:40:00,2025-01-25 00:00:00,0.4272,445.36206114244584,0.0,1273.9581397456807,828.5960786032349,0.0,8554.263529257089,9300.0,0.0,1.0000000000000009,796.971223079014,0.0,0.0,0.0,0.0,0.0,8534.868263704948,9252.14236447606,544.2349172993548,0.0,544.2349172993548
2025-01-25,5,2025-01-25 00:50:00,2025-01-25 00:40:00,484.26815000000005,0.0,2025-01-25T00:50:00,2025-01-25 00:00:00,0.4271,482.1477055856635,0.0,1315.4810389189968,833.3333333333333,0.0,9300.0,10050.0,0.0,1.0,831.2128889189967,0.0,0.0,0.0,0.0,0.0,9252.14236447606,10000.233964503157,561.8419517223035,0.0,561.8419517223035
2025-01-25,6,2025-01-25 01:00:00,2025-01-25 00:50:00,468.2083333333333,0.0,2025-01-25T01:00:00,2025-01-25 00:00:00,0.4285,509.975526823071,0.0,509.975526823071,0.0,0.0,10050.0,10050.0,0.0,-0.0,41.76719348973768,0.0,0.0,0.0,0.0,0.0,10000.233964503157,10037.82443864392,218.5245132436859,0.0,218.5245132436859
2025-01-25,7,2025-01-25 01:10:00,2025-01-25 01:00:00,490.43896666666666,0.0,2025-01-25T01:10:00,2025-01-25 00:00:00,0.4311,462.09065095783046,0.0,462.09065095783046,0.0,0.0,10050.0,10050.0,0.0,0.0,0.0,28.348315708836196,0.0,0.0,0.0,0.0,10037.82443864392,10006.326310078546,199.2072796279207,0.0,199.2072796279207
2025-01-25,8,2025-01-25 01:20:00,2025-01-25 01:10:00,487.2113166666666,0.0,2025-01-25T01:20:00,2025-01-25 00:00:00,0.4302,426.01752974285233,0.0,426.01752974285233,0.0,0.0,10050.0,10050.0,0.0,0.0,0.0,61.19378692381429,0.0,0.0,0.0,0.0,10006.326310078546,9938.33321349653,183.27274129537508,0.0,183.27274129537508
2025-01-25,9,2025-01-25 01:30:00,2025-01-25 01:20:00,464.605,0.0,2025-01-25T01:30:00,2025-01-25 00:00:00,0.4279,436.0388630545882,0.0,436.0388630545882,0.0,0.0,10050.0,10050.0,0.0,-0.0,0.0,28.566136945411813,0.0,0.0,0.0,0.0,9938.33321349653,9906.593061334961,186.58102950105828,0.0,186.58102950105828
2025-01-25,10,2025-01-25 01:40:00,2025-01-25 01:30:00,494.2724,0.0,2025-01-25T01:40:00,2025-01-25 00:00:00,0.4312,450.1906684821416,0.0,450.1906684821416,0.0,0.0,10050.0,10050.0,0.0,0.0,0.0,44.08173151785843,0.0,0.0,0.0,0.0,9906.593061334961,9857.613359648452,194.12221624949947,0.0,194.12221624949947
2025-01-25,11,2025-01-25 01:50:00,2025-01-25 01:40:00,505.68945,0.0,2025-01-25T01:50:00,2025-01-25 00:00:00,0.4333,488.6763027784576,0.0,488.6763027784576,0.0,0.0,10050.0,10050.0,0.0,0.0,0.0,17.013147221542397,0.0,0.0,0.0,0.0,9857.613359648452,9838.709862735628,211.7434419939057,0.0,211.7434419939057
2025-01-25,12,2025-01-25 02:00:00,2025-01-25 01:50:00,487.83666666666664,0.0,2025-01-25T02:00:00,2025-01-25 00:00:00,0.4311,519.5990069035049,0.0,519.5990069035049,0.0,0.0,10050.0,10050.0,0.0,0.0,31.76234023683827,0.0,0.0,0.0,0.0,0.0,9838.709862735628,9867.295968948783,223.99913187610096,0.0,223.99913187610096
2025-01-25,13,2025-01-25 02:10:00,2025-01-25 02:00:00,501.9057666666667,0.0,2025-01-25T02:10:00,2025-01-25 00:00:00,0.4293,482.19886787945194,0.0,482.19886787945194,0.0,0.0,10050.0,10050.0,0.0,0.0,0.0,19.706898787214755,0.0,0.0,0.0,0.0,9867.295968948783,9845.399414740767,207.00797398064873,0.0,207.00797398064873
2025-01-25,14,2025-01-25 02:20:00,2025-01-25 02:10:00,514.9269333333333,0.0,2025-01-25T02:20:00,2025-01-25 00:00:00,0.4324,469.8407645753864,0.0,469.8407645753864,0.0,0.0,10050.0,10050.0,0.0,0.0,0.0,45.08616875794689,0.0,0.0,0.0,0.0,9845.399414740767,9795.303671676382,203.15914660239707,0.0,203.15914660239707
2025-01-25,15,2025-01-25 02:30:00,2025-01-25 02:20:00,507.54333333333335,0.0,2025-01-25T02:30:00,2025-01-25 00:00:00,0.4367,500.10823869103547,0.0,500.10823869103547,0.0,0.0,10050.0,10050.0,0.0,0.0,0.0,7.435094642297884,0.0,0.0,0.0,0.0,9795.303671676382,9787.042455407161,218.39726783637516,0.0,218.39726783637516
2025-01-25,16,2025-01-25 02:40:00,2025-01-25 02:30:00,497.95935000000003,0.0,2025-01-25T02:40:00,2025-01-25 00:00:00,0.4348,500.83901800692274,0.0,500.83901800692274,0.0,0.0,10050.0,10050.0,0.0,0.0,2.8796680069227136,0.0,0.0,0.0,0.0,0.0,9787.042455407161,9789.634156613392,217.76480502941,0.0,217.76480502941
2025-01-25,17,2025-01-25 02:50:00,2025-01-25 02:40:00,501.06135,0.0,2025-01-25T02:50:00,2025-01-25 00:00:00,0.4335,499.44557255902305,0.0,499.44557255902305,0.0,0.0,10050.0,10050.0,0.0,0.0,0.0,1.6157774409769559,0.0,0.0,0.0,0.0,9789.634156613392,9787.83884834564,216.5096557043365,0.0,216.5096557043365
2025-01-25,18,2025-01-25 03:00:00,2025-01-25 02:50:00,514.0583333333333,0.0,2025-01-25T03:00:00,2025-01-25 00:00:00,0.4357,510.5858854511745,0.0,510.5858854511745,0.0,0.0,10050.0,10050.0,0.0,0.0,0.0,3.4724478821588036,0.0,0.0,0.0,0.0,9787.83884834564,9783.980572921018,222.46227029107672,0.0,222.46227029107672
2025-01-25,19,2025-01-25 03:10:00,2025-01-25 03:00:00,521.0511333333333,0.0,2025-01-25T03:10:00,2025-01-25 00:00:00,0.4374,512.7405034609693,0.0,512.7405034609693,0.0,0.0,10050.0,10050.0,0.0,0.0,0.0,8.310629872363961,0.0,0.0,0.0,0.0,9783.980572921018,9774.746539729504,224.27269621382797,0.0,224.27269621382797
2025-01-25,20,2025-01-25 03:20:00,2025-01-25 03:10:00,519.49595,0.0,2025-01-25T03:20:00,2025-01-25 00:00:00,0.4371,496.28479538731506,0.0,496.28479538731506,0.0,0.0,10050.0,10050.0,0.0,0.0,0.0,23.211154612684936,0.0,0.0,0.0,0.0,9774.746539729504,9748.956367937632,216.9260840637954,0.0,216.9260840637954
2025-01-25,21,2025-01-25 03:30:00,2025-01-25 03:20:00,512.11,0.0,2025-01-25T03:30:00,2025-01-25 00:00:00,0.4356,476.7115227435195,0.0,476.7115227435195,0.0,0.0,10050.0,10050.0,0.0,0.0,0.0,35.39847725648053,0.0,0.0,0.0,0.0,9748.956367937632,9709.624726541542,207.65553930707708,0.0,207.65553930707708
2025-01-25,22,2025-01-25 03:40:00,2025-01-25 03:30:00,505.44893333333334,0.0,2025-01-25T03:40:00,2025-01-25 00:00:00,0.4353,485.4841195294827,0.0,485.4841195294827,0.0,0.0,10050.0,10050.0,0.0,0.0,0.0,19.96481380385063,0.0,0.0,0.0,0.0,9709.624726541542,9687.44160009282,211.33123723118382,0.0,211.33123723118382
2025-01-25,23,2025-01-25 03:50:00,2025-01-25 03:40:00,513.3439333333333,0.0,2025-01-25T03:50:00,2025-01-25 00:00:00,0.436,529.2614710175767,0.0,529.2614710175767,0.0,0.0,10050.0,10050.0,0.0,0.0,15.91753768424337,0.0,0.0,0.0,0.0,0.0,9687.44160009282,9701.767384008639,230.75800136366342,0.0,230.75800136366342
2025-01-25,24,2025-01-25 04:00:00,2025-01-25 03:50:00,526.1366666666667,0.0,2025-01-25T04:00:00,2025-01-25 00:00:00,0.4378,566.7966864774486,0.0,566.7966864774486,0.0,0.0,10050.0,10050.0,0.0,0.0,40.66001981078193,0.0,0.0,0.0,0.0,0.0,9701.767384008639,9738.361401838343,248.143589339827,0.0,248.143589339827
2025-01-25,25,2025-01-25 04:10:00,2025-01-25 04:00:00,520.9297333333333,0.0,2025-01-25T04:10:00,2025-01-25 00:00:00,0.4401,543.2116999027439,0.0,543.2116999027439,0.0,0.0,10050.0,10050.0,0.0,0.0,22.281966569410656,0.0,0.0,0.0,0.0,0.0,9738.361401838343,9758.415171750812,239.0674691271976,0.0,239.0674691271976
2025-01-25,26,2025-01-25 04:20:00,2025-01-25 04:10:00,521.74715,0.0,2025-01-25T04:20:00,2025-01-25 00:00:00,0.4389,513.2861208598001,0.0,513.2861208598001,0.0,0.0,10050.0,10050.0,0.0,0.0,0.0,8.461029140199912,0.0,0.0,0.0,0.0,9758.415171750812,9749.014028261701,225.28127844536627,0.0,225.28127844536627
2025-01-25,27,2025-01-25 04:30:00,2025-01-25 04:20:00,535.505,0.0,2025-01-25T04:30:00,2025-01-25 00:00:00,0.4364,521.4052190189681,0.0,521.4052190189681,0.0,0.0,10050.0,10050.0,0.0,0.0,0.0,14.099780981031927,0.0,0.0,0.0,0.0,9749.014028261701,9733.347604949444,227.54123757987767,0.0,227.54123757987767
2025-01-25,28,2025-01-25 04:40:00,2025-01-25 04:30:00,545.0267,0.0,2025-01-25T04:40:00,2025-01-25 00:00:00,0.4393,559.6919049040363,0.0,559.6919049040363,0.0,0.0,10050.0,10050.0,0.0,0.0,14.665204904036273,0.0,0.0,0.0,0.0,0.0,9733.347604949444,9746.546289363076,245.87265382434316,0.0,245.87265382434316
2025-01-25,29,2025-01-25 04:50:00,2025-01-25 04:40:00,552.6250666666666,0.00016666666666666666,2025-01-25T04:50:00,2025-01-25 00:00:00,0.4422,567.7025542816648,0.0,567.7025542816648,0.0,0.0,10050.0,10050.0,0.0,0.0,15.077654281664877,0.0,0.0,0.0,0.0,0.0,9746.546289363076,9760.116178216575,251.03806950335215,0.0,251.03806950335215
2025-01-25,30,2025-01-25 05:00:00,2025-01-25 04:50:00,552.055,0.0,2025-01-25T05:00:00,2025-01-25 00:00:00,0.4395,550.1956853234135,0.0,550.1956853234135,0.0,0.0,10050.0,10050.0,0.0,0.0,0.0,1.8593146765864503,0.0,0.0,0.0,0.0,9760.116178216575,9758.050273020368,241.81100369964022,0.0,241.81100369964022
2025-01-25,31,2025-01-25 05:10:00,2025-01-25 05:00:00,534.5888666666666,0.0,2025-01-25T05:10:00,2025-01-25 00:00:00,0.4333,563.3720396135766,0.0,563.3720396135766,0.0,0.0,10050.0,10050.0,0.0,0.0,28.783172946909986,0.0,0.0,0.0,0.0,0.0,9758.050273020368,9783.955128672587,244.10910476456274,0.0,244.10910476456274
2025-01-25,32,2025-01-25 05:20:00,2025-01-25 05:10:00,534.8818666666667,0.0024,2025-01-25T05:20:00,2025-01-25 00:00:00,0.4439,560.5561577020263,0.002,560.5541577020264,0.0,0.0,10050.0,10050.0,0.0,0.0,25.674691035359615,0.0,0.0,0.0,0.0,0.0,9783.955128672587,9807.06235060441,248.8299906039295,0.0,248.8299906039295
2025-01-25,33,2025-01-25 05:30:00,2025-01-25 05:20:00,560.1850000000001,0.0,2025-01-25T05:30:00,2025-01-25 00:00:00,0.4301,537.8381607642265,0.0,537.8381607642265,0.0,0.0,10050.0,10050.0,0.0,0.0,0.0,22.346839235773587,0.0,0.0,0.0,0.0,9807.06235060441,9782.232529231329,231.3241929446938,0.0,231.3241929446938
2025-01-25,34,2025-01-25 05:40:00,2025-01-25 05:30:00,579.5323999999999,0.0,2025-01-25T05:40:00,2025-01-25 00:00:00,0.3713,543.3917841739333,0.0,1376.7251175072665,833.3333333333333,0.0,10050.0,10800.0,0.0,1.0,797.1927175072666,0.0,0.0,0.0,0.0,0.0,9782.232529231329,10499.705974987868,511.1780361304481,0.0,511.1780361304481
2025-01-25,35,2025-01-25 05:50:00,2025-01-25 05:40:00,564.9387,0.0334,2025-01-25T05:50:00,2025-01-25 00:00:00,0.5708,557.2151992484601,0.027933333333333334,149.12479727844402,0.0,408.06246863668275,10800.0,10346.597257070352,0.0,0.0,0.0,415.780502721556,0.0,0.0,0.0,0.0,10499.705974987868,10037.727638630584,85.12043428653584,0.0,85.12043428653584
2025-01-25,36,2025-01-25 06:00:00,2025-01-25 05:50:00,540.6216666666667,0.0,2025-01-25T06:00:00,2025-01-25 00:00:00,0.9099,560.9294838347603,0.0,0.0,0.0,560.9294838347603,10346.597257070352,9723.34227503173,0.0,0.0,0.0,540.6216666666667,0.0,0.0,0.0,0.0,10037.727638630584,9437.036897889844,0.0,0.0,0.0
2025-01-25,37,2025-01-25 06:10:00,2025-01-25 06:00:00,556.1276666666666,0.0,2025-01-25T06:10:00,2025-01-25 00:00:00,0.9368,555.6891932985351,0.0,0.0,0.0,555.6891932985351,9723.34227503173,9105.909838033358,0.0,0.0,0.0,556.1276666666666,0.0,0.0,0.0,0.0,9437.036897889844,8819.117268260214,0.0,0.0,0.0
2025-01-25,38,2025-01-25 06:20:00,2025-01-25 06:10:00,561.1043333333333,0.46515,2025-01-25T06:20:00,2025-01-25 00:00:00,0.8758,543.4818806593606,0.38904999999999995,0.0,0.0,543.0928306593606,9105.909838033358,8502.473359522957,0.0,0.0,0.0,560.6391833333333,0.0,0.0,0.0,0.0,8819.117268260214,8196.184842334287,0.0,0.0,0.0
2025-01-25,39,2025-01-25 06:30:00,2025-01-25 06:20:00,546.345,0.0,2025-01-25T06:30:00,2025-01-25 00:00:00,0.8759,535.7160551299113,0.0,0.0,0.0,535.7160551299113,8502.473359522957,7907.2332982675,0.0,0.0,0.0,546.345,0.0,0.0,0.0,0.0,8196.184842334287,7589.134842334287,0.0,0.0,0.0
2025-01-25,40,2025-01-25 06:40:00,2025-01-25 06:30:00,560.0128666666667,0.0,2025-01-25T06:40:00,2025-01-25 00:00:00,0.8601,550.00940096928,0.0,0.0,0.0,550.00940096928,7907.2332982675,7296.111741634966,0.0,0.0,0.0,560.0128666666667,0.0,0.0,0.0,0.0,7589.134842334287,6966.898323815769,0.0,0.0,0.0
2025-01-25,41,2025-01-25 06:50:00,2025-01-25 06:40:00,610.9114833333333,7.80145,2025-01-25T06:50:00,2025-01-25 00:00:00,0.8442,590.4705325384748,6.705616666666667,0.0,0.0,583.7649158718082,7296.111741634966,6647.484057332957,0.0,0.0,0.0,603.1100333333333,0.0,0.0,0.0,0.0,6966.898323815769,6296.7760645565095,0.0,0.0,0.0
2025-01-25,42,2025-01-25 07:00:00,2025-01-25 06:50:00,649.165,35.7125,2025-01-25T07:00:00,2025-01-25 00:00:00,0.8334,643.143920544883,34.74375,0.0,0.0,608.400170544883,6647.484057332957,5971.483867838642,0.0,0.0,0.0,613.4525,0.0,0.0,0.0,0.0,6296.7760645565095,5615.16217566762,0.0,0.0,0.0
2025-01-25,43,2025-01-25 07:10:00,2025-01-25 07:00:00,618.7758,72.94324999999999,2025-01-25T07:10:00,2025-01-25 00:00:00,0.8092,678.4381945617955,78.79588333333334,0.0,0.0,599.6423112284622,5971.483867838642,5305.214633140351,0.0,0.0,0.0,545.83255,0.0,0.0,0.0,0.0,5615.16217566762,5008.681564556509,0.0,0.0,0.0
2025-01-25,44,2025-01-25 07:20:00,2025-01-25 07:10:00,625.5180166666667,117.41653333333333,2025-01-25T07:20:00,2025-01-25 00:00:00,0.7972,665.0000225667582,122.71381666666667,0.0,0.0,542.2862059000915,5305.214633140351,4702.674404362471,0.0,0.0,0.0,508.1014833333333,0.0,0.0,0.0,0.0,5008.681564556509,4444.124360852806,0.0,0.0,0.0
2025-01-25,45,2025-01-25 07:30:00,2025-01-25 07:20:00,675.8149999999999,162.88125,2025-01-25T07:30:00,2025-01-25 00:00:00,0.7644,626.899160094139,160.84375,0.0,0.0,466.055410094139,4702.674404362471,4184.8350598134275,0.0,0.0,0.0,512.9337499999999,0.0,0.0,0.0,0.0,4444.124360852806,3874.1979719639166,0.0,0.0,0.0
2025-01-25,46,2025-01-25 07:40:00,2025-01-25 07:30:00,669.2161,202.54048333333333,2025-01-25T07:40:00,2025-01-25 00:00:00,0.6899,623.4397372510765,200.75055,0.0,0.0,422.68918725107653,4184.8350598134275,3715.180407312231,0.0,0.0,0.0,466.67561666666666,0.0,0.0,0.0,0.0,3874.1979719639166,3355.6695090009534,0.0,0.0,0.0
2025-01-25,47,2025-01-25 07:50:00,2025-01-25 07:40:00,637.9203333333334,250.03543333333334,2025-01-25T07:50:00,2025-01-25 00:00:00,0.86,632.9165324445192,247.99456666666666,0.0,0.0,384.9219657778526,3715.180407312231,3287.4893342257283,0.0,0.0,0.0,387.8849,0.0,0.0,0.0,0.0,3355.6695090009534,2924.6862867787313,0.0,0.0,0.0
2025-01-25,48,2025-01-25 08:00:00,2025-01-25 07:50:00,622.8166666666667,304.64375,2025-01-25T08:00:00,2025-01-25 00:00:00,1.1617,632.472409613695,301.15000000000003,0.0,0.0,331.322409613695,3287.4893342257283,2919.353323543845,0.0,0.0,0.0,318.1729166666667,0.0,0.0,0.0,0.0,2924.6862867787313,2571.1608238157683,0.0,0.0,0.0
2025-01-25,49,2025-01-25 08:10:00,2025-01-25 08:00:00,631.4833333333333,351.96316666666667,2025-01-25T08:10:00,2025-01-25 00:00:00,1.1683,624.7459762580935,351.2917,0.0,0.0,273.4542762580935,2919.353323543845,2615.51523881263,0.0,0.0,0.0,279.5201666666667,0.0,0.0,0.0,0.0,2571.1608238157683,2260.5828608528054,0.0,0.0,0.0
2025-01-25,50,2025-01-25 08:20:00,2025-01-25 08:10:00,643.00775,400.4119,2025-01-25T08:20:00,2025-01-25 00:00:00,1.0956,633.7867169770456,385.91563333333335,0.0,0.0,247.8710836437122,2615.51523881263,2340.1029236529494,0.0,0.0,0.0,242.59584999999998,0.0,0.0,0.0,0.0,2260.5828608528054,1991.031916408361,0.0,0.0,0.0
2025-01-25,51,2025-01-25 08:30:00,2025-01-25 08:20:00,645.4266666666666,450.45625,2025-01-25T08:30:00,2025-01-25 00:00:00,1.0849,649.6101401796165,416.23125,0.0,0.0,233.37889017961646,2340.1029236529494,2080.7930456755976,0.0,0.0,0.0,194.9704166666666,0.0,0.0,0.0,0.0,1991.031916408361,1774.3981201120648,0.0,0.0,0.0
2025-01-25,52,2025-01-25 08:40:00,2025-01-25 08:30:00,646.2680166666667,494.4409666666666,2025-01-25T08:40:00,2025-01-25 00:00:00,1.061,644.7894458410218,467.7444666666667,0.0,0.0,177.0449791743551,2080.7930456755976,1884.0764021485363,0.0,0.0,0.0,151.82705000000004,0.0,0.0,0.0,0.0,1774.3981201120648,1605.7013978898426,0.0,0.0,0.0
2025-01-25,53,2025-01-25 08:50:00,2025-01-25 08:40:00,666.7913833333333,546.8363833333334,2025-01-25T08:50:00,2025-01-25 00:00:00,1.043,675.2484804044568,525.3794,0.0,0.0,149.86908040445678,1884.0764021485363,1717.5552016991398,0.0,0.0,0.0,119.95499999999993,0.0,0.0,0.0,0.0,1605.7013978898426,1472.4180645565093,0.0,0.0,0.0
2025-01-25,54,2025-01-25 09:00:00,2025-01-25 08:50:00,706.765,607.8874999999999,2025-01-25T09:00:00,2025-01-25 00:00:00,1.036,737.1766167410261,572.4499999999999,0.0,0.0,164.7266167410262,1717.5552016991398,1534.525627542444,0.0,0.0,0.0,98.87750000000005,0.0,0.0,0.0,0.0,1472.4180645565093,1362.5541756676203,0.0,0.0,0.0
2025-01-25,55,2025-01-25 09:10:00,2025-01-25 09:00:00,739.5861,661.8757833333333,2025-01-25T09:10:00,2025-01-25 00:00:00,1.0147,762.0126802437785,607.1135833333334,0.0,0.0,154.8990969104451,1534.525627542444,1362.4155198641718,0.0,0.0,0.0,77.7103166666667,0.0,0.0,0.0,0.0,1362.5541756676203,1276.2093793713238,0.0,0.0,0.0
2025-01-25,56,2025-01-25 09:20:00,2025-01-25 09:10:00,734.5761333333334,708.8280833333333,2025-01-25T09:20:00,2025-01-25 00:00:00,0.9922,747.1782658681143,650.7029666666666,0.0,0.0,96.47529920144768,1362.4155198641718,1255.2207429736743,0.0,0.0,0.0,25.748050000000035,0.0,0.0,0.0,0.0,1276.2093793713238,1247.6004349268794,0.0,0.0,0.0
2025-01-25,57,2025-01-25 09:30:00,2025-01-25 09:20:00,715.0316666666666,752.06875,2025-01-25T09:30:00,2025-01-25 00:00:00,0.97,729.6605476420001,707.9812499999999,0.0,0.0,21.679297642000165,1255.2207429736743,1231.132634482563,0.0,0.0,37.037083333333385,0.0,0.0,0.0,0.0,0.0,1247.6004349268794,1280.9338099268793,0.0,0.0,0.0
2025-01-25,58,2025-01-25 09:40:00,2025-01-25 09:30:00,734.7522833333334,792.6431666666667,2025-01-25T09:40:00,2025-01-25 00:00:00,0.9422,744.6087093932044,763.7952166666668,0.0,19.186507273462325,0.0,1231.132634482563,1248.400491028679,0.0,1.0,57.89088333333336,0.0,0.0,0.0,0.0,0.0,1280.9338099268793,1333.0356049268794,0.0,0.0,0.0
2025-01-25,59,2025-01-25 09:50:00,2025-01-25 09:40:00,752.3201666666668,826.4924,2025-01-25T09:50:00,2025-01-25 00:00:00,0.9569,734.6543536094866,812.8478833333334,0.0,78.19352972384672,0.0,1248.400491028679,1318.774667780141,0.0,1.0,74.17223333333322,0.0,0.0,0.0,0.0,0.0,1333.0356049268794,1399.7906149268792,0.0,0.0,0.0
2025-01-25,60,2025-01-25 10:00:00,2025-01-25 09:50:00,739.6616666666667,861.5124999999999,2025-01-25T10:00:00,2025-01-25 00:00:00,0.9977,699.8928458725226,862.875,0.0,162.98215412747743,0.0,1318.774667780141,1465.4586064948708,0.0,1.0,121.85083333333318,0.0,0.0,0.0,0.0,0.0,1399.7906149268792,1509.4563649268791,0.0,0.0,0.0
2025-01-25,61,2025-01-25 10:10:00,2025-01-25 10:00:00,714.3372833333333,911.5957166666667,2025-01-25T10:10:00,2025-01-25 00:00:00,0.9919,702.3265894076734,926.5346666666666,0.0,224.20807725899317,0.0,1465.4586064948708,1667.2458760279646,0.0,1.0,197.25843333333341,0.0,0.0,0.0,0.0,0.0,1509.4563649268791,1686.9889549268792,0.0,0.0,0.0
2025-01-25,62,2025-01-25 10:20:00,2025-01-25 10:10:00,722.37045,962.1431666666667,2025-01-25T10:20:00,2025-01-25 00:00:00,0.9588,728.1855526563181,993.7770666666667,0.0,265.59151401034853,0.0,1667.2458760279646,1906.2782386372783,0.0,1.0,239.77271666666672,0.0,0.0,0.0,0.0,0.0,1686.9889549268792,1902.7843999268791,0.0,0.0,0.0
2025-01-25,63,2025-01-25 10:30:00,2025-01-25 10:20:00,746.5383333333333,1000.625,2025-01-25T10:30:00,2025-01-25 00:00:00,0.9549,742.6579716645663,1023.7062500000001,0.0,281.0482783354338,0.0,1906.2782386372783,2159.2216891391686,0.0,1.0,254.0866666666667,0.0,0.0,0.0,0.0,0.0,1902.7843999268791,2131.4623999268792,0.0,0.0,0.0
2025-01-25,64,2025-01-25 10:40:00,2025-01-25 10:30:00,728.0016999999999,1023.3623333333334,2025-01-25T10:40:00,2025-01-25 00:00:00,0.9839,721.5016474412449,987.4275666666667,0.0,265.9259192254218,0.0,2159.2216891391686,2398.5550164420483,0.0,1.0,295.36063333333345,0.0,0.0,0.0,0.0,0.0,2131.4623999268792,2397.2869699268795,0.0,0.0,0.0
2025-01-25,65,2025-01-25 10:50:00,2025-01-25 10:40:00,718.3744499999999,1026.2128,2025-01-25T10:50:00,2025-01-25 00:00:00,0.799,687.8552922948599,998.3505,0.0,310.49520770514016,0.0,2398.5550164420483,2678.0007033766747,0.0,1.0,307.8383500000001,0.0,0.0,0.0,0.0,0.0,2397.2869699268795,2674.3414849268797,0.0,0.0,0.0
2025-01-25,66,2025-01-25 11:00:00,2025-01-25 10:50:00,732.3616666666667,1038.5125,2025-01-25T11:00:00,2025-01-25 00:00:00,0.5025,682.6669549856874,1070.9624999999999,0.0,388.29554501431244,0.0,2678.0007033766747,3027.4666938895557,0.0,1.0,306.15083333333337,0.0,0.0,0.0,0.0,0.0,2674.3414849268797,2949.8772349268797,0.0,0.0,0.0
2025-01-25,67,2025-01-25 11:10:00,2025-01-25 11:00:00,728.2269666666666,1089.6296833333333,2025-01-25T11:10:00,2025-01-25 00:00:00,0.4662,724.042085556878,1108.1226166666668,0.0,384.0805311097888,0.0,3027.4666938895557,3373.1391718883656,0.0,1.0,361.4027166666667,0.0,0.0,0.0,0.0,0.0,2949.8772349268797,3275.1396799268796,0.0,0.0,0.0
2025-01-25,68,2025-01-25 11:20:00,2025-01-25 11:10:00,701.08795,1080.95165,2025-01-25T11:20:00,2025-01-25 00:00:00,0.5007,720.6031476415571,1106.1639499999999,0.0,385.56080235844274,0.0,3373.1391718883656,3720.1438940109642,0.0,1.0,379.8637,0.0,0.0,0.0,0.0,0.0,3275.1396799268796,3617.01700992688,0.0,0.0,0.0
2025-01-25,69,2025-01-25 11:30:00,2025-01-25 11:20:00,689.1333333333333,1033.41875,2025-01-25T11:30:00,2025-01-25 00:00:00,0.4827,682.998616088749,1106.6125,0.0,423.6138839112509,0.0,3720.1438940109642,4101.39638953109,0.0,1.0,344.2854166666667,0.0,0.0,0.0,0.0,0.0,3617.01700992688,3926.87388492688,0.0,0.0,0.0
2025-01-25,70,2025-01-25 11:40:00,2025-01-25 11:30:00,728.54725,1069.0825666666667,2025-01-25T11:40:00,2025-01-25 00:00:00,0.4785,710.0046072943769,1144.1611500000001,0.0,434.1565427056232,0.0,4101.39638953109,4492.137277966151,0.0,1.0,340.53531666666674,0.0,0.0,0.0,0.0,0.0,3926.87388492688,4233.35566992688,0.0,0.0,0.0
2025-01-25,71,2025-01-25 11:50:00,2025-01-25 11:40:00,720.8315166666666,1110.47395,2025-01-25T11:50:00,2025-01-25 00:00:00,0.4662,737.919549577359,1148.8335833333333,0.0,410.9140337559743,0.0,4492.137277966151,4861.959908346527,0.0,1.0,389.64243333333343,0.0,0.0,0.0,0.0,0.0,4233.35566992688,4584.03385992688,0.0,0.0,0.0
2025-01-25,72,2025-01-25 12:00:00,2025-01-25 11:50:00,667.6016666666667,1112.9437500000001,2025-01-25T12:00:00,2025-01-25 00:00:00,0.4432,726.0653163323226,1116.1125,443.2861496656559,833.3333333333333,0.0,4861.959908346527,5611.959908346527,0.0,1.0,833.3333333333334,0.0,0.0,55.29489966565586,55.29489966565586,0.0,4584.03385992688,5334.03385992688,196.4644215318187,0.0,196.4644215318187
2025-01-25,73,2025-01-25 12:10:00,2025-01-25 12:00:00,668.4196000000001,1108.5629833333335,2025-01-25T12:10:00,2025-01-25 00:00:00,0.4411,699.8316664820442,1110.72975,422.43524981537746,833.3333333333333,0.0,5611.959908346527,6361.959908346527,0.0,1.0,833.3333333333334,0.0,0.0,29.245299815377393,29.245299815377393,0.0,5334.03385992688,6084.03385992688,186.336188693563,0.0,186.336188693563
2025-01-25,74,2025-01-25 12:20:00,2025-01-25 12:10:00,680.3710166666666,1099.6039,2025-01-25T12:20:00,2025-01-25 00:00:00,0.4551,687.3209930106738,1108.6275666666668,412.02675967734024,833.3333333333333,0.0,6361.959908346527,7111.959908346527,0.0,1.0,831.2596430106736,0.0,0.0,0.0,0.0,0.0,6084.03385992688,6832.167538636486,187.51337832915755,0.0,187.51337832915755
2025-01-25,75,2025-01-25 12:30:00,2025-01-25 12:20:00,676.51,1098.14375,2025-01-25T12:30:00,2025-01-25 00:00:00,0.4463,687.1040062378733,1099.2375,421.19983957120655,833.3333333333333,0.0,7111.959908346527,7861.959908346527,0.0,1.0,833.3333333333334,0.0,0.0,9.500256237873032,9.500256237873032,0.0,6832.167538636486,7582.167538636486,187.98148840062947,0.0,187.98148840062947
2025-01-25,76,2025-01-25 12:40:00,2025-01-25 12:30:00,677.27135,1122.7194833333333,2025-01-25T12:40:00,2025-01-25 00:00:00,0.4113,678.8220197893796,1097.1969666666666,414.95838645604624,833.3333333333333,0.0,7861.959908346527,8611.959908346527,0.0,1.0,833.3333333333334,0.0,0.0,27.0731864560463,27.0731864560463,0.0,7582.167538636486,8332.167538636486,170.6723843493718,0.0,170.6723843493718
2025-01-25,77,2025-01-25 12:50:00,2025-01-25 12:40:00,680.72085,1145.8759,2025-01-25T12:50:00,2025-01-25 00:00:00,0.5682,682.846129932696,1072.8165833333335,0.0,389.97045340063744,0.0,8611.959908346527,8962.933316407101,0.0,1.0,465.15504999999996,0.0,0.0,0.0,0.0,0.0,8332.167538636486,8750.807083636486,0.0,0.0,0.0
2025-01-25,78,2025-01-25 13:00:00,2025-01-25 12:50:00,686.815,1148.8374999999999,2025-01-25T13:00:00,2025-01-25 00:00:00,0.8279,695.1983206420387,1022.1,0.0,326.90167935796137,0.0,8962.933316407101,9257.144827829266,0.0,1.0,462.0224999999998,0.0,0.0,0.0,0.0,0.0,8750.807083636486,9166.627333636487,0.0,0.0,0.0
2025-01-25,79,2025-01-25 13:10:00,2025-01-25 13:00:00,695.4030166666666,1133.0317,2025-01-25T13:10:00,2025-01-25 00:00:00,0.8636,685.9871775535214,974.8032166666667,0.0,288.8160391131453,0.0,9257.144827829266,9517.079263031097,0.0,1.0,437.62868333333336,0.0,0.0,0.0,0.0,0.0,9166.627333636487,9560.493148636486,0.0,0.0,0.0
2025-01-25,80,2025-01-25 13:20:00,2025-01-25 13:10:00,676.3313333333333,1099.6832,2025-01-25T13:20:00,2025-01-25 00:00:00,0.8416,661.4694906074945,946.0283333333333,0.0,284.55884272583876,0.0,9517.079263031097,9773.182221484352,0.0,1.0,423.35186666666664,0.0,0.0,0.0,0.0,0.0,9560.493148636486,9941.509828636486,0.0,0.0,0.0
2025-01-25,81,2025-01-25 13:30:00,2025-01-25 13:20:00,653.0533333333334,1061.01875,2025-01-25T13:30:00,2025-01-25 00:00:00,0.8618,645.9552202943561,925.15,0.0,279.1947797056439,0.0,9773.182221484352,10024.457523219431,0.0,1.0,407.96541666666656,0.0,0.0,0.0,0.0,0.0,9941.509828636486,10308.678703636486,0.0,0.0,0.0
2025-01-25,82,2025-01-25 13:40:00,2025-01-25 13:30:00,677.3132166666667,1030.09885,2025-01-25T13:40:00,2025-01-25 00:00:00,0.8623,660.9522138031443,889.9290833333333,0.0,228.976869530189,0.0,10024.457523219431,10230.536705796601,0.0,1.0,352.7856333333334,0.0,0.0,0.0,0.0,0.0,10308.678703636486,10626.185773636485,0.0,0.0,0.0
2025-01-25,83,2025-01-25 13:50:00,2025-01-25 13:40:00,673.8313833333333,980.1372166666666,2025-01-25T13:50:00,2025-01-25 00:00:00,0.9026,682.5804739156696,857.0432833333333,0.0,174.46280941766372,0.0,10230.536705796601,10387.553234272498,0.0,1.0,193.1269181816828,0.0,0.0,113.17891515165053,0.0,113.17891515165053,10626.185773636485,10800.0,0.0,0.0,0.0
2025-01-25,84,2025-01-25 14:00:00,2025-01-25 13:50:00,639.51,918.05625,2025-01-25T14:00:00,2025-01-25 00:00:00,0.9754,683.5354854406559,824.7062500000001,0.0,141.1707645593442,0.0,10387.553234272498,10514.606922375908,0.0,1.0,0.0,0.0,0.0,278.54625,0.0,278.54625,10800.0,10800.0,0.0,0.0,0.0
2025-01-25,85,2025-01-25 14:10:00,2025-01-25 14:00:00,644.2474166666667,877.2866666666667,2025-01-25T14:10:00,2025-01-25 00:00:00,1.0002,654.5040505814083,773.7347,0.0,119.23064941859172,0.0,10514.606922375908,10621.91450685264,0.0,1.0,0.0,0.0,0.0,233.03925000000004,0.0,233.03925000000004,10800.0,10800.0,0.0,0.0,0.0
2025-01-25,86,2025-01-25 14:20:00,2025-01-25 14:10:00,635.0304166666666,824.6968833333334,2025-01-25T14:20:00,2025-01-25 00:00:00,0.9978,625.358789575938,727.8385833333333,0.0,102.47979375739533,0.0,10621.91450685264,10714.146321234295,0.0,1.0,0.0,0.0,0.0,189.6664666666668,0.0,189.6664666666668,10800.0,10800.0,0.0,0.0,0.0
2025-01-25,87,2025-01-25 14:30:00,2025-01-25 14:20:00,607.6016666666667,768.7624999999999,2025-01-25T14:30:00,2025-01-25 00:00:00,1.0271,619.5276806995992,693.4562500000001,0.0,73.92856930040091,0.0,10714.146321234295,10780.682033604657,0.0,1.0,0.0,0.0,0.0,161.16083333333324,0.0,161.16083333333324,10800.0,10800.0,0.0,0.0,0.0
2025-01-25,88,2025-01-25 14:40:00,2025-01-25 14:30:00,613.25785,749.5391833333333,2025-01-25T14:40:00,2025-01-25 00:00:00,1.0906,634.8022095607297,656.2666166666667,0.0,21.46440710593697,0.0,10780.682033604657,10800.0,0.0,1.0,0.0,0.0,0.0,136.28133333333335,0.0,136.28133333333335,10800.0,10800.0,0.0,0.0,0.0
2025-01-25,89,2025-01-25 14:50:00,2025-01-25 14:40:00,606.5093333333333,702.4259833333334,2025-01-25T14:50:00,2025-01-25 00:00:00,0.9376,633.1791383999523,630.6865,0.0,0.0,2.492638399952284,10800.0,10797.230401777832,0.0,0.0,0.0,0.0,0.0,95.91665000000012,0.0,95.91665000000012,10800.0,10800.0,0.0,0.0,0.0
2025-01-25,90,2025-01-25 15:00:00,2025-01-25 14:50:00,597.115,625.63125,2025-01-25T15:00:00,2025-01-25 00:00:00,0.6694,616.5503170812706,605.5500000000001,11.00031708127051,0.0,0.0,10797.230401777832,10797.230401777832,0.0,0.0,0.0,0.0,0.0,39.51656708127052,11.00031708127051,28.516250000000014,10800.0,10800.0,7.363612254202479,0.0,7.363612254202479
2025-01-25,91,2025-01-25 15:10:00,2025-01-25 15:00:00,638.6444666666666,580.3633333333333,2025-01-25T15:10:00,2025-01-25 00:00:00,0.66,619.6333935051462,551.2903333333334,71.42039152977779,3.077331357964997,0.0,10797.230401777832,10800.0,0.0,1.0,0.0,0.0,0.0,13.13925819644453,13.13925819644453,0.0,10800.0,10800.0,47.13745840965334,0.0,47.13745840965334
2025-01-25,92,2025-01-25 15:20:00,2025-01-25 15:10:00,643.5352666666666,524.5280333333334,2025-01-25T15:20:00,2025-01-25 00:00:00,0.7217,616.0571948568227,495.84501666666665,120.21217819015601,0.0,0.0,10800.0,10800.0,0.0,0.0,0.0,0.0,0.0,1.204944856822749,1.204944856822749,0.0,10800.0,10800.0,86.75712899983559,0.0,86.75712899983559
2025-01-25,93,2025-01-25 15:30:00,2025-01-25 15:20:00,600.66,461.40000000000003,2025-01-25T15:30:00,2025-01-25 00:00:00,0.7308,615.3496217130614,454.48125,160.86837171306144,0.0,0.0,10800.0,10800.0,0.0,0.0,0.0,0.0,0.0,21.6083717130615,21.6083717130615,0.0,10800.0,10800.0,117.56260604790529,0.0,117.56260604790529
2025-01-25,94,2025-01-25 15:40:00,2025-01-25 15:30:00,588.2068166666667,438.3642,2025-01-25T15:40:00,2025-01-25 00:00:00,0.7534,653.0903435645625,414.02448333333336,239.06586023122918,0.0,0.0,10800.0,10800.0,0.0,0.0,0.0,0.0,0.0,89.2232435645625,89.2232435645625,0.0,10800.0,10800.0,180.11221909820804,0.0,180.11221909820804
2025-01-25,95,2025-01-25 15:50:00,2025-01-25 15:40:00,591.8162166666667,394.0675833333333,2025-01-25T15:50:00,2025-01-25 00:00:00,0.7823,665.3239475234044,358.4043833333333,306.91956419007107,0.0,0.0,10800.0,10800.0,0.0,0.0,0.0,0.0,0.0,109.17093085673764,109.17093085673764,0.0,10800.0,10800.0,240.1031750658926,0.0,240.1031750658926
2025-01-25,96,2025-01-25 16:00:00,2025-01-25 15:50:00,586.2583333333333,319.675,2025-01-25T16:00:00,2025-01-25 00:00:00,0.8055,632.7557781766153,299.15000000000003,333.6057781766153,0.0,0.0,10800.0,10800.0,0.0,0.0,0.0,0.0,0.0,67.02244484328196,67.02244484328196,0.0,10800.0,10800.0,268.7194543212636,0.0,268.7194543212636
2025-01-25,97,2025-01-25 16:10:00,2025-01-25 16:00:00,568.9879833333333,268.58395,2025-01-25T16:10:00,2025-01-25 00:00:00,0.8271,601.9766127817661,262.59835,339.3782627817661,0.0,-0.0,10800.0,10800.0,0.0,0.0,0.0,0.0,0.0,38.974229448432766,38.974229448432766,0.0,10800.0,10800.0,280.6997611467987,0.0,280.6997611467987
2025-01-25,98,2025-01-25 16:20:00,2025-01-25 16:10:00,572.3382,222.29945,2025-01-25T16:20:00,2025-01-25 00:00:00,0.8519,601.043073337073,223.53003333333334,377.51304000373966,0.0,-0.0,10800.0,10800.0,0.0,0.0,0.0,0.0,0.0,27.47429000373961,27.47429000373961,0.0,10800.0,10800.0,321.60335877918584,0.0,321.60335877918584
2025-01-25,99,2025-01-25 16:30:00,2025-01-25 16:20:00,595.245,169.84375,2025-01-25T16:30:00,2025-01-25 00:00:00,0.8791,615.634331217422,173.11249999999998,442.521831217422,0.0,-0.0,10800.0,10800.0,0.0,0.0,0.0,0.0,0.0,17.120581217422,17.120581217422,0.0,10800.0,10800.0,389.02094182323566,0.0,389.02094182323566
2025-01-25,100,2025-01-25 16:40:00,2025-01-25 16:30:00,594.5911166666666,123.00816666666667,2025-01-25T16:40:00,2025-01-25 00:00:00,0.9024,600.9779591465178,126.98178333333334,473.9961758131845,0.0,-0.0,10800.0,10800.0,0.0,0.0,0.0,0.0,0.0,2.4132258131845674,2.4132258131845674,0.0,10800.0,10800.0,427.7341490538177,0.0,427.7341490538177
2025-01-25,101,2025-01-25 16:50:00,2025-01-25 16:40:00,530.7514,79.42723333333333,2025-01-25T16:50:00,2025-01-25 00:00:00,0.9163,540.5794465064679,80.8326,459.7468465064679,0.0,-0.0,10800.0,10800.0,0.0,0.0,0.0,0.0,0.0,8.422679839801162,8.422679839801162,0.0,10800.0,10800.0,421.2660354538765,0.0,421.2660354538765
2025-01-25,102,2025-01-25 17:00:00,2025-01-25 16:50:00,452.6166666666666,38.981249999999996,2025-01-25T17:00:00,2025-01-25 00:00:00,0.9264,475.25941068993603,36.86875,438.39066068993606,0.0,-0.0,10800.0,10800.0,0.0,0.0,0.0,0.0,0.0,24.755244023269427,24.755244023269427,0.0,10800.0,10800.0,406.12510806315674,0.0,406.12510806315674
2025-01-25,103,2025-01-25 17:10:00,2025-01-25 17:00:00,453.5162666666667,8.4486,2025-01-25T17:10:00,2025-01-25 00:00:00,0.9462,467.9741361038916,7.42335,460.5507861038916,0.0,0.0,10800.0,10800.0,0.0,0.0,0.0,0.0,0.0,15.4831194372249,15.4831194372249,0.0,10800.0,10800.0,435.77315381150225,0.0,435.77315381150225
2025-01-25,104,2025-01-25 17:20:00,2025-01-25 17:10:00,459.75558333333333,0.0,2025-01-25T17:20:00,2025-01-25 00:00:00,0.9742,473.0159352033214,0.0,473.0159352033214,0.0,-0.0,10800.0,10800.0,0.0,0.0,0.0,0.0,0.0,13.260351869988085,13.260351869988085,0.0,10800.0,10800.0,460.8121240750757,0.0,460.8121240750757
2025-01-25,105,2025-01-25 17:30:00,2025-01-25 17:20:00,444.7633333333333,0.0,2025-01-25T17:30:00,2025-01-25 00:00:00,0.9862,465.8913711231343,0.0,465.8913711231343,0.0,-0.0,10800.0,10800.0,0.0,0.0,0.0,0.0,0.0,21.128037789801,21.128037789801,0.0,10800.0,10800.0,459.4620702016351,0.0,459.4620702016351
2025-01-25,106,2025-01-25 17:40:00,2025-01-25 17:30:00,453.2371,0.5029333333333333,2025-01-25T17:40:00,2025-01-25 00:00:00,0.976,464.6642296932481,0.43493333333333334,464.22929635991477,0.0,0.0,10800.0,10800.0,0.0,0.0,0.0,0.0,0.0,11.495129693248089,11.495129693248089,0.0,10800.0,10800.0,453.0877932472768,0.0,453.0877932472768
2025-01-25,107,2025-01-25 17:50:00,2025-01-25 17:40:00,457.29254999999995,0.0,2025-01-25T17:50:00,2025-01-25 00:00:00,1.0742,462.83518573916945,0.0,143.28120012624015,0.0,319.5539856129293,10800.0,10444.940015985634,0.0,0.0,0.0,314.0113498737598,0.0,0.0,0.0,0.0,10800.0,10451.098500140266,153.91266517560717,0.0,153.91266517560717
2025-01-25,108,2025-01-25 18:00:00,2025-01-25 17:50:00,448.4083333333333,0.0,2025-01-25T18:00:00,2025-01-25 00:00:00,1.2313,468.16160459318496,0.0,-0.0,0.0,468.16160459318496,10444.940015985634,9924.76045532654,0.0,0.0,0.0,448.4083333333333,0.0,0.0,0.0,0.0,10451.098500140266,9952.867018658784,-0.0,0.0,0.0
2025-01-25,109,2025-01-25 18:10:00,2025-01-25 18:00:00,450.5833333333333,0.036116666666666665,2025-01-25T18:10:00,2025-01-25 00:00:00,1.2561,492.97373603756796,0.031233333333333335,0.0,0.0,492.94250270423464,9924.76045532654,9377.046563432945,0.0,0.0,0.0,450.54721666666666,0.0,0.0,0.0,0.0,9952.867018658784,9452.259000140266,0.0,0.0,0.0
2025-01-25,110,2025-01-25 18:20:00,2025-01-25 18:10:00,463.7063333333333,0.0,2025-01-25T18:20:00,2025-01-25 00:00:00,1.2447,487.1064618534804,0.0,0.0,0.0,487.1064618534804,9377.046563432945,8835.817161373521,0.0,0.0,0.0,463.7063333333333,0.0,0.0,0.0,0.0,9452.259000140266,8937.029740881007,0.0,0.0,0.0
2025-01-25,111,2025-01-25 18:30:00,2025-01-25 18:20:00,476.47333333333336,0.0,2025-01-25T18:30:00,2025-01-25 00:00:00,1.2545,451.74437275262846,0.0,0.0,0.0,451.74437275262846,8835.817161373521,8333.878969426156,0.0,0.0,0.0,476.47333333333336,0.0,0.0,0.0,0.0,8937.029740881007,8407.614926066193,0.0,0.0,0.0
2025-01-25,112,2025-01-25 18:40:00,2025-01-25 18:30:00,480.71065,0.0026,2025-01-25T18:40:00,2025-01-25 00:00:00,1.2522,440.98128242738943,0.00225,0.0,0.0,440.9790324273894,8333.878969426156,7843.902266729057,0.0,0.0,0.0,480.70805,0.0,0.0,0.0,0.0,8407.614926066193,7873.494870510638,0.0,0.0,0.0
2025-01-25,113,2025-01-25 18:50:00,2025-01-25 18:40:00,497.48091666666664,0.0,2025-01-25T18:50:00,2025-01-25 00:00:00,1.2881,451.2186108172441,0.0,0.0,0.0,451.2186108172441,7843.902266729057,7342.548254709897,0.0,0.0,0.0,497.48091666666664,0.0,0.0,0.0,0.0,7873.494870510638,7320.738296436564,0.0,0.0,0.0
2025-01-25,114,2025-01-25 19:00:00,2025-01-25 18:50:00,503.94166666666666,0.0,2025-01-25T19:00:00,2025-01-25 00:00:00,1.3466,451.98440108126175,0.0,0.0,0.0,451.98440108126175,7342.548254709897,6840.343364619606,0.0,0.0,0.0,503.94166666666666,0.0,0.0,0.0,0.0,7320.738296436564,6760.803111251379,0.0,0.0,0.0
2025-01-25,115,2025-01-25 19:10:00,2025-01-25 19:00:00,455.07121666666666,0.00018333333333333334,2025-01-25T19:10:00,2025-01-25 00:00:00,1.3523,424.96123139726467,0.0,0.0,0.0,424.96123139726467,6840.343364619606,6368.164218622645,0.0,0.0,0.0,455.07103333333333,0.0,0.0,0.0,0.0,6760.803111251379,6255.168629769898,0.0,0.0,0.0
2025-01-25,116,2025-01-25 19:20:00,2025-01-25 19:10:00,419.24585,0.0,2025-01-25T19:20:00,2025-01-25 00:00:00,1.3445,442.18814841757245,0.0,0.0,0.0,442.18814841757245,6368.164218622645,5876.844053714231,0.0,0.0,0.0,419.24585,0.0,0.0,0.0,0.0,6255.168629769898,5789.3399075476755,0.0,0.0,0.0
2025-01-25,117,2025-01-25 19:30:00,2025-01-25 19:20:00,426.625,0.0,2025-01-25T19:30:00,2025-01-25 00:00:00,1.3483,482.2060166487936,0.0,0.0,0.0,482.2060166487936,5876.844053714231,5341.059590771128,0.0,0.0,0.0,426.625,0.0,0.0,0.0,0.0,5789.3399075476755,5315.312129769898,0.0,0.0,0.0
2025-01-25,118,2025-01-25 19:40:00,2025-01-25 19:30:00,446.06005,0.0,2025-01-25T19:40:00,2025-01-25 00:00:00,1.349,453.09503205002034,0.0,-0.0,0.0,453.09503205002034,5341.059590771128,4837.620666271105,0.0,0.0,0.0,446.06005,0.0,0.0,0.0,0.0,5315.312129769898,4819.689851992121,-0.0,0.0,0.0
2025-01-25,119,2025-01-25 19:50:00,2025-01-25 19:40:00,469.3383166666667,0.0,2025-01-25T19:50:00,2025-01-25 00:00:00,1.3473,441.22232852178723,0.0,0.0,0.0,441.22232852178723,4837.620666271105,4347.37363458023,0.0,0.0,0.0,469.3383166666667,0.0,0.0,0.0,0.0,4819.689851992121,4298.202833473602,0.0,0.0,0.0
2025-01-25,120,2025-01-25 20:00:00,2025-01-25 19:50:00,486.74333333333334,0.0,2025-01-25T20:00:00,2025-01-25 00:00:00,1.3482,471.0963198750394,0.0,0.0,0.0,471.0963198750394,4347.37363458023,3823.9332791635197,0.0,0.0,0.0,486.74333333333334,0.0,0.0,0.0,0.0,4298.202833473602,3757.3769075476766,0.0,0.0,0.0
2025-01-25,121,2025-01-25 20:10:00,2025-01-25 20:00:00,486.3579333333333,0.0,2025-01-25T20:10:00,2025-01-25 00:00:00,1.3513,477.04765775633473,0.0,0.0,0.0,477.04765775633473,3823.9332791635197,3293.8803261009257,0.0,0.0,0.0,486.3579333333333,0.0,0.0,0.0,0.0,3757.3769075476766,3216.9792038439728,0.0,0.0,0.0
2025-01-25,122,2025-01-25 20:20:00,2025-01-25 20:10:00,478.8691666666667,0.0,2025-01-25T20:20:00,2025-01-25 00:00:00,1.34,463.50610892591305,0.0,0.0,0.0,463.50610892591305,3293.8803261009257,2778.8735384054667,0.0,0.0,0.0,478.8691666666667,0.0,0.0,0.0,0.0,3216.9792038439728,2684.902351992121,0.0,0.0,0.0
2025-01-25,123,2025-01-25 20:30:00,2025-01-25 20:20:00,469.4533333333333,0.0,2025-01-25T20:30:00,2025-01-25 00:00:00,1.3489,453.1547965217852,0.0,0.0,0.0,453.1547965217852,2778.8735384054667,2275.3682089368162,0.0,0.0,0.0,469.4533333333333,0.0,0.0,0.0,0.0,2684.902351992121,2163.287537177306,0.0,0.0,0.0
2025-01-25,124,2025-01-25 20:40:00,2025-01-25 20:30:00,460.2298,0.0,2025-01-25T20:40:00,2025-01-25 00:00:00,1.3952,464.92877393492745,0.0,-0.0,0.0,464.92877393492745,2275.3682089368162,1758.7806823424523,0.0,0.0,0.0,460.2298,0.0,0.0,0.0,0.0,2163.287537177306,1651.9210927328618,-0.0,0.0,0.0
2025-01-25,125,2025-01-25 20:50:00,2025-01-25 20:40:00,483.40343333333334,0.0,2025-01-25T20:50:00,2025-01-25 00:00:00,1.2226,502.902614108207,0.0,0.0,0.0,502.902614108207,1758.7806823424523,1200.0,0.0,0.0,0.0,406.7289834595756,76.67444987375774,0.0,0.0,0.0,1651.9210927328618,1200.0,0.0,468.710912078281,468.710912078281
2025-01-25,126,2025-01-25 21:00:00,2025-01-25 20:50:00,517.75,0.0,2025-01-25T21:00:00,2025-01-25 00:00:00,0.9332,529.023897621497,0.0,529.023897621497,0.0,0.0,1200.0,1200.0,0.0,0.0,11.273897621496985,0.0,0.0,0.0,0.0,0.0,1200.0,1210.1465078593474,493.685101260381,0.0,493.685101260381
2025-01-25,127,2025-01-25 21:10:00,2025-01-25 21:00:00,503.43444999999997,0.0,2025-01-25T21:10:00,2025-01-25 00:00:00,0.9068,495.8555023724392,0.0,495.8555023724392,0.0,0.0,1200.0,1200.0,0.0,0.0,0.0,7.578947627560751,0.0,0.0,0.0,0.0,1210.1465078593474,1201.7254549398353,449.6417695513279,0.0,449.6417695513279
2025-01-25,128,2025-01-25 21:20:00,2025-01-25 21:10:00,470.0101666666667,0.0,2025-01-25T21:20:00,2025-01-25 00:00:00,0.9371,469.16927801486963,0.0,469.16927801486963,0.0,0.0,1200.0,1200.0,0.0,0.0,0.0,0.8408886517970586,0.0,0.0,0.0,0.0,1201.7254549398353,1200.7911342156165,439.6585304277344,0.0,439.6585304277344
2025-01-25,129,2025-01-25 21:30:00,2025-01-25 21:20:00,459.46166666666664,0.0,2025-01-25T21:30:00,2025-01-25 00:00:00,0.9371,477.0398827562178,0.0,477.0398827562178,0.0,0.0,1200.0,1200.0,0.0,0.0,17.578216089551177,0.0,0.0,0.0,0.0,0.0,1200.7911342156165,1216.6115286962124,447.03407413085176,0.0,447.03407413085176
2025-01-25,130,2025-01-25 21:40:00,2025-01-25 21:30:00,482.57188333333335,0.0,2025-01-25T21:40:00,2025-01-25 00:00:00,0.9871,482.1460337248336,0.0,482.1460337248336,0.0,-0.0,1200.0,1200.0,0.0,0.0,0.0,0.42584960849973186,0.0,0.0,0.0,0.0,1216.6115286962124,1216.138362464546,475.92634988978324,0.0,475.92634988978324
2025-01-25,131,2025-01-25 21:50:00,2025-01-25 21:40:00,471.31835,0.0,2025-01-25T21:50:00,2025-01-25 00:00:00,0.7764,453.5680072221513,0.0,453.5680072221513,-0.0,0.0,1200.0,1200.0,0.0,-0.0,0.0,14.524526218091342,3.2258165597573445,0.0,0.0,0.0,1216.138362464546,1200.0,352.1502008072783,12.52261988497801,364.67282069225627
2025-01-25,132,2025-01-25 22:00:00,2025-01-25 21:50:00,421.19166666666666,0.0,2025-01-25T22:00:00,2025-01-25 00:00:00,0.4209,415.0083137114738,0.0,1248.3416470448071,833.3333333333333,0.0,1200.0,1950.0,0.0,1.0,827.1499803781405,0.0,0.0,0.0,0.0,0.0,1200.0,1944.4349823403265,525.4269992411594,0.0,525.4269992411594
2025-01-25,133,2025-01-25 22:10:00,2025-01-25 22:00:00,397.85774999999995,0.0,2025-01-25T22:10:00,2025-01-25 00:00:00,0.3859,421.31680637746035,0.0,1254.6501397107936,833.3333333333333,0.0,1950.0,2700.0,0.0,1.0,833.3333333333334,0.0,0.0,23.459056377460342,23.459056377460342,0.0,1944.4349823403265,2694.4349823403263,484.1694889143953,0.0,484.1694889143953
2025-01-25,134,2025-01-25 22:20:00,2025-01-25 22:10:00,414.09024999999997,0.0,2025-01-25T22:20:00,2025-01-25 00:00:00,0.4368,443.51232761499534,0.0,443.51232761499534,0.0,0.0,2700.0,2700.0,0.0,0.0,29.422077614995374,0.0,0.0,0.0,0.0,0.0,2694.4349823403263,2720.9148521938223,193.72618470222997,0.0,193.72618470222997
2025-01-25,135,2025-01-25 22:30:00,2025-01-25 22:20:00,441.19666666666666,0.0,2025-01-25T22:30:00,2025-01-25 00:00:00,0.4198,448.07686740320344,0.0,1281.4102007365368,833.3333333333333,0.0,2700.0,3450.0,0.0,1.0,833.3333333333334,0.0,0.0,6.880200736536722,6.880200736536722,0.0,2720.9148521938223,3470.9148521938223,537.9360022691982,0.0,537.9360022691982
2025-01-25,136,2025-01-25 22:40:00,2025-01-25 22:30:00,436.91738333333336,0.0,2025-01-25T22:40:00,2025-01-25 00:00:00,0.4186,426.1148261027311,0.0,1259.4481594360643,833.3333333333333,0.0,3450.0,4200.0,0.0,1.0,822.5307761027309,0.0,0.0,0.0,0.0,0.0,3470.9148521938223,4211.19255068628,527.2049995399366,0.0,527.2049995399366
2025-01-25,137,2025-01-25 22:50:00,2025-01-25 22:40:00,413.86723333333333,0.0,2025-01-25T22:50:00,2025-01-25 00:00:00,0.4241,399.16732646352375,0.0,399.16732646352375,0.0,0.0,4200.0,4200.0,0.0,0.0,0.0,14.699906869809581,0.0,0.0,0.0,0.0,4211.19255068628,4194.859320830936,169.2868631531804,0.0,169.2868631531804
2025-01-25,138,2025-01-25 23:00:00,2025-01-25 22:50:00,394.6483333333333,0.0,2025-01-25T23:00:00,2025-01-25 00:00:00,0.4237,394.58924391461267,0.0,1227.9225772479458,833.3333333333333,0.0,4200.0,4950.0,0.0,1.0,833.2742439146125,0.0,0.0,0.0,0.0,0.0,4194.859320830936,4944.806140354087,520.2707959799546,0.0,520.2707959799546
2025-01-25,139,2025-01-25 23:10:00,2025-01-25 23:00:00,393.71206666666666,0.0,2025-01-25T23:10:00,2025-01-25 00:00:00,0.4248,422.9812080022745,0.0,422.9812080022745,0.0,0.0,4950.0,4950.0,0.0,0.0,29.269141335607856,0.0,0.0,0.0,0.0,0.0,4944.806140354087,4971.148367556134,179.68241715936622,0.0,179.68241715936622
2025-01-25,140,2025-01-25 23:20:00,2025-01-25 23:10:00,408.61566666666664,0.0,2025-01-25T23:20:00,2025-01-25 00:00:00,0.424,436.4238712766424,0.0,1107.8277926734083,671.403921396766,0.0,4950.0,5554.263529257089,0.0,1.0,699.2121260067418,0.0,0.0,0.0,0.0,0.0,4971.148367556134,5600.439280962201,469.71898409352514,0.0,469.71898409352514
2025-01-25,141,2025-01-25 23:30:00,2025-01-25 23:20:00,423.2416666666666,0.0,2025-01-25T23:30:00,2025-01-25 00:00:00,0.422,419.31147392287585,0.0,1252.644807256209,833.3333333333333,0.0,5554.263529257089,6304.263529257089,0.0,1.0,829.4031405895425,0.0,0.0,0.0,0.0,0.0,5600.439280962201,6346.90210749279,528.6161086621203,0.0,528.6161086621203
2025-01-25,142,2025-01-25 23:40:00,2025-01-25 23:30:00,429.6743166666667,0.0,2025-01-25T23:40:00,2025-01-25 00:00:00,0.424,413.8750932293674,0.0,413.8750932293674,0.0,0.0,6304.263529257089,6304.263529257089,0.0,0.0,0.0,15.799223437299304,0.0,0.0,0.0,0.0,6346.90210749279,6329.347414784679,175.48303952925178,0.0,175.48303952925178
2025-01-25,143,2025-01-25 23:50:00,2025-01-25 23:40:00,486.5695333333333,0.0,2025-01-25T23:50:00,2025-01-25 00:00:00,0.4271,499.4976487212519,0.0,499.4976487212519,0.0,0.0,6304.263529257089,6304.263529257089,0.0,-0.0,12.92811538791858,0.0,0.0,0.0,0.0,0.0,6329.347414784679,6340.982718633806,213.33544576884668,0.0,213.33544576884668
2025-01-25,144,2025-01-26 00:00:00,2025-01-25 23:50:00,573.3933333333333,0.0,2025-01-26T00:00:00,2025-01-25 00:00:00,0.4276,616.6461991881629,0.0,616.6461991881629,0.0,0.0,6304.263529257089,6304.263529257089,0.0,-0.0,43.252865854829565,0.0,0.0,0.0,0.0,0.0,6340.982718633806,6379.910297903153,263.67791477285846,0.0,263.67791477285846
2025-01-26,1,2025-01-26 00:10:00,2025-01-26 00:00:00,603.02365,0.0,2025-01-26T00:10:00,2025-01-26 00:00:00,0.4248,640.4820693277484,0.0,1473.8154026610816,833.3333333333333,0.0,6379.910297903153,7129.910297903153,0.0,1.0,833.3333333333334,0.0,0.0,37.45841932774829,37.45841932774829,0.0,6379.910297903153,7129.910297903153,626.0767830504275,0.0,626.0767830504275
2025-01-26,2,2025-01-26 00:20:00,2025-01-26 00:10:00,604.1721333333334,0.0,2025-01-26T00:20:00,2025-01-26 00:00:00,0.4245,603.3091827966045,0.0,1436.6425161299378,833.3333333333333,0.0,7129.910297903153,7879.910297903152,0.0,1.0,832.4703827966044,0.0,0.0,0.0,0.0,0.0,7129.910297903153,7879.133642420097,609.8547480971586,0.0,609.8547480971586
2025-01-26,3,2025-01-26 00:30:00,2025-01-26 00:20:00,600.02,0.0,2025-01-26T00:30:00,2025-01-26 00:00:00,0.4269,600.8375015941186,0.0,1434.1708349274518,833.3333333333333,0.0,7879.910297903152,8629.910297903152,0.0,1.0,833.3333333333334,0.0,0.0,0.8175015941184256,0.8175015941184256,0.0,7879.133642420097,8629.133642420096,612.2475294305292,0.0,612.2475294305292
2025-01-26,4,2025-01-26 00:40:00,2025-01-26 00:30:00,587.6106666666667,0.0,2025-01-26T00:40:00,2025-01-26 00:00:00,0.4272,626.8266431244555,0.0,1371.3707565653974,744.5441134409419,0.0,8629.910297903152,9300.0,0.0,1.0000000000000009,783.7600898987307,0.0,0.0,0.0,0.0,0.0,8629.133642420096,9334.517723328954,585.8495872047378,0.0,585.8495872047378
2025-01-26,5,2025-01-26 00:50:00,2025-01-26 00:40:00,599.4886833333334,0.0,2025-01-26T00:50:00,2025-01-26 00:00:00,0.4271,636.2454435461567,0.0,1469.5787768794899,833.3333333333333,0.0,9300.0,10050.0,0.0,1.0,833.3333333333334,0.0,0.0,36.75676021282311,36.75676021282311,0.0,9334.517723328954,10084.517723328954,627.6570956052301,0.0,627.6570956052301
2025-01-26,6,2025-01-26 01:00:00,2025-01-26 00:50:00,629.2333333333333,0.0,2025-01-26T01:00:00,2025-01-26 00:00:00,0.4285,628.1000753428667,0.0,628.1000753428667,0.0,0.0,10050.0,10050.0,0.0,0.0,0.0,1.1332579904666318,0.0,0.0,0.0,0.0,10084.517723328954,10083.258547783991,269.1408822844184,0.0,269.1408822844184
2025-01-26,7,2025-01-26 01:10:00,2025-01-26 01:00:00,636.3726833333334,0.0,2025-01-26T01:10:00,2025-01-26 00:00:00,0.4311,639.587509749676,0.0,639.587509749676,0.0,0.0,10050.0,10050.0,0.0,0.0,3.2148264163425893,0.0,0.0,0.0,0.0,0.0,10083.258547783991,10086.1518915587,275.7261754530853,0.0,275.7261754530853
2025-01-26,8,2025-01-26 01:20:00,2025-01-26 01:10:00,636.0457333333333,0.0,2025-01-26T01:20:00,2025-01-26 00:00:00,0.4302,649.7810905417329,0.0,649.7810905417329,0.0,0.0,10050.0,10050.0,0.0,0.0,13.735357208399591,0.0,0.0,0.0,0.0,0.0,10086.1518915587,10098.51371304626,279.5358251510535,0.0,279.5358251510535
2025-01-26,9,2025-01-26 01:30:00,2025-01-26 01:20:00,632.6066666666667,0.0,2025-01-26T01:30:00,2025-01-26 00:00:00,0.4279,647.3864883256846,0.0,647.3864883256846,0.0,0.0,10050.0,10050.0,0.0,0.0,14.779821659017898,0.0,0.0,0.0,0.0,0.0,10098.51371304626,10111.815552539378,277.01667835456044,0.0,277.01667835456044
2025-01-26,10,2025-01-26 01:40:00,2025-01-26 01:30:00,614.5470666666666,0.0,2025-01-26T01:40:00,2025-01-26 00:00:00,0.4312,645.0490524950003,0.0,645.0490524950003,0.0,0.0,10050.0,10050.0,0.0,0.0,30.50198582833366,0.0,0.0,0.0,0.0,0.0,10111.815552539378,10139.267339784878,278.1451514358441,0.0,278.1451514358441
2025-01-26,11,2025-01-26 01:50:00,2025-01-26 01:40:00,607.03785,0.0,2025-01-26T01:50:00,2025-01-26 00:00:00,0.4333,651.6628725028798,0.0,651.6628725028798,0.0,0.0,10050.0,10050.0,0.0,0.0,44.6250225028798,0.0,0.0,0.0,0.0,0.0,10139.267339784878,10179.42986003747,282.36552265549784,0.0,282.36552265549784
2025-01-26,12,2025-01-26 02:00:00,2025-01-26 01:50:00,627.8416666666667,0.0,2025-01-26T02:00:00,2025-01-26 00:00:00,0.4311,662.9106936776473,0.0,662.9106936776473,0.0,0.0,10050.0,10050.0,0.0,0.0,35.06902701098056,0.0,0.0,0.0,0.0,0.0,10179.42986003747,10210.991984347353,285.7808000444337,0.0,285.7808000444337
2025-01-26,13,2025-01-26 02:10:00,2025-01-26 02:00:00,668.8419,0.0,2025-01-26T02:10:00,2025-01-26 00:00:00,0.4293,668.6219874560642,0.0,668.6219874560642,0.0,0.0,10050.0,10050.0,0.0,0.0,0.0,0.21991254393583404,0.0,0.0,0.0,0.0,10210.991984347353,10210.747637076312,287.03941921488837,0.0,287.03941921488837
2025-01-26,14,2025-01-26 02:20:00,2025-01-26 02:10:00,687.6550833333334,0.0,2025-01-26T02:20:00,2025-01-26 00:00:00,0.4324,681.6594467805838,0.0,681.6594467805838,0.0,0.0,10050.0,10050.0,0.0,0.0,0.0,5.995636552749602,0.0,0.0,0.0,0.0,10210.747637076312,10204.085818684369,294.74954478792444,0.0,294.74954478792444
2025-01-26,15,2025-01-26 02:30:00,2025-01-26 02:20:00,675.1283333333333,0.0,2025-01-26T02:30:00,2025-01-26 00:00:00,0.4367,685.2872747962494,0.0,685.2872747962494,0.0,0.0,10050.0,10050.0,0.0,0.0,10.158941462916118,0.0,0.0,0.0,0.0,0.0,10204.085818684369,10213.228866000993,299.2649529035221,0.0,299.2649529035221
2025-01-26,16,2025-01-26 02:40:00,2025-01-26 02:30:00,656.5923,0.0,2025-01-26T02:40:00,2025-01-26 00:00:00,0.4348,650.6863141067979,0.0,650.6863141067979,0.0,0.0,10050.0,10050.0,0.0,0.0,0.0,5.905985893202114,0.0,0.0,0.0,0.0,10213.228866000993,10206.66665945299,282.91840937363577,0.0,282.91840937363577
2025-01-26,17,2025-01-26 02:50:00,2025-01-26 02:40:00,630.04515,0.0,2025-01-26T02:50:00,2025-01-26 00:00:00,0.4335,639.7373036744563,0.0,639.7373036744563,0.0,0.0,10050.0,10050.0,0.0,0.0,9.692153674456222,0.0,0.0,0.0,0.0,0.0,10206.66665945299,10215.38959776,277.3261211428768,0.0,277.3261211428768
2025-01-26,18,2025-01-26 03:00:00,2025-01-26 02:50:00,613.0833333333334,0.0,2025-01-26T03:00:00,2025-01-26 00:00:00,0.4357,670.9239268248054,0.0,670.9239268248054,0.0,0.0,10050.0,10050.0,0.0,0.0,57.84059349147208,0.0,0.0,0.0,0.0,0.0,10215.38959776,10267.446131902325,292.3215549175677,0.0,292.3215549175677
2025-01-26,19,2025-01-26 03:10:00,2025-01-26 03:00:00,637.3823166666667,0.0,2025-01-26T03:10:00,2025-01-26 00:00:00,0.4374,699.9083988687071,0.0,699.9083988687071,0.0,0.0,10050.0,10050.0,0.0,0.0,62.52608220204036,0.0,0.0,0.0,0.0,0.0,10267.446131902325,10323.719605884162,306.13993366517246,0.0,306.13993366517246
2025-01-26,20,2025-01-26 03:20:00,2025-01-26 03:10:00,683.0043999999999,0.0,2025-01-26T03:20:00,2025-01-26 00:00:00,0.4371,698.0841665278585,0.0,698.0841665278585,0.0,0.0,10050.0,10050.0,0.0,0.0,15.079766527858624,0.0,0.0,0.0,0.0,0.0,10323.719605884162,10337.291395759235,305.13258918932695,0.0,305.13258918932695
2025-01-26,21,2025-01-26 03:30:00,2025-01-26 03:20:00,708.3066666666667,0.0,2025-01-26T03:30:00,2025-01-26 00:00:00,0.4356,668.1144937536884,0.0,668.1144937536884,0.0,0.0,10050.0,10050.0,0.0,0.0,0.0,40.19217291297832,0.0,0.0,0.0,0.0,10337.291395759235,10292.633425855925,291.03067347910667,0.0,291.03067347910667
2025-01-26,22,2025-01-26 03:40:00,2025-01-26 03:30:00,685.7917000000001,0.0,2025-01-26T03:40:00,2025-01-26 00:00:00,0.4353,642.1687874805374,0.0,642.1687874805374,0.0,0.0,10050.0,10050.0,0.0,0.0,0.0,43.622912519462716,0.0,0.0,0.0,0.0,10292.633425855925,10244.163523056523,279.53607319027793,0.0,279.53607319027793
2025-01-26,23,2025-01-26 03:50:00,2025-01-26 03:40:00,675.7256666666666,0.0,2025-01-26T03:50:00,2025-01-26 00:00:00,0.436,660.8791257198726,0.0,660.8791257198726,0.0,0.0,10050.0,10050.0,0.0,0.0,0.0,14.846540946793993,0.0,0.0,0.0,0.0,10244.163523056523,10227.667366448974,288.1432988138645,0.0,288.1432988138645
2025-01-26,24,2025-01-26 04:00:00,2025-01-26 03:50:00,695.69,0.0,2025-01-26T04:00:00,2025-01-26 00:00:00,0.4378,695.3587484906643,0.0,695.3587484906643,0.0,0.0,10050.0,10050.0,0.0,0.0,0.0,0.3312515093357433,0.0,0.0,0.0,0.0,10227.667366448974,10227.299309216378,304.42806008921286,0.0,304.42806008921286
2025-01-26,25,2025-01-26 04:10:00,2025-01-26 04:00:00,705.8111833333334,0.0,2025-01-26T04:10:00,2025-01-26 00:00:00,0.4401,678.5503232157714,0.0,678.5503232157714,0.0,0.0,10050.0,10050.0,0.0,0.0,0.0,27.260860117561947,0.0,0.0,0.0,0.0,10227.299309216378,10197.009464641309,298.629997247261,0.0,298.629997247261
2025-01-26,26,2025-01-26 04:20:00,2025-01-26 04:10:00,696.4243166666666,0.0,2025-01-26T04:20:00,2025-01-26 00:00:00,0.4389,672.6353163106769,0.0,672.6353163106769,0.0,0.0,10050.0,10050.0,0.0,0.0,0.0,23.789000355989742,0.0,0.0,0.0,0.0,10197.009464641309,10170.577242023543,295.2196403287561,0.0,295.2196403287561
2025-01-26,27,2025-01-26 04:30:00,2025-01-26 04:20:00,692.35,0.0,2025-01-26T04:30:00,2025-01-26 00:00:00,0.4364,694.4681589588525,0.0,694.4681589588525,0.0,0.0,10050.0,10050.0,0.0,0.0,2.1181589588525185,0.0,0.0,0.0,0.0,0.0,10170.577242023543,10172.48358508651,303.06590456964324,0.0,303.06590456964324
2025-01-26,28,2025-01-26 04:40:00,2025-01-26 04:30:00,720.4733500000001,0.0,2025-01-26T04:40:00,2025-01-26 00:00:00,0.4393,696.4551743701127,0.0,696.4551743701127,0.0,0.0,10050.0,10050.0,0.0,0.0,0.0,24.018175629887423,0.0,0.0,0.0,0.0,10172.48358508651,10145.796723275524,305.9527581007905,0.0,305.9527581007905
2025-01-26,29,2025-01-26 04:50:00,2025-01-26 04:40:00,715.4344,0.00018333333333333334,2025-01-26T04:50:00,2025-01-26 00:00:00,0.4422,686.8447241176971,0.00016666666666666666,686.8445574510304,0.0,0.0,10050.0,10050.0,0.0,0.0,0.0,28.58965921563629,0.0,0.0,0.0,0.0,10145.796723275524,10114.03043525815,303.72266330484564,0.0,303.72266330484564
2025-01-26,30,2025-01-26 05:00:00,2025-01-26 04:50:00,688.285,0.0,2025-01-26T05:00:00,2025-01-26 00:00:00,0.4395,687.599031331939,0.0,687.599031331939,0.0,0.0,10050.0,10050.0,0.0,0.0,0.0,0.6859686680609229,0.0,0.0,0.0,0.0,10114.03043525815,10113.268247849193,302.1997742703872,0.0,302.1997742703872
2025-01-26,31,2025-01-26 05:10:00,2025-01-26 05:00:00,713.5248833333334,0.0,2025-01-26T05:10:00,2025-01-26 00:00:00,0.4333,710.9219260984413,0.0,710.9219260984413,0.0,0.0,10050.0,10050.0,0.0,0.0,0.0,2.6029572348920738,0.0,0.0,0.0,0.0,10113.268247849193,10110.376073143758,308.04247057845464,0.0,308.04247057845464
2025-01-26,32,2025-01-26 05:20:00,2025-01-26 05:10:00,724.1974,0.0025833333333333333,2025-01-26T05:20:00,2025-01-26 00:00:00,0.4439,734.2104273780002,0.0024,734.2080273780002,0.0,0.0,10050.0,10050.0,0.0,0.0,10.0132107113335,0.0,0.0,0.0,0.0,0.0,10110.376073143758,10119.387962783958,325.9149433530943,0.0,325.9149433530943
2025-01-26,33,2025-01-26 05:30:00,2025-01-26 05:20:00,703.2716666666666,0.0,2025-01-26T05:30:00,2025-01-26 00:00:00,0.4301,721.4620075884645,0.0,721.4620075884645,0.0,0.0,10050.0,10050.0,0.0,0.0,18.190340921797883,0.0,0.0,0.0,0.0,0.0,10119.387962783958,10135.759269613576,310.3008094637986,0.0,310.3008094637986
2025-01-26,34,2025-01-26 05:40:00,2025-01-26 05:30:00,715.3684833333333,0.0,2025-01-26T05:40:00,2025-01-26 00:00:00,0.3713,672.9196435543305,0.0,1506.2529768876639,833.3333333333333,0.0,10050.0,10800.0,0.0,1.0,738.0452559849153,0.0,0.0,52.83923756941522,52.83923756941522,0.0,10135.759269613576,10800.0,559.2717303183896,0.0,559.2717303183896
2025-01-26,35,2025-01-26 05:50:00,2025-01-26 05:40:00,801.95565,0.03596666666666667,2025-01-26T05:50:00,2025-01-26 00:00:00,0.5708,742.2272673884881,0.0334,742.1938673884881,0.0,-0.0,10800.0,10800.0,0.0,-0.0,0.0,59.72581594484518,0.0,0.0,0.0,0.0,10800.0,10733.637982283506,423.644259505349,0.0,423.644259505349
2025-01-26,36,2025-01-26 06:00:00,2025-01-26 05:50:00,901.8566666666667,0.0,2025-01-26T06:00:00,2025-01-26 00:00:00,0.9099,884.3390000342871,0.0,646.9060963830234,0.0,237.43290365126376,10800.0,10536.185662609707,0.0,0.0,0.0,254.9505702836433,0.0,0.0,0.0,0.0,10733.637982283506,10450.359570857236,588.619857098913,0.0,588.619857098913
2025-01-26,37,2025-01-26 06:10:00,2025-01-26 06:00:00,907.4837833333332,0.0,2025-01-26T06:10:00,2025-01-26 00:00:00,0.9368,897.0665782931097,0.0,63.73324495977647,0.0,833.3333333333333,10536.185662609707,9610.259736683782,0.0,0.0,0.0,833.3333333333334,10.417205040223394,0.0,0.0,0.0,10450.359570857236,9524.43364493131,59.705303878318595,48.79418840840638,108.49949228672497
2025-01-26,38,2025-01-26 06:20:00,2025-01-26 06:10:00,904.33075,0.5009,2025-01-26T06:20:00,2025-01-26 00:00:00,0.8758,891.7789456401088,0.46515,891.3137956401088,0.0,0.0,9610.259736683782,9610.259736683782,0.0,0.0,0.0,12.5160543598912,0.0,0.0,0.0,0.0,9524.43364493131,9510.526917864765,780.6126222216072,0.0,780.6126222216072
2025-01-26,39,2025-01-26 06:30:00,2025-01-26 06:20:00,915.7416666666667,0.0,2025-01-26T06:30:00,2025-01-26 00:00:00,0.8759,918.859071606151,0.0,918.859071606151,0.0,0.0,9610.259736683782,9610.259736683782,0.0,0.0,3.117404939484345,0.0,0.0,0.0,0.0,0.0,9510.526917864765,9513.3325823103,804.8286608198276,0.0,804.8286608198276
2025-01-26,40,2025-01-26 06:40:00,2025-01-26 06:30:00,886.9546166666668,0.0,2025-01-26T06:40:00,2025-01-26 00:00:00,0.8601,911.6713208850362,0.0,911.6713208850362,0.0,0.0,9610.259736683782,9610.259736683782,0.0,0.0,24.716704218369387,0.0,0.0,0.0,0.0,0.0,9513.3325823103,9535.577616106833,784.1285030932196,0.0,784.1285030932196
2025-01-26,41,2025-01-26 06:50:00,2025-01-26 06:40:00,892.0326833333334,8.397466666666666,2025-01-26T06:50:00,2025-01-26 00:00:00,0.8442,901.5256848686812,7.80145,893.7242348686812,0.0,0.0,9610.259736683782,9610.259736683782,0.0,0.0,10.089018202014472,0.0,0.0,0.0,0.0,0.0,9535.577616106833,9544.657732488646,754.4819990761406,0.0,754.4819990761406
2025-01-26,42,2025-01-26 07:00:00,2025-01-26 06:50:00,932.7533333333334,38.362500000000004,2025-01-26T07:00:00,2025-01-26 00:00:00,0.8334,902.4951985091849,35.7125,866.7826985091849,0.0,0.0,9610.259736683782,9610.259736683782,0.0,0.0,0.0,27.60813482414858,0.0,0.0,0.0,0.0,9544.657732488646,9513.98202712848,722.3767009375547,0.0,722.3767009375547
2025-01-26,43,2025-01-26 07:10:00,2025-01-26 07:00:00,935.49005,76.95696666666667,2025-01-26T07:10:00,2025-01-26 00:00:00,0.8092,893.7447483281486,72.94324999999999,820.8014983281486,0.0,0.0,9610.259736683782,9610.259736683782,0.0,0.0,0.0,37.7315850051848,0.0,0.0,0.0,0.0,9513.98202712848,9472.058043789386,664.1925724471379,0.0,664.1925724471379
2025-01-26,44,2025-01-26 07:20:00,2025-01-26 07:10:00,943.7404,116.6202,2025-01-26T07:20:00,2025-01-26 00:00:00,0.7972,886.5796504120784,117.41653333333333,769.1631170787451,0.0,0.0,9610.259736683782,9610.259736683782,0.0,0.0,0.0,57.95708292125494,0.0,0.0,0.0,0.0,9472.058043789386,9407.661284987991,613.1768369351756,0.0,613.1768369351756
2025-01-26,45,2025-01-26 07:30:00,2025-01-26 07:20:00,937.5516666666667,158.35,2025-01-26T07:30:00,2025-01-26 00:00:00,0.7644,869.8439318190606,162.88125,706.9626818190605,0.0,0.0,9610.259736683782,9610.259736683782,0.0,0.0,0.0,72.23898484760616,0.0,0.0,0.0,0.0,9407.661284987991,9327.395746268428,540.4022739824899,0.0,540.4022739824899
2025-01-26,46,2025-01-26 07:40:00,2025-01-26 07:30:00,876.6484833333334,208.05523333333335,2025-01-26T07:40:00,2025-01-26 00:00:00,0.6899,847.9831083714967,202.54048333333333,1478.7759583714965,833.3333333333333,0.0,9610.259736683782,10360.259736683782,0.0,1.0,810.1827083714963,0.0,0.0,0.0,0.0,0.0,9327.395746268428,10056.560183802776,1020.2075336804953,0.0,1020.2075336804953
2025-01-26,47,2025-01-26 07:50:00,2025-01-26 07:40:00,998.156,260.6507833333333,2025-01-26T07:50:00,2025-01-26 00:00:00,0.86,997.3238335403635,250.03543333333334,747.2884002070301,0.0,0.0,10360.259736683782,10360.259736683782,0.0,0.0,9.783183540363552,0.0,0.0,0.0,0.0,0.0,10056.560183802776,10065.365048989102,642.6680241780459,0.0,642.6680241780459
2025-01-26,48,2025-01-26 08:00:00,2025-01-26 07:50:00,1225.5333333333333,314.85625,2025-01-26T08:00:00,2025-01-26 00:00:00,1.1617,1209.6071384475758,304.64375,71.63005511424262,0.0,833.3333333333333,10360.259736683782,9434.333810757857,0.0,0.0,0.0,833.3333333333334,5.713694885757263,0.0,0.0,0.0,10065.365048989102,9139.439123063177,83.21263502621565,33.18799674392106,116.40063177013671
2025-01-26,49,2025-01-26 08:10:00,2025-01-26 08:00:00,1229.6306333333334,372.6456333333333,2025-01-26T08:10:00,2025-01-26 00:00:00,1.1683,1184.8105628565556,351.96316666666667,0.0,0.0,832.847396189889,9434.333810757857,8508.947814991314,0.0,0.0,0.0,833.3333333333334,23.651666666666756,0.0,0.0,0.0,9139.439123063177,8213.513197137252,0.0,138.16121083333385,138.16121083333385
2025-01-26,50,2025-01-26 08:20:00,2025-01-26 08:10:00,1197.5493166666668,423.39556666666664,2025-01-26T08:20:00,2025-01-26 00:00:00,1.0956,1154.78493467714,400.4119,0.0,0.0,754.3730346771399,8508.947814991314,7670.755554238936,0.0,0.0,0.0,774.1537500000002,0.0,0.0,0.0,0.0,8213.513197137252,7353.3423638039185,0.0,0.0,0.0
2025-01-26,51,2025-01-26 08:30:00,2025-01-26 08:20:00,1233.44,474.59375,2025-01-26T08:30:00,2025-01-26 00:00:00,1.0849,1199.9917845590592,450.45625,0.0,0.0,749.5355345590592,7670.755554238936,6837.93829361776,0.0,0.0,0.0,758.84625,0.0,0.0,0.0,0.0,7353.3423638039185,6510.179863803918,0.0,0.0,0.0
2025-01-26,52,2025-01-26 08:40:00,2025-01-26 08:30:00,1244.2106,541.8542666666666,2025-01-26T08:40:00,2025-01-26 00:00:00,1.061,1170.611336826338,494.4409666666666,0.0,0.0,676.1703701596714,6837.93829361776,6086.637882329236,0.0,0.0,0.0,702.3563333333335,0.0,0.0,0.0,0.0,6510.179863803918,5729.783937877992,0.0,0.0,0.0
2025-01-26,53,2025-01-26 08:50:00,2025-01-26 08:40:00,1214.2539666666667,590.1312333333334,2025-01-26T08:50:00,2025-01-26 00:00:00,1.043,1143.6145836831322,546.8363833333334,0.0,0.0,596.7782003497988,6086.637882329236,5423.550993051682,0.0,0.0,0.0,624.1227333333333,0.0,0.0,0.0,0.0,5729.783937877992,5036.314234174288,0.0,0.0,0.0
2025-01-26,54,2025-01-26 09:00:00,2025-01-26 08:50:00,1184.2783333333334,620.7937499999999,2025-01-26T09:00:00,2025-01-26 00:00:00,1.036,1166.4941909767706,607.8874999999999,0.0,0.0,558.6066909767707,5423.550993051682,4802.876891966381,0.0,0.0,0.0,563.4845833333335,0.0,0.0,0.0,0.0,5036.314234174288,4410.220252692806,0.0,0.0,0.0
2025-01-26,55,2025-01-26 09:10:00,2025-01-26 09:00:00,1201.9827333333333,671.8228833333334,2025-01-26T09:10:00,2025-01-26 00:00:00,1.0147,1196.8573503695993,661.8757833333333,0.0,0.0,534.981567036266,4802.876891966381,4208.452928592752,0.0,0.0,0.0,530.1598499999999,0.0,0.0,0.0,0.0,4410.220252692806,3821.153752692806,0.0,0.0,0.0
2025-01-26,56,2025-01-26 09:20:00,2025-01-26 09:10:00,1208.0673166666668,730.8863833333334,2025-01-26T09:20:00,2025-01-26 00:00:00,0.9922,1192.3940666976791,708.8280833333333,0.0,0.0,483.5659833643458,4208.452928592752,3671.1573915212566,0.0,0.0,0.0,477.1809333333334,0.0,0.0,0.0,0.0,3821.153752692806,3290.9527156557688,0.0,0.0,0.0
2025-01-26,57,2025-01-26 09:30:00,2025-01-26 09:20:00,1191.4066666666665,783.8249999999999,2025-01-26T09:30:00,2025-01-26 00:00:00,0.97,1163.281251685833,752.06875,0.0,0.0,411.212501685833,3671.1573915212566,3214.2546118703312,0.0,0.0,0.0,407.5816666666666,0.0,0.0,0.0,0.0,3290.9527156557688,2838.08419713725,0.0,0.0,0.0
2025-01-26,58,2025-01-26 09:40:00,2025-01-26 09:30:00,1196.4615833333335,823.5506,2025-01-26T09:40:00,2025-01-26 00:00:00,0.9422,1159.455449748099,792.6431666666667,0.0,0.0,366.81228308143227,3214.2546118703312,2806.6854084465176,0.0,0.0,0.0,372.91098333333343,0.0,0.0,0.0,0.0,2838.08419713725,2423.738660100213,0.0,0.0,0.0
2025-01-26,59,2025-01-26 09:50:00,2025-01-26 09:40:00,1191.3038333333334,828.4455666666667,2025-01-26T09:50:00,2025-01-26 00:00:00,0.9569,1182.7064968808577,826.4924,0.0,0.0,356.2140968808577,2806.6854084465176,2410.891967467787,0.0,0.0,0.0,362.85826666666674,0.0,0.0,0.0,0.0,2423.738660100213,2020.5628082483613,0.0,0.0,0.0
2025-01-26,60,2025-01-26 10:00:00,2025-01-26 09:50:00,1180.54,826.8000000000001,2025-01-26T10:00:00,2025-01-26 00:00:00,0.9977,1193.848262644302,861.5124999999999,0.0,0.0,332.335762644302,2410.891967467787,2041.630008974118,0.0,0.0,0.0,353.7399999999999,0.0,0.0,0.0,0.0,2020.5628082483613,1627.518363803917,0.0,0.0,0.0
2025-01-26,61,2025-01-26 10:10:00,2025-01-26 10:00:00,1200.1264833333332,875.00375,2025-01-26T10:10:00,2025-01-26 00:00:00,0.9919,1155.119172657529,911.5957166666667,0.0,0.0,243.5234559908622,2041.630008974118,1771.0483912064933,0.0,0.0,0.0,325.12273333333326,0.0,0.0,0.0,0.0,1627.518363803917,1266.2708823224357,0.0,0.0,0.0
2025-01-26,62,2025-01-26 10:20:00,2025-01-26 10:10:00,1190.0205666666668,928.7822500000001,2025-01-26T10:20:00,2025-01-26 00:00:00,0.9588,1143.854067247652,962.1431666666667,0.0,0.0,181.71090058098525,1771.0483912064933,1569.1473905609541,0.0,0.0,0.0,59.64379409019212,201.59452257647462,0.0,0.0,0.0,1266.2708823224357,1200.0,0.0,966.4441412316193,966.4441412316193
2025-01-26,63,2025-01-26 10:30:00,2025-01-26 10:20:00,1166.5733333333333,954.3562499999999,2025-01-26T10:30:00,2025-01-26 00:00:00,0.9549,1173.2925665509197,1000.625,0.0,0.0,172.66756655091967,1569.1473905609541,1377.29453883771,0.0,0.0,0.0,0.0,212.21708333333333,0.0,0.0,0.0,1200.0,1200.0,0.0,1013.230464375,1013.230464375
2025-01-26,64,2025-01-26 10:40:00,2025-01-26 10:30:00,1200.3139166666667,958.7021833333333,2025-01-26T10:40:00,2025-01-26 00:00:00,0.9839,1182.9274182872723,1023.3623333333334,0.0,0.0,159.56508495393894,1377.29453883771,1200.0,0.0,0.0,0.0,0.0,241.6117333333334,0.0,0.0,0.0,1200.0,1200.0,0.0,1188.6089221333336,1188.6089221333336
2025-01-26,65,2025-01-26 10:50:00,2025-01-26 10:40:00,1181.7360999999999,966.09735,2025-01-26T10:50:00,2025-01-26 00:00:00,0.799,1188.1228310463414,1026.2128,161.91003104634137,0.0,0.0,1200.0,1200.0,0.0,0.0,0.0,0.0,53.72871895365847,0.0,0.0,0.0,1200.0,1200.0,129.36611480602676,214.6462322198656,344.0123470258924
2025-01-26,66,2025-01-26 11:00:00,2025-01-26 10:50:00,1121.4833333333333,988.43125,2025-01-26T11:00:00,2025-01-26 00:00:00,0.5025,1181.787159823971,1038.5125,976.6079931573042,833.3333333333333,0.0,1200.0,1950.0,0.0,1.0,833.3333333333334,0.0,0.0,10.22257649063738,10.22257649063738,0.0,1200.0,1950.0,490.74551656154534,0.0,490.74551656154534
2025-01-26,67,2025-01-26 11:10:00,2025-01-26 11:00:00,1144.0712333333333,1013.5858333333334,2025-01-26T11:10:00,2025-01-26 00:00:00,0.4662,1140.5375144369548,1089.6296833333333,884.2411644369547,833.3333333333333,0.0,1950.0,2700.0,0.0,1.0,753.7557644369547,0.0,0.0,0.0,0.0,0.0,1950.0,2628.3801879932594,412.2332308605083,0.0,412.2332308605083
2025-01-26,68,2025-01-26 11:20:00,2025-01-26 11:10:00,1168.5477833333332,1001.6126166666667,2025-01-26T11:20:00,2025-01-26 00:00:00,0.5007,1140.754614184418,1080.95165,893.1362975177512,833.3333333333333,0.0,2700.0,3450.0,0.0,1.0,726.2011308510848,0.0,0.0,0.0,0.0,0.0,2628.3801879932594,3281.961205759236,447.1933441671381,0.0,447.1933441671381
2025-01-26,69,2025-01-26 11:30:00,2025-01-26 11:20:00,1154.4533333333334,972.69375,2025-01-26T11:30:00,2025-01-26 00:00:00,0.4827,1173.6204713197847,1033.41875,973.5350546531179,833.3333333333333,0.0,3450.0,4200.0,0.0,1.0,791.7754713197846,0.0,0.0,0.0,0.0,0.0,3281.961205759236,3994.559129947042,469.92537088106,0.0,469.92537088106
2025-01-26,70,2025-01-26 11:40:00,2025-01-26 11:30:00,1141.9699833333334,987.4666000000001,2025-01-26T11:40:00,2025-01-26 00:00:00,0.4785,1153.0547378681556,1069.0825666666667,917.3055045348221,833.3333333333333,0.0,4200.0,4950.0,0.0,1.0,762.8021212014887,0.0,0.0,0.0,0.0,0.0,3994.559129947042,4681.081039028382,438.9306839199124,0.0,438.9306839199124
2025-01-26,71,2025-01-26 11:50:00,2025-01-26 11:40:00,1120.4196333333332,1002.5022,2025-01-26T11:50:00,2025-01-26 00:00:00,0.4662,1123.4860373931988,1110.47395,846.345420726532,833.3333333333333,0.0,4950.0,5700.0,0.0,1.0,728.4279873931989,0.0,0.0,0.0,0.0,0.0,4681.081039028382,5336.666227682262,394.5662351427092,0.0,394.5662351427092
2025-01-26,72,2025-01-26 12:00:00,2025-01-26 11:50:00,1095.3633333333335,987.4,2025-01-26T12:00:00,2025-01-26 00:00:00,0.4432,1097.9833353913464,1112.9437500000001,818.3729187246795,833.3333333333333,0.0,5700.0,6450.0,0.0,1.0,710.4095853913461,0.0,0.0,0.0,0.0,0.0,5336.666227682262,5976.034854534473,362.70287757877793,0.0,362.70287757877793
2025-01-26,73,2025-01-26 12:10:00,2025-01-26 12:00:00,1091.4865666666667,953.6482333333333,2025-01-26T12:10:00,2025-01-26 00:00:00,0.4411,1048.8235474688686,1108.5629833333335,773.5938974688684,833.3333333333333,0.0,6450.0,7200.0,0.0,1.0,635.755564135535,0.0,0.0,0.0,0.0,0.0,5976.034854534473,6548.214862256455,341.2322681735178,0.0,341.2322681735178
2025-01-26,74,2025-01-26 12:20:00,2025-01-26 12:10:00,1090.7943333333333,920.6404000000001,2025-01-26T12:20:00,2025-01-26 00:00:00,0.4551,1041.5813319213648,1099.6039,775.310765254698,833.3333333333333,0.0,7200.0,7950.0,0.0,1.0,605.1568319213648,0.0,0.0,0.0,0.0,0.0,6548.214862256455,7092.856010985683,352.8439292674131,0.0,352.8439292674131
2025-01-26,75,2025-01-26 12:30:00,2025-01-26 12:20:00,1081.5,897.28125,2025-01-26T12:30:00,2025-01-26 00:00:00,0.4463,1067.0638092995084,1098.14375,802.2533926328417,833.3333333333333,0.0,7950.0,8700.0,0.0,1.0,618.0346426328417,0.0,0.0,0.0,0.0,0.0,7092.856010985683,7649.08718935524,358.04568913203724,0.0,358.04568913203724
2025-01-26,76,2025-01-26 12:40:00,2025-01-26 12:30:00,1072.34625,879.9235833333333,2025-01-26T12:40:00,2025-01-26 00:00:00,0.4113,1054.1712280277366,1122.7194833333333,764.7850780277365,833.3333333333333,0.0,8700.0,9450.0,0.0,1.0,572.3624113610699,0.0,0.0,0.0,0.0,0.0,7649.08718935524,8164.213359580203,314.55610259280803,0.0,314.55610259280803
2025-01-26,77,2025-01-26 12:50:00,2025-01-26 12:40:00,1083.63925,863.4327,2025-01-26T12:50:00,2025-01-26 00:00:00,0.5682,1074.3118702770903,1145.8759,761.7693036104235,833.3333333333333,0.0,9450.0,10200.0,0.0,1.0,541.5627536104237,0.0,0.0,0.0,0.0,0.0,8164.213359580203,8651.619837829585,432.8373183114427,0.0,432.8373183114427
2025-01-26,78,2025-01-26 13:00:00,2025-01-26 12:50:00,1099.2216666666666,856.28125,2025-01-26T13:00:00,2025-01-26 00:00:00,0.8279,1119.6210019027128,1148.8374999999999,0.0,29.216498097287058,0.0,10200.0,10226.294848287558,0.0,1.0,0.0,242.94041666666658,0.0,0.0,0.0,0.0,8651.619837829585,8381.686041533289,0.0,0.0,0.0
2025-01-26,79,2025-01-26 13:10:00,2025-01-26 13:00:00,1085.07475,872.3798666666667,2025-01-26T13:10:00,2025-01-26 00:00:00,0.8636,1106.1964593392515,1133.0317,0.0,26.835240660748468,0.0,10226.294848287558,10250.446564882232,0.0,1.0,0.0,212.69488333333334,0.0,0.0,0.0,0.0,8381.686041533289,8145.3583933851405,0.0,0.0,0.0
2025-01-26,80,2025-01-26 13:20:00,2025-01-26 13:10:00,1089.3965,892.5079333333333,2025-01-26T13:20:00,2025-01-26 00:00:00,0.8416,1105.5484509729295,1099.6832,5.865250972929516,0.0,0.0,10250.446564882232,10250.446564882232,0.0,0.0,0.0,191.02331569373723,0.0,0.0,0.0,0.0,8145.3583933851405,7933.110264836543,4.936195218817481,0.0,4.936195218817481
2025-01-26,81,2025-01-26 13:30:00,2025-01-26 13:20:00,1113.1516666666666,900.5,2025-01-26T13:30:00,2025-01-26 00:00:00,0.8618,1129.632469402008,1061.01875,68.61371940200797,0.0,0.0,10250.446564882232,10250.446564882232,0.0,0.0,0.0,144.03794726465867,0.0,0.0,0.0,0.0,7933.110264836543,7773.0681012091445,59.13130338065047,0.0,59.13130338065047
2025-01-26,82,2025-01-26 13:40:00,2025-01-26 13:30:00,1106.4923333333334,890.4747833333332,2025-01-26T13:40:00,2025-01-26 00:00:00,0.8623,1115.0591480954488,1030.09885,84.9602980954487,0.0,0.0,10250.446564882232,10250.446564882232,0.0,0.0,0.0,131.05725190455144,0.0,0.0,0.0,0.0,7773.0681012091445,7627.4489324263095,73.26126504770542,0.0,73.26126504770542
2025-01-26,83,2025-01-26 13:50:00,2025-01-26 13:40:00,1088.83515,852.9421000000001,2025-01-26T13:50:00,2025-01-26 00:00:00,0.9026,1094.1452032493962,980.1372166666666,0.0,0.0,114.00798658272959,10250.446564882232,10123.771024234755,0.0,0.0,0.0,235.89305000000002,0.0,0.0,0.0,0.0,7627.4489324263095,7365.345543537421,0.0,0.0,0.0
2025-01-26,84,2025-01-26 14:00:00,2025-01-26 13:50:00,1089.5516666666667,805.0124999999999,2025-01-26T14:00:00,2025-01-26 00:00:00,0.9754,1086.8155771068232,918.05625,0.0,0.0,168.7593271068232,10123.771024234755,9936.26066078273,0.0,0.0,0.0,284.5391666666668,0.0,0.0,0.0,0.0,7365.345543537421,7049.190913907791,0.0,0.0,0.0
2025-01-26,85,2025-01-26 14:10:00,2025-01-26 14:00:00,1116.5378166666667,776.6521166666666,2025-01-26T14:10:00,2025-01-26 00:00:00,1.0002,1079.3034182894587,877.2866666666667,0.0,0.0,202.01675162279196,9936.26066078273,9711.797603424071,0.0,0.0,0.0,339.88570000000004,0.0,0.0,0.0,0.0,7049.190913907791,6671.540136130013,0.0,0.0,0.0
2025-01-26,86,2025-01-26 14:20:00,2025-01-26 14:10:00,1125.69895,740.4691666666666,2025-01-26T14:20:00,2025-01-26 00:00:00,0.9978,1072.5650254154034,824.6968833333334,0.0,0.0,247.86814208207,9711.797603424071,9436.388556666216,0.0,0.0,0.0,385.22978333333333,0.0,0.0,0.0,0.0,6671.540136130013,6243.50704353742,0.0,0.0,0.0
2025-01-26,87,2025-01-26 14:30:00,2025-01-26 14:20:00,1093.4333333333334,693.94375,2025-01-26T14:30:00,2025-01-26 00:00:00,1.0271,1067.9086364221123,768.7624999999999,0.0,0.0,299.14613642211236,9436.388556666216,9104.003960641647,0.0,0.0,0.0,399.48958333333337,0.0,0.0,0.0,0.0,6243.50704353742,5799.629728722605,0.0,0.0,0.0
2025-01-26,88,2025-01-26 14:40:00,2025-01-26 14:30:00,1040.6775666666667,660.0158333333333,2025-01-26T14:40:00,2025-01-26 00:00:00,1.0906,1066.3242584347965,749.5391833333333,0.0,0.0,316.78507510146324,9104.003960641647,8752.020543862243,0.0,0.0,0.0,380.6617333333335,0.0,0.0,0.0,0.0,5799.629728722605,5376.672247241124,0.0,0.0,0.0
2025-01-26,89,2025-01-26 14:50:00,2025-01-26 14:40:00,1029.6456166666667,608.0491333333333,2025-01-26T14:50:00,2025-01-26 00:00:00,0.9376,1080.8453943254042,702.4259833333334,0.0,0.0,378.41941099207077,8752.020543862243,8331.554531648831,0.0,0.0,0.0,421.59648333333337,0.0,0.0,0.0,0.0,5376.672247241124,4908.231710204087,0.0,0.0,0.0
2025-01-26,90,2025-01-26 15:00:00,2025-01-26 14:50:00,1058.0983333333334,553.74375,2025-01-26T15:00:00,2025-01-26 00:00:00,0.6694,1090.1643242092912,625.63125,1297.8664075426245,833.3333333333333,0.0,8331.554531648831,9081.554531648831,0.0,1.0,793.5118242092913,0.0,0.0,0.0,0.0,0.0,4908.231710204087,5622.392351992449,868.7917732090328,0.0,868.7917732090328
2025-01-26,91,2025-01-26 15:10:00,2025-01-26 15:00:00,1068.1812666666667,544.9618666666667,2025-01-26T15:10:00,2025-01-26 00:00:00,0.66,1056.6158114166328,580.3633333333333,1309.5858114166326,833.3333333333333,0.0,9081.554531648831,9831.554531648831,0.0,1.0,786.3664114166324,0.0,0.0,0.0,0.0,0.0,5622.392351992449,6330.1221222674185,864.3266355349775,0.0,864.3266355349775
2025-01-26,92,2025-01-26 15:20:00,2025-01-26 15:10:00,1075.8858333333333,520.6745166666666,2025-01-26T15:20:00,2025-01-26 00:00:00,0.7217,1025.0197733187774,524.5280333333334,1333.8250733187774,833.3333333333333,0.0,9831.554531648831,10581.554531648831,0.0,1.0,778.6137566521106,0.0,0.0,0.0,0.0,0.0,6330.1221222674185,7030.874503254318,962.6215554141617,0.0,962.6215554141617
2025-01-26,93,2025-01-26 15:30:00,2025-01-26 15:20:00,1086.5783333333334,462.925,2025-01-26T15:30:00,2025-01-26 00:00:00,0.7308,1023.5151904810446,461.40000000000003,804.8323775378983,242.7171870568539,0.0,10581.554531648831,10800.0,0.0,0.9999999999999922,181.1790442045649,0.0,0.0,0.0,0.0,0.0,7030.874503254318,7193.935643038427,588.171501504696,0.0,588.171501504696
2025-01-26,94,2025-01-26 15:40:00,2025-01-26 15:30:00,1082.2061,413.10155000000003,2025-01-26T15:40:00,2025-01-26 00:00:00,0.7534,1040.7773153051348,438.3642,602.4131153051349,0.0,0.0,10800.0,10800.0,0.0,0.0,0.0,66.69143469486517,0.0,0.0,0.0,0.0,7193.935643038427,7119.834048933021,453.8580410708886,0.0,453.8580410708886
2025-01-26,95,2025-01-26 15:50:00,2025-01-26 15:40:00,1070.53215,366.6018166666667,2025-01-26T15:50:00,2025-01-26 00:00:00,0.7823,1058.4541471149068,394.0675833333333,664.3865637815736,0.0,0.0,10800.0,10800.0,0.0,0.0,0.0,39.543769551759624,0.0,0.0,0.0,0.0,7119.834048933021,7075.8965272088435,519.749608846325,0.0,519.749608846325
2025-01-26,96,2025-01-26 16:00:00,2025-01-26 15:50:00,1063.2466666666667,316.8875,2025-01-26T16:00:00,2025-01-26 00:00:00,0.8055,1056.2935790792217,319.675,736.6185790792217,0.0,0.0,10800.0,10800.0,0.0,1.0058632471461895e-14,0.0,9.740587587444907,0.0,0.0,0.0,0.0,7075.8965272088435,7065.073652111682,593.346265448313,0.0,593.346265448313
2025-01-26,97,2025-01-26 16:10:00,2025-01-26 16:00:00,1063.2691166666666,267.44053333333335,2025-01-26T16:10:00,2025-01-26 00:00:00,0.8271,1027.7084108951565,268.58395,759.1244608951565,0.0,0.0,10800.0,10800.0,0.0,0.0,0.0,36.70412243817668,0.0,0.0,0.0,0.0,7065.073652111682,7024.291293847042,627.8718416063839,0.0,627.8718416063839
2025-01-26,98,2025-01-26 16:20:00,2025-01-26 16:10:00,1051.45765,220.4031,2025-01-26T16:20:00,2025-01-26 00:00:00,0.8519,1020.6825198136263,222.29945,798.3830698136263,0.0,0.0,10800.0,10800.0,0.0,0.0,0.0,32.67148018637374,0.0,0.0,0.0,0.0,7024.291293847042,6987.989649195515,680.1425371742282,0.0,680.1425371742282
2025-01-26,99,2025-01-26 16:30:00,2025-01-26 16:20:00,1039.5916666666667,176.20624999999998,2025-01-26T16:30:00,2025-01-26 00:00:00,0.8791,1044.0885476682154,169.84375,874.2447976682154,-0.0,0.0,10800.0,10800.0,0.0,0.0,10.859381001548627,0.0,0.0,0.0,0.0,0.0,6987.989649195515,6997.763092096909,768.5486016301281,0.0,768.5486016301281
2025-01-26,100,2025-01-26 16:40:00,2025-01-26 16:30:00,1057.7092666666667,133.21338333333333,2025-01-26T16:40:00,2025-01-26 00:00:00,0.9024,1055.2142014177846,123.00816666666667,932.206034751118,0.0,0.0,10800.0,10800.0,0.0,0.0,7.710151417784573,0.0,0.0,0.0,0.0,0.0,6997.763092096909,7004.702228372915,841.2227257594088,0.0,841.2227257594088
2025-01-26,101,2025-01-26 16:50:00,2025-01-26 16:40:00,1065.17325,86.96605,2025-01-26T16:50:00,2025-01-26 00:00:00,0.9163,1019.1582978182596,79.42723333333333,939.7310644849263,0.0,0.0,10800.0,10800.0,0.0,0.0,0.0,38.47613551507379,0.0,0.0,0.0,0.0,7004.702228372915,6961.950966689499,861.0755743875379,0.0,861.0755743875379
2025-01-26,102,2025-01-26 17:00:00,2025-01-26 16:50:00,1046.735,41.387499999999996,2025-01-26T17:00:00,2025-01-26 00:00:00,0.9264,974.3203706588007,38.981249999999996,935.3391206588007,0.0,0.0,10800.0,10800.0,0.0,0.0,0.0,70.0083793411992,0.0,0.0,0.0,0.0,6961.950966689499,6884.163878532611,866.498161378313,0.0,866.498161378313
2025-01-26,103,2025-01-26 17:10:00,2025-01-26 17:00:00,1028.7838666666667,8.67135,2025-01-26T17:10:00,2025-01-26 00:00:00,0.9462,993.3579764339456,8.4486,984.9093764339456,0.0,0.0,10800.0,10800.0,0.0,0.0,0.0,35.203140232721125,0.0,0.0,0.0,0.0,6884.163878532611,6845.049278274032,931.9212519817993,0.0,931.9212519817993
2025-01-26,104,2025-01-26 17:20:00,2025-01-26 17:10:00,1030.1220333333333,0.0,2025-01-26T17:20:00,2025-01-26 00:00:00,0.9742,1007.2853481323691,0.0,1007.2853481323691,0.0,0.0,10800.0,10800.0,0.0,0.0,0.0,22.83668520096421,0.0,0.0,0.0,0.0,6845.049278274032,6819.675183606294,981.297386150554,0.0,981.297386150554
2025-01-26,105,2025-01-26 17:30:00,2025-01-26 17:20:00,1060.1566666666665,0.0,2025-01-26T17:30:00,2025-01-26 00:00:00,0.9862,1010.9695766307917,0.0,1010.9695766307917,0.0,0.0,10800.0,10800.0,0.0,0.0,0.0,49.1870900358748,0.0,0.0,0.0,0.0,6819.675183606294,6765.0228613442105,997.0181964732867,0.0,997.0181964732867
2025-01-26,106,2025-01-26 17:40:00,2025-01-26 17:30:00,1084.8490166666668,0.5125166666666666,2025-01-26T17:40:00,2025-01-26 00:00:00,0.976,1043.7170946720946,0.5029333333333333,1043.2141613387612,-0.0,0.0,10800.0,10800.0,0.0,0.0,0.0,41.12233866123893,0.0,0.0,0.0,0.0,6765.0228613442105,6719.331373942834,1018.1770214666309,0.0,1018.1770214666309
2025-01-26,107,2025-01-26 17:50:00,2025-01-26 17:40:00,937.7246833333334,0.0,2025-01-26T17:50:00,2025-01-26 00:00:00,1.0742,934.8793291227632,0.0,934.8793291227632,0.0,0.0,10800.0,10800.0,0.0,0.0,0.0,2.8453542105701217,0.0,0.0,0.0,0.0,6719.331373942834,6716.169869264423,1004.2473753436723,0.0,1004.2473753436723
2025-01-26,108,2025-01-26 18:00:00,2025-01-26 17:50:00,721.0583333333334,0.0,2025-01-26T18:00:00,2025-01-26 00:00:00,1.2313,743.5249468251792,0.0,743.5249468251792,0.0,0.0,10800.0,10800.0,0.0,0.0,22.466613491845806,0.0,0.0,0.0,0.0,0.0,6716.169869264423,6736.389821407084,915.5022670258431,0.0,915.5022670258431
2025-01-26,109,2025-01-26 18:10:00,2025-01-26 18:00:00,718.9752166666667,0.0368,2025-01-26T18:10:00,2025-01-26 00:00:00,1.2561,720.8972098932968,0.036116666666666665,720.8610932266301,0.0,-0.0,10800.0,10800.0,0.0,0.0,1.9226765599634064,0.0,0.0,0.0,0.0,0.0,6736.389821407084,6738.120230311051,905.4736192019701,0.0,905.4736192019701
2025-01-26,110,2025-01-26 18:20:00,2025-01-26 18:10:00,745.8739166666666,0.0,2025-01-26T18:20:00,2025-01-26 00:00:00,1.2447,757.9355619346223,0.0,757.9355619346223,0.0,0.0,10800.0,10800.0,0.0,0.0,12.061645267955782,0.0,0.0,0.0,0.0,0.0,6738.120230311051,6748.975711052211,943.4023939400244,0.0,943.4023939400244
2025-01-26,111,2025-01-26 18:30:00,2025-01-26 18:20:00,722.7716666666666,0.0,2025-01-26T18:30:00,2025-01-26 00:00:00,1.2545,748.3770479208454,0.0,748.3770479208454,0.0,0.0,10800.0,10800.0,0.0,0.0,25.605381254178724,0.0,0.0,0.0,0.0,0.0,6748.975711052211,6772.020554180972,938.8390066167004,0.0,938.8390066167004
2025-01-26,112,2025-01-26 18:40:00,2025-01-26 18:30:00,753.0417000000001,0.00265,2025-01-26T18:40:00,2025-01-26 00:00:00,1.2522,703.4341320838341,0.0026,703.4315320838341,0.0,0.0,10800.0,10800.0,0.0,0.0,0.0,49.60751791616599,0.0,0.0,0.0,0.0,6772.020554180972,6716.9010898296765,880.836964475377,0.0,880.836964475377
2025-01-26,113,2025-01-26 18:50:00,2025-01-26 18:40:00,764.2413,0.0,2025-01-26T18:50:00,2025-01-26 00:00:00,1.2881,714.3885673160986,0.0,161.6270332928359,0.0,552.7615340232627,10800.0,10185.82051775193,0.0,0.0,0.0,602.6142667071641,0.0,0.0,0.0,0.0,6716.9010898296765,6047.329682377272,208.19178158450194,0.0,208.19178158450194
2025-01-26,114,2025-01-26 19:00:00,2025-01-26 18:50:00,733.6166666666667,0.0,2025-01-26T19:00:00,2025-01-26 00:00:00,1.3466,757.6059136163103,0.0,0.0,0.0,757.6059136163103,10185.82051775193,9344.036169289364,0.0,0.0,0.0,733.6166666666667,0.0,0.0,0.0,0.0,6047.329682377272,5232.200052747642,0.0,0.0,0.0
2025-01-26,115,2025-01-26 19:10:00,2025-01-26 19:00:00,717.0772499999999,0.00018333333333333334,2025-01-26T19:10:00,2025-01-26 00:00:00,1.3523,725.2658936900111,0.00018333333333333334,0.0,0.0,725.2657103566778,9344.036169289364,8538.185380004166,0.0,0.0,0.0,717.0770666666666,0.0,0.0,0.0,0.0,5232.200052747642,4435.447756451345,0.0,0.0,0.0
2025-01-26,116,2025-01-26 19:20:00,2025-01-26 19:10:00,702.5284166666667,0.0,2025-01-26T19:20:00,2025-01-26 00:00:00,1.3445,703.9281061555175,0.0,0.0,0.0,703.9281061555175,8538.185380004166,7756.043039831368,0.0,0.0,0.0,702.5284166666667,0.0,0.0,0.0,0.0,4435.447756451345,3654.860626821716,0.0,0.0,0.0
2025-01-26,117,2025-01-26 19:30:00,2025-01-26 19:20:00,703.2566666666667,0.0,2025-01-26T19:30:00,2025-01-26 00:00:00,1.3483,730.2956348461403,0.0,0.0,0.0,730.2956348461403,7756.043039831368,6944.603445557879,0.0,0.0,0.0,703.2566666666667,0.0,0.0,0.0,0.0,3654.860626821716,2873.4643305254194,0.0,0.0,0.0
2025-01-26,118,2025-01-26 19:40:00,2025-01-26 19:30:00,746.0904166666666,0.0,2025-01-26T19:40:00,2025-01-26 00:00:00,1.349,749.4300885238159,0.0,0.0,0.0,749.4300885238159,6944.603445557879,6111.903347198084,0.0,0.0,0.0,746.0904166666666,0.0,0.0,0.0,0.0,2873.4643305254194,2044.4749786735679,0.0,0.0,0.0
2025-01-26,119,2025-01-26 19:50:00,2025-01-26 19:40:00,743.8061833333333,0.0,2025-01-26T19:50:00,2025-01-26 00:00:00,1.3473,740.4439941680333,0.0,0.0,0.0,740.4439941680333,6111.903347198084,5289.187798122492,0.0,0.0,0.0,743.8061833333333,0.0,0.0,0.0,0.0,2044.4749786735679,1218.023663858753,0.0,0.0,0.0
2025-01-26,120,2025-01-26 20:00:00,2025-01-26 19:50:00,706.1016666666666,0.0,2025-01-26T20:00:00,2025-01-26 00:00:00,1.3482,713.1232747543975,0.0,0.0,0.0,713.1232747543975,5289.187798122492,4496.8286039509385,0.0,0.0,0.0,16.221297472877723,689.8803691937889,0.0,0.0,0.0,1218.023663858753,1200.0,0.0,4650.483568735331,4650.483568735331
2025-01-26,121,2025-01-26 20:10:00,2025-01-26 20:00:00,726.96335,0.0,2025-01-26T20:10:00,2025-01-26 00:00:00,1.3513,699.1898303819285,0.0,0.0,0.0,699.1898303819285,4496.8286039509385,3719.9510146376842,0.0,0.0,0.0,0.0,726.96335,0.0,0.0,0.0,1200.0,1200.0,0.0,4911.7278742749995,4911.7278742749995
2025-01-26,122,2025-01-26 20:20:00,2025-01-26 20:10:00,738.0812666666667,0.0,2025-01-26T20:20:00,2025-01-26 00:00:00,1.34,730.9900846993594,0.0,0.0,0.0,730.9900846993594,3719.9510146376842,2907.7398094161736,0.0,0.0,0.0,0.0,738.0812666666667,0.0,0.0,0.0,1200.0,1200.0,0.0,4945.144486666667,4945.144486666667
2025-01-26,123,2025-01-26 20:30:00,2025-01-26 20:20:00,724.62,0.0,2025-01-26T20:30:00,2025-01-26 00:00:00,1.3489,775.5324210038679,0.0,0.0,0.0,775.5324210038679,2907.7398094161736,2046.0371194118757,0.0,0.0,0.0,0.0,724.62,0.0,0.0,0.0,1200.0,1200.0,0.0,4887.19959,4887.19959
2025-01-26,124,2025-01-26 20:40:00,2025-01-26 20:30:00,741.7004000000001,0.0,2025-01-26T20:40:00,2025-01-26 00:00:00,1.3952,761.433407470688,0.0,0.0,0.0,761.433407470688,2046.0371194118757,1200.0,0.0,0.0,0.0,0.0,741.7004000000001,0.0,0.0,0.0,1200.0,1200.0,0.0,5174.1019904,5174.1019904
2025-01-26,125,2025-01-26 20:50:00,2025-01-26 20:40:00,745.2908333333334,0.0,2025-01-26T20:50:00,2025-01-26 00:00:00,1.2226,724.3109278198715,0.0,724.3109278198715,0.0,0.0,1200.0,1200.0,0.0,0.0,0.0,0.0,20.97990551346186,0.0,0.0,0.0,1200.0,1200.0,885.5425403525749,128.25016240379233,1013.7927027563671
2025-01-26,126,2025-01-26 21:00:00,2025-01-26 20:50:00,728.1283333333334,0.0,2025-01-26T21:00:00,2025-01-26 00:00:00,0.9332,716.2809400043712,0.0,716.2809400043712,0.0,0.0,1200.0,1200.0,0.0,0.0,0.0,0.0,11.847393328962198,0.0,0.0,0.0,1200.0,1200.0,668.4333732120792,55.27993727293762,723.7133104850169
2025-01-26,127,2025-01-26 21:10:00,2025-01-26 21:00:00,729.1595833333334,0.0,2025-01-26T21:10:00,2025-01-26 00:00:00,0.9068,752.6995565774029,0.0,752.6995565774029,0.0,0.0,1200.0,1200.0,0.0,0.0,23.539973244069415,0.0,0.0,0.0,0.0,0.0,1200.0,1221.1859759196625,682.5479579043889,0.0,682.5479579043889
2025-01-26,128,2025-01-26 21:20:00,2025-01-26 21:10:00,723.8367,0.0,2025-01-26T21:20:00,2025-01-26 00:00:00,0.9371,751.0571078112808,0.0,751.0571078112808,0.0,0.0,1200.0,1200.0,0.0,0.0,27.220407811280893,0.0,0.0,0.0,0.0,0.0,1221.1859759196625,1245.6843429498153,703.8156157299513,0.0,703.8156157299513
2025-01-26,129,2025-01-26 21:30:00,2025-01-26 21:20:00,718.5683333333333,0.0,2025-01-26T21:30:00,2025-01-26 00:00:00,0.9371,724.9833612070561,0.0,724.9833612070561,0.0,0.0,1200.0,1200.0,0.0,0.0,6.415027873722806,0.0,0.0,0.0,0.0,0.0,1245.6843429498153,1251.4578680361658,679.3819077871323,0.0,679.3819077871323
2025-01-26,130,2025-01-26 21:40:00,2025-01-26 21:30:00,734.9872833333334,0.0,2025-01-26T21:40:00,2025-01-26 00:00:00,0.9871,752.4323765416694,0.0,752.4323765416694,0.0,-0.0,1200.0,1200.0,0.0,0.0,17.44509320833606,0.0,0.0,0.0,0.0,0.0,1251.4578680361658,1267.1584519236683,742.7259988842819,0.0,742.7259988842819
2025-01-26,131,2025-01-26 21:50:00,2025-01-26 21:40:00,672.7035333333333,0.0,2025-01-26T21:50:00,2025-01-26 00:00:00,0.7764,695.9173984440816,0.0,695.9173984440816,0.0,-0.0,1200.0,1200.0,0.0,0.0,23.213865110748316,0.0,0.0,0.0,0.0,0.0,1267.1584519236683,1288.0509305233418,540.3102681519849,0.0,540.3102681519849
2025-01-26,132,2025-01-26 22:00:00,2025-01-26 21:50:00,563.0283333333333,0.0,2025-01-26T22:00:00,2025-01-26 00:00:00,0.4209,572.1467040719558,0.0,1405.480037405289,833.3333333333333,0.0,1200.0,1950.0,0.0,1.0,833.3333333333334,0.0,0.0,9.118370738622389,9.118370738622389,0.0,1288.0509305233418,2038.0509305233418,591.5665477438862,0.0,591.5665477438862
2025-01-26,133,2025-01-26 22:10:00,2025-01-26 22:00:00,547.6134000000001,0.0,2025-01-26T22:10:00,2025-01-26 00:00:00,0.3859,552.1024844165183,0.0,1385.4358177498516,833.3333333333333,0.0,1950.0,2700.0,0.0,1.0,833.3333333333334,0.0,0.0,4.489084416518153,4.489084416518153,0.0,2038.0509305233418,2788.050930523342,534.6396820696677,0.0,534.6396820696677
2025-01-26,134,2025-01-26 22:20:00,2025-01-26 22:10:00,561.8911166666667,0.0,2025-01-26T22:20:00,2025-01-26 00:00:00,0.4368,587.8087596041453,0.0,587.8087596041453,0.0,0.0,2700.0,2700.0,0.0,0.0,25.917642937478604,0.0,0.0,0.0,0.0,0.0,2788.050930523342,2811.3768091670727,256.7548661950907,0.0,256.7548661950907
2025-01-26,135,2025-01-26 22:30:00,2025-01-26 22:20:00,563.8233333333334,0.0,2025-01-26T22:30:00,2025-01-26 00:00:00,0.4198,607.5301227276258,0.0,1440.863456060959,833.3333333333333,0.0,2700.0,3450.0,0.0,1.0,833.3333333333334,0.0,0.0,43.70678939429217,43.70678939429217,0.0,2811.3768091670727,3561.3768091670727,604.8744788543905,0.0,604.8744788543905
2025-01-26,136,2025-01-26 22:40:00,2025-01-26 22:30:00,577.0038666666667,0.0,2025-01-26T22:40:00,2025-01-26 00:00:00,0.4186,590.934144859029,0.0,1424.2674781923622,833.3333333333333,0.0,3450.0,4200.0,0.0,1.0,833.3333333333334,0.0,0.0,13.930278192362152,13.930278192362152,0.0,3561.3768091670727,4311.376809167073,596.1983663713229,0.0,596.1983663713229
2025-01-26,137,2025-01-26 22:50:00,2025-01-26 22:40:00,584.8553166666667,0.0,2025-01-26T22:50:00,2025-01-26 00:00:00,0.4241,587.6440761426531,0.0,587.6440761426531,0.0,0.0,4200.0,4200.0,0.0,0.0,2.788759475986467,0.0,0.0,0.0,0.0,0.0,4311.376809167073,4313.886692695461,249.21985269209918,0.0,249.21985269209918
2025-01-26,138,2025-01-26 23:00:00,2025-01-26 22:50:00,577.9266666666666,0.0,2025-01-26T23:00:00,2025-01-26 00:00:00,0.4237,606.7900308709691,0.0,1440.1233642043023,833.3333333333333,0.0,4200.0,4950.0,0.0,1.0,833.3333333333334,0.0,0.0,28.863364204302343,28.863364204302343,0.0,4313.886692695461,5063.886692695461,610.1802694133629,0.0,610.1802694133629
2025-01-26,139,2025-01-26 23:10:00,2025-01-26 23:00:00,570.03185,0.0,2025-01-26T23:10:00,2025-01-26 00:00:00,0.4248,609.7697544585171,0.0,609.7697544585171,0.0,0.0,4950.0,4950.0,0.0,0.0,39.737904458517164,0.0,0.0,0.0,0.0,0.0,5063.886692695461,5099.650806708126,259.03019169397805,0.0,259.03019169397805
2025-01-26,140,2025-01-26 23:20:00,2025-01-26 23:10:00,593.2026,0.0,2025-01-26T23:20:00,2025-01-26 00:00:00,0.424,597.3986197579123,0.0,597.3986197579123,-0.0,0.0,4950.0,4950.0,0.0,0.0,4.1960197579123815,0.0,0.0,0.0,0.0,0.0,5099.650806708126,5103.427224490247,253.29701477735483,0.0,253.29701477735483
2025-01-26,141,2025-01-26 23:30:00,2025-01-26 23:20:00,619.4383333333334,0.0,2025-01-26T23:30:00,2025-01-26 00:00:00,0.422,578.2978879206103,0.0,1411.6312212539435,833.3333333333333,0.0,4950.0,5700.0,0.0,1.0,792.1928879206101,0.0,0.0,0.0,0.0,0.0,5103.427224490247,5816.400823618796,595.7083753691642,0.0,595.7083753691642
2025-01-26,142,2025-01-26 23:40:00,2025-01-26 23:30:00,592.3814333333333,0.0,2025-01-26T23:40:00,2025-01-26 00:00:00,0.424,563.8798512692841,0.0,1319.335737828343,755.4558865590591,0.0,5700.0,6379.910297903153,0.0,1.0,726.9543044950098,0.0,0.0,0.0,0.0,0.0,5816.400823618796,6470.659697664304,559.3983528392174,0.0,559.3983528392174
2025-01-26,143,2025-01-26 23:50:00,2025-01-26 23:40:00,594.3999666666667,0.0,2025-01-26T23:50:00,2025-01-26 00:00:00,0.4271,584.987400231681,0.0,584.987400231681,0.0,0.0,6379.910297903153,6379.910297903153,0.0,0.0,0.0,9.412566434985706,0.0,0.0,0.0,0.0,6470.659697664304,6460.20129051432,249.84811863895095,0.0,249.84811863895095
2025-01-26,144,2025-01-27 00:00:00,2025-01-26 23:50:00,620.3683333333333,0.0,2025-01-27T00:00:00,2025-01-26 00:00:00,0.4276,621.3698999013835,0.0,621.3698999013835,0.0,0.0,6379.910297903153,6379.910297903153,0.0,0.0,1.0015665680501797,0.0,0.0,0.0,0.0,0.0,6460.20129051432,6461.102700425566,265.6977691978316,0.0,265.6977691978316
2025-01-27,1,2025-01-27 00:10:00,2025-01-27 00:00:00,586.1554666666667,0.0,2025-01-27T00:10:00,2025-01-27 00:00:00,0.4248,606.734221542392,0.0,1440.0675548757254,833.3333333333333,0.0,6461.102700425566,7211.102700425566,0.0,1.0,833.3333333333334,0.0,0.0,20.57875487572528,20.57875487572528,0.0,6461.102700425566,7211.102700425566,611.7406973112081,0.0,611.7406973112081
2025-01-27,2,2025-01-27 00:20:00,2025-01-27 00:10:00,577.7903333333334,0.0,2025-01-27T00:20:00,2025-01-27 00:00:00,0.4245,606.8124578176945,0.0,1440.1457911510279,833.3333333333333,0.0,7211.102700425566,7961.102700425567,0.0,1.0,833.3333333333334,0.0,0.0,29.022124484361143,29.022124484361143,0.0,7211.102700425566,7961.102700425566,611.3418883436113,0.0,611.3418883436113
2025-01-27,3,2025-01-27 00:30:00,2025-01-27 00:20:00,603.5,0.0,2025-01-27T00:30:00,2025-01-27 00:00:00,0.4269,619.1834334745377,0.0,1452.516766807871,833.3333333333333,0.0,7961.102700425567,8711.102700425567,0.0,1.0,833.3333333333334,0.0,0.0,15.683433474537537,15.683433474537537,0.0,7961.102700425566,8711.102700425567,620.0794077502801,0.0,620.0794077502801
2025-01-27,4,2025-01-27 00:40:00,2025-01-27 00:30:00,585.1310833333333,0.0,2025-01-27T00:40:00,2025-01-27 00:00:00,0.4272,617.1483879135741,0.0,1271.4787207740555,654.3303328604816,0.0,8711.102700425567,9300.0,0.0,0.9999999999999972,686.3476374407222,0.0,0.0,0.0,0.0,0.0,8711.102700425567,9328.815574122216,543.1757095146766,0.0,543.1757095146766
2025-01-27,5,2025-01-27 00:50:00,2025-01-27 00:40:00,582.2228,0.0,2025-01-27T00:50:00,2025-01-27 00:00:00,0.4271,627.6878183380192,0.0,1461.0211516713525,833.3333333333333,0.0,9300.0,10050.0,0.0,1.0,833.3333333333334,0.0,0.0,45.46501833801915,45.46501833801915,0.0,9328.815574122216,10078.815574122216,624.0021338788347,0.0,624.0021338788347
2025-01-27,6,2025-01-27 01:00:00,2025-01-27 00:50:00,609.2133333333334,0.0,2025-01-27T01:00:00,2025-01-27 00:00:00,0.4285,654.3359353310939,0.0,654.3359353310939,0.0,0.0,10050.0,10050.0,0.0,0.0,45.12260199776051,0.0,0.0,0.0,0.0,0.0,10078.815574122216,10119.425915920201,280.3829482893737,0.0,280.3829482893737
2025-01-27,7,2025-01-27 01:10:00,2025-01-27 01:00:00,617.1881333333333,0.0,2025-01-27T01:10:00,2025-01-27 00:00:00,0.4311,666.1860289447529,0.0,666.1860289447529,0.0,0.0,10050.0,10050.0,0.0,0.0,48.99789561141961,0.0,0.0,0.0,0.0,0.0,10119.425915920201,10163.52402197048,287.192797078083,0.0,287.192797078083
2025-01-27,8,2025-01-27 01:20:00,2025-01-27 01:10:00,626.0349333333334,0.0,2025-01-27T01:20:00,2025-01-27 00:00:00,0.4302,645.8828906410188,0.0,645.8828906410188,0.0,0.0,10050.0,10050.0,0.0,0.0,19.84795730768542,0.0,0.0,0.0,0.0,0.0,10163.52402197048,10181.387183547396,277.8588195537663,0.0,277.8588195537663
2025-01-27,9,2025-01-27 01:30:00,2025-01-27 01:20:00,645.6816666666667,0.0,2025-01-27T01:30:00,2025-01-27 00:00:00,0.4279,616.1839326968186,0.0,616.1839326968186,0.0,0.0,10050.0,10050.0,0.0,-0.0,0.0,29.497733969848127,0.0,0.0,0.0,0.0,10181.387183547396,10148.611923580898,263.66510480096866,0.0,263.66510480096866
2025-01-27,10,2025-01-27 01:40:00,2025-01-27 01:30:00,658.2089833333333,0.0,2025-01-27T01:40:00,2025-01-27 00:00:00,0.4312,621.2428546623156,0.0,621.2428546623156,0.0,0.0,10050.0,10050.0,0.0,0.0,0.0,36.966128671017714,0.0,0.0,0.0,0.0,10148.611923580898,10107.538447279767,267.8799189303905,0.0,267.8799189303905
2025-01-27,11,2025-01-27 01:50:00,2025-01-27 01:40:00,647.7895333333333,0.0,2025-01-27T01:50:00,2025-01-27 00:00:00,0.4333,646.0369738408502,0.0,646.0369738408502,0.0,0.0,10050.0,10050.0,0.0,0.0,0.0,1.7525594924831012,0.0,0.0,0.0,0.0,10107.538447279767,10105.591158954785,279.9278207652404,0.0,279.9278207652404
2025-01-27,12,2025-01-27 02:00:00,2025-01-27 01:50:00,628.665,0.0,2025-01-27T02:00:00,2025-01-27 00:00:00,0.4311,671.543196537961,0.0,671.543196537961,0.0,0.0,10050.0,10050.0,0.0,0.0,42.878196537961,0.0,0.0,0.0,0.0,0.0,10105.591158954785,10144.18153583895,289.50227202751495,0.0,289.50227202751495
2025-01-27,13,2025-01-27 02:10:00,2025-01-27 02:00:00,630.6108833333334,0.0,2025-01-27T02:10:00,2025-01-27 00:00:00,0.4293,688.4527250843582,0.0,688.4527250843582,0.0,0.0,10050.0,10050.0,0.0,0.0,57.841841751024845,0.0,0.0,0.0,0.0,0.0,10144.18153583895,10196.239193414873,295.552754878715,0.0,295.552754878715
2025-01-27,14,2025-01-27 02:20:00,2025-01-27 02:10:00,630.7115166666666,0.0,2025-01-27T02:20:00,2025-01-27 00:00:00,0.4324,682.5392051974835,0.0,682.5392051974835,0.0,0.0,10050.0,10050.0,0.0,0.0,51.827688530816886,0.0,0.0,0.0,0.0,0.0,10196.239193414873,10242.884113092608,295.1299523273919,0.0,295.1299523273919
2025-01-27,15,2025-01-27 02:30:00,2025-01-27 02:20:00,640.8966666666666,0.0,2025-01-27T02:30:00,2025-01-27 00:00:00,0.4367,660.886459636218,0.0,660.886459636218,0.0,0.0,10050.0,10050.0,0.0,0.0,19.98979296955133,0.0,0.0,0.0,0.0,0.0,10242.884113092608,10260.874926765204,288.60911692313636,0.0,288.60911692313636
2025-01-27,16,2025-01-27 02:40:00,2025-01-27 02:30:00,692.9225333333334,0.0,2025-01-27T02:40:00,2025-01-27 00:00:00,0.4348,648.8379668908634,0.0,648.8379668908634,0.0,0.0,10050.0,10050.0,0.0,0.0,0.0,44.08456644246996,0.0,0.0,0.0,0.0,10260.874926765204,10211.89207516246,282.11474800414743,0.0,282.11474800414743
2025-01-27,17,2025-01-27 02:50:00,2025-01-27 02:40:00,708.5644333333333,0.0,2025-01-27T02:50:00,2025-01-27 00:00:00,0.4335,653.4679889020849,0.0,653.4679889020849,0.0,0.0,10050.0,10050.0,0.0,0.0,0.0,55.096444431248415,0.0,0.0,0.0,0.0,10211.89207516246,10150.673803572183,283.2783731890538,0.0,283.2783731890538
2025-01-27,18,2025-01-27 03:00:00,2025-01-27 02:50:00,674.2066666666666,0.0,2025-01-27T03:00:00,2025-01-27 00:00:00,0.4357,662.0724595664858,0.0,662.0724595664858,0.0,0.0,10050.0,10050.0,0.0,0.0,0.0,12.134207100180788,0.0,0.0,0.0,0.0,10150.673803572183,10137.191351238649,288.46497063311784,0.0,288.46497063311784
2025-01-27,19,2025-01-27 03:10:00,2025-01-27 03:00:00,653.14355,0.0,2025-01-27T03:10:00,2025-01-27 00:00:00,0.4374,657.3717491284315,0.0,657.3717491284315,0.0,0.0,10050.0,10050.0,0.0,0.0,4.22819912843147,0.0,0.0,0.0,0.0,0.0,10137.191351238649,10140.996730454237,287.53440306877593,0.0,287.53440306877593
2025-01-27,20,2025-01-27 03:20:00,2025-01-27 03:10:00,646.1590166666666,0.0,2025-01-27T03:20:00,2025-01-27 00:00:00,0.4371,661.8643413082419,0.0,661.8643413082419,0.0,0.0,10050.0,10050.0,0.0,0.0,15.705324641575316,0.0,0.0,0.0,0.0,0.0,10140.996730454237,10155.131522631655,289.30090358583254,0.0,289.30090358583254
2025-01-27,21,2025-01-27 03:30:00,2025-01-27 03:20:00,646.2916666666666,0.0,2025-01-27T03:30:00,2025-01-27 00:00:00,0.4356,667.9510980484214,0.0,667.9510980484214,0.0,0.0,10050.0,10050.0,0.0,0.0,21.659431381754757,0.0,0.0,0.0,0.0,0.0,10155.131522631655,10174.625010875234,290.95949830989235,0.0,290.95949830989235
2025-01-27,22,2025-01-27 03:40:00,2025-01-27 03:30:00,657.8371,0.0,2025-01-27T03:40:00,2025-01-27 00:00:00,0.4353,647.9289690188654,0.0,647.9289690188654,0.0,0.0,10050.0,10050.0,0.0,0.0,0.0,9.908130981134605,0.0,0.0,0.0,0.0,10174.625010875234,10163.61597645175,282.0434802139121,0.0,282.0434802139121
2025-01-27,23,2025-01-27 03:50:00,2025-01-27 03:40:00,692.54085,0.0,2025-01-27T03:50:00,2025-01-27 00:00:00,0.436,651.6976926208506,0.0,651.6976926208506,0.0,0.0,10050.0,10050.0,0.0,0.0,0.0,40.843157379149375,0.0,0.0,0.0,0.0,10163.61597645175,10118.234690474917,284.14019398269085,0.0,284.14019398269085
2025-01-27,24,2025-01-27 04:00:00,2025-01-27 03:50:00,718.94,0.0,2025-01-27T04:00:00,2025-01-27 00:00:00,0.4378,685.123962826893,0.0,685.123962826893,0.0,0.0,10050.0,10050.0,0.0,0.0,0.0,33.81603717310702,0.0,0.0,0.0,0.0,10118.234690474917,10080.661315838131,299.9472709256138,0.0,299.9472709256138
2025-01-27,25,2025-01-27 04:10:00,2025-01-27 04:00:00,693.5300166666666,0.0,2025-01-27T04:10:00,2025-01-27 00:00:00,0.4401,703.1096301141272,0.0,703.1096301141272,0.0,0.0,10050.0,10050.0,0.0,0.0,9.579613447460588,0.0,0.0,0.0,0.0,0.0,10080.661315838131,10089.282967940846,309.43854821322736,0.0,309.43854821322736
2025-01-27,26,2025-01-27 04:20:00,2025-01-27 04:10:00,699.3288166666666,0.0,2025-01-27T04:20:00,2025-01-27 00:00:00,0.4389,711.4508084402781,0.0,711.4508084402781,0.0,0.0,10050.0,10050.0,0.0,0.0,12.121991773611512,0.0,0.0,0.0,0.0,0.0,10089.282967940846,10100.192760537097,312.2557598244381,0.0,312.2557598244381
2025-01-27,27,2025-01-27 04:30:00,2025-01-27 04:20:00,733.1016666666666,0.0,2025-01-27T04:30:00,2025-01-27 00:00:00,0.4364,712.3271964392816,0.0,712.3271964392816,0.0,0.0,10050.0,10050.0,0.0,0.0,0.0,20.774470227384995,0.0,0.0,0.0,0.0,10100.192760537097,10077.110015840002,310.85958852610247,0.0,310.85958852610247
2025-01-27,28,2025-01-27 04:40:00,2025-01-27 04:30:00,711.9625,0.0,2025-01-27T04:40:00,2025-01-27 00:00:00,0.4393,697.8730608242691,0.0,697.8730608242691,0.0,0.0,10050.0,10050.0,0.0,0.0,0.0,14.089439175730831,0.0,0.0,0.0,0.0,10077.110015840002,10061.455083422523,306.5756356201015,0.0,306.5756356201015
2025-01-27,29,2025-01-27 04:50:00,2025-01-27 04:40:00,703.71965,0.00019999999999999998,2025-01-27T04:50:00,2025-01-27 00:00:00,0.4422,687.6975847662766,0.00018333333333333334,687.6974014329433,0.0,0.0,10050.0,10050.0,0.0,0.0,0.0,16.0220485670568,0.0,0.0,0.0,0.0,10061.455083422523,10043.652807236904,304.0997909136475,0.0,304.0997909136475
2025-01-27,30,2025-01-27 05:00:00,2025-01-27 04:50:00,719.375,0.0,2025-01-27T05:00:00,2025-01-27 00:00:00,0.4395,696.8417534085025,0.0,696.8417534085025,0.0,0.0,10050.0,10050.0,0.0,0.0,0.0,22.53324659149746,0.0,0.0,0.0,0.0,10043.652807236904,10018.615866579685,306.26195062303685,0.0,306.26195062303685
2025-01-27,31,2025-01-27 05:10:00,2025-01-27 05:00:00,701.7058666666667,0.0,2025-01-27T05:10:00,2025-01-27 00:00:00,0.4333,722.0106406419275,0.0,722.0106406419275,0.0,0.0,10050.0,10050.0,0.0,0.0,20.304773975260787,0.0,0.0,0.0,0.0,0.0,10018.615866579685,10036.890163157419,312.8472105901472,0.0,312.8472105901472
2025-01-27,32,2025-01-27 05:20:00,2025-01-27 05:10:00,700.1993166666666,0.0028333333333333335,2025-01-27T05:20:00,2025-01-27 00:00:00,0.4439,733.9675803995904,0.0025833333333333333,733.9649970662571,0.0,0.0,10050.0,10050.0,0.0,0.0,33.76851373292379,0.0,0.0,0.0,0.0,0.0,10036.890163157419,10067.28182551705,325.8070621977115,0.0,325.8070621977115
2025-01-27,33,2025-01-27 05:30:00,2025-01-27 05:20:00,712.085,0.0,2025-01-27T05:30:00,2025-01-27 00:00:00,0.4301,717.7090120031238,0.0,717.7090120031238,0.0,0.0,10050.0,10050.0,0.0,0.0,5.624012003123767,0.0,0.0,0.0,0.0,0.0,10067.28182551705,10072.343436319861,308.68664606254356,0.0,308.68664606254356
2025-01-27,34,2025-01-27 05:40:00,2025-01-27 05:30:00,695.8758666666666,0.0,2025-01-27T05:40:00,2025-01-27 00:00:00,0.3713,699.5075974735258,0.0,1532.840930806859,833.3333333333333,0.0,10050.0,10800.0,0.0,1.0,808.5072929779319,0.0,0.0,28.45777116226043,28.45777116226043,0.0,10072.343436319861,10800.0,569.1438376085868,0.0,569.1438376085868
2025-01-27,35,2025-01-27 05:50:00,2025-01-27 05:40:00,766.9492666666666,0.03953333333333333,2025-01-27T05:50:00,2025-01-27 00:00:00,0.5708,780.6616477137923,0.03596666666666667,780.6256810471256,0.0,-0.0,10800.0,10800.0,0.0,0.0,0.0,0.0,0.0,13.715947713792275,13.715947713792275,0.0,10800.0,10800.0,445.58113874169925,0.0,445.58113874169925
2025-01-27,36,2025-01-27 06:00:00,2025-01-27 05:50:00,893.8133333333334,0.0,2025-01-27T06:00:00,2025-01-27 00:00:00,0.9099,905.4536880826792,0.0,905.4536880826792,0.0,0.0,10800.0,10800.0,0.0,0.0,0.0,0.0,0.0,11.64035474934576,11.64035474934576,0.0,10800.0,10800.0,823.8723107864298,0.0,823.8723107864298
2025-01-27,37,2025-01-27 06:10:00,2025-01-27 06:00:00,920.1504166666667,0.0,2025-01-27T06:10:00,2025-01-27 00:00:00,0.9368,910.5347056152905,0.0,133.76902231117697,0.0,776.7656833041135,10800.0,9936.927018550985,0.0,0.0,0.0,786.3813943554898,0.0,0.0,0.0,0.0,10800.0,9926.242895160567,125.31482010111058,0.0,125.31482010111058
2025-01-27,38,2025-01-27 06:20:00,2025-01-27 06:10:00,932.40285,0.5506,2025-01-27T06:20:00,2025-01-27 00:00:00,0.8758,899.2572002806805,0.5009,898.7563002806805,0.0,0.0,9936.927018550985,9936.927018550985,0.0,0.0,0.0,33.09594971931938,0.0,0.0,0.0,0.0,9926.242895160567,9889.469617694656,787.13076778582,0.0,787.13076778582
2025-01-27,39,2025-01-27 06:30:00,2025-01-27 06:20:00,947.9283333333333,0.0,2025-01-27T06:30:00,2025-01-27 00:00:00,0.8759,930.8257151321145,0.0,930.8257151321145,0.0,0.0,9936.927018550985,9936.927018550985,0.0,0.0,0.0,17.102618201218775,0.0,0.0,0.0,0.0,9889.469617694656,9870.466708582191,815.3102438842191,0.0,815.3102438842191
2025-01-27,40,2025-01-27 06:40:00,2025-01-27 06:30:00,898.4479500000001,0.0,2025-01-27T06:40:00,2025-01-27 00:00:00,0.8601,955.3083225837138,0.0,955.3083225837138,0.0,0.0,9936.927018550985,9936.927018550985,0.0,0.0,56.86037258371368,0.0,0.0,0.0,0.0,0.0,9870.466708582191,9921.641043907533,821.6606882542522,0.0,821.6606882542522
2025-01-27,41,2025-01-27 06:50:00,2025-01-27 06:40:00,893.8319666666666,9.198933333333335,2025-01-27T06:50:00,2025-01-27 00:00:00,0.8442,939.702525324788,8.397466666666666,931.3050586581213,0.0,0.0,9936.927018550985,9936.927018550985,0.0,0.0,46.672025324788024,0.0,0.0,0.0,0.0,0.0,9921.641043907533,9963.645866699842,786.2077305191859,0.0,786.2077305191859
2025-01-27,42,2025-01-27 07:00:00,2025-01-27 06:50:00,939.2966666666666,41.3125,2025-01-27T07:00:00,2025-01-27 00:00:00,0.8334,912.5778100337822,38.362500000000004,874.2153100337822,0.0,0.0,9936.927018550985,9936.927018550985,0.0,0.0,0.0,23.76885663288442,0.0,0.0,0.0,0.0,9963.645866699842,9937.236025996637,728.5710393821541,0.0,728.5710393821541
2025-01-27,43,2025-01-27 07:10:00,2025-01-27 07:00:00,929.6962,82.02941666666666,2025-01-27T07:10:00,2025-01-27 00:00:00,0.8092,932.0536354355561,76.95696666666667,855.0966687688895,0.0,0.0,9936.927018550985,9936.927018550985,0.0,0.0,7.429885435556116,0.0,0.0,0.0,0.0,0.0,9937.236025996637,9943.922922888638,691.9442243677854,0.0,691.9442243677854
2025-01-27,44,2025-01-27 07:20:00,2025-01-27 07:10:00,916.9744166666666,128.03601666666665,2025-01-27T07:20:00,2025-01-27 00:00:00,0.7972,950.8945645473744,116.6202,834.2743645473745,0.0,0.0,9936.927018550985,9936.927018550985,0.0,0.0,45.3359645473746,0.0,0.0,0.0,0.0,0.0,9943.922922888638,9984.725290981274,665.0835234171669,0.0,665.0835234171669
2025-01-27,45,2025-01-27 07:30:00,2025-01-27 07:20:00,902.505,175.66875000000002,2025-01-27T07:30:00,2025-01-27 00:00:00,0.7644,914.1885061429198,158.35,755.8385061429198,0.0,0.0,9936.927018550985,9936.927018550985,0.0,0.0,29.002256142919805,0.0,0.0,0.0,0.0,0.0,9984.725290981274,10010.827321509902,577.7629540956478,0.0,577.7629540956478
2025-01-27,46,2025-01-27 07:40:00,2025-01-27 07:30:00,857.6044,221.50793333333334,2025-01-27T07:40:00,2025-01-27 00:00:00,0.6899,844.000134484077,208.05523333333335,1469.2782344840768,833.3333333333333,0.0,9936.927018550985,10686.927018550985,0.0,1.0,833.1817678174101,0.0,0.0,0.0,0.0,0.0,10010.827321509902,10760.690912545571,1013.6550539705646,0.0,1013.6550539705646
2025-01-27,47,2025-01-27 07:50:00,2025-01-27 07:40:00,984.2803166666666,272.78363333333334,2025-01-27T07:50:00,2025-01-27 00:00:00,0.86,976.4782404920517,260.6507833333333,715.8274571587183,0.0,0.0,10686.927018550985,10686.927018550985,0.0,0.0,4.330773825384995,0.0,0.0,0.0,0.0,0.0,10760.690912545571,10764.588608988417,615.6116131564977,0.0,615.6116131564977
2025-01-27,48,2025-01-27 08:00:00,2025-01-27 07:50:00,1200.3500000000001,328.58750000000003,2025-01-27T08:00:00,2025-01-27 00:00:00,1.1617,1220.9584043910986,314.85625,72.76882105776531,0.0,833.3333333333333,10686.927018550985,9761.00109262506,0.0,0.0,0.0,798.9936789422347,0.0,0.0,0.0,0.0,10764.588608988417,9876.817854608156,84.53553942280595,0.0,84.53553942280595
2025-01-27,49,2025-01-27 08:10:00,2025-01-27 08:00:00,1201.3746166666667,379.8080166666667,2025-01-27T08:10:00,2025-01-27 00:00:00,1.1683,1236.0069666738257,372.6456333333333,30.028000007159108,0.0,833.3333333333333,9761.00109262506,8835.075166699135,0.0,0.0,0.0,791.538599992841,0.0,0.0,0.0,0.0,9876.817854608156,8997.330521282778,35.081712408363984,0.0,35.081712408363984
2025-01-27,50,2025-01-27 08:20:00,2025-01-27 08:10:00,1157.1609833333334,427.94166666666666,2025-01-27T08:20:00,2025-01-27 00:00:00,1.0956,1189.6432023056407,423.39556666666664,0.0,0.0,766.2476356389741,8835.075166699135,7983.688904878052,0.0,0.0,0.0,729.2193166666668,0.0,0.0,0.0,0.0,8997.330521282778,8187.086836097593,0.0,0.0,0.0
2025-01-27,51,2025-01-27 08:30:00,2025-01-27 08:20:00,1173.1766666666667,479.66875,2025-01-27T08:30:00,2025-01-27 00:00:00,1.0849,1200.3407218394016,474.59375,0.0,0.0,725.7469718394016,7983.688904878052,7177.30338061205,0.0,0.0,0.0,693.5079166666667,0.0,0.0,0.0,0.0,8187.086836097593,7416.522484245741,0.0,0.0,0.0
2025-01-27,52,2025-01-27 08:40:00,2025-01-27 08:30:00,1182.8978166666668,540.3390499999999,2025-01-27T08:40:00,2025-01-27 00:00:00,1.061,1214.4191454901934,541.8542666666666,0.0,0.0,672.5648788235268,7177.30338061205,6430.009070808132,0.0,0.0,0.0,642.5587666666669,0.0,0.0,0.0,0.0,7416.522484245741,6702.568299060556,0.0,0.0,0.0
2025-01-27,53,2025-01-27 08:50:00,2025-01-27 08:40:00,1178.73965,600.4259666666667,2025-01-27T08:50:00,2025-01-27 00:00:00,1.043,1214.3815816620402,590.1312333333334,0.0,0.0,624.2503483287068,6430.009070808132,5736.397572665124,0.0,0.0,0.0,578.3136833333333,0.0,0.0,0.0,0.0,6702.568299060556,6059.997539801297,0.0,0.0,0.0
2025-01-27,54,2025-01-27 09:00:00,2025-01-27 08:50:00,1175.1583333333333,648.8562499999999,2025-01-27T09:00:00,2025-01-27 00:00:00,1.036,1204.1189478512063,620.7937499999999,0.0,0.0,583.3251978512063,5736.397572665124,5088.258463941562,0.0,0.0,0.0,526.3020833333334,0.0,0.0,0.0,0.0,6059.997539801297,5475.2174472087045,0.0,0.0,0.0
2025-01-27,55,2025-01-27 09:10:00,2025-01-27 09:00:00,1185.6162166666666,685.4176000000001,2025-01-27T09:10:00,2025-01-27 00:00:00,1.0147,1194.7349183705485,671.8228833333334,0.0,0.0,522.9120350372151,5088.258463941562,4507.245091677989,0.0,0.0,0.0,500.19861666666645,0.0,0.0,0.0,0.0,5475.2174472087045,4919.441206467964,0.0,0.0,0.0
2025-01-27,56,2025-01-27 09:20:00,2025-01-27 09:10:00,1198.76385,742.3545666666668,2025-01-27T09:20:00,2025-01-27 00:00:00,0.9922,1185.2567604355122,730.8863833333334,0.0,0.0,454.37037710217885,4507.245091677989,4002.389117120012,0.0,0.0,0.0,456.4092833333333,0.0,0.0,0.0,0.0,4919.441206467964,4412.319780542038,0.0,0.0,0.0
2025-01-27,57,2025-01-27 09:30:00,2025-01-27 09:20:00,1201.1633333333332,810.15,2025-01-27T09:30:00,2025-01-27 00:00:00,0.97,1182.5052444452897,783.8249999999999,0.0,0.0,398.68024444528976,4002.389117120012,3559.411067736357,0.0,0.0,0.0,391.0133333333332,0.0,0.0,0.0,0.0,4412.319780542038,3977.860521282779,0.0,0.0,0.0
2025-01-27,58,2025-01-27 09:40:00,2025-01-27 09:30:00,1188.1483333333333,848.8315833333332,2025-01-27T09:40:00,2025-01-27 00:00:00,0.9422,1194.5242138546296,823.5506,0.0,0.0,370.97361385462955,3559.411067736357,3147.2181634534354,0.0,0.0,0.0,339.31675000000007,0.0,0.0,0.0,0.0,3977.860521282779,3600.8419101716677,0.0,0.0,0.0
2025-01-27,59,2025-01-27 09:50:00,2025-01-27 09:40:00,1173.2715,893.5954833333334,2025-01-27T09:50:00,2025-01-27 00:00:00,0.9569,1192.3229717811325,828.4455666666667,0.0,0.0,363.8774051144659,3147.2181634534354,2742.909935548473,0.0,0.0,0.0,279.67601666666667,0.0,0.0,0.0,0.0,3600.8419101716677,3290.090780542038,0.0,0.0,0.0
2025-01-27,60,2025-01-27 10:00:00,2025-01-27 09:50:00,1170.5433333333333,943.975,2025-01-27T10:00:00,2025-01-27 00:00:00,0.9977,1177.991692503128,826.8000000000001,0.0,0.0,351.1916925031279,2742.909935548473,2352.6969438783312,0.0,0.0,0.0,226.56833333333327,0.0,0.0,0.0,0.0,3290.090780542038,3038.348187949445,0.0,0.0,0.0
2025-01-27,61,2025-01-27 10:10:00,2025-01-27 10:00:00,1184.9336166666667,967.4184,2025-01-27T10:10:00,2025-01-27 00:00:00,0.9919,1181.7971022544623,875.00375,0.0,0.0,306.7933522544623,2352.6969438783312,2011.8154413733732,0.0,0.0,0.0,217.51521666666667,0.0,0.0,0.0,0.0,3038.348187949445,2796.6646138753713,0.0,0.0,0.0
2025-01-27,62,2025-01-27 10:20:00,2025-01-27 10:10:00,1201.4741166666665,1018.4760500000001,2025-01-27T10:20:00,2025-01-27 00:00:00,0.9588,1186.048717215366,928.7822500000001,0.0,0.0,257.2664672153659,2011.8154413733732,1725.9638111340778,0.0,0.0,0.0,182.99806666666643,0.0,0.0,0.0,0.0,2796.6646138753713,2593.3334286901863,0.0,0.0,0.0
2025-01-27,63,2025-01-27 10:30:00,2025-01-27 10:20:00,1200.7183333333335,1070.1312500000001,2025-01-27T10:30:00,2025-01-27 00:00:00,0.9549,1187.3552931122908,954.3562499999999,0.0,0.0,232.9990431122909,1725.9638111340778,1467.0759854537546,0.0,0.0,0.0,130.58708333333334,0.0,0.0,0.0,0.0,2593.3334286901863,2448.236669430927,0.0,0.0,0.0
2025-01-27,64,2025-01-27 10:40:00,2025-01-27 10:30:00,1171.4464166666667,1034.3669833333333,2025-01-27T10:40:00,2025-01-27 00:00:00,0.9839,1199.0705702417124,958.7021833333333,0.0,0.0,240.36838690837908,1467.0759854537546,1200.0,0.0,0.0,0.0,137.07943333333333,0.0,0.0,0.0,0.0,2448.236669430927,2295.9261879494456,0.0,0.0,0.0
2025-01-27,65,2025-01-27 10:50:00,2025-01-27 10:40:00,1133.5344166666666,991.63445,2025-01-27T10:50:00,2025-01-27 00:00:00,0.799,1196.1425226417514,966.09735,230.04517264175138,0.0,0.0,1200.0,1200.0,0.0,0.0,88.14520597508476,0.0,0.0,0.0,0.0,0.0,2295.9261879494456,2375.256873327022,183.80609294075936,0.0,183.80609294075936
2025-01-27,66,2025-01-27 11:00:00,2025-01-27 10:50:00,1115.4666666666667,990.15,2025-01-27T11:00:00,2025-01-27 00:00:00,0.5025,1178.8247907793043,988.43125,1023.7268741126376,833.3333333333333,0.0,1200.0,1950.0,0.0,1.0,833.3333333333334,0.0,0.0,65.07687411263748,65.07687411263748,0.0,2375.256873327022,3125.256873327022,514.4227542416003,0.0,514.4227542416003
2025-01-27,67,2025-01-27 11:10:00,2025-01-27 11:00:00,1135.2703166666668,1005.2476,2025-01-27T11:10:00,2025-01-27 00:00:00,0.4662,1173.2598500173665,1013.5858333333334,993.0073500173663,833.3333333333333,0.0,1950.0,2700.0,0.0,1.0,833.3333333333334,0.0,0.0,29.651300017366225,29.651300017366225,0.0,3125.256873327022,3875.256873327022,462.9400265780962,0.0,462.9400265780962
2025-01-27,68,2025-01-27 11:20:00,2025-01-27 11:10:00,1165.7362666666666,1022.8676333333333,2025-01-27T11:20:00,2025-01-27 00:00:00,0.5007,1168.943954633113,1001.6126166666667,1000.6646712997796,833.3333333333333,0.0,2700.0,3450.0,0.0,1.0,833.3333333333334,0.0,0.0,24.46270463311282,24.46270463311282,0.0,3875.256873327022,4625.256873327022,501.0328009197997,0.0,501.0328009197997
2025-01-27,69,2025-01-27 11:30:00,2025-01-27 11:20:00,1167.1983333333333,1036.05,2025-01-27T11:30:00,2025-01-27 00:00:00,0.4827,1159.519685943692,972.69375,1020.1592692770251,833.3333333333333,0.0,3450.0,4200.0,0.0,1.0,833.3333333333334,0.0,0.0,55.677602610358576,55.677602610358576,0.0,4625.256873327022,5375.256873327022,492.43087928002006,0.0,492.43087928002006
2025-01-27,70,2025-01-27 11:40:00,2025-01-27 11:30:00,1118.3945333333334,1047.8580166666668,2025-01-27T11:40:00,2025-01-27 00:00:00,0.4785,1149.4796248766781,987.4666000000001,995.3463582100113,833.3333333333333,0.0,4200.0,4950.0,0.0,1.0,833.3333333333334,0.0,0.0,91.4765082100115,91.4765082100115,0.0,5375.256873327022,6125.256873327022,476.2732324034904,0.0,476.2732324034904
2025-01-27,71,2025-01-27 11:50:00,2025-01-27 11:40:00,1074.1522499999999,1084.7816666666665,2025-01-27T11:50:00,2025-01-27 00:00:00,0.4662,1132.4116112357333,1002.5022,963.2427445690665,833.3333333333333,0.0,4950.0,5700.0,0.0,1.0,833.3333333333334,0.0,0.0,140.53882790239993,140.53882790239993,0.0,6125.256873327022,6875.256873327022,449.0637675180988,0.0,449.0637675180988
2025-01-27,72,2025-01-27 12:00:00,2025-01-27 11:50:00,1060.9616666666668,1129.21875,2025-01-27T12:00:00,2025-01-27 00:00:00,0.4432,1109.810232759986,987.4,955.7435660933194,833.3333333333333,0.0,5700.0,6450.0,0.0,1.0,833.3333333333334,0.0,0.0,190.66731609331907,190.66731609331907,0.0,6875.256873327022,7625.256873327022,423.58554849255916,0.0,423.58554849255916
2025-01-27,73,2025-01-27 12:10:00,2025-01-27 12:00:00,1057.7001,1128.1218999999999,2025-01-27T12:10:00,2025-01-27 00:00:00,0.4411,1092.0882891173408,953.6482333333333,971.7733891173407,833.3333333333333,0.0,6450.0,7200.0,0.0,1.0,833.3333333333334,0.0,0.0,208.86185578400693,208.86185578400693,0.0,7625.256873327022,8375.256873327022,428.64924193965896,0.0,428.64924193965896
2025-01-27,74,2025-01-27 12:20:00,2025-01-27 12:10:00,1043.5985166666667,1086.7053333333333,2025-01-27T12:20:00,2025-01-27 00:00:00,0.4551,1081.7750078932784,920.6404000000001,994.4679412266115,833.3333333333333,0.0,7200.0,7950.0,0.0,1.0,833.3333333333334,0.0,0.0,204.24142455994468,204.24142455994468,0.0,8375.256873327022,9125.256873327022,452.5823600522309,0.0,452.5823600522309
2025-01-27,75,2025-01-27 12:30:00,2025-01-27 12:20:00,1028.4583333333333,1034.5375000000001,2025-01-27T12:30:00,2025-01-27 00:00:00,0.4463,1069.6960830289613,897.28125,1005.7481663622946,833.3333333333333,0.0,7950.0,8700.0,0.0,1.0,833.3333333333334,0.0,0.0,178.49399969562808,178.49399969562808,0.0,9125.256873327022,9875.256873327022,448.865406647492,0.0,448.865406647492
2025-01-27,76,2025-01-27 12:40:00,2025-01-27 12:30:00,1042.7972499999998,998.2098,2025-01-27T12:40:00,2025-01-27 00:00:00,0.4113,1050.9581245643717,879.9235833333333,1004.3678745643716,833.3333333333333,0.0,8700.0,9450.0,0.0,1.0,833.3333333333334,0.0,0.0,126.44709123103837,126.44709123103837,0.0,9875.256873327022,10625.256873327022,413.09650680832607,0.0,413.09650680832607
2025-01-27,77,2025-01-27 12:50:00,2025-01-27 12:40:00,1079.6082833333332,957.65495,2025-01-27T12:50:00,2025-01-27 00:00:00,0.5682,1072.7681796879788,863.4327,1042.668813021312,833.3333333333333,0.0,9450.0,10200.0,0.0,1.0,194.1590296366424,0.0,0.0,726.5564500513365,726.5564500513365,0.0,10625.256873327022,10800.0,592.4444195587095,0.0,592.4444195587095
2025-01-27,78,2025-01-27 13:00:00,2025-01-27 12:50:00,1109.805,931.3562499999999,2025-01-27T13:00:00,2025-01-27 00:00:00,0.8279,1116.296537014254,856.28125,260.015287014254,0.0,0.0,10200.0,10200.0,0.0,0.0,0.0,0.0,0.0,81.56653701425398,81.56653701425398,0.0,10800.0,10800.0,215.26665611910087,0.0,215.26665611910087
2025-01-27,79,2025-01-27 13:10:00,2025-01-27 13:00:00,1103.42745,957.4716666666667,2025-01-27T13:10:00,2025-01-27 00:00:00,0.8636,1110.250890909215,872.3798666666667,237.8710242425484,0.0,0.0,10200.0,10200.0,0.0,0.0,0.0,0.0,0.0,91.91524090921507,91.91524090921507,0.0,10800.0,10800.0,205.4254165358648,0.0,205.4254165358648
2025-01-27,80,2025-01-27 13:20:00,2025-01-27 13:10:00,1076.7651166666667,956.1175,2025-01-27T13:20:00,2025-01-27 00:00:00,0.8416,1088.9849407321205,892.5079333333333,196.47700739878724,0.0,0.0,10200.0,10200.0,0.0,0.0,0.0,0.0,0.0,75.8293907321206,75.8293907321206,0.0,10800.0,10800.0,165.35504942681933,0.0,165.35504942681933
2025-01-27,81,2025-01-27 13:30:00,2025-01-27 13:20:00,1063.8833333333334,920.31875,2025-01-27T13:30:00,2025-01-27 00:00:00,0.8618,1087.433375177791,900.5,186.93337517779105,0.0,0.0,10200.0,10200.0,0.0,0.0,0.0,0.0,0.0,43.368791844457746,43.368791844457746,0.0,10800.0,10800.0,161.09918272822034,0.0,161.09918272822034
2025-01-27,82,2025-01-27 13:40:00,2025-01-27 13:30:00,1088.0294000000001,917.5850666666666,2025-01-27T13:40:00,2025-01-27 00:00:00,0.8623,1106.0516612200672,890.4747833333332,215.576877886734,0.0,0.0,10200.0,10200.0,0.0,0.0,0.0,0.0,0.0,45.13254455340052,45.13254455340052,0.0,10800.0,10800.0,185.89194180173072,0.0,185.89194180173072
2025-01-27,83,2025-01-27 13:50:00,2025-01-27 13:40:00,1106.8606166666666,904.0937666666667,2025-01-27T13:50:00,2025-01-27 00:00:00,0.9026,1115.2195319436516,852.9421000000001,262.27743194365155,0.0,0.0,10200.0,10200.0,0.0,-0.0,0.0,0.0,0.0,59.51058194365169,59.51058194365169,0.0,10800.0,10800.0,236.7316100723399,0.0,236.7316100723399
2025-01-27,84,2025-01-27 14:00:00,2025-01-27 13:50:00,1106.895,866.6062499999999,2025-01-27T14:00:00,2025-01-27 00:00:00,0.9754,1101.7232660513432,805.0124999999999,0.0,0.0,296.7107660513433,10200.0,9870.321371054062,0.0,0.0,0.0,240.28875000000005,0.0,0.0,0.0,0.0,10800.0,10533.0125,0.0,0.0,0.0
2025-01-27,85,2025-01-27 14:10:00,2025-01-27 14:00:00,1112.29205,837.0340500000001,2025-01-27T14:10:00,2025-01-27 00:00:00,1.0002,1076.7990251773551,776.6521166666666,0.0,0.0,300.1469085106885,9870.321371054062,9536.824806042187,0.0,0.0,0.0,275.2579999999999,0.0,0.0,0.0,0.0,10533.0125,10227.17027777778,0.0,0.0,0.0
2025-01-27,86,2025-01-27 14:20:00,2025-01-27 14:10:00,1116.5392166666668,791.7592333333333,2025-01-27T14:20:00,2025-01-27 00:00:00,0.9978,1055.1963103082558,740.4691666666666,0.0,0.0,314.7271436415891,9536.824806042187,9187.127979773753,0.0,0.0,0.0,324.77998333333346,0.0,0.0,0.0,0.0,10227.17027777778,9866.30362962963,0.0,0.0,0.0
2025-01-27,87,2025-01-27 14:30:00,2025-01-27 14:20:00,1106.3716666666667,739.59375,2025-01-27T14:30:00,2025-01-27 00:00:00,1.0271,1057.7862674161295,693.94375,0.0,0.0,363.84251741612945,9187.127979773753,8782.858515978054,0.0,0.0,0.0,366.77791666666667,0.0,0.0,0.0,0.0,9866.30362962963,9458.772611111111,0.0,0.0,0.0
2025-01-27,88,2025-01-27 14:40:00,2025-01-27 14:30:00,1082.5671166666666,715.25185,2025-01-27T14:40:00,2025-01-27 00:00:00,1.0906,1091.1717161389704,660.0158333333333,0.0,0.0,431.15588280563713,8782.858515978054,8303.796423971791,0.0,0.0,0.0,367.3152666666666,0.0,0.0,0.0,0.0,9458.772611111111,9050.644537037038,0.0,0.0,0.0
2025-01-27,89,2025-01-27 14:50:00,2025-01-27 14:40:00,1092.4181333333333,671.8901,2025-01-27T14:50:00,2025-01-27 00:00:00,0.9376,1087.2275368437765,608.0491333333333,0.0,0.0,479.1784035104432,8303.796423971791,7771.375975626855,0.0,0.0,0.0,420.5280333333334,0.0,0.0,0.0,0.0,9050.644537037038,8583.391166666668,0.0,0.0,0.0
2025-01-27,90,2025-01-27 15:00:00,2025-01-27 14:50:00,1103.8233333333333,603.18125,2025-01-27T15:00:00,2025-01-27 00:00:00,0.6694,1058.2109470372752,553.74375,1337.8005303706086,833.3333333333333,0.0,7771.375975626855,8521.375975626856,0.0,1.0,833.3333333333334,0.0,0.0,3.8251137039420655,3.8251137039420655,0.0,8583.391166666668,9333.391166666668,895.5236750300854,0.0,895.5236750300854
2025-01-27,91,2025-01-27 15:10:00,2025-01-27 15:00:00,1042.4773333333333,554.1298666666667,2025-01-27T15:10:00,2025-01-27 00:00:00,0.66,1078.1862935800177,544.9618666666667,1366.5577602466842,833.3333333333333,0.0,8521.375975626856,9271.375975626856,0.0,1.0,833.3333333333334,0.0,0.0,44.876960246684234,44.876960246684234,0.0,9333.391166666668,10083.391166666668,901.9281217628117,0.0,901.9281217628117
2025-01-27,92,2025-01-27 15:20:00,2025-01-27 15:10:00,1023.0917166666667,528.7180999999999,2025-01-27T15:20:00,2025-01-27 00:00:00,0.7217,1076.6414231329027,520.6745166666666,1389.3002397995692,833.3333333333333,0.0,9271.375975626856,10021.375975626856,0.0,1.0,796.2320370370354,0.0,0.0,98.69458609586718,98.69458609586718,0.0,10083.391166666668,10800.0,1002.6579830633491,0.0,1002.6579830633491
2025-01-27,93,2025-01-27 15:30:00,2025-01-27 15:20:00,1067.69,504.925,2025-01-27T15:30:00,2025-01-27 00:00:00,0.7308,1052.6185905243751,462.925,1423.0269238577084,833.3333333333333,0.0,10021.375975626856,10771.375975626856,0.0,1.0,0.0,0.0,0.0,860.2619238577083,860.2619238577083,0.0,10800.0,10800.0,1039.9480759552134,0.0,1039.9480759552134
2025-01-27,94,2025-01-27 15:40:00,2025-01-27 15:30:00,1084.7068166666666,456.07213333333334,2025-01-27T15:40:00,2025-01-27 00:00:00,0.7534,1074.2037253835167,413.10155000000003,692.9066469092327,31.804471525716103,0.0,10771.375975626856,10800.0,0.0,0.9999999999999709,0.0,0.0,0.0,64.27196357589946,64.27196357589946,0.0,10800.0,10800.0,522.0358677814158,0.0,522.0358677814158
2025-01-27,95,2025-01-27 15:50:00,2025-01-27 15:40:00,1090.2867166666667,396.61148333333335,2025-01-27T15:50:00,2025-01-27 00:00:00,0.7823,1063.794781913248,366.6018166666667,697.1929652465813,0.0,0.0,10800.0,10800.0,0.0,0.0,0.0,0.0,0.0,3.5177319132478715,3.5177319132478715,0.0,10800.0,10800.0,545.4140567124006,0.0,545.4140567124006
2025-01-27,96,2025-01-27 16:00:00,2025-01-27 15:50:00,1090.2933333333333,339.39375,2025-01-27T16:00:00,2025-01-27 00:00:00,0.8055,1026.5003292048568,316.8875,709.6128292048568,0.0,0.0,10800.0,10800.0,0.0,0.0,0.0,41.28675412847656,0.0,0.0,0.0,0.0,10800.0,10754.125828746137,571.5931339245121,0.0,571.5931339245121
2025-01-27,97,2025-01-27 16:10:00,2025-01-27 16:00:00,1063.4437833333334,285.1558333333333,2025-01-27T16:10:00,2025-01-27 00:00:00,0.8271,1049.9414928048384,267.44053333333335,782.500959471505,0.0,0.0,10800.0,10800.0,0.0,0.0,4.213009471504847,0.0,0.0,0.0,0.0,0.0,10754.125828746137,10757.917537270492,647.2065435788817,0.0,647.2065435788817
2025-01-27,98,2025-01-27 16:20:00,2025-01-27 16:10:00,1034.14185,234.33195,2025-01-27T16:20:00,2025-01-27 00:00:00,0.8519,1073.140249615396,220.4031,852.737149615396,0.0,0.0,10800.0,10800.0,0.0,-0.0,46.75829192167536,0.0,0.0,6.168957693720664,6.168957693720664,0.0,10757.917537270492,10800.0,726.4467777573558,0.0,726.4467777573558
2025-01-27,99,2025-01-27 16:30:00,2025-01-27 16:20:00,1021.4216666666666,186.375,2025-01-27T16:30:00,2025-01-27 00:00:00,0.8791,1055.2198619168091,176.20624999999998,879.0136119168092,0.0,0.0,10800.0,10800.0,0.0,0.0,0.0,0.0,0.0,43.966945250142544,43.966945250142544,0.0,10800.0,10800.0,772.740866236067,0.0,772.740866236067
2025-01-27,100,2025-01-27 16:40:00,2025-01-27 16:30:00,1023.7234166666667,139.4711,2025-01-27T16:40:00,2025-01-27 00:00:00,0.9024,1020.9563059479835,133.21338333333333,887.7429226146502,-0.0,0.0,10800.0,10800.0,0.0,0.0,0.0,0.0,0.0,3.4906059479835676,3.4906059479835676,0.0,10800.0,10800.0,801.0992133674603,0.0,801.0992133674603
2025-01-27,101,2025-01-27 16:50:00,2025-01-27 16:40:00,1026.2757666666666,91.15028333333333,2025-01-27T16:50:00,2025-01-27 00:00:00,0.9163,1020.7554267455412,86.96605,933.7893767455412,0.0,0.0,10800.0,10800.0,0.0,0.0,0.0,1.3361065877920737,0.0,0.0,0.0,0.0,10800.0,10798.515437124675,855.6312059119393,0.0,855.6312059119393
2025-01-27,102,2025-01-27 17:00:00,2025-01-27 16:50:00,1017.9183333333334,44.668749999999996,2025-01-27T17:00:00,2025-01-27 00:00:00,0.9264,1049.62401492693,41.387499999999996,1008.2365149269299,0.0,0.0,10800.0,10800.0,0.0,0.0,1.6495143059162527,0.0,0.0,33.33741728768027,33.33741728768027,0.0,10798.515437124675,10800.0,934.0303074283079,0.0,934.0303074283079
2025-01-27,103,2025-01-27 17:10:00,2025-01-27 17:00:00,1001.4264,9.640916666666667,2025-01-27T17:10:00,2025-01-27 00:00:00,0.9462,1053.095428506891,8.67135,1044.424078506891,0.0,0.0,10800.0,10800.0,0.0,0.0,0.0,0.0,0.0,52.638595173557746,52.638595173557746,0.0,10800.0,10800.0,988.2340630832202,0.0,988.2340630832202
2025-01-27,104,2025-01-27 17:20:00,2025-01-27 17:10:00,1007.3272166666667,0.0,2025-01-27T17:20:00,2025-01-27 00:00:00,0.9742,1025.437047683831,0.0,1025.437047683831,0.0,0.0,10800.0,10800.0,0.0,0.0,0.0,0.0,0.0,18.10983101716431,18.10983101716431,0.0,10800.0,10800.0,998.9807718535881,0.0,998.9807718535881
2025-01-27,105,2025-01-27 17:30:00,2025-01-27 17:20:00,1048.165,0.0,2025-01-27T17:30:00,2025-01-27 00:00:00,0.9862,1018.7261685851722,0.0,1018.7261685851722,0.0,0.0,10800.0,10800.0,0.0,0.0,0.0,29.438831414827746,0.0,0.0,0.0,0.0,10800.0,10767.290187316858,1004.6677474586968,0.0,1004.6677474586968
2025-01-27,106,2025-01-27 17:40:00,2025-01-27 17:30:00,1080.8762,0.5734,2025-01-27T17:40:00,2025-01-27 00:00:00,0.976,1062.3976108663983,0.5125166666666666,1061.8850941997316,0.0,0.0,10800.0,10800.0,0.0,0.0,0.0,18.417705800268322,0.0,0.0,0.0,0.0,10767.290187316858,10746.826069761004,1036.3998519389381,0.0,1036.3998519389381
2025-01-27,107,2025-01-27 17:50:00,2025-01-27 17:40:00,951.0957,0.0,2025-01-27T17:50:00,2025-01-27 00:00:00,1.0742,931.8434496287838,0.0,931.8434496287838,0.0,0.0,10800.0,10800.0,0.0,0.0,0.0,19.252250371216178,0.0,0.0,0.0,0.0,10746.826069761004,10725.434680459653,1000.9862335912396,0.0,1000.9862335912396
2025-01-27,108,2025-01-27 18:00:00,2025-01-27 17:50:00,744.0116666666667,0.0,2025-01-27T18:00:00,2025-01-27 00:00:00,1.2313,710.2964869940815,0.0,710.2964869940815,0.0,0.0,10800.0,10800.0,0.0,0.0,0.0,33.71517967258512,0.0,0.0,0.0,0.0,10725.434680459653,10687.973369712337,874.5880644358126,0.0,874.5880644358126
2025-01-27,109,2025-01-27 18:10:00,2025-01-27 18:00:00,712.9986,0.041166666666666664,2025-01-27T18:10:00,2025-01-27 00:00:00,1.2561,718.0513962337358,0.0368,718.0145962337358,0.0,-0.0,10800.0,10800.0,0.0,0.0,5.057162900402432,0.0,0.0,0.0,0.0,0.0,10687.973369712337,10692.524816322699,901.8981343291955,0.0,901.8981343291955
2025-01-27,110,2025-01-27 18:20:00,2025-01-27 18:10:00,722.8973833333333,0.0,2025-01-27T18:20:00,2025-01-27 00:00:00,1.2447,747.4938921281713,0.0,747.4938921281713,0.0,0.0,10800.0,10800.0,0.0,0.0,24.596508794837973,0.0,0.0,0.0,0.0,0.0,10692.524816322699,10714.661674238054,930.4056475319347,0.0,930.4056475319347
2025-01-27,111,2025-01-27 18:30:00,2025-01-27 18:20:00,700.9966666666666,0.0,2025-01-27T18:30:00,2025-01-27 00:00:00,1.2545,710.3292622596837,0.0,710.3292622596837,0.0,0.0,10800.0,10800.0,0.0,0.0,9.332595593017118,0.0,0.0,0.0,0.0,0.0,10714.661674238054,10723.06101027177,891.1080595047731,0.0,891.1080595047731
2025-01-27,112,2025-01-27 18:40:00,2025-01-27 18:30:00,709.9236999999999,0.00295,2025-01-27T18:40:00,2025-01-27 00:00:00,1.2522,730.1485324007405,0.00265,730.1458824007404,0.0,0.0,10800.0,10800.0,0.0,0.0,20.225132400740563,0.0,0.0,0.0,0.0,0.0,10723.06101027177,10741.263629432437,914.2886739422072,0.0,914.2886739422072
2025-01-27,113,2025-01-27 18:50:00,2025-01-27 18:40:00,706.7780166666666,0.0,2025-01-27T18:50:00,2025-01-27 00:00:00,1.2881,759.1621423276767,0.0,191.04999387100986,0.0,568.1121484566669,10800.0,10168.764279492592,0.0,0.0,0.0,515.7280227956568,0.0,0.0,0.0,0.0,10741.263629432437,10168.232492992818,246.0914971052478,0.0,246.0914971052478
2025-01-27,114,2025-01-27 19:00:00,2025-01-27 18:50:00,692.9116666666667,0.0,2025-01-27T19:00:00,2025-01-27 00:00:00,1.3466,763.2687683873103,0.0,0.0,0.0,763.2687683873103,10168.764279492592,9320.687870173359,0.0,0.0,0.0,692.9116666666667,0.0,0.0,0.0,0.0,10168.232492992818,9398.330641140967,0.0,0.0,0.0
2025-01-27,115,2025-01-27 19:10:00,2025-01-27 19:00:00,717.9855666666667,0.00021666666666666666,2025-01-27T19:10:00,2025-01-27 00:00:00,1.3523,759.9942018305464,0.00018333333333333334,0.0,0.0,759.9940184972131,9320.687870173359,8476.250071843122,0.0,0.0,0.0,717.98535,0.0,0.0,0.0,0.0,9398.330641140967,8600.569141140966,0.0,0.0,0.0
2025-01-27,116,2025-01-27 19:20:00,2025-01-27 19:10:00,737.7151166666666,0.0,2025-01-27T19:20:00,2025-01-27 00:00:00,1.3445,737.355378871138,0.0,0.0,0.0,737.355378871138,8476.250071843122,7656.966317541857,0.0,0.0,0.0,737.7151166666666,0.0,0.0,0.0,0.0,8600.569141140966,7780.885678178003,0.0,0.0,0.0
2025-01-27,117,2025-01-27 19:30:00,2025-01-27 19:20:00,740.4050000000001,0.0,2025-01-27T19:30:00,2025-01-27 00:00:00,1.3483,705.8656206070648,0.0,0.0,0.0,705.8656206070648,7656.966317541857,6872.6711835340075,0.0,0.0,0.0,740.4050000000001,0.0,0.0,0.0,0.0,7780.885678178003,6958.213455955781,0.0,0.0,0.0
2025-01-27,118,2025-01-27 19:40:00,2025-01-27 19:30:00,754.7615833333333,0.0,2025-01-27T19:40:00,2025-01-27 00:00:00,1.349,699.783722206232,0.0,0.0,0.0,699.783722206232,6872.6711835340075,6095.133714415972,0.0,0.0,0.0,754.7615833333333,0.0,0.0,0.0,0.0,6958.213455955781,6119.589474474299,0.0,0.0,0.0
2025-01-27,119,2025-01-27 19:50:00,2025-01-27 19:40:00,746.2927666666666,0.0,2025-01-27T19:50:00,2025-01-27 00:00:00,1.3473,724.800177509807,0.0,0.0,0.0,724.800177509807,6095.133714415972,5289.800183849519,0.0,0.0,0.0,746.2927666666666,0.0,0.0,0.0,0.0,6119.589474474299,5290.375289289114,0.0,0.0,0.0
2025-01-27,120,2025-01-27 20:00:00,2025-01-27 19:50:00,725.0783333333334,0.0,2025-01-27T20:00:00,2025-01-27 00:00:00,1.3482,746.2037425404196,0.0,0.0,0.0,746.2037425404196,5289.800183849519,4460.684914360164,0.0,0.0,0.0,725.0783333333334,0.0,0.0,0.0,0.0,5290.375289289114,4484.732696696522,0.0,0.0,0.0
2025-01-27,121,2025-01-27 20:10:00,2025-01-27 20:00:00,737.4513333333333,0.0,2025-01-27T20:10:00,2025-01-27 00:00:00,1.3513,723.4165510719572,0.0,0.0,0.0,723.4165510719572,4460.684914360164,3656.888746502434,0.0,0.0,0.0,737.4513333333333,0.0,0.0,0.0,0.0,4484.732696696522,3665.3423263261516,0.0,0.0,0.0
2025-01-27,122,2025-01-27 20:20:00,2025-01-27 20:10:00,733.8559166666668,0.0,2025-01-27T20:20:00,2025-01-27 00:00:00,1.34,720.4858740939035,0.0,0.0,0.0,720.4858740939035,3656.888746502434,2856.348886398097,0.0,0.0,0.0,733.8559166666668,0.0,0.0,0.0,0.0,3665.3423263261516,2849.9468633631886,0.0,0.0,0.0
2025-01-27,123,2025-01-27 20:30:00,2025-01-27 20:20:00,710.2433333333333,0.0,2025-01-27T20:30:00,2025-01-27 00:00:00,1.3489,745.9668589055293,0.0,0.0,0.0,745.9668589055293,2856.348886398097,2027.4968209475087,0.0,0.0,0.0,710.2433333333333,0.0,0.0,0.0,0.0,2849.9468633631886,2060.7876041039294,0.0,0.0,0.0
2025-01-27,124,2025-01-27 20:40:00,2025-01-27 20:30:00,714.1823166666667,0.0,2025-01-27T20:40:00,2025-01-27 00:00:00,1.3952,744.7471388527579,0.0,0.0,0.0,744.7471388527579,2027.4968209475087,1200.0,0.0,0.0,0.0,714.1823166666667,0.0,0.0,0.0,0.0,2060.7876041039294,1267.251696696522,0.0,0.0,0.0
2025-01-27,125,2025-01-27 20:50:00,2025-01-27 20:40:00,720.7088333333332,0.0,2025-01-27T20:50:00,2025-01-27 00:00:00,1.2226,734.2830345613285,0.0,734.2830345613285,0.0,0.0,1200.0,1200.0,0.0,0.0,13.574201227995218,0.0,0.0,0.0,0.0,0.0,1267.251696696522,1279.4684778017177,897.7344380546801,0.0,897.7344380546801
2025-01-27,126,2025-01-27 21:00:00,2025-01-27 20:50:00,722.27,0.0,2025-01-27T21:00:00,2025-01-27 00:00:00,0.9332,732.8219992407384,0.0,732.8219992407384,0.0,0.0,1200.0,1200.0,0.0,0.0,10.551999240738382,0.0,0.0,0.0,0.0,0.0,1279.4684778017177,1288.9652771183821,683.869489691457,0.0,683.869489691457
2025-01-27,127,2025-01-27 21:10:00,2025-01-27 21:00:00,737.5014666666666,0.0,2025-01-27T21:10:00,2025-01-27 00:00:00,0.9068,737.1014796730818,0.0,737.1014796730818,0.0,0.0,1200.0,1200.0,0.0,0.0,0.0,0.3999869935847755,0.0,0.0,0.0,0.0,1288.9652771183821,1288.52084712551,668.4036217675506,0.0,668.4036217675506
2025-01-27,128,2025-01-27 21:20:00,2025-01-27 21:10:00,746.1933333333333,0.0,2025-01-27T21:20:00,2025-01-27 00:00:00,0.9371,732.4070108209258,0.0,732.4070108209258,0.0,0.0,1200.0,1200.0,0.0,0.0,0.0,13.786322512407423,0.0,0.0,0.0,0.0,1288.52084712551,1273.202711000613,686.3386098402897,0.0,686.3386098402897
2025-01-27,129,2025-01-27 21:30:00,2025-01-27 21:20:00,755.82,0.0,2025-01-27T21:30:00,2025-01-27 00:00:00,0.9371,737.2849207029697,0.0,737.2849207029697,0.0,0.0,1200.0,1200.0,0.0,0.0,0.0,18.535079297030393,0.0,0.0,0.0,0.0,1273.202711000613,1252.608178448357,690.9096991907529,0.0,690.9096991907529
2025-01-27,130,2025-01-27 21:40:00,2025-01-27 21:30:00,778.4101333333333,0.0,2025-01-27T21:40:00,2025-01-27 00:00:00,0.9871,767.3799309872433,0.0,767.3799309872433,0.0,-0.0,1200.0,1200.0,0.0,0.0,0.0,11.03020234609005,0.0,0.0,0.0,0.0,1252.608178448357,1240.3523980638124,757.4807298775078,0.0,757.4807298775078
2025-01-27,131,2025-01-27 21:50:00,2025-01-27 21:40:00,701.5676666666667,0.0,2025-01-27T21:50:00,2025-01-27 00:00:00,0.7764,692.3465765694713,0.0,692.3465765694713,0.0,-0.0,1200.0,1200.0,0.0,0.0,0.0,9.221090097195429,0.0,0.0,0.0,0.0,1240.3523980638124,1230.106742400262,537.5378820485374,0.0,537.5378820485374
2025-01-27,132,2025-01-27 22:00:00,2025-01-27 21:50:00,575.5966666666667,0.0,2025-01-27T22:00:00,2025-01-27 00:00:00,0.4209,556.7352336599829,0.0,1390.0685669933162,833.3333333333333,0.0,1200.0,1950.0,0.0,1.0,814.4719003266495,0.0,0.0,0.0,0.0,0.0,1230.106742400262,1963.1314526942465,585.0798598474868,0.0,585.0798598474868
2025-01-27,133,2025-01-27 22:10:00,2025-01-27 22:00:00,573.8971333333333,0.0,2025-01-27T22:10:00,2025-01-27 00:00:00,0.3859,547.4354884428922,0.0,1380.7688217762254,833.3333333333333,0.0,1950.0,2700.0,0.0,1.0,806.8716884428922,0.0,0.0,0.0,0.0,0.0,1963.1314526942465,2689.3159722928494,532.8386883234455,0.0,532.8386883234455
2025-01-27,134,2025-01-27 22:20:00,2025-01-27 22:10:00,590.92855,0.0,2025-01-27T22:20:00,2025-01-27 00:00:00,0.4368,577.5200000101572,0.0,577.5200000101572,0.0,0.0,2700.0,2700.0,0.0,0.0,0.0,13.408549989842754,0.0,0.0,0.0,0.0,2689.3159722928494,2674.4175834152466,252.2607360044367,0.0,252.2607360044367
2025-01-27,135,2025-01-27 22:30:00,2025-01-27 22:20:00,575.82,0.0,2025-01-27T22:30:00,2025-01-27 00:00:00,0.4198,579.795956779399,0.0,1413.1292901127322,833.3333333333331,0.0,2700.0,3450.0,0.0,0.9999999999999999,833.3333333333334,0.0,0.0,3.975956779398757,3.975956779398757,0.0,2674.4175834152466,3424.4175834152466,593.231675989325,0.0,593.231675989325
2025-01-27,136,2025-01-27 22:40:00,2025-01-27 22:30:00,581.4008833333334,0.0,2025-01-27T22:40:00,2025-01-27 00:00:00,0.4186,572.3715359077306,0.0,1405.704869241064,833.3333333333333,0.0,3450.0,4200.0,0.0,1.0,824.3039859077306,0.0,0.0,0.0,0.0,0.0,3424.4175834152466,4166.291170732204,588.4280582643095,0.0,588.4280582643095
2025-01-27,137,2025-01-27 22:50:00,2025-01-27 22:40:00,572.0588166666666,0.0,2025-01-27T22:50:00,2025-01-27 00:00:00,0.4241,553.695126106321,0.0,553.695126106321,0.0,0.0,4200.0,4200.0,0.0,-0.0,0.0,18.363690560345617,0.0,0.0,0.0,0.0,4166.291170732204,4145.8870701095975,234.82210298169073,0.0,234.82210298169073
2025-01-27,138,2025-01-27 23:00:00,2025-01-27 22:50:00,554.9516666666667,0.0,2025-01-27T23:00:00,2025-01-27 00:00:00,0.4237,543.6213795263026,0.0,1376.954712859636,833.3333333333333,0.0,4200.0,4950.0,0.0,1.0,822.0030461929692,0.0,0.0,0.0,0.0,0.0,4145.8870701095975,4885.68981168327,583.4157118386278,0.0,583.4157118386278
2025-01-27,139,2025-01-27 23:10:00,2025-01-27 23:00:00,580.0948166666667,0.0,2025-01-27T23:10:00,2025-01-27 00:00:00,0.4248,570.0801645775857,0.0,570.0801645775857,0.0,0.0,4950.0,4950.0,0.0,0.0,0.0,10.014652089080982,0.0,0.0,0.0,0.0,4885.68981168327,4874.56242047318,242.17005391255842,0.0,242.17005391255842
2025-01-27,140,2025-01-27 23:20:00,2025-01-27 23:10:00,606.0341166666666,0.0,2025-01-27T23:20:00,2025-01-27 00:00:00,0.424,586.486769966249,0.0,598.8231037724332,12.33633380618425,0.0,4950.0,4961.102700425566,0.0,0.9999999999999999,0.0,7.211012894233363,0.0,0.0,0.0,0.0,4874.56242047318,4866.550183924032,253.90099599951168,0.0,253.90099599951168
2025-01-27,141,2025-01-27 23:30:00,2025-01-27 23:20:00,617.445,0.0,2025-01-27T23:30:00,2025-01-27 00:00:00,0.422,583.0244374647676,0.0,1416.3577707981008,833.3333333333331,0.0,4961.102700425566,5711.102700425566,0.0,0.9999999999999999,798.9127707981007,0.0,0.0,0.0,0.0,0.0,4866.550183924032,5585.571677642323,597.7029792767985,0.0,597.7029792767985
2025-01-27,142,2025-01-27 23:40:00,2025-01-27 23:30:00,632.4230833333334,0.0,2025-01-27T23:40:00,2025-01-27 00:00:00,0.424,594.7483111913208,0.0,1428.0816445246542,833.3333333333333,0.0,5711.102700425566,6461.102700425566,0.0,1.0,795.6585611913208,0.0,0.0,0.0,0.0,0.0,5585.571677642323,6301.664382714512,605.5066172784534,0.0,605.5066172784534
2025-01-27,143,2025-01-27 23:50:00,2025-01-27 23:40:00,607.8704,0.0,2025-01-27T23:50:00,2025-01-27 00:00:00,0.4271,613.3864403974806,0.0,613.3864403974806,0.0,0.0,6461.102700425566,6461.102700425566,0.0,0.0,5.516040397480538,0.0,0.0,0.0,0.0,0.0,6301.664382714512,6306.628819072244,261.97734869376393,0.0,261.97734869376393
2025-01-27,144,2025-01-28 00:00:00,2025-01-27 23:50:00,576.445,0.0,2025-01-28T00:00:00,2025-01-27 00:00:00,0.4276,618.5816199388291,0.0,618.5816199388291,0.0,0.0,6461.102700425566,6461.102700425566,0.0,0.0,42.136619938829085,0.0,0.0,0.0,0.0,0.0,6306.628819072244,6344.551777017191,264.50550068584334,0.0,264.50550068584334
2025-01-28,1,2025-01-28 00:10:00,2025-01-28 00:00:00,615.9668,0.0,2025-01-28T00:10:00,2025-01-28 00:00:00,0.4248,599.4786600399034,0.0,1432.8119933732366,833.3333333333333,0.0,6344.551777017191,7094.551777017191,0.0,1.0,816.8451933732366,0.0,0.0,0.0,0.0,0.0,6344.551777017191,7079.712451053104,608.6585347849509,0.0,608.6585347849509
2025-01-28,2,2025-01-28 00:20:00,2025-01-28 00:10:00,624.3405666666666,0.0,2025-01-28T00:20:00,2025-01-28 00:00:00,0.4245,604.0167114650349,0.0,1437.3500447983681,833.3333333333333,0.0,7094.551777017191,7844.55177701719,0.0,1.0,813.0094781317015,0.0,0.0,0.0,0.0,0.0,7079.712451053104,7811.420981371635,610.1550940169072,0.0,610.1550940169072
2025-01-28,3,2025-01-28 00:30:00,2025-01-28 00:20:00,586.3566666666667,0.0,2025-01-28T00:30:00,2025-01-28 00:00:00,0.4269,620.2807318752192,0.0,1453.6140652085523,833.3333333333333,0.0,7844.55177701719,8594.55177701719,0.0,1.0,833.3333333333334,0.0,0.0,33.92406520855229,33.92406520855229,0.0,7811.420981371635,8561.420981371635,620.547844437531,0.0,620.547844437531
2025-01-28,4,2025-01-28 00:40:00,2025-01-28 00:30:00,592.1088833333333,0.0,2025-01-28T00:40:00,2025-01-28 00:00:00,0.4272,601.1256330768723,0.0,1384.9569919466612,783.8313588697888,0.0,8594.55177701719,9300.0,0.0,1.0,792.8481086133279,0.0,0.0,0.0,0.0,0.0,8561.420981371635,9274.98427912363,591.6536269596137,0.0,591.6536269596137
2025-01-28,5,2025-01-28 00:50:00,2025-01-28 00:40:00,622.3701666666667,0.0,2025-01-28T00:50:00,2025-01-28 00:00:00,0.4271,595.9564888592728,0.0,1429.2898221926062,833.3333333333333,0.0,9300.0,10050.0,0.0,1.0,806.9196555259394,0.0,0.0,0.0,0.0,0.0,9274.98427912363,10001.211969096976,610.449683058462,0.0,610.449683058462
2025-01-28,6,2025-01-28 01:00:00,2025-01-28 00:50:00,650.7316666666667,0.0,2025-01-28T01:00:00,2025-01-28 00:00:00,0.4285,610.1030753103807,0.0,610.1030753103807,0.0,0.0,10050.0,10050.0,0.0,0.0,0.0,40.62859135628594,0.0,0.0,0.0,0.0,10001.211969096976,9956.069089812214,261.42916777049817,0.0,261.42916777049817
2025-01-28,7,2025-01-28 01:10:00,2025-01-28 01:00:00,670.9591833333333,0.0,2025-01-28T01:10:00,2025-01-28 00:00:00,0.4311,603.8738656543446,0.0,603.8738656543446,0.0,0.0,10050.0,10050.0,0.0,0.0,0.0,67.08531767898864,0.0,0.0,0.0,0.0,9956.069089812214,9881.529847946671,260.330023483588,0.0,260.330023483588
2025-01-28,8,2025-01-28 01:20:00,2025-01-28 01:10:00,671.6891666666667,0.0,2025-01-28T01:20:00,2025-01-28 00:00:00,0.4302,629.163156353357,0.0,629.163156353357,0.0,0.0,10050.0,10050.0,0.0,0.0,0.0,42.52601031330971,0.0,0.0,0.0,0.0,9881.529847946671,9834.278725376327,270.6659898632142,0.0,270.6659898632142
2025-01-28,9,2025-01-28 01:30:00,2025-01-28 01:20:00,653.8249999999999,0.0,2025-01-28T01:30:00,2025-01-28 00:00:00,0.4279,671.4892385410565,0.0,671.4892385410565,0.0,0.0,10050.0,10050.0,0.0,-0.0,17.664238541056534,0.0,0.0,0.0,0.0,0.0,9834.278725376327,9850.176540063278,287.33024517171805,0.0,287.33024517171805
2025-01-28,10,2025-01-28 01:40:00,2025-01-28 01:30:00,637.4048166666666,0.0,2025-01-28T01:40:00,2025-01-28 00:00:00,0.4312,656.5005334846579,0.0,656.5005334846579,0.0,0.0,10050.0,10050.0,0.0,0.0,19.095716817991274,0.0,0.0,0.0,0.0,0.0,9850.176540063278,9867.36268519947,283.0830300385845,0.0,283.0830300385845
2025-01-28,11,2025-01-28 01:50:00,2025-01-28 01:40:00,660.1808666666667,0.0,2025-01-28T01:50:00,2025-01-28 00:00:00,0.4333,628.854756934853,0.0,628.854756934853,0.0,0.0,10050.0,10050.0,0.0,0.0,0.0,31.326109731813744,0.0,0.0,0.0,0.0,9867.36268519947,9832.555896608566,272.4827661798718,0.0,272.4827661798718
2025-01-28,12,2025-01-28 02:00:00,2025-01-28 01:50:00,680.5116666666667,0.0,2025-01-28T02:00:00,2025-01-28 00:00:00,0.4311,626.8637381113252,0.0,626.8637381113252,0.0,0.0,10050.0,10050.0,0.0,0.0,0.0,53.64792855534142,0.0,0.0,0.0,0.0,9832.555896608566,9772.947087102631,270.2409574997923,0.0,270.2409574997923
2025-01-28,13,2025-01-28 02:10:00,2025-01-28 02:00:00,625.2820166666667,0.0,2025-01-28T02:10:00,2025-01-28 00:00:00,0.4293,645.8951950256644,0.0,645.8951950256644,0.0,0.0,10050.0,10050.0,0.0,0.0,20.613178358997743,0.0,0.0,0.0,0.0,0.0,9772.947087102631,9791.498947625729,277.28280722451774,0.0,277.28280722451774
2025-01-28,14,2025-01-28 02:20:00,2025-01-28 02:10:00,622.5362,0.0,2025-01-28T02:20:00,2025-01-28 00:00:00,0.4324,658.9930570121041,0.0,658.9930570121041,0.0,0.0,10050.0,10050.0,0.0,0.0,36.45685701210414,0.0,0.0,0.0,0.0,0.0,9791.498947625729,9824.310118936623,284.94859785203386,0.0,284.94859785203386
2025-01-28,15,2025-01-28 02:30:00,2025-01-28 02:20:00,677.9783333333334,0.0,2025-01-28T02:30:00,2025-01-28 00:00:00,0.4367,659.1072954531444,0.0,659.1072954531444,0.0,0.0,10050.0,10050.0,0.0,0.0,0.0,18.871037880188965,0.0,0.0,0.0,0.0,9824.310118936623,9803.342299069745,287.83215592438813,0.0,287.83215592438813
2025-01-28,16,2025-01-28 02:40:00,2025-01-28 02:30:00,672.3389,0.0,2025-01-28T02:40:00,2025-01-28 00:00:00,0.4348,659.1193825118461,0.0,659.1193825118461,0.0,0.0,10050.0,10050.0,0.0,0.0,0.0,13.219517488153883,0.0,0.0,0.0,0.0,9803.342299069745,9788.65394630513,286.5851075161507,0.0,286.5851075161507
2025-01-28,17,2025-01-28 02:50:00,2025-01-28 02:40:00,675.8074166666667,0.0,2025-01-28T02:50:00,2025-01-28 00:00:00,0.4335,651.9931697724792,0.0,651.9931697724792,0.0,0.0,10050.0,10050.0,0.0,0.0,0.0,23.814246894187477,0.0,0.0,0.0,0.0,9788.65394630513,9762.193671978255,282.63903909636974,0.0,282.63903909636974
2025-01-28,18,2025-01-28 03:00:00,2025-01-28 02:50:00,697.6233333333333,0.0,2025-01-28T03:00:00,2025-01-28 00:00:00,0.4357,640.783603150163,0.0,640.783603150163,0.0,0.0,10050.0,10050.0,0.0,0.0,0.0,56.83973018317033,0.0,0.0,0.0,0.0,9762.193671978255,9699.038416219177,279.18941589252603,0.0,279.18941589252603
2025-01-28,19,2025-01-28 03:10:00,2025-01-28 03:00:00,672.5245666666666,0.0,2025-01-28T03:10:00,2025-01-28 00:00:00,0.4374,643.6380632923591,0.0,643.6380632923591,0.0,0.0,10050.0,10050.0,0.0,0.0,0.0,28.886503374307495,0.0,0.0,0.0,0.0,9699.038416219177,9666.942301358835,281.5272888840779,0.0,281.5272888840779
2025-01-28,20,2025-01-28 03:20:00,2025-01-28 03:10:00,673.5268666666667,0.0,2025-01-28T03:20:00,2025-01-28 00:00:00,0.4371,675.4987191524514,0.0,675.4987191524514,0.0,0.0,10050.0,10050.0,0.0,0.0,1.971852485784666,0.0,0.0,0.0,0.0,0.0,9666.942301358835,9668.716968596042,295.2604901415365,0.0,295.2604901415365
2025-01-28,21,2025-01-28 03:30:00,2025-01-28 03:20:00,704.695,0.0,2025-01-28T03:30:00,2025-01-28 00:00:00,0.4356,700.5006333736906,0.0,700.5006333736906,0.0,0.0,10050.0,10050.0,0.0,0.0,0.0,4.194366626309488,0.0,0.0,0.0,0.0,9668.716968596042,9664.056561233476,305.1380758975796,0.0,305.1380758975796
2025-01-28,22,2025-01-28 03:40:00,2025-01-28 03:30:00,691.7613500000001,0.0,2025-01-28T03:40:00,2025-01-28 00:00:00,0.4353,669.6799176821667,0.0,669.6799176821667,0.0,0.0,10050.0,10050.0,0.0,0.0,0.0,22.081432317833446,0.0,0.0,0.0,0.0,9664.056561233476,9639.521636435884,291.51166816704716,0.0,291.51166816704716
2025-01-28,23,2025-01-28 03:50:00,2025-01-28 03:40:00,665.06505,0.0,2025-01-28T03:50:00,2025-01-28 00:00:00,0.436,675.6244378781164,0.0,675.6244378781164,0.0,0.0,10050.0,10050.0,0.0,0.0,10.559387878116354,0.0,0.0,0.0,0.0,0.0,9639.521636435884,9649.02508552619,294.5722549148588,0.0,294.5722549148588
2025-01-28,24,2025-01-28 04:00:00,2025-01-28 03:50:00,659.7116666666667,0.0,2025-01-28T04:00:00,2025-01-28 00:00:00,0.4378,723.985148821514,0.0,723.985148821514,0.0,0.0,10050.0,10050.0,0.0,0.0,64.27348215484733,0.0,0.0,0.0,0.0,0.0,9649.02508552619,9706.871219465553,316.96069815405883,0.0,316.96069815405883
2025-01-28,25,2025-01-28 04:10:00,2025-01-28 04:00:00,683.0139333333333,0.0,2025-01-28T04:10:00,2025-01-28 00:00:00,0.4401,727.946041756649,0.0,727.946041756649,0.0,0.0,10050.0,10050.0,0.0,0.0,44.93210842331575,0.0,0.0,0.0,0.0,0.0,9706.871219465553,9747.310117046536,320.36905297710126,0.0,320.36905297710126
2025-01-28,26,2025-01-28 04:20:00,2025-01-28 04:10:00,720.7118666666667,0.0,2025-01-28T04:20:00,2025-01-28 00:00:00,0.4389,719.8339309261418,0.0,719.8339309261418,0.0,0.0,10050.0,10050.0,0.0,0.0,0.0,0.8779357405248902,0.0,0.0,0.0,0.0,9747.310117046536,9746.334632890397,315.93511228348365,0.0,315.93511228348365
2025-01-28,27,2025-01-28 04:30:00,2025-01-28 04:20:00,740.9816666666667,0.0,2025-01-28T04:30:00,2025-01-28 00:00:00,0.4364,706.7157601770086,0.0,706.7157601770086,0.0,0.0,10050.0,10050.0,0.0,0.0,0.0,34.26590648965805,0.0,0.0,0.0,0.0,9746.334632890397,9708.261403457444,308.4107577412466,0.0,308.4107577412466
2025-01-28,28,2025-01-28 04:40:00,2025-01-28 04:30:00,716.5331666666666,0.0,2025-01-28T04:40:00,2025-01-28 00:00:00,0.4393,664.5234395891085,0.0,664.5234395891085,0.0,0.0,10050.0,10050.0,0.0,0.0,0.0,52.00972707755807,0.0,0.0,0.0,0.0,9708.261403457444,9650.472817815713,291.92514701149537,0.0,291.92514701149537
2025-01-28,29,2025-01-28 04:50:00,2025-01-28 04:40:00,686.9379666666667,0.00023333333333333333,2025-01-28T04:50:00,2025-01-28 00:00:00,0.4422,665.851586021308,0.00019999999999999998,665.851386021308,0.0,0.0,10050.0,10050.0,0.0,0.0,0.0,21.086347312025396,0.0,0.0,0.0,0.0,9650.472817815713,9627.043543024574,294.4394828986224,0.0,294.4394828986224
2025-01-28,30,2025-01-28 05:00:00,2025-01-28 04:50:00,687.0933333333334,0.0,2025-01-28T05:00:00,2025-01-28 00:00:00,0.4395,708.4192012465429,0.0,708.4192012465429,0.0,0.0,10050.0,10050.0,0.0,0.0,21.32586791320955,0.0,0.0,0.0,0.0,0.0,9627.043543024574,9646.236824146463,311.3502389478556,0.0,311.3502389478556
2025-01-28,31,2025-01-28 05:10:00,2025-01-28 05:00:00,721.84445,0.0,2025-01-28T05:10:00,2025-01-28 00:00:00,0.4333,718.5240106725122,0.0,718.5240106725122,0.0,0.0,10050.0,10050.0,0.0,0.0,0.0,3.320439327487861,0.0,0.0,0.0,0.0,9646.236824146463,9642.547447115921,311.33645382439954,0.0,311.33645382439954
2025-01-28,32,2025-01-28 05:20:00,2025-01-28 05:10:00,761.2181833333334,0.0032333333333333333,2025-01-28T05:20:00,2025-01-28 00:00:00,0.4439,732.1267660661051,0.0028333333333333335,732.1239327327718,0.0,0.0,10050.0,10050.0,0.0,0.0,0.0,29.091017267228267,0.0,0.0,0.0,0.0,9642.547447115921,9610.224094596779,324.9898137400774,0.0,324.9898137400774
2025-01-28,33,2025-01-28 05:30:00,2025-01-28 05:20:00,750.5066666666667,0.0,2025-01-28T05:30:00,2025-01-28 00:00:00,0.4301,738.7165677081365,0.0,738.7165677081365,0.0,0.0,10050.0,10050.0,0.0,0.0,0.0,11.790098958530166,0.0,0.0,0.0,0.0,9610.224094596779,9597.123984642856,317.7219957712695,0.0,317.7219957712695
2025-01-28,34,2025-01-28 05:40:00,2025-01-28 05:30:00,673.6523666666667,0.0,2025-01-28T05:40:00,2025-01-28 00:00:00,0.3713,704.8788925297027,0.0,1538.212225863036,833.3333333333333,0.0,10050.0,10800.0,0.0,1.0,833.3333333333334,0.0,0.0,31.226525863036045,31.226525863036045,0.0,9597.123984642856,10347.123984642856,571.1381994629453,0.0,571.1381994629453
2025-01-28,35,2025-01-28 05:50:00,2025-01-28 05:40:00,722.7338666666666,0.04493333333333333,2025-01-28T05:50:00,2025-01-28 00:00:00,0.5708,793.3509758249821,0.03953333333333333,793.3114424916488,0.0,-0.0,10800.0,10800.0,0.0,0.0,70.62250915831555,0.0,0.0,0.0,0.0,0.0,10347.123984642856,10410.68424288534,452.8221713742331,0.0,452.8221713742331
2025-01-28,36,2025-01-28 06:00:00,2025-01-28 05:50:00,879.6766666666667,0.0,2025-01-28T06:00:00,2025-01-28 00:00:00,0.9099,940.0014438009028,0.0,149.2407834089139,0.0,790.760660391989,10800.0,9921.377044008901,0.0,0.0,0.0,730.4358832577528,0.0,0.0,0.0,0.0,10410.68424288534,9599.088817043392,135.79418882377075,0.0,135.79418882377075
2025-01-28,37,2025-01-28 06:10:00,2025-01-28 06:00:00,927.1957833333332,0.0,2025-01-28T06:10:00,2025-01-28 00:00:00,0.9368,907.7500937430073,0.0,74.416760409674,0.0,833.3333333333333,9921.377044008901,8995.451118082976,0.0,0.0,0.0,833.3333333333334,19.445689590325856,0.0,0.0,0.0,9599.088817043392,8673.162891117467,69.7136211517826,91.08361004108632,160.79723119286894
2025-01-28,38,2025-01-28 06:20:00,2025-01-28 06:10:00,899.72825,0.6259,2025-01-28T06:20:00,2025-01-28 00:00:00,0.8758,866.450453917852,0.5506,865.8998539178519,0.0,0.0,8995.451118082976,8995.451118082976,0.0,0.0,0.0,33.20249608214806,0.0,0.0,0.0,0.0,8673.162891117467,8636.27122880397,758.3550920612547,0.0,758.3550920612547
2025-01-28,39,2025-01-28 06:30:00,2025-01-28 06:20:00,877.065,0.0,2025-01-28T06:30:00,2025-01-28 00:00:00,0.8759,904.336730192993,0.0,904.336730192993,0.0,0.0,8995.451118082976,8995.451118082976,0.0,0.0,27.27173019299289,0.0,0.0,0.0,0.0,0.0,8636.27122880397,8660.815785977662,792.1085419760425,0.0,792.1085419760425
2025-01-28,40,2025-01-28 06:40:00,2025-01-28 06:30:00,895.5289666666666,0.0,2025-01-28T06:40:00,2025-01-28 00:00:00,0.8601,938.5639711404616,0.0,938.5639711404616,0.0,0.0,8995.451118082976,8995.451118082976,0.0,0.0,43.03500447379497,0.0,0.0,0.0,0.0,0.0,8660.815785977662,8699.547290004077,807.258871577911,0.0,807.258871577911
2025-01-28,41,2025-01-28 06:50:00,2025-01-28 06:40:00,902.53075,10.444016666666666,2025-01-28T06:50:00,2025-01-28 00:00:00,0.8442,947.4591969737887,9.198933333333335,938.2602636404554,0.0,0.0,8995.451118082976,8995.451118082976,0.0,0.0,46.173530307122064,0.0,0.0,0.0,0.0,0.0,8699.547290004077,8741.103467280487,792.0793145652724,0.0,792.0793145652724
2025-01-28,42,2025-01-28 07:00:00,2025-01-28 06:50:00,894.465,46.612500000000004,2025-01-28T07:00:00,2025-01-28 00:00:00,0.8334,924.7195681399403,41.3125,883.4070681399403,0.0,0.0,8995.451118082976,8995.451118082976,0.0,0.0,35.554568139940216,0.0,0.0,0.0,0.0,0.0,8741.103467280487,8773.102578606433,736.2314505878263,0.0,736.2314505878263
2025-01-28,43,2025-01-28 07:10:00,2025-01-28 07:00:00,917.9142333333333,91.05526666666667,2025-01-28T07:10:00,2025-01-28 00:00:00,0.8092,879.9226779945881,82.02941666666666,797.8932613279214,0.0,0.0,8995.451118082976,8995.451118082976,0.0,0.0,0.0,28.965705338745238,0.0,0.0,0.0,0.0,8773.102578606433,8740.918461563382,645.6552270665541,0.0,645.6552270665541
2025-01-28,44,2025-01-28 07:20:00,2025-01-28 07:10:00,936.9564,136.84535,2025-01-28T07:20:00,2025-01-28 00:00:00,0.7972,888.6601879498792,128.03601666666665,760.6241712832125,0.0,0.0,8995.451118082976,8995.451118082976,0.0,0.0,0.0,39.48687871678749,0.0,0.0,0.0,0.0,8740.918461563382,8697.044151878063,606.369589346977,0.0,606.369589346977
2025-01-28,45,2025-01-28 07:30:00,2025-01-28 07:20:00,910.04,183.5625,2025-01-28T07:30:00,2025-01-28 00:00:00,0.7644,920.3846531221877,175.66875000000002,744.7159031221877,0.0,0.0,8995.451118082976,8995.451118082976,0.0,0.0,18.23840312218772,0.0,0.0,0.0,0.0,0.0,8697.044151878063,8713.458714688031,569.2608363466003,0.0,569.2608363466003
2025-01-28,46,2025-01-28 07:40:00,2025-01-28 07:30:00,862.3122333333334,232.75588333333334,2025-01-28T07:40:00,2025-01-28 00:00:00,0.6899,894.6248181530248,221.50793333333334,1506.4502181530247,833.3333333333333,0.0,8995.451118082976,9745.451118082976,0.0,1.0,833.3333333333334,0.0,0.0,43.560534819691156,43.560534819691156,0.0,8713.458714688031,9463.458714688031,1039.3000055037717,0.0,1039.3000055037717
2025-01-28,47,2025-01-28 07:50:00,2025-01-28 07:40:00,1006.6301833333333,276.30001666666664,2025-01-28T07:50:00,2025-01-28 00:00:00,0.86,1007.7128105943883,272.78363333333334,734.929177261055,0.0,0.0,9745.451118082976,9745.451118082976,0.0,0.0,4.599010594388233,0.0,0.0,0.0,0.0,0.0,9463.458714688031,9467.597824222981,632.0390924445072,0.0,632.0390924445072
2025-01-28,48,2025-01-28 08:00:00,2025-01-28 07:50:00,1239.1000000000001,314.80625000000003,2025-01-28T08:00:00,2025-01-28 00:00:00,1.1617,1204.420595621155,328.58750000000003,42.49976228782157,0.0,833.3333333333333,9745.451118082976,8819.52519215705,0.0,0.0,0.0,833.3333333333334,48.460654378845106,0.0,0.0,0.0,9467.597824222981,8541.671898297056,49.37197384976231,281.4837109595218,330.85568480928407
2025-01-28,49,2025-01-28 08:10:00,2025-01-28 08:00:00,1224.0186833333335,359.42975,2025-01-28T08:10:00,2025-01-28 00:00:00,1.1683,1212.2662414496724,379.8080166666667,0.0,0.0,832.4582247830058,8819.52519215705,7894.571609064822,0.0,0.0,0.0,833.3333333333334,31.255600000000072,0.0,0.0,0.0,8541.671898297056,7615.74597237113,0.0,182.5795874000004,182.5795874000004
2025-01-28,50,2025-01-28 08:20:00,2025-01-28 08:10:00,1145.11165,417.74438333333336,2025-01-28T08:20:00,2025-01-28 00:00:00,1.0956,1171.6567293974545,427.94166666666666,0.0,0.0,743.7150627307878,7894.571609064822,7068.221539363946,0.0,0.0,0.0,727.3672666666666,0.0,0.0,0.0,0.0,7615.74597237113,6807.560120519278,0.0,0.0,0.0
2025-01-28,51,2025-01-28 08:30:00,2025-01-28 08:20:00,1152.6299999999999,475.01875,2025-01-28T08:30:00,2025-01-28 00:00:00,1.0849,1181.1623907367434,479.66875,0.0,0.0,701.4936407367434,7068.221539363946,6288.784160767565,0.0,0.0,0.0,677.6112499999999,0.0,0.0,0.0,0.0,6807.560120519278,6054.658731630389,0.0,0.0,0.0
2025-01-28,52,2025-01-28 08:40:00,2025-01-28 08:30:00,1211.8266,509.1160333333333,2025-01-28T08:40:00,2025-01-28 00:00:00,1.061,1196.1950972515008,540.3390499999999,0.0,0.0,655.8560472515009,6288.784160767565,5560.055219377008,0.0,0.0,0.0,702.7105666666669,0.0,0.0,0.0,0.0,6054.658731630389,5273.8692131118705,0.0,0.0,0.0
2025-01-28,53,2025-01-28 08:50:00,2025-01-28 08:40:00,1222.6330333333333,551.5137666666667,2025-01-28T08:50:00,2025-01-28 00:00:00,1.043,1195.144419426556,600.4259666666667,0.0,0.0,594.7184527598893,5560.055219377008,4899.256938532687,0.0,0.0,0.0,671.1192666666666,0.0,0.0,0.0,0.0,5273.8692131118705,4528.181139037797,0.0,0.0,0.0
2025-01-28,54,2025-01-28 09:00:00,2025-01-28 08:50:00,1192.6083333333333,603.85,2025-01-28T09:00:00,2025-01-28 00:00:00,1.036,1191.477626789167,648.8562499999999,0.0,0.0,542.6213767891671,4899.256938532687,4296.344297655834,0.0,0.0,0.0,588.7583333333333,0.0,0.0,0.0,0.0,4528.181139037797,3874.005213111871,0.0,0.0,0.0
2025-01-28,55,2025-01-28 09:10:00,2025-01-28 09:00:00,1211.11575,639.5694500000001,2025-01-28T09:10:00,2025-01-28 00:00:00,1.0147,1207.1976796975164,685.4176000000001,0.0,0.0,521.7800796975163,4296.344297655834,3716.588653547483,0.0,0.0,0.0,571.5462999999999,0.0,0.0,0.0,0.0,3874.005213111871,3238.9537686674266,0.0,0.0,0.0
2025-01-28,56,2025-01-28 09:20:00,2025-01-28 09:10:00,1210.81385,690.5957,2025-01-28T09:20:00,2025-01-28 00:00:00,0.9922,1190.9734604161451,742.3545666666668,0.0,0.0,448.6188937494784,3716.588653547483,3218.1232160480627,0.0,0.0,0.0,520.21815,0.0,0.0,0.0,0.0,3238.9537686674266,2660.93360200076,0.0,0.0,0.0
2025-01-28,57,2025-01-28 09:30:00,2025-01-28 09:20:00,1187.4633333333334,743.5375,2025-01-28T09:30:00,2025-01-28 00:00:00,0.97,1148.4748452862357,810.15,0.0,0.0,338.3248452862357,3218.1232160480627,2842.2067212855786,0.0,0.0,0.0,443.92583333333334,0.0,0.0,0.0,0.0,2660.93360200076,2167.682676074834,0.0,0.0,0.0
2025-01-28,58,2025-01-28 09:40:00,2025-01-28 09:30:00,1207.7103166666668,753.6379000000001,2025-01-28T09:40:00,2025-01-28 00:00:00,0.9422,1145.9245018560086,848.8315833333332,0.0,0.0,297.0929185226754,2842.2067212855786,2512.103478482606,0.0,0.0,0.0,454.07241666666675,0.0,0.0,0.0,0.0,2167.682676074834,1663.1577686674266,0.0,0.0,0.0
2025-01-28,59,2025-01-28 09:50:00,2025-01-28 09:40:00,1210.8464833333335,788.4135666666666,2025-01-28T09:50:00,2025-01-28 00:00:00,0.9569,1187.6041275511295,893.5954833333334,0.0,0.0,294.00864421779613,2512.103478482606,2185.4272071294995,0.0,0.0,0.0,416.84199180068396,5.590924865982913,0.0,0.0,0.0,1663.1577686674266,1200.0,0.0,26.749780021295244,26.749780021295244
2025-01-28,60,2025-01-28 10:00:00,2025-01-28 09:50:00,1184.7433333333333,855.0875,2025-01-28T10:00:00,2025-01-28 00:00:00,0.9977,1225.1573348754728,943.975,0.0,0.0,281.18233487547275,2185.4272071294995,1873.0023906011966,0.0,0.0,0.0,0.0,329.65583333333336,0.0,0.0,0.0,1200.0,1200.0,0.0,1644.4881245833335,1644.4881245833335
2025-01-28,61,2025-01-28 10:10:00,2025-01-28 10:00:00,1182.3901666666668,891.4300333333334,2025-01-28T10:10:00,2025-01-28 00:00:00,0.9919,1202.6544921974169,967.4184,0.0,0.0,235.23609219741684,1873.0023906011966,1611.628954826289,0.0,0.0,0.0,0.0,290.9601333333334,0.0,0.0,0.0,1200.0,1200.0,0.0,1443.0167812666668,1443.0167812666668
2025-01-28,62,2025-01-28 10:20:00,2025-01-28 10:10:00,1191.5702666666666,912.6713666666666,2025-01-28T10:20:00,2025-01-28 00:00:00,0.9588,1176.3720074769658,1018.4760500000001,0.0,0.0,157.8959574769657,1611.628954826289,1436.1890020741048,0.0,0.0,0.0,0.0,278.8989,0.0,0.0,0.0,1200.0,1200.0,0.0,1337.0413266,1337.0413266
2025-01-28,63,2025-01-28 10:30:00,2025-01-28 10:20:00,1195.4083333333333,935.4187499999999,2025-01-28T10:30:00,2025-01-28 00:00:00,0.9549,1167.6148081110382,1070.1312500000001,0.0,0.0,97.48355811103806,1436.1890020741048,1327.8739375062846,0.0,0.0,0.0,0.0,259.98958333333337,0.0,0.0,0.0,1200.0,1200.0,0.0,1241.320265625,1241.320265625
2025-01-28,64,2025-01-28 10:40:00,2025-01-28 10:30:00,1190.0015666666666,962.1123333333334,2025-01-28T10:40:00,2025-01-28 00:00:00,0.9839,1149.4535270889894,1034.3669833333333,0.0,0.0,115.08654375565607,1327.8739375062846,1200.0,0.0,0.0,0.0,0.0,227.8892333333332,0.0,0.0,0.0,1200.0,1200.0,0.0,1121.1010833833327,1121.1010833833327
2025-01-28,65,2025-01-28 10:50:00,2025-01-28 10:40:00,1173.9196333333332,1012.2626333333333,2025-01-28T10:50:00,2025-01-28 00:00:00,0.799,1153.1658876670756,991.63445,161.53143766707558,0.0,0.0,1200.0,1200.0,0.0,0.0,0.0,0.0,0.12556233292434626,0.0,0.0,0.0,1200.0,1200.0,129.0636186959934,0.5016215200327634,129.56524021602615
2025-01-28,66,2025-01-28 11:00:00,2025-01-28 10:50:00,1163.0233333333333,1061.48125,2025-01-28T11:00:00,2025-01-28 00:00:00,0.5025,1167.4060201878785,990.15,1010.5893535212118,833.3333333333333,0.0,1200.0,1950.0,0.0,1.0,833.3333333333334,0.0,0.0,75.7139368545453,75.7139368545453,0.0,1200.0,1950.0,507.8211501444089,0.0,507.8211501444089
2025-01-28,67,2025-01-28 11:10:00,2025-01-28 11:00:00,1173.4936166666666,1057.1410166666667,2025-01-28T11:10:00,2025-01-28 00:00:00,0.4662,1146.077509773397,1005.2476,974.1632431067302,833.3333333333333,0.0,1950.0,2700.0,0.0,1.0,833.3333333333334,0.0,0.0,24.477309773396996,24.477309773396996,0.0,1950.0,2700.0,454.15490393635764,0.0,454.15490393635764
2025-01-28,68,2025-01-28 11:20:00,2025-01-28 11:10:00,1159.3981833333335,1026.7665333333332,2025-01-28T11:20:00,2025-01-28 00:00:00,0.5007,1133.0443310823139,1022.8676333333333,943.5100310823138,833.3333333333333,0.0,2700.0,3450.0,0.0,1.0,810.8783810823136,0.0,0.0,0.0,0.0,0.0,2700.0,3429.790542974082,472.4154725629146,0.0,472.4154725629146
2025-01-28,69,2025-01-28 11:30:00,2025-01-28 11:20:00,1146.665,1009.5187500000001,2025-01-28T11:30:00,2025-01-28 00:00:00,0.4827,1137.8006319588924,1036.05,935.0839652922257,833.3333333333333,0.0,3450.0,4200.0,0.0,1.0,797.9377152922257,0.0,0.0,0.0,0.0,0.0,3429.790542974082,4147.9344867370855,451.36503004655737,0.0,451.36503004655737
2025-01-28,70,2025-01-28 11:40:00,2025-01-28 11:30:00,1195.2199666666668,1020.8471833333333,2025-01-28T11:40:00,2025-01-28 00:00:00,0.4785,1121.6286430507287,1047.8580166666668,907.1039597173951,833.3333333333333,0.0,4200.0,4950.0,0.0,1.0,732.7311763840617,0.0,0.0,0.0,0.0,0.0,4147.9344867370855,4807.392545482741,434.04924472477353,0.0,434.04924472477353
2025-01-28,71,2025-01-28 11:50:00,2025-01-28 11:40:00,1160.2305666666666,1019.0319666666666,2025-01-28T11:50:00,2025-01-28 00:00:00,0.4662,1083.6244219538837,1084.7816666666665,832.1760886205504,833.3333333333333,0.0,4950.0,5700.0,0.0,1.0,690.9774886205505,0.0,0.0,0.0,0.0,0.0,4807.392545482741,5429.272285241237,387.96049251490064,0.0,387.96049251490064
2025-01-28,72,2025-01-28 12:00:00,2025-01-28 11:50:00,1061.8233333333333,992.3874999999999,2025-01-28T12:00:00,2025-01-28 00:00:00,0.4432,1048.4026304352724,1129.21875,752.5172137686056,833.3333333333333,0.0,5700.0,6450.0,0.0,1.0,683.0813804352724,0.0,0.0,0.0,0.0,0.0,5429.272285241237,6044.045527632982,333.515629142246,0.0,333.515629142246
2025-01-28,73,2025-01-28 12:10:00,2025-01-28 12:00:00,1070.57945,970.73545,2025-01-28T12:10:00,2025-01-28 00:00:00,0.4411,1044.2262623979898,1128.1218999999999,749.4376957313232,833.3333333333333,0.0,6450.0,7200.0,0.0,1.0,649.5936957313231,0.0,0.0,0.0,0.0,0.0,6044.045527632982,6628.679853791173,330.57696758708664,0.0,330.57696758708664
2025-01-28,74,2025-01-28 12:20:00,2025-01-28 12:10:00,1094.7753500000001,971.7044999999999,2025-01-28T12:20:00,2025-01-28 00:00:00,0.4551,1052.9019279485378,1086.7053333333333,799.5299279485378,833.3333333333333,0.0,7200.0,7950.0,0.0,1.0,676.4590779485377,0.0,0.0,0.0,0.0,0.0,6628.679853791173,7237.493023944857,363.86607020937953,0.0,363.86607020937953
2025-01-28,75,2025-01-28 12:30:00,2025-01-28 12:20:00,1073.0266666666666,979.6125000000001,2025-01-28T12:30:00,2025-01-28 00:00:00,0.4463,1060.0036170165286,1034.5375000000001,858.7994503498617,833.3333333333333,0.0,7950.0,8700.0,0.0,1.0,765.3852836831952,0.0,0.0,0.0,0.0,0.0,7237.493023944857,7926.3397792597325,383.2821946911432,0.0,383.2821946911432
2025-01-28,76,2025-01-28 12:40:00,2025-01-28 12:30:00,1047.8658166666667,962.07335,2025-01-28T12:40:00,2025-01-28 00:00:00,0.4113,1067.0337968690733,998.2098,902.1573302024066,833.3333333333333,0.0,8700.0,9450.0,0.0,1.0,816.3648635357399,0.0,0.0,0.0,0.0,0.0,7926.3397792597325,8661.0681564419,371.0573099122498,0.0,371.0573099122498
2025-01-28,77,2025-01-28 12:50:00,2025-01-28 12:40:00,1079.8558,938.4828666666667,2025-01-28T12:50:00,2025-01-28 00:00:00,0.5682,1076.8181295546249,957.65495,952.4965128879581,833.3333333333333,0.0,9450.0,10200.0,0.0,1.0,811.1235795546247,0.0,0.0,0.0,0.0,0.0,8661.0681564419,9391.079378041062,541.2085186229378,0.0,541.2085186229378
2025-01-28,78,2025-01-28 13:00:00,2025-01-28 12:50:00,1132.1566666666665,929.9375,2025-01-28T13:00:00,2025-01-28 00:00:00,0.8279,1088.0965333257016,931.3562499999999,156.74028332570163,0.0,0.0,10200.0,10200.0,0.0,0.0,0.0,45.47888334096501,0.0,0.0,0.0,0.0,9391.079378041062,9340.54728543999,129.76528056534838,0.0,129.76528056534838
2025-01-28,79,2025-01-28 13:10:00,2025-01-28 13:00:00,1113.4429,937.6247833333333,2025-01-28T13:10:00,2025-01-28 00:00:00,0.8636,1095.9565388633905,957.4716666666667,138.4848721967238,0.0,0.0,10200.0,10200.0,0.0,0.0,0.0,37.33324446994288,0.0,0.0,0.0,0.0,9340.54728543999,9299.06590269561,119.59553562909069,0.0,119.59553562909069
2025-01-28,80,2025-01-28 13:20:00,2025-01-28 13:10:00,1112.5900166666668,930.8951666666667,2025-01-28T13:20:00,2025-01-28 00:00:00,0.8416,1097.5143069406577,956.1175,141.3968069406577,0.0,0.0,10200.0,10200.0,0.0,0.0,0.0,40.29804305934226,0.0,0.0,0.0,0.0,9299.06590269561,9254.290299296339,118.99955272125753,0.0,118.99955272125753
2025-01-28,81,2025-01-28 13:30:00,2025-01-28 13:20:00,1146.8166666666666,905.63125,2025-01-28T13:30:00,2025-01-28 00:00:00,0.8618,1082.607995760047,920.31875,162.28924576004704,0.0,0.0,10200.0,10200.0,0.0,0.0,0.0,78.89617090661955,0.0,0.0,0.0,0.0,9254.290299296339,9166.627887177872,139.86087199600854,0.0,139.86087199600854
2025-01-28,82,2025-01-28 13:40:00,2025-01-28 13:30:00,1142.7135333333333,885.4732666666667,2025-01-28T13:40:00,2025-01-28 00:00:00,0.8623,1049.1781006706801,917.5850666666666,131.59303400401348,0.0,0.0,10200.0,10200.0,0.0,0.0,0.0,125.6472326626531,0.0,0.0,0.0,0.0,9166.627887177872,9027.019850886036,113.47267322166081,0.0,113.47267322166081
2025-01-28,83,2025-01-28 13:50:00,2025-01-28 13:40:00,1132.9846333333332,867.2851666666667,2025-01-28T13:50:00,2025-01-28 00:00:00,0.9026,1055.3446345553014,904.0937666666667,0.0,0.0,151.25086788863462,10200.0,10031.943480123738,0.0,0.0,0.0,265.6994666666666,0.0,0.0,0.0,0.0,9027.019850886036,8731.798221256406,0.0,0.0,0.0
2025-01-28,84,2025-01-28 14:00:00,2025-01-28 13:50:00,1118.2083333333333,832.8874999999999,2025-01-28T14:00:00,2025-01-28 00:00:00,0.9754,1093.4371947591492,866.6062499999999,0.0,0.0,226.83094475914925,10031.943480123738,9779.909097058016,0.0,0.0,0.0,285.3208333333333,0.0,0.0,0.0,0.0,8731.798221256406,8414.775073108258,0.0,0.0,0.0
2025-01-28,85,2025-01-28 14:10:00,2025-01-28 14:00:00,1068.1937666666665,769.0885499999999,2025-01-28T14:10:00,2025-01-28 00:00:00,1.0002,1098.0402409979731,837.0340500000001,0.0,0.0,261.006190997973,9779.909097058016,9489.902218171379,0.0,0.0,0.0,299.1052166666666,0.0,0.0,0.0,0.0,8414.775073108258,8082.435943478628,0.0,0.0,0.0
2025-01-28,86,2025-01-28 14:20:00,2025-01-28 14:10:00,1064.2062333333333,712.9865833333333,2025-01-28T14:20:00,2025-01-28 00:00:00,0.9978,1094.724112880695,791.7592333333333,0.0,0.0,302.96487954736165,9489.902218171379,9153.274574229867,0.0,0.0,0.0,351.21965,0.0,0.0,0.0,0.0,8082.435943478628,7692.1918879230725,0.0,0.0,0.0
2025-01-28,87,2025-01-28 14:30:00,2025-01-28 14:20:00,1096.3500000000001,679.13125,2025-01-28T14:30:00,2025-01-28 00:00:00,1.0271,1093.5824859908803,739.59375,0.0,0.0,353.9887359908803,9153.274574229867,8759.953756462222,0.0,0.0,0.0,417.2187500000001,0.0,0.0,0.0,0.0,7692.1918879230725,7228.615499034184,0.0,0.0,0.0
2025-01-28,88,2025-01-28 14:40:00,2025-01-28 14:30:00,1073.4392333333333,652.3447,2025-01-28T14:40:00,2025-01-28 00:00:00,1.0906,1075.662874780039,715.25185,0.0,0.0,360.41102478003893,8759.953756462222,8359.497062262179,0.0,0.0,0.0,421.0945333333333,0.0,0.0,0.0,0.0,7228.615499034184,6760.732684219369,0.0,0.0,0.0
2025-01-28,89,2025-01-28 14:50:00,2025-01-28 14:40:00,1054.4811833333333,638.1002666666667,2025-01-28T14:50:00,2025-01-28 00:00:00,0.9376,1061.2920079691667,671.8901,0.0,0.0,389.4019079691667,8359.497062262179,7926.828275629771,0.0,0.0,0.0,416.3809166666666,0.0,0.0,0.0,0.0,6760.732684219369,6298.087221256406,0.0,0.0,0.0
2025-01-28,90,2025-01-28 15:00:00,2025-01-28 14:50:00,1060.3983333333333,618.4562500000001,2025-01-28T15:00:00,2025-01-28 00:00:00,0.6694,1058.6332840570194,603.18125,1288.7853673903528,833.3333333333333,0.0,7926.828275629771,8676.82827562977,0.0,1.0,833.3333333333334,0.0,0.0,13.509950723686302,13.509950723686302,0.0,6298.087221256406,7048.087221256406,862.7129249311022,0.0,862.7129249311022
2025-01-28,91,2025-01-28 15:10:00,2025-01-28 15:00:00,1049.1784666666667,564.3004500000001,2025-01-28T15:10:00,2025-01-28 00:00:00,0.66,1058.5420737890356,554.1298666666667,1337.7455404557022,833.3333333333333,0.0,8676.82827562977,9426.82827562977,0.0,1.0,833.3333333333334,0.0,0.0,19.534190455702287,19.534190455702287,0.0,7048.087221256406,7798.087221256406,882.9120567007635,0.0,882.9120567007635
2025-01-28,92,2025-01-28 15:20:00,2025-01-28 15:10:00,1034.8808166666665,515.6283999999999,2025-01-28T15:20:00,2025-01-28 00:00:00,0.7217,1071.1614064816006,528.7180999999999,1375.7766398149338,833.3333333333333,0.0,9426.82827562977,10176.82827562977,0.0,1.0,833.3333333333334,0.0,0.0,23.19088981493394,23.19088981493394,0.0,7798.087221256406,8548.087221256406,992.8980009544377,0.0,992.8980009544377
2025-01-28,93,2025-01-28 15:30:00,2025-01-28 15:20:00,1046.8133333333333,482.96250000000003,2025-01-28T15:30:00,2025-01-28 00:00:00,0.7308,1085.949139474124,504.925,1273.437166552157,692.4130270780329,0.0,10176.82827562977,10800.0,0.0,1.0,709.5863332188237,0.0,0.0,0.0,0.0,0.0,8548.087221256406,9186.714921153347,930.6278813163162,0.0,930.6278813163162
2025-01-28,94,2025-01-28 15:40:00,2025-01-28 15:30:00,1092.9982499999999,439.23498333333333,2025-01-28T15:40:00,2025-01-28 00:00:00,0.7534,1075.2367455970982,456.07213333333334,619.1646122637649,0.0,0.0,10800.0,10800.0,0.0,0.0,0.0,34.59865440290173,0.0,0.0,0.0,0.0,9186.714921153347,9148.27197181679,466.4786188795204,0.0,466.4786188795204
2025-01-28,95,2025-01-28 15:50:00,2025-01-28 15:40:00,1098.4085166666666,394.4647333333333,2025-01-28T15:50:00,2025-01-28 00:00:00,0.7823,1046.119862822493,396.61148333333335,649.5083794891596,0.0,0.0,10800.0,10800.0,0.0,0.0,0.0,54.435403844173834,0.0,0.0,0.0,0.0,9148.27197181679,9087.788189767707,508.1104052743695,0.0,508.1104052743695
2025-01-28,96,2025-01-28 16:00:00,2025-01-28 15:50:00,1049.935,349.66249999999997,2025-01-28T16:00:00,2025-01-28 00:00:00,0.8055,1020.4984111332008,339.39375,681.1046611332008,0.0,0.0,10800.0,10800.0,0.0,0.0,0.0,19.16783886679923,0.0,0.0,0.0,0.0,9087.788189767707,9066.490591026819,548.6298045427933,0.0,548.6298045427933
2025-01-28,97,2025-01-28 16:10:00,2025-01-28 16:00:00,1010.19635,293.11306666666667,2025-01-28T16:10:00,2025-01-28 00:00:00,0.8271,1019.8288083901839,285.1558333333333,734.6729750568506,0.0,0.0,10800.0,10800.0,0.0,0.0,17.589691723517376,0.0,0.0,0.0,0.0,0.0,9066.490591026819,9082.321313577984,607.6480176695211,0.0,607.6480176695211
2025-01-28,98,2025-01-28 16:20:00,2025-01-28 16:10:00,1012.2558333333333,236.83646666666667,2025-01-28T16:20:00,2025-01-28 00:00:00,0.8519,1039.8312087819343,234.33195,805.4992587819343,0.0,0.0,10800.0,10800.0,0.0,0.0,30.079892115267626,0.0,0.0,0.0,0.0,0.0,9082.321313577984,9109.393216481725,686.2048185563298,0.0,686.2048185563298
2025-01-28,99,2025-01-28 16:30:00,2025-01-28 16:20:00,1041.5516666666667,186.49375,2025-01-28T16:30:00,2025-01-28 00:00:00,0.8791,1055.1225316726754,186.375,868.7475316726754,-0.0,0.0,10800.0,10800.0,0.0,0.0,13.689615006008808,0.0,0.0,0.0,0.0,0.0,9109.393216481725,9121.713869987134,763.715955093449,0.0,763.715955093449
2025-01-28,100,2025-01-28 16:40:00,2025-01-28 16:30:00,1053.2739666666666,137.12975,2025-01-28T16:40:00,2025-01-28 00:00:00,0.9024,1039.6272918765685,139.4711,900.1561918765685,0.0,0.0,10800.0,10800.0,0.0,0.0,0.0,15.988024790098052,0.0,0.0,0.0,0.0,9121.713869987134,9103.949397998136,812.3009475494155,0.0,812.3009475494155
2025-01-28,101,2025-01-28 16:50:00,2025-01-28 16:40:00,1039.7179666666666,91.14688333333334,2025-01-28T16:50:00,2025-01-28 00:00:00,0.9163,1021.7494045952106,91.15028333333333,930.5991212618774,0.0,0.0,10800.0,10800.0,0.0,0.0,0.0,17.97196207145589,0.0,0.0,0.0,0.0,9103.949397998136,9083.980551252074,852.7079748122583,0.0,852.7079748122583
2025-01-28,102,2025-01-28 17:00:00,2025-01-28 16:50:00,1020.8083333333334,48.956250000000004,2025-01-28T17:00:00,2025-01-28 00:00:00,0.9264,1017.0303988851821,44.668749999999996,972.361648885182,0.0,0.0,10800.0,10800.0,0.0,0.0,0.5095655518485955,0.0,0.0,0.0,0.0,0.0,9083.980551252074,9084.439160248738,900.7958315272326,0.0,900.7958315272326
2025-01-28,103,2025-01-28 17:10:00,2025-01-28 17:00:00,1022.7475666666666,11.446150000000001,2025-01-28T17:10:00,2025-01-28 00:00:00,0.9462,1015.8552019234775,9.640916666666667,1006.2142852568109,0.0,0.0,10800.0,10800.0,0.0,0.0,0.0,5.087131409855715,0.0,0.0,0.0,0.0,9084.439160248738,9078.786792015564,952.0799567099945,0.0,952.0799567099945
2025-01-28,104,2025-01-28 17:20:00,2025-01-28 17:10:00,1027.26935,0.0,2025-01-28T17:20:00,2025-01-28 00:00:00,0.9742,1015.1066402174412,0.0,1015.1066402174412,0.0,0.0,10800.0,10800.0,0.0,0.0,0.0,12.162709782558863,0.0,0.0,0.0,0.0,9078.786792015564,9065.272670034943,988.9168888998312,0.0,988.9168888998312
2025-01-28,105,2025-01-28 17:30:00,2025-01-28 17:20:00,1052.6433333333332,0.0,2025-01-28T17:30:00,2025-01-28 00:00:00,0.9862,1026.1770216761213,0.0,1026.1770216761213,0.0,0.0,10800.0,10800.0,0.0,0.0,0.0,26.466311657211918,0.0,0.0,0.0,0.0,9065.272670034943,9035.865657082486,1012.0157787769908,0.0,1012.0157787769908
2025-01-28,106,2025-01-28 17:40:00,2025-01-28 17:30:00,1105.77045,0.6916166666666667,2025-01-28T17:40:00,2025-01-28 00:00:00,0.976,1041.1209780617894,0.5734,1040.5475780617894,-0.0,0.0,10800.0,10800.0,0.0,0.0,0.0,64.53125527154384,0.0,0.0,0.0,0.0,9035.865657082486,8964.164262336326,1015.5744361883064,0.0,1015.5744361883064
2025-01-28,107,2025-01-28 17:50:00,2025-01-28 17:40:00,972.2847333333334,0.0,2025-01-28T17:50:00,2025-01-28 00:00:00,1.0742,933.6651837613065,0.0,933.6651837613065,0.0,0.0,10800.0,10800.0,0.0,0.0,0.0,38.619549572026926,0.0,0.0,0.0,0.0,8964.164262336326,8921.253651700741,1002.9431403963955,0.0,1002.9431403963955
2025-01-28,108,2025-01-28 18:00:00,2025-01-28 17:50:00,737.0799999999999,0.0,2025-01-28T18:00:00,2025-01-28 00:00:00,1.2313,761.4690396913753,0.0,761.4690396913753,0.0,0.0,10800.0,10800.0,0.0,0.0,24.389039691375388,0.0,0.0,0.0,0.0,0.0,8921.253651700741,8943.203787422979,937.5968285719905,0.0,937.5968285719905
2025-01-28,109,2025-01-28 18:10:00,2025-01-28 18:00:00,717.0554999999999,0.04965,2025-01-28T18:10:00,2025-01-28 00:00:00,1.2561,720.5121005721844,0.041166666666666664,676.5225744715054,0.0,43.94835943401231,10800.0,10751.168489517764,0.0,0.0,0.0,40.48327552849446,0.0,0.0,0.0,0.0,8943.203787422979,8898.222370169096,849.780005793658,0.0,849.780005793658
2025-01-28,110,2025-01-28 18:20:00,2025-01-28 18:10:00,745.02905,0.0,2025-01-28T18:20:00,2025-01-28 00:00:00,1.2447,711.3371139047822,0.0,711.3371139047822,0.0,0.0,10751.168489517764,10751.168489517764,0.0,0.0,0.0,33.691936095217784,0.0,0.0,0.0,0.0,8898.222370169096,8860.786885618854,885.4013056772824,0.0,885.4013056772824
2025-01-28,111,2025-01-28 18:30:00,2025-01-28 18:20:00,717.8483333333334,0.0,2025-01-28T18:30:00,2025-01-28 00:00:00,1.2545,692.3919927814127,0.0,692.3919927814127,0.0,0.0,10751.168489517764,10751.168489517764,0.0,0.0,0.0,25.456340551920675,0.0,0.0,0.0,0.0,8860.786885618854,8832.502062783387,868.6057549442821,0.0,868.6057549442821
2025-01-28,112,2025-01-28 18:40:00,2025-01-28 18:30:00,706.2145333333333,0.0035666666666666663,2025-01-28T18:40:00,2025-01-28 00:00:00,1.2522,721.6413238347731,0.00295,721.638373834773,0.0,0.0,10751.168489517764,10751.168489517764,0.0,0.0,15.427407168106356,0.0,0.0,0.0,0.0,0.0,8832.502062783387,8846.386729234682,903.6355717159028,0.0,903.6355717159028
2025-01-28,113,2025-01-28 18:50:00,2025-01-28 18:40:00,719.5875166666666,0.0,2025-01-28T18:50:00,2025-01-28 00:00:00,1.2881,723.3656351619884,0.0,0.0,0.0,723.3656351619884,10751.168489517764,9947.428894893332,0.0,0.0,0.0,719.5875166666666,0.0,0.0,0.0,0.0,8846.386729234682,8046.845044049497,0.0,0.0,0.0
2025-01-28,114,2025-01-28 19:00:00,2025-01-28 18:50:00,730.8016666666667,0.0,2025-01-28T19:00:00,2025-01-28 00:00:00,1.3466,693.843574749289,0.0,0.0,0.0,693.843574749289,9947.428894893332,9176.491589616344,0.0,0.0,0.0,730.8016666666667,0.0,0.0,0.0,0.0,8046.845044049497,7234.843192197645,0.0,0.0,0.0
2025-01-28,115,2025-01-28 19:10:00,2025-01-28 19:00:00,712.7956333333333,0.00025,2025-01-28T19:10:00,2025-01-28 00:00:00,1.3523,707.3321848044284,0.00021666666666666666,0.0,0.0,707.3319681377617,9176.491589616344,8390.567180574386,0.0,0.0,0.0,712.7953833333332,0.0,0.0,0.0,0.0,7234.843192197645,6442.848321827275,0.0,0.0,0.0
2025-01-28,116,2025-01-28 19:20:00,2025-01-28 19:10:00,713.0554333333333,0.0,2025-01-28T19:20:00,2025-01-28 00:00:00,1.3445,724.4318741207692,0.0,0.0,0.0,724.4318741207692,8390.567180574386,7585.6428759957535,0.0,0.0,0.0,713.0554333333333,0.0,0.0,0.0,0.0,6442.848321827275,5650.56450701246,0.0,0.0,0.0
2025-01-28,117,2025-01-28 19:30:00,2025-01-28 19:20:00,733.6533333333333,0.0,2025-01-28T19:30:00,2025-01-28 00:00:00,1.3483,721.6756868651472,0.0,0.0,0.0,721.6756868651472,7585.6428759957535,6783.781001701145,0.0,0.0,0.0,733.6533333333333,0.0,0.0,0.0,0.0,5650.56450701246,4835.3941366420895,0.0,0.0,0.0
2025-01-28,118,2025-01-28 19:40:00,2025-01-28 19:30:00,732.3650833333332,0.0,2025-01-28T19:40:00,2025-01-28 00:00:00,1.349,718.6010210370706,0.0,0.0,0.0,718.6010210370706,6783.781001701145,5985.335422771067,0.0,0.0,0.0,732.3650833333332,0.0,0.0,0.0,0.0,4835.3941366420895,4021.655155160608,0.0,0.0,0.0
2025-01-28,119,2025-01-28 19:50:00,2025-01-28 19:40:00,744.0478666666667,0.0,2025-01-28T19:50:00,2025-01-28 00:00:00,1.3473,723.8529403993954,0.0,0.0,0.0,723.8529403993954,5985.335422771067,5181.05437788285,0.0,0.0,0.0,744.0478666666667,0.0,0.0,0.0,0.0,4021.655155160608,3194.9353033087564,0.0,0.0,0.0
2025-01-28,120,2025-01-28 20:00:00,2025-01-28 19:50:00,760.2883333333333,0.0,2025-01-28T20:00:00,2025-01-28 00:00:00,1.3482,724.1101322038985,0.0,0.0,0.0,724.1101322038985,5181.05437788285,4376.4875643229625,0.0,0.0,0.0,760.2883333333333,0.0,0.0,0.0,0.0,3194.9353033087564,2350.170488493942,0.0,0.0,0.0
2025-01-28,121,2025-01-28 20:10:00,2025-01-28 20:00:00,737.1986833333334,0.0,2025-01-28T20:10:00,2025-01-28 00:00:00,1.3513,702.5468183291971,0.0,0.0,0.0,702.5468183291971,4376.4875643229625,3595.879988401632,0.0,0.0,0.0,737.1986833333334,0.0,0.0,0.0,0.0,2350.170488493942,1531.0608403457936,0.0,0.0,0.0
2025-01-28,122,2025-01-28 20:20:00,2025-01-28 20:10:00,737.79175,0.0,2025-01-28T20:20:00,2025-01-28 00:00:00,1.34,700.9751681428032,0.0,0.0,0.0,700.9751681428032,3595.879988401632,2817.018690465184,0.0,0.0,0.0,297.9547563112143,439.8369936887857,0.0,0.0,0.0,1531.0608403457936,1200.0,0.0,2946.9078577148643,2946.9078577148643
2025-01-28,123,2025-01-28 20:30:00,2025-01-28 20:20:00,757.1816666666667,0.0,2025-01-28T20:30:00,2025-01-28 00:00:00,1.3489,723.3665152082552,0.0,0.0,0.0,723.3665152082552,2817.018690465184,2013.2781180115671,0.0,0.0,0.0,0.0,757.1816666666667,0.0,0.0,0.0,1200.0,1200.0,0.0,5106.811750833334,5106.811750833334
2025-01-28,124,2025-01-28 20:40:00,2025-01-28 20:30:00,728.3876833333334,0.0,2025-01-28T20:40:00,2025-01-28 00:00:00,1.3952,731.9503062104104,0.0,0.0,0.0,731.9503062104104,2013.2781180115671,1200.0,0.0,0.0,0.0,0.0,728.3876833333334,0.0,0.0,0.0,1200.0,1200.0,0.0,5081.232478933333,5081.232478933333
2025-01-28,125,2025-01-28 20:50:00,2025-01-28 20:40:00,714.0138833333334,0.0,2025-01-28T20:50:00,2025-01-28 00:00:00,1.2226,732.6924329204651,0.0,732.6924329204651,0.0,0.0,1200.0,1200.0,0.0,0.0,18.67854958713167,0.0,0.0,0.0,0.0,0.0,1200.0,1216.8106946284186,895.7897684885605,0.0,895.7897684885605
2025-01-28,126,2025-01-28 21:00:00,2025-01-28 20:50:00,734.775,0.0,2025-01-28T21:00:00,2025-01-28 00:00:00,0.9332,740.3250640369006,0.0,740.3250640369006,0.0,0.0,1200.0,1200.0,0.0,0.0,5.550064036900608,0.0,0.0,0.0,0.0,0.0,1216.8106946284186,1221.805752261629,690.8713497592356,0.0,690.8713497592356
2025-01-28,127,2025-01-28 21:10:00,2025-01-28 21:00:00,742.9281666666667,0.0,2025-01-28T21:10:00,2025-01-28 00:00:00,0.9068,756.1881521527033,0.0,756.1881521527033,0.0,0.0,1200.0,1200.0,0.0,0.0,13.259985486036612,0.0,0.0,0.0,0.0,0.0,1221.805752261629,1233.7397391990621,685.7114163720714,0.0,685.7114163720714
2025-01-28,128,2025-01-28 21:20:00,2025-01-28 21:10:00,720.6530666666666,0.0,2025-01-28T21:20:00,2025-01-28 00:00:00,0.9371,742.3712735456119,0.0,742.3712735456119,0.0,0.0,1200.0,1200.0,0.0,0.0,21.71820687894524,0.0,0.0,0.0,0.0,0.0,1233.7397391990621,1253.2861253901128,695.6761204395929,0.0,695.6761204395929
2025-01-28,129,2025-01-28 21:30:00,2025-01-28 21:20:00,713.5083333333333,0.0,2025-01-28T21:30:00,2025-01-28 00:00:00,0.9371,726.9538311383135,0.0,726.9538311383135,0.0,0.0,1200.0,1200.0,0.0,0.0,13.445497804980164,0.0,0.0,0.0,0.0,0.0,1253.2861253901128,1265.387073414595,681.2284351597136,0.0,681.2284351597136
2025-01-28,130,2025-01-28 21:40:00,2025-01-28 21:30:00,765.7177,0.0,2025-01-28T21:40:00,2025-01-28 00:00:00,0.9871,760.1484242748377,0.0,760.1484242748377,0.0,-0.0,1200.0,1200.0,0.0,0.0,0.0,5.569275725162356,0.0,0.0,0.0,0.0,1265.387073414595,1259.1989892755257,750.3425096016923,0.0,750.3425096016923
2025-01-28,131,2025-01-28 21:50:00,2025-01-28 21:40:00,706.8324666666667,0.0,2025-01-28T21:50:00,2025-01-28 00:00:00,0.7764,688.1400146915873,0.0,688.1400146915873,0.0,-0.0,1200.0,1200.0,0.0,0.0,0.0,18.692451975079393,0.0,0.0,0.0,0.0,1259.1989892755257,1238.429598192104,534.2719074065484,0.0,534.2719074065484
2025-01-28,132,2025-01-28 22:00:00,2025-01-28 21:50:00,561.2116666666667,0.0,2025-01-28T22:00:00,2025-01-28 00:00:00,0.4209,544.7959462226399,0.0,1378.1292795559732,833.3333333333333,0.0,1200.0,1950.0,0.0,1.0,816.9176128893065,0.0,0.0,0.0,0.0,0.0,1238.429598192104,1973.6554497924799,580.0546137651091,0.0,580.0546137651091
2025-01-28,133,2025-01-28 22:10:00,2025-01-28 22:00:00,529.4156333333334,0.0,2025-01-28T22:10:00,2025-01-28 00:00:00,0.3859,530.2450670951249,0.0,1363.5784004284583,833.3333333333333,0.0,1950.0,2700.0,0.0,1.0,833.3333333333334,0.0,0.0,0.8294337617915062,0.8294337617915062,0.0,1973.6554497924799,2723.65544979248,526.2049047253421,0.0,526.2049047253421
2025-01-28,134,2025-01-28 22:20:00,2025-01-28 22:10:00,526.1228666666667,0.0,2025-01-28T22:20:00,2025-01-28 00:00:00,0.4368,556.1542177863537,0.0,556.1542177863537,0.0,0.0,2700.0,2700.0,0.0,0.0,30.031351119686974,0.0,0.0,0.0,0.0,0.0,2723.65544979248,2750.683665800198,242.9281623290793,0.0,242.9281623290793
2025-01-28,135,2025-01-28 22:30:00,2025-01-28 22:20:00,520.0533333333334,0.0,2025-01-28T22:30:00,2025-01-28 00:00:00,0.4198,563.6274129986712,0.0,1396.9607463320044,833.3333333333333,0.0,2700.0,3450.0,0.0,1.0,833.3333333333334,0.0,0.0,43.57407966533765,43.57407966533765,0.0,2750.683665800198,3500.683665800198,586.4441213101754,0.0,586.4441213101754
2025-01-28,136,2025-01-28 22:40:00,2025-01-28 22:30:00,571.8629,0.0,2025-01-28T22:40:00,2025-01-28 00:00:00,0.4186,579.5975858175876,0.0,1412.930919150921,833.3333333333333,0.0,3450.0,4200.0,0.0,1.0,833.3333333333334,0.0,0.0,7.7346858175876605,7.7346858175876605,0.0,3500.683665800198,4250.683665800198,591.4528827565756,0.0,591.4528827565756
2025-01-28,137,2025-01-28 22:50:00,2025-01-28 22:40:00,601.1169,0.0,2025-01-28T22:50:00,2025-01-28 00:00:00,0.4241,561.6063545009775,0.0,561.6063545009775,0.0,0.0,4200.0,4200.0,0.0,0.0,0.0,39.51054549902244,0.0,0.0,0.0,0.0,4250.683665800198,4206.783059690172,238.17725494386457,0.0,238.17725494386457
2025-01-28,138,2025-01-28 23:00:00,2025-01-28 22:50:00,585.4,0.0,2025-01-28T23:00:00,2025-01-28 00:00:00,0.4237,540.4373157458402,0.0,1373.7706490791734,833.3333333333333,0.0,4200.0,4950.0,0.0,1.0,788.3706490791734,0.0,0.0,0.0,0.0,0.0,4206.783059690172,4916.316643861428,582.0666240148458,0.0,582.0666240148458
2025-01-28,139,2025-01-28 23:10:00,2025-01-28 23:00:00,582.3246333333333,0.0,2025-01-28T23:10:00,2025-01-28 00:00:00,0.4248,589.8758400181822,0.0,589.8758400181822,0.0,0.0,4950.0,4950.0,0.0,0.0,7.551206684848921,0.0,0.0,0.0,0.0,0.0,4916.316643861428,4923.112729877792,250.5792568397238,0.0,250.5792568397238
2025-01-28,140,2025-01-28 23:20:00,2025-01-28 23:10:00,591.0186666666667,0.0,2025-01-28T23:20:00,2025-01-28 00:00:00,0.424,596.0768441306287,0.0,596.0768441306287,0.0,0.0,4950.0,4950.0,0.0,-0.0,5.058177463962011,0.0,0.0,0.0,0.0,0.0,4923.112729877792,4927.665089595358,252.73658191138657,0.0,252.73658191138657
2025-01-28,141,2025-01-28 23:30:00,2025-01-28 23:20:00,599.7133333333334,0.0,2025-01-28T23:30:00,2025-01-28 00:00:00,0.422,563.3839435169311,0.0,1396.7172768502644,833.3333333333333,0.0,4950.0,5700.0,0.0,1.0,797.003943516931,0.0,0.0,0.0,0.0,0.0,4927.665089595358,5644.968638760596,589.4146908308115,0.0,589.4146908308115
2025-01-28,142,2025-01-28 23:40:00,2025-01-28 23:30:00,603.7923999999999,0.0,2025-01-28T23:40:00,2025-01-28 00:00:00,0.424,606.5539311267122,0.0,1322.7225722569242,716.1686411302121,0.0,5700.0,6344.551777017191,0.0,1.0,718.9301722569243,0.0,0.0,0.0,0.0,0.0,5644.968638760596,6292.005793791828,560.8343706369359,0.0,560.8343706369359
2025-01-28,143,2025-01-28 23:50:00,2025-01-28 23:40:00,607.48365,0.0,2025-01-28T23:50:00,2025-01-28 00:00:00,0.4271,623.3120217297733,0.0,623.3120217297733,0.0,0.0,6344.551777017191,6344.551777017191,0.0,0.0,15.828371729773266,0.0,0.0,0.0,0.0,0.0,6292.005793791828,6306.251328348624,266.21656448078613,0.0,266.21656448078613
2025-01-28,144,2025-01-29 00:00:00,2025-01-28 23:50:00,601.1333333333333,0.0,2025-01-29T00:00:00,2025-01-28 00:00:00,0.4276,585.7245275645148,0.0,585.7245275645148,0.0,0.0,6344.551777017191,6344.551777017191,0.0,0.0,0.0,15.408805768818524,0.0,0.0,0.0,0.0,6306.251328348624,6289.130433049937,250.4558079865865,0.0,250.4558079865865
2025-01-29,1,2025-01-29 00:10:00,2025-01-29 00:00:00,576.4341499999999,0.0,2025-01-29T00:10:00,2025-01-29 00:00:00,0.4248,577.9504369439744,0.0,1411.2837702773077,833.3333333333333,0.0,6289.130433049937,7039.130433049937,0.0,1.0,833.3333333333334,0.0,0.0,1.5162869439743645,1.5162869439743645,0.0,6289.130433049937,7039.130433049937,599.5133456138003,0.0,599.5133456138003
2025-01-29,2,2025-01-29 00:20:00,2025-01-29 00:10:00,590.6664,0.0,2025-01-29T00:20:00,2025-01-29 00:00:00,0.4245,589.3688554771262,0.0,1422.7021888104596,833.3333333333333,0.0,7039.130433049937,7789.130433049937,0.0,1.0,832.0357888104596,0.0,0.0,0.0,0.0,0.0,7039.130433049937,7787.962642979351,603.9370791500401,0.0,603.9370791500401
2025-01-29,3,2025-01-29 00:30:00,2025-01-29 00:20:00,627.6166666666667,0.0,2025-01-29T00:30:00,2025-01-29 00:00:00,0.4269,592.8062326909115,0.0,1426.1395660242447,833.3333333333333,0.0,7789.130433049937,8539.130433049937,0.0,1.0,798.522899357578,0.0,0.0,0.0,0.0,0.0,7787.962642979351,8506.63325240117,608.8189807357501,0.0,608.8189807357501
2025-01-29,4,2025-01-29 00:40:00,2025-01-29 00:30:00,614.5212,0.0,2025-01-29T00:40:00,2025-01-29 00:00:00,0.4272,575.8606404860492,0.0,1409.1939738193823,833.3333333333333,0.0,8539.130433049937,9289.130433049937,0.0,1.0,794.6727738193823,0.0,0.0,0.0,0.0,0.0,8506.63325240117,9221.838748838614,602.0076656156401,0.0,602.0076656156401
2025-01-29,5,2025-01-29 00:50:00,2025-01-29 00:40:00,609.2627833333333,0.0,2025-01-29T00:50:00,2025-01-29 00:00:00,0.4271,602.1375000246798,0.0,1435.470833358013,833.3333333333333,0.0,9289.130433049937,10039.130433049937,0.0,1.0,826.2080500246796,0.0,0.0,0.0,0.0,0.0,9221.838748838614,9965.425993860827,613.0895929272073,0.0,613.0895929272073
2025-01-29,6,2025-01-29 01:00:00,2025-01-29 00:50:00,625.58,0.0,2025-01-29T01:00:00,2025-01-29 00:00:00,0.4285,654.2403258052304,0.0,654.2403258052304,0.0,0.0,10039.130433049937,10039.130433049937,0.0,0.0,28.6603258052304,0.0,0.0,0.0,0.0,0.0,9965.425993860827,9991.220287085534,280.34197960754125,0.0,280.34197960754125
2025-01-29,7,2025-01-29 01:10:00,2025-01-29 01:00:00,619.4419666666666,0.0,2025-01-29T01:10:00,2025-01-29 00:00:00,0.4311,649.0489517624303,0.0,649.0489517624303,0.0,0.0,10039.130433049937,10039.130433049937,0.0,0.0,29.60698509576366,0.0,0.0,0.0,0.0,0.0,9991.220287085534,10017.866573671721,279.8050031047837,0.0,279.8050031047837
2025-01-29,8,2025-01-29 01:20:00,2025-01-29 01:10:00,624.5142166666667,0.0,2025-01-29T01:20:00,2025-01-29 00:00:00,0.4302,637.7950205331132,0.0,637.7950205331132,0.0,0.0,10039.130433049937,10039.130433049937,0.0,0.0,13.28080386644649,0.0,0.0,0.0,0.0,0.0,10017.866573671721,10029.819297151524,274.3794178333453,0.0,274.3794178333453
2025-01-29,9,2025-01-29 01:30:00,2025-01-29 01:20:00,639.97,0.0,2025-01-29T01:30:00,2025-01-29 00:00:00,0.4279,640.9960461469249,0.0,653.073342758106,12.07729661118113,0.0,10039.130433049937,10050.0,0.0,1.0000000000000002,13.10334275810601,0.0,0.0,0.0,0.0,0.0,10029.819297151524,10041.612305633818,279.45008336619355,0.0,279.45008336619355
2025-01-29,10,2025-01-29 01:40:00,2025-01-29 01:30:00,627.1383166666667,0.0,2025-01-29T01:40:00,2025-01-29 00:00:00,0.4312,629.2137766876164,0.0,629.2137766876164,0.0,0.0,10050.0,10050.0,0.0,0.0,2.075460020949663,0.0,0.0,0.0,0.0,0.0,10041.612305633818,10043.480219652673,271.3169805077002,0.0,271.3169805077002
2025-01-29,11,2025-01-29 01:50:00,2025-01-29 01:40:00,613.96655,0.0,2025-01-29T01:50:00,2025-01-29 00:00:00,0.4333,632.4972680808962,0.0,632.4972680808962,0.0,0.0,10050.0,10050.0,0.0,0.0,18.530718080896236,0.0,0.0,0.0,0.0,0.0,10043.480219652673,10060.15786592548,274.06106625945233,0.0,274.06106625945233
2025-01-29,12,2025-01-29 02:00:00,2025-01-29 01:50:00,620.8583333333333,0.0,2025-01-29T02:00:00,2025-01-29 00:00:00,0.4311,644.2787340694579,0.0,644.2787340694579,0.0,0.0,10050.0,10050.0,0.0,0.0,23.42040073612452,0.0,0.0,0.0,0.0,0.0,10060.15786592548,10081.236226587991,277.7485622573433,0.0,277.7485622573433
2025-01-29,13,2025-01-29 02:10:00,2025-01-29 02:00:00,641.8874833333333,0.0,2025-01-29T02:10:00,2025-01-29 00:00:00,0.4293,628.5079119847986,0.0,628.5079119847986,0.0,0.0,10050.0,10050.0,0.0,0.0,0.0,13.379571348534682,0.0,0.0,0.0,0.0,10081.236226587991,10066.37003620073,269.81844661507404,0.0,269.81844661507404
2025-01-29,14,2025-01-29 02:20:00,2025-01-29 02:10:00,664.7372833333333,0.0,2025-01-29T02:20:00,2025-01-29 00:00:00,0.4324,636.5758262955956,0.0,636.5758262955956,0.0,0.0,10050.0,10050.0,0.0,0.0,0.0,28.161457037737705,0.0,0.0,0.0,0.0,10066.37003620073,10035.07952838102,275.25538729021554,0.0,275.25538729021554
2025-01-29,15,2025-01-29 02:30:00,2025-01-29 02:20:00,669.5649999999999,0.0,2025-01-29T02:30:00,2025-01-29 00:00:00,0.4367,663.6241492831211,0.0,663.6241492831211,0.0,0.0,10050.0,10050.0,0.0,0.0,0.0,5.940850716878799,0.0,0.0,0.0,0.0,10035.07952838102,10028.478583140044,289.804665991939,0.0,289.804665991939
2025-01-29,16,2025-01-29 02:40:00,2025-01-29 02:30:00,648.1416333333333,0.0,2025-01-29T02:40:00,2025-01-29 00:00:00,0.4348,652.6811993045942,0.0,652.6811993045942,0.0,0.0,10050.0,10050.0,0.0,0.0,4.539565971260913,0.0,0.0,0.0,0.0,0.0,10028.478583140044,10032.564192514179,283.7857854576376,0.0,283.7857854576376
2025-01-29,17,2025-01-29 02:50:00,2025-01-29 02:40:00,659.4606333333334,0.0,2025-01-29T02:50:00,2025-01-29 00:00:00,0.4335,650.2792402147492,0.0,650.2792402147492,0.0,0.0,10050.0,10050.0,0.0,0.0,0.0,9.181393118584197,0.0,0.0,0.0,0.0,10032.564192514179,10022.362644604642,281.89605063309375,0.0,281.89605063309375
2025-01-29,18,2025-01-29 03:00:00,2025-01-29 02:50:00,687.5566666666667,0.0,2025-01-29T03:00:00,2025-01-29 00:00:00,0.4357,666.5212058474881,0.0,666.5212058474881,0.0,0.0,10050.0,10050.0,0.0,0.0,0.0,21.03546081917864,0.0,0.0,0.0,0.0,10022.362644604642,9998.98991036111,290.40328938775053,0.0,290.40328938775053
2025-01-29,19,2025-01-29 03:10:00,2025-01-29 03:00:00,661.0659166666667,0.0,2025-01-29T03:10:00,2025-01-29 00:00:00,0.4374,665.8530063598341,0.0,665.8530063598341,0.0,0.0,10050.0,10050.0,0.0,0.0,4.787089693167445,0.0,0.0,0.0,0.0,0.0,9998.98991036111,10003.29829108496,291.24410498179145,0.0,291.24410498179145
2025-01-29,20,2025-01-29 03:20:00,2025-01-29 03:10:00,650.1690833333333,0.0,2025-01-29T03:20:00,2025-01-29 00:00:00,0.4371,680.2146023751856,0.0,680.2146023751856,0.0,0.0,10050.0,10050.0,0.0,-0.0,30.04551904185223,0.0,0.0,0.0,0.0,0.0,10003.29829108496,10030.339258222628,297.3218026981936,0.0,297.3218026981936
2025-01-29,21,2025-01-29 03:30:00,2025-01-29 03:20:00,666.0816666666666,0.0,2025-01-29T03:30:00,2025-01-29 00:00:00,0.4356,700.9188059716188,0.0,700.9188059716188,0.0,0.0,10050.0,10050.0,0.0,0.0,34.83713930495219,0.0,0.0,0.0,0.0,0.0,10030.339258222628,10061.692683597084,305.32023188123713,0.0,305.32023188123713
2025-01-29,22,2025-01-29 03:40:00,2025-01-29 03:30:00,652.0708833333333,0.0,2025-01-29T03:40:00,2025-01-29 00:00:00,0.4353,685.1354218721248,0.0,685.1354218721248,0.0,0.0,10050.0,10050.0,0.0,0.0,33.06453853879145,0.0,0.0,0.0,0.0,0.0,10061.692683597084,10091.450768281997,298.2394491409359,0.0,298.2394491409359
2025-01-29,23,2025-01-29 03:50:00,2025-01-29 03:40:00,658.0166,0.0,2025-01-29T03:50:00,2025-01-29 00:00:00,0.436,683.3168574541888,0.0,683.3168574541888,0.0,0.0,10050.0,10050.0,0.0,0.0,25.300257454188795,0.0,0.0,0.0,0.0,0.0,10091.450768281997,10114.220999990766,297.9261498500263,0.0,297.9261498500263
2025-01-29,24,2025-01-29 04:00:00,2025-01-29 03:50:00,692.4316666666667,0.0,2025-01-29T04:00:00,2025-01-29 00:00:00,0.4378,703.3461658429883,0.0,703.3461658429883,0.0,0.0,10050.0,10050.0,0.0,0.0,10.914499176321556,0.0,0.0,0.0,0.0,0.0,10114.220999990766,10124.044049249456,307.9249514060603,0.0,307.9249514060603
2025-01-29,25,2025-01-29 04:10:00,2025-01-29 04:00:00,706.5813833333333,0.0,2025-01-29T04:10:00,2025-01-29 00:00:00,0.4401,703.9825072478452,0.0,703.9825072478452,0.0,0.0,10050.0,10050.0,0.0,0.0,0.0,2.5988760854880866,0.0,0.0,0.0,0.0,10124.044049249456,10121.15640915447,309.82270143977667,0.0,309.82270143977667
2025-01-29,26,2025-01-29 04:20:00,2025-01-29 04:10:00,699.2788,0.0,2025-01-29T04:20:00,2025-01-29 00:00:00,0.4389,711.7721780317293,0.0,711.7721780317293,0.0,0.0,10050.0,10050.0,0.0,0.0,12.493378031729208,0.0,0.0,0.0,0.0,0.0,10121.15640915447,10132.400449383025,312.39680893812596,0.0,312.39680893812596
2025-01-29,27,2025-01-29 04:30:00,2025-01-29 04:20:00,688.02,0.0,2025-01-29T04:30:00,2025-01-29 00:00:00,0.4364,729.1791638427945,0.0,729.1791638427945,0.0,0.0,10050.0,10050.0,0.0,0.0,41.159163842794555,0.0,0.0,0.0,0.0,0.0,10132.400449383025,10169.443696841541,318.21378710099555,0.0,318.21378710099555
2025-01-29,28,2025-01-29 04:40:00,2025-01-29 04:30:00,689.98605,0.0,2025-01-29T04:40:00,2025-01-29 00:00:00,0.4393,723.1733583047902,0.0,723.1733583047902,0.0,0.0,10050.0,10050.0,0.0,0.0,33.187308304790236,0.0,0.0,0.0,0.0,0.0,10169.443696841541,10199.312274315853,317.69005630329434,0.0,317.69005630329434
2025-01-29,29,2025-01-29 04:50:00,2025-01-29 04:40:00,697.1440166666666,0.0002833333333333333,2025-01-29T04:50:00,2025-01-29 00:00:00,0.4422,687.8257699228319,0.00023333333333333333,687.8255365894986,0.0,0.0,10050.0,10050.0,0.0,0.0,0.0,9.318196743834733,0.0,0.0,0.0,0.0,10199.312274315853,10188.958722378258,304.15645227987625,0.0,304.15645227987625
2025-01-29,30,2025-01-29 05:00:00,2025-01-29 04:50:00,699.5266666666666,0.0,2025-01-29T05:00:00,2025-01-29 00:00:00,0.4395,670.7860976577446,0.0,670.7860976577446,0.0,0.0,10050.0,10050.0,0.0,0.0,0.0,28.74056900892208,0.0,0.0,0.0,0.0,10188.958722378258,10157.024756812789,294.81048992057873,0.0,294.81048992057873
2025-01-29,31,2025-01-29 05:10:00,2025-01-29 05:00:00,697.7861833333333,0.0,2025-01-29T05:10:00,2025-01-29 00:00:00,0.4333,728.900188809426,0.0,728.900188809426,0.0,0.0,10050.0,10050.0,0.0,0.0,31.114005476092757,0.0,0.0,0.0,0.0,0.0,10157.024756812789,10185.027361741273,315.8324518111243,0.0,315.8324518111243
2025-01-29,32,2025-01-29 05:20:00,2025-01-29 05:10:00,714.9604666666668,0.004066666666666667,2025-01-29T05:20:00,2025-01-29 00:00:00,0.4439,773.6211575584128,0.0032333333333333333,773.6179242250795,0.0,0.0,10050.0,10050.0,0.0,0.0,58.66152422507935,0.0,0.0,0.0,0.0,0.0,10185.027361741273,10237.822733543844,343.4089965635128,0.0,343.4089965635128
2025-01-29,33,2025-01-29 05:30:00,2025-01-29 05:20:00,726.1750000000001,0.0,2025-01-29T05:30:00,2025-01-29 00:00:00,0.4301,752.3610403518295,0.0,752.3610403518295,0.0,0.0,10050.0,10050.0,0.0,0.0,26.186040351829433,0.0,0.0,0.0,0.0,0.0,10237.822733543844,10261.390169860491,323.5904834553219,0.0,323.5904834553219
2025-01-29,34,2025-01-29 05:40:00,2025-01-29 05:30:00,700.3429500000001,0.0,2025-01-29T05:40:00,2025-01-29 00:00:00,0.3713,707.3610647842135,0.0,1540.6943981175468,833.3333333333333,0.0,10050.0,10800.0,0.0,1.0,598.4553668216762,0.0,0.0,241.89608129587054,241.89608129587054,0.0,10261.390169860491,10800.0,572.0598300210452,0.0,572.0598300210452
2025-01-29,35,2025-01-29 05:50:00,2025-01-29 05:40:00,784.2599833333334,0.05656666666666666,2025-01-29T05:50:00,2025-01-29 00:00:00,0.5708,761.4028462029553,0.04493333333333333,761.3579128696219,0.0,-0.0,10800.0,10800.0,0.0,0.0,0.0,22.845503797044785,0.0,0.0,0.0,0.0,10800.0,10774.616106892172,434.5830966659802,0.0,434.5830966659802
2025-01-29,36,2025-01-29 06:00:00,2025-01-29 05:50:00,917.0466666666666,0.0,2025-01-29T06:00:00,2025-01-29 00:00:00,0.9099,885.7309589539792,0.0,885.7309589539792,0.0,0.0,10800.0,10800.0,0.0,0.0,0.0,31.315707712687413,0.0,0.0,0.0,0.0,10774.616106892172,10739.820876100297,805.9265995522258,0.0,805.9265995522258
2025-01-29,37,2025-01-29 06:10:00,2025-01-29 06:00:00,881.4841166666666,0.0,2025-01-29T06:10:00,2025-01-29 00:00:00,0.9368,925.4418637081951,0.0,250.44186370819511,0.0,675.0,10800.0,10050.0,0.0,0.0,0.0,631.0422529584715,0.0,0.0,0.0,0.0,10739.820876100297,10038.662817257551,234.61393792183716,0.0,234.61393792183716
2025-01-29,38,2025-01-29 06:20:00,2025-01-29 06:10:00,838.5838333333332,0.7879833333333334,2025-01-29T06:20:00,2025-01-29 00:00:00,0.8758,904.3183961797627,0.6259,903.6924961797627,0.0,0.0,10050.0,10050.0,0.0,0.0,65.8966461797628,0.0,0.0,0.0,0.0,0.0,10038.662817257551,10097.969798819338,791.4538881542362,0.0,791.4538881542362
2025-01-29,39,2025-01-29 06:30:00,2025-01-29 06:20:00,879.6,0.0,2025-01-29T06:30:00,2025-01-29 00:00:00,0.8759,887.9314374932394,0.0,887.9314374932394,0.0,0.0,10050.0,10050.0,0.0,0.0,8.331437493239378,0.0,0.0,0.0,0.0,0.0,10097.969798819338,10105.468092563255,777.7391461003284,0.0,777.7391461003284
2025-01-29,40,2025-01-29 06:40:00,2025-01-29 06:30:00,931.2366499999999,0.0,2025-01-29T06:40:00,2025-01-29 00:00:00,0.8601,912.3420908036051,0.0,912.3420908036051,0.0,0.0,10050.0,10050.0,0.0,0.0,0.0,18.89455919639488,0.0,0.0,0.0,0.0,10105.468092563255,10084.474137900594,784.7054323001807,0.0,784.7054323001807
2025-01-29,41,2025-01-29 06:50:00,2025-01-29 06:40:00,933.0870166666667,12.981916666666665,2025-01-29T06:50:00,2025-01-29 00:00:00,0.8442,917.7070948778241,10.444016666666666,907.2630782111574,0.0,0.0,10050.0,10050.0,0.0,0.0,0.0,12.842021788842658,0.0,0.0,0.0,0.0,10084.474137900594,10070.205224801879,765.9114906258591,0.0,765.9114906258591
2025-01-29,42,2025-01-29 07:00:00,2025-01-29 06:50:00,891.6999999999999,54.18125,2025-01-29T07:00:00,2025-01-29 00:00:00,0.8334,890.554743603901,46.612500000000004,843.942243603901,0.0,0.0,10050.0,10050.0,0.0,0.0,6.423493603901079,0.0,0.0,0.0,0.0,0.0,10070.205224801879,10075.98636904539,703.3414658194912,0.0,703.3414658194912
2025-01-29,43,2025-01-29 07:10:00,2025-01-29 07:00:00,868.3845833333334,97.88603333333333,2025-01-29T07:10:00,2025-01-29 00:00:00,0.8092,883.8824892628573,91.05526666666667,792.8272225961907,0.0,0.0,10050.0,10050.0,0.0,0.0,22.3286725961907,0.0,0.0,0.0,0.0,0.0,10075.98636904539,10096.082174381962,641.5557885248376,0.0,641.5557885248376
2025-01-29,44,2025-01-29 07:20:00,2025-01-29 07:10:00,892.5737166666667,147.1291,2025-01-29T07:20:00,2025-01-29 00:00:00,0.7972,931.01134460876,136.84535,794.16599460876,0.0,0.0,10050.0,10050.0,0.0,0.0,48.72137794209334,0.0,0.0,0.0,0.0,0.0,10096.082174381962,10139.931414529845,633.1091309021035,0.0,633.1091309021035
2025-01-29,45,2025-01-29 07:30:00,2025-01-29 07:20:00,909.3466666666667,200.75625,2025-01-29T07:30:00,2025-01-29 00:00:00,0.7644,960.1127012915921,183.5625,776.5502012915921,0.0,0.0,10050.0,10050.0,0.0,0.0,67.95978462492542,0.0,0.0,0.0,0.0,0.0,10139.931414529845,10201.095220692278,593.594973867293,0.0,593.594973867293
2025-01-29,46,2025-01-29 07:40:00,2025-01-29 07:30:00,866.1934833333333,251.16245,2025-01-29T07:40:00,2025-01-29 00:00:00,0.6899,888.023964405816,232.75588333333334,1488.6014144058158,833.3333333333333,0.0,10050.0,10800.0,0.0,1.0,665.4497547863583,0.0,0.0,208.1206262861242,208.1206262861242,0.0,10201.095220692278,10800.0,1026.9861157985722,0.0,1026.9861157985722
2025-01-29,47,2025-01-29 07:50:00,2025-01-29 07:40:00,1005.7078166666666,306.82728333333336,2025-01-29T07:50:00,2025-01-29 00:00:00,0.86,967.8386273012072,276.30001666666664,691.5386106345406,0.0,0.0,10800.0,10800.0,0.0,0.0,0.0,7.3419226987927,0.0,0.0,0.0,0.0,10800.0,10791.842308112453,594.7232051457049,0.0,594.7232051457049
2025-01-29,48,2025-01-29 08:00:00,2025-01-29 07:50:00,1250.2183333333335,367.35625,2025-01-29T08:00:00,2025-01-29 00:00:00,1.1617,1168.3507144396642,314.80625000000003,20.211131106330868,0.0,833.3333333333333,10800.0,9874.074074074075,0.0,0.0,0.0,833.3333333333334,29.31761889366919,0.0,0.0,0.0,10791.842308112453,9865.916382186528,23.479271006224568,170.29138934387748,193.77066035010205
2025-01-29,49,2025-01-29 08:10:00,2025-01-29 08:00:00,1257.7921166666667,421.5161,2025-01-29T08:10:00,2025-01-29 00:00:00,1.1683,1197.172131537191,359.42975,4.409048203857765,0.0,833.3333333333333,9874.074074074075,8948.14814814815,0.0,0.0,0.0,831.8669684628089,0.0,0.0,0.0,0.0,9865.916382186528,8941.619750561185,5.151091016567026,0.0,5.151091016567026
2025-01-29,50,2025-01-29 08:20:00,2025-01-29 08:10:00,1200.8424833333333,467.17685,2025-01-29T08:20:00,2025-01-29 00:00:00,1.0956,1187.7870152980954,417.74438333333336,0.0,0.0,770.042631964762,8948.14814814815,8092.545223742858,0.0,0.0,0.0,733.6656333333333,0.0,0.0,0.0,0.0,8941.619750561185,8126.435713524148,0.0,0.0,0.0
2025-01-29,51,2025-01-29 08:30:00,2025-01-29 08:20:00,1200.4633333333334,513.9812499999999,2025-01-29T08:30:00,2025-01-29 00:00:00,1.0849,1219.8308350259645,475.01875,0.0,0.0,744.8120850259645,8092.545223742858,7264.976240380675,0.0,0.0,0.0,686.4820833333334,0.0,0.0,0.0,0.0,8126.435713524148,7363.677843153778,0.0,0.0,0.0
2025-01-29,52,2025-01-29 08:40:00,2025-01-29 08:30:00,1208.5411333333334,572.7222166666667,2025-01-29T08:40:00,2025-01-29 00:00:00,1.061,1226.984685717161,509.1160333333333,0.0,0.0,717.8686523838278,7264.976240380675,6467.344404398645,0.0,0.0,0.0,635.8189166666667,0.0,0.0,0.0,0.0,7363.677843153778,6657.212380190815,0.0,0.0,0.0
2025-01-29,53,2025-01-29 08:50:00,2025-01-29 08:40:00,1234.9122166666666,622.7607666666667,2025-01-29T08:50:00,2025-01-29 00:00:00,1.043,1216.1809588055337,551.5137666666667,0.0,0.0,664.667192138867,6467.344404398645,5728.8253020221255,0.0,0.0,0.0,612.15145,0.0,0.0,0.0,0.0,6657.212380190815,5977.044102413037,0.0,0.0,0.0
2025-01-29,54,2025-01-29 09:00:00,2025-01-29 08:50:00,1255.8516666666667,666.9562500000001,2025-01-29T09:00:00,2025-01-29 00:00:00,1.036,1204.5174204439354,603.85,0.0,0.0,600.6674204439354,5728.8253020221255,5061.41705708442,0.0,0.0,0.0,588.8954166666666,0.0,0.0,0.0,0.0,5977.044102413037,5322.715861672296,0.0,0.0,0.0
2025-01-29,55,2025-01-29 09:10:00,2025-01-29 09:00:00,1222.2871,725.8716833333333,2025-01-29T09:10:00,2025-01-29 00:00:00,1.0147,1196.9696467930394,639.5694500000001,0.0,0.0,557.4001967930393,5061.41705708442,4442.083505092154,0.0,0.0,0.0,496.4154166666667,0.0,0.0,0.0,0.0,5322.715861672296,4771.143176487111,0.0,0.0,0.0
2025-01-29,56,2025-01-29 09:20:00,2025-01-29 09:10:00,1182.74345,767.3382833333334,2025-01-29T09:20:00,2025-01-29 00:00:00,0.9922,1190.1561109902077,690.5957,0.0,0.0,499.56041099020774,4442.083505092154,3887.016381769701,0.0,0.0,0.0,415.40516666666656,0.0,0.0,0.0,0.0,4771.143176487111,4309.581880190815,0.0,0.0,0.0
2025-01-29,57,2025-01-29 09:30:00,2025-01-29 09:20:00,1180.9750000000001,797.74375,2025-01-29T09:30:00,2025-01-29 00:00:00,0.97,1185.9205082850958,743.5375,0.0,0.0,442.3830082850958,3887.016381769701,3395.4797058973727,0.0,0.0,0.0,383.23125000000016,0.0,0.0,0.0,0.0,4309.581880190815,3883.7693801908154,0.0,0.0,0.0
2025-01-29,58,2025-01-29 09:40:00,2025-01-29 09:30:00,1213.6167666666668,856.0754166666667,2025-01-29T09:40:00,2025-01-29 00:00:00,0.9422,1189.8356130196528,753.6379000000001,196.38782414063715,0.0,239.80988887901557,3395.4797058973727,3129.0242738095776,0.0,0.0,0.0,161.15352585936284,0.0,0.0,0.0,0.0,3883.7693801908154,3704.7099070137456,185.03660790530833,0.0,185.03660790530833
2025-01-29,59,2025-01-29 09:50:00,2025-01-29 09:40:00,1211.3685833333334,905.8448333333334,2025-01-29T09:50:00,2025-01-29 00:00:00,0.9569,1194.0558487640396,788.4135666666666,0.0,0.0,405.642282097373,3129.0242738095776,2678.310627034719,0.0,0.0,0.0,305.52374999999995,0.0,0.0,0.0,0.0,3704.7099070137456,3365.2390736804123,0.0,0.0,0.0
2025-01-29,60,2025-01-29 10:00:00,2025-01-29 09:50:00,1172.0466666666666,947.2375000000001,2025-01-29T10:00:00,2025-01-29 00:00:00,0.9977,1198.351934015226,855.0875,0.0,0.0,343.26443401522613,2678.310627034719,2296.9057003511343,0.0,0.0,0.0,224.80916666666656,0.0,0.0,0.0,0.0,3365.2390736804123,3115.4511107174494,0.0,0.0,0.0
2025-01-29,61,2025-01-29 10:10:00,2025-01-29 10:00:00,1159.30675,1012.9474333333333,2025-01-29T10:10:00,2025-01-29 00:00:00,0.9919,1205.5443489120198,891.4300333333334,0.0,0.0,314.1143155786864,2296.9057003511343,1947.889794152594,0.0,0.0,0.0,146.3593166666667,0.0,0.0,0.0,0.0,3115.4511107174494,2952.8296477544864,0.0,0.0,0.0
2025-01-29,62,2025-01-29 10:20:00,2025-01-29 10:10:00,1167.1370833333333,1044.7165166666666,2025-01-29T10:20:00,2025-01-29 00:00:00,0.9588,1188.3060929919886,912.6713666666666,0.0,0.0,275.63472632532205,1947.889794152594,1641.6289871244585,0.0,0.0,0.0,122.42056666666667,0.0,0.0,0.0,0.0,2952.8296477544864,2816.8067959026343,0.0,0.0,0.0
2025-01-29,63,2025-01-29 10:30:00,2025-01-29 10:20:00,1172.7616666666665,1039.9875,2025-01-29T10:30:00,2025-01-29 00:00:00,0.9549,1153.8320580984846,935.4187499999999,0.0,0.0,218.41330809848466,1641.6289871244585,1398.9475336816977,0.0,0.0,0.0,132.7741666666666,0.0,0.0,0.0,0.0,2816.8067959026343,2669.2799440507824,0.0,0.0,0.0
2025-01-29,64,2025-01-29 10:40:00,2025-01-29 10:30:00,1165.2619166666666,1054.2888666666665,2025-01-29T10:40:00,2025-01-29 00:00:00,0.9839,1141.1651136468613,962.1123333333334,0.0,0.0,179.05278031352793,1398.9475336816977,1200.0,0.0,0.0,0.0,110.97305000000006,0.0,0.0,0.0,0.0,2669.2799440507824,2545.9765551618934,0.0,0.0,0.0
2025-01-29,65,2025-01-29 10:50:00,2025-01-29 10:40:00,1172.9969166666667,1061.4229833333334,2025-01-29T10:50:00,2025-01-29 00:00:00,0.799,1147.8568432080274,1012.2626333333333,135.59420987469412,0.0,0.0,1200.0,1200.0,0.0,0.0,24.020276541360772,0.0,0.0,0.0,0.0,0.0,2545.9765551618934,2567.594804049118,108.3397736898806,0.0,108.3397736898806
2025-01-29,66,2025-01-29 11:00:00,2025-01-29 10:50:00,1191.3416666666667,1062.875,2025-01-29T11:00:00,2025-01-29 00:00:00,0.5025,1156.938135273599,1061.48125,928.7902186069323,833.3333333333333,0.0,1200.0,1950.0,0.0,1.0,800.3235519402656,0.0,0.0,0.0,0.0,0.0,2567.594804049118,3287.886000795357,466.71708484998345,0.0,466.71708484998345
2025-01-29,67,2025-01-29 11:10:00,2025-01-29 11:00:00,1183.6541333333332,1093.1110999999999,2025-01-29T11:10:00,2025-01-29 00:00:00,0.4662,1154.5853851685195,1057.1410166666667,930.777701835186,833.3333333333333,0.0,1950.0,2700.0,0.0,1.0,833.3333333333334,0.0,0.0,6.901335168519267,6.901335168519267,0.0,3287.886000795357,4037.886000795357,433.9285645955637,0.0,433.9285645955637
2025-01-29,68,2025-01-29 11:20:00,2025-01-29 11:10:00,1156.95745,1123.2880666666667,2025-01-29T11:20:00,2025-01-29 00:00:00,0.5007,1153.6205946155178,1026.7665333333332,960.1873946155179,833.3333333333333,0.0,2700.0,3450.0,0.0,1.0,833.3333333333334,0.0,0.0,93.18467794885089,93.18467794885089,0.0,4037.886000795357,4787.886000795357,480.7658284839898,0.0,480.7658284839898
2025-01-29,69,2025-01-29 11:30:00,2025-01-29 11:20:00,1143.0466666666666,1124.1000000000001,2025-01-29T11:30:00,2025-01-29 00:00:00,0.4827,1158.2262676559594,1009.5187500000001,982.0408509892926,833.3333333333333,0.0,3450.0,4200.0,0.0,1.0,833.3333333333334,0.0,0.0,129.76085098929263,129.76085098929263,0.0,4787.886000795357,5537.886000795357,474.03111877253156,0.0,474.03111877253156
2025-01-29,70,2025-01-29 11:40:00,2025-01-29 11:30:00,1162.91155,1095.0882666666666,2025-01-29T11:40:00,2025-01-29 00:00:00,0.4785,1153.8489512289975,1020.8471833333333,966.3351012289975,833.3333333333333,0.0,4200.0,4950.0,0.0,1.0,833.3333333333334,0.0,0.0,65.17848456233094,65.17848456233094,0.0,5537.886000795357,6287.886000795357,462.3913459380753,0.0,462.3913459380753
2025-01-29,71,2025-01-29 11:50:00,2025-01-29 11:40:00,1144.77575,1084.9443833333332,2025-01-29T11:50:00,2025-01-29 00:00:00,0.4662,1114.7654558231577,1019.0319666666666,929.0668224898244,833.3333333333333,0.0,4950.0,5700.0,0.0,1.0,833.3333333333334,0.0,0.0,35.90212248982414,35.90212248982414,0.0,6287.886000795357,7037.886000795357,433.1309526447561,0.0,433.1309526447561
2025-01-29,72,2025-01-29 12:00:00,2025-01-29 11:50:00,1084.4666666666667,1094.70625,2025-01-29T12:00:00,2025-01-29 00:00:00,0.4432,1067.4178732228895,992.3874999999999,908.3637065562228,833.3333333333333,0.0,5700.0,6450.0,0.0,1.0,833.3333333333334,0.0,0.0,85.26995655622261,85.26995655622261,0.0,7037.886000795357,7787.886000795357,402.58679474571795,0.0,402.58679474571795
2025-01-29,73,2025-01-29 12:10:00,2025-01-29 12:00:00,1050.5250666666668,1083.9415999999999,2025-01-29T12:10:00,2025-01-29 00:00:00,0.4411,1067.8148374880354,970.73545,930.4127208213687,833.3333333333333,0.0,6450.0,7200.0,0.0,1.0,833.3333333333334,0.0,0.0,130.4959208213685,130.4959208213685,0.0,7787.886000795357,8537.886000795357,410.40505115430574,0.0,410.40505115430574
2025-01-29,74,2025-01-29 12:20:00,2025-01-29 12:10:00,1039.3334666666667,1083.0799333333332,2025-01-29T12:20:00,2025-01-29 00:00:00,0.4551,1073.4781409933573,971.7044999999999,935.1069743266906,833.3333333333333,0.0,7200.0,7950.0,0.0,1.0,833.3333333333334,0.0,0.0,145.52010766002365,145.52010766002365,0.0,8537.886000795357,9287.886000795357,425.5671840160769,0.0,425.5671840160769
2025-01-29,75,2025-01-29 12:30:00,2025-01-29 12:20:00,1045.4683333333335,1088.0687500000001,2025-01-29T12:30:00,2025-01-29 00:00:00,0.4463,1071.3904399690975,979.6125000000001,925.1112733024307,833.3333333333333,0.0,7950.0,8700.0,0.0,1.0,833.3333333333334,0.0,0.0,134.37835663576413,134.37835663576413,0.0,9287.886000795357,10037.886000795357,412.8771612748748,0.0,412.8771612748748
2025-01-29,76,2025-01-29 12:40:00,2025-01-29 12:30:00,1075.5925833333333,1063.8803500000001,2025-01-29T12:40:00,2025-01-29 00:00:00,0.4113,1091.000755323488,962.07335,962.2607386568212,833.3333333333333,0.0,8700.0,9450.0,0.0,1.0,833.3333333333334,0.0,0.0,117.21517199015477,117.21517199015477,0.0,10037.886000795357,10787.886000795357,395.7778418095506,0.0,395.7778418095506
2025-01-29,77,2025-01-29 12:50:00,2025-01-29 12:40:00,1115.6834999999999,1059.9930333333334,2025-01-29T12:50:00,2025-01-29 00:00:00,0.5682,1113.61201459905,938.4828666666667,1008.4624812657166,833.3333333333333,0.0,9450.0,10200.0,0.0,1.0,13.459999116269802,0.0,0.0,939.3120154827801,939.3120154827801,0.0,10787.886000795357,10800.0,573.0083818551802,0.0,573.0083818551802
2025-01-29,78,2025-01-29 13:00:00,2025-01-29 12:50:00,1144.085,1079.1000000000001,2025-01-29T13:00:00,2025-01-29 00:00:00,0.8279,1124.4303058208404,929.9375,194.49280582084043,0.0,0.0,10200.0,10200.0,0.0,0.0,0.0,0.0,0.0,129.50780582084053,129.50780582084053,0.0,10800.0,10800.0,161.0205939390738,0.0,161.0205939390738
2025-01-29,79,2025-01-29 13:10:00,2025-01-29 13:00:00,1144.52795,1069.8044833333333,2025-01-29T13:10:00,2025-01-29 00:00:00,0.8636,1121.4514859752146,937.6247833333333,183.8267026418813,0.0,0.0,10200.0,10200.0,0.0,0.0,0.0,0.0,0.0,109.1032359752146,109.1032359752146,0.0,10800.0,10800.0,158.75274040152868,0.0,158.75274040152868
2025-01-29,80,2025-01-29 13:20:00,2025-01-29 13:10:00,1130.9802166666666,1038.5282833333333,2025-01-29T13:20:00,2025-01-29 00:00:00,0.8416,1089.7650766009194,930.8951666666667,158.86990993425275,0.0,0.0,10200.0,10200.0,0.0,0.0,0.0,0.0,0.0,66.41797660091947,66.41797660091947,0.0,10800.0,10800.0,133.7049162006671,0.0,133.7049162006671
2025-01-29,81,2025-01-29 13:30:00,2025-01-29 13:20:00,1115.8683333333333,1011.6625,2025-01-29T13:30:00,2025-01-29 00:00:00,0.8618,1058.761289266154,905.63125,153.13003926615409,0.0,0.0,10200.0,10200.0,0.0,-0.0,0.0,0.0,0.0,48.92420593282077,48.92420593282077,0.0,10800.0,10800.0,131.96746783957158,0.0,131.96746783957158
2025-01-29,82,2025-01-29 13:40:00,2025-01-29 13:30:00,1100.3024833333334,1008.4205166666667,2025-01-29T13:40:00,2025-01-29 00:00:00,0.8623,1081.210317791537,885.4732666666667,195.73705112487016,0.0,0.0,10200.0,10200.0,0.0,0.0,0.0,0.0,0.0,103.85508445820346,103.85508445820346,0.0,10800.0,10800.0,168.78405918497555,0.0,168.78405918497555
2025-01-29,83,2025-01-29 13:50:00,2025-01-29 13:40:00,1077.51415,1001.0519166666667,2025-01-29T13:50:00,2025-01-29 00:00:00,0.9026,1113.8424322569942,867.2851666666667,246.55726559032757,0.0,0.0,10200.0,10200.0,0.0,0.0,0.0,0.0,0.0,170.09503225699427,170.09503225699427,0.0,10800.0,10800.0,222.54258792182966,0.0,222.54258792182966
2025-01-29,84,2025-01-29 14:00:00,2025-01-29 13:50:00,1058.9933333333333,968.1,2025-01-29T14:00:00,2025-01-29 00:00:00,0.9754,1117.8794461499556,832.8874999999999,0.0,0.0,284.99194614995565,10200.0,9883.342282055604,0.0,0.0,0.0,90.89333333333332,0.0,0.0,0.0,0.0,10800.0,10699.007407407407,0.0,0.0,0.0
2025-01-29,85,2025-01-29 14:10:00,2025-01-29 14:00:00,1064.1865833333334,912.8392666666667,2025-01-29T14:10:00,2025-01-29 00:00:00,1.0002,1093.9801712240696,769.0885499999999,0.0,0.0,324.8916212240697,9883.342282055604,9522.351591806639,0.0,0.0,0.0,151.34731666666664,0.0,0.0,0.0,0.0,10699.007407407407,10530.843722222222,0.0,0.0,0.0
2025-01-29,86,2025-01-29 14:20:00,2025-01-29 14:10:00,1065.4803833333333,863.6760833333333,2025-01-29T14:20:00,2025-01-29 00:00:00,0.9978,1082.267548853827,712.9865833333333,0.0,0.0,369.28096552049374,9522.351591806639,9112.03940789498,0.0,0.0,0.0,201.8043,0.0,0.0,0.0,0.0,10530.843722222222,10306.616722222221,0.0,0.0,0.0
2025-01-29,87,2025-01-29 14:30:00,2025-01-29 14:20:00,1060.2549999999999,822.2312499999999,2025-01-29T14:30:00,2025-01-29 00:00:00,1.0271,1082.8121439399997,679.13125,0.0,0.0,403.6808939399997,9112.03940789498,8663.50508129498,0.0,0.0,0.0,238.02374999999995,0.0,0.0,0.0,0.0,10306.616722222221,10042.145888888888,0.0,0.0,0.0
2025-01-29,88,2025-01-29 14:40:00,2025-01-29 14:30:00,1072.2672,768.5891499999999,2025-01-29T14:40:00,2025-01-29 00:00:00,1.0906,1064.0907738695394,652.3447,0.0,0.0,411.7460738695394,8663.50508129498,8206.009443662158,0.0,0.0,0.0,303.6780500000001,0.0,0.0,0.0,0.0,10042.145888888888,9704.725833333332,0.0,0.0,0.0
2025-01-29,89,2025-01-29 14:50:00,2025-01-29 14:40:00,1083.3453833333333,726.5946833333334,2025-01-29T14:50:00,2025-01-29 00:00:00,0.9376,1064.156648090802,638.1002666666667,0.0,0.0,426.05638142413534,8206.009443662158,7732.613464302008,0.0,0.0,0.0,356.75069999999994,0.0,0.0,0.0,0.0,9704.725833333332,9308.336166666666,0.0,0.0,0.0
2025-01-29,90,2025-01-29 15:00:00,2025-01-29 14:50:00,1075.4866666666667,695.6125000000001,2025-01-29T15:00:00,2025-01-29 00:00:00,0.6694,1083.345033329645,618.4562500000001,1298.2221166629784,833.3333333333333,0.0,7732.613464302008,8482.613464302009,0.0,1.0,833.3333333333334,0.0,0.0,85.01461666297848,85.01461666297848,0.0,9308.336166666666,10058.336166666666,869.0298848941977,0.0,869.0298848941977
2025-01-29,91,2025-01-29 15:10:00,2025-01-29 15:00:00,1052.6754833333332,649.6680833333334,2025-01-29T15:10:00,2025-01-29 00:00:00,0.66,1080.6861873972177,564.3004500000001,1349.7190707305508,833.3333333333333,0.0,8482.613464302009,9232.613464302009,0.0,1.0,824.0709259259266,0.0,0.0,122.64074480462443,122.64074480462443,0.0,10058.336166666666,10800.0,890.8145866821636,0.0,890.8145866821636
2025-01-29,92,2025-01-29 15:20:00,2025-01-29 15:10:00,1059.4433000000001,603.3318333333333,2025-01-29T15:20:00,2025-01-29 00:00:00,0.7217,1071.9486692523697,515.6283999999999,1389.653602585703,833.3333333333333,0.0,9232.613464302009,9982.613464302009,0.0,1.0,0.0,0.0,0.0,933.5421359190361,933.5421359190361,0.0,10800.0,10800.0,1002.9130049861019,0.0,1002.9130049861019
2025-01-29,93,2025-01-29 15:30:00,2025-01-29 15:20:00,1078.1383333333333,553.84375,2025-01-29T15:30:00,2025-01-29 00:00:00,0.7308,1072.4449055199173,482.96250000000003,1422.8157388532504,833.3333333333333,0.0,9982.613464302009,10732.613464302009,0.0,1.0,0.0,0.0,0.0,898.5211555199171,898.5211555199171,0.0,10800.0,10800.0,1039.7937419539553,0.0,1039.7937419539553
2025-01-29,94,2025-01-29 15:40:00,2025-01-29 15:30:00,1049.7110666666667,482.1000833333333,2025-01-29T15:40:00,2025-01-29 00:00:00,0.7534,1076.5999513134984,439.23498333333333,712.2388965334889,74.87392855332372,0.0,10732.613464302009,10800.0,0.0,0.9999999999999877,0.0,0.0,0.0,144.6279132001555,144.6279132001555,0.0,10800.0,10800.0,536.6007846483304,0.0,536.6007846483304
2025-01-29,95,2025-01-29 15:50:00,2025-01-29 15:40:00,1034.6165333333333,413.8577,2025-01-29T15:50:00,2025-01-29 00:00:00,0.7823,1058.2709338484156,394.4647333333333,663.8062005150823,0.0,0.0,10800.0,10800.0,0.0,0.0,0.0,0.0,0.0,43.047367181748996,43.047367181748996,0.0,10800.0,10800.0,519.2955906629489,0.0,519.2955906629489
2025-01-29,96,2025-01-29 16:00:00,2025-01-29 15:50:00,1039.8316666666667,359.00624999999997,2025-01-29T16:00:00,2025-01-29 00:00:00,0.8055,1031.2051634776744,349.66249999999997,681.5426634776745,0.0,0.0,10800.0,10800.0,0.0,0.0,0.0,0.0,0.0,0.7172468110077261,0.7172468110077261,0.0,10800.0,10800.0,548.9826154312668,0.0,548.9826154312668
2025-01-29,97,2025-01-29 16:10:00,2025-01-29 16:00:00,1016.0747333333334,303.19625,2025-01-29T16:10:00,2025-01-29 00:00:00,0.8271,1036.8415938654923,293.11306666666667,743.7285271988256,0.0,0.0,10800.0,10800.0,0.0,0.0,0.0,0.0,0.0,30.850043865492353,30.850043865492353,0.0,10800.0,10800.0,615.1378648461487,0.0,615.1378648461487
2025-01-29,98,2025-01-29 16:20:00,2025-01-29 16:10:00,1021.1478333333333,244.82741666666666,2025-01-29T16:20:00,2025-01-29 00:00:00,0.8519,1049.0883817096694,236.83646666666667,812.2519150430028,0.0,0.0,10800.0,10800.0,0.0,0.0,0.0,0.0,0.0,35.93149837633621,35.93149837633621,0.0,10800.0,10800.0,691.9574064251341,0.0,691.9574064251341
2025-01-29,99,2025-01-29 16:30:00,2025-01-29 16:20:00,1038.8016666666667,189.23125000000002,2025-01-29T16:30:00,2025-01-29 00:00:00,0.8791,1050.8911308415347,186.49375,864.3973808415348,0.0,0.0,10800.0,10800.0,0.0,0.0,0.0,0.0,0.0,14.826964174867953,14.826964174867953,0.0,10800.0,10800.0,759.8917374977932,0.0,759.8917374977932
2025-01-29,100,2025-01-29 16:40:00,2025-01-29 16:30:00,996.5995833333333,141.98576666666665,2025-01-29T16:40:00,2025-01-29 00:00:00,0.9024,1049.7764328199555,137.12975,912.6466828199555,0.0,0.0,10800.0,10800.0,0.0,0.0,0.0,0.0,0.0,58.032866153288865,58.032866153288865,0.0,10800.0,10800.0,823.5723665767277,0.0,823.5723665767277
2025-01-29,101,2025-01-29 16:50:00,2025-01-29 16:40:00,998.1035,96.23221666666666,2025-01-29T16:50:00,2025-01-29 00:00:00,0.9163,1046.2120960880904,91.14688333333334,955.0652127547571,-0.0,0.0,10800.0,10800.0,0.0,0.0,0.0,0.0,0.0,53.193929421423604,53.193929421423604,0.0,10800.0,10800.0,875.1262544471839,0.0,875.1262544471839
2025-01-29,102,2025-01-29 17:00:00,2025-01-29 16:50:00,1050.0316666666665,49.94375,2025-01-29T17:00:00,2025-01-29 00:00:00,0.9264,1044.755773450643,48.956250000000004,995.7995234506429,0.0,0.0,10800.0,10800.0,0.0,0.0,0.0,4.288393216023678,0.0,0.0,0.0,0.0,10800.0,10795.235118648863,922.5086785246756,0.0,922.5086785246756
2025-01-29,103,2025-01-29 17:10:00,2025-01-29 17:00:00,1048.80245,11.284683333333334,2025-01-29T17:10:00,2025-01-29 00:00:00,0.9462,1049.4735383225766,11.446150000000001,1038.0273883225766,0.0,0.0,10800.0,10800.0,0.0,0.0,0.5096216559099958,0.0,0.0,0.0,0.0,0.0,10795.235118648863,10795.693778139183,982.181514830822,0.0,982.181514830822
2025-01-29,104,2025-01-29 17:20:00,2025-01-29 17:10:00,1017.4597833333333,0.0,2025-01-29T17:20:00,2025-01-29 00:00:00,0.9742,1039.8993915009457,0.0,1039.8993915009457,0.0,0.0,10800.0,10800.0,0.0,0.0,4.784690956463844,0.0,0.0,17.654917211148547,17.654917211148547,0.0,10795.693778139183,10800.0,1013.0699872002212,0.0,1013.0699872002212
2025-01-29,105,2025-01-29 17:30:00,2025-01-29 17:20:00,1011.8066666666667,0.0,2025-01-29T17:30:00,2025-01-29 00:00:00,0.9862,1035.1682033223096,0.0,1035.1682033223096,0.0,0.0,10800.0,10800.0,0.0,0.0,0.0,0.0,0.0,23.361536655642908,23.361536655642908,0.0,10800.0,10800.0,1020.8828821164617,0.0,1020.8828821164617
2025-01-29,106,2025-01-29 17:40:00,2025-01-29 17:30:00,1039.1903,0.6774,2025-01-29T17:40:00,2025-01-29 00:00:00,0.976,1052.5678389661246,0.6916166666666667,1051.8762222994578,0.0,0.0,10800.0,10800.0,0.0,0.0,0.0,0.0,0.0,13.363322299457877,13.363322299457877,0.0,10800.0,10800.0,1026.631192964271,0.0,1026.631192964271
2025-01-29,107,2025-01-29 17:50:00,2025-01-29 17:40:00,927.1008833333334,0.0,2025-01-29T17:50:00,2025-01-29 00:00:00,1.0742,930.6521621890348,0.0,930.6521621890348,0.0,0.0,10800.0,10800.0,0.0,0.0,0.0,0.0,0.0,3.551278855701412,3.551278855701412,0.0,10800.0,10800.0,999.7065526234612,0.0,999.7065526234612
2025-01-29,108,2025-01-29 18:00:00,2025-01-29 17:50:00,734.1883333333334,0.0,2025-01-29T18:00:00,2025-01-29 00:00:00,1.2313,732.5949662108766,0.0,732.5949662108766,0.0,0.0,10800.0,10800.0,0.0,0.0,0.0,1.5933671224568116,0.0,0.0,0.0,0.0,10800.0,10798.22959208616,902.0441818954524,0.0,902.0441818954524
2025-01-29,109,2025-01-29 18:10:00,2025-01-29 18:00:00,702.8809833333333,0.048633333333333334,2025-01-29T18:10:00,2025-01-29 00:00:00,1.2561,700.1166058176233,0.04965,700.0669558176232,0.0,-0.0,10800.0,10800.0,0.0,0.0,0.0,2.765394182376781,0.0,0.0,0.0,0.0,10798.22959208616,10795.156931883519,879.3541032025165,0.0,879.3541032025165
2025-01-29,110,2025-01-29 18:20:00,2025-01-29 18:10:00,712.8634166666667,0.0,2025-01-29T18:20:00,2025-01-29 00:00:00,1.2447,716.340630556023,0.0,716.340630556023,0.0,0.0,10800.0,10800.0,0.0,0.0,3.477213889356335,0.0,0.0,0.0,0.0,0.0,10795.156931883519,10798.28642438394,891.6291828530818,0.0,891.6291828530818
2025-01-29,111,2025-01-29 18:30:00,2025-01-29 18:20:00,700.6716666666666,0.0,2025-01-29T18:30:00,2025-01-29 00:00:00,1.2545,718.3792019945203,0.0,718.3792019945203,0.0,0.0,10800.0,10800.0,0.0,0.0,1.903972906733947,0.0,0.0,15.803562421119686,15.803562421119686,0.0,10798.28642438394,10800.0,901.2067089021257,0.0,901.2067089021257
2025-01-29,112,2025-01-29 18:40:00,2025-01-29 18:30:00,722.2651000000001,0.0035,2025-01-29T18:40:00,2025-01-29 00:00:00,1.2522,757.2364598808732,0.0035666666666666663,757.2328932142066,0.0,0.0,10800.0,10800.0,0.0,0.0,0.0,0.0,0.0,34.971293214206526,34.971293214206526,0.0,10800.0,10800.0,948.2070288828295,0.0,948.2070288828295
2025-01-29,113,2025-01-29 18:50:00,2025-01-29 18:40:00,713.5400666666666,0.0,2025-01-29T18:50:00,2025-01-29 00:00:00,1.2881,757.9133318409413,0.0,253.59981446840249,0.0,504.3135173725388,10800.0,10239.651647363846,0.0,0.0,0.0,459.9402521982641,0.0,0.0,0.0,0.0,10800.0,10288.955275335262,326.66192101674926,0.0,326.66192101674926
2025-01-29,114,2025-01-29 19:00:00,2025-01-29 18:50:00,681.7866666666666,0.0,2025-01-29T19:00:00,2025-01-29 00:00:00,1.3466,722.3945302491663,0.0,0.0,0.0,722.3945302491663,10239.651647363846,9436.991058198106,0.0,0.0,0.0,681.7866666666666,0.0,0.0,0.0,0.0,10288.955275335262,9531.414534594522,0.0,0.0,0.0
2025-01-29,115,2025-01-29 19:10:00,2025-01-29 19:00:00,706.1051000000001,0.00025,2025-01-29T19:10:00,2025-01-29 00:00:00,1.3523,730.4893079620124,0.00025,0.0,0.0,730.4890579620123,9436.991058198106,8625.336549351425,0.0,0.0,0.0,706.10485,0.0,0.0,0.0,0.0,9531.414534594522,8746.853590150076,0.0,0.0,0.0
2025-01-29,116,2025-01-29 19:20:00,2025-01-29 19:10:00,742.0974500000001,0.0,2025-01-29T19:20:00,2025-01-29 00:00:00,1.3445,735.8178145598173,0.0,0.0,0.0,735.8178145598173,8625.336549351425,7807.761199840516,0.0,0.0,0.0,742.0974500000001,0.0,0.0,0.0,0.0,8746.853590150076,7922.300867927854,0.0,0.0,0.0
2025-01-29,117,2025-01-29 19:30:00,2025-01-29 19:20:00,747.895,0.0,2025-01-29T19:30:00,2025-01-29 00:00:00,1.3483,725.1120551194059,0.0,0.0,0.0,725.1120551194059,7807.761199840516,7002.081138596732,0.0,0.0,0.0,747.895,0.0,0.0,0.0,0.0,7922.300867927854,7091.306423483409,0.0,0.0,0.0
2025-01-29,118,2025-01-29 19:40:00,2025-01-29 19:30:00,722.8349,0.0,2025-01-29T19:40:00,2025-01-29 00:00:00,1.349,735.1802411265826,0.0,0.0,0.0,735.1802411265826,7002.081138596732,6185.21420401164,0.0,0.0,0.0,722.8349,0.0,0.0,0.0,0.0,7091.306423483409,6288.15653459452,0.0,0.0,0.0
2025-01-29,119,2025-01-29 19:50:00,2025-01-29 19:40:00,692.7138333333334,0.0,2025-01-29T19:50:00,2025-01-29 00:00:00,1.3473,741.4769310538654,0.0,0.0,0.0,741.4769310538654,6185.21420401164,5361.350947285123,0.0,0.0,0.0,692.7138333333334,0.0,0.0,0.0,0.0,6288.15653459452,5518.474497557483,0.0,0.0,0.0
2025-01-29,120,2025-01-29 20:00:00,2025-01-29 19:50:00,684.5816666666666,0.0,2025-01-29T20:00:00,2025-01-29 00:00:00,1.3482,744.734964280492,0.0,0.0,0.0,744.734964280492,5361.350947285123,4533.867653640132,0.0,0.0,0.0,684.5816666666666,0.0,0.0,0.0,0.0,5518.474497557483,4757.828201261187,0.0,0.0,0.0
2025-01-29,121,2025-01-29 20:10:00,2025-01-29 20:00:00,707.2244166666666,0.0,2025-01-29T20:10:00,2025-01-29 00:00:00,1.3513,769.1927789205378,0.0,0.0,0.0,769.1927789205378,4533.867653640132,3679.20901039509,0.0,0.0,0.0,707.2244166666666,0.0,0.0,0.0,0.0,4757.828201261187,3972.0232938537797,0.0,0.0,0.0
2025-01-29,122,2025-01-29 20:20:00,2025-01-29 20:10:00,718.4167166666666,0.0,2025-01-29T20:20:00,2025-01-29 00:00:00,1.34,770.166972667447,0.0,0.0,0.0,770.166972667447,3679.20901039509,2823.4679296534823,0.0,0.0,0.0,718.4167166666666,0.0,0.0,0.0,0.0,3972.0232938537797,3173.7824975574836,0.0,0.0,0.0
2025-01-29,123,2025-01-29 20:30:00,2025-01-29 20:20:00,711.3533333333334,0.0,2025-01-29T20:30:00,2025-01-29 00:00:00,1.3489,740.2968807242927,0.0,0.0,0.0,740.2968807242927,2823.4679296534823,2000.9158399598239,0.0,0.0,0.0,711.3533333333334,0.0,0.0,0.0,0.0,3173.7824975574836,2383.389904964891,0.0,0.0,0.0
2025-01-29,124,2025-01-29 20:40:00,2025-01-29 20:30:00,718.3737333333333,0.0,2025-01-29T20:40:00,2025-01-29 00:00:00,1.3952,720.8242559638416,0.0,0.0,0.0,720.8242559638416,2000.9158399598239,1200.0,0.0,0.0,0.0,718.3737333333333,0.0,0.0,0.0,0.0,2383.389904964891,1585.1968679278539,0.0,0.0,0.0
2025-01-29,125,2025-01-29 20:50:00,2025-01-29 20:40:00,735.4934166666667,0.0,2025-01-29T20:50:00,2025-01-29 00:00:00,1.2226,726.5977332184478,0.0,726.5977332184478,0.0,-0.0,1200.0,1200.0,0.0,0.0,0.0,8.895683448218847,0.0,0.0,0.0,0.0,1585.1968679278539,1575.3127752076107,888.3383886328743,0.0,888.3383886328743
2025-01-29,126,2025-01-29 21:00:00,2025-01-29 20:50:00,739.3449999999999,0.0,2025-01-29T21:00:00,2025-01-29 00:00:00,0.9332,747.6836457285996,0.0,747.6836457285996,0.0,0.0,1200.0,1200.0,0.0,0.0,8.338645728599658,0.0,0.0,0.0,0.0,0.0,1575.3127752076107,1582.8175563633504,697.7383781939292,0.0,697.7383781939292
2025-01-29,127,2025-01-29 21:10:00,2025-01-29 21:00:00,713.9899666666666,0.0,2025-01-29T21:10:00,2025-01-29 00:00:00,0.9068,760.6859141963266,0.0,760.6859141963266,0.0,0.0,1200.0,1200.0,0.0,0.0,46.695947529659975,0.0,0.0,0.0,0.0,0.0,1582.8175563633504,1624.8439091400444,689.789986993229,0.0,689.789986993229
2025-01-29,128,2025-01-29 21:20:00,2025-01-29 21:10:00,710.2302666666666,0.0,2025-01-29T21:20:00,2025-01-29 00:00:00,0.9371,759.8186903714413,0.0,759.8186903714413,0.0,0.0,1200.0,1200.0,0.0,0.0,49.588423704774755,0.0,0.0,0.0,0.0,0.0,1624.8439091400444,1669.4734904743416,712.0260947470778,0.0,712.0260947470778
2025-01-29,129,2025-01-29 21:30:00,2025-01-29 21:20:00,748.6116666666667,0.0,2025-01-29T21:30:00,2025-01-29 00:00:00,0.9371,769.8683395287652,0.0,769.8683395287652,0.0,0.0,1200.0,1200.0,0.0,0.0,21.256672862098526,0.0,0.0,0.0,0.0,0.0,1669.4734904743416,1688.6044960502302,721.4436209724059,0.0,721.4436209724059
2025-01-29,130,2025-01-29 21:40:00,2025-01-29 21:30:00,788.0309833333334,0.0,2025-01-29T21:40:00,2025-01-29 00:00:00,0.9871,803.17404092938,0.0,803.17404092938,0.0,-0.0,1200.0,1200.0,0.0,0.0,15.14305759604656,0.0,0.0,0.0,0.0,0.0,1688.6044960502302,1702.2332478866722,792.813095801391,0.0,792.813095801391
2025-01-29,131,2025-01-29 21:50:00,2025-01-29 21:40:00,735.0967333333333,0.0,2025-01-29T21:50:00,2025-01-29 00:00:00,0.7764,727.5395029783128,0.0,727.5395029783128,0.0,-0.0,1200.0,1200.0,0.0,0.0,0.0,7.557230355020465,0.0,0.0,0.0,0.0,1702.2332478866722,1693.8363252699828,564.861670112362,0.0,564.861670112362
2025-01-29,132,2025-01-29 22:00:00,2025-01-29 21:50:00,622.9266666666666,0.0,2025-01-29T22:00:00,2025-01-29 00:00:00,0.4209,582.734343336625,0.0,1416.0676766699582,833.3333333333333,0.0,1200.0,1950.0,0.0,1.0,793.1410100032916,0.0,0.0,0.0,0.0,0.0,1693.8363252699828,2407.6632342729454,596.0228851103855,0.0,596.0228851103855
2025-01-29,133,2025-01-29 22:10:00,2025-01-29 22:00:00,578.9409166666667,0.0,2025-01-29T22:10:00,2025-01-29 00:00:00,0.3859,555.3833496370952,0.0,1388.7166829704283,833.3333333333333,0.0,1950.0,2700.0,0.0,1.0,809.7757663037617,0.0,0.0,0.0,0.0,0.0,2407.6632342729454,3136.461423946331,535.9057679582884,0.0,535.9057679582884
2025-01-29,134,2025-01-29 22:20:00,2025-01-29 22:10:00,554.8473,0.0,2025-01-29T22:20:00,2025-01-29 00:00:00,0.4368,587.786049239055,0.0,587.786049239055,0.0,0.0,2700.0,2700.0,0.0,0.0,32.93874923905503,0.0,0.0,0.0,0.0,0.0,3136.461423946331,3166.1062982614803,256.7449463076193,0.0,256.7449463076193
2025-01-29,135,2025-01-29 22:30:00,2025-01-29 22:20:00,532.7783333333333,0.0,2025-01-29T22:30:00,2025-01-29 00:00:00,0.4198,599.7083127362293,0.0,1433.0416460695626,833.3333333333333,0.0,2700.0,3450.0,0.0,1.0,833.3333333333334,0.0,0.0,66.92997940289592,66.92997940289592,0.0,3166.1062982614803,3916.1062982614803,601.5908830200024,0.0,601.5908830200024
2025-01-29,136,2025-01-29 22:40:00,2025-01-29 22:30:00,550.9146333333333,0.0,2025-01-29T22:40:00,2025-01-29 00:00:00,0.4186,573.3313343113338,0.0,1406.6646676446671,833.3333333333333,0.0,3450.0,4200.0,0.0,1.0,833.3333333333334,0.0,0.0,22.41670097800045,22.41670097800045,0.0,3916.1062982614803,4666.10629826148,588.8298298760577,0.0,588.8298298760577
2025-01-29,137,2025-01-29 22:50:00,2025-01-29 22:40:00,569.9477,0.0,2025-01-29T22:50:00,2025-01-29 00:00:00,0.4241,573.5812102626684,0.0,573.5812102626684,0.0,0.0,4200.0,4200.0,0.0,-0.0,3.6335102626683238,0.0,0.0,0.0,0.0,0.0,4666.10629826148,4669.376457497882,243.25579127239766,0.0,243.25579127239766
2025-01-29,138,2025-01-29 23:00:00,2025-01-29 22:50:00,572.285,0.0,2025-01-29T23:00:00,2025-01-29 00:00:00,0.4237,604.4943800222567,0.0,1437.8277133555898,833.3333333333331,0.0,4200.0,4950.0,0.0,0.9999999999999999,833.3333333333334,0.0,0.0,32.20938002225648,32.20938002225648,0.0,4669.376457497882,5419.376457497882,609.2076021487634,0.0,609.2076021487634
2025-01-29,139,2025-01-29 23:10:00,2025-01-29 23:00:00,575.5155333333333,0.0,2025-01-29T23:10:00,2025-01-29 00:00:00,0.4248,606.7092189971678,0.0,606.7092189971678,0.0,0.0,4950.0,4950.0,0.0,0.0,31.193685663834458,0.0,0.0,0.0,0.0,0.0,5419.376457497882,5447.450774595333,257.7300762299969,0.0,257.7300762299969
2025-01-29,140,2025-01-29 23:20:00,2025-01-29 23:10:00,571.2774833333334,0.0,2025-01-29T23:20:00,2025-01-29 00:00:00,0.424,591.2557940797469,0.0,1245.8451641352326,654.5893700554856,0.0,4950.0,5539.130433049937,0.0,1.0000000000000002,674.5676808018992,0.0,0.0,0.0,0.0,0.0,5447.450774595333,6054.561687317043,528.2383495933386,0.0,528.2383495933386
2025-01-29,141,2025-01-29 23:30:00,2025-01-29 23:20:00,567.2733333333333,0.0,2025-01-29T23:30:00,2025-01-29 00:00:00,0.422,575.7214040313359,0.0,1409.054737364669,833.3333333333333,0.0,5539.130433049937,6289.130433049937,0.0,1.0,833.3333333333334,0.0,0.0,8.448070698002425,8.448070698002425,0.0,6054.561687317043,6804.561687317043,594.6210991678903,0.0,594.6210991678903
2025-01-29,142,2025-01-29 23:40:00,2025-01-29 23:30:00,584.014,0.0,2025-01-29T23:40:00,2025-01-29 00:00:00,0.424,567.3525406692368,0.0,567.3525406692368,0.0,0.0,6289.130433049937,6289.130433049937,0.0,-0.0,0.0,16.66145933076325,0.0,0.0,0.0,0.0,6804.561687317043,6786.048954727306,240.55747724375638,0.0,240.55747724375638
2025-01-29,143,2025-01-29 23:50:00,2025-01-29 23:40:00,601.5159166666666,0.0,2025-01-29T23:50:00,2025-01-29 00:00:00,0.4271,578.5744240856737,0.0,578.5744240856737,0.0,0.0,6289.130433049937,6289.130433049937,0.0,0.0,0.0,22.941492580992872,0.0,0.0,0.0,0.0,6786.048954727306,6760.558407415092,247.10913652699125,0.0,247.10913652699125
2025-01-29,144,2025-01-30 00:00:00,2025-01-29 23:50:00,596.7483333333333,0.0,2025-01-30T00:00:00,2025-01-29 00:00:00,0.4276,596.2382930890699,0.0,596.2382930890699,0.0,0.0,6289.130433049937,6289.130433049937,0.0,0.0,0.0,0.5100402442634504,0.0,0.0,0.0,0.0,6760.558407415092,6759.991696032577,254.95149412488627,0.0,254.95149412488627
2025-01-30,1,2025-01-30 00:10:00,2025-01-30 00:00:00,567.5041833333333,0.0,2025-01-30T00:10:00,2025-01-30 00:00:00,0.4248,592.3952133428032,0.0,1425.7285466761364,833.3333333333333,0.0,6759.991696032577,7509.991696032577,0.0,1.0,833.3333333333334,0.0,0.0,24.89103000946966,24.89103000946966,0.0,6759.991696032577,7509.991696032577,605.6494866280227,0.0,605.6494866280227
2025-01-30,2,2025-01-30 00:20:00,2025-01-30 00:10:00,563.3384,0.0,2025-01-30T00:20:00,2025-01-30 00:00:00,0.4245,597.4390271539474,0.0,1430.7723604872808,833.3333333333334,0.0,7509.991696032577,8259.991696032577,0.0,1.0000000000000002,833.3333333333334,0.0,0.0,34.10062715394747,34.10062715394747,0.0,7509.991696032577,8259.991696032577,607.3628670268507,0.0,607.3628670268507
2025-01-30,3,2025-01-30 00:30:00,2025-01-30 00:20:00,596.26,0.0,2025-01-30T00:30:00,2025-01-30 00:00:00,0.4269,615.6399998374583,0.0,1448.9733331707916,833.3333333333333,0.0,8259.991696032577,9009.991696032577,0.0,1.0,833.3333333333334,0.0,0.0,19.379999837458286,19.379999837458286,0.0,8259.991696032577,9009.991696032577,618.5667159306109,0.0,618.5667159306109
2025-01-30,4,2025-01-30 00:40:00,2025-01-30 00:30:00,630.6059,0.0,2025-01-30T00:40:00,2025-01-30 00:00:00,0.4272,624.7742201887162,0.0,947.005669041408,322.2314488526919,0.0,9009.991696032577,9300.0,0.0,0.9999999999999993,316.39976904140804,0.0,0.0,0.0,0.0,0.0,9009.991696032577,9294.751488169844,404.56082181448954,0.0,404.56082181448954
2025-01-30,5,2025-01-30 00:50:00,2025-01-30 00:40:00,642.7418833333334,0.0,2025-01-30T00:50:00,2025-01-30 00:00:00,0.4271,630.9263407670769,0.0,1464.2596741004102,833.3333333333333,0.0,9300.0,10050.0,0.0,1.0,821.5177907670768,0.0,0.0,0.0,0.0,0.0,9294.751488169844,10034.117499860213,625.3853068082851,0.0,625.3853068082851
2025-01-30,6,2025-01-30 01:00:00,2025-01-30 00:50:00,637.4766666666667,0.0,2025-01-30T01:00:00,2025-01-30 00:00:00,0.4285,632.5360159152565,0.0,632.5360159152565,0.0,0.0,10050.0,10050.0,0.0,0.0,0.0,4.940650751410203,0.0,0.0,0.0,0.0,10034.117499860213,10028.627887914201,271.0416828196874,0.0,271.0416828196874
2025-01-30,7,2025-01-30 01:10:00,2025-01-30 01:00:00,637.8859166666667,0.0,2025-01-30T01:10:00,2025-01-30 00:00:00,0.4311,623.0705491376689,0.0,623.0705491376689,0.0,0.0,10050.0,10050.0,0.0,0.0,0.0,14.815367528997854,0.0,0.0,0.0,0.0,10028.627887914201,10012.166368437536,268.60571373324905,0.0,268.60571373324905
2025-01-30,8,2025-01-30 01:20:00,2025-01-30 01:10:00,640.8743499999999,0.0,2025-01-30T01:20:00,2025-01-30 00:00:00,0.4302,634.2501660413195,0.0,634.2501660413195,0.0,0.0,10050.0,10050.0,0.0,0.0,0.0,6.624183958680419,0.0,0.0,0.0,0.0,10012.166368437536,10004.806164039002,272.85442143097566,0.0,272.85442143097566
2025-01-30,9,2025-01-30 01:30:00,2025-01-30 01:20:00,643.085,0.0,2025-01-30T01:30:00,2025-01-30 00:00:00,0.4279,655.3009875287041,0.0,655.3009875287041,0.0,0.0,10050.0,10050.0,0.0,6.661338147750939e-16,12.21598752870409,0.0,0.0,0.0,0.0,0.0,10004.806164039002,10015.800552814837,280.4032925635325,0.0,280.4032925635325
2025-01-30,10,2025-01-30 01:40:00,2025-01-30 01:30:00,645.8091833333334,0.0,2025-01-30T01:40:00,2025-01-30 00:00:00,0.4312,645.715687984894,0.0,645.715687984894,0.0,0.0,10050.0,10050.0,0.0,0.0,0.0,0.09349534843943275,0.0,0.0,0.0,0.0,10015.800552814837,10015.696669094348,278.4326046590863,0.0,278.4326046590863
2025-01-30,11,2025-01-30 01:50:00,2025-01-30 01:40:00,643.3305833333333,0.0,2025-01-30T01:50:00,2025-01-30 00:00:00,0.4333,651.6145780073224,0.0,651.6145780073224,0.0,0.0,10050.0,10050.0,0.0,0.0,8.283994673989127,0.0,0.0,0.0,0.0,0.0,10015.696669094348,10023.152264300938,282.3445966505728,0.0,282.3445966505728
2025-01-30,12,2025-01-30 02:00:00,2025-01-30 01:50:00,642.145,0.0,2025-01-30T02:00:00,2025-01-30 00:00:00,0.4311,665.5456588864021,0.0,665.5456588864021,0.0,0.0,10050.0,10050.0,0.0,0.0,23.400658886402084,0.0,0.0,0.0,0.0,0.0,10023.152264300938,10044.212857298699,286.9167335459279,0.0,286.9167335459279
2025-01-30,13,2025-01-30 02:10:00,2025-01-30 02:00:00,654.6027833333334,0.0,2025-01-30T02:10:00,2025-01-30 00:00:00,0.4293,632.2903597014383,0.0,632.2903597014383,0.0,0.0,10050.0,10050.0,0.0,0.0,0.0,22.312423631895058,0.0,0.0,0.0,0.0,10044.212857298699,10019.421275485482,271.44225141982747,0.0,271.44225141982747
2025-01-30,14,2025-01-30 02:20:00,2025-01-30 02:10:00,660.8845333333334,0.0,2025-01-30T02:20:00,2025-01-30 00:00:00,0.4324,606.2709546284339,0.0,606.2709546284339,0.0,0.0,10050.0,10050.0,0.0,0.0,0.0,54.61357870489951,0.0,0.0,0.0,0.0,10019.421275485482,9958.739521368927,262.1515607813348,0.0,262.1515607813348
2025-01-30,15,2025-01-30 02:30:00,2025-01-30 02:20:00,645.6183333333333,0.0,2025-01-30T02:30:00,2025-01-30 00:00:00,0.4367,613.1597046080948,0.0,613.1597046080948,0.0,0.0,10050.0,10050.0,0.0,0.0,0.0,32.458628725238555,0.0,0.0,0.0,0.0,9958.739521368927,9922.674378340884,267.76684300235496,0.0,267.76684300235496
2025-01-30,16,2025-01-30 02:40:00,2025-01-30 02:30:00,621.0956333333334,0.0,2025-01-30T02:40:00,2025-01-30 00:00:00,0.4348,630.5675526832471,0.0,630.5675526832471,0.0,0.0,10050.0,10050.0,0.0,0.0,9.471919349913719,0.0,0.0,0.0,0.0,0.0,9922.674378340884,9931.199105755806,274.17077190667584,0.0,274.17077190667584
2025-01-30,17,2025-01-30 02:50:00,2025-01-30 02:40:00,654.3948333333334,0.0,2025-01-30T02:50:00,2025-01-30 00:00:00,0.4335,669.6796768673674,0.0,669.6796768673674,0.0,0.0,10050.0,10050.0,0.0,0.0,15.284843534034053,0.0,0.0,0.0,0.0,0.0,9931.199105755806,9944.955464936436,290.3061399220038,0.0,290.3061399220038
2025-01-30,18,2025-01-30 03:00:00,2025-01-30 02:50:00,705.7950000000001,0.0,2025-01-30T03:00:00,2025-01-30 00:00:00,0.4357,701.707362927051,0.0,701.707362927051,0.0,0.0,10050.0,10050.0,0.0,0.0,0.0,4.0876370729490645,0.0,0.0,0.0,0.0,9944.955464936436,9940.413645966493,305.7338980273161,0.0,305.7338980273161
2025-01-30,19,2025-01-30 03:10:00,2025-01-30 03:00:00,670.5565333333333,0.0,2025-01-30T03:10:00,2025-01-30 00:00:00,0.4374,678.2939672373385,0.0,678.2939672373385,0.0,0.0,10050.0,10050.0,0.0,0.0,7.737433904005229,0.0,0.0,0.0,0.0,0.0,9940.413645966493,9947.377336480098,296.6857812696119,0.0,296.6857812696119
2025-01-30,20,2025-01-30 03:20:00,2025-01-30 03:10:00,658.8305,0.0,2025-01-30T03:20:00,2025-01-30 00:00:00,0.4371,665.4480022772098,0.0,665.4480022772098,0.0,0.0,10050.0,10050.0,0.0,0.0,6.617502277209724,0.0,0.0,0.0,0.0,0.0,9947.377336480098,9953.333088529587,290.86732179536835,0.0,290.86732179536835
2025-01-30,21,2025-01-30 03:30:00,2025-01-30 03:20:00,688.785,0.0,2025-01-30T03:30:00,2025-01-30 00:00:00,0.4356,682.3666182945351,0.0,682.3666182945351,0.0,0.0,10050.0,10050.0,0.0,0.0,0.0,6.418381705464867,0.0,0.0,0.0,0.0,9953.333088529587,9946.201553301293,297.2388989290995,0.0,297.2388989290995
2025-01-30,22,2025-01-30 03:40:00,2025-01-30 03:30:00,671.02305,0.0,2025-01-30T03:40:00,2025-01-30 00:00:00,0.4353,686.2740081581754,0.0,686.2740081581754,0.0,0.0,10050.0,10050.0,0.0,0.0,15.250958158175422,0.0,0.0,0.0,0.0,0.0,9946.201553301293,9959.927415643651,298.73507575125376,0.0,298.73507575125376
2025-01-30,23,2025-01-30 03:50:00,2025-01-30 03:40:00,669.9153833333334,0.0,2025-01-30T03:50:00,2025-01-30 00:00:00,0.436,689.3990756389802,0.0,689.3990756389802,0.0,0.0,10050.0,10050.0,0.0,0.0,19.483692305646855,0.0,0.0,0.0,0.0,0.0,9959.927415643651,9977.462738718734,300.57799697859537,0.0,300.57799697859537
2025-01-30,24,2025-01-30 04:00:00,2025-01-30 03:50:00,696.9616666666667,0.0,2025-01-30T04:00:00,2025-01-30 00:00:00,0.4378,698.8178911869593,0.0,698.8178911869593,0.0,0.0,10050.0,10050.0,0.0,0.0,1.8562245202925851,0.0,0.0,0.0,0.0,0.0,9977.462738718734,9979.133340786997,305.9424727616508,0.0,305.9424727616508
2025-01-30,25,2025-01-30 04:10:00,2025-01-30 04:00:00,693.0588333333334,0.0,2025-01-30T04:10:00,2025-01-30 00:00:00,0.4401,700.1508346093212,0.0,700.1508346093212,0.0,0.0,10050.0,10050.0,0.0,0.0,7.092001275987855,0.0,0.0,0.0,0.0,0.0,9979.133340786997,9985.516141935386,308.1363823115623,0.0,308.1363823115623
2025-01-30,26,2025-01-30 04:20:00,2025-01-30 04:10:00,687.1350833333332,0.0,2025-01-30T04:20:00,2025-01-30 00:00:00,0.4389,674.6267012420791,0.0,674.6267012420791,0.0,0.0,10050.0,10050.0,0.0,0.0,0.0,12.508382091254134,0.0,0.0,0.0,0.0,9985.516141935386,9971.617939611771,296.0936591751485,0.0,296.0936591751485
2025-01-30,27,2025-01-30 04:30:00,2025-01-30 04:20:00,702.1999999999999,0.0,2025-01-30T04:30:00,2025-01-30 00:00:00,0.4364,658.942230513212,0.0,658.942230513212,0.0,0.0,10050.0,10050.0,0.0,0.0,0.0,43.25776948678788,0.0,0.0,0.0,0.0,9971.617939611771,9923.553751293119,287.56238939596574,0.0,287.56238939596574
2025-01-30,28,2025-01-30 04:40:00,2025-01-30 04:30:00,720.7110666666667,0.0,2025-01-30T04:40:00,2025-01-30 00:00:00,0.4393,709.3709594033927,0.0,709.3709594033927,0.0,0.0,10050.0,10050.0,0.0,0.0,0.0,11.340107263274035,0.0,0.0,0.0,0.0,9923.553751293119,9910.953632111703,311.62666246591044,0.0,311.62666246591044
2025-01-30,29,2025-01-30 04:50:00,2025-01-30 04:40:00,683.7849333333334,0.0002666666666666667,2025-01-30T04:50:00,2025-01-30 00:00:00,0.4422,739.1128659247456,0.0002833333333333333,739.1125825914123,0.0,0.0,10050.0,10050.0,0.0,0.0,55.32791592474564,0.0,0.0,0.0,0.0,0.0,9910.953632111703,9960.748756443974,326.8355840219225,0.0,326.8355840219225
2025-01-30,30,2025-01-30 05:00:00,2025-01-30 04:50:00,638.025,0.0,2025-01-30T05:00:00,2025-01-30 00:00:00,0.4395,716.3222622899577,0.0,716.3222622899577,0.0,0.0,10050.0,10050.0,0.0,0.0,78.29726228995776,0.0,0.0,0.0,0.0,0.0,9960.748756443974,10031.216292504936,314.82363427643645,0.0,314.82363427643645
2025-01-30,31,2025-01-30 05:10:00,2025-01-30 05:00:00,689.59165,0.0,2025-01-30T05:10:00,2025-01-30 00:00:00,0.4333,696.6083442464505,0.0,696.6083442464505,0.0,0.0,10050.0,10050.0,0.0,0.0,7.016694246450584,0.0,0.0,0.0,0.0,0.0,10031.216292504936,10037.531317326742,301.840395561987,0.0,301.840395561987
2025-01-30,32,2025-01-30 05:20:00,2025-01-30 05:10:00,726.1567666666666,0.0037666666666666664,2025-01-30T05:20:00,2025-01-30 00:00:00,0.4439,717.0390182372136,0.004066666666666667,717.0349515705469,0.0,0.0,10050.0,10050.0,0.0,0.0,0.0,9.118048429452983,0.0,0.0,0.0,0.0,10037.531317326742,10027.400152405127,318.2918150021658,0.0,318.2918150021658
2025-01-30,33,2025-01-30 05:30:00,2025-01-30 05:20:00,700.0516666666667,0.0,2025-01-30T05:30:00,2025-01-30 00:00:00,0.4301,740.9417891567548,0.0,740.9417891567548,0.0,0.0,10050.0,10050.0,0.0,0.0,40.89012249008806,0.0,0.0,0.0,0.0,0.0,10027.400152405127,10064.201262646207,318.67906351632024,0.0,318.67906351632024
2025-01-30,34,2025-01-30 05:40:00,2025-01-30 05:30:00,689.5921166666667,0.0,2025-01-30T05:40:00,2025-01-30 00:00:00,0.3713,712.4794861633195,0.0,1545.8128194966528,833.3333333333333,0.0,10050.0,10800.0,0.0,1.0,817.554152615325,0.0,0.0,38.666550214661015,38.666550214661015,0.0,10064.201262646207,10800.0,573.9602998791072,0.0,573.9602998791072
2025-01-30,35,2025-01-30 05:50:00,2025-01-30 05:40:00,787.4266166666666,0.05235,2025-01-30T05:50:00,2025-01-30 00:00:00,0.5708,763.2072876146337,0.05656666666666666,763.1507209479671,0.0,-0.0,10800.0,10800.0,0.0,-0.0,0.0,24.223545718699484,0.0,0.0,0.0,0.0,10800.0,10773.084949201446,435.6064315170996,0.0,435.6064315170996
2025-01-30,36,2025-01-30 06:00:00,2025-01-30 05:50:00,920.0716666666667,0.0,2025-01-30T06:00:00,2025-01-30 00:00:00,0.9099,882.232206319347,0.0,48.89887298601377,0.0,833.3333333333333,10800.0,9874.074074074075,0.0,0.0,0.0,833.3333333333334,37.83946034731957,0.0,0.0,0.0,10773.084949201446,9847.15902327552,44.493084529973935,172.1506248501304,216.64370938010435
2025-01-30,37,2025-01-30 06:10:00,2025-01-30 06:00:00,918.81505,0.0,2025-01-30T06:10:00,2025-01-30 00:00:00,0.9368,917.6823511420424,0.0,84.34901780870916,0.0,833.3333333333333,9874.074074074075,8948.14814814815,0.0,0.0,0.0,833.3333333333334,1.1326988579575072,0.0,0.0,0.0,9847.15902327552,8921.233097349595,79.01815988319875,5.305561450672964,84.32372133387172
2025-01-30,38,2025-01-30 06:20:00,2025-01-30 06:10:00,901.3822333333333,0.72925,2025-01-30T06:20:00,2025-01-30 00:00:00,0.8758,911.7371870448094,0.7879833333333334,910.949203711476,0.0,0.0,8948.14814814815,8948.14814814815,0.0,0.0,10.29622037814272,0.0,0.0,0.0,0.0,0.0,8921.233097349595,8930.499695689923,797.8093126105107,0.0,797.8093126105107
2025-01-30,39,2025-01-30 06:30:00,2025-01-30 06:20:00,917.695,0.0,2025-01-30T06:30:00,2025-01-30 00:00:00,0.8759,906.8559890114936,0.0,906.8559890114936,0.0,0.0,8948.14814814815,8948.14814814815,0.0,0.0,0.0,10.839010988506402,0.0,0.0,0.0,0.0,8930.499695689923,8918.456350147138,794.3151607751673,0.0,794.3151607751673
2025-01-30,40,2025-01-30 06:40:00,2025-01-30 06:30:00,902.0970333333333,0.0,2025-01-30T06:40:00,2025-01-30 00:00:00,0.8601,899.1455645280157,0.0,899.1455645280157,0.0,0.0,8948.14814814815,8948.14814814815,0.0,0.0,0.0,2.9514688053176314,0.0,0.0,0.0,0.0,8918.456350147138,8915.176940363452,773.3551000505463,0.0,773.3551000505463
2025-01-30,41,2025-01-30 06:50:00,2025-01-30 06:40:00,889.5349166666666,12.017249999999999,2025-01-30T06:50:00,2025-01-30 00:00:00,0.8442,899.7010857180188,12.981916666666665,886.7191690513522,0.0,0.0,8948.14814814815,8948.14814814815,0.0,0.0,9.201502384685568,0.0,0.0,0.0,0.0,0.0,8915.176940363452,8923.45829250967,748.5683225131514,0.0,748.5683225131514
2025-01-30,42,2025-01-30 07:00:00,2025-01-30 06:50:00,893.0016666666667,50.225,2025-01-30T07:00:00,2025-01-30 00:00:00,0.8334,903.7263420311934,54.18125,849.5450920311935,0.0,0.0,8948.14814814815,8948.14814814815,0.0,0.0,6.76842536452682,0.0,0.0,0.0,0.0,0.0,8923.45829250967,8929.549875337743,708.0108796987967,0.0,708.0108796987967
2025-01-30,43,2025-01-30 07:10:00,2025-01-30 07:00:00,885.9378499999999,89.95841666666666,2025-01-30T07:10:00,2025-01-30 00:00:00,0.8092,898.1727485186759,97.88603333333333,800.2867151853426,0.0,0.0,8948.14814814815,8948.14814814815,0.0,0.0,4.307281852009396,0.0,0.0,0.0,0.0,0.0,8929.549875337743,8933.426429004552,647.5920099279792,0.0,647.5920099279792
2025-01-30,44,2025-01-30 07:20:00,2025-01-30 07:10:00,877.4791,129.59826666666666,2025-01-30T07:20:00,2025-01-30 00:00:00,0.7972,914.5191035322541,147.1291,767.3900035322541,0.0,0.0,8948.14814814815,8948.14814814815,0.0,0.0,19.509170198920742,0.0,0.0,0.0,0.0,0.0,8933.426429004552,8950.98468218358,611.763310815913,0.0,611.763310815913
2025-01-30,45,2025-01-30 07:30:00,2025-01-30 07:20:00,869.7983333333333,174.025,2025-01-30T07:30:00,2025-01-30 00:00:00,0.7644,922.1405664811961,200.75625,721.384316481196,0.0,0.0,8948.14814814815,8948.14814814815,0.0,0.0,25.610983147862726,0.0,0.0,0.0,0.0,0.0,8950.98468218358,8974.034567016657,551.4261715182263,0.0,551.4261715182263
2025-01-30,46,2025-01-30 07:40:00,2025-01-30 07:30:00,875.6933,226.60596666666666,2025-01-30T07:40:00,2025-01-30 00:00:00,0.6899,882.1850418150789,251.16245,1464.355925148412,833.3333333333333,0.0,8948.14814814815,9698.14814814815,0.0,1.0,815.2685918150788,0.0,0.0,0.0,0.0,0.0,8974.034567016657,9707.776299650228,1010.2591527598894,0.0,1010.2591527598894
2025-01-30,47,2025-01-30 07:50:00,2025-01-30 07:40:00,1007.0406333333334,279.22076666666663,2025-01-30T07:50:00,2025-01-30 00:00:00,0.86,1001.9746911932066,306.82728333333336,695.1474078598733,0.0,0.0,9698.14814814815,9698.14814814815,0.0,0.0,0.0,32.67245880679354,0.0,0.0,0.0,0.0,9707.776299650228,9671.473567642679,597.8267707594911,0.0,597.8267707594911
2025-01-30,48,2025-01-30 08:00:00,2025-01-30 07:50:00,1193.5383333333332,328.30625000000003,2025-01-30T08:00:00,2025-01-30 00:00:00,1.1617,1215.718039277067,367.35625,15.028455943733661,0.0,833.3333333333333,9698.14814814815,8772.222222222224,0.0,0.0,0.0,833.3333333333334,16.87029405626606,0.0,0.0,0.0,9671.473567642679,8745.547641716754,17.458557269835392,97.99110302582142,115.44966029565681
2025-01-30,49,2025-01-30 08:10:00,2025-01-30 08:00:00,1232.1240666666665,375.0532333333333,2025-01-30T08:10:00,2025-01-30 00:00:00,1.1683,1233.4515337688317,421.5161,0.0,0.0,811.9354337688317,8772.222222222224,7870.071740256856,0.0,0.0,0.0,833.3333333333334,23.73749999999984,0.0,0.0,0.0,8745.547641716754,7819.621715790828,0.0,138.66260624999907,138.66260624999907
2025-01-30,50,2025-01-30 08:20:00,2025-01-30 08:10:00,1213.44,410.82248333333337,2025-01-30T08:20:00,2025-01-30 00:00:00,1.0956,1202.6313127993196,467.17685,0.0,0.0,735.4544627993196,7870.071740256856,7052.900114924279,0.0,0.0,0.0,802.6175166666667,0.0,0.0,0.0,0.0,7819.621715790828,6927.824475050087,0.0,0.0,0.0
2025-01-30,51,2025-01-30 08:30:00,2025-01-30 08:20:00,1218.0716666666667,445.7,2025-01-30T08:30:00,2025-01-30 00:00:00,1.0849,1207.4571731369188,513.9812499999999,0.0,0.0,693.4759231369188,7052.900114924279,6282.371311438813,0.0,0.0,0.0,772.3716666666667,0.0,0.0,0.0,0.0,6927.824475050087,6069.633734309346,0.0,0.0,0.0
2025-01-30,52,2025-01-30 08:40:00,2025-01-30 08:30:00,1234.3985833333334,500.5491333333334,2025-01-30T08:40:00,2025-01-30 00:00:00,1.061,1184.264631409455,572.7222166666667,0.0,0.0,611.5424147427883,6282.371311438813,5602.879739502381,0.0,0.0,0.0,733.8494499999999,0.0,0.0,0.0,0.0,6069.633734309346,5254.245456531568,0.0,0.0,0.0
2025-01-30,53,2025-01-30 08:50:00,2025-01-30 08:40:00,1226.95115,555.2006833333334,2025-01-30T08:50:00,2025-01-30 00:00:00,1.043,1180.1691050052061,622.7607666666667,0.0,0.0,557.4083383385395,5602.879739502381,4983.537141348448,0.0,0.0,0.0,671.7504666666667,0.0,0.0,0.0,0.0,5254.245456531568,4507.856049124161,0.0,0.0,0.0
2025-01-30,54,2025-01-30 09:00:00,2025-01-30 08:50:00,1199.3483333333334,599.85,2025-01-30T09:00:00,2025-01-30 00:00:00,1.036,1204.7067495765223,666.9562500000001,0.0,0.0,537.7504995765222,4983.537141348448,4386.0365862634235,0.0,0.0,0.0,599.4983333333333,0.0,0.0,0.0,0.0,4507.856049124161,3841.746789864901,0.0,0.0,0.0
2025-01-30,55,2025-01-30 09:10:00,2025-01-30 09:00:00,1189.14565,645.6125666666667,2025-01-30T09:10:00,2025-01-30 00:00:00,1.0147,1212.8940085159738,725.8716833333333,0.0,0.0,487.02232518264054,4386.0365862634235,3844.9006693938227,0.0,0.0,0.0,543.5330833333333,0.0,0.0,0.0,0.0,3841.746789864901,3237.821141716753,0.0,0.0,0.0
2025-01-30,56,2025-01-30 09:20:00,2025-01-30 09:10:00,1193.21125,702.6814833333333,2025-01-30T09:20:00,2025-01-30 00:00:00,0.9922,1209.8106053740448,767.3382833333334,0.0,0.0,442.47232204071145,3844.9006693938227,3353.2647560152545,0.0,0.0,0.0,490.5297666666668,0.0,0.0,0.0,0.0,3237.821141716753,2692.788067642679,0.0,0.0,0.0
2025-01-30,57,2025-01-30 09:30:00,2025-01-30 09:20:00,1197.7583333333334,754.0,2025-01-30T09:30:00,2025-01-30 00:00:00,0.97,1197.7795278157519,797.74375,0.0,0.0,400.0357778157519,3353.2647560152545,2908.7805584421967,0.0,0.0,0.0,443.75833333333344,0.0,0.0,0.0,0.0,2692.788067642679,2199.723252827864,0.0,0.0,0.0
2025-01-30,58,2025-01-30 09:40:00,2025-01-30 09:30:00,1194.9671333333333,774.2287666666666,2025-01-30T09:40:00,2025-01-30 00:00:00,0.9422,1174.5002339984035,856.0754166666667,0.0,0.0,318.4248173317368,2908.7805584421967,2554.975205851378,0.0,0.0,0.0,420.7383666666667,0.0,0.0,0.0,0.0,2199.723252827864,1732.23617875379,0.0,0.0,0.0
2025-01-30,59,2025-01-30 09:50:00,2025-01-30 09:40:00,1199.6403166666666,809.5384166666666,2025-01-30T09:50:00,2025-01-30 00:00:00,0.9569,1180.0260093306074,905.8448333333334,0.0,0.0,274.18117599727395,2554.975205851378,2250.329454743296,0.0,0.0,0.0,390.1019,0.0,0.0,0.0,0.0,1732.23617875379,1298.7896231982345,0.0,0.0,0.0
2025-01-30,60,2025-01-30 10:00:00,2025-01-30 09:50:00,1204.0383333333332,866.9562500000001,2025-01-30T10:00:00,2025-01-30 00:00:00,0.9977,1192.4633397460968,947.2375000000001,0.0,0.0,245.22583974609677,2250.329454743296,1977.8562994698552,0.0,0.0,0.0,88.91066087841105,248.17142245492207,0.0,0.0,0.0,1298.7896231982345,1200.0,0.0,1238.0031409163787,1238.0031409163787
2025-01-30,61,2025-01-30 10:10:00,2025-01-30 10:00:00,1185.0814333333333,906.5894,2025-01-30T10:10:00,2025-01-30 00:00:00,0.9919,1151.1359571072867,1012.9474333333333,0.0,0.0,138.18852377395342,1977.8562994698552,1824.3134952765736,0.0,0.0,0.0,0.0,278.4920333333333,0.0,0.0,0.0,1200.0,1200.0,0.0,1381.1812393166667,1381.1812393166667
2025-01-30,62,2025-01-30 10:20:00,2025-01-30 10:10:00,1169.7888833333334,929.8956499999999,2025-01-30T10:20:00,2025-01-30 00:00:00,0.9588,1127.3051361894038,1044.7165166666666,0.0,0.0,82.58861952273719,1824.3134952765736,1732.5483624735323,0.0,0.0,0.0,0.0,239.89323333333346,0.0,0.0,0.0,1200.0,1200.0,0.0,1150.0481606000005,1150.0481606000005
2025-01-30,63,2025-01-30 10:30:00,2025-01-30 10:20:00,1167.7133333333334,944.0749999999999,2025-01-30T10:30:00,2025-01-30 00:00:00,0.9549,1140.0969917434804,1039.9875,0.0,0.0,100.10949174348048,1732.5483624735323,1621.315593869665,0.0,0.0,0.0,0.0,223.63833333333343,0.0,0.0,0.0,1200.0,1200.0,0.0,1067.7612225000005,1067.7612225000005
2025-01-30,64,2025-01-30 10:40:00,2025-01-30 10:30:00,1162.7911000000001,955.02895,2025-01-30T10:40:00,2025-01-30 00:00:00,0.9839,1137.9670994335593,1054.2888666666665,0.0,0.0,83.67823276689273,1621.315593869665,1528.3397796842287,0.0,0.0,0.0,0.0,207.76215000000013,0.0,0.0,0.0,1200.0,1200.0,0.0,1022.0858969250007,1022.0858969250007
2025-01-30,65,2025-01-30 10:50:00,2025-01-30 10:40:00,1157.66335,983.11135,2025-01-30T10:50:00,2025-01-30 00:00:00,0.799,1130.4229751575376,1061.4229833333334,68.99999182420424,0.0,0.0,1528.3397796842287,1528.3397796842287,0.0,0.0,0.0,0.0,105.55200817579566,0.0,0.0,0.0,1200.0,1200.0,55.13099346753919,421.6802726623037,476.8112661298429
2025-01-30,66,2025-01-30 11:00:00,2025-01-30 10:50:00,1159.1966666666667,1023.80625,2025-01-30T11:00:00,2025-01-30 00:00:00,0.5025,1144.5486680655488,1062.875,915.007001398882,833.3333333333333,0.0,1528.3397796842287,2278.3397796842287,0.0,1.0,779.6165847322154,0.0,0.0,0.0,0.0,0.0,1200.0,1901.6549262589938,459.7910182029382,0.0,459.7910182029382
2025-01-30,67,2025-01-30 11:10:00,2025-01-30 11:00:00,1168.0121166666665,1047.532,2025-01-30T11:10:00,2025-01-30 00:00:00,0.4662,1188.536390167786,1093.1110999999999,928.7586235011195,833.3333333333333,0.0,2278.3397796842287,3028.3397796842287,0.0,1.0,808.2785068344529,0.0,0.0,0.0,0.0,0.0,1901.6549262589938,2629.1055824100013,432.9872702762219,0.0,432.9872702762219
2025-01-30,68,2025-01-30 11:20:00,2025-01-30 11:10:00,1164.2182500000001,1040.7350166666668,2025-01-30T11:20:00,2025-01-30 00:00:00,0.5007,1193.536128201473,1123.2880666666667,903.5813948681396,833.3333333333333,0.0,3028.3397796842287,3778.339779684229,0.0,1.0,780.0981615348062,0.0,0.0,0.0,0.0,0.0,2629.1055824100013,3331.193927791327,452.4232044104775,0.0,452.4232044104775
2025-01-30,69,2025-01-30 11:30:00,2025-01-30 11:20:00,1153.165,1042.625,2025-01-30T11:30:00,2025-01-30 00:00:00,0.4827,1162.47265382641,1124.1000000000001,871.705987159743,833.3333333333333,0.0,3778.339779684229,4528.339779684229,0.0,1.0,761.165987159743,0.0,0.0,0.0,0.0,0.0,3331.193927791327,4016.243316235096,420.77248000200797,0.0,420.77248000200797
2025-01-30,70,2025-01-30 11:40:00,2025-01-30 11:30:00,1157.2094666666667,1099.9092333333333,2025-01-30T11:40:00,2025-01-30 00:00:00,0.4785,1159.1287302012356,1095.0882666666666,897.3737968679022,833.3333333333333,0.0,4528.339779684229,5278.339779684229,0.0,1.0,833.3333333333334,0.0,0.0,6.740230201235477,6.740230201235477,0.0,4016.243316235096,4766.243316235095,429.3933618012912,0.0,429.3933618012912
2025-01-30,71,2025-01-30 11:50:00,2025-01-30 11:40:00,1146.5865999999999,1102.3889666666666,2025-01-30T11:50:00,2025-01-30 00:00:00,0.4662,1130.4910205800188,1084.9443833333332,878.8799705800188,833.3333333333333,0.0,5278.339779684229,6028.339779684229,0.0,1.0,833.3333333333334,0.0,0.0,1.3490039133522487,1.3490039133522487,0.0,4766.243316235095,5516.243316235095,409.7338422844048,0.0,409.7338422844048
2025-01-30,72,2025-01-30 12:00:00,2025-01-30 11:50:00,1107.57,1056.4937499999999,2025-01-30T12:00:00,2025-01-30 00:00:00,0.4432,1083.7415331928648,1094.70625,822.3686165261981,833.3333333333333,0.0,6028.339779684229,6778.339779684229,0.0,1.0,771.2923665261981,0.0,0.0,0.0,0.0,0.0,5516.243316235095,6210.406446108674,364.473770844411,0.0,364.473770844411
2025-01-30,73,2025-01-30 12:10:00,2025-01-30 12:00:00,1065.6195166666666,1080.5630833333332,2025-01-30T12:10:00,2025-01-30 00:00:00,0.4411,1089.0152452953384,1083.9415999999999,838.4069786286718,833.3333333333333,0.0,6778.339779684229,7528.339779684229,0.0,1.0,833.3333333333334,0.0,0.0,20.017211962005035,20.017211962005035,0.0,6210.406446108674,6960.406446108674,369.8213182731071,0.0,369.8213182731071
2025-01-30,74,2025-01-30 12:20:00,2025-01-30 12:10:00,1080.6657166666666,1117.9436166666667,2025-01-30T12:20:00,2025-01-30 00:00:00,0.4551,1107.9590666626837,1083.0799333333332,858.2124666626837,833.3333333333333,0.0,7528.339779684229,8278.33977968423,0.0,1.0,833.3333333333334,0.0,0.0,62.157033329350384,62.157033329350384,0.0,6960.406446108674,7710.406446108674,390.57249357818733,0.0,390.57249357818733
2025-01-30,75,2025-01-30 12:30:00,2025-01-30 12:20:00,1114.8466666666666,1132.85625,2025-01-30T12:30:00,2025-01-30 00:00:00,0.4463,1103.2223545579961,1088.0687500000001,848.4869378913293,833.3333333333333,0.0,8278.33977968423,9028.33977968423,0.0,1.0,833.3333333333334,0.0,0.0,33.16318789132936,33.16318789132936,0.0,7710.406446108674,8460.406446108675,378.6797203809002,0.0,378.6797203809002
2025-01-30,76,2025-01-30 12:40:00,2025-01-30 12:30:00,1074.4949833333333,1146.2080333333333,2025-01-30T12:40:00,2025-01-30 00:00:00,0.4113,1077.9188091788833,1063.8803500000001,847.3717925122164,833.3333333333333,0.0,9028.33977968423,9778.33977968423,0.0,1.0,833.3333333333334,0.0,0.0,85.75150917888311,85.75150917888311,0.0,8460.406446108675,9210.406446108675,348.5240182602746,0.0,348.5240182602746
2025-01-30,77,2025-01-30 12:50:00,2025-01-30 12:40:00,1061.8409333333334,1141.3747666666666,2025-01-30T12:50:00,2025-01-30 00:00:00,0.5682,1078.4421724899873,1059.9930333333334,851.7824724899872,833.3333333333333,0.0,9778.33977968423,10528.33977968423,0.0,1.0,833.3333333333334,0.0,0.0,97.98297248998699,97.98297248998699,0.0,9210.406446108675,9960.406446108675,483.9828008688107,0.0,483.9828008688107
2025-01-30,78,2025-01-30 13:00:00,2025-01-30 12:50:00,1110.2916666666667,1116.375,2025-01-30T13:00:00,2025-01-30 00:00:00,0.8279,1113.7677407777417,1079.1000000000001,34.66774077774153,0.0,0.0,10528.33977968423,10528.33977968423,0.0,0.0,40.751074111074786,0.0,0.0,0.0,0.0,0.0,9960.406446108675,9997.082412808642,28.70142258989221,0.0,28.70142258989221
2025-01-30,79,2025-01-30 13:10:00,2025-01-30 13:00:00,1144.2371166666667,1087.8977499999999,2025-01-30T13:10:00,2025-01-30 00:00:00,0.8636,1143.5746292457761,1069.8044833333333,73.77014591244279,0.0,0.0,10528.33977968423,10528.33977968423,0.0,0.0,17.430779245775966,0.0,0.0,0.0,0.0,0.0,9997.082412808642,10012.77011412984,63.70789800998559,0.0,63.70789800998559
2025-01-30,80,2025-01-30 13:20:00,2025-01-30 13:10:00,1129.9336333333333,1049.0855,2025-01-30T13:20:00,2025-01-30 00:00:00,0.8416,1124.94004898514,1038.5282833333333,86.41176565180672,0.0,0.0,10528.33977968423,10528.33977968423,0.0,0.0,5.56363231847331,0.0,0.0,0.0,0.0,0.0,10012.77011412984,10017.777383216466,72.72414197256053,0.0,72.72414197256053
2025-01-30,81,2025-01-30 13:30:00,2025-01-30 13:20:00,1092.765,1004.8937500000001,2025-01-30T13:30:00,2025-01-30 00:00:00,0.8618,1080.9951307446931,1011.6625,69.33263074469312,0.0,0.0,10528.33977968423,10528.33977968423,0.0,0.0,0.0,18.538619255306912,0.0,0.0,0.0,0.0,10017.777383216466,9997.178917377236,59.75086117577653,0.0,59.75086117577653
2025-01-30,82,2025-01-30 13:40:00,2025-01-30 13:30:00,1088.8309666666667,969.0800166666667,2025-01-30T13:40:00,2025-01-30 00:00:00,0.8623,1076.3945964273619,1008.4205166666667,67.97407976069519,0.0,0.0,10528.33977968423,10528.33977968423,0.0,0.0,0.0,51.7768702393048,0.0,0.0,0.0,0.0,9997.178917377236,9939.649061555787,58.61404897764746,0.0,58.61404897764746
2025-01-30,83,2025-01-30 13:50:00,2025-01-30 13:40:00,1107.4654,920.7369,2025-01-30T13:50:00,2025-01-30 00:00:00,0.9026,1079.349736397568,1001.0519166666667,0.0,0.0,78.29781973090132,10528.33977968423,10441.34220220545,0.0,0.0,0.0,186.72850000000005,0.0,0.0,0.0,0.0,9939.649061555787,9732.172950444676,0.0,0.0,0.0
2025-01-30,84,2025-01-30 14:00:00,2025-01-30 13:50:00,1115.8983333333333,875.90625,2025-01-30T14:00:00,2025-01-30 00:00:00,0.9754,1082.6764723881615,968.1,0.0,0.0,114.5764723881615,10441.34220220545,10314.035010663047,0.0,0.0,0.0,239.9920833333333,0.0,0.0,0.0,0.0,9732.172950444676,9465.515080074305,0.0,0.0,0.0
2025-01-30,85,2025-01-30 14:10:00,2025-01-30 14:00:00,1091.7909666666667,875.8066,2025-01-30T14:10:00,2025-01-30 00:00:00,1.0002,1107.5998454640355,912.8392666666667,0.0,0.0,194.7605787973688,10314.035010663047,10097.63436755486,0.0,0.0,0.0,215.9843666666667,0.0,0.0,0.0,0.0,9465.515080074305,9225.532450444674,0.0,0.0,0.0
2025-01-30,86,2025-01-30 14:20:00,2025-01-30 14:10:00,1072.6561333333334,879.8452333333333,2025-01-30T14:20:00,2025-01-30 00:00:00,0.9978,1095.2480831387545,863.6760833333333,0.0,0.0,231.57199980542123,10097.63436755486,9840.332145548837,0.0,0.0,0.0,192.81090000000006,0.0,0.0,0.0,0.0,9225.532450444674,9011.29811711134,0.0,0.0,0.0
2025-01-30,87,2025-01-30 14:30:00,2025-01-30 14:20:00,1078.2416666666666,843.1750000000001,2025-01-30T14:30:00,2025-01-30 00:00:00,1.0271,1058.0354727991103,822.2312499999999,0.0,0.0,235.80422279911033,9840.332145548837,9578.327453549826,0.0,0.0,0.0,235.0666666666665,0.0,0.0,0.0,0.0,9011.29811711134,8750.112931926156,0.0,0.0,0.0
2025-01-30,88,2025-01-30 14:40:00,2025-01-30 14:30:00,1092.6678333333332,756.4367666666667,2025-01-30T14:40:00,2025-01-30 00:00:00,1.0906,1069.7787239694499,768.5891499999999,0.0,0.0,301.18957396944995,9578.327453549826,9243.672371361548,0.0,0.0,0.0,336.2310666666665,0.0,0.0,0.0,0.0,8750.112931926156,8376.522857852082,0.0,0.0,0.0
2025-01-30,89,2025-01-30 14:50:00,2025-01-30 14:40:00,1089.9368666666667,683.0156666666667,2025-01-30T14:50:00,2025-01-30 00:00:00,0.9376,1084.773223549629,726.5946833333334,0.0,0.0,358.1785402162956,9243.672371361548,8845.696215565664,0.0,0.0,0.0,406.9212,0.0,0.0,0.0,0.0,8376.522857852082,7924.388191185415,0.0,0.0,0.0
2025-01-30,90,2025-01-30 15:00:00,2025-01-30 14:50:00,1070.6766666666667,649.6875,2025-01-30T15:00:00,2025-01-30 00:00:00,0.6694,1078.3773723459667,695.6125000000001,1216.0982056793,833.3333333333333,0.0,8845.696215565664,9595.696215565664,0.0,1.0,795.1090390126333,0.0,0.0,0.0,0.0,0.0,7924.388191185415,8639.986326296785,814.0561388817234,0.0,814.0561388817234
2025-01-30,91,2025-01-30 15:10:00,2025-01-30 15:00:00,1058.3101666666666,628.3227166666667,2025-01-30T15:10:00,2025-01-30 00:00:00,0.66,1070.8045102311032,649.6680833333334,1254.469760231103,833.3333333333333,0.0,9595.696215565664,10345.696215565664,0.0,1.0,824.4823102311029,0.0,0.0,0.0,0.0,0.0,8639.986326296785,9382.020405504778,827.950041752528,0.0,827.950041752528
2025-01-30,92,2025-01-30 15:20:00,2025-01-30 15:10:00,1052.67915,590.7135999999999,2025-01-30T15:20:00,2025-01-30 00:00:00,0.7217,1055.0901021683976,603.3318333333333,956.5402515398823,504.781982704818,0.0,10345.696215565664,10800.0,0.0,0.9999999999999916,494.5747015398824,0.0,0.0,0.0,0.0,0.0,9382.020405504778,9827.137636890671,690.3350995363331,0.0,690.3350995363331
2025-01-30,93,2025-01-30 15:30:00,2025-01-30 15:20:00,1056.93,534.1687499999999,2025-01-30T15:30:00,2025-01-30 00:00:00,0.7308,1044.5010502681432,553.84375,490.6573002681432,0.0,0.0,10800.0,10800.0,0.0,0.0,0.0,32.1039497318568,0.0,0.0,0.0,0.0,9827.137636890671,9791.466581633053,358.57235503595905,0.0,358.57235503595905
2025-01-30,94,2025-01-30 15:40:00,2025-01-30 15:30:00,1071.3908,476.6533166666666,2025-01-30T15:40:00,2025-01-30 00:00:00,0.7534,1062.4803828840932,482.1000833333333,580.3802995507599,0.0,0.0,10800.0,10800.0,0.0,0.0,0.0,14.35718378257343,0.0,0.0,0.0,0.0,9791.466581633053,9775.514155207971,437.25851768154246,0.0,437.25851768154246
2025-01-30,95,2025-01-30 15:50:00,2025-01-30 15:40:00,1050.9575499999999,419.127,2025-01-30T15:50:00,2025-01-30 00:00:00,0.7823,1065.17532946281,413.8577,651.3176294628099,0.0,0.0,10800.0,10800.0,0.0,0.0,19.487079462810016,0.0,0.0,0.0,0.0,0.0,9775.514155207971,9793.052526724501,509.52578152875617,0.0,509.52578152875617
2025-01-30,96,2025-01-30 16:00:00,2025-01-30 15:50:00,1027.9316666666666,360.5625,2025-01-30T16:00:00,2025-01-30 00:00:00,0.8055,1045.9036212806568,359.00624999999997,686.8973712806569,0.0,0.0,10800.0,10800.0,0.0,0.0,19.528204613990283,0.0,0.0,0.0,0.0,0.0,9793.052526724501,9810.627910877092,553.2958325665692,0.0,553.2958325665692
2025-01-30,97,2025-01-30 16:10:00,2025-01-30 16:00:00,1073.9189166666667,303.0667833333333,2025-01-30T16:10:00,2025-01-30 00:00:00,0.8271,1043.001966449708,303.19625,739.8057164497081,0.0,0.0,10800.0,10800.0,0.0,0.0,0.0,31.046416883625398,0.0,0.0,0.0,0.0,9810.627910877092,9776.131892117508,611.8933080755536,0.0,611.8933080755536
2025-01-30,98,2025-01-30 16:20:00,2025-01-30 16:10:00,1069.6030833333332,250.79565,2025-01-30T16:20:00,2025-01-30 00:00:00,0.8519,1057.012588739533,244.82741666666666,812.1851720728663,0.0,0.0,10800.0,10800.0,0.0,0.0,0.0,6.622261260466985,0.0,0.0,0.0,0.0,9776.131892117508,9768.773824050322,691.9005480888748,0.0,691.9005480888748
2025-01-30,99,2025-01-30 16:30:00,2025-01-30 16:20:00,1013.7883333333333,200.775,2025-01-30T16:30:00,2025-01-30 00:00:00,0.8791,1062.9638816556303,189.23125000000002,873.7326316556303,0.0,0.0,10800.0,10800.0,0.0,0.0,60.71929832229705,0.0,0.0,0.0,0.0,0.0,9768.773824050322,9823.421192540389,768.0983564884646,0.0,768.0983564884646
2025-01-30,100,2025-01-30 16:40:00,2025-01-30 16:30:00,1025.8990000000001,146.43793333333335,2025-01-30T16:40:00,2025-01-30 00:00:00,0.9024,1040.7987068090995,141.98576666666665,898.8129401424328,0.0,0.0,10800.0,10800.0,0.0,0.0,19.35187347576607,0.0,0.0,0.0,0.0,0.0,9823.421192540389,9840.837878668579,811.0887971845314,0.0,811.0887971845314
2025-01-30,101,2025-01-30 16:50:00,2025-01-30 16:40:00,1044.0273,96.80005,2025-01-30T16:50:00,2025-01-30 00:00:00,0.9163,1047.9622291805917,96.23221666666666,951.7300125139251,0.0,0.0,10800.0,10800.0,0.0,0.0,4.502762513925063,0.0,0.0,0.0,0.0,0.0,9840.837878668579,9844.890364931112,872.0702104665096,0.0,872.0702104665096
2025-01-30,102,2025-01-30 17:00:00,2025-01-30 16:50:00,1038.6483333333333,53.4125,2025-01-30T17:00:00,2025-01-30 00:00:00,0.9264,1069.7698215557723,49.94375,1019.8260715557723,0.0,0.0,10800.0,10800.0,0.0,0.0,34.590238222438984,0.0,0.0,0.0,0.0,0.0,9844.890364931112,9876.021579331307,944.7668726892674,0.0,944.7668726892674
2025-01-30,103,2025-01-30 17:10:00,2025-01-30 17:00:00,1044.8678666666667,12.781916666666667,2025-01-30T17:10:00,2025-01-30 00:00:00,0.9462,1035.1795786686369,11.284683333333334,1023.8948953353035,0.0,-0.0,10800.0,10800.0,0.0,0.0,0.0,8.191054664696594,0.0,0.0,0.0,0.0,9876.021579331307,9866.920407481644,968.8093499662642,0.0,968.8093499662642
2025-01-30,104,2025-01-30 17:20:00,2025-01-30 17:10:00,1040.43285,0.0,2025-01-30T17:20:00,2025-01-30 00:00:00,0.9742,1011.6232567931356,0.0,1011.6232567931356,-0.0,0.0,10800.0,10800.0,0.0,0.0,0.0,28.809593206864292,0.0,0.0,0.0,0.0,9866.920407481644,9834.909748362907,985.5233767678727,0.0,985.5233767678727
2025-01-30,105,2025-01-30 17:30:00,2025-01-30 17:20:00,1040.5366666666666,0.0,2025-01-30T17:30:00,2025-01-30 00:00:00,0.9862,1038.49824814216,0.0,1038.49824814216,0.0,0.0,10800.0,10800.0,0.0,0.0,0.0,2.0384185245065964,0.0,0.0,0.0,0.0,9834.909748362907,9832.644838891232,1024.1669723177981,0.0,1024.1669723177981
2025-01-30,106,2025-01-30 17:40:00,2025-01-30 17:30:00,1063.1256833333334,0.7756666666666666,2025-01-30T17:40:00,2025-01-30 00:00:00,0.976,1062.132579283063,0.6774,1061.455179283063,0.0,0.0,10800.0,10800.0,0.0,0.0,0.0,0.8948373836037717,0.0,0.0,0.0,0.0,9832.644838891232,9831.650575131673,1035.9802549802694,0.0,1035.9802549802694
2025-01-30,107,2025-01-30 17:50:00,2025-01-30 17:40:00,939.0254833333333,0.0,2025-01-30T17:50:00,2025-01-30 00:00:00,1.0742,923.5186075877253,0.0,923.5186075877253,0.0,0.0,10800.0,10800.0,0.0,0.0,0.0,15.506875745608,0.0,0.0,0.0,0.0,9831.650575131673,9814.420713192108,992.0436882707346,0.0,992.0436882707346
2025-01-30,108,2025-01-30 18:00:00,2025-01-30 17:50:00,736.2666666666668,0.0,2025-01-30T18:00:00,2025-01-30 00:00:00,1.2313,717.8522610218314,0.0,717.8522610218314,0.0,0.0,10800.0,10800.0,0.0,0.0,0.0,18.41440564483537,0.0,0.0,0.0,0.0,9814.420713192108,9793.960262475624,883.891488996181,0.0,883.891488996181
2025-01-30,109,2025-01-30 18:10:00,2025-01-30 18:00:00,712.4513499999999,0.055683333333333335,2025-01-30T18:10:00,2025-01-30 00:00:00,1.2561,710.8016427961848,0.048633333333333334,710.7530094628514,0.0,-0.0,10800.0,10800.0,0.0,0.0,0.0,1.6426572038151335,0.0,0.0,0.0,0.0,9793.960262475624,9792.135087804718,892.7768551862877,0.0,892.7768551862877
2025-01-30,110,2025-01-30 18:20:00,2025-01-30 18:10:00,750.3761,0.0,2025-01-30T18:20:00,2025-01-30 00:00:00,1.2447,738.7563075107612,0.0,738.7563075107612,0.0,0.0,10800.0,10800.0,0.0,0.0,0.0,11.619792489238762,0.0,0.0,0.0,0.0,9792.135087804718,9779.224207261119,919.5299759586444,0.0,919.5299759586444
2025-01-30,111,2025-01-30 18:30:00,2025-01-30 18:20:00,753.5016666666667,0.0,2025-01-30T18:30:00,2025-01-30 00:00:00,1.2545,713.9114258545823,0.0,713.9114258545823,0.0,0.0,10800.0,10800.0,0.0,0.0,0.0,39.5902408120844,0.0,0.0,0.0,0.0,9779.224207261119,9735.235050803247,895.6018837345734,0.0,895.6018837345734
2025-01-30,112,2025-01-30 18:40:00,2025-01-30 18:30:00,740.7346833333332,0.004,2025-01-30T18:40:00,2025-01-30 00:00:00,1.2522,713.2667970322184,0.0035,713.2632970322184,0.0,0.0,10800.0,10800.0,0.0,0.0,0.0,27.467386301114857,0.0,0.0,0.0,0.0,9735.235050803247,9704.715732690896,893.1483005437439,0.0,893.1483005437439
2025-01-30,113,2025-01-30 18:50:00,2025-01-30 18:40:00,723.1364666666667,0.0,2025-01-30T18:50:00,2025-01-30 00:00:00,1.2881,728.0978861511101,0.0,70.89088846527204,0.0,657.206997685838,10800.0,10069.770002571291,0.0,0.0,0.0,652.2455782013947,0.0,0.0,0.0,0.0,9704.715732690896,8979.998423578236,91.31455343211692,0.0,91.31455343211692
2025-01-30,114,2025-01-30 19:00:00,2025-01-30 18:50:00,716.2883333333333,0.0,2025-01-30T19:00:00,2025-01-30 00:00:00,1.3466,722.9832808645266,0.0,0.0,0.0,722.9832808645266,10069.770002571291,9266.455246055151,0.0,0.0,0.0,716.2883333333333,0.0,0.0,0.0,0.0,8979.998423578236,8184.12249765231,0.0,0.0,0.0
2025-01-30,115,2025-01-30 19:10:00,2025-01-30 19:00:00,734.4722,0.0002833333333333333,2025-01-30T19:10:00,2025-01-30 00:00:00,1.3523,682.6338203653429,0.00025,0.0,0.0,682.6335703653428,9266.455246055151,8507.97350120477,0.0,0.0,0.0,734.4719166666667,0.0,0.0,0.0,0.0,8184.12249765231,7368.042590244902,0.0,0.0,0.0
2025-01-30,116,2025-01-30 19:20:00,2025-01-30 19:10:00,756.2895833333333,0.0,2025-01-30T19:20:00,2025-01-30 00:00:00,1.3445,681.1453165431815,0.0,0.0,0.0,681.1453165431815,8507.97350120477,7751.145371712345,0.0,0.0,0.0,756.2895833333333,0.0,0.0,0.0,0.0,7368.042590244902,6527.720830985643,0.0,0.0,0.0
2025-01-30,117,2025-01-30 19:30:00,2025-01-30 19:20:00,765.1516666666666,0.0,2025-01-30T19:30:00,2025-01-30 00:00:00,1.3483,723.4881312197858,0.0,0.0,0.0,723.4881312197858,7751.145371712345,6947.269670357027,0.0,0.0,0.0,765.1516666666666,0.0,0.0,0.0,0.0,6527.720830985643,5677.5523124671245,0.0,0.0,0.0
2025-01-30,118,2025-01-30 19:40:00,2025-01-30 19:30:00,759.8337333333334,0.0,2025-01-30T19:40:00,2025-01-30 00:00:00,1.349,740.9575544697404,0.0,0.0,0.0,740.9575544697404,6947.269670357027,6123.983498723982,0.0,0.0,0.0,759.8337333333334,0.0,0.0,0.0,0.0,5677.5523124671245,4833.2926087634205,0.0,0.0,0.0
2025-01-30,119,2025-01-30 19:50:00,2025-01-30 19:40:00,745.37385,0.0,2025-01-30T19:50:00,2025-01-30 00:00:00,1.3473,736.1120539879283,0.0,0.0,0.0,736.1120539879283,6123.983498723982,5306.081216515173,0.0,0.0,0.0,745.37385,0.0,0.0,0.0,0.0,4833.2926087634205,4005.099442096754,0.0,0.0,0.0
2025-01-30,120,2025-01-30 20:00:00,2025-01-30 19:50:00,729.7533333333334,0.0,2025-01-30T20:00:00,2025-01-30 00:00:00,1.3482,728.8593722840201,0.0,0.0,0.0,728.8593722840201,5306.081216515173,4496.237469532928,0.0,0.0,0.0,729.7533333333334,0.0,0.0,0.0,0.0,4005.099442096754,3194.262405059717,0.0,0.0,0.0
2025-01-30,121,2025-01-30 20:10:00,2025-01-30 20:00:00,721.9010333333334,0.0,2025-01-30T20:10:00,2025-01-30 00:00:00,1.3513,732.0079286134003,0.0,0.0,0.0,732.0079286134003,4496.237469532928,3682.8953266291496,0.0,0.0,0.0,721.9010333333334,0.0,0.0,0.0,0.0,3194.262405059717,2392.1501458004577,0.0,0.0,0.0
2025-01-30,122,2025-01-30 20:20:00,2025-01-30 20:10:00,727.66305,0.0,2025-01-30T20:20:00,2025-01-30 00:00:00,1.34,736.4842608906962,0.0,0.0,0.0,736.4842608906962,3682.8953266291496,2864.5794811950427,0.0,0.0,0.0,727.66305,0.0,0.0,0.0,0.0,2392.1501458004577,1583.6356458004577,0.0,0.0,0.0
2025-01-30,123,2025-01-30 20:30:00,2025-01-30 20:20:00,734.9133333333333,0.0,2025-01-30T20:30:00,2025-01-30 00:00:00,1.3489,742.0277403834835,0.0,0.0,0.0,742.0277403834835,2864.5794811950427,2040.104214102283,0.0,0.0,0.0,345.27208122041196,389.64125211292134,0.0,0.0,0.0,1583.6356458004577,1200.0,0.0,2627.935424875598,2627.935424875598
2025-01-30,124,2025-01-30 20:40:00,2025-01-30 20:30:00,726.8146666666667,0.0,2025-01-30T20:40:00,2025-01-30 00:00:00,1.3952,756.0937926920546,0.0,0.0,0.0,756.0937926920546,2040.104214102283,1200.0,0.0,0.0,0.0,0.0,726.8146666666667,0.0,0.0,0.0,1200.0,1200.0,0.0,5070.259114666666,5070.259114666666
2025-01-30,125,2025-01-30 20:50:00,2025-01-30 20:40:00,733.9936333333334,0.0,2025-01-30T20:50:00,2025-01-30 00:00:00,1.2226,760.7469098159554,0.0,760.7469098159554,0.0,0.0,1200.0,1200.0,0.0,0.0,26.753276482622027,0.0,0.0,0.0,0.0,0.0,1200.0,1224.0779488343599,930.0891719409871,0.0,930.0891719409871
2025-01-30,126,2025-01-30 21:00:00,2025-01-30 20:50:00,743.8433333333334,0.0,2025-01-30T21:00:00,2025-01-30 00:00:00,0.9332,750.0459161592861,0.0,750.0459161592861,-0.0,0.0,1200.0,1200.0,0.0,-0.0,6.202582825952732,0.0,0.0,0.0,0.0,0.0,1224.0779488343599,1229.6602733777172,699.9428489598458,0.0,699.9428489598458
2025-01-30,127,2025-01-30 21:10:00,2025-01-30 21:00:00,712.9366833333333,0.0,2025-01-30T21:10:00,2025-01-30 00:00:00,0.9068,737.3712271108831,0.0,737.3712271108831,0.0,0.0,1200.0,1200.0,0.0,0.0,24.43454377754972,0.0,0.0,0.0,0.0,0.0,1229.6602733777172,1251.6513627775118,668.6482287441488,0.0,668.6482287441488
2025-01-30,128,2025-01-30 21:20:00,2025-01-30 21:10:00,694.1468833333333,0.0,2025-01-30T21:20:00,2025-01-30 00:00:00,0.9371,738.6648390191364,0.0,738.6648390191364,0.0,0.0,1200.0,1200.0,0.0,0.0,44.51795568580303,0.0,0.0,0.0,0.0,0.0,1251.6513627775118,1291.7175228947347,692.2028206448327,0.0,692.2028206448327
2025-01-30,129,2025-01-30 21:30:00,2025-01-30 21:20:00,729.2633333333333,0.0,2025-01-30T21:30:00,2025-01-30 00:00:00,0.9371,753.7195673569096,0.0,753.7195673569096,0.0,0.0,1200.0,1200.0,0.0,0.0,24.456234023576258,0.0,0.0,0.0,0.0,0.0,1291.7175228947347,1313.7281335159532,706.31060657016,0.0,706.31060657016
2025-01-30,130,2025-01-30 21:40:00,2025-01-30 21:30:00,791.7407166666667,0.0,2025-01-30T21:40:00,2025-01-30 00:00:00,0.9871,756.3658140364377,0.0,756.3658140364377,0.0,-0.0,1200.0,1200.0,0.0,0.0,0.0,35.37490263022903,0.0,0.0,0.0,0.0,1313.7281335159532,1274.4226861490322,746.6086950353676,0.0,746.6086950353676
2025-01-30,131,2025-01-30 21:50:00,2025-01-30 21:40:00,734.2063833333333,0.0,2025-01-30T21:50:00,2025-01-30 00:00:00,0.7764,687.615159195247,0.0,687.615159195247,0.0,-0.0,1200.0,1200.0,0.0,0.0,0.0,46.59122413808632,0.0,0.0,0.0,0.0,1274.4226861490322,1222.6546593289363,533.8644095991897,0.0,533.8644095991897
2025-01-30,132,2025-01-30 22:00:00,2025-01-30 21:50:00,594.3616666666667,0.0,2025-01-30T22:00:00,2025-01-30 00:00:00,0.4209,587.0601164825582,0.0,1420.3934498158915,833.3333333333333,0.0,1200.0,1950.0,0.0,1.0,826.0317831492248,0.0,0.0,0.0,0.0,0.0,1222.6546593289363,1966.0832641632387,597.8436030275087,0.0,597.8436030275087
2025-01-30,133,2025-01-30 22:10:00,2025-01-30 22:00:00,559.2715833333333,0.0,2025-01-30T22:10:00,2025-01-30 00:00:00,0.3859,565.1561655416278,0.0,1398.489498874961,833.3333333333333,0.0,1950.0,2700.0,0.0,1.0,833.3333333333334,0.0,0.0,5.884582208294432,5.884582208294432,0.0,1966.0832641632387,2716.0832641632387,539.6770976158475,0.0,539.6770976158475
2025-01-30,134,2025-01-30 22:20:00,2025-01-30 22:10:00,558.17205,0.0,2025-01-30T22:20:00,2025-01-30 00:00:00,0.4368,589.9051065850043,0.0,589.9051065850043,0.0,0.0,2700.0,2700.0,0.0,-0.0,31.733056585004306,0.0,0.0,0.0,0.0,0.0,2716.0832641632387,2744.6430150897427,257.6705505563299,0.0,257.6705505563299
2025-01-30,135,2025-01-30 22:30:00,2025-01-30 22:20:00,550.5666666666667,0.0,2025-01-30T22:30:00,2025-01-30 00:00:00,0.4198,604.0867597734624,0.0,1437.4200931067958,833.3333333333333,0.0,2700.0,3450.0,0.0,1.0,833.3333333333334,0.0,0.0,53.520093106795684,53.520093106795684,0.0,2744.6430150897427,3494.6430150897427,603.4289550862329,0.0,603.4289550862329
2025-01-30,136,2025-01-30 22:40:00,2025-01-30 22:30:00,569.3835166666667,0.0,2025-01-30T22:40:00,2025-01-30 00:00:00,0.4186,581.2847411068938,0.0,1414.618074440227,833.3333333333333,0.0,3450.0,4200.0,0.0,1.0,833.3333333333334,0.0,0.0,11.901224440226997,11.901224440226997,0.0,3494.6430150897427,4244.643015089743,592.159125960679,0.0,592.159125960679
2025-01-30,137,2025-01-30 22:50:00,2025-01-30 22:40:00,557.2639666666666,0.0,2025-01-30T22:50:00,2025-01-30 00:00:00,0.4241,569.3450018063326,0.0,569.3450018063326,0.0,0.0,4200.0,4200.0,0.0,0.0,12.081035139665914,0.0,0.0,0.0,0.0,0.0,4244.643015089743,4255.515946715443,241.45921526606563,0.0,241.45921526606563
2025-01-30,138,2025-01-30 23:00:00,2025-01-30 22:50:00,532.4316666666667,0.0,2025-01-30T23:00:00,2025-01-30 00:00:00,0.4237,573.0968673437951,0.0,1406.4302006771284,833.3333333333333,0.0,4200.0,4950.0,0.0,1.0,833.3333333333334,0.0,0.0,40.66520067712827,40.66520067712827,0.0,4255.515946715443,5005.515946715443,595.9044760268994,0.0,595.9044760268994
2025-01-30,139,2025-01-30 23:10:00,2025-01-30 23:00:00,572.1929166666666,0.0,2025-01-30T23:10:00,2025-01-30 00:00:00,0.4248,556.2369262133077,0.0,556.2369262133077,0.0,0.0,4950.0,4950.0,0.0,0.0,0.0,15.955990453358936,0.0,0.0,0.0,0.0,5005.515946715443,4987.787068433932,236.2894462554131,0.0,236.2894462554131
2025-01-30,140,2025-01-30 23:20:00,2025-01-30 23:10:00,597.64505,0.0,2025-01-30T23:20:00,2025-01-30 00:00:00,0.424,561.3491620046528,0.0,1394.682495337986,833.3333333333333,0.0,4950.0,5700.0,0.0,1.0,797.037445337986,0.0,0.0,0.0,0.0,0.0,4987.787068433932,5705.1207692381195,591.345378023306,0.0,591.345378023306
2025-01-30,141,2025-01-30 23:30:00,2025-01-30 23:20:00,588.5683333333333,0.0,2025-01-30T23:30:00,2025-01-30 00:00:00,0.422,596.7600787129846,0.0,1430.093412046318,833.3333333333333,0.0,5700.0,6450.0,0.0,1.0,833.3333333333334,0.0,0.0,8.191745379651366,8.191745379651366,0.0,5705.1207692381195,6455.1207692381195,603.4994198835461,0.0,603.4994198835461
2025-01-30,142,2025-01-30 23:40:00,2025-01-30 23:30:00,593.47725,0.0,2025-01-30T23:40:00,2025-01-30 00:00:00,0.424,613.3972261403512,0.0,957.832443954326,344.4352178139747,0.0,6450.0,6759.991696032577,0.0,1.0000000000000002,364.35519395432596,0.0,0.0,0.0,0.0,0.0,6455.1207692381195,6783.040443797013,406.1209562366342,0.0,406.1209562366342
2025-01-30,143,2025-01-30 23:50:00,2025-01-30 23:40:00,545.4895,0.0,2025-01-30T23:50:00,2025-01-30 00:00:00,0.4271,555.3142849102198,0.0,555.3142849102198,0.0,0.0,6759.991696032577,6759.991696032577,0.0,-0.0,9.824784910219819,0.0,0.0,0.0,0.0,0.0,6783.040443797013,6791.88275021621,237.1747310851549,0.0,237.1747310851549
2025-01-30,144,2025-01-31 00:00:00,2025-01-30 23:50:00,460.81,0.0,2025-01-31T00:00:00,2025-01-30 00:00:00,0.4276,458.8045582239199,0.0,458.8045582239199,0.0,0.0,6759.991696032577,6759.991696032577,0.0,-0.0,0.0,2.00544177608009,0.0,0.0,0.0,0.0,6791.88275021621,6789.654481576122,196.18482909654816,0.0,196.18482909654816
2025-01-31,1,2025-01-31 00:10:00,2025-01-31 00:00:00,441.02126666666663,0.0,2025-01-31T00:10:00,2025-01-31 00:00:00,0.4248,394.52532237560956,0.0,1227.858655708943,833.3333333333333,0.0,6789.654481576122,7539.654481576122,0.0,1.0,786.8373890422763,0.0,0.0,0.0,0.0,0.0,6789.654481576122,7497.8081317141705,521.594356945159,0.0,521.594356945159
2025-01-31,2,2025-01-31 00:20:00,2025-01-31 00:10:00,475.9250666666667,0.0,2025-01-31T00:20:00,2025-01-31 00:00:00,0.4245,401.6190477541733,0.0,1234.9523810875066,833.3333333333333,0.0,7539.654481576122,8289.654481576123,0.0,1.0,759.02731442084,0.0,0.0,0.0,0.0,0.0,7497.8081317141705,8180.932714692926,524.2372857716465,0.0,524.2372857716465
2025-01-31,3,2025-01-31 00:30:00,2025-01-31 00:20:00,498.79333333333335,0.0,2025-01-31T00:30:00,2025-01-31 00:00:00,0.4269,426.08320655483584,0.0,1259.4165398881692,833.3333333333333,0.0,8289.654481576123,9039.654481576123,0.0,1.0,760.6232065548359,0.0,0.0,0.0,0.0,0.0,8180.932714692926,8865.49360059228,537.6449208782594,0.0,537.6449208782594
2025-01-31,4,2025-01-31 00:40:00,2025-01-31 00:30:00,454.3744166666667,0.0,2025-01-31T00:40:00,2025-01-31 00:00:00,0.4272,459.2844366222155,0.0,748.5572348709682,289.2727982487526,0.0,9039.654481576123,9300.0,0.0,1.0,294.18281820430144,0.0,0.0,0.0,0.0,0.0,8865.49360059228,9130.25813697615,319.78365073687763,0.0,319.78365073687763
2025-01-31,5,2025-01-31 00:50:00,2025-01-31 00:40:00,437.5370666666667,0.0,2025-01-31T00:50:00,2025-01-31 00:00:00,0.4271,463.0631375058713,0.0,1296.3964708392045,833.3333333333333,0.0,9300.0,10050.0,0.0,1.0,833.3333333333334,0.0,0.0,25.526070839204408,25.526070839204408,0.0,9130.25813697615,9880.25813697615,553.6909326954242,0.0,553.6909326954242
2025-01-31,6,2025-01-31 01:00:00,2025-01-31 00:50:00,463.68333333333334,0.0,2025-01-31T01:00:00,2025-01-31 00:00:00,0.4285,447.36757691774244,0.0,447.36757691774244,0.0,0.0,10050.0,10050.0,0.0,0.0,0.0,16.315756415590897,0.0,0.0,0.0,0.0,9880.25813697615,9862.129518736605,191.69700670925263,0.0,191.69700670925263
2025-01-31,7,2025-01-31 01:10:00,2025-01-31 01:00:00,456.19981666666666,0.0,2025-01-31T01:10:00,2025-01-31 00:00:00,0.4311,457.27403240971904,0.0,457.27403240971904,0.0,0.0,10050.0,10050.0,0.0,0.0,1.0742157430523775,0.0,0.0,0.0,0.0,0.0,9862.129518736605,9863.096312905353,197.13083537182987,0.0,197.13083537182987
2025-01-31,8,2025-01-31 01:20:00,2025-01-31 01:10:00,439.0617666666667,0.0,2025-01-31T01:20:00,2025-01-31 00:00:00,0.4302,457.7473969517736,0.0,457.7473969517736,0.0,0.0,10050.0,10050.0,0.0,0.0,18.685630285106924,0.0,0.0,0.0,0.0,0.0,9863.096312905353,9879.913380161948,196.92293016865304,0.0,196.92293016865304
2025-01-31,9,2025-01-31 01:30:00,2025-01-31 01:20:00,450.43666666666667,0.0,2025-01-31T01:30:00,2025-01-31 00:00:00,0.4279,447.7769928923549,0.0,447.7769928923549,0.0,0.0,10050.0,10050.0,0.0,0.0,0.0,2.659673774311784,0.0,0.0,0.0,0.0,9879.913380161948,9876.958187079379,191.60377525863865,0.0,191.60377525863865
2025-01-31,10,2025-01-31 01:40:00,2025-01-31 01:30:00,495.6859833333333,0.0,2025-01-31T01:40:00,2025-01-31 00:00:00,0.4312,463.5400093300929,0.0,463.5400093300929,0.0,0.0,10050.0,10050.0,0.0,0.0,0.0,32.14597400324038,0.0,0.0,0.0,0.0,9876.958187079379,9841.24043818689,199.87845202313608,0.0,199.87845202313608
2025-01-31,11,2025-01-31 01:50:00,2025-01-31 01:40:00,501.78863333333334,0.0,2025-01-31T01:50:00,2025-01-31 00:00:00,0.4333,473.37855166092004,0.0,473.37855166092004,0.0,0.0,10050.0,10050.0,0.0,0.0,0.0,28.4100816724133,0.0,0.0,0.0,0.0,9841.24043818689,9809.673680773096,205.11492643467668,0.0,205.11492643467668
2025-01-31,12,2025-01-31 02:00:00,2025-01-31 01:50:00,464.1933333333333,0.0,2025-01-31T02:00:00,2025-01-31 00:00:00,0.4311,475.245889878369,0.0,475.245889878369,0.0,0.0,10050.0,10050.0,0.0,0.0,11.052556545035657,0.0,0.0,0.0,0.0,0.0,9809.673680773096,9819.620981663627,204.87850312656485,0.0,204.87850312656485
2025-01-31,13,2025-01-31 02:10:00,2025-01-31 02:00:00,450.8861166666666,0.0,2025-01-31T02:10:00,2025-01-31 00:00:00,0.4293,497.1579738149775,0.0,497.1579738149775,0.0,0.0,10050.0,10050.0,0.0,0.0,46.27185714831086,0.0,0.0,0.0,0.0,0.0,9819.620981663627,9861.265653097107,213.42991815876985,0.0,213.42991815876985
2025-01-31,14,2025-01-31 02:20:00,2025-01-31 02:10:00,467.77375,0.0,2025-01-31T02:20:00,2025-01-31 00:00:00,0.4324,501.3100963245779,0.0,501.3100963245779,0.0,0.0,10050.0,10050.0,0.0,0.0,33.53634632457789,0.0,0.0,0.0,0.0,0.0,9861.265653097107,9891.448364789227,216.76648565074748,0.0,216.76648565074748
2025-01-31,15,2025-01-31 02:30:00,2025-01-31 02:20:00,492.7916666666667,0.0,2025-01-31T02:30:00,2025-01-31 00:00:00,0.4367,492.332796910036,0.0,492.332796910036,0.0,0.0,10050.0,10050.0,0.0,0.0,0.0,0.4588697566306905,0.0,0.0,0.0,0.0,9891.448364789227,9890.938509504082,215.0017324106127,0.0,215.0017324106127
2025-01-31,16,2025-01-31 02:40:00,2025-01-31 02:30:00,502.5822666666666,0.0,2025-01-31T02:40:00,2025-01-31 00:00:00,0.4348,514.6072254989567,0.0,514.6072254989567,0.0,0.0,10050.0,10050.0,0.0,0.0,12.02495883229011,0.0,0.0,0.0,0.0,0.0,9890.938509504082,9901.760972453143,223.7512216469464,0.0,223.7512216469464
2025-01-31,17,2025-01-31 02:50:00,2025-01-31 02:40:00,513.8009000000001,0.0,2025-01-31T02:50:00,2025-01-31 00:00:00,0.4335,535.2150474077001,0.0,535.2150474077001,0.0,0.0,10050.0,10050.0,0.0,0.0,21.414147407700057,0.0,0.0,0.0,0.0,0.0,9901.760972453143,9921.033705120073,232.015723051238,0.0,232.015723051238
2025-01-31,18,2025-01-31 03:00:00,2025-01-31 02:50:00,536.0433333333334,0.0,2025-01-31T03:00:00,2025-01-31 00:00:00,0.4357,531.5893523169229,0.0,531.5893523169229,0.0,0.0,10050.0,10050.0,0.0,0.0,0.0,4.4539810164104665,0.0,0.0,0.0,0.0,9921.033705120073,9916.084837324062,231.61348080448332,0.0,231.61348080448332
2025-01-31,19,2025-01-31 03:10:00,2025-01-31 03:00:00,557.1184166666667,0.0,2025-01-31T03:10:00,2025-01-31 00:00:00,0.4374,513.1370137685027,0.0,513.1370137685027,0.0,0.0,10050.0,10050.0,0.0,0.0,0.0,43.98140289816399,0.0,0.0,0.0,0.0,9916.084837324062,9867.216611881659,224.4461298223431,0.0,224.4461298223431
2025-01-31,20,2025-01-31 03:20:00,2025-01-31 03:10:00,548.1059666666666,0.0,2025-01-31T03:20:00,2025-01-31 00:00:00,0.4371,495.63250121360454,0.0,495.63250121360454,0.0,0.0,10050.0,10050.0,0.0,0.0,0.0,52.47346545306209,0.0,0.0,0.0,0.0,9867.216611881659,9808.912761378257,216.64096628046653,0.0,216.64096628046653
2025-01-31,21,2025-01-31 03:30:00,2025-01-31 03:20:00,513.915,0.0,2025-01-31T03:30:00,2025-01-31 00:00:00,0.4356,491.30603250499223,0.0,491.30603250499223,0.0,0.0,10050.0,10050.0,0.0,0.0,0.0,22.608967495007732,0.0,0.0,0.0,0.0,9808.912761378257,9783.791686383804,214.01290775917462,0.0,214.01290775917462
2025-01-31,22,2025-01-31 03:40:00,2025-01-31 03:30:00,492.83905,0.0,2025-01-31T03:40:00,2025-01-31 00:00:00,0.4353,500.6516286986639,0.0,500.6516286986639,0.0,0.0,10050.0,10050.0,0.0,0.0,7.812578698663913,0.0,0.0,0.0,0.0,0.0,9783.791686383804,9790.8230072126,217.93365397252842,0.0,217.93365397252842
2025-01-31,23,2025-01-31 03:50:00,2025-01-31 03:40:00,504.4545,0.0,2025-01-31T03:50:00,2025-01-31 00:00:00,0.436,498.38148747884975,0.0,498.38148747884975,0.0,0.0,10050.0,10050.0,0.0,0.0,0.0,6.073012521150247,0.0,0.0,0.0,0.0,9790.8230072126,9784.075215522435,217.29432854077848,0.0,217.29432854077848
2025-01-31,24,2025-01-31 04:00:00,2025-01-31 03:50:00,541.295,0.0,2025-01-31T04:00:00,2025-01-31 00:00:00,0.4378,497.2153961709084,0.0,497.2153961709084,0.0,0.0,10050.0,10050.0,0.0,0.0,0.0,44.07960382909158,0.0,0.0,0.0,0.0,9784.075215522435,9735.097877934555,217.6809004436237,0.0,217.6809004436237
2025-01-31,25,2025-01-31 04:10:00,2025-01-31 04:00:00,571.6824,0.0,2025-01-31T04:10:00,2025-01-31 00:00:00,0.4401,529.4012586254491,0.0,529.4012586254491,0.0,0.0,10050.0,10050.0,0.0,0.0,0.0,42.281141374550884,0.0,0.0,0.0,0.0,9735.097877934555,9688.118831962833,232.98949392106016,0.0,232.98949392106016
2025-01-31,26,2025-01-31 04:20:00,2025-01-31 04:10:00,557.5331333333334,0.0,2025-01-31T04:20:00,2025-01-31 00:00:00,0.4389,531.9491200523521,0.0,531.9491200523521,0.0,0.0,10050.0,10050.0,0.0,0.0,0.0,25.584013280981253,0.0,0.0,0.0,0.0,9688.118831962833,9659.69215053952,233.47246879097733,0.0,233.47246879097733
2025-01-31,27,2025-01-31 04:30:00,2025-01-31 04:20:00,519.6933333333333,0.0,2025-01-31T04:30:00,2025-01-31 00:00:00,0.4364,514.2692671598055,0.0,514.2692671598055,0.0,0.0,10050.0,10050.0,0.0,0.0,0.0,5.424066173527763,0.0,0.0,0.0,0.0,9659.69215053952,9653.665410346712,224.42710818853914,0.0,224.42710818853914
2025-01-31,28,2025-01-31 04:40:00,2025-01-31 04:30:00,516.0169,0.0,2025-01-31T04:40:00,2025-01-31 00:00:00,0.4393,545.1341656787071,0.0,545.1341656787071,0.0,0.0,10050.0,10050.0,0.0,0.0,29.1172656787071,0.0,0.0,0.0,0.0,0.0,9653.665410346712,9679.870949457549,239.47743898265603,0.0,239.47743898265603
2025-01-31,29,2025-01-31 04:50:00,2025-01-31 04:40:00,513.5366166666666,0.0002833333333333333,2025-01-31T04:50:00,2025-01-31 00:00:00,0.4422,548.7865654108472,0.0002666666666666667,548.7862987441805,0.0,0.0,10050.0,10050.0,0.0,0.0,35.24996541084715,0.0,0.0,0.0,0.0,0.0,9679.870949457549,9711.595918327312,242.6733013046766,0.0,242.6733013046766
2025-01-31,30,2025-01-31 05:00:00,2025-01-31 04:50:00,508.3983333333333,0.0,2025-01-31T05:00:00,2025-01-31 00:00:00,0.4395,521.7592337505555,0.0,521.7592337505555,0.0,0.0,10050.0,10050.0,0.0,0.0,13.360900417222183,0.0,0.0,0.0,0.0,0.0,9711.595918327312,9723.620728702812,229.31318323336913,0.0,229.31318323336913
2025-01-31,31,2025-01-31 05:10:00,2025-01-31 05:00:00,535.2354666666666,0.0,2025-01-31T05:10:00,2025-01-31 00:00:00,0.4333,536.6443247099037,0.0,536.6443247099037,0.0,0.0,10050.0,10050.0,0.0,0.0,1.4088580432370463,0.0,0.0,0.0,0.0,0.0,9723.620728702812,9724.888700941725,232.52798589680128,0.0,232.52798589680128
2025-01-31,32,2025-01-31 05:20:00,2025-01-31 05:10:00,572.69715,0.003966666666666667,2025-01-31T05:20:00,2025-01-31 00:00:00,0.4439,536.3655337113828,0.0037666666666666664,536.3617670447161,0.0,0.0,10050.0,10050.0,0.0,0.0,0.0,36.33141628861722,0.0,0.0,0.0,0.0,9724.888700941725,9684.52046062104,238.0909883911495,0.0,238.0909883911495
2025-01-31,33,2025-01-31 05:30:00,2025-01-31 05:20:00,584.615,0.0,2025-01-31T05:30:00,2025-01-31 00:00:00,0.4301,522.0052384859207,0.0,522.0052384859207,0.0,0.0,10050.0,10050.0,0.0,0.0,0.0,62.60976151407931,0.0,0.0,0.0,0.0,9684.52046062104,9614.954058938729,224.51445307279448,0.0,224.51445307279448
2025-01-31,34,2025-01-31 05:40:00,2025-01-31 05:30:00,551.96215,0.0,2025-01-31T05:40:00,2025-01-31 00:00:00,0.3713,552.7503401749217,0.0,1386.0836735082548,833.3333333333333,0.0,10050.0,10800.0,0.0,1.0,833.3333333333334,0.0,0.0,0.7881901749215103,0.7881901749215103,0.0,9614.954058938729,10364.954058938729,514.652867973615,0.0,514.652867973615
2025-01-31,35,2025-01-31 05:50:00,2025-01-31 05:40:00,523.81805,0.055266666666666665,2025-01-31T05:50:00,2025-01-31 00:00:00,0.5708,557.7324536344696,0.05235,0.0,0.0,557.6801036344696,10800.0,10180.355440406145,0.0,0.0,0.0,523.7627833333333,0.0,0.0,0.0,0.0,10364.954058938729,9782.995410790581,0.0,0.0,0.0
2025-01-31,36,2025-01-31 06:00:00,2025-01-31 05:50:00,533.5733333333334,0.0,2025-01-31T06:00:00,2025-01-31 00:00:00,0.9099,538.1609330418818,0.0,0.0,0.0,538.1609330418818,10180.355440406145,9582.398848137387,0.0,0.0,0.0,533.5733333333334,0.0,0.0,0.0,0.0,9782.995410790581,9190.136151531322,0.0,0.0,0.0
2025-01-31,37,2025-01-31 06:10:00,2025-01-31 06:00:00,570.7949666666667,0.0,2025-01-31T06:10:00,2025-01-31 00:00:00,0.9368,565.4313544482145,0.0,0.0,0.0,565.4313544482145,9582.398848137387,8954.141787639372,0.0,0.0,0.0,570.7949666666667,0.0,0.0,0.0,0.0,9190.136151531322,8555.919521901693,0.0,0.0,0.0
2025-01-31,38,2025-01-31 06:20:00,2025-01-31 06:10:00,583.1179833333333,0.7697166666666666,2025-01-31T06:20:00,2025-01-31 00:00:00,0.8758,573.1206098137654,0.72925,0.0,0.0,572.3913598137655,8954.141787639372,8318.1513878463,0.0,0.0,0.0,582.3482666666666,0.0,0.0,0.0,0.0,8555.919521901693,7908.865892272063,0.0,0.0,0.0
2025-01-31,39,2025-01-31 06:30:00,2025-01-31 06:20:00,564.71,0.0,2025-01-31T06:30:00,2025-01-31 00:00:00,0.8759,546.4818646050608,0.0,0.0,0.0,546.4818646050608,8318.1513878463,7710.949316062898,0.0,0.0,0.0,564.71,0.0,0.0,0.0,0.0,7908.865892272063,7281.410336716508,0.0,0.0,0.0
2025-01-31,40,2025-01-31 06:40:00,2025-01-31 06:30:00,561.1364666666667,0.0,2025-01-31T06:40:00,2025-01-31 00:00:00,0.8601,547.1628926418484,0.0,0.0,0.0,547.1628926418484,7710.949316062898,7102.990546460845,0.0,0.0,0.0,561.1364666666667,0.0,0.0,0.0,0.0,7281.410336716508,6657.9253737535455,0.0,0.0,0.0
2025-01-31,41,2025-01-31 06:50:00,2025-01-31 06:40:00,595.3457333333333,13.259183333333333,2025-01-31T06:50:00,2025-01-31 00:00:00,0.8442,591.2030515680503,12.017249999999999,0.0,0.0,579.1858015680504,7102.990546460845,6459.4507669407885,0.0,0.0,0.0,582.08655,0.0,0.0,0.0,0.0,6657.9253737535455,6011.162540420212,0.0,0.0,0.0
2025-01-31,42,2025-01-31 07:00:00,2025-01-31 06:50:00,647.9633333333334,55.9375,2025-01-31T07:00:00,2025-01-31 00:00:00,0.8334,636.3032674039263,50.225,0.0,0.0,586.0782674039262,6459.4507669407885,5808.2526920475375,0.0,0.0,0.0,592.0258333333334,0.0,0.0,0.0,0.0,6011.162540420212,5353.356058938731,0.0,0.0,0.0
2025-01-31,43,2025-01-31 07:10:00,2025-01-31 07:00:00,672.2483166666667,103.31348333333334,2025-01-31T07:10:00,2025-01-31 00:00:00,0.8092,625.7127418066164,89.95841666666666,0.0,0.0,535.7543251399497,5808.2526920475375,5212.970108558704,0.0,0.0,0.0,568.9348333333334,0.0,0.0,0.0,0.0,5353.356058938731,4721.206244123916,0.0,0.0,0.0
2025-01-31,44,2025-01-31 07:20:00,2025-01-31 07:10:00,657.6536,150.46263333333334,2025-01-31T07:20:00,2025-01-31 00:00:00,0.7972,625.3873283160523,129.59826666666666,0.0,0.0,495.78906164938564,5212.970108558704,4662.0933733927195,0.0,0.0,0.0,507.19096666666667,0.0,0.0,0.0,0.0,4721.206244123916,4157.660725605398,0.0,0.0,0.0
2025-01-31,45,2025-01-31 07:30:00,2025-01-31 07:20:00,636.6533333333333,197.025,2025-01-31T07:30:00,2025-01-31 00:00:00,0.7644,655.2293132728201,174.025,0.0,0.0,481.2043132728202,4662.0933733927195,4127.421914200697,0.0,0.0,0.0,439.62833333333333,0.0,0.0,0.0,0.0,4157.660725605398,3669.184799679472,0.0,0.0,0.0
2025-01-31,46,2025-01-31 07:40:00,2025-01-31 07:30:00,651.26615,241.96583333333334,2025-01-31T07:40:00,2025-01-31 00:00:00,0.6899,667.3144778493344,226.60596666666666,0.0,0.0,440.70851118266773,4127.421914200697,3637.7457906643995,0.0,0.0,0.0,409.30031666666673,0.0,0.0,0.0,0.0,3669.184799679472,3214.406670049842,0.0,0.0,0.0
2025-01-31,47,2025-01-31 07:50:00,2025-01-31 07:40:00,650.6905666666667,280.73695000000004,2025-01-31T07:50:00,2025-01-31 00:00:00,0.86,652.4176297885094,279.22076666666663,0.0,0.0,373.1968631218428,3637.7457906643995,3223.0826094179074,0.0,0.0,0.0,369.9536166666666,0.0,0.0,0.0,0.0,3214.406670049842,2803.347095975768,0.0,0.0,0.0
2025-01-31,48,2025-01-31 08:00:00,2025-01-31 07:50:00,635.8066666666667,321.28125,2025-01-31T08:00:00,2025-01-31 00:00:00,1.1617,636.0247329039601,328.30625000000003,0.0,0.0,307.71848290396,3223.0826094179074,2881.173183969063,0.0,0.0,0.0,314.52541666666673,0.0,0.0,0.0,0.0,2803.347095975768,2453.8744107905827,0.0,0.0,0.0
2025-01-31,49,2025-01-31 08:10:00,2025-01-31 08:00:00,655.8198666666666,377.16546666666665,2025-01-31T08:10:00,2025-01-31 00:00:00,1.1683,646.7986027867054,375.0532333333333,0.0,0.0,271.74536945337206,2881.173183969063,2579.233884576427,0.0,0.0,0.0,278.65439999999995,0.0,0.0,0.0,0.0,2453.8744107905827,2144.2584107905827,0.0,0.0,0.0
2025-01-31,50,2025-01-31 08:20:00,2025-01-31 08:10:00,655.3250666666667,431.90816666666666,2025-01-31T08:20:00,2025-01-31 00:00:00,1.0956,633.1869718901813,410.82248333333337,0.0,0.0,222.36448855684796,2579.233884576427,2332.162230624374,0.0,0.0,0.0,223.4169,0.0,0.0,0.0,0.0,2144.2584107905827,1896.0174107905827,0.0,0.0,0.0
2025-01-31,51,2025-01-31 08:30:00,2025-01-31 08:20:00,622.695,482.98125,2025-01-31T08:30:00,2025-01-31 00:00:00,1.0849,610.4215876844202,445.7,0.0,0.0,164.72158768442017,2332.162230624374,2149.1382443083517,0.0,0.0,0.0,139.71375000000006,0.0,0.0,0.0,0.0,1896.0174107905827,1740.7799107905826,0.0,0.0,0.0
2025-01-31,52,2025-01-31 08:40:00,2025-01-31 08:30:00,615.8414,541.5513166666666,2025-01-31T08:40:00,2025-01-31 00:00:00,1.061,650.3417024295572,500.5491333333334,0.0,0.0,149.79256909622387,2149.1382443083517,1982.7020564236584,0.0,0.0,0.0,74.29008333333343,0.0,0.0,0.0,0.0,1740.7799107905826,1658.2353737535454,0.0,0.0,0.0
2025-01-31,53,2025-01-31 08:50:00,2025-01-31 08:40:00,683.43385,588.0855,2025-01-31T08:50:00,2025-01-31 00:00:00,1.043,704.5165645157001,555.2006833333334,0.0,0.0,149.31588118236675,1982.7020564236584,1816.7955217765843,0.0,0.0,0.0,95.34834999999998,0.0,0.0,0.0,0.0,1658.2353737535454,1552.2927626424344,0.0,0.0,0.0
2025-01-31,54,2025-01-31 09:00:00,2025-01-31 08:50:00,771.665,617.225,2025-01-31T09:00:00,2025-01-31 00:00:00,1.036,732.4806842220735,599.85,0.0,0.0,132.63068422207346,1816.7955217765843,1669.4280948631695,0.0,0.0,0.0,154.43999999999994,0.0,0.0,0.0,0.0,1552.2927626424344,1380.6927626424344,0.0,0.0,0.0
2025-01-31,55,2025-01-31 09:10:00,2025-01-31 09:00:00,771.7343999999999,645.0359833333333,2025-01-31T09:10:00,2025-01-31 00:00:00,1.0147,739.8297331299594,645.6125666666667,0.0,0.0,94.21716646329276,1669.4280948631695,1564.7423543483997,0.0,0.0,0.0,126.69841666666662,0.0,0.0,0.0,0.0,1380.6927626424344,1239.916744123916,0.0,0.0,0.0
2025-01-31,56,2025-01-31 09:20:00,2025-01-31 09:10:00,749.1044,684.1259166666667,2025-01-31T09:20:00,2025-01-31 00:00:00,0.9922,758.4168589574919,702.6814833333333,0.0,0.0,55.735375624158564,1564.7423543483997,1502.8141592104457,0.0,0.0,0.0,35.92506971152443,29.053413621808886,0.0,0.0,0.0,1239.916744123916,1200.0,0.0,144.1339849777939,144.1339849777939
2025-01-31,57,2025-01-31 09:30:00,2025-01-31 09:20:00,738.36,727.49375,2025-01-31T09:30:00,2025-01-31 00:00:00,0.97,780.0982825213835,754.0,0.0,0.0,26.098282521383453,1502.8141592104457,1473.8160675200197,0.0,0.0,0.0,0.0,10.866250000000036,0.0,0.0,0.0,1200.0,1200.0,0.0,52.70131250000017,52.70131250000017
2025-01-31,58,2025-01-31 09:40:00,2025-01-31 09:30:00,714.6082166666666,758.6486833333333,2025-01-31T09:40:00,2025-01-31 00:00:00,0.9422,765.9179240071983,774.2287666666666,0.0,8.310842659468335,0.0,1473.8160675200197,1481.2958259135412,0.0,1.0,44.0404666666667,0.0,0.0,0.0,0.0,0.0,1200.0,1239.63642,0.0,0.0,0.0
2025-01-31,59,2025-01-31 09:50:00,2025-01-31 09:40:00,714.8307333333333,795.8004166666666,2025-01-31T09:50:00,2025-01-31 00:00:00,0.9569,737.9227878251018,809.5384166666666,0.0,71.6156288415649,0.0,1481.2958259135412,1545.7498918709496,0.0,1.0,80.96968333333325,0.0,0.0,0.0,0.0,0.0,1239.63642,1312.509135,0.0,0.0,0.0
2025-01-31,60,2025-01-31 10:00:00,2025-01-31 09:50:00,738.7416666666667,835.4375,2025-01-31T10:00:00,2025-01-31 00:00:00,0.9977,727.5685358048744,866.9562500000001,0.0,139.38771419512568,0.0,1545.7498918709496,1671.1988346465628,0.0,1.0,96.69583333333333,0.0,0.0,0.0,0.0,0.0,1312.509135,1399.535385,0.0,0.0,0.0
2025-01-31,61,2025-01-31 10:10:00,2025-01-31 10:00:00,742.7227666666666,857.4983666666667,2025-01-31T10:10:00,2025-01-31 00:00:00,0.9919,745.0101616009152,906.5894,0.0,161.57923839908472,0.0,1671.1988346465628,1816.620149205739,0.0,1.0,114.77560000000005,0.0,0.0,0.0,0.0,0.0,1399.535385,1502.833425,0.0,0.0,0.0
2025-01-31,62,2025-01-31 10:20:00,2025-01-31 10:10:00,724.6986833333334,895.6051833333332,2025-01-31T10:20:00,2025-01-31 00:00:00,0.9588,743.486173070866,929.8956499999999,0.0,186.40947692913392,0.0,1816.620149205739,1984.3886784419594,0.0,1.0,170.90649999999982,0.0,0.0,0.0,0.0,0.0,1502.833425,1656.6492749999998,0.0,0.0,0.0
2025-01-31,63,2025-01-31 10:30:00,2025-01-31 10:20:00,707.3766666666667,939.9375,2025-01-31T10:30:00,2025-01-31 00:00:00,0.9549,727.8264724858885,944.0749999999999,0.0,216.2485275141114,0.0,1984.3886784419594,2179.012353204659,0.0,1.0,232.56083333333333,0.0,0.0,0.0,0.0,0.0,1656.6492749999998,1865.9540249999998,0.0,0.0,0.0
2025-01-31,64,2025-01-31 10:40:00,2025-01-31 10:30:00,713.17335,944.7102,2025-01-31T10:40:00,2025-01-31 00:00:00,0.9839,745.3586286569603,955.02895,0.0,209.67032134303975,0.0,2179.012353204659,2367.715642413395,0.0,1.0,231.53684999999996,0.0,0.0,0.0,0.0,0.0,1865.9540249999998,2074.3371899999997,0.0,0.0,0.0
2025-01-31,65,2025-01-31 10:50:00,2025-01-31 10:40:00,710.1085666666667,947.2610500000001,2025-01-31T10:50:00,2025-01-31 00:00:00,0.799,752.7721480391907,983.11135,0.0,230.3392019608093,0.0,2367.715642413395,2575.0209241781236,0.0,1.0,237.1524833333334,0.0,0.0,0.0,0.0,0.0,2074.3371899999997,2287.7744249999996,0.0,0.0,0.0
2025-01-31,66,2025-01-31 11:00:00,2025-01-31 10:50:00,697.9316666666667,964.9875000000001,2025-01-31T11:00:00,2025-01-31 00:00:00,0.5025,737.3759931647335,1023.80625,0.0,286.4302568352665,0.0,2575.0209241781236,2832.8081553298634,0.0,1.0,267.05583333333334,0.0,0.0,0.0,0.0,0.0,2287.7744249999996,2528.1246749999996,0.0,0.0,0.0
2025-01-31,67,2025-01-31 11:10:00,2025-01-31 11:00:00,706.13985,979.4073,2025-01-31T11:10:00,2025-01-31 00:00:00,0.4662,727.8616931176269,1047.532,0.0,319.670306882373,0.0,2832.8081553298634,3120.511431523999,0.0,1.0,273.26744999999994,0.0,0.0,0.0,0.0,0.0,2528.1246749999996,2774.0653799999995,0.0,0.0,0.0
2025-01-31,68,2025-01-31 11:20:00,2025-01-31 11:10:00,703.1832666666666,993.84515,2025-01-31T11:20:00,2025-01-31 00:00:00,0.5007,704.3660528361153,1040.7350166666668,0.0,336.3689638305515,0.0,3120.511431523999,3423.2434989714957,0.0,1.0,290.66188333333344,0.0,0.0,0.0,0.0,0.0,2774.0653799999995,3035.6610749999995,0.0,0.0,0.0
2025-01-31,69,2025-01-31 11:30:00,2025-01-31 11:20:00,684.5966666666667,1015.86875,2025-01-31T11:30:00,2025-01-31 00:00:00,0.4827,677.9959409070148,1042.625,0.0,364.62905909298524,0.0,3423.2434989714957,3751.4096521551824,0.0,1.0,331.2720833333333,0.0,0.0,0.0,0.0,0.0,3035.6610749999995,3333.8059499999995,0.0,0.0,0.0
2025-01-31,70,2025-01-31 11:40:00,2025-01-31 11:30:00,678.2988333333334,1046.4775,2025-01-31T11:40:00,2025-01-31 00:00:00,0.4785,686.8135383000728,1099.9092333333333,0.0,413.09569503326054,0.0,3751.4096521551824,4123.195777685117,0.0,1.0,368.1786666666666,0.0,0.0,0.0,0.0,0.0,3333.8059499999995,3665.1667499999994,0.0,0.0,0.0
2025-01-31,71,2025-01-31 11:50:00,2025-01-31 11:40:00,671.8216833333333,1067.1296333333332,2025-01-31T11:50:00,2025-01-31 00:00:00,0.4662,702.5991994199965,1102.3889666666666,0.0,399.7897672466702,0.0,4123.195777685117,4483.00656820712,0.0,1.0,395.3079499999999,0.0,0.0,0.0,0.0,0.0,3665.1667499999994,4020.943904999999,0.0,0.0,0.0
2025-01-31,72,2025-01-31 12:00:00,2025-01-31 11:50:00,675.3933333333333,1056.23125,2025-01-31T12:00:00,2025-01-31 00:00:00,0.4432,696.1275913845913,1056.4937499999999,467.7885733505259,828.1547319659345,0.0,4483.00656820712,5228.3458269764615,0.0,1.0,833.3333333333334,0.0,0.0,15.293156683859252,15.293156683859252,0.0,4020.943904999999,4770.943904999999,207.32389570895307,0.0,207.32389570895307
2025-01-31,73,2025-01-31 12:10:00,2025-01-31 12:00:00,709.2305,1011.4796666666666,2025-01-31T12:10:00,2025-01-31 00:00:00,0.4411,670.9524877434192,1080.5630833333332,423.7227377434192,833.3333333333333,0.0,5228.3458269764615,5978.3458269764615,0.0,1.0,725.9719044100858,0.0,0.0,0.0,0.0,0.0,4770.943904999999,5424.318618969077,186.9040996186222,0.0,186.9040996186222
2025-01-31,74,2025-01-31 12:20:00,2025-01-31 12:10:00,704.4976666666666,997.4825833333333,2025-01-31T12:20:00,2025-01-31 00:00:00,0.4551,692.7671474286384,1117.9436166666667,0.0,425.1764692380283,0.0,5978.3458269764615,6361.004649290687,0.0,1.0,292.98491666666666,0.0,0.0,0.0,0.0,0.0,5424.318618969077,5688.005043969077,0.0,0.0,0.0
2025-01-31,75,2025-01-31 12:30:00,2025-01-31 12:20:00,661.83,1027.41875,2025-01-31T12:30:00,2025-01-31 00:00:00,0.4463,733.4940897887153,1132.85625,0.0,399.36216021128473,0.0,6361.004649290687,6720.4305934808435,0.0,1.0,365.58875,0.0,0.0,0.0,0.0,0.0,5688.005043969077,6017.034918969077,0.0,0.0,0.0
2025-01-31,76,2025-01-31 12:40:00,2025-01-31 12:30:00,655.2516833333333,1049.4101333333333,2025-01-31T12:40:00,2025-01-31 00:00:00,0.4113,700.9635556018654,1146.2080333333333,388.08885560186536,833.3333333333333,0.0,6720.4305934808435,7470.4305934808435,0.0,1.0,782.2473056018654,0.0,0.0,0.0,0.0,0.0,6017.034918969077,6721.057494010755,159.6209463090472,0.0,159.6209463090472
2025-01-31,77,2025-01-31 12:50:00,2025-01-31 12:40:00,683.1800166666667,1026.5912666666666,2025-01-31T12:50:00,2025-01-31 00:00:00,0.5682,678.4521968437404,1141.3747666666666,0.0,462.9225698229262,0.0,7470.4305934808435,7887.060906321477,0.0,1.0,343.4112499999999,0.0,0.0,0.0,0.0,0.0,6721.057494010755,7030.127619010756,0.0,0.0,0.0
2025-01-31,78,2025-01-31 13:00:00,2025-01-31 12:50:00,706.7016666666667,987.88125,2025-01-31T13:00:00,2025-01-31 00:00:00,0.8279,687.3255613970567,1116.375,0.0,429.04943860294327,0.0,7887.060906321477,8273.205401064126,0.0,1.0,281.1795833333333,0.0,0.0,0.0,0.0,0.0,7030.127619010756,7283.189244010756,0.0,0.0,0.0
2025-01-31,79,2025-01-31 13:10:00,2025-01-31 13:00:00,688.4132166666667,994.5159166666667,2025-01-31T13:10:00,2025-01-31 00:00:00,0.8636,666.4995306117436,1087.8977499999999,0.0,421.3982193882563,0.0,8273.205401064126,8652.463798513556,0.0,1.0,306.1027,0.0,0.0,0.0,0.0,0.0,7283.189244010756,7558.681674010756,0.0,0.0,0.0
2025-01-31,80,2025-01-31 13:20:00,2025-01-31 13:10:00,665.1977166666667,994.94425,2025-01-31T13:20:00,2025-01-31 00:00:00,0.8416,651.0906889223861,1049.0855,0.0,397.9948110776138,0.0,8652.463798513556,9010.659128483408,0.0,1.0,329.74653333333333,0.0,0.0,0.0,0.0,0.0,7558.681674010756,7855.453554010756,0.0,0.0,0.0
2025-01-31,81,2025-01-31 13:30:00,2025-01-31 13:20:00,660.3983333333333,978.74375,2025-01-31T13:30:00,2025-01-31 00:00:00,0.8618,658.4856659410966,1004.8937500000001,0.0,346.40808405890346,0.0,9010.659128483408,9322.426404136422,0.0,1.0,318.34541666666667,0.0,0.0,0.0,0.0,0.0,7855.453554010756,8141.964429010756,0.0,0.0,0.0
2025-01-31,82,2025-01-31 13:40:00,2025-01-31 13:30:00,664.1784166666666,985.7321000000001,2025-01-31T13:40:00,2025-01-31 00:00:00,0.8623,667.2160721182983,969.0800166666667,0.0,301.8639445483684,0.0,9322.426404136422,9594.103954229953,0.0,1.0,321.5536833333334,0.0,0.0,0.0,0.0,0.0,8141.964429010756,8431.362744010756,0.0,0.0,0.0
2025-01-31,83,2025-01-31 13:50:00,2025-01-31 13:40:00,663.6559,978.7406833333333,2025-01-31T13:50:00,2025-01-31 00:00:00,0.9026,672.0530514815829,920.7369,0.0,248.6838485184171,0.0,9594.103954229953,9817.919417896528,0.0,1.0,315.08478333333335,0.0,0.0,0.0,0.0,0.0,8431.362744010756,8714.939049010756,0.0,0.0,0.0
2025-01-31,84,2025-01-31 14:00:00,2025-01-31 13:50:00,656.055,947.1687499999999,2025-01-31T14:00:00,2025-01-31 00:00:00,0.9754,668.5993545701954,875.90625,0.0,207.30689542980463,0.0,9817.919417896528,10004.495623783354,0.0,1.0,291.11375,0.0,0.0,0.0,0.0,0.0,8714.939049010756,8976.941424010756,0.0,0.0,0.0
2025-01-31,85,2025-01-31 14:10:00,2025-01-31 14:00:00,647.3447166666666,915.77565,2025-01-31T14:10:00,2025-01-31 00:00:00,1.0002,654.2031054957415,875.8066,0.0,221.6034945042585,0.0,10004.495623783354,10203.938768837186,0.0,1.0,268.4309333333334,0.0,0.0,0.0,0.0,0.0,8976.941424010756,9218.529264010756,0.0,0.0,0.0
2025-01-31,86,2025-01-31 14:20:00,2025-01-31 14:10:00,636.7749,865.9749,2025-01-31T14:20:00,2025-01-31 00:00:00,0.9978,646.7814228948722,879.8452333333333,0.0,233.06381043846113,0.0,10203.938768837186,10413.6961982318,0.0,1.0,229.20000000000005,0.0,0.0,0.0,0.0,0.0,9218.529264010756,9424.809264010757,0.0,0.0,0.0
2025-01-31,87,2025-01-31 14:30:00,2025-01-31 14:20:00,629.8216666666666,803.05625,2025-01-31T14:30:00,2025-01-31 00:00:00,1.0271,641.8201690723836,843.1750000000001,0.0,201.3548309276165,0.0,10413.6961982318,10594.915546066655,0.0,1.0,173.23458333333338,0.0,0.0,0.0,0.0,0.0,9424.809264010757,9580.720389010758,0.0,0.0,0.0
2025-01-31,88,2025-01-31 14:40:00,2025-01-31 14:30:00,631.7092833333334,755.8191499999999,2025-01-31T14:40:00,2025-01-31 00:00:00,1.0906,622.4653814647857,756.4367666666667,0.0,133.97138520188105,0.0,10594.915546066655,10715.489792748349,0.0,1.0,124.10986666666656,0.0,0.0,0.0,0.0,0.0,9580.720389010758,9692.419269010757,0.0,0.0,0.0
2025-01-31,89,2025-01-31 14:50:00,2025-01-31 14:40:00,616.7246666666666,707.2947333333333,2025-01-31T14:50:00,2025-01-31 00:00:00,0.9376,629.5556895999817,683.0156666666667,0.0,53.45997706668493,0.0,10715.489792748349,10763.603772108365,0.0,1.0,90.57006666666666,0.0,0.0,0.0,0.0,0.0,9692.419269010757,9773.932329010757,0.0,0.0,0.0
2025-01-31,90,2025-01-31 15:00:00,2025-01-31 14:50:00,600.4,653.5124999999999,2025-01-31T15:00:00,2025-01-31 00:00:00,0.6694,641.1991345634611,649.6875,0.0,8.488365436538857,0.0,10763.603772108365,10771.24330100125,0.0,1.0,53.112499999999955,0.0,0.0,0.0,0.0,0.0,9773.932329010757,9821.733579010757,0.0,0.0,0.0
2025-01-31,91,2025-01-31 15:10:00,2025-01-31 15:00:00,624.1604833333333,607.4857333333333,2025-01-31T15:10:00,2025-01-31 00:00:00,0.66,597.3219011336292,628.3227166666667,0.0,31.00081553303744,0.0,10771.24330100125,10799.144034980984,0.0,1.0,0.0,16.674750000000017,0.0,0.0,0.0,0.0,9821.733579010757,9803.206079010757,0.0,0.0,0.0
2025-01-31,92,2025-01-31 15:20:00,2025-01-31 15:10:00,638.9076333333334,552.1459,2025-01-31T15:20:00,2025-01-31 00:00:00,0.7217,589.7625277566486,590.7135999999999,0.0,0.951072243351291,0.0,10799.144034980984,10800.0,0.0,1.0,0.0,86.76173333333338,0.0,0.0,0.0,0.0,9803.206079010757,9706.804153084831,0.0,0.0,0.0
2025-01-31,93,2025-01-31 15:30:00,2025-01-31 15:20:00,621.865,492.04375,2025-01-31T15:30:00,2025-01-31 00:00:00,0.7308,631.1319277061849,534.1687499999999,96.96317770618498,0.0,-0.0,10800.0,10800.0,0.0,0.0,0.0,32.858072293814985,0.0,0.0,0.0,0.0,9706.804153084831,9670.29518386948,70.86069026767998,0.0,70.86069026767998
2025-01-31,94,2025-01-31 15:40:00,2025-01-31 15:30:00,597.3063666666667,450.07933333333335,2025-01-31T15:40:00,2025-01-31 00:00:00,0.7534,638.3817458472205,476.6533166666666,161.72842918055386,0.0,-0.0,10800.0,10800.0,0.0,0.0,14.501395847220465,0.0,0.0,0.0,0.0,0.0,9670.29518386948,9683.34644013198,121.84619854462927,0.0,121.84619854462927
2025-01-31,95,2025-01-31 15:50:00,2025-01-31 15:40:00,579.4388666666667,406.0807,2025-01-31T15:50:00,2025-01-31 00:00:00,0.7823,618.1475792290917,419.127,199.02057922909165,0.0,-0.0,10800.0,10800.0,0.0,0.0,25.662412562424947,0.0,0.0,0.0,0.0,0.0,9683.34644013198,9706.442611438162,155.6937991309184,0.0,155.6937991309184
2025-01-31,96,2025-01-31 16:00:00,2025-01-31 15:50:00,572.6066666666667,355.66249999999997,2025-01-31T16:00:00,2025-01-31 00:00:00,0.8055,602.9013583371136,360.5625,242.3388583371136,0.0,-0.0,10800.0,10800.0,0.0,0.0,25.394691670446832,0.0,0.0,0.0,0.0,0.0,9706.442611438162,9729.297833941564,195.203950390545,0.0,195.203950390545
2025-01-31,97,2025-01-31 16:10:00,2025-01-31 16:00:00,577.4249,314.5262833333333,2025-01-31T16:10:00,2025-01-31 00:00:00,0.8271,610.3559711657812,303.0667833333333,307.28918783244785,0.0,-0.0,10800.0,10800.0,0.0,0.0,44.39057116578124,0.0,0.0,0.0,0.0,0.0,9729.297833941564,9769.249347990768,254.1588872562176,0.0,254.1588872562176
2025-01-31,98,2025-01-31 16:20:00,2025-01-31 16:10:00,604.9893833333333,271.60388333333333,2025-01-31T16:20:00,2025-01-31 00:00:00,0.8519,594.1230178299166,250.79565,343.3273678299166,0.0,-0.0,10800.0,10800.0,0.0,0.0,9.941867829916646,0.0,0.0,0.0,0.0,0.0,9769.249347990768,9778.197029037692,292.48058465430597,0.0,292.48058465430597
2025-01-31,99,2025-01-31 16:30:00,2025-01-31 16:20:00,627.8583333333333,217.79375000000002,2025-01-31T16:30:00,2025-01-31 00:00:00,0.8791,569.2693705180053,200.775,368.4943705180053,0.0,-0.0,10800.0,10800.0,0.0,0.0,0.0,41.57021281532798,0.0,0.0,0.0,0.0,9778.197029037692,9732.007903687329,323.9434011223785,0.0,323.9434011223785
2025-01-31,100,2025-01-31 16:40:00,2025-01-31 16:30:00,596.4124666666667,156.46036666666666,2025-01-31T16:40:00,2025-01-31 00:00:00,0.9024,585.5271908372637,146.43793333333335,439.0892575039303,0.0,-0.0,10800.0,10800.0,0.0,0.0,0.0,0.8628424960696748,0.0,0.0,0.0,0.0,9732.007903687329,9731.049189802807,396.2341459715467,0.0,396.2341459715467
2025-01-31,101,2025-01-31 16:50:00,2025-01-31 16:40:00,536.7518833333334,104.1363,2025-01-31T16:50:00,2025-01-31 00:00:00,0.9163,529.7671917801136,96.80005,432.96714178011365,0.0,-0.0,10800.0,10800.0,0.0,0.0,0.3515584467802455,0.0,0.0,0.0,0.0,0.0,9731.049189802807,9731.365592404909,396.7277920131181,0.0,396.7277920131181
2025-01-31,102,2025-01-31 17:00:00,2025-01-31 16:50:00,482.9666666666667,60.56875,2025-01-31T17:00:00,2025-01-31 00:00:00,0.9264,440.5038773782783,53.4125,387.09137737827825,0.0,-0.0,10800.0,10800.0,0.0,0.0,0.0,35.30653928838842,0.0,0.0,0.0,0.0,9731.365592404909,9692.136104306699,358.601452003237,0.0,358.601452003237
2025-01-31,103,2025-01-31 17:10:00,2025-01-31 17:00:00,456.4757,15.271416666666667,2025-01-31T17:10:00,2025-01-31 00:00:00,0.9462,474.5832472479043,12.781916666666667,461.8013305812376,0.0,0.0,10800.0,10800.0,0.0,0.0,20.597047247904243,0.0,0.0,0.0,0.0,0.0,9692.136104306699,9710.673446829813,436.95641899596706,0.0,436.95641899596706
2025-01-31,104,2025-01-31 17:20:00,2025-01-31 17:10:00,471.22585000000004,0.0,2025-01-31T17:20:00,2025-01-31 00:00:00,0.9742,496.7578175918062,0.0,496.7578175918062,0.0,0.0,10800.0,10800.0,0.0,0.0,25.531967591806165,0.0,0.0,0.0,0.0,0.0,9710.673446829813,9733.652217662438,483.9414658979376,0.0,483.9414658979376
2025-01-31,105,2025-01-31 17:30:00,2025-01-31 17:20:00,485.74499999999995,0.0,2025-01-31T17:30:00,2025-01-31 00:00:00,0.9862,465.5205190797661,0.0,465.5205190797661,0.0,0.0,10800.0,10800.0,0.0,0.0,0.0,20.224480920233873,0.0,0.0,0.0,0.0,9733.652217662438,9711.180572195512,459.0963359164653,0.0,459.0963359164653
2025-01-31,106,2025-01-31 17:40:00,2025-01-31 17:30:00,444.6270666666667,0.8972166666666667,2025-01-31T17:40:00,2025-01-31 00:00:00,0.976,470.36525015251686,0.7756666666666666,469.5895834858502,0.0,0.0,10800.0,10800.0,0.0,0.0,25.8597334858502,0.0,0.0,0.0,0.0,0.0,9711.180572195512,9734.454332332776,458.31943348218977,0.0,458.31943348218977
2025-01-31,107,2025-01-31 17:50:00,2025-01-31 17:40:00,445.32678333333337,0.0,2025-01-31T17:50:00,2025-01-31 00:00:00,1.0742,453.8292088882255,0.0,0.0,0.0,453.8292088882255,10800.0,10295.745323457528,0.0,0.0,0.0,445.32678333333337,0.0,0.0,0.0,0.0,9734.454332332776,9239.64679529574,0.0,0.0,0.0
2025-01-31,108,2025-01-31 18:00:00,2025-01-31 17:50:00,485.1566666666667,0.0,2025-01-31T18:00:00,2025-01-31 00:00:00,1.2313,424.2064043980192,0.0,0.0,0.0,424.2064043980192,10295.745323457528,9824.404874126396,0.0,0.0,0.0,485.1566666666667,0.0,0.0,0.0,0.0,9239.64679529574,8700.583832332777,0.0,0.0,0.0
2025-01-31,109,2025-01-31 18:10:00,2025-01-31 18:00:00,462.88073333333335,0.06441666666666666,2025-01-31T18:10:00,2025-01-31 00:00:00,1.2561,455.28191883129836,0.055683333333333335,0.0,0.0,455.22623549796504,9824.404874126396,9318.597945795324,0.0,0.0,0.0,462.8163166666667,0.0,0.0,0.0,0.0,8700.583832332777,8186.343480480925,0.0,0.0,0.0
2025-01-31,110,2025-01-31 18:20:00,2025-01-31 18:10:00,435.39775000000003,0.0,2025-01-31T18:20:00,2025-01-31 00:00:00,1.2447,469.8810202978152,0.0,0.0,0.0,469.8810202978152,9318.597945795324,8796.507923242196,0.0,0.0,0.0,435.39775000000003,0.0,0.0,0.0,0.0,8186.343480480925,7702.568202703147,0.0,0.0,0.0
2025-01-31,111,2025-01-31 18:30:00,2025-01-31 18:20:00,421.94,0.0,2025-01-31T18:30:00,2025-01-31 00:00:00,1.2545,453.9463927840908,0.0,0.0,0.0,453.9463927840908,8796.507923242196,8292.123042370984,0.0,0.0,0.0,421.94,0.0,0.0,0.0,0.0,7702.568202703147,7233.745980480925,0.0,0.0,0.0
2025-01-31,112,2025-01-31 18:40:00,2025-01-31 18:30:00,392.3356166666667,0.0046166666666666665,2025-01-31T18:40:00,2025-01-31 00:00:00,1.2522,468.34161376361976,0.004,0.0,0.0,468.33761376361974,8292.123042370984,7771.747915966962,0.0,0.0,0.0,392.331,0.0,0.0,0.0,0.0,7233.745980480925,6797.822647147592,0.0,0.0,0.0
2025-01-31,113,2025-01-31 18:50:00,2025-01-31 18:40:00,427.2382666666667,0.0,2025-01-31T18:50:00,2025-01-31 00:00:00,1.2881,468.57637930771244,0.0,0.0,0.0,468.57637930771244,7771.747915966962,7251.107494513948,0.0,0.0,0.0,427.2382666666667,0.0,0.0,0.0,0.0,6797.822647147592,6323.113461962406,0.0,0.0,0.0
2025-01-31,114,2025-01-31 19:00:00,2025-01-31 18:50:00,488.76500000000004,0.0,2025-01-31T19:00:00,2025-01-31 00:00:00,1.3466,450.47496845840465,0.0,0.0,0.0,450.47496845840465,7251.107494513948,6750.579751782388,0.0,0.0,0.0,488.76500000000004,0.0,0.0,0.0,0.0,6323.113461962406,5780.041239740184,0.0,0.0,0.0
2025-01-31,115,2025-01-31 19:10:00,2025-01-31 19:00:00,450.8147666666667,0.0003333333333333333,2025-01-31T19:10:00,2025-01-31 00:00:00,1.3523,456.51213860435104,0.0002833333333333333,0.0,0.0,456.5118552710177,6750.579751782388,6243.344357036813,0.0,0.0,0.0,450.81443333333334,0.0,0.0,0.0,0.0,5780.041239740184,5279.136313814259,0.0,0.0,0.0
2025-01-31,116,2025-01-31 19:20:00,2025-01-31 19:10:00,417.53721666666667,0.0,2025-01-31T19:20:00,2025-01-31 00:00:00,1.3445,447.32451460977865,0.0,0.0,0.0,447.32451460977865,6243.344357036813,5746.317118581503,0.0,0.0,0.0,417.53721666666667,0.0,0.0,0.0,0.0,5279.136313814259,4815.206073073518,0.0,0.0,0.0
2025-01-31,117,2025-01-31 19:30:00,2025-01-31 19:20:00,431.4783333333333,0.0,2025-01-31T19:30:00,2025-01-31 00:00:00,1.3483,422.7702168691481,0.0,0.0,0.0,422.7702168691481,5746.317118581503,5276.572433171338,0.0,0.0,0.0,431.4783333333333,0.0,0.0,0.0,0.0,4815.206073073518,4335.785702703148,0.0,0.0,0.0
2025-01-31,118,2025-01-31 19:40:00,2025-01-31 19:30:00,435.22180000000003,0.0,2025-01-31T19:40:00,2025-01-31 00:00:00,1.349,426.74037030509726,0.0,0.0,0.0,426.74037030509726,5276.572433171338,4802.416466165674,0.0,0.0,0.0,435.22180000000003,0.0,0.0,0.0,0.0,4335.785702703148,3852.20592492537,0.0,0.0,0.0
2025-01-31,119,2025-01-31 19:50:00,2025-01-31 19:40:00,452.26518333333337,0.0,2025-01-31T19:50:00,2025-01-31 00:00:00,1.3473,438.72813893210116,0.0,0.0,0.0,438.72813893210116,4802.416466165674,4314.940756241117,0.0,0.0,0.0,452.26518333333337,0.0,0.0,0.0,0.0,3852.20592492537,3349.6890545549995,0.0,0.0,0.0
2025-01-31,120,2025-01-31 20:00:00,2025-01-31 19:50:00,473.77666666666664,0.0,2025-01-31T20:00:00,2025-01-31 00:00:00,1.3482,448.1432903755978,0.0,0.0,0.0,448.1432903755978,4314.940756241117,3817.003766934897,0.0,0.0,0.0,473.77666666666664,0.0,0.0,0.0,0.0,3349.6890545549995,2823.270536036481,0.0,0.0,0.0
2025-01-31,121,2025-01-31 20:10:00,2025-01-31 20:00:00,460.1149833333333,0.0,2025-01-31T20:10:00,2025-01-31 00:00:00,1.3513,464.25490270722156,0.0,0.0,0.0,464.25490270722156,3817.003766934897,3301.1649861490955,0.0,0.0,0.0,460.1149833333333,0.0,0.0,0.0,0.0,2823.270536036481,2312.0316656661107,0.0,0.0,0.0
2025-01-31,122,2025-01-31 20:20:00,2025-01-31 20:10:00,461.3929,0.0,2025-01-31T20:20:00,2025-01-31 00:00:00,1.34,469.58011378124377,0.0,0.0,0.0,469.58011378124377,3301.1649861490955,2779.4093041699357,0.0,0.0,0.0,461.3929,0.0,0.0,0.0,0.0,2312.0316656661107,1799.372887888333,0.0,0.0,0.0
2025-01-31,123,2025-01-31 20:30:00,2025-01-31 20:20:00,492.7716666666667,0.0,2025-01-31T20:30:00,2025-01-31 00:00:00,1.3489,451.74861123922517,0.0,0.0,0.0,451.74861123922517,2779.4093041699357,2277.466402793019,0.0,0.0,0.0,492.7716666666667,0.0,0.0,0.0,0.0,1799.372887888333,1251.8488138142588,0.0,0.0,0.0
2025-01-31,124,2025-01-31 20:40:00,2025-01-31 20:30:00,511.1099166666667,0.0,2025-01-31T20:40:00,2025-01-31 00:00:00,1.3952,423.63867271512356,0.0,0.0,0.0,423.63867271512356,2277.466402793019,1806.7567664428816,0.0,0.0,0.0,46.663932432832965,464.44598423383377,0.0,0.0,0.0,1251.8488138142588,1200.0,0.0,3239.975186015224,3239.975186015224
2025-01-31,125,2025-01-31 20:50:00,2025-01-31 20:40:00,475.5378666666666,0.0,2025-01-31T20:50:00,2025-01-31 00:00:00,1.2226,446.1896459691471,0.0,0.0,0.0,446.1896459691471,1806.7567664428816,1310.9904931438293,0.0,0.0,0.0,0.0,475.5378666666666,0.0,0.0,0.0,1200.0,1200.0,0.0,2906.962978933333,2906.962978933333
2025-01-31,126,2025-01-31 21:00:00,2025-01-31 20:50:00,427.2416666666666,0.0,2025-01-31T21:00:00,2025-01-31 00:00:00,0.9332,488.53111906747404,0.0,488.53111906747404,0.0,0.0,1310.9904931438293,1310.9904931438293,0.0,0.0,61.28945240080742,0.0,0.0,0.0,0.0,0.0,1200.0,1255.1605071607266,455.89724031376676,0.0,455.89724031376676
2025-01-31,127,2025-01-31 21:10:00,2025-01-31 21:00:00,453.34936666666664,0.0,2025-01-31T21:10:00,2025-01-31 00:00:00,0.9068,462.7650729269431,0.0,462.7650729269431,0.0,0.0,1310.9904931438293,1310.9904931438293,0.0,0.0,9.415706260276465,0.0,0.0,0.0,0.0,0.0,1255.1605071607266,1263.6346427949754,419.635368130152,0.0,419.635368130152
2025-01-31,128,2025-01-31 21:20:00,2025-01-31 21:10:00,502.7923666666666,0.0,2025-01-31T21:20:00,2025-01-31 00:00:00,0.9371,462.3237228270448,0.0,462.3237228270448,0.0,0.0,1310.9904931438293,1310.9904931438293,0.0,0.0,0.0,40.46864383962185,0.0,0.0,0.0,0.0,1263.6346427949754,1218.6694829731734,433.2435606612237,0.0,433.2435606612237
2025-01-31,129,2025-01-31 21:30:00,2025-01-31 21:20:00,521.8066666666667,0.0,2025-01-31T21:30:00,2025-01-31 00:00:00,0.9371,505.89370946261175,0.0,505.89370946261175,0.0,0.0,1310.9904931438293,1310.9904931438293,0.0,0.0,0.0,15.912957204054976,0.0,0.0,0.0,0.0,1218.6694829731734,1200.9884194131123,474.0729951374135,0.0,474.0729951374135
2025-01-31,130,2025-01-31 21:40:00,2025-01-31 21:30:00,497.97596666666664,0.0,2025-01-31T21:40:00,2025-01-31 00:00:00,0.9871,505.47113112204096,0.0,405.5796872925946,0.0,99.89144382944639,1310.9904931438293,1200.0,0.0,0.0,0.0,0.889577471801067,91.50670190227098,0.0,0.0,0.0,1200.9884194131123,1200.0,400.34770932652015,451.6313272386584,851.9790365651786
2025-01-31,131,2025-01-31 21:50:00,2025-01-31 21:40:00,453.04175000000004,0.0,2025-01-31T21:50:00,2025-01-31 00:00:00,0.7764,434.5510873576786,0.0,434.5510873576786,-0.0,0.0,1200.0,1200.0,0.0,0.0,0.0,0.0,18.49066264232141,0.0,0.0,0.0,1200.0,1200.0,337.3854642245017,71.78075237749171,409.16621660199337
2025-01-31,132,2025-01-31 22:00:00,2025-01-31 21:50:00,410.9266666666667,0.0,2025-01-31T22:00:00,2025-01-31 00:00:00,0.4209,360.48837622372935,0.0,1193.8217095570626,833.3333333333333,0.0,1200.0,1950.0,0.0,1.0,782.8950428903959,0.0,0.0,0.0,0.0,0.0,1200.0,1904.6055386013563,502.47955755256766,0.0,502.47955755256766
2025-01-31,133,2025-01-31 22:10:00,2025-01-31 22:00:00,387.2007833333333,0.0,2025-01-31T22:10:00,2025-01-31 00:00:00,0.3859,382.5016405030542,0.0,1215.8349738363875,833.3333333333333,0.0,1950.0,2700.0,0.0,1.0,828.6341905030542,0.0,0.0,0.0,0.0,0.0,1904.6055386013563,2650.376310054105,469.1907164034619,0.0,469.1907164034619
2025-01-31,134,2025-01-31 22:20:00,2025-01-31 22:10:00,387.29235,0.0,2025-01-31T22:20:00,2025-01-31 00:00:00,0.4368,421.9256855916042,0.0,421.9256855916042,0.0,0.0,2700.0,2700.0,0.0,0.0,34.63333559160418,0.0,0.0,0.0,0.0,0.0,2650.376310054105,2681.546312086549,184.29713946641272,0.0,184.29713946641272
2025-01-31,135,2025-01-31 22:30:00,2025-01-31 22:20:00,397.6433333333334,0.0,2025-01-31T22:30:00,2025-01-31 00:00:00,0.4198,429.2133732488907,0.0,1262.546706582224,833.3333333333333,0.0,2700.0,3450.0,0.0,1.0,833.3333333333334,0.0,0.0,31.57003991555723,31.57003991555723,0.0,2681.546312086549,3431.546312086549,530.0171074232177,0.0,530.0171074232177
2025-01-31,136,2025-01-31 22:40:00,2025-01-31 22:30:00,395.98403333333334,0.0,2025-01-31T22:40:00,2025-01-31 00:00:00,0.4186,424.7051941217527,0.0,1258.0385274550858,833.3333333333333,0.0,3450.0,4200.0,0.0,1.0,833.3333333333334,0.0,0.0,28.72116078841907,28.72116078841907,0.0,3431.546312086549,4181.546312086549,526.614927592699,0.0,526.614927592699
2025-01-31,137,2025-01-31 22:50:00,2025-01-31 22:40:00,391.0680333333333,0.0,2025-01-31T22:50:00,2025-01-31 00:00:00,0.4241,411.0966972381064,0.0,411.0966972381064,0.0,0.0,4200.0,4200.0,0.0,0.0,20.02866390477311,0.0,0.0,0.0,0.0,0.0,4181.546312086549,4199.572109600845,174.34610929868091,0.0,174.34610929868091
2025-01-31,138,2025-01-31 23:00:00,2025-01-31 22:50:00,395.1116666666667,0.0,2025-01-31T23:00:00,2025-01-31 00:00:00,0.4237,398.40836467363715,0.0,1231.7416980069704,833.3333333333333,0.0,4200.0,4950.0,0.0,1.0,833.3333333333334,0.0,0.0,3.2966980069703595,3.2966980069703595,0.0,4199.572109600845,4949.572109600845,521.8889574455534,0.0,521.8889574455534
2025-01-31,139,2025-01-31 23:10:00,2025-01-31 23:00:00,408.87148333333334,0.0,2025-01-31T23:10:00,2025-01-31 00:00:00,0.4248,398.4703258959105,0.0,398.4703258959105,0.0,0.0,4950.0,4950.0,0.0,0.0,0.0,10.401157437422853,0.0,0.0,0.0,0.0,4949.572109600845,4938.015268003708,169.27019444058277,0.0,169.27019444058277
2025-01-31,140,2025-01-31 23:20:00,2025-01-31 23:10:00,407.0644,0.0,2025-01-31T23:20:00,2025-01-31 00:00:00,0.424,382.7115963601817,0.0,760.1054647780948,377.39386841791304,0.0,4950.0,5289.654481576122,0.0,1.0,353.0410647780948,0.0,0.0,0.0,0.0,0.0,4938.015268003708,5255.752226303994,322.28471706591216,0.0,322.28471706591216
2025-01-31,141,2025-01-31 23:30:00,2025-01-31 23:20:00,401.20166666666665,0.0,2025-01-31T23:30:00,2025-01-31 00:00:00,0.422,370.95078535228726,0.0,1204.2841186856206,833.3333333333333,0.0,5289.654481576122,6039.654481576122,0.0,1.0,803.082452018954,0.0,0.0,0.0,0.0,0.0,5255.752226303994,5978.526433121052,508.20789808533186,0.0,508.20789808533186
2025-01-31,142,2025-01-31 23:40:00,2025-01-31 23:30:00,425.7475833333333,0.0,2025-01-31T23:40:00,2025-01-31 00:00:00,0.424,411.7372002638814,0.0,1245.0705335972148,833.3333333333333,0.0,6039.654481576122,6789.654481576122,0.0,1.0,819.3229502638815,0.0,0.0,0.0,0.0,0.0,5978.526433121052,6715.917088358545,527.9099062452191,0.0,527.9099062452191
2025-01-31,143,2025-01-31 23:50:00,2025-01-31 23:40:00,436.38989999999995,0.0,2025-01-31T23:50:00,2025-01-31 00:00:00,0.4271,437.45640359769857,0.0,437.45640359769857,0.0,0.0,6789.654481576122,6789.654481576122,0.0,0.0,1.0665035976986132,0.0,0.0,0.0,0.0,0.0,6715.917088358545,6716.876941596473,186.83762997657706,0.0,186.83762997657706
2025-01-31,144,2025-02-01 00:00:00,2025-01-31 23:50:00,423.96000000000004,0.0,2025-02-01T00:00:00,2025-01-31 00:00:00,0.4276,428.7247947272592,0.0,428.7247947272592,0.0,0.0,6789.654481576122,6789.654481576122,0.0,0.0,4.764794727259186,0.0,0.0,0.0,0.0,0.0,6716.876941596473,6721.165256851007,183.32272222537603,0.0,183.32272222537603
