date,slot_id,load_actual_kw,interval_end,interval_start,load_raw_time_label,load_source_row,load_source_column,pv_actual_kw,pv_raw_time_label,pv_source_row,pv_source_column,actual_price_yuan_per_kwh,price_raw_time_label,price_source_row,price_source_column,fixed_price_yuan_per_kwh,load_actual_kwh,pv_actual_kwh,net_load_actual_kw,net_load_actual_kwh,available_time,issue_time,forecast_history_end,dispatch_time,decision_input_cutoff,price_yuan_per_kwh,load_forecast_kwh,pv_forecast_kwh,risk_delta_kwh,plan_load_kwh,plan_pv_kwh,selected_index,selected_tau,selected_terminal,selected_terminal_energy_kwh,grid_plan_kwh,charge_plan_kwh,discharge_plan_kwh,energy_start_plan_kwh,energy_end_plan_kwh,pv_curtailment_plan_kwh,charge_mode_plan,charge_actual_kwh,discharge_actual_kwh,emergency_kwh,surplus_kwh,unused_grid_kwh,pv_curtailment_kwh,energy_start_actual_kwh,energy_end_actual_kwh,planned_cost_yuan,emergency_cost_yuan,total_cost_yuan
2025-01-15,1,3620.6386,2025-01-15T00:10:00,2025-01-15T00:00:00,00:10:00,16,B,0.0,00:10:00,16,B,0.4662,00:10:00,16,B,0.4248,603.4397666666667,0.0,3620.6386,603.4397666666667,2025-01-15T00:10:00,2025-01-15 00:00:00,2025-01-15 00:00:00,2025-01-15T00:10:00,2025-01-15T00:10:00,0.4248,630.0752870030816,0.0,13.813329969729422,643.8886169728111,0.0,2,0.7,equal_initial,6000.0,1477.2219503061442,833.3333333333333,0.0,6000.0,6750.0,0.0,1.0,833.3333333333334,0.0,0.0,40.448850306144095,40.448850306144095,0.0,6000.0,6750.0,627.52388449005,0.0,627.52388449005
2025-01-15,2,3708.3377,2025-01-15T00:20:00,2025-01-15T00:10:00,00:20:00,16,C,0.0,00:20:00,16,C,0.4762,00:20:00,16,C,0.4245,618.0562833333333,0.0,3708.3377,618.0562833333333,2025-01-15T00:20:00,2025-01-15 00:00:00,2025-01-15 00:00:00,2025-01-15T00:20:00,2025-01-15T00:20:00,0.4245,647.1065007593129,0.040865291902777656,13.813329969729422,660.9198307290424,0.040865291902777656,2,0.7,equal_initial,6000.0,1494.212298770473,833.3333333333333,0.0,6750.0,7500.0,0.0,1.0,833.3333333333334,0.0,0.0,42.82268210380619,42.82268210380619,0.0,6750.0,7500.0,634.2931208280658,0.0,634.2931208280658
2025-01-15,3,3838.32,2025-01-15T00:30:00,2025-01-15T00:20:00,00:30:00,16,D,0.0,00:30:00,16,D,0.4606,00:30:00,16,D,0.4269,639.72,0.0,3838.32,639.72,2025-01-15T00:30:00,2025-01-15 00:00:00,2025-01-15 00:00:00,2025-01-15T00:30:00,2025-01-15T00:30:00,0.4269,622.8566449032713,0.41045542219734843,13.813329969729422,636.6699748730008,0.41045542219734843,2,0.7,equal_initial,6000.0,1469.5928527841365,833.3333333333333,0.0,7500.0,8250.0,0.0,1.0,829.8728527841365,0.0,0.0,0.0,0.0,0.0,7500.0,8246.885567505722,627.3691888535479,0.0,627.3691888535479
2025-01-15,4,3697.5425,2025-01-15T00:40:00,2025-01-15T00:30:00,00:40:00,16,E,0.0,00:40:00,16,E,0.4507,00:40:00,16,E,0.4272,616.2570833333333,0.0,3697.5425,616.2570833333333,2025-01-15T00:40:00,2025-01-15 00:00:00,2025-01-15 00:00:00,2025-01-15T00:40:00,2025-01-15T00:40:00,0.4272,569.7139183371559,0.984059359146559,13.813329969729422,583.5272483068853,0.984059359146559,2,0.7,equal_initial,6000.0,1415.876522281072,833.3333333333333,0.0,8250.0,9000.0,0.0,1.0,799.6194389477388,0.0,0.0,0.0,0.0,0.0,8246.885567505722,8966.543062558687,604.862450318474,0.0,604.862450318474
2025-01-15,5,3616.2551,2025-01-15T00:50:00,2025-01-15T00:40:00,00:50:00,16,F,0.0,00:50:00,16,F,0.4401,00:50:00,16,F,0.4271,602.7091833333333,0.0,3616.2551,602.7091833333333,2025-01-15T00:50:00,2025-01-15 00:00:00,2025-01-15 00:00:00,2025-01-15T00:50:00,2025-01-15T00:50:00,0.4271,570.8342660767677,1.7290185455478815,13.813329969729422,584.6475960464971,1.7290185455478815,2,0.7,equal_initial,6000.0,1416.2519108342826,833.3333333333333,0.0,9000.0,9750.0,0.0,1.0,813.5427275009494,0.0,0.0,0.0,0.0,0.0,8966.543062558687,9698.731517309541,604.881191117322,0.0,604.881191117322
2025-01-15,6,3730.26,2025-01-15T01:00:00,2025-01-15T00:50:00,01:00:00,16,G,0.0,01:00:00,16,G,0.4398,01:00:00,16,G,0.4285,621.71,0.0,3730.26,621.71,2025-01-15T01:00:00,2025-01-15 00:00:00,2025-01-15 00:00:00,2025-01-15T01:00:00,2025-01-15T01:00:00,0.4285,618.2787886482676,2.604893897504132,13.813329969729422,632.092118617997,2.604893897504132,2,0.7,equal_initial,6000.0,629.4872247204929,0.0,0.0,9750.0,9750.0,0.0,-0.0,7.777224720492882,0.0,0.0,0.0,0.0,0.0,9698.731517309541,9705.731019557985,269.7352757927312,0.0,269.7352757927312
2025-01-15,7,3846.9076,2025-01-15T01:10:00,2025-01-15T01:00:00,01:10:00,16,H,0.0,01:10:00,16,H,0.4682,01:10:00,16,H,0.4311,641.1512666666666,0.0,3846.9076,641.1512666666666,2025-01-15T01:10:00,2025-01-15 00:00:00,2025-01-15 00:00:00,2025-01-15T01:10:00,2025-01-15T01:10:00,0.4311,622.4263619024687,3.564662058493034,26.899741639868367,649.326103542337,3.564662058493034,2,0.7,equal_initial,6000.0,645.761441483844,0.0,0.0,9750.0,9750.0,0.0,0.0,4.610174817177381,0.0,0.0,0.0,0.0,0.0,9705.731019557985,9709.880176893445,278.3877574236851,0.0,278.3877574236851
2025-01-15,8,3898.524,2025-01-15T01:20:00,2025-01-15T01:10:00,01:20:00,16,I,0.0,01:20:00,16,I,0.4659,01:20:00,16,I,0.4302,649.754,0.0,3898.524,649.754,2025-01-15T01:20:00,2025-01-15 00:00:00,2025-01-15 00:00:00,2025-01-15T01:20:00,2025-01-15T01:20:00,0.4302,601.1626183292444,4.556129421635546,26.899741639868367,628.0623599691128,4.556129421635546,2,0.7,equal_initial,6000.0,623.5062305474772,0.0,0.0,9750.0,9750.0,0.0,0.0,0.0,26.24776945252279,0.0,0.0,0.0,0.0,9709.880176893445,9680.715988612863,268.2323803815247,0.0,268.2323803815247
2025-01-15,9,3875.21,2025-01-15T01:30:00,2025-01-15T01:20:00,01:30:00,16,J,0.0,01:30:00,16,J,0.4332,01:30:00,16,J,0.4279,645.8683333333333,0.0,3875.21,645.8683333333333,2025-01-15T01:30:00,2025-01-15 00:00:00,2025-01-15 00:00:00,2025-01-15T01:30:00,2025-01-15T01:30:00,0.4279,604.0383747809832,5.523534239114844,26.899741639868367,630.9381164208515,5.523534239114844,2,0.7,equal_initial,6000.0,958.74791551507,333.3333333333333,0.0,9750.0,10050.0,0.0,0.9999999999999992,312.8795821817366,0.0,0.0,0.0,0.0,0.0,9680.715988612863,9962.307612576426,410.24823304889844,0.0,410.24823304889844
2025-01-15,10,3815.078,2025-01-15T01:40:00,2025-01-15T01:30:00,01:40:00,16,K,0.0,01:40:00,16,K,0.4363,01:40:00,16,K,0.4312,635.8463333333333,0.0,3815.078,635.8463333333333,2025-01-15T01:40:00,2025-01-15 00:00:00,2025-01-15 00:00:00,2025-01-15T01:40:00,2025-01-15T01:40:00,0.4312,652.9862389252431,6.409303034574347,26.899741639868367,679.8859805651115,6.409303034574347,2,0.7,equal_initial,6000.0,673.4766775305371,0.0,0.0,10050.0,10050.0,0.0,0.0,37.63034419720384,0.0,0.0,0.0,0.0,0.0,9962.307612576426,9996.174922353908,290.4031433511676,0.0,290.4031433511676
2025-01-15,11,3850.0953,2025-01-15T01:50:00,2025-01-15T01:40:00,01:50:00,16,L,0.0,01:50:00,16,L,0.4842,01:50:00,16,L,0.4333,641.68255,0.0,3850.0953,641.68255,2025-01-15T01:50:00,2025-01-15 00:00:00,2025-01-15 00:00:00,2025-01-15T01:50:00,2025-01-15T01:50:00,0.4333,651.6859621541051,7.155924059093872,26.899741639868367,678.5857037939735,7.155924059093872,2,0.7,equal_initial,6000.0,671.4297797348796,0.0,0.0,10050.0,10050.0,0.0,0.0,29.747229734879625,0.0,0.0,0.0,0.0,0.0,9996.174922353908,10022.9474291153,290.93052355912334,0.0,290.93052355912334
2025-01-15,12,3956.44,2025-01-15T02:00:00,2025-01-15T01:50:00,02:00:00,16,M,0.0,02:00:00,16,M,0.5165,02:00:00,16,M,0.4311,659.4066666666666,0.0,3956.44,659.4066666666666,2025-01-15T02:00:00,2025-01-15 00:00:00,2025-01-15 00:00:00,2025-01-15T02:00:00,2025-01-15T02:00:00,0.4311,624.4484190023111,7.7078977500974695,26.899741639868367,651.3481606421794,7.7078977500974695,2,0.7,equal_initial,6000.0,643.640262892082,0.0,0.0,10050.0,10050.0,0.0,0.0,0.0,15.76640377458466,0.0,0.0,0.0,0.0,10022.9474291153,10005.429202699095,277.4733173327765,0.0,277.4733173327765
2025-01-15,13,3969.5136,2025-01-15T02:10:00,2025-01-15T02:00:00,02:10:00,16,N,0.0,02:10:00,16,N,0.465,02:10:00,16,N,0.4293,661.5856,0.0,3969.5136,661.5856,2025-01-15T02:10:00,2025-01-15 00:00:00,2025-01-15 00:00:00,2025-01-15T02:10:00,2025-01-15T02:10:00,0.4293,681.4600964834445,8.013722119053563,18.781757990945994,700.2418544743905,8.013722119053563,2,0.7,equal_initial,6000.0,692.2281323553369,0.0,0.0,10050.0,10050.0,0.0,0.0,30.642532355336925,0.0,0.0,0.0,0.0,0.0,10005.429202699095,10033.007481818899,297.17353722014616,0.0,297.17353722014616
2025-01-15,14,3881.7966,2025-01-15T02:20:00,2025-01-15T02:10:00,02:20:00,16,O,0.0,02:20:00,16,O,0.442,02:20:00,16,O,0.4324,646.9661,0.0,3881.7966,646.9661,2025-01-15T02:20:00,2025-01-15 00:00:00,2025-01-15 00:00:00,2025-01-15T02:20:00,2025-01-15T02:20:00,0.4324,684.3332571459677,8.027869748597816,18.781757990945994,703.1150151369136,8.027869748597816,2,0.7,equal_initial,6000.0,695.0871453883158,0.0,0.0,10050.0,10050.0,0.0,0.0,48.12104538831579,0.0,0.0,0.0,0.0,0.0,10033.007481818899,10076.316422668382,300.55568166590774,0.0,300.55568166590774
2025-01-15,15,3821.77,2025-01-15T02:30:00,2025-01-15T02:20:00,02:30:00,16,P,0.0,02:30:00,16,P,0.4677,02:30:00,16,P,0.4367,636.9616666666667,0.0,3821.77,636.9616666666667,2025-01-15T02:30:00,2025-01-15 00:00:00,2025-01-15 00:00:00,2025-01-15T02:30:00,2025-01-15T02:30:00,0.4367,632.4299327794276,7.712712649222018,18.781757990945994,651.2116907703736,7.712712649222018,2,0.7,equal_initial,6000.0,643.4989781211516,0.0,0.0,10050.0,10050.0,0.0,0.0,6.537311454484893,0.0,0.0,0.0,0.0,0.0,10076.316422668382,10082.200002977419,281.0160037455069,0.0,281.0160037455069
2025-01-15,16,3913.8305,2025-01-15T02:40:00,2025-01-15T02:30:00,02:40:00,16,Q,0.0,02:40:00,16,Q,0.4595,02:40:00,16,Q,0.4348,652.3050833333333,0.0,3913.8305,652.3050833333333,2025-01-15T02:40:00,2025-01-15 00:00:00,2025-01-15 00:00:00,2025-01-15T02:40:00,2025-01-15T02:40:00,0.4348,667.0804190979807,7.040351621911905,18.781757990945994,685.8621770889266,7.040351621911905,2,0.7,equal_initial,6000.0,678.8218254670147,0.0,0.0,10050.0,10050.0,0.0,0.0,26.51674213368142,0.0,0.0,0.0,0.0,0.0,10082.200002977419,10106.065070897732,295.151729713058,0.0,295.151729713058
2025-01-15,17,3904.4889,2025-01-15T02:50:00,2025-01-15T02:40:00,02:50:00,16,R,0.0,02:50:00,16,R,0.4706,02:50:00,16,R,0.4335,650.74815,0.0,3904.4889,650.74815,2025-01-15T02:50:00,2025-01-15 00:00:00,2025-01-15 00:00:00,2025-01-15T02:50:00,2025-01-15T02:50:00,0.4335,696.1711908705863,5.994307993319011,18.781757990945994,714.9529488615323,5.994307993319011,2,0.7,equal_initial,6000.0,708.9586408682133,0.0,0.0,10050.0,10050.0,0.0,0.0,58.21049086821324,0.0,0.0,0.0,0.0,0.0,10106.065070897732,10158.454512679124,307.33357081637047,0.0,307.33357081637047
2025-01-15,18,3843.04,2025-01-15T03:00:00,2025-01-15T02:50:00,03:00:00,16,S,0.0,03:00:00,16,S,0.4948,03:00:00,16,S,0.4357,640.5066666666667,0.0,3843.04,640.5066666666667,2025-01-15T03:00:00,2025-01-15 00:00:00,2025-01-15 00:00:00,2025-01-15T03:00:00,2025-01-15T03:00:00,0.4357,677.5761181193602,4.571037616717261,18.781757990945994,696.3578761103062,4.571037616717261,2,0.7,equal_initial,6000.0,691.7868384935889,0.0,0.0,10050.0,10050.0,0.0,0.0,51.28017182692224,0.0,0.0,0.0,0.0,0.0,10158.454512679124,10204.606667323354,301.41152553165665,0.0,301.41152553165665
2025-01-15,19,4037.7965,2025-01-15T03:10:00,2025-01-15T03:00:00,03:10:00,16,T,0.0,03:10:00,16,T,0.4707,03:10:00,16,T,0.4374,672.9660833333334,0.0,4037.7965,672.9660833333334,2025-01-15T03:10:00,2025-01-15 00:00:00,2025-01-15 00:00:00,2025-01-15T03:10:00,2025-01-15T03:10:00,0.4374,669.4333048764702,2.7812298331761354,18.57968123634181,688.012986112812,2.7812298331761354,2,0.7,equal_initial,6000.0,685.2317562796359,0.0,0.0,10050.0,10050.0,0.0,0.0,12.265672946302516,0.0,0.0,0.0,0.0,0.0,10204.606667323354,10215.645772975027,299.72037019671274,0.0,299.72037019671274
2025-01-15,20,4247.0307,2025-01-15T03:20:00,2025-01-15T03:10:00,03:20:00,16,U,0.0,03:20:00,16,U,0.4893,03:20:00,16,U,0.4371,707.8384500000001,0.0,4247.0307,707.8384500000001,2025-01-15T03:20:00,2025-01-15 00:00:00,2025-01-15 00:00:00,2025-01-15T03:20:00,2025-01-15T03:20:00,0.4371,687.6619323954565,0.6508576171888999,18.57968123634181,706.2416136317983,0.6508576171888999,2,0.7,equal_initial,6000.0,705.5907560146094,0.0,0.0,10050.0,10050.0,0.0,0.0,0.0,2.247693985390697,0.0,0.0,0.0,0.0,10215.645772975027,10213.148335213482,308.4137194539858,0.0,308.4137194539858
2025-01-15,21,4248.04,2025-01-15T03:30:00,2025-01-15T03:20:00,03:30:00,16,V,0.0,03:30:00,16,V,0.5374,03:30:00,16,V,0.4356,708.0066666666667,0.0,4248.04,708.0066666666667,2025-01-15T03:30:00,2025-01-15 00:00:00,2025-01-15 00:00:00,2025-01-15T03:30:00,2025-01-15T03:30:00,0.4356,713.1305048997435,0.0,18.57968123634181,731.7101861360853,0.0,2,0.7,equal_initial,6000.0,731.7101861360853,0.0,0.0,10050.0,10050.0,0.0,0.0,23.703519469418666,0.0,0.0,0.0,0.0,0.0,10213.148335213482,10234.481502735958,318.73295708087875,0.0,318.73295708087875
2025-01-15,22,4069.9033,2025-01-15T03:40:00,2025-01-15T03:30:00,03:40:00,16,W,0.0,03:40:00,16,W,0.5061,03:40:00,16,W,0.4353,678.3172166666667,0.0,4069.9033,678.3172166666667,2025-01-15T03:40:00,2025-01-15 00:00:00,2025-01-15 00:00:00,2025-01-15T03:40:00,2025-01-15T03:40:00,0.4353,716.9774424428987,0.0,18.57968123634181,735.5571236792405,0.0,2,0.7,equal_initial,6000.0,735.5571236792405,0.0,0.0,10050.0,10050.0,0.0,0.0,57.23990701257378,0.0,0.0,0.0,0.0,0.0,10234.481502735958,10285.997419047275,320.18801593757337,0.0,320.18801593757337
2025-01-15,23,4083.9377,2025-01-15T03:50:00,2025-01-15T03:40:00,03:50:00,16,X,0.0,03:50:00,16,X,0.4709,03:50:00,16,X,0.436,680.6562833333334,0.0,4083.9377,680.6562833333334,2025-01-15T03:50:00,2025-01-15 00:00:00,2025-01-15 00:00:00,2025-01-15T03:50:00,2025-01-15T03:50:00,0.436,723.194959889401,0.0,18.57968123634181,741.7746411257428,0.0,2,0.7,equal_initial,6000.0,741.7746411257428,0.0,0.0,10050.0,10050.0,0.0,0.0,61.11835779240948,0.0,0.0,0.0,0.0,0.0,10285.997419047275,10341.003941060444,323.41374353082387,0.0,323.41374353082387
2025-01-15,24,4262.08,2025-01-15T04:00:00,2025-01-15T03:50:00,04:00:00,16,Y,0.0,04:00:00,16,Y,0.4698,04:00:00,16,Y,0.4378,710.3466666666667,0.0,4262.08,710.3466666666667,2025-01-15T04:00:00,2025-01-15 00:00:00,2025-01-15 00:00:00,2025-01-15T04:00:00,2025-01-15T04:00:00,0.4378,738.5302121648973,0.0,18.57968123634181,757.1098934012391,0.0,2,0.7,equal_initial,6000.0,757.1098934012391,0.0,0.0,10050.0,10050.0,0.0,0.0,46.76322673457241,0.0,0.0,0.0,0.0,0.0,10341.003941060444,10383.09084512156,331.4627113310625,0.0,331.4627113310625
2025-01-15,25,4230.8738,2025-01-15T04:10:00,2025-01-15T04:00:00,04:10:00,16,Z,0.0,04:10:00,16,Z,0.4661,04:10:00,16,Z,0.4401,705.1456333333334,0.0,4230.8738,705.1456333333334,2025-01-15T04:10:00,2025-01-15 00:00:00,2025-01-15 00:00:00,2025-01-15T04:10:00,2025-01-15T04:10:00,0.4401,740.4159956553312,0.0,18.23445333333341,758.6504489886646,0.0,2,0.7,equal_initial,6000.0,758.6504489886646,0.0,0.0,10050.0,10050.0,0.0,0.0,53.504815655331186,0.0,0.0,0.0,0.0,0.0,10383.09084512156,10431.245179211359,333.8820625999113,0.0,333.8820625999113
2025-01-15,26,4159.0828,2025-01-15T04:20:00,2025-01-15T04:10:00,04:20:00,16,AA,0.0,04:20:00,16,AA,0.4634,04:20:00,16,AA,0.4389,693.1804666666667,0.0,4159.0828,693.1804666666667,2025-01-15T04:20:00,2025-01-15 00:00:00,2025-01-15 00:00:00,2025-01-15T04:20:00,2025-01-15T04:20:00,0.4389,713.8402557408727,0.0,18.23445333333341,732.0747090742061,0.0,2,0.7,equal_initial,6000.0,732.0747090742061,0.0,0.0,10050.0,10050.0,0.0,0.0,38.89424240753942,0.0,0.0,0.0,0.0,0.0,10431.245179211359,10466.249997378145,321.30758981266905,0.0,321.30758981266905
2025-01-15,27,4154.0,2025-01-15T04:30:00,2025-01-15T04:20:00,04:30:00,16,AB,0.0,04:30:00,16,AB,0.473,04:30:00,16,AB,0.4364,692.3333333333334,0.0,4154.0,692.3333333333334,2025-01-15T04:30:00,2025-01-15 00:00:00,2025-01-15 00:00:00,2025-01-15T04:30:00,2025-01-15T04:30:00,0.4364,690.5069283622396,0.0,18.23445333333341,708.741381695573,0.0,2,0.7,equal_initial,6000.0,708.741381695573,0.0,0.0,10050.0,10050.0,0.0,0.0,16.408048362239583,0.0,0.0,0.0,0.0,0.0,10466.249997378145,10481.01724090416,309.29473897194805,0.0,309.29473897194805
2025-01-15,28,4149.3712,2025-01-15T04:40:00,2025-01-15T04:30:00,04:40:00,16,AC,0.0,04:40:00,16,AC,0.4946,04:40:00,16,AC,0.4393,691.5618666666666,0.0,4149.3712,691.5618666666666,2025-01-15T04:40:00,2025-01-15 00:00:00,2025-01-15 00:00:00,2025-01-15T04:40:00,2025-01-15T04:40:00,0.4393,717.675825852214,0.0,18.23445333333341,735.9102791855473,0.0,2,0.7,equal_initial,6000.0,735.9102791855473,0.0,0.0,10050.0,10050.0,0.0,0.0,44.348412518880764,0.0,0.0,0.0,0.0,0.0,10481.01724090416,10520.930812171153,323.28538564621095,0.0,323.28538564621095
2025-01-15,29,4190.2662,2025-01-15T04:50:00,2025-01-15T04:40:00,04:50:00,16,AD,0.0,04:50:00,16,AD,0.4972,04:50:00,16,AD,0.4422,698.3777,0.0,4190.2662,698.3777,2025-01-15T04:50:00,2025-01-15 00:00:00,2025-01-15 00:00:00,2025-01-15T04:50:00,2025-01-15T04:50:00,0.4422,730.1232385563275,0.0,18.23445333333341,748.3576918896608,0.0,2,0.7,equal_initial,6000.0,748.3576918896608,0.0,0.0,10050.0,10050.0,0.0,0.0,49.97999188966082,0.0,0.0,0.0,0.0,0.0,10520.930812171153,10565.912804871848,330.923771353608,0.0,330.923771353608
2025-01-15,30,4264.68,2025-01-15T05:00:00,2025-01-15T04:50:00,05:00:00,16,AE,0.0,05:00:00,16,AE,0.4907,05:00:00,16,AE,0.4395,710.7800000000001,0.0,4264.68,710.7800000000001,2025-01-15T05:00:00,2025-01-15 00:00:00,2025-01-15 00:00:00,2025-01-15T05:00:00,2025-01-15T05:00:00,0.4395,707.9881051432527,0.0,18.23445333333341,726.2225584765861,0.0,2,0.7,equal_initial,6000.0,726.2225584765861,0.0,0.0,10050.0,10050.0,0.0,0.0,15.442558476585987,0.0,0.0,0.0,0.0,0.0,10565.912804871848,10579.811107500776,319.17481445045956,0.0,319.17481445045956
2025-01-15,31,4312.3813,2025-01-15T05:10:00,2025-01-15T05:00:00,05:10:00,16,AF,0.0,05:10:00,16,AF,0.5166,05:10:00,16,AF,0.4333,718.7302166666667,0.0,4312.3813,718.7302166666667,2025-01-15T05:10:00,2025-01-15 00:00:00,2025-01-15 00:00:00,2025-01-15T05:10:00,2025-01-15T05:10:00,0.4333,695.3202050591428,0.0,25.427419999999913,720.7476250591427,0.0,2,0.7,equal_initial,6000.0,720.7476250591427,0.0,0.0,10050.0,10050.0,0.0,0.0,2.017408392476,0.0,0.0,0.0,0.0,0.0,10579.811107500776,10581.626775054005,312.29994593812654,0.0,312.29994593812654
2025-01-15,32,4413.9209,2025-01-15T05:20:00,2025-01-15T05:10:00,05:20:00,16,AG,0.0021,05:20:00,16,AG,0.5489,05:20:00,16,AG,0.4439,735.6534833333334,0.00035,4413.9188,735.6531333333334,2025-01-15T05:20:00,2025-01-15 00:00:00,2025-01-15 00:00:00,2025-01-15T05:20:00,2025-01-15T05:20:00,0.4439,695.7829240667202,0.0,25.427419999999913,721.21034406672,0.0,2,0.7,equal_initial,6000.0,721.21034406672,0.0,0.0,10050.0,10050.0,0.0,0.0,0.0,14.442789266613318,0.0,0.0,0.0,0.0,10581.626775054005,10565.579231424434,320.14527173121706,0.0,320.14527173121706
2025-01-15,33,4348.62,2025-01-15T05:30:00,2025-01-15T05:20:00,05:30:00,16,AH,0.0,05:30:00,16,AH,0.5112,05:30:00,16,AH,0.4301,724.77,0.0,4348.62,724.77,2025-01-15T05:30:00,2025-01-15 00:00:00,2025-01-15 00:00:00,2025-01-15T05:30:00,2025-01-15T05:30:00,0.4301,698.9458835278274,0.0,25.427419999999913,724.3733035278273,0.0,2,0.7,equal_initial,6000.0,724.3733035278273,0.0,0.0,10050.0,10050.0,0.0,0.0,0.0,0.39669647217272086,0.0,0.0,0.0,0.0,10565.579231424434,10565.138457566463,311.5529578473185,0.0,311.5529578473185
2025-01-15,34,3943.2555,2025-01-15T05:40:00,2025-01-15T05:30:00,05:40:00,16,AI,0.0,05:40:00,16,AI,0.4052,05:40:00,16,AI,0.3713,657.20925,0.0,3943.2555,657.20925,2025-01-15T05:40:00,2025-01-15 00:00:00,2025-01-15 00:00:00,2025-01-15T05:40:00,2025-01-15T05:40:00,0.3713,711.7679290967397,0.0,25.427419999999913,737.1953490967396,0.0,2,0.7,equal_initial,6000.0,1570.5286824300729,833.3333333333333,0.0,10050.0,10800.0,0.0,1.0,260.9572693705963,0.0,0.0,652.3621630594766,652.3621630594766,0.0,10565.138457566463,10800.0,583.1372997862861,0.0,583.1372997862861
2025-01-15,35,4474.4327,2025-01-15T05:50:00,2025-01-15T05:40:00,05:50:00,16,AJ,0.0289,05:50:00,16,AJ,0.6452,05:50:00,16,AJ,0.5708,745.7387833333333,0.004816666666666666,4474.4038,745.7339666666667,2025-01-15T05:50:00,2025-01-15 00:00:00,2025-01-15 00:00:00,2025-01-15T05:50:00,2025-01-15T05:50:00,0.5708,815.9502052808413,0.0,25.427419999999913,841.3776252808411,0.0,2,0.7,equal_initial,6000.0,841.3776252808411,-0.0,0.0,10800.0,10800.0,0.0,-0.0,0.0,0.0,0.0,95.64365861417446,95.64365861417446,0.0,10800.0,10800.0,480.2583485103041,0.0,480.2583485103041
2025-01-15,36,5548.3,2025-01-15T06:00:00,2025-01-15T05:50:00,06:00:00,16,AK,0.0,06:00:00,16,AK,1.0768,06:00:00,16,AK,0.9099,924.7166666666667,0.0,5548.3,924.7166666666667,2025-01-15T06:00:00,2025-01-15 00:00:00,2025-01-15 00:00:00,2025-01-15T06:00:00,2025-01-15T06:00:00,0.9099,940.1078441156117,0.14429966645707276,25.427419999999913,965.5352641156115,0.14429966645707276,2,0.7,equal_initial,6000.0,965.3909644491545,0.0,0.0,10800.0,10800.0,0.0,0.0,0.0,0.0,0.0,40.67429778248777,40.67429778248777,0.0,10800.0,10800.0,878.4092385522857,0.0,878.4092385522857
2025-01-15,37,5455.8935,2025-01-15T06:10:00,2025-01-15T06:00:00,06:10:00,16,AL,0.0,06:10:00,16,AL,1.1017,06:10:00,16,AL,0.9368,909.3155833333334,0.0,5455.8935,909.3155833333334,2025-01-15T06:10:00,2025-01-15 00:00:00,2025-01-15 00:00:00,2025-01-15T06:10:00,2025-01-15T06:10:00,0.9368,920.8207773779607,9.759863964962982,60.35917836573308,981.1799557436938,9.759863964962982,2,0.7,equal_initial,6000.0,296.4200917787308,0.0,675.0,10800.0,10050.0,0.0,0.0,0.0,612.8954915546026,0.0,0.0,0.0,0.0,10800.0,10119.005009383774,277.686341978315,0.0,277.686341978315
2025-01-15,38,5313.3578,2025-01-15T06:20:00,2025-01-15T06:10:00,06:20:00,16,AM,0.402,06:20:00,16,AM,1.0206,06:20:00,16,AM,0.8758,885.5596333333333,0.067,5312.9558,885.4926333333333,2025-01-15T06:20:00,2025-01-15 00:00:00,2025-01-15 00:00:00,2025-01-15T06:20:00,2025-01-15T06:20:00,0.8758,905.6541280452036,21.45891322651788,60.35917836573308,966.0133064109367,21.45891322651788,2,0.7,equal_initial,6000.0,944.5543931844188,0.0,0.0,10050.0,10050.0,0.0,0.0,59.061759851085526,0.0,0.0,0.0,0.0,0.0,10119.005009383774,10172.160593249751,827.240737550914,0.0,827.240737550914
2025-01-15,39,5579.36,2025-01-15T06:30:00,2025-01-15T06:20:00,06:30:00,16,AN,0.0,06:30:00,16,AN,1.0344,06:30:00,16,AN,0.8759,929.8933333333333,0.0,5579.36,929.8933333333333,2025-01-15T06:30:00,2025-01-15 00:00:00,2025-01-15 00:00:00,2025-01-15T06:30:00,2025-01-15T06:30:00,0.8759,937.5261437216043,35.357638108173525,60.35917836573308,997.8853220873374,35.357638108173525,2,0.7,equal_initial,6000.0,962.5276839791638,0.0,0.0,10050.0,10050.0,0.0,0.0,32.63435064583052,0.0,0.0,0.0,0.0,0.0,10172.160593249751,10201.531508830998,843.0779983973496,0.0,843.0779983973496
2025-01-15,40,5541.4861,2025-01-15T06:40:00,2025-01-15T06:30:00,06:40:00,16,AO,0.0,06:40:00,16,AO,1.0339,06:40:00,16,AO,0.8601,923.5810166666666,0.0,5541.4861,923.5810166666666,2025-01-15T06:40:00,2025-01-15 00:00:00,2025-01-15 00:00:00,2025-01-15T06:40:00,2025-01-15T06:40:00,0.8601,916.6445596399079,51.551789143651206,60.35917836573308,977.003738005641,51.551789143651206,2,0.7,equal_initial,6000.0,925.4519488619899,0.0,0.0,10050.0,10050.0,0.0,0.0,1.8709321953232347,0.0,0.0,0.0,0.0,0.0,10201.531508830998,10203.215347806788,795.9812212161975,0.0,795.9812212161975
2025-01-15,41,5343.0804,2025-01-15T06:50:00,2025-01-15T06:40:00,06:50:00,16,AP,8.9263,06:50:00,16,AP,0.9985,06:50:00,16,AP,0.8442,890.5133999999999,1.4877166666666666,5334.1541,889.0256833333333,2025-01-15T06:50:00,2025-01-15 00:00:00,2025-01-15 00:00:00,2025-01-15T06:50:00,2025-01-15T06:50:00,0.8442,905.4616391980263,70.11413731560229,60.35917836573308,965.8208175637594,70.11413731560229,2,0.7,equal_initial,6000.0,895.7066802481571,0.0,0.0,10050.0,10050.0,0.0,0.0,6.680996914823822,0.0,0.0,0.0,0.0,0.0,10203.215347806788,10209.22824503013,756.1555794654942,0.0,756.1555794654942
2025-01-15,42,5255.31,2025-01-15T07:00:00,2025-01-15T06:50:00,07:00:00,16,AQ,89.85,07:00:00,16,AQ,0.9725,07:00:00,16,AQ,0.8334,875.8850000000001,14.975,5165.46,860.9100000000001,2025-01-15T07:00:00,2025-01-15 00:00:00,2025-01-15 00:00:00,2025-01-15T07:00:00,2025-01-15T07:00:00,0.8334,917.1506814696099,91.092194566693,60.35917836573308,977.509859835343,91.092194566693,2,0.7,equal_initial,6000.0,886.41766526865,0.0,0.0,10050.0,10050.0,0.0,0.0,25.50766526864993,0.0,0.0,0.0,0.0,0.0,10209.22824503013,10232.185143771914,738.740482234893,0.0,738.740482234893
2025-01-15,43,5374.4514,2025-01-15T07:10:00,2025-01-15T07:00:00,07:10:00,16,AR,300.2529,07:10:00,16,AR,1.009,07:10:00,16,AR,0.8092,895.7419,50.04215,5074.1984999999995,845.69975,2025-01-15T07:10:00,2025-01-15 00:00:00,2025-01-15 00:00:00,2025-01-15T07:10:00,2025-01-15T07:10:00,0.8092,901.2790309607441,114.50623800464439,52.613843415401476,953.8928743761455,114.50623800464439,2,0.7,equal_initial,6000.0,839.3866363715011,0.0,0.0,10050.0,10050.0,0.0,0.0,0.0,6.313113628498854,0.0,0.0,0.0,0.0,10232.185143771914,10225.170573073583,679.2316661518188,0.0,679.2316661518188
2025-01-15,44,5501.492,2025-01-15T07:20:00,2025-01-15T07:10:00,07:20:00,16,AS,566.5748,07:20:00,16,AS,1.0412,07:20:00,16,AS,0.7972,916.9153333333334,94.42913333333333,4934.9172,822.4862,2025-01-15T07:20:00,2025-01-15 00:00:00,2025-01-15 00:00:00,2025-01-15T07:20:00,2025-01-15T07:20:00,0.7972,915.7047870052542,140.34767736265312,52.613843415401476,968.3186304206556,140.34767736265312,2,0.7,equal_initial,6000.0,827.9709530580025,0.0,0.0,10050.0,10050.0,0.0,0.0,5.484753058002411,0.0,0.0,0.0,0.0,0.0,10225.170573073583,10230.106850825785,660.0584437778396,0.0,660.0584437778396
2025-01-15,45,5339.18,2025-01-15T07:30:00,2025-01-15T07:20:00,07:30:00,16,AT,839.325,07:30:00,16,AT,0.9848,07:30:00,16,AT,0.7644,889.8633333333333,139.88750000000002,4499.8550000000005,749.9758333333333,2025-01-15T07:30:00,2025-01-15 00:00:00,2025-01-15 00:00:00,2025-01-15T07:30:00,2025-01-15T07:30:00,0.7644,938.4007662234106,168.57780036804996,52.613843415401476,991.0146096388121,168.57780036804996,2,0.7,equal_initial,6000.0,822.4368092707621,0.0,0.0,10050.0,10050.0,0.0,0.0,72.46097593742877,0.0,0.0,0.0,0.0,0.0,10230.106850825785,10295.321729169471,628.6706970065705,0.0,628.6706970065705
2025-01-15,46,4945.959,2025-01-15T07:40:00,2025-01-15T07:30:00,07:40:00,16,AU,1119.9527,07:40:00,16,AU,0.8673,07:40:00,16,AU,0.6899,824.3265,186.65878333333333,3826.0063,637.6677166666667,2025-01-15T07:40:00,2025-01-15 00:00:00,2025-01-15 00:00:00,2025-01-15T07:40:00,2025-01-15T07:40:00,0.6899,906.379980239976,199.12692512517503,52.613843415401476,958.9938236553775,199.12692512517503,2,0.7,equal_initial,6000.0,1593.2002318635357,833.3333333333333,0.0,10050.0,10800.0,0.0,1.0,560.7536342561434,0.0,0.0,394.77888094072557,394.77888094072557,0.0,10295.321729169471,10800.0,1099.1488399626533,0.0,1099.1488399626533
2025-01-15,47,5800.8471,2025-01-15T07:50:00,2025-01-15T07:40:00,07:50:00,16,AV,1384.5009,07:50:00,16,AV,1.0848,07:50:00,16,AV,0.86,966.80785,230.75015,4416.3462,736.0577000000001,2025-01-15T07:50:00,2025-01-15 00:00:00,2025-01-15 00:00:00,2025-01-15T07:50:00,2025-01-15T07:50:00,0.86,1011.246349035918,231.8939825211499,52.613843415401476,1063.8601924513196,231.8939825211499,2,0.7,equal_initial,6000.0,831.9662099301697,0.0,0.0,10800.0,10800.0,0.0,0.0,0.0,0.0,0.0,95.90850993016977,95.90850993016977,0.0,10800.0,10800.0,715.490940539946,0.0,715.490940539946
2025-01-15,48,7364.76,2025-01-15T08:00:00,2025-01-15T07:50:00,08:00:00,16,AW,1647.675,08:00:00,16,AW,1.4868,08:00:00,16,AW,1.1617,1227.46,274.6125,5717.085,952.8475000000001,2025-01-15T08:00:00,2025-01-15 00:00:00,2025-01-15 00:00:00,2025-01-15T08:00:00,2025-01-15T08:00:00,1.1617,1203.6769838259827,266.7465451131131,52.613843415401476,1256.2908272413842,266.7465451131131,2,0.7,equal_initial,6000.0,156.21094879493785,0.0,833.3333333333333,10800.0,9874.074074074075,0.0,0.0,0.0,796.6365512050622,0.0,0.0,0.0,0.0,10800.0,9914.848276438819,181.4702592150793,0.0,181.4702592150793
2025-01-15,49,7507.7254,2025-01-15T08:10:00,2025-01-15T08:00:00,08:10:00,16,AX,1962.7542,08:10:00,16,AX,1.4973,08:10:00,16,AX,1.1683,1251.2875666666666,327.1257,5544.9712,924.1618666666666,2025-01-15T08:10:00,2025-01-15 00:00:00,2025-01-15 00:00:00,2025-01-15T08:10:00,2025-01-15T08:10:00,1.1683,1225.7629381966722,303.52131205844177,-31.429213290959733,1194.3337249057124,303.52131205844177,2,0.7,equal_initial,6000.0,57.47907951393745,0.0,833.3333333333333,9874.074074074075,8948.14814814815,0.0,0.0,0.0,833.3333333333334,33.34945381939576,0.0,0.0,0.0,9914.848276438819,8988.922350512894,67.15280859613311,194.81083448600035,261.96364308213344
2025-01-15,50,7186.718,2025-01-15T08:20:00,2025-01-15T08:10:00,08:20:00,16,AY,2349.0724,08:20:00,16,AY,1.3797,08:20:00,16,AY,1.0956,1197.7863333333332,391.51206666666667,4837.6456,806.2742666666666,2025-01-15T08:20:00,2025-01-15 00:00:00,2025-01-15 00:00:00,2025-01-15T08:20:00,2025-01-15T08:20:00,1.0956,1201.8367651433273,342.02505251773823,-31.429213290959733,1170.4075518523675,342.02505251773823,2,0.7,equal_initial,6000.0,0.0,0.0,828.3824993346293,8948.14814814815,8027.72314888745,0.0,0.0,0.0,806.2742666666666,0.0,0.0,0.0,0.0,8988.922350512894,8093.062054216598,0.0,0.0,0.0
2025-01-15,51,7164.43,2025-01-15T08:30:00,2025-01-15T08:20:00,08:30:00,16,AZ,2688.5625,08:30:00,16,AZ,1.3558,08:30:00,16,AZ,1.0849,1194.0716666666667,448.09375,4475.8675,745.9779166666667,2025-01-15T08:30:00,2025-01-15 00:00:00,2025-01-15 00:00:00,2025-01-15T08:30:00,2025-01-15T08:30:00,1.0849,1208.227651136736,382.0360027107398,-31.429213290959733,1176.7984378457763,382.0360027107398,2,0.7,equal_initial,6000.0,0.0,0.0,794.7624351350365,8027.72314888745,7144.653776515188,0.0,0.0,0.0,745.9779166666667,0.0,0.0,0.0,0.0,8093.062054216598,7264.197702364746,0.0,0.0,0.0
2025-01-15,52,7232.1356,2025-01-15T08:40:00,2025-01-15T08:30:00,08:40:00,16,BA,2824.4128,08:40:00,16,BA,1.3772,08:40:00,16,BA,1.061,1205.3559333333333,470.7354666666667,4407.7228,734.6204666666665,2025-01-15T08:40:00,2025-01-15 00:00:00,2025-01-15 00:00:00,2025-01-15T08:40:00,2025-01-15T08:40:00,1.061,1193.7566828388378,423.30570455721613,-31.429213290959733,1162.327469547878,423.30570455721613,2,0.7,equal_initial,6000.0,0.0,0.0,739.021764990662,7144.653776515188,6323.518482081119,0.0,0.0,0.0,734.6204666666665,0.0,0.0,0.0,0.0,7264.197702364746,6447.952739401783,0.0,0.0,0.0
2025-01-15,53,7266.4146,2025-01-15T08:50:00,2025-01-15T08:40:00,08:50:00,16,BB,2950.5265,08:50:00,16,BB,1.3498,08:50:00,16,BB,1.043,1211.0691,491.75441666666666,4315.8881,719.3146833333333,2025-01-15T08:50:00,2025-01-15 00:00:00,2025-01-15 00:00:00,2025-01-15T08:50:00,2025-01-15T08:50:00,1.043,1183.5938194411133,465.56126670828513,-31.429213290959733,1152.1646061501535,465.56126670828513,2,0.7,equal_initial,6000.0,0.0,0.0,686.6033394418685,6323.518482081119,5560.625882701265,0.0,0.0,0.0,719.3146833333333,0.0,0.0,0.0,0.0,6447.952739401783,5648.714202364747,0.0,0.0,0.0
2025-01-15,54,7234.54,2025-01-15T09:00:00,2025-01-15T08:50:00,09:00:00,16,BC,3168.825,09:00:00,16,BC,1.2838,09:00:00,16,BC,1.036,1205.7566666666667,528.1374999999999,4065.715,677.6191666666667,2025-01-15T09:00:00,2025-01-15 00:00:00,2025-01-15 00:00:00,2025-01-15T09:00:00,2025-01-15T09:00:00,1.036,1193.7201293729481,508.50802188702795,-31.429213290959733,1162.2909160819884,508.50802188702795,2,0.7,equal_initial,6000.0,0.0,0.0,653.7828941949604,5560.625882701265,4834.200444706865,0.0,0.0,0.0,677.6191666666667,0.0,0.0,0.0,0.0,5648.714202364747,4895.804017179561,0.0,0.0,0.0
2025-01-15,55,7181.1675,2025-01-15T09:10:00,2025-01-15T09:00:00,09:10:00,16,BD,3411.2829,09:10:00,16,BD,1.268,09:10:00,16,BD,1.0147,1196.86125,568.54715,3769.8845999999994,628.3140999999999,2025-01-15T09:10:00,2025-01-15 00:00:00,2025-01-15 00:00:00,2025-01-15T09:10:00,2025-01-15T09:10:00,1.0147,1206.1997781390228,551.832547925783,-3.7674249523024104,1202.4323531867203,551.832547925783,2,0.7,equal_initial,6000.0,0.0,0.0,650.5998052609373,4834.200444706865,4111.311772194712,0.0,0.0,0.0,628.3140999999999,0.0,0.0,0.0,0.0,4895.804017179561,4197.6772394017835,0.0,0.0,0.0
2025-01-15,56,7218.3981,2025-01-15T09:20:00,2025-01-15T09:10:00,09:20:00,16,BE,3657.6327,09:20:00,16,BE,1.256,09:20:00,16,BE,0.9922,1203.06635,609.60545,3560.7654,593.4609,2025-01-15T09:20:00,2025-01-15 00:00:00,2025-01-15 00:00:00,2025-01-15T09:20:00,2025-01-15T09:20:00,0.9922,1189.0922270572025,595.20601382087,-3.7674249523024104,1185.3248021049,595.20601382087,2,0.7,equal_initial,6000.0,0.0,0.0,590.1187882840301,4111.311772194712,3455.6242296569008,0.0,0.0,0.0,593.4609,0.0,0.0,0.0,0.0,4197.6772394017835,3538.2762394017836,0.0,0.0,0.0
2025-01-15,57,7287.37,2025-01-15T09:30:00,2025-01-15T09:20:00,09:30:00,16,BF,3975.675,09:30:00,16,BF,1.2071,09:30:00,16,BF,0.97,1214.5616666666667,662.6125000000001,3311.6949999999997,551.9491666666667,2025-01-15T09:30:00,2025-01-15 00:00:00,2025-01-15 00:00:00,2025-01-15T09:30:00,2025-01-15T09:30:00,0.97,1155.065446491825,638.2878066260995,-3.7674249523024104,1151.2980215395226,638.2878066260995,2,0.7,equal_initial,6000.0,0.0,0.0,513.010214913423,3455.6242296569008,2885.6128797530973,0.0,0.0,0.0,551.9491666666667,0.0,0.0,0.0,0.0,3538.2762394017836,2924.9993875499317,0.0,0.0,0.0
2025-01-15,58,7234.717,2025-01-15T09:40:00,2025-01-15T09:30:00,09:40:00,16,BG,4411.6442,09:40:00,16,BG,1.1547,09:40:00,16,BG,0.9422,1205.7861666666665,735.2740333333333,2823.0728,470.5121333333333,2025-01-15T09:40:00,2025-01-15 00:00:00,2025-01-15 00:00:00,2025-01-15T09:40:00,2025-01-15T09:40:00,0.9422,1151.0241748367678,680.7293901677427,-3.7674249523024104,1147.2567498844653,680.7293901677427,2,0.7,equal_initial,6000.0,466.5273597167226,0.0,0.0,2885.6128797530973,2885.6128797530973,0.0,0.0,0.0,3.9847736166107097,0.0,0.0,0.0,0.0,2924.9993875499317,2920.571861309253,439.562078325096,0.0,439.562078325096
2025-01-15,59,7261.9851,2025-01-15T09:50:00,2025-01-15T09:40:00,09:50:00,16,BH,4649.4157,09:50:00,16,BH,1.253,09:50:00,16,BH,0.9569,1210.33085,774.9026166666666,2612.5694000000003,435.4282333333334,2025-01-15T09:50:00,2025-01-15 00:00:00,2025-01-15 00:00:00,2025-01-15T09:50:00,2025-01-15T09:50:00,0.9569,1169.37930920909,722.178342468542,-3.7674249523024104,1165.6118842567876,722.178342468542,2,0.7,equal_initial,6000.0,382.43817036061944,0.0,60.995371427626104,2885.6128797530973,2817.8402448335128,0.0,0.0,0.0,52.990062972713986,0.0,0.0,0.0,0.0,2920.571861309253,2861.6940135617933,365.9550852180767,0.0,365.9550852180767
2025-01-15,60,7302.12,2025-01-15T10:00:00,2025-01-15T09:50:00,10:00:00,16,BI,4747.0125,10:00:00,16,BI,1.4248,10:00:00,16,BI,0.9977,1217.02,791.1687499999999,2555.1075,425.85125000000005,2025-01-15T10:00:00,2025-01-15 00:00:00,2025-01-15 00:00:00,2025-01-15T10:00:00,2025-01-15T10:00:00,0.9977,1181.2082434582514,762.2825154876646,-3.7674249523024104,1177.440818505949,762.2825154876646,2,0.7,equal_initial,6000.0,0.0,0.0,415.1583030182844,2817.8402448335128,2356.5532414798636,0.0,0.0,0.0,425.85125000000005,0.0,0.0,0.0,0.0,2861.6940135617933,2388.5259580062375,0.0,0.0,0.0
2025-01-15,61,7095.8184,2025-01-15T10:10:00,2025-01-15T10:00:00,10:10:00,16,BJ,5057.9036,10:10:00,16,BJ,1.4184,10:10:00,16,BJ,0.9919,1182.6364,842.9839333333333,2037.9148000000005,339.6524666666668,2025-01-15T10:10:00,2025-01-15 00:00:00,2025-01-15 00:00:00,2025-01-15T10:10:00,2025-01-15T10:10:00,0.9919,1166.09584151646,800.6942583749003,24.845435619009727,1190.9412771354698,800.6942583749003,2,0.7,equal_initial,6000.0,0.0,0.0,390.2470187605695,2356.5532414798636,1922.9454428570086,0.0,0.0,0.0,339.6524666666668,0.0,0.0,0.0,0.0,2388.5259580062375,2011.1343283766078,0.0,0.0,0.0
2025-01-15,62,7028.4994,2025-01-15T10:20:00,2025-01-15T10:10:00,10:20:00,16,BK,5271.0106,10:20:00,16,BK,1.3311,10:20:00,16,BK,0.9588,1171.4165666666665,878.5017666666666,1757.4888,292.9147999999999,2025-01-15T10:20:00,2025-01-15 00:00:00,2025-01-15 00:00:00,2025-01-15T10:20:00,2025-01-15T10:20:00,0.9588,1164.1453256767886,837.0746439442466,24.845435619009727,1188.9907612957984,837.0746439442466,2,0.7,equal_initial,6000.0,0.0,0.0,351.91611735155175,1922.9454428570086,1531.9275346886177,0.0,0.0,0.0,292.9147999999999,0.0,0.0,0.0,0.0,2011.1343283766078,1685.673439487719,0.0,0.0,0.0
2025-01-15,63,7108.68,2025-01-15T10:30:00,2025-01-15T10:20:00,10:30:00,16,BL,5265.1875,10:30:00,16,BL,1.3125,10:30:00,16,BL,0.9549,1184.78,877.53125,1843.4925000000003,307.24875,2025-01-15T10:30:00,2025-01-15 00:00:00,2025-01-15 00:00:00,2025-01-15T10:30:00,2025-01-15T10:30:00,0.9549,1179.4471462356842,871.0976375228015,24.845435619009727,1204.292581854694,871.0976375228015,2,0.7,equal_initial,6000.0,333.19494433189243,0.0,0.0,1531.9275346886177,1531.9275346886177,0.0,0.0,25.946194331892457,0.0,0.0,0.0,0.0,0.0,1685.673439487719,1709.025014386422,318.1678523425241,0.0,318.1678523425241
2025-01-15,64,6964.7042,2025-01-15T10:40:00,2025-01-15T10:30:00,10:40:00,16,BM,5256.157,10:40:00,16,BM,1.3722,10:40:00,16,BM,0.9839,1160.7840333333334,876.0261666666667,1708.5472,284.7578666666667,2025-01-15T10:40:00,2025-01-15 00:00:00,2025-01-15 00:00:00,2025-01-15T10:40:00,2025-01-15T10:40:00,0.9839,1176.3434933392068,902.4541477384607,24.845435619009727,1201.1889289582166,902.4541477384607,2,0.7,equal_initial,6000.0,0.0,0.0,298.73478121975586,1531.9275346886177,1200.0,0.0,0.0,0.0,284.7578666666667,0.0,0.0,0.0,0.0,1709.025014386422,1392.6273847567925,0.0,0.0,0.0
2025-01-15,65,6860.0289,2025-01-15T10:50:00,2025-01-15T10:40:00,10:50:00,16,BN,5355.9242,10:50:00,16,BN,1.1399,10:50:00,16,BN,0.799,1143.33815,892.6540333333334,1504.1046999999999,250.68411666666668,2025-01-15T10:50:00,2025-01-15 00:00:00,2025-01-15 00:00:00,2025-01-15T10:50:00,2025-01-15T10:50:00,0.799,1164.81251962576,930.855900171555,24.845435619009727,1189.6579552447697,930.855900171555,2,0.7,equal_initial,6000.0,258.80205507321466,0.0,0.0,1200.0,1200.0,0.0,0.0,8.117938406548092,0.0,0.0,0.0,0.0,0.0,1392.6273847567925,1399.9335293226857,206.78284200349853,0.0,206.78284200349853
2025-01-15,66,6942.53,2025-01-15T11:00:00,2025-01-15T10:50:00,11:00:00,16,BO,5499.7875,11:00:00,16,BO,0.7538,11:00:00,16,BO,0.5025,1157.0883333333334,916.63125,1442.7424999999994,240.45708333333334,2025-01-15T11:00:00,2025-01-15 00:00:00,2025-01-15 00:00:00,2025-01-15T11:00:00,2025-01-15T11:00:00,0.5025,1160.9739095377158,956.0390770927173,24.845435619009727,1185.8193451567256,956.0390770927173,2,0.7,equal_initial,6000.0,1063.1136013973414,833.3333333333333,0.0,1200.0,1950.0,0.0,1.0,822.656518064008,0.0,0.0,0.0,0.0,0.0,1399.9335293226857,2140.3243955802927,534.214584702164,0.0,534.214584702164
2025-01-15,67,7071.0172,2025-01-15T11:10:00,2025-01-15T11:00:00,11:10:00,16,BP,5548.0642,11:10:00,16,BP,0.7411,11:10:00,16,BP,0.4662,1178.5028666666667,924.6773666666667,1522.9530000000004,253.82550000000003,2025-01-15T11:10:00,2025-01-15 00:00:00,2025-01-15 00:00:00,2025-01-15T11:10:00,2025-01-15T11:10:00,0.4662,1168.5818070067241,977.7676697079828,37.75537818225179,1206.337185188976,977.7676697079828,2,0.7,equal_initial,6000.0,1061.9028488143265,833.3333333333333,0.0,1950.0,2700.0,0.0,1.0,808.0773488143263,0.0,0.0,0.0,0.0,0.0,2140.3243955802927,2867.5940095131864,495.059108117239,0.0,495.059108117239
2025-01-15,68,7079.3719,2025-01-15T11:20:00,2025-01-15T11:10:00,11:20:00,16,BQ,5642.3862,11:20:00,16,BQ,0.786,11:20:00,16,BQ,0.5007,1179.8953166666668,940.3977,1436.9857000000002,239.49761666666677,2025-01-15T11:20:00,2025-01-15 00:00:00,2025-01-15 00:00:00,2025-01-15T11:20:00,2025-01-15T11:20:00,0.5007,1166.2138527158552,995.8364933835555,37.75537818225179,1203.969230898107,995.8364933835555,2,0.7,equal_initial,6000.0,1041.4660708478848,833.3333333333333,0.0,2700.0,3450.0,0.0,1.0,801.968454181218,0.0,0.0,0.0,0.0,0.0,2867.5940095131864,3589.3656182762825,521.4620616735359,0.0,521.4620616735359
2025-01-15,69,7027.49,2025-01-15T11:30:00,2025-01-15T11:20:00,11:30:00,16,BR,5860.0125,11:30:00,16,BR,0.7278,11:30:00,16,BR,0.4827,1171.2483333333332,976.6687499999999,1167.4775,194.5795833333333,2025-01-15T11:30:00,2025-01-15 00:00:00,2025-01-15 00:00:00,2025-01-15T11:30:00,2025-01-15T11:30:00,0.4827,1148.1541385084524,1010.0738211638441,37.75537818225179,1185.9095166907043,1010.0738211638441,2,0.7,equal_initial,6000.0,1009.1690288601935,833.3333333333333,0.0,3450.0,4200.0,0.0,1.0,814.5894455268601,0.0,0.0,0.0,0.0,0.0,3589.3656182762825,4322.496119250456,487.12589023081546,0.0,487.12589023081546
2025-01-15,70,7077.8548,2025-01-15T11:40:00,2025-01-15T11:30:00,11:40:00,16,BS,6093.5776,11:40:00,16,BS,0.7208,11:40:00,16,BS,0.4785,1179.6424666666667,1015.5962666666666,984.2772000000004,164.0462000000001,2025-01-15T11:40:00,2025-01-15 00:00:00,2025-01-15 00:00:00,2025-01-15T11:40:00,2025-01-15T11:40:00,0.4785,1131.6375406408415,1020.343596451252,37.75537818225179,1169.3929188230934,1020.343596451252,2,0.7,equal_initial,6000.0,982.3826557051747,833.3333333333333,0.0,4200.0,4950.0,0.0,1.0,818.3364557051746,0.0,0.0,0.0,0.0,0.0,4322.496119250456,5058.998929385113,470.07010075492605,0.0,470.07010075492605
2025-01-15,71,6911.9381,2025-01-15T11:50:00,2025-01-15T11:40:00,11:50:00,16,BT,6062.0374,11:50:00,16,BT,0.6963,11:50:00,16,BT,0.4662,1151.9896833333335,1010.3395666666667,849.9007000000001,141.6501166666668,2025-01-15T11:50:00,2025-01-15 00:00:00,2025-01-15 00:00:00,2025-01-15T11:50:00,2025-01-15T11:50:00,0.4662,1136.1851444059905,1026.547191896921,37.75537818225179,1173.9405225882424,1026.547191896921,2,0.7,equal_initial,6000.0,980.7266640246546,833.3333333333333,0.0,4950.0,5700.0,0.0,1.0,833.3333333333334,0.0,0.0,5.743214024654549,5.743214024654549,0.0,5058.998929385113,5808.998929385113,457.214770768294,0.0,457.214770768294
2025-01-15,72,6664.16,2025-01-15T12:00:00,2025-01-15T11:50:00,12:00:00,16,BU,5887.35,12:00:00,16,BU,0.6456,12:00:00,16,BU,0.4432,1110.6933333333334,981.225,776.8099999999995,129.46833333333336,2025-01-15T12:00:00,2025-01-15 00:00:00,2025-01-15 00:00:00,2025-01-15T12:00:00,2025-01-15T12:00:00,0.4432,1141.3669705827072,1028.6246882599428,37.75537818225179,1179.122348764959,1028.6246882599428,2,0.7,equal_initial,6000.0,983.8309938383495,833.3333333333333,0.0,5700.0,6450.0,0.0,1.0,833.3333333333334,0.0,0.0,21.029327171682667,21.029327171682667,0.0,5808.998929385113,6558.998929385113,436.0338964691565,0.0,436.0338964691565
2025-01-15,73,6788.4291,2025-01-15T12:10:00,2025-01-15T12:00:00,12:10:00,16,BV,5964.1595,12:10:00,16,BV,0.654,12:10:00,16,BV,0.4411,1131.4048500000001,994.0265833333333,824.2696000000005,137.37826666666683,2025-01-15T12:10:00,2025-01-15 00:00:00,2025-01-15 00:00:00,2025-01-15T12:10:00,2025-01-15T12:10:00,0.4411,1107.4681969005949,1026.555654121454,65.83819998923938,1173.3063968898343,1026.555654121454,2,0.7,equal_initial,6000.0,980.0840761017137,833.3333333333333,0.0,6450.0,7200.0,0.0,1.0,833.3333333333334,0.0,0.0,9.37247610171346,9.37247610171346,0.0,6558.998929385113,7308.998929385113,432.3150859684659,0.0,432.3150859684659
2025-01-15,74,6743.0632,2025-01-15T12:20:00,2025-01-15T12:10:00,12:20:00,16,BW,6013.7706,12:20:00,16,BW,0.6986,12:20:00,16,BW,0.4551,1123.8438666666666,1002.2950999999999,729.2925999999998,121.54876666666667,2025-01-15T12:20:00,2025-01-15 00:00:00,2025-01-15 00:00:00,2025-01-15T12:20:00,2025-01-15T12:20:00,0.4551,1076.874660339662,1020.3594147755497,65.83819998923938,1142.7128603289013,1020.3594147755497,2,0.7,equal_initial,6000.0,955.6867788866849,833.3333333333333,0.0,7200.0,7950.0,0.0,1.0,833.3333333333334,0.0,0.0,0.8046788866848829,0.8046788866848829,0.0,7308.998929385113,8058.998929385113,434.93305307133033,0.0,434.93305307133033
2025-01-15,75,6398.4,2025-01-15T12:30:00,2025-01-15T12:20:00,12:30:00,16,BX,5939.4375,12:30:00,16,BX,0.7109,12:30:00,16,BX,0.4463,1066.3999999999999,989.90625,458.96249999999964,76.49374999999986,2025-01-15T12:30:00,2025-01-15 00:00:00,2025-01-15 00:00:00,2025-01-15T12:30:00,2025-01-15T12:30:00,0.4463,1070.0313883688293,1010.0948062420024,65.83819998923938,1135.8695883580688,1010.0948062420024,2,0.7,equal_initial,6000.0,959.1081154493996,833.3333333333333,0.0,7950.0,8700.0,0.0,1.0,833.3333333333334,0.0,0.0,49.281032116066285,49.281032116066285,0.0,8058.998929385113,8808.998929385114,428.04995192506703,0.0,428.04995192506703
2025-01-15,76,6222.1543,2025-01-15T12:40:00,2025-01-15T12:30:00,12:40:00,16,BY,5934.6445,12:40:00,16,BY,0.6714,12:40:00,16,BY,0.4113,1037.0257166666668,989.1074166666667,287.5097999999998,47.918300000000045,2025-01-15T12:40:00,2025-01-15 00:00:00,2025-01-15 00:00:00,2025-01-15T12:40:00,2025-01-15T12:40:00,0.4113,1071.0612424454987,995.8594180341759,65.83819998923938,1136.8994424347381,995.8594180341759,2,0.7,equal_initial,6000.0,974.3733577338955,833.3333333333333,0.0,8700.0,9450.0,0.0,1.0,833.3333333333334,0.0,0.0,93.12172440056213,93.12172440056213,0.0,8808.998929385114,9558.998929385114,400.7597620359512,0.0,400.7597620359512
2025-01-15,77,6392.3254,2025-01-15T12:50:00,2025-01-15T12:40:00,12:50:00,16,BZ,5933.0925,12:50:00,16,BZ,0.8133,12:50:00,16,BZ,0.5682,1065.3875666666665,988.84875,459.2329,76.53881666666655,2025-01-15T12:50:00,2025-01-15 00:00:00,2025-01-15 00:00:00,2025-01-15T12:50:00,2025-01-15T12:50:00,0.5682,1089.22857729065,977.7883359459989,65.83819998923938,1155.0667772798895,977.7883359459989,2,0.7,equal_initial,6000.0,1010.6117746672238,833.3333333333333,0.0,9450.0,10200.0,0.0,1.0,833.3333333333334,0.0,0.0,100.7396246672239,100.7396246672239,0.0,9558.998929385114,10308.998929385114,574.2296103659166,0.0,574.2296103659166
2025-01-15,78,6774.03,2025-01-15T13:00:00,2025-01-15T12:50:00,13:00:00,16,CA,5799.45,13:00:00,16,CA,1.0815,13:00:00,16,CA,0.8279,1129.0049999999999,966.5749999999999,974.5799999999999,162.42999999999995,2025-01-15T13:00:00,2025-01-15 00:00:00,2025-01-15 00:00:00,2025-01-15T13:00:00,2025-01-15T13:00:00,0.8279,1113.1577454431826,956.0524035720857,65.83819998923938,1178.995945432422,956.0524035720857,2,0.7,equal_initial,6000.0,222.94354186033638,0.0,0.0,10200.0,10200.0,0.0,0.0,60.513541860336545,0.0,0.0,0.0,0.0,0.0,10308.998929385114,10363.461117059416,184.57495830617248,0.0,184.57495830617248
2025-01-15,79,7016.6377,2025-01-15T13:10:00,2025-01-15T13:00:00,13:10:00,16,CB,5462.7274,13:10:00,16,CB,1.1661,13:10:00,16,CB,0.8636,1169.4396166666668,910.4545666666667,1553.9103000000005,258.9850500000001,2025-01-15T13:10:00,2025-01-15 00:00:00,2025-01-15 00:00:00,2025-01-15T13:10:00,2025-01-15T13:10:00,0.8636,1116.182589414529,930.85602842574,18.984289037611685,1135.1668784521407,930.85602842574,2,0.7,equal_initial,6000.0,204.31085002640077,0.0,0.0,10200.0,10200.0,0.0,0.0,0.0,54.67419997359934,0.0,0.0,0.0,0.0,10363.461117059416,10302.712005977639,176.4428500827997,0.0,176.4428500827997
2025-01-15,80,6859.4982,2025-01-15T13:20:00,2025-01-15T13:10:00,13:20:00,16,CC,5105.1697,13:20:00,16,CC,1.1408,13:20:00,16,CC,0.8416,1143.2497,850.8616166666667,1754.3284999999996,292.3880833333334,2025-01-15T13:20:00,2025-01-15 00:00:00,2025-01-15 00:00:00,2025-01-15T13:20:00,2025-01-15T13:20:00,0.8416,1118.7748803041402,902.4345652562962,18.984289037611685,1137.7591693417519,902.4345652562962,2,0.7,equal_initial,6000.0,235.3246040854557,0.0,0.0,10200.0,10200.0,0.0,0.0,0.0,57.063479247877694,0.0,0.0,0.0,0.0,10302.712005977639,10239.308140146664,198.0491867983195,0.0,198.0491867983195
2025-01-15,81,6533.01,2025-01-15T13:30:00,2025-01-15T13:20:00,13:30:00,16,CD,4861.65,13:30:00,16,CD,1.1037,13:30:00,16,CD,0.8618,1088.835,810.275,1671.3600000000006,278.56000000000006,2025-01-15T13:30:00,2025-01-15 00:00:00,2025-01-15 00:00:00,2025-01-15T13:30:00,2025-01-15T13:30:00,0.8618,1124.19493916836,871.051315382536,18.984289037611685,1143.1792282059716,871.051315382536,2,0.7,equal_initial,6000.0,272.1279128234356,0.0,0.0,10200.0,10200.0,0.0,0.0,0.0,6.432087176564437,0.0,0.0,0.0,0.0,10239.308140146664,10232.161376617149,234.51983527123681,0.0,234.51983527123681
2025-01-15,82,6550.9908,2025-01-15T13:40:00,2025-01-15T13:30:00,13:40:00,16,CE,4728.9788,13:40:00,16,CE,1.0945,13:40:00,16,CE,0.8623,1091.8318,788.1631333333333,1822.0119999999997,303.6686666666666,2025-01-15T13:40:00,2025-01-15 00:00:00,2025-01-15 00:00:00,2025-01-15T13:40:00,2025-01-15T13:40:00,0.8623,1112.3707918707582,836.9941864539284,18.984289037611685,1131.35508090837,836.9941864539284,2,0.7,equal_initial,6000.0,294.36089445444156,0.0,0.0,10200.0,10200.0,0.0,0.0,0.0,9.307772212225018,0.0,0.0,0.0,0.0,10232.161376617149,10221.819407492454,253.82739928806495,0.0,253.82739928806495
2025-01-15,83,6703.1405,2025-01-15T13:50:00,2025-01-15T13:40:00,13:50:00,16,CF,4598.4689,13:50:00,16,CF,1.2144,13:50:00,16,CF,0.9026,1117.1900833333334,766.4114833333333,2104.6716000000006,350.7786000000001,2025-01-15T13:50:00,2025-01-15 00:00:00,2025-01-15 00:00:00,2025-01-15T13:50:00,2025-01-15T13:50:00,0.9026,1087.225266005139,800.5720619376345,18.984289037611685,1106.2095550427507,800.5720619376345,2,0.7,equal_initial,6000.0,305.63749310511616,0.0,0.0,10200.0,10200.0,0.0,-0.0,0.0,45.14110689488393,0.0,0.0,0.0,0.0,10221.819407492454,10171.662622053695,275.86840127667784,0.0,275.86840127667784
2025-01-15,84,6733.45,2025-01-15T14:00:00,2025-01-15T13:50:00,14:00:00,16,CG,4427.775,14:00:00,16,CG,1.3906,14:00:00,16,CG,0.9754,1122.2416666666666,737.9625,2305.675,384.2791666666666,2025-01-15T14:00:00,2025-01-15 00:00:00,2025-01-15 00:00:00,2025-01-15T14:00:00,2025-01-15T14:00:00,0.9754,1062.0992606649818,762.110933729735,18.984289037611685,1081.0835497025935,762.110933729735,2,0.7,equal_initial,6000.0,0.0,0.0,318.9726159728584,10200.0,9845.58598225238,0.0,0.0,0.0,384.2791666666666,0.0,0.0,0.0,0.0,10171.662622053695,9744.685770201842,0.0,0.0,0.0
2025-01-15,85,6607.3214,2025-01-15T14:10:00,2025-01-15T14:00:00,14:10:00,16,CH,4264.4732,14:10:00,16,CH,1.4268,14:10:00,16,CH,1.0002,1101.2202333333332,710.7455333333334,2342.8481999999995,390.47469999999987,2025-01-15T14:10:00,2025-01-15 00:00:00,2025-01-15 00:00:00,2025-01-15T14:10:00,2025-01-15T14:10:00,1.0002,1051.4181565423996,721.9498545401847,-2.5946342885876588,1048.823522253812,721.9498545401847,2,0.7,equal_initial,6000.0,0.0,0.0,326.87366771362724,9845.58598225238,9482.393018126128,0.0,0.0,0.0,390.47469999999987,0.0,0.0,0.0,0.0,9744.685770201842,9310.824992424064,0.0,0.0,0.0
2025-01-15,86,6597.493,2025-01-15T14:20:00,2025-01-15T14:10:00,14:20:00,16,CI,4146.5338,14:20:00,16,CI,1.3906,14:20:00,16,CI,0.9978,1099.5821666666668,691.0889666666667,2450.9592000000002,408.4932000000001,2025-01-15T14:20:00,2025-01-15 00:00:00,2025-01-15 00:00:00,2025-01-15T14:20:00,2025-01-15T14:20:00,0.9978,1061.0833359707008,680.4367690528416,-2.5946342885876588,1058.488701682113,680.4367690528416,2,0.7,equal_initial,6000.0,0.0,0.0,378.0519326292715,9482.393018126128,9062.335315204715,0.0,0.0,0.0,408.4932000000001,0.0,0.0,0.0,0.0,9310.824992424064,8856.943659090732,0.0,0.0,0.0
2025-01-15,87,6675.57,2025-01-15T14:30:00,2025-01-15T14:20:00,14:30:00,16,CJ,4033.65,14:30:00,16,CJ,1.3991,14:30:00,16,CJ,1.0271,1112.595,672.275,2641.9199999999996,440.32000000000005,2025-01-15T14:30:00,2025-01-15 00:00:00,2025-01-15 00:00:00,2025-01-15T14:30:00,2025-01-15T14:30:00,1.0271,1084.088806074754,637.9242842795734,-2.5946342885876588,1081.4941717861664,637.9242842795734,2,0.7,equal_initial,6000.0,0.0,0.0,443.569887506593,9062.335315204715,8569.479884641834,0.0,0.0,0.0,440.32000000000005,0.0,0.0,0.0,0.0,8856.943659090732,8367.699214646287,0.0,0.0,0.0
2025-01-15,88,6573.958,2025-01-15T14:40:00,2025-01-15T14:30:00,14:40:00,16,CK,3839.9958,14:40:00,16,CK,1.4599,14:40:00,16,CK,1.0906,1095.6596666666667,639.9993000000001,2733.9621999999995,455.6603666666666,2025-01-15T14:40:00,2025-01-15 00:00:00,2025-01-15 00:00:00,2025-01-15T14:40:00,2025-01-15T14:40:00,1.0906,1102.7240906872178,594.7654399915109,-2.5946342885876588,1100.12945639863,594.7654399915109,2,0.7,equal_initial,6000.0,0.0,0.0,505.36401640711915,8569.479884641834,8007.964310856147,0.0,0.0,0.0,455.6603666666666,0.0,0.0,0.0,0.0,8367.699214646287,7861.409918349991,0.0,0.0,0.0
2025-01-15,89,6553.8661,2025-01-15T14:50:00,2025-01-15T14:40:00,14:50:00,16,CL,3597.938,14:50:00,16,CL,1.2411,14:50:00,16,CL,0.9376,1092.3110166666668,599.6563333333334,2955.9281,492.6546833333334,2025-01-15T14:50:00,2025-01-15 00:00:00,2025-01-15 00:00:00,2025-01-15T14:50:00,2025-01-15T14:50:00,0.9376,1100.362365502463,551.3095396171503,-2.5946342885876588,1097.7677312138753,551.3095396171503,2,0.7,equal_initial,6000.0,0.0,0.0,546.458191596725,8007.964310856147,7400.788542415341,0.0,0.0,0.0,492.6546833333334,0.0,0.0,0.0,0.0,7861.409918349991,7314.0158257573985,0.0,0.0,0.0
2025-01-15,90,6555.76,2025-01-15T15:00:00,2025-01-15T14:50:00,15:00:00,16,CM,3388.125,15:00:00,16,CM,0.8768,15:00:00,16,CM,0.6694,1092.6266666666668,564.6875,3167.635,527.9391666666668,2025-01-15T15:00:00,2025-01-15 00:00:00,2025-01-15 00:00:00,2025-01-15T15:00:00,2025-01-15T15:00:00,0.6694,1081.9816029698993,507.8981005581966,-2.5946342885876588,1079.3869686813116,507.8981005581966,2,0.7,equal_initial,6000.0,1404.8222014564483,833.3333333333333,0.0,7400.788542415341,8150.788542415341,0.0,1.0,833.3333333333334,0.0,0.0,43.54970145644813,43.54970145644813,0.0,7314.0158257573985,8064.0158257573985,940.3879816549464,0.0,940.3879816549464
2025-01-15,91,6270.5816,2025-01-15T15:10:00,2025-01-15T15:00:00,15:10:00,16,CN,3251.2122,15:10:00,16,CN,0.8577,15:10:00,16,CN,0.66,1045.0969333333335,541.8687,3019.3694000000005,503.2282333333335,2025-01-15T15:10:00,2025-01-15 00:00:00,2025-01-15 00:00:00,2025-01-15T15:10:00,2025-01-15T15:10:00,0.66,1067.6729356469034,464.86098051726407,-9.318978552829309,1058.353957094074,464.86098051726407,2,0.7,equal_initial,6000.0,1426.8263099101432,833.3333333333333,0.0,8150.788542415341,8900.788542415341,0.0,1.0,833.3333333333334,0.0,0.0,90.26474324347635,90.26474324347635,0.0,8064.0158257573985,8814.015825757398,941.7053645406945,0.0,941.7053645406945
2025-01-15,92,6192.2126,2025-01-15T15:20:00,2025-01-15T15:10:00,15:20:00,16,CO,3006.0981,15:20:00,16,CO,0.9116,15:20:00,16,CO,0.7217,1032.0354333333332,501.01635000000005,3186.1144999999997,531.0190833333331,2025-01-15T15:20:00,2025-01-15 00:00:00,2025-01-15 00:00:00,2025-01-15T15:20:00,2025-01-15T15:20:00,0.7217,1053.4613188461562,422.51273319933676,-9.318978552829309,1044.142340293327,422.51273319933676,2,0.7,equal_initial,6000.0,1454.9629404273235,833.3333333333333,0.0,8900.788542415341,9650.788542415341,0.0,1.0,833.3333333333334,0.0,0.0,90.61052376065697,90.61052376065697,0.0,8814.015825757398,9564.015825757398,1050.0467541063995,0.0,1050.0467541063995
2025-01-15,93,6399.46,2025-01-15T15:30:00,2025-01-15T15:20:00,15:30:00,16,CP,2640.3,15:30:00,16,CP,0.8955,15:30:00,16,CP,0.7308,1066.5766666666666,440.05,3759.16,626.5266666666666,2025-01-15T15:30:00,2025-01-15 00:00:00,2025-01-15 00:00:00,2025-01-15T15:30:00,2025-01-15T15:30:00,0.7308,1036.9489803844383,381.14924269796296,-9.318978552829309,1027.630001831609,381.14924269796296,2,0.7,equal_initial,6000.0,1479.8140924669792,833.3333333333333,0.0,9650.788542415341,10400.788542415341,0.0,1.0,833.3333333333334,0.0,0.0,19.954092466979205,19.954092466979205,0.0,9564.015825757398,10314.015825757398,1081.4481387748683,0.0,1081.4481387748683
2025-01-15,94,6455.4466,2025-01-15T15:40:00,2025-01-15T15:30:00,15:40:00,16,CQ,2321.3083,15:40:00,16,CQ,0.9446,15:40:00,16,CQ,0.7534,1075.9077666666667,386.8847166666667,4134.1383000000005,689.02305,2025-01-15T15:40:00,2025-01-15 00:00:00,2025-01-15 00:00:00,2025-01-15T15:40:00,2025-01-15T15:40:00,0.7534,1028.5752029050832,341.0446810776697,-9.318978552829309,1019.2562243522539,341.0446810776697,2,0.7,equal_initial,6000.0,1121.7798294797608,443.56828620517666,0.0,10400.788542415341,10800.0,0.0,0.9999999999999983,432.7567794797608,0.0,0.0,0.0,0.0,0.0,10314.015825757398,10703.496927289183,845.1489235300518,0.0,845.1489235300518
2025-01-15,95,6346.7819,2025-01-15T15:50:00,2025-01-15T15:40:00,15:50:00,16,CR,2040.6339,15:50:00,16,CR,1.0039,15:50:00,16,CR,0.7823,1057.7969833333334,340.10565,4306.148,717.6913333333334,2025-01-15T15:50:00,2025-01-15 00:00:00,2025-01-15 00:00:00,2025-01-15T15:50:00,2025-01-15T15:50:00,0.7823,1055.6825699697463,302.44882819815086,-9.318978552829309,1046.363591416917,302.44882819815086,2,0.7,equal_initial,6000.0,743.9147632187661,0.0,0.0,10800.0,10800.0,0.0,0.0,26.22342988543278,0.0,0.0,0.0,0.0,0.0,10703.496927289183,10727.098014186073,581.9645192660407,0.0,581.9645192660407
2025-01-15,96,6238.61,2025-01-15T16:00:00,2025-01-15T15:50:00,16:00:00,16,CS,1769.4375,16:00:00,16,CS,1.0122,16:00:00,16,CS,0.8055,1039.7683333333332,294.90625,4469.1725,744.8620833333332,2025-01-15T16:00:00,2025-01-15 00:00:00,2025-01-15 00:00:00,2025-01-15T16:00:00,2025-01-15T16:00:00,0.8055,1078.385958044932,265.5847867863021,-9.318978552829309,1069.0669794921027,265.5847867863021,2,0.7,equal_initial,6000.0,803.4821927058006,0.0,0.0,10800.0,10800.0,0.0,0.0,58.62010937246737,0.0,0.0,0.0,0.0,0.0,10727.098014186073,10779.856112621294,647.2049062245223,0.0,647.2049062245223
2025-01-15,97,6294.822,2025-01-15T16:10:00,2025-01-15T16:00:00,16:10:00,16,CT,1502.4191,16:10:00,16,CT,0.979,16:10:00,16,CT,0.8271,1049.137,250.40318333333335,4792.4029,798.7338166666666,2025-01-15T16:10:00,2025-01-15 00:00:00,2025-01-15 00:00:00,2025-01-15T16:10:00,2025-01-15T16:10:00,0.8271,1027.2857452727953,230.64711925108764,59.43025175971676,1086.7159970325122,230.64711925108764,2,0.7,equal_initial,6000.0,856.0688777814246,-0.0,0.0,10800.0,10800.0,0.0,0.0,22.382097087451662,0.0,0.0,34.95296402730633,34.95296402730633,0.0,10779.856112621294,10800.0,708.0545688130162,0.0,708.0545688130162
2025-01-15,98,6412.6386,2025-01-15T16:20:00,2025-01-15T16:10:00,16:20:00,16,CU,1224.6297,16:20:00,16,CU,1.0096,16:20:00,16,CU,0.8519,1068.7731,204.10495,5188.008900000001,864.6681500000001,2025-01-15T16:20:00,2025-01-15 00:00:00,2025-01-15 00:00:00,2025-01-15T16:20:00,2025-01-15T16:20:00,0.8519,996.0306516779962,197.80042586286768,59.43025175971676,1055.460903437713,197.80042586286768,2,0.7,equal_initial,6000.0,857.6604775748452,0.0,0.0,10800.0,10800.0,0.0,0.0,0.0,7.007672425154851,0.0,0.0,0.0,0.0,10800.0,10792.213697305384,730.6409608460107,0.0,730.6409608460107
2025-01-15,99,6460.62,2025-01-15T16:30:00,2025-01-15T16:20:00,16:30:00,16,CV,932.7,16:30:00,16,CV,1.0831,16:30:00,16,CV,0.8791,1076.77,155.45000000000002,5527.92,921.3199999999999,2025-01-15T16:30:00,2025-01-15 00:00:00,2025-01-15 00:00:00,2025-01-15T16:30:00,2025-01-15T16:30:00,0.8791,1020.5275529295575,167.1783767980549,59.43025175971676,1079.9578046892743,167.1783767980549,2,0.7,equal_initial,6000.0,912.7794278912195,0.0,0.0,10800.0,10800.0,0.0,0.0,0.0,8.540572108780452,0.0,0.0,0.0,0.0,10792.213697305384,10782.724172740072,802.424395059171,0.0,802.424395059171
2025-01-15,100,6397.4004,2025-01-15T16:40:00,2025-01-15T16:30:00,16:40:00,16,CW,635.4236,16:40:00,16,CW,1.087,16:40:00,16,CW,0.9024,1066.2334,105.90393333333333,5761.9768,960.3294666666668,2025-01-15T16:40:00,2025-01-15 00:00:00,2025-01-15 00:00:00,2025-01-15T16:40:00,2025-01-15T16:40:00,0.9024,1042.4698277944212,138.8832033001724,59.43025175971676,1101.900079554138,138.8832033001724,2,0.7,equal_initial,6000.0,963.0168762539656,0.0,0.0,10800.0,10800.0,0.0,0.0,2.6874095872988164,0.0,0.0,0.0,0.0,0.0,10782.724172740072,10785.14284136864,869.0264291315785,0.0,869.0264291315785
2025-01-15,101,6378.4975,2025-01-15T16:50:00,2025-01-15T16:40:00,16:50:00,16,CX,335.8794,16:50:00,16,CX,1.1343,16:50:00,16,CX,0.9163,1063.0829166666667,55.979899999999994,6042.618100000001,1007.1030166666667,2025-01-15T16:50:00,2025-01-15 00:00:00,2025-01-15 00:00:00,2025-01-15T16:50:00,2025-01-15T16:50:00,0.9163,1026.8831006118953,112.98564594961772,59.43025175971676,1086.3133523716122,112.98564594961772,2,0.7,equal_initial,6000.0,973.3277064219944,0.0,0.0,10800.0,10800.0,0.0,0.0,0.0,33.775310244672255,0.0,0.0,0.0,0.0,10785.14284136864,10747.61471887456,891.8601773944735,0.0,891.8601773944735
2025-01-15,102,6415.1,2025-01-15T17:00:00,2025-01-15T16:50:00,17:00:00,16,CY,98.1375,17:00:00,16,CY,1.2008,17:00:00,16,CY,0.9264,1069.1833333333334,16.35625,6316.962500000001,1052.8270833333333,2025-01-15T17:00:00,2025-01-15 00:00:00,2025-01-15 00:00:00,2025-01-15T17:00:00,2025-01-15T17:00:00,0.9264,1014.726540891453,89.52535088616284,59.43025175971676,1074.1567926511698,89.52535088616284,2,0.7,equal_initial,6000.0,984.6314417650069,0.0,0.0,10800.0,10800.0,0.0,0.0,0.0,68.19564156832644,0.0,0.0,0.0,0.0,10747.61471887456,10671.841783798642,912.1625676511024,0.0,912.1625676511024
2025-01-15,103,6362.923,2025-01-15T17:10:00,2025-01-15T17:00:00,17:10:00,16,CZ,8.9968,17:10:00,16,CZ,1.1426,17:10:00,16,CZ,0.9462,1060.4871666666666,1.4994666666666667,6353.9262,1058.9877,2025-01-15T17:10:00,2025-01-15 00:00:00,2025-01-15 00:00:00,2025-01-15T17:10:00,2025-01-15T17:10:00,0.9462,1068.6995143248907,68.51169790753917,43.52823530523651,1112.2277496301272,68.51169790753917,2,0.7,equal_initial,6000.0,1043.716051722588,-0.0,0.0,10800.0,10800.0,0.0,0.0,0.0,15.271648277411941,0.0,0.0,0.0,0.0,10671.841783798642,10654.873285712629,987.5641281399128,0.0,987.5641281399128
2025-01-15,104,6236.3891,2025-01-15T17:20:00,2025-01-15T17:10:00,17:20:00,16,DA,0.0,17:20:00,16,DA,1.1094,17:20:00,16,DA,0.9742,1039.3981833333335,0.0,6236.3891,1039.3981833333335,2025-01-15T17:20:00,2025-01-15 00:00:00,2025-01-15 00:00:00,2025-01-15T17:20:00,2025-01-15T17:20:00,0.9742,1069.9794934319086,49.92503778706815,43.52823530523651,1113.507728737145,49.92503778706815,2,0.7,equal_initial,6000.0,1063.582690950077,0.0,0.0,10800.0,10800.0,0.0,0.0,24.18450761674353,0.0,0.0,0.0,0.0,0.0,10654.873285712629,10676.639342567698,1036.142257523565,0.0,1036.142257523565
2025-01-15,105,6276.16,2025-01-15T17:30:00,2025-01-15T17:20:00,17:30:00,16,DB,0.0,17:30:00,16,DB,1.1512,17:30:00,16,DB,0.9862,1046.0266666666666,0.0,6276.16,1046.0266666666666,2025-01-15T17:30:00,2025-01-15 00:00:00,2025-01-15 00:00:00,2025-01-15T17:30:00,2025-01-15T17:30:00,0.9862,1025.481722661595,33.71831001946134,43.52823530523651,1069.0099579668315,33.71831001946134,2,0.7,equal_initial,6000.0,1035.2916479473702,0.0,0.0,10800.0,10800.0,0.0,0.0,0.0,10.735018719296477,0.0,0.0,0.0,0.0,10676.639342567698,10664.711543990701,1021.0046232056965,0.0,1021.0046232056965
2025-01-15,106,6551.191,2025-01-15T17:40:00,2025-01-15T17:30:00,17:40:00,16,DC,0.385,17:40:00,16,DC,1.1793,17:40:00,16,DC,0.976,1091.8651666666667,0.06416666666666666,6550.806,1091.801,2025-01-15T17:40:00,2025-01-15 00:00:00,2025-01-15 00:00:00,2025-01-15T17:40:00,2025-01-15T17:40:00,0.976,1037.0515512533234,19.819006614979532,43.52823530523651,1080.5797865585598,19.819006614979532,2,0.7,equal_initial,6000.0,1060.7607799435802,0.0,0.0,10800.0,10800.0,0.0,0.0,0.0,31.040220056419685,0.0,0.0,0.0,0.0,10664.711543990701,10630.222410594679,1035.3025212249343,0.0,1035.3025212249343
2025-01-15,107,5794.0877,2025-01-15T17:50:00,2025-01-15T17:40:00,17:50:00,16,DD,0.0,17:50:00,16,DD,1.2459,17:50:00,16,DD,1.0742,965.6812833333333,0.0,5794.0877,965.6812833333333,2025-01-15T17:50:00,2025-01-15 00:00:00,2025-01-15 00:00:00,2025-01-15T17:50:00,2025-01-15T17:50:00,1.0742,912.833606417399,8.131442606606468,43.52823530523651,956.3618417226355,8.131442606606468,2,0.7,equal_initial,6000.0,948.230399116029,0.0,0.0,10800.0,10800.0,0.0,0.0,0.0,17.450884217304292,0.0,0.0,0.0,0.0,10630.222410594679,10610.83253924212,1018.5890947304384,0.0,1018.5890947304384
2025-01-15,108,4408.74,2025-01-15T18:00:00,2025-01-15T17:50:00,18:00:00,16,DE,0.0,18:00:00,16,DE,1.3184,18:00:00,16,DE,1.2313,734.79,0.0,4408.74,734.79,2025-01-15T18:00:00,2025-01-15 00:00:00,2025-01-15 00:00:00,2025-01-15T18:00:00,2025-01-15T18:00:00,1.2313,706.1056200860662,0.0,43.52823530523651,749.6338553913027,0.0,2,0.7,equal_initial,6000.0,749.6338553913027,0.0,0.0,10800.0,10800.0,0.0,0.0,14.843855391302782,0.0,0.0,0.0,0.0,0.0,10610.83253924212,10624.192009094291,923.0241661433112,0.0,923.0241661433112
2025-01-15,109,4169.1645,2025-01-15T18:10:00,2025-01-15T18:00:00,18:10:00,16,DF,0.0276,18:10:00,16,DF,1.294,18:10:00,16,DF,1.2561,694.8607499999999,0.0046,4169.1368999999995,694.85615,2025-01-15T18:10:00,2025-01-15 00:00:00,2025-01-15 00:00:00,2025-01-15T18:10:00,2025-01-15T18:10:00,1.2561,688.2775440145064,0.0,9.995666666666665,698.273210681173,0.0,2,0.7,equal_initial,6000.0,698.273210681173,0.0,-0.0,10800.0,10800.0,0.0,0.0,3.4170606811730977,0.0,0.0,0.0,0.0,0.0,10624.192009094291,10627.267363707348,877.1009799366215,0.0,877.1009799366215
2025-01-15,110,4334.9524,2025-01-15T18:20:00,2025-01-15T18:10:00,18:20:00,16,DG,0.0,18:20:00,16,DG,1.271,18:20:00,16,DG,1.2447,722.4920666666667,0.0,4334.9524,722.4920666666667,2025-01-15T18:20:00,2025-01-15 00:00:00,2025-01-15 00:00:00,2025-01-15T18:20:00,2025-01-15T18:20:00,1.2447,727.6815557960377,0.0,9.995666666666665,737.6772224627044,0.0,2,0.7,equal_initial,6000.0,737.6772224627044,0.0,0.0,10800.0,10800.0,0.0,0.0,15.185155796037748,0.0,0.0,0.0,0.0,0.0,10627.267363707348,10640.934003923781,918.1868387993281,0.0,918.1868387993281
2025-01-15,111,4303.58,2025-01-15T18:30:00,2025-01-15T18:20:00,18:30:00,16,DH,0.0,18:30:00,16,DH,1.2725,18:30:00,16,DH,1.2545,717.2633333333333,0.0,4303.58,717.2633333333333,2025-01-15T18:30:00,2025-01-15 00:00:00,2025-01-15 00:00:00,2025-01-15T18:30:00,2025-01-15T18:30:00,1.2545,728.9911154303701,0.0,9.995666666666665,738.9867820970368,0.0,2,0.7,equal_initial,6000.0,738.9867820970368,0.0,0.0,10800.0,10800.0,0.0,0.0,21.72344876370346,0.0,0.0,0.0,0.0,0.0,10640.934003923781,10660.485107811115,927.0589181407327,0.0,927.0589181407327
2025-01-15,112,4245.8886,2025-01-15T18:40:00,2025-01-15T18:30:00,18:40:00,16,DI,0.002,18:40:00,16,DI,1.2505,18:40:00,16,DI,1.2522,707.6481,0.0003333333333333333,4245.8866,707.6477666666667,2025-01-15T18:40:00,2025-01-15 00:00:00,2025-01-15 00:00:00,2025-01-15T18:40:00,2025-01-15T18:40:00,1.2522,727.4762388666555,0.0,9.995666666666665,737.4719055333222,0.0,2,0.7,equal_initial,6000.0,737.4719055333222,0.0,0.0,10800.0,10800.0,0.0,0.0,29.824138866655517,0.0,0.0,0.0,0.0,0.0,10660.485107811115,10687.326832791105,923.4623201088261,0.0,923.4623201088261
2025-01-15,113,4268.7645,2025-01-15T18:50:00,2025-01-15T18:40:00,18:50:00,16,DJ,0.0,18:50:00,16,DJ,1.3698,18:50:00,16,DJ,1.2881,711.4607500000001,0.0,4268.7645,711.4607500000001,2025-01-15T18:50:00,2025-01-15 00:00:00,2025-01-15 00:00:00,2025-01-15T18:50:00,2025-01-15T18:50:00,1.2881,719.1638006037691,0.0,9.995666666666665,729.1594672704358,0.0,2,0.7,equal_initial,6000.0,316.26399214183573,0.0,412.8954751286001,10800.0,10341.227249857111,0.0,0.0,0.0,395.19675785816435,0.0,0.0,0.0,0.0,10687.326832791105,10248.219324059812,407.3796482778986,0.0,407.3796482778986
2025-01-15,114,4381.34,2025-01-15T19:00:00,2025-01-15T18:50:00,19:00:00,16,DK,0.0,19:00:00,16,DK,1.5628,19:00:00,16,DK,1.3466,730.2233333333334,0.0,4381.34,730.2233333333334,2025-01-15T19:00:00,2025-01-15 00:00:00,2025-01-15 00:00:00,2025-01-15T19:00:00,2025-01-15T19:00:00,1.3466,709.1803523732923,0.0,9.995666666666665,719.176019039959,0.0,2,0.7,equal_initial,6000.0,0.0,0.0,719.176019039959,10341.227249857111,9542.142784257157,0.0,0.0,0.0,730.2233333333334,0.0,0.0,0.0,0.0,10248.219324059812,9436.860064800552,0.0,0.0,0.0
2025-01-15,115,4495.3332,2025-01-15T19:10:00,2025-01-15T19:00:00,19:10:00,16,DL,0.0,19:10:00,16,DL,1.5688,19:10:00,16,DL,1.3523,749.2222,0.0,4495.3332,749.2222,2025-01-15T19:10:00,2025-01-15 00:00:00,2025-01-15 00:00:00,2025-01-15T19:10:00,2025-01-15T19:10:00,1.3523,715.160685671081,0.0,22.952004999999875,738.1126906710808,0.0,2,0.7,equal_initial,6000.0,0.0,0.0,738.1126906710808,9542.142784257157,8722.0175724004,0.0,0.0,0.0,749.2222,0.0,0.0,0.0,0.0,9436.860064800552,8604.39095368944,0.0,0.0,0.0
2025-01-15,116,4438.9802,2025-01-15T19:20:00,2025-01-15T19:10:00,19:20:00,16,DM,0.0,19:20:00,16,DM,1.4971,19:20:00,16,DM,1.3445,739.8300333333333,0.0,4438.9802,739.8300333333333,2025-01-15T19:20:00,2025-01-15 00:00:00,2025-01-15 00:00:00,2025-01-15T19:20:00,2025-01-15T19:20:00,1.3445,723.3796234646336,0.0,22.952004999999875,746.3316284646335,0.0,2,0.7,equal_initial,6000.0,0.0,0.0,746.3316284646335,8722.0175724004,7892.760207439696,0.0,0.0,0.0,739.8300333333333,0.0,0.0,0.0,0.0,8604.39095368944,7782.357583319071,0.0,0.0,0.0
2025-01-15,117,4333.83,2025-01-15T19:30:00,2025-01-15T19:20:00,19:30:00,16,DN,0.0,19:30:00,16,DN,1.4834,19:30:00,16,DN,1.3483,722.305,0.0,4333.83,722.305,2025-01-15T19:30:00,2025-01-15 00:00:00,2025-01-15 00:00:00,2025-01-15T19:30:00,2025-01-15T19:30:00,1.3483,721.8343255291167,0.0,22.952004999999875,744.7863305291165,0.0,2,0.7,equal_initial,6000.0,0.0,0.0,744.7863305291165,7892.760207439696,7065.219840185123,0.0,0.0,0.0,722.305,0.0,0.0,0.0,0.0,7782.357583319071,6979.79647220796,0.0,0.0,0.0
2025-01-15,118,4458.7756,2025-01-15T19:40:00,2025-01-15T19:30:00,19:40:00,16,DO,0.0,19:40:00,16,DO,1.5532,19:40:00,16,DO,1.349,743.1292666666667,0.0,4458.7756,743.1292666666667,2025-01-15T19:40:00,2025-01-15 00:00:00,2025-01-15 00:00:00,2025-01-15T19:40:00,2025-01-15T19:40:00,1.349,715.0419400487681,0.0,22.952004999999875,737.993945048768,0.0,2,0.7,equal_initial,6000.0,0.0,0.0,737.993945048768,7065.219840185123,6245.226567908714,0.0,0.0,0.0,743.1292666666667,0.0,0.0,0.0,0.0,6979.79647220796,6154.097287022774,0.0,0.0,0.0
2025-01-15,119,4489.4042,2025-01-15T19:50:00,2025-01-15T19:40:00,19:50:00,16,DP,0.0,19:50:00,16,DP,1.5755,19:50:00,16,DP,1.3473,748.2340333333333,0.0,4489.4042,748.2340333333333,2025-01-15T19:50:00,2025-01-15 00:00:00,2025-01-15 00:00:00,2025-01-15T19:50:00,2025-01-15T19:50:00,1.3473,732.1224255439039,0.0,22.952004999999875,755.0744305439038,0.0,2,0.7,equal_initial,6000.0,0.0,0.0,755.0744305439038,6245.226567908714,5406.254978415488,0.0,0.0,0.0,748.2340333333333,0.0,0.0,0.0,0.0,6154.097287022774,5322.7261388746265,0.0,0.0,0.0
2025-01-15,120,4421.17,2025-01-15T20:00:00,2025-01-15T19:50:00,20:00:00,16,DQ,0.0,20:00:00,16,DQ,1.5441,20:00:00,16,DQ,1.3482,736.8616666666667,0.0,4421.17,736.8616666666667,2025-01-15T20:00:00,2025-01-15 00:00:00,2025-01-15 00:00:00,2025-01-15T20:00:00,2025-01-15T20:00:00,1.3482,755.258914348276,0.0,22.952004999999875,778.2109193482759,0.0,2,0.7,equal_initial,6000.0,0.0,0.0,778.2109193482759,5406.254978415488,4541.576179139626,0.0,0.0,0.0,736.8616666666667,0.0,0.0,0.0,0.0,5322.7261388746265,4503.990953689441,0.0,0.0,0.0
2025-01-15,121,4587.0461,2025-01-15T20:10:00,2025-01-15T20:00:00,20:10:00,16,DR,0.0,20:10:00,16,DR,1.5629,20:10:00,16,DR,1.3513,764.5076833333333,0.0,4587.0461,764.5076833333333,2025-01-15T20:10:00,2025-01-15 00:00:00,2025-01-15 00:00:00,2025-01-15T20:10:00,2025-01-15T20:10:00,1.3513,735.9957505418193,0.0,18.69181773405262,754.687568275872,0.0,2,0.7,equal_initial,6000.0,0.0,0.0,754.687568275872,4541.576179139626,3703.0344366108793,0.0,0.0,0.0,764.5076833333333,0.0,0.0,0.0,0.0,4503.990953689441,3654.5379722079597,0.0,0.0,0.0
2025-01-15,122,4778.3999,2025-01-15T20:20:00,2025-01-15T20:10:00,20:20:00,16,DS,0.0,20:20:00,16,DS,1.5318,20:20:00,16,DS,1.34,796.3999833333334,0.0,4778.3999,796.3999833333334,2025-01-15T20:20:00,2025-01-15 00:00:00,2025-01-15 00:00:00,2025-01-15T20:20:00,2025-01-15T20:20:00,1.34,714.0187732775554,0.0,18.69181773405262,732.710591011608,0.0,2,0.7,equal_initial,6000.0,0.0,0.0,732.710591011608,3703.0344366108793,2888.9115577090924,0.0,0.0,0.0,796.3999833333334,0.0,0.0,0.0,0.0,3654.5379722079597,2769.649101837589,0.0,0.0,0.0
2025-01-15,123,4756.8,2025-01-15T20:30:00,2025-01-15T20:20:00,20:30:00,16,DT,0.0,20:30:00,16,DT,1.5014,20:30:00,16,DT,1.3489,792.8000000000001,0.0,4756.8,792.8000000000001,2025-01-15T20:30:00,2025-01-15 00:00:00,2025-01-15 00:00:00,2025-01-15T20:30:00,2025-01-15T20:30:00,1.3489,723.8043966261467,0.0,18.69181773405262,742.4962143601994,0.0,2,0.7,equal_initial,6000.0,0.0,0.0,742.4962143601994,2888.9115577090924,2063.9157639755376,0.0,0.0,0.0,792.8000000000001,0.0,0.0,0.0,0.0,2769.649101837589,1888.7602129487002,0.0,0.0,0.0
2025-01-15,124,4516.0372,2025-01-15T20:40:00,2025-01-15T20:30:00,20:40:00,16,DU,0.0,20:40:00,16,DU,1.5854,20:40:00,16,DU,1.3952,752.6728666666667,0.0,4516.0372,752.6728666666667,2025-01-15T20:40:00,2025-01-15 00:00:00,2025-01-15 00:00:00,2025-01-15T20:40:00,2025-01-15T20:40:00,1.3952,759.0608830917148,0.22851324778350338,18.69181773405262,777.7527008257674,0.22851324778350338,2,0.7,equal_initial,6000.0,0.0,0.0,777.5241875779839,2063.9157639755376,1200.0,0.0,0.0,0.0,619.8841916538302,132.7886750128365,0.0,0.0,0.0,1888.7602129487002,1200.0,0.0,926.3337968895474,926.3337968895474
2025-01-15,125,4507.0391,2025-01-15T20:50:00,2025-01-15T20:40:00,20:50:00,16,DV,0.0,20:50:00,16,DV,1.3652,20:50:00,16,DV,1.2226,751.1731833333333,0.0,4507.0391,751.1731833333333,2025-01-15T20:50:00,2025-01-15 00:00:00,2025-01-15 00:00:00,2025-01-15T20:50:00,2025-01-15T20:50:00,1.2226,764.9362227412902,2.4034623241745074,18.69181773405262,783.6280404753428,2.4034623241745074,2,0.7,equal_initial,6000.0,781.2245781511683,0.0,0.0,1200.0,1200.0,0.0,0.0,30.05139481783499,0.0,0.0,0.0,0.0,0.0,1200.0,1227.0462553360514,955.1251692476183,0.0,955.1251692476183
2025-01-15,126,4645.34,2025-01-15T21:00:00,2025-01-15T20:50:00,21:00:00,16,DW,0.0,21:00:00,16,DW,0.9551,21:00:00,16,DW,0.9332,774.2233333333334,0.0,4645.34,774.2233333333334,2025-01-15T21:00:00,2025-01-15 00:00:00,2025-01-15 00:00:00,2025-01-15T21:00:00,2025-01-15T21:00:00,0.9332,747.6451752775152,4.224113395272749,18.69181773405262,766.3369930115679,4.224113395272749,2,0.7,equal_initial,6000.0,762.1128796162951,0.0,0.0,1200.0,1200.0,0.0,0.0,0.0,12.11045371703824,0.0,0.0,0.0,0.0,1227.0462553360514,1213.5901956504533,711.2037392579266,0.0,711.2037392579266
2025-01-15,127,4455.2805,2025-01-15T21:10:00,2025-01-15T21:00:00,21:10:00,16,DX,0.0,21:10:00,16,DX,0.9186,21:10:00,16,DX,0.9068,742.54675,0.0,4455.2805,742.54675,2025-01-15T21:10:00,2025-01-15 00:00:00,2025-01-15 00:00:00,2025-01-15T21:10:00,2025-01-15T21:10:00,0.9068,758.3877991464743,5.6631028499424865,22.11412210648278,780.5019212529571,5.6631028499424865,2,0.7,equal_initial,6000.0,774.8388184030147,0.0,0.0,1200.0,1200.0,0.0,0.0,32.292068403014696,0.0,0.0,0.0,0.0,0.0,1213.5901956504533,1242.6530572131664,702.6238405278538,0.0,702.6238405278538
2025-01-15,128,4457.0947,2025-01-15T21:20:00,2025-01-15T21:10:00,21:20:00,16,DY,0.0,21:20:00,16,DY,0.9597,21:20:00,16,DY,0.9371,742.8491166666666,0.0,4457.0947,742.8491166666666,2025-01-15T21:20:00,2025-01-15 00:00:00,2025-01-15 00:00:00,2025-01-15T21:20:00,2025-01-15T21:20:00,0.9371,741.4044584055985,6.708510078754256,22.11412210648278,763.5185805120813,6.708510078754256,2,0.7,equal_initial,6000.0,756.810070433327,0.0,0.0,1200.0,1200.0,0.0,0.0,13.960953766660396,0.0,0.0,0.0,0.0,0.0,1242.6530572131664,1255.2179156031607,709.2067170030708,0.0,709.2067170030708
2025-01-15,129,4672.49,2025-01-15T21:30:00,2025-01-15T21:20:00,21:30:00,16,DZ,0.0,21:30:00,16,DZ,0.9394,21:30:00,16,DZ,0.9371,778.7483333333333,0.0,4672.49,778.7483333333333,2025-01-15T21:30:00,2025-01-15 00:00:00,2025-01-15 00:00:00,2025-01-15T21:30:00,2025-01-15T21:30:00,0.9371,720.4041217812311,7.362823642692892,22.11412210648278,742.5182438877139,7.362823642692892,2,0.7,equal_initial,6000.0,735.155420245021,0.0,0.0,1200.0,1200.0,0.0,0.0,0.0,43.59291308831234,0.0,0.0,0.0,0.0,1255.2179156031607,1206.781345505036,688.9141443116092,0.0,688.9141443116092
2025-01-15,130,4513.9403,2025-01-15T21:40:00,2025-01-15T21:30:00,21:40:00,16,EA,0.0,21:40:00,16,EA,0.9848,21:40:00,16,EA,0.9871,752.3233833333334,0.0,4513.9403,752.3233833333334,2025-01-15T21:40:00,2025-01-15 00:00:00,2025-01-15 00:00:00,2025-01-15T21:40:00,2025-01-15T21:40:00,0.9871,762.4917248930917,7.641655640836644,22.11412210648278,784.6058469995745,7.641655640836644,2,0.7,equal_initial,6000.0,776.9641913587378,0.0,-0.0,1200.0,1200.0,0.0,0.0,24.640808025404453,0.0,0.0,0.0,0.0,0.0,1206.781345505036,1228.9580727279,766.94135329021,0.0,766.94135329021
2025-01-15,131,3985.8003,2025-01-15T21:50:00,2025-01-15T21:40:00,21:50:00,16,EB,0.0,21:50:00,16,EB,0.7978,21:50:00,16,EB,0.7764,664.3000499999999,0.0,3985.8003,664.3000499999999,2025-01-15T21:50:00,2025-01-15 00:00:00,2025-01-15 00:00:00,2025-01-15T21:50:00,2025-01-15T21:50:00,0.7764,691.9860862503368,7.5722378058337565,22.11412210648278,714.1002083568196,7.5722378058337565,2,0.7,equal_initial,6000.0,706.5279705509859,0.0,-0.0,1200.0,1200.0,0.0,0.0,42.227920550985914,0.0,0.0,0.0,0.0,0.0,1228.9580727279,1266.963201223787,548.5483163357854,0.0,548.5483163357854
2025-01-15,132,3483.22,2025-01-15T22:00:00,2025-01-15T21:50:00,22:00:00,16,EC,0.0,22:00:00,16,EC,0.4823,22:00:00,16,EC,0.4209,580.5366666666666,0.0,3483.22,580.5366666666666,2025-01-15T22:00:00,2025-01-15 00:00:00,2025-01-15 00:00:00,2025-01-15T22:00:00,2025-01-15T22:00:00,0.4209,536.798839423913,7.191736437831671,22.11412210648278,558.9129615303958,7.191736437831671,2,0.7,equal_initial,6000.0,1385.0545584258975,833.3333333333333,0.0,1200.0,1950.0,0.0,1.0,804.5178917592309,0.0,0.0,0.0,0.0,0.0,1266.963201223787,1991.029303807095,582.9694636414603,0.0,582.9694636414603
2025-01-15,133,3442.6273,2025-01-15T22:10:00,2025-01-15T22:00:00,22:10:00,16,ED,0.0,22:10:00,16,ED,0.4725,22:10:00,16,ED,0.3859,573.7712166666666,0.0,3442.6273,573.7712166666666,2025-01-15T22:10:00,2025-01-15 00:00:00,2025-01-15 00:00:00,2025-01-15T22:10:00,2025-01-15T22:10:00,0.3859,515.1386806616556,6.545426144019374,19.305866395954258,534.4445470576098,6.545426144019374,2,0.7,equal_initial,6000.0,1361.2324542469237,833.3333333333333,0.0,1950.0,2700.0,0.0,1.0,787.461237580257,0.0,0.0,0.0,0.0,0.0,1991.029303807095,2699.7444176293266,525.2996040938879,0.0,525.2996040938879
2025-01-15,134,3537.9536,2025-01-15T22:20:00,2025-01-15T22:10:00,22:20:00,16,EE,0.0,22:20:00,16,EE,0.4845,22:20:00,16,EE,0.4368,589.6589333333333,0.0,3537.9536,589.6589333333333,2025-01-15T22:20:00,2025-01-15 00:00:00,2025-01-15 00:00:00,2025-01-15T22:20:00,2025-01-15T22:20:00,0.4368,547.8643109995616,5.684764435322238,19.305866395954258,567.1701773955158,5.684764435322238,2,0.7,equal_initial,6000.0,561.4854129601936,0.0,0.0,2700.0,2700.0,0.0,0.0,0.0,28.173520373139695,0.0,0.0,0.0,0.0,2699.7444176293266,2668.440506103616,245.25682838101255,0.0,245.25682838101255
2025-01-15,135,3489.4,2025-01-15T22:30:00,2025-01-15T22:20:00,22:30:00,16,EF,0.0,22:30:00,16,EF,0.4109,22:30:00,16,EF,0.4198,581.5666666666667,0.0,3489.4,581.5666666666667,2025-01-15T22:30:00,2025-01-15 00:00:00,2025-01-15 00:00:00,2025-01-15T22:30:00,2025-01-15T22:30:00,0.4198,554.1675372456635,4.665410511116581,19.305866395954258,573.4734036416178,4.665410511116581,2,0.7,equal_initial,6000.0,1402.1413264638345,833.3333333333333,0.0,2700.0,3450.0,0.0,1.0,820.5746597971678,0.0,0.0,0.0,0.0,0.0,2668.440506103616,3406.9576999210667,588.6189288495177,0.0,588.6189288495177
2025-01-15,136,3307.4853,2025-01-15T22:40:00,2025-01-15T22:30:00,22:40:00,16,EG,0.0,22:40:00,16,EG,0.4328,22:40:00,16,EG,0.4186,551.2475499999999,0.0,3307.4853,551.2475499999999,2025-01-15T22:40:00,2025-01-15 00:00:00,2025-01-15 00:00:00,2025-01-15T22:40:00,2025-01-15T22:40:00,0.4186,540.771084731843,3.545232018586345,19.305866395954258,560.0769511277972,3.545232018586345,2,0.7,equal_initial,6000.0,1389.865052442544,833.3333333333333,0.0,3450.0,4200.0,0.0,1.0,833.3333333333334,0.0,0.0,5.284169109210779,5.284169109210779,0.0,3406.9576999210667,4156.957699921067,581.797510952449,0.0,581.797510952449
2025-01-15,137,3199.0136,2025-01-15T22:50:00,2025-01-15T22:40:00,22:50:00,16,EH,0.0,22:50:00,16,EH,0.4484,22:50:00,16,EH,0.4241,533.1689333333334,0.0,3199.0136,533.1689333333334,2025-01-15T22:50:00,2025-01-15 00:00:00,2025-01-15 00:00:00,2025-01-15T22:50:00,2025-01-15T22:50:00,0.4241,558.6931516386679,2.382343201807426,19.305866395954258,577.9990180346222,2.382343201807426,2,0.7,equal_initial,6000.0,575.6166748328147,0.0,0.0,4200.0,4200.0,0.0,0.0,42.44774149948137,0.0,0.0,0.0,0.0,0.0,4156.957699921067,4195.1606672706,244.11903179659672,0.0,244.11903179659672
2025-01-15,138,3255.64,2025-01-15T23:00:00,2025-01-15T22:50:00,23:00:00,16,EI,0.0,23:00:00,16,EI,0.4204,23:00:00,16,EI,0.4237,542.6066666666667,0.0,3255.64,542.6066666666667,2025-01-15T23:00:00,2025-01-15 00:00:00,2025-01-15 00:00:00,2025-01-15T23:00:00,2025-01-15T23:00:00,0.4237,590.0910793489618,1.2332166677223186,19.305866395954258,609.396945744916,1.2332166677223186,2,0.7,equal_initial,6000.0,1441.497062410527,833.3333333333333,0.0,4200.0,4950.0,0.0,1.0,833.3333333333334,0.0,0.0,65.5570624105269,65.5570624105269,0.0,4195.1606672706,4945.1606672706,610.7623053433402,0.0,610.7623053433402
2025-01-15,139,3394.4568,2025-01-15T23:10:00,2025-01-15T23:00:00,23:10:00,16,EJ,0.0,23:10:00,16,EJ,0.4251,23:10:00,16,EJ,0.4248,565.7428,0.0,3394.4568,565.7428,2025-01-15T23:10:00,2025-01-15 00:00:00,2025-01-15 00:00:00,2025-01-15T23:10:00,2025-01-15T23:10:00,0.4248,571.315855275419,0.1509090174598896,15.887823127310892,587.2036784027299,0.1509090174598896,2,0.7,equal_initial,6000.0,587.05276938527,0.0,0.0,4950.0,4950.0,0.0,-0.0,21.30996938527005,0.0,0.0,0.0,0.0,0.0,4945.1606672706,4964.339639717344,249.3800164348627,0.0,249.3800164348627
2025-01-15,140,3486.92,2025-01-15T23:20:00,2025-01-15T23:10:00,23:20:00,16,EK,0.0,23:20:00,16,EK,0.4355,23:20:00,16,EK,0.424,581.1533333333333,0.0,3486.92,581.1533333333333,2025-01-15T23:20:00,2025-01-15 00:00:00,2025-01-15 00:00:00,2025-01-15T23:20:00,2025-01-15T23:20:00,0.424,568.2096726221265,0.0,15.887823127310892,584.0974957494374,0.0,2,0.7,equal_initial,6000.0,917.4308290827707,333.3333333333333,0.0,4950.0,5250.0,0.0,1.0,336.27749574943743,0.0,0.0,0.0,0.0,0.0,4964.339639717344,5266.989385891838,388.9906715310948,0.0,388.9906715310948
2025-01-15,141,3537.29,2025-01-15T23:30:00,2025-01-15T23:20:00,23:30:00,16,EL,0.0,23:30:00,16,EL,0.4473,23:30:00,16,EL,0.422,589.5483333333333,0.0,3537.29,589.5483333333333,2025-01-15T23:30:00,2025-01-15 00:00:00,2025-01-15 00:00:00,2025-01-15T23:30:00,2025-01-15T23:30:00,0.422,595.6769417338651,0.0,15.887823127310892,611.564764861176,0.0,2,0.7,equal_initial,6000.0,1444.8980981945092,833.3333333333333,0.0,5250.0,6000.0,0.0,1.0,833.3333333333334,0.0,0.0,22.016431527842542,22.016431527842542,0.0,5266.989385891838,6016.989385891838,609.7469974380829,0.0,609.7469974380829
2025-01-15,142,3622.9227,2025-01-15T23:40:00,2025-01-15T23:30:00,23:40:00,16,EM,0.0,23:40:00,16,EM,0.4819,23:40:00,16,EM,0.424,603.82045,0.0,3622.9227,603.82045,2025-01-15T23:40:00,2025-01-15 00:00:00,2025-01-15 00:00:00,2025-01-15T23:40:00,2025-01-15T23:40:00,0.424,602.2294731079045,0.0,15.887823127310892,618.1172962352153,0.0,2,0.7,equal_initial,6000.0,618.1172962352153,0.0,0.0,6000.0,6000.0,0.0,0.0,14.296846235215298,0.0,0.0,0.0,0.0,0.0,6016.989385891838,6029.856547503531,262.0817336037313,0.0,262.0817336037313
2025-01-15,143,3558.641,2025-01-15T23:50:00,2025-01-15T23:40:00,23:50:00,16,EN,0.0,23:50:00,16,EN,0.468,23:50:00,16,EN,0.4271,593.1068333333334,0.0,3558.641,593.1068333333334,2025-01-15T23:50:00,2025-01-15 00:00:00,2025-01-15 00:00:00,2025-01-15T23:50:00,2025-01-15T23:50:00,0.4271,606.0061223927613,0.0,15.887823127310892,621.8939455200722,0.0,2,0.7,equal_initial,6000.0,621.8939455200722,0.0,0.0,6000.0,6000.0,0.0,0.0,28.787112186738796,0.0,0.0,0.0,0.0,0.0,6029.856547503531,6055.764948471596,265.6109041316228,0.0,265.6109041316228
2025-01-15,144,3429.6,2025-01-16T00:00:00,2025-01-15T23:50:00,0:00+1,16,EO,0.0,0:00+1,16,EO,0.4134,0:00+1,16,EO,0.4276,571.6,0.0,3429.6,571.6,2025-01-16T00:00:00,2025-01-15 00:00:00,2025-01-15 00:00:00,2025-01-16T00:00:00,2025-01-16T00:00:00,0.4276,608.8534468104859,0.0,15.887823127310892,624.7412699377968,0.0,2,0.7,equal_initial,6000.0,624.7412699377968,0.0,0.0,6000.0,6000.0,0.0,-0.0,53.14126993779678,0.0,0.0,0.0,0.0,0.0,6055.764948471596,6103.592091415613,267.1393670254019,0.0,267.1393670254019
2025-01-16,1,3526.9471,2025-01-16T00:10:00,2025-01-16T00:00:00,00:10:00,17,B,0.0,00:10:00,17,B,0.4046,00:10:00,17,B,0.4248,587.8245166666667,0.0,3526.9471,587.8245166666667,2025-01-16T00:10:00,2025-01-16 00:00:00,2025-01-16 00:00:00,2025-01-16T00:10:00,2025-01-16T00:10:00,0.4248,593.1706283163162,0.09546471436529669,15.482015303251753,608.6526436195679,0.09546471436529669,2,0.7,equal_initial,6103.592091415613,1441.8905122385358,833.3333333333333,0.0,6103.592091415613,6853.592091415613,0.0,1.0,833.3333333333334,0.0,0.0,20.732662238535795,20.732662238535795,0.0,6103.592091415613,6853.592091415613,612.51508959893,0.0,612.51508959893
2025-01-16,2,3626.8272,2025-01-16T00:20:00,2025-01-16T00:10:00,00:20:00,17,C,0.0,00:20:00,17,C,0.4281,00:20:00,17,C,0.4245,604.4712000000001,0.0,3626.8272,604.4712000000001,2025-01-16T00:20:00,2025-01-16 00:00:00,2025-01-16 00:00:00,2025-01-16T00:20:00,2025-01-16T00:20:00,0.4245,599.5532501217142,0.4021320509663089,15.482015303251753,615.0352654249659,0.4021320509663089,2,0.7,equal_initial,6103.592091415613,1447.966466707333,833.3333333333333,0.0,6853.592091415613,7603.592091415612,0.0,1.0,833.3333333333334,0.0,0.0,10.161933373999545,10.161933373999545,0.0,6853.592091415613,7603.592091415613,614.6617651172628,0.0,614.6617651172628
2025-01-16,3,3626.59,2025-01-16T00:30:00,2025-01-16T00:20:00,00:30:00,17,D,0.0,00:30:00,17,D,0.4594,00:30:00,17,D,0.4269,604.4316666666667,0.0,3626.59,604.4316666666667,2025-01-16T00:30:00,2025-01-16 00:00:00,2025-01-16 00:00:00,2025-01-16T00:30:00,2025-01-16T00:30:00,0.4269,625.8587231208181,0.9032363247697803,15.482015303251753,641.3407384240699,0.9032363247697803,2,0.7,equal_initial,6103.592091415613,1473.7708354326332,833.3333333333333,0.0,7603.592091415612,8353.592091415612,0.0,1.0,833.3333333333334,0.0,0.0,36.00583543263315,36.00583543263315,0.0,7603.592091415613,8353.592091415612,629.1527696461911,0.0,629.1527696461911
2025-01-16,4,3641.0299,2025-01-16T00:40:00,2025-01-16T00:30:00,00:40:00,17,E,0.0,00:40:00,17,E,0.4868,00:40:00,17,E,0.4272,606.8383166666666,0.0,3641.0299,606.8383166666666,2025-01-16T00:40:00,2025-01-16 00:00:00,2025-01-16 00:00:00,2025-01-16T00:40:00,2025-01-16T00:40:00,0.4272,629.3391097868725,1.5732343107435889,15.482015303251753,644.8211250901243,1.5732343107435889,2,0.7,equal_initial,6103.592091415613,1476.581224112714,833.3333333333333,0.0,8353.592091415612,9103.592091415612,0.0,1.0,833.3333333333334,0.0,0.0,36.409574112713926,36.409574112713926,0.0,8353.592091415612,9103.592091415612,630.7954989409515,0.0,630.7954989409515
2025-01-16,5,3647.4731,2025-01-16T00:50:00,2025-01-16T00:40:00,00:50:00,17,F,0.0,00:50:00,17,F,0.4934,00:50:00,17,F,0.4271,607.9121833333334,0.0,3647.4731,607.9121833333334,2025-01-16T00:50:00,2025-01-16 00:00:00,2025-01-16 00:00:00,2025-01-16T00:50:00,2025-01-16T00:50:00,0.4271,635.8637055328716,2.378530655399233,15.482015303251753,651.3457208361233,2.378530655399233,2,0.7,equal_initial,6103.592091415613,1482.3005235140572,833.3333333333333,0.0,9103.592091415612,9853.592091415612,0.0,1.0,833.3333333333334,0.0,0.0,41.05500684739047,41.05500684739047,0.0,9103.592091415612,9853.592091415612,633.0905535928538,0.0,633.0905535928538
2025-01-16,6,3754.71,2025-01-16T01:00:00,2025-01-16T00:50:00,01:00:00,17,G,0.0,01:00:00,17,G,0.4957,01:00:00,17,G,0.4285,625.785,0.0,3754.71,625.785,2025-01-16T01:00:00,2025-01-16 00:00:00,2025-01-16 00:00:00,2025-01-16T01:00:00,2025-01-16T01:00:00,0.4285,652.4359793258052,3.278453042187305,15.482015303251753,667.9179946290569,3.278453042187305,2,0.7,equal_initial,6103.592091415613,664.6395415868697,0.0,0.0,9853.592091415612,9853.592091415612,0.0,-0.0,38.854541586869686,0.0,0.0,0.0,0.0,0.0,9853.592091415612,9888.561178843795,284.79804356997363,0.0,284.79804356997363
2025-01-16,7,4055.3702,2025-01-16T01:10:00,2025-01-16T01:00:00,01:10:00,17,H,0.0,01:10:00,17,H,0.5184,01:10:00,17,H,0.4311,675.8950333333333,0.0,4055.3702,675.8950333333333,2025-01-16T01:10:00,2025-01-16 00:00:00,2025-01-16 00:00:00,2025-01-16T01:10:00,2025-01-16T01:10:00,0.4311,657.3827828000447,4.226456805745638,27.927798795592775,685.3105815956375,4.226456805745638,2,0.7,equal_initial,6103.592091415613,681.0841247898918,0.0,0.0,9853.592091415612,9853.592091415612,0.0,0.0,5.189091456558458,0.0,0.0,0.0,0.0,0.0,9888.561178843795,9893.231361154698,293.61536619692237,0.0,293.61536619692237
2025-01-16,8,3946.9391,2025-01-16T01:20:00,2025-01-16T01:10:00,01:20:00,17,I,0.0,01:20:00,17,I,0.4844,01:20:00,17,I,0.4302,657.8231833333333,0.0,3946.9391,657.8231833333333,2025-01-16T01:20:00,2025-01-16 00:00:00,2025-01-16 00:00:00,2025-01-16T01:20:00,2025-01-16T01:20:00,0.4302,660.0214598665805,5.171533810168277,27.927798795592775,687.9492586621733,5.171533810168277,2,0.7,equal_initial,6103.592091415613,682.777724852005,0.0,0.0,9853.592091415612,9853.592091415612,0.0,0.0,24.954541518671704,0.0,0.0,0.0,0.0,0.0,9893.231361154698,9915.690448521502,293.7309772313326,0.0,293.7309772313326
2025-01-16,9,3651.74,2025-01-16T01:30:00,2025-01-16T01:20:00,01:30:00,17,J,0.0,01:30:00,17,J,0.4383,01:30:00,17,J,0.4279,608.6233333333333,0.0,3651.74,608.6233333333333,2025-01-16T01:30:00,2025-01-16 00:00:00,2025-01-16 00:00:00,2025-01-16T01:30:00,2025-01-16T01:30:00,0.4279,656.5632911164772,6.059795993197568,27.927798795592775,684.49108991207,6.059795993197568,2,0.7,equal_initial,6103.592091415613,896.6623034570812,218.23100953820864,0.0,9853.592091415612,10050.0,0.0,1.0,288.03897012374784,0.0,0.0,0.0,0.0,0.0,9915.690448521502,10174.925521632875,383.68179964928504,0.0,383.68179964928504
2025-01-16,10,3951.4431,2025-01-16T01:40:00,2025-01-16T01:30:00,01:40:00,17,K,0.0,01:40:00,17,K,0.497,01:40:00,17,K,0.4312,658.57385,0.0,3951.4431,658.57385,2025-01-16T01:40:00,2025-01-16 00:00:00,2025-01-16 00:00:00,2025-01-16T01:40:00,2025-01-16T01:40:00,0.4312,637.2945167054743,6.836200114318665,27.927798795592775,665.2223155010671,6.836200114318665,2,0.7,equal_initial,6103.592091415613,658.3861153867484,0.0,0.0,10050.0,10050.0,0.0,0.0,0.0,0.18773461325156404,0.0,0.0,0.0,0.0,10174.925521632875,10174.71692761815,283.89609295476595,0.0,283.89609295476595
2025-01-16,11,3923.0595,2025-01-16T01:50:00,2025-01-16T01:40:00,01:50:00,17,L,0.0,01:50:00,17,L,0.4852,01:50:00,17,L,0.4333,653.84325,0.0,3923.0595,653.84325,2025-01-16T01:50:00,2025-01-16 00:00:00,2025-01-16 00:00:00,2025-01-16T01:50:00,2025-01-16T01:50:00,0.4333,650.3183578796736,7.446377003203281,27.927798795592775,678.2461566752664,7.446377003203281,2,0.7,equal_initial,6103.592091415613,670.7997796720631,0.0,0.0,10050.0,10050.0,0.0,0.0,16.956529672063084,0.0,0.0,0.0,0.0,0.0,10174.71692761815,10189.977804323007,290.65754453190493,0.0,290.65754453190493
2025-01-16,12,3568.29,2025-01-16T02:00:00,2025-01-16T01:50:00,02:00:00,17,M,0.0,02:00:00,17,M,0.4122,02:00:00,17,M,0.4311,594.715,0.0,3568.29,594.715,2025-01-16T02:00:00,2025-01-16 00:00:00,2025-01-16 00:00:00,2025-01-16T02:00:00,2025-01-16T02:00:00,0.4311,678.5903123921297,7.838526047817681,27.927798795592775,706.5181111877225,7.838526047817681,2,0.7,equal_initial,6103.592091415613,698.6795851399048,0.0,0.0,10050.0,10050.0,0.0,0.0,103.96458513990478,0.0,0.0,0.0,0.0,0.0,10189.977804323007,10283.545930948922,301.2007691538129,0.0,301.2007691538129
2025-01-16,13,3842.8051,2025-01-16T02:10:00,2025-01-16T02:00:00,02:10:00,17,N,0.0,02:10:00,17,N,0.4621,02:10:00,17,N,0.4293,640.4675166666667,0.0,3842.8051,640.4675166666667,2025-01-16T02:10:00,2025-01-16 00:00:00,2025-01-16 00:00:00,2025-01-16T02:10:00,2025-01-16T02:10:00,0.4293,658.5912577465967,7.965333838646196,16.604983314900032,675.1962410614967,7.965333838646196,2,0.7,equal_initial,6103.592091415613,667.2309072228505,0.0,0.0,10050.0,10050.0,0.0,0.0,26.763390556183822,0.0,0.0,0.0,0.0,0.0,10283.545930948922,10307.632982449488,286.44222847076975,0.0,286.44222847076975
2025-01-16,14,4103.7695,2025-01-16T02:20:00,2025-01-16T02:10:00,02:20:00,17,O,0.0,02:20:00,17,O,0.4888,02:20:00,17,O,0.4324,683.9615833333334,0.0,4103.7695,683.9615833333334,2025-01-16T02:20:00,2025-01-16 00:00:00,2025-01-16 00:00:00,2025-01-16T02:20:00,2025-01-16T02:20:00,0.4324,655.9545118525161,7.785874833712731,16.604983314900032,672.5594951674161,7.785874833712731,2,0.7,equal_initial,6103.592091415613,664.7736203337034,0.0,0.0,10050.0,10050.0,0.0,0.0,0.0,19.187962999629917,0.0,0.0,0.0,0.0,10307.632982449488,10286.31302356101,287.4481134322934,0.0,287.4481134322934
2025-01-16,15,4044.77,2025-01-16T02:30:00,2025-01-16T02:20:00,02:30:00,17,P,0.0,02:30:00,17,P,0.4499,02:30:00,17,P,0.4367,674.1283333333333,0.0,4044.77,674.1283333333333,2025-01-16T02:30:00,2025-01-16 00:00:00,2025-01-16 00:00:00,2025-01-16T02:30:00,2025-01-16T02:30:00,0.4367,671.860700767768,7.267451651512172,16.604983314900032,688.465684082668,7.267451651512172,2,0.7,equal_initial,6103.592091415613,681.1982324311558,0.0,0.0,10050.0,10050.0,0.0,0.0,7.069899097822486,0.0,0.0,0.0,0.0,0.0,10286.31302356101,10292.675932749049,297.47926810268575,0.0,297.47926810268575
2025-01-16,16,4034.9116,2025-01-16T02:40:00,2025-01-16T02:30:00,02:40:00,17,Q,0.0,02:40:00,17,Q,0.4569,02:40:00,17,Q,0.4348,672.4852666666667,0.0,4034.9116,672.4852666666667,2025-01-16T02:40:00,2025-01-16 00:00:00,2025-01-16 00:00:00,2025-01-16T02:40:00,2025-01-16T02:40:00,0.4348,645.662400844688,6.387333144545589,16.604983314900032,662.267384159588,6.387333144545589,2,0.7,equal_initial,6103.592091415613,655.8800510150425,0.0,0.0,10050.0,10050.0,0.0,0.0,0.0,16.605215651624235,0.0,0.0,0.0,0.0,10292.675932749049,10274.225693136133,285.17664618134046,0.0,285.17664618134046
2025-01-16,17,4134.1421,2025-01-16T02:50:00,2025-01-16T02:40:00,02:50:00,17,R,0.0,02:50:00,17,R,0.4824,02:50:00,17,R,0.4335,689.0236833333333,0.0,4134.1421,689.0236833333333,2025-01-16T02:50:00,2025-01-16 00:00:00,2025-01-16 00:00:00,2025-01-16T02:50:00,2025-01-16T02:50:00,0.4335,654.8146145779427,5.13434974950025,16.604983314900032,671.4195978928427,5.13434974950025,2,0.7,equal_initial,6103.592091415613,666.2852481433424,0.0,0.0,10050.0,10050.0,0.0,0.0,0.0,22.738435189990923,0.0,0.0,0.0,0.0,10274.225693136133,10248.960765147254,288.8346550701389,0.0,288.8346550701389
2025-01-16,18,4153.67,2025-01-16T03:00:00,2025-01-16T02:50:00,03:00:00,17,S,0.0,03:00:00,17,S,0.4838,03:00:00,17,S,0.4357,692.2783333333333,0.0,4153.67,692.2783333333333,2025-01-16T03:00:00,2025-01-16 00:00:00,2025-01-16 00:00:00,2025-01-16T03:00:00,2025-01-16T03:00:00,0.4357,697.3032554560173,3.5103077315624516,16.604983314900032,713.9082387709173,3.5103077315624516,2,0.7,equal_initial,6103.592091415613,710.3979310393548,0.0,0.0,10050.0,10050.0,0.0,0.0,18.119597706021523,0.0,0.0,0.0,0.0,0.0,10248.960765147254,10265.268403082673,309.5203785538469,0.0,309.5203785538469
2025-01-16,19,3925.5742,2025-01-16T03:10:00,2025-01-16T03:00:00,03:10:00,17,T,0.0,03:10:00,17,T,0.4596,03:10:00,17,T,0.4374,654.2623666666667,0.0,3925.5742,654.2623666666667,2025-01-16T03:10:00,2025-01-16 00:00:00,2025-01-16 00:00:00,2025-01-16T03:10:00,2025-01-16T03:10:00,0.4374,690.2839156759255,1.531186806263673,16.557742359593476,706.841658035519,1.531186806263673,2,0.7,equal_initial,6103.592091415613,705.3104712292553,0.0,0.0,10050.0,10050.0,0.0,0.0,51.048104562588605,0.0,0.0,0.0,0.0,0.0,10265.268403082673,10311.211697189003,308.5028001156763,0.0,308.5028001156763
2025-01-16,20,3983.9433,2025-01-16T03:20:00,2025-01-16T03:10:00,03:20:00,17,U,0.0,03:20:00,17,U,0.481,03:20:00,17,U,0.4371,663.99055,0.0,3983.9433,663.99055,2025-01-16T03:20:00,2025-01-16 00:00:00,2025-01-16 00:00:00,2025-01-16T03:20:00,2025-01-16T03:20:00,0.4371,684.6272860805348,0.0,16.557742359593476,701.1850284401282,0.0,2,0.7,equal_initial,6103.592091415613,701.1850284401282,0.0,0.0,10050.0,10050.0,0.0,0.0,37.19447844012825,0.0,0.0,0.0,0.0,0.0,10311.211697189003,10344.686727785118,306.48797593118,0.0,306.48797593118
2025-01-16,21,4260.75,2025-01-16T03:30:00,2025-01-16T03:20:00,03:30:00,17,V,0.0,03:30:00,17,V,0.524,03:30:00,17,V,0.4356,710.125,0.0,4260.75,710.125,2025-01-16T03:30:00,2025-01-16 00:00:00,2025-01-16 00:00:00,2025-01-16T03:30:00,2025-01-16T03:30:00,0.4356,692.3301486491422,0.0,16.557742359593476,708.8878910087357,0.0,2,0.7,equal_initial,6103.592091415613,708.8878910087357,0.0,0.0,10050.0,10050.0,0.0,0.0,0.0,1.2371089912643356,0.0,0.0,0.0,0.0,10344.686727785118,10343.312162239268,308.7915653234052,0.0,308.7915653234052
2025-01-16,22,4154.8507,2025-01-16T03:40:00,2025-01-16T03:30:00,03:40:00,17,W,0.0,03:40:00,17,W,0.4956,03:40:00,17,W,0.4353,692.4751166666666,0.0,4154.8507,692.4751166666666,2025-01-16T03:40:00,2025-01-16 00:00:00,2025-01-16 00:00:00,2025-01-16T03:40:00,2025-01-16T03:40:00,0.4353,672.7918188508331,0.0,16.557742359593476,689.3495612104266,0.0,2,0.7,equal_initial,6103.592091415613,689.3495612104266,0.0,0.0,10050.0,10050.0,0.0,0.0,0.0,3.125555456240022,0.0,0.0,0.0,0.0,10343.312162239268,10339.839322843445,300.0738639948987,0.0,300.0738639948987
2025-01-16,23,4030.1941,2025-01-16T03:50:00,2025-01-16T03:40:00,03:50:00,17,X,0.0,03:50:00,17,X,0.4743,03:50:00,17,X,0.436,671.6990166666667,0.0,4030.1941,671.6990166666667,2025-01-16T03:50:00,2025-01-16 00:00:00,2025-01-16 00:00:00,2025-01-16T03:50:00,2025-01-16T03:50:00,0.436,667.0523349032337,0.0,16.557742359593476,683.6100772628272,0.0,2,0.7,equal_initial,6103.592091415613,683.6100772628272,0.0,0.0,10050.0,10050.0,0.0,0.0,11.911060596160496,0.0,0.0,0.0,0.0,0.0,10339.839322843445,10350.559277379989,298.05399368659266,0.0,298.05399368659266
2025-01-16,24,4043.49,2025-01-16T04:00:00,2025-01-16T03:50:00,04:00:00,17,Y,0.0,04:00:00,17,Y,0.4814,04:00:00,17,Y,0.4378,673.915,0.0,4043.49,673.915,2025-01-16T04:00:00,2025-01-16 00:00:00,2025-01-16 00:00:00,2025-01-16T04:00:00,2025-01-16T04:00:00,0.4378,686.4687423193483,0.0,16.557742359593476,703.0264846789418,0.0,2,0.7,equal_initial,6103.592091415613,703.0264846789418,0.0,0.0,10050.0,10050.0,0.0,0.0,29.111484678941792,0.0,0.0,0.0,0.0,0.0,10350.559277379989,10376.759613591037,307.7849949924407,0.0,307.7849949924407
2025-01-16,25,3997.7702,2025-01-16T04:10:00,2025-01-16T04:00:00,04:10:00,17,Z,0.0,04:10:00,17,Z,0.4628,04:10:00,17,Z,0.4401,666.2950333333333,0.0,3997.7702,666.2950333333333,2025-01-16T04:10:00,2025-01-16 00:00:00,2025-01-16 00:00:00,2025-01-16T04:10:00,2025-01-16T04:10:00,0.4401,697.2619169871111,0.0,17.015058333333222,714.2769753204443,0.0,2,0.7,equal_initial,6103.592091415613,714.2769753204443,0.0,0.0,10050.0,10050.0,0.0,0.0,47.981941987110986,0.0,0.0,0.0,0.0,0.0,10376.759613591037,10419.943361379437,314.3532968385275,0.0,314.3532968385275
2025-01-16,26,4093.5673,2025-01-16T04:20:00,2025-01-16T04:10:00,04:20:00,17,AA,0.0,04:20:00,17,AA,0.4668,04:20:00,17,AA,0.4389,682.2612166666667,0.0,4093.5673,682.2612166666667,2025-01-16T04:20:00,2025-01-16 00:00:00,2025-01-16 00:00:00,2025-01-16T04:20:00,2025-01-16T04:20:00,0.4389,689.37701039815,0.0,17.015058333333222,706.3920687314832,0.0,2,0.7,equal_initial,6103.592091415613,706.3920687314832,0.0,0.0,10050.0,10050.0,0.0,0.0,24.13085206481651,0.0,0.0,0.0,0.0,0.0,10419.943361379437,10441.661128237773,310.035478966248,0.0,310.035478966248
2025-01-16,27,4269.59,2025-01-16T04:30:00,2025-01-16T04:20:00,04:30:00,17,AB,0.0,04:30:00,17,AB,0.4983,04:30:00,17,AB,0.4364,711.5983333333334,0.0,4269.59,711.5983333333334,2025-01-16T04:30:00,2025-01-16 00:00:00,2025-01-16 00:00:00,2025-01-16T04:30:00,2025-01-16T04:30:00,0.4364,674.3357166310873,0.0,17.015058333333222,691.3507749644205,0.0,2,0.7,equal_initial,6103.592091415613,691.3507749644205,0.0,0.0,10050.0,10050.0,0.0,0.0,0.0,20.247558368912905,0.0,0.0,0.0,0.0,10441.661128237773,10419.163841161202,301.7054781944731,0.0,301.7054781944731
2025-01-16,28,4241.1487,2025-01-16T04:40:00,2025-01-16T04:30:00,04:40:00,17,AC,0.0,04:40:00,17,AC,0.5054,04:40:00,17,AC,0.4393,706.8581166666667,0.0,4241.1487,706.8581166666667,2025-01-16T04:40:00,2025-01-16 00:00:00,2025-01-16 00:00:00,2025-01-16T04:40:00,2025-01-16T04:40:00,0.4393,674.3977138346062,0.0,17.015058333333222,691.4127721679394,0.0,2,0.7,equal_initial,6103.592091415613,691.4127721679394,0.0,0.0,10050.0,10050.0,0.0,0.0,0.0,15.445344498727309,0.0,0.0,0.0,0.0,10419.163841161202,10402.002347273727,303.7376308133758,0.0,303.7376308133758
2025-01-16,29,4276.5942,2025-01-16T04:50:00,2025-01-16T04:40:00,04:50:00,17,AD,0.0,04:50:00,17,AD,0.4896,04:50:00,17,AD,0.4422,712.7656999999999,0.0,4276.5942,712.7656999999999,2025-01-16T04:50:00,2025-01-16 00:00:00,2025-01-16 00:00:00,2025-01-16T04:50:00,2025-01-16T04:50:00,0.4422,693.7447756068306,0.0,17.015058333333222,710.7598339401637,0.0,2,0.7,equal_initial,6103.592091415613,710.7598339401637,0.0,0.0,10050.0,10050.0,0.0,0.0,0.0,2.005866059836194,0.0,0.0,0.0,0.0,10402.002347273727,10399.773607207242,314.2979985683404,0.0,314.2979985683404
2025-01-16,30,4371.29,2025-01-16T05:00:00,2025-01-16T04:50:00,05:00:00,17,AE,0.0,05:00:00,17,AE,0.476,05:00:00,17,AE,0.4395,728.5483333333333,0.0,4371.29,728.5483333333333,2025-01-16T05:00:00,2025-01-16 00:00:00,2025-01-16 00:00:00,2025-01-16T05:00:00,2025-01-16T05:00:00,0.4395,716.2749767823267,0.0,17.015058333333222,733.2900351156599,0.0,2,0.7,equal_initial,6103.592091415613,733.2900351156599,0.0,0.0,10050.0,10050.0,0.0,0.0,4.741701782326572,0.0,0.0,0.0,0.0,0.0,10399.773607207242,10404.041138811335,322.2809704333325,0.0,322.2809704333325
2025-01-16,31,4250.1119,2025-01-16T05:10:00,2025-01-16T05:00:00,05:10:00,17,AF,0.0,05:10:00,17,AF,0.4908,05:10:00,17,AF,0.4333,708.3519833333334,0.0,4250.1119,708.3519833333334,2025-01-16T05:10:00,2025-01-16 00:00:00,2025-01-16 00:00:00,2025-01-16T05:10:00,2025-01-16T05:10:00,0.4333,721.9694656569445,0.0,25.616576647217173,747.5860423041617,0.0,2,0.7,equal_initial,6103.592091415613,747.5860423041617,0.0,0.0,10050.0,10050.0,0.0,0.0,39.2340589708283,0.0,0.0,0.0,0.0,0.0,10404.041138811335,10439.351791885081,323.92903213039324,0.0,323.92903213039324
2025-01-16,32,4200.101,2025-01-16T05:20:00,2025-01-16T05:10:00,05:20:00,17,AG,0.0037,05:20:00,17,AG,0.5264,05:20:00,17,AG,0.4439,700.0168333333332,0.0006166666666666667,4200.097299999999,700.0162166666665,2025-01-16T05:20:00,2025-01-16 00:00:00,2025-01-16 00:00:00,2025-01-16T05:20:00,2025-01-16T05:20:00,0.4439,734.5758580434702,0.0,25.616576647217173,760.1924346906874,0.0,2,0.7,equal_initial,6103.592091415613,760.1924346906874,0.0,0.0,10050.0,10050.0,0.0,0.0,60.17621802402084,0.0,0.0,0.0,0.0,0.0,10439.351791885081,10493.5103881067,337.4494217591961,0.0,337.4494217591961
2025-01-16,33,4267.29,2025-01-16T05:30:00,2025-01-16T05:20:00,05:30:00,17,AH,0.0,05:30:00,17,AH,0.5272,05:30:00,17,AH,0.4301,711.215,0.0,4267.29,711.215,2025-01-16T05:30:00,2025-01-16 00:00:00,2025-01-16 00:00:00,2025-01-16T05:30:00,2025-01-16T05:30:00,0.4301,721.621715162971,0.0,25.616576647217173,747.2382918101881,0.0,2,0.7,equal_initial,6103.592091415613,747.2382918101881,0.0,0.0,10050.0,10050.0,0.0,0.0,36.023291810188084,0.0,0.0,0.0,0.0,0.0,10493.5103881067,10525.93135073587,321.38718930756187,0.0,321.38718930756187
2025-01-16,34,4287.4853,2025-01-16T05:40:00,2025-01-16T05:30:00,05:40:00,17,AI,0.0,05:40:00,17,AI,0.4829,05:40:00,17,AI,0.3713,714.5808833333334,0.0,4287.4853,714.5808833333334,2025-01-16T05:40:00,2025-01-16 00:00:00,2025-01-16 00:00:00,2025-01-16T05:40:00,2025-01-16T05:40:00,0.3713,651.0147299018221,0.0,25.616576647217173,676.6313065490392,0.0,2,0.7,equal_initial,6103.592091415613,1509.9646398823725,833.3333333333333,0.0,10050.0,10800.0,0.0,1.0,304.52072140458966,0.0,0.0,490.8630351444494,490.8630351444494,0.0,10525.93135073587,10800.0,560.649870788325,0.0,560.649870788325
2025-01-16,35,4761.2514,2025-01-16T05:50:00,2025-01-16T05:40:00,05:50:00,17,AJ,0.051,05:50:00,17,AJ,0.6983,05:50:00,17,AJ,0.5708,793.5419,0.008499999999999999,4761.2004,793.5334,2025-01-16T05:50:00,2025-01-16 00:00:00,2025-01-16 00:00:00,2025-01-16T05:50:00,2025-01-16T05:50:00,0.5708,745.9967885237987,0.0,25.616576647217173,771.6133651710159,0.0,2,0.7,equal_initial,6103.592091415613,771.6133651710159,0.0,-0.0,10800.0,10800.0,0.0,0.0,0.0,21.92003482898417,0.0,0.0,0.0,0.0,10800.0,10775.644405745574,440.43690883961585,0.0,440.43690883961585
2025-01-16,36,5477.15,2025-01-16T06:00:00,2025-01-16T05:50:00,06:00:00,17,AK,0.0,06:00:00,17,AK,1.0467,06:00:00,17,AK,0.9099,912.8583333333332,0.0,5477.15,912.8583333333332,2025-01-16T06:00:00,2025-01-16 00:00:00,2025-01-16 00:00:00,2025-01-16T06:00:00,2025-01-16T06:00:00,0.9099,941.3402389539721,0.5071279905611078,25.616576647217173,966.9568156011892,0.5071279905611078,2,0.7,equal_initial,6103.592091415613,966.4496876106281,0.0,0.0,10800.0,10800.0,0.0,0.0,27.061771393806943,0.0,0.0,26.529582883487898,26.529582883487898,0.0,10775.644405745574,10800.0,879.3725707569105,0.0,879.3725707569105
2025-01-16,37,5639.7902,2025-01-16T06:10:00,2025-01-16T06:00:00,06:10:00,17,AL,0.0,06:10:00,17,AL,1.0767,06:10:00,17,AL,0.9368,939.9650333333334,0.0,5639.7902,939.9650333333334,2025-01-16T06:10:00,2025-01-16 00:00:00,2025-01-16 00:00:00,2025-01-16T06:10:00,2025-01-16T06:10:00,0.9368,936.2174020598386,10.497369178346853,58.61897738397059,994.8363794438092,10.497369178346853,2,0.7,equal_initial,6103.592091415613,309.3390102654623,0.0,675.0,10800.0,10050.0,0.0,0.0,0.0,630.6260230678711,0.0,0.0,0.0,0.0,10800.0,10099.304418813477,289.7887848166851,0.0,289.7887848166851
2025-01-16,38,5625.4495,2025-01-16T06:20:00,2025-01-16T06:10:00,06:20:00,17,AM,0.7109,06:20:00,17,AM,1.0678,06:20:00,17,AM,0.8758,937.5749166666666,0.11848333333333333,5624.7386,937.4564333333333,2025-01-16T06:20:00,2025-01-16 00:00:00,2025-01-16 00:00:00,2025-01-16T06:20:00,2025-01-16T06:20:00,0.8758,891.4683802702401,22.579624613762764,58.61897738397059,950.0873576542107,22.579624613762764,2,0.7,equal_initial,6103.592091415613,927.5077330404479,0.0,0.0,10050.0,10050.0,0.0,0.0,0.0,9.948700292885405,0.0,0.0,0.0,0.0,10099.304418813477,10088.250307376939,812.3112725968243,0.0,812.3112725968243
2025-01-16,39,5606.62,2025-01-16T06:30:00,2025-01-16T06:20:00,06:30:00,17,AN,0.0,06:30:00,17,AN,1.1245,06:30:00,17,AN,0.8759,934.4366666666666,0.0,5606.62,934.4366666666666,2025-01-16T06:30:00,2025-01-16 00:00:00,2025-01-16 00:00:00,2025-01-16T06:30:00,2025-01-16T06:30:00,0.8759,902.8528012037102,36.86378955678526,58.61897738397059,961.4717785876808,36.86378955678526,2,0.7,equal_initial,6103.592091415613,924.6079890308955,0.0,0.0,10050.0,10050.0,0.0,0.0,0.0,9.8286776357711,0.0,0.0,0.0,0.0,10088.250307376939,10077.329554448304,809.8641375921613,0.0,809.8641375921613
2025-01-16,40,5395.3118,2025-01-16T06:40:00,2025-01-16T06:30:00,06:40:00,17,AO,0.0,06:40:00,17,AO,1.0687,06:40:00,17,AO,0.8601,899.2186333333334,0.0,5395.3118,899.2186333333334,2025-01-16T06:40:00,2025-01-16 00:00:00,2025-01-16 00:00:00,2025-01-16T06:40:00,2025-01-16T06:40:00,0.8601,901.1964057087702,53.43910048004922,58.61897738397059,959.8153830927407,53.43910048004922,2,0.7,equal_initial,6103.592091415613,906.3762826126915,0.0,0.0,10050.0,10050.0,0.0,0.0,7.157649279358111,0.0,0.0,0.0,0.0,0.0,10077.329554448304,10083.771438799728,779.5742406751759,0.0,779.5742406751759
2025-01-16,41,5366.0404,2025-01-16T06:50:00,2025-01-16T06:40:00,06:50:00,17,AP,13.5176,06:50:00,17,AP,1.0352,06:50:00,17,AP,0.8442,894.3400666666666,2.2529333333333335,5352.5228,892.0871333333333,2025-01-16T06:50:00,2025-01-16 00:00:00,2025-01-16 00:00:00,2025-01-16T06:50:00,2025-01-16T06:50:00,0.8442,894.4845244941324,72.37170377545873,58.61897738397059,953.103501878103,72.37170377545873,2,0.7,equal_initial,6103.592091415613,880.7317981026442,0.0,0.0,10050.0,10050.0,0.0,0.0,0.0,11.355335230689093,0.0,0.0,0.0,0.0,10083.771438799728,10071.154399654517,743.5137839582522,0.0,743.5137839582522
2025-01-16,42,5558.06,2025-01-16T07:00:00,2025-01-16T06:50:00,07:00:00,17,AQ,97.65,07:00:00,17,AQ,1.0471,07:00:00,17,AQ,0.8334,926.3433333333334,16.275000000000002,5460.410000000001,910.0683333333334,2025-01-16T07:00:00,2025-01-16 00:00:00,2025-01-16 00:00:00,2025-01-16T07:00:00,2025-01-16T07:00:00,0.8334,898.0692934203718,93.70248752998,58.61897738397059,956.6882708043423,93.70248752998,2,0.7,equal_initial,6103.592091415613,862.9857832743623,0.0,0.0,10050.0,10050.0,0.0,0.0,0.0,47.08255005897104,0.0,0.0,0.0,0.0,10071.154399654517,10018.84045514455,719.2123517808536,0.0,719.2123517808536
2025-01-16,43,5626.846,2025-01-16T07:10:00,2025-01-16T07:00:00,07:10:00,17,AR,286.5651,07:10:00,17,AR,0.9905,07:10:00,17,AR,0.8092,937.8076666666666,47.76085,5340.2809,890.0468166666666,2025-01-16T07:10:00,2025-01-16 00:00:00,2025-01-16 00:00:00,2025-01-16T07:10:00,2025-01-16T07:10:00,0.8092,912.2013367664931,117.44521825001807,52.077405918993826,964.2787426854869,117.44521825001807,2,0.7,equal_initial,6103.592091415613,846.8335244354688,0.0,0.0,10050.0,10050.0,0.0,0.0,0.0,43.213292231197784,0.0,0.0,0.0,0.0,10018.84045514455,9970.825685998774,685.2576879731814,0.0,685.2576879731814
2025-01-16,44,5609.389,2025-01-16T07:20:00,2025-01-16T07:10:00,07:20:00,17,AS,533.3749,07:20:00,17,AS,0.9744,07:20:00,17,AS,0.7972,934.8981666666667,88.89581666666668,5076.0141,846.0023500000001,2025-01-16T07:20:00,2025-01-16 00:00:00,2025-01-16 00:00:00,2025-01-16T07:20:00,2025-01-16T07:20:00,0.7972,931.7423889380066,143.5850201889004,52.077405918993826,983.8197948570004,143.5850201889004,2,0.7,equal_initial,6103.592091415613,840.2347746681,0.0,0.0,10050.0,10050.0,0.0,0.0,0.0,5.767575331900048,0.0,0.0,0.0,0.0,9970.825685998774,9964.417268963329,669.8351623654094,0.0,669.8351623654094
2025-01-16,45,5434.46,2025-01-16T07:30:00,2025-01-16T07:20:00,07:30:00,17,AT,790.95,07:30:00,17,AT,0.975,07:30:00,17,AT,0.7644,905.7433333333333,131.82500000000002,4643.51,773.9183333333333,2025-01-16T07:30:00,2025-01-16 00:00:00,2025-01-16 00:00:00,2025-01-16T07:30:00,2025-01-16T07:30:00,0.7644,932.6326072022555,172.07723002473443,52.077405918993826,984.7100131212493,172.07723002473443,2,0.7,equal_initial,6103.592091415613,812.6327830965149,0.0,0.0,10050.0,10050.0,0.0,0.0,38.71444976318162,0.0,0.0,0.0,0.0,0.0,9964.417268963329,9999.260273750193,621.1764993989759,0.0,621.1764993989759
2025-01-16,46,5129.7378,2025-01-16T07:40:00,2025-01-16T07:30:00,07:40:00,17,AU,1040.8785,07:40:00,17,AU,0.8951,07:40:00,17,AU,0.6899,854.9562999999999,173.47975,4088.8593,681.47655,2025-01-16T07:40:00,2025-01-16 00:00:00,2025-01-16 00:00:00,2025-01-16T07:40:00,2025-01-16T07:40:00,0.6899,915.6555486866326,202.84665412286924,52.077405918993826,967.7329546056264,202.84665412286924,2,0.7,equal_initial,6103.592091415613,1598.2196338160904,833.3333333333333,0.0,10050.0,10800.0,0.0,1.0,833.3333333333334,0.0,0.0,83.40975048275709,83.40975048275709,0.0,9999.260273750193,10749.260273750193,1102.6117253697207,0.0,1102.6117253697207
2025-01-16,47,5871.1972,2025-01-16T07:50:00,2025-01-16T07:40:00,07:50:00,17,AV,1294.6345,07:50:00,17,AV,1.0795,07:50:00,17,AV,0.86,978.5328666666666,215.77241666666666,4576.5626999999995,762.7604499999999,2025-01-16T07:50:00,2025-01-16 00:00:00,2025-01-16 00:00:00,2025-01-16T07:50:00,2025-01-16T07:50:00,0.86,1039.3835754580768,235.78724958576805,52.077405918993826,1091.4609813770708,235.78724958576805,2,0.7,equal_initial,6103.592091415613,855.6737317913028,0.0,0.0,10800.0,10800.0,0.0,0.0,56.377473610896736,0.0,0.0,36.53580818040616,36.53580818040616,0.0,10749.260273750193,10800.0,735.8794093405204,0.0,735.8794093405204
2025-01-16,48,7238.34,2025-01-16T08:00:00,2025-01-16T07:50:00,08:00:00,17,AW,1562.9625,08:00:00,17,AW,1.4315,08:00:00,17,AW,1.1617,1206.39,260.49375000000003,5675.3775000000005,945.89625,2025-01-16T08:00:00,2025-01-16 00:00:00,2025-01-16 00:00:00,2025-01-16T08:00:00,2025-01-16T08:00:00,1.1617,1217.7748530542763,270.7622438398349,52.077405918993826,1269.8522589732702,270.7622438398349,2,0.7,equal_initial,6103.592091415613,165.756681800102,0.0,833.3333333333333,10800.0,9874.074074074075,0.0,0.0,0.0,780.1395681998981,0.0,0.0,0.0,0.0,10800.0,9933.178257555668,192.5595372471785,0.0,192.5595372471785
2025-01-16,49,7524.4005,2025-01-16T08:10:00,2025-01-16T08:00:00,08:10:00,17,AX,1833.0772,08:10:00,17,AX,1.4738,08:10:00,17,AX,1.1683,1254.06675,305.51286666666664,5691.3233,948.5538833333333,2025-01-16T08:10:00,2025-01-16 00:00:00,2025-01-16 00:00:00,2025-01-16T08:10:00,2025-01-16T08:10:00,1.1683,1195.718604625111,307.60470073793897,-25.113964339746637,1170.6046402853644,307.60470073793897,2,0.7,equal_initial,6103.592091415613,29.666606214092212,0.0,833.3333333333333,9874.074074074075,8948.14814814815,0.0,0.0,0.0,833.3333333333334,85.55394378590779,0.0,0.0,0.0,9933.178257555668,9007.252331629743,34.65949603992393,499.76336262538035,534.4228586653043
2025-01-16,50,7386.168,2025-01-16T08:20:00,2025-01-16T08:10:00,08:20:00,17,AY,2035.9169,08:20:00,17,AY,1.4143,08:20:00,17,AY,1.0956,1231.028,339.3194833333333,5350.2510999999995,891.7085166666667,2025-01-16T08:20:00,2025-01-16 00:00:00,2025-01-16 00:00:00,2025-01-16T08:20:00,2025-01-16T08:20:00,1.0956,1168.801793638271,346.1185341781894,-25.113964339746637,1143.6878292985243,346.1185341781894,2,0.7,equal_initial,6103.592091415613,0.0,0.0,797.5692951203349,8948.14814814815,8061.960042458889,0.0,0.0,0.0,833.3333333333334,58.375183333333325,0.0,0.0,0.0,9007.252331629743,8081.326405703817,0.0,319.77925429999993,319.77925429999993
2025-01-16,51,7301.65,2025-01-16T08:30:00,2025-01-16T08:20:00,08:30:00,17,AZ,2224.2,08:30:00,17,AZ,1.3976,08:30:00,17,AZ,1.0849,1216.9416666666666,370.7,5077.45,846.2416666666666,2025-01-16T08:30:00,2025-01-16 00:00:00,2025-01-16 00:00:00,2025-01-16T08:30:00,2025-01-16T08:30:00,1.0849,1219.7443991219593,386.079963168199,-25.113964339746637,1194.6304347822127,386.079963168199,2,0.7,equal_initial,6103.592091415613,0.0,0.0,808.5504716140136,8061.960042458889,7163.57062955443,0.0,0.0,0.0,833.3333333333334,12.90833333333319,0.0,0.0,0.0,8081.326405703817,7155.400479777891,0.0,70.02125416666588,70.02125416666588
2025-01-16,52,7118.5668,2025-01-16T08:40:00,2025-01-16T08:30:00,08:40:00,17,BA,2535.6213,08:40:00,17,BA,1.3583,08:40:00,17,BA,1.061,1186.4278,422.60355,4582.9455,763.8242499999999,2025-01-16T08:40:00,2025-01-16 00:00:00,2025-01-16 00:00:00,2025-01-16T08:40:00,2025-01-16T08:40:00,1.061,1232.481952827489,427.2393952160525,-25.113964339746637,1207.3679884877424,427.2393952160525,2,0.7,equal_initial,6103.592091415613,0.0,0.0,780.1285932716899,7163.57062955443,6296.761081474774,0.0,0.0,0.0,763.8242499999999,0.0,0.0,0.0,0.0,7155.400479777891,6306.70686866678,0.0,0.0,0.0
2025-01-16,53,7286.0201,2025-01-16T08:50:00,2025-01-16T08:40:00,08:50:00,17,BB,2905.6165,08:50:00,17,BB,1.3515,08:50:00,17,BB,1.043,1214.3366833333332,484.2694166666667,4380.4036,730.0672666666665,2025-01-16T08:50:00,2025-01-16 00:00:00,2025-01-16 00:00:00,2025-01-16T08:50:00,2025-01-16T08:50:00,1.043,1210.6780812769332,469.3237180210553,-25.113964339746637,1185.5641169371866,469.3237180210553,2,0.7,equal_initial,6103.592091415613,0.0,0.0,716.2403989161312,6296.761081474774,5500.938416012406,0.0,0.0,0.0,730.0672666666665,0.0,0.0,0.0,0.0,6306.70686866678,5495.521016814928,0.0,0.0,0.0
2025-01-16,54,7523.84,2025-01-16T09:00:00,2025-01-16T08:50:00,09:00:00,17,BC,3237.5625,09:00:00,17,BC,1.3615,09:00:00,17,BC,1.036,1253.9733333333334,539.59375,4286.2775,714.3795833333334,2025-01-16T09:00:00,2025-01-16 00:00:00,2025-01-16 00:00:00,2025-01-16T09:00:00,2025-01-16T09:00:00,1.036,1195.1124723354312,512.0389727840115,-25.113964339746637,1169.9985079956846,512.0389727840115,2,0.7,equal_initial,6103.592091415613,0.0,0.0,657.959535211673,5500.938416012406,4769.872265777214,0.0,0.0,0.0,714.3795833333334,0.0,0.0,0.0,0.0,5495.521016814928,4701.765924222335,0.0,0.0,0.0
2025-01-16,55,7113.245,2025-01-16T09:10:00,2025-01-16T09:00:00,09:10:00,17,BD,3481.2347,09:10:00,17,BD,1.3117,09:10:00,17,BD,1.0147,1185.5408333333332,580.2057833333333,3632.0103,605.3350499999999,2025-01-16T09:10:00,2025-01-16 00:00:00,2025-01-16 00:00:00,2025-01-16T09:10:00,2025-01-16T09:10:00,1.0147,1211.3917901232091,555.0733761693169,-0.36104704626842843,1211.0307430769408,555.0733761693169,2,0.7,equal_initial,6103.592091415613,0.0,0.0,655.9573669076239,4769.872265777214,4041.0307469909653,0.0,0.0,0.0,605.3350499999999,0.0,0.0,0.0,0.0,4701.765924222335,4029.171424222335,0.0,0.0,0.0
2025-01-16,56,7072.6026,2025-01-16T09:20:00,2025-01-16T09:10:00,09:20:00,17,BE,3689.6765,09:20:00,17,BE,1.2902,09:20:00,17,BE,0.9922,1178.7671,614.9460833333334,3382.9261,563.8210166666667,2025-01-16T09:20:00,2025-01-16 00:00:00,2025-01-16 00:00:00,2025-01-16T09:20:00,2025-01-16T09:20:00,0.9922,1208.7341829910274,598.1006521352471,-0.36104704626842843,1208.373135944759,598.1006521352471,2,0.7,equal_initial,6103.592091415613,0.0,0.0,610.272483809512,4041.0307469909653,3362.950209424841,0.0,0.0,0.0,563.8210166666667,0.0,0.0,0.0,0.0,4029.171424222335,3402.703627926039,0.0,0.0,0.0
2025-01-16,57,7462.64,2025-01-16T09:30:00,2025-01-16T09:20:00,09:30:00,17,BF,3888.4125,09:30:00,17,BF,1.3031,09:30:00,17,BF,0.97,1243.7733333333333,648.06875,3574.2275000000004,595.7045833333333,2025-01-16T09:30:00,2025-01-16 00:00:00,2025-01-16 00:00:00,2025-01-16T09:30:00,2025-01-16T09:30:00,0.97,1185.1956069152022,640.7836296025922,-0.36104704626842843,1184.8345598689339,640.7836296025922,2,0.7,equal_initial,6103.592091415613,0.0,0.0,544.0509302663417,3362.950209424841,2758.4491757955725,0.0,0.0,0.0,595.7045833333333,0.0,0.0,0.0,0.0,3402.703627926039,2740.809646444558,0.0,0.0,0.0
2025-01-16,58,7317.9348,2025-01-16T09:40:00,2025-01-16T09:30:00,09:40:00,17,BG,4055.177,09:40:00,17,BG,1.2752,09:40:00,17,BG,0.9422,1219.6558,675.8628333333334,3262.7578,543.7929666666666,2025-01-16T09:40:00,2025-01-16 00:00:00,2025-01-16 00:00:00,2025-01-16T09:40:00,2025-01-16T09:40:00,0.9422,1188.7236573035505,682.7780573444512,-0.36104704626842843,1188.362610257282,682.7780573444512,2,0.7,equal_initial,6103.592091415613,505.5845529128309,0.0,0.0,2758.4491757955725,2758.4491757955725,0.0,0.0,0.0,38.208413753835885,0.0,0.0,0.0,0.0,2740.809646444558,2698.3558533847404,476.3617657544693,0.0,476.3617657544693
2025-01-16,59,7145.0309,2025-01-16T09:50:00,2025-01-16T09:40:00,09:50:00,17,BH,4192.002,09:50:00,17,BH,1.2996,09:50:00,17,BH,0.9569,1190.8384833333332,698.667,2953.0288999999993,492.1714833333332,2025-01-16T09:50:00,2025-01-16 00:00:00,2025-01-16 00:00:00,2025-01-16T09:50:00,2025-01-16T09:50:00,0.9569,1195.9514174953754,723.7365836301328,-0.36104704626842843,1195.590370449107,723.7365836301328,2,0.7,equal_initial,6103.592091415613,471.8537868189742,0.0,0.0,2758.4491757955725,2758.4491757955725,0.0,0.0,0.0,20.317696514359113,0.0,0.0,0.0,0.0,2698.3558533847404,2675.7806350354526,451.5168886070764,0.0,451.5168886070764
2025-01-16,60,7146.98,2025-01-16T10:00:00,2025-01-16T09:50:00,10:00:00,17,BI,4375.6875,10:00:00,17,BI,1.3727,10:00:00,17,BI,0.9977,1191.1633333333332,729.28125,2771.2924999999996,461.8820833333332,2025-01-16T10:00:00,2025-01-16 00:00:00,2025-01-16 00:00:00,2025-01-16T10:00:00,2025-01-16T10:00:00,0.9977,1189.1368346933061,763.3128451104154,-0.36104704626842843,1188.7757876470378,763.3128451104154,2,0.7,equal_initial,6103.592091415613,0.0,0.0,425.46294253662234,2758.4491757955725,2285.7125729771033,0.0,0.0,0.0,461.8820833333332,0.0,0.0,0.0,0.0,2675.7806350354526,2162.578320220638,0.0,0.0,0.0
2025-01-16,61,6981.6112,2025-01-16T10:10:00,2025-01-16T10:00:00,10:10:00,17,BJ,4678.5792,10:10:00,17,BJ,1.378,10:10:00,17,BJ,0.9919,1163.6018666666666,779.7632,2303.032,383.83866666666665,2025-01-16T10:10:00,2025-01-16 00:00:00,2025-01-16 00:00:00,2025-01-16T10:10:00,2025-01-16T10:10:00,0.9919,1177.3349689041522,801.1656072435431,23.287362376426053,1200.6223312805782,801.1656072435431,2,0.7,equal_initial,6103.592091415613,0.0,0.0,399.4567240370351,2285.7125729771033,1841.8717684915086,0.0,0.0,0.0,383.83866666666665,0.0,0.0,0.0,0.0,2162.578320220638,1736.0909128132307,0.0,0.0,0.0
2025-01-16,62,6864.0469,2025-01-16T10:20:00,2025-01-16T10:10:00,10:20:00,17,BK,4894.4766,10:20:00,17,BK,1.3124,10:20:00,17,BK,0.9588,1144.0078166666667,815.7461,1969.5703000000003,328.26171666666676,2025-01-16T10:20:00,2025-01-16 00:00:00,2025-01-16 00:00:00,2025-01-16T10:20:00,2025-01-16T10:20:00,0.9588,1178.7842593823243,836.9628972708987,23.287362376426053,1202.0716217587503,836.9628972708987,2,0.7,equal_initial,6103.592091415613,86.2953371773865,0.0,278.81338731046515,1841.8717684915086,1532.0791159243252,0.0,0.0,0.0,241.96637948928026,0.0,0.0,0.0,0.0,1736.0909128132307,1467.2393800473637,82.73996928567817,0.0,82.73996928567817
2025-01-16,63,6943.16,2025-01-16T10:30:00,2025-01-16T10:20:00,10:30:00,17,BL,5013.1875,10:30:00,17,BL,1.2919,10:30:00,17,BL,0.9549,1157.1933333333334,835.53125,1929.9724999999999,321.6620833333334,2025-01-16T10:30:00,2025-01-16 00:00:00,2025-01-16 00:00:00,2025-01-16T10:30:00,2025-01-16T10:30:00,0.9549,1186.3903661495474,870.3860703833461,23.287362376426053,1209.6777285259734,870.3860703833461,2,0.7,equal_initial,6103.592091415613,339.2916581426273,0.0,0.0,1532.0791159243252,1532.0791159243252,0.0,0.0,17.6295748092939,0.0,0.0,0.0,0.0,0.0,1467.2393800473637,1483.1059973757283,323.98960436039476,0.0,323.98960436039476
2025-01-16,64,7103.3035,2025-01-16T10:40:00,2025-01-16T10:30:00,10:40:00,17,BM,5228.8902,10:40:00,17,BM,1.393,10:40:00,17,BM,0.9839,1183.8839166666667,871.4816999999999,1874.4133000000002,312.40221666666673,2025-01-16T10:40:00,2025-01-16 00:00:00,2025-01-16 00:00:00,2025-01-16T10:40:00,2025-01-16T10:40:00,0.9839,1176.7175922389858,901.1337502835192,23.287362376426053,1200.0049546154119,901.1337502835192,2,0.7,equal_initial,6103.592091415613,0.0,0.0,298.8712043318926,1532.0791159243252,1200.0,0.0,0.0,0.0,254.79539763815546,57.60681902851127,0.0,0.0,0.0,1483.1059973757283,1200.0,0.0,283.3967462107612,283.3967462107612
2025-01-16,65,7043.1418,2025-01-16T10:50:00,2025-01-16T10:40:00,10:50:00,17,BN,5489.9441,10:50:00,17,BN,1.2064,10:50:00,17,BN,0.799,1173.8569666666667,914.9906833333333,1553.1977000000006,258.8662833333334,2025-01-16T10:50:00,2025-01-16 00:00:00,2025-01-16 00:00:00,2025-01-16T10:50:00,2025-01-16T10:50:00,0.799,1169.3632856848888,928.9255868404764,23.287362376426053,1192.6506480613148,928.9255868404764,2,0.7,equal_initial,6103.592091415613,263.72506122083837,0.0,0.0,1200.0,1200.0,0.0,0.0,4.858777887504857,0.0,0.0,0.0,0.0,0.0,1200.0,1204.3729000987544,210.71632391544986,0.0,210.71632391544986
2025-01-16,66,6870.1,2025-01-16T11:00:00,2025-01-16T10:50:00,11:00:00,17,BO,5732.025,11:00:00,17,BO,0.799,11:00:00,17,BO,0.5025,1145.0166666666667,955.3375,1138.0750000000007,189.67916666666667,2025-01-16T11:00:00,2025-01-16 00:00:00,2025-01-16 00:00:00,2025-01-16T11:00:00,2025-01-16T11:00:00,0.5025,1171.0480380939762,953.5057759303377,23.287362376426053,1194.3354004704022,953.5057759303377,2,0.7,equal_initial,6103.592091415613,1074.1629578733978,833.3333333333333,0.0,1200.0,1950.0,0.0,1.0,833.3333333333334,0.0,0.0,51.15045787339784,51.15045787339784,0.0,1204.3729000987544,1954.3729000987544,539.7668863313824,0.0,539.7668863313824
2025-01-16,67,6956.1981,2025-01-16T11:10:00,2025-01-16T11:00:00,11:10:00,17,BP,5927.3177,11:10:00,17,BP,0.6778,11:10:00,17,BP,0.4662,1159.36635,987.8862833333333,1028.8804,171.48006666666674,2025-01-16T11:10:00,2025-01-16 00:00:00,2025-01-16 00:00:00,2025-01-16T11:10:00,2025-01-16T11:10:00,0.4662,1169.9502187768949,974.646289824117,40.458618227059766,1210.4088370039547,974.646289824117,2,0.7,equal_initial,6103.592091415613,1069.0958805131709,833.3333333333333,0.0,1950.0,2700.0,0.0,1.0,833.3333333333334,0.0,0.0,64.28248051317075,64.28248051317075,0.0,1954.3729000987544,2704.372900098754,498.41249949524024,0.0,498.41249949524024
2025-01-16,68,6943.447,2025-01-16T11:20:00,2025-01-16T11:10:00,11:20:00,17,BQ,5992.0494,11:20:00,17,BQ,0.7191,11:20:00,17,BQ,0.5007,1157.2411666666667,998.6749,951.3976000000002,158.5662666666667,2025-01-16T11:20:00,2025-01-16 00:00:00,2025-01-16 00:00:00,2025-01-16T11:20:00,2025-01-16T11:20:00,0.5007,1175.0112068661526,992.1497705719157,40.458618227059766,1215.4698250932124,992.1497705719157,2,0.7,equal_initial,6103.592091415613,1056.65338785463,833.3333333333333,0.0,2700.0,3450.0,0.0,1.0,833.3333333333334,0.0,0.0,64.75378785462965,64.75378785462965,0.0,2704.372900098754,3454.372900098754,529.0663512988133,0.0,529.0663512988133
2025-01-16,69,6809.04,2025-01-16T11:30:00,2025-01-16T11:20:00,11:30:00,17,BR,5937.0375,11:30:00,17,BR,0.7425,11:30:00,17,BR,0.4827,1134.84,989.50625,872.0024999999996,145.3337499999999,2025-01-16T11:30:00,2025-01-16 00:00:00,2025-01-16 00:00:00,2025-01-16T11:30:00,2025-01-16T11:30:00,0.4827,1182.1726360501839,1005.8520436773233,40.458618227059766,1222.6312542772437,1005.8520436773233,2,0.7,equal_initial,6103.592091415613,1050.1125439332536,833.3333333333333,0.0,3450.0,4200.0,0.0,1.0,833.3333333333334,0.0,0.0,71.44546059992024,71.44546059992024,0.0,3454.372900098754,4204.372900098754,506.88932495658156,0.0,506.88932495658156
2025-01-16,70,6894.0002,2025-01-16T11:40:00,2025-01-16T11:30:00,11:40:00,17,BS,5880.4216,11:40:00,17,BS,0.7088,11:40:00,17,BS,0.4785,1149.0000333333335,980.0702666666666,1013.5786000000007,168.92976666666686,2025-01-16T11:40:00,2025-01-16 00:00:00,2025-01-16 00:00:00,2025-01-16T11:40:00,2025-01-16T11:40:00,0.4785,1173.9015903608804,1015.624214881175,40.458618227059766,1214.3602085879402,1015.624214881175,2,0.7,equal_initial,6103.592091415613,1032.0693270400984,833.3333333333333,0.0,4200.0,4950.0,0.0,1.0,833.3333333333334,0.0,0.0,29.80622704009818,29.80622704009818,0.0,4204.372900098754,4954.372900098754,493.84517298868707,0.0,493.84517298868707
2025-01-16,71,6916.2069,2025-01-16T11:50:00,2025-01-16T11:40:00,11:50:00,17,BT,5928.2889,11:50:00,17,BT,0.7091,11:50:00,17,BT,0.4662,1152.70115,988.04815,987.9180000000006,164.65300000000013,2025-01-16T11:50:00,2025-01-16 00:00:00,2025-01-16 00:00:00,2025-01-16T11:50:00,2025-01-16T11:50:00,0.4662,1152.3376907027186,1021.3743189923116,40.458618227059766,1192.7963089297784,1021.3743189923116,2,0.7,equal_initial,6103.592091415613,1004.7553232708001,833.3333333333333,0.0,4950.0,5700.0,0.0,1.0,833.3333333333334,0.0,0.0,6.768989937466699,6.768989937466699,0.0,4954.372900098754,5704.372900098754,468.416931708847,0.0,468.416931708847
2025-01-16,72,6709.1,2025-01-16T12:00:00,2025-01-16T11:50:00,12:00:00,17,BU,6074.475,12:00:00,17,BU,0.7264,12:00:00,17,BU,0.4432,1118.1833333333334,1012.4125,634.625,105.77083333333337,2025-01-16T12:00:00,2025-01-16 00:00:00,2025-01-16 00:00:00,2025-01-16T12:00:00,2025-01-16T12:00:00,0.4432,1119.2129754465825,1023.0484963175024,40.458618227059766,1159.6715936736423,1023.0484963175024,2,0.7,equal_initial,6103.592091415613,969.9564306894731,833.3333333333333,0.0,5700.0,6450.0,0.0,1.0,833.3333333333334,0.0,0.0,30.852264022806253,30.852264022806253,0.0,5704.372900098754,6454.372900098754,429.8846900815745,0.0,429.8846900815745
2025-01-16,73,6431.9024,2025-01-16T12:10:00,2025-01-16T12:00:00,12:10:00,17,BV,6199.3148,12:10:00,17,BV,0.6612,12:10:00,17,BV,0.4411,1071.9837333333332,1033.2191333333333,232.58759999999984,38.76459999999997,2025-01-16T12:10:00,2025-01-16 00:00:00,2025-01-16 00:00:00,2025-01-16T12:10:00,2025-01-16T12:10:00,0.4411,1080.3104688838237,1020.6316792477379,65.0603333158762,1145.3708021997,1020.6316792477379,2,0.7,equal_initial,6103.592091415613,958.0724562852953,833.3333333333333,0.0,6450.0,7200.0,0.0,1.0,833.3333333333334,0.0,0.0,85.97452295196206,85.97452295196206,0.0,6454.372900098754,7204.372900098754,422.60576046744376,0.0,422.60576046744376
2025-01-16,74,6416.3607,2025-01-16T12:20:00,2025-01-16T12:10:00,12:20:00,17,BW,6170.3493,12:20:00,17,BW,0.6346,12:20:00,17,BW,0.4551,1069.39345,1028.39155,246.01140000000032,41.00189999999998,2025-01-16T12:20:00,2025-01-16 00:00:00,2025-01-16 00:00:00,2025-01-16T12:20:00,2025-01-16T12:20:00,0.4551,1076.6253218937268,1014.1477788417867,65.0603333158762,1141.685655209603,1014.1477788417867,2,0.7,equal_initial,6103.592091415613,960.8712097011496,833.3333333333333,0.0,7200.0,7950.0,0.0,1.0,833.3333333333334,0.0,0.0,86.53597636781626,86.53597636781626,0.0,7204.372900098754,7954.372900098754,437.2924875349932,0.0,437.2924875349932
2025-01-16,75,6528.16,2025-01-16T12:30:00,2025-01-16T12:20:00,12:30:00,17,BX,6059.025,12:30:00,17,BX,0.6482,12:30:00,17,BX,0.4463,1088.0266666666666,1009.8375,469.1350000000002,78.18916666666667,2025-01-16T12:30:00,2025-01-16 00:00:00,2025-01-16 00:00:00,2025-01-16T12:30:00,2025-01-16T12:30:00,0.4463,1087.3491413761121,1003.659368693722,65.0603333158762,1152.4094746919884,1003.659368693722,2,0.7,equal_initial,6103.592091415613,982.0834393315997,833.3333333333333,0.0,7950.0,8700.0,0.0,1.0,833.3333333333334,0.0,0.0,70.56093933159957,70.56093933159957,0.0,7954.372900098754,8704.372900098755,438.3038389736929,0.0,438.3038389736929
2025-01-16,76,6364.1463,2025-01-16T12:40:00,2025-01-16T12:30:00,12:40:00,17,BY,6043.523,12:40:00,17,BY,0.6139,12:40:00,17,BY,0.4113,1060.6910500000001,1007.2538333333333,320.6233000000002,53.437216666666814,2025-01-16T12:40:00,2025-01-16 00:00:00,2025-01-16 00:00:00,2025-01-16T12:40:00,2025-01-16T12:40:00,0.4113,1059.2461428713448,989.2668708598021,65.0603333158762,1124.306476187221,989.2668708598021,2,0.7,equal_initial,6103.592091415613,968.3729386607522,833.3333333333333,0.0,8700.0,9450.0,0.0,1.0,833.3333333333334,0.0,0.0,81.60238866075213,81.60238866075213,0.0,8704.372900098755,9454.372900098755,398.29178967116735,0.0,398.29178967116735
2025-01-16,77,6436.5655,2025-01-16T12:50:00,2025-01-16T12:40:00,12:50:00,17,BZ,5923.0571,12:50:00,17,BZ,0.7701,12:50:00,17,BZ,0.5682,1072.7609166666666,987.1761833333334,513.5083999999997,85.58473333333325,2025-01-16T12:50:00,2025-01-16 00:00:00,2025-01-16 00:00:00,2025-01-16T12:50:00,2025-01-16T12:50:00,0.5682,1085.3117736780687,971.1072560317538,65.0603333158762,1150.372106993945,971.1072560317538,2,0.7,equal_initial,6103.592091415613,1012.5981842955244,833.3333333333333,0.0,9450.0,10200.0,0.0,1.0,833.3333333333334,0.0,0.0,93.68011762885783,93.68011762885783,0.0,9454.372900098755,10204.372900098755,575.358288316717,0.0,575.358288316717
2025-01-16,78,6722.36,2025-01-16T13:00:00,2025-01-16T12:50:00,13:00:00,17,CA,5803.875,13:00:00,17,CA,1.0273,13:00:00,17,CA,0.8279,1120.3933333333332,967.3125,918.4849999999997,153.0808333333332,2025-01-16T13:00:00,2025-01-16 00:00:00,2025-01-16 00:00:00,2025-01-16T13:00:00,2025-01-16T13:00:00,0.8279,1142.8052698884483,949.3522773594863,65.0603333158762,1207.8656032043245,949.3522773594863,2,0.7,equal_initial,6103.592091415613,258.5133258448383,0.0,0.0,10200.0,10200.0,0.0,0.0,105.43249251150496,0.0,0.0,0.0,0.0,0.0,10204.372900098755,10299.26214335911,214.0231824669416,0.0,214.0231824669416
2025-01-16,79,6678.647,2025-01-16T13:10:00,2025-01-16T13:00:00,13:10:00,17,CB,5997.6629,13:10:00,17,CB,1.0302,13:10:00,17,CB,0.8636,1113.1078333333332,999.6104833333334,680.9840999999997,113.49734999999987,2025-01-16T13:10:00,2025-01-16 00:00:00,2025-01-16 00:00:00,2025-01-16T13:10:00,2025-01-16T13:10:00,0.8636,1112.082293701353,924.2062642311904,23.008850182735426,1135.0911438840883,924.2062642311904,2,0.7,equal_initial,6103.592091415613,210.8848796528979,0.0,0.0,10200.0,10200.0,0.0,0.0,97.38752965289791,0.0,0.0,0.0,0.0,0.0,10299.26214335911,10386.91092004672,182.12018206824263,0.0,182.12018206824263
2025-01-16,80,6734.8208,2025-01-16T13:20:00,2025-01-16T13:10:00,13:20:00,17,CC,6045.3434,13:20:00,17,CC,0.9968,13:20:00,17,CC,0.8416,1122.4701333333335,1007.5572333333333,689.4774000000007,114.91290000000015,2025-01-16T13:20:00,2025-01-16 00:00:00,2025-01-16 00:00:00,2025-01-16T13:20:00,2025-01-16T13:20:00,0.8416,1092.5171782771831,895.9035088023984,23.008850182735426,1115.5260284599185,895.9035088023984,2,0.7,equal_initial,6103.592091415613,219.62251965752012,0.0,0.0,10200.0,10200.0,0.0,0.0,104.70961965752008,0.0,0.0,0.0,0.0,0.0,10386.91092004672,10481.149577738488,184.83431254376893,0.0,184.83431254376893
2025-01-16,81,6951.12,2025-01-16T13:30:00,2025-01-16T13:20:00,13:30:00,17,CD,5828.4375,13:30:00,17,CD,1.0405,13:30:00,17,CD,0.8618,1158.52,971.40625,1122.6825,187.11374999999998,2025-01-16T13:30:00,2025-01-16 00:00:00,2025-01-16 00:00:00,2025-01-16T13:30:00,2025-01-16T13:30:00,0.8618,1111.3855999169452,864.7052840247017,23.008850182735426,1134.3944500996806,864.7052840247017,2,0.7,equal_initial,6103.592091415613,269.68916607497897,0.0,0.0,10200.0,10200.0,0.0,0.0,82.57541607497888,0.0,0.0,0.0,0.0,0.0,10481.149577738488,10555.467452205969,232.4181233234169,0.0,232.4181233234169
2025-01-16,82,6922.9589,2025-01-16T13:40:00,2025-01-16T13:30:00,13:40:00,17,CE,5678.6892,13:40:00,17,CE,1.0702,13:40:00,17,CE,0.8623,1153.8264833333333,946.4481999999999,1244.2696999999998,207.37828333333334,2025-01-16T13:40:00,2025-01-16 00:00:00,2025-01-16 00:00:00,2025-01-16T13:40:00,2025-01-16T13:40:00,0.8623,1097.658497272005,830.8965372648447,23.008850182735426,1120.6673474547404,830.8965372648447,2,0.7,equal_initial,6103.592091415613,289.77081018989566,0.0,0.0,10200.0,10200.0,0.0,-0.0,82.3925268565622,0.0,0.0,0.0,0.0,0.0,10555.467452205969,10629.620726376874,249.86936962674702,0.0,249.86936962674702
2025-01-16,83,6854.2634,2025-01-16T13:50:00,2025-01-16T13:40:00,13:50:00,17,CF,5575.8129,13:50:00,17,CF,1.1798,13:50:00,17,CF,0.9026,1142.3772333333334,929.30215,1278.4505,213.0750833333334,2025-01-16T13:50:00,2025-01-16 00:00:00,2025-01-16 00:00:00,2025-01-16T13:50:00,2025-01-16T13:50:00,0.9026,1097.8675519214232,794.7823082416531,23.008850182735426,1120.8764021041586,794.7823082416531,2,0.7,equal_initial,6103.592091415613,326.0940938625055,0.0,0.0,10200.0,10200.0,0.0,0.0,113.01901052917196,0.0,0.0,0.0,0.0,0.0,10629.620726376874,10731.337835853128,294.3325291202974,0.0,294.3325291202974
2025-01-16,84,6768.3,2025-01-16T14:00:00,2025-01-16T13:50:00,14:00:00,17,CG,5359.9875,14:00:00,17,CG,1.3243,14:00:00,17,CG,0.9754,1128.05,893.3312500000001,1408.3125,234.7187499999999,2025-01-16T14:00:00,2025-01-16 00:00:00,2025-01-16 00:00:00,2025-01-16T14:00:00,2025-01-16T14:00:00,0.9754,1112.8724315503416,756.6839238689732,23.008850182735426,1135.881281733077,756.6839238689732,2,0.7,equal_initial,6103.592091415613,0.0,0.0,379.19735786410376,10200.0,9778.669602373218,0.0,0.0,0.0,234.7187499999999,0.0,0.0,0.0,0.0,10731.337835853128,10470.539224742017,0.0,0.0,0.0
2025-01-16,85,6505.066,2025-01-16T14:10:00,2025-01-16T14:00:00,14:10:00,17,CH,4929.0766,14:10:00,17,CH,1.3405,14:10:00,17,CH,1.0002,1084.1776666666667,821.5127666666667,1575.9893999999995,262.6649,2025-01-16T14:10:00,2025-01-16 00:00:00,2025-01-16 00:00:00,2025-01-16T14:10:00,2025-01-16T14:10:00,1.0002,1091.4306069958295,716.935025617809,-2.272850549380299,1089.1577564464492,716.935025617809,2,0.7,equal_initial,6103.592091415613,0.0,0.0,372.22273082864024,9778.669602373218,9365.088790341395,0.0,0.0,0.0,262.6649,0.0,0.0,0.0,0.0,10470.539224742017,10178.689335853129,0.0,0.0,0.0
2025-01-16,86,6498.3409,2025-01-16T14:20:00,2025-01-16T14:10:00,14:20:00,17,CI,4580.5646,14:20:00,17,CI,1.3345,14:20:00,17,CI,0.9978,1083.0568166666667,763.4274333333333,1917.7763000000004,319.6293833333334,2025-01-16T14:20:00,2025-01-16 00:00:00,2025-01-16 00:00:00,2025-01-16T14:20:00,2025-01-16T14:20:00,0.9978,1077.2456048962213,675.8774871541176,-2.272850549380299,1074.972754346841,675.8774871541176,2,0.7,equal_initial,6103.592091415613,0.0,0.0,399.0952671927233,9365.088790341395,8921.649604571703,0.0,0.0,0.0,319.6293833333334,0.0,0.0,0.0,0.0,10178.689335853129,9823.54557659387,0.0,0.0,0.0
2025-01-16,87,6615.85,2025-01-16T14:30:00,2025-01-16T14:20:00,14:30:00,17,CJ,4403.1375,14:30:00,17,CJ,1.3946,14:30:00,17,CJ,1.0271,1102.6416666666667,733.8562499999999,2212.7125000000005,368.7854166666667,2025-01-16T14:30:00,2025-01-16 00:00:00,2025-01-16 00:00:00,2025-01-16T14:30:00,2025-01-16T14:30:00,1.0271,1080.7301342891146,633.857281238864,-2.272850549380299,1078.4572837397343,633.857281238864,2,0.7,equal_initial,6103.592091415613,0.0,0.0,444.60000250087035,8921.649604571703,8427.649601792958,0.0,0.0,0.0,368.7854166666667,0.0,0.0,0.0,0.0,9823.54557659387,9413.784002519795,0.0,0.0,0.0
2025-01-16,88,6304.5338,2025-01-16T14:40:00,2025-01-16T14:30:00,14:40:00,17,CK,4205.5551,14:40:00,17,CK,1.4536,14:40:00,17,CK,1.0906,1050.7556333333334,700.92585,2098.9787000000006,349.82978333333347,2025-01-16T14:40:00,2025-01-16 00:00:00,2025-01-16 00:00:00,2025-01-16T14:40:00,2025-01-16T14:40:00,1.0906,1069.143665817013,591.2203551776086,-2.272850549380299,1066.8708152676327,591.2203551776086,2,0.7,equal_initial,6103.592091415613,0.0,0.0,475.6504600900241,8427.649601792958,7899.149090581821,0.0,0.0,0.0,349.82978333333347,0.0,0.0,0.0,0.0,9413.784002519795,9025.084243260535,0.0,0.0,0.0
2025-01-16,89,6170.0549,2025-01-16T14:50:00,2025-01-16T14:40:00,14:50:00,17,CL,3917.4699,14:50:00,17,CL,1.1972,14:50:00,17,CL,0.9376,1028.3424833333333,652.91165,2252.585,375.43083333333334,2025-01-16T14:50:00,2025-01-16 00:00:00,2025-01-16 00:00:00,2025-01-16T14:50:00,2025-01-16T14:50:00,0.9376,1067.1031926249946,548.3085734770277,-2.272850549380299,1064.8303420756142,548.3085734770277,2,0.7,equal_initial,6103.592091415613,0.0,0.0,516.5217685985865,7899.149090581821,7325.2360143611695,0.0,0.0,0.0,375.43083333333334,0.0,0.0,0.0,0.0,9025.084243260535,8607.938872890165,0.0,0.0,0.0
2025-01-16,90,6408.91,2025-01-16T15:00:00,2025-01-16T14:50:00,15:00:00,17,CM,3588.0375,15:00:00,17,CM,0.8132,15:00:00,17,CM,0.6694,1068.1516666666666,598.00625,2820.8725,470.1454166666666,2025-01-16T15:00:00,2025-01-16 00:00:00,2025-01-16 00:00:00,2025-01-16T15:00:00,2025-01-16T15:00:00,0.6694,1080.0779869010094,505.45578481960837,-2.272850549380299,1077.805136351629,505.45578481960837,2,0.7,equal_initial,6103.592091415613,1405.6826848653538,833.3333333333333,0.0,7325.2360143611695,8075.2360143611695,0.0,1.0,833.3333333333334,0.0,0.0,102.20393486535397,102.20393486535397,0.0,8607.938872890165,9357.938872890165,940.9639892488678,0.0,940.9639892488678
2025-01-16,91,6570.192,2025-01-16T15:10:00,2025-01-16T15:00:00,15:10:00,17,CN,3303.4055,15:10:00,17,CN,0.8312,15:10:00,17,CN,0.66,1095.032,550.5675833333333,3266.7865,544.4644166666666,2025-01-16T15:10:00,2025-01-16 00:00:00,2025-01-16 00:00:00,2025-01-16T15:10:00,2025-01-16T15:10:00,0.66,1083.1965205329473,462.98406803454304,-11.497746902687002,1071.6987736302603,462.98406803454304,2,0.7,equal_initial,6103.592091415613,1442.0480389290506,833.3333333333333,0.0,8075.2360143611695,8825.23601436117,0.0,1.0,833.3333333333334,0.0,0.0,64.25028892905073,64.25028892905073,0.0,9357.938872890165,10107.938872890165,951.7517056931734,0.0,951.7517056931734
2025-01-16,92,6453.4866,2025-01-16T15:20:00,2025-01-16T15:10:00,15:20:00,17,CO,2960.6953,15:20:00,17,CO,0.9129,15:20:00,17,CO,0.7217,1075.5811,493.44921666666664,3492.7913000000003,582.1318833333335,2025-01-16T15:20:00,2025-01-16 00:00:00,2025-01-16 00:00:00,2025-01-16T15:20:00,2025-01-16T15:20:00,0.7217,1067.5462981463534,421.2002084664005,-11.497746902687002,1056.0485512436665,421.2002084664005,2,0.7,equal_initial,6103.592091415613,1468.1816761105993,833.3333333333333,0.0,8825.23601436117,9575.23601436117,0.0,1.0,768.9568078998167,0.0,0.0,117.09298487744911,117.09298487744911,0.0,10107.938872890165,10800.0,1059.5867156490194,0.0,1059.5867156490194
2025-01-16,93,6227.96,2025-01-16T15:30:00,2025-01-16T15:20:00,15:30:00,17,CP,2557.5,15:30:00,17,CP,0.8848,15:30:00,17,CP,0.7308,1037.9933333333333,426.25,3670.46,611.7433333333333,2025-01-16T15:30:00,2025-01-16 00:00:00,2025-01-16 00:00:00,2025-01-16T15:30:00,2025-01-16T15:30:00,0.7308,1047.4603673211898,380.3924520808451,-11.497746902687002,1035.9626204185029,380.3924520808451,2,0.7,equal_initial,6103.592091415613,1488.903501670991,833.3333333333333,0.0,9575.23601436117,10325.23601436117,0.0,1.0,0.0,0.0,0.0,877.1601683376578,877.1601683376578,0.0,10800.0,10800.0,1088.0906790211602,0.0,1088.0906790211602
2025-01-16,94,6235.5021,2025-01-16T15:40:00,2025-01-16T15:30:00,15:40:00,17,CQ,2216.5868,15:40:00,17,CQ,0.9145,15:40:00,17,CQ,0.7534,1039.25035,369.4311333333333,4018.9152999999997,669.8192166666668,2025-01-16T15:40:00,2025-01-16 00:00:00,2025-01-16 00:00:00,2025-01-16T15:40:00,2025-01-16T15:40:00,0.7534,1047.8929187153094,340.8275798688626,-11.497746902687002,1036.3951718126225,340.8275798688626,2,0.7,equal_initial,6103.592091415613,1223.0831315424605,527.5155395987006,0.0,10325.23601436117,10800.0,0.0,0.9999999999999972,0.0,0.0,0.0,553.2639148757937,553.2639148757937,0.0,10800.0,10800.0,921.4708313040896,0.0,921.4708313040896
2025-01-16,95,6320.5967,2025-01-16T15:50:00,2025-01-16T15:40:00,15:50:00,17,CR,1963.7327,15:50:00,17,CR,0.984,15:50:00,17,CR,0.7823,1053.4327833333334,327.28878333333336,4356.864,726.144,2025-01-16T15:50:00,2025-01-16 00:00:00,2025-01-16 00:00:00,2025-01-16T15:50:00,2025-01-16T15:50:00,0.7823,1060.6528229929106,302.7483396993139,-11.497746902687002,1049.1550760902237,302.7483396993139,2,0.7,equal_initial,6103.592091415613,746.4067363909098,0.0,0.0,10800.0,10800.0,0.0,0.0,0.0,0.0,0.0,20.262736390909822,20.262736390909822,0.0,10800.0,10800.0,583.9139898786087,0.0,583.9139898786087
2025-01-16,96,6392.63,2025-01-16T16:00:00,2025-01-16T15:50:00,16:00:00,17,CS,1730.55,16:00:00,17,CS,1.0287,16:00:00,17,CS,0.8055,1065.4383333333333,288.425,4662.08,777.0133333333333,2025-01-16T16:00:00,2025-01-16 00:00:00,2025-01-16 00:00:00,2025-01-16T16:00:00,2025-01-16T16:00:00,0.8055,1066.6209166185592,266.37126681609533,-11.497746902687002,1055.1231697158723,266.37126681609533,2,0.7,equal_initial,6103.592091415613,788.751902899777,0.0,0.0,10800.0,10800.0,0.0,-0.0,0.0,0.0,0.0,11.73856956644363,11.73856956644363,0.0,10800.0,10800.0,635.3396577857703,0.0,635.3396577857703
2025-01-16,97,6487.9626,2025-01-16T16:10:00,2025-01-16T16:00:00,16:10:00,17,CT,1424.784,16:10:00,17,CT,1.015,16:10:00,17,CT,0.8271,1081.3271,237.46400000000003,5063.178599999999,843.8630999999999,2025-01-16T16:10:00,2025-01-16 00:00:00,2025-01-16 00:00:00,2025-01-16T16:10:00,2025-01-16T16:10:00,0.8271,1054.1707762227552,231.8849177812121,61.32097162763749,1115.4917478503926,231.8849177812121,2,0.7,equal_initial,6103.592091415613,883.6068300691804,0.0,0.0,10800.0,10800.0,0.0,0.0,0.0,0.0,0.0,39.7437300691804,39.7437300691804,0.0,10800.0,10800.0,730.8312091502191,0.0,730.8312091502191
2025-01-16,98,6397.0092,2025-01-16T16:20:00,2025-01-16T16:10:00,16:20:00,17,CU,1127.8394,16:20:00,17,CU,1.0131,16:20:00,17,CU,0.8519,1066.1682,187.97323333333335,5269.169800000001,878.1949666666667,2025-01-16T16:20:00,2025-01-16 00:00:00,2025-01-16 00:00:00,2025-01-16T16:20:00,2025-01-16T16:20:00,0.8519,1049.7182464145233,199.44853593596903,61.32097162763749,1111.0392180421607,199.44853593596903,2,0.7,equal_initial,6103.592091415613,911.5906821061916,0.0,0.0,10800.0,10800.0,0.0,0.0,0.0,0.0,0.0,33.39571543952479,33.39571543952479,0.0,10800.0,10800.0,776.5841020862646,0.0,776.5841020862646
2025-01-16,99,6217.93,2025-01-16T16:30:00,2025-01-16T16:20:00,16:30:00,17,CV,874.1625,16:30:00,17,CV,1.0557,16:30:00,17,CV,0.8791,1036.3216666666667,145.69375,5343.7675,890.6279166666667,2025-01-16T16:30:00,2025-01-16 00:00:00,2025-01-16 00:00:00,2025-01-16T16:30:00,2025-01-16T16:30:00,0.8791,1051.3120434473453,169.19115950163243,61.32097162763749,1112.6330150749827,169.19115950163243,2,0.7,equal_initial,6103.592091415613,943.4418555733503,0.0,0.0,10800.0,10800.0,0.0,0.0,0.0,0.0,0.0,52.81393890668346,52.81393890668346,0.0,10800.0,10800.0,829.3797352345322,0.0,829.3797352345322
2025-01-16,100,6293.3681,2025-01-16T16:40:00,2025-01-16T16:30:00,16:40:00,17,CW,615.5928,16:40:00,17,CW,1.1065,16:40:00,17,CW,0.9024,1048.8946833333332,102.5988,5677.775299999999,946.2958833333332,2025-01-16T16:40:00,2025-01-16 00:00:00,2025-01-16 00:00:00,2025-01-16T16:40:00,2025-01-16T16:40:00,0.9024,1034.0764341739368,141.2111763837931,61.32097162763749,1095.3974058015742,141.2111763837931,2,0.7,equal_initial,6103.592091415613,954.1862294177811,0.0,0.0,10800.0,10800.0,0.0,0.0,0.0,0.0,0.0,7.890346084447856,7.890346084447856,0.0,10800.0,10800.0,861.0576534266056,0.0,861.0576534266056
2025-01-16,101,6457.5278,2025-01-16T16:50:00,2025-01-16T16:40:00,16:50:00,17,CX,340.775,16:50:00,17,CX,1.1105,16:50:00,17,CX,0.9163,1076.2546333333332,56.79583333333333,6116.7528,1019.4587999999999,2025-01-16T16:50:00,2025-01-16 00:00:00,2025-01-16 00:00:00,2025-01-16T16:50:00,2025-01-16T16:50:00,0.9163,1030.9285200236527,115.57632269799527,61.32097162763749,1092.24949165129,115.57632269799527,2,0.7,equal_initial,6103.592091415613,976.6731689532949,0.0,0.0,10800.0,10800.0,0.0,0.0,0.0,42.78563104670502,0.0,0.0,0.0,0.0,10800.0,10752.460409948106,894.9256247119041,0.0,894.9256247119041
2025-01-16,102,6391.15,2025-01-16T17:00:00,2025-01-16T16:50:00,17:00:00,17,CY,110.775,17:00:00,17,CY,1.082,17:00:00,17,CY,0.9264,1065.1916666666666,18.462500000000002,6280.375,1046.7291666666665,2025-01-16T17:00:00,2025-01-16 00:00:00,2025-01-16 00:00:00,2025-01-16T17:00:00,2025-01-16T17:00:00,0.9264,1041.2569402094048,92.32411511384852,61.32097162763749,1102.5779118370422,92.32411511384852,2,0.7,equal_initial,6103.592091415613,1010.2537967231937,0.0,0.0,10800.0,10800.0,0.0,0.0,0.0,36.47536994347297,0.0,0.0,0.0,0.0,10752.460409948106,10711.932221122024,935.8991172843666,0.0,935.8991172843666
2025-01-16,103,5977.6923,2025-01-16T17:10:00,2025-01-16T17:00:00,17:10:00,17,CZ,13.4591,17:10:00,17,CZ,1.086,17:10:00,17,CZ,0.9462,996.2820499999999,2.243183333333333,5964.2332,994.0388666666665,2025-01-16T17:10:00,2025-01-16 00:00:00,2025-01-16 00:00:00,2025-01-16T17:10:00,2025-01-16T17:10:00,0.9462,1031.6899750185048,71.46270043401421,49.02431703280726,1080.714292051312,71.46270043401421,2,0.7,equal_initial,6103.592091415613,1009.2515916172978,0.0,-0.0,10800.0,10800.0,0.0,0.0,15.212724950631241,0.0,0.0,0.0,0.0,0.0,10711.932221122024,10725.623673577593,954.9538559882872,0.0,954.9538559882872
2025-01-16,104,5960.9148,2025-01-16T17:20:00,2025-01-16T17:10:00,17:20:00,17,DA,0.0,17:20:00,17,DA,1.0975,17:20:00,17,DA,0.9742,993.4857999999999,0.0,5960.9148,993.4857999999999,2025-01-16T17:20:00,2025-01-16 00:00:00,2025-01-16 00:00:00,2025-01-16T17:20:00,2025-01-16T17:20:00,0.9742,1029.894905411276,52.97209949176292,49.02431703280726,1078.9192224440833,52.97209949176292,2,0.7,equal_initial,6103.592091415613,1025.9471229523203,0.0,0.0,10800.0,10800.0,0.0,0.0,32.461322952320415,0.0,0.0,0.0,0.0,0.0,10725.623673577593,10754.838864234682,999.4776871801504,0.0,999.4776871801504
2025-01-16,105,6397.64,2025-01-16T17:30:00,2025-01-16T17:20:00,17:30:00,17,DB,0.0,17:30:00,17,DB,1.1043,17:30:00,17,DB,0.9862,1066.2733333333333,0.0,6397.64,1066.2733333333333,2025-01-16T17:30:00,2025-01-16 00:00:00,2025-01-16 00:00:00,2025-01-16T17:30:00,2025-01-16T17:30:00,0.9862,1045.379817280714,36.80581656827718,49.02431703280726,1094.4041343135211,36.80581656827718,2,0.7,equal_initial,6103.592091415613,1057.598317745244,0.0,-0.0,10800.0,10800.0,0.0,0.0,0.0,8.675015588089309,0.0,0.0,0.0,0.0,10754.838864234682,10745.199958025694,1043.0034609603597,0.0,1043.0034609603597
2025-01-16,106,6477.2279,2025-01-16T17:40:00,2025-01-16T17:30:00,17:40:00,17,DC,0.6718,17:40:00,17,DC,1.1304,17:40:00,17,DC,0.976,1079.5379833333334,0.11196666666666666,6476.5561,1079.4260166666668,2025-01-16T17:40:00,2025-01-16 00:00:00,2025-01-16 00:00:00,2025-01-16T17:40:00,2025-01-16T17:40:00,0.976,1036.749149622419,22.892780192612438,49.02431703280726,1085.7734666552262,22.892780192612438,2,0.7,equal_initial,6103.592091415613,1062.8806864626138,0.0,0.0,10800.0,10800.0,0.0,0.0,0.0,16.545330204053016,0.0,0.0,0.0,0.0,10745.199958025694,10726.816257798968,1037.3715499875111,0.0,1037.3715499875111
2025-01-16,107,5581.577,2025-01-16T17:50:00,2025-01-16T17:40:00,17:50:00,17,DD,0.0,17:50:00,17,DD,1.1984,17:50:00,17,DD,1.0742,930.2628333333333,0.0,5581.577,930.2628333333333,2025-01-16T17:50:00,2025-01-16 00:00:00,2025-01-16 00:00:00,2025-01-16T17:50:00,2025-01-16T17:50:00,1.0742,903.4148941881746,11.139576477455458,49.02431703280726,952.4392112209819,11.139576477455458,2,0.7,equal_initial,6103.592091415613,941.2996347435264,0.0,0.0,10800.0,10800.0,0.0,0.0,11.036801410193107,0.0,0.0,0.0,0.0,0.0,10726.816257798968,10736.749379068142,1011.1440676414961,0.0,1011.1440676414961
2025-01-16,108,4364.52,2025-01-16T18:00:00,2025-01-16T17:50:00,18:00:00,17,DE,0.0,18:00:00,17,DE,1.2781,18:00:00,17,DE,1.2313,727.4200000000001,0.0,4364.52,727.4200000000001,2025-01-16T18:00:00,2025-01-16 00:00:00,2025-01-16 00:00:00,2025-01-16T18:00:00,2025-01-16T18:00:00,1.2313,726.4634527222697,1.4329321358023088,49.02431703280726,775.487769755077,1.4329321358023088,2,0.7,equal_initial,6103.592091415613,774.0548376192747,0.0,-0.0,10800.0,10800.0,0.0,0.0,46.63483761927466,0.0,0.0,0.0,0.0,0.0,10736.749379068142,10778.720732925489,953.0937215606131,0.0,953.0937215606131
2025-01-16,109,4187.8237,2025-01-16T18:10:00,2025-01-16T18:00:00,18:10:00,17,DF,0.0482,18:10:00,17,DF,1.3092,18:10:00,17,DF,1.2561,697.9706166666666,0.008033333333333333,4187.7755,697.9625833333333,2025-01-16T18:10:00,2025-01-16 00:00:00,2025-01-16 00:00:00,2025-01-16T18:10:00,2025-01-16T18:10:00,1.2561,706.6174962953748,0.0,7.107666666666548,713.7251629620414,0.0,2,0.7,equal_initial,6103.592091415613,713.7251629620414,0.0,-0.0,10800.0,10800.0,0.0,0.0,15.762579628708068,0.0,0.0,0.0,0.0,0.0,10778.720732925489,10792.907054591326,896.5101771966202,0.0,896.5101771966202
2025-01-16,110,4415.9697,2025-01-16T18:20:00,2025-01-16T18:10:00,18:20:00,17,DG,0.0,18:20:00,17,DG,1.3184,18:20:00,17,DG,1.2447,735.9949499999999,0.0,4415.9697,735.9949499999999,2025-01-16T18:20:00,2025-01-16 00:00:00,2025-01-16 00:00:00,2025-01-16T18:20:00,2025-01-16T18:20:00,1.2447,742.7946286412841,0.0,7.107666666666548,749.9022953079507,0.0,2,0.7,equal_initial,6103.592091415613,749.9022953079507,0.0,0.0,10800.0,10800.0,0.0,0.0,7.881050454082772,0.0,0.0,6.026294853868005,6.026294853868005,0.0,10792.907054591326,10800.0,933.4033869698062,0.0,933.4033869698062
2025-01-16,111,4504.07,2025-01-16T18:30:00,2025-01-16T18:20:00,18:30:00,17,DH,0.0,18:30:00,17,DH,1.2967,18:30:00,17,DH,1.2545,750.6783333333333,0.0,4504.07,750.6783333333333,2025-01-16T18:30:00,2025-01-16 00:00:00,2025-01-16 00:00:00,2025-01-16T18:30:00,2025-01-16T18:30:00,1.2545,748.3829021815532,0.0,7.107666666666548,755.4905688482197,0.0,2,0.7,equal_initial,6103.592091415613,755.4905688482197,0.0,0.0,10800.0,10800.0,0.0,0.0,0.0,0.0,0.0,4.812235514886424,4.812235514886424,0.0,10800.0,10800.0,947.7629186200916,0.0,947.7629186200916
2025-01-16,112,4492.3332,2025-01-16T18:40:00,2025-01-16T18:30:00,18:40:00,17,DI,0.0035,18:40:00,17,DI,1.2314,18:40:00,17,DI,1.2522,748.7222,0.0005833333333333334,4492.3297,748.7216166666667,2025-01-16T18:40:00,2025-01-16 00:00:00,2025-01-16 00:00:00,2025-01-16T18:40:00,2025-01-16T18:40:00,1.2522,733.9499229963607,0.0,7.107666666666548,741.0575896630272,0.0,2,0.7,equal_initial,6103.592091415613,741.0575896630272,0.0,0.0,10800.0,10800.0,0.0,0.0,0.0,7.6640270036394895,0.0,0.0,0.0,0.0,10800.0,10791.484414440401,927.9523137760426,0.0,927.9523137760426
2025-01-16,113,4356.9789,2025-01-16T18:50:00,2025-01-16T18:40:00,18:50:00,17,DJ,0.0,18:50:00,17,DJ,1.3149,18:50:00,17,DJ,1.2881,726.16315,0.0,4356.9789,726.16315,2025-01-16T18:50:00,2025-01-16 00:00:00,2025-01-16 00:00:00,2025-01-16T18:50:00,2025-01-16T18:50:00,1.2881,729.0080330162773,0.0,7.107666666666548,736.1156996829438,0.0,2,0.7,equal_initial,6103.592091415613,355.50715208524815,0.0,380.6085475976957,10800.0,10377.101613780338,0.0,0.0,0.0,370.6559979147518,0.0,0.0,0.0,0.0,10791.484414440401,10379.644416757345,457.92876260100815,0.0,457.92876260100815
2025-01-16,114,4251.51,2025-01-16T19:00:00,2025-01-16T18:50:00,19:00:00,17,DK,0.0,19:00:00,17,DK,1.5038,19:00:00,17,DK,1.3466,708.585,0.0,4251.51,708.585,2025-01-16T19:00:00,2025-01-16 00:00:00,2025-01-16 00:00:00,2025-01-16T19:00:00,2025-01-16T19:00:00,1.3466,733.42730665968,0.0,7.107666666666548,740.5349733263465,0.0,2,0.7,equal_initial,6103.592091415613,0.0,0.0,740.5349733263465,10377.101613780338,9554.284976751063,0.0,0.0,0.0,708.585,0.0,0.0,0.0,0.0,10379.644416757345,9592.327750090677,0.0,0.0,0.0
2025-01-16,115,4404.2374,2025-01-16T19:10:00,2025-01-16T19:00:00,19:10:00,17,DL,0.0,19:10:00,17,DL,1.5534,19:10:00,17,DL,1.3523,734.0395666666667,0.0,4404.2374,734.0395666666667,2025-01-16T19:10:00,2025-01-16 00:00:00,2025-01-16 00:00:00,2025-01-16T19:10:00,2025-01-16T19:10:00,1.3523,724.8972934208307,0.0,23.86897266178972,748.7662660826204,0.0,2,0.7,equal_initial,6103.592091415613,0.0,0.0,748.7662660826204,9554.284976751063,8722.322458881485,0.0,0.0,0.0,734.0395666666667,0.0,0.0,0.0,0.0,9592.327750090677,8776.728231572159,0.0,0.0,0.0
2025-01-16,116,4552.2016,2025-01-16T19:20:00,2025-01-16T19:10:00,19:20:00,17,DM,0.0,19:20:00,17,DM,1.5597,19:20:00,17,DM,1.3445,758.7002666666667,0.0,4552.2016,758.7002666666667,2025-01-16T19:20:00,2025-01-16 00:00:00,2025-01-16 00:00:00,2025-01-16T19:20:00,2025-01-16T19:20:00,1.3445,724.6080843985574,0.0,23.86897266178972,748.4770570603471,0.0,2,0.7,equal_initial,6103.592091415613,0.0,0.0,748.4770570603471,8722.322458881485,7890.681284369987,0.0,0.0,0.0,758.7002666666667,0.0,0.0,0.0,0.0,8776.728231572159,7933.727935275862,0.0,0.0,0.0
2025-01-16,117,4515.35,2025-01-16T19:30:00,2025-01-16T19:20:00,19:30:00,17,DN,0.0,19:30:00,17,DN,1.5631,19:30:00,17,DN,1.3483,752.5583333333334,0.0,4515.35,752.5583333333334,2025-01-16T19:30:00,2025-01-16 00:00:00,2025-01-16 00:00:00,2025-01-16T19:30:00,2025-01-16T19:30:00,1.3483,736.6914773828968,0.0,23.86897266178972,760.5604500446865,0.0,2,0.7,equal_initial,6103.592091415613,0.0,0.0,760.5604500446865,7890.681284369987,7045.6141176536685,0.0,0.0,0.0,752.5583333333334,0.0,0.0,0.0,0.0,7933.727935275862,7097.552009349936,0.0,0.0,0.0
2025-01-16,118,4368.5589,2025-01-16T19:40:00,2025-01-16T19:30:00,19:40:00,17,DO,0.0,19:40:00,17,DO,1.4998,19:40:00,17,DO,1.349,728.09315,0.0,4368.5589,728.09315,2025-01-16T19:40:00,2025-01-16 00:00:00,2025-01-16 00:00:00,2025-01-16T19:40:00,2025-01-16T19:40:00,1.349,741.4532116096518,0.0,23.86897266178972,765.3221842714415,0.0,2,0.7,equal_initial,6103.592091415613,0.0,0.0,765.3221842714415,7045.6141176536685,6195.256135129845,0.0,0.0,0.0,728.09315,0.0,0.0,0.0,0.0,7097.552009349936,6288.559620461047,0.0,0.0,0.0
2025-01-16,119,4362.5221,2025-01-16T19:50:00,2025-01-16T19:40:00,19:50:00,17,DP,0.0,19:50:00,17,DP,1.4621,19:50:00,17,DP,1.3473,727.0870166666667,0.0,4362.5221,727.0870166666667,2025-01-16T19:50:00,2025-01-16 00:00:00,2025-01-16 00:00:00,2025-01-16T19:50:00,2025-01-16T19:50:00,1.3473,737.0790536841433,0.0,23.86897266178972,760.948026345933,0.0,2,0.7,equal_initial,6103.592091415613,0.0,0.0,760.948026345933,6195.256135129845,5349.758328078808,0.0,0.0,0.0,727.0870166666667,0.0,0.0,0.0,0.0,6288.559620461047,5480.685157498085,0.0,0.0,0.0
2025-01-16,120,4511.7,2025-01-16T20:00:00,2025-01-16T19:50:00,20:00:00,17,DQ,0.0,20:00:00,17,DQ,1.4923,20:00:00,17,DQ,1.3482,751.9499999999999,0.0,4511.7,751.9499999999999,2025-01-16T20:00:00,2025-01-16 00:00:00,2025-01-16 00:00:00,2025-01-16T20:00:00,2025-01-16T20:00:00,1.3482,726.1566698945871,0.0,23.86897266178972,750.0256425563769,0.0,2,0.7,equal_initial,6103.592091415613,0.0,0.0,750.0256425563769,5349.758328078808,4516.396503016167,0.0,0.0,0.0,751.9499999999999,0.0,0.0,0.0,0.0,5480.685157498085,4645.185157498085,0.0,0.0,0.0
2025-01-16,121,4579.8728,2025-01-16T20:10:00,2025-01-16T20:00:00,20:10:00,17,DR,0.0,20:10:00,17,DR,1.5343,20:10:00,17,DR,1.3513,763.3121333333333,0.0,4579.8728,763.3121333333333,2025-01-16T20:10:00,2025-01-16 00:00:00,2025-01-16 00:00:00,2025-01-16T20:10:00,2025-01-16T20:10:00,1.3513,714.9906595363382,0.0,20.49912775904342,735.4897872953816,0.0,2,0.7,equal_initial,6103.592091415613,0.0,0.0,735.4897872953816,4516.396503016167,3699.1856282435206,0.0,0.0,0.0,763.3121333333333,0.0,0.0,0.0,0.0,4645.185157498085,3797.0605649054924,0.0,0.0,0.0
2025-01-16,122,4450.8266,2025-01-16T20:20:00,2025-01-16T20:10:00,20:20:00,17,DS,0.0,20:20:00,17,DS,1.5079,20:20:00,17,DS,1.34,741.8044333333333,0.0,4450.8266,741.8044333333333,2025-01-16T20:20:00,2025-01-16 00:00:00,2025-01-16 00:00:00,2025-01-16T20:20:00,2025-01-16T20:20:00,1.34,724.4951182882561,0.0,20.49912775904342,744.9942460472995,0.0,2,0.7,equal_initial,6103.592091415613,0.0,0.0,744.9942460472995,3699.1856282435206,2871.414243746521,0.0,0.0,0.0,741.8044333333333,0.0,0.0,0.0,0.0,3797.0605649054924,2972.8334167573444,0.0,0.0,0.0
2025-01-16,123,4294.25,2025-01-16T20:30:00,2025-01-16T20:20:00,20:30:00,17,DT,0.0,20:30:00,17,DT,1.4948,20:30:00,17,DT,1.3489,715.7083333333334,0.0,4294.25,715.7083333333334,2025-01-16T20:30:00,2025-01-16 00:00:00,2025-01-16 00:00:00,2025-01-16T20:30:00,2025-01-16T20:30:00,1.3489,738.8781561565376,0.0,20.49912775904342,759.377283915581,0.0,2,0.7,equal_initial,6103.592091415613,0.0,0.0,759.377283915581,2871.414243746521,2027.6617060625422,0.0,0.0,0.0,715.7083333333334,0.0,0.0,0.0,0.0,2972.8334167573444,2177.601935275863,0.0,0.0,0.0
2025-01-16,124,4402.6087,2025-01-16T20:40:00,2025-01-16T20:30:00,20:40:00,17,DU,0.0,20:40:00,17,DU,1.6041,20:40:00,17,DU,1.3952,733.7681166666666,0.0,4402.6087,733.7681166666666,2025-01-16T20:40:00,2025-01-16 00:00:00,2025-01-16 00:00:00,2025-01-16T20:40:00,2025-01-16T20:40:00,1.3952,724.3964076972445,0.0,20.49912775904342,744.8955354562879,0.0,2,0.7,equal_initial,6103.592091415613,0.0,0.0,744.8955354562879,2027.6617060625422,1200.0,0.0,0.0,0.0,733.7681166666666,0.0,0.0,0.0,0.0,2177.601935275863,1362.3040278684557,0.0,0.0,0.0
2025-01-16,125,4555.1868,2025-01-16T20:50:00,2025-01-16T20:40:00,20:50:00,17,DV,0.0,20:50:00,17,DV,1.415,20:50:00,17,DV,1.2226,759.1978,0.0,4555.1868,759.1978,2025-01-16T20:50:00,2025-01-16 00:00:00,2025-01-16 00:00:00,2025-01-16T20:50:00,2025-01-16T20:50:00,1.2226,733.8046159323673,0.9154868907715003,20.49912775904342,754.3037436914107,0.9154868907715003,2,0.7,equal_initial,6103.592091415613,753.3882568006392,0.0,0.0,1200.0,1200.0,0.0,0.0,0.0,5.80954319936086,0.0,0.0,0.0,0.0,1362.3040278684557,1355.8489798691658,921.0924827644614,0.0,921.0924827644614
2025-01-16,126,4561.67,2025-01-16T21:00:00,2025-01-16T20:50:00,21:00:00,17,DW,0.0,21:00:00,17,DW,1.0085,21:00:00,17,DW,0.9332,760.2783333333333,0.0,4561.67,760.2783333333333,2025-01-16T21:00:00,2025-01-16 00:00:00,2025-01-16 00:00:00,2025-01-16T21:00:00,2025-01-16T21:00:00,0.9332,770.3530169789443,2.6356431866146512,20.49912775904342,790.8521447379877,2.6356431866146512,2,0.7,equal_initial,6103.592091415613,788.2165015513731,0.0,0.0,1200.0,1200.0,0.0,0.0,27.938168218039777,0.0,0.0,0.0,0.0,0.0,1355.8489798691658,1380.9933312654016,735.5636392477414,0.0,735.5636392477414
2025-01-16,127,4436.9432,2025-01-16T21:10:00,2025-01-16T21:00:00,21:10:00,17,DX,0.0,21:10:00,17,DX,0.914,21:10:00,17,DX,0.9068,739.4905333333332,0.0,4436.9432,739.4905333333332,2025-01-16T21:10:00,2025-01-16 00:00:00,2025-01-16 00:00:00,2025-01-16T21:10:00,2025-01-16T21:10:00,0.9068,777.8723337252499,4.013201310371891,22.144629989614433,800.0169637148643,4.013201310371891,2,0.7,equal_initial,6103.592091415613,796.0037624044925,0.0,0.0,1200.0,1200.0,0.0,0.0,56.51322907115923,0.0,0.0,0.0,0.0,0.0,1380.9933312654016,1431.855237429445,721.8162117483938,0.0,721.8162117483938
2025-01-16,128,4367.0796,2025-01-16T21:20:00,2025-01-16T21:10:00,21:20:00,17,DY,0.0,21:20:00,17,DY,0.9214,21:20:00,17,DY,0.9371,727.8466,0.0,4367.0796,727.8466,2025-01-16T21:20:00,2025-01-16 00:00:00,2025-01-16 00:00:00,2025-01-16T21:20:00,2025-01-16T21:20:00,0.9371,750.5947618975874,5.036393566114963,22.144629989614433,772.7393918872019,5.036393566114963,2,0.7,equal_initial,6103.592091415613,767.702998321087,0.0,0.0,1200.0,1200.0,0.0,0.0,39.856398321087,0.0,0.0,0.0,0.0,0.0,1431.855237429445,1467.7259959184232,719.4144797266906,0.0,719.4144797266906
2025-01-16,129,4494.88,2025-01-16T21:30:00,2025-01-16T21:20:00,21:30:00,17,DZ,0.0,21:30:00,17,DZ,0.9343,21:30:00,17,DZ,0.9371,749.1466666666666,0.0,4494.88,749.1466666666666,2025-01-16T21:30:00,2025-01-16 00:00:00,2025-01-16 00:00:00,2025-01-16T21:30:00,2025-01-16T21:30:00,0.9371,736.8480603858195,5.707101050131783,22.144629989614433,758.992690375434,5.707101050131783,2,0.7,equal_initial,6103.592091415613,753.2855893253022,0.0,0.0,1200.0,1200.0,0.0,0.0,4.138922658635579,0.0,0.0,0.0,0.0,0.0,1467.7259959184232,1471.4510263111952,705.9039257567407,0.0,705.9039257567407
2025-01-16,130,4678.6031,2025-01-16T21:40:00,2025-01-16T21:30:00,21:40:00,17,EA,0.0,21:40:00,17,EA,1.0291,21:40:00,17,EA,0.9871,779.7671833333334,0.0,4678.6031,779.7671833333334,2025-01-16T21:40:00,2025-01-16 00:00:00,2025-01-16 00:00:00,2025-01-16T21:40:00,2025-01-16T21:40:00,0.9871,773.4981441320715,6.039590362387651,22.144629989614433,795.642774121686,6.039590362387651,2,0.7,equal_initial,6103.592091415613,789.6031837592983,0.0,-0.0,1200.0,1200.0,0.0,0.0,9.836000425964926,0.0,0.0,0.0,0.0,0.0,1471.4510263111952,1480.3034266945635,779.4173026888034,0.0,779.4173026888034
2025-01-16,131,4045.3251,2025-01-16T21:50:00,2025-01-16T21:40:00,21:50:00,17,EB,0.0,21:50:00,17,EB,0.7823,21:50:00,17,EB,0.7764,674.22085,0.0,4045.3251,674.22085,2025-01-16T21:50:00,2025-01-16 00:00:00,2025-01-16 00:00:00,2025-01-16T21:50:00,2025-01-16T21:50:00,0.7764,699.5191585371906,6.059045196615639,22.144629989614433,721.6637885268051,6.059045196615639,2,0.7,equal_initial,6103.592091415613,715.6047433301894,0.0,-0.0,1200.0,1200.0,0.0,0.0,41.38389333018938,0.0,0.0,0.0,0.0,0.0,1480.3034266945635,1517.548930691734,555.5955227215591,0.0,555.5955227215591
2025-01-16,132,3128.35,2025-01-16T22:00:00,2025-01-16T21:50:00,22:00:00,17,EC,0.0,22:00:00,17,EC,0.3683,22:00:00,17,EC,0.4209,521.3916666666667,0.0,3128.35,521.3916666666667,2025-01-16T22:00:00,2025-01-16 00:00:00,2025-01-16 00:00:00,2025-01-16T22:00:00,2025-01-16T22:00:00,0.4209,549.4394736514382,5.799929209182676,22.144629989614433,571.5841036410527,5.799929209182676,2,0.7,equal_initial,6103.592091415613,1399.1175077652033,833.3333333333333,0.0,1200.0,1950.0,0.0,1.0,833.3333333333334,0.0,0.0,44.39250776520328,44.39250776520328,0.0,1517.548930691734,2267.5489306917343,588.888559018374,0.0,588.888559018374
2025-01-16,133,3386.6017,2025-01-16T22:10:00,2025-01-16T22:00:00,22:10:00,17,ED,0.0,22:10:00,17,ED,0.4164,22:10:00,17,ED,0.3859,564.4336166666667,0.0,3386.6017,564.4336166666667,2025-01-16T22:10:00,2025-01-16 00:00:00,2025-01-16 00:00:00,2025-01-16T22:10:00,2025-01-16T22:10:00,0.3859,528.8062655789402,5.3042192074708865,20.25670377555546,549.0629693544956,5.3042192074708865,2,0.7,equal_initial,6103.592091415613,1377.092083480358,833.3333333333333,0.0,1950.0,2700.0,0.0,1.0,812.6584668136913,0.0,0.0,0.0,0.0,0.0,2267.5489306917343,2998.9415508240563,531.4198350150702,0.0,531.4198350150702
2025-01-16,134,3684.861,2025-01-16T22:20:00,2025-01-16T22:10:00,22:20:00,17,EE,0.0,22:20:00,17,EE,0.4966,22:20:00,17,EE,0.4368,614.1435,0.0,3684.861,614.1435,2025-01-16T22:20:00,2025-01-16 00:00:00,2025-01-16 00:00:00,2025-01-16T22:20:00,2025-01-16T22:20:00,0.4368,550.0193335251652,4.619549583656135,20.25670377555546,570.2760373007206,4.619549583656135,2,0.7,equal_initial,6103.592091415613,565.6564877170645,0.0,0.0,2700.0,2700.0,0.0,0.0,0.0,48.48701228293555,0.0,0.0,0.0,0.0,2998.9415508240563,2945.0670927319056,247.07875383481377,0.0,247.07875383481377
2025-01-16,135,3490.62,2025-01-16T22:30:00,2025-01-16T22:20:00,22:30:00,17,EF,0.0,22:30:00,17,EF,0.4229,22:30:00,17,EF,0.4198,581.77,0.0,3490.62,581.77,2025-01-16T22:30:00,2025-01-16 00:00:00,2025-01-16 00:00:00,2025-01-16T22:30:00,2025-01-16T22:30:00,0.4198,555.8645487327071,3.797310019958185,20.25670377555546,576.1212525082626,3.797310019958185,2,0.7,equal_initial,6103.592091415613,1405.6572758216375,833.3333333333333,0.0,2700.0,3450.0,0.0,1.0,823.8872758216376,0.0,0.0,0.0,0.0,0.0,2945.0670927319056,3686.5656409713793,590.0949243899234,0.0,590.0949243899234
2025-01-16,136,3405.726,2025-01-16T22:40:00,2025-01-16T22:30:00,22:40:00,17,EG,0.0,22:40:00,17,EG,0.4373,22:40:00,17,EG,0.4186,567.621,0.0,3405.726,567.621,2025-01-16T22:40:00,2025-01-16 00:00:00,2025-01-16 00:00:00,2025-01-16T22:40:00,2025-01-16T22:40:00,0.4186,581.9956887811401,2.890738791232682,20.25670377555546,602.2523925566956,2.890738791232682,2,0.7,equal_initial,6103.592091415613,1432.694987098796,833.3333333333333,0.0,3450.0,4200.0,0.0,1.0,833.3333333333334,0.0,0.0,31.74065376546264,31.74065376546264,0.0,3686.5656409713793,4436.565640971379,599.726121599556,0.0,599.726121599556
2025-01-16,137,3490.181,2025-01-16T22:50:00,2025-01-16T22:40:00,22:50:00,17,EH,0.0,22:50:00,17,EH,0.4331,22:50:00,17,EH,0.4241,581.6968333333333,0.0,3490.181,581.6968333333333,2025-01-16T22:50:00,2025-01-16 00:00:00,2025-01-16 00:00:00,2025-01-16T22:50:00,2025-01-16T22:50:00,0.4241,610.2051169041778,1.953053489128439,20.25670377555546,630.4618206797333,1.953053489128439,2,0.7,equal_initial,6103.592091415613,628.5087671906048,0.0,0.0,4200.0,4200.0,0.0,0.0,46.81193385727147,0.0,0.0,0.0,0.0,0.0,4436.565640971379,4478.696381442924,266.5505681655355,0.0,266.5505681655355
2025-01-16,138,3552.85,2025-01-16T23:00:00,2025-01-16T22:50:00,23:00:00,17,EI,0.0,23:00:00,17,EI,0.3873,23:00:00,17,EI,0.4237,592.1416666666667,0.0,3552.85,592.1416666666667,2025-01-16T23:00:00,2025-01-16 00:00:00,2025-01-16 00:00:00,2025-01-16T23:00:00,2025-01-16T23:00:00,0.4237,611.0263105962092,1.0356597020724818,20.25670377555546,631.2830143717647,1.0356597020724818,2,0.7,equal_initial,6103.592091415613,1463.5806880030254,833.3333333333333,0.0,4200.0,4950.0,0.0,1.0,833.3333333333334,0.0,0.0,38.10568800302542,38.10568800302542,0.0,4478.696381442924,5228.696381442924,620.1191375068819,0.0,620.1191375068819
2025-01-16,139,3439.5028,2025-01-16T23:10:00,2025-01-16T23:00:00,23:10:00,17,EJ,0.0,23:10:00,17,EJ,0.4108,23:10:00,17,EJ,0.4248,573.2504666666667,0.0,3439.5028,573.2504666666667,2025-01-16T23:10:00,2025-01-16 00:00:00,2025-01-16 00:00:00,2025-01-16T23:10:00,2025-01-16T23:10:00,0.4248,576.7817414362755,0.18647613440727845,15.198110687487942,591.9798521237635,0.18647613440727845,2,0.7,equal_initial,6103.592091415613,591.7933759893563,0.0,0.0,4950.0,4950.0,0.0,0.0,18.542909322689525,0.0,0.0,0.0,0.0,0.0,5228.696381442924,5245.384999833344,251.39382612027856,0.0,251.39382612027856
2025-01-16,140,3528.2241,2025-01-16T23:20:00,2025-01-16T23:10:00,23:20:00,17,EK,0.0,23:20:00,17,EK,0.4457,23:20:00,17,EK,0.424,588.03735,0.0,3528.2241,588.03735,2025-01-16T23:20:00,2025-01-16 00:00:00,2025-01-16 00:00:00,2025-01-16T23:20:00,2025-01-16T23:20:00,0.424,570.4471184580334,0.0,15.198110687487942,585.6452291455214,0.0,2,0.7,equal_initial,6103.592091415613,585.6452291455214,0.0,0.0,4950.0,4950.0,0.0,0.0,0.0,2.3921208544785486,0.0,0.0,0.0,0.0,5245.384999833344,5242.727087772812,248.31357715770108,0.0,248.31357715770108
2025-01-16,141,3825.32,2025-01-16T23:30:00,2025-01-16T23:20:00,23:30:00,17,EL,0.0,23:30:00,17,EL,0.4608,23:30:00,17,EL,0.422,637.5533333333334,0.0,3825.32,637.5533333333334,2025-01-16T23:30:00,2025-01-16 00:00:00,2025-01-16 00:00:00,2025-01-16T23:30:00,2025-01-16T23:30:00,0.422,604.3487774661355,0.0,15.198110687487942,619.5468881536235,0.0,2,0.7,equal_initial,6103.592091415613,1452.8802214869568,833.3333333333333,0.0,4950.0,5700.0,0.0,1.0,815.3268881536234,0.0,0.0,0.0,0.0,0.0,5242.727087772812,5976.521287111073,613.1154534674957,0.0,613.1154534674957
2025-01-16,142,3873.6924,2025-01-16T23:40:00,2025-01-16T23:30:00,23:40:00,17,EM,0.0,23:40:00,17,EM,0.4736,23:40:00,17,EM,0.424,645.6154,0.0,3873.6924,645.6154,2025-01-16T23:40:00,2025-01-16 00:00:00,2025-01-16 00:00:00,2025-01-16T23:40:00,2025-01-16T23:40:00,0.424,620.7228377338785,0.0,15.198110687487942,635.9209484213665,0.0,2,0.7,equal_initial,6103.592091415613,1084.3566055498254,448.435657128459,0.0,5700.0,6103.592091415613,0.0,1.0,438.7412055498254,0.0,0.0,0.0,0.0,0.0,5976.521287111073,6371.3883721059165,459.76720075312596,0.0,459.76720075312596
2025-01-16,143,3406.561,2025-01-16T23:50:00,2025-01-16T23:40:00,23:50:00,17,EN,0.0,23:50:00,17,EN,0.4179,23:50:00,17,EN,0.4271,567.7601666666667,0.0,3406.561,567.7601666666667,2025-01-16T23:50:00,2025-01-16 00:00:00,2025-01-16 00:00:00,2025-01-16T23:50:00,2025-01-16T23:50:00,0.4271,559.1949021212922,0.0,15.198110687487942,574.3930128087802,0.0,2,0.7,equal_initial,6103.592091415613,574.3930128087802,0.0,0.0,6103.592091415613,6103.592091415613,0.0,-0.0,6.632846142113522,0.0,0.0,0.0,0.0,0.0,6371.3883721059165,6377.357933633819,245.32325577063003,0.0,245.32325577063003
2025-01-16,144,2666.03,2025-01-17T00:00:00,2025-01-16T23:50:00,0:00+1,17,EO,0.0,0:00+1,17,EO,0.3275,0:00+1,17,EO,0.4276,444.33833333333337,0.0,2666.03,444.33833333333337,2025-01-17T00:00:00,2025-01-16 00:00:00,2025-01-16 00:00:00,2025-01-17T00:00:00,2025-01-17T00:00:00,0.4276,465.2313045012207,0.0,15.198110687487942,480.4294151887086,0.0,2,0.7,equal_initial,6103.592091415613,480.4294151887086,0.0,0.0,6103.592091415613,6103.592091415613,0.0,-0.0,36.09108185537525,0.0,0.0,0.0,0.0,0.0,6377.357933633819,6409.839907303656,205.4316179346918,0.0,205.4316179346918
2025-01-17,1,2257.2766,2025-01-17T00:10:00,2025-01-17T00:00:00,00:10:00,18,B,0.0,00:10:00,18,B,0.3211,00:10:00,18,B,0.4248,376.2127666666667,0.0,2257.2766,376.2127666666667,2025-01-17T00:10:00,2025-01-17 00:00:00,2025-01-17 00:00:00,2025-01-17T00:10:00,2025-01-17T00:10:00,0.4248,411.1261890078015,0.0,13.773606454231064,424.89979546203256,0.0,2,0.7,equal_initial,6409.839907303656,1258.2331287953657,833.3333333333333,0.0,6409.839907303656,7159.839907303656,0.0,1.0,833.3333333333334,0.0,0.0,48.68702879536556,48.68702879536556,0.0,6409.839907303656,7159.839907303656,534.4974331122713,0.0,534.4974331122713
2025-01-17,2,2397.7026,2025-01-17T00:20:00,2025-01-17T00:10:00,00:20:00,18,C,0.0,00:20:00,18,C,0.3668,00:20:00,18,C,0.4245,399.6171,0.0,2397.7026,399.6171,2025-01-17T00:20:00,2025-01-17 00:00:00,2025-01-17 00:00:00,2025-01-17T00:20:00,2025-01-17T00:20:00,0.4245,421.9475924739509,0.0,13.773606454231064,435.721198928182,0.0,2,0.7,equal_initial,6409.839907303656,1269.0545322615153,833.3333333333333,0.0,7159.839907303656,7909.839907303656,0.0,1.0,833.3333333333334,0.0,0.0,36.104098928182,36.104098928182,0.0,7159.839907303656,7909.839907303656,538.7136489450132,0.0,538.7136489450132
2025-01-17,3,2813.97,2025-01-17T00:30:00,2025-01-17T00:20:00,00:30:00,18,D,0.0,00:30:00,18,D,0.3963,00:30:00,18,D,0.4269,468.99499999999995,0.0,2813.97,468.99499999999995,2025-01-17T00:30:00,2025-01-17 00:00:00,2025-01-17 00:00:00,2025-01-17T00:30:00,2025-01-17T00:30:00,0.4269,423.53721302281605,0.0368471505076744,13.773606454231064,437.3108194770471,0.0368471505076744,2,0.7,equal_initial,6409.839907303656,1270.6073056598727,833.3333333333333,0.0,7909.839907303656,8659.839907303656,0.0,1.0,801.6123056598728,0.0,0.0,0.0,0.0,0.0,7909.839907303656,8631.290982397542,542.4222587861997,0.0,542.4222587861997
2025-01-17,4,2957.0975,2025-01-17T00:40:00,2025-01-17T00:30:00,00:40:00,18,E,0.0,00:40:00,18,E,0.3667,00:40:00,18,E,0.4272,492.8495833333333,0.0,2957.0975,492.8495833333333,2025-01-17T00:40:00,2025-01-17 00:00:00,2025-01-17 00:00:00,2025-01-17T00:40:00,2025-01-17T00:40:00,0.4272,428.9512454186729,0.4465663491530347,13.773606454231064,442.72485187290397,0.4465663491530347,2,0.7,equal_initial,6409.839907303656,1153.5672774085774,711.2889918848264,0.0,8659.839907303656,9300.0,0.0,0.9999999999999979,660.717694075244,0.0,0.0,0.0,0.0,0.0,8631.290982397542,9225.936907065263,492.8039409089443,0.0,492.8039409089443
2025-01-17,5,2744.2964,2025-01-17T00:50:00,2025-01-17T00:40:00,00:50:00,18,F,0.0,00:50:00,18,F,0.3266,00:50:00,18,F,0.4271,457.38273333333336,0.0,2744.2964,457.38273333333336,2025-01-17T00:50:00,2025-01-17 00:00:00,2025-01-17 00:00:00,2025-01-17T00:50:00,2025-01-17T00:50:00,0.4271,424.06716825204256,1.0165852480643947,13.773606454231064,437.84077470627363,1.0165852480643947,2,0.7,equal_initial,6409.839907303656,1270.1575227915425,833.3333333333333,0.0,9300.0,10050.0,0.0,1.0,812.7747894582092,0.0,0.0,0.0,0.0,0.0,9225.936907065263,9957.434217577651,542.4842779842678,0.0,542.4842779842678
2025-01-17,6,2523.27,2025-01-17T01:00:00,2025-01-17T00:50:00,01:00:00,18,G,0.0,01:00:00,18,G,0.3115,01:00:00,18,G,0.4285,420.545,0.0,2523.27,420.545,2025-01-17T01:00:00,2025-01-17 00:00:00,2025-01-17 00:00:00,2025-01-17T01:00:00,2025-01-17T01:00:00,0.4285,423.84522568966224,1.7118995117204905,13.773606454231064,437.6188321438933,1.7118995117204905,2,0.7,equal_initial,6409.839907303656,435.9069326321728,0.0,0.0,10050.0,10050.0,0.0,-0.0,15.361932632172795,0.0,0.0,0.0,0.0,0.0,9957.434217577651,9971.259956946607,186.78612063288605,0.0,186.78612063288605
2025-01-17,7,2709.2039,2025-01-17T01:10:00,2025-01-17T01:00:00,01:10:00,18,H,0.0,01:10:00,18,H,0.3188,01:10:00,18,H,0.4311,451.5339833333333,0.0,2709.2039,451.5339833333333,2025-01-17T01:10:00,2025-01-17 00:00:00,2025-01-17 00:00:00,2025-01-17T01:10:00,2025-01-17T01:10:00,0.4311,456.3891015657552,2.4909477449390294,27.178776076131175,483.56787764188635,2.4909477449390294,2,0.7,equal_initial,6409.839907303656,481.0769298969473,0.0,0.0,10050.0,10050.0,0.0,0.0,29.54294656361401,0.0,0.0,0.0,0.0,0.0,9971.259956946607,9997.84860885386,207.392264478574,0.0,207.392264478574
2025-01-17,8,2779.2945,2025-01-17T01:20:00,2025-01-17T01:10:00,01:20:00,18,I,0.0,01:20:00,18,I,0.3375,01:20:00,18,I,0.4302,463.21575,0.0,2779.2945,463.21575,2025-01-17T01:20:00,2025-01-17 00:00:00,2025-01-17 00:00:00,2025-01-17T01:20:00,2025-01-17T01:20:00,0.4302,460.3928809338545,3.3069184166060723,27.178776076131175,487.57165700998564,3.3069184166060723,2,0.7,equal_initial,6409.839907303656,484.26473859337955,0.0,0.0,10050.0,10050.0,0.0,0.0,21.048988593379534,0.0,0.0,0.0,0.0,0.0,9997.84860885386,10016.7926985879,208.3306905428719,0.0,208.3306905428719
2025-01-17,9,2672.76,2025-01-17T01:30:00,2025-01-17T01:20:00,01:30:00,18,J,0.0,01:30:00,18,J,0.3586,01:30:00,18,J,0.4279,445.46000000000004,0.0,2672.76,445.46000000000004,2025-01-17T01:30:00,2025-01-17 00:00:00,2025-01-17 00:00:00,2025-01-17T01:30:00,2025-01-17T01:30:00,0.4279,442.7062713806713,4.109246624346471,27.178776076131175,469.88504745680245,4.109246624346471,2,0.7,equal_initial,6409.839907303656,465.77580083245596,0.0,0.0,10050.0,10050.0,0.0,-0.0,20.31580083245592,0.0,0.0,0.0,0.0,0.0,10016.7926985879,10035.07691933711,199.30546517620792,0.0,199.30546517620792
2025-01-17,10,2825.4676,2025-01-17T01:40:00,2025-01-17T01:30:00,01:40:00,18,K,0.0,01:40:00,18,K,0.3751,01:40:00,18,K,0.4312,470.9112666666667,0.0,2825.4676,470.9112666666667,2025-01-17T01:40:00,2025-01-17 00:00:00,2025-01-17 00:00:00,2025-01-17T01:40:00,2025-01-17T01:40:00,0.4312,469.7598822460662,4.845268867872496,27.178776076131175,496.93865832219734,4.845268867872496,2,0.7,equal_initial,6409.839907303656,492.09338945432484,0.0,0.0,10050.0,10050.0,0.0,0.0,21.18212278765816,0.0,0.0,0.0,0.0,0.0,10035.07691933711,10054.140829846003,212.19066953270487,0.0,212.19066953270487
2025-01-17,11,2883.0635,2025-01-17T01:50:00,2025-01-17T01:40:00,01:50:00,18,L,0.0,01:50:00,18,L,0.3767,01:50:00,18,L,0.4333,480.5105833333334,0.0,2883.0635,480.5105833333334,2025-01-17T01:50:00,2025-01-17 00:00:00,2025-01-17 00:00:00,2025-01-17T01:50:00,2025-01-17T01:50:00,0.4333,485.48234723270895,5.462000453167601,27.178776076131175,512.6611233088402,5.462000453167601,2,0.7,equal_initial,6409.839907303656,507.19912285567256,0.0,0.0,10050.0,10050.0,0.0,0.0,26.68853952233917,0.0,0.0,0.0,0.0,0.0,10054.140829846003,10078.160515416108,219.76937993336293,0.0,219.76937993336293
2025-01-17,12,2806.24,2025-01-17T02:00:00,2025-01-17T01:50:00,02:00:00,18,M,0.0,02:00:00,18,M,0.368,02:00:00,18,M,0.4311,467.70666666666665,0.0,2806.24,467.70666666666665,2025-01-17T02:00:00,2025-01-17 00:00:00,2025-01-17 00:00:00,2025-01-17T02:00:00,2025-01-17T02:00:00,0.4311,466.12455168753644,5.907997264883765,27.178776076131175,493.3033277636676,5.907997264883765,2,0.7,equal_initial,6409.839907303656,487.39533049878384,0.0,0.0,10050.0,10050.0,0.0,0.0,19.688663832117186,0.0,0.0,0.0,0.0,0.0,10078.160515416108,10095.880312865014,210.1161269780257,0.0,210.1161269780257
2025-01-17,13,2919.4573,2025-01-17T02:10:00,2025-01-17T02:00:00,02:10:00,18,N,0.0,02:10:00,18,N,0.3635,02:10:00,18,N,0.4293,486.57621666666665,0.0,2919.4573,486.57621666666665,2025-01-17T02:10:00,2025-01-17 00:00:00,2025-01-17 00:00:00,2025-01-17T02:10:00,2025-01-17T02:10:00,0.4293,449.6024201341136,6.135261475952985,18.074425275597783,467.67684540971135,6.135261475952985,2,0.7,equal_initial,6409.839907303656,461.5415839337584,0.0,0.0,10050.0,10050.0,0.0,-0.0,0.0,25.03463273290828,0.0,0.0,0.0,0.0,10095.880312865014,10068.064054272894,198.13980198276246,0.0,198.13980198276246
2025-01-17,14,2940.4807,2025-01-17T02:20:00,2025-01-17T02:10:00,02:20:00,18,O,0.0,02:20:00,18,O,0.3564,02:20:00,18,O,0.4324,490.0801166666667,0.0,2940.4807,490.0801166666667,2025-01-17T02:20:00,2025-01-17 00:00:00,2025-01-17 00:00:00,2025-01-17T02:20:00,2025-01-17T02:20:00,0.4324,462.95954938912996,6.101149354312813,18.074425275597783,481.03397466472774,6.101149354312813,2,0.7,equal_initial,6409.839907303656,474.9328253104149,0.0,0.0,10050.0,10050.0,0.0,0.0,0.0,15.147291356251799,0.0,0.0,0.0,0.0,10068.064054272894,10051.233730543725,205.36095366422342,0.0,205.36095366422342
2025-01-17,15,2871.07,2025-01-17T02:30:00,2025-01-17T02:20:00,02:30:00,18,P,0.0,02:30:00,18,P,0.3578,02:30:00,18,P,0.4367,478.5116666666667,0.0,2871.07,478.5116666666667,2025-01-17T02:30:00,2025-01-17 00:00:00,2025-01-17 00:00:00,2025-01-17T02:30:00,2025-01-17T02:30:00,0.4367,490.10247783364883,5.770238706180499,18.074425275597783,508.1769031092466,5.770238706180499,2,0.7,equal_initial,6409.839907303656,502.4066644030661,0.0,0.0,10050.0,10050.0,0.0,0.0,23.894997736399375,0.0,0.0,0.0,0.0,0.0,10051.233730543725,10072.739228506485,219.40099034481895,0.0,219.40099034481895
2025-01-17,16,3003.3446,2025-01-17T02:40:00,2025-01-17T02:30:00,02:40:00,18,Q,0.0,02:40:00,18,Q,0.3845,02:40:00,18,Q,0.4348,500.55743333333334,0.0,3003.3446,500.55743333333334,2025-01-17T02:40:00,2025-01-17 00:00:00,2025-01-17 00:00:00,2025-01-17T02:40:00,2025-01-17T02:40:00,0.4348,490.2325435664782,5.116113678786176,18.074425275597783,508.306968842076,5.116113678786176,2,0.7,equal_initial,6409.839907303656,503.1908551632898,0.0,0.0,10050.0,10050.0,0.0,0.0,2.6334218299564895,0.0,0.0,0.0,0.0,0.0,10072.739228506485,10075.109308153445,218.78738382499841,0.0,218.78738382499841
2025-01-17,17,3043.6663,2025-01-17T02:50:00,2025-01-17T02:40:00,02:50:00,18,R,0.0,02:50:00,18,R,0.3862,02:50:00,18,R,0.4335,507.27771666666666,0.0,3043.6663,507.27771666666666,2025-01-17T02:50:00,2025-01-17 00:00:00,2025-01-17 00:00:00,2025-01-17T02:50:00,2025-01-17T02:50:00,0.4335,482.1511151385465,4.123025633854873,18.074425275597783,500.2255404141443,4.123025633854873,2,0.7,equal_initial,6409.839907303656,496.1025147802894,0.0,0.0,10050.0,10050.0,0.0,0.0,0.0,11.175201886377238,0.0,0.0,0.0,0.0,10075.109308153445,10062.692417168582,215.06044015725547,0.0,215.06044015725547
2025-01-17,18,2964.56,2025-01-17T03:00:00,2025-01-17T02:50:00,03:00:00,18,S,0.0,03:00:00,18,S,0.3786,03:00:00,18,S,0.4357,494.0933333333333,0.0,2964.56,494.0933333333333,2025-01-17T03:00:00,2025-01-17 00:00:00,2025-01-17 00:00:00,2025-01-17T03:00:00,2025-01-17T03:00:00,0.4357,489.89368257173294,2.787390582961483,18.074425275597783,507.9681078473307,2.787390582961483,2,0.7,equal_initial,6409.839907303656,505.1807172643692,0.0,0.0,10050.0,10050.0,0.0,0.0,11.087383931035902,0.0,0.0,0.0,0.0,0.0,10062.692417168582,10072.671062706515,220.10723851208564,0.0,220.10723851208564
2025-01-17,19,3055.4828,2025-01-17T03:10:00,2025-01-17T03:00:00,03:10:00,18,T,0.0,03:10:00,18,T,0.4201,03:10:00,18,T,0.4374,509.24713333333335,0.0,3055.4828,509.24713333333335,2025-01-17T03:10:00,2025-01-17 00:00:00,2025-01-17 00:00:00,2025-01-17T03:10:00,2025-01-17T03:10:00,0.4374,516.2062235657055,1.1190862195407112,16.751955405257306,532.9581789709628,1.1190862195407112,2,0.7,equal_initial,6409.839907303656,531.8390927514221,0.0,0.0,10050.0,10050.0,0.0,0.0,22.59195941808872,0.0,0.0,0.0,0.0,0.0,10072.671062706515,10093.003826182794,232.62641916947203,0.0,232.62641916947203
2025-01-17,20,3206.3367,2025-01-17T03:20:00,2025-01-17T03:10:00,03:20:00,18,U,0.0,03:20:00,18,U,0.4138,03:20:00,18,U,0.4371,534.38945,0.0,3206.3367,534.38945,2025-01-17T03:20:00,2025-01-17 00:00:00,2025-01-17 00:00:00,2025-01-17T03:20:00,2025-01-17T03:20:00,0.4371,520.8447233407242,0.0,16.751955405257306,537.5966787459814,0.0,2,0.7,equal_initial,6409.839907303656,537.5966787459814,0.0,0.0,10050.0,10050.0,0.0,0.0,3.2072287459814106,0.0,0.0,0.0,0.0,0.0,10093.003826182794,10095.890332054178,234.98350827986846,0.0,234.98350827986846
2025-01-17,21,3259.96,2025-01-17T03:30:00,2025-01-17T03:20:00,03:30:00,18,V,0.0,03:30:00,18,V,0.371,03:30:00,18,V,0.4356,543.3266666666667,0.0,3259.96,543.3266666666667,2025-01-17T03:30:00,2025-01-17 00:00:00,2025-01-17 00:00:00,2025-01-17T03:30:00,2025-01-17T03:30:00,0.4356,492.94138183719537,0.0,16.751955405257306,509.6933372424527,0.0,2,0.7,equal_initial,6409.839907303656,509.6933372424527,0.0,0.0,10050.0,10050.0,0.0,0.0,0.0,33.633329424214025,0.0,0.0,0.0,0.0,10095.890332054178,10058.519966027274,222.0224177028124,0.0,222.0224177028124
2025-01-17,22,3184.1367,2025-01-17T03:40:00,2025-01-17T03:30:00,03:40:00,18,W,0.0,03:40:00,18,W,0.4017,03:40:00,18,W,0.4353,530.68945,0.0,3184.1367,530.68945,2025-01-17T03:40:00,2025-01-17 00:00:00,2025-01-17 00:00:00,2025-01-17T03:40:00,2025-01-17T03:40:00,0.4353,465.3263906157229,0.0,16.751955405257306,482.07834602098023,0.0,2,0.7,equal_initial,6409.839907303656,482.07834602098023,0.0,0.0,10050.0,10050.0,0.0,0.0,0.0,48.61110397901973,0.0,0.0,0.0,0.0,10058.519966027274,10004.507628272808,209.8487040229327,0.0,209.8487040229327
2025-01-17,23,3206.2324,2025-01-17T03:50:00,2025-01-17T03:40:00,03:50:00,18,X,0.0,03:50:00,18,X,0.4249,03:50:00,18,X,0.436,534.3720666666667,0.0,3206.2324,534.3720666666667,2025-01-17T03:50:00,2025-01-17 00:00:00,2025-01-17 00:00:00,2025-01-17T03:50:00,2025-01-17T03:50:00,0.436,482.5957961467439,0.0,16.751955405257306,499.3477515520012,0.0,2,0.7,equal_initial,6409.839907303656,499.3477515520012,0.0,0.0,10050.0,10050.0,0.0,0.0,0.0,35.024315114665455,0.0,0.0,0.0,0.0,10004.507628272808,9965.591722589847,217.71561967667253,0.0,217.71561967667253
2025-01-17,24,3377.85,2025-01-17T04:00:00,2025-01-17T03:50:00,04:00:00,18,Y,0.0,04:00:00,18,Y,0.4118,04:00:00,18,Y,0.4378,562.975,0.0,3377.85,562.975,2025-01-17T04:00:00,2025-01-17 00:00:00,2025-01-17 00:00:00,2025-01-17T04:00:00,2025-01-17T04:00:00,0.4378,524.1684973663985,0.0,16.751955405257306,540.9204527716557,0.0,2,0.7,equal_initial,6409.839907303656,540.9204527716557,0.0,0.0,10050.0,10050.0,0.0,0.0,0.0,22.05454722834429,0.0,0.0,0.0,0.0,9965.591722589847,9941.08667011391,236.81497422343088,0.0,236.81497422343088
2025-01-17,25,3500.9363,2025-01-17T04:10:00,2025-01-17T04:00:00,04:10:00,18,Z,0.0,04:10:00,18,Z,0.4174,04:10:00,18,Z,0.4401,583.4893833333333,0.0,3500.9363,583.4893833333333,2025-01-17T04:10:00,2025-01-17 00:00:00,2025-01-17 00:00:00,2025-01-17T04:10:00,2025-01-17T04:10:00,0.4401,522.9170069021097,0.0,18.21567333333335,541.1326802354431,0.0,2,0.7,equal_initial,6409.839907303656,541.1326802354431,0.0,0.0,10050.0,10050.0,0.0,0.0,0.0,42.356703097890204,0.0,0.0,0.0,0.0,9941.08667011391,9894.023666671808,238.1524925716185,0.0,238.1524925716185
2025-01-17,26,3358.0932,2025-01-17T04:20:00,2025-01-17T04:10:00,04:20:00,18,AA,0.0,04:20:00,18,AA,0.426,04:20:00,18,AA,0.4389,559.6822,0.0,3358.0932,559.6822,2025-01-17T04:20:00,2025-01-17 00:00:00,2025-01-17 00:00:00,2025-01-17T04:20:00,2025-01-17T04:20:00,0.4389,496.62095573761843,0.0,18.21567333333335,514.8366290709517,0.0,2,0.7,equal_initial,6409.839907303656,514.8366290709517,0.0,0.0,10050.0,10050.0,0.0,0.0,0.0,44.84557092904822,0.0,0.0,0.0,0.0,9894.023666671808,9844.195254528422,225.96179649924073,0.0,225.96179649924073
2025-01-17,27,3165.81,2025-01-17T04:30:00,2025-01-17T04:20:00,04:30:00,18,AB,0.0,04:30:00,18,AB,0.4246,04:30:00,18,AB,0.4364,527.635,0.0,3165.81,527.635,2025-01-17T04:30:00,2025-01-17 00:00:00,2025-01-17 00:00:00,2025-01-17T04:30:00,2025-01-17T04:30:00,0.4364,493.6047690550312,0.0,18.21567333333335,511.8204423883646,0.0,2,0.7,equal_initial,6409.839907303656,511.8204423883646,0.0,0.0,10050.0,10050.0,0.0,0.0,0.0,15.814557611635394,0.0,0.0,0.0,0.0,9844.195254528422,9826.623523848828,223.35844105828232,0.0,223.35844105828232
2025-01-17,28,3362.409,2025-01-17T04:40:00,2025-01-17T04:30:00,04:40:00,18,AC,0.0,04:40:00,18,AC,0.4256,04:40:00,18,AC,0.4393,560.4015,0.0,3362.409,560.4015,2025-01-17T04:40:00,2025-01-17 00:00:00,2025-01-17 00:00:00,2025-01-17T04:40:00,2025-01-17T04:40:00,0.4393,542.879702880287,0.0,18.21567333333335,561.0953762136204,0.0,2,0.7,equal_initial,6409.839907303656,561.0953762136204,0.0,0.0,10050.0,10050.0,0.0,0.0,0.6938762136203422,0.0,0.0,0.0,0.0,0.0,9826.623523848828,9827.248012441087,246.48919877064344,0.0,246.48919877064344
2025-01-17,29,3546.8679,2025-01-17T04:50:00,2025-01-17T04:40:00,04:50:00,18,AD,0.0,04:50:00,18,AD,0.4554,04:50:00,18,AD,0.4422,591.1446500000001,0.0,3546.8679,591.1446500000001,2025-01-17T04:50:00,2025-01-17 00:00:00,2025-01-17 00:00:00,2025-01-17T04:50:00,2025-01-17T04:50:00,0.4422,565.9763342262028,0.0,18.21567333333335,584.1920075595361,0.0,2,0.7,equal_initial,6409.839907303656,584.1920075595361,0.0,0.0,10050.0,10050.0,0.0,0.0,0.0,6.952642440463933,0.0,0.0,0.0,0.0,9827.248012441087,9819.522854173905,258.3297057428269,0.0,258.3297057428269
2025-01-17,30,3505.4,2025-01-17T05:00:00,2025-01-17T04:50:00,05:00:00,18,AE,0.0,05:00:00,18,AE,0.4702,05:00:00,18,AE,0.4395,584.2333333333333,0.0,3505.4,584.2333333333333,2025-01-17T05:00:00,2025-01-17 00:00:00,2025-01-17 00:00:00,2025-01-17T05:00:00,2025-01-17T05:00:00,0.4395,550.0427444554057,0.0,18.21567333333335,568.258417788739,0.0,2,0.7,equal_initial,6409.839907303656,568.258417788739,0.0,0.0,10050.0,10050.0,0.0,0.0,0.0,15.974915544594296,0.0,0.0,0.0,0.0,9819.522854173905,9801.772948013246,249.7495746181508,0.0,249.7495746181508
2025-01-17,31,3400.4142,2025-01-17T05:10:00,2025-01-17T05:00:00,05:10:00,18,AF,0.0,05:10:00,18,AF,0.4,05:10:00,18,AF,0.4333,566.7357000000001,0.0,3400.4142,566.7357000000001,2025-01-17T05:10:00,2025-01-17 00:00:00,2025-01-17 00:00:00,2025-01-17T05:10:00,2025-01-17T05:10:00,0.4333,554.8149449544229,0.0,25.662696608318377,580.4776415627413,0.0,2,0.7,equal_initial,6409.839907303656,580.4776415627413,0.0,0.0,10050.0,10050.0,0.0,0.0,13.741941562741204,0.0,0.0,0.0,0.0,0.0,9801.772948013246,9814.140695419714,251.5209620891358,0.0,251.5209620891358
2025-01-17,32,3294.9629,2025-01-17T05:20:00,2025-01-17T05:10:00,05:20:00,18,AG,0.0043,05:20:00,18,AG,0.3588,05:20:00,18,AG,0.4439,549.1604833333333,0.0007166666666666667,3294.9586,549.1597666666667,2025-01-17T05:20:00,2025-01-17 00:00:00,2025-01-17 00:00:00,2025-01-17T05:20:00,2025-01-17T05:20:00,0.4439,561.0496895091326,0.0,25.662696608318377,586.7123861174509,0.0,2,0.7,equal_initial,6409.839907303656,586.7123861174509,0.0,0.0,10050.0,10050.0,0.0,0.0,37.55261945078428,0.0,0.0,0.0,0.0,0.0,9814.140695419714,9847.93805292542,260.4416281975365,0.0,260.4416281975365
2025-01-17,33,3298.28,2025-01-17T05:30:00,2025-01-17T05:20:00,05:30:00,18,AH,0.0,05:30:00,18,AH,0.3712,05:30:00,18,AH,0.4301,549.7133333333334,0.0,3298.28,549.7133333333334,2025-01-17T05:30:00,2025-01-17 00:00:00,2025-01-17 00:00:00,2025-01-17T05:30:00,2025-01-17T05:30:00,0.4301,551.413755644583,0.0,25.662696608318377,577.0764522529014,0.0,2,0.7,equal_initial,6409.839907303656,577.0764522529014,0.0,0.0,10050.0,10050.0,0.0,0.0,27.363118919568024,0.0,0.0,0.0,0.0,0.0,9847.93805292542,9872.56485995303,248.20058211397287,0.0,248.20058211397287
2025-01-17,34,3476.6582,2025-01-17T05:40:00,2025-01-17T05:30:00,05:40:00,18,AI,0.0,05:40:00,18,AI,0.3863,05:40:00,18,AI,0.3713,579.4430333333333,0.0,3476.6582,579.4430333333333,2025-01-17T05:40:00,2025-01-17 00:00:00,2025-01-17 00:00:00,2025-01-17T05:40:00,2025-01-17T05:40:00,0.3713,536.5143263453377,0.0,25.662696608318377,562.1770229536561,0.0,2,0.7,equal_initial,6409.839907303656,1395.5103562869895,833.3333333333333,0.0,10050.0,10800.0,0.0,1.0,816.0673229536561,0.0,0.0,0.0,0.0,0.0,9872.56485995303,10607.025450611322,518.1529952893592,0.0,518.1529952893592
2025-01-17,35,3446.1618,2025-01-17T05:50:00,2025-01-17T05:40:00,05:50:00,18,AJ,0.0605,05:50:00,18,AJ,0.5793,05:50:00,18,AJ,0.5708,574.3602999999999,0.010083333333333333,3446.1013,574.3502166666666,2025-01-17T05:50:00,2025-01-17 00:00:00,2025-01-17 00:00:00,2025-01-17T05:50:00,2025-01-17T05:50:00,0.5708,546.2752525911427,0.0,25.662696608318377,571.9379491994611,0.0,2,0.7,equal_initial,6409.839907303656,571.9379491994611,0.0,-0.0,10800.0,10800.0,0.0,-0.0,0.0,2.412267467205538,0.0,0.0,0.0,0.0,10607.025450611322,10604.345153425538,326.46218140305234,0.0,326.46218140305234
2025-01-17,36,3239.14,2025-01-17T06:00:00,2025-01-17T05:50:00,06:00:00,18,AK,0.0,06:00:00,18,AK,0.8381,06:00:00,18,AK,0.9099,539.8566666666667,0.0,3239.14,539.8566666666667,2025-01-17T06:00:00,2025-01-17 00:00:00,2025-01-17 00:00:00,2025-01-17T06:00:00,2025-01-17T06:00:00,0.9099,575.2375099292136,2.1526454496179794,25.662696608318377,600.900206537532,2.1526454496179794,2,0.7,equal_initial,6409.839907303656,0.0,0.0,598.7475610879139,10800.0,10134.72493212454,0.0,0.0,0.0,539.8566666666667,0.0,0.0,0.0,0.0,10604.345153425538,10004.504412684797,0.0,0.0,0.0
2025-01-17,37,3266.7995,2025-01-17T06:10:00,2025-01-17T06:00:00,06:10:00,18,AL,0.0,06:10:00,18,AL,0.8408,06:10:00,18,AL,0.9368,544.4665833333333,0.0,3266.7995,544.4665833333333,2025-01-17T06:10:00,2025-01-17 00:00:00,2025-01-17 00:00:00,2025-01-17T06:10:00,2025-01-17T06:10:00,0.9368,587.1824010403124,11.802279832305516,60.47805427237316,647.6604553126855,11.802279832305516,2,0.7,equal_initial,6409.839907303656,0.0,0.0,635.8581754803799,10134.72493212454,9428.21584825745,0.0,0.0,0.0,544.4665833333333,0.0,0.0,0.0,0.0,10004.504412684797,9399.541542314426,0.0,0.0,0.0
2025-01-17,38,3345.4919,2025-01-17T06:20:00,2025-01-17T06:10:00,06:20:00,18,AM,0.8433,06:20:00,18,AM,0.796,06:20:00,18,AM,0.8758,557.5819833333334,0.14055,3344.6486,557.4414333333334,2025-01-17T06:20:00,2025-01-17 00:00:00,2025-01-17 00:00:00,2025-01-17T06:20:00,2025-01-17T06:20:00,0.8758,582.7081952269074,23.49031303859626,60.47805427237316,643.1862494992805,23.49031303859626,2,0.7,equal_initial,6409.839907303656,0.0,0.0,619.6959364606843,9428.21584825745,8739.66480774558,0.0,0.0,0.0,557.4414333333334,0.0,0.0,0.0,0.0,9399.541542314426,8780.162171944055,0.0,0.0,0.0
2025-01-17,39,3328.08,2025-01-17T06:30:00,2025-01-17T06:20:00,06:30:00,18,AN,0.0,06:30:00,18,AN,0.8067,06:30:00,18,AN,0.8759,554.68,0.0,3328.08,554.68,2025-01-17T06:30:00,2025-01-17 00:00:00,2025-01-17 00:00:00,2025-01-17T06:30:00,2025-01-17T06:30:00,0.8759,572.1493177516386,37.331887540236046,60.47805427237316,632.6273720240117,37.331887540236046,2,0.7,equal_initial,6409.839907303656,0.0,0.0,595.2954844837757,8739.66480774558,8078.225380541384,0.0,0.0,0.0,554.68,0.0,0.0,0.0,0.0,8780.162171944055,8163.851060832944,0.0,0.0,0.0
2025-01-17,40,3305.1722,2025-01-17T06:40:00,2025-01-17T06:30:00,06:40:00,18,AO,0.0,06:40:00,18,AO,0.7849,06:40:00,18,AO,0.8601,550.8620333333333,0.0,3305.1722,550.8620333333333,2025-01-17T06:40:00,2025-01-17 00:00:00,2025-01-17 00:00:00,2025-01-17T06:40:00,2025-01-17T06:40:00,0.8601,567.1437775989883,53.42256167970366,60.47805427237316,627.6218318713615,53.42256167970366,2,0.7,equal_initial,6409.839907303656,0.0,0.0,574.1992701916578,8078.225380541384,7440.226191439542,0.0,0.0,0.0,550.8620333333333,0.0,0.0,0.0,0.0,8163.851060832944,7551.782134907018,0.0,0.0,0.0
2025-01-17,41,3534.5287,2025-01-17T06:50:00,2025-01-17T06:40:00,06:50:00,18,AP,16.242,06:50:00,18,AP,0.8383,06:50:00,18,AP,0.8442,589.0881166666667,2.7070000000000003,3518.2866999999997,586.3811166666667,2025-01-17T06:50:00,2025-01-17 00:00:00,2025-01-17 00:00:00,2025-01-17T06:50:00,2025-01-17T06:50:00,0.8442,583.3904386654458,71.83579200538759,60.47805427237316,643.8684929378189,71.83579200538759,2,0.7,equal_initial,6409.839907303656,0.0,0.0,572.0327009324313,7440.226191439542,6804.6343015146185,0.0,0.0,0.0,586.3811166666667,0.0,0.0,0.0,0.0,7551.782134907018,6900.247560832944,0.0,0.0,0.0
2025-01-17,42,3866.6,2025-01-17T07:00:00,2025-01-17T06:50:00,07:00:00,18,AQ,121.3875,07:00:00,18,AQ,0.9197,07:00:00,18,AQ,0.8334,644.4333333333333,20.23125,3745.2125,624.2020833333332,2025-01-17T07:00:00,2025-01-17 00:00:00,2025-01-17 00:00:00,2025-01-17T07:00:00,2025-01-17T07:00:00,0.8334,619.7961218829435,92.62066012238002,60.47805427237316,680.2741761553166,92.62066012238002,2,0.7,equal_initial,6409.839907303656,0.0,0.0,587.6535160329365,6804.6343015146185,6151.685950366911,0.0,0.0,0.0,624.2020833333332,0.0,0.0,0.0,0.0,6900.247560832944,6206.689690462574,0.0,0.0,0.0
2025-01-17,43,3880.0349,2025-01-17T07:10:00,2025-01-17T07:00:00,07:10:00,18,AR,357.4257,07:10:00,18,AR,0.8591,07:10:00,18,AR,0.8092,646.6724833333334,59.57095,3522.6092,587.1015333333334,2025-01-17T07:10:00,2025-01-17 00:00:00,2025-01-17 00:00:00,2025-01-17T07:10:00,2025-01-17T07:10:00,0.8092,657.4149829789234,115.79988755742363,52.211515293095744,709.6264982720191,115.79988755742363,2,0.7,equal_initial,6409.839907303656,0.0,0.0,593.8266107145955,6151.685950366911,5491.8786051284715,0.0,0.0,0.0,587.1015333333334,0.0,0.0,0.0,0.0,6206.689690462574,5554.3546534255365,0.0,0.0,0.0
2025-01-17,44,3840.8903,2025-01-17T07:20:00,2025-01-17T07:10:00,07:20:00,18,AS,639.2862,07:20:00,18,AS,0.8112,07:20:00,18,AS,0.7972,640.1483833333333,106.5477,3201.6041,533.6006833333333,2025-01-17T07:20:00,2025-01-17 00:00:00,2025-01-17 00:00:00,2025-01-17T07:20:00,2025-01-17T07:20:00,0.7972,677.505572687349,141.36817821442602,52.211515293095744,729.7170879804447,141.36817821442602,2,0.7,equal_initial,6409.839907303656,139.36600070910583,0.0,448.98290905691283,5491.8786051284715,4993.008706176346,0.0,0.0,0.0,394.23468262422745,0.0,0.0,0.0,0.0,5554.3546534255365,5116.316117176395,111.10257576529918,0.0,111.10257576529918
2025-01-17,45,3887.66,2025-01-17T07:30:00,2025-01-17T07:20:00,07:30:00,18,AT,911.4,07:30:00,18,AT,0.8043,07:30:00,18,AT,0.7644,647.9433333333333,151.9,2976.2599999999998,496.0433333333333,2025-01-17T07:30:00,2025-01-17 00:00:00,2025-01-17 00:00:00,2025-01-17T07:30:00,2025-01-17T07:30:00,0.7644,670.4547003084588,169.29092336087183,52.211515293095744,722.6662156015545,169.29092336087183,2,0.7,equal_initial,6409.839907303656,553.3752922406827,0.0,0.0,4993.008706176346,4993.008706176346,0.0,0.0,57.33195890734942,0.0,0.0,0.0,0.0,0.0,5116.316117176395,5167.91488019301,423.0000733887778,0.0,423.0000733887778
2025-01-17,46,3906.1241,2025-01-17T07:40:00,2025-01-17T07:30:00,07:40:00,18,AU,1184.4262,07:40:00,18,AU,0.7442,07:40:00,18,AU,0.6899,651.0206833333333,197.40436666666668,2721.6979,453.61631666666665,2025-01-17T07:40:00,2025-01-17 00:00:00,2025-01-17 00:00:00,2025-01-17T07:40:00,2025-01-17T07:40:00,0.6899,644.7330208385291,199.50329880726167,52.211515293095744,696.9445361316249,199.50329880726167,2,0.7,equal_initial,6409.839907303656,497.4412373243632,0.0,0.0,4993.008706176346,4993.008706176346,0.0,0.0,43.824920657696566,0.0,0.0,0.0,0.0,0.0,5167.91488019301,5207.357308784936,343.18470963007815,0.0,343.18470963007815
2025-01-17,47,3980.1238,2025-01-17T07:50:00,2025-01-17T07:40:00,07:50:00,18,AV,1482.2885,07:50:00,18,AV,0.8678,07:50:00,18,AV,0.86,663.3539666666667,247.04808333333335,2497.8352999999997,416.3058833333333,2025-01-17T07:50:00,2025-01-17 00:00:00,2025-01-17 00:00:00,2025-01-17T07:50:00,2025-01-17T07:50:00,0.86,643.3557637232901,231.9097781046456,52.211515293095744,695.5672790163859,231.9097781046456,2,0.7,equal_initial,6409.839907303656,0.0,0.0,463.65750091174027,4993.008706176346,4477.833705163302,0.0,0.0,0.0,416.3058833333333,0.0,0.0,0.0,0.0,5207.357308784936,4744.795216192344,0.0,0.0,0.0
2025-01-17,48,4055.41,2025-01-17T08:00:00,2025-01-17T07:50:00,08:00:00,18,AW,1809.0,08:00:00,18,AW,1.088,08:00:00,18,AW,1.1617,675.9016666666666,301.5,2246.41,374.40166666666664,2025-01-17T08:00:00,2025-01-17 00:00:00,2025-01-17 00:00:00,2025-01-17T08:00:00,2025-01-17T08:00:00,1.1617,666.33957373539,266.38407928249933,52.211515293095744,718.5510890284858,266.38407928249933,2,0.7,equal_initial,6409.839907303656,0.0,0.0,452.16700974598643,4477.833705163302,3975.42591655665,0.0,0.0,0.0,374.40166666666664,0.0,0.0,0.0,0.0,4744.795216192344,4328.793364340492,0.0,0.0,0.0
2025-01-17,49,3964.3905,2025-01-17T08:10:00,2025-01-17T08:00:00,08:10:00,18,AX,2136.2036,08:10:00,18,AX,1.0564,08:10:00,18,AX,1.1683,660.73175,356.0339333333333,1828.1869000000002,304.6978166666667,2025-01-17T08:10:00,2025-01-17 00:00:00,2025-01-17 00:00:00,2025-01-17T08:10:00,2025-01-17T08:10:00,1.1683,675.9392216159347,302.7695559822056,-12.796095303954212,663.1431263119805,302.7695559822056,2,0.7,equal_initial,6409.839907303656,0.0,0.0,360.3735703297749,3975.42591655665,3575.0108384124555,0.0,0.0,0.0,304.6978166666667,0.0,0.0,0.0,0.0,4328.793364340492,3990.2402347108628,0.0,0.0,0.0
2025-01-17,50,3844.002,2025-01-17T08:20:00,2025-01-17T08:10:00,08:20:00,18,AY,2400.7044,08:20:00,18,AY,1.0024,08:20:00,18,AY,1.0956,640.667,400.11740000000003,1443.2975999999999,240.5496,2025-01-17T08:20:00,2025-01-17 00:00:00,2025-01-17 00:00:00,2025-01-17T08:20:00,2025-01-17T08:20:00,1.0956,688.090953069401,340.88003691848223,-12.796095303954212,675.2948577654469,340.88003691848223,2,0.7,equal_initial,6409.839907303656,0.0,0.0,334.41482084696463,3575.0108384124555,3203.4388152491615,0.0,0.0,0.0,240.5496,0.0,0.0,0.0,0.0,3990.2402347108628,3722.9629013775293,0.0,0.0,0.0
2025-01-17,51,3775.26,2025-01-17T08:30:00,2025-01-17T08:20:00,08:30:00,18,AZ,2632.9875,08:30:00,18,AZ,1.0118,08:30:00,18,AZ,1.0849,629.21,438.83125,1142.2725,190.37875000000003,2025-01-17T08:30:00,2025-01-17 00:00:00,2025-01-17 00:00:00,2025-01-17T08:30:00,2025-01-17T08:30:00,1.0849,700.4149956489131,380.50111053541934,-12.796095303954212,687.6189003449589,380.50111053541934,2,0.7,equal_initial,6409.839907303656,0.0,0.0,307.11778980953954,3203.4388152491615,2862.196826571895,0.0,0.0,0.0,190.37875000000003,0.0,0.0,0.0,0.0,3722.9629013775293,3511.430956933085,0.0,0.0,0.0
2025-01-17,52,3778.0304,2025-01-17T08:40:00,2025-01-17T08:30:00,08:40:00,18,BA,2924.77,08:40:00,18,BA,0.9508,08:40:00,18,BA,1.061,629.6717333333333,487.46166666666664,853.2604000000001,142.2100666666667,2025-01-17T08:40:00,2025-01-17 00:00:00,2025-01-17 00:00:00,2025-01-17T08:40:00,2025-01-17T08:40:00,1.061,695.7416433679624,421.39184463152594,-12.796095303954212,682.9455480640082,421.39184463152594,2,0.7,equal_initial,6409.839907303656,0.0,0.0,261.5537034324823,2862.196826571895,2571.581600535804,0.0,0.0,0.0,142.2100666666667,0.0,0.0,0.0,0.0,3511.430956933085,3353.4197717478996,0.0,0.0,0.0
2025-01-17,53,4138.5692,2025-01-17T08:50:00,2025-01-17T08:40:00,08:50:00,18,BB,3208.0593,08:50:00,18,BB,0.966,08:50:00,18,BB,1.043,689.7615333333333,534.67655,930.5099,155.0849833333333,2025-01-17T08:50:00,2025-01-17 00:00:00,2025-01-17 00:00:00,2025-01-17T08:50:00,2025-01-17T08:50:00,1.043,723.530326413631,463.28692372653114,-12.796095303954212,710.7342311096768,463.28692372653114,2,0.7,equal_initial,6409.839907303656,0.0,0.0,247.44730738314564,2571.581600535804,2296.6401478878643,0.0,0.0,0.0,155.0849833333333,0.0,0.0,0.0,0.0,3353.4197717478996,3181.1031235997516,0.0,0.0,0.0
2025-01-17,54,4628.29,2025-01-17T09:00:00,2025-01-17T08:50:00,09:00:00,18,BC,3463.2,09:00:00,18,BC,1.04,09:00:00,18,BC,1.036,771.3816666666667,577.1999999999999,1165.0900000000001,194.18166666666673,2025-01-17T09:00:00,2025-01-17 00:00:00,2025-01-17 00:00:00,2025-01-17T09:00:00,2025-01-17T09:00:00,1.036,772.4004045455306,505.89918014801816,-12.796095303954212,759.6043092415764,505.89918014801816,2,0.7,equal_initial,6409.839907303656,0.0,0.0,253.70512909355824,2296.6401478878643,2014.7455600061328,0.0,0.0,0.0,194.18166666666673,0.0,0.0,0.0,0.0,3181.1031235997516,2965.3457161923443,0.0,0.0,0.0
2025-01-17,55,4658.1401,2025-01-17T09:10:00,2025-01-17T09:00:00,09:10:00,18,BD,3750.14,09:10:00,18,BD,0.9937,09:10:00,18,BD,1.0147,776.3566833333333,625.0233333333333,908.0000999999997,151.33335,2025-01-17T09:10:00,2025-01-17 00:00:00,2025-01-17 00:00:00,2025-01-17T09:10:00,2025-01-17T09:10:00,1.0147,778.6608897495554,548.9224883416076,0.36726849535017303,779.0281582449055,548.9224883416076,2,0.7,equal_initial,6409.839907303656,0.0,0.0,230.1056699032979,2014.7455600061328,1759.0725934469128,0.0,0.0,0.0,151.33335,0.0,0.0,0.0,0.0,2965.3457161923443,2797.1975495256775,0.0,0.0,0.0
2025-01-17,56,4517.6887,2025-01-17T09:20:00,2025-01-17T09:10:00,09:20:00,18,BE,4087.0638,09:20:00,18,BE,0.943,09:20:00,18,BE,0.9922,752.9481166666666,681.1773,430.6248999999998,71.77081666666663,2025-01-17T09:20:00,2025-01-17 00:00:00,2025-01-17 00:00:00,2025-01-17T09:20:00,2025-01-17T09:20:00,0.9922,778.6608758762089,592.0349858630834,0.36726849535017303,779.028144371559,592.0349858630834,2,0.7,equal_initial,6409.839907303656,0.0,0.0,186.99315850847563,1759.0725934469128,1551.3024173263843,0.0,0.0,0.0,71.77081666666663,0.0,0.0,0.0,0.0,2797.1975495256775,2717.4521976738256,0.0,0.0,0.0
2025-01-17,57,4468.55,2025-01-17T09:30:00,2025-01-17T09:20:00,09:30:00,18,BF,4420.875,09:30:00,18,BF,0.9382,09:30:00,18,BF,0.97,744.7583333333333,736.8125,47.67500000000018,7.945833333333326,2025-01-17T09:30:00,2025-01-17 00:00:00,2025-01-17 00:00:00,2025-01-17T09:30:00,2025-01-17T09:30:00,0.97,786.1993710699799,634.9025789964671,0.36726849535017303,786.56663956533,634.9025789964671,2,0.7,equal_initial,6409.839907303656,0.0,0.0,151.66406056886285,1551.3024173263843,1382.7867944720922,0.0,0.0,0.0,7.945833333333326,0.0,0.0,0.0,0.0,2717.4521976738256,2708.6234939701217,0.0,0.0,0.0
2025-01-17,58,4507.3177,2025-01-17T09:40:00,2025-01-17T09:30:00,09:40:00,18,BG,4652.1781,09:40:00,18,BG,0.93,09:40:00,18,BG,0.9422,751.2196166666666,775.3630166666667,-144.86040000000048,-24.143400000000042,2025-01-17T09:40:00,2025-01-17 00:00:00,2025-01-17 00:00:00,2025-01-17T09:40:00,2025-01-17T09:40:00,0.9422,777.4306565047699,677.1826860522516,0.36726849535017303,777.79792500012,677.1826860522516,2,0.7,equal_initial,6409.839907303656,0.0,0.0,100.61523894786842,1382.7867944720922,1270.9920845300162,0.0,0.0,24.143400000000042,0.0,0.0,0.0,0.0,0.0,2708.6234939701217,2730.352553970122,0.0,0.0,0.0
2025-01-17,59,4584.073,2025-01-17T09:50:00,2025-01-17T09:40:00,09:50:00,18,BH,4745.5342,09:50:00,18,BH,1.0261,09:50:00,18,BH,0.9569,764.0121666666668,790.9223666666667,-161.46119999999974,-26.910199999999918,2025-01-17T09:50:00,2025-01-17 00:00:00,2025-01-17 00:00:00,2025-01-17T09:50:00,2025-01-17T09:50:00,0.9569,770.5017031891156,718.5281672183962,0.36726849535017303,770.8689716844657,718.5281672183962,2,0.7,equal_initial,6409.839907303656,0.0,0.0,52.34080446606947,1270.9920845300162,1212.8356351232724,0.0,0.0,26.910199999999918,0.0,0.0,0.0,0.0,0.0,2730.352553970122,2754.571733970122,0.0,0.0,0.0
2025-01-17,60,4583.29,2025-01-17T10:00:00,2025-01-17T09:50:00,10:00:00,18,BI,4903.35,10:00:00,18,BI,1.1554,10:00:00,18,BI,0.9977,763.8816666666667,817.225,-320.0600000000004,-53.34333333333336,2025-01-17T10:00:00,2025-01-17 00:00:00,2025-01-17 00:00:00,2025-01-17T10:00:00,2025-01-17T10:00:00,0.9977,769.7761895511262,758.5913864355313,0.36726849535017303,770.1434580464763,758.5913864355313,2,0.7,equal_initial,6409.839907303656,0.0,0.0,11.552071610945063,1212.8356351232724,1200.0,0.0,0.0,53.34333333333336,0.0,0.0,0.0,0.0,0.0,2754.571733970122,2802.580733970122,0.0,0.0,0.0
2025-01-17,61,4431.6343,2025-01-17T10:10:00,2025-01-17T10:00:00,10:10:00,18,BJ,5375.4533,10:10:00,18,BJ,1.113,10:10:00,18,BJ,0.9919,738.6057166666666,895.9088833333334,-943.8190000000004,-157.3031666666668,2025-01-17T10:10:00,2025-01-17 00:00:00,2025-01-17 00:00:00,2025-01-17T10:10:00,2025-01-17T10:10:00,0.9919,761.7913114085535,797.0283482066832,21.89904289388816,783.6903543024416,797.0283482066832,2,0.7,equal_initial,6409.839907303656,0.0,13.337993904241557,0.0,1200.0,1212.0041945138173,0.0,1.0,157.3031666666668,0.0,0.0,0.0,0.0,0.0,2802.580733970122,2944.153583970122,0.0,0.0,0.0
2025-01-17,62,4431.9218,2025-01-17T10:20:00,2025-01-17T10:10:00,10:20:00,18,BK,5733.0774,10:20:00,18,BK,1.0349,10:20:00,18,BK,0.9588,738.6536333333333,955.5129000000001,-1301.1556,-216.8592666666667,2025-01-17T10:20:00,2025-01-17 00:00:00,2025-01-17 00:00:00,2025-01-17T10:20:00,2025-01-17T10:20:00,0.9588,759.9474618696435,833.5028505766079,21.89904289388816,781.8465047635316,833.5028505766079,2,0.7,equal_initial,6409.839907303656,0.0,51.656345813076314,0.0,1212.0041945138173,1258.494905745586,0.0,1.0,216.8592666666667,0.0,0.0,0.0,0.0,0.0,2944.153583970122,3139.326923970122,0.0,0.0,0.0
2025-01-17,63,4533.55,2025-01-17T10:30:00,2025-01-17T10:20:00,10:30:00,18,BL,5751.1125,10:30:00,18,BL,1.0502,10:30:00,18,BL,0.9549,755.5916666666667,958.5187500000001,-1217.5625,-202.92708333333337,2025-01-17T10:30:00,2025-01-17 00:00:00,2025-01-17 00:00:00,2025-01-17T10:30:00,2025-01-17T10:30:00,0.9549,759.9436916086505,867.6905947580308,21.89904289388816,781.8427345025386,867.6905947580308,2,0.7,equal_initial,6409.839907303656,0.0,85.84786025549215,0.0,1258.494905745586,1335.757979975529,0.0,1.0,202.92708333333337,0.0,0.0,0.0,0.0,0.0,3139.326923970122,3321.9612989701222,0.0,0.0,0.0
2025-01-17,64,4404.8644,2025-01-17T10:40:00,2025-01-17T10:30:00,10:40:00,18,BM,5610.3473,10:40:00,18,BM,1.1127,10:40:00,18,BM,0.9839,734.1440666666667,935.0578833333334,-1205.4829,-200.91381666666666,2025-01-17T10:40:00,2025-01-17 00:00:00,2025-01-17 00:00:00,2025-01-17T10:40:00,2025-01-17T10:40:00,0.9839,742.7204715596224,899.2831920580229,21.89904289388816,764.6195144535105,899.2831920580229,2,0.7,equal_initial,6409.839907303656,0.0,134.66367760451237,0.0,1335.757979975529,1456.9552898195902,0.0,1.0,200.91381666666666,0.0,0.0,0.0,0.0,0.0,3321.9612989701222,3502.7837339701223,0.0,0.0,0.0
2025-01-17,65,4360.1508,2025-01-17T10:50:00,2025-01-17T10:40:00,10:50:00,18,BN,5598.9945,10:50:00,18,BN,0.8786,10:50:00,18,BN,0.799,726.6918000000001,933.16575,-1238.8436999999994,-206.47394999999995,2025-01-17T10:50:00,2025-01-17 00:00:00,2025-01-17 00:00:00,2025-01-17T10:50:00,2025-01-17T10:50:00,0.799,728.135854404748,927.992009868585,21.89904289388816,750.0348972986361,927.992009868585,2,0.7,equal_initial,6409.839907303656,0.0,177.9571125699489,0.0,1456.9552898195902,1617.1166911325442,0.0,1.0,206.47394999999995,0.0,0.0,0.0,0.0,0.0,3502.7837339701223,3688.6102889701224,0.0,0.0,0.0
2025-01-17,66,4375.69,2025-01-17T11:00:00,2025-01-17T10:50:00,11:00:00,18,BO,5727.075,11:00:00,18,BO,0.4878,11:00:00,18,BO,0.5025,729.2816666666666,954.5124999999999,-1351.3850000000002,-225.2308333333333,2025-01-17T11:00:00,2025-01-17 00:00:00,2025-01-17 00:00:00,2025-01-17T11:00:00,2025-01-17T11:00:00,0.5025,727.6927975248391,953.5518005168599,21.89904289388816,749.5918404187272,953.5518005168599,2,0.7,equal_initial,6409.839907303656,152.29605330473424,356.2560134028669,0.0,1617.1166911325442,1937.7471031951245,0.0,0.9999999999999938,377.5268866380676,0.0,0.0,0.0,0.0,0.0,3688.6102889701224,4028.3844869443833,76.52876678562895,0.0,76.52876678562895
2025-01-17,67,4117.7592,2025-01-17T11:10:00,2025-01-17T11:00:00,11:10:00,18,BP,5771.565,11:10:00,18,BP,0.4442,11:10:00,18,BP,0.4662,686.2932000000001,961.9274999999999,-1653.8057999999992,-275.6342999999998,2025-01-17T11:10:00,2025-01-17 00:00:00,2025-01-17 00:00:00,2025-01-17T11:10:00,2025-01-17T11:10:00,0.4662,732.4570088353829,975.7240596927998,38.639461287492246,771.0964701228752,975.7240596927998,2,0.7,equal_initial,6409.839907303656,628.7057437634087,833.3333333333333,0.0,1937.7471031951245,2687.7471031951245,0.0,1.0,833.3333333333334,0.0,0.0,71.00671043007526,71.00671043007526,0.0,4028.3844869443833,4778.384486944384,293.10261774250114,0.0,293.10261774250114
2025-01-17,68,4008.6204,2025-01-17T11:20:00,2025-01-17T11:10:00,11:20:00,18,BQ,5775.9045,11:20:00,18,BQ,0.4919,11:20:00,18,BQ,0.5007,668.1034,962.6507499999999,-1767.2840999999999,-294.54734999999994,2025-01-17T11:20:00,2025-01-17 00:00:00,2025-01-17 00:00:00,2025-01-17T11:20:00,2025-01-17T11:20:00,0.5007,726.1171953290713,994.3000649413414,38.639461287492246,764.7566566165635,994.3000649413414,2,0.7,equal_initial,6409.839907303656,603.7899250085554,833.3333333333333,0.0,2687.7471031951245,3437.7471031951245,0.0,1.0,833.3333333333334,0.0,0.0,65.00394167522211,65.00394167522211,0.0,4778.384486944384,5528.384486944384,302.31761545178375,0.0,302.31761545178375
2025-01-17,69,4172.39,2025-01-17T11:30:00,2025-01-17T11:20:00,11:30:00,18,BR,5738.9625,11:30:00,18,BR,0.4731,11:30:00,18,BR,0.4827,695.3983333333334,956.49375,-1566.5724999999993,-261.09541666666655,2025-01-17T11:30:00,2025-01-17 00:00:00,2025-01-17 00:00:00,2025-01-17T11:30:00,2025-01-17T11:30:00,0.4827,712.3023183924611,1009.1035492640017,38.639461287492246,750.9417796799534,1009.1035492640017,2,0.7,equal_initial,6409.839907303656,575.1715637492849,833.3333333333333,0.0,3437.7471031951245,4187.7471031951245,0.0,1.0,833.3333333333334,0.0,0.0,2.9336470826181085,2.9336470826181085,0.0,5528.384486944384,6278.384486944384,277.63531382177985,0.0,277.63531382177985
2025-01-17,70,4298.6845,2025-01-17T11:40:00,2025-01-17T11:30:00,11:40:00,18,BS,5624.4215,11:40:00,18,BS,0.4882,11:40:00,18,BS,0.4785,716.4474166666668,937.4035833333334,-1325.737,-220.9561666666666,2025-01-17T11:40:00,2025-01-17 00:00:00,2025-01-17 00:00:00,2025-01-17T11:40:00,2025-01-17T11:40:00,0.4785,709.4656300808626,1019.9929701500206,38.639461287492246,748.1050913683549,1019.9929701500206,2,0.7,equal_initial,6409.839907303656,561.4454545516676,833.3333333333333,0.0,4187.7471031951245,4937.7471031951245,0.0,1.0,782.4016212183343,0.0,0.0,0.0,0.0,0.0,6278.384486944384,6982.545946040885,268.65165000297293,0.0,268.65165000297293
2025-01-17,71,4313.0226,2025-01-17T11:50:00,2025-01-17T11:40:00,11:50:00,18,BT,5693.3182,11:50:00,18,BT,0.4965,11:50:00,18,BT,0.4662,718.8371000000001,948.8863666666666,-1380.2955999999995,-230.04926666666654,2025-01-17T11:50:00,2025-01-17 00:00:00,2025-01-17 00:00:00,2025-01-17T11:50:00,2025-01-17T11:50:00,0.4662,709.2954437729085,1026.8633402666017,38.639461287492246,747.9349050604008,1026.8633402666017,2,0.7,equal_initial,6409.839907303656,554.4048981271324,833.3333333333333,0.0,4937.7471031951245,5687.7471031951245,0.0,1.0,784.4541647937989,0.0,0.0,0.0,0.0,0.0,6982.545946040885,7688.554694355304,258.4635635068691,0.0,258.4635635068691
2025-01-17,72,4277.26,2025-01-17T12:00:00,2025-01-17T11:50:00,12:00:00,18,BU,5830.2,12:00:00,18,BU,0.4837,12:00:00,18,BU,0.4432,712.8766666666667,971.6999999999999,-1552.9399999999996,-258.82333333333327,2025-01-17T12:00:00,2025-01-17 00:00:00,2025-01-17 00:00:00,2025-01-17T12:00:00,2025-01-17T12:00:00,0.4432,702.6714128057439,1029.6475924877961,38.639461287492246,741.3108740932362,1029.6475924877961,2,0.7,equal_initial,6409.839907303656,544.9966149387733,833.3333333333333,0.0,5687.7471031951245,6437.7471031951245,0.0,1.0,803.8199482721064,0.0,0.0,0.0,0.0,0.0,7688.554694355304,8411.9926478002,241.54249974086432,0.0,241.54249974086432
2025-01-17,73,4256.3285,2025-01-17T12:10:00,2025-01-17T12:00:00,12:10:00,18,BV,5676.1411,12:10:00,18,BV,0.4806,12:10:00,18,BV,0.4411,709.3880833333333,946.0235166666666,-1419.8126000000002,-236.63543333333337,2025-01-17T12:10:00,2025-01-17 00:00:00,2025-01-17 00:00:00,2025-01-17T12:10:00,2025-01-17T12:10:00,0.4411,691.4673417576817,1028.3174588294855,60.66726722875785,752.1346089864395,1028.3174588294855,2,0.7,equal_initial,6409.839907303656,557.1504834902872,833.3333333333333,0.0,6437.7471031951245,7187.7471031951245,0.0,1.0,793.7859168236205,0.0,0.0,0.0,0.0,0.0,8411.9926478002,9126.399972941459,245.75907826756568,0.0,245.75907826756568
2025-01-17,74,4057.7372,2025-01-17T12:20:00,2025-01-17T12:10:00,12:20:00,18,BW,5680.8298,12:20:00,18,BW,0.4412,12:20:00,18,BW,0.4551,676.2895333333333,946.8049666666667,-1623.0926000000004,-270.51543333333336,2025-01-17T12:20:00,2025-01-17 00:00:00,2025-01-17 00:00:00,2025-01-17T12:20:00,2025-01-17T12:20:00,0.4551,695.4914567549075,1022.8838500738752,60.66726722875785,756.1587239836654,1022.8838500738752,2,0.7,equal_initial,6409.839907303656,566.6082072431234,833.3333333333333,0.0,7187.7471031951245,7937.7471031951245,0.0,1.0,833.3333333333334,0.0,0.0,3.790307243123493,3.790307243123493,0.0,9126.399972941459,9876.399972941459,257.86339511634543,0.0,257.86339511634543
2025-01-17,75,3834.8,2025-01-17T12:30:00,2025-01-17T12:20:00,12:30:00,18,BX,5913.225,12:30:00,18,BX,0.3684,12:30:00,18,BX,0.4463,639.1333333333333,985.5375,-2078.425,-346.4041666666667,2025-01-17T12:30:00,2025-01-17 00:00:00,2025-01-17 00:00:00,2025-01-17T12:30:00,2025-01-17T12:30:00,0.4463,703.4147145874017,1013.3967302955441,60.66726722875785,764.0819818161596,1013.3967302955441,2,0.7,equal_initial,6409.839907303656,584.0185848539487,833.3333333333333,0.0,7937.7471031951245,8687.747103195125,0.0,1.0,833.3333333333334,0.0,0.0,97.08941818728204,97.08941818728204,0.0,9876.399972941459,10626.399972941459,260.6474944203173,0.0,260.6474944203173
2025-01-17,76,3957.5544,2025-01-17T12:40:00,2025-01-17T12:30:00,12:40:00,18,BY,5964.0608,12:40:00,18,BY,0.3582,12:40:00,18,BY,0.4113,659.5924,994.0101333333333,-2006.5064000000002,-334.41773333333333,2025-01-17T12:40:00,2025-01-17 00:00:00,2025-01-17 00:00:00,2025-01-17T12:40:00,2025-01-17T12:40:00,0.4113,687.772765910294,999.9444880235353,60.66726722875785,748.4400331390518,999.9444880235353,2,0.7,equal_initial,6409.839907303656,581.8288784488498,833.3333333333333,0.0,8687.747103195125,9437.747103195125,0.0,1.0,192.88891895393436,0.0,0.0,723.3576928282489,581.8288784488498,141.52881437939914,10626.399972941459,10800.0,239.30621770601192,0.0,239.30621770601192
2025-01-17,77,4040.7685,2025-01-17T12:50:00,2025-01-17T12:40:00,12:50:00,18,BZ,5862.5525,12:50:00,18,BZ,0.5841,12:50:00,18,BZ,0.5682,673.4614166666667,977.0920833333333,-1821.7839999999997,-303.6306666666667,2025-01-17T12:50:00,2025-01-17 00:00:00,2025-01-17 00:00:00,2025-01-17T12:50:00,2025-01-17T12:50:00,0.5682,695.4921571760377,982.6528132697748,60.66726722875785,756.1594244047956,982.6528132697748,2,0.7,equal_initial,6409.839907303656,0.0,226.49338886497924,0.0,9437.747103195125,9641.591153173606,0.0,1.0,0.0,0.0,0.0,303.6306666666667,0.0,303.6306666666667,10800.0,10800.0,0.0,0.0,0.0
2025-01-17,78,3998.18,2025-01-17T13:00:00,2025-01-17T12:50:00,13:00:00,18,CA,5753.5125,13:00:00,18,CA,0.8624,13:00:00,18,CA,0.8279,666.3633333333333,958.9187499999999,-1755.3325,-292.5554166666666,2025-01-17T13:00:00,2025-01-17 00:00:00,2025-01-17 00:00:00,2025-01-17T13:00:00,2025-01-17T13:00:00,0.8279,717.8135593317214,961.683097003225,60.66726722875785,778.4808265604793,961.683097003225,2,0.7,equal_initial,6409.839907303656,0.0,183.20227044274577,0.0,9641.591153173606,9806.473196572077,0.0,1.0,0.0,0.0,0.0,292.5554166666666,0.0,292.5554166666666,10800.0,10800.0,0.0,0.0,0.0
2025-01-17,79,4089.1481,2025-01-17T13:10:00,2025-01-17T13:00:00,13:10:00,18,CB,5706.7365,13:10:00,18,CB,0.815,13:10:00,18,CB,0.8636,681.5246833333333,951.12275,-1617.5884,-269.5980666666667,2025-01-17T13:10:00,2025-01-17 00:00:00,2025-01-17 00:00:00,2025-01-17T13:10:00,2025-01-17T13:10:00,0.8636,695.6130287568905,937.230376734063,20.268558375888848,715.8815871327793,937.230376734063,2,0.7,equal_initial,6409.839907303656,0.0,221.34878960128378,0.0,9806.473196572077,10005.687107213233,0.0,1.0,0.0,0.0,0.0,269.5980666666667,0.0,269.5980666666667,10800.0,10800.0,0.0,0.0,0.0
2025-01-17,80,4008.2518,2025-01-17T13:20:00,2025-01-17T13:10:00,13:20:00,18,CC,5509.4652,13:20:00,18,CC,0.7695,13:20:00,18,CC,0.8416,668.0419666666667,918.2442,-1501.2133999999996,-250.2022333333333,2025-01-17T13:20:00,2025-01-17 00:00:00,2025-01-17 00:00:00,2025-01-17T13:20:00,2025-01-17T13:20:00,0.8416,665.8412562222728,909.5208585795733,20.268558375888848,686.1098145981616,909.5208585795733,2,0.7,equal_initial,6409.839907303656,0.0,223.4110439814117,0.0,10005.687107213233,10206.757046796503,0.0,1.0,0.0,0.0,0.0,250.2022333333333,0.0,250.2022333333333,10800.0,10800.0,0.0,0.0,0.0
2025-01-17,81,3802.69,2025-01-17T13:30:00,2025-01-17T13:20:00,13:30:00,18,CD,5232.7125,13:30:00,18,CD,0.8273,13:30:00,18,CD,0.8618,633.7816666666666,872.11875,-1430.0224999999996,-238.33708333333334,2025-01-17T13:30:00,2025-01-17 00:00:00,2025-01-17 00:00:00,2025-01-17T13:30:00,2025-01-17T13:30:00,0.8618,663.8082463334741,878.8090524064099,20.268558375888848,684.0768047093629,878.8090524064099,2,0.7,equal_initial,6409.839907303656,0.0,194.732247697047,0.0,10206.757046796503,10382.016069723846,0.0,1.0,0.0,0.0,0.0,238.33708333333334,0.0,238.33708333333334,10800.0,10800.0,0.0,0.0,0.0
2025-01-17,82,3854.3518,2025-01-17T13:40:00,2025-01-17T13:30:00,13:40:00,18,CE,5163.2379,13:40:00,18,CE,0.7911,13:40:00,18,CE,0.8623,642.3919666666667,860.53965,-1308.8861000000002,-218.14768333333336,2025-01-17T13:40:00,2025-01-17 00:00:00,2025-01-17 00:00:00,2025-01-17T13:40:00,2025-01-17T13:40:00,0.8623,684.8406848658756,845.3745622834604,20.268558375888848,705.1092432417644,845.3745622834604,2,0.7,equal_initial,6409.839907303656,0.0,140.265319041696,0.0,10382.016069723846,10508.254856861373,0.0,1.0,0.0,0.0,0.0,218.14768333333336,0.0,218.14768333333336,10800.0,10800.0,0.0,0.0,0.0
2025-01-17,83,3901.5064,2025-01-17T13:50:00,2025-01-17T13:40:00,13:50:00,18,CF,5046.2502,13:50:00,18,CF,0.8832,13:50:00,18,CF,0.9026,650.2510666666667,841.0417000000001,-1144.7438000000002,-190.7906333333334,2025-01-17T13:50:00,2025-01-17 00:00:00,2025-01-17 00:00:00,2025-01-17T13:50:00,2025-01-17T13:50:00,0.9026,673.678182746495,809.5185794464705,20.268558375888848,693.9467411223839,809.5185794464705,2,0.7,equal_initial,6409.839907303656,0.0,115.57183832408668,0.0,10508.254856861373,10612.269511353052,0.0,1.0,0.0,0.0,0.0,190.7906333333334,0.0,190.7906333333334,10800.0,10800.0,0.0,0.0,0.0
2025-01-17,84,3846.32,2025-01-17T14:00:00,2025-01-17T13:50:00,14:00:00,18,CG,4785.6,14:00:00,18,CG,1.0771,14:00:00,18,CG,0.9754,641.0533333333334,797.6,-939.2800000000002,-156.54666666666662,2025-01-17T14:00:00,2025-01-17 00:00:00,2025-01-17 00:00:00,2025-01-17T14:00:00,2025-01-17T14:00:00,0.9754,640.651543943314,771.5601291916818,20.268558375888848,660.9201023192028,771.5601291916818,2,0.7,equal_initial,6409.839907303656,0.0,110.64002687247898,0.0,10612.269511353052,10711.845535538283,0.0,1.0,0.0,0.0,0.0,156.54666666666662,0.0,156.54666666666662,10800.0,10800.0,0.0,0.0,0.0
2025-01-17,85,3850.387,2025-01-17T14:10:00,2025-01-17T14:00:00,14:10:00,18,CH,4547.8004,14:10:00,18,CH,1.0917,14:10:00,18,CH,1.0002,641.7311666666667,757.9667333333333,-697.4133999999999,-116.23556666666661,2025-01-17T14:10:00,2025-01-17 00:00:00,2025-01-17 00:00:00,2025-01-17T14:10:00,2025-01-17T14:10:00,1.0002,651.4788733431081,731.8321265152847,-4.266961526580417,647.2119118165277,731.8321265152847,2,0.7,equal_initial,6409.839907303656,0.0,84.62021469875697,0.0,10711.845535538283,10788.003728767164,0.0,1.0,0.0,0.0,0.0,116.23556666666661,0.0,116.23556666666661,10800.0,10800.0,0.0,0.0,0.0
2025-01-17,86,3803.9563,2025-01-17T14:20:00,2025-01-17T14:10:00,14:20:00,18,CI,4360.1477,14:20:00,18,CI,1.0555,14:20:00,18,CI,0.9978,633.9927166666666,726.6912833333334,-556.1914000000006,-92.6985666666668,2025-01-17T14:20:00,2025-01-17 00:00:00,2025-01-17 00:00:00,2025-01-17T14:20:00,2025-01-17T14:20:00,0.9978,681.6150691141313,690.6772978462578,-4.266961526580417,677.3481075875509,690.6772978462578,2,0.7,equal_initial,6409.839907303656,0.0,13.329190258706944,0.0,10788.003728767164,10800.0,0.0,1.0,0.0,0.0,0.0,92.6985666666668,0.0,92.6985666666668,10800.0,10800.0,0.0,0.0,0.0
2025-01-17,87,3800.91,2025-01-17T14:30:00,2025-01-17T14:20:00,14:30:00,18,CJ,4253.4,14:30:00,18,CJ,1.1055,14:30:00,18,CJ,1.0271,633.485,708.9,-452.4899999999998,-75.41499999999996,2025-01-17T14:30:00,2025-01-17 00:00:00,2025-01-17 00:00:00,2025-01-17T14:30:00,2025-01-17T14:30:00,1.0271,682.5409951634275,648.4440278442274,-4.266961526580417,678.2740336368471,648.4440278442274,2,0.7,equal_initial,6409.839907303656,0.0,0.0,29.83000579261966,10800.0,10766.855549119311,0.0,0.0,0.0,0.0,0.0,75.41499999999996,0.0,75.41499999999996,10800.0,10800.0,0.0,0.0,0.0
2025-01-17,88,4034.9904,2025-01-17T14:40:00,2025-01-17T14:30:00,14:40:00,18,CK,4220.8613,14:40:00,18,CK,1.1999,14:40:00,18,CK,1.0906,672.4984000000001,703.4768833333333,-185.87089999999944,-30.9784833333332,2025-01-17T14:40:00,2025-01-17 00:00:00,2025-01-17 00:00:00,2025-01-17T14:40:00,2025-01-17T14:40:00,1.0906,634.2617675311625,605.4821909284378,-4.266961526580417,629.9948060045821,605.4821909284378,2,0.7,equal_initial,6409.839907303656,0.0,0.0,24.512615076144243,10766.855549119311,10739.619310145818,0.0,0.0,0.0,0.0,0.0,30.9784833333332,0.0,30.9784833333332,10800.0,10800.0,0.0,0.0,0.0
2025-01-17,89,4029.8138,2025-01-17T14:50:00,2025-01-17T14:40:00,14:50:00,18,CL,3958.9186,14:50:00,18,CL,0.9963,14:50:00,18,CL,0.9376,671.6356333333333,659.8197666666666,70.89519999999993,11.815866666666693,2025-01-17T14:50:00,2025-01-17 00:00:00,2025-01-17 00:00:00,2025-01-17T14:50:00,2025-01-17T14:50:00,0.9376,627.5611333675917,562.1390269611034,-4.266961526580417,623.2941718410112,562.1390269611034,2,0.7,equal_initial,6409.839907303656,0.0,0.0,61.15514487990788,10739.619310145818,10671.669149168141,0.0,0.0,0.0,11.815866666666693,0.0,0.0,0.0,0.0,10800.0,10786.87125925926,0.0,0.0,0.0
2025-01-17,90,3839.84,2025-01-17T15:00:00,2025-01-17T14:50:00,15:00:00,18,CM,3522.9375,15:00:00,18,CM,0.6364,15:00:00,18,CM,0.6694,639.9733333333334,587.15625,316.90250000000015,52.81708333333336,2025-01-17T15:00:00,2025-01-17 00:00:00,2025-01-17 00:00:00,2025-01-17T15:00:00,2025-01-17T15:00:00,0.6694,655.2281310379134,518.7551193360863,-4.266961526580417,650.961169511333,518.7551193360863,2,0.7,equal_initial,6409.839907303656,132.20605017524667,0.0,0.0,10671.669149168141,10671.669149168141,0.0,0.0,14.587489711933205,0.0,0.0,64.80147712998011,64.80147712998011,0.0,10786.87125925926,10800.0,88.49872998731013,0.0,88.49872998731013
2025-01-17,91,3966.2912,2025-01-17T15:10:00,2025-01-17T15:00:00,15:10:00,18,CN,3258.1197,15:10:00,18,CN,0.6254,15:10:00,18,CN,0.66,661.0485333333334,543.01995,708.1714999999999,118.02858333333336,2025-01-17T15:10:00,2025-01-17 00:00:00,2025-01-17 00:00:00,2025-01-17T15:10:00,2025-01-17T15:10:00,0.66,627.8444091361422,475.66053164505206,-17.601484826091134,610.2429243100511,475.66053164505206,2,0.7,equal_initial,6409.839907303656,277.17222692261976,142.58983425762077,0.0,10671.669149168141,10800.0,0.0,1.00000000000001,0.0,0.0,0.0,159.1436435892864,159.1436435892864,0.0,10800.0,10800.0,182.93366976892904,0.0,182.93366976892904
2025-01-17,92,3920.7962,2025-01-17T15:20:00,2025-01-17T15:10:00,15:20:00,18,CO,2949.2974,15:20:00,18,CO,0.7055,15:20:00,18,CO,0.7217,653.4660333333334,491.54956666666664,971.4988000000003,161.91646666666674,2025-01-17T15:20:00,2025-01-17 00:00:00,2025-01-17 00:00:00,2025-01-17T15:20:00,2025-01-17T15:20:00,0.7217,624.7535169861694,433.17115614582593,-17.601484826091134,607.1520321600783,433.17115614582593,2,0.7,equal_initial,6409.839907303656,173.98087601425237,0.0,0.0,10800.0,10800.0,0.0,0.0,0.0,0.0,0.0,12.064409347585638,12.064409347585638,0.0,10800.0,10800.0,125.56199821948594,0.0,125.56199821948594
2025-01-17,93,3618.47,2025-01-17T15:30:00,2025-01-17T15:20:00,15:30:00,18,CP,2576.3625,15:30:00,18,CP,0.6923,15:30:00,18,CP,0.7308,603.0783333333333,429.39375,1042.1074999999996,173.68458333333325,2025-01-17T15:30:00,2025-01-17 00:00:00,2025-01-17 00:00:00,2025-01-17T15:30:00,2025-01-17T15:30:00,0.7308,650.7973671072757,391.5853234936094,-17.601484826091134,633.1958822811846,391.5853234936094,2,0.7,equal_initial,6409.839907303656,241.6105587875752,0.0,0.0,10800.0,10800.0,0.0,0.0,0.0,0.0,0.0,67.9259754542419,67.9259754542419,0.0,10800.0,10800.0,176.56899636195996,0.0,176.56899636195996
2025-01-17,94,3507.9532,2025-01-17T15:40:00,2025-01-17T15:30:00,15:40:00,18,CQ,2358.094,15:40:00,18,CQ,0.6642,15:40:00,18,CQ,0.7534,584.6588666666667,393.0156666666667,1149.8591999999999,191.64319999999998,2025-01-17T15:40:00,2025-01-17 00:00:00,2025-01-17 00:00:00,2025-01-17T15:40:00,2025-01-17T15:40:00,0.7534,630.5524036459452,351.18071868030864,-17.601484826091134,612.9509188198541,351.18071868030864,2,0.7,equal_initial,6409.839907303656,261.77020013954547,0.0,0.0,10800.0,10800.0,0.0,0.0,0.0,0.0,0.0,70.12700013954554,70.12700013954554,0.0,10800.0,10800.0,197.21766878513355,0.0,197.21766878513355
2025-01-17,95,3538.7746,2025-01-17T15:50:00,2025-01-17T15:40:00,15:50:00,18,CR,2118.8657,15:50:00,18,CR,0.6684,15:50:00,18,CR,0.7823,589.7957666666667,353.1442833333333,1419.9089000000004,236.65148333333343,2025-01-17T15:50:00,2025-01-17 00:00:00,2025-01-17 00:00:00,2025-01-17T15:50:00,2025-01-17T15:50:00,0.7823,635.1079604702367,312.21164293790196,-17.601484826091134,617.5064756441456,312.21164293790196,2,0.7,equal_initial,6409.839907303656,305.2948327062436,0.0,0.0,10800.0,10800.0,0.0,0.0,0.0,0.0,0.0,68.64334937291017,68.64334937291017,0.0,10800.0,10800.0,238.83214762609435,0.0,238.83214762609435
2025-01-17,96,3554.66,2025-01-17T16:00:00,2025-01-17T15:50:00,16:00:00,18,CS,1801.8,16:00:00,18,CS,0.695,16:00:00,18,CS,0.8055,592.4433333333333,300.3,1752.86,292.14333333333326,2025-01-17T16:00:00,2025-01-17 00:00:00,2025-01-17 00:00:00,2025-01-17T16:00:00,2025-01-17T16:00:00,0.8055,666.1356096012644,274.9066555867289,-17.601484826091134,648.5341247751733,274.9066555867289,2,0.7,equal_initial,6409.839907303656,373.62746918844437,0.0,0.0,10800.0,10800.0,0.0,0.0,0.0,0.0,0.0,81.48413585511105,81.48413585511105,0.0,10800.0,10800.0,300.95692643129195,0.0,300.95692643129195
2025-01-17,97,3482.7829,2025-01-17T16:10:00,2025-01-17T16:00:00,16:10:00,18,CT,1524.1341,16:10:00,18,CT,0.71,16:10:00,18,CT,0.8271,580.4638166666667,254.02235,1958.6488000000002,326.44146666666677,2025-01-17T16:10:00,2025-01-17 00:00:00,2025-01-17 00:00:00,2025-01-17T16:10:00,2025-01-17T16:10:00,0.8271,645.4307964565521,239.46662354640458,61.424720076664556,706.8555165332167,239.46662354640458,2,0.7,equal_initial,6409.839907303656,467.38889298681215,0.0,-0.0,10800.0,10800.0,0.0,0.0,0.0,0.0,0.0,140.94742632014538,140.94742632014538,0.0,10800.0,10800.0,386.57735338939233,0.0,386.57735338939233
2025-01-17,98,3473.159,2025-01-17T16:20:00,2025-01-17T16:10:00,16:20:00,18,CU,1220.5855,16:20:00,18,CU,0.7639,16:20:00,18,CU,0.8519,578.8598333333333,203.43091666666666,2252.5735000000004,375.4289166666666,2025-01-17T16:20:00,2025-01-17 00:00:00,2025-01-17 00:00:00,2025-01-17T16:20:00,2025-01-17T16:20:00,0.8519,604.2281580304922,206.06319958090717,61.424720076664556,665.6528781071568,206.06319958090717,2,0.7,equal_initial,6409.839907303656,459.5896785262496,0.0,0.0,10800.0,10800.0,0.0,0.0,0.0,0.0,0.0,84.16076185958298,84.16076185958298,0.0,10800.0,10800.0,391.52444713651204,0.0,391.52444713651204
2025-01-17,99,3592.48,2025-01-17T16:30:00,2025-01-17T16:20:00,16:30:00,18,CV,899.775,16:30:00,18,CV,0.8486,16:30:00,18,CV,0.8791,598.7466666666667,149.9625,2692.705,448.7841666666667,2025-01-17T16:30:00,2025-01-17 00:00:00,2025-01-17 00:00:00,2025-01-17T16:30:00,2025-01-17T16:30:00,0.8791,592.5186664061179,174.83774343135292,61.424720076664556,653.9433864827824,174.83774343135292,2,0.7,equal_initial,6409.839907303656,479.1056430514295,0.0,-0.0,10800.0,10800.0,0.0,0.0,0.0,0.0,0.0,30.321476384762832,30.321476384762832,0.0,10800.0,10800.0,421.1817708065117,0.0,421.1817708065117
2025-01-17,100,3678.3868,2025-01-17T16:40:00,2025-01-17T16:30:00,16:40:00,18,CW,648.2962,16:40:00,18,CW,0.8845,16:40:00,18,CW,0.9024,613.0644666666667,108.04936666666667,3030.0906000000004,505.0151,2025-01-17T16:40:00,2025-01-17 00:00:00,2025-01-17 00:00:00,2025-01-17T16:40:00,2025-01-17T16:40:00,0.9024,620.2401469880423,145.9006929150589,61.424720076664556,681.6648670647069,145.9006929150589,2,0.7,equal_initial,6409.839907303656,535.7641741496479,0.0,-0.0,10800.0,10800.0,0.0,0.0,0.0,0.0,0.0,30.749074149647868,30.749074149647868,0.0,10800.0,10800.0,483.4735907526423,0.0,483.4735907526423
2025-01-17,101,3247.2339,2025-01-17T16:50:00,2025-01-17T16:40:00,16:50:00,18,CX,383.4095,16:50:00,18,CX,0.8286,16:50:00,18,CX,0.9163,541.20565,63.90158333333333,2863.8244000000004,477.30406666666664,2025-01-17T16:50:00,2025-01-17 00:00:00,2025-01-17 00:00:00,2025-01-17T16:50:00,2025-01-17T16:50:00,0.9163,582.905520399793,119.33138495486538,61.424720076664556,644.3302404764576,119.33138495486538,2,0.7,equal_initial,6409.839907303656,524.9988555215922,0.0,-0.0,10800.0,10800.0,0.0,0.0,0.0,0.0,0.0,47.69478885492549,47.69478885492549,0.0,10800.0,10800.0,481.0564513144349,0.0,481.0564513144349
2025-01-17,102,2645.08,2025-01-17T17:00:00,2025-01-17T16:50:00,17:00:00,18,CY,129.45,17:00:00,18,CY,0.7591,17:00:00,18,CY,0.9264,440.84666666666664,21.575,2515.63,419.27166666666665,2025-01-17T17:00:00,2025-01-17 00:00:00,2025-01-17 00:00:00,2025-01-17T17:00:00,2025-01-17T17:00:00,0.9264,498.9412086772337,95.178319465434,61.424720076664556,560.3659287538983,95.178319465434,2,0.7,equal_initial,6409.839907303656,465.1876092884643,0.0,-0.0,10800.0,10800.0,0.0,0.0,0.0,0.0,0.0,45.915942621797626,45.915942621797626,0.0,10800.0,10800.0,430.9498012448333,0.0,430.9498012448333
2025-01-17,103,2729.8818,2025-01-17T17:10:00,2025-01-17T17:00:00,17:10:00,18,CZ,16.4354,17:10:00,18,CZ,0.8003,17:10:00,18,CZ,0.9462,454.9803,2.7392333333333334,2713.4464000000003,452.24106666666665,2025-01-17T17:10:00,2025-01-17 00:00:00,2025-01-17 00:00:00,2025-01-17T17:10:00,2025-01-17T17:10:00,0.9462,492.22723612115703,73.45985217866053,49.08706139588715,541.3142975170442,73.45985217866053,2,0.7,equal_initial,6409.839907303656,467.8544453383837,0.0,-0.0,10800.0,10800.0,0.0,0.0,0.0,0.0,0.0,15.613378671717044,15.613378671717044,0.0,10800.0,10800.0,442.6838761791787,0.0,442.6838761791787
2025-01-17,104,2810.8925,2025-01-17T17:20:00,2025-01-17T17:10:00,17:20:00,18,DA,0.0,17:20:00,18,DA,0.8198,17:20:00,18,DA,0.9742,468.4820833333333,0.0,2810.8925,468.4820833333333,2025-01-17T17:20:00,2025-01-17 00:00:00,2025-01-17 00:00:00,2025-01-17T17:20:00,2025-01-17T17:20:00,0.9742,505.6576277356205,54.16529594989508,49.08706139588715,554.7446891315077,54.16529594989508,2,0.7,equal_initial,6409.839907303656,500.5793931816126,0.0,0.0,10800.0,10800.0,0.0,0.0,0.0,0.0,0.0,32.09730984827928,32.09730984827928,0.0,10800.0,10800.0,487.66444483752696,0.0,487.66444483752696
2025-01-17,105,2658.11,2025-01-17T17:30:00,2025-01-17T17:20:00,17:30:00,18,DB,0.0,17:30:00,18,DB,0.7691,17:30:00,18,DB,0.9862,443.0183333333334,0.0,2658.11,443.0183333333334,2025-01-17T17:30:00,2025-01-17 00:00:00,2025-01-17 00:00:00,2025-01-17T17:30:00,2025-01-17T17:30:00,0.9862,500.0144238017374,37.25640395602779,49.08706139588715,549.1014851976246,37.25640395602779,2,0.7,equal_initial,6409.839907303656,511.8450812415968,0.0,0.0,10800.0,10800.0,0.0,0.0,0.0,0.0,0.0,68.82674790826343,68.82674790826343,0.0,10800.0,10800.0,504.7816191204627,0.0,504.7816191204627
2025-01-17,106,2721.324,2025-01-17T17:40:00,2025-01-17T17:30:00,17:40:00,18,DC,0.8358,17:40:00,18,DC,0.7502,17:40:00,18,DC,0.976,453.55400000000003,0.1393,2720.4882000000002,453.41470000000004,2025-01-17T17:40:00,2025-01-17 00:00:00,2025-01-17 00:00:00,2025-01-17T17:40:00,2025-01-17T17:40:00,0.976,495.72925412697975,22.66920257402052,49.08706139588715,544.816315522867,22.66920257402052,2,0.7,equal_initial,6409.839907303656,522.1471129488464,0.0,0.0,10800.0,10800.0,0.0,0.0,0.0,0.0,0.0,68.73241294884639,68.73241294884639,0.0,10800.0,10800.0,509.61558223807407,0.0,509.61558223807407
2025-01-17,107,2754.0504,2025-01-17T17:50:00,2025-01-17T17:40:00,17:50:00,18,DD,0.0,17:50:00,18,DD,0.8659,17:50:00,18,DD,1.0742,459.0084,0.0,2754.0504,459.0084,2025-01-17T17:50:00,2025-01-17 00:00:00,2025-01-17 00:00:00,2025-01-17T17:50:00,2025-01-17T17:50:00,1.0742,492.34168706332787,10.316136703290221,49.08706139588715,541.4287484592151,10.316136703290221,2,0.7,equal_initial,6409.839907303656,490.97855106598803,0.0,40.13406068993681,10800.0,10755.406599233404,0.0,0.0,0.0,0.0,0.0,31.970151065988034,31.970151065988034,0.0,10800.0,10800.0,527.4091595550843,0.0,527.4091595550843
2025-01-17,108,2694.29,2025-01-17T18:00:00,2025-01-17T17:50:00,18:00:00,18,DE,0.0,18:00:00,18,DE,1.0594,18:00:00,18,DE,1.2313,449.04833333333335,0.0,2694.29,449.04833333333335,2025-01-17T18:00:00,2025-01-17 00:00:00,2025-01-17 00:00:00,2025-01-17T18:00:00,2025-01-17T18:00:00,1.2313,476.70518184785345,0.08848594613602291,49.08706139588715,525.7922432437406,0.08848594613602291,2,0.7,equal_initial,6409.839907303656,0.0,0.0,525.7037572976045,10755.406599233404,10171.291313347176,0.0,0.0,0.0,449.04833333333335,0.0,0.0,0.0,0.0,10800.0,10301.057407407407,0.0,0.0,0.0
2025-01-17,109,2751.3478,2025-01-17T18:10:00,2025-01-17T18:00:00,18:10:00,18,DF,0.06,18:10:00,18,DF,1.1546,18:10:00,18,DF,1.2561,458.5579666666667,0.01,2751.2878,458.5479666666667,2025-01-17T18:10:00,2025-01-17 00:00:00,2025-01-17 00:00:00,2025-01-17T18:10:00,2025-01-17T18:10:00,1.2561,442.00375448733166,0.0,6.629024189845484,448.63277867717716,0.0,2,0.7,equal_initial,6409.839907303656,0.0,0.0,448.63277867717716,10171.291313347176,9672.810448150312,0.0,0.0,0.0,458.5479666666667,0.0,0.0,0.0,0.0,10301.057407407407,9791.559666666666,0.0,0.0,0.0
2025-01-17,110,2757.3229,2025-01-17T18:20:00,2025-01-17T18:10:00,18:20:00,18,DG,0.0,18:20:00,18,DG,1.1322,18:20:00,18,DG,1.2447,459.5538166666667,0.0,2757.3229,459.5538166666667,2025-01-17T18:20:00,2025-01-17 00:00:00,2025-01-17 00:00:00,2025-01-17T18:20:00,2025-01-17T18:20:00,1.2447,431.40506108978894,0.0,6.629024189845484,438.03408527963444,0.0,2,0.7,equal_initial,6409.839907303656,0.0,0.0,438.03408527963444,9672.810448150312,9186.105908950718,0.0,0.0,0.0,459.5538166666667,0.0,0.0,0.0,0.0,9791.559666666666,9280.944314814815,0.0,0.0,0.0
2025-01-17,111,2662.15,2025-01-17T18:30:00,2025-01-17T18:20:00,18:30:00,18,DH,0.0,18:30:00,18,DH,1.0699,18:30:00,18,DH,1.2545,443.69166666666666,0.0,2662.15,443.69166666666666,2025-01-17T18:30:00,2025-01-17 00:00:00,2025-01-17 00:00:00,2025-01-17T18:30:00,2025-01-17T18:30:00,1.2545,447.34928502751416,0.0,6.629024189845484,453.97830921735965,0.0,2,0.7,equal_initial,6409.839907303656,0.0,0.0,453.97830921735965,9186.105908950718,8681.685565375874,0.0,0.0,0.0,443.69166666666666,0.0,0.0,0.0,0.0,9280.944314814815,8787.953574074074,0.0,0.0,0.0
2025-01-17,112,2620.3758,2025-01-17T18:40:00,2025-01-17T18:30:00,18:40:00,18,DI,0.0043,18:40:00,18,DI,1.085,18:40:00,18,DI,1.2522,436.72929999999997,0.0007166666666666667,2620.3714999999997,436.7285833333333,2025-01-17T18:40:00,2025-01-17 00:00:00,2025-01-17 00:00:00,2025-01-17T18:40:00,2025-01-17T18:40:00,1.2522,450.93859081436415,0.0,6.629024189845484,457.56761500420964,0.0,2,0.7,equal_initial,6409.839907303656,0.0,0.0,457.56761500420964,8681.685565375874,8173.277104260086,0.0,0.0,0.0,436.7285833333333,0.0,0.0,0.0,0.0,8787.953574074074,8302.699592592593,0.0,0.0,0.0
2025-01-17,113,2731.7806,2025-01-17T18:50:00,2025-01-17T18:40:00,18:50:00,18,DJ,0.0,18:50:00,18,DJ,1.2211,18:50:00,18,DJ,1.2881,455.29676666666666,0.0,2731.7806,455.29676666666666,2025-01-17T18:50:00,2025-01-17 00:00:00,2025-01-17 00:00:00,2025-01-17T18:50:00,2025-01-17T18:50:00,1.2881,450.7212214483691,0.0,6.629024189845484,457.3502456382146,0.0,2,0.7,equal_initial,6409.839907303656,0.0,0.0,457.3502456382146,8173.277104260086,7665.11016466207,0.0,0.0,0.0,455.29676666666666,0.0,0.0,0.0,0.0,8302.699592592593,7796.814296296297,0.0,0.0,0.0
2025-01-17,114,2886.87,2025-01-17T19:00:00,2025-01-17T18:50:00,19:00:00,18,DK,0.0,19:00:00,18,DK,1.3764,19:00:00,18,DK,1.3466,481.145,0.0,2886.87,481.145,2025-01-17T19:00:00,2025-01-17 00:00:00,2025-01-17 00:00:00,2025-01-17T19:00:00,2025-01-17T19:00:00,1.3466,458.7678297130921,0.0,6.629024189845484,465.3968539029376,0.0,2,0.7,equal_initial,6409.839907303656,0.0,0.0,465.3968539029376,7665.11016466207,7148.002549214361,0.0,0.0,0.0,481.145,0.0,0.0,0.0,0.0,7796.814296296297,7262.208740740741,0.0,0.0,0.0
2025-01-17,115,2884.7199,2025-01-17T19:10:00,2025-01-17T19:00:00,19:10:00,18,DL,0.0,19:10:00,18,DL,1.3886,19:10:00,18,DL,1.3523,480.78665,0.0,2884.7199,480.78665,2025-01-17T19:10:00,2025-01-17 00:00:00,2025-01-17 00:00:00,2025-01-17T19:10:00,2025-01-17T19:10:00,1.3523,474.9982219463776,0.0,24.118185698290407,499.116407644668,0.0,2,0.7,equal_initial,6409.839907303656,0.0,0.0,499.116407644668,7148.002549214361,6593.428762942508,0.0,0.0,0.0,480.78665,0.0,0.0,0.0,0.0,7262.208740740741,6728.001351851852,0.0,0.0,0.0
2025-01-17,116,2918.3542,2025-01-17T19:20:00,2025-01-17T19:10:00,19:20:00,18,DM,0.0,19:20:00,18,DM,1.3556,19:20:00,18,DM,1.3445,486.3923666666667,0.0,2918.3542,486.3923666666667,2025-01-17T19:20:00,2025-01-17 00:00:00,2025-01-17 00:00:00,2025-01-17T19:20:00,2025-01-17T19:20:00,1.3445,486.78138239587486,0.0,24.118185698290407,510.89956809416526,0.0,2,0.7,equal_initial,6409.839907303656,0.0,0.0,510.89956809416526,6593.428762942508,6025.762576171213,0.0,0.0,0.0,486.3923666666667,0.0,0.0,0.0,0.0,6728.001351851852,6187.565388888888,0.0,0.0,0.0
2025-01-17,117,2981.92,2025-01-17T19:30:00,2025-01-17T19:20:00,19:30:00,18,DN,0.0,19:30:00,18,DN,1.3479,19:30:00,18,DN,1.3483,496.9866666666667,0.0,2981.92,496.9866666666667,2025-01-17T19:30:00,2025-01-17 00:00:00,2025-01-17 00:00:00,2025-01-17T19:30:00,2025-01-17T19:30:00,1.3483,486.48284649126595,0.0,24.118185698290407,510.60103218955635,0.0,2,0.7,equal_initial,6409.839907303656,0.0,0.0,510.60103218955635,6025.762576171213,5458.428095960595,0.0,0.0,0.0,496.9866666666667,0.0,0.0,0.0,0.0,6187.565388888888,5635.357981481481,0.0,0.0,0.0
2025-01-17,118,2880.725,2025-01-17T19:40:00,2025-01-17T19:30:00,19:40:00,18,DO,0.0,19:40:00,18,DO,1.3451,19:40:00,18,DO,1.349,480.12083333333334,0.0,2880.725,480.12083333333334,2025-01-17T19:40:00,2025-01-17 00:00:00,2025-01-17 00:00:00,2025-01-17T19:40:00,2025-01-17T19:40:00,1.349,474.98823942028264,0.0,24.118185698290407,499.10642511857304,0.0,2,0.7,equal_initial,6409.839907303656,0.0,0.0,499.10642511857304,5458.428095960595,4903.8654013844025,0.0,0.0,0.0,480.12083333333334,0.0,0.0,0.0,0.0,5635.357981481481,5101.890388888889,0.0,0.0,0.0
2025-01-17,119,2847.1691,2025-01-17T19:50:00,2025-01-17T19:40:00,19:50:00,18,DP,0.0,19:50:00,18,DP,1.3424,19:50:00,18,DP,1.3473,474.52818333333335,0.0,2847.1691,474.52818333333335,2025-01-17T19:50:00,2025-01-17 00:00:00,2025-01-17 00:00:00,2025-01-17T19:50:00,2025-01-17T19:50:00,1.3473,455.67153196850705,0.0,24.118185698290407,479.78971766679746,0.0,2,0.7,equal_initial,6409.839907303656,0.0,0.0,479.78971766679746,4903.8654013844025,4370.76571508796,0.0,0.0,0.0,474.52818333333335,0.0,0.0,0.0,0.0,5101.890388888889,4574.636851851852,0.0,0.0,0.0
2025-01-17,120,2871.07,2025-01-17T20:00:00,2025-01-17T19:50:00,20:00:00,18,DQ,0.0,20:00:00,18,DQ,1.3414,20:00:00,18,DQ,1.3482,478.5116666666667,0.0,2871.07,478.5116666666667,2025-01-17T20:00:00,2025-01-17 00:00:00,2025-01-17 00:00:00,2025-01-17T20:00:00,2025-01-17T20:00:00,1.3482,445.0085848992307,0.0,24.118185698290407,469.1267705975211,0.0,2,0.7,equal_initial,6409.839907303656,0.0,0.0,469.1267705975211,4370.76571508796,3849.5137477573817,0.0,0.0,0.0,478.5116666666667,0.0,0.0,0.0,0.0,4574.636851851852,4042.9572222222223,0.0,0.0,0.0
2025-01-17,121,2711.234,2025-01-17T20:10:00,2025-01-17T20:00:00,20:10:00,18,DR,0.0,20:10:00,18,DR,1.3378,20:10:00,18,DR,1.3513,451.8723333333333,0.0,2711.234,451.8723333333333,2025-01-17T20:10:00,2025-01-17 00:00:00,2025-01-17 00:00:00,2025-01-17T20:10:00,2025-01-17T20:10:00,1.3513,457.857548796757,0.0,20.58265492370044,478.4402037204574,0.0,2,0.7,equal_initial,6409.839907303656,0.0,0.0,478.4402037204574,3849.5137477573817,3317.9135214013177,0.0,0.0,0.0,451.8723333333333,0.0,0.0,0.0,0.0,4042.9572222222223,3540.876851851852,0.0,0.0,0.0
2025-01-17,122,2604.0074,2025-01-17T20:20:00,2025-01-17T20:10:00,20:20:00,18,DS,0.0,20:20:00,18,DS,1.3007,20:20:00,18,DS,1.34,434.00123333333335,0.0,2604.0074,434.00123333333335,2025-01-17T20:20:00,2025-01-17 00:00:00,2025-01-17 00:00:00,2025-01-17T20:20:00,2025-01-17T20:20:00,1.34,454.88093887999145,0.0,20.58265492370044,475.4635938036919,0.0,2,0.7,equal_initial,6409.839907303656,0.0,0.0,475.4635938036919,3317.9135214013177,2789.6206393972157,0.0,0.0,0.0,434.00123333333335,0.0,0.0,0.0,0.0,3540.876851851852,3058.6532592592594,0.0,0.0,0.0
2025-01-17,123,2704.32,2025-01-17T20:30:00,2025-01-17T20:20:00,20:30:00,18,DT,0.0,20:30:00,18,DT,1.3113,20:30:00,18,DT,1.3489,450.72,0.0,2704.32,450.72,2025-01-17T20:30:00,2025-01-17 00:00:00,2025-01-17 00:00:00,2025-01-17T20:30:00,2025-01-17T20:30:00,1.3489,441.01567329982566,0.0,20.58265492370044,461.5983282235261,0.0,2,0.7,equal_initial,6409.839907303656,0.0,0.0,461.5983282235261,2789.6206393972157,2276.733608037742,0.0,0.0,0.0,450.72,0.0,0.0,0.0,0.0,3058.6532592592594,2557.853259259259,0.0,0.0,0.0
2025-01-17,124,2907.7781,2025-01-17T20:40:00,2025-01-17T20:30:00,20:40:00,18,DU,0.0,20:40:00,18,DU,1.4338,20:40:00,18,DU,1.3952,484.62968333333333,0.0,2907.7781,484.62968333333333,2025-01-17T20:40:00,2025-01-17 00:00:00,2025-01-17 00:00:00,2025-01-17T20:40:00,2025-01-17T20:40:00,1.3952,458.7130201170042,0.0,20.58265492370044,479.2956750407046,0.0,2,0.7,equal_initial,6409.839907303656,0.0,0.0,479.2956750407046,2276.733608037742,1744.1828579925148,0.0,0.0,0.0,484.62968333333333,0.0,0.0,0.0,0.0,2557.853259259259,2019.3758333333333,0.0,0.0,0.0
2025-01-17,125,2911.0682,2025-01-17T20:50:00,2025-01-17T20:40:00,20:50:00,18,DV,0.0,20:50:00,18,DV,1.2192,20:50:00,18,DV,1.2226,485.17803333333336,0.0,2911.0682,485.17803333333336,2025-01-17T20:50:00,2025-01-17 00:00:00,2025-01-17 00:00:00,2025-01-17T20:50:00,2025-01-17T20:50:00,1.2226,470.30551406506413,1.12359679550141,20.58265492370044,490.88816898876456,1.12359679550141,2,0.7,equal_initial,6409.839907303656,0.0,0.0,489.7645721932632,1744.1828579925148,1200.0,0.0,0.0,0.0,485.17803333333336,0.0,0.0,0.0,0.0,2019.3758333333333,1480.2891296296295,0.0,0.0,0.0
2025-01-17,126,2810.83,2025-01-17T21:00:00,2025-01-17T20:50:00,21:00:00,18,DW,0.0,21:00:00,18,DW,0.7884,21:00:00,18,DW,0.9332,468.47166666666664,0.0,2810.83,468.47166666666664,2025-01-17T21:00:00,2025-01-17 00:00:00,2025-01-17 00:00:00,2025-01-17T21:00:00,2025-01-17T21:00:00,0.9332,455.44147817533786,3.190925292428185,20.58265492370044,476.0241330990383,3.190925292428185,2,0.7,equal_initial,6409.839907303656,472.8332078066101,0.0,0.0,1200.0,1200.0,0.0,0.0,4.361541139943483,0.0,0.0,0.0,0.0,0.0,1480.2891296296295,1484.2145166555788,441.2479495251286,0.0,441.2479495251286
2025-01-17,127,2942.9338,2025-01-17T21:10:00,2025-01-17T21:00:00,21:10:00,18,DX,0.0,21:10:00,18,DX,0.7369,21:10:00,18,DX,0.9068,490.4889666666666,0.0,2942.9338,490.4889666666666,2025-01-17T21:10:00,2025-01-17 00:00:00,2025-01-17 00:00:00,2025-01-17T21:10:00,2025-01-17T21:10:00,0.9068,437.189841309155,4.892876835515533,20.08995595853674,457.2797972676917,4.892876835515533,2,0.7,equal_initial,6409.839907303656,452.38692043217617,0.0,0.0,1200.0,1200.0,0.0,0.0,0.0,38.102046234490444,0.0,0.0,0.0,0.0,1484.2145166555788,1441.8789097283673,410.22445944789735,0.0,410.22445944789735
2025-01-17,128,2848.0255,2025-01-17T21:20:00,2025-01-17T21:10:00,21:20:00,18,DY,0.0,21:20:00,18,DY,0.7736,21:20:00,18,DY,0.9371,474.6709166666667,0.0,2848.0255,474.6709166666667,2025-01-17T21:20:00,2025-01-17 00:00:00,2025-01-17 00:00:00,2025-01-17T21:20:00,2025-01-17T21:20:00,0.9371,457.60538304700435,6.210883971650265,20.08995595853674,477.6953390055411,6.210883971650265,2,0.7,equal_initial,6409.839907303656,471.4844550338908,0.0,0.0,1200.0,1200.0,0.0,0.0,0.0,3.186461632775888,0.0,0.0,0.0,0.0,1441.8789097283673,1438.3383968030607,441.8280828122591,0.0,441.8280828122591
2025-01-17,129,2718.12,2025-01-17T21:30:00,2025-01-17T21:20:00,21:30:00,18,DZ,0.0,21:30:00,18,DZ,0.767,21:30:00,18,DZ,0.9371,453.02,0.0,2718.12,453.02,2025-01-17T21:30:00,2025-01-17 00:00:00,2025-01-17 00:00:00,2025-01-17T21:30:00,2025-01-17T21:30:00,0.9371,500.12681952264495,7.140856324794821,20.08995595853674,520.2167754811817,7.140856324794821,2,0.7,equal_initial,6409.839907303656,513.0759191563868,0.0,0.0,1200.0,1200.0,0.0,0.0,60.055919156386835,0.0,0.0,0.0,0.0,0.0,1438.3383968030607,1492.388724043809,480.80344384145013,0.0,480.80344384145013
2025-01-17,130,3153.4958,2025-01-17T21:40:00,2025-01-17T21:30:00,21:40:00,18,EA,0.0,21:40:00,18,EA,0.8496,21:40:00,18,EA,0.9871,525.5826333333333,0.0,3153.4958,525.5826333333333,2025-01-17T21:40:00,2025-01-17 00:00:00,2025-01-17 00:00:00,2025-01-17T21:40:00,2025-01-17T21:40:00,0.9871,501.4107678406238,7.692010935007476,20.08995595853674,521.5007237991606,7.692010935007476,2,0.7,equal_initial,6409.839907303656,513.8087128641531,0.0,-0.0,1200.0,1200.0,0.0,0.0,0.0,11.773920469180212,0.0,0.0,0.0,0.0,1492.388724043809,1479.3065901891641,507.1805804682055,0.0,507.1805804682055
2025-01-17,131,3037.0518,2025-01-17T21:50:00,2025-01-17T21:40:00,21:50:00,18,EB,0.0,21:50:00,18,EB,0.6784,21:50:00,18,EB,0.7764,506.17530000000005,0.0,3037.0518,506.17530000000005,2025-01-17T21:50:00,2025-01-17 00:00:00,2025-01-17 00:00:00,2025-01-17T21:50:00,2025-01-17T21:50:00,0.7764,463.1528831510803,7.885479374434948,20.08995595853674,483.242839109617,7.885479374434948,2,0.7,equal_initial,6409.839907303656,475.35735973518206,0.0,-0.0,1200.0,1200.0,0.0,0.0,0.0,30.81794026481799,0.0,0.0,0.0,0.0,1479.3065901891641,1445.0644343393665,369.06745409839533,0.0,369.06745409839533
2025-01-17,132,2403.93,2025-01-17T22:00:00,2025-01-17T21:50:00,22:00:00,18,EC,0.0,22:00:00,18,EC,0.3372,22:00:00,18,EC,0.4209,400.655,0.0,2403.93,400.655,2025-01-17T22:00:00,2025-01-17 00:00:00,2025-01-17 00:00:00,2025-01-17T22:00:00,2025-01-17T22:00:00,0.4209,412.8060305527045,7.752726860483794,20.08995595853674,432.89598651124123,7.752726860483794,2,0.7,equal_initial,6409.839907303656,1258.4765929840908,833.3333333333333,0.0,1200.0,1950.0,0.0,1.0,833.3333333333334,0.0,0.0,24.488259650757414,24.488259650757414,0.0,1445.0644343393665,2195.0644343393665,529.6927979870038,0.0,529.6927979870038
2025-01-17,133,2422.6272,2025-01-17T22:10:00,2025-01-17T22:00:00,22:10:00,18,ED,0.0,22:10:00,18,ED,0.2934,22:10:00,18,ED,0.3859,403.77119999999996,0.0,2422.6272,403.77119999999996,2025-01-17T22:10:00,2025-01-17 00:00:00,2025-01-17 00:00:00,2025-01-17T22:10:00,2025-01-17T22:10:00,0.3859,381.6662935877798,7.333821573572904,21.34233695214119,403.008630539921,7.333821573572904,2,0.7,equal_initial,6409.839907303656,1229.0081422996814,833.3333333333333,0.0,1950.0,2700.0,0.0,1.0,825.2369422996815,0.0,0.0,0.0,0.0,0.0,2195.0644343393665,2937.7776824090797,474.2742421134471,0.0,474.2742421134471
2025-01-17,134,2467.5583,2025-01-17T22:20:00,2025-01-17T22:10:00,22:20:00,18,EE,0.0,22:20:00,18,EE,0.3608,22:20:00,18,EE,0.4368,411.2597166666667,0.0,2467.5583,411.2597166666667,2025-01-17T22:20:00,2025-01-17 00:00:00,2025-01-17 00:00:00,2025-01-17T22:20:00,2025-01-17T22:20:00,0.4368,380.3449774079355,6.67559463183545,21.34233695214119,401.6873143600767,6.67559463183545,2,0.7,equal_initial,6409.839907303656,395.01171972824125,0.0,0.0,2700.0,2700.0,0.0,0.0,0.0,16.247996938425445,0.0,0.0,0.0,0.0,2937.7776824090797,2919.724352477496,172.5411191772958,0.0,172.5411191772958
2025-01-17,135,2276.12,2025-01-17T22:30:00,2025-01-17T22:20:00,22:30:00,18,EF,0.0,22:30:00,18,EF,0.3634,22:30:00,18,EF,0.4198,379.3533333333333,0.0,2276.12,379.3533333333333,2025-01-17T22:30:00,2025-01-17 00:00:00,2025-01-17 00:00:00,2025-01-17T22:30:00,2025-01-17T22:30:00,0.4198,395.19708748005365,5.82973264210014,21.34233695214119,416.53942443219483,5.82973264210014,2,0.7,equal_initial,6409.839907303656,1244.043025123428,833.3333333333333,0.0,2700.0,3450.0,0.0,1.0,833.3333333333334,0.0,0.0,31.356358456761313,31.356358456761313,0.0,2919.724352477496,3669.724352477496,522.2492619468151,0.0,522.2492619468151
2025-01-17,136,2310.2826,2025-01-17T22:40:00,2025-01-17T22:30:00,22:40:00,18,EG,0.0,22:40:00,18,EG,0.3263,22:40:00,18,EG,0.4186,385.0471,0.0,2310.2826,385.0471,2025-01-17T22:40:00,2025-01-17 00:00:00,2025-01-17 00:00:00,2025-01-17T22:40:00,2025-01-17T22:40:00,0.4186,399.6168767318745,4.85084541360682,21.34233695214119,420.9592136840157,4.85084541360682,2,0.7,equal_initial,6409.839907303656,1249.441701603742,833.3333333333333,0.0,3450.0,4200.0,0.0,1.0,833.3333333333334,0.0,0.0,31.061268270408732,31.061268270408732,0.0,3669.724352477496,4419.724352477496,523.0162962913265,0.0,523.0162962913265
2025-01-17,137,2603.1117,2025-01-17T22:50:00,2025-01-17T22:40:00,22:50:00,18,EH,0.0,22:50:00,18,EH,0.3509,22:50:00,18,EH,0.4241,433.85195,0.0,2603.1117,433.85195,2025-01-17T22:50:00,2025-01-17 00:00:00,2025-01-17 00:00:00,2025-01-17T22:50:00,2025-01-17T22:50:00,0.4241,391.90082247803446,3.794551280768011,21.34233695214119,413.24315943017564,3.794551280768011,2,0.7,equal_initial,6409.839907303656,409.4486081494076,0.0,0.0,4200.0,4200.0,0.0,0.0,0.0,24.40334185059237,0.0,0.0,0.0,0.0,4419.724352477496,4392.60952819906,173.64715471616375,0.0,173.64715471616375
2025-01-17,138,2815.25,2025-01-17T23:00:00,2025-01-17T22:50:00,23:00:00,18,EI,0.0,23:00:00,18,EI,0.4129,23:00:00,18,EI,0.4237,469.2083333333333,0.0,2815.25,469.2083333333333,2025-01-17T23:00:00,2025-01-17 00:00:00,2025-01-17 00:00:00,2025-01-17T23:00:00,2025-01-17T23:00:00,0.4237,394.7940214685524,2.7156215407321227,21.34233695214119,416.13635842069357,2.7156215407321227,2,0.7,equal_initial,6409.839907303656,1246.7540702132947,833.3333333333333,0.0,4200.0,4950.0,0.0,1.0,777.5457368799614,0.0,0.0,0.0,0.0,0.0,4392.60952819906,5092.400691391025,528.249699549373,0.0,528.249699549373
2025-01-17,139,2601.7353,2025-01-17T23:10:00,2025-01-17T23:00:00,23:10:00,18,EJ,0.0,23:10:00,18,EJ,0.3905,23:10:00,18,EJ,0.4248,433.62255,0.0,2601.7353,433.62255,2025-01-17T23:10:00,2025-01-17 00:00:00,2025-01-17 00:00:00,2025-01-17T23:10:00,2025-01-17T23:10:00,0.4248,427.9008142411818,1.6662237918116167,15.51087895902389,443.4116932002057,1.6662237918116167,2,0.7,equal_initial,6409.839907303656,441.7454694083941,0.0,0.0,4950.0,4950.0,0.0,-0.0,8.122919408394125,0.0,0.0,0.0,0.0,0.0,5092.400691391025,5099.71131885858,187.65347540468582,0.0,187.65347540468582
2025-01-17,140,2582.8903,2025-01-17T23:20:00,2025-01-17T23:10:00,23:20:00,18,EK,0.0,23:20:00,18,EK,0.3418,23:20:00,18,EK,0.424,430.48171666666667,0.0,2582.8903,430.48171666666667,2025-01-17T23:20:00,2025-01-17 00:00:00,2025-01-17 00:00:00,2025-01-17T23:20:00,2025-01-17T23:20:00,0.424,429.6548279428605,0.6943014950003453,15.51087895902389,445.1657069018844,0.6943014950003453,2,0.7,equal_initial,6409.839907303656,1233.1824135220577,788.7110081151735,0.0,4950.0,5659.839907303656,0.0,1.0,802.700696855391,0.0,0.0,0.0,0.0,0.0,5099.71131885858,5822.141946028432,522.8693433333524,0.0,522.8693433333524
2025-01-17,141,2789.46,2025-01-17T23:30:00,2025-01-17T23:20:00,23:30:00,18,EL,0.0,23:30:00,18,EL,0.3343,23:30:00,18,EL,0.422,464.91,0.0,2789.46,464.91,2025-01-17T23:30:00,2025-01-17 00:00:00,2025-01-17 00:00:00,2025-01-17T23:30:00,2025-01-17T23:30:00,0.422,396.48057520546564,0.0,15.51087895902389,411.99145416448954,0.0,2,0.7,equal_initial,6409.839907303656,1245.3247874978229,833.3333333333333,0.0,5659.839907303656,6409.839907303656,0.0,1.0,780.4147874978228,0.0,0.0,0.0,0.0,0.0,5822.141946028432,6524.515254776473,525.5270603240813,0.0,525.5270603240813
2025-01-17,142,2657.6167,2025-01-17T23:40:00,2025-01-17T23:30:00,23:40:00,18,EM,0.0,23:40:00,18,EM,0.3711,23:40:00,18,EM,0.424,442.9361166666667,0.0,2657.6167,442.9361166666667,2025-01-17T23:40:00,2025-01-17 00:00:00,2025-01-17 00:00:00,2025-01-17T23:40:00,2025-01-17T23:40:00,0.424,386.4549186415692,0.0,15.51087895902389,401.9657976005931,0.0,2,0.7,equal_initial,6409.839907303656,401.9657976005931,0.0,0.0,6409.839907303656,6409.839907303656,0.0,0.0,0.0,40.970319066073614,0.0,0.0,0.0,0.0,6524.515254776473,6478.992678036391,170.43349818265145,0.0,170.43349818265145
2025-01-17,143,2559.9359,2025-01-17T23:50:00,2025-01-17T23:40:00,23:50:00,18,EN,0.0,23:50:00,18,EN,0.353,23:50:00,18,EN,0.4271,426.6559833333333,0.0,2559.9359,426.6559833333333,2025-01-17T23:50:00,2025-01-17 00:00:00,2025-01-17 00:00:00,2025-01-17T23:50:00,2025-01-17T23:50:00,0.4271,390.7973077183335,0.0,15.51087895902389,406.3081866773574,0.0,2,0.7,equal_initial,6409.839907303656,406.3081866773574,0.0,0.0,6409.839907303656,6409.839907303656,0.0,0.0,0.0,20.347796655975912,0.0,0.0,0.0,0.0,6478.992678036391,6456.384015085307,173.53422652989934,0.0,173.53422652989934
2025-01-17,144,2653.7,2025-01-18T00:00:00,2025-01-17T23:50:00,0:00+1,18,EO,0.0,0:00+1,18,EO,0.3106,0:00+1,18,EO,0.4276,442.2833333333333,0.0,2653.7,442.2833333333333,2025-01-18T00:00:00,2025-01-17 00:00:00,2025-01-17 00:00:00,2025-01-18T00:00:00,2025-01-18T00:00:00,0.4276,393.61063861921957,0.0,15.51087895902389,409.12151757824347,0.0,2,0.7,equal_initial,6409.839907303656,409.12151757824347,0.0,0.0,6409.839907303656,6409.839907303656,0.0,-0.0,0.0,33.16181575508983,0.0,0.0,0.0,0.0,6456.384015085307,6419.5375531352065,174.9403609164569,0.0,174.9403609164569
2025-01-18,1,2697.4268,2025-01-18T00:10:00,2025-01-18T00:00:00,00:10:00,19,B,0.0,00:10:00,19,B,0.3638,00:10:00,19,B,0.4248,449.57113333333336,0.0,2697.4268,449.57113333333336,2025-01-18T00:10:00,2025-01-18 00:00:00,2025-01-18 00:00:00,2025-01-18T00:10:00,2025-01-18T00:10:00,0.4248,429.060521622986,0.0,14.645083611156265,443.7056052341423,0.0,2,0.7,equal_initial,6419.5375531352065,1277.0389385674755,833.3333333333333,0.0,6419.5375531352065,7169.5375531352065,0.0,1.0,827.4678052341421,0.0,0.0,0.0,0.0,0.0,6419.5375531352065,7164.258577845934,542.4861411034636,0.0,542.4861411034636
2025-01-18,2,2688.0064,2025-01-18T00:20:00,2025-01-18T00:10:00,00:20:00,19,C,0.0,00:20:00,19,C,0.3773,00:20:00,19,C,0.4245,448.0010666666667,0.0,2688.0064,448.0010666666667,2025-01-18T00:20:00,2025-01-18 00:00:00,2025-01-18 00:00:00,2025-01-18T00:20:00,2025-01-18T00:20:00,0.4245,451.25893886933585,0.0,14.645083611156265,465.90402248049213,0.0,2,0.7,equal_initial,6419.5375531352065,1299.2373558138254,833.3333333333333,0.0,7169.5375531352065,7919.537553135207,0.0,1.0,833.3333333333334,0.0,0.0,17.902955813825315,17.902955813825315,0.0,7164.258577845934,7914.258577845934,551.5262575429689,0.0,551.5262575429689
2025-01-18,3,2668.94,2025-01-18T00:30:00,2025-01-18T00:20:00,00:30:00,19,D,0.0,00:30:00,19,D,0.3359,00:30:00,19,D,0.4269,444.8233333333333,0.0,2668.94,444.8233333333333,2025-01-18T00:30:00,2025-01-18 00:00:00,2025-01-18 00:00:00,2025-01-18T00:30:00,2025-01-18T00:30:00,0.4269,473.51553570878883,0.0008019625705797395,14.645083611156265,488.1606193199451,0.0008019625705797395,2,0.7,equal_initial,6419.5375531352065,1321.4931506907078,833.3333333333333,0.0,7919.537553135207,8669.537553135207,0.0,1.0,833.3333333333334,0.0,0.0,43.33648402404117,43.33648402404117,0.0,7914.258577845934,8664.258577845934,564.1454260298632,0.0,564.1454260298632
2025-01-18,4,2697.2903,2025-01-18T00:40:00,2025-01-18T00:30:00,00:40:00,19,E,0.0,00:40:00,19,E,0.3662,00:40:00,19,E,0.4272,449.54838333333333,0.0,2697.2903,449.54838333333333,2025-01-18T00:40:00,2025-01-18 00:00:00,2025-01-18 00:00:00,2025-01-18T00:40:00,2025-01-18T00:40:00,0.4272,454.73783035470194,0.38674311896202584,14.645083611156265,469.3829139658582,0.38674311896202584,2,0.7,equal_initial,6419.5375531352065,1169.5100006966657,700.5138298497695,0.0,8669.537553135207,9300.0,0.0,0.9999999999999983,719.9616173633324,0.0,0.0,0.0,0.0,0.0,8664.258577845934,9312.224033472934,499.6146722976156,0.0,499.6146722976156
2025-01-18,5,2936.5134,2025-01-18T00:50:00,2025-01-18T00:40:00,00:50:00,19,F,0.0,00:50:00,19,F,0.4239,00:50:00,19,F,0.4271,489.41889999999995,0.0,2936.5134,489.41889999999995,2025-01-18T00:50:00,2025-01-18 00:00:00,2025-01-18 00:00:00,2025-01-18T00:50:00,2025-01-18T00:50:00,0.4271,438.84444447826803,0.9285477537213158,14.645083611156265,453.4895280894243,0.9285477537213158,2,0.7,equal_initial,6419.5375531352065,1285.8943136690364,833.3333333333333,0.0,9300.0,10050.0,0.0,1.0,796.4754136690365,0.0,0.0,0.0,0.0,0.0,9312.224033472934,10029.051905775066,549.2054613680453,0.0,549.2054613680453
2025-01-18,6,3123.35,2025-01-18T01:00:00,2025-01-18T00:50:00,01:00:00,19,G,0.0,01:00:00,19,G,0.438,01:00:00,19,G,0.4285,520.5583333333333,0.0,3123.35,520.5583333333333,2025-01-18T01:00:00,2025-01-18 00:00:00,2025-01-18 00:00:00,2025-01-18T01:00:00,2025-01-18T01:00:00,0.4285,452.318096169977,1.5921210349577455,14.645083611156265,466.9631797811333,1.5921210349577455,2,0.7,equal_initial,6419.5375531352065,465.37105874617555,0.0,0.0,10050.0,10050.0,0.0,-0.0,0.0,55.18727458715773,0.0,0.0,0.0,0.0,10029.051905775066,9967.732711789335,199.41149867273623,0.0,199.41149867273623
2025-01-18,7,2806.6371,2025-01-18T01:10:00,2025-01-18T01:00:00,01:10:00,19,H,0.0,01:10:00,19,H,0.3852,01:10:00,19,H,0.4311,467.77285,0.0,2806.6371,467.77285,2025-01-18T01:10:00,2025-01-18 00:00:00,2025-01-18 00:00:00,2025-01-18T01:10:00,2025-01-18T01:10:00,0.4311,478.3553093269429,2.3368170564361423,26.392230422765543,504.74753974970844,2.3368170564361423,2,0.7,equal_initial,6419.5375531352065,502.4107226932723,0.0,0.0,10050.0,10050.0,0.0,0.0,34.6378726932723,0.0,0.0,0.0,0.0,0.0,9967.732711789335,9998.90679721328,216.5892625530697,0.0,216.5892625530697
2025-01-18,8,2570.2508,2025-01-18T01:20:00,2025-01-18T01:10:00,01:20:00,19,I,0.0,01:20:00,19,I,0.3562,01:20:00,19,I,0.4302,428.3751333333333,0.0,2570.2508,428.3751333333333,2025-01-18T01:20:00,2025-01-18 00:00:00,2025-01-18 00:00:00,2025-01-18T01:20:00,2025-01-18T01:20:00,0.4302,485.41698439261495,3.1167308030525707,26.392230422765543,511.80921481538047,3.1167308030525707,2,0.7,equal_initial,6419.5375531352065,508.6924840123279,0.0,0.0,10050.0,10050.0,0.0,0.0,80.31735067899461,0.0,0.0,0.0,0.0,0.0,9998.90679721328,10071.192412824375,218.83950662210347,0.0,218.83950662210347
2025-01-18,9,2638.56,2025-01-18T01:30:00,2025-01-18T01:20:00,01:30:00,19,J,0.0,01:30:00,19,J,0.3641,01:30:00,19,J,0.4279,439.76,0.0,2638.56,439.76,2025-01-18T01:30:00,2025-01-18 00:00:00,2025-01-18 00:00:00,2025-01-18T01:30:00,2025-01-18T01:30:00,0.4279,476.863032105207,3.88218098930218,26.392230422765543,503.25526252797255,3.88218098930218,2,0.7,equal_initial,6419.5375531352065,499.37308153867036,0.0,0.0,10050.0,10050.0,0.0,-0.0,59.61308153867037,0.0,0.0,0.0,0.0,0.0,10071.192412824375,10124.844186209179,213.68174159039705,0.0,213.68174159039705
2025-01-18,10,2725.0725,2025-01-18T01:40:00,2025-01-18T01:30:00,01:40:00,19,K,0.0,01:40:00,19,K,0.3445,01:40:00,19,K,0.4312,454.17875000000004,0.0,2725.0725,454.17875000000004,2025-01-18T01:40:00,2025-01-18 00:00:00,2025-01-18 00:00:00,2025-01-18T01:40:00,2025-01-18T01:40:00,0.4312,484.49967788000987,4.58135216789369,26.392230422765543,510.8919083027754,4.58135216789369,2,0.7,equal_initial,6419.5375531352065,506.3105561348817,0.0,0.0,10050.0,10050.0,0.0,0.0,52.131806134881685,0.0,0.0,0.0,0.0,0.0,10124.844186209179,10171.762811730572,218.321111805361,0.0,218.321111805361
2025-01-18,11,2972.4356,2025-01-18T01:50:00,2025-01-18T01:40:00,01:50:00,19,L,0.0,01:50:00,19,L,0.3446,01:50:00,19,L,0.4333,495.4059333333333,0.0,2972.4356,495.4059333333333,2025-01-18T01:50:00,2025-01-18 00:00:00,2025-01-18 00:00:00,2025-01-18T01:50:00,2025-01-18T01:50:00,0.4333,501.2384337303457,5.162060930535843,26.392230422765543,527.6306641531113,5.162060930535843,2,0.7,equal_initial,6419.5375531352065,522.4686032225754,0.0,0.0,10050.0,10050.0,0.0,0.0,27.06266988924216,0.0,0.0,0.0,0.0,0.0,10171.762811730572,10196.11921463089,226.38564577634196,0.0,226.38564577634196
2025-01-18,12,3172.96,2025-01-18T02:00:00,2025-01-18T01:50:00,02:00:00,19,M,0.0,02:00:00,19,M,0.3686,02:00:00,19,M,0.4311,528.8266666666667,0.0,3172.96,528.8266666666667,2025-01-18T02:00:00,2025-01-18 00:00:00,2025-01-18 00:00:00,2025-01-18T02:00:00,2025-01-18T02:00:00,0.4311,508.2303134124595,5.573608105310943,26.392230422765543,534.6225438352251,5.573608105310943,2,0.7,equal_initial,6419.5375531352065,529.0489357299141,0.0,0.0,10050.0,10050.0,0.0,0.0,0.22226906324738138,0.0,0.0,0.0,0.0,0.0,10196.11921463089,10196.319256787812,228.07299619316595,0.0,228.07299619316595
2025-01-18,13,2920.2445,2025-01-18T02:10:00,2025-01-18T02:00:00,02:10:00,19,N,0.0,02:10:00,19,N,0.3666,02:10:00,19,N,0.4293,486.70741666666663,0.0,2920.2445,486.70741666666663,2025-01-18T02:10:00,2025-01-18 00:00:00,2025-01-18 00:00:00,2025-01-18T02:10:00,2025-01-18T02:10:00,0.4293,496.0083408941717,5.768676651186164,19.486220212558784,515.4945611067304,5.768676651186164,2,0.7,equal_initial,6419.5375531352065,509.72588445554425,0.0,0.0,10050.0,10050.0,0.0,0.0,23.018467788877615,0.0,0.0,0.0,0.0,0.0,10196.319256787812,10217.035877797802,218.82532219676514,0.0,218.82532219676514
2025-01-18,14,2836.9868,2025-01-18T02:20:00,2025-01-18T02:10:00,02:20:00,19,O,0.0,02:20:00,19,O,0.3583,02:20:00,19,O,0.4324,472.83113333333336,0.0,2836.9868,472.83113333333336,2025-01-18T02:20:00,2025-01-18 00:00:00,2025-01-18 00:00:00,2025-01-18T02:20:00,2025-01-18T02:20:00,0.4324,497.1538837156312,5.705233503635557,19.486220212558784,516.64010392819,5.705233503635557,2,0.7,equal_initial,6419.5375531352065,510.93487042455445,0.0,0.0,10050.0,10050.0,0.0,0.0,38.10373709122109,0.0,0.0,0.0,0.0,0.0,10217.035877797802,10251.329241179901,220.92823797157735,0.0,220.92823797157735
2025-01-18,15,3036.29,2025-01-18T02:30:00,2025-01-18T02:20:00,02:30:00,19,P,0.0,02:30:00,19,P,0.3683,02:30:00,19,P,0.4367,506.04833333333335,0.0,3036.29,506.04833333333335,2025-01-18T02:30:00,2025-01-18 00:00:00,2025-01-18 00:00:00,2025-01-18T02:30:00,2025-01-18T02:30:00,0.4367,510.41459081698326,5.348392966114778,19.486220212558784,529.9008110295421,5.348392966114778,2,0.7,equal_initial,6419.5375531352065,524.5524180634272,0.0,0.0,10050.0,10050.0,0.0,0.0,18.504084730093894,0.0,0.0,0.0,0.0,0.0,10251.329241179901,10267.982917436986,229.07204096829867,0.0,229.07204096829867
2025-01-18,16,3031.6962,2025-01-18T02:40:00,2025-01-18T02:30:00,02:40:00,19,Q,0.0,02:40:00,19,Q,0.3935,02:40:00,19,Q,0.4348,505.2827,0.0,3031.6962,505.2827,2025-01-18T02:40:00,2025-01-18 00:00:00,2025-01-18 00:00:00,2025-01-18T02:40:00,2025-01-18T02:40:00,0.4348,505.71789181231696,4.67219938626901,19.486220212558784,525.2041120248757,4.67219938626901,2,0.7,equal_initial,6419.5375531352065,520.5319126386067,0.0,0.0,10050.0,10050.0,0.0,0.0,15.249212638606764,0.0,0.0,0.0,0.0,0.0,10267.982917436986,10281.707208811733,226.32727561526622,0.0,226.32727561526622
2025-01-18,17,3014.6763,2025-01-18T02:50:00,2025-01-18T02:40:00,02:50:00,19,R,0.0,02:50:00,19,R,0.382,02:50:00,19,R,0.4335,502.44605,0.0,3014.6763,502.44605,2025-01-18T02:50:00,2025-01-18 00:00:00,2025-01-18 00:00:00,2025-01-18T02:50:00,2025-01-18T02:50:00,0.4335,512.9687074735768,3.6612878049530426,19.486220212558784,532.4549276861356,3.6612878049530426,2,0.7,equal_initial,6419.5375531352065,528.7936398811826,0.0,0.0,10050.0,10050.0,0.0,0.0,26.347589881182557,0.0,0.0,0.0,0.0,0.0,10281.707208811733,10305.420039704797,229.23204288849263,0.0,229.23204288849263
2025-01-18,18,3087.97,2025-01-18T03:00:00,2025-01-18T02:50:00,03:00:00,19,S,0.0,03:00:00,19,S,0.3644,03:00:00,19,S,0.4357,514.6616666666666,0.0,3087.97,514.6616666666666,2025-01-18T03:00:00,2025-01-18 00:00:00,2025-01-18 00:00:00,2025-01-18T03:00:00,2025-01-18T03:00:00,0.4357,527.6059720713171,2.3123830076700633,19.486220212558784,547.0921922838759,2.3123830076700633,2,0.7,equal_initial,6419.5375531352065,544.7798092762058,0.0,0.0,10050.0,10050.0,0.0,0.0,30.118142609539177,0.0,0.0,0.0,0.0,0.0,10305.420039704797,10332.526368053383,237.36056290164285,0.0,237.36056290164285
2025-01-18,19,3105.9112,2025-01-18T03:10:00,2025-01-18T03:00:00,03:10:00,19,T,0.0,03:10:00,19,T,0.4178,03:10:00,19,T,0.4374,517.6518666666667,0.0,3105.9112,517.6518666666667,2025-01-18T03:10:00,2025-01-18 00:00:00,2025-01-18 00:00:00,2025-01-18T03:10:00,2025-01-18T03:10:00,0.4374,517.5063235022926,0.635599914964861,19.257860705884426,536.7641842081771,0.635599914964861,2,0.7,equal_initial,6419.5375531352065,536.1285842932123,0.0,0.0,10050.0,10050.0,0.0,0.0,18.476717626545565,0.0,0.0,0.0,0.0,0.0,10332.526368053383,10349.155413917273,234.50264276985106,0.0,234.50264276985106
2025-01-18,20,3002.1911,2025-01-18T03:20:00,2025-01-18T03:10:00,03:20:00,19,U,0.0,03:20:00,19,U,0.4296,03:20:00,19,U,0.4371,500.36518333333333,0.0,3002.1911,500.36518333333333,2025-01-18T03:20:00,2025-01-18 00:00:00,2025-01-18 00:00:00,2025-01-18T03:20:00,2025-01-18T03:20:00,0.4371,535.948174758249,0.0,19.257860705884426,555.2060354641335,0.0,2,0.7,equal_initial,6419.5375531352065,555.2060354641335,0.0,0.0,10050.0,10050.0,0.0,0.0,54.84085213080016,0.0,0.0,0.0,0.0,0.0,10349.155413917273,10398.512180834994,242.68055810137275,0.0,242.68055810137275
2025-01-18,21,2874.27,2025-01-18T03:30:00,2025-01-18T03:20:00,03:30:00,19,V,0.0,03:30:00,19,V,0.3924,03:30:00,19,V,0.4356,479.045,0.0,2874.27,479.045,2025-01-18T03:30:00,2025-01-18 00:00:00,2025-01-18 00:00:00,2025-01-18T03:30:00,2025-01-18T03:30:00,0.4356,563.9106553060657,0.0,19.257860705884426,583.1685160119501,0.0,2,0.7,equal_initial,6419.5375531352065,583.1685160119501,0.0,0.0,10050.0,10050.0,0.0,0.0,104.12351601195013,0.0,0.0,0.0,0.0,0.0,10398.512180834994,10492.22334524575,254.02820557480547,0.0,254.02820557480547
2025-01-18,22,2926.0835,2025-01-18T03:40:00,2025-01-18T03:30:00,03:40:00,19,W,0.0,03:40:00,19,W,0.4093,03:40:00,19,W,0.4353,487.68058333333335,0.0,2926.0835,487.68058333333335,2025-01-18T03:40:00,2025-01-18 00:00:00,2025-01-18 00:00:00,2025-01-18T03:40:00,2025-01-18T03:40:00,0.4353,526.7988137463759,0.0,19.257860705884426,546.0566744522604,0.0,2,0.7,equal_initial,6419.5375531352065,546.0566744522604,0.0,0.0,10050.0,10050.0,0.0,0.0,58.376091118927036,0.0,0.0,0.0,0.0,0.0,10492.22334524575,10544.761827252783,237.69847038906894,0.0,237.69847038906894
2025-01-18,23,3210.8263,2025-01-18T03:50:00,2025-01-18T03:40:00,03:50:00,19,X,0.0,03:50:00,19,X,0.4144,03:50:00,19,X,0.436,535.1377166666667,0.0,3210.8263,535.1377166666667,2025-01-18T03:50:00,2025-01-18 00:00:00,2025-01-18 00:00:00,2025-01-18T03:50:00,2025-01-18T03:50:00,0.436,500.87629171091976,0.0,19.257860705884426,520.1341524168042,0.0,2,0.7,equal_initial,6419.5375531352065,520.1341524168042,0.0,0.0,10050.0,10050.0,0.0,0.0,0.0,15.003564249862507,0.0,0.0,0.0,0.0,10544.761827252783,10528.091200308492,226.77849045372665,0.0,226.77849045372665
2025-01-18,24,3454.8,2025-01-18T04:00:00,2025-01-18T03:50:00,04:00:00,19,Y,0.0,04:00:00,19,Y,0.3947,04:00:00,19,Y,0.4378,575.8000000000001,0.0,3454.8,575.8000000000001,2025-01-18T04:00:00,2025-01-18 00:00:00,2025-01-18 00:00:00,2025-01-18T04:00:00,2025-01-18T04:00:00,0.4378,518.3672425676046,0.0,19.257860705884426,537.6251032734891,0.0,2,0.7,equal_initial,6419.5375531352065,537.6251032734891,0.0,0.0,10050.0,10050.0,0.0,0.0,0.0,38.17489672651095,0.0,0.0,0.0,0.0,10528.091200308492,10485.674648390146,235.37227021313356,0.0,235.37227021313356
2025-01-18,25,3287.3786,2025-01-18T04:10:00,2025-01-18T04:00:00,04:10:00,19,Z,0.0,04:10:00,19,Z,0.4109,04:10:00,19,Z,0.4401,547.8964333333333,0.0,3287.3786,547.8964333333333,2025-01-18T04:10:00,2025-01-18 00:00:00,2025-01-18 00:00:00,2025-01-18T04:10:00,2025-01-18T04:10:00,0.4401,535.3772242836012,0.0,19.878928863251303,555.2561531468525,0.0,2,0.7,equal_initial,6419.5375531352065,555.2561531468525,0.0,0.0,10050.0,10050.0,0.0,0.0,7.3597198135191775,0.0,0.0,0.0,0.0,0.0,10485.674648390146,10492.298396222313,244.36823299992977,0.0,244.36823299992977
2025-01-18,26,3088.41,2025-01-18T04:20:00,2025-01-18T04:10:00,04:20:00,19,AA,0.0,04:20:00,19,AA,0.4347,04:20:00,19,AA,0.4389,514.735,0.0,3088.41,514.735,2025-01-18T04:20:00,2025-01-18 00:00:00,2025-01-18 00:00:00,2025-01-18T04:20:00,2025-01-18T04:20:00,0.4389,535.3900426439832,0.0,19.878928863251303,555.2689715072345,0.0,2,0.7,equal_initial,6419.5375531352065,555.2689715072345,0.0,0.0,10050.0,10050.0,0.0,0.0,40.53397150723447,0.0,0.0,0.0,0.0,0.0,10492.298396222313,10528.778970578824,243.70755159452523,0.0,243.70755159452523
2025-01-18,27,3145.25,2025-01-18T04:30:00,2025-01-18T04:20:00,04:30:00,19,AB,0.0,04:30:00,19,AB,0.4408,04:30:00,19,AB,0.4364,524.2083333333334,0.0,3145.25,524.2083333333334,2025-01-18T04:30:00,2025-01-18 00:00:00,2025-01-18 00:00:00,2025-01-18T04:30:00,2025-01-18T04:30:00,0.4364,525.4547272599619,0.0,19.878928863251303,545.3336561232132,0.0,2,0.7,equal_initial,6419.5375531352065,545.3336561232132,0.0,0.0,10050.0,10050.0,0.0,0.0,21.125322789879874,0.0,0.0,0.0,0.0,0.0,10528.778970578824,10547.791761089715,237.98360753217025,0.0,237.98360753217025
2025-01-18,28,3382.8892,2025-01-18T04:40:00,2025-01-18T04:30:00,04:40:00,19,AC,0.0,04:40:00,19,AC,0.4324,04:40:00,19,AC,0.4393,563.8148666666667,0.0,3382.8892,563.8148666666667,2025-01-18T04:40:00,2025-01-18 00:00:00,2025-01-18 00:00:00,2025-01-18T04:40:00,2025-01-18T04:40:00,0.4393,524.8010477448926,0.0,19.878928863251303,544.6799766081439,0.0,2,0.7,equal_initial,6419.5375531352065,544.6799766081439,0.0,0.0,10050.0,10050.0,0.0,0.0,0.0,19.134890058522842,0.0,0.0,0.0,0.0,10547.791761089715,10526.5307721358,239.27791372395762,0.0,239.27791372395762
2025-01-18,29,3430.7967,2025-01-18T04:50:00,2025-01-18T04:40:00,04:50:00,19,AD,0.0,04:50:00,19,AD,0.423,04:50:00,19,AD,0.4422,571.79945,0.0,3430.7967,571.79945,2025-01-18T04:50:00,2025-01-18 00:00:00,2025-01-18 00:00:00,2025-01-18T04:50:00,2025-01-18T04:50:00,0.4422,537.3851230069918,0.0,19.878928863251303,557.2640518702431,0.0,2,0.7,equal_initial,6419.5375531352065,557.2640518702431,0.0,0.0,10050.0,10050.0,0.0,0.0,0.0,14.535398129756913,0.0,0.0,0.0,0.0,10526.5307721358,10510.380329769403,246.42216373702146,0.0,246.42216373702146
2025-01-18,30,3322.07,2025-01-18T05:00:00,2025-01-18T04:50:00,05:00:00,19,AE,0.0,05:00:00,19,AE,0.4304,05:00:00,19,AE,0.4395,553.6783333333334,0.0,3322.07,553.6783333333334,2025-01-18T05:00:00,2025-01-18 00:00:00,2025-01-18 00:00:00,2025-01-18T05:00:00,2025-01-18T05:00:00,0.4395,546.0292013950018,0.0,19.878928863251303,565.9081302582531,0.0,2,0.7,equal_initial,6419.5375531352065,565.9081302582531,0.0,0.0,10050.0,10050.0,0.0,0.0,12.229796924919697,0.0,0.0,0.0,0.0,0.0,10510.380329769403,10521.387147001831,248.71662324850223,0.0,248.71662324850223
2025-01-18,31,3401.4177,2025-01-18T05:10:00,2025-01-18T05:00:00,05:10:00,19,AF,0.0,05:10:00,19,AF,0.458,05:10:00,19,AF,0.4333,566.90295,0.0,3401.4177,566.90295,2025-01-18T05:10:00,2025-01-18 00:00:00,2025-01-18 00:00:00,2025-01-18T05:10:00,2025-01-18T05:10:00,0.4333,533.9928061944831,0.0,25.708816569419582,559.7016227639027,0.0,2,0.7,equal_initial,6419.5375531352065,559.7016227639027,0.0,0.0,10050.0,10050.0,0.0,0.0,0.0,7.201327236097313,0.0,0.0,0.0,0.0,10521.387147001831,10513.385672295057,242.51871314359906,0.0,242.51871314359906
2025-01-18,32,3381.0633,2025-01-18T05:20:00,2025-01-18T05:10:00,05:20:00,19,AG,0.0061,05:20:00,19,AG,0.4455,05:20:00,19,AG,0.4439,563.51055,0.0010166666666666668,3381.0571999999997,563.5095333333333,2025-01-18T05:20:00,2025-01-18 00:00:00,2025-01-18 00:00:00,2025-01-18T05:20:00,2025-01-18T05:20:00,0.4439,551.4568070897819,0.0,25.708816569419582,577.1656236592015,0.0,2,0.7,equal_initial,6419.5375531352065,577.1656236592015,0.0,0.0,10050.0,10050.0,0.0,0.0,13.656090325868263,0.0,0.0,0.0,0.0,0.0,10513.385672295057,10525.676153588338,256.20382034231955,0.0,256.20382034231955
2025-01-18,33,3234.26,2025-01-18T05:30:00,2025-01-18T05:20:00,05:30:00,19,AH,0.0,05:30:00,19,AH,0.3819,05:30:00,19,AH,0.4301,539.0433333333334,0.0,3234.26,539.0433333333334,2025-01-18T05:30:00,2025-01-18 00:00:00,2025-01-18 00:00:00,2025-01-18T05:30:00,2025-01-18T05:30:00,0.4301,588.2845615398672,0.0,25.708816569419582,613.9933781092868,0.0,2,0.7,equal_initial,6419.5375531352065,613.9933781092868,0.0,0.0,10050.0,10050.0,0.0,0.0,74.95004477595342,0.0,0.0,0.0,0.0,0.0,10525.676153588338,10593.131193886697,264.07855192480423,0.0,264.07855192480423
2025-01-18,34,3257.2882,2025-01-18T05:40:00,2025-01-18T05:30:00,05:40:00,19,AI,0.0,05:40:00,19,AI,0.3522,05:40:00,19,AI,0.3713,542.8813666666666,0.0,3257.2882,542.8813666666666,2025-01-18T05:40:00,2025-01-18 00:00:00,2025-01-18 00:00:00,2025-01-18T05:40:00,2025-01-18T05:40:00,0.3713,579.3706244977276,0.0,25.708816569419582,605.0794410671472,0.0,2,0.7,equal_initial,6419.5375531352065,1438.4127744004804,833.3333333333333,0.0,10050.0,10800.0,0.0,1.0,229.8542290147816,0.0,0.0,665.6771787190322,665.6771787190322,0.0,10593.131193886697,10800.0,534.0826631348984,0.0,534.0826631348984
2025-01-18,35,3344.964,2025-01-18T05:50:00,2025-01-18T05:40:00,05:50:00,19,AJ,0.085,05:50:00,19,AJ,0.5486,05:50:00,19,AJ,0.5708,557.494,0.014166666666666668,3344.879,557.4798333333333,2025-01-18T05:50:00,2025-01-18 00:00:00,2025-01-18 00:00:00,2025-01-18T05:50:00,2025-01-18T05:50:00,0.5708,548.5248218900939,0.0,25.708816569419582,574.2336384595135,0.0,2,0.7,equal_initial,6419.5375531352065,574.2336384595135,0.0,-0.0,10800.0,10800.0,0.0,0.0,0.0,0.0,0.0,16.75380512618017,16.75380512618017,0.0,10800.0,10800.0,327.77256083269026,0.0,327.77256083269026
2025-01-18,36,3375.47,2025-01-18T06:00:00,2025-01-18T05:50:00,06:00:00,19,AK,0.0,06:00:00,19,AK,0.8263,06:00:00,19,AK,0.9099,562.5783333333333,0.0,3375.47,562.5783333333333,2025-01-18T06:00:00,2025-01-18 00:00:00,2025-01-18 00:00:00,2025-01-18T06:00:00,2025-01-18T06:00:00,0.9099,539.1286351041024,2.2948690640861655,25.708816569419582,564.837451673522,2.2948690640861655,2,0.7,equal_initial,6419.5375531352065,0.0,0.0,562.5425826094358,10800.0,10174.952685989516,0.0,0.0,0.0,562.5783333333333,0.0,0.0,0.0,0.0,10800.0,10174.912962962962,0.0,0.0,0.0
2025-01-18,37,3329.3057,2025-01-18T06:10:00,2025-01-18T06:00:00,06:10:00,19,AL,0.0,06:10:00,19,AL,0.8281,06:10:00,19,AL,0.9368,554.8842833333333,0.0,3329.3057,554.8842833333333,2025-01-18T06:10:00,2025-01-18 00:00:00,2025-01-18 00:00:00,2025-01-18T06:10:00,2025-01-18T06:10:00,0.9368,569.1567047813494,12.02811491295679,60.5155552427468,629.6722600240962,12.02811491295679,2,0.7,equal_initial,6419.5375531352065,0.0,0.0,617.6441451111394,10174.952685989516,9488.681413643806,0.0,0.0,0.0,554.8842833333333,0.0,0.0,0.0,0.0,10174.912962962962,9558.37487037037,0.0,0.0,0.0
2025-01-18,38,3243.9581,2025-01-18T06:20:00,2025-01-18T06:10:00,06:20:00,19,AM,1.1844,06:20:00,19,AM,0.7857,06:20:00,19,AM,0.8758,540.6596833333333,0.1974,3242.7736999999997,540.4622833333333,2025-01-18T06:20:00,2025-01-18 00:00:00,2025-01-18 00:00:00,2025-01-18T06:20:00,2025-01-18T06:20:00,0.8758,572.9386933766212,23.80604756908961,60.5155552427468,633.4542486193681,23.80604756908961,2,0.7,equal_initial,6419.5375531352065,0.0,0.0,609.6482010502784,9488.681413643806,8811.294523587942,0.0,0.0,0.0,540.4622833333333,0.0,0.0,0.0,0.0,9558.37487037037,8957.861222222222,0.0,0.0,0.0
2025-01-18,39,3199.86,2025-01-18T06:30:00,2025-01-18T06:20:00,06:30:00,19,AN,0.0,06:30:00,19,AN,0.8158,06:30:00,19,AN,0.8759,533.3100000000001,0.0,3199.86,533.3100000000001,2025-01-18T06:30:00,2025-01-18 00:00:00,2025-01-18 00:00:00,2025-01-18T06:30:00,2025-01-18T06:30:00,0.8759,553.988286543178,37.74419807114392,60.5155552427468,614.5038417859248,37.74419807114392,2,0.7,equal_initial,6419.5375531352065,0.0,0.0,576.7596437147809,8811.294523587942,8170.450475015963,0.0,0.0,0.0,533.3100000000001,0.0,0.0,0.0,0.0,8957.861222222222,8365.294555555554,0.0,0.0,0.0
2025-01-18,40,3290.2147,2025-01-18T06:40:00,2025-01-18T06:30:00,06:40:00,19,AO,0.0,06:40:00,19,AO,0.8084,06:40:00,19,AO,0.8601,548.3691166666666,0.0,3290.2147,548.3691166666666,2025-01-18T06:40:00,2025-01-18 00:00:00,2025-01-18 00:00:00,2025-01-18T06:40:00,2025-01-18T06:40:00,0.8601,578.663797171729,53.938546933539065,60.5155552427468,639.1793524144758,53.938546933539065,2,0.7,equal_initial,6419.5375531352065,0.0,0.0,585.2408054809367,8170.450475015963,7520.182913370478,0.0,0.0,0.0,548.3691166666666,0.0,0.0,0.0,0.0,8365.294555555554,7755.995537037036,0.0,0.0,0.0
2025-01-18,41,3537.082,2025-01-18T06:50:00,2025-01-18T06:40:00,06:50:00,19,AP,21.5554,06:50:00,19,AP,0.8083,06:50:00,19,AP,0.8442,589.5136666666666,3.5925666666666665,3515.5265999999997,585.9210999999999,2025-01-18T06:50:00,2025-01-18 00:00:00,2025-01-18 00:00:00,2025-01-18T06:50:00,2025-01-18T06:50:00,0.8442,606.6806532940932,72.46299781784813,60.5155552427468,667.19620853684,72.46299781784813,2,0.7,equal_initial,6419.5375531352065,0.0,0.0,594.7332107189918,7520.182913370478,6859.36823479382,0.0,0.0,0.0,585.9210999999999,0.0,0.0,0.0,0.0,7755.995537037036,7104.972092592592,0.0,0.0,0.0
2025-01-18,42,3863.76,2025-01-18T07:00:00,2025-01-18T06:50:00,07:00:00,19,AQ,136.575,07:00:00,19,AQ,0.8337,07:00:00,19,AQ,0.8334,643.96,22.7625,3727.1850000000004,621.1975,2025-01-18T07:00:00,2025-01-18 00:00:00,2025-01-18 00:00:00,2025-01-18T07:00:00,2025-01-18T07:00:00,0.8334,620.2823915441921,93.36709418685393,60.5155552427468,680.797946786939,93.36709418685393,2,0.7,equal_initial,6419.5375531352065,0.0,0.0,587.430852600085,6859.36823479382,6206.667287460392,0.0,0.0,0.0,621.1975,0.0,0.0,0.0,0.0,7104.972092592592,6414.752648148147,0.0,0.0,0.0
2025-01-18,43,4095.5313,2025-01-18T07:10:00,2025-01-18T07:00:00,07:10:00,19,AR,369.9788,07:10:00,19,AR,0.8455,07:10:00,19,AR,0.8092,682.58855,61.66313333333333,3725.5525000000002,620.9254166666667,2025-01-18T07:10:00,2025-01-18 00:00:00,2025-01-18 00:00:00,2025-01-18T07:10:00,2025-01-18T07:10:00,0.8092,640.8059791141907,116.67402260867645,50.37818914267697,691.1841682568677,116.67402260867645,2,0.7,equal_initial,6419.5375531352065,0.0,0.0,574.5101456481913,6206.667287460392,5568.322681184623,0.0,0.0,0.0,620.9254166666667,0.0,0.0,0.0,0.0,6414.752648148147,5724.835518518517,0.0,0.0,0.0
2025-01-18,44,4005.3522,2025-01-18T07:20:00,2025-01-18T07:10:00,07:20:00,19,AS,664.8218,07:20:00,19,AS,0.8494,07:20:00,19,AS,0.7972,667.5586999999999,110.80363333333334,3340.5303999999996,556.7550666666666,2025-01-18T07:20:00,2025-01-18 00:00:00,2025-01-18 00:00:00,2025-01-18T07:20:00,2025-01-18T07:20:00,0.7972,646.920232686147,142.3789424879812,50.37818914267697,697.298421828824,142.3789424879812,2,0.7,equal_initial,6419.5375531352065,0.0,0.0,554.9194793408428,5568.322681184623,4951.74548191702,0.0,0.0,0.0,556.7550666666666,0.0,0.0,0.0,0.0,5724.835518518517,5106.218777777776,0.0,0.0,0.0
2025-01-18,45,3743.88,2025-01-18T07:30:00,2025-01-18T07:20:00,07:30:00,19,AT,983.175,07:30:00,19,AT,0.8175,07:30:00,19,AT,0.7644,623.98,163.86249999999998,2760.705,460.11750000000006,2025-01-18T07:30:00,2025-01-18 00:00:00,2025-01-18 00:00:00,2025-01-18T07:30:00,2025-01-18T07:30:00,0.7644,644.1152334717337,170.44767739351008,50.37818914267697,694.4934226144107,170.44767739351008,2,0.7,equal_initial,6419.5375531352065,83.72152668185709,0.0,440.3242185390436,4951.74548191702,4462.496350206971,0.0,0.0,0.0,376.395973318143,0.0,0.0,0.0,0.0,5106.218777777776,4688.001029646506,63.996734995611554,0.0,63.996734995611554
2025-01-18,46,3715.1688,2025-01-18T07:40:00,2025-01-18T07:30:00,07:40:00,19,AU,1314.8837,07:40:00,19,AU,0.743,07:40:00,19,AU,0.6899,619.1948,219.14728333333335,2400.2851,400.04751666666664,2025-01-18T07:40:00,2025-01-18 00:00:00,2025-01-18 00:00:00,2025-01-18T07:40:00,2025-01-18T07:40:00,0.6899,660.4951203537016,200.8157978973473,50.37818914267697,710.8733094963786,200.8157978973473,2,0.7,equal_initial,6419.5375531352065,510.05751159903133,0.0,0.0,4462.496350206971,4462.496350206971,0.0,0.0,110.00999493236463,0.0,0.0,0.0,0.0,0.0,4688.001029646506,4787.010025085634,351.8886772521717,0.0,351.8886772521717
2025-01-18,47,3782.42,2025-01-18T07:50:00,2025-01-18T07:40:00,07:50:00,19,AV,1600.6881,07:50:00,19,AV,0.8671,07:50:00,19,AV,0.86,630.4033333333333,266.78135000000003,2181.7318999999998,363.6219833333333,2025-01-18T07:50:00,2025-01-18 00:00:00,2025-01-18 00:00:00,2025-01-18T07:50:00,2025-01-18T07:50:00,0.86,664.3347188750886,233.3881200242122,50.37818914267697,714.7129080177656,233.3881200242122,2,0.7,equal_initial,6419.5375531352065,0.0,0.0,481.3247879935534,4462.496350206971,3927.691030214134,0.0,0.0,0.0,363.6219833333333,0.0,0.0,0.0,0.0,4787.010025085634,4382.985599159708,0.0,0.0,0.0
2025-01-18,48,3786.4,2025-01-18T08:00:00,2025-01-18T07:50:00,08:00:00,19,AW,1867.125,08:00:00,19,AW,1.0946,08:00:00,19,AW,1.1617,631.0666666666667,311.1875,1919.275,319.8791666666667,2025-01-18T08:00:00,2025-01-18 00:00:00,2025-01-18 00:00:00,2025-01-18T08:00:00,2025-01-18T08:00:00,1.1617,651.1457261508019,268.03863712135427,50.37818914267697,701.5239152934789,268.03863712135427,2,0.7,equal_initial,6419.5375531352065,0.0,0.0,433.48527817212465,3927.691030214134,3446.0407211339957,0.0,0.0,0.0,319.8791666666667,0.0,0.0,0.0,0.0,4382.985599159708,4027.5643028634113,0.0,0.0,0.0
2025-01-18,49,3731.1341,2025-01-18T08:10:00,2025-01-18T08:00:00,08:10:00,19,AX,2196.4433,08:10:00,19,AX,1.0715,08:10:00,19,AX,1.1683,621.8556833333333,366.0738833333333,1534.6908000000003,255.78180000000003,2025-01-18T08:10:00,2025-01-18 00:00:00,2025-01-18 00:00:00,2025-01-18T08:10:00,2025-01-18T08:10:00,1.1683,649.7418163162346,304.6108963025916,-18.203482143306616,631.538334172928,304.6108963025916,2,0.7,equal_initial,6419.5375531352065,0.0,0.0,326.9274378703364,3446.0407211339957,3082.7880123891773,0.0,0.0,0.0,255.78180000000003,0.0,0.0,0.0,0.0,4027.5643028634113,3743.362302863411,0.0,0.0,0.0
2025-01-18,50,3792.8185,2025-01-18T08:20:00,2025-01-18T08:10:00,08:20:00,19,AY,2505.0876,08:20:00,19,AY,0.9915,08:20:00,19,AY,1.0956,632.1364166666666,417.5146,1287.7309,214.62181666666663,2025-01-18T08:20:00,2025-01-18 00:00:00,2025-01-18 00:00:00,2025-01-18T08:20:00,2025-01-18T08:20:00,1.0956,652.0294623633099,342.9188237016749,-18.203482143306616,633.8259802200033,342.9188237016749,2,0.7,equal_initial,6419.5375531352065,0.0,0.0,290.9071565183284,3082.7880123891773,2759.5578384799237,0.0,0.0,0.0,214.62181666666663,0.0,0.0,0.0,0.0,3743.362302863411,3504.893617678226,0.0,0.0,0.0
2025-01-18,51,3902.46,2025-01-18T08:30:00,2025-01-18T08:20:00,08:30:00,19,AZ,2790.9375,08:30:00,19,AZ,0.9787,08:30:00,19,AZ,1.0849,650.41,465.15625,1111.5225,185.25374999999997,2025-01-18T08:30:00,2025-01-18 00:00:00,2025-01-18 00:00:00,2025-01-18T08:30:00,2025-01-18T08:30:00,1.0849,647.8011487993792,382.747995703521,-18.203482143306616,629.5976666560726,382.747995703521,2,0.7,equal_initial,6419.5375531352065,0.0,0.0,246.84967095255166,2759.5578384799237,2485.2804263104217,0.0,0.0,0.0,185.25374999999997,0.0,0.0,0.0,0.0,3504.893617678226,3299.0561176782257,0.0,0.0,0.0
2025-01-18,52,3856.3275,2025-01-18T08:40:00,2025-01-18T08:30:00,08:40:00,19,BA,3117.9927,08:40:00,19,BA,0.9691,08:40:00,19,BA,1.061,642.7212499999999,519.66545,738.3348000000001,123.05579999999998,2025-01-18T08:40:00,2025-01-18 00:00:00,2025-01-18 00:00:00,2025-01-18T08:40:00,2025-01-18T08:40:00,1.061,641.6126621037554,423.8573462230748,-18.203482143306616,623.4091799604488,423.8573462230748,2,0.7,equal_initial,6419.5375531352065,0.0,0.0,199.551833737374,2485.2804263104217,2263.5561666022286,0.0,0.0,0.0,123.05579999999998,0.0,0.0,0.0,0.0,3299.0561176782257,3162.327451011559,0.0,0.0,0.0
2025-01-18,53,4035.7036,2025-01-18T08:50:00,2025-01-18T08:40:00,08:50:00,19,BB,3329.484,08:50:00,19,BB,0.9869,08:50:00,19,BB,1.043,672.6172666666666,554.914,706.2195999999999,117.70326666666665,2025-01-18T08:50:00,2025-01-18 00:00:00,2025-01-18 00:00:00,2025-01-18T08:50:00,2025-01-18T08:50:00,1.043,664.9702718823206,465.981293087876,-18.203482143306616,646.766789739014,465.981293087876,2,0.7,equal_initial,6419.5375531352065,0.0,0.0,180.78549665113803,2263.5561666022286,2062.6833925454084,0.0,0.0,0.0,117.70326666666665,0.0,0.0,0.0,0.0,3162.327451011559,3031.5460436041517,0.0,0.0,0.0
2025-01-18,54,4429.41,2025-01-18T09:00:00,2025-01-18T08:50:00,09:00:00,19,BC,3453.7875,09:00:00,19,BC,1.0048,09:00:00,19,BC,1.036,738.235,575.63125,975.6225,162.60375,2025-01-18T09:00:00,2025-01-18 00:00:00,2025-01-18 00:00:00,2025-01-18T09:00:00,2025-01-18T09:00:00,1.036,715.5848253384173,508.83225976836474,-18.203482143306616,697.3813431951107,508.83225976836474,2,0.7,equal_initial,6419.5375531352065,0.0,0.0,188.549083426746,2062.6833925454084,1853.184410960135,0.0,0.0,0.0,162.60375,0.0,0.0,0.0,0.0,3031.5460436041517,2850.8752102708186,0.0,0.0,0.0
2025-01-18,55,4588.0665,2025-01-18T09:10:00,2025-01-18T09:00:00,09:10:00,19,BD,3702.2834,09:10:00,19,BD,0.9573,09:10:00,19,BD,1.0147,764.67775,617.0472333333333,885.7831000000001,147.6305166666666,2025-01-18T09:10:00,2025-01-18 00:00:00,2025-01-18 00:00:00,2025-01-18T09:10:00,2025-01-18T09:10:00,1.0147,753.9775681279319,552.1035622031267,-0.10398228601212622,753.8735858419197,552.1035622031267,2,0.7,equal_initial,6419.5375531352065,0.0,0.0,201.77002363879308,1853.184410960135,1628.9954958059204,0.0,0.0,0.0,147.6305166666666,0.0,0.0,0.0,0.0,2850.8752102708186,2686.8413028634113,0.0,0.0,0.0
2025-01-18,56,4484.011,2025-01-18T09:20:00,2025-01-18T09:10:00,09:20:00,19,BE,4049.2149,09:20:00,19,BE,0.9282,09:20:00,19,BE,0.9922,747.3351666666667,674.86915,434.7961000000005,72.46601666666675,2025-01-18T09:20:00,2025-01-18 00:00:00,2025-01-18 00:00:00,2025-01-18T09:20:00,2025-01-18T09:20:00,0.9922,755.6090867874069,595.472624393727,-0.10398228601212622,755.5051045013947,595.472624393727,2,0.7,equal_initial,6419.5375531352065,0.0,0.0,160.03248010766777,1628.9954958059204,1451.181629019623,0.0,0.0,0.0,72.46601666666675,0.0,0.0,0.0,0.0,2686.8413028634113,2606.323506567115,0.0,0.0,0.0
2025-01-18,57,4361.52,2025-01-18T09:30:00,2025-01-18T09:20:00,09:30:00,19,BF,4353.3,09:30:00,19,BF,0.932,09:30:00,19,BF,0.97,726.9200000000001,725.5500000000001,8.220000000000255,1.3700000000000045,2025-01-18T09:30:00,2025-01-18 00:00:00,2025-01-18 00:00:00,2025-01-18T09:30:00,2025-01-18T09:30:00,0.97,743.3063345618827,638.6044808978427,-0.10398228601212622,743.2023522758707,638.6044808978427,2,0.7,equal_initial,6419.5375531352065,0.0,0.0,104.597871378028,1451.181629019623,1334.961771932925,0.0,0.0,0.0,1.3700000000000045,0.0,0.0,0.0,0.0,2606.323506567115,2604.801284344893,0.0,0.0,0.0
2025-01-18,58,4463.3637,2025-01-18T09:40:00,2025-01-18T09:30:00,09:40:00,19,BG,4476.2507,09:40:00,19,BG,0.9197,09:40:00,19,BG,0.9422,743.89395,746.0417833333332,-12.886999999999716,-2.1478333333332102,2025-01-18T09:40:00,2025-01-18 00:00:00,2025-01-18 00:00:00,2025-01-18T09:40:00,2025-01-18T09:40:00,0.9422,760.796712587498,681.1555194242294,-0.10398228601212622,760.6927303014859,681.1555194242294,2,0.7,equal_initial,6419.5375531352065,0.0,0.0,79.53721087725648,1334.961771932925,1246.587093180418,0.0,0.0,2.1478333333332102,0.0,0.0,0.0,0.0,0.0,2604.801284344893,2606.734334344893,0.0,0.0,0.0
2025-01-18,59,4407.3683,2025-01-18T09:50:00,2025-01-18T09:40:00,09:50:00,19,BH,4505.9655,09:50:00,19,BH,1.0058,09:50:00,19,BH,0.9569,734.5613833333333,750.9942500000001,-98.59720000000016,-16.43286666666677,2025-01-18T09:50:00,2025-01-18 00:00:00,2025-01-18 00:00:00,2025-01-18T09:50:00,2025-01-18T09:50:00,0.9569,764.8097786612374,722.7774125128491,-0.10398228601212622,764.7057963752252,722.7774125128491,2,0.7,equal_initial,6419.5375531352065,0.0,0.0,41.92838386237611,1246.587093180418,1200.0,0.0,0.0,16.43286666666677,0.0,0.0,0.0,0.0,0.0,2606.734334344893,2621.523914344893,0.0,0.0,0.0
2025-01-18,60,4183.4,2025-01-18T10:00:00,2025-01-18T09:50:00,10:00:00,19,BI,4584.45,10:00:00,19,BI,1.1357,10:00:00,19,BI,0.9977,697.2333333333332,764.0749999999999,-401.0500000000002,-66.8416666666667,2025-01-18T10:00:00,2025-01-18 00:00:00,2025-01-18 00:00:00,2025-01-18T10:00:00,2025-01-18T10:00:00,0.9977,738.7331955276023,763.1211838410906,-0.10398228601212622,738.6292132415902,763.1211838410906,2,0.7,equal_initial,6419.5375531352065,0.0,24.491970599500405,0.0,1200.0,1222.0427735395504,0.0,1.0,66.8416666666667,0.0,0.0,0.0,0.0,0.0,2621.523914344893,2681.681414344893,0.0,0.0,0.0
2025-01-18,61,4192.9036,2025-01-18T10:10:00,2025-01-18T10:00:00,10:10:00,19,BJ,4790.2836,10:10:00,19,BJ,1.117,10:10:00,19,BJ,0.9919,698.8172666666666,798.3806,-597.3800000000001,-99.56333333333339,2025-01-18T10:10:00,2025-01-18 00:00:00,2025-01-18 00:00:00,2025-01-18T10:10:00,2025-01-18T10:10:00,0.9919,712.7884553177181,801.8413520927597,19.927242965357266,732.7156982830754,801.8413520927597,2,0.7,equal_initial,6419.5375531352065,0.0,69.12565380968431,0.0,1222.0427735395504,1284.2558619682663,0.0,1.0,99.56333333333339,0.0,0.0,0.0,0.0,0.0,2681.681414344893,2771.2884143448928,0.0,0.0,0.0
2025-01-18,62,4362.1313,2025-01-18T10:20:00,2025-01-18T10:10:00,10:20:00,19,BK,4969.188,10:20:00,19,BK,1.0521,10:20:00,19,BK,0.9588,727.0218833333333,828.198,-607.0567000000001,-101.17611666666664,2025-01-18T10:20:00,2025-01-18 00:00:00,2025-01-18 00:00:00,2025-01-18T10:20:00,2025-01-18T10:20:00,0.9588,707.7717191809459,838.600093606959,19.927242965357266,727.6989621463031,838.600093606959,2,0.7,equal_initial,6419.5375531352065,0.0,110.90113146065596,0.0,1284.2558619682663,1384.0668802828568,0.0,1.0,101.17611666666664,0.0,0.0,0.0,0.0,0.0,2771.2884143448928,2862.3469193448927,0.0,0.0,0.0
2025-01-18,63,4462.07,2025-01-18T10:30:00,2025-01-18T10:20:00,10:30:00,19,BL,5107.425,10:30:00,19,BL,1.0664,10:30:00,19,BL,0.9549,743.6783333333333,851.2375000000001,-645.3550000000005,-107.55916666666678,2025-01-18T10:30:00,2025-01-18 00:00:00,2025-01-18 00:00:00,2025-01-18T10:30:00,2025-01-18T10:30:00,0.9549,713.5461586181833,873.0713642214203,19.927242965357266,733.4734015835406,873.0713642214203,2,0.7,equal_initial,6419.5375531352065,0.0,139.59796263787962,0.0,1384.0668802828568,1509.7050466569485,0.0,1.0,107.55916666666678,0.0,0.0,0.0,0.0,0.0,2862.3469193448927,2959.1501693448927,0.0,0.0,0.0
2025-01-18,64,4317.9965,2025-01-18T10:40:00,2025-01-18T10:30:00,10:40:00,19,BM,5301.4509,10:40:00,19,BM,1.1397,10:40:00,19,BM,0.9839,719.6660833333334,883.57515,-983.4543999999996,-163.9090666666666,2025-01-18T10:40:00,2025-01-18 00:00:00,2025-01-18 00:00:00,2025-01-18T10:40:00,2025-01-18T10:40:00,0.9839,705.3596346107607,904.9449208563506,19.927242965357266,725.2868775761181,904.9449208563506,2,0.7,equal_initial,6419.5375531352065,0.0,179.6580432802325,0.0,1509.7050466569485,1671.3972856091577,0.0,1.0,163.9090666666666,0.0,0.0,0.0,0.0,0.0,2959.1501693448927,3106.6683293448928,0.0,0.0,0.0
2025-01-18,65,4095.8238,2025-01-18T10:50:00,2025-01-18T10:40:00,10:50:00,19,BN,5311.3566,10:50:00,19,BN,0.9046,10:50:00,19,BN,0.799,682.6373,885.2261,-1215.5328,-202.5888,2025-01-18T10:50:00,2025-01-18 00:00:00,2025-01-18 00:00:00,2025-01-18T10:50:00,2025-01-18T10:50:00,0.799,710.5364014888256,933.9301844523442,19.927242965357266,730.4636444541829,933.9301844523442,2,0.7,equal_initial,6419.5375531352065,0.0,203.46653999816124,0.0,1671.3972856091577,1854.5171716075029,0.0,1.0,202.5888,0.0,0.0,0.0,0.0,0.0,3106.6683293448928,3288.998249344893,0.0,0.0,0.0
2025-01-18,66,4067.61,2025-01-18T11:00:00,2025-01-18T10:50:00,11:00:00,19,BO,5214.6375,11:00:00,19,BO,0.4894,11:00:00,19,BO,0.5025,677.9350000000001,869.1062499999999,-1147.0274999999997,-191.17124999999987,2025-01-18T11:00:00,2025-01-18 00:00:00,2025-01-18 00:00:00,2025-01-18T11:00:00,2025-01-18T11:00:00,0.5025,732.8634853122041,959.7598878657636,19.927242965357266,752.7907282775614,959.7598878657636,2,0.7,equal_initial,6419.5375531352065,0.0,206.96915958820227,0.0,1854.5171716075029,2040.789415236885,0.0,1.0,191.17124999999987,0.0,0.0,0.0,0.0,0.0,3288.998249344893,3461.052374344893,0.0,0.0,0.0
2025-01-18,67,4342.0199,2025-01-18T11:10:00,2025-01-18T11:00:00,11:10:00,19,BP,5365.5471,11:10:00,19,BP,0.4209,11:10:00,19,BP,0.4662,723.6699833333333,894.25785,-1023.5271999999995,-170.58786666666663,2025-01-18T11:10:00,2025-01-18 00:00:00,2025-01-18 00:00:00,2025-01-18T11:10:00,2025-01-18T11:10:00,0.4662,741.3766004943959,982.1934552084526,39.94690293608949,781.3235034304854,982.1934552084526,2,0.7,equal_initial,6419.5375531352065,632.463381555366,833.3333333333333,0.0,2040.789415236885,2790.789415236885,0.0,1.0,803.0512482220328,0.0,0.0,0.0,0.0,0.0,3461.052374344893,4183.798497744722,294.85442848111165,0.0,294.85442848111165
2025-01-18,68,4328.1193,2025-01-18T11:20:00,2025-01-18T11:10:00,11:20:00,19,BQ,5613.7894,11:20:00,19,BQ,0.4987,11:20:00,19,BQ,0.5007,721.3532166666668,935.6315666666666,-1285.6700999999994,-214.27834999999982,2025-01-18T11:20:00,2025-01-18 00:00:00,2025-01-18 00:00:00,2025-01-18T11:20:00,2025-01-18T11:20:00,0.5007,715.8201628317859,1001.020062852216,39.94690293608949,755.7670657678754,1001.020062852216,2,0.7,equal_initial,6419.5375531352065,192.65634463953887,437.90934172387955,0.0,2790.789415236885,3184.9078227883765,0.0,0.9999999999999949,406.93469463953863,0.0,0.0,0.0,0.0,0.0,4183.798497744722,4550.039722920307,96.46303176101712,0.0,96.46303176101712
2025-01-18,69,4091.85,2025-01-18T11:30:00,2025-01-18T11:20:00,11:30:00,19,BR,5749.8375,11:30:00,19,BR,0.5122,11:30:00,19,BR,0.4827,681.975,958.30625,-1657.9874999999997,-276.33124999999995,2025-01-18T11:30:00,2025-01-18 00:00:00,2025-01-18 00:00:00,2025-01-18T11:30:00,2025-01-18T11:30:00,0.4827,690.3454147154393,1016.0613368445535,39.94690293608949,730.2923176515288,1016.0613368445535,2,0.7,equal_initial,6419.5375531352065,547.5643141403086,833.3333333333333,0.0,3184.9078227883765,3934.9078227883765,0.0,1.0,823.8955641403085,0.0,0.0,0.0,0.0,0.0,4550.039722920307,5291.545730646585,264.30929443552697,0.0,264.30929443552697
2025-01-18,70,4266.3949,2025-01-18T11:40:00,2025-01-18T11:30:00,11:40:00,19,BS,5702.0096,11:40:00,19,BS,0.4586,11:40:00,19,BS,0.4785,711.0658166666667,950.3349333333334,-1435.6147,-239.26911666666672,2025-01-18T11:40:00,2025-01-18 00:00:00,2025-01-18 00:00:00,2025-01-18T11:40:00,2025-01-18T11:40:00,0.4785,717.9938284391643,1027.1736467300552,39.94690293608949,757.9407313752538,1027.1736467300552,2,0.7,equal_initial,6419.5375531352065,564.1004179785318,833.3333333333333,0.0,3934.9078227883765,4684.9078227883765,0.0,1.0,803.3695346451987,0.0,0.0,0.0,0.0,0.0,5291.545730646585,6014.578311827264,269.9220500027275,0.0,269.9220500027275
2025-01-18,71,4444.3716,2025-01-18T11:50:00,2025-01-18T11:40:00,11:50:00,19,BT,5657.2241,11:50:00,19,BT,0.4502,11:50:00,19,BT,0.4662,740.7286,942.8706833333334,-1212.8525,-202.1420833333334,2025-01-18T11:50:00,2025-01-18 00:00:00,2025-01-18 00:00:00,2025-01-18T11:50:00,2025-01-18T11:50:00,0.4662,725.9487255855239,1034.249961658939,39.94690293608949,765.8956285216134,1034.249961658939,2,0.7,equal_initial,6419.5375531352065,564.9790001960077,833.3333333333333,0.0,4684.9078227883765,5434.9078227883765,0.0,1.0,767.1210835293413,0.0,0.0,0.0,0.0,0.0,6014.578311827264,6704.987287003671,263.39320989137883,0.0,263.39320989137883
2025-01-18,72,4369.51,2025-01-18T12:00:00,2025-01-18T11:50:00,12:00:00,19,BU,5697.675,12:00:00,19,BU,0.4974,12:00:00,19,BU,0.4432,728.2516666666667,949.6125000000001,-1328.165,-221.3608333333334,2025-01-18T12:00:00,2025-01-18 00:00:00,2025-01-18 00:00:00,2025-01-18T12:00:00,2025-01-18T12:00:00,0.4432,697.607456056328,1037.221241097264,39.94690293608949,737.5543589924175,1037.221241097264,2,0.7,equal_initial,6419.5375531352065,533.6664512284867,833.3333333333333,0.0,5434.9078227883765,6184.9078227883765,0.0,1.0,755.02728456182,0.0,0.0,0.0,0.0,0.0,6704.987287003671,7384.511843109309,236.5209711844653,0.0,236.5209711844653
2025-01-18,73,4207.009,2025-01-18T12:10:00,2025-01-18T12:00:00,12:10:00,19,BV,5762.5996,12:10:00,19,BV,0.5054,12:10:00,19,BV,0.4411,701.1681666666667,960.4332666666666,-1555.5905999999995,-259.26509999999985,2025-01-18T12:10:00,2025-01-18 00:00:00,2025-01-18 00:00:00,2025-01-18T12:10:00,2025-01-18T12:10:00,0.4411,688.9829742011965,1036.0573393300574,58.69688299703569,747.6798571982322,1036.0573393300574,2,0.7,equal_initial,6419.5375531352065,544.955851201508,833.3333333333333,0.0,6184.9078227883765,6934.9078227883765,0.0,1.0,804.220951201508,0.0,0.0,0.0,0.0,0.0,7384.511843109309,8108.310699190666,240.38002596498518,0.0,240.38002596498518
2025-01-18,74,4119.4191,2025-01-18T12:20:00,2025-01-18T12:10:00,12:20:00,19,BW,5888.657,12:20:00,19,BW,0.4733,12:20:00,19,BW,0.4551,686.56985,981.4428333333334,-1769.2379,-294.8729833333334,2025-01-18T12:20:00,2025-01-18 00:00:00,2025-01-18 00:00:00,2025-01-18T12:20:00,2025-01-18T12:20:00,0.4551,694.0990290340452,1030.767410159292,58.69688299703569,752.7959120310809,1030.767410159292,2,0.7,equal_initial,6419.5375531352065,555.3618352051221,833.3333333333333,0.0,6934.9078227883765,7684.9078227883765,0.0,1.0,833.3333333333334,0.0,0.0,16.9014852051223,16.9014852051223,0.0,8108.310699190666,8858.310699190666,252.7451712018511,0.0,252.7451712018511
2025-01-18,75,4106.21,2025-01-18T12:30:00,2025-01-18T12:20:00,12:30:00,19,BX,6022.425,12:30:00,19,BX,0.4165,12:30:00,19,BX,0.4463,684.3683333333333,1003.7375000000001,-1916.2150000000001,-319.36916666666673,2025-01-18T12:30:00,2025-01-18 00:00:00,2025-01-18 00:00:00,2025-01-18T12:30:00,2025-01-18T12:30:00,0.4463,702.3152258962591,1021.3998056281777,58.69688299703569,761.0121088932948,1021.3998056281777,2,0.7,equal_initial,6419.5375531352065,572.9456365984504,833.3333333333333,0.0,7684.9078227883765,8434.907822788377,0.0,1.0,833.3333333333334,0.0,0.0,58.981469931783636,58.981469931783636,0.0,8858.310699190666,9608.310699190666,255.7056376138884,0.0,255.7056376138884
2025-01-18,76,4063.7852,2025-01-18T12:40:00,2025-01-18T12:30:00,12:40:00,19,BY,6037.0331,12:40:00,19,BY,0.3753,12:40:00,19,BY,0.4113,677.2975333333333,1006.1721833333332,-1973.2478999999998,-328.87465,2025-01-18T12:40:00,2025-01-18 00:00:00,2025-01-18 00:00:00,2025-01-18T12:40:00,2025-01-18T12:40:00,0.4113,709.6455687448802,1008.041470132683,58.69688299703569,768.3424517419159,1008.041470132683,2,0.7,equal_initial,6419.5375531352065,593.6343149425661,833.3333333333333,0.0,8434.907822788377,9184.907822788377,0.0,1.0,833.3333333333334,0.0,0.0,89.1756316092326,89.1756316092326,0.0,9608.310699190666,10358.310699190666,244.16179373587744,0.0,244.16179373587744
2025-01-18,77,4098.9616,2025-01-18T12:50:00,2025-01-18T12:40:00,12:50:00,19,BZ,5978.7676,12:50:00,19,BZ,0.512,12:50:00,19,BZ,0.5682,683.1602666666666,996.4612666666667,-1879.8060000000005,-313.30100000000004,2025-01-18T12:50:00,2025-01-18 00:00:00,2025-01-18 00:00:00,2025-01-18T12:50:00,2025-01-18T12:50:00,0.5682,693.1894840247807,990.8168387901326,58.69688299703569,751.8863670218163,990.8168387901326,2,0.7,equal_initial,6419.5375531352065,0.0,238.93047176831624,0.0,9184.907822788377,9399.945247379861,0.0,1.0,313.30100000000004,0.0,0.0,0.0,0.0,0.0,10358.310699190666,10640.281599190666,0.0,0.0,0.0
2025-01-18,78,4179.1,2025-01-18T13:00:00,2025-01-18T12:50:00,13:00:00,19,CA,5979.1875,13:00:00,19,CA,0.7339,13:00:00,19,CA,0.8279,696.5166666666668,996.53125,-1800.0874999999996,-300.01458333333323,2025-01-18T13:00:00,2025-01-18 00:00:00,2025-01-18 00:00:00,2025-01-18T13:00:00,2025-01-18T13:00:00,0.8279,663.390157028324,969.8862563028922,58.69688299703569,722.0870400253597,969.8862563028922,2,0.7,equal_initial,6419.5375531352065,0.0,247.79921627753254,0.0,9399.945247379861,9622.96454202964,0.0,1.0,177.46488978814847,0.0,0.0,122.54969354518477,0.0,122.54969354518477,10640.281599190666,10800.0,0.0,0.0,0.0
2025-01-18,79,4128.1126,2025-01-18T13:10:00,2025-01-18T13:00:00,13:10:00,19,CB,6090.7508,13:10:00,19,CB,0.7669,13:10:00,19,CB,0.8636,688.0187666666667,1015.1251333333333,-1962.6381999999994,-327.10636666666664,2025-01-18T13:10:00,2025-01-18 00:00:00,2025-01-18 00:00:00,2025-01-18T13:10:00,2025-01-18T13:10:00,0.8636,656.0439235371131,945.4439396647543,19.406799951806192,675.4507234889193,945.4439396647543,2,0.7,equal_initial,6419.5375531352065,0.0,269.9932161758351,0.0,9622.96454202964,9865.95843658789,0.0,1.0,0.0,0.0,0.0,327.10636666666664,0.0,327.10636666666664,10800.0,10800.0,0.0,0.0,0.0
2025-01-18,80,3974.4431,2025-01-18T13:20:00,2025-01-18T13:10:00,13:20:00,19,CC,5910.845,13:20:00,19,CC,0.7454,13:20:00,19,CC,0.8416,662.4071833333334,985.1408333333334,-1936.4019000000003,-322.73365,2025-01-18T13:20:00,2025-01-18 00:00:00,2025-01-18 00:00:00,2025-01-18T13:20:00,2025-01-18T13:20:00,0.8416,656.5280264944195,917.7155147950565,19.406799951806192,675.9348264462257,917.7155147950565,2,0.7,equal_initial,6419.5375531352065,0.0,241.78068834883084,0.0,9865.95843658789,10083.561056101838,0.0,1.0,0.0,0.0,0.0,322.73365,0.0,322.73365,10800.0,10800.0,0.0,0.0,0.0
2025-01-18,81,3871.56,2025-01-18T13:30:00,2025-01-18T13:20:00,13:30:00,19,CD,5472.15,13:30:00,19,CD,0.7689,13:30:00,19,CD,0.8618,645.26,912.025,-1600.5899999999997,-266.765,2025-01-18T13:30:00,2025-01-18 00:00:00,2025-01-18 00:00:00,2025-01-18T13:30:00,2025-01-18T13:30:00,0.8618,659.4190383814808,886.9551634434081,19.406799951806192,678.825838333287,886.9551634434081,2,0.7,equal_initial,6419.5375531352065,0.0,208.12932511012104,0.0,10083.561056101838,10270.877448700947,0.0,1.0,0.0,0.0,0.0,266.765,0.0,266.765,10800.0,10800.0,0.0,0.0,0.0
2025-01-18,82,3968.2726,2025-01-18T13:40:00,2025-01-18T13:30:00,13:40:00,19,CE,5227.8118,13:40:00,19,CE,0.8135,13:40:00,19,CE,0.8623,661.3787666666666,871.3019666666668,-1259.5392000000006,-209.92320000000018,2025-01-18T13:40:00,2025-01-18 00:00:00,2025-01-18 00:00:00,2025-01-18T13:40:00,2025-01-18T13:40:00,0.8623,673.985796220812,853.44242238668,19.406799951806192,693.3925961726181,853.44242238668,2,0.7,equal_initial,6419.5375531352065,0.0,160.0498262140619,0.0,10270.877448700947,10414.922292293602,0.0,1.0,0.0,0.0,0.0,209.92320000000018,0.0,209.92320000000018,10800.0,10800.0,0.0,0.0,0.0
2025-01-18,83,4110.0625,2025-01-18T13:50:00,2025-01-18T13:40:00,13:50:00,19,CF,5116.4718,13:50:00,19,CF,0.9167,13:50:00,19,CF,0.9026,685.0104166666666,852.7453,-1006.4093000000003,-167.7348833333334,2025-01-18T13:50:00,2025-01-18 00:00:00,2025-01-18 00:00:00,2025-01-18T13:50:00,2025-01-18T13:50:00,0.9026,680.1931973289658,817.4786819497659,19.406799951806192,699.599997280772,817.4786819497659,2,0.7,equal_initial,6419.5375531352065,0.0,117.87868466899397,0.0,10414.922292293602,10521.013108495697,0.0,1.0,0.0,0.0,0.0,167.7348833333334,0.0,167.7348833333334,10800.0,10800.0,0.0,0.0,0.0
2025-01-18,84,4119.36,2025-01-18T14:00:00,2025-01-18T13:50:00,14:00:00,19,CG,4979.925,14:00:00,19,CG,1.0398,14:00:00,19,CG,0.9754,686.56,829.9875000000001,-860.5650000000005,-143.42750000000012,2025-01-18T14:00:00,2025-01-18 00:00:00,2025-01-18 00:00:00,2025-01-18T14:00:00,2025-01-18T14:00:00,0.9754,669.1436052481682,779.3834351436827,19.406799951806192,688.5504051999744,779.3834351436827,2,0.7,equal_initial,6419.5375531352065,0.0,90.83302994370831,0.0,10521.013108495697,10602.762835445035,0.0,1.0,0.0,0.0,0.0,143.42750000000012,0.0,143.42750000000012,10800.0,10800.0,0.0,0.0,0.0
2025-01-18,85,3935.7888,2025-01-18T14:10:00,2025-01-18T14:00:00,14:10:00,19,CH,4751.4747,14:10:00,19,CH,1.0838,14:10:00,19,CH,1.0002,655.9648,791.9124499999999,-815.6859,-135.94764999999995,2025-01-18T14:10:00,2025-01-18 00:00:00,2025-01-18 00:00:00,2025-01-18T14:10:00,2025-01-18T14:10:00,1.0002,649.6995031672496,739.4903321624274,-5.9183597765651825,643.7811433906845,739.4903321624274,2,0.7,equal_initial,6419.5375531352065,0.0,95.7091887717429,0.0,10602.762835445035,10688.901105339604,0.0,1.0,0.0,0.0,0.0,135.94764999999995,0.0,135.94764999999995,10800.0,10800.0,0.0,0.0,0.0
2025-01-18,86,3749.2117,2025-01-18T14:20:00,2025-01-18T14:10:00,14:20:00,19,CI,4570.1224,14:20:00,19,CI,1.083,14:20:00,19,CI,0.9978,624.8686166666666,761.6870666666667,-820.9107000000004,-136.8184500000001,2025-01-18T14:20:00,2025-01-18 00:00:00,2025-01-18 00:00:00,2025-01-18T14:20:00,2025-01-18T14:20:00,0.9978,627.3093955333197,698.1430975606359,-5.9183597765651825,621.3910357567545,698.1430975606359,2,0.7,equal_initial,6419.5375531352065,0.0,76.75206180388136,0.0,10688.901105339604,10757.977960963097,0.0,1.0,0.0,0.0,0.0,136.8184500000001,0.0,136.8184500000001,10800.0,10800.0,0.0,0.0,0.0
2025-01-18,87,3714.63,2025-01-18T14:30:00,2025-01-18T14:20:00,14:30:00,19,CJ,4419.7875,14:30:00,19,CJ,1.1217,14:30:00,19,CJ,1.0271,619.105,736.63125,-705.1575000000003,-117.52625,2025-01-18T14:30:00,2025-01-18 00:00:00,2025-01-18 00:00:00,2025-01-18T14:30:00,2025-01-18T14:30:00,1.0271,614.9185743998864,655.69136910877,-5.9183597765651825,609.0002146233212,655.69136910877,2,0.7,equal_initial,6419.5375531352065,0.0,46.691154485448806,0.0,10757.977960963097,10800.0,0.0,1.0,0.0,0.0,0.0,117.52625,0.0,117.52625,10800.0,10800.0,0.0,0.0,0.0
2025-01-18,88,3823.0164,2025-01-18T14:40:00,2025-01-18T14:30:00,14:40:00,19,CK,4150.5572,14:40:00,19,CK,1.2027,14:40:00,19,CK,1.0906,637.1694,691.7595333333334,-327.5408000000002,-54.59013333333337,2025-01-18T14:40:00,2025-01-18 00:00:00,2025-01-18 00:00:00,2025-01-18T14:40:00,2025-01-18T14:40:00,1.0906,625.4966684336963,612.4865180676077,-5.9183597765651825,619.5783086571312,612.4865180676077,2,0.7,equal_initial,6419.5375531352065,0.0,0.0,7.091790589523498,10800.0,10792.120232678308,0.0,0.0,0.0,0.0,0.0,54.59013333333337,0.0,54.59013333333337,10800.0,10800.0,0.0,0.0,0.0
2025-01-18,89,3811.7147,2025-01-18T14:50:00,2025-01-18T14:40:00,14:50:00,19,CL,3893.2267,14:50:00,19,CL,0.9637,14:50:00,19,CL,0.9376,635.2857833333334,648.8711166666667,-81.51200000000017,-13.585333333333324,2025-01-18T14:50:00,2025-01-18 00:00:00,2025-01-18 00:00:00,2025-01-18T14:50:00,2025-01-18T14:50:00,0.9376,638.4066090116424,568.8775104307093,-5.9183597765651825,632.4882492350773,568.8775104307093,2,0.7,equal_initial,6419.5375531352065,0.0,0.0,63.610738804368,10792.120232678308,10721.441634006787,0.0,0.0,0.0,0.0,0.0,13.585333333333324,0.0,13.585333333333324,10800.0,10800.0,0.0,0.0,0.0
2025-01-18,90,3700.49,2025-01-18T15:00:00,2025-01-18T14:50:00,15:00:00,19,CM,3661.5375,15:00:00,19,CM,0.5685,15:00:00,19,CM,0.6694,616.7483333333333,610.25625,38.95249999999987,6.492083333333312,2025-01-18T15:00:00,2025-01-18 00:00:00,2025-01-18 00:00:00,2025-01-18T15:00:00,2025-01-18T15:00:00,0.6694,636.3404776177692,525.2068675592918,-5.9183597765651825,630.422117841204,525.2068675592918,2,0.7,equal_initial,6419.5375531352065,105.21525028191218,0.0,0.0,10721.441634006787,10721.441634006787,0.0,0.0,0.0,0.0,0.0,98.72316694857886,98.72316694857886,0.0,10800.0,10800.0,70.431088538712,0.0,70.431088538712
2025-01-18,91,3736.9643,2025-01-18T15:10:00,2025-01-18T15:00:00,15:10:00,19,CN,3327.1947,15:10:00,19,CN,0.5752,15:10:00,19,CN,0.66,622.8273833333334,554.53245,409.7696000000001,68.29493333333335,2025-01-18T15:10:00,2025-01-18 00:00:00,2025-01-18 00:00:00,2025-01-18T15:10:00,2025-01-18T15:10:00,0.66,623.3281070034521,481.8067826007847,-21.821210703952374,601.5068962994998,481.8067826007847,2,0.7,equal_initial,6419.5375531352065,206.9871870245069,87.28707332579182,0.0,10721.441634006787,10800.0,0.0,1.0000000000000064,0.0,0.0,0.0,138.6922536911735,138.6922536911735,0.0,10800.0,10800.0,136.61154343617457,0.0,136.61154343617457
2025-01-18,92,3717.7466,2025-01-18T15:20:00,2025-01-18T15:10:00,15:20:00,19,CO,2950.1522,15:20:00,19,CO,0.6675,15:20:00,19,CO,0.7217,619.6244333333333,491.6920333333333,767.5944,127.93239999999997,2025-01-18T15:20:00,2025-01-18 00:00:00,2025-01-18 00:00:00,2025-01-18T15:20:00,2025-01-18T15:20:00,0.7217,638.4196928247636,438.9954461774041,-21.821210703952374,616.5984821208112,438.9954461774041,2,0.7,equal_initial,6419.5375531352065,177.60303594340712,0.0,0.0,10800.0,10800.0,0.0,0.0,0.0,0.0,0.0,49.67063594340709,49.67063594340709,0.0,10800.0,10800.0,128.17611104035691,0.0,128.17611104035691
2025-01-18,93,3700.91,2025-01-18T15:30:00,2025-01-18T15:20:00,15:30:00,19,CP,2603.475,15:30:00,19,CP,0.6679,15:30:00,19,CP,0.7308,616.8183333333333,433.91249999999997,1097.435,182.9058333333333,2025-01-18T15:30:00,2025-01-18 00:00:00,2025-01-18 00:00:00,2025-01-18T15:30:00,2025-01-18T15:30:00,0.7308,660.3197569950254,397.07363110562744,-21.821210703952374,638.498546291073,397.07363110562744,2,0.7,equal_initial,6419.5375531352065,241.42491518544557,0.0,0.0,10800.0,10800.0,0.0,0.0,0.0,0.0,0.0,58.51908185211221,58.51908185211221,0.0,10800.0,10800.0,176.43332801752362,0.0,176.43332801752362
2025-01-18,94,3947.0661,2025-01-18T15:40:00,2025-01-18T15:30:00,15:40:00,19,CQ,2310.1092,15:40:00,19,CQ,0.7097,15:40:00,19,CQ,0.7534,657.84435,385.0182,1636.9569000000001,272.82615,2025-01-18T15:40:00,2025-01-18 00:00:00,2025-01-18 00:00:00,2025-01-18T15:40:00,2025-01-18T15:40:00,0.7534,629.2117251809665,356.3215814261922,-21.821210703952374,607.3905144770141,356.3215814261922,2,0.7,equal_initial,6419.5375531352065,251.0689330508219,0.0,0.0,10800.0,10800.0,0.0,0.0,0.0,21.757216949178087,0.0,0.0,0.0,0.0,10800.0,10775.825314500913,189.15533416048922,0.0,189.15533416048922
2025-01-18,95,4035.1397,2025-01-18T15:50:00,2025-01-18T15:40:00,15:50:00,19,CR,2037.0793,15:50:00,19,CR,0.7163,15:50:00,19,CR,0.7823,672.5232833333333,339.51321666666666,1998.0604,333.01006666666666,2025-01-18T15:50:00,2025-01-18 00:00:00,2025-01-18 00:00:00,2025-01-18T15:50:00,2025-01-18T15:50:00,0.7823,603.8309372732415,316.99624586401785,-21.821210703952374,582.0097265692891,316.99624586401785,2,0.7,equal_initial,6419.5375531352065,265.01348070527126,0.0,0.0,10800.0,10800.0,0.0,0.0,0.0,67.99658596139545,0.0,0.0,0.0,0.0,10775.825314500913,10700.273552321585,207.32004595573372,0.0,207.32004595573372
2025-01-18,96,3828.61,2025-01-18T16:00:00,2025-01-18T15:50:00,16:00:00,19,CS,1747.3875,16:00:00,19,CS,0.6981,16:00:00,19,CS,0.8055,638.1016666666667,291.23125,2081.2225,346.8704166666667,2025-01-18T16:00:00,2025-01-18 00:00:00,2025-01-18 00:00:00,2025-01-18T16:00:00,2025-01-18T16:00:00,0.8055,599.4347053100062,279.3288900859958,-21.821210703952374,577.6134946060538,279.3288900859958,2,0.7,equal_initial,6419.5375531352065,298.284604520058,0.0,0.0,10800.0,10800.0,0.0,0.0,0.0,48.58581214660876,0.0,0.0,0.0,0.0,10700.273552321585,10646.289316603132,240.26824894090672,0.0,240.26824894090672
2025-01-18,97,3627.2869,2025-01-18T16:10:00,2025-01-18T16:00:00,16:10:00,19,CT,1424.8096,16:10:00,19,CT,0.7592,16:10:00,19,CT,0.8271,604.5478166666667,237.46826666666666,2202.4773,367.07955000000004,2025-01-18T16:10:00,2025-01-18 00:00:00,2025-01-18 00:00:00,2025-01-18T16:10:00,2025-01-18T16:10:00,0.8271,576.9123690531441,243.5231158791068,59.689057413682384,636.6014264668264,243.5231158791068,2,0.7,equal_initial,6419.5375531352065,393.0783105877196,0.0,-0.0,10800.0,10800.0,0.0,0.0,25.99876058771963,0.0,0.0,0.0,0.0,0.0,10646.289316603132,10669.68820113208,325.11507068710284,0.0,325.11507068710284
2025-01-18,98,3628.1392,2025-01-18T16:20:00,2025-01-18T16:10:00,16:20:00,19,CU,1098.0991,16:20:00,19,CU,0.8089,16:20:00,19,CU,0.8519,604.6898666666667,183.01651666666666,2530.0401,421.67335,2025-01-18T16:20:00,2025-01-18 00:00:00,2025-01-18 00:00:00,2025-01-18T16:20:00,2025-01-18T16:20:00,0.8519,573.0316997475533,209.75330873667977,59.689057413682384,632.7207571612356,209.75330873667977,2,0.7,equal_initial,6419.5375531352065,422.96744842455587,0.0,-0.0,10800.0,10800.0,0.0,0.0,1.2940984245558411,0.0,0.0,0.0,0.0,0.0,10669.68820113208,10670.85288971418,360.3259693128791,0.0,360.3259693128791
2025-01-18,99,3732.45,2025-01-18T16:30:00,2025-01-18T16:20:00,16:30:00,19,CV,810.225,16:30:00,19,CV,0.8053,16:30:00,19,CV,0.8791,622.0749999999999,135.0375,2922.225,487.0374999999999,2025-01-18T16:30:00,2025-01-18 00:00:00,2025-01-18 00:00:00,2025-01-18T16:30:00,2025-01-18T16:30:00,0.8791,595.5331081588275,178.16352842770056,59.689057413682384,655.2221655725099,178.16352842770056,2,0.7,equal_initial,6419.5375531352065,477.0586371448093,0.0,-0.0,10800.0,10800.0,0.0,0.0,0.0,9.978862855190641,0.0,0.0,0.0,0.0,10670.85288971418,10659.765264319523,419.3822479140019,0.0,419.3822479140019
2025-01-18,100,3632.8595,2025-01-18T16:40:00,2025-01-18T16:30:00,16:40:00,19,CW,582.7895,16:40:00,19,CW,0.7951,16:40:00,19,CW,0.9024,605.4765833333333,97.13158333333332,3050.07,508.345,2025-01-18T16:40:00,2025-01-18 00:00:00,2025-01-18 00:00:00,2025-01-18T16:40:00,2025-01-18T16:40:00,0.9024,601.2383032648654,148.86685004783638,59.689057413682384,660.9273606785478,148.86685004783638,2,0.7,equal_initial,6419.5375531352065,512.0605106307114,0.0,-0.0,10800.0,10800.0,0.0,0.0,3.7155106307113783,0.0,0.0,0.0,0.0,0.0,10659.765264319523,10663.109223887164,462.083404793154,0.0,462.083404793154
2025-01-18,101,3258.6684,2025-01-18T16:50:00,2025-01-18T16:40:00,16:50:00,19,CX,344.8261,16:50:00,19,CX,0.7809,16:50:00,19,CX,0.9163,543.1114,57.471016666666664,2913.8423000000003,485.6403833333333,2025-01-18T16:50:00,2025-01-18 00:00:00,2025-01-18 00:00:00,2025-01-18T16:50:00,2025-01-18T16:50:00,0.9163,542.4647578996911,121.94515592844046,59.689057413682384,602.1538153133735,121.94515592844046,2,0.7,equal_initial,6419.5375531352065,480.208659384933,0.0,-0.0,10800.0,10800.0,0.0,0.0,0.0,5.431723948400304,0.0,0.0,0.0,0.0,10663.109223887164,10657.073975055608,440.01519459441414,0.0,440.01519459441414
2025-01-18,102,2863.18,2025-01-18T17:00:00,2025-01-18T16:50:00,17:00:00,19,CY,120.6,17:00:00,19,CY,0.7664,17:00:00,19,CY,0.9264,477.19666666666666,20.099999999999998,2742.58,457.09666666666664,2025-01-18T17:00:00,2025-01-18 00:00:00,2025-01-18 00:00:00,2025-01-18T17:00:00,2025-01-18T17:00:00,0.9264,460.47051042118005,97.44937172845252,59.689057413682384,520.1595678348624,97.44937172845252,2,0.7,equal_initial,6419.5375531352065,422.71019610640985,0.0,-0.0,10800.0,10800.0,0.0,0.0,0.0,34.38647056025678,0.0,0.0,0.0,0.0,10657.073975055608,10618.86678554421,391.5987256729781,0.0,391.5987256729781
2025-01-18,103,2805.5617,2025-01-18T17:10:00,2025-01-18T17:00:00,17:10:00,19,CZ,16.5774,17:10:00,19,CZ,0.7673,17:10:00,19,CZ,0.9462,467.5936166666667,2.7629,2788.9843,464.8307166666667,2025-01-18T17:10:00,2025-01-18 00:00:00,2025-01-18 00:00:00,2025-01-18T17:10:00,2025-01-18T17:10:00,0.9462,452.0233131603121,75.40013316934755,45.76631794929572,497.78963110960785,75.40013316934755,2,0.7,equal_initial,6419.5375531352065,422.3894979402603,0.0,0.0,10800.0,10800.0,0.0,0.0,0.0,42.44121872640642,0.0,0.0,0.0,0.0,10618.86678554421,10571.709875848204,399.6649429510743,0.0,399.6649429510743
2025-01-18,104,2832.3248,2025-01-18T17:20:00,2025-01-18T17:10:00,17:20:00,19,DA,0.0,17:20:00,19,DA,0.7941,17:20:00,19,DA,0.9742,472.0541333333333,0.0,2832.3248,472.0541333333333,2025-01-18T17:20:00,2025-01-18 00:00:00,2025-01-18 00:00:00,2025-01-18T17:20:00,2025-01-18T17:20:00,0.9742,479.02112035925035,55.788863306889105,45.76631794929572,524.787438308546,55.788863306889105,2,0.7,equal_initial,6419.5375531352065,468.99857500165695,0.0,-0.0,10800.0,10800.0,0.0,0.0,0.0,3.055558331676366,0.0,0.0,0.0,0.0,10571.709875848204,10568.31481103523,456.8984117666142,0.0,456.8984117666142
2025-01-18,105,2797.65,2025-01-18T17:30:00,2025-01-18T17:20:00,17:30:00,19,DB,0.0,17:30:00,19,DB,0.8008,17:30:00,19,DB,0.9862,466.27500000000003,0.0,2797.65,466.27500000000003,2025-01-18T17:30:00,2025-01-18 00:00:00,2025-01-18 00:00:00,2025-01-18T17:30:00,2025-01-18T17:30:00,0.9862,496.2494394262776,38.57923407150131,45.76631794929572,542.0157573755733,38.57923407150131,2,0.7,equal_initial,6419.5375531352065,503.436523304072,0.0,-0.0,10800.0,10800.0,0.0,0.0,37.16152330407198,0.0,0.0,0.0,0.0,0.0,10568.31481103523,10601.760182008895,496.4890992824758,0.0,496.4890992824758
2025-01-18,106,2789.7078,2025-01-18T17:40:00,2025-01-18T17:30:00,17:40:00,19,DC,0.8695,17:40:00,19,DC,0.7601,17:40:00,19,DC,0.976,464.9513,0.14491666666666667,2788.8383000000003,464.8063833333333,2025-01-18T17:40:00,2025-01-18 00:00:00,2025-01-18 00:00:00,2025-01-18T17:40:00,2025-01-18T17:40:00,0.976,491.1283176107657,23.708980150456295,45.76631794929572,536.8946355600614,23.708980150456295,2,0.7,equal_initial,6419.5375531352065,513.185655409605,0.0,0.0,10800.0,10800.0,0.0,0.0,48.37927207627166,0.0,0.0,0.0,0.0,0.0,10601.760182008895,10645.30152687754,500.8691996797745,0.0,500.8691996797745
2025-01-18,107,2782.4624,2025-01-18T17:50:00,2025-01-18T17:40:00,17:50:00,19,DD,0.0,17:50:00,19,DD,0.9181,17:50:00,19,DD,1.0742,463.7437333333333,0.0,2782.4624,463.7437333333333,2025-01-18T17:50:00,2025-01-18 00:00:00,2025-01-18 00:00:00,2025-01-18T17:50:00,2025-01-18T17:50:00,1.0742,471.7323464521518,11.092028219484428,45.76631794929572,517.4986644014475,11.092028219484428,2,0.7,equal_initial,6419.5375531352065,506.4066361819631,0.0,-0.0,10800.0,10800.0,0.0,0.0,42.66290284862981,0.0,0.0,0.0,0.0,0.0,10645.30152687754,10683.698139441307,543.9820085866648,0.0,543.9820085866648
2025-01-18,108,2825.01,2025-01-18T18:00:00,2025-01-18T17:50:00,18:00:00,19,DE,0.0,18:00:00,19,DE,1.1722,18:00:00,19,DE,1.2313,470.83500000000004,0.0,2825.01,470.83500000000004,2025-01-18T18:00:00,2025-01-18 00:00:00,2025-01-18 00:00:00,2025-01-18T18:00:00,2025-01-18T18:00:00,1.2313,461.7231910803355,0.6209001381910356,45.76631794929572,507.4895090296312,0.6209001381910356,2,0.7,equal_initial,6419.5375531352065,0.0,0.0,506.8686088914402,10800.0,10236.812656787288,0.0,0.0,0.0,470.83500000000004,0.0,0.0,0.0,0.0,10683.698139441307,10160.548139441307,0.0,0.0,0.0
2025-01-18,109,2977.5377,2025-01-18T18:10:00,2025-01-18T18:00:00,18:10:00,19,DF,0.0624,18:10:00,19,DF,1.1548,18:10:00,19,DF,1.2561,496.25628333333333,0.0104,2977.4753,496.2458833333333,2025-01-18T18:10:00,2025-01-18 00:00:00,2025-01-18 00:00:00,2025-01-18T18:10:00,2025-01-18T18:10:00,1.2561,477.8569400570999,0.0,8.55166666666662,486.4086067237665,0.0,2,0.7,equal_initial,6419.5375531352065,0.0,0.0,486.4086067237665,10236.812656787288,9696.358649316437,0.0,0.0,0.0,496.2458833333333,0.0,0.0,0.0,0.0,10160.548139441307,9609.163824626492,0.0,0.0,0.0
2025-01-18,110,2936.1531,2025-01-18T18:20:00,2025-01-18T18:10:00,18:20:00,19,DG,0.0,18:20:00,19,DG,1.0963,18:20:00,19,DG,1.2447,489.35885,0.0,2936.1531,489.35885,2025-01-18T18:20:00,2025-01-18 00:00:00,2025-01-18 00:00:00,2025-01-18T18:20:00,2025-01-18T18:20:00,1.2447,469.7634693750158,0.0,8.55166666666662,478.3151360416824,0.0,2,0.7,equal_initial,6419.5375531352065,0.0,0.0,478.3151360416824,9696.358649316437,9164.8973870479,0.0,0.0,0.0,489.35885,0.0,0.0,0.0,0.0,9609.163824626492,9065.431769070936,0.0,0.0,0.0
2025-01-18,111,2711.66,2025-01-18T18:30:00,2025-01-18T18:20:00,18:30:00,19,DH,0.0,18:30:00,19,DH,1.1092,18:30:00,19,DH,1.2545,451.9433333333333,0.0,2711.66,451.9433333333333,2025-01-18T18:30:00,2025-01-18 00:00:00,2025-01-18 00:00:00,2025-01-18T18:30:00,2025-01-18T18:30:00,1.2545,447.5840557955154,0.0,8.55166666666662,456.135722462182,0.0,2,0.7,equal_initial,6419.5375531352065,0.0,0.0,456.135722462182,9164.8973870479,8658.079917645477,0.0,0.0,0.0,451.9433333333333,0.0,0.0,0.0,0.0,9065.431769070936,8563.272509811677,0.0,0.0,0.0
2025-01-18,112,2637.4234,2025-01-18T18:40:00,2025-01-18T18:30:00,18:40:00,19,DI,0.0045,18:40:00,19,DI,1.0916,18:40:00,19,DI,1.2522,439.5705666666667,0.0007499999999999999,2637.4189,439.5698166666667,2025-01-18T18:40:00,2025-01-18 00:00:00,2025-01-18 00:00:00,2025-01-18T18:40:00,2025-01-18T18:40:00,1.2522,468.9510591664148,0.0,8.55166666666662,477.5027258330814,0.0,2,0.7,equal_initial,6419.5375531352065,0.0,0.0,477.5027258330814,8658.079917645477,8127.521333386498,0.0,0.0,0.0,439.5698166666667,0.0,0.0,0.0,0.0,8563.272509811677,8074.861602404269,0.0,0.0,0.0
2025-01-18,113,2705.1387,2025-01-18T18:50:00,2025-01-18T18:40:00,18:50:00,19,DJ,0.0,18:50:00,19,DJ,1.1601,18:50:00,19,DJ,1.2881,450.85645,0.0,2705.1387,450.85645,2025-01-18T18:50:00,2025-01-18 00:00:00,2025-01-18 00:00:00,2025-01-18T18:50:00,2025-01-18T18:50:00,1.2881,475.1835883605579,0.0,8.55166666666662,483.7352550272245,0.0,2,0.7,equal_initial,6419.5375531352065,0.0,0.0,483.7352550272245,8127.521333386498,7590.037716689581,0.0,0.0,0.0,450.85645,0.0,0.0,0.0,0.0,8074.861602404269,7573.909991293158,0.0,0.0,0.0
2025-01-18,114,2717.31,2025-01-18T19:00:00,2025-01-18T18:50:00,19:00:00,19,DK,0.0,19:00:00,19,DK,1.2825,19:00:00,19,DK,1.3466,452.885,0.0,2717.31,452.885,2025-01-18T19:00:00,2025-01-18 00:00:00,2025-01-18 00:00:00,2025-01-18T19:00:00,2025-01-18T19:00:00,1.3466,454.2387117864523,0.0,8.55166666666662,462.79037845311893,0.0,2,0.7,equal_initial,6419.5375531352065,0.0,0.0,462.79037845311893,7590.037716689581,7075.826185075005,0.0,0.0,0.0,452.885,0.0,0.0,0.0,0.0,7573.909991293158,7070.704435737603,0.0,0.0,0.0
2025-01-18,115,2540.1147,2025-01-18T19:10:00,2025-01-18T19:00:00,19:10:00,19,DL,0.0,19:10:00,19,DL,1.2959,19:10:00,19,DL,1.3523,423.35245000000003,0.0,2540.1147,423.35245000000003,2025-01-18T19:10:00,2025-01-18 00:00:00,2025-01-18 00:00:00,2025-01-18T19:10:00,2025-01-18T19:10:00,1.3523,454.36981053590375,0.0,21.15895833333326,475.528768869237,0.0,2,0.7,equal_initial,6419.5375531352065,0.0,0.0,475.528768869237,7075.826185075005,6547.460886331408,0.0,0.0,0.0,423.35245000000003,0.0,0.0,0.0,0.0,7070.704435737603,6600.312824626491,0.0,0.0,0.0
2025-01-18,116,2657.3542,2025-01-18T19:20:00,2025-01-18T19:10:00,19:20:00,19,DM,0.0,19:20:00,19,DM,1.3333,19:20:00,19,DM,1.3445,442.8923666666667,0.0,2657.3542,442.8923666666667,2025-01-18T19:20:00,2025-01-18 00:00:00,2025-01-18 00:00:00,2025-01-18T19:20:00,2025-01-18T19:20:00,1.3445,460.11479158066436,0.0,21.15895833333326,481.2737499139976,0.0,2,0.7,equal_initial,6419.5375531352065,0.0,0.0,481.2737499139976,6547.460886331408,6012.712275315855,0.0,0.0,0.0,442.8923666666667,0.0,0.0,0.0,0.0,6600.312824626491,6108.210194996862,0.0,0.0,0.0
2025-01-18,117,2928.52,2025-01-18T19:30:00,2025-01-18T19:20:00,19:30:00,19,DN,0.0,19:30:00,19,DN,1.3945,19:30:00,19,DN,1.3483,488.08666666666664,0.0,2928.52,488.08666666666664,2025-01-18T19:30:00,2025-01-18 00:00:00,2025-01-18 00:00:00,2025-01-18T19:30:00,2025-01-18T19:30:00,1.3483,470.3438560417037,0.0,21.15895833333326,491.50281437503696,0.0,2,0.7,equal_initial,6419.5375531352065,0.0,0.0,491.50281437503696,6012.712275315855,5466.598037121369,0.0,0.0,0.0,488.08666666666664,0.0,0.0,0.0,0.0,6108.210194996862,5565.8916764783435,0.0,0.0,0.0
2025-01-18,118,2737.9381,2025-01-18T19:40:00,2025-01-18T19:30:00,19:40:00,19,DO,0.0,19:40:00,19,DO,1.3417,19:40:00,19,DO,1.349,456.32301666666666,0.0,2737.9381,456.32301666666666,2025-01-18T19:40:00,2025-01-18 00:00:00,2025-01-18 00:00:00,2025-01-18T19:40:00,2025-01-18T19:40:00,1.349,498.0880912267897,0.0,21.15895833333326,519.247049560123,0.0,2,0.7,equal_initial,6419.5375531352065,0.0,0.0,519.247049560123,5466.598037121369,4889.656870943455,0.0,0.0,0.0,456.32301666666666,0.0,0.0,0.0,0.0,5565.8916764783435,5058.866102404269,0.0,0.0,0.0
2025-01-18,119,2657.1598,2025-01-18T19:50:00,2025-01-18T19:40:00,19:50:00,19,DP,0.0,19:50:00,19,DP,1.3174,19:50:00,19,DP,1.3473,442.85996666666665,0.0,2657.1598,442.85996666666665,2025-01-18T19:50:00,2025-01-18 00:00:00,2025-01-18 00:00:00,2025-01-18T19:50:00,2025-01-18T19:50:00,1.3473,491.76332435561966,0.0,21.15895833333326,512.9222826889529,0.0,2,0.7,equal_initial,6419.5375531352065,0.0,0.0,512.9222826889529,4889.656870943455,4319.743223511285,0.0,0.0,0.0,442.85996666666665,0.0,0.0,0.0,0.0,5058.866102404269,4566.79947277464,0.0,0.0,0.0
2025-01-18,120,2850.1,2025-01-18T20:00:00,2025-01-18T19:50:00,20:00:00,19,DQ,0.0,20:00:00,19,DQ,1.3611,20:00:00,19,DQ,1.3482,475.01666666666665,0.0,2850.1,475.01666666666665,2025-01-18T20:00:00,2025-01-18 00:00:00,2025-01-18 00:00:00,2025-01-18T20:00:00,2025-01-18T20:00:00,1.3482,454.9783820677901,0.0,21.15895833333326,476.13734040112337,0.0,2,0.7,equal_initial,6419.5375531352065,0.0,0.0,476.13734040112337,4319.743223511285,3790.701734176703,0.0,0.0,0.0,475.01666666666665,0.0,0.0,0.0,0.0,4566.79947277464,4039.0031764783434,0.0,0.0,0.0
2025-01-18,121,2884.5378,2025-01-18T20:10:00,2025-01-18T20:00:00,20:10:00,19,DR,0.0,20:10:00,19,DR,1.3602,20:10:00,19,DR,1.3513,480.7563,0.0,2884.5378,480.7563,2025-01-18T20:10:00,2025-01-18 00:00:00,2025-01-18 00:00:00,2025-01-18T20:10:00,2025-01-18T20:10:00,1.3513,446.6062634546777,0.0,20.091182088357414,466.6974455430351,0.0,2,0.7,equal_initial,6419.5375531352065,0.0,0.0,466.6974455430351,3790.701734176703,3272.149016906664,0.0,0.0,0.0,480.7563,0.0,0.0,0.0,0.0,4039.0031764783434,3504.829509811677,0.0,0.0,0.0
2025-01-18,122,2795.4336,2025-01-18T20:20:00,2025-01-18T20:10:00,20:20:00,19,DS,0.0,20:20:00,19,DS,1.3005,20:20:00,19,DS,1.34,465.9056,0.0,2795.4336,465.9056,2025-01-18T20:20:00,2025-01-18 00:00:00,2025-01-18 00:00:00,2025-01-18T20:20:00,2025-01-18T20:20:00,1.34,460.1184658336641,0.0,20.091182088357414,480.20964792202153,0.0,2,0.7,equal_initial,6419.5375531352065,0.0,0.0,480.20964792202153,3272.149016906664,2738.5827414377513,0.0,0.0,0.0,465.9056,0.0,0.0,0.0,0.0,3504.829509811677,2987.156620922788,0.0,0.0,0.0
2025-01-18,123,2735.02,2025-01-18T20:30:00,2025-01-18T20:20:00,20:30:00,19,DT,0.0,20:30:00,19,DT,1.2797,20:30:00,19,DT,1.3489,455.83666666666664,0.0,2735.02,455.83666666666664,2025-01-18T20:30:00,2025-01-18 00:00:00,2025-01-18 00:00:00,2025-01-18T20:30:00,2025-01-18T20:30:00,1.3489,478.58688754962117,0.0,20.091182088357414,498.6780696379786,0.0,2,0.7,equal_initial,6419.5375531352065,0.0,0.0,498.6780696379786,2738.5827414377513,2184.495997395553,0.0,0.0,0.0,455.83666666666664,0.0,0.0,0.0,0.0,2987.156620922788,2480.671435737603,0.0,0.0,0.0
2025-01-18,124,2822.4223,2025-01-18T20:40:00,2025-01-18T20:30:00,20:40:00,19,DU,0.0,20:40:00,19,DU,1.3671,20:40:00,19,DU,1.3952,470.4037166666667,0.0,2822.4223,470.4037166666667,2025-01-18T20:40:00,2025-01-18 00:00:00,2025-01-18 00:00:00,2025-01-18T20:40:00,2025-01-18T20:40:00,1.3952,492.394572820524,0.0,20.091182088357414,512.4857549088814,0.0,2,0.7,equal_initial,6419.5375531352065,0.0,0.0,512.4857549088814,2184.495997395553,1615.067380830129,0.0,0.0,0.0,470.4037166666667,0.0,0.0,0.0,0.0,2480.671435737603,1958.0006394413067,0.0,0.0,0.0
2025-01-18,125,3064.2315,2025-01-18T20:50:00,2025-01-18T20:40:00,20:50:00,19,DV,0.0,20:50:00,19,DV,1.1996,20:50:00,19,DV,1.2226,510.70525,0.0,3064.2315,510.70525,2025-01-18T20:50:00,2025-01-18 00:00:00,2025-01-18 00:00:00,2025-01-18T20:50:00,2025-01-18T20:50:00,1.2226,494.65882245456146,0.6635335758838681,20.091182088357414,514.7500045429189,0.6635335758838681,2,0.7,equal_initial,6419.5375531352065,140.52582821991894,0.0,373.56064274711605,1615.067380830129,1200.0,0.0,0.0,0.0,370.17942178008104,0.0,0.0,0.0,0.0,1958.0006394413067,1546.6901707967722,171.80687758167286,0.0,171.80687758167286
2025-01-18,126,3221.92,2025-01-18T21:00:00,2025-01-18T20:50:00,21:00:00,19,DW,0.0,21:00:00,19,DW,0.8529,21:00:00,19,DW,0.9332,536.9866666666667,0.0,3221.92,536.9866666666667,2025-01-18T21:00:00,2025-01-18 00:00:00,2025-01-18 00:00:00,2025-01-18T21:00:00,2025-01-18T21:00:00,0.9332,489.2104657354206,2.8016163463045265,20.091182088357414,509.301647823778,2.8016163463045265,2,0.7,equal_initial,6419.5375531352065,506.5000314774735,0.0,0.0,1200.0,1200.0,0.0,0.0,0.0,30.48663518919318,0.0,0.0,0.0,0.0,1546.6901707967722,1512.8161316976687,472.6658293747783,0.0,472.6658293747783
2025-01-18,127,3014.3339,2025-01-18T21:10:00,2025-01-18T21:00:00,21:10:00,19,DX,0.0,21:10:00,19,DX,0.7852,21:10:00,19,DX,0.9068,502.38898333333333,0.0,3014.3339,502.38898333333333,2025-01-18T21:10:00,2025-01-18 00:00:00,2025-01-18 00:00:00,2025-01-18T21:10:00,2025-01-18T21:10:00,0.9068,485.81038396368666,4.578532078533628,22.216822032952347,508.027205996639,4.578532078533628,2,0.7,equal_initial,6419.5375531352065,503.4486739181054,0.0,0.0,1200.0,1200.0,0.0,0.0,1.0596905847720564,0.0,0.0,0.0,0.0,0.0,1512.8161316976687,1513.7698532239635,456.52725750893796,0.0,456.52725750893796
2025-01-18,128,2840.7645,2025-01-18T21:20:00,2025-01-18T21:10:00,21:20:00,19,DY,0.0,21:20:00,19,DY,0.8048,21:20:00,19,DY,0.9371,473.46075,0.0,2840.7645,473.46075,2025-01-18T21:20:00,2025-01-18 00:00:00,2025-01-18 00:00:00,2025-01-18T21:20:00,2025-01-18T21:20:00,0.9371,478.557742562715,5.973981178115915,22.216822032952347,500.77456459566736,5.973981178115915,2,0.7,equal_initial,6419.5375531352065,494.8005834175514,0.0,0.0,1200.0,1200.0,0.0,0.0,21.339833417551404,0.0,0.0,0.0,0.0,0.0,1513.7698532239635,1532.9757032997597,463.67762672058745,0.0,463.67762672058745
2025-01-18,129,2879.14,2025-01-18T21:30:00,2025-01-18T21:20:00,21:30:00,19,DZ,0.0,21:30:00,19,DZ,0.8054,21:30:00,19,DZ,0.9371,479.8566666666666,0.0,2879.14,479.8566666666666,2025-01-18T21:30:00,2025-01-18 00:00:00,2025-01-18 00:00:00,2025-01-18T21:30:00,2025-01-18T21:30:00,0.9371,481.0542327151429,6.982214581247176,22.216822032952347,503.27105474809525,6.982214581247176,2,0.7,equal_initial,6419.5375531352065,496.2888401668481,0.0,0.0,1200.0,1200.0,0.0,0.0,16.432173500181477,0.0,0.0,0.0,0.0,0.0,1532.9757032997597,1547.764659449923,465.0722721203534,0.0,465.0722721203534
2025-01-18,130,2914.7585,2025-01-18T21:40:00,2025-01-18T21:30:00,21:40:00,19,EA,0.0,21:40:00,19,EA,0.8441,21:40:00,19,EA,0.9871,485.7930833333333,0.0,2914.7585,485.7930833333333,2025-01-18T21:40:00,2025-01-18 00:00:00,2025-01-18 00:00:00,2025-01-18T21:40:00,2025-01-18T21:40:00,0.9871,505.2212779882175,7.610884087408414,22.216822032952347,527.4381000211698,7.610884087408414,2,0.7,equal_initial,6419.5375531352065,519.8272159337614,0.0,-0.0,1200.0,1200.0,0.0,0.0,34.03413260042811,0.0,0.0,0.0,0.0,0.0,1547.764659449923,1578.3953787903083,513.1214448482159,0.0,513.1214448482159
2025-01-18,131,2751.8838,2025-01-18T21:50:00,2025-01-18T21:40:00,21:50:00,19,EB,0.0,21:50:00,19,EB,0.6366,21:50:00,19,EB,0.7764,458.64730000000003,0.0,2751.8838,458.64730000000003,2025-01-18T21:50:00,2025-01-18 00:00:00,2025-01-18 00:00:00,2025-01-18T21:50:00,2025-01-18T21:50:00,0.7764,467.6304486657374,7.879667432921409,22.216822032952347,489.8472706986897,7.879667432921409,2,0.7,equal_initial,6419.5375531352065,481.96760326576833,0.0,-0.0,1200.0,1200.0,0.0,0.0,23.320303265768302,0.0,0.0,0.0,0.0,0.0,1578.3953787903083,1599.3836517295,374.1996471755425,0.0,374.1996471755425
2025-01-18,132,2523.36,2025-01-18T22:00:00,2025-01-18T21:50:00,22:00:00,19,EC,0.0,22:00:00,19,EC,0.3081,22:00:00,19,EC,0.4209,420.56,0.0,2523.36,420.56,2025-01-18T22:00:00,2025-01-18 00:00:00,2025-01-18 00:00:00,2025-01-18T22:00:00,2025-01-18T22:00:00,0.4209,385.59374498443634,7.818703105624688,22.216822032952347,407.8105670173887,7.818703105624688,2,0.7,equal_initial,6419.5375531352065,1233.3251972450971,833.3333333333333,0.0,1200.0,1950.0,0.0,1.0,812.7651972450972,0.0,0.0,0.0,0.0,0.0,1599.3836517295,2330.872329250087,519.1065755204613,0.0,519.1065755204613
2025-01-18,133,2557.4772,2025-01-18T22:10:00,2025-01-18T22:00:00,22:10:00,19,ED,0.0,22:10:00,19,ED,0.3038,22:10:00,19,ED,0.3859,426.2462,0.0,2557.4772,426.2462,2025-01-18T22:10:00,2025-01-18 00:00:00,2025-01-18 00:00:00,2025-01-18T22:10:00,2025-01-18T22:10:00,0.3859,371.2423452091664,7.466872928565984,26.385781501205326,397.6281267103717,7.466872928565984,2,0.7,equal_initial,6419.5375531352065,1223.494587115139,833.3333333333333,0.0,1950.0,2700.0,0.0,1.0,797.2483871151389,0.0,0.0,0.0,0.0,0.0,2330.872329250087,3048.3958776537124,472.14656116773216,0.0,472.14656116773216
2025-01-18,134,2690.1213,2025-01-18T22:20:00,2025-01-18T22:10:00,22:20:00,19,EE,0.0,22:20:00,19,EE,0.3666,22:20:00,19,EE,0.4368,448.35355,0.0,2690.1213,448.35355,2025-01-18T22:20:00,2025-01-18 00:00:00,2025-01-18 00:00:00,2025-01-18T22:20:00,2025-01-18T22:20:00,0.4368,415.49592471512693,6.869972728429341,26.385781501205326,441.88170621633225,6.869972728429341,2,0.7,equal_initial,6419.5375531352065,435.0117334879029,0.0,0.0,2700.0,2700.0,0.0,0.0,0.0,13.341816512097068,0.0,0.0,0.0,0.0,3048.3958776537124,3033.571637084716,190.013125187516,0.0,190.013125187516
2025-01-18,135,2718.22,2025-01-18T22:30:00,2025-01-18T22:20:00,22:30:00,19,EF,0.0,22:30:00,19,EF,0.3499,22:30:00,19,EF,0.4198,453.03666666666663,0.0,2718.22,453.03666666666663,2025-01-18T22:30:00,2025-01-18 00:00:00,2025-01-18 00:00:00,2025-01-18T22:30:00,2025-01-18T22:30:00,0.4198,451.61322737797997,6.078812915849507,26.385781501205326,477.9990088791853,6.078812915849507,2,0.7,equal_initial,6419.5375531352065,1305.253529296669,833.3333333333333,0.0,2700.0,3450.0,0.0,1.0,833.3333333333334,0.0,0.0,18.883529296669053,18.883529296669053,0.0,3033.571637084716,3783.571637084716,547.9454315987417,0.0,547.9454315987417
2025-01-18,136,2577.3304,2025-01-18T22:40:00,2025-01-18T22:30:00,22:40:00,19,EG,0.0,22:40:00,19,EG,0.3572,22:40:00,19,EG,0.4186,429.5550666666666,0.0,2577.3304,429.5550666666666,2025-01-18T22:40:00,2025-01-18 00:00:00,2025-01-18 00:00:00,2025-01-18T22:40:00,2025-01-18T22:40:00,0.4186,423.0495203975557,5.14729151721544,26.385781501205326,449.435301898761,5.14729151721544,2,0.7,equal_initial,6419.5375531352065,1277.6213437148788,833.3333333333333,0.0,3450.0,4200.0,0.0,1.0,833.3333333333334,0.0,0.0,14.732943714878843,14.732943714878843,0.0,3783.571637084716,4533.571637084716,534.8122944790483,0.0,534.8122944790483
2025-01-18,137,2406.3386,2025-01-18T22:50:00,2025-01-18T22:40:00,22:50:00,19,EH,0.0,22:50:00,19,EH,0.3344,22:50:00,19,EH,0.4241,401.05643333333336,0.0,2406.3386,401.05643333333336,2025-01-18T22:50:00,2025-01-18 00:00:00,2025-01-18 00:00:00,2025-01-18T22:50:00,2025-01-18T22:50:00,0.4241,413.1953402231257,4.130482102827526,26.385781501205326,439.581121724331,4.130482102827526,2,0.7,equal_initial,6419.5375531352065,435.4506396215035,0.0,0.0,4200.0,4200.0,0.0,0.0,34.39420628817015,0.0,0.0,0.0,0.0,0.0,4533.571637084716,4564.526422744069,184.67461626347963,0.0,184.67461626347963
2025-01-18,138,2380.98,2025-01-18T23:00:00,2025-01-18T22:50:00,23:00:00,19,EI,0.0,23:00:00,19,EI,0.2989,23:00:00,19,EI,0.4237,396.83,0.0,2380.98,396.83,2025-01-18T23:00:00,2025-01-18 00:00:00,2025-01-18 00:00:00,2025-01-18T23:00:00,2025-01-18T23:00:00,0.4237,431.6071984716428,3.0827781604344153,26.385781501205326,457.9929799728481,3.0827781604344153,2,0.7,equal_initial,6419.5375531352065,1288.243535145747,833.3333333333333,0.0,4200.0,4950.0,0.0,1.0,833.3333333333334,0.0,0.0,58.08020181241375,58.08020181241375,0.0,4564.526422744069,5314.526422744069,545.8287858412531,0.0,545.8287858412531
2025-01-18,139,2567.8976,2025-01-18T23:10:00,2025-01-18T23:00:00,23:10:00,19,EJ,0.0,23:10:00,19,EJ,0.3341,23:10:00,19,EJ,0.4248,427.9829333333333,0.0,2567.8976,427.9829333333333,2025-01-18T23:10:00,2025-01-18 00:00:00,2025-01-18 00:00:00,2025-01-18T23:10:00,2025-01-18T23:10:00,0.4248,410.3214643466704,2.0561337867659337,16.833511005593532,427.15497535226393,2.0561337867659337,2,0.7,equal_initial,6419.5375531352065,425.098841565498,0.0,0.0,4950.0,4950.0,0.0,0.0,0.0,2.8840917678352866,0.0,0.0,0.0,0.0,5314.526422744069,5311.321876335363,180.58198789702354,0.0,180.58198789702354
2025-01-18,140,2662.13,2025-01-18T23:20:00,2025-01-18T23:10:00,23:20:00,19,EK,0.0,23:20:00,19,EK,0.3348,23:20:00,19,EK,0.424,443.68833333333333,0.0,2662.13,443.68833333333333,2025-01-18T23:20:00,2025-01-18 00:00:00,2025-01-18 00:00:00,2025-01-18T23:20:00,2025-01-18T23:20:00,0.424,404.391413529037,1.098438146959898,16.833511005593532,421.22492453463053,1.098438146959898,2,0.7,equal_initial,6419.5375531352065,420.12648638767064,0.0,0.0,4950.0,4950.0,0.0,-0.0,0.0,23.561846945662694,0.0,0.0,0.0,0.0,5311.321876335363,5285.142046395738,178.13363022837234,0.0,178.13363022837234
2025-01-18,141,2554.62,2025-01-18T23:30:00,2025-01-18T23:20:00,23:30:00,19,EL,0.0,23:30:00,19,EL,0.2881,23:30:00,19,EL,0.422,425.77,0.0,2554.62,425.77,2025-01-18T23:30:00,2025-01-18 00:00:00,2025-01-18 00:00:00,2025-01-18T23:30:00,2025-01-18T23:30:00,0.422,425.38458985943186,0.25205803039735614,16.833511005593532,442.2181008650254,0.25205803039735614,2,0.7,equal_initial,6419.5375531352065,1275.2993761679613,833.3333333333333,0.0,4950.0,5700.0,0.0,1.0,833.3333333333334,0.0,0.0,16.196042834627974,16.196042834627974,0.0,5285.142046395738,6035.142046395738,538.1763367428797,0.0,538.1763367428797
2025-01-18,142,2505.8609,2025-01-18T23:40:00,2025-01-18T23:30:00,23:40:00,19,EM,0.0,23:40:00,19,EM,0.3008,23:40:00,19,EM,0.424,417.64348333333334,0.0,2505.8609,417.64348333333334,2025-01-18T23:40:00,2025-01-18 00:00:00,2025-01-18 00:00:00,2025-01-18T23:40:00,2025-01-18T23:40:00,0.424,435.433899479274,0.0,16.833511005593532,452.2674104848675,0.0,2,0.7,equal_initial,6419.5375531352065,1251.753580635097,799.4861701502294,0.0,5700.0,6419.5375531352065,0.0,1.0,833.3333333333334,0.0,0.0,0.7767639684303731,0.7767639684303731,0.0,6035.142046395738,6785.142046395738,530.7435181892811,0.0,530.7435181892811
2025-01-18,143,3056.3953,2025-01-18T23:50:00,2025-01-18T23:40:00,23:50:00,19,EN,0.0,23:50:00,19,EN,0.3956,23:50:00,19,EN,0.4271,509.3992166666667,0.0,3056.3953,509.3992166666667,2025-01-18T23:50:00,2025-01-18 00:00:00,2025-01-18 00:00:00,2025-01-18T23:50:00,2025-01-18T23:50:00,0.4271,496.2436881847102,0.0,16.833511005593532,513.0771991903038,0.0,2,0.7,equal_initial,6419.5375531352065,513.0771991903038,0.0,0.0,6419.5375531352065,6419.5375531352065,0.0,0.0,3.67798252363707,0.0,0.0,0.0,0.0,0.0,6785.142046395738,6788.4522306670115,219.13527177417873,0.0,219.13527177417873
2025-01-18,144,3823.91,2025-01-19T00:00:00,2025-01-18T23:50:00,0:00+1,19,EO,0.0,0:00+1,19,EO,0.4906,0:00+1,19,EO,0.4276,637.3183333333333,0.0,3823.91,637.3183333333333,2025-01-19T00:00:00,2025-01-18 00:00:00,2025-01-18 00:00:00,2025-01-19T00:00:00,2025-01-19T00:00:00,0.4276,594.0946173666715,0.0,16.833511005593532,610.9281283722651,0.0,2,0.7,equal_initial,6419.5375531352065,610.9281283722651,0.0,0.0,6419.5375531352065,6419.5375531352065,0.0,0.0,0.0,26.390204961068207,0.0,0.0,0.0,0.0,6788.4522306670115,6759.129780710269,261.2328676919805,0.0,261.2328676919805
