date,slot_id,load_actual_kw,interval_end,interval_start,load_raw_time_label,load_source_row,load_source_column,pv_actual_kw,pv_raw_time_label,pv_source_row,pv_source_column,actual_price_yuan_per_kwh,price_raw_time_label,price_source_row,price_source_column,fixed_price_yuan_per_kwh,load_actual_kwh,pv_actual_kwh,net_load_actual_kw,net_load_actual_kwh,available_time,issue_time,forecast_history_end,dispatch_time,decision_input_cutoff,price_yuan_per_kwh,load_forecast_kwh,pv_forecast_kwh,risk_delta_kwh,plan_load_kwh,plan_pv_kwh,selected_index,selected_tau,selected_terminal,selected_terminal_energy_kwh,grid_plan_kwh,charge_plan_kwh,discharge_plan_kwh,energy_start_plan_kwh,energy_end_plan_kwh,pv_curtailment_plan_kwh,charge_mode_plan,charge_actual_kwh,discharge_actual_kwh,emergency_kwh,surplus_kwh,unused_grid_kwh,pv_curtailment_kwh,energy_start_actual_kwh,energy_end_actual_kwh,planned_cost_yuan,emergency_cost_yuan,total_cost_yuan
2025-01-24,1,2454.856,2025-01-24T00:10:00,2025-01-24T00:00:00,00:10:00,25,B,0.0,00:10:00,25,B,0.3048,00:10:00,25,B,0.4248,409.1426666666667,0.0,2454.856,409.1426666666667,2025-01-24T00:10:00,2025-01-24 00:00:00,2025-01-24 00:00:00,2025-01-24T00:10:00,2025-01-24T00:10:00,0.4248,376.2127666666667,0.0,24.036999999999974,400.2497666666667,0.0,0,0.8,1200.0,1200.0,1233.5830999999998,833.3333333333333,0.0,6000.0,6750.0,0.0,1.0,824.4404333333332,0.0,0.0,0.0,0.0,0.0,6000.0,6741.99639,524.02610088,0.0,524.02610088
2025-01-24,2,2503.1642,2025-01-24T00:20:00,2025-01-24T00:10:00,00:20:00,25,C,0.0,00:20:00,25,C,0.3072,00:20:00,25,C,0.4245,417.1940333333334,0.0,2503.1642,417.1940333333334,2025-01-24T00:20:00,2025-01-24 00:00:00,2025-01-24 00:00:00,2025-01-24T00:20:00,2025-01-24T00:20:00,0.4245,399.6171,0.0,24.036999999999974,423.65409999999997,0.0,0,0.8,1200.0,1200.0,1256.9874333333332,833.3333333333333,0.0,6750.0,7500.0,0.0,1.0,833.3333333333334,0.0,0.0,6.460066666666421,6.460066666666421,0.0,6741.99639,7491.99639,533.59116545,0.0,533.59116545
2025-01-24,3,2653.22,2025-01-24T00:30:00,2025-01-24T00:20:00,00:30:00,25,D,0.0,00:30:00,25,D,0.3419,00:30:00,25,D,0.4269,442.2033333333333,0.0,2653.22,442.2033333333333,2025-01-24T00:30:00,2025-01-24 00:00:00,2025-01-24 00:00:00,2025-01-24T00:30:00,2025-01-24T00:30:00,0.4269,468.99499999999995,0.0,24.036999999999974,493.0319999999999,0.0,0,0.8,1200.0,1200.0,1326.3653333333332,833.3333333333333,0.0,7500.0,8250.0,0.0,1.0,833.3333333333334,0.0,0.0,50.828666666666436,50.828666666666436,0.0,7491.99639,8241.99639,566.2253608,0.0,566.2253608
2025-01-24,4,2860.271,2025-01-24T00:40:00,2025-01-24T00:30:00,00:40:00,25,E,0.0,00:40:00,25,E,0.3798,00:40:00,25,E,0.4272,476.71183333333335,0.0,2860.271,476.71183333333335,2025-01-24T00:40:00,2025-01-24 00:00:00,2025-01-24 00:00:00,2025-01-24T00:40:00,2025-01-24T00:40:00,0.4272,492.8495833333333,0.0,24.036999999999974,516.8865833333333,0.0,0,0.8,1200.0,1200.0,1350.2199166666664,833.3333333333333,0.0,8250.0,9000.0,0.0,1.0,833.3333333333334,0.0,0.0,40.17474999999979,40.17474999999979,0.0,8241.99639,8991.99639,576.8139484,0.0,576.8139484
2025-01-24,5,2880.7933,2025-01-24T00:50:00,2025-01-24T00:40:00,00:50:00,25,F,0.0,00:50:00,25,F,0.3823,00:50:00,25,F,0.4271,480.13221666666664,0.0,2880.7933,480.13221666666664,2025-01-24T00:50:00,2025-01-24 00:00:00,2025-01-24 00:00:00,2025-01-24T00:50:00,2025-01-24T00:50:00,0.4271,457.38273333333336,0.0,24.036999999999974,481.41973333333334,0.0,0,0.8,1200.0,1200.0,1314.7530666666667,833.3333333333333,0.0,9000.0,9750.0,0.0,1.0,833.3333333333334,0.0,0.0,1.2875166666666473,1.2875166666666473,0.0,8991.99639,9741.99639,561.5310347733333,0.0,561.5310347733333
2025-01-24,6,2778.73,2025-01-24T01:00:00,2025-01-24T00:50:00,01:00:00,25,G,0.0,01:00:00,25,G,0.3679,01:00:00,25,G,0.4285,463.12166666666667,0.0,2778.73,463.12166666666667,2025-01-24T01:00:00,2025-01-24 00:00:00,2025-01-24 00:00:00,2025-01-24T01:00:00,2025-01-24T01:00:00,0.4285,420.545,0.0,24.036999999999974,444.582,0.0,0,0.8,1200.0,1200.0,444.582,0.0,0.0,9750.0,9750.0,0.0,0.0,0.0,18.539666666666676,0.0,0.0,0.0,0.0,9741.99639,9721.396760370371,190.503387,0.0,190.503387
2025-01-24,7,2843.3884,2025-01-24T01:10:00,2025-01-24T01:00:00,01:10:00,25,H,0.0,01:10:00,25,H,0.3868,01:10:00,25,H,0.4311,473.89806666666664,0.0,2843.3884,473.89806666666664,2025-01-24T01:10:00,2025-01-24 00:00:00,2025-01-24 00:00:00,2025-01-24T01:10:00,2025-01-24T01:10:00,0.4311,451.5339833333333,0.0,32.20604999999994,483.74003333333326,0.0,0,0.8,1200.0,1200.0,483.74003333333326,0.0,0.0,9750.0,9750.0,0.0,0.0,9.841966666666622,0.0,0.0,0.0,0.0,0.0,9721.396760370371,9730.254530370372,208.54032836999997,0.0,208.54032836999997
2025-01-24,8,2844.8353,2025-01-24T01:20:00,2025-01-24T01:10:00,01:20:00,25,I,0.0,01:20:00,25,I,0.3812,01:20:00,25,I,0.4302,474.1392166666667,0.0,2844.8353,474.1392166666667,2025-01-24T01:20:00,2025-01-24 00:00:00,2025-01-24 00:00:00,2025-01-24T01:20:00,2025-01-24T01:20:00,0.4302,463.21575,0.0,32.20604999999994,495.42179999999996,0.0,0,0.8,1200.0,1200.0,495.42179999999996,0.0,0.0,9750.0,9750.0,0.0,0.0,21.282583333333264,0.0,0.0,0.0,0.0,0.0,9730.254530370372,9749.408855370371,213.13045836,0.0,213.13045836
2025-01-24,9,2777.55,2025-01-24T01:30:00,2025-01-24T01:20:00,01:30:00,25,J,0.0,01:30:00,25,J,0.3569,01:30:00,25,J,0.4279,462.925,0.0,2777.55,462.925,2025-01-24T01:30:00,2025-01-24 00:00:00,2025-01-24 00:00:00,2025-01-24T01:30:00,2025-01-24T01:30:00,0.4279,445.46000000000004,0.0,32.20604999999994,477.66605,0.0,0,0.8,1200.0,1200.0,810.9993833333333,333.3333333333333,0.0,9750.0,10050.0,0.0,1.0000000000000016,348.0743833333333,0.0,0.0,0.0,0.0,0.0,9749.408855370371,10062.67580037037,347.02663612833334,0.0,347.02663612833334
2025-01-24,10,2879.605,2025-01-24T01:40:00,2025-01-24T01:30:00,01:40:00,25,K,0.0,01:40:00,25,K,0.3801,01:40:00,25,K,0.4312,479.93416666666667,0.0,2879.605,479.93416666666667,2025-01-24T01:40:00,2025-01-24 00:00:00,2025-01-24 00:00:00,2025-01-24T01:40:00,2025-01-24T01:40:00,0.4312,470.9112666666667,0.0,32.20604999999994,503.1173166666666,0.0,0,0.8,1200.0,1200.0,503.1173166666666,0.0,0.0,10050.0,10050.0,0.0,0.0,23.183149999999955,0.0,0.0,0.0,0.0,0.0,10062.67580037037,10083.540635370371,216.94418694666666,0.0,216.94418694666666
2025-01-24,11,2944.2292,2025-01-24T01:50:00,2025-01-24T01:40:00,01:50:00,25,L,0.0,01:50:00,25,L,0.3962,01:50:00,25,L,0.4333,490.7048666666667,0.0,2944.2292,490.7048666666667,2025-01-24T01:50:00,2025-01-24 00:00:00,2025-01-24 00:00:00,2025-01-24T01:50:00,2025-01-24T01:50:00,0.4333,480.5105833333334,0.0,32.20604999999994,512.7166333333333,0.0,0,0.8,1200.0,1200.0,512.7166333333333,0.0,0.0,10050.0,10050.0,0.0,-1.5265566588595958e-15,22.01176666666663,0.0,0.0,0.0,0.0,0.0,10083.540635370371,10103.35122537037,222.16011722333334,0.0,222.16011722333334
2025-01-24,12,2955.71,2025-01-24T02:00:00,2025-01-24T01:50:00,02:00:00,25,M,0.0,02:00:00,25,M,0.3893,02:00:00,25,M,0.4311,492.61833333333334,0.0,2955.71,492.61833333333334,2025-01-24T02:00:00,2025-01-24 00:00:00,2025-01-24 00:00:00,2025-01-24T02:00:00,2025-01-24T02:00:00,0.4311,467.70666666666665,0.0,32.20604999999994,499.9127166666666,0.0,0,0.8,1200.0,1200.0,499.9127166666666,0.0,0.0,10050.0,10050.0,0.0,-0.0,7.294383333333258,0.0,0.0,0.0,0.0,0.0,10103.35122537037,10109.91617037037,215.51237215499995,0.0,215.51237215499995
2025-01-24,13,3094.5401,2025-01-24T02:10:00,2025-01-24T02:00:00,02:10:00,25,N,0.0,02:10:00,25,N,0.3995,02:10:00,25,N,0.4293,515.7566833333334,0.0,3094.5401,515.7566833333334,2025-01-24T02:10:00,2025-01-24 00:00:00,2025-01-24 00:00:00,2025-01-24T02:10:00,2025-01-24T02:10:00,0.4293,486.57621666666665,0.0,21.906306666666648,508.4825233333333,0.0,0,0.8,1200.0,1200.0,508.4825233333333,0.0,0.0,10050.0,10050.0,0.0,-0.0,0.0,7.2741600000001085,0.0,0.0,0.0,0.0,10109.91617037037,10101.833770370371,218.291547267,0.0,218.291547267
2025-01-24,14,3118.238,2025-01-24T02:20:00,2025-01-24T02:10:00,02:20:00,25,O,0.0,02:20:00,25,O,0.4138,02:20:00,25,O,0.4324,519.7063333333333,0.0,3118.238,519.7063333333333,2025-01-24T02:20:00,2025-01-24 00:00:00,2025-01-24 00:00:00,2025-01-24T02:20:00,2025-01-24T02:20:00,0.4324,490.0801166666667,0.0,21.906306666666648,511.98642333333333,0.0,0,0.8,1200.0,1200.0,511.98642333333333,0.0,0.0,10050.0,10050.0,0.0,0.0,0.0,7.71990999999997,0.0,0.0,0.0,0.0,10101.833770370371,10093.256092592594,221.38292944933335,0.0,221.38292944933335
2025-01-24,15,3062.58,2025-01-24T02:30:00,2025-01-24T02:20:00,02:30:00,25,P,0.0,02:30:00,25,P,0.4104,02:30:00,25,P,0.4367,510.43,0.0,3062.58,510.43,2025-01-24T02:30:00,2025-01-24 00:00:00,2025-01-24 00:00:00,2025-01-24T02:30:00,2025-01-24T02:30:00,0.4367,478.5116666666667,0.0,21.906306666666648,500.41797333333335,0.0,0,0.8,1200.0,1200.0,500.41797333333335,0.0,0.0,10050.0,10050.0,0.0,0.0,0.0,10.012026666666657,0.0,0.0,0.0,0.0,10093.256092592594,10082.131618518519,218.53252895466667,0.0,218.53252895466667
2025-01-24,16,3215.9764999999998,2025-01-24T02:40:00,2025-01-24T02:30:00,02:40:00,25,Q,0.0,02:40:00,25,Q,0.3868,02:40:00,25,Q,0.4348,535.9960833333333,0.0,3215.9765,535.9960833333333,2025-01-24T02:40:00,2025-01-24 00:00:00,2025-01-24 00:00:00,2025-01-24T02:40:00,2025-01-24T02:40:00,0.4348,500.55743333333334,0.0,21.906306666666648,522.46374,0.0,0,0.8,1200.0,1200.0,522.46374,0.0,0.0,10050.0,10050.0,0.0,0.0,0.0,13.532343333333301,0.0,0.0,0.0,0.0,10082.131618518519,10067.095681481482,227.16723415200002,0.0,227.16723415200002
2025-01-24,17,3338.5042999999996,2025-01-24T02:50:00,2025-01-24T02:40:00,02:50:00,25,R,0.0,02:50:00,25,R,0.3922,02:50:00,25,R,0.4335,556.4173833333333,0.0,3338.5043,556.4173833333333,2025-01-24T02:50:00,2025-01-24 00:00:00,2025-01-24 00:00:00,2025-01-24T02:50:00,2025-01-24T02:50:00,0.4335,507.27771666666666,0.0,21.906306666666648,529.1840233333334,0.0,0,0.8,1200.0,1200.0,529.1840233333334,0.0,0.0,10050.0,10050.0,0.0,0.0,0.0,27.233359999999948,0.0,0.0,0.0,0.0,10067.095681481482,10036.836392592593,229.401274115,0.0,229.401274115
2025-01-24,18,3294.9399999999996,2025-01-24T03:00:00,2025-01-24T02:50:00,03:00:00,25,S,0.0,03:00:00,25,S,0.4124,03:00:00,25,S,0.4357,549.1566666666666,0.0,3294.94,549.1566666666666,2025-01-24T03:00:00,2025-01-24 00:00:00,2025-01-24 00:00:00,2025-01-24T03:00:00,2025-01-24T03:00:00,0.4357,494.0933333333333,0.0,21.906306666666648,515.99964,0.0,0,0.8,1200.0,1200.0,515.99964,0.0,0.0,10050.0,10050.0,0.0,0.0,0.0,33.15702666666664,0.0,0.0,0.0,0.0,10036.836392592593,9999.995251851853,224.821043148,0.0,224.821043148
2025-01-24,19,3183.0556,2025-01-24T03:10:00,2025-01-24T03:00:00,03:10:00,25,T,0.0,03:10:00,25,T,0.3857,03:10:00,25,T,0.4374,530.5092666666667,0.0,3183.0556,530.5092666666667,2025-01-24T03:10:00,2025-01-24 00:00:00,2025-01-24 00:00:00,2025-01-24T03:10:00,2025-01-24T03:10:00,0.4374,509.24713333333335,0.0,25.711279999999906,534.9584133333333,0.0,0,0.8,1200.0,1200.0,534.9584133333333,0.0,0.0,10050.0,10050.0,0.0,0.0,4.449146666666593,0.0,0.0,0.0,0.0,0.0,9999.995251851853,10003.999483851852,233.99080999199998,0.0,233.99080999199998
2025-01-24,20,3069.2598,2025-01-24T03:20:00,2025-01-24T03:10:00,03:20:00,25,U,0.0,03:20:00,25,U,0.3623,03:20:00,25,U,0.4371,511.5433,0.0,3069.2598,511.5433,2025-01-24T03:20:00,2025-01-24 00:00:00,2025-01-24 00:00:00,2025-01-24T03:20:00,2025-01-24T03:20:00,0.4371,534.38945,0.0,25.711279999999906,560.1007299999999,0.0,0,0.8,1200.0,1200.0,560.1007299999999,0.0,0.0,10050.0,10050.0,0.0,0.0,48.5574299999999,0.0,0.0,0.0,0.0,0.0,10003.999483851852,10047.701170851853,244.82002908299995,0.0,244.82002908299995
2025-01-24,21,3027.99,2025-01-24T03:30:00,2025-01-24T03:20:00,03:30:00,25,V,0.0,03:30:00,25,V,0.3704,03:30:00,25,V,0.4356,504.66499999999996,0.0,3027.99,504.66499999999996,2025-01-24T03:30:00,2025-01-24 00:00:00,2025-01-24 00:00:00,2025-01-24T03:30:00,2025-01-24T03:30:00,0.4356,543.3266666666667,0.0,25.711279999999906,569.0379466666666,0.0,0,0.8,1200.0,1200.0,569.0379466666666,0.0,0.0,10050.0,10050.0,0.0,0.0,64.37294666666662,0.0,0.0,0.0,0.0,0.0,10047.701170851853,10105.636822851853,247.87292956799996,0.0,247.87292956799996
2025-01-24,22,3093.0213000000003,2025-01-24T03:40:00,2025-01-24T03:30:00,03:40:00,25,W,0.0,03:40:00,25,W,0.3866,03:40:00,25,W,0.4353,515.50355,0.0,3093.0213,515.50355,2025-01-24T03:40:00,2025-01-24 00:00:00,2025-01-24 00:00:00,2025-01-24T03:40:00,2025-01-24T03:40:00,0.4353,530.68945,0.0,25.711279999999906,556.4007299999998,0.0,0,0.8,1200.0,1200.0,556.4007299999998,0.0,0.0,10050.0,10050.0,0.0,0.0,40.89717999999982,0.0,0.0,0.0,0.0,0.0,10105.636822851853,10142.444284851854,242.20123776899993,0.0,242.20123776899993
2025-01-24,23,3075.6669,2025-01-24T03:50:00,2025-01-24T03:40:00,03:50:00,25,X,0.0,03:50:00,25,X,0.39,03:50:00,25,X,0.436,512.6111500000001,0.0,3075.6669,512.6111500000001,2025-01-24T03:50:00,2025-01-24 00:00:00,2025-01-24 00:00:00,2025-01-24T03:50:00,2025-01-24T03:50:00,0.436,534.3720666666667,0.0,25.711279999999906,560.0833466666666,0.0,0,0.8,1200.0,1200.0,560.0833466666666,0.0,0.0,10050.0,10050.0,0.0,0.0,47.47219666666649,0.0,0.0,0.0,0.0,0.0,10142.444284851854,10185.169261851854,244.19633914666662,0.0,244.19633914666662
2025-01-24,24,3055.87,2025-01-24T04:00:00,2025-01-24T03:50:00,04:00:00,25,Y,0.0,04:00:00,25,Y,0.3982,04:00:00,25,Y,0.4378,509.31166666666667,0.0,3055.87,509.31166666666667,2025-01-24T04:00:00,2025-01-24 00:00:00,2025-01-24 00:00:00,2025-01-24T04:00:00,2025-01-24T04:00:00,0.4378,562.975,0.0,25.711279999999906,588.6862799999999,0.0,0,0.8,1200.0,1200.0,588.6862799999999,0.0,0.0,10050.0,10050.0,0.0,0.0,79.37461333333323,0.0,0.0,0.0,0.0,0.0,10185.169261851854,10256.606413851854,257.726853384,0.0,257.726853384
2025-01-24,25,3266.4209,2025-01-24T04:10:00,2025-01-24T04:00:00,04:10:00,25,Z,0.0,04:10:00,25,Z,0.4381,04:10:00,25,Z,0.4401,544.4034833333334,0.0,3266.4209,544.4034833333334,2025-01-24T04:10:00,2025-01-24 00:00:00,2025-01-24 00:00:00,2025-01-24T04:10:00,2025-01-24T04:10:00,0.4401,583.4893833333333,0.0,30.50139666666663,613.99078,0.0,0,0.8,1200.0,1200.0,613.99078,0.0,0.0,10050.0,10050.0,0.0,0.0,69.58729666666659,0.0,0.0,0.0,0.0,0.0,10256.606413851854,10319.234980851854,270.217342278,0.0,270.217342278
2025-01-24,26,3282.1619,2025-01-24T04:20:00,2025-01-24T04:10:00,04:20:00,25,AA,0.0,04:20:00,25,AA,0.4328,04:20:00,25,AA,0.4389,547.0269833333333,0.0,3282.1619,547.0269833333333,2025-01-24T04:20:00,2025-01-24 00:00:00,2025-01-24 00:00:00,2025-01-24T04:20:00,2025-01-24T04:20:00,0.4389,559.6822,0.0,30.50139666666663,590.1835966666666,0.0,0,0.8,1200.0,1200.0,590.1835966666666,0.0,0.0,10050.0,10050.0,0.0,0.0,43.156613333333325,0.0,0.0,0.0,0.0,0.0,10319.234980851854,10358.075932851854,259.031580577,0.0,259.031580577
2025-01-24,27,3157.29,2025-01-24T04:30:00,2025-01-24T04:20:00,04:30:00,25,AB,0.0,04:30:00,25,AB,0.4071,04:30:00,25,AB,0.4364,526.215,0.0,3157.29,526.215,2025-01-24T04:30:00,2025-01-24 00:00:00,2025-01-24 00:00:00,2025-01-24T04:30:00,2025-01-24T04:30:00,0.4364,527.635,0.0,30.50139666666663,558.1363966666667,0.0,0,0.8,1200.0,1200.0,558.1363966666667,0.0,0.0,10050.0,10050.0,0.0,0.0,31.921396666666624,0.0,0.0,0.0,0.0,0.0,10358.075932851854,10386.805189851853,243.57072350533335,0.0,243.57072350533335
2025-01-24,28,3351.218,2025-01-24T04:40:00,2025-01-24T04:30:00,04:40:00,25,AC,0.0,04:40:00,25,AC,0.4567,04:40:00,25,AC,0.4393,558.5363333333333,0.0,3351.218,558.5363333333333,2025-01-24T04:40:00,2025-01-24 00:00:00,2025-01-24 00:00:00,2025-01-24T04:40:00,2025-01-24T04:40:00,0.4393,560.4015,0.0,30.50139666666663,590.9028966666667,0.0,0,0.8,1200.0,1200.0,590.9028966666667,0.0,0.0,10050.0,10050.0,0.0,0.0,32.366563333333374,0.0,0.0,0.0,0.0,0.0,10386.805189851853,10415.935096851854,259.5836425056667,0.0,259.5836425056667
2025-01-24,29,3384.5865999999996,2025-01-24T04:50:00,2025-01-24T04:40:00,04:50:00,25,AD,0.0,04:50:00,25,AD,0.4565,04:50:00,25,AD,0.4422,564.0977666666666,0.0,3384.5866,564.0977666666666,2025-01-24T04:50:00,2025-01-24 00:00:00,2025-01-24 00:00:00,2025-01-24T04:50:00,2025-01-24T04:50:00,0.4422,591.1446500000001,0.0,30.50139666666663,621.6460466666667,0.0,0,0.8,1200.0,1200.0,621.6460466666667,0.0,0.0,10050.0,10050.0,0.0,0.0,57.54828000000009,0.0,0.0,0.0,0.0,0.0,10415.935096851854,10467.728548851854,274.89188183600004,0.0,274.89188183600004
2025-01-24,30,3218.6399999999994,2025-01-24T05:00:00,2025-01-24T04:50:00,05:00:00,25,AE,0.0,05:00:00,25,AE,0.4046,05:00:00,25,AE,0.4395,536.4399999999999,0.0,3218.64,536.4399999999999,2025-01-24T05:00:00,2025-01-24 00:00:00,2025-01-24 00:00:00,2025-01-24T05:00:00,2025-01-24T05:00:00,0.4395,584.2333333333333,0.0,30.50139666666663,614.73473,0.0,0,0.8,1200.0,1200.0,614.73473,0.0,0.0,10050.0,10050.0,0.0,0.0,78.29473000000007,0.0,0.0,0.0,0.0,0.0,10467.728548851854,10538.193805851854,270.175913835,0.0,270.175913835
2025-01-24,31,3295.7537999999995,2025-01-24T05:10:00,2025-01-24T05:00:00,05:10:00,25,AF,0.0,05:10:00,25,AF,0.4218,05:10:00,25,AF,0.4333,549.2923,0.0,3295.7538,549.2923,2025-01-24T05:10:00,2025-01-24 00:00:00,2025-01-24 00:00:00,2025-01-24T05:10:00,2025-01-24T05:10:00,0.4333,566.7357000000001,0.0,32.383493333333355,599.1191933333334,0.0,0,0.8,1200.0,1200.0,599.1191933333334,0.0,0.0,10050.0,10050.0,0.0,0.0,49.82689333333349,0.0,0.0,0.0,0.0,0.0,10538.193805851854,10583.038009851854,259.5983464713334,0.0,259.5983464713334
2025-01-24,32,3277.9746999999998,2025-01-24T05:20:00,2025-01-24T05:10:00,05:20:00,25,AG,0.012,05:20:00,25,AG,0.4053,05:20:00,25,AG,0.4439,546.3291166666667,0.002,3277.9627,546.3271166666667,2025-01-24T05:20:00,2025-01-24 00:00:00,2025-01-24 00:00:00,2025-01-24T05:20:00,2025-01-24T05:20:00,0.4439,549.1604833333333,0.00185,32.383493333333355,581.5439766666667,0.00185,0,0.8,1200.0,1200.0,581.5421266666667,0.0,0.0,10050.0,10050.0,0.0,0.0,35.21501000000001,0.0,0.0,0.0,0.0,0.0,10583.038009851854,10614.731518851855,258.1465500273334,0.0,258.1465500273334
2025-01-24,33,3188.7199999999993,2025-01-24T05:30:00,2025-01-24T05:20:00,05:30:00,25,AH,0.0,05:30:00,25,AH,0.3375,05:30:00,25,AH,0.4301,531.4533333333333,0.0,3188.72,531.4533333333333,2025-01-24T05:30:00,2025-01-24 00:00:00,2025-01-24 00:00:00,2025-01-24T05:30:00,2025-01-24T05:30:00,0.4301,549.7133333333334,0.0,32.383493333333355,582.0968266666667,0.0,0,0.8,1200.0,1200.0,582.0968266666667,0.0,0.0,10050.0,10050.0,0.0,-0.0,50.64349333333348,0.0,0.0,0.0,0.0,0.0,10614.731518851855,10660.310662851854,250.35984514933335,0.0,250.35984514933335
2025-01-24,34,3391.4893,2025-01-24T05:40:00,2025-01-24T05:30:00,05:40:00,25,AI,0.0,05:40:00,25,AI,0.3468,05:40:00,25,AI,0.3713,565.2482166666667,0.0,3391.4893,565.2482166666667,2025-01-24T05:40:00,2025-01-24 00:00:00,2025-01-24 00:00:00,2025-01-24T05:40:00,2025-01-24T05:40:00,0.3713,579.4430333333333,0.0,32.383493333333355,611.8265266666667,0.0,0,0.8,1200.0,1200.0,1445.15986,833.3333333333333,0.0,10050.0,10800.0,0.0,1.0,155.21037460905063,0.0,0.0,724.7012687242826,724.7012687242826,0.0,10660.310662851854,10800.0,536.587856018,0.0,536.587856018
2025-01-24,35,3387.4373000000005,2025-01-24T05:50:00,2025-01-24T05:40:00,05:50:00,25,AJ,0.1676,05:50:00,25,AJ,0.5612,05:50:00,25,AJ,0.5708,564.5728833333334,0.027933333333333334,3387.2697,564.5449500000001,2025-01-24T05:50:00,2025-01-24 00:00:00,2025-01-24 00:00:00,2025-01-24T05:50:00,2025-01-24T05:50:00,0.5708,574.3602999999999,0.025716666666666665,32.383493333333355,606.7437933333333,0.025716666666666665,0,0.8,1200.0,1200.0,606.7180766666667,-0.0,0.0,10800.0,10800.0,0.0,0.0,0.0,0.0,0.0,42.173126666666576,42.173126666666576,0.0,10800.0,10800.0,346.3146781613333,0.0,346.3146781613333
2025-01-24,36,3209.63,2025-01-24T06:00:00,2025-01-24T05:50:00,06:00:00,25,AK,0.0,06:00:00,25,AK,0.8204,06:00:00,25,AK,0.9099,534.9383333333334,0.0,3209.63,534.9383333333334,2025-01-24T06:00:00,2025-01-24 00:00:00,2025-01-24 00:00:00,2025-01-24T06:00:00,2025-01-24T06:00:00,0.9099,539.8566666666667,0.0,32.383493333333355,572.2401600000001,0.0,0,0.8,1200.0,1200.0,0.0,0.0,572.2401600000001,10800.0,10164.177599999999,0.0,0.0,0.0,534.9383333333334,0.0,0.0,0.0,0.0,10800.0,10205.624074074074,0.0,0.0,0.0
2025-01-24,37,3386.3734999999997,2025-01-24T06:10:00,2025-01-24T06:00:00,06:10:00,25,AL,0.0,06:10:00,25,AL,0.8152,06:10:00,25,AL,0.9368,564.3955833333333,0.0,3386.3735,564.3955833333333,2025-01-24T06:10:00,2025-01-24 00:00:00,2025-01-24 00:00:00,2025-01-24T06:10:00,2025-01-24T06:10:00,0.9368,544.4665833333333,0.0,21.730606666666578,566.19719,0.0,0,0.8,1200.0,1200.0,0.0,0.0,566.19719,10164.177599999999,9535.06961111111,0.0,0.0,0.0,564.3955833333333,0.0,0.0,0.0,0.0,10205.624074074074,9578.51787037037,0.0,0.0,0.0
2025-01-24,38,3439.5711999999994,2025-01-24T06:20:00,2025-01-24T06:10:00,06:20:00,25,AM,2.3343,06:20:00,25,AM,0.7736,06:20:00,25,AM,0.8758,573.2618666666666,0.38904999999999995,3437.2369,572.8728166666666,2025-01-24T06:20:00,2025-01-24 00:00:00,2025-01-24 00:00:00,2025-01-24T06:20:00,2025-01-24T06:20:00,0.8758,557.5819833333334,0.35823333333333335,21.730606666666578,579.31259,0.35823333333333335,0,0.8,1200.0,1200.0,0.0,0.0,578.9543566666666,9535.06961111111,8891.786992592592,0.0,0.0,0.0,572.8728166666666,0.0,0.0,0.0,0.0,9578.51787037037,8941.992518518518,0.0,0.0,0.0
2025-01-24,39,3254.9700000000003,2025-01-24T06:30:00,2025-01-24T06:20:00,06:30:00,25,AN,0.0,06:30:00,25,AN,0.8045,06:30:00,25,AN,0.8759,542.495,0.0,3254.97,542.495,2025-01-24T06:30:00,2025-01-24 00:00:00,2025-01-24 00:00:00,2025-01-24T06:30:00,2025-01-24T06:30:00,0.8759,554.68,0.0,21.730606666666578,576.4106066666666,0.0,0,0.8,1200.0,1200.0,0.0,0.0,576.4106066666666,8891.786992592592,8251.330762962962,0.0,0.0,0.0,542.495,0.0,0.0,0.0,0.0,8941.992518518518,8339.220296296297,0.0,0.0,0.0
2025-01-24,40,3261.4341000000004,2025-01-24T06:40:00,2025-01-24T06:30:00,06:40:00,25,AO,0.0,06:40:00,25,AO,0.8067,06:40:00,25,AO,0.8601,543.57235,0.0,3261.4341,543.57235,2025-01-24T06:40:00,2025-01-24 00:00:00,2025-01-24 00:00:00,2025-01-24T06:40:00,2025-01-24T06:40:00,0.8601,550.8620333333333,0.0,21.730606666666578,572.59264,0.0,0,0.8,1200.0,1200.0,0.0,0.0,572.59264,8251.330762962962,7615.116718518517,0.0,0.0,0.0,543.57235,0.0,0.0,0.0,0.0,8339.220296296297,7735.251018518518,0.0,0.0,0.0
2025-01-24,41,3552.7944000000007,2025-01-24T06:50:00,2025-01-24T06:40:00,06:50:00,25,AP,40.2337,06:50:00,25,AP,0.8559,06:50:00,25,AP,0.8442,592.1324000000001,6.705616666666667,3512.5607,585.4267833333334,2025-01-24T06:50:00,2025-01-24 00:00:00,2025-01-24 00:00:00,2025-01-24T06:50:00,2025-01-24T06:50:00,0.8442,589.0881166666667,6.152983333333334,21.730606666666578,610.8187233333333,6.152983333333334,0,0.8,1200.0,1200.0,0.0,0.0,604.66574,7615.116718518517,6943.265896296294,0.0,0.0,0.0,585.4267833333334,0.0,0.0,0.0,0.0,7735.251018518518,7084.776814814814,0.0,0.0,0.0
2025-01-24,42,3845.75,2025-01-24T07:00:00,2025-01-24T06:50:00,07:00:00,25,AQ,208.46249999999998,07:00:00,25,AQ,0.9114,07:00:00,25,AQ,0.8334,640.9583333333334,34.74375,3637.2875,606.2145833333334,2025-01-24T07:00:00,2025-01-24 00:00:00,2025-01-24 00:00:00,2025-01-24T07:00:00,2025-01-24T07:00:00,0.8334,644.4333333333333,31.412499999999998,21.730606666666578,666.1639399999999,31.412499999999998,0,0.8,1200.0,1200.0,0.0,0.0,634.7514399999999,6943.265896296294,6237.986518518516,0.0,0.0,0.0,606.2145833333334,0.0,0.0,0.0,0.0,7084.776814814814,6411.205055555555,0.0,0.0,0.0
2025-01-24,43,3775.2195,2025-01-24T07:10:00,2025-01-24T07:00:00,07:10:00,25,AR,472.7753,07:10:00,25,AR,0.8439,07:10:00,25,AR,0.8092,629.20325,78.79588333333334,3302.4442,550.4073666666667,2025-01-24T07:10:00,2025-01-24 00:00:00,2025-01-24 00:00:00,2025-01-24T07:10:00,2025-01-24T07:10:00,0.8092,646.6724833333334,70.72971666666668,33.00925000000003,679.6817333333335,70.72971666666668,0,0.8,1200.0,1200.0,0.0,0.0,608.9520166666667,6237.986518518516,5561.3731666666645,0.0,0.0,0.0,550.4073666666667,0.0,0.0,0.0,0.0,6411.205055555555,5799.641314814815,0.0,0.0,0.0
2025-01-24,44,3772.9415,2025-01-24T07:20:00,2025-01-24T07:10:00,07:20:00,25,AS,736.2829,07:20:00,25,AS,0.811,07:20:00,25,AS,0.7972,628.8235833333333,122.71381666666667,3036.6585999999998,506.10976666666664,2025-01-24T07:20:00,2025-01-24 00:00:00,2025-01-24 00:00:00,2025-01-24T07:20:00,2025-01-24T07:20:00,0.7972,640.1483833333333,112.4101,33.00925000000003,673.1576333333334,112.4101,0,0.8,1200.0,1200.0,0.0,0.0,560.7475333333334,5561.3731666666645,4938.320351851849,0.0,0.0,0.0,506.10976666666664,0.0,0.0,0.0,0.0,5799.641314814815,5237.29712962963,0.0,0.0,0.0
2025-01-24,45,3969.4000000000005,2025-01-24T07:30:00,2025-01-24T07:20:00,07:30:00,25,AT,965.0625,07:30:00,25,AT,0.8202,07:30:00,25,AT,0.7644,661.5666666666667,160.84375,3004.3375,500.7229166666667,2025-01-24T07:30:00,2025-01-24 00:00:00,2025-01-24 00:00:00,2025-01-24T07:30:00,2025-01-24T07:30:00,0.7644,647.9433333333333,153.49375,33.00925000000003,680.9525833333333,153.49375,0,0.8,1200.0,1200.0,405.7434100000036,0.0,121.71542333332972,4938.320351851849,4803.080992592594,0.0,0.0,0.0,94.97950666666304,0.0,0.0,0.0,0.0,5237.29712962963,5131.764344444449,310.15026260400276,0.0,310.15026260400276
2025-01-24,46,4044.2726999999995,2025-01-24T07:40:00,2025-01-24T07:30:00,07:40:00,25,AU,1204.5033,07:40:00,25,AU,0.7526,07:40:00,25,AU,0.6899,674.04545,200.75055,2839.7694,473.2949,2025-01-24T07:40:00,2025-01-24 00:00:00,2025-01-24 00:00:00,2025-01-24T07:40:00,2025-01-24T07:40:00,0.6899,651.0206833333333,199.57706666666664,33.00925000000003,684.0299333333334,199.57706666666664,0,0.8,1200.0,1200.0,484.45286666666675,0.0,0.0,4803.080992592594,4803.080992592594,0.0,0.0,11.157966666666766,0.0,0.0,0.0,0.0,0.0,5131.764344444449,5141.806514444449,334.2240327133334,0.0,334.2240327133334
2025-01-24,47,3898.5618999999997,2025-01-24T07:50:00,2025-01-24T07:40:00,07:50:00,25,AV,1487.9674,07:50:00,25,AV,0.8594,07:50:00,25,AV,0.86,649.7603166666667,247.99456666666666,2410.5945,401.76575,2025-01-24T07:50:00,2025-01-24 00:00:00,2025-01-24 00:00:00,2025-01-24T07:50:00,2025-01-24T07:50:00,0.86,663.3539666666667,247.50738333333334,33.00925000000003,696.3632166666667,247.50738333333334,0,0.8,1200.0,1200.0,0.0,0.0,448.8558333333334,4803.080992592594,4304.35228888889,0.0,0.0,0.0,401.76575,0.0,0.0,0.0,0.0,5141.806514444449,4695.40012555556,0.0,0.0,0.0
2025-01-24,48,3724.3,2025-01-24T08:00:00,2025-01-24T07:50:00,08:00:00,25,AW,1806.9,08:00:00,25,AW,1.0798,08:00:00,25,AW,1.1617,620.7166666666667,301.15000000000003,1917.4,319.56666666666666,2025-01-24T08:00:00,2025-01-24 00:00:00,2025-01-24 00:00:00,2025-01-24T08:00:00,2025-01-24T08:00:00,1.1617,675.9016666666666,297.28749999999997,33.00925000000003,708.9109166666667,297.28749999999997,0,0.8,1200.0,1200.0,0.0,0.0,411.62341666666674,4304.35228888889,3846.9929370370382,0.0,0.0,0.0,319.56666666666666,0.0,0.0,0.0,0.0,4695.40012555556,4340.3260514814865,0.0,0.0,0.0
2025-01-24,49,3779.7769,2025-01-24T08:10:00,2025-01-24T08:00:00,08:10:00,25,AX,2107.7502,08:10:00,25,AX,1.0715,08:10:00,25,AX,1.1683,629.9628166666666,351.2917,1672.0267,278.67111666666665,2025-01-24T08:10:00,2025-01-24 00:00:00,2025-01-24 00:00:00,2025-01-24T08:10:00,2025-01-24T08:10:00,1.1683,660.73175,350.6774666666667,48.10119333333315,708.8329433333332,350.6774666666667,0,0.8,1200.0,1200.0,0.0,0.0,358.1554766666665,3846.9929370370382,3449.0424074074085,0.0,0.0,0.0,278.67111666666665,0.0,0.0,0.0,0.0,4340.3260514814865,4030.6914774074125,0.0,0.0,0.0
2025-01-24,50,3694.1787999999997,2025-01-24T08:20:00,2025-01-24T08:10:00,08:20:00,25,AY,2315.4938,08:20:00,25,AY,0.9856,08:20:00,25,AY,1.0956,615.6964666666667,385.91563333333335,1378.685,229.7808333333333,2025-01-24T08:20:00,2025-01-24 00:00:00,2025-01-24 00:00:00,2025-01-24T08:20:00,2025-01-24T08:20:00,1.0956,640.667,395.1239,48.10119333333315,688.7681933333332,395.1239,0,0.8,1200.0,1200.0,0.0,0.0,293.6442933333332,3449.0424074074085,3122.7709703703717,0.0,0.0,0.0,229.7808333333333,0.0,0.0,0.0,0.0,4030.6914774074125,3775.3794403703755,0.0,0.0,0.0
2025-01-24,51,3540.4299999999994,2025-01-24T08:30:00,2025-01-24T08:20:00,08:30:00,25,AZ,2497.3875,08:30:00,25,AZ,0.9666,08:30:00,25,AZ,1.0849,590.0716666666666,416.23125,1043.0425,173.8404166666666,2025-01-24T08:30:00,2025-01-24 00:00:00,2025-01-24 00:00:00,2025-01-24T08:30:00,2025-01-24T08:30:00,1.0849,629.21,425.88124999999997,48.10119333333315,677.3111933333332,425.88124999999997,0,0.8,1200.0,1200.0,0.0,0.0,251.42994333333326,3122.7709703703717,2843.404366666668,0.0,0.0,0.0,173.8404166666666,0.0,0.0,0.0,0.0,3775.3794403703755,3582.223421851857,0.0,0.0,0.0
2025-01-24,52,3796.1381,2025-01-24T08:40:00,2025-01-24T08:30:00,08:40:00,25,BA,2806.4668,08:40:00,25,BA,1.0005,08:40:00,25,BA,1.061,632.6896833333334,467.7444666666667,989.6713,164.94521666666668,2025-01-24T08:40:00,2025-01-24 00:00:00,2025-01-24 00:00:00,2025-01-24T08:40:00,2025-01-24T08:40:00,1.061,629.6717333333333,451.7529333333334,48.10119333333315,677.7729266666665,451.7529333333334,0,0.8,1200.0,1200.0,0.0,0.0,226.01999333333316,2843.404366666668,2592.271040740742,0.0,0.0,0.0,164.94521666666668,0.0,0.0,0.0,0.0,3582.223421851857,3398.950958888894,0.0,0.0,0.0
2025-01-24,53,4154.1112,2025-01-24T08:50:00,2025-01-24T08:40:00,08:50:00,25,BB,3152.2764,08:50:00,25,BB,0.9837,08:50:00,25,BB,1.043,692.3518666666668,525.3794,1001.8348000000001,166.97246666666672,2025-01-24T08:50:00,2025-01-24 00:00:00,2025-01-24 00:00:00,2025-01-24T08:50:00,2025-01-24T08:50:00,1.043,689.7615333333333,489.05755,48.10119333333315,737.8627266666665,489.05755,0,0.8,1200.0,1200.0,0.0,0.0,248.8051766666665,2592.271040740742,2315.820844444446,0.0,0.0,0.0,166.97246666666672,0.0,0.0,0.0,0.0,3398.950958888894,3213.425995925931,0.0,0.0,0.0
2025-01-24,54,4346.33,2025-01-24T09:00:00,2025-01-24T08:50:00,09:00:00,25,BC,3434.7,09:00:00,25,BC,0.9332,09:00:00,25,BC,1.036,724.3883333333333,572.4499999999999,911.6300000000001,151.9383333333334,2025-01-24T09:00:00,2025-01-24 00:00:00,2025-01-24 00:00:00,2025-01-24T09:00:00,2025-01-24T09:00:00,1.036,771.3816666666667,535.49375,48.10119333333315,819.4828599999998,535.49375,0,0.8,1200.0,1200.0,0.0,0.0,283.98910999999987,2315.820844444446,2000.2773888888905,0.0,0.0,0.0,151.9383333333334,0.0,0.0,0.0,0.0,3213.425995925931,3044.605625555561,0.0,0.0,0.0
2025-01-24,55,4396.8721,2025-01-24T09:10:00,2025-01-24T09:00:00,09:10:00,25,BD,3642.6815000000006,09:10:00,25,BD,0.9562,09:10:00,25,BD,1.0147,732.8120166666666,607.1135833333334,754.1905999999994,125.69843333333324,2025-01-24T09:10:00,2025-01-24 00:00:00,2025-01-24 00:00:00,2025-01-24T09:10:00,2025-01-24T09:10:00,1.0147,776.3566833333333,575.7244166666667,52.03225000000017,828.3889333333335,575.7244166666667,0,0.8,1200.0,1200.0,0.0,0.0,252.66451666666683,2000.2773888888905,1719.5390370370385,0.0,0.0,0.0,125.69843333333324,0.0,0.0,0.0,0.0,3044.605625555561,2904.940699629635,0.0,0.0,0.0
2025-01-24,56,4516.8168,2025-01-24T09:20:00,2025-01-24T09:10:00,09:20:00,25,BE,3904.2177999999994,09:20:00,25,BE,0.9596,09:20:00,25,BE,0.9922,752.8027999999999,650.7029666666666,612.5989999999997,102.09983333333332,2025-01-24T09:20:00,2025-01-24 00:00:00,2025-01-24 00:00:00,2025-01-24T09:20:00,2025-01-24T09:20:00,0.9922,752.9481166666666,622.9164833333333,52.03225000000017,804.9803666666668,622.9164833333333,0,0.8,1200.0,1200.0,0.0,0.0,182.06388333333348,1719.5390370370385,1517.2458333333345,0.0,0.0,0.0,102.09983333333332,0.0,0.0,0.0,0.0,2904.940699629635,2791.496440370376,0.0,0.0,0.0
2025-01-24,57,4657.18,2025-01-24T09:30:00,2025-01-24T09:20:00,09:30:00,25,BF,4247.8875,09:30:00,25,BF,0.9043,09:30:00,25,BF,0.97,776.1966666666667,707.9812499999999,409.2925000000005,68.21541666666678,2025-01-24T09:30:00,2025-01-24 00:00:00,2025-01-24 00:00:00,2025-01-24T09:30:00,2025-01-24T09:30:00,0.97,744.7583333333333,678.36875,52.03225000000017,796.7905833333335,678.36875,0,0.8,1200.0,1200.0,0.0,0.0,118.42183333333355,1517.2458333333345,1385.6660185185194,0.0,0.0,0.0,68.21541666666678,0.0,0.0,0.0,0.0,2791.496440370376,2715.7015329629685,0.0,0.0,0.0
2025-01-24,58,4563.795,2025-01-24T09:40:00,2025-01-24T09:30:00,09:40:00,25,BG,4582.7713,09:40:00,25,BG,0.8646,09:40:00,25,BG,0.9422,760.6325,763.7952166666668,-18.976300000000265,-3.162716666666711,2025-01-24T09:40:00,2025-01-24 00:00:00,2025-01-24 00:00:00,2025-01-24T09:40:00,2025-01-24T09:40:00,0.9422,751.2196166666666,725.8994666666667,52.03225000000017,803.2518666666668,725.8994666666667,0,0.8,1200.0,1200.0,0.0,0.0,77.3524000000001,1385.6660185185194,1299.718907407408,0.0,0.0,3.162716666666711,0.0,0.0,0.0,0.0,0.0,2715.7015329629685,2718.5479779629686,0.0,0.0,0.0
2025-01-24,59,4376.9656,2025-01-24T09:50:00,2025-01-24T09:40:00,09:50:00,25,BH,4877.0873,09:50:00,25,BH,0.9386,09:50:00,25,BH,0.9569,729.4942666666667,812.8478833333334,-500.1216999999997,-83.35361666666665,2025-01-24T09:50:00,2025-01-24 00:00:00,2025-01-24 00:00:00,2025-01-24T09:50:00,2025-01-24T09:50:00,0.9569,764.0121666666668,757.1238166666667,52.03225000000017,816.044416666667,757.1238166666667,0,0.8,1200.0,1200.0,0.0,0.0,58.92060000000026,1299.718907407408,1234.2515740740744,0.0,0.0,83.35361666666665,0.0,0.0,0.0,0.0,0.0,2718.5479779629686,2793.5662329629686,0.0,0.0,0.0
2025-01-24,60,4306.72,2025-01-24T10:00:00,2025-01-24T09:50:00,10:00:00,25,BI,5177.25,10:00:00,25,BI,1.0746,10:00:00,25,BI,0.9977,717.7866666666667,862.875,-870.5299999999997,-145.08833333333325,2025-01-24T10:00:00,2025-01-24 00:00:00,2025-01-24 00:00:00,2025-01-24T10:00:00,2025-01-24T10:00:00,0.9977,763.8816666666667,785.0875,52.03225000000017,815.9139166666669,785.0875,0,0.8,1200.0,1200.0,0.0,0.0,30.826416666666887,1234.2515740740744,1200.0,0.0,0.0,145.08833333333325,0.0,0.0,0.0,0.0,0.0,2793.5662329629686,2924.1457329629684,0.0,0.0,0.0
2025-01-24,61,4427.8864,2025-01-24T10:10:00,2025-01-24T10:00:00,10:10:00,25,BJ,5559.208,10:10:00,25,BJ,1.1073,10:10:00,25,BJ,0.9919,737.9810666666667,926.5346666666666,-1131.3215999999993,-188.55359999999985,2025-01-24T10:10:00,2025-01-24 00:00:00,2025-01-24 00:00:00,2025-01-24T10:10:00,2025-01-24T10:10:00,0.9919,738.6057166666666,828.2179,60.66274333333333,799.2684599999999,828.2179,0,0.8,1200.0,1200.0,0.0,28.949440000000095,0.0,1200.0,1226.0544960000002,0.0,1.0,188.55359999999985,0.0,0.0,0.0,0.0,0.0,2924.1457329629684,3093.843972962968,0.0,0.0,0.0
2025-01-24,62,4422.9429,2025-01-24T10:20:00,2025-01-24T10:10:00,10:20:00,25,BK,5962.6624,10:20:00,25,BK,1.0437,10:20:00,25,BK,0.9588,737.15715,993.7770666666667,-1539.7195000000002,-256.61991666666665,2025-01-24T10:20:00,2025-01-24 00:00:00,2025-01-24 00:00:00,2025-01-24T10:20:00,2025-01-24T10:20:00,0.9588,738.6536333333333,851.40085,60.66274333333333,799.3163766666667,851.40085,0,0.8,1200.0,1200.0,0.0,52.084473333333335,0.0,1226.0544960000002,1272.930522,0.0,1.0,256.61991666666665,0.0,0.0,0.0,0.0,0.0,3093.843972962968,3324.8018979629683,0.0,0.0,0.0
2025-01-24,63,4320.47,2025-01-24T10:30:00,2025-01-24T10:20:00,10:30:00,25,BL,6142.2375,10:30:00,25,BL,1.0175,10:30:00,25,BL,0.9549,720.0783333333334,1023.7062500000001,-1821.7675,-303.6279166666667,2025-01-24T10:30:00,2025-01-24 00:00:00,2025-01-24 00:00:00,2025-01-24T10:30:00,2025-01-24T10:30:00,0.9549,755.5916666666667,851.69375,60.66274333333333,816.25441,851.69375,0,0.8,1200.0,1200.0,0.0,35.439340000000016,0.0,1272.930522,1304.8259280000002,0.0,1.0,303.6279166666667,0.0,0.0,0.0,0.0,0.0,3324.8018979629683,3598.067022962968,0.0,0.0,0.0
2025-01-24,64,4437.9774,2025-01-24T10:40:00,2025-01-24T10:30:00,10:40:00,25,BM,5924.5654,10:40:00,25,BM,1.106,10:40:00,25,BM,0.9839,739.6628999999999,987.4275666666667,-1486.5880000000006,-247.7646666666668,2025-01-24T10:40:00,2025-01-24 00:00:00,2025-01-24 00:00:00,2025-01-24T10:40:00,2025-01-24T10:40:00,0.9839,734.1440666666667,865.31075,60.66274333333333,794.80681,865.31075,0,0.8,1200.0,1200.0,0.0,70.50393999999994,0.0,1304.8259280000002,1368.2794740000002,0.0,1.0,247.7646666666668,0.0,0.0,0.0,0.0,0.0,3598.067022962968,3821.0552229629684,0.0,0.0,0.0
2025-01-24,65,4489.0141,2025-01-24T10:50:00,2025-01-24T10:40:00,10:50:00,25,BN,5990.103,10:50:00,25,BN,0.8628,10:50:00,25,BN,0.799,748.1690166666667,998.3505,-1501.0888999999997,-250.1814833333333,2025-01-24T10:50:00,2025-01-24 00:00:00,2025-01-24 00:00:00,2025-01-24T10:50:00,2025-01-24T10:50:00,0.799,726.6918000000001,900.8378333333334,60.66274333333333,787.3545433333334,900.8378333333334,0,0.8,1200.0,1200.0,0.0,113.48329000000001,0.0,1368.2794740000002,1470.4144350000001,0.0,1.0,250.1814833333333,0.0,0.0,0.0,0.0,0.0,3821.0552229629684,4046.2185579629686,0.0,0.0,0.0
2025-01-24,66,4387.56,2025-01-24T11:00:00,2025-01-24T10:50:00,11:00:00,25,BO,6425.775,11:00:00,25,BO,0.42,11:00:00,25,BO,0.5025,731.2600000000001,1070.9624999999999,-2038.2149999999992,-339.70249999999976,2025-01-24T11:00:00,2025-01-24 00:00:00,2025-01-24 00:00:00,2025-01-24T11:00:00,2025-01-24T11:00:00,0.5025,729.2816666666666,932.59375,60.66274333333333,789.94441,932.59375,0,0.8,1200.0,1200.0,690.6839933333332,833.3333333333333,0.0,1470.4144350000001,2220.414435,0.0,1.0,833.3333333333334,0.0,0.0,197.0531599999996,197.0531599999996,0.0,4046.2185579629686,4796.218557962969,347.0687066499999,0.0,347.0687066499999
2025-01-24,67,4322.5609,2025-01-24T11:10:00,2025-01-24T11:00:00,11:10:00,25,BP,6648.735700000001,11:10:00,25,BP,0.3833,11:10:00,25,BP,0.4662,720.4268166666667,1108.1226166666668,-2326.1748,-387.6958000000001,2025-01-24T11:10:00,2025-01-24 00:00:00,2025-01-24 00:00:00,2025-01-24T11:10:00,2025-01-24T11:10:00,0.4662,686.2932000000001,929.12215,52.50277333333325,738.7959733333333,929.12215,0,0.8,1200.0,1200.0,643.0071566666666,833.3333333333333,0.0,2220.414435,2970.414435,0.0,1.0,833.3333333333334,0.0,0.0,197.36962333333315,197.36962333333315,0.0,4796.218557962969,5546.218557962969,299.76993643799995,0.0,299.76993643799995
2025-01-24,68,4169.8425,2025-01-24T11:20:00,2025-01-24T11:10:00,11:20:00,25,BQ,6636.983699999999,11:20:00,25,BQ,0.4276,11:20:00,25,BQ,0.5007,694.97375,1106.1639499999999,-2467.1412,-411.1901999999999,2025-01-24T11:20:00,2025-01-24 00:00:00,2025-01-24 00:00:00,2025-01-24T11:20:00,2025-01-24T11:20:00,0.5007,668.1034,940.0169500000001,52.50277333333325,720.6061733333332,940.0169500000001,0,0.8,1200.0,1200.0,613.9225566666664,833.3333333333333,0.0,2970.414435,3720.414435,0.0,1.0,833.3333333333334,0.0,0.0,191.77942333333306,191.77942333333306,0.0,5546.218557962969,6296.218557962969,307.3910241229999,0.0,307.3910241229999
2025-01-24,69,4000.8,2025-01-24T11:30:00,2025-01-24T11:20:00,11:30:00,25,BR,6639.674999999999,11:30:00,25,BR,0.3576,11:30:00,25,BR,0.4827,666.8000000000001,1106.6125,-2638.875,-439.8124999999999,2025-01-24T11:30:00,2025-01-24 00:00:00,2025-01-24 00:00:00,2025-01-24T11:30:00,2025-01-24T11:30:00,0.4827,695.3983333333334,960.85,52.50277333333325,747.9011066666667,960.85,0,0.8,1200.0,1200.0,620.3844399999999,833.3333333333333,0.0,3720.414435,4470.414435000001,0.0,1.0,833.3333333333334,0.0,0.0,226.86360666666644,226.86360666666644,0.0,6296.218557962969,7046.218557962969,299.459569188,0.0,299.459569188
2025-01-24,70,4058.7393999999995,2025-01-24T11:40:00,2025-01-24T11:30:00,11:40:00,25,BS,6864.966900000001,11:40:00,25,BS,0.3215,11:40:00,25,BS,0.4785,676.4565666666666,1144.1611500000001,-2806.2275000000004,-467.7045833333335,2025-01-24T11:40:00,2025-01-24 00:00:00,2025-01-24 00:00:00,2025-01-24T11:40:00,2025-01-24T11:40:00,0.4785,716.4474166666668,940.3385166666667,52.50277333333325,768.95019,940.3385166666667,0,0.8,1200.0,1200.0,661.9450066666666,833.3333333333333,0.0,4470.414435000001,5220.414435000001,0.0,1.0,833.3333333333334,0.0,0.0,296.3162566666666,296.3162566666666,0.0,7046.218557962969,7796.218557962969,316.74068568999996,0.0,316.74068568999996
2025-01-24,71,4167.761,2025-01-24T11:50:00,2025-01-24T11:40:00,11:50:00,25,BT,6893.0015,11:50:00,25,BT,0.358,11:50:00,25,BT,0.4662,694.6268333333334,1148.8335833333333,-2725.2405,-454.20674999999994,2025-01-24T11:50:00,2025-01-24 00:00:00,2025-01-24 00:00:00,2025-01-24T11:50:00,2025-01-24T11:50:00,0.4662,718.8371000000001,934.5943333333333,52.50277333333325,771.3398733333333,934.5943333333333,0,0.8,1200.0,1200.0,670.0788733333333,833.3333333333333,0.0,5220.414435000001,5970.414435000001,0.0,1.0,833.3333333333334,0.0,0.0,290.95228999999983,290.95228999999983,0.0,7796.218557962969,8546.21855796297,312.39077074799997,0.0,312.39077074799997
2025-01-24,72,4139.86,2025-01-24T12:00:00,2025-01-24T11:50:00,12:00:00,25,BU,6696.674999999999,12:00:00,25,BU,0.3961,12:00:00,25,BU,0.4432,689.9766666666666,1116.1125,-2556.8150000000005,-426.1358333333334,2025-01-24T12:00:00,2025-01-24 00:00:00,2025-01-24 00:00:00,2025-01-24T12:00:00,2025-01-24T12:00:00,0.4432,712.8766666666667,947.6437500000001,52.50277333333325,765.3794399999999,947.6437500000001,0,0.8,1200.0,1200.0,651.0690233333331,833.3333333333333,0.0,5970.414435000001,6720.414435000001,0.0,1.0,833.3333333333334,0.0,0.0,243.87152333333336,243.87152333333336,0.0,8546.21855796297,9296.21855796297,288.55379114133325,0.0,288.55379114133325
2025-01-24,73,3989.7687,2025-01-24T12:10:00,2025-01-24T12:00:00,12:10:00,25,BV,6664.3785,12:10:00,25,BV,0.3467,12:10:00,25,BV,0.4411,664.96145,1110.72975,-2674.6097999999997,-445.76829999999995,2025-01-24T12:10:00,2025-01-24 00:00:00,2025-01-24 00:00:00,2025-01-24T12:10:00,2025-01-24T12:10:00,0.4411,709.3880833333333,927.4323166666667,91.96710333333296,801.3551866666662,927.4323166666667,0,0.8,1200.0,1200.0,707.2562033333328,833.3333333333333,0.0,6720.414435000001,7470.414435000001,0.0,1.0,833.3333333333334,0.0,0.0,319.6911699999995,319.6911699999995,0.0,9296.21855796297,10046.21855796297,311.9707112903331,0.0,311.9707112903331
2025-01-24,74,4130.1387,2025-01-24T12:20:00,2025-01-24T12:10:00,12:20:00,25,BW,6651.7654,12:20:00,25,BW,0.349,12:20:00,25,BW,0.4551,688.3564500000001,1108.6275666666668,-2521.6267,-420.27111666666667,2025-01-24T12:20:00,2025-01-24 00:00:00,2025-01-24 00:00:00,2025-01-24T12:20:00,2025-01-24T12:20:00,0.4551,676.2895333333333,914.4241333333333,91.96710333333296,768.2566366666663,914.4241333333333,0,0.8,1200.0,1200.0,687.1658366666662,833.3333333333333,0.0,7470.414435000001,8220.414435,0.0,1.0,833.3333333333334,0.0,0.0,274.1036199999995,274.1036199999995,0.0,10046.21855796297,10796.21855796297,312.7291722669998,0.0,312.7291722669998
2025-01-24,75,4388.77,2025-01-24T12:30:00,2025-01-24T12:20:00,12:30:00,25,BX,6595.424999999999,12:30:00,25,BX,0.391,12:30:00,25,BX,0.4463,731.4616666666667,1099.2375,-2206.6549999999997,-367.77583333333325,2025-01-24T12:30:00,2025-01-24 00:00:00,2025-01-24 00:00:00,2025-01-24T12:30:00,2025-01-24T12:30:00,0.4463,639.1333333333333,923.6374999999999,91.96710333333296,731.1004366666663,923.6374999999999,0,0.8,1200.0,1200.0,640.7962699999996,833.3333333333333,0.0,8220.414435,8970.414435,0.0,1.0,4.201602263367223,0.0,0.0,1004.3705010699656,640.7962699999996,363.574231069966,10796.21855796297,10800.0,285.9873753009998,0.0,285.9873753009998
2025-01-24,76,4189.95,2025-01-24T12:40:00,2025-01-24T12:30:00,12:40:00,25,BY,6583.1818,12:40:00,25,BY,0.3529,12:40:00,25,BY,0.4113,698.3249999999999,1097.1969666666666,-2393.2318000000005,-398.8719666666667,2025-01-24T12:40:00,2025-01-24 00:00:00,2025-01-24 00:00:00,2025-01-24T12:40:00,2025-01-24T12:40:00,0.4113,659.5924,926.4749333333333,91.96710333333296,751.5595033333329,926.4749333333333,0,0.8,1200.0,1200.0,658.4179033333329,833.3333333333333,0.0,8970.414435,9720.414435,0.0,1.0,0.0,0.0,0.0,1057.2898699999996,658.4179033333329,398.8719666666667,10800.0,10800.0,270.8072836409998,0.0,270.8072836409998
2025-01-24,77,4047.8194000000003,2025-01-24T12:50:00,2025-01-24T12:40:00,12:50:00,25,BZ,6436.899500000001,12:50:00,25,BZ,0.5027,12:50:00,25,BZ,0.5682,674.6365666666667,1072.8165833333335,-2389.0801000000006,-398.1800166666668,2025-01-24T12:50:00,2025-01-24 00:00:00,2025-01-24 00:00:00,2025-01-24T12:50:00,2025-01-24T12:50:00,0.5682,673.4614166666667,918.0123833333333,91.96710333333296,765.4285199999996,918.0123833333333,0,0.8,1200.0,1200.0,139.9013099999986,292.48517333333234,0.0,9720.414435,9983.651091,0.0,1.0000000000000038,0.0,0.0,0.0,538.0813266666654,139.9013099999986,398.1800166666668,10800.0,10800.0,79.49192434199921,0.0,79.49192434199921
2025-01-24,78,4091.83,2025-01-24T13:00:00,2025-01-24T12:50:00,13:00:00,25,CA,6132.6,13:00:00,25,CA,0.7718,13:00:00,25,CA,0.8279,681.9716666666667,1022.1,-2040.7700000000004,-340.12833333333333,2025-01-24T13:00:00,2025-01-24 00:00:00,2025-01-24 00:00:00,2025-01-24T13:00:00,2025-01-24T13:00:00,0.8279,666.3633333333333,907.2624999999999,91.96710333333296,758.3304366666663,907.2624999999999,0,0.8,1200.0,1200.0,0.0,148.93206333333364,0.0,9983.651091,10117.689948,0.0,1.0,0.0,0.0,0.0,340.12833333333333,0.0,340.12833333333333,10800.0,10800.0,0.0,0.0,0.0
2025-01-24,79,3945.0531,2025-01-24T13:10:00,2025-01-24T13:00:00,13:10:00,25,CB,5848.8193,13:10:00,25,CB,0.7961,13:10:00,25,CB,0.8636,657.50885,974.8032166666667,-1903.7662,-317.29436666666663,2025-01-24T13:10:00,2025-01-24 00:00:00,2025-01-24 00:00:00,2025-01-24T13:10:00,2025-01-24T13:10:00,0.8636,681.5246833333333,903.1456166666667,86.38445999999978,767.9091433333331,903.1456166666667,0,0.8,1200.0,1200.0,0.0,135.2364733333336,0.0,10117.689948,10239.402774,0.0,1.0,0.0,0.0,0.0,317.29436666666663,0.0,317.29436666666663,10800.0,10800.0,0.0,0.0,0.0
2025-01-24,80,3850.5206,2025-01-24T13:20:00,2025-01-24T13:10:00,13:20:00,25,CC,5676.17,13:20:00,25,CC,0.7634,13:20:00,25,CC,0.8416,641.7534333333333,946.0283333333333,-1825.6494000000002,-304.2749,2025-01-24T13:20:00,2025-01-24 00:00:00,2025-01-24 00:00:00,2025-01-24T13:20:00,2025-01-24T13:20:00,0.8416,668.0419666666667,885.56795,86.38445999999978,754.4264266666664,885.56795,0,0.8,1200.0,1200.0,0.0,131.14152333333357,0.0,10239.402774,10357.430145,0.0,1.0,0.0,0.0,0.0,304.2749,0.0,304.2749,10800.0,10800.0,0.0,0.0,0.0
2025-01-24,81,3914.19,2025-01-24T13:30:00,2025-01-24T13:20:00,13:30:00,25,CD,5550.9,13:30:00,25,CD,0.7966,13:30:00,25,CD,0.8618,652.365,925.15,-1636.7099999999996,-272.78499999999997,2025-01-24T13:30:00,2025-01-24 00:00:00,2025-01-24 00:00:00,2025-01-24T13:30:00,2025-01-24T13:30:00,0.8618,633.7816666666666,855.6437500000001,86.38445999999978,720.1661266666664,855.6437500000001,0,0.8,1200.0,1200.0,0.0,135.47762333333367,0.0,10357.430145,10479.360006,0.0,1.0,0.0,0.0,0.0,272.78499999999997,0.0,272.78499999999997,10800.0,10800.0,0.0,0.0,0.0
2025-01-24,82,3975.3644000000004,2025-01-24T13:40:00,2025-01-24T13:30:00,13:40:00,25,CE,5339.5745,13:40:00,25,CE,0.8352,13:40:00,25,CE,0.8623,662.5607333333334,889.9290833333333,-1364.2100999999998,-227.36834999999996,2025-01-24T13:40:00,2025-01-24 00:00:00,2025-01-24 00:00:00,2025-01-24T13:40:00,2025-01-24T13:40:00,0.8623,642.3919666666667,835.1390333333334,86.38445999999978,728.7764266666665,835.1390333333334,0,0.8,1200.0,1200.0,0.0,106.36260666666692,0.0,10479.360006,10575.086352,0.0,1.0,0.0,0.0,0.0,227.36834999999996,0.0,227.36834999999996,10800.0,10800.0,0.0,0.0,0.0
2025-01-24,83,4003.2024,2025-01-24T13:50:00,2025-01-24T13:40:00,13:50:00,25,CF,5142.2597,13:50:00,25,CF,0.9123,13:50:00,25,CF,0.9026,667.2004000000001,857.0432833333333,-1139.0572999999995,-189.84288333333325,2025-01-24T13:50:00,2025-01-24 00:00:00,2025-01-24 00:00:00,2025-01-24T13:50:00,2025-01-24T13:50:00,0.9026,650.2510666666667,814.8970666666668,86.38445999999978,736.6355266666665,814.8970666666668,0,0.8,1200.0,1200.0,0.0,78.26154000000031,0.0,10575.086352,10645.521738000001,0.0,1.0,0.0,0.0,0.0,189.84288333333325,0.0,189.84288333333325,10800.0,10800.0,0.0,0.0,0.0
2025-01-24,84,3979.8899999999994,2025-01-24T14:00:00,2025-01-24T13:50:00,14:00:00,25,CG,4948.2375,14:00:00,25,CG,1.0157,14:00:00,25,CG,0.9754,663.3149999999999,824.7062500000001,-968.3475000000003,-161.39125000000013,2025-01-24T14:00:00,2025-01-24 00:00:00,2025-01-24 00:00:00,2025-01-24T14:00:00,2025-01-24T14:00:00,0.9754,641.0533333333334,792.3937500000001,86.38445999999978,727.4377933333332,792.3937500000001,0,0.8,1200.0,1200.0,0.0,64.9559566666669,0.0,10645.521738000001,10703.982099,0.0,1.0,0.0,0.0,0.0,161.39125000000013,0.0,161.39125000000013,10800.0,10800.0,0.0,0.0,0.0
2025-01-24,85,3895.5603999999994,2025-01-24T14:10:00,2025-01-24T14:00:00,14:10:00,25,CH,4642.4082,14:10:00,25,CH,1.0766,14:10:00,25,CH,1.0002,649.2600666666666,773.7347,-746.8478,-124.47463333333337,2025-01-24T14:10:00,2025-01-24 00:00:00,2025-01-24 00:00:00,2025-01-24T14:10:00,2025-01-24T14:10:00,1.0002,641.7311666666667,773.11915,64.02346333333352,705.7546300000002,773.11915,0,0.8,1200.0,1200.0,0.0,67.36451999999974,0.0,10703.982099,10764.610167,0.0,1.0,0.0,0.0,0.0,124.47463333333337,0.0,124.47463333333337,10800.0,10800.0,0.0,0.0,0.0
2025-01-24,86,3855.53,2025-01-24T14:20:00,2025-01-24T14:10:00,14:20:00,25,CI,4367.0315,14:20:00,25,CI,1.0873,14:20:00,25,CI,0.9978,642.5883333333334,727.8385833333333,-511.50149999999985,-85.25024999999994,2025-01-24T14:20:00,2025-01-24 00:00:00,2025-01-24 00:00:00,2025-01-24T14:20:00,2025-01-24T14:20:00,0.9978,633.9927166666666,737.3382166666667,64.02346333333352,698.0161800000002,737.3382166666667,0,0.8,1200.0,1200.0,0.0,39.32203666666646,0.0,10764.610167,10800.0,0.0,1.0,0.0,0.0,0.0,85.25024999999994,0.0,85.25024999999994,10800.0,10800.0,0.0,0.0,0.0
2025-01-24,87,3823.29,2025-01-24T14:30:00,2025-01-24T14:20:00,14:30:00,25,CJ,4160.7375,14:30:00,25,CJ,1.1133,14:30:00,25,CJ,1.0271,637.215,693.4562500000001,-337.4475000000002,-56.241250000000036,2025-01-24T14:30:00,2025-01-24 00:00:00,2025-01-24 00:00:00,2025-01-24T14:30:00,2025-01-24T14:30:00,1.0271,633.485,691.2937499999999,64.02346333333352,697.5084633333336,691.2937499999999,0,0.8,1200.0,1200.0,0.0,0.0,6.214713333333634,10800.0,10793.094762962963,0.0,0.0,0.0,0.0,0.0,56.241250000000036,0.0,56.241250000000036,10800.0,10800.0,0.0,0.0,0.0
2025-01-24,88,3693.1359,2025-01-24T14:40:00,2025-01-24T14:30:00,14:40:00,25,CK,3937.5996999999998,14:40:00,25,CK,1.1806,14:40:00,25,CK,1.0906,615.52265,656.2666166666667,-244.4638,-40.743966666666665,2025-01-24T14:40:00,2025-01-24 00:00:00,2025-01-24 00:00:00,2025-01-24T14:40:00,2025-01-24T14:40:00,1.0906,672.4984000000001,659.5374833333334,64.02346333333352,736.5218633333336,659.5374833333334,0,0.8,1200.0,1200.0,0.0,0.0,76.98438000000021,10793.094762962963,10707.556562962962,0.0,0.0,0.0,0.0,0.0,40.743966666666665,0.0,40.743966666666665,10800.0,10800.0,0.0,0.0,0.0
2025-01-24,89,3743.1837000000005,2025-01-24T14:50:00,2025-01-24T14:40:00,14:50:00,25,CL,3784.119,14:50:00,25,CL,0.954,14:50:00,25,CL,0.9376,623.86395,630.6865,-40.9353000000001,-6.822549999999978,2025-01-24T14:50:00,2025-01-24 00:00:00,2025-01-24 00:00:00,2025-01-24T14:50:00,2025-01-24T14:50:00,0.9376,671.6356333333333,612.1771,64.02346333333352,735.6590966666669,612.1771,0,0.8,1200.0,1200.0,0.0,0.0,123.48199666666687,10707.556562962962,10570.354344444444,0.0,0.0,0.0,0.0,0.0,6.822549999999978,0.0,6.822549999999978,10800.0,10800.0,0.0,0.0,0.0
2025-01-24,90,3828.88,2025-01-24T15:00:00,2025-01-24T14:50:00,15:00:00,25,CM,3633.3,15:00:00,25,CM,0.5816,15:00:00,25,CM,0.6694,638.1466666666666,605.5500000000001,195.57999999999993,32.59666666666658,2025-01-24T15:00:00,2025-01-24 00:00:00,2025-01-24 00:00:00,2025-01-24T15:00:00,2025-01-24T15:00:00,0.6694,639.9733333333334,553.1750000000001,64.02346333333352,703.9967966666669,553.1750000000001,0,0.8,1200.0,1200.0,150.82179666666684,0.0,0.0,10570.354344444444,10570.354344444444,0.0,0.0,0.0,0.0,0.0,118.22513000000026,118.22513000000026,0.0,10800.0,10800.0,100.96011068866679,0.0,100.96011068866679
2025-01-24,91,3546.1590000000006,2025-01-24T15:10:00,2025-01-24T15:00:00,15:10:00,25,CN,3307.742,15:10:00,25,CN,0.582,15:10:00,25,CN,0.66,591.0265,551.2903333333334,238.41699999999992,39.73616666666669,2025-01-24T15:10:00,2025-01-24 00:00:00,2025-01-24 00:00:00,2025-01-24T15:10:00,2025-01-24T15:10:00,0.66,661.0485333333334,519.2198166666667,37.462306666666755,698.5108400000001,519.2198166666667,0,0.8,1200.0,1200.0,434.4528628395068,255.16183950617332,0.0,10570.354344444444,10800.0,0.0,1.0000000000000067,0.0,0.0,0.0,394.7166961728401,394.7166961728401,0.0,10800.0,10800.0,286.7388894740745,0.0,286.7388894740745
2025-01-24,92,3500.5604999999996,2025-01-24T15:20:00,2025-01-24T15:10:00,15:20:00,25,CO,2975.0701,15:20:00,25,CO,0.6723,15:20:00,25,CO,0.7217,583.42675,495.84501666666665,525.4904000000001,87.58173333333332,2025-01-24T15:20:00,2025-01-24 00:00:00,2025-01-24 00:00:00,2025-01-24T15:20:00,2025-01-24T15:20:00,0.7217,653.4660333333334,487.61758333333336,37.462306666666755,690.9283400000002,487.61758333333336,0,0.8,1200.0,1200.0,203.3107566666668,0.0,0.0,10800.0,10800.0,0.0,0.0,0.0,0.0,0.0,115.72902333333343,115.72902333333343,0.0,10800.0,10800.0,146.72937308633342,0.0,146.72937308633342
2025-01-24,93,3774.1499999999996,2025-01-24T15:30:00,2025-01-24T15:20:00,15:30:00,25,CP,2726.8875,15:30:00,25,CP,0.676,15:30:00,25,CP,0.7308,629.025,454.48125,1047.2625000000003,174.54375,2025-01-24T15:30:00,2025-01-24 00:00:00,2025-01-24 00:00:00,2025-01-24T15:30:00,2025-01-24T15:30:00,0.7308,603.0783333333333,443.09375,37.462306666666755,640.54064,443.09375,0,0.8,1200.0,1200.0,197.44689000000005,0.0,0.0,10800.0,10800.0,0.0,0.0,0.0,0.0,0.0,22.903140000000008,22.903140000000008,0.0,10800.0,10800.0,144.29418721200005,0.0,144.29418721200005
2025-01-24,94,3819.2748999999994,2025-01-24T15:40:00,2025-01-24T15:30:00,15:40:00,25,CQ,2484.1469,15:40:00,25,CQ,0.6958,15:40:00,25,CQ,0.7534,636.5458166666666,414.02448333333336,1335.1279999999997,222.52133333333325,2025-01-24T15:40:00,2025-01-24 00:00:00,2025-01-24 00:00:00,2025-01-24T15:40:00,2025-01-24T15:40:00,0.7534,584.6588666666667,394.4701,37.462306666666755,622.1211733333334,394.4701,0,0.8,1200.0,1200.0,227.65107333333344,0.0,0.0,10800.0,10800.0,0.0,0.0,0.0,0.0,0.0,5.129740000000197,5.129740000000197,0.0,10800.0,10800.0,171.5123186493334,0.0,171.5123186493334
2025-01-24,95,3695.0751,2025-01-24T15:50:00,2025-01-24T15:40:00,15:50:00,25,CR,2150.4263,15:50:00,25,CR,0.7034,15:50:00,25,CR,0.7823,615.84585,358.4043833333333,1544.6488,257.4414666666667,2025-01-24T15:50:00,2025-01-24 00:00:00,2025-01-24 00:00:00,2025-01-24T15:50:00,2025-01-24T15:50:00,0.7823,589.7957666666667,354.89006666666666,37.462306666666755,627.2580733333335,354.89006666666666,0,0.8,1200.0,1200.0,272.3680066666669,0.0,0.0,10800.0,10800.0,0.0,0.0,0.0,0.0,0.0,14.92654000000016,14.92654000000016,0.0,10800.0,10800.0,213.0734916153335,0.0,213.0734916153335
2025-01-24,96,3604.6099999999997,2025-01-24T16:00:00,2025-01-24T15:50:00,16:00:00,25,CS,1794.9,16:00:00,25,CS,0.7057,16:00:00,25,CS,0.8055,600.7683333333333,299.15000000000003,1809.71,301.6183333333333,2025-01-24T16:00:00,2025-01-24 00:00:00,2025-01-24 00:00:00,2025-01-24T16:00:00,2025-01-24T16:00:00,0.8055,592.4433333333333,317.83125,37.462306666666755,629.9056400000001,317.83125,0,0.8,1200.0,1200.0,312.07439000000005,0.0,0.0,10800.0,10800.0,0.0,0.0,0.0,0.0,0.0,10.456056666666768,10.456056666666768,0.0,10800.0,10800.0,251.37592114500004,0.0,251.37592114500004
2025-01-24,97,3640.2181,2025-01-24T16:10:00,2025-01-24T16:00:00,16:10:00,25,CT,1575.5901,16:10:00,25,CT,0.7555,16:10:00,25,CT,0.8271,606.7030166666667,262.59835,2064.628,344.10466666666673,2025-01-24T16:10:00,2025-01-24 00:00:00,2025-01-24 00:00:00,2025-01-24T16:10:00,2025-01-24T16:10:00,0.8271,580.4638166666667,264.2705833333333,23.071526666666767,603.5353433333335,264.2705833333333,0,0.8,1200.0,1200.0,339.26476000000014,0.0,-0.0,10800.0,10800.0,0.0,0.0,0.0,4.839906666666593,0.0,0.0,0.0,0.0,10800.0,10794.622325925926,280.6058829960001,0.0,280.6058829960001
2025-01-24,98,3536.7839,2025-01-24T16:20:00,2025-01-24T16:10:00,16:20:00,25,CU,1341.1802,16:20:00,25,CU,0.8064,16:20:00,25,CU,0.8519,589.4639833333333,223.53003333333334,2195.6036999999997,365.93395,2025-01-24T16:20:00,2025-01-24 00:00:00,2025-01-24 00:00:00,2025-01-24T16:20:00,2025-01-24T16:20:00,0.8519,578.8598333333333,206.73476666666667,23.071526666666767,601.93136,206.73476666666667,0,0.8,1200.0,1200.0,395.19659333333334,0.0,-0.0,10800.0,10800.0,0.0,0.0,5.975193415637881,0.0,0.0,23.287449917695476,23.287449917695476,0.0,10794.622325925926,10800.0,336.66797786066667,0.0,336.66797786066667
2025-01-24,99,3394.05,2025-01-24T16:30:00,2025-01-24T16:20:00,16:30:00,25,CV,1038.675,16:30:00,25,CV,0.8366,16:30:00,25,CV,0.8791,565.6750000000001,173.11249999999998,2355.375,392.5625000000001,2025-01-24T16:30:00,2025-01-24 00:00:00,2025-01-24 00:00:00,2025-01-24T16:30:00,2025-01-24T16:30:00,0.8791,598.7466666666667,156.0625,23.071526666666767,621.8181933333334,156.0625,0,0.8,1200.0,1200.0,465.7556933333334,0.0,-0.0,10800.0,10800.0,0.0,0.0,0.0,0.0,0.0,73.19319333333328,73.19319333333328,0.0,10800.0,10800.0,409.4458300093334,0.0,409.4458300093334
2025-01-24,100,3499.1377999999995,2025-01-24T16:40:00,2025-01-24T16:30:00,16:40:00,25,CW,761.8907,16:40:00,25,CW,0.8531,16:40:00,25,CW,0.9024,583.1896333333333,126.98178333333334,2737.2471,456.20784999999995,2025-01-24T16:40:00,2025-01-24 00:00:00,2025-01-24 00:00:00,2025-01-24T16:40:00,2025-01-24T16:40:00,0.9024,613.0644666666667,112.03448333333334,23.071526666666767,636.1359933333334,112.03448333333334,0,0.8,1200.0,1200.0,524.1015100000001,0.0,-0.0,10800.0,10800.0,0.0,0.0,0.0,0.0,0.0,67.89366000000007,67.89366000000007,0.0,10800.0,10800.0,472.94920262400007,0.0,472.94920262400007
2025-01-24,101,3127.3168,2025-01-24T16:50:00,2025-01-24T16:40:00,16:50:00,25,CX,484.99559999999997,16:50:00,25,CX,0.7807,16:50:00,25,CX,0.9163,521.2194666666667,80.8326,2642.3212,440.38686666666666,2025-01-24T16:50:00,2025-01-24 00:00:00,2025-01-24 00:00:00,2025-01-24T16:50:00,2025-01-24T16:50:00,0.9163,541.20565,69.76148333333333,23.071526666666767,564.2771766666667,69.76148333333333,0,0.8,1200.0,1200.0,494.5156933333334,0.0,-0.0,10800.0,10800.0,0.0,0.0,0.0,0.0,0.0,54.12882666666667,54.12882666666667,0.0,10800.0,10800.0,453.1247298013334,0.0,453.1247298013334
2025-01-24,102,2542.59,2025-01-24T17:00:00,2025-01-24T16:50:00,17:00:00,25,CY,221.21249999999998,17:00:00,25,CY,0.6863,17:00:00,25,CY,0.9264,423.76500000000004,36.86875,2321.3775,386.89625000000007,2025-01-24T17:00:00,2025-01-24 00:00:00,2025-01-24 00:00:00,2025-01-24T17:00:00,2025-01-24T17:00:00,0.9264,440.84666666666664,31.46875,23.071526666666767,463.9181933333334,31.46875,0,0.8,1200.0,1200.0,432.4494433333334,0.0,-0.0,10800.0,10800.0,0.0,0.0,0.0,0.0,0.0,45.553193333333354,45.553193333333354,0.0,10800.0,10800.0,400.6211643040001,0.0,400.6211643040001
2025-01-24,103,2767.0596,2025-01-24T17:10:00,2025-01-24T17:00:00,17:10:00,25,CZ,44.5401,17:10:00,25,CZ,0.7272,17:10:00,25,CZ,0.9462,461.1766,7.42335,2722.5195,453.75325,2025-01-24T17:10:00,2025-01-24 00:00:00,2025-01-24 00:00:00,2025-01-24T17:10:00,2025-01-24T17:10:00,0.9462,454.9803,6.297366666666666,23.620126666666625,478.60042666666664,6.297366666666666,0,0.8,1200.0,1200.0,472.30305999999996,0.0,0.0,10800.0,10800.0,0.0,0.0,0.0,0.0,0.0,18.54980999999998,18.54980999999998,0.0,10800.0,10800.0,446.89315537199997,0.0,446.89315537199997
2025-01-24,104,2916.6364,2025-01-24T17:20:00,2025-01-24T17:10:00,17:20:00,25,DA,0.0,17:20:00,25,DA,0.7771,17:20:00,25,DA,0.9742,486.10606666666666,0.0,2916.6364,486.10606666666666,2025-01-24T17:20:00,2025-01-24 00:00:00,2025-01-24 00:00:00,2025-01-24T17:20:00,2025-01-24T17:20:00,0.9742,468.4820833333333,0.0,23.620126666666625,492.10220999999996,0.0,0,0.8,1200.0,1200.0,492.10220999999996,0.0,-0.0,10800.0,10800.0,0.0,0.0,0.0,0.0,0.0,5.996143333333293,5.996143333333293,0.0,10800.0,10800.0,479.4059729819999,0.0,479.4059729819999
2025-01-24,105,2712.48,2025-01-24T17:30:00,2025-01-24T17:20:00,17:30:00,25,DB,0.0,17:30:00,25,DB,0.7591,17:30:00,25,DB,0.9862,452.08,0.0,2712.48,452.08,2025-01-24T17:30:00,2025-01-24 00:00:00,2025-01-24 00:00:00,2025-01-24T17:30:00,2025-01-24T17:30:00,0.9862,443.0183333333334,0.0,23.620126666666625,466.63846,0.0,0,0.8,1200.0,1200.0,466.63846,0.0,-0.0,10800.0,10800.0,0.0,0.0,0.0,0.0,0.0,14.558460000000025,14.558460000000025,0.0,10800.0,10800.0,460.198849252,0.0,460.198849252
2025-01-24,106,2738.4986,2025-01-24T17:40:00,2025-01-24T17:30:00,17:40:00,25,DC,2.6096,17:40:00,25,DC,0.7446,17:40:00,25,DC,0.976,456.4164333333333,0.43493333333333334,2735.889,455.9815,2025-01-24T17:40:00,2025-01-24 00:00:00,2025-01-24 00:00:00,2025-01-24T17:40:00,2025-01-24T17:40:00,0.976,453.55400000000003,0.36845,23.620126666666625,477.17412666666667,0.36845,0,0.8,1200.0,1200.0,476.80567666666667,0.0,0.0,10800.0,10800.0,0.0,0.0,0.0,0.0,0.0,20.824176666666688,20.824176666666688,0.0,10800.0,10800.0,465.36234042666666,0.0,465.36234042666666
2025-01-24,107,2673.5839,2025-01-24T17:50:00,2025-01-24T17:40:00,17:50:00,25,DD,0.0,17:50:00,25,DD,0.8958,17:50:00,25,DD,1.0742,445.5973166666667,0.0,2673.5839,445.5973166666667,2025-01-24T17:50:00,2025-01-24 00:00:00,2025-01-24 00:00:00,2025-01-24T17:50:00,2025-01-24T17:50:00,1.0742,459.0084,0.0,23.620126666666625,482.62852666666663,0.0,0,0.8,1200.0,1200.0,482.62852666666663,0.0,-0.0,10800.0,10800.0,0.0,0.0,0.0,0.0,0.0,37.03120999999993,37.03120999999993,0.0,10800.0,10800.0,518.4395633453333,0.0,518.4395633453333
2025-01-24,108,2549.2,2025-01-24T18:00:00,2025-01-24T17:50:00,18:00:00,25,DE,0.0,18:00:00,25,DE,1.1097,18:00:00,25,DE,1.2313,424.8666666666666,0.0,2549.2,424.8666666666666,2025-01-24T18:00:00,2025-01-24 00:00:00,2025-01-24 00:00:00,2025-01-24T18:00:00,2025-01-24T18:00:00,1.2313,449.04833333333335,0.0,23.620126666666625,472.66846,0.0,0,0.8,1200.0,1200.0,0.0,0.0,472.66846,10800.0,10274.812822222222,0.0,0.0,0.0,424.8666666666666,0.0,0.0,0.0,0.0,10800.0,10327.925925925925,0.0,0.0,0.0
2025-01-24,109,2763.8894,2025-01-24T18:10:00,2025-01-24T18:00:00,18:10:00,25,DF,0.1874,18:10:00,25,DF,1.1122,18:10:00,25,DF,1.2561,460.64823333333334,0.031233333333333335,2763.702,460.617,2025-01-24T18:10:00,2025-01-24 00:00:00,2025-01-24 00:00:00,2025-01-24T18:10:00,2025-01-24T18:10:00,1.2561,458.5579666666667,0.02645,21.37657333333334,479.93454,0.02645,0,0.8,1200.0,1200.0,0.0,0.0,479.90809,10274.812822222222,9741.58161111111,0.0,0.0,0.0,460.617,0.0,0.0,0.0,0.0,10327.925925925925,9816.129259259258,0.0,0.0,0.0
2025-01-24,110,2848.8452,2025-01-24T18:20:00,2025-01-24T18:10:00,18:20:00,25,DG,0.0,18:20:00,25,DG,1.0816,18:20:00,25,DG,1.2447,474.80753333333337,0.0,2848.8452,474.80753333333337,2025-01-24T18:20:00,2025-01-24 00:00:00,2025-01-24 00:00:00,2025-01-24T18:20:00,2025-01-24T18:20:00,1.2447,459.5538166666667,0.0,21.37657333333334,480.93039000000005,0.0,0,0.8,1200.0,1200.0,0.0,0.0,480.93039000000005,9741.58161111111,9207.214511111111,0.0,0.0,0.0,474.80753333333337,0.0,0.0,0.0,0.0,9816.129259259258,9288.565333333332,0.0,0.0,0.0
2025-01-24,111,2744.34,2025-01-24T18:30:00,2025-01-24T18:20:00,18:30:00,25,DH,0.0,18:30:00,25,DH,1.1017,18:30:00,25,DH,1.2545,457.39000000000004,0.0,2744.34,457.39000000000004,2025-01-24T18:30:00,2025-01-24 00:00:00,2025-01-24 00:00:00,2025-01-24T18:30:00,2025-01-24T18:30:00,1.2545,443.69166666666666,0.0,21.37657333333334,465.06824,0.0,0,0.8,1200.0,1200.0,0.0,0.0,465.06824,9207.214511111111,8690.472022222222,0.0,0.0,0.0,457.39000000000004,0.0,0.0,0.0,0.0,9288.565333333332,8780.35422222222,0.0,0.0,0.0
2025-01-24,112,2845.1956,2025-01-24T18:40:00,2025-01-24T18:30:00,18:40:00,25,DI,0.013499999999999998,18:40:00,25,DI,1.0982,18:40:00,25,DI,1.2522,474.1992666666667,0.00225,2845.1821,474.1970166666667,2025-01-24T18:40:00,2025-01-24 00:00:00,2025-01-24 00:00:00,2025-01-24T18:40:00,2025-01-24T18:40:00,1.2522,436.72929999999997,0.0019,21.37657333333334,458.1058733333333,0.0019,0,0.8,1200.0,1200.0,0.0,0.0,458.10397333333333,8690.472022222222,8181.467607407408,0.0,0.0,0.0,474.1970166666667,0.0,0.0,0.0,0.0,8780.35422222222,8253.468648148146,0.0,0.0,0.0
2025-01-24,113,2854.3145,2025-01-24T18:50:00,2025-01-24T18:40:00,18:50:00,25,DJ,0.0,18:50:00,25,DJ,1.1949,18:50:00,25,DJ,1.2881,475.71908333333334,0.0,2854.3145,475.71908333333334,2025-01-24T18:50:00,2025-01-24 00:00:00,2025-01-24 00:00:00,2025-01-24T18:50:00,2025-01-24T18:50:00,1.2881,455.29676666666666,0.0,21.37657333333334,476.67334,0.0,0,0.8,1200.0,1200.0,0.0,0.0,476.67334,8181.467607407408,7651.830562962963,0.0,0.0,0.0,475.71908333333334,0.0,0.0,0.0,0.0,8253.468648148146,7724.891888888887,0.0,0.0,0.0
2025-01-24,114,2738.85,2025-01-24T19:00:00,2025-01-24T18:50:00,19:00:00,25,DK,0.0,19:00:00,25,DK,1.3404,19:00:00,25,DK,1.3466,456.47499999999997,0.0,2738.85,456.47499999999997,2025-01-24T19:00:00,2025-01-24 00:00:00,2025-01-24 00:00:00,2025-01-24T19:00:00,2025-01-24T19:00:00,1.3466,481.145,0.0,21.37657333333334,502.5215733333333,0.0,0,0.8,1200.0,1200.0,0.0,0.0,502.5215733333333,7651.830562962963,7093.473259259259,0.0,0.0,0.0,456.47499999999997,0.0,0.0,0.0,0.0,7724.891888888887,7217.697444444442,0.0,0.0,0.0
2025-01-24,115,2773.9649,2025-01-24T19:10:00,2025-01-24T19:00:00,19:10:00,25,DL,0.0,19:10:00,25,DL,1.3362,19:10:00,25,DL,1.3523,462.3274833333333,0.0,2773.9649,462.3274833333333,2025-01-24T19:10:00,2025-01-24 00:00:00,2025-01-24 00:00:00,2025-01-24T19:10:00,2025-01-24T19:10:00,1.3523,480.78665,0.0,29.74777333333334,510.53442333333334,0.0,0,0.8,1200.0,1200.0,0.0,0.0,510.53442333333334,7093.473259259259,6526.212788888889,0.0,0.0,0.0,462.3274833333333,0.0,0.0,0.0,0.0,7217.697444444442,6704.000240740738,0.0,0.0,0.0
2025-01-24,116,2707.4422,2025-01-24T19:20:00,2025-01-24T19:10:00,19:20:00,25,DM,0.0,19:20:00,25,DM,1.2988,19:20:00,25,DM,1.3445,451.24036666666666,0.0,2707.4422,451.24036666666666,2025-01-24T19:20:00,2025-01-24 00:00:00,2025-01-24 00:00:00,2025-01-24T19:20:00,2025-01-24T19:20:00,1.3445,486.3923666666667,0.0,29.74777333333334,516.1401400000001,0.0,0,0.8,1200.0,1200.0,0.0,0.0,516.1401400000001,6526.212788888889,5952.7237444444445,0.0,0.0,0.0,451.24036666666666,0.0,0.0,0.0,0.0,6704.000240740738,6202.622055555553,0.0,0.0,0.0
2025-01-24,117,2544.01,2025-01-24T19:30:00,2025-01-24T19:20:00,19:30:00,25,DN,0.0,19:30:00,25,DN,1.3188,19:30:00,25,DN,1.3483,424.0016666666667,0.0,2544.01,424.0016666666667,2025-01-24T19:30:00,2025-01-24 00:00:00,2025-01-24 00:00:00,2025-01-24T19:30:00,2025-01-24T19:30:00,1.3483,496.9866666666667,0.0,29.74777333333334,526.7344400000001,0.0,0,0.8,1200.0,1200.0,0.0,0.0,526.7344400000001,5952.7237444444445,5367.463255555555,0.0,0.0,0.0,424.0016666666667,0.0,0.0,0.0,0.0,6202.622055555553,5731.50909259259,0.0,0.0,0.0
2025-01-24,118,2573.4613,2025-01-24T19:40:00,2025-01-24T19:30:00,19:40:00,25,DO,0.0,19:40:00,25,DO,1.3658,19:40:00,25,DO,1.349,428.91021666666666,0.0,2573.4613,428.91021666666666,2025-01-24T19:40:00,2025-01-24 00:00:00,2025-01-24 00:00:00,2025-01-24T19:40:00,2025-01-24T19:40:00,1.349,480.12083333333334,0.0,29.74777333333334,509.86860666666666,0.0,0,0.8,1200.0,1200.0,0.0,0.0,509.86860666666666,5367.463255555555,4800.942581481481,0.0,0.0,0.0,428.91021666666666,0.0,0.0,0.0,0.0,5731.50909259259,5254.942185185182,0.0,0.0,0.0
2025-01-24,119,2658.8762,2025-01-24T19:50:00,2025-01-24T19:40:00,19:50:00,25,DP,0.0,19:50:00,25,DP,1.3557,19:50:00,25,DP,1.3473,443.1460333333334,0.0,2658.8762,443.1460333333334,2025-01-24T19:50:00,2025-01-24 00:00:00,2025-01-24 00:00:00,2025-01-24T19:50:00,2025-01-24T19:50:00,1.3473,474.52818333333335,0.0,29.74777333333334,504.2759566666667,0.0,0,0.8,1200.0,1200.0,0.0,0.0,504.2759566666667,4800.942581481481,4240.635962962962,0.0,0.0,0.0,443.1460333333334,0.0,0.0,0.0,0.0,5254.942185185182,4762.5577037037,0.0,0.0,0.0
2025-01-24,120,2727.71,2025-01-24T20:00:00,2025-01-24T19:50:00,20:00:00,25,DQ,0.0,20:00:00,25,DQ,1.3097,20:00:00,25,DQ,1.3482,454.61833333333334,0.0,2727.71,454.61833333333334,2025-01-24T20:00:00,2025-01-24 00:00:00,2025-01-24 00:00:00,2025-01-24T20:00:00,2025-01-24T20:00:00,1.3482,478.5116666666667,0.0,29.74777333333334,508.25944000000004,0.0,0,0.8,1200.0,1200.0,0.0,0.0,508.25944000000004,4240.635962962962,3675.903251851851,0.0,0.0,0.0,454.61833333333334,0.0,0.0,0.0,0.0,4762.5577037037,4257.426222222219,0.0,0.0,0.0
2025-01-24,121,2838.0265,2025-01-24T20:10:00,2025-01-24T20:00:00,20:10:00,25,DR,0.0,20:10:00,25,DR,1.3226,20:10:00,25,DR,1.3513,473.00441666666666,0.0,2838.0265,473.00441666666666,2025-01-24T20:10:00,2025-01-24 00:00:00,2025-01-24 00:00:00,2025-01-24T20:10:00,2025-01-24T20:10:00,1.3513,451.8723333333333,0.0,23.161646666666645,475.03397999999993,0.0,0,0.8,1200.0,1200.0,0.0,0.0,475.03397999999993,3675.903251851851,3148.0877185185177,0.0,0.0,0.0,473.00441666666666,0.0,0.0,0.0,0.0,4257.426222222219,3731.865759259256,0.0,0.0,0.0
2025-01-24,122,2872.5661,2025-01-24T20:20:00,2025-01-24T20:10:00,20:20:00,25,DS,0.0,20:20:00,25,DS,1.32,20:20:00,25,DS,1.34,478.76101666666665,0.0,2872.5661,478.76101666666665,2025-01-24T20:20:00,2025-01-24 00:00:00,2025-01-24 00:00:00,2025-01-24T20:20:00,2025-01-24T20:20:00,1.34,434.00123333333335,0.0,23.161646666666645,457.16288,0.0,0,0.8,1200.0,1200.0,0.0,0.0,457.16288,3148.0877185185177,2640.1289629629623,0.0,0.0,0.0,478.76101666666665,0.0,0.0,0.0,0.0,3731.865759259256,3199.9090740740708,0.0,0.0,0.0
2025-01-24,123,2753.91,2025-01-24T20:30:00,2025-01-24T20:20:00,20:30:00,25,DT,0.0,20:30:00,25,DT,1.3301,20:30:00,25,DT,1.3489,458.98499999999996,0.0,2753.91,458.98499999999996,2025-01-24T20:30:00,2025-01-24 00:00:00,2025-01-24 00:00:00,2025-01-24T20:30:00,2025-01-24T20:30:00,1.3489,450.72,0.0,23.161646666666645,473.88164666666665,0.0,0,0.8,1200.0,1200.0,0.0,0.0,473.88164666666665,2640.1289629629623,2113.593799999999,0.0,0.0,0.0,458.98499999999996,0.0,0.0,0.0,0.0,3199.9090740740708,2689.9257407407376,0.0,0.0,0.0
2025-01-24,124,2572.7107,2025-01-24T20:40:00,2025-01-24T20:30:00,20:40:00,25,DU,0.0,20:40:00,25,DU,1.4135,20:40:00,25,DU,1.3952,428.7851166666667,0.0,2572.7107,428.7851166666667,2025-01-24T20:40:00,2025-01-24 00:00:00,2025-01-24 00:00:00,2025-01-24T20:40:00,2025-01-24T20:40:00,1.3952,484.62968333333333,0.0,23.161646666666645,507.79132999999996,0.0,0,0.8,1200.0,1200.0,0.0,0.0,507.79132999999996,2113.593799999999,1549.3812111111104,0.0,0.0,0.0,428.7851166666667,0.0,0.0,0.0,0.0,2689.9257407407376,2213.49783333333,0.0,0.0,0.0
2025-01-24,125,2720.2863,2025-01-24T20:50:00,2025-01-24T20:40:00,20:50:00,25,DV,0.0,20:50:00,25,DV,1.2049,20:50:00,25,DV,1.2226,453.38105,0.0,2720.2863,453.38105,2025-01-24T20:50:00,2025-01-24 00:00:00,2025-01-24 00:00:00,2025-01-24T20:50:00,2025-01-24T20:50:00,1.2226,485.17803333333336,0.0,23.161646666666645,508.33968,0.0,0,0.8,1200.0,1200.0,193.89659000000069,0.0,314.4430899999993,1549.3812111111104,1200.0,0.0,0.0,0.0,259.48445999999933,0.0,0.0,0.0,0.0,2213.49783333333,1925.1817666666643,237.05797093400082,0.0,237.05797093400082
2025-01-24,126,2997.41,2025-01-24T21:00:00,2025-01-24T20:50:00,21:00:00,25,DW,0.0,21:00:00,25,DW,0.8203,21:00:00,25,DW,0.9332,499.5683333333333,0.0,2997.41,499.5683333333333,2025-01-24T21:00:00,2025-01-24 00:00:00,2025-01-24 00:00:00,2025-01-24T21:00:00,2025-01-24T21:00:00,0.9332,468.47166666666664,0.0,23.161646666666645,491.63331333333326,0.0,0,0.8,1200.0,1200.0,491.63331333333326,0.0,0.0,1200.0,1200.0,0.0,0.0,0.0,7.9350200000000655,0.0,0.0,0.0,0.0,1925.1817666666643,1916.3650777777752,458.7922080026666,0.0,458.7922080026666
2025-01-24,127,2839.3916,2025-01-24T21:10:00,2025-01-24T21:00:00,21:10:00,25,DX,0.0,21:10:00,25,DX,0.7707,21:10:00,25,DX,0.9068,473.2319333333333,0.0,2839.3916,473.2319333333333,2025-01-24T21:10:00,2025-01-24 00:00:00,2025-01-24 00:00:00,2025-01-24T21:10:00,2025-01-24T21:10:00,0.9068,490.4889666666666,0.0,28.750860000000035,519.2398266666667,0.0,0,0.8,1200.0,1200.0,519.2398266666667,0.0,0.0,1200.0,1200.0,0.0,0.0,46.00789333333336,0.0,0.0,0.0,0.0,0.0,1916.3650777777752,1957.7721817777754,470.84667482133335,0.0,470.84667482133335
2025-01-24,128,2844.18,2025-01-24T21:20:00,2025-01-24T21:10:00,21:20:00,25,DY,0.0,21:20:00,25,DY,0.7997,21:20:00,25,DY,0.9371,474.03,0.0,2844.18,474.03,2025-01-24T21:20:00,2025-01-24 00:00:00,2025-01-24 00:00:00,2025-01-24T21:20:00,2025-01-24T21:20:00,0.9371,474.6709166666667,0.0,28.750860000000035,503.42177666666674,0.0,0,0.8,1200.0,1200.0,503.42177666666674,0.0,0.0,1200.0,1200.0,0.0,0.0,29.39177666666677,0.0,0.0,0.0,0.0,0.0,1957.7721817777754,1984.2247807777755,471.75654691433346,0.0,471.75654691433346
2025-01-24,129,3120.71,2025-01-24T21:30:00,2025-01-24T21:20:00,21:30:00,25,DZ,0.0,21:30:00,25,DZ,0.794,21:30:00,25,DZ,0.9371,520.1183333333333,0.0,3120.71,520.1183333333333,2025-01-24T21:30:00,2025-01-24 00:00:00,2025-01-24 00:00:00,2025-01-24T21:30:00,2025-01-24T21:30:00,0.9371,453.02,0.0,28.750860000000035,481.77086,0.0,0,0.8,1200.0,1200.0,481.77086,0.0,0.0,1200.0,1200.0,0.0,0.0,0.0,38.34747333333331,0.0,0.0,0.0,0.0,1984.2247807777755,1941.6164770740718,451.46747290600007,0.0,451.46747290600007
2025-01-24,130,3097.8301,2025-01-24T21:40:00,2025-01-24T21:30:00,21:40:00,25,EA,0.0,21:40:00,25,EA,0.8585,21:40:00,25,EA,0.9871,516.3050166666667,0.0,3097.8301,516.3050166666667,2025-01-24T21:40:00,2025-01-24 00:00:00,2025-01-24 00:00:00,2025-01-24T21:40:00,2025-01-24T21:40:00,0.9871,525.5826333333333,0.0,28.750860000000035,554.3334933333333,0.0,0,0.8,1200.0,1200.0,554.3334933333333,0.0,-0.0,1200.0,1200.0,0.0,0.0,38.02847666666662,0.0,0.0,0.0,0.0,0.0,1941.6164770740718,1975.8421060740718,547.1825912693333,0.0,547.1825912693333
2025-01-24,131,2651.0909,2025-01-24T21:50:00,2025-01-24T21:40:00,21:50:00,25,EB,0.0,21:50:00,25,EB,0.6338,21:50:00,25,EB,0.7764,441.8484833333334,0.0,2651.0909,441.8484833333334,2025-01-24T21:50:00,2025-01-24 00:00:00,2025-01-24 00:00:00,2025-01-24T21:50:00,2025-01-24T21:50:00,0.7764,506.17530000000005,0.0,28.750860000000035,534.9261600000001,0.0,0,0.8,1200.0,1200.0,534.9261600000001,0.0,-0.0,1200.0,1200.0,0.0,0.0,93.07767666666672,0.0,0.0,0.0,0.0,0.0,1975.8421060740718,2059.6120150740717,415.31667062400004,0.0,415.31667062400004
2025-01-24,132,2211.69,2025-01-24T22:00:00,2025-01-24T21:50:00,22:00:00,25,EC,0.0,22:00:00,25,EC,0.2582,22:00:00,25,EC,0.4209,368.615,0.0,2211.69,368.615,2025-01-24T22:00:00,2025-01-24 00:00:00,2025-01-24 00:00:00,2025-01-24T22:00:00,2025-01-24T22:00:00,0.4209,400.655,0.0,28.750860000000035,429.40586,0.0,0,0.8,1200.0,1200.0,429.40586,0.0,0.0,1200.0,1200.0,0.0,0.0,60.79086000000001,0.0,0.0,0.0,0.0,0.0,2059.6120150740717,2114.3237890740716,180.736926474,0.0,180.736926474
2025-01-24,133,2369.9225,2025-01-24T22:10:00,2025-01-24T22:00:00,22:10:00,25,ED,0.0,22:10:00,25,ED,0.2732,22:10:00,25,ED,0.3859,394.9870833333334,0.0,2369.9225,394.9870833333334,2025-01-24T22:10:00,2025-01-24 00:00:00,2025-01-24 00:00:00,2025-01-24T22:10:00,2025-01-24T22:10:00,0.3859,403.77119999999996,0.0,29.605666666666664,433.3768666666666,0.0,0,0.8,1200.0,1200.0,433.3768666666666,0.0,0.0,1200.0,1200.0,0.0,0.0,38.38978333333324,0.0,0.0,0.0,0.0,0.0,2114.3237890740716,2148.8745940740714,167.24013284666665,0.0,167.24013284666665
2025-01-24,134,2631.298,2025-01-24T22:20:00,2025-01-24T22:10:00,22:20:00,25,EE,0.0,22:20:00,25,EE,0.3771,22:20:00,25,EE,0.4368,438.5496666666666,0.0,2631.298,438.5496666666666,2025-01-24T22:20:00,2025-01-24 00:00:00,2025-01-24 00:00:00,2025-01-24T22:20:00,2025-01-24T22:20:00,0.4368,411.2597166666667,0.0,29.605666666666664,440.86538333333334,0.0,0,0.8,1200.0,1200.0,440.86538333333334,0.0,-0.0,1200.0,1200.0,0.0,0.0,2.315716666666731,0.0,0.0,0.0,0.0,0.0,2148.8745940740714,2150.9587390740717,192.56999944,0.0,192.56999944
2025-01-24,135,2682.97,2025-01-24T22:30:00,2025-01-24T22:20:00,22:30:00,25,EF,0.0,22:30:00,25,EF,0.3706,22:30:00,25,EF,0.4198,447.16166666666663,0.0,2682.97,447.16166666666663,2025-01-24T22:30:00,2025-01-24 00:00:00,2025-01-24 00:00:00,2025-01-24T22:30:00,2025-01-24T22:30:00,0.4198,379.3533333333333,0.0,29.605666666666664,408.95899999999995,0.0,0,0.8,1200.0,1200.0,408.95899999999995,0.0,0.0,1200.0,1200.0,0.0,0.0,0.0,38.20266666666669,0.0,0.0,0.0,0.0,2150.9587390740717,2108.5113316666643,171.68098819999997,0.0,171.68098819999997
2025-01-24,136,2647.7992,2025-01-24T22:40:00,2025-01-24T22:30:00,22:40:00,25,EG,0.0,22:40:00,25,EG,0.3541,22:40:00,25,EG,0.4186,441.2998666666667,0.0,2647.7992,441.2998666666667,2025-01-24T22:40:00,2025-01-24 00:00:00,2025-01-24 00:00:00,2025-01-24T22:40:00,2025-01-24T22:40:00,0.4186,385.0471,0.0,29.605666666666664,414.65276666666665,0.0,0,0.8,1200.0,1200.0,414.65276666666665,0.0,0.0,1200.0,1200.0,0.0,0.0,0.0,26.647100000000023,0.0,0.0,0.0,0.0,2108.5113316666643,2078.9034427777756,173.57364812666668,0.0,173.57364812666668
2025-01-24,137,2563.1294,2025-01-24T22:50:00,2025-01-24T22:40:00,22:50:00,25,EH,0.0,22:50:00,25,EH,0.3467,22:50:00,25,EH,0.4241,427.1882333333333,0.0,2563.1294,427.1882333333333,2025-01-24T22:50:00,2025-01-24 00:00:00,2025-01-24 00:00:00,2025-01-24T22:50:00,2025-01-24T22:50:00,0.4241,433.85195,0.0,29.605666666666664,463.45761666666664,0.0,0,0.8,1200.0,1200.0,463.45761666666664,0.0,0.0,1200.0,1200.0,0.0,0.0,36.26938333333334,0.0,0.0,0.0,0.0,0.0,2078.9034427777756,2111.5458877777755,196.55237522833332,0.0,196.55237522833332
2025-01-24,138,2488.8,2025-01-24T23:00:00,2025-01-24T22:50:00,23:00:00,25,EI,0.0,23:00:00,25,EI,0.3522,23:00:00,25,EI,0.4237,414.8,0.0,2488.8,414.8,2025-01-24T23:00:00,2025-01-24 00:00:00,2025-01-24 00:00:00,2025-01-24T23:00:00,2025-01-24T23:00:00,0.4237,469.2083333333333,0.0,29.605666666666664,498.81399999999996,0.0,0,0.8,1200.0,1200.0,498.81399999999996,0.0,0.0,1200.0,1200.0,0.0,0.0,84.01399999999995,0.0,0.0,0.0,0.0,0.0,2111.5458877777755,2187.1584877777755,211.3474918,0.0,211.3474918
2025-01-24,139,2476.4154,2025-01-24T23:10:00,2025-01-24T23:00:00,23:10:00,25,EJ,0.0,23:10:00,25,EJ,0.365,23:10:00,25,EJ,0.4248,412.73589999999996,0.0,2476.4154,412.73589999999996,2025-01-24T23:10:00,2025-01-24 00:00:00,2025-01-24 00:00:00,2025-01-24T23:10:00,2025-01-24T23:10:00,0.4248,433.62255,0.0,22.99172999999998,456.61427999999995,0.0,0,0.8,1200.0,1200.0,456.61427999999995,0.0,0.0,1200.0,1200.0,0.0,0.0,43.87837999999999,0.0,0.0,0.0,0.0,0.0,2187.1584877777755,2226.6490297777755,193.969746144,0.0,193.969746144
2025-01-24,140,2364.5323,2025-01-24T23:20:00,2025-01-24T23:10:00,23:20:00,25,EK,0.0,23:20:00,25,EK,0.313,23:20:00,25,EK,0.424,394.08871666666664,0.0,2364.5323,394.08871666666664,2025-01-24T23:20:00,2025-01-24 00:00:00,2025-01-24 00:00:00,2025-01-24T23:20:00,2025-01-24T23:20:00,0.424,430.48171666666667,0.0,22.99172999999998,453.47344666666663,0.0,0,0.8,1200.0,1200.0,453.47344666666663,0.0,0.0,1200.0,1200.0,0.0,0.0,59.38472999999999,0.0,0.0,0.0,0.0,0.0,2226.6490297777755,2280.0952867777755,192.27274138666664,0.0,192.27274138666664
2025-01-24,141,2290.71,2025-01-24T23:30:00,2025-01-24T23:20:00,23:30:00,25,EL,0.0,23:30:00,25,EL,0.2657,23:30:00,25,EL,0.422,381.785,0.0,2290.71,381.785,2025-01-24T23:30:00,2025-01-24 00:00:00,2025-01-24 00:00:00,2025-01-24T23:30:00,2025-01-24T23:30:00,0.422,464.91,0.0,22.99172999999998,487.90173,0.0,0,0.8,1200.0,1200.0,487.90173,0.0,0.0,1200.0,1200.0,0.0,0.0,106.11672999999996,0.0,0.0,0.0,0.0,0.0,2280.0952867777755,2375.6003437777754,205.89453006,0.0,205.89453006
2025-01-24,142,2558.4689,2025-01-24T23:40:00,2025-01-24T23:30:00,23:40:00,25,EM,0.0,23:40:00,25,EM,0.3584,23:40:00,25,EM,0.424,426.4114833333333,0.0,2558.4689,426.4114833333333,2025-01-24T23:40:00,2025-01-24 00:00:00,2025-01-24 00:00:00,2025-01-24T23:40:00,2025-01-24T23:40:00,0.424,442.9361166666667,0.0,22.99172999999998,465.92784666666665,0.0,0,0.8,1200.0,1200.0,465.92784666666665,0.0,0.0,1200.0,1200.0,0.0,0.0,39.516363333333345,0.0,0.0,0.0,0.0,0.0,2375.6003437777754,2411.1650707777753,197.55340698666666,0.0,197.55340698666666
2025-01-24,143,2744.8498,2025-01-24T23:50:00,2025-01-24T23:40:00,23:50:00,25,EN,0.0,23:50:00,25,EN,0.3708,23:50:00,25,EN,0.4271,457.47496666666666,0.0,2744.8498,457.47496666666666,2025-01-24T23:50:00,2025-01-24 00:00:00,2025-01-24 00:00:00,2025-01-24T23:50:00,2025-01-24T23:50:00,0.4271,426.6559833333333,0.0,22.99172999999998,449.6477133333333,0.0,0,0.8,1200.0,1200.0,449.6477133333333,0.0,0.0,1200.0,1200.0,0.0,0.0,0.0,7.827253333333374,0.0,0.0,0.0,0.0,2411.1650707777753,2402.468122629627,192.04453836466664,0.0,192.04453836466664
2025-01-24,144,2716.52,2025-01-25T00:00:00,2025-01-24T23:50:00,0:00+1,25,EO,0.0,0:00+1,25,EO,0.2955,0:00+1,25,EO,0.4276,452.75333333333333,0.0,2716.52,452.75333333333333,2025-01-25T00:00:00,2025-01-24 00:00:00,2025-01-24 00:00:00,2025-01-25T00:00:00,2025-01-25T00:00:00,0.4276,442.2833333333333,0.0,22.99172999999998,465.27506333333326,0.0,0,0.8,1200.0,1200.0,465.27506333333326,0.0,0.0,1200.0,1200.0,0.0,0.0,12.521729999999934,0.0,0.0,0.0,0.0,0.0,2402.468122629627,2413.737679629627,198.9516170813333,0.0,198.9516170813333
2025-01-25,1,2725.9526,2025-01-25T00:10:00,2025-01-25T00:00:00,00:10:00,26,B,0.0,00:10:00,26,B,0.3381,00:10:00,26,B,0.4248,454.32543333333336,0.0,2725.9526,454.32543333333336,2025-01-25T00:10:00,2025-01-25 00:00:00,2025-01-25 00:00:00,2025-01-25T00:10:00,2025-01-25T00:10:00,0.4248,449.57113333333336,0.0,25.220999999999968,474.7921333333333,0.0,0,0.8,1200.0,1200.0,1308.1254666666666,833.3333333333333,0.0,2413.737679629627,3163.737679629627,0.0,1.0,833.3333333333334,0.0,0.0,20.466699999999832,20.466699999999832,0.0,2413.737679629627,3163.737679629627,555.69169824,0.0,555.69169824
2025-01-25,2,2680.0361,2025-01-25T00:20:00,2025-01-25T00:10:00,00:20:00,26,C,0.0,00:20:00,26,C,0.3528,00:20:00,26,C,0.4245,446.6726833333333,0.0,2680.0361,446.6726833333333,2025-01-25T00:20:00,2025-01-25 00:00:00,2025-01-25 00:00:00,2025-01-25T00:20:00,2025-01-25T00:20:00,0.4245,448.0010666666667,0.0,25.220999999999968,473.22206666666665,0.0,0,0.8,1200.0,1200.0,1306.5554,833.3333333333333,0.0,3163.737679629627,3913.737679629627,0.0,1.0,833.3333333333334,0.0,0.0,26.549383333333367,26.549383333333367,0.0,3163.737679629627,3913.737679629627,554.6327673,0.0,554.6327673
2025-01-25,3,2659.84,2025-01-25T00:30:00,2025-01-25T00:20:00,00:30:00,26,D,0.0,00:30:00,26,D,0.3008,00:30:00,26,D,0.4269,443.3066666666667,0.0,2659.84,443.3066666666667,2025-01-25T00:30:00,2025-01-25 00:00:00,2025-01-25 00:00:00,2025-01-25T00:30:00,2025-01-25T00:30:00,0.4269,444.8233333333333,0.0,25.220999999999968,470.04433333333327,0.0,0,0.8,1200.0,1200.0,1303.3776666666665,833.3333333333333,0.0,3913.737679629627,4663.737679629627,0.0,1.0,833.3333333333334,0.0,0.0,26.73766666666654,26.73766666666654,0.0,3913.737679629627,4663.737679629627,556.4119258999999,0.0,556.4119258999999
2025-01-25,4,2861.9215,2025-01-25T00:40:00,2025-01-25T00:30:00,00:40:00,26,E,0.0,00:40:00,26,E,0.3039,00:40:00,26,E,0.4272,476.9869166666667,0.0,2861.9215,476.9869166666667,2025-01-25T00:40:00,2025-01-25 00:00:00,2025-01-25 00:00:00,2025-01-25T00:40:00,2025-01-25T00:40:00,0.4272,449.54838333333333,0.0,25.220999999999968,474.7693833333333,0.0,0,0.8,1200.0,1200.0,1308.1027166666665,833.3333333333333,0.0,4663.737679629627,5413.737679629627,0.0,1.0,831.1157999999998,0.0,0.0,0.0,0.0,0.0,4663.737679629627,5411.7418996296265,558.8214805599999,0.0,558.8214805599999
2025-01-25,5,2905.6089,2025-01-25T00:50:00,2025-01-25T00:40:00,00:50:00,26,F,0.0,00:50:00,26,F,0.3343,00:50:00,26,F,0.4271,484.26815000000005,0.0,2905.6089,484.26815000000005,2025-01-25T00:50:00,2025-01-25 00:00:00,2025-01-25 00:00:00,2025-01-25T00:50:00,2025-01-25T00:50:00,0.4271,489.41889999999995,0.0,25.220999999999968,514.6398999999999,0.0,0,0.8,1200.0,1200.0,1347.9732333333332,833.3333333333333,0.0,5413.737679629627,6163.737679629627,0.0,1.0,833.3333333333334,0.0,0.0,30.37174999999968,30.37174999999968,0.0,5411.7418996296265,6161.7418996296265,575.7193679566666,0.0,575.7193679566666
2025-01-25,6,2809.25,2025-01-25T01:00:00,2025-01-25T00:50:00,01:00:00,26,G,0.0,01:00:00,26,G,0.3558,01:00:00,26,G,0.4285,468.2083333333333,0.0,2809.25,468.2083333333333,2025-01-25T01:00:00,2025-01-25 00:00:00,2025-01-25 00:00:00,2025-01-25T01:00:00,2025-01-25T01:00:00,0.4285,520.5583333333333,0.0,25.220999999999968,545.7793333333333,0.0,0,0.8,1200.0,1200.0,1379.1126666666664,833.3333333333333,0.0,6163.737679629627,6913.737679629627,0.0,1.0,833.3333333333334,0.0,0.0,77.5709999999998,77.5709999999998,0.0,6161.7418996296265,6911.7418996296265,590.9497776666666,0.0,590.9497776666666
2025-01-25,7,2942.6338,2025-01-25T01:10:00,2025-01-25T01:00:00,01:10:00,26,H,0.0,01:10:00,26,H,0.3641,01:10:00,26,H,0.4311,490.43896666666666,0.0,2942.6338,490.43896666666666,2025-01-25T01:10:00,2025-01-25 00:00:00,2025-01-25 00:00:00,2025-01-25T01:10:00,2025-01-25T01:10:00,0.4311,467.77285,0.0,31.367376666666665,499.14022666666665,0.0,0,0.8,1200.0,1200.0,650.5428048559672,151.40257818930058,0.0,6913.737679629627,7049.999999999997,0.0,0.9999999999999802,160.10383818930057,0.0,0.0,0.0,0.0,0.0,6911.7418996296265,7055.835353999997,280.44900317340745,0.0,280.44900317340745
2025-01-25,8,2923.2679,2025-01-25T01:20:00,2025-01-25T01:10:00,01:20:00,26,I,0.0,01:20:00,26,I,0.3577,01:20:00,26,I,0.4302,487.2113166666666,0.0,2923.2679,487.2113166666666,2025-01-25T01:20:00,2025-01-25 00:00:00,2025-01-25 00:00:00,2025-01-25T01:20:00,2025-01-25T01:20:00,0.4302,428.3751333333333,0.0,31.367376666666665,459.7425099999999,0.0,0,0.8,1200.0,1200.0,1293.075843333333,833.3333333333333,0.0,7049.999999999997,7799.999999999997,0.0,1.0,805.8645266666665,0.0,0.0,0.0,0.0,0.0,7055.835353999997,7781.113427999997,556.2812278019999,0.0,556.2812278019999
2025-01-25,9,2787.63,2025-01-25T01:30:00,2025-01-25T01:20:00,01:30:00,26,J,0.0,01:30:00,26,J,0.3605,01:30:00,26,J,0.4279,464.605,0.0,2787.63,464.605,2025-01-25T01:30:00,2025-01-25 00:00:00,2025-01-25 00:00:00,2025-01-25T01:30:00,2025-01-25T01:30:00,0.4279,439.76,0.0,31.367376666666665,471.12737666666663,0.0,0,0.8,1200.0,1200.0,1304.4607099999998,833.3333333333333,0.0,7799.999999999997,8549.999999999996,0.0,1.0,833.3333333333334,0.0,0.0,6.522376666666446,6.522376666666446,0.0,7781.113427999997,8531.113427999997,558.1787378089999,0.0,558.1787378089999
2025-01-25,10,2965.6344,2025-01-25T01:40:00,2025-01-25T01:30:00,01:40:00,26,K,0.0,01:40:00,26,K,0.393,01:40:00,26,K,0.4312,494.2724,0.0,2965.6344,494.2724,2025-01-25T01:40:00,2025-01-25 00:00:00,2025-01-25 00:00:00,2025-01-25T01:40:00,2025-01-25T01:40:00,0.4312,454.17875000000004,0.0,31.367376666666665,485.5461266666667,0.0,0,0.8,1200.0,1200.0,485.5461266666667,0.0,0.0,8549.999999999996,8549.999999999996,0.0,-0.0,0.0,8.726273333333324,0.0,0.0,0.0,0.0,8531.113427999997,8521.417568740737,209.36748981866668,0.0,209.36748981866668
2025-01-25,11,3034.1367,2025-01-25T01:50:00,2025-01-25T01:40:00,01:50:00,26,L,0.0,01:50:00,26,L,0.3685,01:50:00,26,L,0.4333,505.68945,0.0,3034.1367,505.68945,2025-01-25T01:50:00,2025-01-25 00:00:00,2025-01-25 00:00:00,2025-01-25T01:50:00,2025-01-25T01:50:00,0.4333,495.4059333333333,0.0,31.367376666666665,526.7733099999999,0.0,0,0.8,1200.0,1200.0,526.7733099999999,0.0,0.0,8549.999999999996,8549.999999999996,0.0,1.5814568548008335e-14,21.083859999999902,0.0,0.0,0.0,0.0,0.0,8521.417568740737,8540.393042740738,228.25087522299998,0.0,228.25087522299998
2025-01-25,12,2927.02,2025-01-25T02:00:00,2025-01-25T01:50:00,02:00:00,26,M,0.0,02:00:00,26,M,0.3052,02:00:00,26,M,0.4311,487.83666666666664,0.0,2927.02,487.83666666666664,2025-01-25T02:00:00,2025-01-25 00:00:00,2025-01-25 00:00:00,2025-01-25T02:00:00,2025-01-25T02:00:00,0.4311,528.8266666666667,0.0,31.367376666666665,560.1940433333334,0.0,0,0.8,1200.0,1200.0,560.1940433333365,3.121334308787319e-12,0.0,8549.999999999996,8550.0,0.0,3.745601170544783e-15,72.35737666666984,0.0,0.0,0.0,0.0,0.0,8540.393042740738,8605.51468174074,241.49965208100136,0.0,241.49965208100136
2025-01-25,13,3011.4346,2025-01-25T02:10:00,2025-01-25T02:00:00,02:10:00,26,N,0.0,02:10:00,26,N,0.3159,02:10:00,26,N,0.4293,501.9057666666667,0.0,3011.4346,501.9057666666667,2025-01-25T02:10:00,2025-01-25 00:00:00,2025-01-25 00:00:00,2025-01-25T02:10:00,2025-01-25T02:10:00,0.4293,486.70741666666663,0.0,27.872280000000064,514.5796966666667,0.0,0,0.8,1200.0,1200.0,1347.91303,833.3333333333333,0.0,8550.0,9300.0,0.0,1.0,833.3333333333334,0.0,0.0,12.673929999999814,12.673929999999814,0.0,8605.51468174074,9355.51468174074,578.659063779,0.0,578.659063779
2025-01-25,14,3089.5616,2025-01-25T02:20:00,2025-01-25T02:10:00,02:20:00,26,O,0.0,02:20:00,26,O,0.3649,02:20:00,26,O,0.4324,514.9269333333333,0.0,3089.5616,514.9269333333333,2025-01-25T02:20:00,2025-01-25 00:00:00,2025-01-25 00:00:00,2025-01-25T02:20:00,2025-01-25T02:20:00,0.4324,472.83113333333336,0.0,27.872280000000064,500.7034133333334,0.0,0,0.8,1200.0,1200.0,500.7034133333334,0.0,0.0,9300.0,9300.0,0.0,-0.0,0.0,14.223519999999894,0.0,0.0,0.0,0.0,9355.51468174074,9339.71077062963,216.50415592533338,0.0,216.50415592533338
2025-01-25,15,3045.26,2025-01-25T02:30:00,2025-01-25T02:20:00,02:30:00,26,P,0.0,02:30:00,26,P,0.3905,02:30:00,26,P,0.4367,507.54333333333335,0.0,3045.26,507.54333333333335,2025-01-25T02:30:00,2025-01-25 00:00:00,2025-01-25 00:00:00,2025-01-25T02:30:00,2025-01-25T02:30:00,0.4367,506.04833333333335,0.0,27.872280000000064,533.9206133333334,0.0,0,0.8,1200.0,1200.0,533.9206133333334,0.0,0.0,9300.0,9300.0,0.0,-0.0,26.3772800000001,0.0,0.0,0.0,0.0,0.0,9339.71077062963,9363.450322629631,233.1631318426667,0.0,233.1631318426667
2025-01-25,16,2987.7561,2025-01-25T02:40:00,2025-01-25T02:30:00,02:40:00,26,Q,0.0,02:40:00,26,Q,0.37,02:40:00,26,Q,0.4348,497.95935000000003,0.0,2987.7561,497.95935000000003,2025-01-25T02:40:00,2025-01-25 00:00:00,2025-01-25 00:00:00,2025-01-25T02:40:00,2025-01-25T02:40:00,0.4348,505.2827,0.0,27.872280000000064,533.15498,0.0,0,0.8,1200.0,1200.0,533.15498,0.0,0.0,9300.0,9300.0,0.0,0.0,35.195629999999994,0.0,0.0,0.0,0.0,0.0,9363.450322629631,9395.126389629631,231.81578530400003,0.0,231.81578530400003
2025-01-25,17,3006.3681,2025-01-25T02:50:00,2025-01-25T02:40:00,02:50:00,26,R,0.0,02:50:00,26,R,0.3817,02:50:00,26,R,0.4335,501.06135,0.0,3006.3681,501.06135,2025-01-25T02:50:00,2025-01-25 00:00:00,2025-01-25 00:00:00,2025-01-25T02:50:00,2025-01-25T02:50:00,0.4335,502.44605,0.0,27.872280000000064,530.3183300000001,0.0,0,0.8,1200.0,1200.0,530.3183300000001,0.0,0.0,9300.0,9300.0,0.0,0.0,29.256980000000055,0.0,0.0,0.0,0.0,0.0,9395.126389629631,9421.45767162963,229.89299605500003,0.0,229.89299605500003
2025-01-25,18,3084.3499999999995,2025-01-25T03:00:00,2025-01-25T02:50:00,03:00:00,26,S,0.0,03:00:00,26,S,0.4212,03:00:00,26,S,0.4357,514.0583333333333,0.0,3084.35,514.0583333333333,2025-01-25T03:00:00,2025-01-25 00:00:00,2025-01-25 00:00:00,2025-01-25T03:00:00,2025-01-25T03:00:00,0.4357,514.6616666666666,0.0,27.872280000000064,542.5339466666667,0.0,0,0.8,1200.0,1200.0,542.5339466666667,0.0,0.0,9300.0,9300.0,0.0,-0.0,28.4756133333334,0.0,0.0,0.0,0.0,0.0,9421.45767162963,9447.08572362963,236.38204056266665,0.0,236.38204056266665
2025-01-25,19,3126.3067999999994,2025-01-25T03:10:00,2025-01-25T03:00:00,03:10:00,26,T,0.0,03:10:00,26,T,0.4101,03:10:00,26,T,0.4374,521.0511333333333,0.0,3126.3068,521.0511333333333,2025-01-25T03:10:00,2025-01-25 00:00:00,2025-01-25 00:00:00,2025-01-25T03:10:00,2025-01-25T03:10:00,0.4374,517.6518666666667,0.0,24.985333333333305,542.6372,0.0,0,0.8,1200.0,1200.0,542.6372,0.0,0.0,9300.0,9300.0,0.0,0.0,21.58606666666674,0.0,0.0,0.0,0.0,0.0,9447.08572362963,9466.513183629631,237.34951128,0.0,237.34951128
2025-01-25,20,3116.9757,2025-01-25T03:20:00,2025-01-25T03:10:00,03:20:00,26,U,0.0,03:20:00,26,U,0.402,03:20:00,26,U,0.4371,519.49595,0.0,3116.9757,519.49595,2025-01-25T03:20:00,2025-01-25 00:00:00,2025-01-25 00:00:00,2025-01-25T03:20:00,2025-01-25T03:20:00,0.4371,500.36518333333333,0.0,24.985333333333305,525.3505166666666,0.0,0,0.8,1200.0,1200.0,525.3505166666666,0.0,0.0,9300.0,9300.0,0.0,0.0,5.854566666666642,0.0,0.0,0.0,0.0,0.0,9466.513183629631,9471.78229362963,229.63071083499997,0.0,229.63071083499997
2025-01-25,21,3072.66,2025-01-25T03:30:00,2025-01-25T03:20:00,03:30:00,26,V,0.0,03:30:00,26,V,0.4175,03:30:00,26,V,0.4356,512.11,0.0,3072.66,512.11,2025-01-25T03:30:00,2025-01-25 00:00:00,2025-01-25 00:00:00,2025-01-25T03:30:00,2025-01-25T03:30:00,0.4356,479.045,0.0,24.985333333333305,504.0303333333333,0.0,0,0.8,1200.0,1200.0,504.0303333333333,0.0,0.0,9300.0,9300.0,0.0,-0.0,0.0,8.079666666666697,0.0,0.0,0.0,0.0,9471.78229362963,9462.804886222224,219.55561319999998,0.0,219.55561319999998
2025-01-25,22,3032.6936,2025-01-25T03:40:00,2025-01-25T03:30:00,03:40:00,26,W,0.0,03:40:00,26,W,0.4191,03:40:00,26,W,0.4353,505.44893333333334,0.0,3032.6936,505.44893333333334,2025-01-25T03:40:00,2025-01-25 00:00:00,2025-01-25 00:00:00,2025-01-25T03:40:00,2025-01-25T03:40:00,0.4353,487.68058333333335,0.0,24.985333333333305,512.6659166666667,0.0,0,0.8,1200.0,1200.0,512.6659166666667,0.0,0.0,9300.0,9300.0,0.0,0.0,7.21698333333336,0.0,0.0,0.0,0.0,0.0,9462.804886222224,9469.300171222225,223.16347352500003,0.0,223.16347352500003
2025-01-25,23,3080.0636,2025-01-25T03:50:00,2025-01-25T03:40:00,03:50:00,26,X,0.0,03:50:00,26,X,0.4048,03:50:00,26,X,0.436,513.3439333333333,0.0,3080.0636,513.3439333333333,2025-01-25T03:50:00,2025-01-25 00:00:00,2025-01-25 00:00:00,2025-01-25T03:50:00,2025-01-25T03:50:00,0.436,535.1377166666667,0.0,24.985333333333305,560.12305,0.0,0,0.8,1200.0,1200.0,560.12305,0.0,0.0,9300.0,9300.0,0.0,0.0,46.77911666666671,0.0,0.0,0.0,0.0,0.0,9469.300171222225,9511.401376222226,244.2136498,0.0,244.2136498
2025-01-25,24,3156.8199999999997,2025-01-25T04:00:00,2025-01-25T03:50:00,04:00:00,26,Y,0.0,04:00:00,26,Y,0.3922,04:00:00,26,Y,0.4378,526.1366666666667,0.0,3156.82,526.1366666666667,2025-01-25T04:00:00,2025-01-25 00:00:00,2025-01-25 00:00:00,2025-01-25T04:00:00,2025-01-25T04:00:00,0.4378,575.8000000000001,0.0,24.985333333333305,600.7853333333334,0.0,0,0.8,1200.0,1200.0,600.7853333333334,0.0,0.0,9300.0,9300.0,0.0,0.0,74.64866666666671,0.0,0.0,0.0,0.0,0.0,9511.401376222226,9578.585176222226,263.02381893333336,0.0,263.02381893333336
2025-01-25,25,3125.5783999999994,2025-01-25T04:10:00,2025-01-25T04:00:00,04:10:00,26,Z,0.0,04:10:00,26,Z,0.3983,04:10:00,26,Z,0.4401,520.9297333333333,0.0,3125.5784,520.9297333333333,2025-01-25T04:10:00,2025-01-25 00:00:00,2025-01-25 00:00:00,2025-01-25T04:10:00,2025-01-25T04:10:00,0.4401,547.8964333333333,0.0,29.44228333333334,577.3387166666666,0.0,0,0.8,1200.0,1200.0,577.3387166666666,0.0,0.0,9300.0,9300.0,0.0,0.0,56.40898333333337,0.0,0.0,0.0,0.0,0.0,9578.585176222226,9629.353261222226,254.086769205,0.0,254.086769205
2025-01-25,26,3130.4829,2025-01-25T04:20:00,2025-01-25T04:10:00,04:20:00,26,AA,0.0,04:20:00,26,AA,0.3977,04:20:00,26,AA,0.4389,521.74715,0.0,3130.4829,521.74715,2025-01-25T04:20:00,2025-01-25 00:00:00,2025-01-25 00:00:00,2025-01-25T04:20:00,2025-01-25T04:20:00,0.4389,514.735,0.0,29.44228333333334,544.1772833333333,0.0,0,0.8,1200.0,1200.0,544.1772833333333,0.0,0.0,9300.0,9300.0,0.0,-0.0,22.430133333333288,0.0,0.0,0.0,0.0,0.0,9629.353261222226,9649.540381222227,238.839409655,0.0,238.839409655
2025-01-25,27,3213.0299999999997,2025-01-25T04:30:00,2025-01-25T04:20:00,04:30:00,26,AB,0.0,04:30:00,26,AB,0.3819,04:30:00,26,AB,0.4364,535.505,0.0,3213.03,535.505,2025-01-25T04:30:00,2025-01-25 00:00:00,2025-01-25 00:00:00,2025-01-25T04:30:00,2025-01-25T04:30:00,0.4364,524.2083333333334,0.0,29.44228333333334,553.6506166666667,0.0,0,0.8,1200.0,1200.0,553.6506166666667,0.0,0.0,9300.0,9300.0,0.0,0.0,18.145616666666683,0.0,0.0,0.0,0.0,0.0,9649.540381222227,9665.871436222227,241.61312911333334,0.0,241.61312911333334
2025-01-25,28,3270.1602000000003,2025-01-25T04:40:00,2025-01-25T04:30:00,04:40:00,26,AC,0.0,04:40:00,26,AC,0.3738,04:40:00,26,AC,0.4393,545.0267,0.0,3270.1602,545.0267,2025-01-25T04:40:00,2025-01-25 00:00:00,2025-01-25 00:00:00,2025-01-25T04:40:00,2025-01-25T04:40:00,0.4393,563.8148666666667,0.0,29.44228333333334,593.25715,0.0,0,0.8,1200.0,1200.0,593.25715,0.0,0.0,9300.0,9300.0,0.0,0.0,48.23045000000002,0.0,0.0,0.0,0.0,0.0,9665.871436222227,9709.278841222227,260.61786599500005,0.0,260.61786599500005
2025-01-25,29,3315.7504,2025-01-25T04:50:00,2025-01-25T04:40:00,04:50:00,26,AD,0.001,04:50:00,26,AD,0.4078,04:50:00,26,AD,0.4422,552.6250666666666,0.00016666666666666666,3315.7493999999997,552.6248999999999,2025-01-25T04:50:00,2025-01-25 00:00:00,2025-01-25 00:00:00,2025-01-25T04:50:00,2025-01-25T04:50:00,0.4422,571.79945,0.0,29.44228333333334,601.2417333333333,0.0,0,0.8,1200.0,1200.0,601.2417333333333,0.0,0.0,9300.0,9300.0,0.0,0.0,48.616833333333375,0.0,0.0,0.0,0.0,0.0,9709.278841222227,9753.033991222228,265.86909447999994,0.0,265.86909447999994
2025-01-25,30,3312.33,2025-01-25T05:00:00,2025-01-25T04:50:00,05:00:00,26,AE,0.0,05:00:00,26,AE,0.4431,05:00:00,26,AE,0.4395,552.055,0.0,3312.33,552.055,2025-01-25T05:00:00,2025-01-25 00:00:00,2025-01-25 00:00:00,2025-01-25T05:00:00,2025-01-25T05:00:00,0.4395,553.6783333333334,0.0,29.44228333333334,583.1206166666667,0.0,0,0.8,1200.0,1200.0,583.1206166666667,0.0,0.0,9300.0,9300.0,0.0,-0.0,31.065616666666756,0.0,0.0,0.0,0.0,0.0,9753.033991222228,9780.993046222227,256.28151102500004,0.0,256.28151102500004
2025-01-25,31,3207.5332,2025-01-25T05:10:00,2025-01-25T05:00:00,05:10:00,26,AF,0.0,05:10:00,26,AF,0.4078,05:10:00,26,AF,0.4333,534.5888666666666,0.0,3207.5332,534.5888666666666,2025-01-25T05:10:00,2025-01-25 00:00:00,2025-01-25 00:00:00,2025-01-25T05:10:00,2025-01-25T05:10:00,0.4333,566.90295,0.0,31.12441333333337,598.0273633333334,0.0,0,0.8,1200.0,1200.0,598.0273633333334,0.0,0.0,9300.0,9300.0,0.0,0.0,63.438496666666765,0.0,0.0,0.0,0.0,0.0,9780.993046222227,9838.087693222227,259.12525653233337,0.0,259.12525653233337
2025-01-25,32,3209.2912000000006,2025-01-25T05:20:00,2025-01-25T05:10:00,05:20:00,26,AG,0.0144,05:20:00,26,AG,0.411,05:20:00,26,AG,0.4439,534.8818666666667,0.0024,3209.2768,534.8794666666668,2025-01-25T05:20:00,2025-01-25 00:00:00,2025-01-25 00:00:00,2025-01-25T05:20:00,2025-01-25T05:20:00,0.4439,563.51055,0.002,31.12441333333337,594.6349633333333,0.002,0,0.8,1200.0,1200.0,594.6329633333334,0.0,0.0,9300.0,9300.0,0.0,0.0,59.75349666666659,0.0,0.0,0.0,0.0,0.0,9838.087693222227,9891.865840222226,263.9575724236667,0.0,263.9575724236667
2025-01-25,33,3361.1100000000006,2025-01-25T05:30:00,2025-01-25T05:20:00,05:30:00,26,AH,0.0,05:30:00,26,AH,0.4424,05:30:00,26,AH,0.4301,560.1850000000001,0.0,3361.11,560.1850000000001,2025-01-25T05:30:00,2025-01-25 00:00:00,2025-01-25 00:00:00,2025-01-25T05:30:00,2025-01-25T05:30:00,0.4301,539.0433333333334,0.0,31.12441333333337,570.1677466666667,0.0,0,0.8,1200.0,1200.0,1403.50108,833.3333333333333,0.0,9300.0,10050.0,0.0,1.0,833.3333333333334,0.0,0.0,9.982746666666571,9.982746666666571,0.0,9891.865840222226,10641.865840222226,603.645814508,0.0,603.645814508
2025-01-25,34,3477.1943999999994,2025-01-25T05:40:00,2025-01-25T05:30:00,05:40:00,26,AI,0.0,05:40:00,26,AI,0.415,05:40:00,26,AI,0.3713,579.5323999999999,0.0,3477.1944,579.5323999999999,2025-01-25T05:40:00,2025-01-25 00:00:00,2025-01-25 00:00:00,2025-01-25T05:40:00,2025-01-25T05:40:00,0.3713,542.8813666666666,0.0,31.12441333333337,574.00578,0.0,0,0.8,1200.0,1200.0,1407.3391133333332,833.3333333333333,0.0,10050.0,10800.0,0.0,1.0,175.7046219753041,0.0,0.0,652.1020913580292,652.1020913580292,0.0,10641.865840222226,10800.0,522.5450127806666,0.0,522.5450127806666
2025-01-25,35,3389.6322,2025-01-25T05:50:00,2025-01-25T05:40:00,05:50:00,26,AJ,0.2004,05:50:00,26,AJ,0.5778,05:50:00,26,AJ,0.5708,564.9387,0.0334,3389.4318,564.9053,2025-01-25T05:50:00,2025-01-25 00:00:00,2025-01-25 00:00:00,2025-01-25T05:50:00,2025-01-25T05:50:00,0.5708,557.494,0.027933333333333334,31.12441333333337,588.6184133333334,0.027933333333333334,0,0.8,1200.0,1200.0,588.5904800000001,0.0,0.0,10800.0,10800.0,0.0,0.0,0.0,0.0,0.0,23.68518000000006,23.68518000000006,0.0,10800.0,10800.0,335.96744598400005,0.0,335.96744598400005
2025-01-25,36,3243.73,2025-01-25T06:00:00,2025-01-25T05:50:00,06:00:00,26,AK,0.0,06:00:00,26,AK,0.8628,06:00:00,26,AK,0.9099,540.6216666666667,0.0,3243.73,540.6216666666667,2025-01-25T06:00:00,2025-01-25 00:00:00,2025-01-25 00:00:00,2025-01-25T06:00:00,2025-01-25T06:00:00,0.9099,562.5783333333333,0.0,31.12441333333337,593.7027466666666,0.0,0,0.8,1200.0,1200.0,0.0,0.0,593.7027466666666,10800.0,10140.330281481482,0.0,0.0,0.0,540.6216666666667,0.0,0.0,0.0,0.0,10800.0,10199.309259259258,0.0,0.0,0.0
2025-01-25,37,3336.7659999999996,2025-01-25T06:10:00,2025-01-25T06:00:00,06:10:00,26,AL,0.0,06:10:00,26,AL,0.9186,06:10:00,26,AL,0.9368,556.1276666666666,0.0,3336.766,556.1276666666666,2025-01-25T06:10:00,2025-01-25 00:00:00,2025-01-25 00:00:00,2025-01-25T06:10:00,2025-01-25T06:10:00,0.9368,554.8842833333333,0.0,20.862420000000096,575.7467033333334,0.0,0,0.8,1200.0,1200.0,0.0,0.0,575.7467033333334,10140.330281481482,9500.611722222222,0.0,0.0,0.0,556.1276666666666,0.0,0.0,0.0,0.0,10199.309259259258,9581.389629629628,0.0,0.0,0.0
2025-01-25,38,3366.626,2025-01-25T06:20:00,2025-01-25T06:10:00,06:20:00,26,AM,2.7909,06:20:00,26,AM,0.8652,06:20:00,26,AM,0.8758,561.1043333333333,0.46515,3363.8351000000002,560.6391833333333,2025-01-25T06:20:00,2025-01-25 00:00:00,2025-01-25 00:00:00,2025-01-25T06:20:00,2025-01-25T06:20:00,0.8758,540.6596833333333,0.38904999999999995,20.862420000000096,561.5221033333333,0.38904999999999995,0,0.8,1200.0,1200.0,0.0,0.0,561.1330533333334,9500.611722222222,8877.130551851851,0.0,0.0,0.0,560.6391833333333,0.0,0.0,0.0,0.0,9581.389629629628,8958.457203703701,0.0,0.0,0.0
2025-01-25,39,3278.07,2025-01-25T06:30:00,2025-01-25T06:20:00,06:30:00,26,AN,0.0,06:30:00,26,AN,0.827,06:30:00,26,AN,0.8759,546.345,0.0,3278.07,546.345,2025-01-25T06:30:00,2025-01-25 00:00:00,2025-01-25 00:00:00,2025-01-25T06:30:00,2025-01-25T06:30:00,0.8759,533.3100000000001,0.0,20.862420000000096,554.1724200000001,0.0,0,0.8,1200.0,1200.0,0.0,0.0,554.1724200000001,8877.130551851851,8261.383418518517,0.0,0.0,0.0,546.345,0.0,0.0,0.0,0.0,8958.457203703701,8351.407203703702,0.0,0.0,0.0
2025-01-25,40,3360.0772,2025-01-25T06:40:00,2025-01-25T06:30:00,06:40:00,26,AO,0.0,06:40:00,26,AO,0.8144,06:40:00,26,AO,0.8601,560.0128666666667,0.0,3360.0772,560.0128666666667,2025-01-25T06:40:00,2025-01-25 00:00:00,2025-01-25 00:00:00,2025-01-25T06:40:00,2025-01-25T06:40:00,0.8601,548.3691166666666,0.0,20.862420000000096,569.2315366666667,0.0,0,0.8,1200.0,1200.0,0.0,0.0,569.2315366666667,8261.383418518517,7628.903933333331,0.0,0.0,0.0,560.0128666666667,0.0,0.0,0.0,0.0,8351.407203703702,7729.170685185183,0.0,0.0,0.0
2025-01-25,41,3665.4689,2025-01-25T06:50:00,2025-01-25T06:40:00,06:50:00,26,AP,46.8087,06:50:00,26,AP,0.847,06:50:00,26,AP,0.8442,610.9114833333333,7.80145,3618.6602,603.1100333333333,2025-01-25T06:50:00,2025-01-25 00:00:00,2025-01-25 00:00:00,2025-01-25T06:50:00,2025-01-25T06:50:00,0.8442,589.5136666666666,6.705616666666667,20.862420000000096,610.3760866666667,6.705616666666667,0,0.8,1200.0,1200.0,0.0,0.0,603.67047,7628.903933333331,6958.158966666664,0.0,0.0,0.0,603.1100333333333,0.0,0.0,0.0,0.0,7729.170685185183,7059.048425925924,0.0,0.0,0.0
2025-01-25,42,3894.99,2025-01-25T07:00:00,2025-01-25T06:50:00,07:00:00,26,AQ,214.27499999999998,07:00:00,26,AQ,0.8765,07:00:00,26,AQ,0.8334,649.165,35.7125,3680.7149999999997,613.4525,2025-01-25T07:00:00,2025-01-25 00:00:00,2025-01-25 00:00:00,2025-01-25T07:00:00,2025-01-25T07:00:00,0.8334,643.96,34.74375,20.862420000000096,664.8224200000001,34.74375,0,0.8,1200.0,1200.0,0.0,0.0,630.0786700000001,6958.158966666664,6258.071555555553,0.0,0.0,0.0,613.4525,0.0,0.0,0.0,0.0,7059.048425925924,6377.434537037035,0.0,0.0,0.0
2025-01-25,43,3712.6548000000003,2025-01-25T07:10:00,2025-01-25T07:00:00,07:10:00,26,AR,437.6595,07:10:00,26,AR,0.8308,07:10:00,26,AR,0.8092,618.7758,72.94324999999999,3274.9952999999996,545.83255,2025-01-25T07:10:00,2025-01-25 00:00:00,2025-01-25 00:00:00,2025-01-25T07:10:00,2025-01-25T07:10:00,0.8092,682.58855,78.79588333333334,32.39141666666675,714.9799666666668,78.79588333333334,0,0.8,1200.0,1200.0,0.0,0.0,636.1840833333334,6258.071555555553,5551.200351851849,0.0,0.0,0.0,545.83255,0.0,0.0,0.0,0.0,6377.434537037035,5770.953925925924,0.0,0.0,0.0
2025-01-25,44,3753.1081,2025-01-25T07:20:00,2025-01-25T07:10:00,07:20:00,26,AS,704.4992,07:20:00,26,AS,0.8187,07:20:00,26,AS,0.7972,625.5180166666667,117.41653333333333,3048.6089,508.1014833333333,2025-01-25T07:20:00,2025-01-25 00:00:00,2025-01-25 00:00:00,2025-01-25T07:20:00,2025-01-25T07:20:00,0.7972,667.5586999999999,122.71381666666667,32.39141666666675,699.9501166666666,122.71381666666667,0,0.8,1200.0,1200.0,0.0,0.0,577.2363,5551.200351851849,4909.826685185182,0.0,0.0,0.0,508.1014833333333,0.0,0.0,0.0,0.0,5770.953925925924,5206.39672222222,0.0,0.0,0.0
2025-01-25,45,4054.8899999999994,2025-01-25T07:30:00,2025-01-25T07:20:00,07:30:00,26,AT,977.2874999999999,07:30:00,26,AT,0.8326,07:30:00,26,AT,0.7644,675.8149999999999,162.88125,3077.6025,512.9337499999999,2025-01-25T07:30:00,2025-01-25 00:00:00,2025-01-25 00:00:00,2025-01-25T07:30:00,2025-01-25T07:30:00,0.7644,623.98,160.84375,32.39141666666675,656.3714166666667,160.84375,0,0.8,1200.0,1200.0,0.0,0.0,495.52766666666673,4909.826685185182,4359.240388888886,0.0,0.0,0.0,512.9337499999999,0.0,0.0,0.0,0.0,5206.39672222222,4636.470333333331,0.0,0.0,0.0
2025-01-25,46,4015.2965999999997,2025-01-25T07:40:00,2025-01-25T07:30:00,07:40:00,26,AU,1215.2429,07:40:00,26,AU,0.7834,07:40:00,26,AU,0.6899,669.2161,202.54048333333333,2800.0537000000004,466.67561666666666,2025-01-25T07:40:00,2025-01-25 00:00:00,2025-01-25 00:00:00,2025-01-25T07:40:00,2025-01-25T07:40:00,0.6899,619.1948,200.75055,32.39141666666675,651.5862166666667,200.75055,0,0.8,1200.0,1200.0,347.8962266666689,0.0,102.93943999999783,4359.240388888886,4244.863233333333,0.0,0.0,0.0,118.77938999999776,0.0,0.0,0.0,0.0,4636.470333333331,4504.493233333334,240.01360677733484,0.0,240.01360677733484
2025-01-25,47,3827.522,2025-01-25T07:50:00,2025-01-25T07:40:00,07:50:00,26,AV,1500.2126,07:50:00,26,AV,0.8891,07:50:00,26,AV,0.86,637.9203333333334,250.03543333333334,2327.3094,387.8849,2025-01-25T07:50:00,2025-01-25 00:00:00,2025-01-25 00:00:00,2025-01-25T07:50:00,2025-01-25T07:50:00,0.86,630.4033333333333,247.99456666666666,32.39141666666675,662.79475,247.99456666666666,0,0.8,1200.0,1200.0,0.0,0.0,414.8001833333334,4244.863233333333,3783.97414074074,0.0,0.0,0.0,387.8849,0.0,0.0,0.0,0.0,4504.493233333334,4073.5100111111115,0.0,0.0,0.0
2025-01-25,48,3736.9000000000005,2025-01-25T08:00:00,2025-01-25T07:50:00,08:00:00,26,AW,1827.8625000000002,08:00:00,26,AW,1.0877,08:00:00,26,AW,1.1617,622.8166666666667,304.64375,1909.0375000000001,318.1729166666667,2025-01-25T08:00:00,2025-01-25 00:00:00,2025-01-25 00:00:00,2025-01-25T08:00:00,2025-01-25T08:00:00,1.1617,631.0666666666667,301.15000000000003,32.39141666666675,663.4580833333334,301.15000000000003,0,0.8,1200.0,1200.0,0.0,0.0,362.3080833333334,3783.97414074074,3381.409603703703,0.0,0.0,0.0,318.1729166666667,0.0,0.0,0.0,0.0,4073.5100111111115,3719.9845481481484,0.0,0.0,0.0
2025-01-25,49,3788.9,2025-01-25T08:10:00,2025-01-25T08:00:00,08:10:00,26,AX,2111.779,08:10:00,26,AX,1.0753,08:10:00,26,AX,1.1683,631.4833333333333,351.96316666666667,1677.121,279.5201666666667,2025-01-25T08:10:00,2025-01-25 00:00:00,2025-01-25 00:00:00,2025-01-25T08:10:00,2025-01-25T08:10:00,1.1683,621.8556833333333,351.2917,47.149993333333136,669.0056766666664,351.2917,0,0.8,1200.0,1200.0,0.0,0.0,317.71397666666644,3381.409603703703,3028.3940740740736,0.0,0.0,0.0,279.5201666666667,0.0,0.0,0.0,0.0,3719.9845481481484,3409.4065851851856,0.0,0.0,0.0
2025-01-25,50,3858.0465,2025-01-25T08:20:00,2025-01-25T08:10:00,08:20:00,26,AY,2402.4714,08:20:00,26,AY,1.008,08:20:00,26,AY,1.0956,643.00775,400.4119,1455.5751,242.59584999999998,2025-01-25T08:20:00,2025-01-25 00:00:00,2025-01-25 00:00:00,2025-01-25T08:20:00,2025-01-25T08:20:00,1.0956,632.1364166666666,385.91563333333335,47.149993333333136,679.2864099999997,385.91563333333335,0,0.8,1200.0,1200.0,0.0,0.0,293.37077666666636,3028.3940740740736,2702.4265444444445,0.0,0.0,0.0,242.59584999999998,0.0,0.0,0.0,0.0,3409.4065851851856,3139.8556407407414,0.0,0.0,0.0
2025-01-25,51,3872.5599999999995,2025-01-25T08:30:00,2025-01-25T08:20:00,08:30:00,26,AZ,2702.7375,08:30:00,26,AZ,0.9948,08:30:00,26,AZ,1.0849,645.4266666666666,450.45625,1169.8224999999998,194.9704166666666,2025-01-25T08:30:00,2025-01-25 00:00:00,2025-01-25 00:00:00,2025-01-25T08:30:00,2025-01-25T08:30:00,1.0849,650.41,416.23125,47.149993333333136,697.5599933333331,416.23125,0,0.8,1200.0,1200.0,0.0,0.0,281.3287433333331,2702.4265444444445,2389.839051851852,0.0,0.0,0.0,194.9704166666666,0.0,0.0,0.0,0.0,3139.8556407407414,2923.221844444445,0.0,0.0,0.0
2025-01-25,52,3877.6081,2025-01-25T08:40:00,2025-01-25T08:30:00,08:40:00,26,BA,2966.6458,08:40:00,26,BA,0.9864,08:40:00,26,BA,1.061,646.2680166666667,494.4409666666666,910.9623000000001,151.82705000000004,2025-01-25T08:40:00,2025-01-25 00:00:00,2025-01-25 00:00:00,2025-01-25T08:40:00,2025-01-25T08:40:00,1.061,642.7212499999999,467.7444666666667,47.149993333333136,689.871243333333,467.7444666666667,0,0.8,1200.0,1200.0,0.0,0.0,222.12677666666633,2389.839051851852,2143.031522222223,0.0,0.0,0.0,151.82705000000004,0.0,0.0,0.0,0.0,2923.221844444445,2754.5251222222228,0.0,0.0,0.0
2025-01-25,53,4000.7483,2025-01-25T08:50:00,2025-01-25T08:40:00,08:50:00,26,BB,3281.0183000000006,08:50:00,26,BB,0.9659,08:50:00,26,BB,1.043,666.7913833333333,546.8363833333334,719.73,119.95499999999993,2025-01-25T08:50:00,2025-01-25 00:00:00,2025-01-25 00:00:00,2025-01-25T08:50:00,2025-01-25T08:50:00,1.043,672.6172666666666,525.3794,47.149993333333136,719.7672599999997,525.3794,0,0.8,1200.0,1200.0,0.0,0.0,194.3878599999997,2143.031522222223,1927.045011111112,0.0,0.0,0.0,119.95499999999993,0.0,0.0,0.0,0.0,2754.5251222222228,2621.2417888888895,0.0,0.0,0.0
2025-01-25,54,4240.59,2025-01-25T09:00:00,2025-01-25T08:50:00,09:00:00,26,BC,3647.325,09:00:00,26,BC,0.9624,09:00:00,26,BC,1.036,706.765,607.8874999999999,593.2650000000003,98.87750000000005,2025-01-25T09:00:00,2025-01-25 00:00:00,2025-01-25 00:00:00,2025-01-25T09:00:00,2025-01-25T09:00:00,1.036,738.235,572.4499999999999,47.149993333333136,785.3849933333331,572.4499999999999,0,0.8,1200.0,1200.0,0.0,0.0,212.93499333333318,1927.045011111112,1690.4505740740751,0.0,0.0,0.0,98.87750000000005,0.0,0.0,0.0,0.0,2621.2417888888895,2511.3779000000004,0.0,0.0,0.0
2025-01-25,55,4437.5166,2025-01-25T09:10:00,2025-01-25T09:00:00,09:10:00,26,BD,3971.2546999999995,09:10:00,26,BD,1.0042,09:10:00,26,BD,1.0147,739.5861,661.8757833333333,466.26189999999997,77.7103166666667,2025-01-25T09:10:00,2025-01-25 00:00:00,2025-01-25 00:00:00,2025-01-25T09:10:00,2025-01-25T09:10:00,1.0147,764.67775,607.1135833333334,47.04291666666688,811.7206666666668,607.1135833333334,0,0.8,1200.0,1200.0,0.0,0.0,204.60708333333343,1690.4505740740751,1463.1093703703714,0.0,0.0,0.0,77.7103166666667,0.0,0.0,0.0,0.0,2511.3779000000004,2425.033103703704,0.0,0.0,0.0
2025-01-25,56,4407.4568,2025-01-25T09:20:00,2025-01-25T09:10:00,09:20:00,26,BE,4252.9685,09:20:00,26,BE,0.9788,09:20:00,26,BE,0.9922,734.5761333333334,708.8280833333333,154.48829999999998,25.748050000000035,2025-01-25T09:20:00,2025-01-25 00:00:00,2025-01-25 00:00:00,2025-01-25T09:20:00,2025-01-25T09:20:00,0.9922,747.3351666666667,650.7029666666666,47.04291666666688,794.3780833333336,650.7029666666666,0,0.8,1200.0,1200.0,0.0,0.0,143.675116666667,1463.1093703703714,1303.4703518518525,0.0,0.0,0.0,25.748050000000035,0.0,0.0,0.0,0.0,2425.033103703704,2396.4241592592593,0.0,0.0,0.0
2025-01-25,57,4290.19,2025-01-25T09:30:00,2025-01-25T09:20:00,09:30:00,26,BF,4512.4125,09:30:00,26,BF,0.8845,09:30:00,26,BF,0.97,715.0316666666666,752.06875,-222.22250000000076,-37.037083333333385,2025-01-25T09:30:00,2025-01-25 00:00:00,2025-01-25 00:00:00,2025-01-25T09:30:00,2025-01-25T09:30:00,0.97,726.9200000000001,707.9812499999999,47.04291666666688,773.962916666667,707.9812499999999,0,0.8,1200.0,1200.0,0.0,0.0,65.98166666666702,1303.4703518518525,1230.157388888889,0.0,0.0,37.037083333333385,0.0,0.0,0.0,0.0,0.0,2396.4241592592593,2429.7575342592595,0.0,0.0,0.0
2025-01-25,58,4408.5137,2025-01-25T09:40:00,2025-01-25T09:30:00,09:40:00,26,BG,4755.859,09:40:00,26,BG,0.8496,09:40:00,26,BG,0.9422,734.7522833333334,792.6431666666667,-347.34529999999995,-57.89088333333336,2025-01-25T09:40:00,2025-01-25 00:00:00,2025-01-25 00:00:00,2025-01-25T09:40:00,2025-01-25T09:40:00,0.9422,743.89395,763.7952166666668,47.04291666666688,790.9368666666669,763.7952166666668,0,0.8,1200.0,1200.0,0.0,0.0,27.14165000000014,1230.157388888889,1200.0,0.0,0.0,57.89088333333336,0.0,0.0,0.0,0.0,0.0,2429.7575342592595,2481.8593292592595,0.0,0.0,0.0
2025-01-25,59,4513.921,2025-01-25T09:50:00,2025-01-25T09:40:00,09:50:00,26,BH,4958.9544,09:50:00,26,BH,0.9332,09:50:00,26,BH,0.9569,752.3201666666668,826.4924,-445.03339999999935,-74.17223333333322,2025-01-25T09:50:00,2025-01-25 00:00:00,2025-01-25 00:00:00,2025-01-25T09:50:00,2025-01-25T09:50:00,0.9569,734.5613833333333,812.8478833333334,47.04291666666688,781.6043000000002,812.8478833333334,0,0.8,1200.0,1200.0,0.0,31.243583333333163,0.0,1200.0,1228.119225,0.0,1.0,74.17223333333322,0.0,0.0,0.0,0.0,0.0,2481.8593292592595,2548.6143392592594,0.0,0.0,0.0
2025-01-25,60,4437.97,2025-01-25T10:00:00,2025-01-25T09:50:00,10:00:00,26,BI,5169.075,10:00:00,26,BI,1.0579,10:00:00,26,BI,0.9977,739.6616666666667,861.5124999999999,-731.1049999999996,-121.85083333333318,2025-01-25T10:00:00,2025-01-25 00:00:00,2025-01-25 00:00:00,2025-01-25T10:00:00,2025-01-25T10:00:00,0.9977,697.2333333333332,862.875,47.04291666666688,744.2762500000001,862.875,0,0.8,1200.0,1200.0,0.0,118.59874999999988,0.0,1228.119225,1334.8581,0.0,1.0,121.85083333333318,0.0,0.0,0.0,0.0,0.0,2548.6143392592594,2658.280089259259,0.0,0.0,0.0
2025-01-25,61,4286.0237,2025-01-25T10:10:00,2025-01-25T10:00:00,10:10:00,26,BJ,5469.5743,10:10:00,26,BJ,1.0779,10:10:00,26,BJ,0.9919,714.3372833333333,911.5957166666667,-1183.5506000000005,-197.25843333333341,2025-01-25T10:10:00,2025-01-25 00:00:00,2025-01-25 00:00:00,2025-01-25T10:10:00,2025-01-25T10:10:00,0.9919,698.8172666666666,926.5346666666666,55.8527766666668,754.6700433333334,926.5346666666666,0,0.8,1200.0,1200.0,0.0,171.86462333333316,0.0,1334.8581,1489.5362609999997,0.0,1.0,197.25843333333341,0.0,0.0,0.0,0.0,0.0,2658.280089259259,2835.8126792592593,0.0,0.0,0.0
2025-01-25,62,4334.2227,2025-01-25T10:20:00,2025-01-25T10:10:00,10:20:00,26,BK,5772.859,10:20:00,26,BK,1.0419,10:20:00,26,BK,0.9588,722.37045,962.1431666666667,-1438.6363000000001,-239.77271666666672,2025-01-25T10:20:00,2025-01-25 00:00:00,2025-01-25 00:00:00,2025-01-25T10:20:00,2025-01-25T10:20:00,0.9588,727.0218833333333,993.7770666666667,55.8527766666668,782.8746600000002,993.7770666666667,0,0.8,1200.0,1200.0,0.0,210.90240666666648,0.0,1489.5362609999997,1679.3484269999997,0.0,1.0,239.77271666666672,0.0,0.0,0.0,0.0,0.0,2835.8126792592593,3051.6081242592595,0.0,0.0,0.0
2025-01-25,63,4479.23,2025-01-25T10:30:00,2025-01-25T10:20:00,10:30:00,26,BL,6003.75,10:30:00,26,BL,1.0423,10:30:00,26,BL,0.9549,746.5383333333333,1000.625,-1524.5200000000004,-254.0866666666667,2025-01-25T10:30:00,2025-01-25 00:00:00,2025-01-25 00:00:00,2025-01-25T10:30:00,2025-01-25T10:30:00,0.9549,743.6783333333333,1023.7062500000001,55.8527766666668,799.5311100000001,1023.7062500000001,0,0.8,1200.0,1200.0,0.0,224.17513999999994,0.0,1679.3484269999997,1881.1060529999995,0.0,1.0,254.0866666666667,0.0,0.0,0.0,0.0,0.0,3051.6081242592595,3280.2861242592594,0.0,0.0,0.0
2025-01-25,64,4368.0102,2025-01-25T10:40:00,2025-01-25T10:30:00,10:40:00,26,BM,6140.174,10:40:00,26,BM,1.0756,10:40:00,26,BM,0.9839,728.0016999999999,1023.3623333333334,-1772.1638000000003,-295.36063333333345,2025-01-25T10:40:00,2025-01-25 00:00:00,2025-01-25 00:00:00,2025-01-25T10:40:00,2025-01-25T10:40:00,0.9839,719.6660833333334,987.4275666666667,55.8527766666668,775.5188600000002,987.4275666666667,0,0.8,1200.0,1200.0,0.0,211.9087066666665,0.0,1881.1060529999995,2071.8238889999993,0.0,1.0,295.36063333333345,0.0,0.0,0.0,0.0,0.0,3280.2861242592594,3546.1106942592596,0.0,0.0,0.0
2025-01-25,65,4310.2467,2025-01-25T10:50:00,2025-01-25T10:40:00,10:50:00,26,BN,6157.2768,10:50:00,26,BN,0.8057,10:50:00,26,BN,0.799,718.3744499999999,1026.2128,-1847.0301,-307.8383500000001,2025-01-25T10:50:00,2025-01-25 00:00:00,2025-01-25 00:00:00,2025-01-25T10:50:00,2025-01-25T10:50:00,0.799,682.6373,998.3505,55.8527766666668,738.4900766666668,998.3505,0,0.8,1200.0,1200.0,0.0,259.8604233333332,0.0,2071.8238889999993,2305.6982699999994,0.0,1.0,307.8383500000001,0.0,0.0,0.0,0.0,0.0,3546.1106942592596,3823.16520925926,0.0,0.0,0.0
2025-01-25,66,4394.17,2025-01-25T11:00:00,2025-01-25T10:50:00,11:00:00,26,BO,6231.075000000001,11:00:00,26,BO,0.3884,11:00:00,26,BO,0.5025,732.3616666666667,1038.5125,-1836.9049999999997,-306.15083333333337,2025-01-25T11:00:00,2025-01-25 00:00:00,2025-01-25 00:00:00,2025-01-25T11:00:00,2025-01-25T11:00:00,0.5025,677.9350000000001,1070.9624999999999,55.8527766666668,733.7877766666669,1070.9624999999999,0,0.8,1200.0,1200.0,0.0,337.17472333333296,0.0,2305.6982699999994,2609.155520999999,0.0,1.0,306.15083333333337,0.0,0.0,0.0,0.0,0.0,3823.16520925926,4098.70095925926,0.0,0.0,0.0
2025-01-25,67,4369.3618,2025-01-25T11:10:00,2025-01-25T11:00:00,11:10:00,26,BP,6537.7780999999995,11:10:00,26,BP,0.35,11:10:00,26,BP,0.4662,728.2269666666666,1089.6296833333333,-2168.416300000001,-361.4027166666667,2025-01-25T11:10:00,2025-01-25 00:00:00,2025-01-25 00:00:00,2025-01-25T11:10:00,2025-01-25T11:10:00,0.4662,723.6699833333333,1108.1226166666668,50.86598666666671,774.53597,1108.1226166666668,0,0.8,1200.0,1200.0,499.7466866666665,833.3333333333333,0.0,2609.155520999999,3359.155520999999,0.0,1.0,833.3333333333334,0.0,0.0,27.816069999999968,27.816069999999968,0.0,4098.70095925926,4848.70095925926,232.98190532399994,0.0,232.98190532399994
2025-01-25,68,4206.5277,2025-01-25T11:20:00,2025-01-25T11:10:00,11:20:00,26,BQ,6485.7099,11:20:00,26,BQ,0.4148,11:20:00,26,BQ,0.5007,701.08795,1080.95165,-2279.1822,-379.8637,2025-01-25T11:20:00,2025-01-25 00:00:00,2025-01-25 00:00:00,2025-01-25T11:20:00,2025-01-25T11:20:00,0.5007,721.3532166666668,1106.1639499999999,50.86598666666671,772.2192033333334,1106.1639499999999,0,0.8,1200.0,1200.0,0.0,333.94474666666645,0.0,3359.155520999999,3659.705792999999,0.0,1.0,379.8637,0.0,0.0,0.0,0.0,0.0,4848.70095925926,5190.578289259261,0.0,0.0,0.0
2025-01-25,69,4134.8,2025-01-25T11:30:00,2025-01-25T11:20:00,11:30:00,26,BR,6200.512500000001,11:30:00,26,BR,0.4112,11:30:00,26,BR,0.4827,689.1333333333333,1033.41875,-2065.7124999999996,-344.2854166666667,2025-01-25T11:30:00,2025-01-25 00:00:00,2025-01-25 00:00:00,2025-01-25T11:30:00,2025-01-25T11:30:00,0.4827,681.975,1106.6125,50.86598666666671,732.8409866666667,1106.6125,0,0.8,1200.0,1200.0,192.57787333333613,566.3493866666694,0.0,3659.705792999999,4169.420241000002,0.0,1.0,536.8632900000028,0.0,0.0,0.0,0.0,0.0,5190.578289259261,5673.755250259263,92.95733945800136,0.0,92.95733945800136
2025-01-25,70,4371.2835,2025-01-25T11:40:00,2025-01-25T11:30:00,11:40:00,26,BS,6414.4954,11:40:00,26,BS,0.4374,11:40:00,26,BS,0.4785,728.54725,1069.0825666666667,-2043.2119000000002,-340.53531666666674,2025-01-25T11:40:00,2025-01-25 00:00:00,2025-01-25 00:00:00,2025-01-25T11:40:00,2025-01-25T11:40:00,0.4785,711.0658166666667,1144.1611500000001,50.86598666666671,761.9318033333334,1144.1611500000001,0,0.8,1200.0,1200.0,451.1039866666665,833.3333333333333,0.0,4169.420241000002,4919.420241000002,0.0,1.0,791.6393033333333,0.0,0.0,0.0,0.0,0.0,5673.755250259263,6386.230623259264,215.8532576199999,0.0,215.8532576199999
2025-01-25,71,4324.9891,2025-01-25T11:50:00,2025-01-25T11:40:00,11:50:00,26,BT,6662.8437,11:50:00,26,BT,0.4288,11:50:00,26,BT,0.4662,720.8315166666666,1110.47395,-2337.8546000000006,-389.64243333333343,2025-01-25T11:50:00,2025-01-25 00:00:00,2025-01-25 00:00:00,2025-01-25T11:50:00,2025-01-25T11:50:00,0.4662,740.7286,1148.8335833333333,50.86598666666671,791.5945866666667,1148.8335833333333,0,0.8,1200.0,1200.0,476.09433666666666,833.3333333333333,0.0,4919.420241000002,5669.420241000002,0.0,1.0,833.3333333333334,0.0,0.0,32.40343666666661,32.40343666666661,0.0,6386.230623259264,7136.230623259264,221.955179754,0.0,221.955179754
2025-01-25,72,4005.61,2025-01-25T12:00:00,2025-01-25T11:50:00,12:00:00,26,BU,6677.6625,12:00:00,26,BU,0.3788,12:00:00,26,BU,0.4432,667.6016666666667,1112.9437500000001,-2672.0525000000002,-445.34208333333345,2025-01-25T12:00:00,2025-01-25 00:00:00,2025-01-25 00:00:00,2025-01-25T12:00:00,2025-01-25T12:00:00,0.4432,728.2516666666667,1116.1125,50.86598666666671,779.1176533333334,1116.1125,0,0.8,1200.0,1200.0,496.33848666666665,833.3333333333333,0.0,5669.420241000002,6419.420241000002,0.0,1.0,833.3333333333334,0.0,0.0,108.34723666666684,108.34723666666684,0.0,7136.230623259264,7886.230623259264,219.97721729066666,0.0,219.97721729066666
2025-01-25,73,8810.517600000001,2025-01-25T12:10:00,2025-01-25T12:00:00,12:10:00,26,BV,3325.6889500000007,12:10:00,26,BV,0.3606,12:10:00,26,BV,0.4411,1468.4196000000002,554.2814916666667,-2640.8603000000003,-440.1433833333334,2025-01-25T12:10:00,2025-01-25 00:00:00,2025-01-25 00:00:00,2025-01-25T12:10:00,2025-01-25T12:10:00,0.4411,701.1681666666667,1110.72975,85.52246999999998,786.6906366666667,1110.72975,0,0.8,1200.0,1200.0,509.29422,833.3333333333333,0.0,6419.420241000002,7169.420241000002,0.0,1.0,0.0,404.8438883333333,0.0,0.0,0.0,0.0,7886.230623259264,7436.404080666671,224.649680442,0.0,224.649680442
2025-01-25,74,8882.2261,2025-01-25T12:20:00,2025-01-25T12:10:00,12:20:00,26,BW,3298.8117,12:20:00,26,BW,0.3588,12:20:00,26,BW,0.4551,1480.3710166666665,549.80195,-2515.3973000000005,-419.23288333333346,2025-01-25T12:20:00,2025-01-25 00:00:00,2025-01-25 00:00:00,2025-01-25T12:20:00,2025-01-25T12:20:00,0.4551,686.56985,1108.6275666666668,85.52246999999998,772.09232,1108.6275666666668,0,0.8,1200.0,1200.0,496.79808666666645,833.3333333333333,0.0,7169.420241000002,7919.420241000002,0.0,1.0,0.0,433.77098,0.0,0.0,0.0,0.0,7436.404080666671,6954.436325111115,226.0928092419999,0.0,226.0928092419999
2025-01-25,75,8859.06,2025-01-25T12:30:00,2025-01-25T12:20:00,12:30:00,26,BX,3294.4312499999996,12:30:00,26,BX,0.3527,12:30:00,26,BX,0.4463,1476.51,549.071875,-2529.8025000000002,-421.63374999999996,2025-01-25T12:30:00,2025-01-25 00:00:00,2025-01-25 00:00:00,2025-01-25T12:30:00,2025-01-25T12:30:00,0.4463,684.3683333333333,1099.2375,85.52246999999998,769.8908033333333,1099.2375,0,0.8,1200.0,1200.0,503.98663666666664,833.3333333333333,0.0,7919.420241000002,8669.420241000002,0.0,1.0,0.0,423.4514883333334,0.0,0.0,0.0,0.0,6954.436325111115,6483.934671407412,224.9292359443333,0.0,224.9292359443333
2025-01-25,76,8863.6281,2025-01-25T12:40:00,2025-01-25T12:30:00,12:40:00,26,BY,3368.15845,12:40:00,26,BY,0.3644,12:40:00,26,BY,0.4113,1477.27135,561.3597416666667,-2672.6888,-445.4481333333333,2025-01-25T12:40:00,2025-01-25 00:00:00,2025-01-25 00:00:00,2025-01-25T12:40:00,2025-01-25T12:40:00,0.4113,677.2975333333333,1097.1969666666666,85.52246999999998,762.8200033333333,1097.1969666666666,0,0.8,1200.0,1200.0,498.9563699999999,833.3333333333333,0.0,8669.420241000002,9419.420241000002,0.0,1.0,0.0,416.95523833333345,0.0,0.0,0.0,0.0,6483.934671407412,6020.651073259263,205.22075498099994,0.0,205.22075498099994
2025-01-25,77,8884.325100000002,2025-01-25T12:50:00,2025-01-25T12:40:00,12:50:00,26,BZ,3437.6277,12:50:00,26,BZ,0.5034,12:50:00,26,BZ,0.5682,1480.7208500000002,572.93795,-2790.9303,-465.15504999999996,2025-01-25T12:50:00,2025-01-25 00:00:00,2025-01-25 00:00:00,2025-01-25T12:50:00,2025-01-25T12:50:00,0.5682,683.1602666666666,1072.8165833333335,85.52246999999998,768.6827366666666,1072.8165833333335,0,0.8,1200.0,1200.0,0.0,304.13384666666684,0.0,9419.420241000002,9693.140703000001,0.0,1.0,0.0,833.3333333333334,74.44956666666678,0.0,0.0,0.0,6020.651073259263,5094.725147333337,0.0,211.51121890000036,211.51121890000036
2025-01-25,78,8920.89,2025-01-25T13:00:00,2025-01-25T12:50:00,13:00:00,26,CA,3446.5125,13:00:00,26,CA,0.7008,13:00:00,26,CA,0.8279,1486.815,574.4187499999999,-2772.1349999999993,-462.0224999999998,2025-01-25T13:00:00,2025-01-25 00:00:00,2025-01-25 00:00:00,2025-01-25T13:00:00,2025-01-25T13:00:00,0.8279,696.5166666666668,1022.1,85.52246999999998,782.0391366666668,1022.1,0,0.8,1200.0,1200.0,0.0,240.06086333333326,0.0,9693.140703000001,9909.19548,0.0,1.0,0.0,833.3333333333334,79.06291666666675,0.0,0.0,0.0,5094.725147333337,4168.799221407411,0.0,327.280943541667,327.280943541667
2025-01-25,79,8972.418099999999,2025-01-25T13:10:00,2025-01-25T13:00:00,13:10:00,26,CB,3399.0951,13:10:00,26,CB,0.7507,13:10:00,26,CB,0.8636,1495.4030166666666,566.51585,-2625.7721,-437.62868333333336,2025-01-25T13:10:00,2025-01-25 00:00:00,2025-01-25 00:00:00,2025-01-25T13:10:00,2025-01-25T13:10:00,0.8636,688.0187666666667,974.8032166666667,85.30061333333329,773.31938,974.8032166666667,0,0.8,1200.0,1200.0,0.0,201.48383666666666,0.0,9909.19548,10090.530933,0.0,1.0,0.0,833.3333333333334,95.55383333333327,0.0,0.0,0.0,4168.799221407411,3242.873295481485,0.0,412.6014523333331,412.6014523333331
2025-01-25,80,8857.988,2025-01-25T13:20:00,2025-01-25T13:10:00,13:20:00,26,CC,3299.0496,13:20:00,26,CC,0.6988,13:20:00,26,CC,0.8416,1476.3313333333333,549.8416,-2540.1112,-423.35186666666664,2025-01-25T13:20:00,2025-01-25 00:00:00,2025-01-25 00:00:00,2025-01-25T13:20:00,2025-01-25T13:20:00,0.8416,662.4071833333334,946.0283333333333,85.30061333333329,747.7077966666667,946.0283333333333,0,0.8,1200.0,1200.0,0.0,198.3205366666666,0.0,10090.530933,10269.019416,0.0,1.0,0.0,833.3333333333334,93.15639999999996,0.0,0.0,0.0,3242.873295481485,2316.947369555559,0.0,392.00213119999984,392.00213119999984
2025-01-25,81,8718.32,2025-01-25T13:30:00,2025-01-25T13:20:00,13:30:00,26,CD,3183.0562499999996,13:30:00,26,CD,0.6596,13:30:00,26,CD,0.8618,1453.0533333333333,530.509375,-2447.7925,-407.96541666666656,2025-01-25T13:30:00,2025-01-25 00:00:00,2025-01-25 00:00:00,2025-01-25T13:30:00,2025-01-25T13:30:00,0.8618,645.26,925.15,85.30061333333329,730.5606133333333,925.15,0,0.8,1200.0,1200.0,0.0,194.58938666666666,0.0,10269.019416,10444.149863999999,0.0,1.0,0.0,833.3333333333334,89.21062499999994,0.0,0.0,0.0,2316.947369555559,1391.0214436296328,0.0,384.4085831249997,384.4085831249997
2025-01-25,82,8863.8793,2025-01-25T13:40:00,2025-01-25T13:30:00,13:40:00,26,CE,3090.29655,13:40:00,26,CE,0.7169,13:40:00,26,CE,0.8623,1477.3132166666667,515.049425,-2116.7138,-352.7856333333334,2025-01-25T13:40:00,2025-01-25 00:00:00,2025-01-25 00:00:00,2025-01-25T13:40:00,2025-01-25T13:40:00,0.8623,661.3787666666666,889.9290833333333,85.30061333333329,746.6793799999999,889.9290833333333,0,0.8,1200.0,1200.0,0.0,143.2497033333334,0.0,10444.149863999999,10573.074596999999,0.0,1.0,0.0,171.91929926666953,790.3444923999971,0.0,0.0,0.0,1391.0214436296328,1200.0,0.0,3407.5702789825873,3407.5702789825873
2025-01-25,83,8842.988299999999,2025-01-25T13:50:00,2025-01-25T13:40:00,13:50:00,26,CF,2940.41165,13:50:00,26,CF,0.8205,13:50:00,26,CF,0.9026,1473.8313833333332,490.0686083333333,-1837.835,-306.30583333333334,2025-01-25T13:50:00,2025-01-25 00:00:00,2025-01-25 00:00:00,2025-01-25T13:50:00,2025-01-25T13:50:00,0.9026,685.0104166666666,857.0432833333333,85.30061333333329,770.31103,857.0432833333333,0,0.8,1200.0,1200.0,0.0,86.73225333333335,0.0,10573.074596999999,10651.133624999999,0.0,1.0,0.0,0.0,983.7627749999999,0.0,0.0,0.0,1200.0,1200.0,0.0,4439.721403574999,4439.721403574999
2025-01-25,84,8637.06,2025-01-25T14:00:00,2025-01-25T13:50:00,14:00:00,26,CG,2754.16875,14:00:00,26,CG,0.9261,14:00:00,26,CG,0.9754,1439.51,459.028125,-1671.2774999999997,-278.54625,2025-01-25T14:00:00,2025-01-25 00:00:00,2025-01-25 00:00:00,2025-01-25T14:00:00,2025-01-25T14:00:00,0.9754,686.56,824.7062500000001,85.30061333333329,771.8606133333333,824.7062500000001,0,0.8,1200.0,1200.0,0.0,52.84563666666679,0.0,10651.133624999999,10698.694698,0.0,1.0,0.0,0.0,980.481875,0.0,0.0,0.0,1200.0,1200.0,0.0,4781.810104375,4781.810104375
2025-01-25,85,8665.484499999999,2025-01-25T14:10:00,2025-01-25T14:00:00,14:10:00,26,CH,2631.86,14:10:00,26,CH,1.0206,14:10:00,26,CH,1.0002,1444.2474166666666,438.6433333333334,-1398.2355000000002,-233.03925000000004,2025-01-25T14:10:00,2025-01-25 00:00:00,2025-01-25 00:00:00,2025-01-25T14:10:00,2025-01-25T14:10:00,1.0002,655.9648,773.7347,60.84322333333341,716.8080233333334,773.7347,0,0.8,1200.0,1200.0,0.0,56.926676666666594,0.0,10698.694698,10749.928707,0.0,1.0,0.0,0.0,1005.6040833333332,0.0,0.0,0.0,1200.0,1200.0,0.0,5029.026020749999,5029.026020749999
2025-01-25,86,8610.182499999999,2025-01-25T14:20:00,2025-01-25T14:10:00,14:20:00,26,CI,2474.09065,14:20:00,26,CI,1.0622,14:20:00,26,CI,0.9978,1435.0304166666665,412.3484416666667,-1137.9988000000003,-189.6664666666668,2025-01-25T14:20:00,2025-01-25 00:00:00,2025-01-25 00:00:00,2025-01-25T14:20:00,2025-01-25T14:20:00,0.9978,624.8686166666666,727.8385833333333,60.84322333333341,685.71184,727.8385833333333,0,0.8,1200.0,1200.0,0.0,42.12674333333325,0.0,10749.928707,10787.842776,0.0,1.0,0.0,0.0,1022.6819749999997,0.0,0.0,0.0,1200.0,1200.0,0.0,5102.160373274998,5102.160373274998
2025-01-25,87,8445.61,2025-01-25T14:30:00,2025-01-25T14:20:00,14:30:00,26,CJ,2306.2875,14:30:00,26,CJ,1.0917,14:30:00,26,CJ,1.0271,1407.6016666666667,384.38124999999997,-966.9649999999997,-161.16083333333324,2025-01-25T14:30:00,2025-01-25 00:00:00,2025-01-25 00:00:00,2025-01-25T14:30:00,2025-01-25T14:30:00,1.0271,619.105,693.4562500000001,60.84322333333341,679.9482233333334,693.4562500000001,0,0.8,1200.0,1200.0,0.0,13.508026666666638,0.0,10787.842776,10800.0,0.0,1.0,0.0,0.0,1023.2204166666668,0.0,0.0,0.0,1200.0,1200.0,0.0,5254.748449791667,5254.748449791667
2025-01-25,88,8479.5471,2025-01-25T14:40:00,2025-01-25T14:30:00,14:40:00,26,CK,2248.61755,14:40:00,26,CK,1.146,14:40:00,26,CK,1.0906,1413.25785,374.76959166666666,-817.6880000000001,-136.28133333333335,2025-01-25T14:40:00,2025-01-25 00:00:00,2025-01-25 00:00:00,2025-01-25T14:40:00,2025-01-25T14:40:00,1.0906,637.1694,656.2666166666667,60.84322333333341,698.0126233333334,656.2666166666667,0,0.8,1200.0,1200.0,0.0,0.0,41.746006666666744,10800.0,10753.615548148147,0.0,0.0,0.0,0.0,1038.4882583333333,0.0,0.0,0.0,1200.0,1200.0,0.0,5662.876472691667,5662.876472691667
2025-01-25,89,8439.056,2025-01-25T14:50:00,2025-01-25T14:40:00,14:50:00,26,CL,2107.27795,14:50:00,26,CL,0.9135,14:50:00,26,CL,0.9376,1406.5093333333334,351.2129916666667,-575.4999000000003,-95.91665000000012,2025-01-25T14:50:00,2025-01-25 00:00:00,2025-01-25 00:00:00,2025-01-25T14:50:00,2025-01-25T14:50:00,0.9376,635.2857833333334,630.6865,60.84322333333341,696.1290066666668,630.6865,0,0.8,1200.0,1200.0,0.0,0.0,65.44250666666676,10753.615548148147,10680.901651851851,0.0,0.0,0.0,0.0,1055.2963416666666,0.0,0.0,0.0,1200.0,1200.0,0.0,4947.229249733333,4947.229249733333
2025-01-25,90,8382.69,2025-01-25T15:00:00,2025-01-25T14:50:00,15:00:00,26,CM,1876.8937500000002,15:00:00,26,CM,0.5321,15:00:00,26,CM,0.6694,1397.115,312.815625,-171.09749999999985,-28.516250000000014,2025-01-25T15:00:00,2025-01-25 00:00:00,2025-01-25 00:00:00,2025-01-25T15:00:00,2025-01-25T15:00:00,0.6694,616.7483333333333,605.5500000000001,60.84322333333341,677.5915566666667,605.5500000000001,0,0.8,1200.0,1200.0,72.04155666666668,0.0,0.0,10680.901651851851,10680.901651851851,0.0,-0.0,0.0,0.0,1012.2578183333333,0.0,0.0,0.0,1200.0,1200.0,48.224618032666676,3388.026917961666,3436.2515359943327
2025-01-25,91,8631.8668,2025-01-25T15:10:00,2025-01-25T15:00:00,15:10:00,26,CN,1741.0900000000001,15:10:00,26,CN,0.4975,15:10:00,26,CN,0.66,1438.6444666666666,290.1816666666667,349.68679999999995,58.28113333333329,2025-01-25T15:10:00,2025-01-25 00:00:00,2025-01-25 00:00:00,2025-01-25T15:10:00,2025-01-25T15:10:00,0.66,622.8273833333334,551.2903333333334,37.0606400000001,659.8880233333335,551.2903333333334,0,0.8,1200.0,1200.0,240.92918794238787,132.3314979423877,0.0,10680.901651851851,10800.0,0.0,1.0,0.0,0.0,907.5336120576121,0.0,0.0,0.0,1200.0,1200.0,159.01326404197602,2994.86091979012,3153.874183832096
2025-01-25,92,8661.2116,2025-01-25T15:20:00,2025-01-25T15:10:00,15:20:00,26,CO,1573.5841,15:20:00,26,CO,0.5951,15:20:00,26,CO,0.7217,1443.5352666666668,262.2640166666667,714.0434,119.00723333333326,2025-01-25T15:20:00,2025-01-25 00:00:00,2025-01-25 00:00:00,2025-01-25T15:20:00,2025-01-25T15:20:00,0.7217,619.6244333333333,495.84501666666665,37.0606400000001,656.6850733333334,495.84501666666665,0,0.8,1200.0,1200.0,160.84005666666678,0.0,0.0,10800.0,10800.0,0.0,0.0,0.0,0.0,1020.4311933333333,0.0,0.0,0.0,1200.0,1200.0,116.07826889633341,3682.2259611433337,3798.3042300396673
2025-01-25,93,8403.96,2025-01-25T15:30:00,2025-01-25T15:20:00,15:30:00,26,CP,1384.2,15:30:00,26,CP,0.6319,15:30:00,26,CP,0.7308,1400.6599999999999,230.70000000000002,835.56,139.25999999999993,2025-01-25T15:30:00,2025-01-25 00:00:00,2025-01-25 00:00:00,2025-01-25T15:30:00,2025-01-25T15:30:00,0.7308,616.8183333333333,454.48125,37.0606400000001,653.8789733333334,454.48125,0,0.8,1200.0,1200.0,199.39772333333343,0.0,0.0,10800.0,10800.0,0.0,0.0,0.0,0.0,970.5622766666664,0.0,0.0,0.0,1200.0,1200.0,145.71985621200008,3546.434558939999,3692.1544151519993
2025-01-25,94,8329.2409,2025-01-25T15:40:00,2025-01-25T15:30:00,15:40:00,26,CQ,1315.0926,15:40:00,26,CQ,0.6274,15:40:00,26,CQ,0.7534,1388.2068166666668,219.1821,899.0556999999999,149.8426166666667,2025-01-25T15:40:00,2025-01-25 00:00:00,2025-01-25 00:00:00,2025-01-25T15:40:00,2025-01-25T15:40:00,0.7534,657.84435,414.02448333333336,37.0606400000001,694.9049900000001,414.02448333333336,0,0.8,1200.0,1200.0,280.88050666666675,0.0,0.0,10800.0,10800.0,0.0,0.0,0.0,0.0,888.14421,0.0,0.0,0.0,1200.0,1200.0,211.6153737226667,3345.6392390700003,3557.254612792667
2025-01-25,95,8350.8973,2025-01-25T15:50:00,2025-01-25T15:40:00,15:50:00,26,CR,1182.20275,15:50:00,26,CR,0.6317,15:50:00,26,CR,0.7823,1391.8162166666666,197.03379166666664,1186.4918000000002,197.74863333333343,2025-01-25T15:50:00,2025-01-25 00:00:00,2025-01-25 00:00:00,2025-01-25T15:50:00,2025-01-25T15:50:00,0.7823,672.5232833333333,358.4043833333333,37.0606400000001,709.5839233333335,358.4043833333333,0,0.8,1200.0,1200.0,351.17954000000015,0.0,0.0,10800.0,10800.0,0.0,0.0,0.0,0.0,843.6028849999998,0.0,0.0,0.0,1200.0,1200.0,274.7277541420001,3299.7526846774995,3574.4804388195
2025-01-25,96,8317.55,2025-01-25T16:00:00,2025-01-25T15:50:00,16:00:00,26,CS,959.0250000000001,16:00:00,26,CS,0.6658,16:00:00,26,CS,0.8055,1386.2583333333332,159.8375,1599.5000000000002,266.5833333333333,2025-01-25T16:00:00,2025-01-25 00:00:00,2025-01-25 00:00:00,2025-01-25T16:00:00,2025-01-25T16:00:00,0.8055,638.1016666666667,299.15000000000003,37.0606400000001,675.1623066666668,299.15000000000003,0,0.8,1200.0,1200.0,376.0123066666668,0.0,0.0,10800.0,10800.0,0.0,0.0,0.0,0.0,850.4085266666664,0.0,0.0,0.0,1200.0,1200.0,302.8779130200001,3425.020341149999,3727.898254169999
2025-01-25,97,8213.9279,2025-01-25T16:10:00,2025-01-25T16:00:00,16:10:00,26,CT,805.7518500000001,16:10:00,26,CT,0.7145,16:10:00,26,CT,0.8271,1368.9879833333334,134.291975,1802.4242000000002,300.4040333333333,2025-01-25T16:10:00,2025-01-25 00:00:00,2025-01-25 00:00:00,2025-01-25T16:10:00,2025-01-25T16:10:00,0.8271,604.5478166666667,262.59835,23.067120000000067,627.6149366666667,262.59835,0,0.8,1200.0,1200.0,365.01658666666674,0.0,-0.0,10800.0,10800.0,0.0,0.0,0.0,0.0,869.6794216666667,0.0,0.0,0.0,1200.0,1200.0,301.90521883200006,3596.5592483025,3898.4644671345
2025-01-25,98,8234.0292,2025-01-25T16:20:00,2025-01-25T16:10:00,16:20:00,26,CU,666.89835,16:20:00,26,CU,0.7548,16:20:00,26,CU,0.8519,1372.3382000000001,111.149725,2100.2325,350.03875000000005,2025-01-25T16:20:00,2025-01-25 00:00:00,2025-01-25 00:00:00,2025-01-25T16:20:00,2025-01-25T16:20:00,0.8519,604.6898666666667,223.53003333333334,23.067120000000067,627.7569866666668,223.53003333333334,0,0.8,1200.0,1200.0,404.2269533333334,0.0,-0.0,10800.0,10800.0,0.0,0.0,0.0,0.0,856.9615216666667,0.0,0.0,0.0,1200.0,1200.0,344.36094154466673,3650.227601539167,3994.588543083834
2025-01-25,99,8371.47,2025-01-25T16:30:00,2025-01-25T16:20:00,16:30:00,26,CV,509.53125,16:30:00,26,CV,0.7742,16:30:00,26,CV,0.8791,1395.245,84.921875,2552.4075,425.40125,2025-01-25T16:30:00,2025-01-25 00:00:00,2025-01-25 00:00:00,2025-01-25T16:30:00,2025-01-25T16:30:00,0.8791,622.0749999999999,173.11249999999998,23.067120000000067,645.14212,173.11249999999998,0,0.8,1200.0,1200.0,472.02962,0.0,-0.0,10800.0,10800.0,0.0,0.0,0.0,0.0,838.2935049999999,0.0,0.0,0.0,1200.0,1200.0,414.961238942,3684.7191012275,4099.6803401695
2025-01-25,100,8367.546699999999,2025-01-25T16:40:00,2025-01-25T16:30:00,16:40:00,26,CW,369.0245,16:40:00,26,CW,0.7791,16:40:00,26,CW,0.9024,1394.5911166666665,61.504083333333334,2829.4977,471.5829499999999,2025-01-25T16:40:00,2025-01-25 00:00:00,2025-01-25 00:00:00,2025-01-25T16:40:00,2025-01-25T16:40:00,0.9024,605.4765833333333,126.98178333333334,23.067120000000067,628.5437033333334,126.98178333333334,0,0.8,1200.0,1200.0,501.56192000000004,0.0,-0.0,10800.0,10800.0,0.0,0.0,0.0,0.0,831.5251133333331,0.0,0.0,0.0,1200.0,1200.0,452.609476608,3751.8413113599986,4204.450787967999
2025-01-25,101,7984.508400000001,2025-01-25T16:50:00,2025-01-25T16:40:00,16:50:00,26,CX,238.2817,16:50:00,26,CX,0.8002,16:50:00,26,CX,0.9163,1330.7514,39.71361666666667,2707.945,451.32416666666666,2025-01-25T16:50:00,2025-01-25 00:00:00,2025-01-25 00:00:00,2025-01-25T16:50:00,2025-01-25T16:50:00,0.9163,543.1114,80.8326,23.067120000000067,566.17852,80.8326,0,0.8,1200.0,1200.0,485.34592000000004,0.0,-0.0,10800.0,10800.0,0.0,0.0,0.0,0.0,805.6918633333335,0.0,0.0,0.0,1200.0,1200.0,444.72246649600004,3691.2772718616675,4135.999738357667
2025-01-25,102,7515.699999999999,2025-01-25T17:00:00,2025-01-25T16:50:00,17:00:00,26,CY,116.94375,17:00:00,26,CY,0.8094,17:00:00,26,CY,0.9264,1252.6166666666666,19.490624999999998,2481.8125,413.63541666666663,2025-01-25T17:00:00,2025-01-25 00:00:00,2025-01-25 00:00:00,2025-01-25T17:00:00,2025-01-25T17:00:00,0.9264,477.19666666666666,36.86875,23.067120000000067,500.2637866666667,36.86875,0,0.8,1200.0,1200.0,463.3950366666667,0.0,-0.0,10800.0,10800.0,0.0,0.0,0.0,0.0,769.7310049999999,0.0,0.0,0.0,1200.0,1200.0,429.28916196800003,3565.394015159999,3994.683177127999
2025-01-25,103,7521.097600000001,2025-01-25T17:10:00,2025-01-25T17:00:00,17:10:00,26,CZ,25.345800000000004,17:10:00,26,CZ,0.7591,17:10:00,26,CZ,0.9462,1253.5162666666668,4.2243,2670.406,445.0676666666667,2025-01-25T17:10:00,2025-01-25 00:00:00,2025-01-25 00:00:00,2025-01-25T17:10:00,2025-01-25T17:10:00,0.9462,467.5936166666667,7.42335,23.362433333333207,490.95604999999995,7.42335,0,0.8,1200.0,1200.0,483.5326999999999,0.0,-0.0,10800.0,10800.0,0.0,0.0,0.0,0.0,765.7592666666668,0.0,0.0,0.0,1200.0,1200.0,457.51864073999997,3622.8070906000007,4080.325731340001
2025-01-25,104,7558.5335,2025-01-25T17:20:00,2025-01-25T17:10:00,17:20:00,26,DA,0.0,17:20:00,26,DA,0.7702,17:20:00,26,DA,0.9742,1259.7555833333333,0.0,2758.5335,459.75558333333333,2025-01-25T17:20:00,2025-01-25 00:00:00,2025-01-25 00:00:00,2025-01-25T17:20:00,2025-01-25T17:20:00,0.9742,472.0541333333333,0.0,23.362433333333207,495.41656666666654,0.0,0,0.8,1200.0,1200.0,495.41656666666654,0.0,0.0,10800.0,10800.0,0.0,0.0,0.0,0.0,764.3390166666668,0.0,0.0,0.0,1200.0,1200.0,482.6348192466665,3723.0953501833337,4205.73016943
2025-01-25,105,7468.58,2025-01-25T17:30:00,2025-01-25T17:20:00,17:30:00,26,DB,0.0,17:30:00,26,DB,0.8053,17:30:00,26,DB,0.9862,1244.7633333333333,0.0,2668.58,444.7633333333333,2025-01-25T17:30:00,2025-01-25 00:00:00,2025-01-25 00:00:00,2025-01-25T17:30:00,2025-01-25T17:30:00,0.9862,466.27500000000003,0.0,23.362433333333207,489.63743333333326,0.0,0,0.8,1200.0,1200.0,489.63743333333326,0.0,0.0,10800.0,10800.0,0.0,0.0,0.0,0.0,755.1259,0.0,0.0,0.0,1200.0,1200.0,482.88043675333324,3723.5258129,4206.406249653333
2025-01-25,106,7519.4226,2025-01-25T17:40:00,2025-01-25T17:30:00,17:40:00,26,DC,1.5088,17:40:00,26,DC,0.7382,17:40:00,26,DC,0.976,1253.2371,0.25146666666666667,2716.4049999999997,452.7341666666667,2025-01-25T17:40:00,2025-01-25 00:00:00,2025-01-25 00:00:00,2025-01-25T17:40:00,2025-01-25T17:40:00,0.976,464.9513,0.43493333333333334,23.362433333333207,488.31373333333323,0.43493333333333334,0,0.8,1200.0,1200.0,487.8787999999999,0.0,0.0,10800.0,10800.0,0.0,0.0,0.0,0.0,765.1068333333335,0.0,0.0,0.0,1200.0,1200.0,476.1697087999999,3733.7213466666676,4209.891055466667
2025-01-25,107,7543.755299999999,2025-01-25T17:50:00,2025-01-25T17:40:00,17:50:00,26,DD,0.0,17:50:00,26,DD,0.8726,17:50:00,26,DD,1.0742,1257.29255,0.0,2743.7553,457.29254999999995,2025-01-25T17:50:00,2025-01-25 00:00:00,2025-01-25 00:00:00,2025-01-25T17:50:00,2025-01-25T17:50:00,1.0742,463.7437333333333,0.0,23.362433333333207,487.1061666666665,0.0,0,0.8,1200.0,1200.0,487.1061666666665,0.0,-0.0,10800.0,10800.0,0.0,0.0,0.0,0.0,770.1863833333334,0.0,0.0,0.0,1200.0,1200.0,523.2494442333332,4136.671064883334,4659.920509116668
2025-01-25,108,7490.45,2025-01-25T18:00:00,2025-01-25T17:50:00,18:00:00,26,DE,0.0,18:00:00,26,DE,1.145,18:00:00,26,DE,1.2313,1248.4083333333333,0.0,2690.45,448.4083333333333,2025-01-25T18:00:00,2025-01-25 00:00:00,2025-01-25 00:00:00,2025-01-25T18:00:00,2025-01-25T18:00:00,1.2313,470.83500000000004,0.0,23.362433333333207,494.19743333333327,0.0,0,0.8,1200.0,1200.0,0.0,0.0,494.19743333333327,10800.0,10250.89174074074,0.0,0.0,0.0,0.0,1248.4083333333333,0.0,0.0,0.0,1200.0,1200.0,0.0,7685.825904166667,7685.825904166667
2025-01-25,109,7503.5,2025-01-25T18:10:00,2025-01-25T18:00:00,18:10:00,26,DF,0.10835,18:10:00,26,DF,1.1657,18:10:00,26,DF,1.2561,1250.5833333333333,0.018058333333333332,2703.2833,450.54721666666666,2025-01-25T18:10:00,2025-01-25 00:00:00,2025-01-25 00:00:00,2025-01-25T18:10:00,2025-01-25T18:10:00,1.2561,496.25628333333333,0.031233333333333335,21.371596666666676,517.62788,0.031233333333333335,0,0.8,1200.0,1200.0,0.0,0.0,517.5966466666666,10250.89174074074,9675.784355555556,0.0,0.0,0.0,0.0,1250.565275,0.0,0.0,0.0,1200.0,1200.0,0.0,7854.175209637499,7854.175209637499
2025-01-25,110,7582.237999999999,2025-01-25T18:20:00,2025-01-25T18:10:00,18:20:00,26,DG,0.0,18:20:00,26,DG,1.1371,18:20:00,26,DG,1.2447,1263.7063333333333,0.0,2782.238,463.7063333333333,2025-01-25T18:20:00,2025-01-25 00:00:00,2025-01-25 00:00:00,2025-01-25T18:20:00,2025-01-25T18:20:00,1.2447,489.35885,0.0,21.371596666666676,510.7304466666667,0.0,0,0.8,1200.0,1200.0,0.0,0.0,510.7304466666667,9675.784355555556,9108.306081481482,0.0,0.0,0.0,0.0,1263.7063333333333,0.0,0.0,0.0,1200.0,1200.0,0.0,7864.6763654999995,7864.6763654999995
2025-01-25,111,7658.84,2025-01-25T18:30:00,2025-01-25T18:20:00,18:30:00,26,DH,0.0,18:30:00,26,DH,1.1599,18:30:00,26,DH,1.2545,1276.4733333333334,0.0,2858.84,476.47333333333336,2025-01-25T18:30:00,2025-01-25 00:00:00,2025-01-25 00:00:00,2025-01-25T18:30:00,2025-01-25T18:30:00,1.2545,451.9433333333333,0.0,21.371596666666676,473.31493,0.0,0,0.8,1200.0,1200.0,0.0,0.0,473.31493,9108.306081481482,8582.400603703703,0.0,0.0,0.0,0.0,1276.4733333333334,0.0,0.0,0.0,1200.0,1200.0,0.0,8006.678983333333,8006.678983333333
2025-01-25,112,7684.2639,2025-01-25T18:40:00,2025-01-25T18:30:00,18:40:00,26,DI,0.0078,18:40:00,26,DI,1.1397,18:40:00,26,DI,1.2522,1280.71065,0.0013,2884.2482999999997,480.70805,2025-01-25T18:40:00,2025-01-25 00:00:00,2025-01-25 00:00:00,2025-01-25T18:40:00,2025-01-25T18:40:00,1.2522,439.5705666666667,0.00225,21.371596666666676,460.9421633333334,0.00225,0,0.8,1200.0,1200.0,0.0,0.0,460.9399133333334,8582.400603703703,8070.245144444444,0.0,0.0,0.0,0.0,1280.70935,0.0,0.0,0.0,1200.0,1200.0,0.0,8018.521240350001,8018.521240350001
2025-01-25,113,7784.8855,2025-01-25T18:50:00,2025-01-25T18:40:00,18:50:00,26,DJ,0.0,18:50:00,26,DJ,1.213,18:50:00,26,DJ,1.2881,1297.4809166666666,0.0,2984.8855,497.48091666666664,2025-01-25T18:50:00,2025-01-25 00:00:00,2025-01-25 00:00:00,2025-01-25T18:50:00,2025-01-25T18:50:00,1.2881,450.85645,0.0,21.371596666666676,472.22804666666667,0.0,0,0.8,1200.0,1200.0,0.0,0.0,472.22804666666667,8070.245144444444,7545.547314814815,0.0,0.0,0.0,0.0,1297.4809166666666,0.0,0.0,0.0,1200.0,1200.0,0.0,8356.425843791667,8356.425843791667
2025-01-25,114,7823.65,2025-01-25T19:00:00,2025-01-25T18:50:00,19:00:00,26,DK,0.0,19:00:00,26,DK,1.3527,19:00:00,26,DK,1.3466,1303.9416666666666,0.0,3023.65,503.94166666666666,2025-01-25T19:00:00,2025-01-25 00:00:00,2025-01-25 00:00:00,2025-01-25T19:00:00,2025-01-25T19:00:00,1.3466,452.885,0.0,21.371596666666676,474.25659666666667,0.0,0,0.8,1200.0,1200.0,0.0,0.0,474.25659666666667,7545.547314814815,7018.595540740741,0.0,0.0,0.0,0.0,1303.9416666666666,0.0,0.0,0.0,1200.0,1200.0,0.0,8779.439241666667,8779.439241666667
2025-01-25,115,7530.4273,2025-01-25T19:10:00,2025-01-25T19:00:00,19:10:00,26,DL,0.00055,19:10:00,26,DL,1.3722,19:10:00,26,DL,1.3523,1255.0712166666667,9.166666666666667e-05,2730.4262,455.07103333333333,2025-01-25T19:10:00,2025-01-25 00:00:00,2025-01-25 00:00:00,2025-01-25T19:10:00,2025-01-25T19:10:00,1.3523,423.35245000000003,0.0,27.558706666666662,450.91115666666667,0.0,0,0.8,1200.0,1200.0,0.0,0.0,450.91115666666667,7018.595540740741,6517.583144444445,0.0,0.0,0.0,0.0,1255.071125,0.0,0.0,0.0,1200.0,1200.0,0.0,8486.1634116875,8486.1634116875
2025-01-25,116,7315.4751,2025-01-25T19:20:00,2025-01-25T19:10:00,19:20:00,26,DM,0.0,19:20:00,26,DM,1.3405,19:20:00,26,DM,1.3445,1219.24585,0.0,2515.4751,419.24585,2025-01-25T19:20:00,2025-01-25 00:00:00,2025-01-25 00:00:00,2025-01-25T19:20:00,2025-01-25T19:20:00,1.3445,442.8923666666667,0.0,27.558706666666662,470.45107333333334,0.0,0,0.8,1200.0,1200.0,0.0,0.0,470.45107333333334,6517.583144444445,5994.85972962963,0.0,0.0,0.0,0.0,1219.24585,0.0,0.0,0.0,1200.0,1200.0,0.0,8196.380226625,8196.380226625
2025-01-25,117,7359.75,2025-01-25T19:30:00,2025-01-25T19:20:00,19:30:00,26,DN,0.0,19:30:00,26,DN,1.3251,19:30:00,26,DN,1.3483,1226.625,0.0,2559.75,426.625,2025-01-25T19:30:00,2025-01-25 00:00:00,2025-01-25 00:00:00,2025-01-25T19:30:00,2025-01-25T19:30:00,1.3483,488.08666666666664,0.0,27.558706666666662,515.6453733333333,0.0,0,0.8,1200.0,1200.0,0.0,0.0,515.6453733333333,5994.85972962963,5421.920425925927,0.0,0.0,0.0,0.0,1226.625,0.0,0.0,0.0,1200.0,1200.0,0.0,8269.2924375,8269.2924375
2025-01-25,118,7476.3603,2025-01-25T19:40:00,2025-01-25T19:30:00,19:40:00,26,DO,0.0,19:40:00,26,DO,1.324,19:40:00,26,DO,1.349,1246.06005,0.0,2676.3603,446.06005,2025-01-25T19:40:00,2025-01-25 00:00:00,2025-01-25 00:00:00,2025-01-25T19:40:00,2025-01-25T19:40:00,1.349,456.32301666666666,0.0,27.558706666666662,483.8817233333333,0.0,0,0.8,1200.0,1200.0,0.0,0.0,483.8817233333333,5421.920425925927,4884.274066666668,0.0,0.0,0.0,0.0,1246.06005,0.0,0.0,0.0,1200.0,1200.0,0.0,8404.675037250001,8404.675037250001
2025-01-25,119,7616.0299,2025-01-25T19:50:00,2025-01-25T19:40:00,19:50:00,26,DP,0.0,19:50:00,26,DP,1.3285,19:50:00,26,DP,1.3473,1269.3383166666667,0.0,2816.0299,469.3383166666667,2025-01-25T19:50:00,2025-01-25 00:00:00,2025-01-25 00:00:00,2025-01-25T19:50:00,2025-01-25T19:50:00,1.3473,442.85996666666665,0.0,27.558706666666662,470.4186733333333,0.0,0,0.8,1200.0,1200.0,0.0,0.0,470.4186733333333,4884.274066666668,4361.586651851853,0.0,0.0,0.0,0.0,1269.3383166666667,0.0,0.0,0.0,1200.0,1200.0,0.0,8550.897570224999,8550.897570224999
2025-01-25,120,7720.46,2025-01-25T20:00:00,2025-01-25T19:50:00,20:00:00,26,DQ,0.0,20:00:00,26,DQ,1.3443,20:00:00,26,DQ,1.3482,1286.7433333333333,0.0,2920.46,486.74333333333334,2025-01-25T20:00:00,2025-01-25 00:00:00,2025-01-25 00:00:00,2025-01-25T20:00:00,2025-01-25T20:00:00,1.3482,475.01666666666665,0.0,27.558706666666662,502.5753733333333,0.0,0,0.8,1200.0,1200.0,0.0,0.0,502.5753733333333,4361.586651851853,3803.1695703703717,0.0,0.0,0.0,0.0,1286.7433333333333,0.0,0.0,0.0,1200.0,1200.0,0.0,8673.936810000001,8673.936810000001
2025-01-25,121,7718.147599999999,2025-01-25T20:10:00,2025-01-25T20:00:00,20:10:00,26,DR,0.0,20:10:00,26,DR,1.3733,20:10:00,26,DR,1.3513,1286.3579333333332,0.0,2918.1476,486.3579333333333,2025-01-25T20:10:00,2025-01-25 00:00:00,2025-01-25 00:00:00,2025-01-25T20:10:00,2025-01-25T20:10:00,1.3513,480.7563,0.0,23.272806666666703,504.02910666666673,0.0,0,0.8,1200.0,1200.0,0.0,0.0,504.02910666666673,3803.1695703703717,3243.137229629631,0.0,0.0,0.0,0.0,1286.3579333333332,0.0,0.0,0.0,1200.0,1200.0,0.0,8691.277376566666,8691.277376566666
2025-01-25,122,7673.215,2025-01-25T20:20:00,2025-01-25T20:10:00,20:20:00,26,DS,0.0,20:20:00,26,DS,1.3446,20:20:00,26,DS,1.34,1278.8691666666666,0.0,2873.215,478.8691666666667,2025-01-25T20:20:00,2025-01-25 00:00:00,2025-01-25 00:00:00,2025-01-25T20:20:00,2025-01-25T20:20:00,1.34,465.9056,0.0,23.272806666666703,489.1784066666667,0.0,0,0.8,1200.0,1200.0,0.0,0.0,489.1784066666667,3243.137229629631,2699.6056666666677,0.0,0.0,0.0,0.0,1278.8691666666666,0.0,0.0,0.0,1200.0,1200.0,0.0,8568.423416666667,8568.423416666667
2025-01-25,123,7616.72,2025-01-25T20:30:00,2025-01-25T20:20:00,20:30:00,26,DT,0.0,20:30:00,26,DT,1.3228,20:30:00,26,DT,1.3489,1269.4533333333334,0.0,2816.72,469.4533333333333,2025-01-25T20:30:00,2025-01-25 00:00:00,2025-01-25 00:00:00,2025-01-25T20:30:00,2025-01-25T20:30:00,1.3489,455.83666666666664,0.0,23.272806666666703,479.10947333333337,0.0,0,0.8,1200.0,1200.0,0.0,0.0,479.10947333333337,2699.6056666666677,2167.2618074074085,0.0,0.0,0.0,0.0,1269.4533333333334,0.0,0.0,0.0,1200.0,1200.0,0.0,8561.828006666667,8561.828006666667
2025-01-25,124,7561.3788,2025-01-25T20:40:00,2025-01-25T20:30:00,20:40:00,26,DU,0.0,20:40:00,26,DU,1.4005,20:40:00,26,DU,1.3952,1260.2298,0.0,2761.3788,460.2298,2025-01-25T20:40:00,2025-01-25 00:00:00,2025-01-25 00:00:00,2025-01-25T20:40:00,2025-01-25T20:40:00,1.3952,470.4037166666667,0.0,23.272806666666703,493.6765233333334,0.0,0,0.8,1200.0,1200.0,0.0,0.0,493.6765233333334,2167.2618074074085,1618.732337037038,0.0,0.0,0.0,0.0,1260.2298,0.0,0.0,0.0,1200.0,1200.0,0.0,8791.363084800001,8791.363084800001
2025-01-25,125,7700.4206,2025-01-25T20:50:00,2025-01-25T20:40:00,20:50:00,26,DV,0.0,20:50:00,26,DV,1.1964,20:50:00,26,DV,1.2226,1283.4034333333334,0.0,2900.4206,483.40343333333334,2025-01-25T20:50:00,2025-01-25 00:00:00,2025-01-25 00:00:00,2025-01-25T20:50:00,2025-01-25T20:50:00,1.2226,510.70525,0.0,23.272806666666703,533.9780566666667,0.0,0,0.8,1200.0,1200.0,157.11895333333257,0.0,376.85910333333413,1618.732337037038,1200.0,0.0,0.0,0.0,0.0,1126.2844800000007,0.0,0.0,0.0,1200.0,1200.0,192.0936323453324,6884.977026240003,7077.070658585336
2025-01-25,126,7906.5,2025-01-25T21:00:00,2025-01-25T20:50:00,21:00:00,26,DW,0.0,21:00:00,26,DW,0.8153,21:00:00,26,DW,0.9332,1317.75,0.0,3106.5,517.75,2025-01-25T21:00:00,2025-01-25 00:00:00,2025-01-25 00:00:00,2025-01-25T21:00:00,2025-01-25T21:00:00,0.9332,536.9866666666667,0.0,23.272806666666703,560.2594733333334,0.0,0,0.8,1200.0,1200.0,560.2594733333334,0.0,0.0,1200.0,1200.0,0.0,0.0,0.0,0.0,757.4905266666666,0.0,0.0,0.0,1200.0,1200.0,522.8341405146667,3534.4507974266667,4057.2849379413333
2025-01-25,127,7820.6067,2025-01-25T21:10:00,2025-01-25T21:00:00,21:10:00,26,DX,0.0,21:10:00,26,DX,0.7737,21:10:00,26,DX,0.9068,1303.43445,0.0,3020.6067,503.43444999999997,2025-01-25T21:10:00,2025-01-25 00:00:00,2025-01-25 00:00:00,2025-01-25T21:10:00,2025-01-25T21:10:00,0.9068,502.38898333333333,0.0,28.536720000000024,530.9257033333333,0.0,0,0.8,1200.0,1200.0,530.9257033333333,0.0,0.0,1200.0,1200.0,0.0,0.0,0.0,0.0,772.5087466666666,0.0,0.0,0.0,1200.0,1200.0,481.4434277826667,3502.5546573866673,3983.998085169334
2025-01-25,128,7620.061,2025-01-25T21:20:00,2025-01-25T21:10:00,21:20:00,26,DY,0.0,21:20:00,26,DY,0.8236,21:20:00,26,DY,0.9371,1270.0101666666667,0.0,2820.061,470.0101666666667,2025-01-25T21:20:00,2025-01-25 00:00:00,2025-01-25 00:00:00,2025-01-25T21:20:00,2025-01-25T21:20:00,0.9371,473.46075,0.0,28.536720000000024,501.99747,0.0,0,0.8,1200.0,1200.0,501.99747,0.0,0.0,1200.0,1200.0,0.0,0.0,0.0,0.0,768.0126966666667,0.0,0.0,0.0,1200.0,1200.0,470.42182913700003,3598.523490231667,4068.945319368667
2025-01-25,129,7556.7699999999995,2025-01-25T21:30:00,2025-01-25T21:20:00,21:30:00,26,DZ,0.0,21:30:00,26,DZ,0.8235,21:30:00,26,DZ,0.9371,1259.4616666666666,0.0,2756.77,459.46166666666664,2025-01-25T21:30:00,2025-01-25 00:00:00,2025-01-25 00:00:00,2025-01-25T21:30:00,2025-01-25T21:30:00,0.9371,479.8566666666666,0.0,28.536720000000024,508.39338666666663,0.0,0,0.8,1200.0,1200.0,508.39338666666663,0.0,0.0,1200.0,1200.0,0.0,0.0,0.0,0.0,751.06828,0.0,0.0,0.0,1200.0,1200.0,476.4154426453333,3519.13042594,3995.545868585333
2025-01-25,130,7695.4313,2025-01-25T21:40:00,2025-01-25T21:30:00,21:40:00,26,EA,0.0,21:40:00,26,EA,0.8482,21:40:00,26,EA,0.9871,1282.5718833333333,0.0,2895.4313,482.57188333333335,2025-01-25T21:40:00,2025-01-25 00:00:00,2025-01-25 00:00:00,2025-01-25T21:40:00,2025-01-25T21:40:00,0.9871,485.7930833333333,0.0,28.536720000000024,514.3298033333333,0.0,0,0.8,1200.0,1200.0,514.3298033333333,0.0,-0.0,1200.0,1200.0,0.0,0.0,0.0,0.0,768.24208,0.0,0.0,0.0,1200.0,1200.0,507.6949488703333,3791.6587858400003,4299.353734710334
2025-01-25,131,7627.9101,2025-01-25T21:50:00,2025-01-25T21:40:00,21:50:00,26,EB,0.0,21:50:00,26,EB,0.6408,21:50:00,26,EB,0.7764,1271.31835,0.0,2827.9101,471.31835,2025-01-25T21:50:00,2025-01-25 00:00:00,2025-01-25 00:00:00,2025-01-25T21:50:00,2025-01-25T21:50:00,0.7764,458.64730000000003,0.0,28.536720000000024,487.18402000000003,0.0,0,0.8,1200.0,1200.0,487.18402000000003,-0.0,0.0,1200.0,1200.0,0.0,-0.0,0.0,0.0,784.13433,0.0,0.0,0.0,1200.0,1200.0,378.24967312800004,3044.0094690599994,3422.2591421879997
2025-01-25,132,7327.15,2025-01-25T22:00:00,2025-01-25T21:50:00,22:00:00,26,EC,0.0,22:00:00,26,EC,0.3085,22:00:00,26,EC,0.4209,1221.1916666666666,0.0,2527.15,421.19166666666666,2025-01-25T22:00:00,2025-01-25 00:00:00,2025-01-25 00:00:00,2025-01-25T22:00:00,2025-01-25T22:00:00,0.4209,420.56,0.0,28.536720000000024,449.09672,0.0,0,0.8,1200.0,1200.0,449.09672,0.0,0.0,1200.0,1200.0,0.0,0.0,0.0,0.0,772.0949466666666,0.0,0.0,0.0,1200.0,1200.0,189.024809448,1624.8738152599997,1813.8986247079997
2025-01-25,133,7187.146499999999,2025-01-25T22:10:00,2025-01-25T22:00:00,22:10:00,26,ED,0.0,22:10:00,26,ED,0.2605,22:10:00,26,ED,0.3859,1197.85775,0.0,2387.1465,397.85774999999995,2025-01-25T22:10:00,2025-01-25 00:00:00,2025-01-25 00:00:00,2025-01-25T22:10:00,2025-01-25T22:10:00,0.3859,426.2462,0.0,30.29477333333333,456.54097333333334,0.0,0,0.8,1200.0,1200.0,456.54097333333334,0.0,0.0,1200.0,1200.0,0.0,0.0,0.0,0.0,741.3167766666666,0.0,0.0,0.0,1200.0,1200.0,176.17916160933333,1430.370720578333,1606.5498821876663
2025-01-25,134,7284.541499999999,2025-01-25T22:20:00,2025-01-25T22:10:00,22:20:00,26,EE,0.0,22:20:00,26,EE,0.3204,22:20:00,26,EE,0.4368,1214.09025,0.0,2484.5415,414.09024999999997,2025-01-25T22:20:00,2025-01-25 00:00:00,2025-01-25 00:00:00,2025-01-25T22:20:00,2025-01-25T22:20:00,0.4368,448.35355,0.0,30.29477333333333,478.64832333333334,0.0,0,0.8,1200.0,1200.0,478.64832333333334,0.0,-0.0,1200.0,1200.0,0.0,0.0,0.0,0.0,735.4419266666666,0.0,0.0,0.0,1200.0,1200.0,209.073587632,1606.20516784,1815.278755472
2025-01-25,135,7447.18,2025-01-25T22:30:00,2025-01-25T22:20:00,22:30:00,26,EF,0.0,22:30:00,26,EF,0.3296,22:30:00,26,EF,0.4198,1241.1966666666667,0.0,2647.18,441.19666666666666,2025-01-25T22:30:00,2025-01-25 00:00:00,2025-01-25 00:00:00,2025-01-25T22:30:00,2025-01-25T22:30:00,0.4198,453.03666666666663,0.0,30.29477333333333,483.33144,0.0,0,0.8,1200.0,1200.0,483.33144,0.0,0.0,1200.0,1200.0,0.0,0.0,0.0,0.0,757.8652266666668,0.0,0.0,0.0,1200.0,1200.0,202.902538512,1590.7591107733338,1793.6616492853339
2025-01-25,136,7421.5043000000005,2025-01-25T22:40:00,2025-01-25T22:30:00,22:40:00,26,EG,0.0,22:40:00,26,EG,0.3061,22:40:00,26,EG,0.4186,1236.9173833333334,0.0,2621.5043,436.91738333333336,2025-01-25T22:40:00,2025-01-25 00:00:00,2025-01-25 00:00:00,2025-01-25T22:40:00,2025-01-25T22:40:00,0.4186,429.5550666666666,0.0,30.29477333333333,459.84984,0.0,0,0.8,1200.0,1200.0,459.84984,0.0,0.0,1200.0,1200.0,0.0,0.0,0.0,0.0,777.0675433333334,0.0,0.0,0.0,1200.0,1200.0,192.493143024,1626.4023681966669,1818.8955112206668
2025-01-25,137,7283.2034,2025-01-25T22:50:00,2025-01-25T22:40:00,22:50:00,26,EH,0.0,22:50:00,26,EH,0.2963,22:50:00,26,EH,0.4241,1213.8672333333334,0.0,2483.2034,413.86723333333333,2025-01-25T22:50:00,2025-01-25 00:00:00,2025-01-25 00:00:00,2025-01-25T22:50:00,2025-01-25T22:50:00,0.4241,401.05643333333336,0.0,30.29477333333333,431.3512066666667,0.0,0,0.8,1200.0,1200.0,431.3512066666667,0.0,0.0,1200.0,1200.0,0.0,0.0,0.0,0.0,782.5160266666667,0.0,0.0,0.0,1200.0,1200.0,182.93604674733334,1659.3252345466665,1842.261281294
2025-01-25,138,7167.889999999999,2025-01-25T23:00:00,2025-01-25T22:50:00,23:00:00,26,EI,0.0,23:00:00,26,EI,0.3014,23:00:00,26,EI,0.4237,1194.6483333333333,0.0,2367.89,394.6483333333333,2025-01-25T23:00:00,2025-01-25 00:00:00,2025-01-25 00:00:00,2025-01-25T23:00:00,2025-01-25T23:00:00,0.4237,396.83,0.0,30.29477333333333,427.12477333333334,0.0,0,0.8,1200.0,1200.0,427.12477333333334,0.0,0.0,1200.0,1200.0,0.0,0.0,0.0,0.0,767.52356,0.0,0.0,0.0,1200.0,1200.0,180.97276646133335,1625.99866186,1806.9714283213334
2025-01-25,139,7162.2724,2025-01-25T23:10:00,2025-01-25T23:00:00,23:10:00,26,EJ,0.0,23:10:00,26,EJ,0.2952,23:10:00,26,EJ,0.4248,1193.7120666666667,0.0,2362.2724,393.71206666666666,2025-01-25T23:10:00,2025-01-25 00:00:00,2025-01-25 00:00:00,2025-01-25T23:10:00,2025-01-25T23:10:00,0.4248,427.9829333333333,0.0,22.688459999999978,450.67139333333324,0.0,0,0.8,1200.0,1200.0,450.67139333333324,0.0,0.0,1200.0,1200.0,0.0,0.0,0.0,0.0,743.0406733333334,0.0,0.0,0.0,1200.0,1200.0,191.44520788799997,1578.2183901600004,1769.6635980480003
2025-01-25,140,7251.6939999999995,2025-01-25T23:20:00,2025-01-25T23:10:00,23:20:00,26,EK,0.0,23:20:00,26,EK,0.3396,23:20:00,26,EK,0.424,1208.6156666666666,0.0,2451.694,408.61566666666664,2025-01-25T23:20:00,2025-01-25 00:00:00,2025-01-25 00:00:00,2025-01-25T23:20:00,2025-01-25T23:20:00,0.424,443.68833333333333,0.0,22.688459999999978,466.3767933333333,0.0,0,0.8,1200.0,1200.0,466.3767933333333,0.0,0.0,1200.0,1200.0,0.0,0.0,0.0,0.0,742.2388733333332,0.0,0.0,0.0,1200.0,1200.0,197.74376037333332,1573.5464114666665,1771.2901718399999
2025-01-25,141,7339.449999999999,2025-01-25T23:30:00,2025-01-25T23:20:00,23:30:00,26,EL,0.0,23:30:00,26,EL,0.3992,23:30:00,26,EL,0.422,1223.2416666666666,0.0,2539.45,423.2416666666666,2025-01-25T23:30:00,2025-01-25 00:00:00,2025-01-25 00:00:00,2025-01-25T23:30:00,2025-01-25T23:30:00,0.422,425.77,0.0,22.688459999999978,448.45845999999995,0.0,0,0.8,1200.0,1200.0,448.45845999999995,0.0,0.0,1200.0,1200.0,0.0,0.0,0.0,0.0,774.7832066666666,0.0,0.0,0.0,1200.0,1200.0,189.24947011999998,1634.7925660666665,1824.0420361866666
2025-01-25,142,7378.045900000001,2025-01-25T23:40:00,2025-01-25T23:30:00,23:40:00,26,EM,0.0,23:40:00,26,EM,0.3718,23:40:00,26,EM,0.424,1229.6743166666668,0.0,2578.0459,429.6743166666667,2025-01-25T23:40:00,2025-01-25 00:00:00,2025-01-25 00:00:00,2025-01-25T23:40:00,2025-01-25T23:40:00,0.424,417.64348333333334,0.0,22.688459999999978,440.3319433333333,0.0,0,0.8,1200.0,1200.0,440.3319433333333,0.0,0.0,1200.0,1200.0,0.0,0.0,0.0,0.0,789.3423733333334,0.0,0.0,0.0,1200.0,1200.0,186.70074397333332,1673.405831466667,1860.1065754400004
2025-01-25,143,7719.4172,2025-01-25T23:50:00,2025-01-25T23:40:00,23:50:00,26,EN,0.0,23:50:00,26,EN,0.3638,23:50:00,26,EN,0.4271,1286.5695333333333,0.0,2919.4172,486.5695333333333,2025-01-25T23:50:00,2025-01-25 00:00:00,2025-01-25 00:00:00,2025-01-25T23:50:00,2025-01-25T23:50:00,0.4271,509.3992166666667,0.0,22.688459999999978,532.0876766666667,0.0,0,0.8,1200.0,1200.0,532.0876766666667,0.0,0.0,1200.0,1200.0,0.0,0.0,0.0,0.0,754.4818566666667,0.0,0.0,0.0,1200.0,1200.0,227.2546467043333,1611.1960049116667,1838.450651616
2025-01-25,144,8240.36,2025-01-26T00:00:00,2025-01-25T23:50:00,0:00+1,26,EO,0.0,0:00+1,26,EO,0.4179,0:00+1,26,EO,0.4276,1373.3933333333334,0.0,3440.36,573.3933333333333,2025-01-26T00:00:00,2025-01-25 00:00:00,2025-01-25 00:00:00,2025-01-26T00:00:00,2025-01-26T00:00:00,0.4276,637.3183333333333,0.0,22.688459999999978,660.0067933333332,0.0,0,0.8,1200.0,1200.0,660.0067933333333,0.0,0.0,1200.0,1200.0,0.0,0.0,0.0,0.0,713.3865400000001,0.0,0.0,0.0,1200.0,1200.0,282.2189048293333,1525.22042252,1807.4393273493333
2025-01-26,1,8418.1419,2025-01-26T00:10:00,2025-01-26T00:00:00,00:10:00,27,B,0.0,00:10:00,27,B,0.4597,00:10:00,27,B,0.4248,1403.02365,0.0,3618.1419,603.02365,2025-01-26T00:10:00,2025-01-26 00:00:00,2025-01-26 00:00:00,2025-01-26T00:10:00,2025-01-26T00:10:00,0.4248,636.8644666666667,0.0,25.002333333333294,661.8667999999999,0.0,0,0.8,1200.0,1200.0,1495.2001333333335,833.3333333333336,0.0,1200.0,1950.0000000000002,0.0,1.0,92.17648333333341,0.0,0.0,0.0,0.0,0.0,1200.0,1282.9588350000001,635.1610166400001,0.0,635.1610166400001
2025-01-26,2,8425.0328,2025-01-26T00:20:00,2025-01-26T00:10:00,00:20:00,27,C,0.0,00:20:00,27,C,0.4207,00:20:00,27,C,0.4245,1404.1721333333335,0.0,3625.0328,604.1721333333334,2025-01-26T00:20:00,2025-01-26 00:00:00,2025-01-26 00:00:00,2025-01-26T00:20:00,2025-01-26T00:20:00,0.4245,596.6740666666667,0.0,25.002333333333294,621.6764,0.0,0,0.8,1200.0,1200.0,1455.0097333333333,833.3333333333333,0.0,1950.0000000000002,2700.0,0.0,1.0,50.83759999999984,0.0,0.0,0.0,0.0,0.0,1282.9588350000001,1328.712675,617.6516318,0.0,617.6516318
2025-01-26,3,8400.119999999999,2025-01-26T00:30:00,2025-01-26T00:20:00,00:30:00,27,D,0.0,00:30:00,27,D,0.3577,00:30:00,27,D,0.4269,1400.02,0.0,3600.12,600.02,2025-01-26T00:30:00,2025-01-26 00:00:00,2025-01-26 00:00:00,2025-01-26T00:30:00,2025-01-26T00:30:00,0.4269,594.1733333333333,0.0,25.002333333333294,619.1756666666665,0.0,0,0.8,1200.0,1200.0,1452.5089999999998,833.3333333333333,0.0,2700.0,3450.0,0.0,1.0,52.488999999999805,0.0,0.0,0.0,0.0,0.0,1328.712675,1375.9527749999997,620.0760920999999,0.0,620.0760920999999
2025-01-26,4,8325.664,2025-01-26T00:40:00,2025-01-26T00:30:00,00:40:00,27,E,0.0,00:40:00,27,E,0.3976,00:40:00,27,E,0.4272,1387.6106666666667,0.0,3525.664,587.6106666666667,2025-01-26T00:40:00,2025-01-26 00:00:00,2025-01-26 00:00:00,2025-01-26T00:40:00,2025-01-26T00:40:00,0.4272,620.6631,0.0,25.002333333333294,645.6654333333332,0.0,0,0.8,1200.0,1200.0,1478.9987666666666,833.3333333333334,0.0,3450.0,4200.0,0.0,1.0000000000000002,91.3880999999999,0.0,0.0,0.0,0.0,0.0,1375.9527749999997,1458.2020649999997,631.8282731200001,0.0,631.8282731200001
2025-01-26,5,8396.932100000002,2025-01-26T00:50:00,2025-01-26T00:40:00,00:50:00,27,F,0.0,00:50:00,27,F,0.4572,00:50:00,27,F,0.4271,1399.4886833333335,0.0,3596.9321,599.4886833333334,2025-01-26T00:50:00,2025-01-26 00:00:00,2025-01-26 00:00:00,2025-01-26T00:50:00,2025-01-26T00:50:00,0.4271,630.5256,0.0,25.002333333333294,655.5279333333333,0.0,0,0.8,1200.0,1200.0,1488.8612666666666,833.3333333333333,0.0,4200.0,4950.0,0.0,1.0,89.37258333333307,0.0,0.0,0.0,0.0,0.0,1458.2020649999997,1538.6373899999994,635.8926469933333,0.0,635.8926469933333
2025-01-26,6,8575.4,2025-01-26T01:00:00,2025-01-26T00:50:00,01:00:00,27,G,0.0,01:00:00,27,G,0.4766,01:00:00,27,G,0.4285,1429.2333333333333,0.0,3775.4,629.2333333333333,2025-01-26T01:00:00,2025-01-26 00:00:00,2025-01-26 00:00:00,2025-01-26T01:00:00,2025-01-26T01:00:00,0.4285,622.4983333333333,0.0,25.002333333333294,647.5006666666666,0.0,0,0.8,1200.0,1200.0,1480.8339999999998,833.3333333333333,0.0,4950.0,5700.0,0.0,1.0,51.600666666666484,0.0,0.0,0.0,0.0,0.0,1538.6373899999994,1585.0779899999993,634.5373689999999,0.0,634.5373689999999
2025-01-26,7,8618.236100000002,2025-01-26T01:10:00,2025-01-26T01:00:00,01:10:00,27,H,0.0,01:10:00,27,H,0.4717,01:10:00,27,H,0.4311,1436.3726833333335,0.0,3818.2361,636.3726833333334,2025-01-26T01:10:00,2025-01-26 00:00:00,2025-01-26 00:00:00,2025-01-26T01:10:00,2025-01-26T01:10:00,0.4311,633.7338833333333,0.0,32.02361666666664,665.7574999999999,0.0,0,0.8,1200.0,1200.0,1332.4241666666667,666.6666666666666,0.0,5700.0,6300.0,0.0,1.0,0.0,103.94851666666682,0.0,0.0,0.0,0.0,1585.0779899999993,1469.5796381481473,574.40805825,0.0,574.40805825
2025-01-26,8,8616.2744,2025-01-26T01:20:00,2025-01-26T01:10:00,01:20:00,27,I,0.0,01:20:00,27,I,0.4524,01:20:00,27,I,0.4302,1436.0457333333334,0.0,3816.2744,636.0457333333333,2025-01-26T01:20:00,2025-01-26 00:00:00,2025-01-26 00:00:00,2025-01-26T01:20:00,2025-01-26T01:20:00,0.4302,644.9927,0.0,32.02361666666664,677.0163166666666,0.0,0,0.8,1200.0,1200.0,1510.3496499999999,833.3333333333333,0.0,6300.0,7050.0,0.0,1.0,74.30391666666651,0.0,0.0,0.0,0.0,0.0,1469.5796381481473,1536.4531631481473,649.75241943,0.0,649.75241943
2025-01-26,9,8595.64,2025-01-26T01:30:00,2025-01-26T01:20:00,01:30:00,27,J,0.0,01:30:00,27,J,0.4494,01:30:00,27,J,0.4279,1432.6066666666666,0.0,3795.64,632.6066666666667,2025-01-26T01:30:00,2025-01-26 00:00:00,2025-01-26 00:00:00,2025-01-26T01:30:00,2025-01-26T01:30:00,0.4279,643.5749999999999,0.0,32.02361666666664,675.5986166666665,0.0,0,0.8,1200.0,1200.0,1508.9319499999997,833.3333333333333,0.0,7050.0,7800.0,0.0,1.0,76.32528333333312,0.0,0.0,0.0,0.0,0.0,1536.4531631481473,1605.145918148147,645.6719814049999,0.0,645.6719814049999
2025-01-26,10,8487.2824,2025-01-26T01:40:00,2025-01-26T01:30:00,01:40:00,27,K,0.0,01:40:00,27,K,0.4907,01:40:00,27,K,0.4312,1414.5470666666665,0.0,3687.2824,614.5470666666666,2025-01-26T01:40:00,2025-01-26 00:00:00,2025-01-26 00:00:00,2025-01-26T01:40:00,2025-01-26T01:40:00,0.4312,639.2107166666666,0.0,32.02361666666664,671.2343333333332,0.0,0,0.8,1200.0,1200.0,671.2343333333332,0.0,0.0,7800.0,7800.0,0.0,0.0,0.0,364.63132633333237,378.68140700000095,0.0,0.0,0.0,1605.145918148147,1200.0,289.4362445333333,816.4371134920021,1105.8733580253354
2025-01-26,11,8442.2271,2025-01-26T01:50:00,2025-01-26T01:40:00,01:50:00,27,L,0.0,01:50:00,27,L,0.505,01:50:00,27,L,0.4333,1407.0378500000002,0.0,3642.2271,607.03785,2025-01-26T01:50:00,2025-01-26 00:00:00,2025-01-26 00:00:00,2025-01-26T01:50:00,2025-01-26T01:50:00,0.4333,645.6600500000001,0.0,32.02361666666664,677.6836666666667,0.0,0,0.8,1200.0,1200.0,677.6836666666667,0.0,0.0,7800.0,7800.0,0.0,0.0,0.0,0.0,729.3541833333335,0.0,0.0,0.0,1200.0,1200.0,293.6403327666667,1580.145838191667,1873.7861709583337
2025-01-26,12,8567.05,2025-01-26T02:00:00,2025-01-26T01:50:00,02:00:00,27,M,0.0,02:00:00,27,M,0.4862,02:00:00,27,M,0.4311,1427.8416666666667,0.0,3767.05,627.8416666666667,2025-01-26T02:00:00,2025-01-26 00:00:00,2025-01-26 00:00:00,2025-01-26T02:00:00,2025-01-26T02:00:00,0.4311,658.8316666666666,0.0,32.02361666666664,690.8552833333332,0.0,0,0.8,1200.0,1200.0,1524.1886166666663,833.3333333333333,0.0,7800.0,8550.0,0.0,1.0,96.34694999999965,0.0,0.0,0.0,0.0,0.0,1200.0,1286.7122549999997,657.0777126449998,0.0,657.0777126449998
2025-01-26,13,8813.0514,2025-01-26T02:10:00,2025-01-26T02:00:00,02:10:00,27,N,0.0,02:10:00,27,N,0.4951,02:10:00,27,N,0.4293,1468.8419,0.0,4013.0514,668.8419,2025-01-26T02:10:00,2025-01-26 00:00:00,2025-01-26 00:00:00,2025-01-26T02:10:00,2025-01-26T02:10:00,0.4293,664.1026666666667,0.0,27.218186666666696,691.3208533333334,0.0,0,0.8,1200.0,1200.0,1524.6541866666666,833.3333333333333,0.0,8550.0,9300.0,0.0,1.0,55.81228666666675,0.0,0.0,0.0,0.0,0.0,1286.7122549999997,1336.9433129999998,654.534042336,0.0,654.534042336
2025-01-26,14,8925.930500000002,2025-01-26T02:20:00,2025-01-26T02:10:00,02:20:00,27,O,0.0,02:20:00,27,O,0.5023,02:20:00,27,O,0.4324,1487.6550833333336,0.0,4125.9305,687.6550833333334,2025-01-26T02:20:00,2025-01-26 00:00:00,2025-01-26 00:00:00,2025-01-26T02:20:00,2025-01-26T02:20:00,0.4324,677.4254666666667,0.0,27.218186666666696,704.6436533333334,0.0,0,0.8,1200.0,1200.0,704.6436533333334,0.0,0.0,9300.0,9300.0,0.0,0.0,0.0,123.24898169999979,659.7624483000003,0.0,0.0,0.0,1336.9433129999998,1200.0,304.6879157013334,1426.4064132246006,1731.094328925934
2025-01-26,15,8850.77,2025-01-26T02:30:00,2025-01-26T02:20:00,02:30:00,27,P,0.0,02:30:00,27,P,0.4963,02:30:00,27,P,0.4367,1475.1283333333333,0.0,4050.77,675.1283333333333,2025-01-26T02:30:00,2025-01-26 00:00:00,2025-01-26 00:00:00,2025-01-26T02:30:00,2025-01-26T02:30:00,0.4367,681.605,0.0,27.218186666666696,708.8231866666667,0.0,0,0.8,1200.0,1200.0,708.8231866666667,0.0,0.0,9300.0,9300.0,0.0,0.0,0.0,0.0,766.3051466666666,0.0,0.0,0.0,1200.0,1200.0,309.54308561733336,1673.2272877466664,1982.7703733639999
2025-01-26,16,8739.5538,2025-01-26T02:40:00,2025-01-26T02:30:00,02:40:00,27,Q,0.0,02:40:00,27,Q,0.4928,02:40:00,27,Q,0.4348,1456.5923,0.0,3939.5538,656.5923,2025-01-26T02:40:00,2025-01-26 00:00:00,2025-01-26 00:00:00,2025-01-26T02:40:00,2025-01-26T02:40:00,0.4348,644.0834166666667,0.0,27.218186666666696,671.3016033333334,0.0,0,0.8,1200.0,1200.0,671.3016033333334,0.0,0.0,9300.0,9300.0,0.0,0.0,0.0,0.0,785.2906966666666,0.0,0.0,0.0,1200.0,1200.0,291.8819371293334,1707.221974553333,1999.1039116826664
2025-01-26,17,8580.2709,2025-01-26T02:50:00,2025-01-26T02:40:00,02:50:00,27,R,0.0,02:50:00,27,R,0.4534,02:50:00,27,R,0.4335,1430.04515,0.0,3780.2709,630.04515,2025-01-26T02:50:00,2025-01-26 00:00:00,2025-01-26 00:00:00,2025-01-26T02:50:00,2025-01-26T02:50:00,0.4335,631.6821833333333,0.0,27.218186666666696,658.9003700000001,0.0,0,0.8,1200.0,1200.0,658.9003700000001,0.0,0.0,9300.0,9300.0,0.0,0.0,0.0,0.0,771.1447799999999,0.0,0.0,0.0,1200.0,1200.0,285.633310395,1671.4563106499998,1957.0896210449998
2025-01-26,18,8478.5,2025-01-26T03:00:00,2025-01-26T02:50:00,03:00:00,27,S,0.0,03:00:00,27,S,0.4145,03:00:00,27,S,0.4357,1413.0833333333335,0.0,3678.5,613.0833333333334,2025-01-26T03:00:00,2025-01-26 00:00:00,2025-01-26 00:00:00,2025-01-26T03:00:00,2025-01-26T03:00:00,0.4357,664.775,0.0,27.218186666666696,691.9931866666667,0.0,0,0.8,1200.0,1200.0,691.9931866666667,0.0,0.0,9300.0,9300.0,0.0,0.0,0.0,0.0,721.0901466666668,0.0,0.0,0.0,1200.0,1200.0,301.5014314306667,1570.8948845133334,1872.396315944
2025-01-26,19,8624.2939,2025-01-26T03:10:00,2025-01-26T03:00:00,03:10:00,27,T,0.0,03:10:00,27,T,0.4545,03:10:00,27,T,0.4374,1437.3823166666666,0.0,3824.2939,637.3823166666667,2025-01-26T03:10:00,2025-01-26 00:00:00,2025-01-26 00:00:00,2025-01-26T03:10:00,2025-01-26T03:10:00,0.4374,695.7839,0.0,24.937999999999988,720.7219,0.0,0,0.8,1200.0,1200.0,720.7219,0.0,0.0,9300.0,9300.0,0.0,0.0,0.0,0.0,716.6604166666666,0.0,0.0,0.0,1200.0,1200.0,315.24375906,1567.33633125,1882.58009031
2025-01-26,20,8898.026399999999,2025-01-26T03:20:00,2025-01-26T03:10:00,03:20:00,27,U,0.0,03:20:00,27,U,0.4691,03:20:00,27,U,0.4371,1483.0043999999998,0.0,4098.0264,683.0043999999999,2025-01-26T03:20:00,2025-01-26 00:00:00,2025-01-26 00:00:00,2025-01-26T03:20:00,2025-01-26T03:20:00,0.4371,693.5707666666667,0.0,24.937999999999988,718.5087666666667,0.0,0,0.8,1200.0,1200.0,718.5087666666667,0.0,0.0,9300.0,9300.0,0.0,0.0,0.0,0.0,764.4956333333331,0.0,0.0,0.0,1200.0,1200.0,314.06018191,1670.8052066499993,1984.8653885599992
2025-01-26,21,9049.84,2025-01-26T03:30:00,2025-01-26T03:20:00,03:30:00,27,V,0.0,03:30:00,27,V,0.4431,03:30:00,27,V,0.4356,1508.3066666666668,0.0,4249.84,708.3066666666667,2025-01-26T03:30:00,2025-01-26 00:00:00,2025-01-26 00:00:00,2025-01-26T03:30:00,2025-01-26T03:30:00,0.4356,660.8933333333333,0.0,24.937999999999988,685.8313333333333,0.0,0,0.8,1200.0,1200.0,685.8313333333333,0.0,0.0,9300.0,9300.0,0.0,0.0,0.0,0.0,822.4753333333335,0.0,0.0,0.0,1200.0,1200.0,298.74812879999996,1791.3512760000003,2090.0994048000002
2025-01-26,22,8914.750200000002,2025-01-26T03:40:00,2025-01-26T03:30:00,03:40:00,27,W,0.0,03:40:00,27,W,0.4651,03:40:00,27,W,0.4353,1485.7917000000002,0.0,4114.7502,685.7917000000001,2025-01-26T03:40:00,2025-01-26 00:00:00,2025-01-26 00:00:00,2025-01-26T03:40:00,2025-01-26T03:40:00,0.4353,632.5577999999999,0.0,24.937999999999988,657.4957999999999,0.0,0,0.8,1200.0,1200.0,657.4957999999999,0.0,0.0,9300.0,9300.0,0.0,0.0,0.0,0.0,828.2959000000003,0.0,0.0,0.0,1200.0,1200.0,286.20792173999996,1802.7860263500006,2088.9939480900007
2025-01-26,23,8854.354,2025-01-26T03:50:00,2025-01-26T03:40:00,03:50:00,27,X,0.0,03:50:00,27,X,0.499,03:50:00,27,X,0.436,1475.7256666666667,0.0,4054.354,675.7256666666666,2025-01-26T03:50:00,2025-01-26 00:00:00,2025-01-26 00:00:00,2025-01-26T03:50:00,2025-01-26T03:50:00,0.436,652.2090833333333,0.0,24.937999999999988,677.1470833333333,0.0,0,0.8,1200.0,1200.0,677.1470833333333,0.0,0.0,9300.0,9300.0,0.0,0.0,0.0,0.0,798.5785833333334,0.0,0.0,0.0,1200.0,1200.0,295.2361283333333,1740.901311666667,2036.1374400000002
2025-01-26,24,8974.14,2025-01-26T04:00:00,2025-01-26T03:50:00,04:00:00,27,Y,0.0,04:00:00,27,Y,0.5063,04:00:00,27,Y,0.4378,1495.69,0.0,4174.14,695.69,2025-01-26T04:00:00,2025-01-26 00:00:00,2025-01-26 00:00:00,2025-01-26T04:00:00,2025-01-26T04:00:00,0.4378,688.81,0.0,24.937999999999988,713.7479999999999,0.0,0,0.8,1200.0,1200.0,713.7479999999999,0.0,0.0,9300.0,9300.0,0.0,0.0,0.0,0.0,781.9420000000001,0.0,0.0,0.0,1200.0,1200.0,312.4788744,1711.6710380000004,2024.1499124000004
2025-01-26,25,9034.8671,2025-01-26T04:10:00,2025-01-26T04:00:00,04:10:00,27,Z,0.0,04:10:00,27,Z,0.4909,04:10:00,27,Z,0.4401,1505.8111833333332,0.0,4234.8671,705.8111833333334,2025-01-26T04:10:00,2025-01-26 00:00:00,2025-01-26 00:00:00,2025-01-26T04:10:00,2025-01-26T04:10:00,0.4401,670.3374,0.0,28.71665333333347,699.0540533333335,0.0,0,0.8,1200.0,1200.0,699.0540533333335,0.0,0.0,9300.0,9300.0,0.0,0.0,0.0,0.0,806.7571299999997,0.0,0.0,0.0,1200.0,1200.0,307.6536888720001,1775.2690645649993,2082.9227534369993
2025-01-26,26,8978.5459,2025-01-26T04:20:00,2025-01-26T04:10:00,04:20:00,27,AA,0.0,04:20:00,27,AA,0.5034,04:20:00,27,AA,0.4389,1496.4243166666665,0.0,4178.5459,696.4243166666666,2025-01-26T04:20:00,2025-01-26 00:00:00,2025-01-26 00:00:00,2025-01-26T04:20:00,2025-01-26T04:20:00,0.4389,663.4198666666667,0.0,28.71665333333347,692.1365200000002,0.0,0,0.8,1200.0,1200.0,692.1365200000002,0.0,0.0,9300.0,9300.0,0.0,0.0,0.0,0.0,804.2877966666663,0.0,0.0,0.0,1200.0,1200.0,303.7787186280001,1765.0095697849993,2068.7882884129995
2025-01-26,27,8954.099999999999,2025-01-26T04:30:00,2025-01-26T04:20:00,04:30:00,27,AB,0.0,04:30:00,27,AB,0.5451,04:30:00,27,AB,0.4364,1492.35,0.0,4154.1,692.35,2025-01-26T04:30:00,2025-01-26 00:00:00,2025-01-26 00:00:00,2025-01-26T04:30:00,2025-01-26T04:30:00,0.4364,686.0949999999999,0.0,28.71665333333347,714.8116533333334,0.0,0,0.8,1200.0,1200.0,714.8116533333334,0.0,0.0,9300.0,9300.0,0.0,0.0,0.0,0.0,777.5383466666665,0.0,0.0,0.0,1200.0,1200.0,311.94380551466674,1696.5886724266663,2008.5324779413331
2025-01-26,28,9122.840100000001,2025-01-26T04:40:00,2025-01-26T04:30:00,04:40:00,27,AC,0.0,04:40:00,27,AC,0.5649,04:40:00,27,AC,0.4393,1520.4733500000002,0.0,4322.8401,720.4733500000001,2025-01-26T04:40:00,2025-01-26 00:00:00,2025-01-26 00:00:00,2025-01-26T04:40:00,2025-01-26T04:40:00,0.4393,687.2981333333333,0.0,28.71665333333347,716.0147866666669,0.0,0,0.8,1200.0,1200.0,716.0147866666669,0.0,0.0,9300.0,9300.0,0.0,0.0,0.0,0.0,804.4585633333334,0.0,0.0,0.0,1200.0,1200.0,314.54529578266676,1766.993234361667,2081.538530144334
2025-01-26,29,9092.6064,2025-01-26T04:50:00,2025-01-26T04:40:00,04:50:00,27,AD,0.00055,04:50:00,27,AD,0.5459,04:50:00,27,AD,0.4422,1515.4344,9.166666666666667e-05,4292.605299999999,715.4342166666667,2025-01-26T04:50:00,2025-01-26 00:00:00,2025-01-26 00:00:00,2025-01-26T04:50:00,2025-01-26T04:50:00,0.4422,675.9187333333333,0.00016666666666666666,28.71665333333347,704.6353866666668,0.00016666666666666666,0,0.8,1200.0,1200.0,704.6352200000001,0.0,0.0,9300.0,9300.0,0.0,0.0,0.0,0.0,810.7990883333333,0.0,0.0,0.0,1200.0,1200.0,311.589694284,1792.676784305,2104.266478589
2025-01-26,30,8929.71,2025-01-26T05:00:00,2025-01-26T04:50:00,05:00:00,27,AE,0.0,05:00:00,27,AE,0.5124,05:00:00,27,AE,0.4395,1488.2849999999999,0.0,4129.71,688.285,2025-01-26T05:00:00,2025-01-26 00:00:00,2025-01-26 00:00:00,2025-01-26T05:00:00,2025-01-26T05:00:00,0.4395,676.3333333333334,0.0,28.71665333333347,705.0499866666669,0.0,0,0.8,1200.0,1200.0,705.0499866666669,0.0,0.0,9300.0,9300.0,0.0,0.0,0.0,0.0,783.235013333333,0.0,0.0,0.0,1200.0,1200.0,309.8694691400001,1721.158941799999,2031.028410939999
2025-01-26,31,9081.149300000001,2025-01-26T05:10:00,2025-01-26T05:00:00,05:10:00,27,AF,0.0,05:10:00,27,AF,0.5099,05:10:00,27,AF,0.4333,1513.5248833333335,0.0,4281.1493,713.5248833333334,2025-01-26T05:10:00,2025-01-26 00:00:00,2025-01-26 00:00:00,2025-01-26T05:10:00,2025-01-26T05:10:00,0.4333,702.3887500000001,0.0,30.92185333333337,733.3106033333335,0.0,0,0.8,1200.0,1200.0,733.3106033333335,0.0,0.0,9300.0,9300.0,0.0,0.0,0.0,0.0,780.21428,0.0,0.0,0.0,1200.0,1200.0,317.7434844243334,1690.33423762,2008.0777220443335
2025-01-26,32,9145.1844,2025-01-26T05:20:00,2025-01-26T05:10:00,05:20:00,27,AG,0.00775,05:20:00,27,AG,0.5354,05:20:00,27,AG,0.4439,1524.1974,0.0012916666666666667,4345.1689,724.1948166666667,2025-01-26T05:20:00,2025-01-26 00:00:00,2025-01-26 00:00:00,2025-01-26T05:20:00,2025-01-26T05:20:00,0.4439,727.3856000000001,0.0024,30.92185333333337,758.3074533333335,0.0024,0,0.8,1200.0,1200.0,758.3050533333335,0.0,0.0,9300.0,9300.0,0.0,0.0,0.0,0.0,765.8910549999998,0.0,0.0,0.0,1200.0,1200.0,336.61161317466673,1699.8951965724996,2036.5068097471662
2025-01-26,33,9019.63,2025-01-26T05:30:00,2025-01-26T05:20:00,05:30:00,27,AH,0.0,05:30:00,27,AH,0.5161,05:30:00,27,AH,0.4301,1503.2716666666665,0.0,4219.63,703.2716666666666,2025-01-26T05:30:00,2025-01-26 00:00:00,2025-01-26 00:00:00,2025-01-26T05:30:00,2025-01-26T05:30:00,0.4301,711.5383333333333,0.0,30.92185333333337,742.4601866666667,0.0,0,0.8,1200.0,1200.0,1575.79352,833.3333333333333,0.0,9300.0,10050.0,0.0,1.0,72.52185333333341,0.0,0.0,0.0,0.0,0.0,1200.0,1265.2696680000001,677.7487929519999,0.0,677.7487929519999
2025-01-26,34,9092.210899999998,2025-01-26T05:40:00,2025-01-26T05:30:00,05:40:00,27,AI,0.0,05:40:00,27,AI,0.4308,05:40:00,27,AI,0.3713,1515.3684833333332,0.0,4292.2109,715.3684833333333,2025-01-26T05:40:00,2025-01-26 00:00:00,2025-01-26 00:00:00,2025-01-26T05:40:00,2025-01-26T05:40:00,0.3713,656.88555,0.0,30.92185333333337,687.8074033333334,0.0,0,0.8,1200.0,1200.0,1521.1407366666667,833.3333333333333,0.0,10050.0,10800.0,0.0,1.0,5.772253333333538,0.0,0.0,0.0,0.0,0.0,1265.2696680000001,1270.4646960000002,564.7995555243334,0.0,564.7995555243334
2025-01-26,35,9611.7339,2025-01-26T05:50:00,2025-01-26T05:40:00,05:50:00,27,AJ,0.1079,05:50:00,27,AJ,0.6677,05:50:00,27,AJ,0.5708,1601.9556499999999,0.017983333333333334,4811.5181,801.9196833333333,2025-01-26T05:50:00,2025-01-26 00:00:00,2025-01-26 00:00:00,2025-01-26T05:50:00,2025-01-26T05:50:00,0.5708,733.0547,0.0334,30.92185333333337,763.9765533333334,0.0334,0,0.8,1200.0,1200.0,763.9431533333334,-0.0,0.0,10800.0,10800.0,0.0,-0.0,0.0,63.41822640000021,774.576286933333,0.0,0.0,0.0,1270.4646960000002,1200.0,436.05875192266666,2210.6407229077327,2646.699474830399
2025-01-26,36,10211.14,2025-01-26T06:00:00,2025-01-26T05:50:00,06:00:00,27,AK,0.0,06:00:00,27,AK,1.0718,06:00:00,27,AK,0.9099,1701.8566666666666,0.0,5411.14,901.8566666666667,2025-01-26T06:00:00,2025-01-26 00:00:00,2025-01-26 00:00:00,2025-01-26T06:00:00,2025-01-26T06:00:00,0.9099,889.4,0.0,30.92185333333337,920.3218533333334,0.0,0,0.8,1200.0,1200.0,920.3218533333334,0.0,0.0,10800.0,10800.0,0.0,0.0,0.0,0.0,781.5348133333332,0.0,0.0,0.0,1200.0,1200.0,837.400854348,3555.5926332599993,4392.993487608
2025-01-26,37,10244.902699999999,2025-01-26T06:10:00,2025-01-26T06:00:00,06:10:00,27,AL,0.0,06:10:00,27,AL,1.0761,06:10:00,27,AL,0.9368,1707.4837833333331,0.0,5444.9027,907.4837833333332,2025-01-26T06:10:00,2025-01-26 00:00:00,2025-01-26 00:00:00,2025-01-26T06:10:00,2025-01-26T06:10:00,0.9368,901.9759333333333,0.0,20.328610000000005,922.3045433333333,0.0,0,0.8,1200.0,1200.0,247.3045433333333,0.0,675.0,10800.0,10050.0,0.0,0.0,0.0,0.0,1460.17924,0.0,0.0,0.0,1200.0,1200.0,231.67489619466662,6839.47956016,7071.154456354667
2025-01-26,38,10225.9845,2025-01-26T06:20:00,2025-01-26T06:10:00,06:20:00,27,AM,1.5027,06:20:00,27,AM,1.0301,06:20:00,27,AM,0.8758,1704.33075,0.25045,5422.9791,903.82985,2025-01-26T06:20:00,2025-01-26 00:00:00,2025-01-26 00:00:00,2025-01-26T06:20:00,2025-01-26T06:20:00,0.8758,895.45745,0.46515,20.328610000000005,915.78606,0.46515,0,0.8,1200.0,1200.0,915.32091,0.0,0.0,10050.0,10050.0,0.0,0.0,0.0,0.0,788.75939,0.0,0.0,0.0,1200.0,1200.0,801.638052978,3453.9773688100004,4255.615421788
2025-01-26,39,10294.45,2025-01-26T06:30:00,2025-01-26T06:20:00,06:30:00,27,AN,0.0,06:30:00,27,AN,1.0849,06:30:00,27,AN,0.8759,1715.7416666666668,0.0,5494.45,915.7416666666667,2025-01-26T06:30:00,2025-01-26 00:00:00,2025-01-26 00:00:00,2025-01-26T06:30:00,2025-01-26T06:30:00,0.8759,925.4716666666667,0.0,20.328610000000005,945.8002766666667,0.0,0,0.8,1200.0,1200.0,945.8002766666667,0.0,0.0,10050.0,10050.0,0.0,0.0,0.0,0.0,769.9413900000001,0.0,0.0,0.0,1200.0,1200.0,828.4264623323334,3371.9583175050007,4200.384779837334
2025-01-26,40,10121.727700000001,2025-01-26T06:40:00,2025-01-26T06:30:00,06:40:00,27,AO,0.0,06:40:00,27,AO,1.0386,06:40:00,27,AO,0.8601,1686.9546166666669,0.0,5321.7277,886.9546166666668,2025-01-26T06:40:00,2025-01-26 00:00:00,2025-01-26 00:00:00,2025-01-26T06:40:00,2025-01-26T06:40:00,0.8601,916.3925333333333,0.0,20.328610000000005,936.7211433333333,0.0,0,0.8,1200.0,1200.0,936.7211433333333,0.0,0.0,10050.0,10050.0,0.0,0.0,0.0,0.0,750.2334733333336,0.0,0.0,0.0,1200.0,1200.0,805.673855381,3226.379052070001,4032.052907451001
2025-01-26,41,10152.196100000001,2025-01-26T06:50:00,2025-01-26T06:40:00,06:50:00,27,AP,25.1924,06:50:00,27,AP,1.0074,06:50:00,27,AP,0.8442,1692.0326833333334,4.198733333333333,5301.8113,883.6352166666667,2025-01-26T06:50:00,2025-01-26 00:00:00,2025-01-26 00:00:00,2025-01-26T06:50:00,2025-01-26T06:50:00,0.8442,901.9587166666666,7.80145,20.328610000000005,922.2873266666667,7.80145,0,0.8,1200.0,1200.0,914.4858766666666,0.0,0.0,10050.0,10050.0,0.0,0.0,0.0,0.0,773.3480733333334,0.0,0.0,0.0,1200.0,1200.0,772.0089770819999,3264.3022175400006,4036.3111946220006
2025-01-26,42,10396.52,2025-01-26T07:00:00,2025-01-26T06:50:00,07:00:00,27,AQ,115.0875,07:00:00,27,AQ,1.0551,07:00:00,27,AQ,0.8334,1732.7533333333336,19.181250000000002,5366.345,894.3908333333335,2025-01-26T07:00:00,2025-01-26 00:00:00,2025-01-26 00:00:00,2025-01-26T07:00:00,2025-01-26T07:00:00,0.8334,900.415,35.7125,20.328610000000005,920.74361,35.7125,0,0.8,1200.0,1200.0,885.03111,0.0,0.0,10050.0,10050.0,0.0,0.0,0.0,0.0,828.5409733333336,0.0,0.0,0.0,1200.0,1200.0,737.584927074,3452.530235880001,4190.115162954001
2025-01-26,43,10412.940299999998,2025-01-26T07:10:00,2025-01-26T07:00:00,07:10:00,27,AR,230.8709,07:10:00,27,AR,1.1035,07:10:00,27,AR,0.8092,1735.4900499999999,38.47848333333334,5151.1985,858.5330833333334,2025-01-26T07:10:00,2025-01-26 00:00:00,2025-01-26 00:00:00,2025-01-26T07:10:00,2025-01-26T07:10:00,0.8092,892.1807333333333,72.94324999999999,32.78191666666678,924.96265,72.94324999999999,0,0.8,1200.0,1200.0,852.0194,0.0,0.0,10050.0,10050.0,0.0,0.0,0.0,0.0,844.9921666666665,0.0,0.0,0.0,1200.0,1200.0,689.4540984800001,3418.838306333333,4108.292404813334
2025-01-26,44,10462.4424,2025-01-26T07:20:00,2025-01-26T07:10:00,07:20:00,27,AS,349.8606,07:20:00,27,AS,1.0597,07:20:00,27,AS,0.7972,1743.7404000000001,58.3101,4962.7212,827.1202000000001,2025-01-26T07:20:00,2025-01-26 00:00:00,2025-01-26 00:00:00,2025-01-26T07:20:00,2025-01-26T07:20:00,0.7972,883.5705666666667,117.41653333333333,32.78191666666678,916.3524833333335,117.41653333333333,0,0.8,1200.0,1200.0,798.9359500000002,0.0,0.0,10050.0,10050.0,0.0,0.0,0.0,0.0,886.4943499999999,0.0,0.0,0.0,1200.0,1200.0,636.9117393400002,3533.5664791,4170.47821844
2025-01-26,45,10425.310000000001,2025-01-26T07:30:00,2025-01-26T07:20:00,07:30:00,27,AT,475.04999999999995,07:30:00,27,AT,0.93,07:30:00,27,AT,0.7644,1737.5516666666667,79.175,4675.21,779.2016666666667,2025-01-26T07:30:00,2025-01-26 00:00:00,2025-01-26 00:00:00,2025-01-26T07:30:00,2025-01-26T07:30:00,0.7644,862.0183333333333,162.88125,32.78191666666678,894.8002500000001,162.88125,0,0.8,1200.0,1200.0,731.9190000000001,0.0,0.0,10050.0,10050.0,0.0,0.0,0.0,0.0,926.4576666666667,0.0,0.0,0.0,1200.0,1200.0,559.4788836,3540.921202,4100.4000856
2025-01-26,46,10059.8909,2025-01-26T07:40:00,2025-01-26T07:30:00,07:40:00,27,AU,624.1657,07:40:00,27,AU,0.8571,07:40:00,27,AU,0.6899,1676.6484833333334,104.02761666666667,4011.5595000000003,668.59325,2025-01-26T07:40:00,2025-01-26 00:00:00,2025-01-26 00:00:00,2025-01-26T07:40:00,2025-01-26T07:40:00,0.6899,838.1328333333332,202.54048333333333,32.78191666666678,870.91475,202.54048333333333,0,0.8,1200.0,1200.0,1501.7076,833.3333333333333,0.0,10050.0,10800.0,0.0,1.0,0.0,0.0,70.91326666666669,0.0,0.0,0.0,1200.0,1200.0,1036.02807324,244.6153133666667,1280.6433866066666
2025-01-26,47,10788.936,2025-01-26T07:50:00,2025-01-26T07:40:00,07:50:00,27,AV,781.95235,07:50:00,27,AV,1.0971,07:50:00,27,AV,0.86,1798.156,130.32539166666666,4425.0313,737.5052166666667,2025-01-26T07:50:00,2025-01-26 00:00:00,2025-01-26 00:00:00,2025-01-26T07:50:00,2025-01-26T07:50:00,0.86,1002.9044,250.03543333333334,32.78191666666678,1035.6863166666667,250.03543333333334,0,0.8,1200.0,1200.0,785.6508833333334,0.0,0.0,10800.0,10800.0,0.0,0.0,0.0,0.0,882.179725,0.0,0.0,0.0,1200.0,1200.0,675.6597596666667,3793.3728174999997,4469.032577166667
2025-01-26,48,12153.2,2025-01-26T08:00:00,2025-01-26T07:50:00,08:00:00,27,AW,944.5687499999999,08:00:00,27,AW,1.4478,08:00:00,27,AW,1.1617,2025.5333333333333,157.428125,5464.0625,910.6770833333333,2025-01-26T08:00:00,2025-01-26 00:00:00,2025-01-26 00:00:00,2025-01-26T08:00:00,2025-01-26T08:00:00,1.1617,1235.6033333333332,304.64375,32.78191666666678,1268.38525,304.64375,0,0.8,1200.0,1200.0,130.40816666666683,0.0,833.3333333333333,10800.0,9874.074074074075,0.0,0.0,0.0,0.0,1737.6970416666663,0.0,0.0,0.0,1200.0,1200.0,151.49516721666686,10093.41326652083,10244.908433737497
2025-01-26,49,12177.783800000001,2025-01-26T08:10:00,2025-01-26T08:00:00,08:10:00,27,AX,1117.9369,08:10:00,27,AX,1.4264,08:10:00,27,AX,1.1683,2029.6306333333334,186.32281666666665,5141.91,856.9850000000001,2025-01-26T08:10:00,2025-01-26 00:00:00,2025-01-26 00:00:00,2025-01-26T08:10:00,2025-01-26T08:10:00,1.1683,1207.69265,351.96316666666667,44.672943333333336,1252.3655933333332,351.96316666666667,0,0.8,1200.0,1200.0,67.06909333333329,0.0,833.3333333333333,9874.074074074075,8948.14814814815,0.0,0.0,0.0,0.0,1776.2387233333334,0.0,0.0,0.0,1200.0,1200.0,78.35682174133326,10375.898502351667,10454.255324093001
2025-01-26,50,11985.295900000001,2025-01-26T08:20:00,2025-01-26T08:10:00,08:20:00,27,AY,1270.1867,08:20:00,27,AY,1.3558,08:20:00,27,AY,1.0956,1997.5493166666668,211.69778333333332,4644.922500000001,774.1537500000002,2025-01-26T08:20:00,2025-01-26 00:00:00,2025-01-26 00:00:00,2025-01-26T08:20:00,2025-01-26T08:20:00,1.0956,1173.9216666666666,400.4119,44.672943333333336,1218.5946099999999,400.4119,0,0.8,1200.0,1200.0,0.0,0.0,818.1827099999998,8948.14814814815,8039.05624814815,0.0,0.0,0.0,0.0,1785.8515333333335,0.0,0.0,0.0,1200.0,1200.0,0.0,9782.8946996,9782.8946996
2025-01-26,51,12200.64,2025-01-26T08:30:00,2025-01-26T08:20:00,08:30:00,27,AZ,1423.78125,08:30:00,27,AZ,1.3878,08:30:00,27,AZ,1.0849,2033.44,237.296875,4553.0775,758.84625,2025-01-26T08:30:00,2025-01-26 00:00:00,2025-01-26 00:00:00,2025-01-26T08:30:00,2025-01-26T08:30:00,1.0849,1222.9683333333335,450.45625,44.672943333333336,1267.6412766666667,450.45625,0,0.8,1200.0,1200.0,0.0,0.0,817.1850266666668,8039.05624814815,7131.072885185187,0.0,0.0,0.0,0.0,1796.143125,0.0,0.0,0.0,1200.0,1200.0,0.0,9743.1783815625,9743.1783815625
2025-01-26,52,12265.2636,2025-01-26T08:40:00,2025-01-26T08:30:00,08:40:00,27,BA,1625.5627999999997,08:40:00,27,BA,1.3498,08:40:00,27,BA,1.061,2044.2106,270.9271333333333,4214.138000000001,702.3563333333335,2025-01-26T08:40:00,2025-01-26 00:00:00,2025-01-26 00:00:00,2025-01-26T08:40:00,2025-01-26T08:40:00,1.061,1190.5599166666666,494.4409666666666,44.672943333333336,1235.2328599999998,494.4409666666666,0,0.8,1200.0,1200.0,0.0,0.0,740.7918933333333,7131.072885185187,6307.970781481484,0.0,0.0,0.0,0.0,1773.2834666666668,0.0,0.0,0.0,1200.0,1200.0,0.0,9407.268790666667,9407.268790666667
2025-01-26,53,12085.523799999999,2025-01-26T08:50:00,2025-01-26T08:40:00,08:50:00,27,BB,1770.3937,08:50:00,27,BB,1.2843,08:50:00,27,BB,1.043,2014.2539666666667,295.0656166666667,3744.7364,624.1227333333333,2025-01-26T08:50:00,2025-01-26 00:00:00,2025-01-26 00:00:00,2025-01-26T08:50:00,2025-01-26T08:50:00,1.043,1159.6565333333333,546.8363833333334,44.672943333333336,1204.3294766666666,546.8363833333334,0,0.8,1200.0,1200.0,0.0,0.0,657.4930933333331,6307.970781481484,5577.422900000002,0.0,0.0,0.0,0.0,1719.18835,0.0,0.0,0.0,1200.0,1200.0,0.0,8965.567245249998,8965.567245249998
2025-01-26,54,11905.67,2025-01-26T09:00:00,2025-01-26T08:50:00,09:00:00,27,BC,1862.38125,09:00:00,27,BC,1.2435,09:00:00,27,BC,1.036,1984.2783333333334,310.39687499999997,3380.9075000000003,563.4845833333335,2025-01-26T09:00:00,2025-01-26 00:00:00,2025-01-26 00:00:00,2025-01-26T09:00:00,2025-01-26T09:00:00,1.036,1182.21,607.8874999999999,44.672943333333336,1226.8829433333333,607.8874999999999,0,0.8,1200.0,1200.0,0.0,0.0,618.9954433333334,5577.422900000002,4889.650185185187,0.0,0.0,0.0,0.0,1673.8814583333335,0.0,0.0,0.0,1200.0,1200.0,0.0,8670.705954166668,8670.705954166668
2025-01-26,55,12011.8964,2025-01-26T09:10:00,2025-01-26T09:00:00,09:10:00,27,BD,2015.4686500000003,09:10:00,27,BD,1.2241,09:10:00,27,BD,1.0147,2001.9827333333333,335.9114416666667,3180.9590999999996,530.1598499999999,2025-01-26T09:10:00,2025-01-26 00:00:00,2025-01-26 00:00:00,2025-01-26T09:10:00,2025-01-26T09:10:00,1.0147,1213.3816833333333,661.8757833333333,44.73281666666669,1258.1145,661.8757833333333,0,0.8,1200.0,1200.0,0.0,0.0,596.2387166666666,4889.650185185187,4227.162722222224,0.0,0.0,0.0,0.0,1666.0712916666666,0.0,0.0,0.0,1200.0,1200.0,0.0,8452.812698270833,8452.812698270833
2025-01-26,56,12048.403900000001,2025-01-26T09:20:00,2025-01-26T09:10:00,09:20:00,27,BE,2192.65915,09:20:00,27,BE,1.1924,09:20:00,27,BE,0.9922,2008.0673166666668,365.4431916666667,2863.0856000000003,477.1809333333334,2025-01-26T09:20:00,2025-01-26 00:00:00,2025-01-26 00:00:00,2025-01-26T09:20:00,2025-01-26T09:20:00,0.9922,1208.6565333333333,708.8280833333333,44.73281666666669,1253.38935,708.8280833333333,0,0.8,1200.0,1200.0,0.0,0.0,544.5612666666666,4227.162722222224,3622.09464814815,0.0,0.0,0.0,0.0,1642.624125,0.0,0.0,0.0,1200.0,1200.0,0.0,8149.058284125001,8149.058284125001
2025-01-26,57,11948.439999999999,2025-01-26T09:30:00,2025-01-26T09:20:00,09:30:00,27,BF,2351.475,09:30:00,27,BF,1.1515,09:30:00,27,BF,0.97,1991.4066666666665,391.91249999999997,2445.49,407.5816666666666,2025-01-26T09:30:00,2025-01-26 00:00:00,2025-01-26 00:00:00,2025-01-26T09:30:00,2025-01-26T09:30:00,0.97,1177.8316666666667,752.06875,44.73281666666669,1222.5644833333333,752.06875,0,0.8,1200.0,1200.0,0.0,0.0,470.4957333333333,3622.09464814815,3099.3216111111133,0.0,0.0,0.0,0.0,1599.4941666666666,0.0,0.0,0.0,1200.0,1200.0,0.0,7757.546708333332,7757.546708333332
2025-01-26,58,11978.7695,2025-01-26T09:40:00,2025-01-26T09:30:00,09:40:00,27,BG,2470.6518,09:40:00,27,BG,1.1509,09:40:00,27,BG,0.9422,1996.4615833333335,411.7753,2237.4659,372.91098333333343,2025-01-26T09:40:00,2025-01-26 00:00:00,2025-01-26 00:00:00,2025-01-26T09:40:00,2025-01-26T09:40:00,0.9422,1172.4404333333334,792.6431666666667,44.73281666666669,1217.17325,792.6431666666667,0,0.8,1200.0,1200.0,424.5300833333333,0.0,0.0,3099.3216111111133,3099.3216111111133,0.0,0.0,0.0,0.0,1160.1562000000001,0.0,0.0,0.0,1200.0,1200.0,399.9922445166667,5465.495858200001,5865.4881027166675
2025-01-26,59,11947.823,2025-01-26T09:50:00,2025-01-26T09:40:00,09:50:00,27,BH,2485.3367,09:50:00,27,BH,1.2458,09:50:00,27,BH,0.9569,1991.3038333333334,414.2227833333333,2177.1496000000006,362.85826666666674,2025-01-26T09:50:00,2025-01-26 00:00:00,2025-01-26 00:00:00,2025-01-26T09:50:00,2025-01-26T09:50:00,0.9569,1196.8093000000001,826.4924,44.73281666666669,1241.5421166666667,826.4924,0,0.8,1200.0,1200.0,415.04971666666677,0.0,0.0,3099.3216111111133,3099.3216111111133,0.0,0.0,0.0,0.0,1162.0313333333334,0.0,0.0,0.0,1200.0,1200.0,397.1610738783334,5559.738914333333,5956.899988211667
2025-01-26,60,11883.24,2025-01-26T10:00:00,2025-01-26T09:50:00,10:00:00,27,BI,2480.4,10:00:00,27,BI,1.372,10:00:00,27,BI,0.9977,1980.54,413.40000000000003,2122.4399999999996,353.7399999999999,2025-01-26T10:00:00,2025-01-26 00:00:00,2025-01-26 00:00:00,2025-01-26T10:00:00,2025-01-26T10:00:00,0.9977,1209.69,861.5124999999999,44.73281666666669,1254.4228166666667,861.5124999999999,0,0.8,1200.0,1200.0,0.0,0.0,392.91031666666674,3099.3216111111133,2662.7545925925947,0.0,0.0,0.0,0.0,1567.1399999999999,0.0,0.0,0.0,1200.0,1200.0,0.0,7817.67789,7817.67789
2025-01-26,61,12000.758899999999,2025-01-26T10:10:00,2025-01-26T10:00:00,10:10:00,27,BJ,2625.01125,10:10:00,27,BJ,1.3876,10:10:00,27,BJ,0.9919,2000.1264833333332,437.501875,1950.7363999999998,325.12273333333326,2025-01-26T10:10:00,2025-01-26 00:00:00,2025-01-26 00:00:00,2025-01-26T10:10:00,2025-01-26T10:10:00,0.9919,1168.7817499999999,911.5957166666667,55.79407333333341,1224.5758233333333,911.5957166666667,0,0.8,1200.0,1200.0,0.0,0.0,312.98010666666664,2662.7545925925947,2314.9989185185204,0.0,0.0,0.0,0.0,1562.6246083333333,0.0,0.0,0.0,1200.0,1200.0,0.0,7749.836745029167,7749.836745029167
2025-01-26,62,11940.1234,2025-01-26T10:20:00,2025-01-26T10:10:00,10:20:00,27,BK,2786.34675,10:20:00,27,BK,1.327,10:20:00,27,BK,0.9588,1990.0205666666668,464.39112500000005,1567.4299,261.2383166666667,2025-01-26T10:20:00,2025-01-26 00:00:00,2025-01-26 00:00:00,2025-01-26T10:20:00,2025-01-26T10:20:00,0.9588,1156.0250166666667,962.1431666666667,55.79407333333341,1211.8190900000002,962.1431666666667,0,0.8,1200.0,1200.0,17.159653333331704,0.0,232.51627000000175,2314.9989185185204,2056.6475074074074,0.0,0.0,0.0,0.0,1508.4697883333351,0.0,0.0,0.0,1200.0,1200.0,16.452675615998437,7231.604165270008,7248.056840886006
2025-01-26,63,11799.439999999999,2025-01-26T10:30:00,2025-01-26T10:20:00,10:30:00,27,BL,2863.06875,10:30:00,27,BL,1.3136,10:30:00,27,BL,0.9549,1966.5733333333333,477.17812499999997,1273.3024999999998,212.21708333333333,2025-01-26T10:30:00,2025-01-26 00:00:00,2025-01-26 00:00:00,2025-01-26T10:30:00,2025-01-26T10:30:00,0.9549,1186.8833333333334,1000.625,55.79407333333341,1242.677406666667,1000.625,0,0.8,1200.0,1200.0,242.0524066666669,0.0,0.0,2056.6475074074074,2056.6475074074074,0.0,0.0,0.0,0.0,1247.3428016666664,0.0,0.0,0.0,1200.0,1200.0,231.13584312600022,5955.438206557498,6186.574049683499
2025-01-26,64,12001.8835,2025-01-26T10:40:00,2025-01-26T10:30:00,10:40:00,27,BM,2876.10655,10:40:00,27,BM,1.395,10:40:00,27,BM,0.9839,2000.3139166666667,479.35109166666666,1449.6704,241.6117333333334,2025-01-26T10:40:00,2025-01-26 00:00:00,2025-01-26 00:00:00,2025-01-26T10:40:00,2025-01-26T10:40:00,0.9839,1198.5510166666666,1023.3623333333334,55.79407333333341,1254.34509,1023.3623333333334,0,0.8,1200.0,1200.0,0.0,0.0,230.98275666666666,2056.6475074074074,1800.0,0.0,0.0,0.0,0.0,1520.962825,0.0,0.0,0.0,1200.0,1200.0,0.0,7482.376617587501,7482.376617587501
2025-01-26,65,11890.416599999999,2025-01-26T10:50:00,2025-01-26T10:40:00,10:50:00,27,BN,2898.29205,10:50:00,27,BN,1.1666,10:50:00,27,BN,0.799,1981.7360999999999,483.048675,1293.8324999999995,215.63874999999985,2025-01-26T10:50:00,2025-01-26 00:00:00,2025-01-26 00:00:00,2025-01-26T10:50:00,2025-01-26T10:50:00,0.799,1204.87735,1026.2128,55.79407333333341,1260.6714233333335,1026.2128,0,0.8,1200.0,1200.0,234.45862333333343,0.0,0.0,1800.0,1800.0,0.0,0.0,0.0,0.0,1264.2288016666664,0.0,0.0,0.0,1200.0,1200.0,187.33244004333343,5050.594062658332,5237.926502701665
2025-01-26,66,11528.9,2025-01-26T11:00:00,2025-01-26T10:50:00,11:00:00,27,BO,2965.29375,11:00:00,27,BO,0.7551,11:00:00,27,BO,0.5025,1921.4833333333333,494.215625,798.3125,133.05208333333337,2025-01-26T11:00:00,2025-01-26 00:00:00,2025-01-26 00:00:00,2025-01-26T11:00:00,2025-01-26T11:00:00,0.5025,1197.265,1038.5125,55.79407333333341,1253.0590733333336,1038.5125,0,0.8,1200.0,1200.0,1047.8799066666668,833.3333333333333,0.0,1800.0,2550.0,0.0,1.0,0.0,0.0,379.3878016666665,0.0,0.0,0.0,1200.0,1200.0,526.5596531,953.2118516874996,1479.7715047874995
2025-01-26,67,11664.4274,2025-01-26T11:10:00,2025-01-26T11:00:00,11:10:00,27,BP,3040.7575,11:10:00,27,BP,0.7166,11:10:00,27,BP,0.4662,1944.0712333333333,506.7929166666667,782.9123999999993,130.4853999999999,2025-01-26T11:10:00,2025-01-26 00:00:00,2025-01-26 00:00:00,2025-01-26T11:10:00,2025-01-26T11:10:00,0.4662,1152.5289166666666,1089.6296833333333,52.13665333333329,1204.66557,1089.6296833333333,0,0.8,1200.0,1200.0,948.3692199999998,833.3333333333333,0.0,2550.0,3300.0,0.0,1.0,0.0,0.0,488.90909666666676,0.0,0.0,0.0,1200.0,1200.0,442.1297303639999,1139.6471043300003,1581.7768346940002
2025-01-26,68,11811.286699999999,2025-01-26T11:20:00,2025-01-26T11:10:00,11:20:00,27,BQ,3004.83785,11:20:00,27,BQ,0.7603,11:20:00,27,BQ,0.5007,1968.5477833333332,500.80630833333333,1001.6109999999999,166.93516666666653,2025-01-26T11:20:00,2025-01-26 00:00:00,2025-01-26 00:00:00,2025-01-26T11:20:00,2025-01-26T11:20:00,0.5007,1154.4774,1080.95165,52.13665333333329,1206.6140533333332,1080.95165,0,0.8,1200.0,1200.0,958.9957366666665,833.3333333333333,0.0,3300.0,4050.0,0.0,1.0,0.0,0.0,508.7457383333333,0.0,0.0,0.0,1200.0,1200.0,480.16916534899997,1273.6449559175,1753.8141212665
2025-01-26,69,11726.720000000001,2025-01-26T11:30:00,2025-01-26T11:20:00,11:30:00,27,BR,2918.08125,11:30:00,27,BR,0.7201,11:30:00,27,BR,0.4827,1954.4533333333334,486.346875,1090.5575,181.75958333333335,2025-01-26T11:30:00,2025-01-26 00:00:00,2025-01-26 00:00:00,2025-01-26T11:30:00,2025-01-26T11:30:00,0.4827,1191.2816666666665,1033.41875,52.13665333333329,1243.4183199999998,1033.41875,0,0.8,1200.0,1200.0,1043.332903333333,833.3333333333333,0.0,4050.0,4800.0,0.0,1.0,0.0,0.0,424.77355500000044,0.0,0.0,0.0,1200.0,1200.0,503.6167924389998,1025.190974992501,1528.807767431501
2025-01-26,70,11651.8199,2025-01-26T11:40:00,2025-01-26T11:30:00,11:40:00,27,BS,2962.3998,11:40:00,27,BS,0.728,11:40:00,27,BS,0.4785,1941.9699833333334,493.73330000000004,927.0203000000001,154.50338333333332,2025-01-26T11:40:00,2025-01-26 00:00:00,2025-01-26 00:00:00,2025-01-26T11:40:00,2025-01-26T11:40:00,0.4785,1166.7334,1069.0825666666667,52.13665333333329,1218.8700533333333,1069.0825666666667,0,0.8,1200.0,1200.0,983.1208199999999,833.3333333333333,0.0,4800.0,5550.0,0.0,1.0,0.0,0.0,465.11586333333344,0.0,0.0,0.0,1200.0,1200.0,470.4233123699999,1112.7897030250003,1583.2130153950002
2025-01-26,71,11522.5178,2025-01-26T11:50:00,2025-01-26T11:40:00,11:50:00,27,BT,3007.5066,11:50:00,27,BT,0.735,11:50:00,27,BT,0.4662,1920.4196333333332,501.2511,707.5045999999993,117.91743333333318,2025-01-26T11:50:00,2025-01-26 00:00:00,2025-01-26 00:00:00,2025-01-26T11:50:00,2025-01-26T11:50:00,0.4662,1135.05275,1110.47395,52.13665333333329,1187.1894033333333,1110.47395,0,0.8,1200.0,1200.0,910.0487866666665,833.3333333333333,0.0,5550.0,6300.0,0.0,1.0,0.0,0.0,509.11974666666674,0.0,0.0,0.0,1200.0,1200.0,424.26474434399995,1186.7581294800002,1611.0228738240003
2025-01-26,72,11372.18,2025-01-26T12:00:00,2025-01-26T11:50:00,12:00:00,27,BU,2962.2,12:00:00,27,BU,0.7126,12:00:00,27,BU,0.4432,1895.3633333333335,493.7,647.7800000000007,107.96333333333348,2025-01-26T12:00:00,2025-01-26 00:00:00,2025-01-26 00:00:00,2025-01-26T12:00:00,2025-01-26T12:00:00,0.4432,1110.4383333333333,1112.9437500000001,52.13665333333329,1162.5749866666665,1112.9437500000001,0,0.8,1200.0,1200.0,882.9645699999996,833.3333333333333,0.0,6300.0,7050.0,0.0,1.0,0.0,0.0,518.6987633333338,0.0,0.0,0.0,1200.0,1200.0,391.32989742399985,1149.4364595466675,1540.7663569706674
2025-01-26,73,11348.9194,2025-01-26T12:10:00,2025-01-26T12:00:00,12:10:00,27,BV,2860.9447,12:10:00,27,BV,0.7032,12:10:00,27,BV,0.4411,1891.4865666666667,476.82411666666667,827.0299999999997,137.83833333333337,2025-01-26T12:10:00,2025-01-26 00:00:00,2025-01-26 00:00:00,2025-01-26T12:10:00,2025-01-26T12:10:00,0.4411,1056.8759499999999,554.2814916666667,106.80335666666679,1163.6793066666667,554.2814916666667,0,0.8,1200.0,1200.0,1442.7311483333333,833.3333333333333,0.0,7050.0,7800.0,0.0,1.0,28.06869833333326,0.0,0.0,0.0,0.0,0.0,1200.0,1225.2618284999999,636.3887095298332,0.0,636.3887095298332
2025-01-26,74,11344.766,2025-01-26T12:20:00,2025-01-26T12:10:00,12:20:00,27,BW,2761.9212,12:20:00,27,BW,0.7485,12:20:00,27,BW,0.4551,1890.7943333333333,460.32020000000006,1020.9235999999992,170.15393333333316,2025-01-26T12:20:00,2025-01-26 00:00:00,2025-01-26 00:00:00,2025-01-26T12:20:00,2025-01-26T12:20:00,0.4551,1048.5315,549.80195,106.80335666666679,1155.3348566666668,549.80195,0,0.8,1200.0,1200.0,1438.86624,833.3333333333333,0.0,7800.0,8550.0,0.0,1.0,8.392106666666905,0.0,0.0,0.0,0.0,0.0,1225.2618284999999,1232.8147245,654.8280258240001,0.0,654.8280258240001
2025-01-26,75,11289.0,2025-01-26T12:30:00,2025-01-26T12:20:00,12:30:00,27,BX,2691.84375,12:30:00,27,BX,0.7614,12:30:00,27,BX,0.4463,1881.5,448.640625,1105.3125,184.21875,2025-01-26T12:30:00,2025-01-26 00:00:00,2025-01-26 00:00:00,2025-01-26T12:30:00,2025-01-26T12:30:00,0.4463,1076.8916666666667,549.071875,106.80335666666679,1183.6950233333334,549.071875,0,0.8,1200.0,1200.0,1467.9564816666666,833.3333333333333,0.0,8550.0,9300.0,0.0,1.0,35.097106666666605,0.0,0.0,0.0,0.0,0.0,1232.8147245,1264.4021205,655.1489777678332,0.0,655.1489777678332
2025-01-26,76,11234.0775,2025-01-26T12:40:00,2025-01-26T12:30:00,12:40:00,27,BY,2639.77075,12:40:00,27,BY,0.6478,12:40:00,27,BY,0.4113,1872.34625,439.96179166666667,1154.536,192.42266666666671,2025-01-26T12:40:00,2025-01-26 00:00:00,2025-01-26 00:00:00,2025-01-26T12:40:00,2025-01-26T12:40:00,0.4113,1063.03155,561.3597416666667,106.80335666666679,1169.8349066666667,561.3597416666667,0,0.8,1200.0,1200.0,1441.8084983333333,833.3333333333333,0.0,9300.0,10050.0,0.0,1.0,9.424039999999877,0.0,0.0,0.0,0.0,0.0,1264.4021205,1272.8837565,593.0158353645,0.0,593.0158353645
2025-01-26,77,11301.8355,2025-01-26T12:50:00,2025-01-26T12:40:00,12:50:00,27,BZ,2590.2981,12:50:00,27,BZ,0.7753,12:50:00,27,BZ,0.5682,1883.63925,431.71635,1321.2393000000002,220.20655,2025-01-26T12:50:00,2025-01-26 00:00:00,2025-01-26 00:00:00,2025-01-26T12:50:00,2025-01-26T12:50:00,0.5682,1085.1525666666666,572.93795,106.80335666666679,1191.9559233333334,572.93795,0,0.8,1200.0,1200.0,1452.3513066666667,833.3333333333333,0.0,10050.0,10800.0,0.0,1.0,0.4284066666666604,0.0,0.0,0.0,0.0,0.0,1272.8837565,1273.2693224999998,825.2260124480001,0.0,825.2260124480001
2025-01-26,78,11395.33,2025-01-26T13:00:00,2025-01-26T12:50:00,13:00:00,27,CA,2568.84375,13:00:00,27,CA,1.076,13:00:00,27,CA,0.8279,1899.2216666666666,428.140625,1457.6425,242.94041666666658,2025-01-26T13:00:00,2025-01-26 00:00:00,2025-01-26 00:00:00,2025-01-26T13:00:00,2025-01-26T13:00:00,0.8279,1134.655,574.4187499999999,106.80335666666679,1241.4583566666668,574.4187499999999,0,0.8,1200.0,1200.0,667.0396066666668,0.0,0.0,10800.0,10800.0,0.0,0.0,0.0,65.94239024999983,738.0990447500001,0.0,0.0,0.0,1273.2693224999998,1200.0,552.2420903593335,3055.360995742625,3607.6030861019585
2025-01-26,79,11310.4485,2025-01-26T13:10:00,2025-01-26T13:00:00,13:10:00,27,CB,2617.1396,13:10:00,27,CB,1.1008,13:10:00,27,CB,0.8636,1885.07475,436.18993333333333,1276.1693000000005,212.69488333333334,2025-01-26T13:10:00,2025-01-26 00:00:00,2025-01-26 00:00:00,2025-01-26T13:10:00,2025-01-26T13:10:00,0.8636,1119.7907333333333,566.51585,95.09140666666667,1214.88214,566.51585,0,0.8,1200.0,1200.0,648.3662899999999,0.0,0.0,10800.0,10800.0,0.0,0.0,0.0,0.0,800.5185266666667,0.0,0.0,0.0,1200.0,1200.0,559.929128044,3456.6389981466673,4016.5681261906675
2025-01-26,80,11336.379,2025-01-26T13:20:00,2025-01-26T13:10:00,13:20:00,27,CC,2677.5238,13:20:00,27,CC,1.0711,13:20:00,27,CC,0.8416,1889.3965,446.25396666666666,1181.3314,196.88856666666675,2025-01-26T13:20:00,2025-01-26 00:00:00,2025-01-26 00:00:00,2025-01-26T13:20:00,2025-01-26T13:20:00,0.8416,1120.4868333333334,549.8416,95.09140666666667,1215.57824,549.8416,0,0.8,1200.0,1200.0,665.7366400000001,0.0,0.0,10800.0,10800.0,0.0,0.0,0.0,0.0,777.4058933333333,0.0,0.0,0.0,1200.0,1200.0,560.2839562240001,3271.3239991466667,3831.607955370667
2025-01-26,81,11478.91,2025-01-26T13:30:00,2025-01-26T13:20:00,13:30:00,27,CD,2701.5,13:30:00,27,CD,1.1028,13:30:00,27,CD,0.8618,1913.1516666666666,450.25,1275.9099999999999,212.65166666666664,2025-01-26T13:30:00,2025-01-26 00:00:00,2025-01-26 00:00:00,2025-01-26T13:30:00,2025-01-26T13:30:00,0.8618,1148.4750000000001,530.509375,95.09140666666667,1243.5664066666668,530.509375,0,0.8,1200.0,1200.0,713.0570316666668,0.0,0.0,10800.0,10800.0,0.0,0.0,0.0,0.0,749.8446349999999,0.0,0.0,0.0,1200.0,1200.0,614.5125498903335,3231.080532215,3845.5930821053335
2025-01-26,82,11438.954,2025-01-26T13:40:00,2025-01-26T13:30:00,13:40:00,27,CE,2671.42435,13:40:00,27,CE,1.0911,13:40:00,27,CE,0.8623,1906.4923333333334,445.2373916666666,1296.1053000000002,216.01755000000014,2025-01-26T13:40:00,2025-01-26 00:00:00,2025-01-26 00:00:00,2025-01-26T13:40:00,2025-01-26T13:40:00,0.8623,1131.4715666666666,515.049425,95.09140666666667,1226.5629733333333,515.049425,0,0.8,1200.0,1200.0,711.5135483333332,0.0,0.0,10800.0,10800.0,0.0,0.0,0.0,0.0,749.7413933333335,0.0,0.0,0.0,1200.0,1200.0,613.5381327278333,3232.510017356667,3846.0481500845003
2025-01-26,83,11333.010900000001,2025-01-26T13:50:00,2025-01-26T13:40:00,13:50:00,27,CF,2558.8263,13:50:00,27,CF,1.1579,13:50:00,27,CF,0.9026,1888.83515,426.47105000000005,1415.3582999999999,235.89305000000002,2025-01-26T13:50:00,2025-01-26 00:00:00,2025-01-26 00:00:00,2025-01-26T13:50:00,2025-01-26T13:50:00,0.9026,1109.1229166666667,490.0686083333333,95.09140666666667,1204.2143233333334,490.0686083333333,0,0.8,1200.0,1200.0,714.1457150000001,0.0,0.0,10800.0,10800.0,0.0,0.0,0.0,0.0,748.2183849999999,0.0,0.0,0.0,1200.0,1200.0,644.5879223590001,3376.7095715049995,4021.2974938639995
2025-01-26,84,11337.310000000001,2025-01-26T14:00:00,2025-01-26T13:50:00,14:00:00,27,CG,2415.0375,14:00:00,27,CG,1.3079,14:00:00,27,CG,0.9754,1889.5516666666667,402.50624999999997,1707.2350000000006,284.5391666666668,2025-01-26T14:00:00,2025-01-26 00:00:00,2025-01-26 00:00:00,2025-01-26T14:00:00,2025-01-26T14:00:00,0.9754,1103.395,459.028125,95.09140666666667,1198.4864066666667,459.028125,0,0.8,1200.0,1200.0,0.0,0.0,739.4582816666666,10800.0,9978.379687037037,0.0,0.0,0.0,0.0,1487.0454166666668,0.0,0.0,0.0,1200.0,1200.0,0.0,7252.320497083335,7252.320497083335
2025-01-26,85,11499.2269,2025-01-26T14:10:00,2025-01-26T14:00:00,14:10:00,27,CH,2329.95635,14:10:00,27,CH,1.3976,14:10:00,27,CH,1.0002,1916.5378166666667,388.3260583333333,2039.3141999999998,339.88570000000004,2025-01-26T14:10:00,2025-01-26 00:00:00,2025-01-26 00:00:00,2025-01-26T14:10:00,2025-01-26T14:10:00,1.0002,1095.23305,438.6433333333334,77.51138666666672,1172.7444366666668,438.6433333333334,0,0.8,1200.0,1200.0,0.0,0.0,734.1011033333334,9978.379687037037,9162.711794444444,0.0,0.0,0.0,0.0,1528.2117583333334,0.0,0.0,0.0,1200.0,1200.0,0.0,7642.587003424999,7642.587003424999
2025-01-26,86,11554.1937,2025-01-26T14:20:00,2025-01-26T14:10:00,14:20:00,27,CI,2221.4075,14:20:00,27,CI,1.3991,14:20:00,27,CI,0.9978,1925.69895,370.2345833333333,2311.3787,385.22978333333333,2025-01-26T14:20:00,2025-01-26 00:00:00,2025-01-26 00:00:00,2025-01-26T14:20:00,2025-01-26T14:20:00,0.9978,1088.7142000000001,412.3484416666667,77.51138666666672,1166.225586666667,412.3484416666667,0,0.8,1200.0,1200.0,0.0,0.0,753.8771450000002,9162.711794444444,8325.07052222222,0.0,0.0,0.0,0.0,1555.4643666666666,0.0,0.0,0.0,1200.0,1200.0,0.0,7760.2117253,7760.2117253
2025-01-26,87,11360.6,2025-01-26T14:30:00,2025-01-26T14:20:00,14:30:00,27,CJ,2081.83125,14:30:00,27,CJ,1.3938,14:30:00,27,CJ,1.0271,1893.4333333333334,346.971875,2396.9375,399.48958333333337,2025-01-26T14:30:00,2025-01-26 00:00:00,2025-01-26 00:00:00,2025-01-26T14:30:00,2025-01-26T14:30:00,1.0271,1085.5116666666665,384.38124999999997,77.51138666666672,1163.0230533333333,384.38124999999997,0,0.8,1200.0,1200.0,0.0,0.0,778.6418033333334,8325.07052222222,7459.912962962961,0.0,0.0,0.0,0.0,1546.4614583333334,0.0,0.0,0.0,1200.0,1200.0,0.0,7941.852819270833,7941.852819270833
2025-01-26,88,11044.0654,2025-01-26T14:40:00,2025-01-26T14:30:00,14:40:00,27,CK,1980.0474999999997,14:40:00,27,CK,1.4409,14:40:00,27,CK,1.0906,1840.6775666666667,330.00791666666663,2283.9704000000006,380.6617333333335,2025-01-26T14:40:00,2025-01-26 00:00:00,2025-01-26 00:00:00,2025-01-26T14:40:00,2025-01-26T14:40:00,1.0906,1083.773,374.76959166666666,77.51138666666672,1161.2843866666667,374.76959166666666,0,0.8,1200.0,1200.0,0.0,0.0,786.514795,7459.912962962961,6586.007635185183,0.0,0.0,0.0,0.0,1510.66965,0.0,0.0,0.0,1200.0,1200.0,0.0,8237.68160145,8237.68160145
2025-01-26,89,10977.8737,2025-01-26T14:50:00,2025-01-26T14:40:00,14:50:00,27,CL,1824.1473999999998,14:50:00,27,CL,1.2231,14:50:00,27,CL,0.9376,1829.6456166666667,304.02456666666666,2529.5789,421.59648333333337,2025-01-26T14:50:00,2025-01-26 00:00:00,2025-01-26 00:00:00,2025-01-26T14:50:00,2025-01-26T14:50:00,0.9376,1100.3528166666667,351.2129916666667,77.51138666666672,1177.8642033333335,351.2129916666667,0,0.8,1200.0,1200.0,826.6512116666668,0.0,0.0,6586.007635185183,6586.007635185183,0.0,0.0,0.0,0.0,698.9698383333332,0.0,0.0,0.0,1200.0,1200.0,775.0681760586667,3276.770602106666,4051.8387781653328
2025-01-26,90,11148.59,2025-01-26T15:00:00,2025-01-26T14:50:00,15:00:00,27,CM,1661.2312499999998,15:00:00,27,CM,0.8793,15:00:00,27,CM,0.6694,1858.0983333333334,276.871875,3026.1275,504.3545833333334,2025-01-26T15:00:00,2025-01-26 00:00:00,2025-01-26 00:00:00,2025-01-26T15:00:00,2025-01-26T15:00:00,0.6694,1111.39,312.815625,77.51138666666672,1188.901386666667,312.815625,0,0.8,1200.0,1200.0,1709.4190950000002,833.3333333333333,0.0,6586.007635185183,7336.007635185183,0.0,1.0,128.19263666666689,0.0,0.0,0.0,0.0,0.0,1200.0,1315.3733730000001,1144.2851421930002,0.0,1144.2851421930002
2025-01-26,91,11209.0876,2025-01-26T15:10:00,2025-01-26T15:00:00,15:10:00,27,CN,1634.8856,15:10:00,27,CN,0.8918,15:10:00,27,CN,0.66,1868.1812666666667,272.4809333333333,3139.3163999999997,523.2194000000001,2025-01-26T15:10:00,2025-01-26 00:00:00,2025-01-26 00:00:00,2025-01-26T15:10:00,2025-01-26T15:10:00,0.66,1072.6289333333334,290.1816666666667,42.651896666666566,1115.28083,290.1816666666667,0,0.8,1200.0,1200.0,1658.4324966666666,833.3333333333333,0.0,7336.007635185183,8086.007635185183,0.0,1.0,62.73216333333312,0.0,0.0,0.0,0.0,0.0,1315.3733730000001,1371.83232,1094.5654478,0.0,1094.5654478
2025-01-26,92,11255.314999999999,2025-01-26T15:20:00,2025-01-26T15:10:00,15:20:00,27,CO,1562.02355,15:20:00,27,CO,0.9318,15:20:00,27,CO,0.7217,1875.8858333333333,260.3372583333333,3331.2679,555.2113166666667,2025-01-26T15:20:00,2025-01-26 00:00:00,2025-01-26 00:00:00,2025-01-26T15:20:00,2025-01-26T15:20:00,0.7217,1038.0926833333333,262.2640166666667,42.651896666666566,1080.7445799999998,262.2640166666667,0,0.8,1200.0,1200.0,1651.8138966666663,833.3333333333333,0.0,8086.007635185183,8836.007635185182,0.0,1.0,36.265321666666296,0.0,0.0,0.0,0.0,0.0,1371.83232,1404.4711094999996,1192.1140892243332,0.0,1192.1140892243332
2025-01-26,93,11319.470000000001,2025-01-26T15:30:00,2025-01-26T15:20:00,15:30:00,27,CP,1388.775,15:30:00,27,CP,0.8725,15:30:00,27,CP,0.7308,1886.5783333333334,231.4625,3741.92,623.6533333333334,2025-01-26T15:30:00,2025-01-26 00:00:00,2025-01-26 00:00:00,2025-01-26T15:30:00,2025-01-26T15:30:00,0.7308,1039.19,230.70000000000002,42.651896666666566,1081.8418966666666,230.70000000000002,0,0.8,1200.0,1200.0,1684.4752299999998,833.3333333333333,0.0,8836.007635185182,9586.007635185182,0.0,1.0,29.3593966666665,0.0,0.0,0.0,0.0,0.0,1404.4711094999996,1430.8945664999994,1231.0144980839998,0.0,1231.0144980839998
2025-01-26,94,11293.2366,2025-01-26T15:40:00,2025-01-26T15:30:00,15:40:00,27,CQ,1239.30465,15:40:00,27,CQ,0.9206,15:40:00,27,CQ,0.7534,1882.2061,206.55077500000002,4014.6273,669.10455,2025-01-26T15:40:00,2025-01-26 00:00:00,2025-01-26 00:00:00,2025-01-26T15:40:00,2025-01-26T15:40:00,0.7534,1059.0632833333334,219.1821,42.651896666666566,1101.71518,219.1821,0,0.8,1200.0,1200.0,1715.8664133333332,833.3333333333333,0.0,9586.007635185182,10336.007635185182,0.0,1.0,40.21108833333301,0.0,0.0,0.0,0.0,0.0,1430.8945664999994,1467.0845459999991,1292.7337558053332,0.0,1292.7337558053332
2025-01-26,95,11223.1929,2025-01-26T15:50:00,2025-01-26T15:40:00,15:50:00,27,CR,1099.80545,15:50:00,27,CR,0.9765,15:50:00,27,CR,0.7823,1870.53215,183.30090833333335,4223.582,703.9303333333332,2025-01-26T15:50:00,2025-01-26 00:00:00,2025-01-26 00:00:00,2025-01-26T15:50:00,2025-01-26T15:50:00,0.7823,1078.4637833333334,197.03379166666664,42.651896666666566,1121.1156799999999,197.03379166666664,0,0.8,1200.0,1200.0,1439.6289603497976,515.5470720164643,0.0,10336.007635185182,10800.0,0.0,1.0,0.0,240.37609139999924,7.226189916869799,0.0,0.0,0.0,1467.0845459999991,1200.0,1126.2217356816466,28.265241859836223,1154.4869775414827
2025-01-26,96,11179.48,2025-01-26T16:00:00,2025-01-26T15:50:00,16:00:00,27,CS,950.6624999999999,16:00:00,27,CS,0.9937,16:00:00,27,CS,0.8055,1863.2466666666667,158.44375,4478.155,746.3591666666666,2025-01-26T16:00:00,2025-01-26 00:00:00,2025-01-26 00:00:00,2025-01-26T16:00:00,2025-01-26T16:00:00,0.8055,1076.6866666666667,159.8375,42.651896666666566,1119.3385633333332,159.8375,0,0.8,1200.0,1200.0,959.5010633333333,0.0,0.0,10800.0,10800.0,0.0,0.0,0.0,0.0,745.3018533333334,0.0,0.0,0.0,1200.0,1200.0,772.8781065149999,3001.7032143,3774.5813208150003
2025-01-26,97,11179.6147,2025-01-26T16:10:00,2025-01-26T16:00:00,16:10:00,27,CT,802.3216,16:10:00,27,CT,1.0342,16:10:00,27,CT,0.8271,1863.2691166666666,133.72026666666667,4774.9715,795.8285833333332,2025-01-26T16:10:00,2025-01-26 00:00:00,2025-01-26 00:00:00,2025-01-26T16:10:00,2025-01-26T16:10:00,0.8271,1046.67355,134.291975,28.083186666666577,1074.7567366666665,134.291975,0,0.8,1200.0,1200.0,940.4647616666665,0.0,0.0,10800.0,10800.0,0.0,0.0,0.0,0.0,789.0840883333335,0.0,0.0,0.0,1200.0,1200.0,777.8584043744999,3263.2572473025,4041.115651677
2025-01-26,98,11108.7459,2025-01-26T16:20:00,2025-01-26T16:10:00,16:20:00,27,CU,661.2093,16:20:00,27,CU,1.0631,16:20:00,27,CU,0.8519,1851.45765,110.20155,4986.3273,831.0545500000001,2025-01-26T16:20:00,2025-01-26 00:00:00,2025-01-26 00:00:00,2025-01-26T16:20:00,2025-01-26T16:20:00,0.8519,1039.0500166666668,111.149725,28.083186666666577,1067.1332033333333,111.149725,0,0.8,1200.0,1200.0,955.9834783333333,0.0,0.0,10800.0,10800.0,0.0,0.0,0.0,0.0,785.2726216666667,0.0,0.0,0.0,1200.0,1200.0,814.4023251921667,3344.868731989167,4159.271057181333
2025-01-26,99,11037.55,2025-01-26T16:30:00,2025-01-26T16:20:00,16:30:00,27,CV,528.61875,16:30:00,27,CV,1.0598,16:30:00,27,CV,0.8791,1839.5916666666667,88.10312499999999,5180.3125,863.3854166666667,2025-01-26T16:30:00,2025-01-26 00:00:00,2025-01-26 00:00:00,2025-01-26T16:30:00,2025-01-26T16:30:00,0.8791,1063.58,84.921875,28.083186666666577,1091.6631866666664,84.921875,0,0.8,1200.0,1200.0,1006.7413116666664,0.0,0.0,10800.0,10800.0,0.0,0.0,0.0,0.0,744.7472300000002,0.0,0.0,0.0,1200.0,1200.0,885.0262870861665,3273.5364494650007,4158.562736551167
2025-01-26,100,11146.2556,2025-01-26T16:40:00,2025-01-26T16:30:00,16:40:00,27,CW,399.64014999999995,16:40:00,27,CW,1.0476,16:40:00,27,CW,0.9024,1857.7092666666667,66.60669166666666,5546.9753,924.4958833333334,2025-01-26T16:40:00,2025-01-26 00:00:00,2025-01-26 00:00:00,2025-01-26T16:40:00,2025-01-26T16:40:00,0.9024,1076.0196833333332,61.504083333333334,28.083186666666577,1104.1028699999997,61.504083333333334,0,0.8,1200.0,1200.0,1042.5987866666665,0.0,0.0,10800.0,10800.0,0.0,0.0,0.0,0.0,748.5037883333337,0.0,0.0,0.0,1200.0,1200.0,940.8411450879997,3377.2490929600012,4318.090238048001
2025-01-26,101,11191.0395,2025-01-26T16:50:00,2025-01-26T16:40:00,16:50:00,27,CX,260.89815,16:50:00,27,CX,1.0618,16:50:00,27,CX,0.9163,1865.17325,43.483025,5869.2432,978.2072000000001,2025-01-26T16:50:00,2025-01-26 00:00:00,2025-01-26 00:00:00,2025-01-26T16:50:00,2025-01-26T16:50:00,0.9163,1040.4678000000001,39.71361666666667,28.083186666666577,1068.5509866666666,39.71361666666667,0,0.8,1200.0,1200.0,1028.83737,-0.0,0.0,10800.0,10800.0,0.0,-0.0,0.0,0.0,792.8528550000001,0.0,0.0,0.0,1200.0,1200.0,942.7236821309999,3632.4553551825006,4575.179037313501
2025-01-26,102,11080.41,2025-01-26T17:00:00,2025-01-26T16:50:00,17:00:00,27,CY,124.1625,17:00:00,27,CY,1.0888,17:00:00,27,CY,0.9264,1846.735,20.693749999999998,6032.085,1005.3474999999999,2025-01-26T17:00:00,2025-01-26 00:00:00,2025-01-26 00:00:00,2025-01-26T17:00:00,2025-01-26T17:00:00,0.9264,996.1216666666666,19.490624999999998,28.083186666666577,1024.2048533333332,19.490624999999998,0,0.8,1200.0,1200.0,1004.7142283333332,-0.0,0.0,10800.0,10800.0,0.0,0.0,0.0,0.0,821.3270216666667,0.0,0.0,0.0,1200.0,1200.0,930.7672611279999,3804.38676436,4735.154025488
2025-01-26,103,10972.7032,2025-01-26T17:10:00,2025-01-26T17:00:00,17:10:00,27,CZ,26.01405,17:10:00,27,CZ,1.0898,17:10:00,27,CZ,0.9462,1828.7838666666667,4.335675,6120.6750999999995,1020.1125166666667,2025-01-26T17:10:00,2025-01-26 00:00:00,2025-01-26 00:00:00,2025-01-26T17:10:00,2025-01-26T17:10:00,0.9462,1017.1013333333334,4.2243,25.19336000000003,1042.2946933333335,4.2243,0,0.8,1200.0,1200.0,1038.0703933333334,0.0,0.0,10800.0,10800.0,0.0,0.0,0.0,0.0,786.3777983333332,0.0,0.0,0.0,1200.0,1200.0,982.2222061720001,3720.353363914999,4702.5755700869995
2025-01-26,104,10980.7322,2025-01-26T17:20:00,2025-01-26T17:10:00,17:20:00,27,DA,0.0,17:20:00,27,DA,1.1248,17:20:00,27,DA,0.9742,1830.1220333333333,0.0,6180.7322,1030.1220333333333,2025-01-26T17:20:00,2025-01-26 00:00:00,2025-01-26 00:00:00,2025-01-26T17:20:00,2025-01-26T17:20:00,0.9742,1032.1796,0.0,25.19336000000003,1057.37296,0.0,0,0.8,1200.0,1200.0,1057.37296,0.0,0.0,10800.0,10800.0,0.0,0.0,0.0,0.0,772.7490733333334,0.0,0.0,0.0,1200.0,1200.0,1030.0927376319999,3764.0607362066667,4794.153473838666
2025-01-26,105,11160.939999999999,2025-01-26T17:30:00,2025-01-26T17:20:00,17:30:00,27,DB,0.0,17:30:00,27,DB,1.1613,17:30:00,27,DB,0.9862,1860.1566666666665,0.0,6360.94,1060.1566666666665,2025-01-26T17:30:00,2025-01-26 00:00:00,2025-01-26 00:00:00,2025-01-26T17:30:00,2025-01-26T17:30:00,0.9862,1037.2633333333333,0.0,25.19336000000003,1062.4566933333333,0.0,0,0.8,1200.0,1200.0,1062.4566933333333,0.0,0.0,10800.0,10800.0,0.0,0.0,0.0,0.0,797.6999733333332,0.0,0.0,0.0,1200.0,1200.0,1047.7947909653333,3933.4585685066663,4981.253359472
2025-01-26,106,11309.0941,2025-01-26T17:40:00,2025-01-26T17:30:00,17:40:00,27,DC,1.53755,17:40:00,27,DC,1.1112,17:40:00,27,DC,0.976,1884.8490166666668,0.2562583333333333,6506.019,1084.3365000000001,2025-01-26T17:40:00,2025-01-26 00:00:00,2025-01-26 00:00:00,2025-01-26T17:40:00,2025-01-26T17:40:00,0.976,1072.7817,0.25146666666666667,25.19336000000003,1097.97506,0.25146666666666667,0,0.8,1200.0,1200.0,1097.7235933333334,0.0,0.0,10800.0,10800.0,0.0,0.0,0.0,0.0,786.8691650000001,0.0,0.0,0.0,1200.0,1200.0,1071.3782270933334,3839.9215252000004,4911.299752293334
2025-01-26,107,10426.3481,2025-01-26T17:50:00,2025-01-26T17:40:00,17:50:00,27,DD,0.0,17:50:00,27,DD,1.1297,17:50:00,27,DD,1.0742,1737.7246833333334,0.0,5626.3481,937.7246833333334,2025-01-26T17:50:00,2025-01-26 00:00:00,2025-01-26 00:00:00,2025-01-26T17:50:00,2025-01-26T17:50:00,1.0742,953.7088,0.0,25.19336000000003,978.90216,0.0,0,0.8,1200.0,1200.0,978.90216,0.0,0.0,10800.0,10800.0,0.0,0.0,0.0,0.0,758.8225233333334,0.0,0.0,0.0,1200.0,1200.0,1051.536700272,4075.635772823334,5127.172473095334
2025-01-26,108,9126.35,2025-01-26T18:00:00,2025-01-26T17:50:00,18:00:00,27,DE,0.0,18:00:00,27,DE,1.2474,18:00:00,27,DE,1.2313,1521.0583333333334,0.0,4326.35,721.0583333333334,2025-01-26T18:00:00,2025-01-26 00:00:00,2025-01-26 00:00:00,2025-01-26T18:00:00,2025-01-26T18:00:00,1.2313,745.13,0.0,25.19336000000003,770.32336,0.0,0,0.8,1200.0,1200.0,770.32336,0.0,0.0,10800.0,10800.0,0.0,0.0,0.0,0.0,750.7349733333334,0.0,0.0,0.0,1200.0,1200.0,948.499153168,4621.899863326667,5570.399016494667
2025-01-26,109,9113.8513,2025-01-26T18:10:00,2025-01-26T18:00:00,18:10:00,27,DF,0.1104,18:10:00,27,DF,1.3315,18:10:00,27,DF,1.2561,1518.9752166666667,0.0184,4313.6305,718.9384166666667,2025-01-26T18:10:00,2025-01-26 00:00:00,2025-01-26 00:00:00,2025-01-26T18:10:00,2025-01-26T18:10:00,1.2561,720.4326833333333,0.018058333333333332,24.556073333333373,744.9887566666667,0.018058333333333332,0,0.8,1200.0,1200.0,744.9706983333334,0.0,-0.0,10800.0,10800.0,0.0,0.0,0.0,0.0,773.9861183333333,0.0,0.0,0.0,1200.0,1200.0,935.7576941765001,4861.019816192499,5796.777510368999
2025-01-26,110,9275.243499999999,2025-01-26T18:20:00,2025-01-26T18:10:00,18:20:00,27,DG,0.0,18:20:00,27,DG,1.3475,18:20:00,27,DG,1.2447,1545.8739166666664,0.0,4475.2435,745.8739166666666,2025-01-26T18:20:00,2025-01-26 00:00:00,2025-01-26 00:00:00,2025-01-26T18:20:00,2025-01-26T18:20:00,1.2447,760.35505,0.0,24.556073333333373,784.9111233333334,0.0,0,0.8,1200.0,1200.0,784.9111233333334,0.0,0.0,10800.0,10800.0,0.0,0.0,0.0,0.0,760.962793333333,0.0,0.0,0.0,1200.0,1200.0,976.978875213,4735.851944309998,5712.830819522997
2025-01-26,111,9136.63,2025-01-26T18:30:00,2025-01-26T18:20:00,18:30:00,27,DH,0.0,18:30:00,27,DH,1.3148,18:30:00,27,DH,1.2545,1522.7716666666665,0.0,4336.63,722.7716666666666,2025-01-26T18:30:00,2025-01-26 00:00:00,2025-01-26 00:00:00,2025-01-26T18:30:00,2025-01-26T18:30:00,1.2545,749.335,0.0,24.556073333333373,773.8910733333335,0.0,0,0.8,1200.0,1200.0,773.8910733333335,0.0,0.0,10800.0,10800.0,0.0,0.0,0.0,0.0,748.8805933333331,0.0,0.0,0.0,1200.0,1200.0,970.8463514966668,4697.353521683332,5668.199873179999
2025-01-26,112,9318.250200000002,2025-01-26T18:40:00,2025-01-26T18:30:00,18:40:00,27,DI,0.00795,18:40:00,27,DI,1.2924,18:40:00,27,DI,1.2522,1553.0417000000002,0.001325,4518.2343,753.0390500000001,2025-01-26T18:40:00,2025-01-26 00:00:00,2025-01-26 00:00:00,2025-01-26T18:40:00,2025-01-26T18:40:00,1.2522,700.1025166666667,0.0013,24.556073333333373,724.6585900000001,0.0013,0,0.8,1200.0,1200.0,724.6572900000001,0.0,0.0,10800.0,10800.0,0.0,0.0,0.0,0.0,828.3830850000002,0.0,0.0,0.0,1200.0,1200.0,907.4158585380001,5186.506495185001,6093.922353723001
2025-01-26,113,9385.447800000002,2025-01-26T18:50:00,2025-01-26T18:40:00,18:50:00,27,DJ,0.0,18:50:00,27,DJ,1.3773,18:50:00,27,DJ,1.2881,1564.2413000000001,0.0,4585.4478,764.2413,2025-01-26T18:50:00,2025-01-26 00:00:00,2025-01-26 00:00:00,2025-01-26T18:50:00,2025-01-26T18:50:00,1.2881,711.2790333333334,0.0,24.556073333333373,735.8351066666668,0.0,0,0.8,1200.0,1200.0,528.9898216666663,0.0,206.8452850000005,10800.0,10570.171905555555,0.0,0.0,0.0,0.0,1035.2514783333338,0.0,0.0,0.0,1200.0,1200.0,681.3917892888329,6667.5371462058365,7348.9289354946695
2025-01-26,114,9201.7,2025-01-26T19:00:00,2025-01-26T18:50:00,19:00:00,27,DK,0.0,19:00:00,27,DK,1.5098,19:00:00,27,DK,1.3466,1533.6166666666668,0.0,4401.7,733.6166666666667,2025-01-26T19:00:00,2025-01-26 00:00:00,2025-01-26 00:00:00,2025-01-26T19:00:00,2025-01-26T19:00:00,1.3466,758.3249999999999,0.0,24.556073333333373,782.8810733333333,0.0,0,0.8,1200.0,1200.0,0.0,0.0,782.8810733333333,10570.171905555555,9700.304046296296,0.0,0.0,0.0,0.0,1533.6166666666668,0.0,0.0,0.0,1200.0,1200.0,0.0,10325.841016666669,10325.841016666669
2025-01-26,115,9102.463499999998,2025-01-26T19:10:00,2025-01-26T19:00:00,19:10:00,27,DL,0.00055,19:10:00,27,DL,1.5277,19:10:00,27,DL,1.3523,1517.0772499999998,9.166666666666667e-05,4302.462399999999,717.0770666666666,2025-01-26T19:10:00,2025-01-26 00:00:00,2025-01-26 00:00:00,2025-01-26T19:10:00,2025-01-26T19:10:00,1.3523,725.9038666666667,9.166666666666667e-05,32.714173333333434,758.6180400000001,9.166666666666667e-05,0,0.8,1200.0,1200.0,0.0,0.0,758.6179483333334,9700.304046296296,8857.395214814815,0.0,0.0,0.0,0.0,1517.077158333333,0.0,0.0,0.0,1200.0,1200.0,0.0,10257.71720607083,10257.71720607083
2025-01-26,116,9015.1705,2025-01-26T19:20:00,2025-01-26T19:10:00,19:20:00,27,DM,0.0,19:20:00,27,DM,1.5146,19:20:00,27,DM,1.3445,1502.5284166666665,0.0,4215.1705,702.5284166666667,2025-01-26T19:20:00,2025-01-26 00:00:00,2025-01-26 00:00:00,2025-01-26T19:20:00,2025-01-26T19:20:00,1.3445,704.7665000000001,0.0,32.714173333333434,737.4806733333335,0.0,0,0.8,1200.0,1200.0,0.0,0.0,737.4806733333335,8857.395214814815,8037.972244444444,0.0,0.0,0.0,0.0,1502.5284166666665,0.0,0.0,0.0,1200.0,1200.0,0.0,10100.747281041666,10100.747281041666
2025-01-26,117,9019.54,2025-01-26T19:30:00,2025-01-26T19:20:00,19:30:00,27,DN,0.0,19:30:00,27,DN,1.53,19:30:00,27,DN,1.3483,1503.2566666666667,0.0,4219.54,703.2566666666667,2025-01-26T19:30:00,2025-01-26 00:00:00,2025-01-26 00:00:00,2025-01-26T19:30:00,2025-01-26T19:30:00,1.3483,733.3266666666667,0.0,32.714173333333434,766.0408400000001,0.0,0,0.8,1200.0,1200.0,0.0,0.0,766.0408400000001,8037.972244444444,7186.815755555555,0.0,0.0,0.0,0.0,1503.2566666666667,0.0,0.0,0.0,1200.0,1200.0,0.0,10134.204818333334,10134.204818333334
2025-01-26,118,9276.5425,2025-01-26T19:40:00,2025-01-26T19:30:00,19:40:00,27,DO,0.0,19:40:00,27,DO,1.5429,19:40:00,27,DO,1.349,1546.0904166666664,0.0,4476.5425,746.0904166666666,2025-01-26T19:40:00,2025-01-26 00:00:00,2025-01-26 00:00:00,2025-01-26T19:40:00,2025-01-26T19:40:00,1.349,753.2858166666666,0.0,32.714173333333434,785.99999,0.0,0,0.8,1200.0,1200.0,0.0,0.0,785.99999,7186.815755555555,6313.482433333334,0.0,0.0,0.0,0.0,1546.0904166666664,0.0,0.0,0.0,1200.0,1200.0,0.0,10428.379860416666,10428.379860416666
2025-01-26,119,9262.837099999999,2025-01-26T19:50:00,2025-01-26T19:40:00,19:50:00,27,DP,0.0,19:50:00,27,DP,1.5156,19:50:00,27,DP,1.3473,1543.8061833333331,0.0,4462.8371,743.8061833333333,2025-01-26T19:50:00,2025-01-26 00:00:00,2025-01-26 00:00:00,2025-01-26T19:50:00,2025-01-26T19:50:00,1.3473,742.2715,0.0,32.714173333333434,774.9856733333334,0.0,0,0.8,1200.0,1200.0,0.0,0.0,774.9856733333334,6313.482433333334,5452.387240740741,0.0,0.0,0.0,0.0,1543.8061833333331,0.0,0.0,0.0,1200.0,1200.0,0.0,10399.850354024999,10399.850354024999
2025-01-26,120,9036.609999999999,2025-01-26T20:00:00,2025-01-26T19:50:00,20:00:00,27,DQ,0.0,20:00:00,27,DQ,1.4899,20:00:00,27,DQ,1.3482,1506.1016666666665,0.0,4236.61,706.1016666666666,2025-01-26T20:00:00,2025-01-26 00:00:00,2025-01-26 00:00:00,2025-01-26T20:00:00,2025-01-26T20:00:00,1.3482,711.5416666666666,0.0,32.714173333333434,744.25584,0.0,0,0.8,1200.0,1200.0,0.0,0.0,744.25584,5452.387240740741,4625.436307407407,0.0,0.0,0.0,0.0,1506.1016666666665,0.0,0.0,0.0,1200.0,1200.0,0.0,10152.631335,10152.631335
2025-01-26,121,9161.7801,2025-01-26T20:10:00,2025-01-26T20:00:00,20:10:00,27,DR,0.0,20:10:00,27,DR,1.5391,20:10:00,27,DR,1.3513,1526.96335,0.0,4361.7801,726.96335,2025-01-26T20:10:00,2025-01-26 00:00:00,2025-01-26 00:00:00,2025-01-26T20:10:00,2025-01-26T20:10:00,1.3513,696.4692833333334,0.0,26.73368999999991,723.2029733333333,0.0,0,0.8,1200.0,1200.0,0.0,0.0,723.2029733333333,4625.436307407407,3821.877448148148,0.0,0.0,0.0,0.0,1526.96335,0.0,0.0,0.0,1200.0,1200.0,0.0,10316.927874275,10316.927874275
2025-01-26,122,9228.4876,2025-01-26T20:20:00,2025-01-26T20:10:00,20:20:00,27,DS,0.0,20:20:00,27,DS,1.5503,20:20:00,27,DS,1.34,1538.0812666666666,0.0,4428.4876,738.0812666666667,2025-01-26T20:20:00,2025-01-26 00:00:00,2025-01-26 00:00:00,2025-01-26T20:20:00,2025-01-26T20:20:00,1.34,731.8172666666666,0.0,26.73368999999991,758.5509566666665,0.0,0,0.8,1200.0,1200.0,0.0,0.0,758.5509566666665,3821.877448148148,2979.0430518518515,0.0,0.0,0.0,0.0,1538.0812666666666,0.0,0.0,0.0,1200.0,1200.0,0.0,10305.144486666666,10305.144486666666
2025-01-26,123,9147.72,2025-01-26T20:30:00,2025-01-26T20:20:00,20:30:00,27,DT,0.0,20:30:00,27,DT,1.543,20:30:00,27,DT,1.3489,1524.62,0.0,4347.72,724.62,2025-01-26T20:30:00,2025-01-26 00:00:00,2025-01-26 00:00:00,2025-01-26T20:30:00,2025-01-26T20:30:00,1.3489,781.21,0.0,26.73368999999991,807.94369,0.0,0,0.8,1200.0,1200.0,0.0,0.0,807.94369,2979.0430518518515,2081.3278407407406,0.0,0.0,0.0,0.0,1524.62,0.0,0.0,0.0,1200.0,1200.0,0.0,10282.79959,10282.79959
2025-01-26,124,9250.202400000002,2025-01-26T20:40:00,2025-01-26T20:30:00,20:40:00,27,DU,0.0,20:40:00,27,DU,1.6006,20:40:00,27,DU,1.3952,1541.7004000000002,0.0,4450.2024,741.7004000000001,2025-01-26T20:40:00,2025-01-26 00:00:00,2025-01-26 00:00:00,2025-01-26T20:40:00,2025-01-26T20:40:00,1.3952,766.4613666666668,0.0,26.73368999999991,793.1950566666667,0.0,0,0.8,1200.0,1200.0,0.0,0.0,793.1950566666667,2081.3278407407406,1200.0,0.0,0.0,0.0,0.0,1541.7004000000002,0.0,0.0,0.0,1200.0,1200.0,0.0,10754.901990400002,10754.901990400002
2025-01-26,125,9271.745,2025-01-26T20:50:00,2025-01-26T20:40:00,20:50:00,27,DV,0.0,20:50:00,27,DV,1.3692,20:50:00,27,DV,1.2226,1545.2908333333335,0.0,4471.745,745.2908333333334,2025-01-26T20:50:00,2025-01-26 00:00:00,2025-01-26 00:00:00,2025-01-26T20:50:00,2025-01-26T20:50:00,1.2226,724.6809333333334,0.0,26.73368999999991,751.4146233333333,0.0,0,0.8,1200.0,1200.0,751.4146233333333,0.0,0.0,1200.0,1200.0,0.0,0.0,0.0,0.0,793.8762100000001,0.0,0.0,0.0,1200.0,1200.0,918.6795184873333,4852.9652717300005,5771.644790217334
2025-01-26,126,9168.77,2025-01-26T21:00:00,2025-01-26T20:50:00,21:00:00,27,DW,0.0,21:00:00,27,DW,0.9782,21:00:00,27,DW,0.9332,1528.1283333333336,0.0,4368.77,728.1283333333334,2025-01-26T21:00:00,2025-01-26 00:00:00,2025-01-26 00:00:00,2025-01-26T21:00:00,2025-01-26T21:00:00,0.9332,714.0766666666667,0.0,26.73368999999991,740.8103566666666,0.0,0,0.8,1200.0,1200.0,740.8103566666666,0.0,0.0,1200.0,1200.0,0.0,0.0,0.0,0.0,787.3179766666669,0.0,0.0,0.0,1200.0,1200.0,691.3242248413333,3673.6256791266683,4364.949903968001
2025-01-26,127,9174.9575,2025-01-26T21:10:00,2025-01-26T21:00:00,21:10:00,27,DX,0.0,21:10:00,27,DX,0.9453,21:10:00,27,DX,0.9068,1529.1595833333336,0.0,4374.9575,729.1595833333334,2025-01-26T21:10:00,2025-01-26 00:00:00,2025-01-26 00:00:00,2025-01-26T21:10:00,2025-01-26T21:10:00,0.9068,754.86445,0.0,34.06252666666665,788.9269766666666,0.0,0,0.8,1200.0,1200.0,788.9269766666666,0.0,0.0,1200.0,1200.0,0.0,0.0,0.0,0.0,740.2326066666669,0.0,0.0,0.0,1200.0,1200.0,715.3989824413334,3356.214638626668,4071.6136210680015
2025-01-26,128,9143.020199999999,2025-01-26T21:20:00,2025-01-26T21:10:00,21:20:00,27,DY,0.0,21:20:00,27,DY,0.9771,21:20:00,27,DY,0.9371,1523.8366999999998,0.0,4343.0202,723.8367,2025-01-26T21:20:00,2025-01-26 00:00:00,2025-01-26 00:00:00,2025-01-26T21:20:00,2025-01-26T21:20:00,0.9371,755.121,0.0,34.06252666666665,789.1835266666666,0.0,0,0.8,1200.0,1200.0,789.1835266666666,0.0,0.0,1200.0,1200.0,0.0,0.0,0.0,0.0,734.6531733333333,0.0,0.0,0.0,1200.0,1200.0,739.5438828393333,3442.2174436533332,4181.761326492667
2025-01-26,129,9111.41,2025-01-26T21:30:00,2025-01-26T21:20:00,21:30:00,27,DZ,0.0,21:30:00,27,DZ,0.9387,21:30:00,27,DZ,0.9371,1518.5683333333332,0.0,4311.41,718.5683333333333,2025-01-26T21:30:00,2025-01-26 00:00:00,2025-01-26 00:00:00,2025-01-26T21:30:00,2025-01-26T21:30:00,0.9371,727.35,0.0,34.06252666666665,761.4125266666666,0.0,0,0.8,1200.0,1200.0,761.4125266666666,0.0,0.0,1200.0,1200.0,0.0,0.0,0.0,0.0,757.1558066666665,0.0,0.0,0.0,1200.0,1200.0,713.5196787393334,3547.6535321366664,4261.173210876
2025-01-26,130,9209.9237,2025-01-26T21:40:00,2025-01-26T21:30:00,21:40:00,27,EA,0.0,21:40:00,27,EA,0.9565,21:40:00,27,EA,0.9871,1534.9872833333334,0.0,4409.9237,734.9872833333334,2025-01-26T21:40:00,2025-01-26 00:00:00,2025-01-26 00:00:00,2025-01-26T21:40:00,2025-01-26T21:40:00,0.9871,756.1848666666666,0.0,34.06252666666665,790.2473933333332,0.0,0,0.8,1200.0,1200.0,790.2473933333332,0.0,-0.0,1200.0,1200.0,0.0,0.0,0.0,0.0,744.7398900000002,0.0,0.0,0.0,1200.0,1200.0,780.0532019593331,3675.663727095001,4455.716929054334
2025-01-26,131,8836.2212,2025-01-26T21:50:00,2025-01-26T21:40:00,21:50:00,27,EB,0.0,21:50:00,27,EB,0.7537,21:50:00,27,EB,0.7764,1472.7035333333333,0.0,4036.2212,672.7035333333333,2025-01-26T21:50:00,2025-01-26 00:00:00,2025-01-26 00:00:00,2025-01-26T21:50:00,2025-01-26T21:50:00,0.7764,695.1605500000001,0.0,34.06252666666665,729.2230766666667,0.0,0,0.8,1200.0,1200.0,729.2230766666667,0.0,-0.0,1200.0,1200.0,0.0,0.0,0.0,0.0,743.4804566666667,0.0,0.0,0.0,1200.0,1200.0,566.168796724,2886.19113278,3452.359929504
2025-01-26,132,8178.169999999999,2025-01-26T22:00:00,2025-01-26T21:50:00,22:00:00,27,EC,0.0,22:00:00,27,EC,0.4187,22:00:00,27,EC,0.4209,1363.0283333333332,0.0,3378.17,563.0283333333333,2025-01-26T22:00:00,2025-01-26 00:00:00,2025-01-26 00:00:00,2025-01-26T22:00:00,2025-01-26T22:00:00,0.4209,562.8066666666667,0.0,34.06252666666665,596.8691933333333,0.0,0,0.8,1200.0,1200.0,596.8691933333333,0.0,0.0,1200.0,1200.0,0.0,0.0,0.0,0.0,766.1591399999999,0.0,0.0,0.0,1200.0,1200.0,251.222243474,1612.3819101299996,1863.6041536039995
2025-01-26,133,8085.680400000001,2025-01-26T22:10:00,2025-01-26T22:00:00,22:10:00,27,ED,0.0,22:10:00,27,ED,0.3611,22:10:00,27,ED,0.3859,1347.6134000000002,0.0,3285.6804,547.6134000000001,2025-01-26T22:10:00,2025-01-26 00:00:00,2025-01-26 00:00:00,2025-01-26T22:10:00,2025-01-26T22:10:00,0.3859,542.3526833333334,0.0,39.27200333333331,581.6246866666667,0.0,0,0.8,1200.0,1200.0,581.6246866666667,-0.0,0.0,1200.0,1200.0,0.0,0.0,0.0,0.0,765.9887133333335,0.0,0.0,0.0,1200.0,1200.0,224.44896658466666,1477.975222376667,1702.4241889613336
2025-01-26,134,8171.3467,2025-01-26T22:20:00,2025-01-26T22:10:00,22:20:00,27,EE,0.0,22:20:00,27,EE,0.4026,22:20:00,27,EE,0.4368,1361.8911166666667,0.0,3371.3467,561.8911166666667,2025-01-26T22:20:00,2025-01-26 00:00:00,2025-01-26 00:00:00,2025-01-26T22:20:00,2025-01-26T22:20:00,0.4368,580.6007833333333,0.0,39.27200333333331,619.8727866666666,0.0,0,0.8,1200.0,1200.0,619.8727866666666,0.0,0.0,1200.0,1200.0,0.0,0.0,0.0,0.0,742.0183300000001,0.0,0.0,0.0,1200.0,1200.0,270.76043321599997,1620.5680327200002,1891.3284659360002
2025-01-26,135,8182.94,2025-01-26T22:30:00,2025-01-26T22:20:00,22:30:00,27,EF,0.0,22:30:00,27,EF,0.4102,22:30:00,27,EF,0.4198,1363.8233333333333,0.0,3382.94,563.8233333333334,2025-01-26T22:30:00,2025-01-26 00:00:00,2025-01-26 00:00:00,2025-01-26T22:30:00,2025-01-26T22:30:00,0.4198,600.7416666666667,0.0,39.27200333333331,640.0136699999999,0.0,0,0.8,1200.0,1200.0,640.0136699999999,0.0,0.0,1200.0,1200.0,0.0,0.0,0.0,0.0,723.8096633333333,0.0,0.0,0.0,1200.0,1200.0,268.677738666,1519.2764833366668,1787.954222002667
2025-01-26,136,8262.0232,2025-01-26T22:40:00,2025-01-26T22:30:00,22:40:00,27,EG,0.0,22:40:00,27,EG,0.4273,22:40:00,27,EG,0.4186,1377.0038666666667,0.0,3462.0232,577.0038666666667,2025-01-26T22:40:00,2025-01-26 00:00:00,2025-01-26 00:00:00,2025-01-26T22:40:00,2025-01-26T22:40:00,0.4186,582.9563333333333,0.0,39.27200333333331,622.2283366666666,0.0,0,0.8,1200.0,1200.0,622.2283366666666,0.0,0.0,1200.0,1200.0,0.0,0.0,0.0,0.0,754.7755300000001,0.0,0.0,0.0,1200.0,1200.0,260.46478172866665,1579.7451842900002,1840.2099660186668
2025-01-26,137,8309.1319,2025-01-26T22:50:00,2025-01-26T22:40:00,22:50:00,27,EH,0.0,22:50:00,27,EH,0.4207,22:50:00,27,EH,0.4241,1384.8553166666666,0.0,3509.1319,584.8553166666667,2025-01-26T22:50:00,2025-01-26 00:00:00,2025-01-26 00:00:00,2025-01-26T22:50:00,2025-01-26T22:50:00,0.4241,580.7904333333333,0.0,39.27200333333331,620.0624366666666,0.0,0,0.8,1200.0,1200.0,620.0624366666666,0.0,0.0,1200.0,1200.0,0.0,0.0,0.0,0.0,764.79288,0.0,0.0,0.0,1200.0,1200.0,262.9684793903333,1621.74330204,1884.7117814303333
2025-01-26,138,8267.560000000001,2025-01-26T23:00:00,2025-01-26T22:50:00,23:00:00,27,EI,0.0,23:00:00,27,EI,0.3977,23:00:00,27,EI,0.4237,1377.9266666666667,0.0,3467.56,577.9266666666666,2025-01-26T23:00:00,2025-01-26 00:00:00,2025-01-26 00:00:00,2025-01-26T23:00:00,2025-01-26T23:00:00,0.4237,602.9350000000001,0.0,39.27200333333331,642.2070033333333,0.0,0,0.8,1200.0,1200.0,642.2070033333333,0.0,0.0,1200.0,1200.0,0.0,0.0,0.0,0.0,735.7196633333334,0.0,0.0,0.0,1200.0,1200.0,272.10310731233335,1558.622106771667,1830.7252140840003
2025-01-26,139,8220.1911,2025-01-26T23:10:00,2025-01-26T23:00:00,23:10:00,27,EJ,0.0,23:10:00,27,EJ,0.407,23:10:00,27,EJ,0.4248,1370.0318499999998,0.0,3420.1911,570.03185,2025-01-26T23:10:00,2025-01-26 00:00:00,2025-01-26 00:00:00,2025-01-26T23:10:00,2025-01-26T23:10:00,0.4248,606.3471333333333,0.0,26.855753333333308,633.2028866666666,0.0,0,0.8,1200.0,1200.0,633.2028866666666,0.0,0.0,1200.0,1200.0,0.0,0.0,0.0,0.0,736.8289633333333,0.0,0.0,0.0,1200.0,1200.0,268.984586256,1565.02471812,1834.009304376
2025-01-26,140,8359.2156,2025-01-26T23:20:00,2025-01-26T23:10:00,23:20:00,27,EK,0.0,23:20:00,27,EK,0.4134,23:20:00,27,EK,0.424,1393.2026,0.0,3559.2156,593.2026,2025-01-26T23:20:00,2025-01-26 00:00:00,2025-01-26 00:00:00,2025-01-26T23:20:00,2025-01-26T23:20:00,0.424,592.0573833333334,0.0,26.855753333333308,618.9131366666667,0.0,0,0.8,1200.0,1200.0,618.9131366666667,0.0,0.0,1200.0,1200.0,0.0,0.0,0.0,0.0,774.2894633333334,0.0,0.0,0.0,1200.0,1200.0,262.41916994666667,1641.493662266667,1903.9128322133336
2025-01-26,141,8516.630000000001,2025-01-26T23:30:00,2025-01-26T23:20:00,23:30:00,27,EL,0.0,23:30:00,27,EL,0.4125,23:30:00,27,EL,0.422,1419.4383333333335,0.0,3716.63,619.4383333333334,2025-01-26T23:30:00,2025-01-26 00:00:00,2025-01-26 00:00:00,2025-01-26T23:30:00,2025-01-26T23:30:00,0.422,570.415,0.0,26.855753333333308,597.2707533333332,0.0,0,0.8,1200.0,1200.0,597.2707533333332,0.0,0.0,1200.0,1200.0,0.0,0.0,0.0,0.0,822.1675800000003,0.0,0.0,0.0,1200.0,1200.0,252.0482579066666,1734.7735938000005,1986.821851706667
2025-01-26,142,8354.2886,2025-01-26T23:40:00,2025-01-26T23:30:00,23:40:00,27,EM,0.0,23:40:00,27,EM,0.4408,23:40:00,27,EM,0.424,1392.3814333333335,0.0,3554.2886,592.3814333333333,2025-01-26T23:40:00,2025-01-26 00:00:00,2025-01-26 00:00:00,2025-01-26T23:40:00,2025-01-26T23:40:00,0.424,554.35235,0.0,26.855753333333308,581.2081033333333,0.0,0,0.8,1200.0,1200.0,581.2081033333333,0.0,0.0,1200.0,1200.0,0.0,0.0,0.0,0.0,811.1733300000002,0.0,0.0,0.0,1200.0,1200.0,246.4322358133333,1719.6874596000005,1966.1196954133338
2025-01-26,143,8366.399800000001,2025-01-26T23:50:00,2025-01-26T23:40:00,23:50:00,27,EN,0.0,23:50:00,27,EN,0.4878,23:50:00,27,EN,0.4271,1394.3999666666668,0.0,3566.3998,594.3999666666667,2025-01-26T23:50:00,2025-01-26 00:00:00,2025-01-26 00:00:00,2025-01-26T23:50:00,2025-01-26T23:50:00,0.4271,574.2431666666666,0.0,26.855753333333308,601.0989199999999,0.0,0,0.8,1200.0,1200.0,601.0989199999999,0.0,0.0,1200.0,1200.0,0.0,0.0,0.0,0.0,793.3010466666669,0.0,0.0,0.0,1200.0,1200.0,256.72934873199995,1694.0943851566672,1950.823733888667
2025-01-26,144,8522.21,2025-01-27T00:00:00,2025-01-26T23:50:00,0:00+1,27,EO,0.0,0:00+1,27,EO,0.5059,0:00+1,27,EO,0.4276,1420.3683333333333,0.0,3722.21,620.3683333333333,2025-01-27T00:00:00,2025-01-26 00:00:00,2025-01-26 00:00:00,2025-01-27T00:00:00,2025-01-27T00:00:00,0.4276,609.115,0.0,26.855753333333308,635.9707533333333,0.0,0,0.8,1200.0,1200.0,635.9707533333333,0.0,0.0,1200.0,1200.0,0.0,0.0,0.0,0.0,784.3975800000001,0.0,0.0,0.0,1200.0,1200.0,271.9410941253333,1677.04202604,1948.9831201653333
